event_id,shipment_id,event_type,cause,severity,timestamp,duration_hours
1,1,supplier_failure,capacity_shortage,high,2024-05-23 19:40:02,39.41
2,1,port_congestion,equipment_failure,high,2024-05-24 13:17:48,43.06
3,2,port_congestion,equipment_failure,high,2025-11-13 20:33:07,19.87
4,3,transport_delay,border_delay,high,2025-02-14 06:05:06,31.67
5,3,transport_delay,road_closure,high,2025-02-15 01:22:13,64.81
6,3,transport_delay,border_delay,high,2025-02-15 12:02:03,84.75
7,4,transport_delay,road_closure,high,2023-04-19 08:43:09,26.2
8,4,supplier_failure,production_halt,high,2023-04-21 20:40:09,40.35
9,5,transport_delay,vehicle_breakdown,low,2023-02-13 04:02:34,2.15
10,7,weather_disruption,hurricane,high,2023-07-26 00:47:19,40.98
11,7,port_congestion,labor_strike,high,2023-07-27 18:43:46,21.24
12,10,transport_delay,road_closure,high,2024-06-24 23:25:15,12.18
13,10,weather_disruption,fog,high,2024-06-25 12:16:40,29.16
14,10,weather_disruption,blizzard,high,2024-06-27 11:13:15,21.64
15,10,port_congestion,equipment_failure,high,2024-06-27 22:36:34,4.95
16,10,weather_disruption,blizzard,high,2024-06-29 00:12:33,38.51
17,10,weather_disruption,flooding,high,2024-07-01 06:59:07,106.09
18,12,weather_disruption,fog,medium,2023-11-21 15:55:13,20.36
19,12,supplier_failure,production_halt,medium,2023-11-22 04:27:11,4.46
20,17,port_congestion,labor_strike,low,2025-03-28 00:41:37,5.76
21,17,port_congestion,high_demand,low,2025-03-28 00:42:39,3.57
22,17,transport_delay,fuel_shortage,low,2025-03-28 08:49:15,6.17
23,17,port_congestion,high_demand,low,2025-03-28 10:59:27,3.72
24,18,supplier_failure,quality_issue,medium,2025-05-17 17:49:38,10.06
25,21,weather_disruption,severe_storm,medium,2023-02-07 08:54:26,6.13
26,21,weather_disruption,flooding,medium,2023-02-07 12:24:08,12.86
27,24,transport_delay,vehicle_breakdown,medium,2023-12-12 02:07:19,15.89
28,25,port_congestion,labor_strike,medium,2023-07-01 12:51:17,10.47
29,25,transport_delay,vehicle_breakdown,medium,2023-07-02 04:07:05,19.42
30,28,weather_disruption,blizzard,medium,2024-09-28 02:56:07,11.67
31,28,port_congestion,high_demand,medium,2024-09-28 08:29:28,18.88
32,35,transport_delay,fuel_shortage,high,2024-12-08 02:35:46,21.13
33,35,port_congestion,labor_strike,high,2024-12-10 00:21:28,47.5
34,35,transport_delay,fuel_shortage,high,2024-12-11 18:09:26,64.67
35,39,transport_delay,border_delay,medium,2025-07-13 04:42:57,7.75
36,40,supplier_failure,bankruptcy,high,2025-03-13 00:46:44,41.68
37,42,supplier_failure,capacity_shortage,medium,2023-05-09 06:40:35,10.29
38,42,weather_disruption,severe_storm,medium,2023-05-09 18:06:13,4.6
39,42,transport_delay,fuel_shortage,medium,2023-05-10 11:34:43,6.74
40,46,port_congestion,high_demand,medium,2024-11-29 09:10:55,30.04
41,47,transport_delay,road_closure,high,2023-06-17 04:15:52,18.1
42,47,transport_delay,border_delay,high,2023-06-17 12:18:27,40.82
43,47,supplier_failure,production_halt,high,2023-06-17 12:42:06,200.0
44,47,transport_delay,road_closure,high,2023-06-20 05:57:26,37.46
45,47,supplier_failure,quality_issue,high,2023-06-21 06:37:59,46.26
46,49,port_congestion,inspection_backlog,high,2025-11-27 10:50:34,48.97
47,52,port_congestion,labor_strike,low,2024-03-17 08:22:56,9.76
48,53,port_congestion,inspection_backlog,low,2023-05-28 06:19:13,1.81
49,54,transport_delay,vehicle_breakdown,low,2023-05-09 01:43:00,3.45
50,56,supplier_failure,capacity_shortage,low,2023-07-22 03:47:54,4.46
51,56,weather_disruption,severe_storm,low,2023-07-22 04:18:19,2.88
52,56,transport_delay,road_closure,low,2023-07-22 05:41:24,5.75
53,57,port_congestion,labor_strike,low,2025-03-30 05:03:17,4.48
54,57,supplier_failure,quality_issue,low,2025-03-30 11:34:34,2.78
55,57,supplier_failure,production_halt,low,2025-03-30 14:49:35,3.03
56,59,port_congestion,high_demand,medium,2024-10-23 06:02:24,7.06
57,59,weather_disruption,blizzard,medium,2024-10-23 06:31:11,17.04
58,59,port_congestion,inspection_backlog,medium,2024-10-23 06:42:57,12.99
59,59,weather_disruption,severe_storm,medium,2024-10-23 10:30:01,18.87
60,59,transport_delay,vehicle_breakdown,medium,2024-10-23 17:15:44,12.13
61,60,transport_delay,fuel_shortage,high,2023-10-28 13:29:20,34.82
62,60,transport_delay,fuel_shortage,high,2023-10-31 03:01:41,99.0
63,60,supplier_failure,bankruptcy,high,2023-10-31 19:00:32,54.82
64,61,transport_delay,fuel_shortage,medium,2023-10-21 08:11:29,6.95
65,63,weather_disruption,fog,high,2024-05-18 11:31:52,27.52
66,67,transport_delay,border_delay,medium,2023-04-07 15:08:34,5.87
67,68,supplier_failure,quality_issue,medium,2024-07-01 22:30:52,5.75
68,69,transport_delay,border_delay,medium,2023-07-29 19:13:07,5.41
69,70,transport_delay,border_delay,low,2023-08-21 15:49:13,2.13
70,71,transport_delay,road_closure,medium,2025-09-03 08:16:58,3.65
71,72,port_congestion,inspection_backlog,medium,2023-03-16 04:08:01,11.77
72,74,supplier_failure,capacity_shortage,medium,2024-11-18 14:35:12,22.78
73,75,weather_disruption,blizzard,high,2023-08-27 18:06:10,9.89
74,75,transport_delay,border_delay,high,2023-08-28 00:15:15,49.74
75,75,weather_disruption,fog,high,2023-08-28 01:36:10,119.91
76,75,port_congestion,equipment_failure,high,2023-08-28 16:38:40,113.55
77,75,weather_disruption,flooding,high,2023-08-31 12:48:51,23.04
78,77,transport_delay,border_delay,low,2024-03-09 08:37:15,1.74
79,78,supplier_failure,quality_issue,medium,2025-01-06 09:06:31,8.09
80,80,transport_delay,border_delay,high,2024-10-01 08:30:39,12.95
81,82,transport_delay,border_delay,medium,2024-03-28 00:54:36,12.66
82,83,port_congestion,high_demand,low,2024-11-02 00:09:28,6.41
83,83,transport_delay,border_delay,low,2024-11-02 04:48:33,2.66
84,84,port_congestion,labor_strike,low,2024-02-24 02:56:48,5.73
85,85,port_congestion,high_demand,medium,2023-11-28 08:26:26,12.59
86,88,transport_delay,vehicle_breakdown,medium,2023-03-19 10:08:37,8.04
87,92,transport_delay,fuel_shortage,medium,2025-11-20 19:33:55,25.14
88,93,supplier_failure,capacity_shortage,medium,2023-01-06 18:28:41,12.3
89,93,transport_delay,fuel_shortage,medium,2023-01-07 03:38:57,19.36
90,93,transport_delay,fuel_shortage,medium,2023-01-07 18:41:33,6.44
91,97,port_congestion,high_demand,low,2024-05-17 22:08:56,5.59
92,100,transport_delay,border_delay,medium,2023-11-01 18:03:11,4.59
93,101,port_congestion,high_demand,high,2025-05-01 08:31:03,32.26
94,102,weather_disruption,fog,medium,2024-07-23 12:06:11,18.19
95,103,transport_delay,fuel_shortage,medium,2024-03-04 11:01:54,13.4
96,104,transport_delay,road_closure,high,2023-03-01 08:10:00,32.4
97,104,port_congestion,high_demand,high,2023-03-01 09:45:38,12.23
98,104,port_congestion,high_demand,high,2023-03-03 01:23:48,51.3
99,104,transport_delay,vehicle_breakdown,high,2023-03-03 12:15:32,50.24
100,108,transport_delay,fuel_shortage,medium,2024-09-30 09:47:37,14.6
101,108,transport_delay,fuel_shortage,medium,2024-10-01 02:14:01,15.75
102,113,weather_disruption,flooding,medium,2025-09-05 17:45:12,45.75
103,116,supplier_failure,production_halt,medium,2024-05-14 15:28:19,4.23
104,117,transport_delay,vehicle_breakdown,low,2024-09-29 06:30:54,2.3
105,118,supplier_failure,quality_issue,medium,2025-07-24 03:16:55,7.84
106,121,transport_delay,road_closure,high,2023-05-30 08:30:13,48.03
107,121,port_congestion,inspection_backlog,high,2023-05-31 02:17:06,13.85
108,123,port_congestion,labor_strike,medium,2024-09-28 00:12:40,13.7
109,125,transport_delay,vehicle_breakdown,high,2023-05-27 06:23:59,35.72
110,125,transport_delay,fuel_shortage,high,2023-05-30 18:28:19,36.63
111,129,port_congestion,equipment_failure,medium,2023-03-26 00:54:46,7.28
112,129,supplier_failure,quality_issue,medium,2023-03-26 14:39:19,11.12
113,130,supplier_failure,capacity_shortage,high,2023-12-18 10:45:36,50.85
114,130,transport_delay,fuel_shortage,high,2023-12-19 10:06:04,36.12
115,131,transport_delay,border_delay,low,2024-04-18 02:57:54,9.0
116,132,transport_delay,fuel_shortage,medium,2023-03-18 04:43:41,14.47
117,132,transport_delay,border_delay,medium,2023-03-18 10:47:02,8.43
118,134,transport_delay,road_closure,medium,2024-05-12 08:14:05,2.8
119,136,transport_delay,vehicle_breakdown,medium,2023-11-30 01:51:02,6.65
120,137,transport_delay,border_delay,medium,2024-05-11 04:39:41,20.28
121,137,port_congestion,labor_strike,medium,2024-05-11 07:03:30,35.29
122,137,port_congestion,inspection_backlog,medium,2024-05-12 03:34:01,12.3
123,138,port_congestion,inspection_backlog,low,2023-06-02 14:39:18,8.03
124,139,transport_delay,road_closure,high,2024-03-23 03:56:07,22.14
125,139,port_congestion,high_demand,high,2024-03-24 16:32:38,13.47
126,139,supplier_failure,capacity_shortage,high,2024-03-26 06:53:49,25.46
127,143,port_congestion,equipment_failure,high,2024-03-28 12:19:18,37.07
128,143,transport_delay,vehicle_breakdown,high,2024-03-28 14:06:13,15.04
129,143,supplier_failure,bankruptcy,high,2024-03-28 23:55:54,48.81
130,143,transport_delay,fuel_shortage,high,2024-03-29 18:12:29,66.14
131,144,transport_delay,border_delay,high,2024-12-26 10:00:38,44.86
132,144,supplier_failure,bankruptcy,high,2024-12-27 14:50:01,30.7
133,144,port_congestion,high_demand,high,2024-12-27 22:52:13,44.5
134,145,port_congestion,labor_strike,high,2023-07-16 13:47:25,17.99
135,145,transport_delay,vehicle_breakdown,high,2023-07-17 10:36:51,71.12
136,145,transport_delay,road_closure,high,2023-07-19 06:39:07,86.54
137,146,transport_delay,vehicle_breakdown,medium,2025-11-14 01:41:56,7.69
138,146,transport_delay,vehicle_breakdown,medium,2025-11-14 05:01:21,21.62
139,146,transport_delay,border_delay,medium,2025-11-15 08:21:51,16.55
140,147,weather_disruption,hurricane,medium,2024-05-11 19:38:04,28.85
141,149,port_congestion,high_demand,low,2025-01-18 03:24:32,5.31
142,150,transport_delay,vehicle_breakdown,medium,2025-03-16 07:13:18,10.18
143,151,port_congestion,equipment_failure,high,2024-07-08 09:34:34,24.18
144,151,weather_disruption,blizzard,high,2024-07-08 20:22:20,58.4
145,152,port_congestion,equipment_failure,high,2023-06-07 08:19:37,48.56
146,155,supplier_failure,bankruptcy,medium,2024-07-02 02:24:23,16.42
147,156,weather_disruption,flooding,low,2024-08-10 12:52:05,7.05
148,158,transport_delay,road_closure,medium,2024-07-30 01:36:20,6.66
149,159,weather_disruption,severe_storm,medium,2023-06-05 20:06:57,28.16
150,160,transport_delay,vehicle_breakdown,medium,2025-04-22 16:46:31,22.94
151,167,port_congestion,high_demand,medium,2023-04-02 00:30:55,8.71
152,167,supplier_failure,bankruptcy,medium,2023-04-02 02:40:35,37.87
153,167,port_congestion,inspection_backlog,medium,2023-04-02 14:08:20,15.05
154,167,weather_disruption,severe_storm,medium,2023-04-02 22:19:04,4.21
155,167,weather_disruption,fog,medium,2023-04-03 13:10:56,9.41
156,168,supplier_failure,capacity_shortage,low,2023-06-29 22:41:52,5.71
157,170,weather_disruption,blizzard,low,2024-08-08 05:58:35,1.52
158,172,port_congestion,labor_strike,high,2023-05-20 06:51:01,40.99
159,172,weather_disruption,blizzard,high,2023-05-21 04:03:48,47.9
160,172,weather_disruption,blizzard,high,2023-05-23 15:08:06,41.48
161,174,weather_disruption,flooding,low,2025-03-31 05:28:15,6.09
162,175,weather_disruption,flooding,medium,2023-05-01 22:23:39,13.47
163,177,transport_delay,road_closure,medium,2023-10-21 11:24:28,18.26
164,179,supplier_failure,quality_issue,low,2025-01-30 05:59:03,2.97
165,181,port_congestion,inspection_backlog,medium,2023-05-22 05:21:22,21.36
166,182,transport_delay,border_delay,medium,2025-09-16 15:13:04,7.39
167,188,supplier_failure,bankruptcy,high,2023-05-06 14:22:00,42.97
168,189,transport_delay,border_delay,medium,2023-04-13 21:27:37,25.78
169,189,port_congestion,equipment_failure,medium,2023-04-14 10:45:40,39.33
170,190,transport_delay,road_closure,medium,2023-06-04 03:00:26,4.92
171,190,transport_delay,border_delay,medium,2023-06-04 16:11:35,12.28
172,191,transport_delay,vehicle_breakdown,medium,2024-07-11 18:45:26,21.88
173,191,transport_delay,border_delay,medium,2024-07-11 20:21:11,32.23
174,191,port_congestion,inspection_backlog,medium,2024-07-12 11:50:00,23.99
175,193,transport_delay,vehicle_breakdown,high,2024-10-03 12:07:33,25.01
176,193,port_congestion,equipment_failure,high,2024-10-04 17:57:09,29.4
177,197,port_congestion,inspection_backlog,medium,2024-07-15 23:56:24,4.53
178,199,transport_delay,border_delay,medium,2024-02-13 12:28:14,8.96
179,199,supplier_failure,bankruptcy,medium,2024-02-14 06:02:01,28.67
180,199,transport_delay,border_delay,medium,2024-02-14 11:26:26,9.95
181,201,transport_delay,fuel_shortage,medium,2024-12-26 02:12:24,17.38
182,201,port_congestion,equipment_failure,medium,2024-12-26 05:22:10,18.03
183,202,supplier_failure,production_halt,low,2023-09-19 02:35:39,1.97
184,203,supplier_failure,capacity_shortage,medium,2024-09-03 19:42:26,16.46
185,203,transport_delay,border_delay,medium,2024-09-04 21:09:38,19.32
186,207,transport_delay,vehicle_breakdown,low,2024-05-21 09:04:57,2.49
187,210,transport_delay,road_closure,medium,2024-03-05 00:00:46,12.9
188,215,transport_delay,border_delay,low,2023-08-01 05:32:20,4.81
189,215,transport_delay,vehicle_breakdown,low,2023-08-01 06:21:53,4.21
190,216,weather_disruption,hurricane,medium,2024-11-04 08:01:08,20.1
191,216,weather_disruption,flooding,medium,2024-11-04 19:00:08,11.11
192,216,weather_disruption,hurricane,medium,2024-11-05 04:14:35,11.63
193,219,weather_disruption,flooding,high,2024-03-08 10:57:12,19.05
194,226,port_congestion,inspection_backlog,high,2025-02-03 06:30:28,51.19
195,226,transport_delay,fuel_shortage,high,2025-02-03 09:08:00,20.04
196,226,port_congestion,inspection_backlog,high,2025-02-05 02:51:30,32.15
197,228,port_congestion,inspection_backlog,medium,2024-12-07 13:19:06,18.81
198,229,supplier_failure,capacity_shortage,high,2024-08-16 22:23:26,41.02
199,231,weather_disruption,fog,low,2024-05-30 02:58:02,7.29
200,232,supplier_failure,quality_issue,high,2024-08-03 02:31:34,39.96
201,232,transport_delay,vehicle_breakdown,high,2024-08-03 17:52:07,51.32
202,233,weather_disruption,blizzard,medium,2023-09-07 04:31:44,14.89
203,233,transport_delay,vehicle_breakdown,medium,2023-09-07 05:28:07,12.68
204,233,transport_delay,border_delay,medium,2023-09-07 17:47:55,27.93
205,235,port_congestion,equipment_failure,low,2024-06-01 09:14:25,5.59
206,240,supplier_failure,production_halt,medium,2024-03-02 01:54:30,11.01
207,241,supplier_failure,bankruptcy,medium,2024-08-11 15:37:31,16.81
208,242,weather_disruption,blizzard,high,2024-06-05 19:50:51,35.51
209,242,transport_delay,road_closure,high,2024-06-06 02:44:06,25.42
210,242,port_congestion,high_demand,high,2024-06-07 01:24:10,52.71
211,242,supplier_failure,bankruptcy,high,2024-06-08 00:47:52,75.74
212,242,weather_disruption,hurricane,high,2024-06-08 11:47:10,23.52
213,244,transport_delay,border_delay,medium,2023-04-13 00:10:13,6.49
214,245,transport_delay,fuel_shortage,high,2025-11-06 23:06:10,33.12
215,245,port_congestion,labor_strike,high,2025-11-09 12:36:31,49.3
216,247,transport_delay,road_closure,high,2023-12-09 00:56:02,30.4
217,248,weather_disruption,flooding,medium,2023-05-09 04:06:45,3.88
218,250,weather_disruption,flooding,medium,2023-06-30 14:21:32,3.6
219,252,port_congestion,high_demand,medium,2025-11-30 06:16:18,7.02
220,252,supplier_failure,quality_issue,medium,2025-11-30 16:35:27,6.28
221,252,port_congestion,high_demand,medium,2025-12-01 00:23:40,10.56
222,255,port_congestion,equipment_failure,high,2024-09-28 13:12:26,15.89
223,256,port_congestion,labor_strike,high,2025-07-19 01:48:18,26.39
224,257,port_congestion,high_demand,medium,2025-09-08 05:48:44,5.88
225,259,port_congestion,inspection_backlog,medium,2024-11-21 01:47:53,16.74
226,260,transport_delay,road_closure,high,2025-02-07 14:21:38,12.63
227,260,port_congestion,inspection_backlog,high,2025-02-08 08:39:48,30.31
228,260,port_congestion,high_demand,high,2025-02-09 04:09:03,39.99
229,260,weather_disruption,fog,high,2025-02-13 12:26:57,54.94
230,260,supplier_failure,production_halt,high,2025-02-13 14:47:54,57.3
231,260,transport_delay,fuel_shortage,high,2025-02-15 15:39:13,25.14
232,260,transport_delay,road_closure,high,2025-02-16 08:21:04,38.22
233,261,transport_delay,fuel_shortage,low,2025-05-21 07:25:44,3.39
234,261,transport_delay,vehicle_breakdown,low,2025-05-21 15:33:28,1.62
235,262,supplier_failure,bankruptcy,medium,2024-04-05 12:57:06,48.11
236,262,transport_delay,road_closure,medium,2024-04-06 02:26:38,16.66
237,264,port_congestion,high_demand,medium,2025-06-03 00:18:26,13.79
238,265,port_congestion,equipment_failure,low,2023-11-14 18:12:42,4.94
239,266,port_congestion,inspection_backlog,high,2025-06-02 23:00:47,19.36
240,266,port_congestion,labor_strike,high,2025-06-04 12:47:25,12.77
241,268,port_congestion,high_demand,medium,2023-07-18 00:57:07,8.32
242,268,supplier_failure,production_halt,medium,2023-07-18 11:29:55,9.28
243,268,transport_delay,road_closure,medium,2023-07-18 21:21:34,6.5
244,269,transport_delay,vehicle_breakdown,low,2024-02-12 00:01:59,2.72
245,269,weather_disruption,blizzard,low,2024-02-12 00:46:44,8.32
246,270,weather_disruption,fog,low,2023-10-17 02:19:18,9.23
247,272,transport_delay,vehicle_breakdown,medium,2024-04-23 07:31:40,40.44
248,275,supplier_failure,production_halt,high,2023-01-11 20:01:07,21.46
249,275,transport_delay,fuel_shortage,high,2023-01-13 08:12:32,37.13
250,275,port_congestion,high_demand,high,2023-01-13 13:21:02,48.01
251,277,port_congestion,high_demand,low,2024-10-04 02:27:03,1.18
252,279,weather_disruption,blizzard,high,2025-08-25 00:08:45,37.9
253,279,transport_delay,road_closure,high,2025-08-25 01:21:03,11.39
254,279,transport_delay,vehicle_breakdown,high,2025-08-25 19:45:42,18.38
255,279,transport_delay,road_closure,high,2025-08-29 22:41:11,52.24
256,280,port_congestion,high_demand,medium,2024-01-09 11:29:17,10.02
257,281,transport_delay,road_closure,high,2024-08-19 06:11:55,19.39
258,281,transport_delay,road_closure,high,2024-08-28 09:57:50,51.4
259,281,transport_delay,fuel_shortage,high,2024-08-31 19:35:45,46.42
260,281,transport_delay,fuel_shortage,high,2024-09-01 06:34:04,34.28
261,282,port_congestion,high_demand,medium,2024-11-26 05:55:20,13.5
262,285,weather_disruption,blizzard,low,2024-09-20 06:21:41,4.6
263,286,port_congestion,inspection_backlog,medium,2024-12-29 01:09:45,17.61
264,286,transport_delay,vehicle_breakdown,medium,2024-12-29 03:01:17,26.12
265,286,port_congestion,labor_strike,medium,2024-12-29 06:48:55,11.62
266,287,transport_delay,border_delay,medium,2023-08-08 19:31:34,8.1
267,287,transport_delay,vehicle_breakdown,medium,2023-08-09 11:40:10,13.96
268,287,port_congestion,inspection_backlog,medium,2023-08-09 16:17:07,7.38
269,287,transport_delay,road_closure,medium,2023-08-09 23:36:25,14.62
270,288,port_congestion,inspection_backlog,medium,2023-08-12 06:31:20,9.5
271,288,supplier_failure,capacity_shortage,medium,2023-08-12 07:30:12,9.27
272,290,transport_delay,vehicle_breakdown,high,2024-08-26 07:10:31,36.88
273,293,weather_disruption,severe_storm,high,2024-09-17 18:29:29,20.11
274,295,transport_delay,fuel_shortage,medium,2025-02-04 01:06:43,20.28
275,295,supplier_failure,quality_issue,medium,2025-02-04 18:44:13,14.26
276,296,supplier_failure,quality_issue,high,2025-09-11 03:49:13,37.13
277,296,transport_delay,border_delay,high,2025-09-11 13:48:05,24.55
278,296,supplier_failure,quality_issue,high,2025-09-12 13:21:24,37.67
279,296,port_congestion,inspection_backlog,high,2025-09-12 16:03:44,14.34
280,297,transport_delay,fuel_shortage,low,2024-12-18 06:16:30,2.92
281,298,supplier_failure,bankruptcy,high,2024-07-11 00:56:02,39.97
282,298,weather_disruption,hurricane,high,2024-07-11 03:44:13,22.98
283,298,port_congestion,labor_strike,high,2024-07-11 14:22:09,19.23
284,298,port_congestion,inspection_backlog,high,2024-07-11 19:15:44,34.62
285,298,port_congestion,labor_strike,high,2024-07-11 19:53:19,97.23
286,298,transport_delay,road_closure,high,2024-07-12 00:23:35,16.91
287,298,transport_delay,road_closure,high,2024-07-12 10:28:20,18.77
288,298,transport_delay,fuel_shortage,high,2024-07-13 02:44:35,28.94
289,298,weather_disruption,hurricane,high,2024-07-14 21:27:44,82.9
290,298,transport_delay,fuel_shortage,high,2024-07-15 09:14:39,12.4
291,298,transport_delay,border_delay,high,2024-07-15 17:21:11,29.65
292,298,weather_disruption,blizzard,high,2024-07-16 19:05:58,45.04
293,299,port_congestion,labor_strike,high,2024-08-13 23:55:28,9.09
294,299,weather_disruption,hurricane,high,2024-08-14 23:42:03,37.22
295,300,port_congestion,labor_strike,high,2024-02-16 05:35:32,13.69
296,300,supplier_failure,bankruptcy,high,2024-02-18 07:29:17,24.32
297,301,transport_delay,road_closure,medium,2024-03-21 18:51:26,20.64
298,302,supplier_failure,quality_issue,high,2024-12-31 11:55:19,92.0
299,305,port_congestion,high_demand,medium,2025-09-27 10:29:13,7.89
300,307,port_congestion,inspection_backlog,medium,2024-07-30 21:31:19,9.94
301,309,transport_delay,fuel_shortage,high,2024-01-07 00:16:42,14.32
302,309,transport_delay,vehicle_breakdown,high,2024-01-08 03:54:34,78.2
303,310,port_congestion,labor_strike,medium,2025-03-04 21:38:29,19.16
304,312,weather_disruption,flooding,medium,2024-06-06 08:11:30,8.4
305,312,weather_disruption,blizzard,medium,2024-06-06 22:00:50,6.1
306,312,transport_delay,vehicle_breakdown,medium,2024-06-07 04:15:34,18.24
307,314,port_congestion,high_demand,medium,2023-10-23 07:11:01,13.4
308,314,transport_delay,vehicle_breakdown,medium,2023-10-23 08:06:09,9.33
309,314,port_congestion,equipment_failure,medium,2023-10-23 23:31:58,19.24
310,316,supplier_failure,production_halt,medium,2025-02-09 18:26:36,21.35
311,320,supplier_failure,bankruptcy,medium,2025-06-24 04:36:53,3.69
312,320,supplier_failure,bankruptcy,medium,2025-06-25 13:15:02,12.92
313,321,port_congestion,equipment_failure,medium,2024-02-04 20:44:23,19.64
314,321,transport_delay,road_closure,medium,2024-02-05 22:48:02,28.4
315,322,transport_delay,vehicle_breakdown,medium,2025-07-14 02:39:24,6.45
316,323,transport_delay,road_closure,medium,2024-06-16 01:52:49,8.16
317,327,port_congestion,equipment_failure,medium,2024-02-23 13:41:38,19.55
318,327,port_congestion,high_demand,medium,2024-02-23 20:24:43,7.97
319,327,weather_disruption,flooding,medium,2024-02-24 20:54:19,11.44
320,327,port_congestion,equipment_failure,medium,2024-02-25 03:07:00,10.56
321,327,transport_delay,border_delay,medium,2024-02-25 14:10:14,20.19
322,328,port_congestion,equipment_failure,high,2023-07-06 17:19:42,30.07
323,329,port_congestion,labor_strike,high,2024-06-19 13:00:00,47.28
324,329,port_congestion,equipment_failure,high,2024-06-22 07:16:11,105.83
325,330,weather_disruption,fog,medium,2025-06-24 00:42:06,9.09
326,331,transport_delay,border_delay,medium,2024-09-07 07:18:35,15.0
327,334,supplier_failure,bankruptcy,high,2024-03-17 05:29:59,26.26
328,334,port_congestion,high_demand,high,2024-03-21 19:49:39,12.68
329,336,supplier_failure,quality_issue,high,2024-07-23 11:58:26,53.41
330,336,weather_disruption,fog,high,2024-07-23 15:02:43,23.53
331,336,weather_disruption,severe_storm,high,2024-07-25 10:25:43,44.05
332,338,port_congestion,inspection_backlog,medium,2024-03-21 08:38:00,12.29
333,338,port_congestion,equipment_failure,medium,2024-03-22 06:11:12,17.5
334,338,transport_delay,fuel_shortage,medium,2024-03-22 19:45:12,16.53
335,339,port_congestion,inspection_backlog,medium,2024-09-12 03:02:01,19.74
336,341,transport_delay,road_closure,high,2025-06-07 00:36:31,24.78
337,341,port_congestion,equipment_failure,high,2025-06-11 10:47:09,44.25
338,341,supplier_failure,quality_issue,high,2025-06-11 13:46:23,9.34
339,341,transport_delay,border_delay,high,2025-06-12 23:12:04,22.14
340,341,transport_delay,fuel_shortage,high,2025-06-15 03:31:13,47.54
341,341,transport_delay,road_closure,high,2025-06-15 19:56:52,23.63
342,341,supplier_failure,quality_issue,high,2025-06-16 07:30:20,98.73
343,342,transport_delay,road_closure,medium,2023-06-08 03:11:53,9.29
344,342,port_congestion,high_demand,medium,2023-06-08 09:40:36,15.16
345,342,supplier_failure,production_halt,medium,2023-06-08 10:03:56,7.61
346,343,transport_delay,fuel_shortage,medium,2023-04-16 00:29:23,24.04
347,344,supplier_failure,production_halt,medium,2023-11-19 03:19:18,46.18
348,344,transport_delay,road_closure,medium,2023-11-19 12:48:16,5.79
349,344,weather_disruption,flooding,medium,2023-11-21 01:29:45,5.28
350,346,transport_delay,fuel_shortage,low,2025-03-22 07:29:07,5.26
351,347,port_congestion,high_demand,low,2024-04-28 01:48:08,9.23
352,347,weather_disruption,flooding,low,2024-04-28 09:00:31,1.77
353,348,transport_delay,fuel_shortage,medium,2023-08-08 11:47:15,5.65
354,348,port_congestion,inspection_backlog,medium,2023-08-08 21:24:17,18.18
355,348,supplier_failure,capacity_shortage,medium,2023-08-09 14:32:24,6.31
356,351,supplier_failure,quality_issue,medium,2024-05-11 13:11:24,7.85
357,351,transport_delay,vehicle_breakdown,medium,2024-05-12 00:07:43,4.08
358,352,transport_delay,vehicle_breakdown,medium,2025-07-16 01:23:08,3.45
359,355,port_congestion,labor_strike,medium,2024-03-02 07:45:39,8.76
360,359,transport_delay,border_delay,medium,2024-10-31 03:32:02,13.48
361,361,weather_disruption,blizzard,medium,2024-09-10 05:23:15,24.41
362,363,transport_delay,fuel_shortage,high,2023-07-16 12:28:18,46.64
363,363,transport_delay,vehicle_breakdown,high,2023-07-20 01:43:56,28.34
364,363,transport_delay,border_delay,high,2023-07-22 07:57:18,13.66
365,363,transport_delay,road_closure,high,2023-07-22 15:53:59,30.3
366,366,transport_delay,vehicle_breakdown,medium,2023-12-11 02:06:11,4.67
367,366,port_congestion,inspection_backlog,medium,2023-12-12 10:03:01,30.29
368,368,transport_delay,fuel_shortage,medium,2024-08-20 14:12:10,21.93
369,369,transport_delay,road_closure,high,2023-03-20 20:52:00,22.34
370,369,port_congestion,inspection_backlog,high,2023-03-23 22:31:00,15.47
371,370,transport_delay,border_delay,medium,2024-09-19 01:10:05,8.34
372,370,transport_delay,fuel_shortage,medium,2024-09-19 10:14:27,5.0
373,371,supplier_failure,quality_issue,medium,2024-05-11 16:24:19,13.58
374,372,port_congestion,inspection_backlog,high,2024-09-04 16:22:23,86.83
375,372,weather_disruption,hurricane,high,2024-09-06 21:21:32,116.2
376,374,supplier_failure,bankruptcy,medium,2025-08-11 17:01:08,16.26
377,374,weather_disruption,blizzard,medium,2025-08-11 18:42:11,13.18
378,375,port_congestion,labor_strike,medium,2025-07-09 00:06:36,11.46
379,375,port_congestion,high_demand,medium,2025-07-10 02:25:13,32.02
380,375,port_congestion,labor_strike,medium,2025-07-10 04:47:17,14.8
381,378,port_congestion,labor_strike,high,2024-11-02 11:07:25,17.84
382,378,supplier_failure,bankruptcy,high,2024-11-02 15:50:31,25.76
383,378,transport_delay,road_closure,high,2024-11-03 08:06:44,23.23
384,378,supplier_failure,quality_issue,high,2024-11-04 05:14:39,29.16
385,378,transport_delay,border_delay,high,2024-11-04 22:39:44,75.48
386,378,transport_delay,border_delay,high,2024-11-06 01:17:11,55.41
387,378,supplier_failure,quality_issue,high,2024-11-06 14:54:45,41.26
388,379,weather_disruption,blizzard,high,2023-09-30 00:55:57,15.93
389,379,weather_disruption,hurricane,high,2023-10-03 14:04:04,31.15
390,379,weather_disruption,flooding,high,2023-10-04 02:32:47,18.33
391,379,supplier_failure,bankruptcy,high,2023-10-04 12:33:06,43.43
392,379,transport_delay,fuel_shortage,high,2023-10-04 21:10:09,34.48
393,380,supplier_failure,quality_issue,high,2023-03-23 03:15:13,41.22
394,381,supplier_failure,bankruptcy,medium,2023-06-24 22:56:15,10.87
395,383,supplier_failure,capacity_shortage,medium,2024-12-27 10:58:00,13.93
396,383,transport_delay,vehicle_breakdown,medium,2024-12-28 07:46:25,11.64
397,386,port_congestion,labor_strike,medium,2024-10-04 13:15:08,15.33
398,388,port_congestion,inspection_backlog,low,2025-09-08 05:32:50,7.91
399,391,port_congestion,equipment_failure,medium,2024-05-07 21:49:23,18.4
400,394,transport_delay,fuel_shortage,low,2024-04-24 01:19:38,2.83
401,395,transport_delay,border_delay,medium,2025-04-12 13:23:13,9.27
402,401,transport_delay,fuel_shortage,high,2025-03-29 00:42:03,29.2
403,401,supplier_failure,quality_issue,high,2025-03-29 23:50:42,5.48
404,404,weather_disruption,blizzard,low,2024-11-29 02:59:31,2.63
405,405,supplier_failure,capacity_shortage,low,2024-09-10 05:37:57,3.58
406,406,supplier_failure,production_halt,low,2024-06-08 23:08:56,7.48
407,408,transport_delay,road_closure,low,2024-11-19 03:23:24,2.48
408,409,weather_disruption,blizzard,medium,2024-10-29 19:00:00,13.74
409,410,transport_delay,fuel_shortage,medium,2024-11-27 06:21:00,8.18
410,412,port_congestion,high_demand,medium,2025-09-29 16:09:39,6.26
411,412,transport_delay,road_closure,medium,2025-09-29 21:55:11,19.2
412,414,transport_delay,fuel_shortage,medium,2023-02-01 12:32:56,10.54
413,416,port_congestion,equipment_failure,high,2023-11-18 13:03:00,21.54
414,416,supplier_failure,production_halt,high,2023-11-21 16:29:23,21.16
415,416,transport_delay,border_delay,high,2023-11-22 18:43:07,12.23
416,416,weather_disruption,hurricane,high,2023-11-24 11:30:42,78.16
417,419,transport_delay,road_closure,medium,2025-03-29 16:52:30,13.87
418,419,transport_delay,fuel_shortage,medium,2025-03-29 19:13:21,9.28
419,419,transport_delay,vehicle_breakdown,medium,2025-03-29 23:32:51,16.11
420,419,weather_disruption,blizzard,medium,2025-03-30 08:11:34,12.83
421,419,transport_delay,border_delay,medium,2025-03-30 14:05:41,10.7
422,421,supplier_failure,quality_issue,medium,2023-02-11 14:17:57,38.02
423,422,supplier_failure,capacity_shortage,medium,2023-03-22 17:34:32,8.85
424,423,supplier_failure,capacity_shortage,medium,2023-06-08 09:36:57,15.67
425,424,supplier_failure,production_halt,medium,2023-12-31 09:54:56,12.49
426,426,transport_delay,road_closure,medium,2024-08-08 03:40:52,14.01
427,426,transport_delay,road_closure,medium,2024-08-08 17:56:16,12.5
428,428,weather_disruption,hurricane,medium,2024-06-30 16:01:54,13.21
429,429,transport_delay,road_closure,medium,2023-07-12 08:11:43,8.78
430,429,supplier_failure,capacity_shortage,medium,2023-07-12 08:15:11,13.42
431,429,transport_delay,fuel_shortage,medium,2023-07-12 13:27:58,24.6
432,430,transport_delay,fuel_shortage,high,2025-09-03 23:08:03,50.55
433,433,transport_delay,road_closure,low,2024-04-24 19:07:25,2.69
434,434,port_congestion,equipment_failure,low,2024-08-12 10:37:43,3.83
435,434,port_congestion,labor_strike,low,2024-08-12 14:48:33,8.24
436,435,port_congestion,high_demand,low,2025-05-24 06:47:58,6.3
437,436,supplier_failure,production_halt,medium,2023-07-22 01:33:47,6.57
438,438,weather_disruption,hurricane,medium,2024-06-07 01:39:38,19.39
439,439,transport_delay,fuel_shortage,medium,2023-11-21 16:12:58,8.48
440,440,weather_disruption,flooding,high,2025-08-07 05:58:53,58.51
441,443,port_congestion,labor_strike,medium,2025-02-22 05:37:39,9.08
442,444,port_congestion,inspection_backlog,medium,2024-01-07 07:49:49,14.9
443,444,weather_disruption,severe_storm,medium,2024-01-07 12:52:20,12.9
444,445,transport_delay,fuel_shortage,medium,2024-08-05 18:48:42,22.87
445,447,transport_delay,vehicle_breakdown,medium,2024-10-29 01:00:49,14.08
446,447,transport_delay,vehicle_breakdown,medium,2024-10-30 03:42:51,7.29
447,447,transport_delay,border_delay,medium,2024-10-31 11:57:01,29.96
448,452,supplier_failure,production_halt,medium,2025-01-06 13:33:08,12.87
449,452,supplier_failure,quality_issue,medium,2025-01-07 02:55:42,49.08
450,452,port_congestion,labor_strike,medium,2025-01-07 07:53:37,9.52
451,455,supplier_failure,capacity_shortage,medium,2024-03-08 20:32:57,7.88
452,456,transport_delay,road_closure,medium,2023-02-11 07:35:19,2.29
453,457,supplier_failure,capacity_shortage,medium,2025-03-21 22:19:25,7.05
454,459,port_congestion,labor_strike,medium,2023-09-09 22:46:21,32.73
455,461,transport_delay,vehicle_breakdown,high,2023-08-20 06:43:43,18.04
456,461,port_congestion,inspection_backlog,high,2023-08-20 16:15:22,43.35
457,461,port_congestion,inspection_backlog,high,2023-08-23 00:52:35,21.28
458,461,supplier_failure,capacity_shortage,high,2023-08-23 09:15:06,30.32
459,461,transport_delay,fuel_shortage,high,2023-08-23 17:05:05,8.26
460,461,supplier_failure,production_halt,high,2023-08-25 09:02:12,11.33
461,461,weather_disruption,flooding,high,2023-08-26 04:21:58,31.11
462,462,transport_delay,border_delay,medium,2025-11-26 00:56:50,3.51
463,463,transport_delay,border_delay,high,2024-04-04 03:51:03,8.13
464,463,transport_delay,road_closure,high,2024-04-06 22:27:58,25.68
465,463,transport_delay,border_delay,high,2024-04-07 13:13:24,40.88
466,463,transport_delay,vehicle_breakdown,high,2024-04-09 01:27:07,50.0
467,463,weather_disruption,flooding,high,2024-04-10 03:54:44,26.51
468,463,transport_delay,fuel_shortage,high,2024-04-10 04:11:10,32.54
469,463,transport_delay,road_closure,high,2024-04-10 16:55:16,99.2
470,463,weather_disruption,flooding,high,2024-04-11 11:25:52,29.86
471,464,supplier_failure,quality_issue,medium,2024-02-09 17:37:38,10.72
472,468,supplier_failure,quality_issue,low,2025-08-27 14:17:49,13.29
473,469,transport_delay,fuel_shortage,low,2024-09-18 02:59:41,4.11
474,470,port_congestion,equipment_failure,low,2024-12-29 01:43:26,6.82
475,470,supplier_failure,capacity_shortage,low,2024-12-29 03:59:17,4.03
476,477,port_congestion,high_demand,medium,2024-12-29 05:01:58,17.58
477,479,transport_delay,border_delay,medium,2025-03-05 06:14:17,13.56
478,479,supplier_failure,quality_issue,medium,2025-03-06 04:39:32,20.09
479,479,transport_delay,fuel_shortage,medium,2025-03-06 07:39:29,9.92
480,482,transport_delay,border_delay,high,2023-05-04 05:04:00,77.8
481,482,transport_delay,road_closure,high,2023-05-04 12:30:49,39.88
482,482,transport_delay,vehicle_breakdown,high,2023-05-04 13:35:28,72.59
483,482,weather_disruption,severe_storm,high,2023-05-07 07:54:26,9.18
484,482,weather_disruption,fog,high,2023-05-07 12:07:58,15.4
485,482,weather_disruption,severe_storm,high,2023-05-15 05:11:29,24.95
486,483,transport_delay,border_delay,high,2024-08-03 00:42:33,32.2
487,483,port_congestion,equipment_failure,high,2024-08-05 14:17:14,25.92
488,483,port_congestion,equipment_failure,high,2024-08-05 14:48:46,39.33
489,484,supplier_failure,quality_issue,high,2023-05-13 14:28:11,28.77
490,484,weather_disruption,hurricane,high,2023-05-14 11:12:32,12.18
491,489,port_congestion,labor_strike,low,2025-11-27 18:36:40,7.49
492,490,port_congestion,high_demand,high,2024-08-22 22:57:43,10.61
493,490,port_congestion,equipment_failure,high,2024-08-24 03:22:50,44.52
494,490,port_congestion,inspection_backlog,high,2024-08-24 04:31:40,26.43
495,490,port_congestion,equipment_failure,high,2024-08-25 16:14:39,67.42
496,491,transport_delay,vehicle_breakdown,high,2024-11-14 23:19:30,22.32
497,491,weather_disruption,blizzard,high,2024-11-15 03:12:21,85.51
498,491,port_congestion,inspection_backlog,high,2024-11-16 15:54:10,15.35
499,494,transport_delay,fuel_shortage,medium,2023-08-24 04:52:28,22.95
500,495,supplier_failure,bankruptcy,high,2025-10-13 01:21:48,23.19
501,495,port_congestion,high_demand,high,2025-10-15 01:37:03,22.67
502,496,transport_delay,fuel_shortage,medium,2025-02-04 13:09:00,24.22
503,499,weather_disruption,flooding,medium,2024-08-01 03:15:19,6.92
504,500,supplier_failure,quality_issue,medium,2023-01-09 11:44:31,10.18
505,500,transport_delay,fuel_shortage,medium,2023-01-09 17:09:35,13.43
506,500,transport_delay,border_delay,medium,2023-01-09 22:08:57,17.51
507,500,transport_delay,vehicle_breakdown,medium,2023-01-10 11:18:37,7.09
508,502,weather_disruption,flooding,medium,2023-06-05 23:40:06,10.49
509,504,transport_delay,vehicle_breakdown,medium,2025-11-09 12:01:38,12.76
510,510,port_congestion,labor_strike,medium,2023-02-21 11:48:35,5.24
511,511,port_congestion,equipment_failure,medium,2025-06-17 18:22:24,5.22
512,513,supplier_failure,production_halt,high,2025-02-03 08:06:54,13.63
513,513,port_congestion,equipment_failure,high,2025-02-04 05:45:33,66.68
514,514,transport_delay,road_closure,medium,2023-05-20 05:32:15,19.98
515,516,transport_delay,road_closure,high,2025-01-06 06:59:35,42.41
516,519,transport_delay,vehicle_breakdown,medium,2024-05-03 18:38:49,122.43
517,519,port_congestion,high_demand,medium,2024-05-03 22:18:20,17.93
518,519,weather_disruption,blizzard,medium,2024-05-05 02:44:25,13.56
519,523,transport_delay,road_closure,medium,2024-11-17 04:30:23,4.0
520,523,transport_delay,fuel_shortage,medium,2024-11-17 18:34:29,16.61
521,524,transport_delay,road_closure,high,2024-08-04 03:59:35,200.0
522,525,transport_delay,road_closure,high,2023-11-12 07:41:43,49.09
523,525,transport_delay,road_closure,high,2023-11-12 13:14:29,61.01
524,530,transport_delay,road_closure,medium,2024-09-14 12:32:52,14.27
525,534,port_congestion,labor_strike,medium,2023-07-30 13:03:58,18.33
526,535,port_congestion,equipment_failure,medium,2023-04-06 05:50:45,7.43
527,536,transport_delay,fuel_shortage,medium,2024-12-23 07:05:33,23.98
528,536,port_congestion,labor_strike,medium,2024-12-23 07:45:12,9.28
529,540,supplier_failure,production_halt,low,2024-02-17 13:25:20,2.35
530,540,transport_delay,border_delay,low,2024-02-17 14:37:55,6.16
531,544,port_congestion,labor_strike,high,2023-12-20 22:16:52,25.72
532,544,transport_delay,vehicle_breakdown,high,2023-12-21 19:36:44,70.26
533,544,port_congestion,inspection_backlog,high,2023-12-22 00:51:14,17.05
534,544,port_congestion,high_demand,high,2023-12-22 21:24:07,20.88
535,545,transport_delay,vehicle_breakdown,medium,2024-09-28 22:41:34,11.38
536,545,port_congestion,equipment_failure,medium,2024-09-29 14:57:33,11.94
537,545,port_congestion,high_demand,medium,2024-09-29 15:06:38,12.65
538,552,port_congestion,labor_strike,medium,2023-05-06 09:06:40,29.93
539,553,transport_delay,border_delay,high,2025-01-18 04:03:30,47.09
540,553,port_congestion,high_demand,high,2025-01-19 03:52:35,43.0
541,553,supplier_failure,capacity_shortage,high,2025-01-19 15:27:48,23.57
542,553,supplier_failure,capacity_shortage,high,2025-01-20 06:33:51,28.11
543,553,port_congestion,equipment_failure,high,2025-01-20 09:31:03,16.24
544,555,port_congestion,equipment_failure,medium,2025-10-29 08:57:01,6.89
545,556,port_congestion,equipment_failure,medium,2025-10-20 05:22:30,14.34
546,557,transport_delay,fuel_shortage,low,2024-04-02 07:56:28,7.66
547,558,supplier_failure,bankruptcy,medium,2023-12-07 03:56:43,19.41
548,561,port_congestion,labor_strike,medium,2023-05-03 17:07:54,17.88
549,566,port_congestion,high_demand,medium,2024-07-27 04:12:46,33.24
550,569,supplier_failure,production_halt,high,2025-02-26 08:43:21,14.73
551,569,transport_delay,border_delay,high,2025-02-27 01:04:49,16.46
552,570,weather_disruption,flooding,high,2023-07-21 07:40:27,52.22
553,570,port_congestion,high_demand,high,2023-07-21 21:06:26,50.82
554,571,weather_disruption,flooding,high,2023-04-26 11:30:49,61.53
555,572,port_congestion,labor_strike,medium,2023-01-31 05:27:34,3.54
556,572,port_congestion,labor_strike,medium,2023-02-01 06:29:04,24.45
557,573,port_congestion,labor_strike,high,2023-02-19 03:42:28,13.6
558,573,port_congestion,equipment_failure,high,2023-02-21 00:14:04,110.26
559,573,weather_disruption,fog,high,2023-02-24 01:10:20,89.01
560,574,transport_delay,fuel_shortage,medium,2024-08-21 09:31:00,11.7
561,575,transport_delay,border_delay,high,2023-04-24 00:08:43,40.63
562,575,supplier_failure,production_halt,high,2023-04-25 23:05:42,67.5
563,575,port_congestion,inspection_backlog,high,2023-04-29 06:28:17,19.64
564,575,supplier_failure,production_halt,high,2023-05-02 00:07:09,62.15
565,575,transport_delay,vehicle_breakdown,high,2023-05-02 06:06:52,33.95
566,575,transport_delay,border_delay,high,2023-05-03 06:49:18,19.86
567,575,port_congestion,inspection_backlog,high,2023-05-03 16:51:10,11.95
568,576,transport_delay,fuel_shortage,high,2023-10-24 09:38:42,64.55
569,576,supplier_failure,production_halt,high,2023-10-29 15:07:57,74.21
570,581,weather_disruption,flooding,high,2023-05-30 02:43:46,28.4
571,581,transport_delay,border_delay,high,2023-05-31 15:04:16,27.86
572,581,supplier_failure,production_halt,high,2023-06-01 14:42:17,112.28
573,582,transport_delay,border_delay,medium,2023-09-30 10:21:36,6.1
574,582,transport_delay,border_delay,medium,2023-10-01 04:25:04,8.77
575,582,transport_delay,fuel_shortage,medium,2023-10-01 14:13:52,7.69
576,582,transport_delay,fuel_shortage,medium,2023-10-02 00:24:13,4.13
577,585,supplier_failure,production_halt,low,2025-08-14 17:35:55,7.76
578,586,transport_delay,vehicle_breakdown,low,2025-09-15 07:35:53,4.93
579,589,port_congestion,labor_strike,low,2025-01-25 07:07:36,4.06
580,591,transport_delay,fuel_shortage,medium,2025-01-04 00:40:48,7.1
581,592,transport_delay,border_delay,medium,2024-08-04 03:37:51,7.98
582,592,port_congestion,labor_strike,medium,2024-08-05 00:43:10,11.89
583,592,port_congestion,labor_strike,medium,2024-08-05 06:33:10,12.42
584,593,weather_disruption,hurricane,high,2024-08-18 10:23:46,29.48
585,593,port_congestion,inspection_backlog,high,2024-08-20 05:19:45,83.11
586,593,transport_delay,road_closure,high,2024-08-20 19:51:45,34.13
587,594,supplier_failure,quality_issue,low,2023-10-02 01:00:36,4.01
588,595,transport_delay,fuel_shortage,low,2024-04-29 16:05:14,4.48
589,597,supplier_failure,bankruptcy,medium,2023-04-06 15:44:24,6.4
590,597,transport_delay,road_closure,medium,2023-04-06 23:09:04,5.89
591,598,weather_disruption,hurricane,medium,2023-03-26 23:17:10,9.72
592,602,weather_disruption,fog,low,2024-09-23 00:52:09,2.4
593,602,supplier_failure,capacity_shortage,low,2024-09-23 01:18:21,3.32
594,604,transport_delay,border_delay,high,2023-06-30 20:30:51,33.73
595,604,weather_disruption,flooding,high,2023-07-01 15:02:33,41.43
596,604,transport_delay,vehicle_breakdown,high,2023-07-03 18:13:26,23.81
597,604,supplier_failure,production_halt,high,2023-07-03 23:45:01,30.43
598,604,supplier_failure,bankruptcy,high,2023-07-04 20:28:58,41.99
599,605,port_congestion,high_demand,high,2023-12-16 23:39:27,83.59
600,605,weather_disruption,severe_storm,high,2023-12-20 21:59:56,51.55
601,606,weather_disruption,blizzard,low,2023-09-30 20:58:51,7.44
602,609,transport_delay,road_closure,low,2025-06-10 03:19:05,2.93
603,610,port_congestion,equipment_failure,high,2024-05-25 13:38:44,76.25
604,611,transport_delay,road_closure,medium,2024-12-20 11:44:49,9.21
605,612,supplier_failure,production_halt,medium,2023-12-11 11:41:25,17.29
606,613,weather_disruption,blizzard,low,2025-07-11 13:16:43,7.85
607,614,weather_disruption,flooding,medium,2023-03-21 20:15:50,16.09
608,614,supplier_failure,quality_issue,medium,2023-03-21 20:23:53,10.74
609,618,transport_delay,border_delay,low,2025-03-16 07:27:39,7.41
610,618,weather_disruption,severe_storm,low,2025-03-16 11:18:53,6.46
611,619,supplier_failure,production_halt,low,2024-05-28 08:37:58,6.16
612,620,transport_delay,road_closure,high,2023-03-29 16:26:10,27.89
613,626,port_congestion,inspection_backlog,medium,2023-10-25 11:57:34,6.4
614,626,transport_delay,vehicle_breakdown,medium,2023-10-26 01:52:58,12.68
615,626,weather_disruption,blizzard,medium,2023-10-26 02:02:54,7.88
616,627,port_congestion,equipment_failure,medium,2023-07-17 02:05:06,19.48
617,629,transport_delay,road_closure,low,2024-06-30 16:49:04,4.03
618,631,transport_delay,road_closure,medium,2023-05-20 23:20:11,26.12
619,638,transport_delay,road_closure,medium,2025-09-27 03:27:26,6.75
620,638,supplier_failure,production_halt,medium,2025-09-28 02:17:58,6.67
621,638,supplier_failure,production_halt,medium,2025-09-29 17:01:15,4.12
622,639,port_congestion,high_demand,low,2023-04-30 01:13:50,6.45
623,639,transport_delay,road_closure,low,2023-04-30 07:36:36,4.09
624,640,port_congestion,inspection_backlog,medium,2023-09-03 04:38:02,11.63
625,640,supplier_failure,capacity_shortage,medium,2023-09-03 06:51:39,4.44
626,640,transport_delay,border_delay,medium,2023-09-03 09:40:54,17.08
627,642,port_congestion,high_demand,high,2025-06-14 03:37:10,44.42
628,642,weather_disruption,hurricane,high,2025-06-15 10:38:51,28.51
629,642,transport_delay,road_closure,high,2025-06-16 01:34:25,23.06
630,642,port_congestion,equipment_failure,high,2025-06-16 13:44:13,17.48
631,642,weather_disruption,blizzard,high,2025-06-20 18:22:11,22.54
632,644,transport_delay,fuel_shortage,medium,2024-04-07 03:09:29,8.08
633,647,port_congestion,high_demand,medium,2024-04-08 04:45:21,11.85
634,648,supplier_failure,quality_issue,high,2025-03-07 10:20:50,35.88
635,648,transport_delay,border_delay,high,2025-03-07 17:50:18,60.18
636,649,port_congestion,inspection_backlog,high,2024-05-31 15:42:56,24.69
637,649,transport_delay,road_closure,high,2024-06-01 05:40:53,26.54
638,649,transport_delay,fuel_shortage,high,2024-06-02 07:37:31,42.58
639,649,supplier_failure,bankruptcy,high,2024-06-02 10:57:29,35.22
640,649,transport_delay,vehicle_breakdown,high,2024-06-02 21:24:18,77.74
641,650,supplier_failure,quality_issue,medium,2023-01-28 02:04:59,6.79
642,652,supplier_failure,quality_issue,medium,2025-08-30 05:08:02,6.46
643,653,port_congestion,inspection_backlog,low,2023-03-02 03:12:06,7.67
644,653,port_congestion,equipment_failure,low,2023-03-02 07:13:28,6.49
645,653,transport_delay,border_delay,low,2023-03-02 10:02:58,3.09
646,654,transport_delay,fuel_shortage,high,2024-06-16 22:07:52,67.11
647,654,supplier_failure,quality_issue,high,2024-06-17 12:14:13,18.32
648,654,weather_disruption,flooding,high,2024-06-18 14:54:29,13.43
649,654,transport_delay,vehicle_breakdown,high,2024-06-20 06:15:19,70.2
650,655,port_congestion,equipment_failure,medium,2024-05-16 09:29:10,12.6
651,655,weather_disruption,fog,medium,2024-05-17 02:08:50,17.92
652,656,port_congestion,equipment_failure,low,2024-09-29 01:06:30,7.57
653,658,port_congestion,labor_strike,medium,2023-12-08 21:42:07,15.6
654,658,transport_delay,border_delay,medium,2023-12-09 00:03:20,7.15
655,659,port_congestion,inspection_backlog,high,2024-04-28 09:14:16,43.17
656,660,port_congestion,inspection_backlog,medium,2025-06-19 04:20:10,15.41
657,663,transport_delay,road_closure,medium,2024-01-26 04:40:03,15.13
658,665,supplier_failure,capacity_shortage,high,2023-10-30 06:26:33,12.78
659,665,weather_disruption,blizzard,high,2023-10-31 04:48:37,48.88
660,668,port_congestion,equipment_failure,high,2025-09-15 11:03:09,60.15
661,668,supplier_failure,production_halt,high,2025-09-16 18:12:45,106.35
662,671,transport_delay,border_delay,low,2023-11-24 19:52:51,8.32
663,675,transport_delay,border_delay,high,2023-09-09 14:06:09,22.46
664,675,supplier_failure,production_halt,high,2023-09-10 06:12:16,82.87
665,677,transport_delay,fuel_shortage,low,2023-12-15 10:44:56,13.67
666,678,port_congestion,labor_strike,medium,2024-01-23 01:21:55,5.44
667,681,transport_delay,vehicle_breakdown,medium,2025-10-21 21:38:02,43.18
668,682,transport_delay,border_delay,low,2024-07-16 09:07:58,2.76
669,685,supplier_failure,quality_issue,medium,2023-07-27 15:08:55,9.12
670,688,transport_delay,border_delay,medium,2024-06-10 05:27:08,14.65
671,689,transport_delay,vehicle_breakdown,medium,2025-08-18 00:31:37,3.91
672,690,port_congestion,equipment_failure,low,2025-06-14 11:26:50,1.58
673,691,transport_delay,fuel_shortage,medium,2024-06-12 03:32:19,29.19
674,692,port_congestion,high_demand,medium,2023-09-25 16:10:04,9.36
675,693,supplier_failure,bankruptcy,high,2025-05-11 13:15:25,28.09
676,697,transport_delay,vehicle_breakdown,high,2024-05-03 18:24:11,56.94
677,697,weather_disruption,hurricane,high,2024-05-04 09:55:00,36.89
678,697,port_congestion,high_demand,high,2024-05-07 23:52:11,116.2
679,697,port_congestion,inspection_backlog,high,2024-05-10 02:16:02,32.87
680,697,transport_delay,border_delay,high,2024-05-10 22:56:25,48.77
681,698,transport_delay,vehicle_breakdown,medium,2025-06-11 02:38:04,5.36
682,699,port_congestion,high_demand,high,2024-07-23 03:07:59,84.01
683,700,weather_disruption,flooding,high,2025-01-11 00:50:34,19.93
684,701,transport_delay,vehicle_breakdown,low,2023-12-13 09:08:48,5.45
685,703,transport_delay,fuel_shortage,medium,2023-04-23 01:08:30,7.19
686,703,transport_delay,road_closure,medium,2023-04-24 00:25:20,18.3
687,704,weather_disruption,blizzard,low,2025-06-02 20:29:13,5.59
688,706,transport_delay,border_delay,low,2025-05-14 03:09:00,4.17
689,709,port_congestion,equipment_failure,medium,2023-06-29 07:58:01,22.8
690,709,transport_delay,road_closure,medium,2023-06-30 15:23:20,8.33
691,710,transport_delay,border_delay,medium,2024-02-25 10:37:00,12.75
692,711,weather_disruption,blizzard,high,2024-05-16 22:46:12,42.07
693,711,port_congestion,equipment_failure,high,2024-05-19 21:14:33,46.41
694,711,port_congestion,labor_strike,high,2024-05-20 04:57:17,61.97
695,712,supplier_failure,bankruptcy,medium,2023-01-29 16:18:59,3.58
696,712,transport_delay,road_closure,medium,2023-01-30 04:23:06,7.44
697,714,supplier_failure,quality_issue,medium,2025-09-14 12:06:23,48.19
698,718,transport_delay,fuel_shortage,medium,2025-09-13 05:46:19,8.88
699,718,transport_delay,vehicle_breakdown,medium,2025-09-13 09:59:27,10.72
700,718,supplier_failure,capacity_shortage,medium,2025-09-14 07:07:38,12.85
701,719,weather_disruption,blizzard,medium,2024-06-25 09:33:19,32.85
702,722,weather_disruption,flooding,medium,2024-12-24 16:12:46,12.44
703,723,supplier_failure,capacity_shortage,low,2023-08-02 00:08:19,5.21
704,723,transport_delay,fuel_shortage,low,2023-08-02 07:28:14,7.36
705,723,supplier_failure,bankruptcy,low,2023-08-02 15:40:58,4.42
706,725,port_congestion,inspection_backlog,medium,2023-07-05 13:15:14,3.74
707,726,transport_delay,border_delay,high,2024-12-19 13:22:46,118.83
708,726,transport_delay,road_closure,high,2024-12-22 06:09:08,38.34
709,727,port_congestion,equipment_failure,medium,2024-01-20 00:09:55,7.41
710,730,weather_disruption,flooding,high,2023-08-14 11:28:45,34.76
711,730,transport_delay,fuel_shortage,high,2023-08-14 20:05:52,100.07
712,730,weather_disruption,fog,high,2023-08-16 01:09:10,25.68
713,730,weather_disruption,flooding,high,2023-08-18 02:24:56,40.04
714,730,supplier_failure,production_halt,high,2023-08-18 22:41:01,33.63
715,730,weather_disruption,severe_storm,high,2023-08-19 03:13:17,25.06
716,731,port_congestion,inspection_backlog,medium,2023-09-30 12:27:25,10.52
717,733,transport_delay,fuel_shortage,medium,2024-01-08 17:38:45,13.73
718,734,supplier_failure,production_halt,medium,2023-01-29 19:40:10,8.96
719,735,transport_delay,border_delay,low,2024-10-18 10:45:50,9.58
720,736,weather_disruption,severe_storm,high,2024-06-22 05:17:51,50.8
721,737,supplier_failure,bankruptcy,high,2023-06-05 04:25:00,31.07
722,738,weather_disruption,severe_storm,high,2023-11-16 20:23:47,24.88
723,738,port_congestion,high_demand,high,2023-11-17 07:34:28,81.43
724,738,port_congestion,labor_strike,high,2023-11-17 21:20:40,52.78
725,738,weather_disruption,hurricane,high,2023-11-18 14:07:11,40.29
726,738,supplier_failure,bankruptcy,high,2023-11-20 19:46:34,19.41
727,740,transport_delay,vehicle_breakdown,medium,2023-10-29 14:30:13,12.36
728,740,transport_delay,border_delay,medium,2023-10-30 14:42:58,12.85
729,741,transport_delay,fuel_shortage,medium,2024-03-04 11:44:39,13.93
730,742,transport_delay,border_delay,medium,2023-10-01 17:11:25,12.7
731,743,transport_delay,fuel_shortage,high,2024-11-29 19:45:39,52.62
732,744,weather_disruption,blizzard,medium,2024-08-11 03:12:25,8.8
733,745,supplier_failure,capacity_shortage,medium,2025-06-07 04:51:20,21.9
734,745,supplier_failure,capacity_shortage,medium,2025-06-07 23:13:53,7.9
735,746,transport_delay,fuel_shortage,high,2024-01-01 19:08:12,13.43
736,746,weather_disruption,hurricane,high,2024-01-05 17:54:14,32.07
737,747,port_congestion,equipment_failure,medium,2025-01-30 12:26:34,9.87
738,748,port_congestion,equipment_failure,medium,2023-09-22 12:56:09,11.55
739,749,weather_disruption,severe_storm,high,2024-04-25 04:53:48,21.44
740,749,transport_delay,fuel_shortage,high,2024-04-28 00:25:12,21.21
741,749,port_congestion,equipment_failure,high,2024-04-28 00:53:04,16.95
742,750,transport_delay,fuel_shortage,high,2024-03-01 01:23:06,14.89
743,750,transport_delay,road_closure,high,2024-03-01 13:37:02,30.37
744,750,port_congestion,labor_strike,high,2024-03-03 08:25:00,35.26
745,750,port_congestion,equipment_failure,high,2024-03-04 22:46:18,22.81
746,751,transport_delay,road_closure,medium,2024-07-05 02:37:49,10.45
747,751,port_congestion,inspection_backlog,medium,2024-07-06 00:41:32,13.63
748,754,port_congestion,high_demand,high,2024-12-12 00:53:15,55.71
749,755,transport_delay,fuel_shortage,low,2024-03-23 02:23:47,6.03
750,762,supplier_failure,capacity_shortage,medium,2023-12-08 10:18:31,15.79
751,762,port_congestion,inspection_backlog,medium,2023-12-09 02:53:47,13.55
752,767,port_congestion,inspection_backlog,high,2024-12-25 15:26:02,50.16
753,767,port_congestion,labor_strike,high,2024-12-27 12:02:15,12.26
754,768,transport_delay,road_closure,medium,2024-09-24 18:59:08,19.57
755,769,transport_delay,vehicle_breakdown,medium,2023-01-14 04:11:41,32.66
756,770,transport_delay,vehicle_breakdown,high,2025-10-12 20:13:31,48.92
757,770,port_congestion,high_demand,high,2025-10-13 13:32:48,22.39
758,774,supplier_failure,quality_issue,high,2024-06-03 17:31:35,24.34
759,778,port_congestion,high_demand,medium,2023-05-22 20:26:55,3.59
760,782,supplier_failure,quality_issue,medium,2024-04-26 04:00:38,44.07
761,784,port_congestion,labor_strike,low,2023-05-22 12:11:21,1.32
762,785,transport_delay,fuel_shortage,medium,2025-01-26 09:31:23,4.76
763,786,port_congestion,equipment_failure,high,2024-06-26 20:26:37,153.59
764,787,supplier_failure,quality_issue,medium,2025-03-07 05:17:53,18.89
765,788,weather_disruption,flooding,medium,2025-09-23 07:47:18,6.39
766,790,supplier_failure,capacity_shortage,low,2023-07-10 06:57:07,3.37
767,790,port_congestion,high_demand,low,2023-07-10 10:34:00,5.83
768,793,transport_delay,road_closure,high,2025-06-26 20:11:02,12.11
769,793,transport_delay,vehicle_breakdown,high,2025-06-27 21:04:49,14.24
770,794,transport_delay,fuel_shortage,medium,2024-11-04 01:23:55,5.55
771,797,port_congestion,labor_strike,medium,2025-11-10 09:41:09,26.84
772,798,transport_delay,road_closure,medium,2023-07-23 03:10:33,28.66
773,798,transport_delay,fuel_shortage,medium,2023-07-24 02:21:20,9.8
774,799,weather_disruption,severe_storm,low,2024-05-24 04:08:42,1.05
775,801,transport_delay,vehicle_breakdown,medium,2025-01-22 12:17:45,14.75
776,802,port_congestion,inspection_backlog,medium,2024-06-28 01:29:13,6.22
777,802,transport_delay,vehicle_breakdown,medium,2024-06-28 07:46:55,7.28
778,802,port_congestion,high_demand,medium,2024-06-29 00:33:33,8.71
779,803,transport_delay,vehicle_breakdown,medium,2025-05-29 10:42:15,7.82
780,807,weather_disruption,hurricane,medium,2025-04-23 05:38:06,13.01
781,808,supplier_failure,quality_issue,medium,2023-09-15 04:02:16,29.61
782,808,transport_delay,border_delay,medium,2023-09-16 08:33:36,30.84
783,808,transport_delay,road_closure,medium,2023-09-16 14:09:45,4.01
784,810,port_congestion,labor_strike,low,2024-04-22 07:19:45,4.23
785,811,weather_disruption,hurricane,high,2025-07-18 05:43:02,47.35
786,811,weather_disruption,flooding,high,2025-07-19 13:41:21,17.22
787,811,supplier_failure,capacity_shortage,high,2025-07-20 10:00:26,56.89
788,811,weather_disruption,blizzard,high,2025-07-20 14:32:01,49.05
789,818,transport_delay,fuel_shortage,high,2024-09-15 23:14:18,96.17
790,818,port_congestion,high_demand,high,2024-09-16 10:20:11,59.27
791,818,transport_delay,border_delay,high,2024-09-17 19:11:08,19.36
792,818,transport_delay,border_delay,high,2024-09-18 09:35:09,43.49
793,819,port_congestion,labor_strike,medium,2024-10-01 19:58:19,3.81
794,819,transport_delay,road_closure,medium,2024-10-01 22:06:55,38.05
795,826,weather_disruption,hurricane,high,2024-05-17 22:43:59,45.25
796,826,transport_delay,border_delay,high,2024-05-19 02:27:35,50.65
797,828,transport_delay,vehicle_breakdown,low,2023-07-10 02:09:51,2.83
798,828,transport_delay,vehicle_breakdown,low,2023-07-10 16:34:57,3.43
799,833,port_congestion,equipment_failure,high,2023-07-03 04:43:08,45.08
800,834,transport_delay,border_delay,high,2023-01-17 11:00:30,17.24
801,834,port_congestion,high_demand,high,2023-01-17 13:08:33,40.71
802,834,weather_disruption,blizzard,high,2023-01-20 12:20:57,105.58
803,835,transport_delay,border_delay,medium,2024-05-26 17:19:10,8.71
804,838,weather_disruption,hurricane,medium,2023-06-12 13:13:59,5.38
805,839,transport_delay,border_delay,low,2023-02-05 03:52:46,1.63
806,839,transport_delay,border_delay,low,2023-02-05 04:07:52,3.73
807,841,weather_disruption,fog,medium,2024-06-14 05:32:17,9.23
808,841,supplier_failure,quality_issue,medium,2024-06-14 09:35:19,23.94
809,841,weather_disruption,fog,medium,2024-06-14 15:18:18,7.61
810,841,weather_disruption,severe_storm,medium,2024-06-14 22:36:50,19.77
811,841,supplier_failure,capacity_shortage,medium,2024-06-15 16:59:23,7.34
812,842,port_congestion,high_demand,high,2025-11-16 13:17:43,61.71
813,846,weather_disruption,severe_storm,high,2025-11-22 08:01:37,33.82
814,846,transport_delay,road_closure,high,2025-11-23 16:02:39,39.06
815,852,port_congestion,inspection_backlog,medium,2023-07-23 19:59:43,9.9
816,853,weather_disruption,severe_storm,high,2025-05-30 11:45:12,11.38
817,853,weather_disruption,flooding,high,2025-05-31 15:29:23,73.2
818,853,transport_delay,fuel_shortage,high,2025-05-31 17:30:57,22.96
819,853,weather_disruption,fog,high,2025-06-02 11:05:05,33.07
820,853,weather_disruption,flooding,high,2025-06-02 18:50:54,34.97
821,856,transport_delay,fuel_shortage,medium,2023-07-08 05:01:00,7.69
822,856,weather_disruption,fog,medium,2023-07-08 07:10:29,10.94
823,856,weather_disruption,blizzard,medium,2023-07-08 07:15:03,13.06
824,857,transport_delay,vehicle_breakdown,high,2024-07-10 08:42:05,23.28
825,858,transport_delay,border_delay,medium,2023-12-14 07:15:55,3.02
826,859,weather_disruption,severe_storm,medium,2023-01-25 13:44:43,7.62
827,863,weather_disruption,severe_storm,medium,2023-04-19 07:30:46,11.36
828,866,transport_delay,vehicle_breakdown,medium,2023-10-19 04:02:39,18.32
829,870,supplier_failure,production_halt,high,2025-11-07 01:27:51,16.94
830,870,transport_delay,vehicle_breakdown,high,2025-11-09 12:02:11,24.81
831,871,weather_disruption,severe_storm,medium,2024-01-22 12:21:28,9.72
832,871,port_congestion,inspection_backlog,medium,2024-01-23 03:09:24,8.24
833,871,port_congestion,labor_strike,medium,2024-01-23 17:14:34,17.61
834,872,port_congestion,equipment_failure,medium,2025-09-17 06:31:09,15.19
835,872,transport_delay,fuel_shortage,medium,2025-09-17 18:15:40,4.47
836,872,transport_delay,border_delay,medium,2025-09-17 19:26:42,21.98
837,872,port_congestion,high_demand,medium,2025-09-18 04:48:35,30.73
838,873,transport_delay,road_closure,medium,2023-10-24 23:51:40,11.74
839,874,port_congestion,equipment_failure,high,2023-05-22 11:26:09,32.49
840,874,port_congestion,inspection_backlog,high,2023-05-23 02:23:28,62.15
841,874,supplier_failure,capacity_shortage,high,2023-05-23 23:16:12,69.46
842,874,transport_delay,road_closure,high,2023-05-24 04:21:30,22.05
843,874,port_congestion,inspection_backlog,high,2023-05-25 10:49:52,23.34
844,876,port_congestion,equipment_failure,medium,2025-08-21 07:40:26,42.41
845,876,supplier_failure,quality_issue,medium,2025-08-21 08:07:17,9.77
846,876,supplier_failure,capacity_shortage,medium,2025-08-21 21:23:06,22.47
847,876,port_congestion,equipment_failure,medium,2025-08-22 01:11:45,18.66
848,884,transport_delay,road_closure,medium,2023-03-21 07:18:25,14.56
849,887,port_congestion,inspection_backlog,high,2025-04-08 13:28:20,86.56
850,888,port_congestion,labor_strike,high,2023-08-26 11:41:08,39.24
851,889,supplier_failure,production_halt,medium,2024-04-28 01:19:20,14.09
852,889,transport_delay,vehicle_breakdown,medium,2024-04-29 19:40:05,21.9
853,897,transport_delay,border_delay,medium,2025-03-18 15:57:16,7.94
854,906,transport_delay,fuel_shortage,medium,2025-08-24 18:38:00,16.47
855,906,port_congestion,high_demand,medium,2025-08-25 13:26:51,12.95
856,906,supplier_failure,bankruptcy,medium,2025-08-26 10:01:14,15.58
857,907,supplier_failure,quality_issue,medium,2024-04-19 07:57:48,25.58
858,909,supplier_failure,capacity_shortage,low,2025-05-16 15:50:37,7.59
859,918,transport_delay,fuel_shortage,medium,2025-10-09 11:13:04,3.22
860,921,weather_disruption,hurricane,medium,2023-10-17 19:49:19,5.16
861,921,transport_delay,fuel_shortage,medium,2023-10-18 16:30:09,20.29
862,921,port_congestion,inspection_backlog,medium,2023-10-18 16:47:34,7.32
863,923,transport_delay,road_closure,medium,2023-04-01 10:00:23,16.63
864,926,transport_delay,border_delay,medium,2024-04-13 14:23:03,8.02
865,926,supplier_failure,quality_issue,medium,2024-04-13 16:29:10,5.75
866,926,port_congestion,inspection_backlog,medium,2024-04-14 02:28:27,9.96
867,927,transport_delay,vehicle_breakdown,medium,2025-10-20 14:58:01,5.49
868,928,transport_delay,vehicle_breakdown,medium,2023-12-31 16:12:56,30.65
869,930,port_congestion,high_demand,medium,2023-04-06 03:32:39,13.0
870,931,transport_delay,road_closure,medium,2024-01-19 09:18:18,9.53
871,934,port_congestion,high_demand,low,2025-05-24 06:41:43,3.05
872,937,port_congestion,high_demand,low,2024-09-09 03:44:42,13.47
873,938,port_congestion,inspection_backlog,high,2025-11-24 05:10:52,35.01
874,938,transport_delay,fuel_shortage,high,2025-11-24 18:49:28,12.63
875,939,transport_delay,vehicle_breakdown,high,2024-02-14 01:18:05,26.4
876,939,port_congestion,labor_strike,high,2024-02-15 10:55:39,16.14
877,939,supplier_failure,bankruptcy,high,2024-02-16 15:33:19,13.4
878,940,transport_delay,fuel_shortage,high,2023-07-28 13:05:34,34.49
879,940,transport_delay,road_closure,high,2023-07-31 04:09:14,69.12
880,943,port_congestion,labor_strike,high,2023-09-09 03:43:19,22.74
881,943,port_congestion,inspection_backlog,high,2023-09-09 07:55:29,30.71
882,944,weather_disruption,hurricane,low,2024-09-16 07:37:00,2.24
883,945,weather_disruption,severe_storm,low,2025-07-09 01:33:10,14.81
884,946,port_congestion,equipment_failure,medium,2025-11-27 07:54:52,28.67
885,947,port_congestion,labor_strike,medium,2024-09-20 08:52:55,6.3
886,947,supplier_failure,quality_issue,medium,2024-09-20 09:56:26,18.09
887,951,transport_delay,fuel_shortage,medium,2025-07-19 09:43:20,4.94
888,952,transport_delay,vehicle_breakdown,high,2025-05-23 00:20:30,69.52
889,952,weather_disruption,flooding,high,2025-05-24 01:49:33,88.46
890,952,port_congestion,labor_strike,high,2025-05-28 13:12:29,20.42
891,953,weather_disruption,hurricane,medium,2025-10-22 11:57:52,27.58
892,953,port_congestion,labor_strike,medium,2025-10-22 18:21:18,6.25
893,957,port_congestion,high_demand,medium,2024-10-07 01:59:47,17.83
894,963,port_congestion,labor_strike,medium,2025-03-25 12:28:16,9.84
895,964,port_congestion,inspection_backlog,low,2024-11-27 02:29:15,6.98
896,965,supplier_failure,production_halt,high,2024-06-16 03:21:00,39.17
897,965,port_congestion,equipment_failure,high,2024-06-17 10:20:22,49.93
898,965,transport_delay,fuel_shortage,high,2024-06-18 13:18:39,77.19
899,967,supplier_failure,capacity_shortage,low,2025-06-03 11:09:21,7.48
900,969,supplier_failure,production_halt,low,2024-02-12 10:13:22,2.07
901,973,transport_delay,road_closure,medium,2023-08-09 04:35:11,10.97
902,973,transport_delay,vehicle_breakdown,medium,2023-08-10 02:10:55,16.43
903,974,port_congestion,labor_strike,high,2025-06-18 10:55:42,30.84
904,974,port_congestion,high_demand,high,2025-06-18 15:59:05,64.82
905,974,supplier_failure,capacity_shortage,high,2025-06-19 11:10:03,71.98
906,974,weather_disruption,hurricane,high,2025-06-20 01:55:09,30.5
907,974,weather_disruption,fog,high,2025-06-21 06:45:28,65.27
908,975,transport_delay,border_delay,high,2023-10-12 03:28:29,34.72
909,976,port_congestion,equipment_failure,high,2025-03-29 18:50:37,49.8
910,976,port_congestion,high_demand,high,2025-03-30 04:56:50,48.83
911,976,transport_delay,vehicle_breakdown,high,2025-03-31 07:39:26,35.58
912,976,transport_delay,road_closure,high,2025-03-31 08:22:25,67.08
913,976,transport_delay,vehicle_breakdown,high,2025-04-02 12:30:31,83.43
914,976,weather_disruption,severe_storm,high,2025-04-06 09:30:16,23.95
915,979,supplier_failure,capacity_shortage,medium,2024-12-10 07:44:26,12.41
916,979,port_congestion,equipment_failure,medium,2024-12-10 23:58:56,21.27
917,980,port_congestion,high_demand,low,2023-09-27 05:52:38,7.98
918,981,port_congestion,high_demand,low,2023-02-03 17:06:00,2.15
919,982,transport_delay,fuel_shortage,medium,2023-07-20 02:52:22,15.11
920,982,port_congestion,high_demand,medium,2023-07-20 07:07:03,18.02
921,982,port_congestion,inspection_backlog,medium,2023-07-20 11:47:55,2.9
922,985,supplier_failure,capacity_shortage,medium,2023-04-25 16:09:12,7.79
923,985,transport_delay,road_closure,medium,2023-04-26 00:58:38,10.98
924,987,transport_delay,border_delay,medium,2025-02-18 02:12:59,14.38
925,987,transport_delay,vehicle_breakdown,medium,2025-02-20 03:29:17,7.23
926,987,port_congestion,equipment_failure,medium,2025-02-20 06:21:38,17.16
927,991,transport_delay,vehicle_breakdown,medium,2024-12-27 10:22:16,11.49
928,991,transport_delay,vehicle_breakdown,medium,2024-12-27 21:31:03,18.24
929,994,port_congestion,high_demand,medium,2023-11-06 18:10:02,15.0
930,994,transport_delay,vehicle_breakdown,medium,2023-11-06 23:39:27,6.48
931,994,supplier_failure,quality_issue,medium,2023-11-07 20:16:01,8.39
932,996,transport_delay,fuel_shortage,medium,2025-03-30 02:43:47,10.89
933,996,transport_delay,fuel_shortage,medium,2025-03-31 10:32:05,6.88
934,998,port_congestion,inspection_backlog,high,2024-04-11 23:23:33,23.46
935,998,port_congestion,labor_strike,high,2024-04-12 02:22:31,53.45
936,998,transport_delay,border_delay,high,2024-04-12 12:45:22,43.21
937,999,transport_delay,fuel_shortage,medium,2024-01-16 09:45:45,17.92
938,1000,transport_delay,border_delay,high,2023-08-10 02:52:58,44.06
939,1000,supplier_failure,production_halt,high,2023-08-10 10:16:11,13.58
940,1000,transport_delay,vehicle_breakdown,high,2023-08-14 00:35:35,59.07
941,1000,supplier_failure,quality_issue,high,2023-08-14 11:02:04,45.96
942,1001,transport_delay,road_closure,low,2025-01-24 10:04:28,2.36
943,1001,transport_delay,road_closure,low,2025-01-24 16:15:04,6.56
944,1002,transport_delay,fuel_shortage,medium,2023-12-23 11:44:30,4.27
945,1005,weather_disruption,hurricane,medium,2025-08-30 09:15:12,3.62
946,1006,transport_delay,road_closure,medium,2024-12-12 15:59:14,7.41
947,1008,transport_delay,fuel_shortage,medium,2025-06-24 08:44:53,9.03
948,1010,port_congestion,equipment_failure,medium,2023-11-11 14:07:21,23.72
949,1011,transport_delay,border_delay,medium,2025-07-17 06:34:42,21.79
950,1011,port_congestion,labor_strike,medium,2025-07-17 07:44:51,7.77
951,1012,weather_disruption,flooding,low,2025-04-24 02:26:47,3.5
952,1014,port_congestion,equipment_failure,low,2025-03-13 06:58:56,2.51
953,1016,port_congestion,high_demand,medium,2023-03-20 18:42:32,13.87
954,1018,port_congestion,inspection_backlog,high,2024-03-24 03:31:41,16.01
955,1018,port_congestion,labor_strike,high,2024-03-24 08:31:19,34.79
956,1018,transport_delay,border_delay,high,2024-03-24 18:32:17,79.24
957,1018,port_congestion,high_demand,high,2024-03-25 09:49:46,20.98
958,1018,transport_delay,road_closure,high,2024-03-26 04:51:12,18.0
959,1021,transport_delay,vehicle_breakdown,high,2025-08-13 15:29:45,28.91
960,1022,transport_delay,vehicle_breakdown,medium,2023-10-09 03:38:46,20.8
961,1026,port_congestion,equipment_failure,medium,2024-01-08 07:36:00,9.96
962,1027,port_congestion,equipment_failure,high,2025-02-06 07:43:26,15.94
963,1027,port_congestion,labor_strike,high,2025-02-09 06:24:55,18.79
964,1029,port_congestion,high_demand,medium,2024-03-29 10:14:59,11.33
965,1029,transport_delay,vehicle_breakdown,medium,2024-03-30 08:15:25,5.89
966,1031,weather_disruption,hurricane,medium,2025-07-24 22:53:06,24.86
967,1032,weather_disruption,severe_storm,medium,2023-09-03 18:41:41,11.01
968,1032,transport_delay,vehicle_breakdown,medium,2023-09-04 01:07:25,6.57
969,1032,transport_delay,border_delay,medium,2023-09-04 01:26:32,10.43
970,1033,port_congestion,equipment_failure,low,2025-05-30 09:33:04,4.65
971,1034,transport_delay,vehicle_breakdown,high,2025-04-01 23:45:23,35.11
972,1038,transport_delay,road_closure,high,2023-10-22 05:54:28,15.4
973,1043,supplier_failure,quality_issue,medium,2023-02-06 20:47:35,19.44
974,1044,transport_delay,road_closure,medium,2025-09-29 00:37:45,12.7
975,1044,transport_delay,vehicle_breakdown,medium,2025-09-29 06:32:28,3.37
976,1044,transport_delay,road_closure,medium,2025-09-29 08:22:29,44.19
977,1044,port_congestion,inspection_backlog,medium,2025-09-29 22:58:51,14.58
978,1044,port_congestion,labor_strike,medium,2025-09-30 01:51:21,25.38
979,1046,weather_disruption,hurricane,low,2025-06-06 05:19:04,6.75
980,1046,port_congestion,high_demand,low,2025-06-06 10:47:59,4.13
981,1046,transport_delay,vehicle_breakdown,low,2025-06-06 16:38:09,3.98
982,1047,transport_delay,road_closure,low,2025-08-16 14:06:27,7.81
983,1049,port_congestion,equipment_failure,medium,2024-11-23 22:39:53,30.65
984,1049,port_congestion,labor_strike,medium,2024-11-24 05:27:39,10.95
985,1049,transport_delay,road_closure,medium,2024-11-24 05:46:41,8.17
986,1052,port_congestion,equipment_failure,medium,2023-04-16 00:46:46,6.14
987,1052,port_congestion,labor_strike,medium,2023-04-16 12:31:47,5.81
988,1055,weather_disruption,severe_storm,medium,2023-07-27 05:32:26,11.27
989,1056,port_congestion,high_demand,medium,2025-08-16 17:30:35,10.38
990,1061,port_congestion,inspection_backlog,high,2024-05-04 02:15:29,28.67
991,1072,port_congestion,equipment_failure,medium,2024-11-22 01:18:26,12.12
992,1075,weather_disruption,severe_storm,medium,2024-07-28 06:39:42,12.03
993,1076,supplier_failure,production_halt,medium,2024-04-27 18:36:14,13.35
994,1077,transport_delay,border_delay,medium,2023-05-21 14:09:03,14.82
995,1077,transport_delay,vehicle_breakdown,medium,2023-05-22 23:04:14,16.96
996,1080,weather_disruption,fog,high,2023-12-23 03:33:52,18.4
997,1080,port_congestion,equipment_failure,high,2023-12-25 09:22:28,48.66
998,1080,supplier_failure,bankruptcy,high,2023-12-25 09:31:47,9.13
999,1081,transport_delay,road_closure,low,2023-01-25 08:00:00,9.96
1000,1082,weather_disruption,flooding,medium,2023-11-16 01:50:11,5.65
1001,1084,port_congestion,inspection_backlog,medium,2024-09-30 07:14:42,14.84
1002,1084,transport_delay,border_delay,medium,2024-10-01 02:44:52,11.42
1003,1084,supplier_failure,production_halt,medium,2024-10-01 05:44:20,22.22
1004,1085,supplier_failure,bankruptcy,high,2023-06-08 10:34:03,19.05
1005,1085,transport_delay,fuel_shortage,high,2023-06-10 15:33:57,17.75
1006,1088,supplier_failure,bankruptcy,medium,2025-05-18 01:58:32,25.96
1007,1088,port_congestion,labor_strike,medium,2025-05-18 11:34:47,20.88
1008,1088,port_congestion,labor_strike,medium,2025-05-18 17:07:17,8.62
1009,1089,port_congestion,high_demand,high,2023-04-24 23:26:45,27.44
1010,1092,transport_delay,road_closure,high,2025-05-06 11:38:22,44.62
1011,1093,port_congestion,inspection_backlog,medium,2024-01-29 02:29:34,36.03
1012,1093,supplier_failure,capacity_shortage,medium,2024-01-29 08:52:48,17.54
1013,1093,transport_delay,border_delay,medium,2024-01-30 00:53:18,16.57
1014,1093,transport_delay,border_delay,medium,2024-01-30 15:50:55,41.26
1015,1094,port_congestion,high_demand,low,2025-02-21 05:28:11,4.03
1016,1094,port_congestion,equipment_failure,low,2025-02-21 10:26:39,8.03
1017,1096,supplier_failure,production_halt,medium,2023-03-24 10:46:00,7.28
1018,1096,supplier_failure,quality_issue,medium,2023-03-25 01:54:38,4.79
1019,1097,transport_delay,fuel_shortage,medium,2023-05-21 17:04:37,15.16
1020,1098,weather_disruption,fog,medium,2023-09-08 05:12:47,9.31
1021,1100,supplier_failure,bankruptcy,high,2024-03-15 23:32:00,63.43
1022,1100,port_congestion,high_demand,high,2024-03-19 03:12:42,27.65
1023,1104,supplier_failure,quality_issue,high,2024-10-21 05:53:03,10.5
1024,1109,port_congestion,high_demand,low,2024-08-31 17:21:57,4.58
1025,1113,transport_delay,road_closure,low,2024-01-15 02:18:50,3.72
1026,1117,port_congestion,labor_strike,medium,2024-11-30 11:07:15,17.64
1027,1119,transport_delay,road_closure,high,2023-04-24 15:39:44,77.16
1028,1119,port_congestion,inspection_backlog,high,2023-04-25 12:40:53,26.86
1029,1119,port_congestion,inspection_backlog,high,2023-04-26 20:14:56,30.51
1030,1120,weather_disruption,hurricane,medium,2024-04-16 04:30:17,14.1
1031,1121,supplier_failure,capacity_shortage,high,2024-03-05 00:15:17,42.43
1032,1121,supplier_failure,capacity_shortage,high,2024-03-05 09:50:23,20.12
1033,1123,port_congestion,equipment_failure,medium,2025-06-14 02:11:21,23.28
1034,1124,transport_delay,road_closure,medium,2024-11-05 07:42:03,17.66
1035,1124,weather_disruption,severe_storm,medium,2024-11-05 08:45:49,12.73
1036,1125,weather_disruption,hurricane,medium,2025-02-27 07:44:01,12.16
1037,1126,port_congestion,inspection_backlog,high,2024-10-16 06:59:37,37.95
1038,1129,transport_delay,vehicle_breakdown,medium,2023-02-21 16:16:02,24.19
1039,1129,transport_delay,fuel_shortage,medium,2023-02-21 20:21:46,16.28
1040,1129,supplier_failure,capacity_shortage,medium,2023-02-22 00:44:25,7.01
1041,1130,port_congestion,high_demand,low,2023-06-10 08:50:39,4.13
1042,1131,supplier_failure,bankruptcy,high,2024-04-08 20:52:42,16.45
1043,1131,transport_delay,vehicle_breakdown,high,2024-04-09 05:31:34,60.93
1044,1131,supplier_failure,quality_issue,high,2024-04-10 20:45:09,37.3
1045,1131,transport_delay,vehicle_breakdown,high,2024-04-11 04:00:49,103.03
1046,1133,transport_delay,vehicle_breakdown,high,2025-03-06 15:58:03,56.48
1047,1133,transport_delay,road_closure,high,2025-03-08 02:20:03,44.75
1048,1134,port_congestion,inspection_backlog,medium,2023-06-27 16:37:13,8.29
1049,1134,weather_disruption,flooding,medium,2023-06-28 04:55:30,8.99
1050,1135,transport_delay,border_delay,medium,2025-03-18 12:45:01,20.12
1051,1137,weather_disruption,hurricane,medium,2025-05-28 17:25:09,19.94
1052,1137,weather_disruption,hurricane,medium,2025-05-29 00:13:12,9.47
1053,1137,transport_delay,border_delay,medium,2025-05-29 15:35:07,13.41
1054,1138,transport_delay,border_delay,medium,2024-02-16 04:56:33,18.88
1055,1142,transport_delay,fuel_shortage,high,2024-03-09 12:26:15,12.98
1056,1142,transport_delay,border_delay,high,2024-03-09 19:33:22,38.4
1057,1142,transport_delay,border_delay,high,2024-03-09 23:42:55,11.38
1058,1142,transport_delay,road_closure,high,2024-03-10 14:44:03,12.03
1059,1143,weather_disruption,hurricane,medium,2025-10-10 05:14:47,16.65
1060,1143,weather_disruption,fog,medium,2025-10-10 12:25:21,20.05
1061,1143,port_congestion,inspection_backlog,medium,2025-10-10 12:49:26,7.53
1062,1144,transport_delay,border_delay,medium,2025-06-03 10:42:06,30.86
1063,1144,transport_delay,border_delay,medium,2025-06-03 20:33:21,18.15
1064,1144,transport_delay,road_closure,medium,2025-06-05 09:46:58,26.83
1065,1146,transport_delay,fuel_shortage,medium,2024-11-09 20:54:29,20.04
1066,1147,transport_delay,vehicle_breakdown,medium,2023-05-17 12:47:05,21.17
1067,1148,transport_delay,road_closure,medium,2025-07-25 14:58:15,7.09
1068,1150,transport_delay,road_closure,high,2025-06-12 09:17:31,7.72
1069,1150,weather_disruption,blizzard,high,2025-06-13 14:27:13,18.91
1070,1150,port_congestion,inspection_backlog,high,2025-06-14 20:07:08,25.93
1071,1153,supplier_failure,production_halt,low,2023-03-26 02:07:11,6.08
1072,1154,supplier_failure,production_halt,low,2023-02-22 14:45:59,5.98
1073,1156,port_congestion,inspection_backlog,medium,2024-05-30 17:30:18,22.92
1074,1157,port_congestion,inspection_backlog,low,2024-03-06 12:13:13,6.73
1075,1158,transport_delay,vehicle_breakdown,medium,2025-09-07 07:09:14,30.44
1076,1159,port_congestion,equipment_failure,low,2024-01-23 04:50:08,7.78
1077,1160,supplier_failure,bankruptcy,high,2025-02-23 07:30:07,115.24
1078,1160,transport_delay,vehicle_breakdown,high,2025-02-24 08:18:50,15.93
1079,1160,port_congestion,inspection_backlog,high,2025-02-25 11:01:55,63.61
1080,1160,port_congestion,equipment_failure,high,2025-02-27 17:45:16,43.87
1081,1160,transport_delay,fuel_shortage,high,2025-03-01 01:56:46,99.12
1082,1160,weather_disruption,blizzard,high,2025-03-01 05:31:08,27.35
1083,1160,transport_delay,border_delay,high,2025-03-01 07:39:34,23.03
1084,1162,transport_delay,vehicle_breakdown,high,2023-11-06 05:19:28,32.95
1085,1163,transport_delay,vehicle_breakdown,medium,2023-09-15 10:44:56,13.92
1086,1164,supplier_failure,capacity_shortage,medium,2023-03-06 05:08:58,16.57
1087,1166,transport_delay,vehicle_breakdown,medium,2024-05-22 20:24:20,9.05
1088,1167,port_congestion,high_demand,medium,2024-01-04 16:35:36,4.03
1089,1168,transport_delay,border_delay,low,2024-12-07 01:33:35,7.26
1090,1168,supplier_failure,capacity_shortage,low,2024-12-07 12:32:09,3.97
1091,1168,port_congestion,labor_strike,low,2024-12-07 14:57:07,1.41
1092,1169,transport_delay,border_delay,medium,2025-10-29 02:02:16,7.28
1093,1169,weather_disruption,flooding,medium,2025-10-29 17:46:17,14.58
1094,1169,port_congestion,inspection_backlog,medium,2025-10-29 19:36:26,7.88
1095,1169,weather_disruption,hurricane,medium,2025-10-29 22:40:24,11.75
1096,1170,transport_delay,fuel_shortage,medium,2023-04-30 14:33:02,7.19
1097,1173,transport_delay,vehicle_breakdown,high,2023-09-29 02:38:30,35.59
1098,1175,transport_delay,vehicle_breakdown,high,2023-03-30 00:45:58,22.5
1099,1175,supplier_failure,quality_issue,high,2023-03-31 03:03:18,45.48
1100,1176,port_congestion,inspection_backlog,high,2024-09-26 11:59:19,82.01
1101,1176,transport_delay,vehicle_breakdown,high,2024-09-28 05:35:48,26.84
1102,1176,transport_delay,road_closure,high,2024-09-28 23:03:43,31.81
1103,1176,transport_delay,border_delay,high,2024-09-29 01:10:05,42.66
1104,1176,transport_delay,vehicle_breakdown,high,2024-10-06 11:13:38,15.99
1105,1177,transport_delay,road_closure,high,2024-11-19 07:24:18,49.81
1106,1177,transport_delay,road_closure,high,2024-11-21 03:59:40,23.28
1107,1178,weather_disruption,blizzard,medium,2025-05-08 00:11:19,8.0
1108,1181,port_congestion,equipment_failure,low,2024-12-21 10:28:41,6.9
1109,1182,port_congestion,equipment_failure,medium,2024-01-12 22:10:21,15.22
1110,1182,transport_delay,road_closure,medium,2024-01-13 01:25:20,7.25
1111,1182,supplier_failure,capacity_shortage,medium,2024-01-13 17:23:29,9.93
1112,1183,transport_delay,border_delay,medium,2023-05-04 03:19:21,2.92
1113,1183,transport_delay,vehicle_breakdown,medium,2023-05-06 01:56:26,2.93
1114,1184,supplier_failure,capacity_shortage,high,2023-07-16 13:58:00,30.32
1115,1184,port_congestion,equipment_failure,high,2023-07-16 20:02:23,56.6
1116,1185,port_congestion,high_demand,high,2024-05-05 01:40:56,44.13
1117,1189,transport_delay,road_closure,medium,2024-05-24 15:52:13,34.21
1118,1190,transport_delay,border_delay,medium,2024-01-21 15:41:08,25.03
1119,1191,transport_delay,fuel_shortage,high,2023-03-10 02:36:32,34.18
1120,1192,port_congestion,labor_strike,low,2023-07-06 10:15:16,2.06
1121,1193,port_congestion,inspection_backlog,medium,2023-05-13 04:52:23,9.72
1122,1193,transport_delay,vehicle_breakdown,medium,2023-05-14 01:04:39,29.75
1123,1195,transport_delay,road_closure,medium,2025-07-24 02:05:01,6.52
1124,1201,supplier_failure,quality_issue,low,2024-03-03 04:19:07,1.87
1125,1203,supplier_failure,production_halt,medium,2023-01-20 05:21:12,15.15
1126,1203,supplier_failure,production_halt,medium,2023-01-20 15:45:59,7.51
1127,1203,transport_delay,fuel_shortage,medium,2023-01-21 07:12:37,12.06
1128,1203,transport_delay,border_delay,medium,2023-01-21 20:06:40,14.29
1129,1203,weather_disruption,severe_storm,medium,2023-01-22 18:44:42,3.1
1130,1204,supplier_failure,capacity_shortage,low,2025-03-27 12:14:11,2.43
1131,1205,transport_delay,border_delay,medium,2023-01-02 11:21:32,19.73
1132,1205,transport_delay,border_delay,medium,2023-01-02 18:05:25,25.11
1133,1206,supplier_failure,capacity_shortage,medium,2025-05-12 06:01:19,5.73
1134,1206,supplier_failure,bankruptcy,medium,2025-05-12 23:35:42,7.43
1135,1207,transport_delay,fuel_shortage,medium,2023-10-10 13:41:23,15.56
1136,1207,weather_disruption,flooding,medium,2023-10-10 20:26:02,10.84
1137,1207,port_congestion,equipment_failure,medium,2023-10-11 04:59:27,14.3
1138,1208,port_congestion,equipment_failure,medium,2023-06-09 05:53:39,12.5
1139,1210,transport_delay,border_delay,high,2024-10-27 11:23:30,54.1
1140,1210,transport_delay,fuel_shortage,high,2024-10-28 11:25:09,90.68
1141,1210,transport_delay,road_closure,high,2024-10-28 13:40:54,28.82
1142,1211,transport_delay,vehicle_breakdown,high,2025-03-04 22:47:41,17.68
1143,1211,supplier_failure,capacity_shortage,high,2025-03-05 00:30:02,21.2
1144,1212,supplier_failure,quality_issue,high,2025-11-29 06:51:56,33.04
1145,1212,supplier_failure,production_halt,high,2025-11-30 06:52:41,91.37
1146,1213,weather_disruption,flooding,high,2023-07-25 14:27:33,127.9
1147,1215,transport_delay,border_delay,medium,2025-03-01 14:38:20,26.03
1148,1216,transport_delay,vehicle_breakdown,high,2023-02-08 00:29:59,77.83
1149,1216,transport_delay,border_delay,high,2023-02-09 00:33:11,48.01
1150,1216,transport_delay,fuel_shortage,high,2023-02-09 14:59:17,14.5
1151,1217,transport_delay,fuel_shortage,medium,2024-04-24 14:46:13,63.63
1152,1219,weather_disruption,fog,medium,2025-11-06 08:14:41,5.97
1153,1221,port_congestion,high_demand,medium,2024-12-13 17:59:28,17.75
1154,1222,transport_delay,fuel_shortage,medium,2025-06-11 11:16:05,10.34
1155,1223,supplier_failure,capacity_shortage,low,2025-11-20 02:08:40,2.63
1156,1223,supplier_failure,bankruptcy,low,2025-11-20 03:54:49,2.79
1157,1225,supplier_failure,production_halt,medium,2025-08-26 23:05:35,11.47
1158,1227,port_congestion,labor_strike,medium,2023-02-20 11:49:32,16.8
1159,1230,weather_disruption,hurricane,high,2024-09-29 02:49:02,123.45
1160,1230,port_congestion,high_demand,high,2024-09-30 15:06:28,42.32
1161,1232,supplier_failure,bankruptcy,medium,2023-10-08 11:15:02,38.9
1162,1233,transport_delay,vehicle_breakdown,medium,2023-04-24 14:43:57,6.85
1163,1237,transport_delay,fuel_shortage,medium,2025-08-06 02:05:38,40.41
1164,1237,supplier_failure,bankruptcy,medium,2025-08-06 18:16:52,16.73
1165,1238,weather_disruption,severe_storm,high,2025-07-31 00:37:35,34.25
1166,1238,port_congestion,equipment_failure,high,2025-08-01 09:41:38,47.62
1167,1239,port_congestion,equipment_failure,low,2024-06-08 14:45:33,3.09
1168,1241,transport_delay,vehicle_breakdown,high,2024-04-25 12:57:43,18.1
1169,1242,transport_delay,vehicle_breakdown,medium,2023-05-24 17:05:09,18.8
1170,1243,transport_delay,fuel_shortage,medium,2024-07-30 17:18:17,11.2
1171,1245,weather_disruption,blizzard,medium,2025-02-02 14:18:54,8.85
1172,1245,port_congestion,inspection_backlog,medium,2025-02-02 15:52:05,18.9
1173,1246,port_congestion,equipment_failure,low,2025-06-27 14:23:27,4.68
1174,1247,transport_delay,road_closure,medium,2025-07-27 16:10:13,6.33
1175,1248,port_congestion,high_demand,low,2023-03-27 04:36:33,4.9
1176,1251,port_congestion,high_demand,medium,2024-02-14 00:55:44,19.39
1177,1251,transport_delay,fuel_shortage,medium,2024-02-14 10:00:32,12.23
1178,1254,supplier_failure,production_halt,low,2024-04-01 08:00:05,0.89
1179,1254,transport_delay,road_closure,low,2024-04-01 08:06:58,7.09
1180,1254,port_congestion,labor_strike,low,2024-04-01 11:37:06,5.95
1181,1256,supplier_failure,capacity_shortage,medium,2023-09-17 13:13:00,6.4
1182,1256,transport_delay,border_delay,medium,2023-09-18 06:44:44,8.34
1183,1257,port_congestion,equipment_failure,medium,2025-03-06 12:43:46,7.32
1184,1259,transport_delay,border_delay,medium,2024-05-15 20:50:06,25.48
1185,1261,transport_delay,vehicle_breakdown,medium,2023-09-02 03:27:55,7.93
1186,1262,port_congestion,high_demand,high,2023-03-22 15:11:18,23.82
1187,1262,port_congestion,inspection_backlog,high,2023-03-22 15:17:47,93.15
1188,1264,transport_delay,road_closure,medium,2024-01-14 17:12:44,5.25
1189,1265,port_congestion,labor_strike,high,2023-10-26 07:06:32,22.94
1190,1266,transport_delay,road_closure,medium,2024-08-25 01:29:05,19.42
1191,1266,transport_delay,vehicle_breakdown,medium,2024-08-25 10:10:59,17.52
1192,1266,transport_delay,border_delay,medium,2024-08-25 21:14:25,4.44
1193,1268,transport_delay,vehicle_breakdown,medium,2024-05-01 18:50:42,5.54
1194,1272,supplier_failure,production_halt,medium,2025-06-25 13:50:15,20.72
1195,1274,supplier_failure,capacity_shortage,medium,2024-10-21 06:51:33,15.23
1196,1274,supplier_failure,production_halt,medium,2024-10-22 10:32:21,8.39
1197,1276,transport_delay,border_delay,low,2024-01-05 06:39:32,2.0
1198,1276,supplier_failure,capacity_shortage,low,2024-01-05 07:36:48,3.92
1199,1276,transport_delay,road_closure,low,2024-01-05 15:48:25,1.62
1200,1278,transport_delay,vehicle_breakdown,medium,2023-11-13 01:11:02,14.24
1201,1278,transport_delay,border_delay,medium,2023-11-13 09:45:48,11.7
1202,1278,port_congestion,high_demand,medium,2023-11-13 16:57:36,8.12
1203,1278,weather_disruption,severe_storm,medium,2023-11-13 18:01:39,26.33
1204,1279,supplier_failure,quality_issue,low,2023-12-02 09:32:34,3.43
1205,1283,transport_delay,fuel_shortage,medium,2023-11-17 15:49:09,11.84
1206,1287,port_congestion,inspection_backlog,medium,2025-03-30 09:38:55,30.42
1207,1287,supplier_failure,quality_issue,medium,2025-03-30 14:13:30,11.94
1208,1292,port_congestion,high_demand,low,2023-01-22 01:45:17,5.89
1209,1293,supplier_failure,bankruptcy,low,2025-05-05 01:29:10,9.9
1210,1294,transport_delay,fuel_shortage,medium,2023-01-16 20:29:27,17.98
1211,1298,transport_delay,road_closure,low,2024-10-22 09:25:21,7.72
1212,1302,weather_disruption,blizzard,low,2023-07-21 12:02:00,6.25
1213,1303,transport_delay,fuel_shortage,high,2023-08-30 12:01:14,81.67
1214,1303,supplier_failure,capacity_shortage,high,2023-08-30 13:15:28,87.49
1215,1303,weather_disruption,severe_storm,high,2023-08-30 18:25:16,50.0
1216,1305,port_congestion,labor_strike,medium,2024-10-18 04:29:19,8.47
1217,1306,weather_disruption,hurricane,high,2024-08-04 11:22:53,51.77
1218,1307,transport_delay,border_delay,medium,2024-07-05 15:56:29,8.93
1219,1308,port_congestion,inspection_backlog,medium,2024-09-23 17:13:06,4.54
1220,1309,transport_delay,fuel_shortage,medium,2024-06-17 03:59:03,10.16
1221,1309,port_congestion,labor_strike,medium,2024-06-17 05:04:18,19.63
1222,1310,port_congestion,equipment_failure,medium,2024-12-06 20:51:46,7.69
1223,1313,weather_disruption,severe_storm,medium,2023-11-15 13:32:33,8.8
1224,1313,weather_disruption,blizzard,medium,2023-11-17 02:33:51,37.32
1225,1314,transport_delay,border_delay,high,2023-04-08 07:37:40,37.12
1226,1314,port_congestion,high_demand,high,2023-04-10 00:04:54,20.85
1227,1314,transport_delay,vehicle_breakdown,high,2023-04-10 10:42:54,23.36
1228,1314,transport_delay,border_delay,high,2023-04-10 14:09:39,32.02
1229,1315,transport_delay,road_closure,high,2025-11-20 03:09:39,36.7
1230,1315,transport_delay,road_closure,high,2025-11-21 07:12:14,29.58
1231,1316,transport_delay,road_closure,medium,2025-02-12 10:59:14,8.56
1232,1322,weather_disruption,blizzard,medium,2025-02-03 11:32:48,11.15
1233,1323,port_congestion,labor_strike,medium,2025-06-09 08:04:46,19.08
1234,1324,weather_disruption,flooding,high,2023-07-08 22:31:47,16.09
1235,1324,transport_delay,vehicle_breakdown,high,2023-07-12 04:13:22,46.68
1236,1324,transport_delay,border_delay,high,2023-07-12 21:53:30,23.24
1237,1324,supplier_failure,quality_issue,high,2023-07-15 04:36:30,81.01
1238,1326,transport_delay,border_delay,medium,2023-01-16 02:56:09,13.1
1239,1327,port_congestion,equipment_failure,medium,2025-09-30 04:41:33,19.72
1240,1327,transport_delay,border_delay,medium,2025-10-02 17:30:41,10.41
1241,1328,transport_delay,fuel_shortage,medium,2025-06-20 08:47:10,8.79
1242,1329,transport_delay,vehicle_breakdown,low,2024-01-11 09:29:28,3.02
1243,1329,transport_delay,border_delay,low,2024-01-11 15:03:38,2.52
1244,1330,transport_delay,fuel_shortage,medium,2025-11-10 14:42:35,15.66
1245,1330,port_congestion,labor_strike,medium,2025-11-11 14:22:04,25.38
1246,1331,weather_disruption,severe_storm,medium,2024-07-15 05:32:51,18.05
1247,1331,port_congestion,inspection_backlog,medium,2024-07-16 02:07:57,16.18
1248,1333,transport_delay,border_delay,high,2024-03-05 18:27:07,50.67
1249,1333,transport_delay,border_delay,high,2024-03-06 19:30:13,34.65
1250,1337,port_congestion,inspection_backlog,medium,2025-04-12 22:34:48,15.26
1251,1338,port_congestion,inspection_backlog,high,2023-10-05 10:41:59,40.65
1252,1340,supplier_failure,production_halt,medium,2023-06-18 23:39:37,13.24
1253,1341,weather_disruption,fog,low,2025-07-05 03:15:19,6.93
1254,1346,weather_disruption,blizzard,low,2023-09-27 17:53:44,2.88
1255,1348,weather_disruption,severe_storm,medium,2025-07-29 05:50:48,56.1
1256,1348,weather_disruption,blizzard,medium,2025-07-29 23:47:33,10.57
1257,1348,transport_delay,fuel_shortage,medium,2025-07-30 02:05:22,9.53
1258,1348,supplier_failure,production_halt,medium,2025-07-30 07:10:44,6.83
1259,1349,transport_delay,border_delay,medium,2024-02-08 08:39:49,10.0
1260,1349,supplier_failure,quality_issue,medium,2024-02-08 20:22:44,18.52
1261,1352,transport_delay,border_delay,medium,2024-09-18 08:55:39,15.66
1262,1352,transport_delay,fuel_shortage,medium,2024-09-18 17:13:05,34.17
1263,1354,weather_disruption,fog,high,2025-07-23 11:24:09,44.66
1264,1354,transport_delay,road_closure,high,2025-07-23 18:14:41,42.73
1265,1354,supplier_failure,capacity_shortage,high,2025-07-23 22:10:33,51.28
1266,1354,port_congestion,high_demand,high,2025-07-27 13:04:45,45.33
1267,1357,transport_delay,border_delay,medium,2024-04-10 13:20:53,8.64
1268,1358,weather_disruption,severe_storm,low,2023-09-11 14:32:46,2.75
1269,1359,transport_delay,road_closure,low,2023-05-22 00:03:39,3.13
1270,1359,supplier_failure,capacity_shortage,low,2023-05-22 07:48:00,4.16
1271,1361,port_congestion,inspection_backlog,medium,2023-11-17 09:02:35,5.1
1272,1362,port_congestion,high_demand,high,2023-12-10 00:48:46,38.58
1273,1362,port_congestion,equipment_failure,high,2023-12-11 06:12:20,22.23
1274,1362,port_congestion,labor_strike,high,2023-12-13 02:14:27,41.61
1275,1365,supplier_failure,production_halt,medium,2024-11-24 23:17:29,12.41
1276,1365,port_congestion,labor_strike,medium,2024-11-25 06:08:43,27.76
1277,1366,transport_delay,road_closure,high,2025-06-17 21:37:27,14.56
1278,1366,port_congestion,high_demand,high,2025-06-22 17:41:40,35.83
1279,1366,transport_delay,fuel_shortage,high,2025-06-22 18:07:55,32.4
1280,1367,supplier_failure,quality_issue,medium,2024-12-13 00:03:21,4.27
1281,1367,supplier_failure,production_halt,medium,2024-12-13 10:46:20,21.82
1282,1370,transport_delay,vehicle_breakdown,high,2023-01-18 18:04:25,27.64
1283,1371,transport_delay,road_closure,medium,2023-08-23 09:10:39,20.21
1284,1372,transport_delay,road_closure,medium,2024-10-19 14:39:37,12.83
1285,1373,port_congestion,high_demand,high,2023-07-22 05:01:13,30.82
1286,1373,port_congestion,labor_strike,high,2023-07-24 14:51:38,25.73
1287,1373,port_congestion,inspection_backlog,high,2023-07-25 19:41:29,33.26
1288,1373,transport_delay,vehicle_breakdown,high,2023-07-27 01:32:46,35.94
1289,1373,transport_delay,fuel_shortage,high,2023-07-27 09:05:41,24.19
1290,1377,port_congestion,inspection_backlog,high,2023-08-13 06:45:39,10.94
1291,1378,port_congestion,inspection_backlog,medium,2023-10-14 01:16:39,16.98
1292,1379,port_congestion,high_demand,high,2023-12-08 20:46:33,34.96
1293,1379,transport_delay,fuel_shortage,high,2023-12-09 17:25:58,21.16
1294,1380,supplier_failure,bankruptcy,medium,2025-07-14 05:55:49,7.5
1295,1381,weather_disruption,blizzard,high,2024-03-28 03:06:36,16.29
1296,1381,weather_disruption,blizzard,high,2024-03-28 13:58:55,11.39
1297,1381,weather_disruption,fog,high,2024-03-29 13:07:28,138.22
1298,1381,port_congestion,equipment_failure,high,2024-03-31 18:34:01,21.83
1299,1385,port_congestion,inspection_backlog,medium,2024-11-23 05:16:57,11.15
1300,1387,weather_disruption,fog,high,2024-06-22 04:32:32,30.91
1301,1388,port_congestion,labor_strike,high,2025-07-12 18:11:35,15.38
1302,1393,weather_disruption,hurricane,high,2025-05-15 00:27:22,7.35
1303,1393,port_congestion,inspection_backlog,high,2025-05-15 23:12:44,54.89
1304,1393,weather_disruption,severe_storm,high,2025-05-18 04:18:47,16.37
1305,1394,transport_delay,road_closure,low,2023-02-05 04:14:20,3.35
1306,1395,transport_delay,road_closure,low,2023-07-27 07:18:46,2.11
1307,1395,weather_disruption,severe_storm,low,2023-07-27 19:08:08,2.13
1308,1396,transport_delay,fuel_shortage,medium,2023-11-27 21:45:55,23.1
1309,1397,transport_delay,border_delay,medium,2023-08-18 15:19:14,12.66
1310,1398,weather_disruption,hurricane,high,2025-08-07 10:29:17,52.28
1311,1399,port_congestion,equipment_failure,medium,2024-12-05 02:03:51,8.11
1312,1400,weather_disruption,fog,high,2025-06-16 08:53:46,37.71
1313,1400,port_congestion,high_demand,high,2025-06-18 06:20:04,27.67
1314,1400,weather_disruption,blizzard,high,2025-06-19 17:01:47,26.86
1315,1400,weather_disruption,flooding,high,2025-06-20 08:17:55,17.51
1316,1400,port_congestion,high_demand,high,2025-06-20 12:06:58,35.28
1317,1401,port_congestion,high_demand,medium,2024-12-20 23:29:06,24.98
1318,1402,weather_disruption,severe_storm,medium,2024-11-17 12:39:01,11.85
1319,1404,transport_delay,vehicle_breakdown,medium,2024-04-23 03:45:01,31.04
1320,1404,port_congestion,equipment_failure,medium,2024-04-23 16:00:35,9.39
1321,1406,port_congestion,equipment_failure,low,2024-03-21 10:00:00,7.6
1322,1407,supplier_failure,capacity_shortage,medium,2023-09-03 08:23:18,4.19
1323,1407,weather_disruption,blizzard,medium,2023-09-04 15:10:42,18.22
1324,1408,transport_delay,vehicle_breakdown,low,2023-12-25 00:06:43,8.04
1325,1409,port_congestion,labor_strike,medium,2023-10-27 13:32:29,13.96
1326,1412,supplier_failure,capacity_shortage,medium,2023-09-03 04:34:59,19.79
1327,1413,supplier_failure,production_halt,medium,2024-01-26 11:15:24,8.41
1328,1413,transport_delay,road_closure,medium,2024-01-27 00:20:57,6.8
1329,1418,port_congestion,labor_strike,medium,2023-01-03 12:53:59,49.37
1330,1418,transport_delay,fuel_shortage,medium,2023-01-04 18:46:36,8.66
1331,1418,transport_delay,border_delay,medium,2023-01-05 08:48:48,7.78
1332,1419,port_congestion,inspection_backlog,medium,2025-04-23 15:40:57,21.32
1333,1419,port_congestion,high_demand,medium,2025-04-23 17:11:14,5.96
1334,1421,supplier_failure,bankruptcy,high,2024-09-03 00:34:31,48.59
1335,1421,port_congestion,inspection_backlog,high,2024-09-03 07:08:27,58.61
1336,1421,port_congestion,high_demand,high,2024-09-03 17:30:35,22.2
1337,1421,weather_disruption,fog,high,2024-09-05 12:49:55,55.74
1338,1422,supplier_failure,bankruptcy,high,2024-02-20 09:36:52,44.86
1339,1423,supplier_failure,quality_issue,low,2024-05-02 06:47:26,7.51
1340,1426,transport_delay,border_delay,medium,2024-10-27 15:15:53,17.55
1341,1428,weather_disruption,severe_storm,medium,2023-06-29 02:03:31,15.98
1342,1430,weather_disruption,severe_storm,medium,2023-09-13 05:53:03,9.15
1343,1432,port_congestion,labor_strike,low,2024-07-18 11:05:30,7.05
1344,1437,port_congestion,inspection_backlog,high,2025-09-12 19:22:47,11.49
1345,1437,supplier_failure,bankruptcy,high,2025-09-15 23:18:37,16.65
1346,1439,supplier_failure,capacity_shortage,high,2024-03-12 09:20:22,34.09
1347,1440,port_congestion,labor_strike,medium,2024-06-16 18:35:34,2.64
1348,1440,supplier_failure,quality_issue,medium,2024-06-17 02:24:11,6.15
1349,1440,port_congestion,inspection_backlog,medium,2024-06-17 03:13:47,13.37
1350,1440,transport_delay,border_delay,medium,2024-06-17 23:37:24,9.92
1351,1443,transport_delay,vehicle_breakdown,medium,2025-08-08 22:57:49,10.64
1352,1444,transport_delay,border_delay,low,2024-08-17 09:30:17,3.15
1353,1445,weather_disruption,fog,high,2025-09-21 11:30:46,29.21
1354,1447,transport_delay,fuel_shortage,medium,2025-07-16 09:36:10,29.3
1355,1447,transport_delay,border_delay,medium,2025-07-16 15:05:29,14.01
1356,1450,transport_delay,vehicle_breakdown,medium,2023-11-11 14:27:44,9.28
1357,1450,supplier_failure,quality_issue,medium,2023-11-11 19:39:36,5.98
1358,1451,port_congestion,inspection_backlog,medium,2023-12-08 06:32:47,17.27
1359,1451,port_congestion,labor_strike,medium,2023-12-08 21:42:34,4.82
1360,1452,port_congestion,inspection_backlog,medium,2024-12-04 05:54:45,4.67
1361,1452,port_congestion,labor_strike,medium,2024-12-04 07:10:20,20.72
1362,1453,weather_disruption,flooding,medium,2025-11-18 01:04:02,6.11
1363,1457,port_congestion,equipment_failure,low,2023-05-01 05:53:36,10.66
1364,1457,supplier_failure,bankruptcy,low,2023-05-01 17:22:33,3.9
1365,1459,transport_delay,road_closure,medium,2023-11-26 01:58:40,4.31
1366,1460,weather_disruption,fog,medium,2023-04-12 08:39:15,8.29
1367,1461,transport_delay,road_closure,high,2023-06-05 01:45:00,47.38
1368,1461,weather_disruption,severe_storm,high,2023-06-05 09:07:36,74.02
1369,1461,transport_delay,fuel_shortage,high,2023-06-05 21:28:56,21.42
1370,1463,port_congestion,high_demand,medium,2023-03-05 17:53:40,23.47
1371,1466,port_congestion,equipment_failure,medium,2024-09-01 19:26:30,25.43
1372,1467,port_congestion,labor_strike,medium,2023-02-08 05:12:18,15.33
1373,1470,supplier_failure,production_halt,medium,2023-10-23 06:36:17,6.14
1374,1471,transport_delay,vehicle_breakdown,high,2024-10-02 14:42:13,24.59
1375,1471,weather_disruption,flooding,high,2024-10-04 18:29:04,48.31
1376,1471,transport_delay,border_delay,high,2024-10-07 06:54:24,15.96
1377,1471,transport_delay,border_delay,high,2024-10-09 01:51:31,29.58
1378,1472,port_congestion,inspection_backlog,low,2024-03-02 06:02:53,6.28
1379,1473,port_congestion,high_demand,high,2025-01-23 06:35:34,16.36
1380,1473,transport_delay,road_closure,high,2025-01-28 01:50:38,68.36
1381,1479,port_congestion,high_demand,low,2023-09-23 16:47:43,2.39
1382,1482,transport_delay,fuel_shortage,high,2024-07-16 01:13:04,25.79
1383,1483,transport_delay,vehicle_breakdown,medium,2024-09-15 00:15:27,5.73
1384,1484,transport_delay,fuel_shortage,high,2024-04-11 06:43:17,23.96
1385,1484,port_congestion,equipment_failure,high,2024-04-12 05:54:54,33.66
1386,1484,transport_delay,road_closure,high,2024-04-14 21:37:26,17.59
1387,1484,supplier_failure,production_halt,high,2024-04-15 08:25:29,41.12
1388,1485,port_congestion,high_demand,low,2023-08-04 06:26:55,3.27
1389,1487,port_congestion,inspection_backlog,medium,2025-03-24 06:04:12,28.69
1390,1487,supplier_failure,quality_issue,medium,2025-03-25 01:35:16,24.61
1391,1491,transport_delay,road_closure,high,2024-11-05 11:53:52,14.94
1392,1491,supplier_failure,bankruptcy,high,2024-11-07 10:26:14,52.95
1393,1491,port_congestion,equipment_failure,high,2024-11-08 04:46:22,11.8
1394,1491,weather_disruption,fog,high,2024-11-09 08:41:49,27.23
1395,1491,transport_delay,road_closure,high,2024-11-12 09:46:51,39.45
1396,1494,weather_disruption,flooding,medium,2024-11-04 04:19:58,6.81
1397,1494,port_congestion,inspection_backlog,medium,2024-11-04 14:51:32,4.64
1398,1497,port_congestion,labor_strike,low,2023-01-22 05:45:50,3.5
1399,1497,transport_delay,fuel_shortage,low,2023-01-22 14:20:01,2.49
1400,1499,supplier_failure,quality_issue,high,2023-07-17 17:51:43,32.63
1401,1499,transport_delay,border_delay,high,2023-07-17 18:05:22,72.13
1402,1500,port_congestion,inspection_backlog,high,2024-04-03 02:42:01,33.3
1403,1500,transport_delay,fuel_shortage,high,2024-04-03 10:36:07,40.51
1404,1506,supplier_failure,bankruptcy,medium,2025-11-22 05:38:41,6.51
1405,1509,port_congestion,equipment_failure,medium,2025-05-23 03:05:44,12.68
1406,1510,transport_delay,road_closure,medium,2024-08-09 00:35:40,4.96
1407,1512,port_congestion,inspection_backlog,high,2025-05-13 02:38:16,46.21
1408,1512,transport_delay,road_closure,high,2025-05-14 15:23:22,55.94
1409,1512,supplier_failure,quality_issue,high,2025-05-16 07:57:29,25.58
1410,1517,port_congestion,inspection_backlog,medium,2023-09-11 03:35:23,6.07
1411,1517,weather_disruption,flooding,medium,2023-09-12 03:37:27,8.47
1412,1519,supplier_failure,production_halt,high,2024-11-30 03:08:29,44.08
1413,1519,transport_delay,fuel_shortage,high,2024-12-03 10:04:39,18.54
1414,1520,weather_disruption,blizzard,low,2024-02-16 07:28:10,3.65
1415,1521,port_congestion,labor_strike,high,2024-05-18 18:29:47,21.4
1416,1521,supplier_failure,bankruptcy,high,2024-05-20 21:42:52,53.47
1417,1521,weather_disruption,flooding,high,2024-05-22 03:22:55,21.76
1418,1521,port_congestion,equipment_failure,high,2024-05-22 16:59:59,35.87
1419,1522,supplier_failure,production_halt,medium,2023-04-20 16:36:37,10.73
1420,1523,transport_delay,border_delay,high,2024-06-06 11:02:43,32.53
1421,1523,port_congestion,high_demand,high,2024-06-06 14:37:10,23.74
1422,1523,weather_disruption,flooding,high,2024-06-07 08:56:59,108.09
1423,1524,transport_delay,vehicle_breakdown,medium,2023-09-02 02:54:55,13.27
1424,1524,supplier_failure,capacity_shortage,medium,2023-09-02 09:03:46,19.18
1425,1524,port_congestion,labor_strike,medium,2023-09-03 05:57:04,2.54
1426,1525,transport_delay,vehicle_breakdown,medium,2025-07-01 00:48:26,9.77
1427,1525,transport_delay,fuel_shortage,medium,2025-07-02 20:46:26,12.8
1428,1526,port_congestion,equipment_failure,high,2025-08-22 03:25:44,38.34
1429,1526,port_congestion,labor_strike,high,2025-08-22 04:51:10,49.97
1430,1526,supplier_failure,bankruptcy,high,2025-08-22 08:23:51,14.56
1431,1526,port_congestion,labor_strike,high,2025-08-23 03:44:09,61.81
1432,1526,weather_disruption,hurricane,high,2025-08-25 12:36:29,15.83
1433,1526,port_congestion,labor_strike,high,2025-08-25 17:51:40,43.73
1434,1528,transport_delay,vehicle_breakdown,medium,2024-11-04 02:21:50,7.49
1435,1530,port_congestion,high_demand,low,2024-03-22 13:06:58,6.11
1436,1533,port_congestion,equipment_failure,high,2025-01-08 05:28:49,65.42
1437,1533,transport_delay,fuel_shortage,high,2025-01-11 07:11:53,93.6
1438,1534,port_congestion,high_demand,medium,2025-04-03 02:49:15,6.18
1439,1536,supplier_failure,quality_issue,high,2023-05-16 16:22:39,37.48
1440,1537,supplier_failure,bankruptcy,medium,2024-02-13 19:38:36,5.59
1441,1541,transport_delay,fuel_shortage,medium,2025-06-27 12:45:28,4.93
1442,1543,port_congestion,equipment_failure,medium,2025-08-05 05:24:27,9.81
1443,1544,port_congestion,equipment_failure,medium,2025-02-04 01:56:56,16.04
1444,1546,transport_delay,border_delay,medium,2024-10-07 04:57:25,17.97
1445,1546,transport_delay,vehicle_breakdown,medium,2024-10-07 09:07:58,40.24
1446,1546,port_congestion,equipment_failure,medium,2024-10-08 12:48:59,5.7
1447,1547,port_congestion,labor_strike,medium,2023-05-27 08:25:55,11.87
1448,1550,weather_disruption,fog,low,2023-11-30 11:07:27,7.27
1449,1551,port_congestion,high_demand,low,2023-01-03 03:16:26,4.65
1450,1552,transport_delay,road_closure,high,2025-09-17 02:54:43,24.44
1451,1552,transport_delay,border_delay,high,2025-09-17 13:31:14,33.79
1452,1554,port_congestion,equipment_failure,low,2024-11-02 06:13:36,11.89
1453,1554,transport_delay,vehicle_breakdown,low,2024-11-02 08:39:50,9.58
1454,1554,transport_delay,road_closure,low,2024-11-02 14:10:38,8.06
1455,1554,supplier_failure,capacity_shortage,low,2024-11-02 14:57:09,1.21
1456,1557,supplier_failure,production_halt,high,2025-06-23 05:54:21,25.31
1457,1557,supplier_failure,quality_issue,high,2025-06-23 10:03:02,109.72
1458,1557,port_congestion,labor_strike,high,2025-06-24 12:19:21,15.01
1459,1557,transport_delay,border_delay,high,2025-06-26 04:24:20,82.86
1460,1558,port_congestion,high_demand,medium,2023-04-08 20:04:22,20.06
1461,1558,transport_delay,vehicle_breakdown,medium,2023-04-08 22:29:23,11.71
1462,1559,transport_delay,road_closure,high,2024-08-11 12:21:33,33.06
1463,1559,transport_delay,fuel_shortage,high,2024-08-12 01:11:49,32.19
1464,1559,port_congestion,labor_strike,high,2024-08-13 09:13:20,22.97
1465,1559,port_congestion,inspection_backlog,high,2024-08-14 06:06:57,24.99
1466,1559,transport_delay,fuel_shortage,high,2024-08-15 14:26:44,16.61
1467,1562,transport_delay,vehicle_breakdown,high,2023-08-08 19:12:34,36.69
1468,1563,transport_delay,fuel_shortage,medium,2023-04-02 02:01:31,13.46
1469,1565,transport_delay,border_delay,high,2024-02-07 17:04:18,35.75
1470,1565,weather_disruption,blizzard,high,2024-02-08 01:19:47,32.14
1471,1565,transport_delay,vehicle_breakdown,high,2024-02-09 12:24:22,62.7
1472,1565,transport_delay,fuel_shortage,high,2024-02-13 14:41:48,25.77
1473,1565,port_congestion,equipment_failure,high,2024-02-14 21:24:19,51.13
1474,1565,weather_disruption,blizzard,high,2024-02-18 02:54:51,45.6
1475,1566,transport_delay,vehicle_breakdown,high,2024-12-02 00:11:31,43.89
1476,1566,transport_delay,road_closure,high,2024-12-05 09:35:02,47.52
1477,1566,transport_delay,road_closure,high,2024-12-07 02:17:16,77.59
1478,1570,port_congestion,inspection_backlog,medium,2025-05-24 13:48:29,20.37
1479,1570,transport_delay,road_closure,medium,2025-05-24 13:51:01,5.52
1480,1570,supplier_failure,quality_issue,medium,2025-05-24 23:16:34,5.99
1481,1571,port_congestion,inspection_backlog,high,2025-08-10 07:47:23,38.43
1482,1571,transport_delay,border_delay,high,2025-08-10 22:27:58,56.08
1483,1571,transport_delay,road_closure,high,2025-08-12 02:17:34,77.22
1484,1572,weather_disruption,fog,medium,2024-06-05 07:22:06,7.66
1485,1572,supplier_failure,bankruptcy,medium,2024-06-06 02:01:03,12.35
1486,1575,weather_disruption,severe_storm,medium,2024-04-29 16:30:19,13.82
1487,1576,weather_disruption,fog,medium,2025-06-21 00:07:59,26.16
1488,1576,transport_delay,border_delay,medium,2025-06-21 05:31:05,9.54
1489,1576,weather_disruption,flooding,medium,2025-06-21 11:41:49,27.13
1490,1578,transport_delay,fuel_shortage,medium,2023-08-23 10:00:16,8.87
1491,1578,transport_delay,vehicle_breakdown,medium,2023-08-23 17:02:58,13.07
1492,1578,transport_delay,vehicle_breakdown,medium,2023-08-23 17:19:08,12.03
1493,1578,transport_delay,fuel_shortage,medium,2023-08-23 17:30:59,13.14
1494,1578,transport_delay,border_delay,medium,2023-08-24 21:39:09,7.38
1495,1580,port_congestion,high_demand,high,2024-06-07 09:51:03,20.18
1496,1580,weather_disruption,hurricane,high,2024-06-07 20:35:29,24.83
1497,1580,supplier_failure,quality_issue,high,2024-06-08 18:42:02,89.83
1498,1580,port_congestion,high_demand,high,2024-06-10 16:04:12,32.75
1499,1580,port_congestion,labor_strike,high,2024-06-10 16:33:12,16.51
1500,1580,port_congestion,labor_strike,high,2024-06-13 02:14:44,29.96
1501,1581,weather_disruption,severe_storm,medium,2025-07-28 01:45:26,9.54
1502,1582,transport_delay,vehicle_breakdown,medium,2025-04-17 16:16:12,18.21
1503,1582,weather_disruption,flooding,medium,2025-04-17 23:43:25,11.09
1504,1584,weather_disruption,fog,high,2023-10-16 14:40:17,33.13
1505,1585,port_congestion,inspection_backlog,high,2023-08-11 02:25:31,17.55
1506,1587,port_congestion,high_demand,medium,2024-11-10 12:27:39,16.32
1507,1589,port_congestion,equipment_failure,medium,2023-12-16 21:15:37,14.85
1508,1590,transport_delay,border_delay,low,2025-02-21 00:58:49,2.44
1509,1593,port_congestion,inspection_backlog,medium,2023-09-23 00:05:30,9.41
1510,1595,transport_delay,road_closure,high,2023-01-05 04:19:31,72.78
1511,1595,supplier_failure,quality_issue,high,2023-01-05 05:16:57,10.18
1512,1595,transport_delay,border_delay,high,2023-01-05 07:53:09,65.46
1513,1595,transport_delay,fuel_shortage,high,2023-01-06 15:42:47,44.02
1514,1595,port_congestion,equipment_failure,high,2023-01-07 09:15:13,32.18
1515,1596,transport_delay,road_closure,medium,2025-07-11 08:18:03,17.56
1516,1596,port_congestion,labor_strike,medium,2025-07-12 01:30:19,18.98
1517,1597,transport_delay,road_closure,medium,2024-10-30 00:56:55,13.13
1518,1598,transport_delay,border_delay,low,2023-03-11 05:29:04,2.42
1519,1601,transport_delay,border_delay,high,2024-03-01 14:24:18,11.43
1520,1601,transport_delay,border_delay,high,2024-03-04 21:56:09,40.43
1521,1601,weather_disruption,severe_storm,high,2024-03-08 19:02:23,33.26
1522,1602,transport_delay,border_delay,medium,2025-09-30 20:29:11,10.0
1523,1602,supplier_failure,production_halt,medium,2025-10-01 06:05:13,9.57
1524,1602,transport_delay,road_closure,medium,2025-10-01 19:26:35,7.64
1525,1602,transport_delay,vehicle_breakdown,medium,2025-10-01 22:05:01,8.7
1526,1604,port_congestion,inspection_backlog,medium,2025-04-06 06:15:03,5.32
1527,1604,weather_disruption,blizzard,medium,2025-04-06 16:41:11,12.87
1528,1606,transport_delay,fuel_shortage,medium,2024-06-14 04:58:53,8.62
1529,1606,port_congestion,equipment_failure,medium,2024-06-14 10:52:31,7.05
1530,1606,transport_delay,vehicle_breakdown,medium,2024-06-14 18:01:33,9.01
1531,1607,transport_delay,vehicle_breakdown,medium,2024-03-25 06:30:04,11.73
1532,1608,weather_disruption,hurricane,medium,2024-05-07 08:23:33,26.35
1533,1608,transport_delay,road_closure,medium,2024-05-08 15:36:16,6.43
1534,1614,transport_delay,road_closure,high,2025-08-07 06:02:00,24.76
1535,1616,transport_delay,vehicle_breakdown,medium,2024-04-06 05:55:37,14.14
1536,1616,supplier_failure,bankruptcy,medium,2024-04-06 19:51:42,6.38
1537,1616,supplier_failure,bankruptcy,medium,2024-04-06 20:19:15,71.42
1538,1616,port_congestion,equipment_failure,medium,2024-04-06 23:32:09,16.33
1539,1617,port_congestion,equipment_failure,medium,2023-06-07 02:51:39,5.62
1540,1619,supplier_failure,quality_issue,medium,2023-03-09 16:47:56,30.34
1541,1619,weather_disruption,flooding,medium,2023-03-09 17:08:47,38.42
1542,1621,supplier_failure,capacity_shortage,low,2024-05-03 11:59:13,2.7
1543,1622,supplier_failure,production_halt,low,2025-06-30 11:40:48,4.67
1544,1623,transport_delay,fuel_shortage,high,2023-06-09 17:52:31,28.51
1545,1623,transport_delay,fuel_shortage,high,2023-06-10 17:36:43,33.3
1546,1623,supplier_failure,bankruptcy,high,2023-06-10 21:56:46,35.63
1547,1623,weather_disruption,flooding,high,2023-06-14 03:48:05,43.57
1548,1623,port_congestion,labor_strike,high,2023-06-14 09:11:59,38.42
1549,1624,transport_delay,road_closure,medium,2024-09-18 00:57:44,13.82
1550,1627,port_congestion,inspection_backlog,medium,2023-08-13 13:46:27,5.69
1551,1635,port_congestion,labor_strike,low,2024-05-06 09:51:32,5.24
1552,1637,port_congestion,inspection_backlog,high,2025-02-21 07:26:12,72.22
1553,1637,port_congestion,equipment_failure,high,2025-02-24 02:50:56,47.18
1554,1641,weather_disruption,fog,high,2025-02-20 12:12:01,45.34
1555,1643,port_congestion,equipment_failure,medium,2025-07-18 07:59:57,25.01
1556,1645,transport_delay,border_delay,medium,2023-03-17 01:53:23,10.46
1557,1651,supplier_failure,quality_issue,high,2024-02-25 12:27:06,47.51
1558,1651,port_congestion,equipment_failure,high,2024-02-25 18:42:54,54.88
1559,1653,port_congestion,inspection_backlog,medium,2025-09-10 01:00:27,5.71
1560,1653,port_congestion,labor_strike,medium,2025-09-11 23:37:10,14.2
1561,1653,supplier_failure,bankruptcy,medium,2025-09-12 20:25:27,15.14
1562,1657,supplier_failure,quality_issue,low,2025-03-22 07:45:15,7.62
1563,1660,weather_disruption,hurricane,high,2023-11-18 10:51:18,118.92
1564,1660,port_congestion,equipment_failure,high,2023-11-19 15:24:09,36.72
1565,1661,port_congestion,equipment_failure,low,2024-01-25 00:02:30,4.8
1566,1661,port_congestion,high_demand,low,2024-01-25 12:44:26,2.93
1567,1661,transport_delay,border_delay,low,2024-01-25 22:16:22,6.35
1568,1662,transport_delay,vehicle_breakdown,medium,2023-08-28 18:59:32,32.25
1569,1664,supplier_failure,production_halt,high,2023-07-04 14:10:01,15.72
1570,1664,weather_disruption,hurricane,high,2023-07-06 22:09:05,11.29
1571,1664,transport_delay,border_delay,high,2023-07-07 00:36:52,41.01
1572,1664,port_congestion,inspection_backlog,high,2023-07-07 06:50:53,32.58
1573,1664,weather_disruption,severe_storm,high,2023-07-07 09:04:26,42.97
1574,1665,weather_disruption,blizzard,high,2024-07-30 10:59:20,52.14
1575,1665,port_congestion,equipment_failure,high,2024-07-30 14:53:29,21.57
1576,1665,weather_disruption,hurricane,high,2024-08-03 12:55:33,26.17
1577,1665,port_congestion,labor_strike,high,2024-08-04 19:59:16,38.6
1578,1666,port_congestion,inspection_backlog,medium,2024-04-21 08:04:26,21.0
1579,1666,weather_disruption,fog,medium,2024-04-21 13:30:55,24.24
1580,1669,weather_disruption,flooding,high,2023-05-27 20:26:40,33.4
1581,1670,transport_delay,border_delay,medium,2024-06-10 12:38:07,11.48
1582,1671,transport_delay,fuel_shortage,medium,2024-09-28 10:36:18,17.24
1583,1671,transport_delay,fuel_shortage,medium,2024-09-29 22:57:07,16.95
1584,1672,supplier_failure,production_halt,medium,2025-06-25 01:11:58,4.41
1585,1672,transport_delay,fuel_shortage,medium,2025-06-25 10:25:56,11.76
1586,1672,weather_disruption,fog,medium,2025-06-26 11:33:06,17.1
1587,1674,weather_disruption,severe_storm,medium,2024-04-13 04:47:41,7.54
1588,1674,port_congestion,equipment_failure,medium,2024-04-14 19:08:21,7.39
1589,1677,transport_delay,road_closure,medium,2024-11-09 11:46:46,23.15
1590,1682,port_congestion,high_demand,high,2023-02-15 07:22:14,37.72
1591,1683,port_congestion,labor_strike,medium,2024-02-06 23:26:39,9.74
1592,1684,transport_delay,road_closure,high,2025-07-01 21:55:25,48.94
1593,1684,weather_disruption,blizzard,high,2025-07-01 22:38:31,35.26
1594,1684,port_congestion,equipment_failure,high,2025-07-04 04:49:47,60.21
1595,1685,port_congestion,equipment_failure,medium,2025-11-29 14:18:21,19.1
1596,1685,transport_delay,road_closure,medium,2025-11-30 12:38:17,11.97
1597,1688,supplier_failure,production_halt,high,2024-12-25 15:11:09,9.97
1598,1690,weather_disruption,blizzard,medium,2023-08-17 17:22:30,13.41
1599,1698,transport_delay,vehicle_breakdown,medium,2023-05-04 19:35:51,27.07
1600,1698,weather_disruption,severe_storm,medium,2023-05-05 03:57:25,8.43
1601,1698,weather_disruption,fog,medium,2023-05-05 10:18:33,6.14
1602,1701,supplier_failure,capacity_shortage,high,2023-02-08 01:12:14,54.27
1603,1701,port_congestion,inspection_backlog,high,2023-02-09 17:19:22,9.43
1604,1703,transport_delay,fuel_shortage,high,2024-11-27 13:51:58,24.18
1605,1703,weather_disruption,blizzard,high,2024-12-02 03:09:46,18.53
1606,1703,supplier_failure,production_halt,high,2024-12-06 04:03:19,4.22
1607,1704,transport_delay,border_delay,medium,2023-04-11 12:06:59,35.47
1608,1707,port_congestion,equipment_failure,medium,2025-06-10 02:48:00,13.25
1609,1707,port_congestion,labor_strike,medium,2025-06-11 08:31:15,17.36
1610,1709,transport_delay,border_delay,medium,2025-10-29 18:38:49,18.62
1611,1711,supplier_failure,production_halt,high,2025-10-02 14:38:30,47.61
1612,1711,port_congestion,equipment_failure,high,2025-10-02 18:06:38,20.66
1613,1712,weather_disruption,hurricane,medium,2023-09-08 12:01:21,21.0
1614,1713,transport_delay,vehicle_breakdown,medium,2025-05-27 20:13:16,12.0
1615,1714,weather_disruption,flooding,medium,2025-05-03 16:53:26,22.22
1616,1717,weather_disruption,hurricane,medium,2025-02-27 02:45:41,16.2
1617,1719,transport_delay,road_closure,medium,2024-02-23 00:04:14,7.54
1618,1719,supplier_failure,production_halt,medium,2024-02-23 22:05:07,18.13
1619,1722,transport_delay,fuel_shortage,high,2025-10-25 00:12:01,16.72
1620,1722,supplier_failure,quality_issue,high,2025-10-25 15:59:24,43.95
1621,1722,transport_delay,vehicle_breakdown,high,2025-10-26 13:04:04,45.29
1622,1722,transport_delay,vehicle_breakdown,high,2025-10-27 23:42:13,113.41
1623,1724,transport_delay,vehicle_breakdown,high,2023-07-22 05:18:53,14.59
1624,1724,port_congestion,inspection_backlog,high,2023-07-22 15:00:10,55.72
1625,1728,port_congestion,equipment_failure,high,2023-05-08 14:30:20,19.98
1626,1728,port_congestion,labor_strike,high,2023-05-13 21:52:19,36.08
1627,1728,weather_disruption,hurricane,high,2023-05-14 15:19:03,38.67
1628,1728,weather_disruption,flooding,high,2023-05-16 13:12:40,9.7
1629,1729,transport_delay,fuel_shortage,medium,2025-01-26 01:17:30,9.62
1630,1731,transport_delay,road_closure,low,2024-12-30 03:50:19,13.74
1631,1732,weather_disruption,hurricane,high,2024-07-21 05:54:56,98.42
1632,1734,weather_disruption,flooding,medium,2023-07-04 05:31:09,6.93
1633,1734,weather_disruption,flooding,medium,2023-07-04 08:27:26,11.63
1634,1736,supplier_failure,bankruptcy,medium,2025-06-22 19:17:51,25.14
1635,1737,transport_delay,border_delay,medium,2023-05-29 07:08:46,9.57
1636,1737,supplier_failure,capacity_shortage,medium,2023-05-30 09:36:11,3.76
1637,1737,port_congestion,high_demand,medium,2023-05-30 14:00:02,12.63
1638,1737,transport_delay,vehicle_breakdown,medium,2023-05-30 16:45:15,7.9
1639,1737,supplier_failure,capacity_shortage,medium,2023-05-30 17:47:05,14.55
1640,1738,supplier_failure,quality_issue,medium,2023-11-03 10:43:00,35.95
1641,1739,port_congestion,inspection_backlog,high,2025-11-05 07:55:46,34.17
1642,1739,transport_delay,vehicle_breakdown,high,2025-11-06 08:44:01,64.91
1643,1739,transport_delay,border_delay,high,2025-11-08 14:18:47,52.88
1644,1741,transport_delay,vehicle_breakdown,medium,2023-11-08 03:31:35,4.97
1645,1741,weather_disruption,severe_storm,medium,2023-11-08 04:58:25,7.9
1646,1743,transport_delay,border_delay,medium,2024-03-06 22:19:52,6.61
1647,1749,port_congestion,high_demand,low,2023-11-16 03:19:29,3.73
1648,1751,weather_disruption,severe_storm,medium,2024-04-24 01:26:05,6.64
1649,1751,transport_delay,fuel_shortage,medium,2024-04-25 00:00:41,14.74
1650,1752,supplier_failure,capacity_shortage,low,2024-11-24 21:14:09,1.56
1651,1753,transport_delay,fuel_shortage,low,2024-11-06 01:41:58,8.42
1652,1754,port_congestion,high_demand,medium,2023-08-05 05:22:53,16.08
1653,1754,transport_delay,border_delay,medium,2023-08-06 17:29:53,5.97
1654,1755,port_congestion,high_demand,medium,2024-09-12 10:07:07,6.1
1655,1756,transport_delay,vehicle_breakdown,medium,2024-12-08 15:34:19,59.3
1656,1756,port_congestion,high_demand,medium,2024-12-08 21:10:16,19.2
1657,1758,transport_delay,vehicle_breakdown,low,2023-09-09 08:34:58,4.07
1658,1758,transport_delay,vehicle_breakdown,low,2023-09-09 13:28:16,19.02
1659,1759,weather_disruption,flooding,medium,2024-07-21 19:15:18,16.93
1660,1761,port_congestion,inspection_backlog,medium,2024-08-26 09:14:26,23.45
1661,1763,transport_delay,fuel_shortage,low,2024-09-05 20:04:46,5.58
1662,1769,supplier_failure,bankruptcy,medium,2025-02-07 08:44:10,11.9
1663,1770,transport_delay,border_delay,medium,2023-11-18 07:45:07,17.15
1664,1772,port_congestion,labor_strike,low,2023-07-13 15:17:58,3.39
1665,1774,port_congestion,equipment_failure,low,2024-03-25 07:23:55,2.74
1666,1776,transport_delay,road_closure,high,2025-06-04 02:56:54,42.84
1667,1778,port_congestion,high_demand,medium,2024-03-31 01:56:25,9.36
1668,1778,port_congestion,inspection_backlog,medium,2024-03-31 04:51:32,4.66
1669,1778,port_congestion,equipment_failure,medium,2024-03-31 05:06:26,12.19
1670,1778,weather_disruption,hurricane,medium,2024-03-31 11:35:26,30.16
1671,1778,supplier_failure,bankruptcy,medium,2024-04-01 04:59:34,22.58
1672,1779,port_congestion,high_demand,medium,2023-06-23 01:01:32,15.26
1673,1780,transport_delay,vehicle_breakdown,high,2025-02-14 06:51:35,26.16
1674,1780,port_congestion,equipment_failure,high,2025-02-14 13:10:25,41.24
1675,1780,weather_disruption,fog,high,2025-02-16 09:51:26,43.16
1676,1780,transport_delay,road_closure,high,2025-02-18 03:00:27,9.45
1677,1781,supplier_failure,capacity_shortage,high,2023-07-04 09:24:24,17.81
1678,1781,supplier_failure,bankruptcy,high,2023-07-06 20:59:35,29.0
1679,1782,supplier_failure,quality_issue,medium,2024-03-22 14:50:48,8.82
1680,1783,port_congestion,inspection_backlog,medium,2023-03-19 21:27:36,15.63
1681,1785,port_congestion,equipment_failure,medium,2023-08-06 12:57:17,21.25
1682,1785,transport_delay,fuel_shortage,medium,2023-08-07 14:26:38,16.77
1683,1788,supplier_failure,capacity_shortage,high,2024-09-19 03:12:48,41.19
1684,1788,supplier_failure,quality_issue,high,2024-09-20 13:32:29,12.51
1685,1788,supplier_failure,production_halt,high,2024-09-24 03:56:40,74.57
1686,1788,transport_delay,border_delay,high,2024-09-24 04:13:22,22.16
1687,1789,port_congestion,equipment_failure,medium,2025-08-03 05:07:30,17.12
1688,1792,transport_delay,road_closure,medium,2024-03-04 19:52:56,10.28
1689,1794,port_congestion,high_demand,medium,2023-09-07 10:48:25,16.82
1690,1794,weather_disruption,blizzard,medium,2023-09-08 07:11:24,10.23
1691,1794,transport_delay,fuel_shortage,medium,2023-09-08 08:25:50,11.48
1692,1794,transport_delay,border_delay,medium,2023-09-08 15:44:59,18.32
1693,1795,port_congestion,equipment_failure,high,2024-10-09 18:39:52,10.09
1694,1795,transport_delay,fuel_shortage,high,2024-10-13 10:41:51,12.08
1695,1799,port_congestion,equipment_failure,low,2023-03-15 08:48:43,7.37
1696,1800,transport_delay,vehicle_breakdown,high,2025-07-30 22:10:00,53.96
1697,1800,weather_disruption,blizzard,high,2025-07-31 12:20:47,22.5
1698,1800,transport_delay,road_closure,high,2025-08-03 15:47:53,36.37
1699,1800,supplier_failure,bankruptcy,high,2025-08-05 11:29:34,42.1
1700,1800,transport_delay,vehicle_breakdown,high,2025-08-06 00:31:36,22.37
1701,1800,supplier_failure,capacity_shortage,high,2025-08-08 01:14:09,29.49
1702,1800,transport_delay,road_closure,high,2025-08-08 07:00:36,14.88
1703,1801,port_congestion,inspection_backlog,high,2024-07-25 04:10:37,28.67
1704,1801,transport_delay,vehicle_breakdown,high,2024-07-26 09:44:02,41.37
1705,1801,port_congestion,inspection_backlog,high,2024-07-31 01:05:46,44.26
1706,1804,weather_disruption,blizzard,medium,2023-11-09 12:53:36,26.84
1707,1804,transport_delay,road_closure,medium,2023-11-10 13:50:50,11.53
1708,1805,transport_delay,fuel_shortage,medium,2025-04-04 04:30:42,14.87
1709,1805,transport_delay,road_closure,medium,2025-04-05 10:49:55,5.18
1710,1806,supplier_failure,capacity_shortage,medium,2025-05-13 17:35:41,9.6
1711,1810,supplier_failure,production_halt,medium,2025-05-05 14:44:08,6.04
1712,1811,supplier_failure,production_halt,high,2023-09-25 10:39:18,149.74
1713,1814,port_congestion,high_demand,medium,2024-09-02 01:35:28,6.06
1714,1814,weather_disruption,severe_storm,medium,2024-09-02 18:28:53,23.51
1715,1815,supplier_failure,quality_issue,medium,2023-10-16 08:05:25,7.82
1716,1819,port_congestion,labor_strike,medium,2025-01-07 04:14:26,10.45
1717,1820,supplier_failure,quality_issue,high,2024-11-14 03:21:52,16.93
1718,1820,transport_delay,road_closure,high,2024-11-17 02:28:56,34.54
1719,1821,transport_delay,vehicle_breakdown,high,2025-06-05 10:33:01,31.95
1720,1823,supplier_failure,capacity_shortage,low,2024-04-18 02:42:00,7.93
1721,1825,transport_delay,border_delay,high,2023-06-26 21:12:37,48.1
1722,1826,transport_delay,vehicle_breakdown,low,2024-11-16 01:51:39,5.86
1723,1826,port_congestion,labor_strike,low,2024-11-16 02:14:02,6.6
1724,1826,transport_delay,fuel_shortage,low,2024-11-16 10:57:28,3.55
1725,1828,supplier_failure,bankruptcy,low,2025-10-04 05:23:18,3.36
1726,1828,transport_delay,vehicle_breakdown,low,2025-10-04 05:37:55,12.04
1727,1828,transport_delay,vehicle_breakdown,low,2025-10-04 12:39:25,8.72
1728,1831,weather_disruption,flooding,medium,2024-09-23 03:16:45,6.04
1729,1831,supplier_failure,quality_issue,medium,2024-09-23 04:14:50,8.58
1730,1832,port_congestion,inspection_backlog,medium,2024-06-03 17:36:35,12.73
1731,1833,weather_disruption,hurricane,high,2025-07-06 09:21:25,12.99
1732,1834,supplier_failure,capacity_shortage,medium,2023-11-24 15:03:24,20.63
1733,1836,transport_delay,vehicle_breakdown,medium,2023-09-07 11:31:41,11.5
1734,1837,transport_delay,vehicle_breakdown,low,2024-05-24 09:59:06,9.35
1735,1838,transport_delay,vehicle_breakdown,medium,2025-06-24 22:59:27,11.28
1736,1840,port_congestion,high_demand,low,2024-09-27 04:09:59,3.64
1737,1841,transport_delay,fuel_shortage,high,2025-03-28 21:51:38,29.07
1738,1841,transport_delay,border_delay,high,2025-04-01 17:48:26,23.24
1739,1841,weather_disruption,blizzard,high,2025-04-03 13:12:30,22.22
1740,1842,port_congestion,high_demand,medium,2024-11-25 04:32:45,15.74
1741,1843,transport_delay,fuel_shortage,medium,2025-09-08 23:20:31,14.48
1742,1845,supplier_failure,capacity_shortage,low,2023-03-28 00:01:10,5.83
1743,1846,transport_delay,border_delay,high,2025-11-21 00:38:11,10.18
1744,1848,weather_disruption,flooding,medium,2023-07-14 01:39:35,10.59
1745,1848,weather_disruption,fog,medium,2023-07-14 08:53:50,12.65
1746,1848,transport_delay,road_closure,medium,2023-07-15 10:23:01,16.72
1747,1854,weather_disruption,flooding,high,2025-08-07 16:57:22,65.98
1748,1855,supplier_failure,production_halt,medium,2024-08-13 00:31:34,2.41
1749,1855,port_congestion,labor_strike,medium,2024-08-13 11:01:17,6.49
1750,1855,transport_delay,fuel_shortage,medium,2024-08-14 14:24:36,7.81
1751,1856,transport_delay,border_delay,medium,2023-11-16 17:31:26,8.27
1752,1857,transport_delay,vehicle_breakdown,low,2023-05-10 00:35:32,5.23
1753,1857,transport_delay,vehicle_breakdown,low,2023-05-10 01:26:03,3.19
1754,1857,supplier_failure,quality_issue,low,2023-05-10 04:51:25,6.05
1755,1859,port_congestion,inspection_backlog,high,2024-05-22 00:02:24,45.55
1756,1862,transport_delay,fuel_shortage,medium,2025-06-08 21:10:02,9.06
1757,1874,port_congestion,high_demand,medium,2025-08-18 07:05:49,5.51
1758,1878,port_congestion,high_demand,medium,2025-03-05 18:12:28,14.75
1759,1882,port_congestion,inspection_backlog,medium,2023-05-01 06:05:40,11.64
1760,1883,port_congestion,high_demand,low,2025-03-24 08:19:26,1.52
1761,1883,transport_delay,vehicle_breakdown,low,2025-03-24 12:03:13,2.61
1762,1883,port_congestion,equipment_failure,low,2025-03-24 17:24:36,15.25
1763,1884,transport_delay,road_closure,medium,2023-04-04 07:17:31,13.15
1764,1884,transport_delay,border_delay,medium,2023-04-04 21:24:10,18.91
1765,1884,transport_delay,fuel_shortage,medium,2023-04-05 13:57:58,9.81
1766,1887,transport_delay,fuel_shortage,medium,2023-10-14 03:37:36,7.02
1767,1887,transport_delay,border_delay,medium,2023-10-14 11:24:25,13.23
1768,1887,weather_disruption,hurricane,medium,2023-10-15 17:25:40,37.87
1769,1887,transport_delay,road_closure,medium,2023-10-16 01:13:17,6.91
1770,1892,transport_delay,border_delay,low,2023-06-02 03:12:06,5.4
1771,1893,weather_disruption,severe_storm,medium,2023-08-04 14:01:50,15.54
1772,1895,transport_delay,vehicle_breakdown,medium,2024-05-13 08:30:07,9.28
1773,1900,port_congestion,equipment_failure,low,2025-07-04 03:40:13,2.73
1774,1901,transport_delay,border_delay,medium,2023-11-22 10:09:54,30.81
1775,1905,supplier_failure,production_halt,medium,2025-06-19 06:25:54,9.96
1776,1906,transport_delay,road_closure,medium,2024-10-24 21:54:49,24.93
1777,1906,port_congestion,high_demand,medium,2024-10-24 23:05:41,30.63
1778,1906,transport_delay,road_closure,medium,2024-10-25 13:16:33,4.27
1779,1907,transport_delay,border_delay,medium,2025-05-07 21:20:46,8.17
1780,1909,transport_delay,fuel_shortage,medium,2024-08-28 04:30:33,27.47
1781,1909,weather_disruption,flooding,medium,2024-08-28 19:20:52,10.11
1782,1909,transport_delay,vehicle_breakdown,medium,2024-08-29 06:21:53,33.12
1783,1909,port_congestion,equipment_failure,medium,2024-08-29 22:51:55,16.67
1784,1915,weather_disruption,hurricane,medium,2024-03-19 02:07:41,8.95
1785,1915,weather_disruption,flooding,medium,2024-03-19 10:50:38,22.66
1786,1921,port_congestion,labor_strike,high,2025-02-22 03:13:05,10.57
1787,1922,transport_delay,road_closure,high,2025-02-20 00:40:18,22.19
1788,1925,transport_delay,vehicle_breakdown,high,2023-06-25 21:08:26,14.67
1789,1925,transport_delay,border_delay,high,2023-06-28 02:26:21,24.08
1790,1925,supplier_failure,bankruptcy,high,2023-06-28 10:18:10,15.02
1791,1925,weather_disruption,hurricane,high,2023-06-30 00:18:05,27.45
1792,1927,supplier_failure,production_halt,low,2025-06-10 02:33:24,7.1
1793,1928,port_congestion,labor_strike,low,2025-06-08 08:04:33,2.9
1794,1930,transport_delay,border_delay,high,2025-09-11 01:44:34,31.86
1795,1930,transport_delay,border_delay,high,2025-09-12 18:35:28,25.01
1796,1930,supplier_failure,quality_issue,high,2025-09-13 08:00:25,47.24
1797,1933,port_congestion,equipment_failure,medium,2024-12-08 02:01:13,13.54
1798,1934,weather_disruption,blizzard,low,2023-03-21 11:09:23,1.95
1799,1935,transport_delay,road_closure,high,2023-12-30 02:23:58,33.6
1800,1935,port_congestion,labor_strike,high,2023-12-31 03:07:29,37.15
1801,1935,transport_delay,border_delay,high,2024-01-01 17:08:32,48.91
1802,1937,transport_delay,road_closure,medium,2025-01-08 12:57:29,10.65
1803,1938,port_congestion,equipment_failure,high,2025-08-30 09:11:57,19.86
1804,1938,transport_delay,border_delay,high,2025-08-30 12:26:25,22.48
1805,1938,transport_delay,fuel_shortage,high,2025-08-31 09:47:41,58.65
1806,1938,weather_disruption,hurricane,high,2025-09-01 20:06:10,71.6
1807,1939,transport_delay,border_delay,medium,2023-12-01 07:44:48,8.03
1808,1939,transport_delay,fuel_shortage,medium,2023-12-01 15:53:57,9.01
1809,1939,port_congestion,high_demand,medium,2023-12-02 00:14:42,5.33
1810,1941,weather_disruption,hurricane,medium,2024-02-29 08:06:31,13.83
1811,1944,port_congestion,equipment_failure,low,2023-08-22 00:56:31,4.72
1812,1944,port_congestion,high_demand,low,2023-08-22 08:14:12,1.62
1813,1946,transport_delay,fuel_shortage,high,2023-12-05 01:30:02,17.65
1814,1946,port_congestion,high_demand,high,2023-12-08 12:09:52,29.46
1815,1947,transport_delay,border_delay,medium,2023-01-24 20:47:38,8.81
1816,1948,transport_delay,vehicle_breakdown,high,2024-04-20 23:01:35,24.36
1817,1948,weather_disruption,hurricane,high,2024-04-22 05:25:48,61.2
1818,1948,port_congestion,inspection_backlog,high,2024-04-23 21:03:23,47.83
1819,1948,port_congestion,inspection_backlog,high,2024-04-25 04:06:56,3.82
1820,1949,weather_disruption,fog,medium,2023-01-24 13:15:55,5.81
1821,1952,weather_disruption,severe_storm,medium,2024-08-25 13:41:57,4.54
1822,1953,port_congestion,inspection_backlog,low,2025-04-14 15:18:46,5.01
1823,1957,weather_disruption,hurricane,medium,2025-01-16 18:10:06,29.46
1824,1957,supplier_failure,bankruptcy,medium,2025-01-16 21:09:36,13.03
1825,1959,port_congestion,labor_strike,high,2025-09-10 14:55:54,26.59
1826,1959,transport_delay,border_delay,high,2025-09-11 07:27:01,19.37
1827,1960,port_congestion,inspection_backlog,medium,2025-09-27 06:31:00,26.77
1828,1962,weather_disruption,severe_storm,low,2025-08-09 09:12:00,3.0
1829,1963,port_congestion,inspection_backlog,high,2023-06-08 07:50:53,9.4
1830,1963,port_congestion,high_demand,high,2023-06-08 14:56:39,47.51
1831,1965,port_congestion,labor_strike,low,2025-02-10 02:39:50,2.83
1832,1969,port_congestion,equipment_failure,medium,2024-03-31 00:41:15,7.53
1833,1972,port_congestion,equipment_failure,medium,2023-08-25 12:02:30,10.96
1834,1972,weather_disruption,blizzard,medium,2023-08-27 09:05:18,30.17
1835,1972,port_congestion,labor_strike,medium,2023-08-27 18:31:23,20.21
1836,1977,weather_disruption,hurricane,high,2025-02-03 03:39:03,48.86
1837,1977,transport_delay,vehicle_breakdown,high,2025-02-03 12:00:30,5.95
1838,1977,weather_disruption,severe_storm,high,2025-02-04 18:03:17,53.25
1839,1980,port_congestion,equipment_failure,medium,2024-06-28 03:49:36,20.04
1840,1980,port_congestion,high_demand,medium,2024-06-29 03:07:55,6.52
1841,1982,weather_disruption,fog,medium,2024-01-13 08:57:37,8.35
1842,1986,transport_delay,road_closure,high,2025-03-14 17:19:03,44.43
1843,1986,transport_delay,road_closure,high,2025-03-16 11:21:22,16.59
1844,1986,transport_delay,fuel_shortage,high,2025-03-20 20:40:16,57.06
1845,1988,weather_disruption,fog,medium,2025-07-07 17:28:07,11.8
1846,1990,port_congestion,labor_strike,high,2023-01-05 18:12:55,20.3
1847,1992,port_congestion,equipment_failure,medium,2025-09-18 09:53:47,5.81
1848,1992,port_congestion,labor_strike,medium,2025-09-18 20:37:57,9.58
1849,1994,transport_delay,road_closure,medium,2024-12-17 08:18:21,48.16
1850,1995,transport_delay,vehicle_breakdown,medium,2024-02-14 10:33:45,9.06
1851,1999,weather_disruption,blizzard,high,2023-09-16 13:57:40,29.57
1852,1999,weather_disruption,fog,high,2023-09-18 06:25:40,25.15
1853,2004,transport_delay,fuel_shortage,low,2025-03-28 06:11:51,9.08
1854,2006,transport_delay,fuel_shortage,medium,2023-04-25 14:45:42,11.69
1855,2008,transport_delay,road_closure,medium,2024-05-25 06:17:05,57.47
1856,2009,weather_disruption,severe_storm,high,2024-01-11 03:55:25,91.06
1857,2009,port_congestion,labor_strike,high,2024-01-12 08:38:58,91.64
1858,2010,transport_delay,vehicle_breakdown,medium,2024-04-26 21:30:31,52.8
1859,2010,transport_delay,vehicle_breakdown,medium,2024-04-26 22:35:10,8.63
1860,2010,transport_delay,fuel_shortage,medium,2024-04-27 00:55:13,18.11
1861,2012,port_congestion,labor_strike,medium,2024-04-09 22:23:35,14.35
1862,2012,transport_delay,border_delay,medium,2024-04-10 02:34:57,7.94
1863,2014,supplier_failure,quality_issue,medium,2023-09-12 03:03:19,24.0
1864,2014,supplier_failure,production_halt,medium,2023-09-12 16:34:59,15.13
1865,2015,port_congestion,labor_strike,medium,2023-05-10 01:16:00,14.28
1866,2017,port_congestion,high_demand,medium,2024-05-11 05:21:42,18.36
1867,2019,supplier_failure,capacity_shortage,high,2023-07-15 21:03:08,39.75
1868,2020,transport_delay,border_delay,low,2023-07-31 10:52:27,3.14
1869,2020,transport_delay,border_delay,low,2023-07-31 22:37:33,3.17
1870,2021,transport_delay,fuel_shortage,high,2025-08-17 03:02:55,91.08
1871,2021,weather_disruption,hurricane,high,2025-08-20 01:39:21,36.89
1872,2021,port_congestion,equipment_failure,high,2025-08-23 03:13:53,10.72
1873,2021,transport_delay,vehicle_breakdown,high,2025-08-23 13:31:35,38.98
1874,2021,port_congestion,labor_strike,high,2025-08-24 02:39:51,25.82
1875,2021,supplier_failure,quality_issue,high,2025-08-24 12:06:35,19.76
1876,2022,port_congestion,inspection_backlog,medium,2025-09-12 13:28:05,13.79
1877,2022,port_congestion,equipment_failure,medium,2025-09-12 20:02:18,19.1
1878,2023,transport_delay,fuel_shortage,medium,2023-03-12 04:58:32,42.91
1879,2023,supplier_failure,bankruptcy,medium,2023-03-12 09:46:37,24.27
1880,2023,supplier_failure,production_halt,medium,2023-03-12 18:16:45,17.96
1881,2024,transport_delay,road_closure,high,2024-07-17 19:50:45,70.04
1882,2025,port_congestion,high_demand,high,2024-11-04 04:42:51,43.64
1883,2027,port_congestion,labor_strike,medium,2023-12-21 07:46:57,4.47
1884,2027,transport_delay,border_delay,medium,2023-12-21 17:58:27,37.66
1885,2027,weather_disruption,fog,medium,2023-12-22 07:04:54,20.51
1886,2027,transport_delay,border_delay,medium,2023-12-22 07:57:31,27.48
1887,2027,transport_delay,vehicle_breakdown,medium,2023-12-23 01:18:18,6.43
1888,2027,port_congestion,labor_strike,medium,2023-12-23 02:41:25,15.72
1889,2027,port_congestion,inspection_backlog,medium,2023-12-23 17:10:22,7.37
1890,2028,port_congestion,inspection_backlog,low,2023-05-11 08:44:40,2.19
1891,2030,port_congestion,labor_strike,high,2023-11-13 08:25:36,30.25
1892,2030,transport_delay,road_closure,high,2023-11-15 03:57:44,40.3
1893,2034,transport_delay,fuel_shortage,medium,2024-12-20 11:34:45,9.98
1894,2037,port_congestion,labor_strike,medium,2024-10-29 00:04:46,11.79
1895,2039,transport_delay,fuel_shortage,high,2024-03-25 12:33:29,65.18
1896,2040,transport_delay,border_delay,medium,2024-06-11 06:21:05,6.41
1897,2040,weather_disruption,severe_storm,medium,2024-06-11 18:14:15,29.78
1898,2042,transport_delay,vehicle_breakdown,medium,2025-05-05 00:03:54,6.47
1899,2044,transport_delay,road_closure,medium,2023-01-12 11:14:43,7.77
1900,2045,supplier_failure,production_halt,medium,2023-11-11 06:51:14,9.78
1901,2045,transport_delay,road_closure,medium,2023-11-12 12:55:55,11.81
1902,2046,transport_delay,vehicle_breakdown,low,2023-11-13 03:53:24,3.89
1903,2047,port_congestion,high_demand,low,2025-09-03 18:07:23,2.56
1904,2048,weather_disruption,fog,medium,2023-07-10 10:37:09,24.37
1905,2048,transport_delay,border_delay,medium,2023-07-10 12:01:57,15.32
1906,2048,port_congestion,labor_strike,medium,2023-07-11 08:02:25,15.55
1907,2049,transport_delay,road_closure,medium,2024-03-18 02:12:36,9.63
1908,2049,port_congestion,labor_strike,medium,2024-03-18 02:42:56,18.32
1909,2052,weather_disruption,fog,low,2024-06-02 00:54:22,3.26
1910,2052,port_congestion,labor_strike,low,2024-06-02 08:38:17,11.17
1911,2052,port_congestion,inspection_backlog,low,2024-06-02 12:49:11,6.63
1912,2057,transport_delay,vehicle_breakdown,high,2023-01-17 22:08:36,32.9
1913,2057,supplier_failure,production_halt,high,2023-01-18 05:21:11,16.63
1914,2058,port_congestion,labor_strike,low,2024-03-22 13:56:08,7.07
1915,2060,weather_disruption,fog,medium,2023-05-04 08:09:14,15.0
1916,2060,weather_disruption,blizzard,medium,2023-05-04 19:25:02,11.07
1917,2060,weather_disruption,hurricane,medium,2023-05-05 14:10:11,10.13
1918,2061,transport_delay,border_delay,high,2025-06-01 20:35:41,26.06
1919,2064,weather_disruption,fog,medium,2025-02-25 10:52:08,9.68
1920,2064,port_congestion,inspection_backlog,medium,2025-02-25 15:57:33,5.39
1921,2064,transport_delay,road_closure,medium,2025-02-26 13:35:54,5.7
1922,2065,supplier_failure,production_halt,low,2025-10-18 10:34:35,19.3
1923,2065,port_congestion,labor_strike,low,2025-10-18 11:30:41,7.76
1924,2068,port_congestion,labor_strike,high,2024-12-22 22:52:51,36.81
1925,2068,supplier_failure,production_halt,high,2024-12-23 15:48:52,25.62
1926,2080,transport_delay,border_delay,medium,2025-08-31 07:55:06,14.58
1927,2081,port_congestion,inspection_backlog,medium,2023-08-08 00:28:13,20.98
1928,2081,transport_delay,border_delay,medium,2023-08-09 01:36:53,10.1
1929,2082,weather_disruption,hurricane,medium,2025-03-04 04:29:38,6.77
1930,2082,weather_disruption,blizzard,medium,2025-03-05 08:15:19,28.51
1931,2083,port_congestion,inspection_backlog,high,2025-05-03 23:39:38,13.21
1932,2083,port_congestion,labor_strike,high,2025-05-04 07:41:07,28.37
1933,2084,supplier_failure,bankruptcy,medium,2024-09-12 14:41:53,9.08
1934,2084,port_congestion,equipment_failure,medium,2024-09-12 16:34:43,5.17
1935,2084,transport_delay,fuel_shortage,medium,2024-09-12 22:51:11,22.34
1936,2084,transport_delay,vehicle_breakdown,medium,2024-09-13 05:46:38,14.55
1937,2085,weather_disruption,severe_storm,medium,2024-04-24 16:07:49,33.9
1938,2086,port_congestion,labor_strike,low,2025-09-09 06:26:07,6.58
1939,2086,transport_delay,border_delay,low,2025-09-09 08:55:25,2.96
1940,2087,port_congestion,inspection_backlog,high,2023-04-28 04:11:49,20.77
1941,2090,transport_delay,fuel_shortage,medium,2024-08-26 04:22:02,5.23
1942,2090,weather_disruption,hurricane,medium,2024-08-27 20:52:03,8.23
1943,2092,weather_disruption,severe_storm,low,2023-06-04 00:44:19,1.46
1944,2092,weather_disruption,fog,low,2023-06-04 05:54:55,4.09
1945,2093,transport_delay,fuel_shortage,medium,2023-01-14 14:20:31,6.28
1946,2095,port_congestion,labor_strike,high,2023-11-19 12:03:10,132.99
1947,2095,transport_delay,fuel_shortage,high,2023-11-21 13:56:12,18.17
1948,2095,port_congestion,high_demand,high,2023-11-23 00:58:13,23.6
1949,2095,port_congestion,inspection_backlog,high,2023-11-25 05:52:40,37.24
1950,2101,transport_delay,road_closure,medium,2024-08-17 22:05:56,37.74
1951,2102,port_congestion,inspection_backlog,high,2023-09-17 05:07:29,56.61
1952,2102,port_congestion,inspection_backlog,high,2023-09-19 12:38:34,30.65
1953,2102,port_congestion,equipment_failure,high,2023-09-21 01:03:11,21.18
1954,2102,transport_delay,road_closure,high,2023-09-21 09:28:20,12.13
1955,2102,port_congestion,high_demand,high,2023-09-21 21:43:03,26.8
1956,2105,supplier_failure,capacity_shortage,high,2025-11-25 09:05:28,17.95
1957,2105,port_congestion,high_demand,high,2025-12-02 18:08:22,23.39
1958,2107,weather_disruption,severe_storm,medium,2024-10-19 11:51:03,13.01
1959,2110,transport_delay,vehicle_breakdown,medium,2025-05-10 02:38:45,10.3
1960,2111,port_congestion,inspection_backlog,medium,2025-05-24 01:06:31,19.22
1961,2113,transport_delay,road_closure,low,2024-10-19 13:54:57,6.5
1962,2114,port_congestion,inspection_backlog,medium,2024-05-03 00:27:00,6.05
1963,2114,transport_delay,border_delay,medium,2024-05-03 01:52:03,7.49
1964,2117,supplier_failure,capacity_shortage,high,2024-06-05 14:29:56,22.92
1965,2118,port_congestion,high_demand,high,2025-10-19 11:48:43,26.34
1966,2118,transport_delay,vehicle_breakdown,high,2025-10-19 13:12:25,51.54
1967,2118,transport_delay,border_delay,high,2025-10-20 09:51:01,29.17
1968,2118,supplier_failure,quality_issue,high,2025-10-20 13:15:15,77.98
1969,2119,port_congestion,labor_strike,high,2023-07-17 16:35:06,24.7
1970,2119,transport_delay,vehicle_breakdown,high,2023-07-17 20:05:50,30.33
1971,2120,supplier_failure,bankruptcy,medium,2025-06-17 17:01:37,10.56
1972,2120,port_congestion,labor_strike,medium,2025-06-19 05:38:03,7.81
1973,2124,port_congestion,equipment_failure,medium,2023-12-23 16:08:40,5.0
1974,2124,supplier_failure,bankruptcy,medium,2023-12-24 00:45:11,39.12
1975,2125,weather_disruption,blizzard,medium,2025-03-14 15:26:38,16.06
1976,2125,weather_disruption,blizzard,medium,2025-03-15 04:13:16,5.68
1977,2125,port_congestion,inspection_backlog,medium,2025-03-15 10:19:50,11.93
1978,2126,transport_delay,border_delay,medium,2024-06-04 16:13:45,11.51
1979,2126,weather_disruption,fog,medium,2024-06-04 18:16:41,10.18
1980,2127,weather_disruption,flooding,medium,2024-08-16 12:45:32,8.27
1981,2127,transport_delay,road_closure,medium,2024-08-17 15:13:39,21.59
1982,2129,supplier_failure,capacity_shortage,medium,2025-06-05 09:20:24,49.58
1983,2131,transport_delay,vehicle_breakdown,medium,2024-02-07 19:13:08,8.38
1984,2132,transport_delay,border_delay,medium,2025-08-24 12:05:20,14.25
1985,2132,transport_delay,fuel_shortage,medium,2025-08-24 23:47:35,4.91
1986,2134,port_congestion,labor_strike,medium,2024-03-05 16:42:27,9.05
1987,2134,port_congestion,inspection_backlog,medium,2024-03-06 01:49:15,9.35
1988,2135,weather_disruption,flooding,medium,2023-09-22 17:23:06,8.68
1989,2136,transport_delay,fuel_shortage,high,2024-07-17 03:13:25,99.34
1990,2136,transport_delay,road_closure,high,2024-07-17 08:50:51,53.44
1991,2137,supplier_failure,production_halt,high,2024-10-27 18:29:24,30.0
1992,2137,port_congestion,high_demand,high,2024-10-28 18:45:41,17.74
1993,2137,port_congestion,equipment_failure,high,2024-10-29 08:06:45,92.24
1994,2137,transport_delay,road_closure,high,2024-10-29 10:09:07,25.3
1995,2139,weather_disruption,fog,medium,2023-02-19 18:37:00,14.76
1996,2139,weather_disruption,hurricane,medium,2023-02-20 17:21:52,27.13
1997,2142,supplier_failure,bankruptcy,medium,2025-10-08 13:25:54,5.4
1998,2144,transport_delay,vehicle_breakdown,medium,2024-12-25 13:22:28,6.9
1999,2144,transport_delay,road_closure,medium,2024-12-26 08:21:23,7.19
2000,2147,port_congestion,high_demand,medium,2023-04-20 19:26:19,22.39
2001,2148,supplier_failure,production_halt,low,2023-05-16 12:11:39,6.3
2002,2149,transport_delay,fuel_shortage,high,2025-05-18 07:51:01,17.96
2003,2149,port_congestion,equipment_failure,high,2025-05-18 10:51:54,23.75
2004,2149,transport_delay,border_delay,high,2025-05-18 15:14:45,30.12
2005,2150,port_congestion,equipment_failure,medium,2025-05-18 01:51:28,6.75
2006,2152,transport_delay,fuel_shortage,high,2025-07-29 06:52:32,21.1
2007,2152,port_congestion,labor_strike,high,2025-07-29 15:49:54,38.32
2008,2152,transport_delay,fuel_shortage,high,2025-07-30 12:52:31,59.04
2009,2153,weather_disruption,severe_storm,medium,2025-08-22 16:22:52,8.46
2010,2153,port_congestion,labor_strike,medium,2025-08-22 18:45:45,9.73
2011,2154,transport_delay,vehicle_breakdown,medium,2025-09-03 09:44:28,20.65
2012,2154,supplier_failure,bankruptcy,medium,2025-09-03 17:43:36,7.39
2013,2156,transport_delay,fuel_shortage,medium,2024-01-06 12:25:33,20.45
2014,2156,port_congestion,high_demand,medium,2024-01-06 21:45:27,16.27
2015,2157,port_congestion,labor_strike,medium,2025-05-27 17:26:28,8.39
2016,2161,port_congestion,inspection_backlog,high,2024-08-17 04:25:36,64.23
2017,2161,port_congestion,equipment_failure,high,2024-08-18 12:37:54,35.85
2018,2161,port_congestion,high_demand,high,2024-08-25 00:13:39,74.56
2019,2161,port_congestion,inspection_backlog,high,2024-08-25 12:39:28,49.6
2020,2161,transport_delay,road_closure,high,2024-08-29 10:03:57,52.33
2021,2161,transport_delay,vehicle_breakdown,high,2024-08-29 14:27:21,16.63
2022,2163,port_congestion,labor_strike,high,2024-12-06 07:19:03,26.97
2023,2163,port_congestion,equipment_failure,high,2024-12-06 15:09:26,158.81
2024,2163,transport_delay,road_closure,high,2024-12-07 18:40:19,40.2
2025,2163,weather_disruption,fog,high,2024-12-08 21:51:53,14.51
2026,2163,weather_disruption,blizzard,high,2024-12-09 17:59:29,18.96
2027,2163,port_congestion,labor_strike,high,2024-12-09 22:45:45,64.37
2028,2164,transport_delay,fuel_shortage,medium,2023-01-30 03:43:16,7.54
2029,2166,transport_delay,vehicle_breakdown,high,2024-06-12 01:13:52,21.15
2030,2168,port_congestion,high_demand,low,2023-05-09 08:18:39,3.6
2031,2170,supplier_failure,bankruptcy,medium,2024-06-28 10:55:03,10.15
2032,2174,weather_disruption,severe_storm,high,2023-07-28 00:38:47,32.35
2033,2175,transport_delay,fuel_shortage,high,2025-01-08 02:48:32,33.42
2034,2175,weather_disruption,fog,high,2025-01-09 10:12:12,27.48
2035,2175,port_congestion,high_demand,high,2025-01-09 17:00:55,38.01
2036,2182,transport_delay,road_closure,low,2024-11-03 08:59:51,3.09
2037,2186,weather_disruption,flooding,medium,2024-08-13 11:35:41,14.07
2038,2187,supplier_failure,quality_issue,low,2025-10-26 03:49:35,7.37
2039,2188,supplier_failure,production_halt,medium,2025-01-29 13:17:03,6.41
2040,2193,supplier_failure,capacity_shortage,low,2023-05-16 09:49:28,2.8
2041,2194,transport_delay,vehicle_breakdown,high,2024-12-18 10:18:06,41.8
2042,2196,supplier_failure,bankruptcy,medium,2024-09-21 20:14:34,12.3
2043,2197,transport_delay,vehicle_breakdown,medium,2024-07-05 08:03:47,9.52
2044,2197,transport_delay,fuel_shortage,medium,2024-07-05 11:08:17,25.31
2045,2197,port_congestion,high_demand,medium,2024-07-06 03:26:50,10.98
2046,2197,port_congestion,high_demand,medium,2024-07-06 17:03:28,11.38
2047,2197,port_congestion,high_demand,medium,2024-07-07 04:56:01,19.78
2048,2198,port_congestion,high_demand,medium,2024-08-29 14:01:25,73.72
2049,2198,supplier_failure,capacity_shortage,medium,2024-08-29 16:55:18,9.57
2050,2198,transport_delay,border_delay,medium,2024-08-30 17:10:11,8.95
2051,2199,port_congestion,inspection_backlog,low,2025-01-03 13:35:28,5.7
2052,2200,transport_delay,border_delay,medium,2025-10-06 16:04:35,12.63
2053,2200,transport_delay,vehicle_breakdown,medium,2025-10-06 17:10:17,11.7
2054,2202,transport_delay,border_delay,medium,2025-07-15 01:17:15,8.05
2055,2202,supplier_failure,capacity_shortage,medium,2025-07-15 09:37:29,40.8
2056,2202,port_congestion,inspection_backlog,medium,2025-07-15 13:14:59,10.81
2057,2202,transport_delay,road_closure,medium,2025-07-15 13:45:01,13.62
2058,2202,port_congestion,inspection_backlog,medium,2025-07-15 15:42:16,13.37
2059,2202,port_congestion,labor_strike,medium,2025-07-16 04:41:06,18.16
2060,2206,transport_delay,border_delay,low,2025-01-26 04:43:56,5.24
2061,2206,transport_delay,border_delay,low,2025-01-26 14:30:00,19.66
2062,2206,supplier_failure,production_halt,low,2025-01-26 17:12:43,3.25
2063,2207,weather_disruption,hurricane,high,2024-08-16 21:49:30,34.09
2064,2207,transport_delay,vehicle_breakdown,high,2024-08-18 16:10:25,44.4
2065,2207,port_congestion,labor_strike,high,2024-08-19 18:06:57,69.99
2066,2209,port_congestion,inspection_backlog,medium,2025-07-16 16:49:09,8.43
2067,2209,supplier_failure,capacity_shortage,medium,2025-07-17 03:14:26,17.96
2068,2211,transport_delay,road_closure,high,2023-04-01 14:38:20,19.19
2069,2211,transport_delay,vehicle_breakdown,high,2023-04-01 16:19:37,41.19
2070,2215,transport_delay,road_closure,medium,2025-10-14 09:06:28,22.66
2071,2215,weather_disruption,severe_storm,medium,2025-10-15 10:26:10,13.46
2072,2215,transport_delay,road_closure,medium,2025-10-15 20:18:08,4.34
2073,2215,supplier_failure,capacity_shortage,medium,2025-10-16 03:56:08,22.5
2074,2215,weather_disruption,severe_storm,medium,2025-10-16 04:54:47,14.2
2075,2216,port_congestion,inspection_backlog,low,2023-10-02 10:19:54,1.2
2076,2220,port_congestion,equipment_failure,high,2024-09-15 12:31:20,59.99
2077,2221,supplier_failure,production_halt,low,2023-06-16 03:37:53,3.26
2078,2221,weather_disruption,fog,low,2023-06-16 05:03:53,4.1
2079,2221,port_congestion,inspection_backlog,low,2023-06-16 15:24:37,4.68
2080,2221,supplier_failure,quality_issue,low,2023-06-16 23:04:57,6.74
2081,2222,port_congestion,equipment_failure,medium,2024-04-29 09:24:04,43.2
2082,2222,port_congestion,labor_strike,medium,2024-04-29 13:00:24,2.12
2083,2223,transport_delay,border_delay,medium,2025-03-11 09:31:48,7.42
2084,2223,weather_disruption,severe_storm,medium,2025-03-11 18:45:29,27.9
2085,2223,transport_delay,fuel_shortage,medium,2025-03-12 04:39:15,11.21
2086,2223,transport_delay,vehicle_breakdown,medium,2025-03-12 07:21:37,7.75
2087,2230,weather_disruption,blizzard,medium,2023-03-28 02:07:52,10.8
2088,2231,transport_delay,vehicle_breakdown,medium,2024-02-11 06:52:00,19.37
2089,2238,supplier_failure,bankruptcy,high,2023-02-19 11:58:23,6.44
2090,2238,transport_delay,vehicle_breakdown,high,2023-02-22 21:56:33,21.68
2091,2238,weather_disruption,flooding,high,2023-02-23 09:00:07,20.88
2092,2242,supplier_failure,quality_issue,medium,2025-02-17 19:40:50,37.02
2093,2244,transport_delay,vehicle_breakdown,medium,2023-08-01 15:13:28,11.32
2094,2245,weather_disruption,flooding,medium,2023-08-19 02:11:15,19.82
2095,2245,weather_disruption,flooding,medium,2023-08-19 16:44:35,8.8
2096,2245,port_congestion,labor_strike,medium,2023-08-20 00:44:26,13.65
2097,2246,port_congestion,high_demand,medium,2024-09-18 02:11:30,8.1
2098,2246,transport_delay,fuel_shortage,medium,2024-09-18 02:31:45,8.52
2099,2246,transport_delay,fuel_shortage,medium,2024-09-18 21:38:28,48.78
2100,2246,port_congestion,equipment_failure,medium,2024-09-19 02:42:54,6.8
2101,2246,transport_delay,road_closure,medium,2024-09-19 13:15:22,12.02
2102,2250,weather_disruption,severe_storm,medium,2024-03-25 17:49:44,5.56
2103,2251,supplier_failure,bankruptcy,high,2023-12-06 10:50:41,39.48
2104,2251,transport_delay,fuel_shortage,high,2023-12-07 00:06:25,22.24
2105,2251,transport_delay,border_delay,high,2023-12-09 08:28:52,52.78
2106,2251,weather_disruption,fog,high,2023-12-09 15:08:28,57.36
2107,2253,port_congestion,equipment_failure,high,2025-06-19 19:00:25,27.33
2108,2254,weather_disruption,flooding,medium,2025-03-02 01:24:39,6.88
2109,2258,supplier_failure,quality_issue,high,2023-07-16 04:55:35,18.92
2110,2258,port_congestion,labor_strike,high,2023-07-16 12:19:55,65.16
2111,2260,weather_disruption,fog,low,2024-08-04 14:13:51,2.21
2112,2262,transport_delay,border_delay,medium,2023-06-26 10:39:34,12.38
2113,2263,port_congestion,labor_strike,medium,2025-01-27 04:43:29,15.58
2114,2263,transport_delay,vehicle_breakdown,medium,2025-01-27 17:15:50,6.41
2115,2263,transport_delay,fuel_shortage,medium,2025-01-28 01:43:08,13.15
2116,2264,weather_disruption,blizzard,high,2025-05-14 17:55:14,34.75
2117,2264,transport_delay,fuel_shortage,high,2025-05-15 07:07:08,28.35
2118,2264,transport_delay,fuel_shortage,high,2025-05-15 16:32:29,56.65
2119,2265,weather_disruption,blizzard,medium,2025-11-29 23:56:21,13.1
2120,2266,weather_disruption,fog,medium,2024-01-29 14:14:32,17.03
2121,2267,weather_disruption,fog,medium,2024-09-27 01:10:14,22.08
2122,2269,weather_disruption,flooding,medium,2023-04-09 02:08:22,2.63
2123,2272,port_congestion,labor_strike,medium,2023-06-12 03:08:43,21.86
2124,2272,port_congestion,high_demand,medium,2023-06-13 03:05:29,33.85
2125,2272,port_congestion,labor_strike,medium,2023-06-13 21:43:39,3.43
2126,2274,port_congestion,labor_strike,high,2023-08-23 02:07:50,14.58
2127,2274,supplier_failure,bankruptcy,high,2023-08-24 07:44:35,17.89
2128,2274,transport_delay,fuel_shortage,high,2023-08-25 18:47:56,53.54
2129,2274,transport_delay,fuel_shortage,high,2023-08-26 03:47:20,58.6
2130,2274,transport_delay,road_closure,high,2023-08-26 04:05:07,27.39
2131,2274,port_congestion,labor_strike,high,2023-08-26 06:21:21,30.98
2132,2279,transport_delay,fuel_shortage,medium,2023-11-08 06:02:07,34.66
2133,2280,supplier_failure,capacity_shortage,high,2025-08-06 20:51:55,14.3
2134,2281,weather_disruption,blizzard,high,2024-09-01 06:10:15,32.24
2135,2281,port_congestion,labor_strike,high,2024-09-02 14:18:59,36.17
2136,2282,weather_disruption,fog,low,2024-09-08 19:14:54,6.51
2137,2283,transport_delay,vehicle_breakdown,medium,2024-02-11 21:26:13,11.8
2138,2285,port_congestion,labor_strike,low,2023-09-03 05:19:18,8.17
2139,2285,port_congestion,high_demand,low,2023-09-03 05:43:44,1.93
2140,2285,transport_delay,fuel_shortage,low,2023-09-03 07:22:40,4.85
2141,2286,port_congestion,labor_strike,medium,2025-06-20 10:54:17,10.23
2142,2286,port_congestion,high_demand,medium,2025-06-20 13:37:53,13.85
2143,2287,transport_delay,road_closure,high,2025-10-28 03:38:20,15.79
2144,2287,transport_delay,border_delay,high,2025-10-30 03:25:21,54.03
2145,2287,transport_delay,road_closure,high,2025-10-31 13:00:16,33.24
2146,2287,port_congestion,inspection_backlog,high,2025-10-31 14:49:32,45.32
2147,2288,transport_delay,vehicle_breakdown,medium,2024-05-24 07:42:30,10.9
2148,2291,weather_disruption,flooding,high,2024-06-20 09:18:11,13.38
2149,2291,port_congestion,inspection_backlog,high,2024-06-20 16:10:30,16.01
2150,2291,port_congestion,inspection_backlog,high,2024-06-23 17:58:45,51.7
2151,2291,weather_disruption,hurricane,high,2024-06-23 21:28:55,61.73
2152,2291,port_congestion,high_demand,high,2024-06-24 22:15:19,22.33
2153,2292,transport_delay,fuel_shortage,high,2024-09-19 15:57:27,27.78
2154,2294,transport_delay,road_closure,medium,2023-02-05 16:49:44,7.18
2155,2295,supplier_failure,bankruptcy,medium,2025-02-13 16:11:49,16.47
2156,2295,port_congestion,inspection_backlog,medium,2025-02-13 16:16:31,10.27
2157,2295,supplier_failure,quality_issue,medium,2025-02-13 20:16:45,10.13
2158,2296,weather_disruption,severe_storm,medium,2024-11-24 02:19:15,10.12
2159,2296,supplier_failure,bankruptcy,medium,2024-11-24 22:43:27,30.28
2160,2297,transport_delay,fuel_shortage,medium,2023-01-04 09:56:20,8.69
2161,2297,transport_delay,border_delay,medium,2023-01-04 17:41:18,7.95
2162,2297,weather_disruption,hurricane,medium,2023-01-05 18:32:29,16.22
2163,2298,transport_delay,fuel_shortage,low,2025-09-10 13:57:37,11.26
2164,2300,weather_disruption,fog,high,2024-12-02 06:28:51,112.85
2165,2300,port_congestion,inspection_backlog,high,2024-12-02 10:53:23,69.24
2166,2303,supplier_failure,production_halt,medium,2023-03-29 13:20:27,15.03
2167,2308,port_congestion,labor_strike,high,2024-05-18 03:43:31,50.36
2168,2308,transport_delay,fuel_shortage,high,2024-05-18 09:27:08,157.39
2169,2308,port_congestion,high_demand,high,2024-05-22 03:07:42,60.41
2170,2310,weather_disruption,blizzard,medium,2024-09-21 09:20:42,30.89
2171,2311,port_congestion,high_demand,medium,2024-11-09 08:11:32,16.96
2172,2312,transport_delay,fuel_shortage,medium,2025-03-11 14:09:29,9.12
2173,2316,transport_delay,fuel_shortage,high,2025-04-07 12:25:55,45.65
2174,2316,supplier_failure,production_halt,high,2025-04-13 08:18:12,44.12
2175,2317,port_congestion,equipment_failure,high,2023-01-09 13:52:21,54.53
2176,2320,port_congestion,labor_strike,medium,2025-08-31 07:23:18,6.58
2177,2320,supplier_failure,capacity_shortage,medium,2025-08-31 15:49:27,39.85
2178,2321,weather_disruption,severe_storm,high,2023-01-28 20:23:40,20.99
2179,2321,transport_delay,fuel_shortage,high,2023-01-29 17:16:05,25.47
2180,2321,weather_disruption,severe_storm,high,2023-01-30 17:33:23,38.03
2181,2322,supplier_failure,bankruptcy,high,2025-01-06 00:05:12,20.23
2182,2322,supplier_failure,bankruptcy,high,2025-01-06 13:22:03,60.75
2183,2325,port_congestion,equipment_failure,medium,2024-10-25 22:21:17,6.55
2184,2325,port_congestion,high_demand,medium,2024-10-26 06:52:20,11.1
2185,2326,port_congestion,inspection_backlog,high,2024-04-11 22:24:19,44.91
2186,2329,transport_delay,vehicle_breakdown,low,2023-10-11 09:19:51,2.22
2187,2331,port_congestion,labor_strike,medium,2023-05-13 18:31:46,14.5
2188,2331,transport_delay,border_delay,medium,2023-05-14 21:40:19,15.3
2189,2332,transport_delay,vehicle_breakdown,high,2023-06-17 03:38:07,105.56
2190,2332,transport_delay,fuel_shortage,high,2023-06-17 12:17:32,47.32
2191,2333,port_congestion,inspection_backlog,low,2024-08-20 00:56:13,13.67
2192,2335,weather_disruption,severe_storm,medium,2025-06-02 18:15:27,7.33
2193,2336,transport_delay,border_delay,high,2025-06-22 09:23:10,33.48
2194,2336,port_congestion,high_demand,high,2025-06-22 16:32:56,59.75
2195,2336,transport_delay,fuel_shortage,high,2025-06-23 07:53:49,44.28
2196,2336,supplier_failure,capacity_shortage,high,2025-06-25 11:33:09,40.32
2197,2336,transport_delay,fuel_shortage,high,2025-06-27 07:48:22,17.16
2198,2336,port_congestion,inspection_backlog,high,2025-06-29 08:38:56,31.55
2199,2338,supplier_failure,bankruptcy,medium,2025-08-04 04:50:04,25.47
2200,2339,port_congestion,equipment_failure,medium,2023-03-19 14:09:50,7.69
2201,2341,weather_disruption,fog,low,2023-01-09 15:54:01,9.28
2202,2342,transport_delay,vehicle_breakdown,low,2023-02-04 01:49:07,5.8
2203,2342,port_congestion,labor_strike,low,2023-02-04 09:33:11,9.52
2204,2354,weather_disruption,blizzard,low,2024-08-13 02:22:17,6.97
2205,2354,port_congestion,high_demand,low,2024-08-13 08:12:03,3.63
2206,2357,weather_disruption,fog,high,2024-06-15 05:32:26,21.25
2207,2357,weather_disruption,flooding,high,2024-06-15 16:20:45,18.16
2208,2357,port_congestion,equipment_failure,high,2024-06-16 15:13:53,29.0
2209,2363,supplier_failure,quality_issue,medium,2025-08-10 02:23:44,23.08
2210,2364,port_congestion,equipment_failure,medium,2025-07-30 09:52:38,31.23
2211,2365,supplier_failure,production_halt,high,2025-02-14 02:08:48,23.22
2212,2365,supplier_failure,quality_issue,high,2025-02-15 03:19:18,7.48
2213,2365,supplier_failure,capacity_shortage,high,2025-02-16 12:24:49,93.79
2214,2368,port_congestion,high_demand,medium,2025-06-14 16:46:00,13.5
2215,2368,port_congestion,inspection_backlog,medium,2025-06-14 23:16:29,10.15
2216,2368,transport_delay,road_closure,medium,2025-06-14 23:55:31,7.64
2217,2371,port_congestion,inspection_backlog,high,2024-07-11 03:09:39,28.56
2218,2371,weather_disruption,flooding,high,2024-07-15 15:11:17,35.02
2219,2372,transport_delay,border_delay,high,2025-03-15 10:51:51,34.98
2220,2373,weather_disruption,fog,high,2023-10-03 05:51:23,16.43
2221,2373,transport_delay,fuel_shortage,high,2023-10-04 04:19:48,56.66
2222,2373,transport_delay,vehicle_breakdown,high,2023-10-04 08:31:30,67.13
2223,2373,transport_delay,vehicle_breakdown,high,2023-10-04 16:57:51,31.45
2224,2373,transport_delay,road_closure,high,2023-10-06 10:13:27,29.11
2225,2373,transport_delay,fuel_shortage,high,2023-10-06 23:19:55,45.72
2226,2373,transport_delay,fuel_shortage,high,2023-10-07 01:19:16,15.01
2227,2373,port_congestion,labor_strike,high,2023-10-07 03:27:18,48.12
2228,2373,port_congestion,labor_strike,high,2023-10-07 15:13:34,24.81
2229,2373,transport_delay,vehicle_breakdown,high,2023-10-07 18:27:09,56.66
2230,2374,weather_disruption,severe_storm,medium,2024-08-11 07:18:05,10.51
2231,2374,transport_delay,road_closure,medium,2024-08-11 12:43:18,7.58
2232,2374,port_congestion,high_demand,medium,2024-08-11 14:31:53,8.04
2233,2374,transport_delay,fuel_shortage,medium,2024-08-13 11:49:24,2.57
2234,2376,transport_delay,border_delay,low,2025-02-23 14:01:30,1.68
2235,2378,weather_disruption,fog,high,2023-06-21 20:56:06,16.39
2236,2378,transport_delay,border_delay,high,2023-06-22 02:38:41,23.76
2237,2378,weather_disruption,flooding,high,2023-06-22 13:02:54,45.73
2238,2378,supplier_failure,capacity_shortage,high,2023-06-22 22:31:14,49.55
2239,2378,transport_delay,border_delay,high,2023-06-23 14:09:03,26.05
2240,2380,transport_delay,road_closure,low,2023-04-10 18:51:06,4.48
2241,2381,transport_delay,border_delay,medium,2024-10-11 00:01:54,9.39
2242,2382,supplier_failure,bankruptcy,high,2025-07-02 21:49:04,82.53
2243,2385,transport_delay,border_delay,high,2023-05-31 01:08:26,44.55
2244,2386,transport_delay,vehicle_breakdown,high,2023-04-01 06:12:18,33.55
2245,2387,weather_disruption,severe_storm,medium,2024-08-03 10:25:57,27.92
2246,2388,supplier_failure,production_halt,medium,2024-05-18 09:52:35,12.03
2247,2389,transport_delay,fuel_shortage,medium,2023-05-09 00:28:48,10.4
2248,2389,port_congestion,equipment_failure,medium,2023-05-10 15:16:04,6.97
2249,2389,transport_delay,road_closure,medium,2023-05-10 20:14:45,25.38
2250,2391,weather_disruption,severe_storm,medium,2024-12-05 00:26:50,11.66
2251,2392,weather_disruption,severe_storm,high,2024-06-13 09:55:54,30.13
2252,2392,port_congestion,equipment_failure,high,2024-06-15 02:30:35,36.36
2253,2397,weather_disruption,blizzard,low,2023-12-25 01:54:22,4.05
2254,2400,transport_delay,fuel_shortage,medium,2025-03-20 05:26:46,33.09
2255,2400,transport_delay,border_delay,medium,2025-03-20 06:50:37,10.97
2256,2400,transport_delay,road_closure,medium,2025-03-21 04:44:27,9.18
2257,2403,port_congestion,labor_strike,low,2023-06-23 19:31:54,0.93
2258,2404,port_congestion,high_demand,medium,2024-05-12 06:53:25,24.62
2259,2404,transport_delay,fuel_shortage,medium,2024-05-12 10:23:52,7.33
2260,2404,port_congestion,high_demand,medium,2024-05-12 22:13:42,30.91
2261,2404,port_congestion,equipment_failure,medium,2024-05-13 01:24:49,13.06
2262,2406,port_congestion,labor_strike,medium,2024-11-10 11:38:14,29.21
2263,2406,transport_delay,fuel_shortage,medium,2024-11-10 12:42:06,26.17
2264,2407,transport_delay,fuel_shortage,high,2025-06-24 12:17:52,66.47
2265,2407,port_congestion,high_demand,high,2025-06-26 11:58:41,46.32
2266,2408,port_congestion,high_demand,low,2025-03-11 02:05:35,2.56
2267,2410,port_congestion,inspection_backlog,high,2024-12-02 03:52:25,27.18
2268,2410,port_congestion,labor_strike,high,2024-12-03 15:26:51,10.63
2269,2410,supplier_failure,quality_issue,high,2024-12-04 06:49:53,74.25
2270,2410,transport_delay,road_closure,high,2024-12-05 19:48:14,31.19
2271,2410,port_congestion,high_demand,high,2024-12-07 04:07:13,47.63
2272,2412,transport_delay,road_closure,high,2023-10-22 05:02:44,31.5
2273,2413,transport_delay,road_closure,medium,2023-12-02 03:41:59,17.4
2274,2420,transport_delay,vehicle_breakdown,low,2025-05-12 00:08:48,5.47
2275,2423,port_congestion,high_demand,medium,2023-04-03 22:11:42,14.1
2276,2425,transport_delay,road_closure,medium,2025-11-13 01:16:07,12.91
2277,2426,port_congestion,labor_strike,low,2023-11-11 09:34:50,3.31
2278,2426,port_congestion,equipment_failure,low,2023-11-11 18:49:31,3.66
2279,2429,port_congestion,equipment_failure,high,2023-08-29 00:55:23,18.89
2280,2429,weather_disruption,severe_storm,high,2023-08-29 13:19:35,51.35
2281,2429,supplier_failure,quality_issue,high,2023-08-31 03:49:55,28.48
2282,2430,port_congestion,labor_strike,low,2024-10-16 02:19:22,5.55
2283,2431,weather_disruption,blizzard,high,2025-02-21 20:29:23,75.49
2284,2431,transport_delay,border_delay,high,2025-02-24 03:44:11,35.55
2285,2432,transport_delay,border_delay,medium,2023-01-09 04:53:40,8.9
2286,2435,port_congestion,inspection_backlog,medium,2023-11-16 09:54:04,7.11
2287,2436,supplier_failure,production_halt,high,2025-01-30 04:13:23,41.14
2288,2436,transport_delay,vehicle_breakdown,high,2025-01-30 21:48:03,73.93
2289,2436,transport_delay,fuel_shortage,high,2025-01-31 02:20:28,40.45
2290,2436,transport_delay,vehicle_breakdown,high,2025-02-01 12:21:16,138.76
2291,2436,transport_delay,border_delay,high,2025-02-02 13:04:51,44.98
2292,2439,transport_delay,fuel_shortage,medium,2024-04-15 10:17:39,24.37
2293,2441,weather_disruption,blizzard,high,2023-05-04 05:07:24,25.83
2294,2443,transport_delay,vehicle_breakdown,low,2025-09-14 01:40:28,2.79
2295,2444,port_congestion,equipment_failure,low,2024-04-17 12:14:22,4.27
2296,2449,port_congestion,high_demand,low,2023-11-20 06:24:17,8.39
2297,2449,supplier_failure,quality_issue,low,2023-11-20 11:20:50,7.34
2298,2449,transport_delay,fuel_shortage,low,2023-11-20 13:01:21,6.5
2299,2450,transport_delay,vehicle_breakdown,medium,2025-05-17 01:54:01,20.76
2300,2451,weather_disruption,severe_storm,high,2024-05-16 22:17:41,9.97
2301,2452,transport_delay,vehicle_breakdown,high,2025-04-27 11:37:42,24.98
2302,2454,supplier_failure,production_halt,medium,2023-06-13 04:06:54,8.35
2303,2454,port_congestion,labor_strike,medium,2023-06-13 06:55:54,18.32
2304,2454,transport_delay,border_delay,medium,2023-06-13 07:47:01,18.29
2305,2454,supplier_failure,capacity_shortage,medium,2023-06-13 07:49:36,6.83
2306,2454,supplier_failure,capacity_shortage,medium,2023-06-14 04:37:48,11.24
2307,2456,supplier_failure,bankruptcy,medium,2024-07-23 12:24:15,11.16
2308,2456,port_congestion,high_demand,medium,2024-07-24 21:27:00,5.79
2309,2457,transport_delay,fuel_shortage,high,2025-07-31 01:55:04,38.41
2310,2457,port_congestion,equipment_failure,high,2025-08-04 18:36:47,102.29
2311,2458,supplier_failure,production_halt,low,2025-03-27 11:35:09,6.18
2312,2462,port_congestion,equipment_failure,low,2023-06-15 16:35:41,6.3
2313,2462,transport_delay,border_delay,low,2023-06-15 17:16:28,3.33
2314,2462,weather_disruption,flooding,low,2023-06-15 19:30:45,3.29
2315,2463,transport_delay,vehicle_breakdown,medium,2024-03-30 08:45:58,37.15
2316,2463,weather_disruption,flooding,medium,2024-03-30 15:11:45,15.09
2317,2464,transport_delay,fuel_shortage,medium,2024-09-24 15:41:48,10.15
2318,2467,port_congestion,inspection_backlog,medium,2023-02-17 15:01:15,15.44
2319,2468,port_congestion,inspection_backlog,medium,2024-03-26 09:31:27,7.74
2320,2468,transport_delay,border_delay,medium,2024-03-26 18:27:22,4.77
2321,2470,transport_delay,vehicle_breakdown,low,2025-02-16 01:09:59,6.28
2322,2470,weather_disruption,severe_storm,low,2025-02-16 02:53:39,4.38
2323,2470,port_congestion,inspection_backlog,low,2025-02-16 07:31:50,8.88
2324,2472,transport_delay,vehicle_breakdown,medium,2024-12-10 19:40:08,13.35
2325,2473,port_congestion,labor_strike,low,2023-04-02 02:49:27,1.29
2326,2475,weather_disruption,flooding,low,2023-04-08 08:40:00,1.69
2327,2477,transport_delay,road_closure,medium,2024-07-28 12:24:25,9.89
2328,2482,transport_delay,vehicle_breakdown,medium,2025-02-22 15:09:29,16.7
2329,2482,port_congestion,inspection_backlog,medium,2025-02-23 03:43:07,6.73
2330,2482,supplier_failure,production_halt,medium,2025-02-23 05:58:18,11.88
2331,2483,supplier_failure,capacity_shortage,high,2025-02-10 05:46:29,59.24
2332,2483,transport_delay,fuel_shortage,high,2025-02-10 07:46:07,97.18
2333,2485,port_congestion,high_demand,high,2023-09-13 14:26:52,34.52
2334,2485,supplier_failure,quality_issue,high,2023-09-15 04:12:48,33.86
2335,2485,port_congestion,inspection_backlog,high,2023-09-15 06:58:21,35.14
2336,2485,transport_delay,road_closure,high,2023-09-18 01:38:48,72.63
2337,2488,port_congestion,equipment_failure,medium,2025-10-14 20:50:48,35.57
2338,2489,weather_disruption,fog,medium,2024-07-24 03:16:44,20.25
2339,2490,transport_delay,vehicle_breakdown,low,2023-12-03 02:36:17,5.6
2340,2490,port_congestion,equipment_failure,low,2023-12-03 20:08:33,3.95
2341,2491,transport_delay,road_closure,medium,2025-05-24 00:39:18,8.84
2342,2492,port_congestion,inspection_backlog,high,2025-03-11 12:39:15,37.22
2343,2493,transport_delay,fuel_shortage,high,2023-12-08 03:24:37,47.57
2344,2493,weather_disruption,hurricane,high,2023-12-13 23:51:30,34.71
2345,2494,transport_delay,road_closure,medium,2025-09-17 14:33:54,16.12
2346,2495,weather_disruption,flooding,medium,2025-06-24 18:30:59,14.6
2347,2498,supplier_failure,quality_issue,medium,2025-04-26 17:57:27,35.91
2348,2501,weather_disruption,fog,high,2025-06-10 17:38:12,53.17
2349,2503,supplier_failure,production_halt,medium,2025-11-08 08:28:53,7.53
2350,2506,weather_disruption,fog,high,2024-09-15 12:42:21,38.93
2351,2506,port_congestion,equipment_failure,high,2024-09-16 08:15:14,43.1
2352,2506,port_congestion,equipment_failure,high,2024-09-17 22:25:43,14.56
2353,2506,supplier_failure,quality_issue,high,2024-09-22 07:26:43,59.8
2354,2507,weather_disruption,flooding,medium,2023-10-23 11:09:42,5.94
2355,2507,weather_disruption,severe_storm,medium,2023-10-25 12:30:54,10.29
2356,2508,transport_delay,road_closure,high,2025-08-01 02:03:01,70.68
2357,2508,weather_disruption,flooding,high,2025-08-03 00:40:38,60.49
2358,2508,supplier_failure,capacity_shortage,high,2025-08-04 01:45:39,31.55
2359,2508,transport_delay,vehicle_breakdown,high,2025-08-04 03:49:49,14.83
2360,2509,weather_disruption,fog,high,2023-06-14 09:14:45,45.59
2361,2510,transport_delay,road_closure,medium,2024-05-25 22:29:35,20.57
2362,2511,transport_delay,road_closure,high,2024-05-12 04:47:47,55.95
2363,2511,transport_delay,vehicle_breakdown,high,2024-05-12 08:50:50,20.23
2364,2511,supplier_failure,bankruptcy,high,2024-05-13 10:03:31,95.32
2365,2511,transport_delay,road_closure,high,2024-05-13 15:44:50,19.29
2366,2512,port_congestion,high_demand,high,2025-11-14 11:23:47,115.58
2367,2513,transport_delay,road_closure,high,2024-08-24 09:41:18,46.99
2368,2513,port_congestion,high_demand,high,2024-08-30 08:34:11,40.81
2369,2513,transport_delay,vehicle_breakdown,high,2024-08-30 11:11:17,28.88
2370,2515,supplier_failure,production_halt,medium,2024-03-31 15:40:55,10.59
2371,2515,supplier_failure,production_halt,medium,2024-04-01 15:42:44,12.29
2372,2515,transport_delay,road_closure,medium,2024-04-01 19:55:14,9.34
2373,2515,supplier_failure,bankruptcy,medium,2024-04-02 13:39:41,7.05
2374,2516,port_congestion,equipment_failure,medium,2024-05-30 11:57:46,4.95
2375,2517,port_congestion,labor_strike,medium,2025-05-08 08:25:44,30.89
2376,2517,transport_delay,border_delay,medium,2025-05-08 08:39:26,64.38
2377,2518,weather_disruption,hurricane,medium,2023-12-04 06:30:39,12.4
2378,2518,transport_delay,border_delay,medium,2023-12-04 12:58:47,12.22
2379,2523,weather_disruption,flooding,medium,2024-10-12 17:35:01,9.28
2380,2523,port_congestion,labor_strike,medium,2024-10-13 22:43:47,12.12
2381,2525,transport_delay,border_delay,medium,2025-02-08 01:53:10,8.88
2382,2527,weather_disruption,fog,high,2024-09-02 23:42:32,22.23
2383,2529,port_congestion,labor_strike,low,2023-04-01 03:22:50,4.04
2384,2530,port_congestion,equipment_failure,high,2023-03-14 06:32:15,98.31
2385,2530,transport_delay,road_closure,high,2023-03-15 00:25:29,11.05
2386,2530,transport_delay,border_delay,high,2023-03-18 11:24:01,24.14
2387,2531,port_congestion,labor_strike,medium,2023-05-16 15:56:21,17.54
2388,2531,port_congestion,inspection_backlog,medium,2023-05-17 01:46:05,8.02
2389,2531,supplier_failure,capacity_shortage,medium,2023-05-17 13:01:35,5.08
2390,2533,transport_delay,road_closure,medium,2024-06-01 17:15:20,14.08
2391,2536,port_congestion,inspection_backlog,high,2023-08-21 12:39:10,14.27
2392,2536,transport_delay,fuel_shortage,high,2023-08-23 16:31:06,19.75
2393,2537,port_congestion,equipment_failure,medium,2024-05-27 07:32:38,11.07
2394,2537,port_congestion,equipment_failure,medium,2024-05-28 13:51:14,23.45
2395,2538,supplier_failure,capacity_shortage,medium,2023-08-06 13:15:32,15.45
2396,2540,port_congestion,labor_strike,high,2025-05-06 11:33:31,56.35
2397,2540,port_congestion,labor_strike,high,2025-05-07 15:44:52,32.02
2398,2542,transport_delay,road_closure,medium,2023-02-19 14:47:13,6.87
2399,2543,supplier_failure,production_halt,high,2023-05-14 15:55:07,29.18
2400,2544,weather_disruption,hurricane,high,2025-08-21 17:19:22,127.74
2401,2544,weather_disruption,flooding,high,2025-08-24 04:29:18,25.5
2402,2545,transport_delay,fuel_shortage,medium,2024-09-27 21:27:12,23.55
2403,2546,supplier_failure,capacity_shortage,low,2025-10-04 08:14:53,2.89
2404,2547,port_congestion,labor_strike,medium,2023-06-11 03:04:28,6.4
2405,2548,transport_delay,fuel_shortage,high,2024-04-15 10:29:08,19.96
2406,2550,transport_delay,border_delay,medium,2023-11-21 14:43:34,6.57
2407,2550,port_congestion,high_demand,medium,2023-11-22 08:29:31,12.47
2408,2550,transport_delay,vehicle_breakdown,medium,2023-11-22 09:34:14,16.12
2409,2552,port_congestion,equipment_failure,medium,2024-12-24 03:11:10,15.04
2410,2552,weather_disruption,hurricane,medium,2024-12-24 04:39:12,9.29
2411,2552,port_congestion,labor_strike,medium,2024-12-24 04:43:13,23.44
2412,2555,transport_delay,vehicle_breakdown,low,2023-11-07 11:17:48,2.78
2413,2556,port_congestion,inspection_backlog,medium,2023-07-08 19:26:13,17.3
2414,2557,supplier_failure,bankruptcy,medium,2023-05-04 22:15:46,5.82
2415,2560,port_congestion,high_demand,medium,2023-07-09 16:42:08,14.92
2416,2560,transport_delay,fuel_shortage,medium,2023-07-10 08:47:57,9.6
2417,2560,weather_disruption,hurricane,medium,2023-07-10 21:34:54,7.34
2418,2563,transport_delay,vehicle_breakdown,low,2025-08-15 15:45:16,4.02
2419,2565,weather_disruption,flooding,medium,2024-11-20 19:34:10,4.97
2420,2566,transport_delay,border_delay,medium,2023-06-12 11:31:18,13.85
2421,2567,supplier_failure,bankruptcy,high,2023-12-19 20:10:23,29.37
2422,2567,transport_delay,fuel_shortage,high,2023-12-21 04:25:01,16.85
2423,2568,transport_delay,border_delay,high,2025-08-03 15:20:05,65.48
2424,2568,port_congestion,equipment_failure,high,2025-08-08 03:21:19,20.77
2425,2570,port_congestion,high_demand,high,2025-09-30 05:03:18,18.42
2426,2570,transport_delay,fuel_shortage,high,2025-10-02 02:16:47,14.91
2427,2570,port_congestion,high_demand,high,2025-10-02 20:30:15,58.65
2428,2571,transport_delay,fuel_shortage,low,2024-10-17 02:29:35,5.37
2429,2571,transport_delay,road_closure,low,2024-10-17 17:29:22,1.63
2430,2573,transport_delay,road_closure,medium,2023-09-28 18:32:57,10.91
2431,2574,transport_delay,border_delay,high,2024-11-06 21:20:09,29.92
2432,2575,transport_delay,border_delay,medium,2024-01-31 01:47:21,5.61
2433,2577,weather_disruption,severe_storm,medium,2023-11-05 02:06:49,26.41
2434,2577,transport_delay,border_delay,medium,2023-11-05 10:32:19,7.6
2435,2577,weather_disruption,blizzard,medium,2023-11-05 12:35:42,10.52
2436,2578,supplier_failure,quality_issue,low,2025-01-21 08:16:07,6.94
2437,2579,supplier_failure,quality_issue,high,2025-01-10 11:08:19,56.87
2438,2580,port_congestion,high_demand,high,2024-12-24 03:20:49,21.53
2439,2580,port_congestion,high_demand,high,2024-12-24 03:38:27,18.7
2440,2580,transport_delay,border_delay,high,2024-12-24 14:04:22,44.07
2441,2580,port_congestion,high_demand,high,2024-12-24 22:52:20,54.6
2442,2580,transport_delay,road_closure,high,2024-12-25 21:44:10,64.22
2443,2581,transport_delay,border_delay,low,2023-03-25 06:34:40,4.44
2444,2582,transport_delay,vehicle_breakdown,medium,2024-01-01 02:31:17,4.72
2445,2584,transport_delay,vehicle_breakdown,medium,2024-04-08 08:07:45,27.18
2446,2587,port_congestion,inspection_backlog,high,2025-07-16 00:30:37,16.9
2447,2588,port_congestion,equipment_failure,medium,2024-02-22 00:24:13,19.41
2448,2588,port_congestion,high_demand,medium,2024-02-22 17:27:44,14.34
2449,2588,supplier_failure,production_halt,medium,2024-02-23 01:43:27,8.54
2450,2589,port_congestion,high_demand,medium,2023-11-29 09:46:51,18.33
2451,2590,transport_delay,fuel_shortage,medium,2023-11-28 00:49:28,14.47
2452,2590,port_congestion,inspection_backlog,medium,2023-11-28 04:21:39,22.11
2453,2590,transport_delay,fuel_shortage,medium,2023-11-29 13:41:37,5.61
2454,2590,supplier_failure,bankruptcy,medium,2023-11-30 02:42:15,11.8
2455,2591,transport_delay,fuel_shortage,high,2024-02-13 10:15:49,67.52
2456,2594,weather_disruption,severe_storm,high,2025-07-31 02:14:31,27.16
2457,2596,port_congestion,labor_strike,low,2023-10-31 13:46:02,4.21
2458,2598,weather_disruption,fog,low,2024-09-18 07:03:26,5.25
2459,2599,port_congestion,high_demand,medium,2024-08-28 14:15:48,19.63
2460,2600,supplier_failure,bankruptcy,medium,2025-10-25 18:29:21,25.56
2461,2601,port_congestion,inspection_backlog,medium,2025-02-18 05:45:07,11.77
2462,2606,transport_delay,vehicle_breakdown,high,2024-08-14 14:51:19,47.34
2463,2607,transport_delay,vehicle_breakdown,medium,2023-04-16 18:02:29,17.66
2464,2609,port_congestion,equipment_failure,low,2024-10-08 08:32:38,2.58
2465,2609,port_congestion,high_demand,low,2024-10-08 10:32:00,6.79
2466,2610,transport_delay,vehicle_breakdown,low,2023-03-11 07:29:30,4.45
2467,2611,transport_delay,vehicle_breakdown,medium,2023-10-02 10:03:05,6.77
2468,2612,port_congestion,high_demand,medium,2024-08-16 03:00:31,6.73
2469,2612,transport_delay,border_delay,medium,2024-08-16 08:51:27,13.02
2470,2612,weather_disruption,hurricane,medium,2024-08-16 09:30:04,11.65
2471,2612,port_congestion,high_demand,medium,2024-08-16 19:18:18,21.54
2472,2614,transport_delay,road_closure,high,2023-10-22 15:49:13,47.8
2473,2615,transport_delay,fuel_shortage,medium,2023-03-07 14:36:12,11.83
2474,2615,transport_delay,vehicle_breakdown,medium,2023-03-07 17:09:21,29.33
2475,2615,transport_delay,road_closure,medium,2023-03-09 06:43:40,9.12
2476,2617,transport_delay,vehicle_breakdown,medium,2024-10-03 14:33:02,16.51
2477,2617,port_congestion,inspection_backlog,medium,2024-10-03 20:31:47,27.76
2478,2617,weather_disruption,blizzard,medium,2024-10-04 11:17:59,31.92
2479,2620,transport_delay,road_closure,medium,2024-01-18 16:01:18,8.32
2480,2621,weather_disruption,blizzard,high,2023-07-06 22:21:38,18.65
2481,2621,transport_delay,vehicle_breakdown,high,2023-07-08 11:07:05,55.18
2482,2622,transport_delay,border_delay,medium,2023-07-20 10:04:41,7.37
2483,2625,transport_delay,road_closure,high,2023-04-18 11:41:37,124.41
2484,2625,transport_delay,fuel_shortage,high,2023-04-22 01:41:06,21.85
2485,2628,supplier_failure,capacity_shortage,medium,2023-04-02 07:57:15,7.95
2486,2628,weather_disruption,blizzard,medium,2023-04-02 22:42:21,15.19
2487,2630,transport_delay,fuel_shortage,medium,2024-08-25 20:10:25,3.76
2488,2630,transport_delay,vehicle_breakdown,medium,2024-08-26 10:52:01,4.78
2489,2632,transport_delay,fuel_shortage,medium,2023-01-07 04:05:23,22.46
2490,2633,port_congestion,labor_strike,high,2024-02-21 21:16:34,23.72
2491,2634,port_congestion,high_demand,low,2024-04-13 02:59:23,4.9
2492,2634,weather_disruption,blizzard,low,2024-04-13 17:14:46,9.54
2493,2637,weather_disruption,hurricane,high,2024-07-13 04:56:49,66.53
2494,2638,transport_delay,vehicle_breakdown,medium,2025-07-16 11:28:10,6.65
2495,2640,port_congestion,inspection_backlog,medium,2023-07-05 01:18:15,5.95
2496,2642,transport_delay,vehicle_breakdown,medium,2024-03-24 04:17:51,18.33
2497,2645,transport_delay,border_delay,medium,2025-05-08 18:34:13,6.12
2498,2646,weather_disruption,blizzard,high,2024-04-29 23:02:24,15.97
2499,2646,supplier_failure,quality_issue,high,2024-05-02 11:43:33,40.57
2500,2646,port_congestion,high_demand,high,2024-05-03 03:34:11,44.97
2501,2646,transport_delay,road_closure,high,2024-05-03 22:01:55,13.72
2502,2646,port_congestion,inspection_backlog,high,2024-05-05 15:16:01,22.16
2503,2646,port_congestion,labor_strike,high,2024-05-16 15:55:44,55.33
2504,2647,weather_disruption,blizzard,high,2024-04-27 13:18:26,61.54
2505,2647,weather_disruption,severe_storm,high,2024-04-27 21:41:10,27.34
2506,2647,supplier_failure,capacity_shortage,high,2024-04-27 22:32:17,6.81
2507,2647,transport_delay,road_closure,high,2024-04-28 15:31:48,34.73
2508,2648,port_congestion,equipment_failure,high,2025-03-07 05:02:45,16.08
2509,2648,transport_delay,border_delay,high,2025-03-08 03:17:47,36.02
2510,2648,port_congestion,inspection_backlog,high,2025-03-08 17:50:34,18.33
2511,2648,weather_disruption,flooding,high,2025-03-12 06:43:37,56.15
2512,2652,port_congestion,labor_strike,medium,2025-03-30 04:21:50,7.57
2513,2656,port_congestion,equipment_failure,medium,2024-07-06 19:42:48,13.43
2514,2656,weather_disruption,flooding,medium,2024-07-08 20:59:37,6.79
2515,2657,transport_delay,road_closure,low,2023-06-13 03:36:34,5.15
2516,2657,transport_delay,fuel_shortage,low,2023-06-13 05:13:32,2.07
2517,2661,transport_delay,border_delay,medium,2025-02-05 06:48:53,12.23
2518,2662,port_congestion,labor_strike,high,2023-04-07 08:45:29,67.14
2519,2665,port_congestion,equipment_failure,medium,2024-09-03 10:39:02,11.06
2520,2665,transport_delay,fuel_shortage,medium,2024-09-05 02:50:26,7.94
2521,2667,transport_delay,road_closure,medium,2024-09-12 07:41:26,22.33
2522,2668,supplier_failure,quality_issue,medium,2024-01-03 08:31:13,8.23
2523,2670,supplier_failure,quality_issue,medium,2025-06-27 20:15:39,12.68
2524,2675,transport_delay,vehicle_breakdown,medium,2024-12-17 09:06:36,10.77
2525,2677,port_congestion,labor_strike,low,2025-01-28 13:09:56,7.95
2526,2678,transport_delay,road_closure,high,2025-10-05 00:39:57,46.53
2527,2678,transport_delay,border_delay,high,2025-10-05 16:21:32,55.39
2528,2679,port_congestion,labor_strike,medium,2025-03-07 12:00:25,12.43
2529,2681,transport_delay,road_closure,low,2024-04-26 13:49:35,0.8
2530,2682,weather_disruption,hurricane,low,2023-10-07 13:36:26,3.35
2531,2682,supplier_failure,production_halt,low,2023-10-07 17:07:43,5.18
2532,2683,transport_delay,border_delay,medium,2024-02-28 03:12:05,14.5
2533,2683,port_congestion,labor_strike,medium,2024-02-28 03:22:28,15.1
2534,2683,supplier_failure,production_halt,medium,2024-02-28 12:14:25,26.78
2535,2685,transport_delay,fuel_shortage,low,2025-04-22 01:40:37,11.12
2536,2686,weather_disruption,blizzard,high,2023-10-07 03:16:47,10.45
2537,2686,port_congestion,labor_strike,high,2023-10-07 09:11:47,17.73
2538,2686,port_congestion,high_demand,high,2023-10-08 19:47:01,92.1
2539,2686,transport_delay,border_delay,high,2023-10-11 09:52:46,93.57
2540,2687,transport_delay,fuel_shortage,high,2024-03-31 06:57:22,27.4
2541,2689,transport_delay,fuel_shortage,medium,2025-05-01 08:08:42,7.01
2542,2689,supplier_failure,quality_issue,medium,2025-05-01 19:23:13,9.48
2543,2689,transport_delay,fuel_shortage,medium,2025-05-01 22:23:28,16.97
2544,2689,port_congestion,equipment_failure,medium,2025-05-02 08:48:44,11.73
2545,2692,transport_delay,road_closure,medium,2025-02-27 07:19:37,4.96
2546,2692,port_congestion,inspection_backlog,medium,2025-02-28 05:17:48,7.52
2547,2692,transport_delay,road_closure,medium,2025-02-28 08:15:26,21.24
2548,2695,port_congestion,high_demand,medium,2024-11-05 04:04:30,3.99
2549,2695,port_congestion,equipment_failure,medium,2024-11-05 10:21:04,11.3
2550,2696,transport_delay,border_delay,high,2025-06-23 19:33:07,18.22
2551,2696,transport_delay,vehicle_breakdown,high,2025-06-25 13:55:52,22.09
2552,2696,port_congestion,equipment_failure,high,2025-06-26 23:10:57,21.65
2553,2696,supplier_failure,production_halt,high,2025-06-27 04:27:03,31.58
2554,2698,port_congestion,labor_strike,medium,2024-11-05 01:40:57,13.12
2555,2699,transport_delay,vehicle_breakdown,high,2024-12-03 00:34:57,39.72
2556,2699,transport_delay,vehicle_breakdown,high,2024-12-07 13:30:10,20.2
2557,2699,supplier_failure,capacity_shortage,high,2024-12-08 03:30:38,55.84
2558,2703,weather_disruption,flooding,medium,2023-11-20 12:38:36,41.11
2559,2704,weather_disruption,flooding,medium,2023-12-23 06:32:48,24.22
2560,2706,transport_delay,fuel_shortage,high,2023-04-25 11:16:56,30.1
2561,2706,weather_disruption,flooding,high,2023-04-25 20:36:55,31.73
2562,2706,weather_disruption,fog,high,2023-04-26 08:17:54,55.15
2563,2709,transport_delay,border_delay,high,2024-03-22 15:53:29,26.57
2564,2709,transport_delay,fuel_shortage,high,2024-03-23 04:27:47,36.57
2565,2709,supplier_failure,quality_issue,high,2024-03-23 18:27:24,14.21
2566,2713,supplier_failure,production_halt,medium,2025-09-17 03:37:42,12.78
2567,2713,port_congestion,inspection_backlog,medium,2025-09-17 05:03:09,23.14
2568,2713,weather_disruption,severe_storm,medium,2025-09-17 14:06:02,6.3
2569,2713,port_congestion,equipment_failure,medium,2025-09-17 20:52:36,8.36
2570,2713,supplier_failure,bankruptcy,medium,2025-09-18 10:29:33,19.85
2571,2713,port_congestion,high_demand,medium,2025-09-19 13:18:32,9.93
2572,2716,port_congestion,equipment_failure,high,2025-07-23 16:46:23,24.89
2573,2716,port_congestion,inspection_backlog,high,2025-07-27 05:06:30,68.23
2574,2716,transport_delay,road_closure,high,2025-07-27 16:22:44,48.54
2575,2717,transport_delay,border_delay,high,2023-11-25 23:36:34,27.5
2576,2718,supplier_failure,quality_issue,low,2024-01-11 01:17:53,5.15
2577,2718,port_congestion,inspection_backlog,low,2024-01-11 03:46:18,5.42
2578,2718,transport_delay,road_closure,low,2024-01-11 06:10:49,8.53
2579,2720,transport_delay,vehicle_breakdown,low,2025-03-14 19:32:43,1.38
2580,2721,weather_disruption,severe_storm,medium,2023-07-12 06:29:35,18.43
2581,2721,weather_disruption,fog,medium,2023-07-12 06:29:51,23.08
2582,2721,port_congestion,equipment_failure,medium,2023-07-12 11:27:07,7.89
2583,2721,port_congestion,equipment_failure,medium,2023-07-13 12:55:08,7.42
2584,2721,supplier_failure,bankruptcy,medium,2023-07-14 02:27:31,14.98
2585,2721,port_congestion,high_demand,medium,2023-07-14 02:35:38,13.21
2586,2721,port_congestion,labor_strike,medium,2023-07-14 04:17:15,12.78
2587,2723,transport_delay,vehicle_breakdown,medium,2023-03-17 02:05:45,8.76
2588,2724,weather_disruption,severe_storm,medium,2024-07-31 22:02:41,22.91
2589,2725,transport_delay,vehicle_breakdown,medium,2023-08-24 00:55:11,23.77
2590,2727,transport_delay,vehicle_breakdown,low,2025-01-11 14:23:22,2.8
2591,2727,transport_delay,fuel_shortage,low,2025-01-11 14:34:23,4.28
2592,2727,port_congestion,labor_strike,low,2025-01-11 21:23:23,4.88
2593,2729,transport_delay,fuel_shortage,medium,2024-04-16 04:18:45,20.37
2594,2729,weather_disruption,flooding,medium,2024-04-16 20:38:50,7.66
2595,2729,weather_disruption,severe_storm,medium,2024-04-18 00:07:51,23.89
2596,2729,port_congestion,high_demand,medium,2024-04-18 09:58:21,10.1
2597,2731,transport_delay,fuel_shortage,high,2025-10-07 13:10:58,91.14
2598,2734,transport_delay,border_delay,medium,2025-06-30 17:03:49,11.04
2599,2734,port_congestion,high_demand,medium,2025-06-30 21:59:56,22.84
2600,2734,supplier_failure,capacity_shortage,medium,2025-07-01 07:19:02,9.79
2601,2734,port_congestion,inspection_backlog,medium,2025-07-02 11:34:01,15.15
2602,2736,weather_disruption,flooding,high,2024-06-14 01:59:24,92.35
2603,2736,port_congestion,equipment_failure,high,2024-06-14 20:40:18,41.61
2604,2736,transport_delay,fuel_shortage,high,2024-06-16 10:11:54,35.49
2605,2736,port_congestion,inspection_backlog,high,2024-06-16 20:39:42,30.16
2606,2738,weather_disruption,fog,medium,2023-07-26 20:48:37,16.95
2607,2738,port_congestion,inspection_backlog,medium,2023-07-27 04:54:36,16.66
2608,2739,transport_delay,fuel_shortage,low,2025-06-21 00:14:54,3.52
2609,2744,port_congestion,inspection_backlog,high,2024-07-10 09:27:23,40.99
2610,2745,weather_disruption,fog,high,2025-11-22 22:24:08,34.64
2611,2747,weather_disruption,fog,medium,2023-08-19 07:20:58,10.24
2612,2747,transport_delay,road_closure,medium,2023-08-20 01:56:01,50.46
2613,2750,weather_disruption,hurricane,high,2024-04-02 07:57:11,46.89
2614,2751,port_congestion,equipment_failure,high,2024-07-04 13:40:53,35.17
2615,2751,transport_delay,border_delay,high,2024-07-05 18:46:09,32.96
2616,2751,supplier_failure,quality_issue,high,2024-07-06 09:59:09,20.56
2617,2752,port_congestion,inspection_backlog,high,2025-03-19 12:46:30,20.41
2618,2752,port_congestion,labor_strike,high,2025-03-20 03:49:06,79.91
2619,2752,supplier_failure,capacity_shortage,high,2025-03-20 06:05:06,18.29
2620,2752,supplier_failure,quality_issue,high,2025-03-20 17:55:32,53.3
2621,2752,weather_disruption,fog,high,2025-03-22 04:58:59,30.47
2622,2752,weather_disruption,flooding,high,2025-03-24 00:34:32,68.01
2623,2752,weather_disruption,hurricane,high,2025-03-24 11:35:48,68.4
2624,2752,port_congestion,labor_strike,high,2025-03-24 20:03:46,46.84
2625,2755,port_congestion,inspection_backlog,medium,2025-04-04 00:47:23,7.75
2626,2756,transport_delay,vehicle_breakdown,low,2024-08-12 00:47:20,2.94
2627,2756,transport_delay,road_closure,low,2024-08-12 04:23:25,6.13
2628,2756,port_congestion,equipment_failure,low,2024-08-12 06:28:09,3.3
2629,2763,port_congestion,high_demand,medium,2023-12-29 09:57:43,16.32
2630,2763,port_congestion,labor_strike,medium,2023-12-29 10:45:56,12.39
2631,2763,port_congestion,inspection_backlog,medium,2023-12-29 19:37:23,10.69
2632,2765,weather_disruption,hurricane,high,2025-02-26 09:37:18,28.11
2633,2765,transport_delay,border_delay,high,2025-02-26 18:42:06,92.94
2634,2765,transport_delay,border_delay,high,2025-02-28 03:37:34,30.17
2635,2765,transport_delay,road_closure,high,2025-03-01 08:34:33,22.69
2636,2765,port_congestion,labor_strike,high,2025-03-01 10:43:20,93.45
2637,2765,port_congestion,labor_strike,high,2025-03-01 10:59:50,102.29
2638,2766,supplier_failure,quality_issue,high,2023-05-11 18:35:41,61.73
2639,2766,port_congestion,equipment_failure,high,2023-05-12 00:30:39,22.74
2640,2766,port_congestion,labor_strike,high,2023-05-13 09:04:37,52.47
2641,2766,supplier_failure,capacity_shortage,high,2023-05-14 18:01:44,38.04
2642,2767,supplier_failure,bankruptcy,high,2023-12-13 05:51:35,37.48
2643,2767,port_congestion,equipment_failure,high,2023-12-13 22:18:45,96.58
2644,2771,port_congestion,inspection_backlog,low,2025-01-19 05:30:48,5.55
2645,2772,weather_disruption,fog,medium,2025-07-21 08:34:20,13.7
2646,2774,weather_disruption,severe_storm,high,2023-10-20 11:54:30,29.4
2647,2774,transport_delay,vehicle_breakdown,high,2023-10-21 12:10:48,47.1
2648,2774,port_congestion,equipment_failure,high,2023-10-21 20:17:54,24.8
2649,2774,transport_delay,road_closure,high,2023-10-22 06:31:48,15.68
2650,2775,port_congestion,labor_strike,low,2025-01-05 11:26:44,6.51
2651,2776,port_congestion,high_demand,medium,2024-04-20 00:36:32,5.45
2652,2781,transport_delay,vehicle_breakdown,medium,2023-04-16 05:08:54,3.5
2653,2784,weather_disruption,flooding,high,2024-05-21 10:13:40,24.32
2654,2784,transport_delay,road_closure,high,2024-05-21 12:01:47,53.72
2655,2784,port_congestion,high_demand,high,2024-05-21 18:38:09,52.11
2656,2784,port_congestion,inspection_backlog,high,2024-05-22 06:56:43,15.59
2657,2784,port_congestion,inspection_backlog,high,2024-05-26 08:39:20,97.39
2658,2784,transport_delay,border_delay,high,2024-05-27 01:08:38,42.31
2659,2784,transport_delay,fuel_shortage,high,2024-05-27 02:07:37,57.63
2660,2784,transport_delay,border_delay,high,2024-05-27 13:07:33,23.06
2661,2784,weather_disruption,severe_storm,high,2024-05-28 21:46:16,11.8
2662,2785,port_congestion,inspection_backlog,high,2025-10-13 04:23:00,36.76
2663,2785,port_congestion,labor_strike,high,2025-10-16 07:23:25,33.76
2664,2785,port_congestion,high_demand,high,2025-10-17 19:51:54,26.55
2665,2786,port_congestion,inspection_backlog,medium,2023-11-11 02:09:37,30.7
2666,2787,weather_disruption,hurricane,medium,2024-06-18 08:37:06,4.62
2667,2789,supplier_failure,bankruptcy,medium,2025-01-22 09:37:56,27.55
2668,2791,port_congestion,inspection_backlog,medium,2024-08-26 10:00:03,3.77
2669,2792,transport_delay,fuel_shortage,low,2023-02-01 01:31:33,7.57
2670,2793,transport_delay,fuel_shortage,medium,2025-04-03 13:20:35,7.65
2671,2794,supplier_failure,production_halt,medium,2023-01-14 01:22:43,17.45
2672,2794,port_congestion,inspection_backlog,medium,2023-01-15 19:00:42,13.01
2673,2798,port_congestion,equipment_failure,medium,2024-10-09 04:16:20,27.69
2674,2798,supplier_failure,production_halt,medium,2024-10-10 12:26:13,7.69
2675,2799,port_congestion,labor_strike,medium,2025-10-07 02:22:40,13.73
2676,2802,weather_disruption,flooding,high,2024-05-10 06:44:45,16.22
2677,2802,transport_delay,fuel_shortage,high,2024-05-10 11:39:05,49.62
2678,2802,port_congestion,labor_strike,high,2024-05-13 20:19:09,26.51
2679,2802,weather_disruption,severe_storm,high,2024-05-16 01:53:07,75.45
2680,2803,port_congestion,equipment_failure,high,2024-09-27 04:15:29,50.62
2681,2804,supplier_failure,production_halt,medium,2024-08-11 21:11:41,4.36
2682,2806,port_congestion,inspection_backlog,medium,2023-08-14 19:31:00,20.17
2683,2806,port_congestion,high_demand,medium,2023-08-15 17:01:38,29.11
2684,2807,port_congestion,inspection_backlog,medium,2025-01-04 14:34:38,13.22
2685,2808,transport_delay,road_closure,medium,2025-06-18 23:30:56,7.37
2686,2813,supplier_failure,production_halt,medium,2025-10-30 00:23:07,16.84
2687,2814,weather_disruption,flooding,high,2024-04-26 04:33:24,35.47
2688,2814,supplier_failure,bankruptcy,high,2024-04-26 17:33:49,200.0
2689,2814,port_congestion,equipment_failure,high,2024-04-27 21:27:55,14.12
2690,2814,port_congestion,inspection_backlog,high,2024-04-29 03:47:49,44.78
2691,2814,supplier_failure,capacity_shortage,high,2024-04-29 14:47:40,110.22
2692,2814,weather_disruption,flooding,high,2024-04-30 02:38:56,23.66
2693,2815,port_congestion,high_demand,medium,2023-11-09 21:10:05,12.15
2694,2818,supplier_failure,capacity_shortage,high,2025-07-07 03:45:52,36.49
2695,2818,transport_delay,vehicle_breakdown,high,2025-07-10 01:48:10,140.93
2696,2821,transport_delay,vehicle_breakdown,medium,2025-10-11 08:33:53,9.09
2697,2821,supplier_failure,capacity_shortage,medium,2025-10-12 01:28:05,15.42
2698,2821,supplier_failure,production_halt,medium,2025-10-12 13:37:17,12.3
2699,2822,port_congestion,high_demand,high,2025-02-19 02:17:00,49.13
2700,2823,transport_delay,road_closure,high,2024-01-09 00:29:32,74.03
2701,2823,port_congestion,high_demand,high,2024-01-10 00:57:46,70.53
2702,2823,port_congestion,labor_strike,high,2024-01-10 20:35:10,16.74
2703,2823,transport_delay,vehicle_breakdown,high,2024-01-11 16:28:27,71.96
2704,2824,weather_disruption,fog,medium,2025-04-06 10:19:25,9.07
2705,2824,supplier_failure,capacity_shortage,medium,2025-04-06 18:44:58,4.17
2706,2826,transport_delay,border_delay,high,2023-08-27 21:29:20,50.14
2707,2827,supplier_failure,quality_issue,high,2025-01-20 21:03:40,48.22
2708,2827,port_congestion,inspection_backlog,high,2025-01-23 00:16:36,36.03
2709,2828,supplier_failure,quality_issue,high,2024-11-06 05:54:08,24.22
2710,2828,transport_delay,vehicle_breakdown,high,2024-11-08 16:25:04,32.32
2711,2828,transport_delay,fuel_shortage,high,2024-11-08 21:32:59,22.64
2712,2832,transport_delay,vehicle_breakdown,medium,2023-09-04 12:24:48,8.91
2713,2832,weather_disruption,hurricane,medium,2023-09-06 04:11:05,16.04
2714,2833,port_congestion,labor_strike,medium,2024-07-05 11:49:05,15.78
2715,2833,port_congestion,inspection_backlog,medium,2024-07-05 23:59:18,7.02
2716,2833,transport_delay,road_closure,medium,2024-07-06 16:19:55,30.07
2717,2835,port_congestion,high_demand,low,2023-08-29 03:46:40,5.89
2718,2835,weather_disruption,severe_storm,low,2023-08-29 04:09:15,3.42
2719,2837,transport_delay,border_delay,high,2024-02-01 17:09:14,17.76
2720,2837,transport_delay,road_closure,high,2024-02-03 02:31:56,76.78
2721,2838,weather_disruption,hurricane,low,2023-08-20 22:46:28,3.25
2722,2839,port_congestion,inspection_backlog,low,2024-08-31 03:56:56,4.05
2723,2843,weather_disruption,fog,medium,2023-02-04 17:55:51,5.58
2724,2843,weather_disruption,severe_storm,medium,2023-02-05 04:40:04,8.95
2725,2843,transport_delay,vehicle_breakdown,medium,2023-02-05 05:56:52,10.73
2726,2844,supplier_failure,bankruptcy,medium,2025-01-05 02:43:29,7.77
2727,2848,transport_delay,border_delay,medium,2024-11-03 02:50:21,8.24
2728,2848,port_congestion,labor_strike,medium,2024-11-03 06:16:08,9.36
2729,2848,port_congestion,equipment_failure,medium,2024-11-03 08:58:40,6.5
2730,2851,port_congestion,high_demand,high,2023-10-05 02:36:50,110.42
2731,2853,transport_delay,road_closure,low,2023-04-12 00:48:06,1.6
2732,2853,port_congestion,labor_strike,low,2023-04-12 04:30:57,3.84
2733,2854,transport_delay,vehicle_breakdown,medium,2023-07-03 03:46:11,19.79
2734,2859,port_congestion,high_demand,low,2024-02-22 07:51:52,12.66
2735,2861,weather_disruption,fog,high,2025-06-10 06:14:22,20.47
2736,2861,port_congestion,equipment_failure,high,2025-06-11 21:49:56,69.63
2737,2861,transport_delay,vehicle_breakdown,high,2025-06-12 02:19:54,61.95
2738,2862,port_congestion,equipment_failure,medium,2023-08-23 19:49:19,4.89
2739,2862,weather_disruption,hurricane,medium,2023-08-24 02:47:25,35.31
2740,2863,supplier_failure,quality_issue,low,2024-01-13 10:46:50,9.56
2741,2866,transport_delay,vehicle_breakdown,high,2023-03-15 19:30:34,31.68
2742,2866,transport_delay,road_closure,high,2023-03-16 04:11:54,28.58
2743,2867,port_congestion,inspection_backlog,medium,2025-09-09 06:04:15,15.24
2744,2868,transport_delay,fuel_shortage,high,2023-12-21 11:44:24,26.23
2745,2868,transport_delay,border_delay,high,2023-12-21 12:37:59,30.97
2746,2869,supplier_failure,capacity_shortage,high,2023-02-02 02:00:38,28.45
2747,2869,port_congestion,equipment_failure,high,2023-02-02 17:14:05,23.28
2748,2871,supplier_failure,production_halt,high,2024-05-21 18:58:10,21.01
2749,2871,port_congestion,inspection_backlog,high,2024-05-23 06:45:53,44.2
2750,2871,weather_disruption,severe_storm,high,2024-05-23 10:24:30,35.61
2751,2877,transport_delay,border_delay,high,2023-11-13 00:37:35,15.73
2752,2877,supplier_failure,production_halt,high,2023-11-15 17:26:25,72.75
2753,2879,transport_delay,road_closure,medium,2025-02-07 01:38:01,3.78
2754,2879,transport_delay,fuel_shortage,medium,2025-02-07 20:57:32,13.46
2755,2882,supplier_failure,bankruptcy,medium,2024-11-09 07:15:49,28.41
2756,2882,supplier_failure,quality_issue,medium,2024-11-10 05:01:51,15.55
2757,2883,transport_delay,vehicle_breakdown,high,2023-09-02 11:25:16,137.51
2758,2885,port_congestion,inspection_backlog,medium,2023-12-30 03:30:15,13.67
2759,2886,transport_delay,vehicle_breakdown,low,2024-09-06 02:43:03,14.68
2760,2888,transport_delay,fuel_shortage,medium,2025-02-01 00:48:06,19.08
2761,2889,transport_delay,border_delay,high,2023-11-14 09:32:49,23.96
2762,2889,supplier_failure,quality_issue,high,2023-11-15 08:04:17,39.83
2763,2889,port_congestion,high_demand,high,2023-11-15 15:04:49,11.31
2764,2889,port_congestion,high_demand,high,2023-11-16 07:14:38,192.01
2765,2889,transport_delay,road_closure,high,2023-11-17 18:24:13,40.15
2766,2892,weather_disruption,flooding,low,2023-06-19 01:16:45,3.84
2767,2893,supplier_failure,bankruptcy,medium,2025-10-18 12:28:40,14.98
2768,2893,weather_disruption,flooding,medium,2025-10-18 19:10:06,11.04
2769,2897,port_congestion,high_demand,medium,2024-11-24 04:29:05,13.1
2770,2897,weather_disruption,flooding,medium,2024-11-24 10:16:59,18.58
2771,2898,port_congestion,equipment_failure,medium,2023-08-14 04:13:07,9.83
2772,2899,port_congestion,equipment_failure,medium,2024-07-25 08:08:32,16.04
2773,2900,transport_delay,border_delay,low,2023-08-08 03:29:03,4.24
2774,2900,transport_delay,road_closure,low,2023-08-08 08:50:24,6.53
2775,2900,transport_delay,vehicle_breakdown,low,2023-08-08 11:36:07,10.57
2776,2902,supplier_failure,bankruptcy,low,2025-07-09 06:31:00,2.38
2777,2902,port_congestion,labor_strike,low,2025-07-09 15:34:56,2.31
2778,2903,port_congestion,labor_strike,high,2023-04-13 01:57:08,30.3
2779,2903,supplier_failure,bankruptcy,high,2023-04-14 21:27:06,35.45
2780,2903,port_congestion,equipment_failure,high,2023-04-16 14:36:48,25.71
2781,2905,supplier_failure,bankruptcy,high,2023-06-23 00:56:43,16.03
2782,2905,weather_disruption,flooding,high,2023-06-23 12:49:44,56.54
2783,2905,port_congestion,labor_strike,high,2023-06-24 06:40:37,23.63
2784,2906,supplier_failure,quality_issue,high,2024-04-19 21:01:04,36.83
2785,2906,port_congestion,inspection_backlog,high,2024-04-19 21:54:53,19.89
2786,2907,port_congestion,high_demand,medium,2025-10-22 17:36:09,12.67
2787,2908,transport_delay,border_delay,medium,2024-10-09 22:53:19,8.61
2788,2911,transport_delay,road_closure,medium,2023-03-25 08:43:07,15.25
2789,2912,weather_disruption,severe_storm,medium,2024-03-04 05:10:26,10.12
2790,2913,transport_delay,border_delay,low,2024-12-25 18:02:16,2.98
2791,2914,transport_delay,border_delay,high,2023-07-04 01:53:58,44.81
2792,2914,supplier_failure,bankruptcy,high,2023-07-06 05:17:05,64.59
2793,2916,port_congestion,inspection_backlog,medium,2024-10-26 13:51:09,8.91
2794,2916,port_congestion,labor_strike,medium,2024-10-27 04:13:43,20.29
2795,2918,transport_delay,fuel_shortage,high,2023-12-14 10:47:49,47.93
2796,2918,transport_delay,road_closure,high,2023-12-15 08:44:03,16.14
2797,2918,port_congestion,labor_strike,high,2023-12-15 15:24:25,13.23
2798,2924,port_congestion,labor_strike,medium,2024-08-20 01:39:34,8.95
2799,2926,transport_delay,vehicle_breakdown,high,2024-06-21 09:31:59,16.37
2800,2926,transport_delay,vehicle_breakdown,high,2024-07-02 08:30:10,43.96
2801,2926,supplier_failure,production_halt,high,2024-07-03 14:12:02,13.74
2802,2926,transport_delay,fuel_shortage,high,2024-07-07 20:37:50,23.96
2803,2927,weather_disruption,severe_storm,high,2025-07-01 14:06:31,53.31
2804,2927,transport_delay,fuel_shortage,high,2025-07-03 03:25:54,15.63
2805,2927,supplier_failure,production_halt,high,2025-07-05 01:31:41,26.12
2806,2928,port_congestion,inspection_backlog,high,2023-04-13 09:33:09,33.77
2807,2928,supplier_failure,production_halt,high,2023-04-13 10:50:56,11.32
2808,2928,transport_delay,vehicle_breakdown,high,2023-04-14 12:08:34,10.59
2809,2934,weather_disruption,blizzard,medium,2025-08-03 08:40:27,8.39
2810,2937,transport_delay,border_delay,low,2025-04-19 00:40:00,10.47
2811,2937,transport_delay,fuel_shortage,low,2025-04-19 05:47:07,6.1
2812,2942,port_congestion,labor_strike,medium,2024-10-15 22:28:47,11.07
2813,2942,transport_delay,border_delay,medium,2024-10-16 02:18:22,73.9
2814,2944,supplier_failure,quality_issue,low,2025-03-24 02:54:43,4.01
2815,2945,transport_delay,fuel_shortage,medium,2023-10-01 23:55:09,3.54
2816,2946,port_congestion,equipment_failure,medium,2025-07-19 02:09:12,15.29
2817,2946,transport_delay,vehicle_breakdown,medium,2025-07-19 17:12:48,13.6
2818,2947,weather_disruption,severe_storm,high,2023-09-16 07:48:50,21.02
2819,2947,supplier_failure,quality_issue,high,2023-09-22 00:04:39,27.49
2820,2947,port_congestion,inspection_backlog,high,2023-09-23 23:08:21,12.45
2821,2948,weather_disruption,flooding,high,2025-02-13 23:18:38,73.4
2822,2948,port_congestion,labor_strike,high,2025-02-14 04:56:23,51.4
2823,2949,supplier_failure,capacity_shortage,medium,2023-01-15 01:39:05,6.4
2824,2949,port_congestion,inspection_backlog,medium,2023-01-15 07:42:02,11.13
2825,2949,weather_disruption,fog,medium,2023-01-15 13:05:11,4.37
2826,2949,transport_delay,road_closure,medium,2023-01-15 16:30:39,15.88
2827,2950,weather_disruption,flooding,high,2025-10-26 03:40:24,45.25
2828,2951,transport_delay,border_delay,medium,2024-03-29 16:34:47,12.84
2829,2951,supplier_failure,production_halt,medium,2024-03-29 17:43:02,9.4
2830,2951,transport_delay,road_closure,medium,2024-03-30 08:04:01,19.2
2831,2952,port_congestion,inspection_backlog,medium,2025-04-21 16:48:01,7.8
2832,2953,supplier_failure,capacity_shortage,medium,2023-02-26 00:28:50,4.89
2833,2953,weather_disruption,blizzard,medium,2023-02-27 07:14:35,15.17
2834,2954,weather_disruption,severe_storm,medium,2024-03-15 12:47:54,10.97
2835,2954,transport_delay,vehicle_breakdown,medium,2024-03-16 01:00:24,8.99
2836,2955,transport_delay,border_delay,low,2024-02-29 03:51:16,2.87
2837,2959,weather_disruption,flooding,high,2023-06-24 23:47:56,33.66
2838,2959,port_congestion,high_demand,high,2023-06-27 11:07:09,24.18
2839,2959,weather_disruption,fog,high,2023-07-01 13:46:03,44.63
2840,2962,transport_delay,road_closure,high,2024-07-12 20:18:05,21.81
2841,2963,transport_delay,vehicle_breakdown,medium,2023-11-10 15:11:15,5.21
2842,2963,port_congestion,high_demand,medium,2023-11-11 07:22:46,23.11
2843,2965,port_congestion,labor_strike,high,2024-03-26 03:12:35,19.61
2844,2965,supplier_failure,quality_issue,high,2024-03-27 22:58:49,35.66
2845,2965,weather_disruption,severe_storm,high,2024-03-28 12:10:35,20.3
2846,2965,port_congestion,inspection_backlog,high,2024-03-28 14:13:07,32.09
2847,2965,transport_delay,road_closure,high,2024-03-30 13:04:43,12.26
2848,2966,transport_delay,fuel_shortage,high,2025-05-29 05:19:53,8.03
2849,2966,weather_disruption,flooding,high,2025-05-29 16:50:59,50.17
2850,2967,transport_delay,border_delay,medium,2023-12-15 02:24:53,18.39
2851,2968,transport_delay,road_closure,medium,2023-10-16 11:06:31,22.95
2852,2968,port_congestion,high_demand,medium,2023-10-16 13:24:37,9.27
2853,2969,transport_delay,border_delay,high,2024-01-11 12:08:52,27.28
2854,2973,port_congestion,high_demand,high,2024-04-03 05:33:09,33.86
2855,2981,port_congestion,inspection_backlog,low,2023-04-02 03:05:40,6.02
2856,2981,weather_disruption,severe_storm,low,2023-04-02 04:00:30,2.42
2857,2981,supplier_failure,production_halt,low,2023-04-02 13:02:00,2.14
2858,2984,transport_delay,vehicle_breakdown,low,2023-10-12 06:44:06,1.39
2859,2987,port_congestion,equipment_failure,medium,2023-12-13 07:25:06,19.78
2860,2988,weather_disruption,hurricane,high,2025-09-14 22:24:22,24.29
2861,2989,weather_disruption,hurricane,medium,2024-11-14 02:55:59,21.69
2862,2989,transport_delay,border_delay,medium,2024-11-14 18:07:54,13.18
2863,2990,port_congestion,high_demand,high,2024-05-08 01:51:37,43.63
2864,2991,transport_delay,border_delay,high,2023-06-21 02:57:34,17.55
2865,2991,transport_delay,fuel_shortage,high,2023-06-22 01:23:05,34.2
2866,2991,transport_delay,fuel_shortage,high,2023-06-22 20:03:44,20.99
2867,2991,supplier_failure,capacity_shortage,high,2023-06-24 01:36:27,22.06
2868,2991,supplier_failure,bankruptcy,high,2023-06-24 13:32:21,40.54
2869,2992,transport_delay,vehicle_breakdown,medium,2025-03-30 22:30:25,8.04
2870,3000,transport_delay,border_delay,medium,2024-12-04 04:40:44,6.22
2871,3001,transport_delay,border_delay,medium,2023-12-09 04:26:52,18.95
2872,3001,transport_delay,border_delay,medium,2023-12-09 13:42:24,21.64
2873,3001,transport_delay,border_delay,medium,2023-12-10 02:00:47,18.86
2874,3004,weather_disruption,hurricane,medium,2023-07-11 06:52:39,18.42
2875,3006,transport_delay,border_delay,high,2023-08-24 08:45:04,29.25
2876,3007,weather_disruption,severe_storm,high,2024-07-09 05:08:27,38.96
2877,3007,transport_delay,border_delay,high,2024-07-11 00:52:57,33.74
2878,3008,supplier_failure,capacity_shortage,high,2023-09-06 20:12:00,30.64
2879,3008,port_congestion,labor_strike,high,2023-09-09 21:13:29,40.48
2880,3009,transport_delay,road_closure,high,2024-07-09 08:19:27,24.64
2881,3012,transport_delay,vehicle_breakdown,medium,2025-07-06 03:40:32,27.83
2882,3012,port_congestion,high_demand,medium,2025-07-06 19:32:09,15.89
2883,3013,port_congestion,equipment_failure,medium,2024-05-30 13:01:01,12.18
2884,3013,transport_delay,border_delay,medium,2024-05-31 03:09:05,6.85
2885,3015,transport_delay,border_delay,medium,2023-03-24 15:23:33,24.8
2886,3019,transport_delay,fuel_shortage,low,2024-06-30 08:58:37,1.68
2887,3022,port_congestion,equipment_failure,medium,2024-07-02 12:24:16,14.81
2888,3022,supplier_failure,bankruptcy,medium,2024-07-03 17:52:37,20.7
2889,3023,weather_disruption,blizzard,medium,2024-01-31 17:56:16,6.76
2890,3025,weather_disruption,flooding,high,2023-07-25 10:36:03,30.37
2891,3025,weather_disruption,flooding,high,2023-07-25 22:09:29,56.28
2892,3026,supplier_failure,capacity_shortage,high,2024-12-02 07:36:00,84.47
2893,3026,supplier_failure,bankruptcy,high,2024-12-02 12:15:36,16.83
2894,3026,transport_delay,fuel_shortage,high,2024-12-02 16:53:09,69.13
2895,3027,transport_delay,vehicle_breakdown,high,2024-09-27 22:19:58,23.71
2896,3027,transport_delay,road_closure,high,2024-09-29 05:53:01,14.19
2897,3028,port_congestion,inspection_backlog,high,2023-05-02 21:41:39,23.25
2898,3028,port_congestion,inspection_backlog,high,2023-05-04 19:09:22,101.25
2899,3030,transport_delay,vehicle_breakdown,medium,2025-01-26 23:25:50,10.06
2900,3032,transport_delay,vehicle_breakdown,medium,2023-10-29 22:48:30,14.01
2901,3032,transport_delay,road_closure,medium,2023-10-29 23:45:59,3.58
2902,3033,transport_delay,fuel_shortage,medium,2023-04-02 21:57:17,12.67
2903,3038,port_congestion,labor_strike,medium,2023-07-17 14:57:32,14.08
2904,3038,weather_disruption,fog,medium,2023-07-18 03:35:20,13.38
2905,3041,weather_disruption,blizzard,medium,2023-08-11 01:45:19,6.08
2906,3041,transport_delay,vehicle_breakdown,medium,2023-08-11 10:12:10,22.8
2907,3041,port_congestion,inspection_backlog,medium,2023-08-12 02:46:59,7.85
2908,3042,weather_disruption,flooding,medium,2024-11-13 14:03:53,16.38
2909,3043,weather_disruption,fog,low,2025-08-25 00:34:18,4.01
2910,3044,port_congestion,equipment_failure,medium,2024-11-14 19:02:07,6.37
2911,3045,supplier_failure,bankruptcy,low,2024-05-01 03:06:27,1.87
2912,3045,transport_delay,road_closure,low,2024-05-01 07:51:35,12.95
2913,3046,transport_delay,vehicle_breakdown,medium,2025-06-16 11:15:19,9.46
2914,3049,transport_delay,fuel_shortage,medium,2023-07-10 09:27:55,6.47
2915,3049,supplier_failure,capacity_shortage,medium,2023-07-10 23:02:23,18.08
2916,3051,port_congestion,equipment_failure,low,2024-10-01 10:59:49,4.24
2917,3051,weather_disruption,severe_storm,low,2024-10-01 20:49:55,8.5
2918,3054,transport_delay,road_closure,medium,2023-06-28 08:53:19,11.37
2919,3055,weather_disruption,blizzard,medium,2024-06-11 02:44:38,9.68
2920,3055,weather_disruption,blizzard,medium,2024-06-11 15:45:56,30.93
2921,3055,port_congestion,labor_strike,medium,2024-06-13 11:22:27,16.57
2922,3057,port_congestion,equipment_failure,medium,2024-08-14 15:07:29,8.51
2923,3058,port_congestion,inspection_backlog,low,2024-06-05 08:40:20,11.39
2924,3059,supplier_failure,production_halt,medium,2025-05-16 09:54:26,11.96
2925,3059,port_congestion,inspection_backlog,medium,2025-05-16 11:23:13,15.26
2926,3059,port_congestion,high_demand,medium,2025-05-16 21:41:01,12.16
2927,3059,port_congestion,equipment_failure,medium,2025-05-17 16:19:02,10.72
2928,3060,transport_delay,border_delay,low,2023-02-03 19:21:18,8.75
2929,3061,weather_disruption,fog,high,2023-07-11 09:22:54,16.35
2930,3062,weather_disruption,fog,medium,2023-02-15 01:47:34,18.03
2931,3063,transport_delay,border_delay,high,2025-11-30 08:18:29,36.21
2932,3063,transport_delay,vehicle_breakdown,high,2025-12-01 08:10:54,26.17
2933,3066,transport_delay,vehicle_breakdown,high,2023-12-01 13:51:30,38.11
2934,3066,transport_delay,vehicle_breakdown,high,2023-12-02 03:24:44,34.65
2935,3066,transport_delay,border_delay,high,2023-12-03 10:27:59,50.16
2936,3066,port_congestion,high_demand,high,2023-12-03 16:37:18,17.52
2937,3066,weather_disruption,hurricane,high,2023-12-06 22:00:51,14.47
2938,3067,supplier_failure,bankruptcy,low,2023-05-19 03:54:38,3.39
2939,3068,transport_delay,fuel_shortage,high,2023-10-21 11:24:32,32.9
2940,3068,port_congestion,labor_strike,high,2023-10-22 03:22:22,49.76
2941,3068,transport_delay,road_closure,high,2023-10-24 05:11:21,23.28
2942,3069,transport_delay,fuel_shortage,medium,2024-04-19 01:54:24,4.94
2943,3070,weather_disruption,flooding,high,2025-06-29 19:32:44,32.63
2944,3070,transport_delay,border_delay,high,2025-07-07 05:09:44,31.45
2945,3070,port_congestion,inspection_backlog,high,2025-07-07 21:34:33,74.38
2946,3070,supplier_failure,bankruptcy,high,2025-07-09 09:52:57,22.34
2947,3070,port_congestion,equipment_failure,high,2025-07-09 22:54:59,13.61
2948,3075,port_congestion,labor_strike,medium,2025-04-15 07:31:00,43.91
2949,3075,transport_delay,vehicle_breakdown,medium,2025-04-16 02:12:23,10.43
2950,3075,transport_delay,fuel_shortage,medium,2025-04-16 08:43:04,34.92
2951,3076,weather_disruption,severe_storm,medium,2023-01-22 07:10:15,14.84
2952,3081,supplier_failure,quality_issue,high,2025-01-30 04:42:00,47.68
2953,3081,port_congestion,high_demand,high,2025-01-30 21:09:32,40.59
2954,3081,transport_delay,border_delay,high,2025-02-02 00:04:50,82.36
2955,3085,transport_delay,fuel_shortage,low,2023-08-26 16:21:30,3.44
2956,3087,port_congestion,labor_strike,medium,2023-12-31 23:25:13,6.34
2957,3088,weather_disruption,flooding,high,2025-06-07 20:51:23,38.33
2958,3088,transport_delay,fuel_shortage,high,2025-06-08 03:58:21,18.01
2959,3088,port_congestion,high_demand,high,2025-06-08 12:46:06,44.54
2960,3090,supplier_failure,bankruptcy,medium,2024-03-17 22:32:13,22.1
2961,3095,port_congestion,labor_strike,medium,2023-03-31 05:28:32,6.89
2962,3097,transport_delay,fuel_shortage,medium,2024-11-08 06:02:53,13.18
2963,3097,transport_delay,border_delay,medium,2024-11-09 04:12:49,6.87
2964,3097,port_congestion,equipment_failure,medium,2024-11-09 18:48:41,21.92
2965,3106,port_congestion,inspection_backlog,medium,2023-12-13 06:38:18,25.25
2966,3106,transport_delay,border_delay,medium,2023-12-14 07:05:35,10.5
2967,3110,supplier_failure,bankruptcy,high,2025-06-19 05:58:01,18.74
2968,3110,port_congestion,labor_strike,high,2025-06-19 11:33:09,32.98
2969,3111,supplier_failure,quality_issue,high,2024-03-07 18:02:58,27.55
2970,3111,weather_disruption,flooding,high,2024-03-08 21:01:21,52.65
2971,3111,weather_disruption,flooding,high,2024-03-09 00:44:33,35.69
2972,3111,transport_delay,vehicle_breakdown,high,2024-03-09 09:29:04,26.4
2973,3111,supplier_failure,capacity_shortage,high,2024-03-09 18:47:47,40.4
2974,3111,supplier_failure,capacity_shortage,high,2024-03-10 05:41:04,66.94
2975,3112,transport_delay,road_closure,high,2024-01-06 12:53:38,28.94
2976,3112,transport_delay,border_delay,high,2024-01-08 21:06:56,19.7
2977,3114,weather_disruption,severe_storm,high,2024-01-04 04:09:01,10.82
2978,3114,port_congestion,labor_strike,high,2024-01-04 06:56:45,39.95
2979,3114,transport_delay,road_closure,high,2024-01-05 18:22:39,75.41
2980,3114,transport_delay,fuel_shortage,high,2024-01-06 16:58:25,36.31
2981,3116,transport_delay,fuel_shortage,high,2023-08-05 21:15:37,15.04
2982,3116,transport_delay,border_delay,high,2023-08-11 22:18:15,74.8
2983,3116,weather_disruption,blizzard,high,2023-08-14 07:57:08,19.12
2984,3116,transport_delay,fuel_shortage,high,2023-08-15 02:54:42,17.27
2985,3116,transport_delay,border_delay,high,2023-08-17 12:32:57,10.82
2986,3117,port_congestion,labor_strike,high,2024-03-09 11:01:11,42.6
2987,3117,port_congestion,high_demand,high,2024-03-10 13:36:37,14.22
2988,3117,transport_delay,border_delay,high,2024-03-11 02:32:02,31.55
2989,3117,transport_delay,fuel_shortage,high,2024-03-11 04:35:07,21.43
2990,3118,supplier_failure,bankruptcy,high,2023-10-31 00:25:03,51.49
2991,3118,transport_delay,fuel_shortage,high,2023-10-31 18:50:23,52.13
2992,3118,transport_delay,border_delay,high,2023-11-01 12:23:32,54.7
2993,3120,transport_delay,border_delay,medium,2024-07-16 14:05:50,14.35
2994,3121,port_congestion,inspection_backlog,high,2024-08-15 18:43:58,36.66
2995,3123,port_congestion,inspection_backlog,low,2023-02-03 14:18:59,3.51
2996,3126,supplier_failure,bankruptcy,medium,2023-09-05 19:53:56,22.62
2997,3127,weather_disruption,hurricane,medium,2025-08-25 04:05:37,17.04
2998,3131,port_congestion,high_demand,medium,2024-04-10 04:52:43,4.22
2999,3131,port_congestion,labor_strike,medium,2024-04-10 20:59:32,4.2
3000,3132,transport_delay,road_closure,low,2025-02-17 13:50:08,3.46
3001,3135,supplier_failure,bankruptcy,high,2025-06-16 20:46:39,47.88
3002,3135,transport_delay,border_delay,high,2025-06-17 23:35:27,29.09
3003,3135,transport_delay,road_closure,high,2025-06-18 22:16:25,15.75
3004,3136,transport_delay,fuel_shortage,medium,2023-12-16 19:26:49,14.2
3005,3137,transport_delay,fuel_shortage,low,2023-01-22 02:38:59,3.36
3006,3137,transport_delay,vehicle_breakdown,low,2023-01-22 10:00:28,2.91
3007,3138,weather_disruption,flooding,high,2025-07-08 16:19:54,63.28
3008,3138,weather_disruption,fog,high,2025-07-09 13:13:18,35.39
3009,3139,transport_delay,border_delay,low,2024-12-14 03:34:07,3.43
3010,3139,port_congestion,equipment_failure,low,2024-12-14 04:50:56,1.95
3011,3140,supplier_failure,production_halt,high,2025-01-02 06:15:27,31.18
3012,3140,port_congestion,inspection_backlog,high,2025-01-04 16:20:27,51.08
3013,3141,port_congestion,labor_strike,medium,2023-03-10 03:00:54,14.45
3014,3145,supplier_failure,capacity_shortage,medium,2024-09-21 12:22:00,6.39
3015,3149,transport_delay,border_delay,medium,2023-07-18 08:41:40,5.51
3016,3150,supplier_failure,capacity_shortage,low,2024-03-10 07:23:20,2.08
3017,3150,supplier_failure,production_halt,low,2024-03-10 16:20:30,2.17
3018,3152,port_congestion,high_demand,medium,2024-09-18 17:33:13,10.09
3019,3153,port_congestion,inspection_backlog,high,2023-05-08 09:22:28,33.41
3020,3153,port_congestion,inspection_backlog,high,2023-05-08 10:13:31,28.0
3021,3153,port_congestion,equipment_failure,high,2023-05-11 02:09:50,37.08
3022,3153,weather_disruption,severe_storm,high,2023-05-12 12:21:34,58.94
3023,3153,port_congestion,high_demand,high,2023-05-13 01:04:27,67.51
3024,3154,transport_delay,border_delay,high,2024-08-29 02:25:57,40.34
3025,3154,port_congestion,labor_strike,high,2024-08-29 04:05:30,27.5
3026,3154,supplier_failure,bankruptcy,high,2024-08-31 11:11:26,48.24
3027,3155,supplier_failure,quality_issue,low,2023-11-27 18:03:53,3.94
3028,3156,port_congestion,high_demand,high,2023-01-15 00:41:50,45.12
3029,3156,supplier_failure,quality_issue,high,2023-01-18 22:52:48,36.71
3030,3157,weather_disruption,blizzard,medium,2023-02-07 17:07:24,5.4
3031,3158,transport_delay,road_closure,medium,2024-08-29 19:16:40,28.14
3032,3160,transport_delay,border_delay,high,2024-02-28 02:33:53,37.61
3033,3163,weather_disruption,flooding,low,2025-06-27 01:31:21,1.68
3034,3165,supplier_failure,production_halt,high,2024-03-31 13:00:24,59.88
3035,3165,supplier_failure,quality_issue,high,2024-04-01 03:32:56,8.72
3036,3165,port_congestion,inspection_backlog,high,2024-04-01 13:10:13,71.85
3037,3166,weather_disruption,blizzard,medium,2023-07-17 16:25:47,7.03
3038,3166,port_congestion,high_demand,medium,2023-07-18 09:00:10,2.81
3039,3168,transport_delay,fuel_shortage,high,2023-06-13 17:39:14,28.03
3040,3168,port_congestion,labor_strike,high,2023-06-15 03:15:50,16.98
3041,3169,transport_delay,fuel_shortage,medium,2023-08-13 04:38:03,36.88
3042,3175,port_congestion,labor_strike,medium,2023-02-05 06:02:03,3.04
3043,3176,weather_disruption,flooding,low,2024-07-24 07:56:29,2.16
3044,3177,port_congestion,inspection_backlog,medium,2025-08-12 17:50:47,6.28
3045,3179,port_congestion,labor_strike,high,2025-04-03 09:22:18,20.55
3046,3179,weather_disruption,fog,high,2025-04-04 01:36:28,50.02
3047,3181,port_congestion,high_demand,medium,2024-03-03 00:05:15,15.86
3048,3181,port_congestion,high_demand,medium,2024-03-03 00:10:30,27.39
3049,3182,port_congestion,high_demand,medium,2024-07-03 04:55:18,18.57
3050,3182,transport_delay,border_delay,medium,2024-07-03 13:22:26,19.13
3051,3182,transport_delay,border_delay,medium,2024-07-03 19:02:01,3.82
3052,3183,transport_delay,road_closure,high,2025-03-30 09:34:06,17.19
3053,3183,port_congestion,inspection_backlog,high,2025-04-01 18:34:57,30.69
3054,3187,weather_disruption,severe_storm,medium,2024-06-21 15:10:56,17.68
3055,3187,port_congestion,equipment_failure,medium,2024-06-22 11:40:23,4.78
3056,3189,port_congestion,high_demand,medium,2023-03-25 09:13:19,13.72
3057,3191,weather_disruption,hurricane,low,2023-05-23 00:01:10,5.77
3058,3193,transport_delay,border_delay,medium,2023-06-10 09:34:56,19.98
3059,3194,port_congestion,high_demand,high,2023-12-16 23:47:28,15.23
3060,3195,port_congestion,equipment_failure,medium,2025-05-05 18:15:36,7.74
3061,3196,port_congestion,labor_strike,high,2024-05-18 16:57:51,126.3
3062,3198,weather_disruption,hurricane,medium,2024-07-05 00:09:38,28.92
3063,3200,port_congestion,equipment_failure,medium,2024-01-08 10:49:51,17.42
3064,3201,supplier_failure,capacity_shortage,high,2025-09-07 21:02:32,49.45
3065,3204,transport_delay,border_delay,medium,2023-09-14 18:53:43,41.56
3066,3204,supplier_failure,bankruptcy,medium,2023-09-15 06:39:06,6.14
3067,3204,transport_delay,border_delay,medium,2023-09-15 22:07:26,26.25
3068,3205,port_congestion,inspection_backlog,medium,2023-09-26 05:37:50,11.14
3069,3206,weather_disruption,severe_storm,medium,2023-10-14 06:53:42,5.37
3070,3206,port_congestion,equipment_failure,medium,2023-10-14 23:07:27,14.84
3071,3208,supplier_failure,production_halt,medium,2023-11-27 03:24:06,11.63
3072,3212,port_congestion,high_demand,medium,2023-08-01 12:27:41,9.59
3073,3216,port_congestion,equipment_failure,medium,2024-05-02 14:46:02,16.86
3074,3220,weather_disruption,severe_storm,medium,2024-03-19 07:09:46,9.48
3075,3221,transport_delay,vehicle_breakdown,high,2023-11-16 19:45:38,34.74
3076,3221,port_congestion,high_demand,high,2023-11-19 19:21:02,44.94
3077,3226,port_congestion,high_demand,medium,2025-04-04 23:24:47,41.88
3078,3227,weather_disruption,blizzard,medium,2025-09-17 19:10:25,27.3
3079,3229,port_congestion,equipment_failure,medium,2024-10-20 00:27:11,8.54
3080,3230,supplier_failure,production_halt,high,2023-09-27 20:01:31,29.75
3081,3230,port_congestion,high_demand,high,2023-09-29 13:43:56,23.43
3082,3233,supplier_failure,production_halt,medium,2024-01-18 22:55:06,3.43
3083,3237,transport_delay,border_delay,medium,2023-02-24 08:54:14,16.51
3084,3237,port_congestion,equipment_failure,medium,2023-02-24 14:19:23,42.6
3085,3238,supplier_failure,quality_issue,high,2023-10-31 19:27:48,22.78
3086,3243,port_congestion,high_demand,high,2023-06-26 01:17:52,36.49
3087,3243,supplier_failure,bankruptcy,high,2023-06-27 07:10:18,51.4
3088,3243,weather_disruption,flooding,high,2023-06-28 11:47:38,19.19
3089,3244,weather_disruption,fog,high,2023-07-20 00:59:12,65.52
3090,3244,weather_disruption,fog,high,2023-07-20 01:33:57,43.5
3091,3244,weather_disruption,blizzard,high,2023-07-22 11:47:07,20.01
3092,3246,transport_delay,vehicle_breakdown,high,2025-03-22 01:34:13,74.35
3093,3248,transport_delay,fuel_shortage,high,2025-03-04 00:42:03,24.64
3094,3248,supplier_failure,production_halt,high,2025-03-05 12:36:46,42.84
3095,3249,transport_delay,border_delay,medium,2025-09-22 06:39:10,4.67
3096,3250,transport_delay,border_delay,medium,2024-05-26 11:18:04,43.81
3097,3250,port_congestion,high_demand,medium,2024-05-26 16:40:33,9.46
3098,3250,transport_delay,border_delay,medium,2024-05-27 13:39:19,10.44
3099,3256,supplier_failure,capacity_shortage,medium,2025-01-07 06:36:32,18.92
3100,3258,supplier_failure,bankruptcy,medium,2025-08-19 21:43:58,98.93
3101,3258,transport_delay,vehicle_breakdown,medium,2025-08-19 23:33:51,11.59
3102,3259,supplier_failure,bankruptcy,low,2023-09-23 06:22:48,4.39
3103,3261,transport_delay,border_delay,high,2025-05-08 18:20:33,7.54
3104,3261,port_congestion,inspection_backlog,high,2025-05-10 13:28:50,40.91
3105,3261,transport_delay,vehicle_breakdown,high,2025-05-11 14:17:26,28.59
3106,3261,port_congestion,high_demand,high,2025-05-11 21:18:09,33.67
3107,3261,port_congestion,inspection_backlog,high,2025-05-16 14:32:49,20.91
3108,3262,weather_disruption,blizzard,low,2023-06-19 03:25:47,6.33
3109,3266,port_congestion,inspection_backlog,low,2023-10-31 01:18:03,3.45
3110,3266,transport_delay,border_delay,low,2023-10-31 03:13:02,7.63
3111,3267,weather_disruption,fog,medium,2023-05-11 03:18:09,9.23
3112,3268,supplier_failure,quality_issue,high,2025-07-10 13:49:11,61.28
3113,3268,transport_delay,fuel_shortage,high,2025-07-12 13:27:59,16.44
3114,3268,port_congestion,equipment_failure,high,2025-07-12 17:32:06,37.57
3115,3269,supplier_failure,bankruptcy,high,2023-10-08 18:53:25,62.19
3116,3269,port_congestion,labor_strike,high,2023-10-09 19:13:14,14.15
3117,3269,port_congestion,inspection_backlog,high,2023-10-10 04:28:23,33.86
3118,3270,port_congestion,inspection_backlog,medium,2024-09-17 04:58:47,10.2
3119,3272,transport_delay,border_delay,medium,2024-12-25 08:52:08,9.62
3120,3272,supplier_failure,bankruptcy,medium,2024-12-25 12:20:53,12.56
3121,3273,transport_delay,border_delay,medium,2023-11-20 00:55:12,32.58
3122,3275,weather_disruption,fog,medium,2025-07-19 13:53:43,15.77
3123,3275,transport_delay,fuel_shortage,medium,2025-07-20 11:06:26,16.89
3124,3276,weather_disruption,severe_storm,medium,2025-01-28 01:09:49,7.63
3125,3277,port_congestion,high_demand,medium,2025-08-06 00:08:38,26.64
3126,3278,port_congestion,equipment_failure,medium,2025-11-30 04:17:43,16.5
3127,3279,weather_disruption,hurricane,low,2024-01-28 09:51:12,5.95
3128,3279,weather_disruption,blizzard,low,2024-01-28 11:58:28,0.88
3129,3279,weather_disruption,blizzard,low,2024-01-28 14:17:49,2.72
3130,3280,transport_delay,border_delay,high,2025-04-06 04:58:48,33.1
3131,3280,port_congestion,labor_strike,high,2025-04-10 21:27:28,39.57
3132,3280,transport_delay,vehicle_breakdown,high,2025-04-11 05:36:15,39.65
3133,3281,transport_delay,border_delay,high,2023-12-14 08:06:42,11.89
3134,3282,transport_delay,border_delay,low,2024-12-10 02:42:14,4.53
3135,3282,transport_delay,vehicle_breakdown,low,2024-12-10 06:20:51,6.97
3136,3282,transport_delay,road_closure,low,2024-12-10 10:13:09,6.01
3137,3287,transport_delay,border_delay,high,2024-02-15 00:55:49,26.37
3138,3287,transport_delay,border_delay,high,2024-02-17 14:09:46,53.51
3139,3287,transport_delay,vehicle_breakdown,high,2024-02-20 04:46:03,20.82
3140,3288,weather_disruption,flooding,medium,2024-04-05 05:38:21,26.74
3141,3288,supplier_failure,capacity_shortage,medium,2024-04-06 07:01:07,4.61
3142,3288,supplier_failure,quality_issue,medium,2024-04-06 19:12:41,11.13
3143,3290,transport_delay,road_closure,medium,2025-10-05 11:20:17,8.24
3144,3290,transport_delay,fuel_shortage,medium,2025-10-05 23:43:42,8.71
3145,3293,port_congestion,labor_strike,medium,2023-04-25 05:55:40,6.31
3146,3293,transport_delay,fuel_shortage,medium,2023-04-25 15:28:03,16.36
3147,3293,transport_delay,fuel_shortage,medium,2023-04-27 03:35:33,10.6
3148,3294,weather_disruption,fog,medium,2023-03-26 07:18:50,5.83
3149,3294,supplier_failure,capacity_shortage,medium,2023-03-26 21:30:21,30.65
3150,3295,transport_delay,border_delay,medium,2025-05-04 20:47:43,13.53
3151,3297,transport_delay,road_closure,high,2024-08-06 15:36:47,42.3
3152,3297,supplier_failure,bankruptcy,high,2024-08-07 14:03:31,139.55
3153,3299,port_congestion,inspection_backlog,high,2024-10-30 19:47:23,17.88
3154,3299,weather_disruption,hurricane,high,2024-10-31 06:23:27,17.12
3155,3301,weather_disruption,flooding,medium,2023-04-06 00:34:00,15.71
3156,3301,port_congestion,high_demand,medium,2023-04-06 01:37:14,12.77
3157,3303,port_congestion,high_demand,medium,2025-07-18 01:50:09,7.77
3158,3306,port_congestion,high_demand,medium,2024-02-24 02:33:02,13.97
3159,3308,supplier_failure,production_halt,low,2025-08-31 10:20:08,9.26
3160,3312,port_congestion,labor_strike,high,2025-11-26 06:27:28,32.18
3161,3312,port_congestion,inspection_backlog,high,2025-11-28 09:08:58,36.03
3162,3312,supplier_failure,quality_issue,high,2025-11-28 10:01:25,17.43
3163,3312,port_congestion,equipment_failure,high,2025-11-28 12:14:55,36.53
3164,3313,transport_delay,vehicle_breakdown,medium,2024-04-25 22:03:01,26.3
3165,3314,weather_disruption,flooding,medium,2025-03-15 01:36:35,13.23
3166,3317,port_congestion,labor_strike,medium,2025-10-17 17:45:05,17.17
3167,3321,supplier_failure,production_halt,low,2023-07-26 08:44:05,3.58
3168,3322,weather_disruption,blizzard,medium,2024-05-04 17:27:35,12.09
3169,3327,transport_delay,vehicle_breakdown,medium,2025-11-21 19:44:22,13.29
3170,3328,weather_disruption,fog,low,2025-01-21 11:14:01,4.69
3171,3328,port_congestion,equipment_failure,low,2025-01-21 11:20:46,3.46
3172,3329,port_congestion,equipment_failure,medium,2024-10-11 14:41:05,9.7
3173,3331,transport_delay,fuel_shortage,high,2025-01-19 21:16:13,30.09
3174,3332,transport_delay,fuel_shortage,low,2024-01-27 01:24:38,2.65
3175,3332,transport_delay,fuel_shortage,low,2024-01-27 11:34:18,3.94
3176,3337,port_congestion,inspection_backlog,medium,2024-07-30 02:18:33,11.76
3177,3337,transport_delay,fuel_shortage,medium,2024-07-30 09:20:14,27.49
3178,3340,transport_delay,vehicle_breakdown,high,2024-09-15 14:30:48,37.62
3179,3340,weather_disruption,blizzard,high,2024-09-17 14:21:24,85.6
3180,3341,weather_disruption,severe_storm,high,2024-07-31 14:37:42,38.47
3181,3341,port_congestion,equipment_failure,high,2024-08-01 05:49:25,22.92
3182,3343,transport_delay,road_closure,high,2025-11-05 08:54:25,42.81
3183,3343,supplier_failure,capacity_shortage,high,2025-11-05 10:46:02,51.8
3184,3343,transport_delay,road_closure,high,2025-11-07 04:11:23,11.39
3185,3343,supplier_failure,production_halt,high,2025-11-07 11:49:50,24.1
3186,3347,port_congestion,high_demand,low,2023-05-08 16:10:03,2.97
3187,3350,supplier_failure,quality_issue,medium,2025-05-27 09:29:33,8.59
3188,3351,weather_disruption,fog,high,2025-10-15 18:12:12,79.0
3189,3351,weather_disruption,fog,high,2025-10-15 19:50:38,12.11
3190,3355,transport_delay,vehicle_breakdown,medium,2024-12-19 01:05:49,10.33
3191,3359,port_congestion,high_demand,medium,2024-10-21 07:56:37,7.89
3192,3360,port_congestion,labor_strike,medium,2025-07-24 04:55:45,24.47
3193,3361,weather_disruption,flooding,medium,2024-02-04 16:58:31,10.16
3194,3362,port_congestion,high_demand,medium,2023-01-13 09:38:57,5.06
3195,3362,supplier_failure,capacity_shortage,medium,2023-01-13 15:59:45,6.68
3196,3363,port_congestion,labor_strike,high,2024-12-05 18:28:31,25.63
3197,3363,port_congestion,equipment_failure,high,2024-12-07 12:25:14,70.94
3198,3365,transport_delay,road_closure,medium,2023-09-18 02:51:35,6.67
3199,3365,supplier_failure,bankruptcy,medium,2023-09-18 04:11:47,20.43
3200,3367,transport_delay,fuel_shortage,medium,2023-04-26 18:30:10,30.58
3201,3367,port_congestion,high_demand,medium,2023-04-27 12:32:28,5.33
3202,3368,port_congestion,equipment_failure,medium,2025-06-18 01:02:10,14.13
3203,3368,transport_delay,vehicle_breakdown,medium,2025-06-20 01:55:54,18.12
3204,3369,transport_delay,road_closure,low,2025-04-18 17:20:06,7.7
3205,3370,port_congestion,labor_strike,medium,2024-06-05 07:34:05,20.07
3206,3370,weather_disruption,fog,medium,2024-06-06 00:24:20,13.71
3207,3377,transport_delay,vehicle_breakdown,medium,2025-10-29 09:06:33,7.13
3208,3377,weather_disruption,fog,medium,2025-10-29 10:47:10,9.04
3209,3377,transport_delay,vehicle_breakdown,medium,2025-10-29 12:33:19,9.15
3210,3377,transport_delay,fuel_shortage,medium,2025-10-29 17:15:25,22.38
3211,3377,port_congestion,equipment_failure,medium,2025-10-29 22:23:55,18.05
3212,3377,transport_delay,fuel_shortage,medium,2025-10-30 19:49:35,10.84
3213,3383,weather_disruption,fog,medium,2025-03-06 02:49:47,6.03
3214,3383,port_congestion,labor_strike,medium,2025-03-06 10:43:30,10.18
3215,3383,transport_delay,border_delay,medium,2025-03-06 12:30:35,29.09
3216,3387,port_congestion,equipment_failure,medium,2025-01-25 10:38:29,4.94
3217,3387,transport_delay,road_closure,medium,2025-01-25 11:08:18,11.67
3218,3388,transport_delay,border_delay,medium,2023-03-20 21:14:20,10.5
3219,3388,transport_delay,road_closure,medium,2023-03-21 06:55:51,6.47
3220,3389,transport_delay,vehicle_breakdown,medium,2025-08-18 10:51:58,9.54
3221,3390,transport_delay,border_delay,medium,2023-11-26 18:48:18,2.68
3222,3394,port_congestion,equipment_failure,medium,2025-07-09 12:27:41,8.64
3223,3394,port_congestion,equipment_failure,medium,2025-07-09 18:02:40,7.34
3224,3395,transport_delay,border_delay,medium,2025-04-26 16:34:39,16.39
3225,3395,port_congestion,equipment_failure,medium,2025-04-26 23:28:37,16.56
3226,3397,transport_delay,road_closure,low,2025-03-29 02:57:20,5.76
3227,3398,supplier_failure,bankruptcy,high,2023-06-28 11:09:37,36.03
3228,3400,weather_disruption,hurricane,high,2024-04-29 22:44:54,73.91
3229,3400,transport_delay,road_closure,high,2024-05-02 18:11:51,46.42
3230,3400,weather_disruption,severe_storm,high,2024-05-03 01:48:55,39.89
3231,3400,supplier_failure,capacity_shortage,high,2024-05-03 01:52:17,17.83
3232,3400,port_congestion,equipment_failure,high,2024-05-03 03:47:50,54.01
3233,3400,transport_delay,fuel_shortage,high,2024-05-07 08:13:45,60.2
3234,3400,transport_delay,border_delay,high,2024-05-07 17:39:08,19.62
3235,3402,port_congestion,inspection_backlog,medium,2023-09-25 08:51:30,21.13
3236,3402,supplier_failure,quality_issue,medium,2023-09-25 12:00:12,13.09
3237,3402,weather_disruption,blizzard,medium,2023-09-26 13:14:45,3.59
3238,3403,transport_delay,vehicle_breakdown,medium,2024-07-13 12:19:45,14.08
3239,3403,transport_delay,border_delay,medium,2024-07-13 20:50:18,4.45
3240,3404,weather_disruption,hurricane,medium,2023-11-09 02:52:48,24.65
3241,3404,transport_delay,road_closure,medium,2023-11-09 16:35:40,6.17
3242,3406,transport_delay,border_delay,medium,2023-01-03 01:58:33,23.34
3243,3407,transport_delay,road_closure,high,2025-04-26 03:26:49,38.0
3244,3407,transport_delay,road_closure,high,2025-04-27 01:20:11,29.43
3245,3407,supplier_failure,production_halt,high,2025-04-28 02:41:01,17.67
3246,3407,transport_delay,border_delay,high,2025-04-29 22:54:58,33.89
3247,3407,weather_disruption,hurricane,high,2025-04-30 05:09:31,12.59
3248,3408,transport_delay,fuel_shortage,medium,2025-11-04 20:24:19,26.22
3249,3409,transport_delay,vehicle_breakdown,medium,2024-07-15 03:18:31,16.23
3250,3410,port_congestion,equipment_failure,medium,2023-03-05 00:58:57,6.26
3251,3411,port_congestion,equipment_failure,medium,2025-10-21 05:53:07,4.84
3252,3417,port_congestion,labor_strike,low,2023-02-04 08:42:22,5.81
3253,3418,supplier_failure,bankruptcy,medium,2023-02-02 14:41:28,5.85
3254,3421,transport_delay,fuel_shortage,medium,2025-07-26 13:42:20,16.77
3255,3423,weather_disruption,blizzard,medium,2025-07-13 01:17:42,22.81
3256,3423,weather_disruption,blizzard,medium,2025-07-13 13:57:44,5.44
3257,3424,transport_delay,fuel_shortage,medium,2023-03-17 07:10:46,7.64
3258,3424,port_congestion,inspection_backlog,medium,2023-03-18 05:45:36,11.84
3259,3424,transport_delay,vehicle_breakdown,medium,2023-03-18 09:42:53,11.14
3260,3425,supplier_failure,bankruptcy,medium,2024-01-03 10:16:14,51.34
3261,3426,port_congestion,high_demand,high,2025-08-09 02:25:03,31.43
3262,3430,transport_delay,fuel_shortage,medium,2024-07-27 01:42:27,7.56
3263,3432,port_congestion,inspection_backlog,high,2025-08-27 22:25:08,35.16
3264,3434,weather_disruption,severe_storm,high,2024-09-11 17:06:06,34.63
3265,3434,transport_delay,border_delay,high,2024-09-12 07:19:35,29.88
3266,3438,transport_delay,vehicle_breakdown,medium,2024-11-23 13:31:57,15.04
3267,3441,transport_delay,border_delay,medium,2023-02-21 01:14:32,16.3
3268,3441,supplier_failure,quality_issue,medium,2023-02-23 02:02:23,26.47
3269,3441,transport_delay,vehicle_breakdown,medium,2023-02-23 02:54:09,35.34
3270,3443,port_congestion,inspection_backlog,medium,2023-08-23 07:43:25,8.52
3271,3443,port_congestion,inspection_backlog,medium,2023-08-23 15:10:39,15.82
3272,3445,port_congestion,equipment_failure,high,2024-08-01 04:30:21,20.71
3273,3445,transport_delay,fuel_shortage,high,2024-08-02 16:12:16,30.57
3274,3445,weather_disruption,fog,high,2024-08-02 23:14:47,19.02
3275,3450,port_congestion,inspection_backlog,medium,2024-10-09 05:34:22,20.06
3276,3452,transport_delay,vehicle_breakdown,high,2024-07-07 08:44:31,74.37
3277,3452,transport_delay,border_delay,high,2024-07-08 05:52:20,43.25
3278,3459,weather_disruption,severe_storm,medium,2025-08-06 19:20:46,15.6
3279,3461,transport_delay,road_closure,medium,2024-05-03 01:52:46,3.98
3280,3462,port_congestion,inspection_backlog,low,2023-03-16 12:23:05,2.75
3281,3463,supplier_failure,bankruptcy,low,2024-03-10 12:21:11,2.84
3282,3465,port_congestion,equipment_failure,low,2023-03-15 01:57:35,2.88
3283,3467,supplier_failure,capacity_shortage,medium,2024-11-16 00:21:05,8.57
3284,3468,supplier_failure,capacity_shortage,medium,2025-06-06 20:58:55,19.29
3285,3470,weather_disruption,blizzard,high,2025-05-27 09:55:07,72.49
3286,3472,weather_disruption,flooding,medium,2025-05-26 04:09:15,27.11
3287,3473,supplier_failure,production_halt,medium,2023-02-17 05:26:21,5.98
3288,3475,supplier_failure,bankruptcy,medium,2023-05-06 06:41:52,7.12
3289,3475,transport_delay,vehicle_breakdown,medium,2023-05-06 20:16:48,12.04
3290,3475,transport_delay,fuel_shortage,medium,2023-05-08 03:19:15,8.71
3291,3475,transport_delay,road_closure,medium,2023-05-08 11:14:22,13.27
3292,3478,transport_delay,fuel_shortage,medium,2023-09-17 16:30:56,4.86
3293,3483,weather_disruption,flooding,medium,2023-09-23 07:10:13,9.15
3294,3485,weather_disruption,fog,medium,2024-06-27 07:43:17,14.49
3295,3492,supplier_failure,production_halt,high,2024-07-27 23:03:32,23.22
3296,3492,port_congestion,equipment_failure,high,2024-07-28 21:17:24,54.17
3297,3495,supplier_failure,production_halt,low,2023-02-09 06:49:28,5.83
3298,3495,supplier_failure,production_halt,low,2023-02-09 07:39:57,2.17
3299,3496,weather_disruption,severe_storm,medium,2023-08-22 05:40:11,6.64
3300,3504,transport_delay,vehicle_breakdown,high,2025-07-30 20:43:46,39.29
3301,3504,port_congestion,inspection_backlog,high,2025-07-31 15:00:25,14.91
3302,3505,transport_delay,fuel_shortage,medium,2025-09-07 18:01:45,20.59
3303,3508,transport_delay,border_delay,high,2025-06-17 00:43:11,42.57
3304,3508,transport_delay,vehicle_breakdown,high,2025-06-21 16:16:27,43.66
3305,3508,transport_delay,fuel_shortage,high,2025-06-24 20:24:19,8.17
3306,3508,supplier_failure,capacity_shortage,high,2025-06-26 04:31:08,23.24
3307,3508,weather_disruption,fog,high,2025-06-26 23:30:40,24.36
3308,3510,transport_delay,road_closure,medium,2023-08-31 05:38:58,5.9
3309,3511,supplier_failure,capacity_shortage,medium,2024-07-30 00:06:19,21.38
3310,3511,transport_delay,road_closure,medium,2024-07-30 07:35:00,11.04
3311,3511,supplier_failure,bankruptcy,medium,2024-07-30 08:01:19,7.08
3312,3513,supplier_failure,quality_issue,high,2023-09-16 10:05:40,19.63
3313,3513,supplier_failure,bankruptcy,high,2023-09-16 13:40:47,29.11
3314,3513,transport_delay,road_closure,high,2023-09-18 06:31:02,62.59
3315,3515,weather_disruption,flooding,high,2025-08-05 20:29:39,17.84
3316,3515,supplier_failure,capacity_shortage,high,2025-08-07 07:17:09,21.48
3317,3517,supplier_failure,bankruptcy,low,2024-07-08 01:44:47,12.88
3318,3517,supplier_failure,bankruptcy,low,2024-07-08 06:06:22,3.47
3319,3519,port_congestion,high_demand,low,2025-09-01 05:09:06,5.94
3320,3520,weather_disruption,blizzard,medium,2023-03-15 12:25:20,19.42
3321,3522,port_congestion,equipment_failure,medium,2023-10-21 20:19:44,9.85
3322,3523,transport_delay,road_closure,medium,2024-11-23 16:40:34,37.71
3323,3523,transport_delay,vehicle_breakdown,medium,2024-11-23 16:59:17,23.34
3324,3528,weather_disruption,flooding,high,2023-03-19 18:02:29,16.32
3325,3528,port_congestion,equipment_failure,high,2023-03-20 17:05:31,37.42
3326,3529,supplier_failure,production_halt,medium,2024-09-13 01:22:11,6.56
3327,3537,port_congestion,high_demand,low,2023-03-08 15:08:09,5.49
3328,3538,supplier_failure,production_halt,medium,2025-05-31 22:20:56,9.87
3329,3540,supplier_failure,capacity_shortage,high,2024-09-24 02:42:54,40.81
3330,3540,supplier_failure,quality_issue,high,2024-09-26 07:27:26,36.56
3331,3541,transport_delay,border_delay,high,2024-09-14 14:21:39,104.24
3332,3544,transport_delay,fuel_shortage,medium,2024-09-16 08:57:35,2.23
3333,3544,port_congestion,labor_strike,medium,2024-09-16 21:31:31,23.24
3334,3544,port_congestion,inspection_backlog,medium,2024-09-17 01:02:23,9.27
3335,3544,port_congestion,inspection_backlog,medium,2024-09-17 15:08:35,41.15
3336,3548,port_congestion,equipment_failure,high,2025-06-05 13:09:53,87.83
3337,3549,supplier_failure,quality_issue,medium,2025-07-12 08:21:55,7.94
3338,3550,transport_delay,fuel_shortage,high,2024-05-09 14:14:12,38.05
3339,3553,weather_disruption,severe_storm,medium,2023-06-04 20:54:12,12.81
3340,3554,transport_delay,fuel_shortage,high,2025-05-22 08:52:14,189.93
3341,3559,weather_disruption,fog,medium,2024-08-25 23:09:25,36.89
3342,3559,transport_delay,border_delay,medium,2024-08-26 20:03:23,20.6
3343,3562,port_congestion,high_demand,medium,2024-08-17 04:17:38,3.35
3344,3562,port_congestion,labor_strike,medium,2024-08-17 04:32:51,12.65
3345,3562,port_congestion,labor_strike,medium,2024-08-17 16:04:18,10.85
3346,3562,supplier_failure,quality_issue,medium,2024-08-18 19:18:58,12.02
3347,3563,port_congestion,equipment_failure,high,2023-02-10 10:25:32,88.94
3348,3563,port_congestion,high_demand,high,2023-02-12 04:23:51,16.48
3349,3564,transport_delay,fuel_shortage,medium,2025-04-27 19:05:59,30.72
3350,3566,weather_disruption,hurricane,high,2024-03-12 00:30:20,53.64
3351,3566,weather_disruption,flooding,high,2024-03-13 16:32:30,58.64
3352,3566,port_congestion,equipment_failure,high,2024-03-13 21:42:50,7.05
3353,3566,transport_delay,border_delay,high,2024-03-14 13:49:40,32.12
3354,3568,port_congestion,equipment_failure,high,2024-08-17 19:01:40,50.26
3355,3568,port_congestion,equipment_failure,high,2024-08-19 06:43:26,185.42
3356,3568,transport_delay,border_delay,high,2024-08-21 01:08:31,71.51
3357,3570,port_congestion,labor_strike,low,2023-01-16 14:51:31,2.79
3358,3571,transport_delay,road_closure,high,2023-05-15 12:00:09,33.49
3359,3571,transport_delay,vehicle_breakdown,high,2023-05-15 18:33:17,29.04
3360,3571,supplier_failure,quality_issue,high,2023-05-15 23:39:38,20.87
3361,3571,transport_delay,border_delay,high,2023-05-17 19:56:22,141.99
3362,3572,supplier_failure,quality_issue,low,2025-08-06 03:30:27,2.07
3363,3573,port_congestion,labor_strike,low,2024-07-23 01:04:29,2.71
3364,3574,supplier_failure,bankruptcy,medium,2023-10-14 09:35:57,25.87
3365,3574,port_congestion,inspection_backlog,medium,2023-10-15 02:56:49,30.7
3366,3577,transport_delay,fuel_shortage,medium,2023-06-26 05:31:05,14.92
3367,3578,weather_disruption,blizzard,medium,2023-07-22 20:42:15,11.74
3368,3578,port_congestion,high_demand,medium,2023-07-22 23:07:29,10.29
3369,3578,weather_disruption,severe_storm,medium,2023-07-23 08:16:10,20.51
3370,3582,weather_disruption,flooding,high,2024-12-10 13:05:22,28.78
3371,3582,transport_delay,vehicle_breakdown,high,2024-12-12 19:44:27,28.95
3372,3584,transport_delay,road_closure,high,2025-03-27 02:46:02,25.83
3373,3585,supplier_failure,bankruptcy,high,2023-10-23 10:39:52,37.32
3374,3585,transport_delay,road_closure,high,2023-10-24 07:32:02,44.49
3375,3590,port_congestion,labor_strike,medium,2023-11-10 00:12:53,12.98
3376,3591,port_congestion,high_demand,medium,2023-09-09 03:22:05,22.72
3377,3591,transport_delay,vehicle_breakdown,medium,2023-09-09 21:45:18,27.06
3378,3592,weather_disruption,flooding,high,2023-01-10 05:03:53,41.57
3379,3592,port_congestion,equipment_failure,high,2023-01-11 04:12:37,22.98
3380,3594,transport_delay,border_delay,medium,2024-08-15 02:18:48,5.28
3381,3594,transport_delay,border_delay,medium,2024-08-15 18:19:16,8.74
3382,3594,transport_delay,road_closure,medium,2024-08-16 04:06:32,10.86
3383,3594,transport_delay,road_closure,medium,2024-08-16 14:48:29,4.81
3384,3597,weather_disruption,flooding,low,2023-07-08 03:46:17,4.26
3385,3597,transport_delay,vehicle_breakdown,low,2023-07-08 13:35:16,3.2
3386,3598,port_congestion,equipment_failure,high,2023-03-22 00:20:38,60.03
3387,3598,transport_delay,road_closure,high,2023-03-22 09:22:09,47.19
3388,3598,port_congestion,equipment_failure,high,2023-03-23 03:06:53,40.63
3389,3598,supplier_failure,production_halt,high,2023-03-24 19:24:27,17.37
3390,3598,weather_disruption,hurricane,high,2023-03-24 23:25:35,18.14
3391,3598,weather_disruption,blizzard,high,2023-03-25 14:44:57,26.7
3392,3601,transport_delay,road_closure,medium,2024-12-23 03:52:53,6.0
3393,3601,port_congestion,inspection_backlog,medium,2024-12-23 06:06:27,10.07
3394,3601,port_congestion,high_demand,medium,2024-12-23 19:39:38,4.16
3395,3601,port_congestion,inspection_backlog,medium,2024-12-23 22:01:01,5.82
3396,3601,transport_delay,road_closure,medium,2024-12-23 22:29:13,25.36
3397,3601,port_congestion,high_demand,medium,2024-12-24 08:44:29,10.0
3398,3602,supplier_failure,capacity_shortage,medium,2025-10-09 08:39:53,16.19
3399,3602,transport_delay,road_closure,medium,2025-10-09 19:33:18,22.15
3400,3602,port_congestion,equipment_failure,medium,2025-10-11 06:23:50,22.55
3401,3603,weather_disruption,blizzard,low,2024-10-25 15:30:57,2.5
3402,3604,weather_disruption,blizzard,high,2023-11-28 01:11:18,49.82
3403,3607,supplier_failure,capacity_shortage,medium,2025-09-17 04:32:23,19.31
3404,3610,supplier_failure,capacity_shortage,high,2023-07-22 17:22:55,24.42
3405,3610,port_congestion,high_demand,high,2023-07-23 23:38:18,60.59
3406,3611,weather_disruption,fog,high,2024-07-15 17:10:22,63.92
3407,3611,weather_disruption,flooding,high,2024-07-17 16:50:09,49.14
3408,3611,port_congestion,high_demand,high,2024-07-18 13:45:10,39.47
3409,3613,weather_disruption,blizzard,medium,2023-01-14 15:58:18,24.81
3410,3614,supplier_failure,quality_issue,high,2025-08-27 03:11:31,22.07
3411,3615,weather_disruption,blizzard,medium,2023-02-26 03:29:29,20.26
3412,3615,port_congestion,labor_strike,medium,2023-02-26 10:07:23,23.13
3413,3615,weather_disruption,severe_storm,medium,2023-02-28 01:22:03,10.63
3414,3615,port_congestion,labor_strike,medium,2023-02-28 19:29:14,10.69
3415,3615,port_congestion,labor_strike,medium,2023-02-28 20:06:50,6.66
3416,3617,transport_delay,vehicle_breakdown,medium,2025-05-04 12:49:55,3.43
3417,3617,transport_delay,fuel_shortage,medium,2025-05-04 19:25:04,26.45
3418,3621,weather_disruption,fog,medium,2024-05-21 23:45:57,9.98
3419,3625,transport_delay,vehicle_breakdown,medium,2023-12-10 03:24:48,9.95
3420,3629,transport_delay,border_delay,high,2024-02-20 03:57:47,23.06
3421,3630,port_congestion,equipment_failure,medium,2024-11-23 07:45:18,13.49
3422,3633,transport_delay,vehicle_breakdown,medium,2024-05-29 00:19:12,12.16
3423,3633,supplier_failure,production_halt,medium,2024-05-29 01:20:25,30.75
3424,3638,port_congestion,labor_strike,low,2024-11-03 17:16:57,5.07
3425,3640,weather_disruption,blizzard,medium,2023-03-28 14:35:47,15.2
3426,3640,supplier_failure,quality_issue,medium,2023-03-30 00:12:49,11.22
3427,3641,port_congestion,high_demand,medium,2025-10-10 03:06:01,23.81
3428,3642,port_congestion,labor_strike,high,2025-03-04 23:05:00,13.79
3429,3642,transport_delay,border_delay,high,2025-03-05 18:46:11,27.67
3430,3642,port_congestion,equipment_failure,high,2025-03-05 21:47:08,38.06
3431,3642,port_congestion,labor_strike,high,2025-03-06 18:18:15,41.72
3432,3643,port_congestion,high_demand,medium,2024-07-31 01:10:23,17.79
3433,3643,weather_disruption,hurricane,medium,2024-07-31 05:49:40,11.37
3434,3645,port_congestion,high_demand,medium,2024-08-17 18:37:24,20.57
3435,3645,supplier_failure,capacity_shortage,medium,2024-08-18 00:00:00,17.99
3436,3646,supplier_failure,production_halt,low,2023-12-24 15:32:30,5.6
3437,3653,port_congestion,high_demand,high,2024-01-16 11:27:46,20.64
3438,3653,port_congestion,equipment_failure,high,2024-01-17 04:02:12,12.41
3439,3653,port_congestion,high_demand,high,2024-01-17 08:08:08,21.31
3440,3656,supplier_failure,quality_issue,low,2023-05-02 08:19:42,3.98
3441,3660,weather_disruption,blizzard,medium,2024-08-02 12:40:09,23.42
3442,3666,transport_delay,border_delay,medium,2023-09-30 09:09:12,18.42
3443,3666,port_congestion,high_demand,medium,2023-09-30 22:28:47,17.02
3444,3666,weather_disruption,blizzard,medium,2023-10-01 17:03:56,6.18
3445,3668,port_congestion,inspection_backlog,medium,2025-07-09 17:24:27,22.18
3446,3669,transport_delay,fuel_shortage,high,2025-03-29 08:16:25,26.08
3447,3669,supplier_failure,quality_issue,high,2025-04-01 15:14:24,45.0
3448,3670,weather_disruption,severe_storm,medium,2024-04-24 04:24:08,14.08
3449,3670,transport_delay,vehicle_breakdown,medium,2024-04-24 04:42:05,5.9
3450,3673,transport_delay,road_closure,high,2025-06-23 17:24:32,13.19
3451,3675,weather_disruption,hurricane,medium,2024-11-11 03:02:54,4.23
3452,3675,weather_disruption,severe_storm,medium,2024-11-11 17:14:17,25.69
3453,3675,supplier_failure,bankruptcy,medium,2024-11-13 02:24:45,15.67
3454,3676,transport_delay,fuel_shortage,medium,2023-11-19 15:49:14,32.44
3455,3677,port_congestion,equipment_failure,high,2024-09-25 11:04:18,74.56
3456,3677,port_congestion,labor_strike,high,2024-09-27 11:18:34,86.05
3457,3680,transport_delay,vehicle_breakdown,medium,2024-03-15 19:57:30,14.84
3458,3682,port_congestion,labor_strike,high,2023-07-31 19:07:53,42.25
3459,3684,transport_delay,border_delay,high,2023-05-02 14:53:56,19.25
3460,3684,weather_disruption,severe_storm,high,2023-05-04 09:47:13,37.51
3461,3684,port_congestion,equipment_failure,high,2023-05-04 13:12:32,19.83
3462,3684,port_congestion,labor_strike,high,2023-05-05 15:32:49,21.73
3463,3684,port_congestion,equipment_failure,high,2023-05-05 22:49:27,87.78
3464,3684,weather_disruption,flooding,high,2023-05-06 15:03:50,8.45
3465,3685,weather_disruption,fog,medium,2025-02-27 05:49:17,20.25
3466,3686,weather_disruption,hurricane,medium,2024-02-09 04:11:38,24.06
3467,3686,transport_delay,fuel_shortage,medium,2024-02-09 05:02:44,14.07
3468,3686,weather_disruption,fog,medium,2024-02-09 06:09:12,22.48
3469,3686,weather_disruption,hurricane,medium,2024-02-09 17:53:31,6.87
3470,3688,transport_delay,border_delay,medium,2023-03-05 10:06:35,29.23
3471,3690,weather_disruption,fog,medium,2023-07-04 12:40:11,94.06
3472,3694,transport_delay,vehicle_breakdown,medium,2025-01-10 06:42:18,14.97
3473,3694,port_congestion,inspection_backlog,medium,2025-01-10 20:50:11,24.6
3474,3695,transport_delay,fuel_shortage,medium,2025-09-11 07:33:50,15.8
3475,3697,port_congestion,equipment_failure,medium,2024-12-20 16:39:01,10.07
3476,3698,transport_delay,vehicle_breakdown,high,2023-08-16 02:15:50,50.93
3477,3698,port_congestion,high_demand,high,2023-08-24 23:47:29,39.41
3478,3698,transport_delay,vehicle_breakdown,high,2023-08-25 04:27:15,35.03
3479,3698,transport_delay,border_delay,high,2023-08-25 05:39:58,109.25
3480,3699,weather_disruption,blizzard,low,2025-09-14 12:26:38,4.6
3481,3700,transport_delay,road_closure,medium,2025-09-27 14:17:40,7.63
3482,3700,transport_delay,road_closure,medium,2025-09-29 10:10:28,8.21
3483,3701,port_congestion,high_demand,low,2024-03-01 08:26:58,3.23
3484,3705,transport_delay,vehicle_breakdown,high,2024-11-13 14:06:24,26.85
3485,3705,supplier_failure,quality_issue,high,2024-11-18 14:05:03,82.72
3486,3707,transport_delay,vehicle_breakdown,medium,2025-05-10 22:57:00,12.89
3487,3709,supplier_failure,bankruptcy,high,2025-04-28 19:03:45,53.74
3488,3710,port_congestion,inspection_backlog,high,2024-11-13 20:07:12,14.51
3489,3710,weather_disruption,blizzard,high,2024-11-13 23:03:34,45.69
3490,3710,weather_disruption,fog,high,2024-11-13 23:39:48,30.34
3491,3715,transport_delay,vehicle_breakdown,medium,2025-11-13 22:43:28,5.77
3492,3717,port_congestion,labor_strike,high,2023-08-27 14:47:31,21.78
3493,3719,transport_delay,border_delay,high,2023-06-10 01:54:09,167.86
3494,3719,weather_disruption,fog,high,2023-06-11 07:41:17,31.39
3495,3719,port_congestion,labor_strike,high,2023-06-11 17:58:34,16.71
3496,3719,transport_delay,fuel_shortage,high,2023-06-14 14:46:54,14.47
3497,3720,weather_disruption,flooding,medium,2023-08-30 03:16:26,4.8
3498,3720,weather_disruption,blizzard,medium,2023-08-31 06:14:20,9.58
3499,3720,weather_disruption,flooding,medium,2023-08-31 15:24:18,15.23
3500,3722,port_congestion,high_demand,medium,2025-10-09 18:12:56,15.17
3501,3725,supplier_failure,capacity_shortage,high,2023-11-21 20:39:24,67.21
3502,3725,transport_delay,road_closure,high,2023-11-22 04:47:26,22.03
3503,3725,transport_delay,border_delay,high,2023-11-24 15:26:33,33.94
3504,3727,supplier_failure,quality_issue,medium,2024-12-31 03:38:37,14.8
3505,3728,weather_disruption,flooding,medium,2023-06-05 20:19:39,48.14
3506,3728,transport_delay,fuel_shortage,medium,2023-06-05 21:26:14,49.5
3507,3729,transport_delay,fuel_shortage,low,2025-07-22 01:55:26,4.75
3508,3733,port_congestion,inspection_backlog,high,2024-12-05 12:52:39,19.51
3509,3733,port_congestion,labor_strike,high,2024-12-07 18:40:19,28.31
3510,3733,supplier_failure,capacity_shortage,high,2024-12-08 01:32:15,29.49
3511,3735,transport_delay,road_closure,high,2025-06-02 14:31:16,19.61
3512,3735,transport_delay,road_closure,high,2025-06-04 19:25:31,83.86
3513,3736,transport_delay,vehicle_breakdown,medium,2023-03-17 14:21:29,24.09
3514,3736,weather_disruption,hurricane,medium,2023-03-18 12:22:30,17.86
3515,3737,supplier_failure,quality_issue,low,2024-07-15 00:16:36,1.67
3516,3739,port_congestion,inspection_backlog,medium,2025-03-31 11:50:36,19.1
3517,3742,transport_delay,road_closure,medium,2024-06-07 21:38:03,9.14
3518,3742,port_congestion,inspection_backlog,medium,2024-06-07 23:16:20,5.15
3519,3744,port_congestion,high_demand,low,2023-09-26 00:43:27,2.67
3520,3748,supplier_failure,capacity_shortage,medium,2023-03-21 09:20:03,9.91
3521,3749,transport_delay,fuel_shortage,high,2025-02-19 00:04:04,38.4
3522,3749,transport_delay,fuel_shortage,high,2025-02-20 01:20:42,22.91
3523,3749,transport_delay,vehicle_breakdown,high,2025-02-21 10:00:56,23.56
3524,3750,transport_delay,border_delay,medium,2023-01-11 21:47:03,13.62
3525,3750,transport_delay,fuel_shortage,medium,2023-01-12 01:56:08,13.16
3526,3750,transport_delay,road_closure,medium,2023-01-13 07:04:05,18.49
3527,3751,port_congestion,labor_strike,high,2024-10-23 09:54:40,127.33
3528,3751,transport_delay,road_closure,high,2024-10-23 11:18:38,15.01
3529,3751,weather_disruption,severe_storm,high,2024-10-25 20:53:33,57.87
3530,3751,transport_delay,border_delay,high,2024-10-25 21:27:23,22.95
3531,3753,weather_disruption,severe_storm,medium,2023-08-19 08:23:47,12.1
3532,3753,transport_delay,fuel_shortage,medium,2023-08-19 09:01:44,7.43
3533,3753,port_congestion,high_demand,medium,2023-08-19 10:35:44,16.27
3534,3754,supplier_failure,production_halt,medium,2023-06-24 23:21:07,5.29
3535,3754,transport_delay,fuel_shortage,medium,2023-06-25 10:07:09,45.16
3536,3755,port_congestion,high_demand,medium,2025-02-21 22:51:11,12.2
3537,3755,port_congestion,equipment_failure,medium,2025-02-21 23:14:53,3.79
3538,3757,transport_delay,border_delay,medium,2023-02-15 20:59:06,10.31
3539,3759,port_congestion,inspection_backlog,high,2025-02-10 01:37:07,59.85
3540,3759,port_congestion,inspection_backlog,high,2025-02-14 13:01:00,18.48
3541,3759,transport_delay,fuel_shortage,high,2025-02-19 17:30:02,21.45
3542,3759,weather_disruption,hurricane,high,2025-02-19 18:19:57,17.83
3543,3760,port_congestion,high_demand,high,2023-07-28 08:45:15,28.82
3544,3761,transport_delay,vehicle_breakdown,low,2024-05-06 10:53:05,8.57
3545,3762,weather_disruption,hurricane,low,2024-12-24 04:59:36,3.02
3546,3766,weather_disruption,hurricane,low,2023-08-22 03:55:20,2.06
3547,3767,transport_delay,road_closure,medium,2024-01-29 12:30:54,27.69
3548,3768,port_congestion,labor_strike,medium,2023-05-16 00:20:14,9.79
3549,3768,port_congestion,equipment_failure,medium,2023-05-16 02:18:10,31.14
3550,3768,transport_delay,road_closure,medium,2023-05-16 12:57:14,6.15
3551,3768,supplier_failure,quality_issue,medium,2023-05-16 16:20:31,9.14
3552,3769,port_congestion,labor_strike,high,2024-06-20 05:20:35,38.48
3553,3769,port_congestion,labor_strike,high,2024-06-22 00:59:01,15.09
3554,3769,transport_delay,fuel_shortage,high,2024-06-22 23:44:37,42.55
3555,3771,transport_delay,fuel_shortage,high,2024-05-13 06:04:45,61.25
3556,3771,weather_disruption,flooding,high,2024-05-13 09:51:32,78.59
3557,3771,port_congestion,equipment_failure,high,2024-05-14 19:25:23,44.07
3558,3771,transport_delay,vehicle_breakdown,high,2024-05-15 08:55:17,8.06
3559,3772,weather_disruption,severe_storm,high,2024-07-24 08:15:08,40.9
3560,3773,supplier_failure,quality_issue,low,2024-07-29 14:05:32,3.79
3561,3774,port_congestion,high_demand,low,2023-05-05 14:25:15,4.08
3562,3776,port_congestion,high_demand,low,2024-02-24 04:51:52,2.91
3563,3778,port_congestion,inspection_backlog,high,2025-06-14 09:38:33,63.21
3564,3778,weather_disruption,severe_storm,high,2025-06-15 14:26:55,52.64
3565,3778,weather_disruption,severe_storm,high,2025-06-16 05:15:04,55.98
3566,3778,weather_disruption,fog,high,2025-06-16 20:43:47,60.13
3567,3778,weather_disruption,hurricane,high,2025-06-17 23:36:39,53.8
3568,3779,transport_delay,fuel_shortage,high,2023-05-24 09:07:46,34.45
3569,3779,transport_delay,vehicle_breakdown,high,2023-05-24 17:32:45,38.5
3570,3779,transport_delay,road_closure,high,2023-05-24 23:07:08,31.83
3571,3779,supplier_failure,capacity_shortage,high,2023-05-25 11:58:38,28.19
3572,3779,transport_delay,vehicle_breakdown,high,2023-05-26 01:39:15,38.38
3573,3779,transport_delay,border_delay,high,2023-05-26 22:55:57,26.26
3574,3780,transport_delay,vehicle_breakdown,medium,2024-01-17 09:33:05,5.83
3575,3780,port_congestion,inspection_backlog,medium,2024-01-17 22:58:47,12.72
3576,3786,supplier_failure,quality_issue,medium,2025-08-18 17:09:34,28.44
3577,3794,port_congestion,high_demand,medium,2023-12-10 08:14:37,4.69
3578,3794,transport_delay,border_delay,medium,2023-12-11 10:38:38,21.0
3579,3798,port_congestion,equipment_failure,high,2024-06-02 05:49:26,35.65
3580,3798,weather_disruption,hurricane,high,2024-06-03 04:08:45,115.61
3581,3801,port_congestion,equipment_failure,medium,2025-05-12 01:32:22,9.62
3582,3802,transport_delay,vehicle_breakdown,high,2023-02-25 05:30:58,32.88
3583,3802,supplier_failure,quality_issue,high,2023-02-25 05:40:02,38.92
3584,3803,transport_delay,vehicle_breakdown,medium,2024-09-06 05:40:41,13.12
3585,3803,supplier_failure,capacity_shortage,medium,2024-09-06 21:31:19,13.84
3586,3804,transport_delay,border_delay,low,2025-06-13 04:52:18,5.48
3587,3804,weather_disruption,flooding,low,2025-06-13 15:30:52,3.83
3588,3805,supplier_failure,production_halt,medium,2024-10-08 17:33:13,36.15
3589,3805,supplier_failure,bankruptcy,medium,2024-10-08 23:21:14,13.51
3590,3805,port_congestion,inspection_backlog,medium,2024-10-09 09:57:01,29.94
3591,3805,port_congestion,equipment_failure,medium,2024-10-09 23:40:58,12.58
3592,3806,port_congestion,labor_strike,high,2023-01-12 00:30:34,20.35
3593,3806,weather_disruption,severe_storm,high,2023-01-13 12:57:20,6.74
3594,3806,transport_delay,fuel_shortage,high,2023-01-15 17:37:18,56.15
3595,3807,transport_delay,border_delay,medium,2025-05-05 05:07:22,9.84
3596,3808,port_congestion,high_demand,medium,2024-04-25 00:18:59,21.04
3597,3810,weather_disruption,flooding,medium,2023-03-10 08:23:48,9.86
3598,3812,port_congestion,equipment_failure,medium,2023-08-10 18:54:46,21.09
3599,3812,weather_disruption,severe_storm,medium,2023-08-11 08:51:44,6.15
3600,3813,transport_delay,vehicle_breakdown,medium,2023-05-01 04:24:25,18.38
3601,3816,transport_delay,road_closure,high,2025-03-26 23:03:19,47.39
3602,3816,transport_delay,vehicle_breakdown,high,2025-03-28 22:01:33,20.22
3603,3816,supplier_failure,production_halt,high,2025-03-29 05:57:05,9.62
3604,3816,port_congestion,equipment_failure,high,2025-03-29 18:28:52,43.17
3605,3817,port_congestion,high_demand,medium,2023-07-19 23:52:59,6.89
3606,3818,transport_delay,vehicle_breakdown,low,2024-01-14 09:10:14,4.26
3607,3818,port_congestion,inspection_backlog,low,2024-01-14 17:12:41,6.4
3608,3823,weather_disruption,flooding,medium,2025-06-26 00:21:06,13.03
3609,3824,weather_disruption,fog,high,2024-08-04 05:30:17,42.78
3610,3824,port_congestion,high_demand,high,2024-08-05 17:08:01,39.2
3611,3826,weather_disruption,blizzard,high,2025-07-09 08:15:54,98.21
3612,3826,port_congestion,equipment_failure,high,2025-07-10 22:44:36,47.05
3613,3826,weather_disruption,fog,high,2025-07-11 10:20:39,44.08
3614,3830,transport_delay,border_delay,medium,2025-01-18 07:43:01,11.51
3615,3830,weather_disruption,flooding,medium,2025-01-18 16:14:10,10.0
3616,3830,weather_disruption,flooding,medium,2025-01-20 12:27:20,7.71
3617,3831,supplier_failure,bankruptcy,high,2025-01-06 04:20:02,49.14
3618,3832,transport_delay,road_closure,low,2025-09-11 12:27:09,5.86
3619,3833,port_congestion,inspection_backlog,medium,2025-06-09 15:33:01,16.94
3620,3834,weather_disruption,blizzard,medium,2025-08-25 15:04:41,10.16
3621,3834,weather_disruption,severe_storm,medium,2025-08-27 09:50:11,9.53
3622,3834,weather_disruption,fog,medium,2025-08-27 10:15:21,8.06
3623,3834,port_congestion,inspection_backlog,medium,2025-08-27 21:29:36,19.4
3624,3835,weather_disruption,hurricane,medium,2023-10-06 01:45:52,16.96
3625,3837,port_congestion,labor_strike,low,2023-08-03 03:38:05,42.67
3626,3841,transport_delay,vehicle_breakdown,medium,2024-06-24 10:45:45,31.8
3627,3844,weather_disruption,fog,high,2025-01-13 20:33:16,37.17
3628,3846,transport_delay,road_closure,medium,2024-02-29 02:29:08,10.75
3629,3848,weather_disruption,hurricane,low,2024-01-18 16:31:27,11.3
3630,3849,transport_delay,vehicle_breakdown,medium,2025-09-24 09:58:36,15.81
3631,3849,transport_delay,fuel_shortage,medium,2025-09-25 03:41:34,14.56
3632,3850,weather_disruption,blizzard,high,2023-02-21 14:18:00,18.83
3633,3850,port_congestion,inspection_backlog,high,2023-02-24 00:11:40,26.5
3634,3851,transport_delay,fuel_shortage,medium,2023-03-26 15:42:01,10.91
3635,3852,transport_delay,road_closure,medium,2025-03-05 20:59:33,6.15
3636,3852,transport_delay,fuel_shortage,medium,2025-03-06 01:12:57,4.44
3637,3852,supplier_failure,capacity_shortage,medium,2025-03-06 11:48:12,18.55
3638,3854,port_congestion,labor_strike,low,2025-03-13 11:37:53,13.91
3639,3855,transport_delay,border_delay,medium,2025-07-12 09:04:58,16.82
3640,3855,transport_delay,vehicle_breakdown,medium,2025-07-12 19:02:17,52.47
3641,3856,transport_delay,road_closure,high,2024-12-26 17:37:06,26.85
3642,3861,supplier_failure,quality_issue,medium,2024-10-01 05:43:25,9.2
3643,3861,supplier_failure,bankruptcy,medium,2024-10-01 11:25:10,7.69
3644,3861,supplier_failure,quality_issue,medium,2024-10-02 02:06:07,6.45
3645,3862,weather_disruption,fog,medium,2025-07-12 01:59:55,23.43
3646,3862,supplier_failure,bankruptcy,medium,2025-07-13 16:01:47,24.5
3647,3862,transport_delay,fuel_shortage,medium,2025-07-13 22:18:59,17.81
3648,3865,transport_delay,road_closure,medium,2023-05-08 08:03:08,11.27
3649,3866,supplier_failure,bankruptcy,medium,2023-10-10 02:56:59,13.28
3650,3866,transport_delay,vehicle_breakdown,medium,2023-10-10 05:23:29,45.13
3651,3867,transport_delay,road_closure,medium,2023-01-04 05:23:50,71.45
3652,3869,transport_delay,border_delay,medium,2025-05-18 10:52:32,13.67
3653,3872,transport_delay,vehicle_breakdown,high,2023-07-13 04:12:55,19.05
3654,3872,port_congestion,labor_strike,high,2023-07-15 07:18:19,17.88
3655,3872,transport_delay,fuel_shortage,high,2023-07-15 12:04:45,42.57
3656,3872,port_congestion,labor_strike,high,2023-07-16 00:36:10,11.83
3657,3874,supplier_failure,capacity_shortage,high,2024-12-25 15:29:08,31.19
3658,3874,weather_disruption,hurricane,high,2025-01-01 04:32:48,91.29
3659,3875,transport_delay,border_delay,low,2024-01-24 09:52:16,3.83
3660,3877,transport_delay,vehicle_breakdown,high,2024-06-28 12:19:58,11.52
3661,3877,port_congestion,labor_strike,high,2024-06-28 12:55:34,79.8
3662,3877,port_congestion,inspection_backlog,high,2024-06-28 19:07:17,68.42
3663,3878,transport_delay,road_closure,medium,2023-11-02 15:47:19,8.18
3664,3880,weather_disruption,flooding,high,2025-02-03 12:27:25,17.8
3665,3880,weather_disruption,severe_storm,high,2025-02-06 06:42:45,10.19
3666,3881,supplier_failure,production_halt,high,2024-11-18 18:33:41,30.57
3667,3883,transport_delay,road_closure,low,2024-07-07 09:34:15,7.36
3668,3883,port_congestion,labor_strike,low,2024-07-07 11:45:16,10.53
3669,3884,port_congestion,high_demand,low,2025-08-07 01:01:03,4.43
3670,3886,transport_delay,vehicle_breakdown,low,2025-09-18 07:36:57,3.45
3671,3886,port_congestion,inspection_backlog,low,2025-09-18 07:39:39,2.2
3672,3886,transport_delay,vehicle_breakdown,low,2025-09-18 10:39:29,6.13
3673,3887,port_congestion,equipment_failure,medium,2024-03-27 05:50:50,14.09
3674,3887,weather_disruption,severe_storm,medium,2024-03-28 00:09:59,3.93
3675,3889,port_congestion,inspection_backlog,medium,2023-08-21 11:14:18,7.31
3676,3890,port_congestion,equipment_failure,high,2023-08-01 21:20:57,33.41
3677,3890,weather_disruption,severe_storm,high,2023-08-03 13:40:44,78.46
3678,3893,transport_delay,fuel_shortage,medium,2023-11-12 06:43:10,23.36
3679,3894,port_congestion,labor_strike,medium,2023-12-19 20:45:56,12.0
3680,3896,supplier_failure,quality_issue,medium,2024-07-19 12:17:50,16.79
3681,3899,transport_delay,vehicle_breakdown,medium,2023-07-26 08:00:29,10.28
3682,3905,transport_delay,vehicle_breakdown,high,2024-08-15 10:45:27,51.2
3683,3905,weather_disruption,hurricane,high,2024-08-16 02:31:27,73.42
3684,3906,weather_disruption,hurricane,high,2024-06-18 10:03:34,29.5
3685,3907,port_congestion,equipment_failure,high,2024-01-20 01:25:19,19.37
3686,3907,transport_delay,road_closure,high,2024-01-20 03:15:55,22.0
3687,3907,port_congestion,labor_strike,high,2024-01-20 13:14:43,47.99
3688,3911,transport_delay,border_delay,medium,2025-01-23 16:00:27,8.96
3689,3911,port_congestion,equipment_failure,medium,2025-01-24 18:48:54,13.29
3690,3916,weather_disruption,flooding,low,2024-01-25 09:20:34,1.77
3691,3919,weather_disruption,hurricane,medium,2024-04-19 10:05:11,12.59
3692,3920,weather_disruption,fog,high,2023-08-14 04:34:05,119.11
3693,3920,port_congestion,labor_strike,high,2023-08-16 13:37:15,15.04
3694,3921,transport_delay,border_delay,medium,2023-05-10 11:05:30,19.28
3695,3921,supplier_failure,capacity_shortage,medium,2023-05-10 23:12:09,9.21
3696,3921,transport_delay,border_delay,medium,2023-05-12 01:31:44,17.44
3697,3921,transport_delay,vehicle_breakdown,medium,2023-05-12 04:54:50,11.66
3698,3924,supplier_failure,quality_issue,low,2024-02-10 08:47:26,4.56
3699,3928,port_congestion,labor_strike,medium,2025-02-21 04:43:32,5.83
3700,3929,transport_delay,border_delay,low,2024-03-04 07:32:44,1.33
3701,3931,weather_disruption,fog,medium,2023-06-23 16:55:53,14.13
3702,3933,port_congestion,high_demand,medium,2023-04-07 02:47:53,4.7
3703,3933,supplier_failure,bankruptcy,medium,2023-04-07 13:13:27,18.6
3704,3933,supplier_failure,capacity_shortage,medium,2023-04-07 21:08:36,26.55
3705,3933,supplier_failure,capacity_shortage,medium,2023-04-08 19:12:38,10.49
3706,3935,transport_delay,vehicle_breakdown,medium,2023-04-06 19:21:39,24.13
3707,3938,transport_delay,fuel_shortage,low,2025-01-17 11:30:33,9.02
3708,3940,weather_disruption,fog,low,2025-09-23 03:18:54,12.05
3709,3944,port_congestion,high_demand,high,2023-11-28 23:13:37,27.51
3710,3944,supplier_failure,capacity_shortage,high,2023-11-30 04:38:36,86.72
3711,3944,supplier_failure,quality_issue,high,2023-11-30 11:46:02,44.2
3712,3944,transport_delay,road_closure,high,2023-11-30 19:58:29,39.4
3713,3945,weather_disruption,severe_storm,medium,2023-01-22 06:43:37,17.16
3714,3947,port_congestion,equipment_failure,medium,2023-10-15 17:56:49,6.69
3715,3947,port_congestion,high_demand,medium,2023-10-16 13:09:53,5.27
3716,3948,port_congestion,equipment_failure,medium,2023-01-15 11:25:51,3.26
3717,3948,weather_disruption,flooding,medium,2023-01-15 12:04:49,14.77
3718,3949,transport_delay,fuel_shortage,low,2024-06-10 19:26:13,3.56
3719,3957,transport_delay,vehicle_breakdown,medium,2025-05-12 05:20:12,9.73
3720,3960,port_congestion,inspection_backlog,high,2024-12-01 10:21:33,37.11
3721,3960,weather_disruption,flooding,high,2024-12-07 08:50:31,20.95
3722,3960,transport_delay,road_closure,high,2024-12-09 23:51:24,14.0
3723,3961,transport_delay,vehicle_breakdown,low,2025-01-06 07:18:28,1.91
3724,3962,port_congestion,high_demand,medium,2024-07-26 05:13:02,13.36
3725,3962,transport_delay,road_closure,medium,2024-07-28 12:17:32,41.19
3726,3966,transport_delay,border_delay,medium,2024-03-18 02:57:47,7.48
3727,3968,transport_delay,road_closure,medium,2023-03-04 22:24:24,9.56
3728,3969,transport_delay,border_delay,medium,2024-03-05 02:57:12,4.21
3729,3969,port_congestion,high_demand,medium,2024-03-05 22:08:51,10.37
3730,3971,weather_disruption,fog,high,2023-03-16 12:52:15,25.91
3731,3971,port_congestion,inspection_backlog,high,2023-03-16 13:16:54,64.56
3732,3971,port_congestion,high_demand,high,2023-03-17 00:58:40,51.08
3733,3972,transport_delay,border_delay,high,2023-06-27 15:43:38,29.96
3734,3975,weather_disruption,severe_storm,high,2023-01-18 05:07:02,48.25
3735,3975,port_congestion,equipment_failure,high,2023-01-20 13:09:49,26.75
3736,3975,port_congestion,labor_strike,high,2023-01-20 18:43:11,52.74
3737,3978,port_congestion,inspection_backlog,low,2023-06-06 00:06:51,4.55
3738,3978,supplier_failure,production_halt,low,2023-06-06 01:29:20,4.84
3739,3978,port_congestion,equipment_failure,low,2023-06-06 11:54:48,4.7
3740,3980,port_congestion,labor_strike,low,2023-10-23 09:52:33,8.91
3741,3980,transport_delay,border_delay,low,2023-10-23 11:36:25,3.13
3742,3980,transport_delay,fuel_shortage,low,2023-10-23 14:18:35,2.79
3743,3980,supplier_failure,quality_issue,low,2023-10-23 17:09:28,3.37
3744,3990,port_congestion,equipment_failure,medium,2025-03-18 05:06:50,7.09
3745,3991,transport_delay,road_closure,high,2025-10-16 10:44:31,23.58
3746,3992,port_congestion,equipment_failure,medium,2025-05-23 05:39:47,6.84
3747,3994,weather_disruption,severe_storm,low,2025-11-23 00:46:27,5.46
3748,3994,weather_disruption,hurricane,low,2025-11-23 03:11:06,2.63
3749,3995,port_congestion,inspection_backlog,low,2025-04-13 07:35:11,15.88
3750,3997,transport_delay,vehicle_breakdown,medium,2023-12-12 08:45:30,20.46
3751,3997,supplier_failure,production_halt,medium,2023-12-12 14:43:38,9.62
3752,3997,port_congestion,inspection_backlog,medium,2023-12-13 06:28:30,12.27
3753,3998,transport_delay,road_closure,high,2023-02-21 18:22:30,62.43
3754,3999,port_congestion,high_demand,medium,2024-02-20 04:02:12,10.49
3755,4000,transport_delay,border_delay,medium,2023-09-18 17:12:34,5.85
3756,4001,transport_delay,vehicle_breakdown,high,2024-05-17 09:56:09,42.42
3757,4002,supplier_failure,production_halt,high,2024-02-21 18:54:12,71.12
3758,4003,port_congestion,high_demand,high,2023-05-01 17:37:39,82.05
3759,4005,supplier_failure,production_halt,low,2025-06-02 19:45:03,6.14
3760,4006,weather_disruption,hurricane,medium,2023-09-19 04:27:34,12.12
3761,4007,supplier_failure,production_halt,medium,2023-10-26 02:56:06,18.14
3762,4008,transport_delay,vehicle_breakdown,medium,2024-09-23 09:16:43,6.29
3763,4009,transport_delay,vehicle_breakdown,medium,2024-11-21 16:37:37,6.46
3764,4010,supplier_failure,capacity_shortage,high,2023-01-25 21:35:00,20.45
3765,4010,supplier_failure,capacity_shortage,high,2023-01-29 05:11:38,18.44
3766,4010,supplier_failure,bankruptcy,high,2023-01-31 11:52:58,21.63
3767,4012,port_congestion,inspection_backlog,medium,2023-10-23 05:38:53,24.34
3768,4013,port_congestion,high_demand,high,2024-10-25 13:45:41,22.33
3769,4013,transport_delay,road_closure,high,2024-10-25 18:26:21,22.97
3770,4013,weather_disruption,severe_storm,high,2024-10-26 04:30:35,49.79
3771,4013,transport_delay,vehicle_breakdown,high,2024-10-26 10:08:12,58.43
3772,4018,port_congestion,labor_strike,medium,2023-04-17 02:03:59,38.21
3773,4019,supplier_failure,capacity_shortage,high,2023-08-11 03:22:32,30.31
3774,4019,transport_delay,vehicle_breakdown,high,2023-08-11 17:26:37,16.3
3775,4019,transport_delay,fuel_shortage,high,2023-08-12 15:55:04,15.1
3776,4019,weather_disruption,blizzard,high,2023-08-13 00:59:09,17.67
3777,4022,port_congestion,high_demand,low,2025-10-08 17:36:22,4.51
3778,4023,port_congestion,equipment_failure,high,2023-10-22 19:42:51,27.97
3779,4024,port_congestion,inspection_backlog,medium,2023-08-31 18:56:26,16.98
3780,4025,transport_delay,fuel_shortage,low,2025-11-28 02:18:11,1.91
3781,4026,transport_delay,vehicle_breakdown,low,2025-01-26 14:27:14,5.02
3782,4027,transport_delay,border_delay,high,2023-11-18 15:27:04,17.42
3783,4027,transport_delay,fuel_shortage,high,2023-11-19 01:33:14,39.41
3784,4027,port_congestion,inspection_backlog,high,2023-11-19 09:42:49,35.48
3785,4027,transport_delay,vehicle_breakdown,high,2023-11-19 10:13:28,34.86
3786,4028,port_congestion,inspection_backlog,medium,2025-05-20 08:52:29,40.58
3787,4029,transport_delay,road_closure,high,2023-05-30 01:18:45,24.98
3788,4029,transport_delay,vehicle_breakdown,high,2023-05-31 09:27:01,23.21
3789,4029,transport_delay,vehicle_breakdown,high,2023-06-01 12:48:55,81.0
3790,4029,weather_disruption,flooding,high,2023-06-02 08:28:21,43.41
3791,4029,transport_delay,road_closure,high,2023-06-02 22:41:04,65.92
3792,4031,supplier_failure,capacity_shortage,high,2025-02-06 14:47:42,35.66
3793,4031,transport_delay,fuel_shortage,high,2025-02-06 18:49:42,19.57
3794,4031,transport_delay,border_delay,high,2025-02-06 23:10:13,26.42
3795,4036,weather_disruption,hurricane,high,2025-09-23 04:35:18,22.03
3796,4038,port_congestion,inspection_backlog,medium,2023-07-16 15:36:05,42.89
3797,4040,transport_delay,road_closure,high,2023-01-03 05:04:42,22.2
3798,4040,weather_disruption,fog,high,2023-01-04 02:36:28,14.55
3799,4041,weather_disruption,blizzard,medium,2023-06-04 00:37:57,24.33
3800,4044,supplier_failure,capacity_shortage,medium,2025-09-17 20:32:30,9.99
3801,4046,transport_delay,fuel_shortage,medium,2025-06-28 08:58:50,16.51
3802,4048,port_congestion,equipment_failure,medium,2023-04-22 13:53:57,11.55
3803,4048,supplier_failure,quality_issue,medium,2023-04-22 22:00:25,74.11
3804,4048,transport_delay,border_delay,medium,2023-04-23 00:11:17,8.51
3805,4048,port_congestion,labor_strike,medium,2023-04-24 06:12:46,10.83
3806,4049,port_congestion,labor_strike,medium,2023-07-23 10:45:30,36.26
3807,4049,port_congestion,labor_strike,medium,2023-07-23 23:24:10,17.95
3808,4049,transport_delay,road_closure,medium,2023-07-24 00:43:58,10.56
3809,4051,weather_disruption,blizzard,low,2025-11-16 20:28:16,5.57
3810,4052,weather_disruption,hurricane,high,2023-08-24 18:08:41,58.54
3811,4054,port_congestion,inspection_backlog,medium,2024-07-22 10:48:27,6.71
3812,4055,port_congestion,inspection_backlog,medium,2025-07-26 07:19:14,13.53
3813,4059,transport_delay,border_delay,medium,2023-03-11 12:25:38,21.22
3814,4062,port_congestion,equipment_failure,medium,2025-07-10 08:50:44,14.84
3815,4063,supplier_failure,capacity_shortage,high,2023-05-17 05:18:16,12.92
3816,4063,transport_delay,border_delay,high,2023-05-17 08:49:02,16.65
3817,4063,transport_delay,vehicle_breakdown,high,2023-05-20 05:54:24,46.95
3818,4063,transport_delay,fuel_shortage,high,2023-05-21 06:27:25,7.42
3819,4064,weather_disruption,blizzard,medium,2024-07-23 02:47:02,18.15
3820,4065,port_congestion,high_demand,high,2023-08-05 05:40:20,70.79
3821,4065,port_congestion,labor_strike,high,2023-08-05 17:21:15,22.6
3822,4065,transport_delay,road_closure,high,2023-08-06 20:14:03,32.25
3823,4065,supplier_failure,quality_issue,high,2023-08-09 19:08:53,35.83
3824,4065,supplier_failure,quality_issue,high,2023-08-09 19:26:52,58.39
3825,4065,transport_delay,vehicle_breakdown,high,2023-08-13 03:23:58,29.25
3826,4065,transport_delay,vehicle_breakdown,high,2023-08-14 11:22:06,29.62
3827,4066,transport_delay,vehicle_breakdown,medium,2023-10-19 21:15:47,9.75
3828,4066,transport_delay,vehicle_breakdown,medium,2023-10-20 17:02:49,17.73
3829,4068,supplier_failure,production_halt,high,2025-08-09 21:37:12,39.03
3830,4068,supplier_failure,quality_issue,high,2025-08-09 23:19:41,41.82
3831,4068,transport_delay,road_closure,high,2025-08-10 00:56:16,30.35
3832,4070,weather_disruption,severe_storm,high,2025-08-10 22:21:21,34.28
3833,4070,weather_disruption,hurricane,high,2025-08-12 14:28:28,99.4
3834,4070,port_congestion,labor_strike,high,2025-08-14 18:43:57,99.25
3835,4070,port_congestion,labor_strike,high,2025-08-15 01:54:31,22.37
3836,4071,transport_delay,vehicle_breakdown,medium,2025-08-05 04:03:21,11.42
3837,4071,port_congestion,equipment_failure,medium,2025-08-05 07:40:14,5.27
3838,4071,port_congestion,high_demand,medium,2025-08-05 12:16:53,7.55
3839,4071,transport_delay,road_closure,medium,2025-08-05 21:44:09,8.69
3840,4072,weather_disruption,blizzard,medium,2023-06-17 00:04:48,12.03
3841,4072,transport_delay,vehicle_breakdown,medium,2023-06-17 22:53:29,12.27
3842,4072,transport_delay,border_delay,medium,2023-06-18 00:06:50,16.08
3843,4074,supplier_failure,capacity_shortage,low,2023-03-01 02:12:53,5.47
3844,4075,weather_disruption,severe_storm,medium,2025-04-14 02:08:15,5.54
3845,4075,transport_delay,fuel_shortage,medium,2025-04-14 06:40:15,37.86
3846,4077,transport_delay,road_closure,medium,2024-08-28 00:47:07,18.87
3847,4078,transport_delay,border_delay,medium,2023-09-10 19:53:56,23.84
3848,4080,port_congestion,high_demand,high,2025-04-21 01:01:28,56.97
3849,4080,transport_delay,vehicle_breakdown,high,2025-04-21 21:52:52,5.52
3850,4080,supplier_failure,production_halt,high,2025-04-24 13:31:53,26.18
3851,4080,transport_delay,vehicle_breakdown,high,2025-04-27 07:44:51,27.15
3852,4080,transport_delay,road_closure,high,2025-04-28 03:38:30,23.65
3853,4080,port_congestion,high_demand,high,2025-05-01 12:00:14,26.31
3854,4081,transport_delay,vehicle_breakdown,medium,2023-03-26 02:51:53,5.98
3855,4081,port_congestion,equipment_failure,medium,2023-03-26 10:09:17,13.88
3856,4086,port_congestion,labor_strike,medium,2023-01-05 19:51:28,18.51
3857,4089,weather_disruption,blizzard,medium,2025-05-06 05:13:23,5.36
3858,4089,transport_delay,border_delay,medium,2025-05-08 00:13:01,9.29
3859,4091,transport_delay,road_closure,medium,2024-03-16 05:36:21,11.75
3860,4095,supplier_failure,bankruptcy,medium,2023-02-21 02:20:43,8.75
3861,4095,port_congestion,high_demand,medium,2023-02-22 02:53:33,20.61
3862,4095,port_congestion,labor_strike,medium,2023-02-22 15:00:22,9.52
3863,4096,transport_delay,fuel_shortage,low,2023-03-18 08:50:06,5.95
3864,4096,transport_delay,border_delay,low,2023-03-18 14:18:01,3.56
3865,4098,supplier_failure,quality_issue,high,2024-10-14 19:44:06,18.44
3866,4098,port_congestion,equipment_failure,high,2024-10-18 15:06:59,21.32
3867,4101,supplier_failure,production_halt,low,2023-01-27 15:07:29,2.78
3868,4101,transport_delay,fuel_shortage,low,2023-01-27 17:04:35,3.78
3869,4102,port_congestion,labor_strike,medium,2024-12-29 07:50:19,10.03
3870,4104,transport_delay,road_closure,medium,2025-11-20 00:03:43,8.15
3871,4104,transport_delay,border_delay,medium,2025-11-21 05:37:24,12.07
3872,4107,transport_delay,road_closure,medium,2024-12-21 09:30:05,26.46
3873,4112,port_congestion,inspection_backlog,medium,2023-12-05 00:03:08,12.57
3874,4113,supplier_failure,capacity_shortage,medium,2025-10-29 00:30:49,17.19
3875,4113,transport_delay,road_closure,medium,2025-10-29 07:41:53,27.09
3876,4113,transport_delay,border_delay,medium,2025-10-29 12:54:47,12.62
3877,4113,transport_delay,border_delay,medium,2025-10-30 01:14:24,5.18
3878,4115,supplier_failure,bankruptcy,medium,2024-09-18 19:03:11,13.07
3879,4116,transport_delay,road_closure,medium,2023-04-02 05:16:40,10.51
3880,4117,port_congestion,equipment_failure,high,2024-05-20 23:34:19,66.85
3881,4122,transport_delay,vehicle_breakdown,medium,2023-09-01 11:45:44,10.13
3882,4123,supplier_failure,quality_issue,high,2024-06-13 14:15:44,19.59
3883,4123,weather_disruption,hurricane,high,2024-06-13 15:42:28,5.02
3884,4123,port_congestion,inspection_backlog,high,2024-06-14 17:07:51,107.69
3885,4123,weather_disruption,severe_storm,high,2024-06-18 00:26:17,75.33
3886,4123,port_congestion,equipment_failure,high,2024-06-18 00:42:55,27.47
3887,4125,transport_delay,fuel_shortage,high,2024-07-02 07:11:11,39.22
3888,4125,weather_disruption,flooding,high,2024-07-06 19:13:06,15.97
3889,4125,transport_delay,road_closure,high,2024-07-06 20:51:52,36.84
3890,4128,weather_disruption,fog,medium,2025-09-06 00:19:20,3.17
3891,4131,weather_disruption,flooding,high,2024-05-25 19:26:20,41.15
3892,4131,port_congestion,labor_strike,high,2024-05-28 09:22:28,28.89
3893,4131,port_congestion,high_demand,high,2024-05-31 01:00:21,41.15
3894,4131,supplier_failure,bankruptcy,high,2024-05-31 06:25:12,21.07
3895,4131,weather_disruption,fog,high,2024-05-31 10:29:44,56.68
3896,4132,transport_delay,fuel_shortage,low,2023-10-09 01:06:02,2.4
3897,4133,weather_disruption,fog,high,2023-01-14 21:13:53,12.44
3898,4133,transport_delay,border_delay,high,2023-01-16 02:12:13,75.31
3899,4133,transport_delay,border_delay,high,2023-01-17 01:53:04,48.57
3900,4134,supplier_failure,capacity_shortage,high,2025-08-13 03:03:33,29.72
3901,4134,transport_delay,fuel_shortage,high,2025-08-13 13:11:35,23.05
3902,4135,port_congestion,high_demand,high,2023-09-29 13:30:14,33.54
3903,4135,port_congestion,labor_strike,high,2023-10-02 19:52:48,112.56
3904,4136,transport_delay,fuel_shortage,high,2024-02-24 14:53:45,108.84
3905,4137,supplier_failure,quality_issue,medium,2023-09-06 03:27:01,13.58
3906,4137,port_congestion,inspection_backlog,medium,2023-09-06 18:49:13,24.48
3907,4140,port_congestion,equipment_failure,high,2023-07-12 18:08:31,44.71
3908,4140,transport_delay,border_delay,high,2023-07-13 21:00:54,35.13
3909,4143,weather_disruption,flooding,high,2023-04-08 22:26:00,25.68
3910,4144,weather_disruption,fog,medium,2023-08-14 21:13:16,12.1
3911,4145,transport_delay,border_delay,medium,2025-03-19 04:36:39,11.21
3912,4145,weather_disruption,severe_storm,medium,2025-03-20 11:35:02,5.16
3913,4146,transport_delay,border_delay,high,2024-06-11 22:38:40,24.7
3914,4146,weather_disruption,flooding,high,2024-06-12 10:40:30,12.52
3915,4148,port_congestion,high_demand,high,2025-07-22 01:07:08,8.54
3916,4149,port_congestion,labor_strike,high,2025-05-13 08:01:26,17.98
3917,4151,transport_delay,border_delay,low,2023-01-16 09:27:54,10.65
3918,4153,transport_delay,border_delay,high,2025-10-24 05:56:04,34.54
3919,4153,port_congestion,labor_strike,high,2025-10-26 03:38:00,108.73
3920,4153,port_congestion,labor_strike,high,2025-10-26 07:26:28,41.27
3921,4153,port_congestion,labor_strike,high,2025-10-27 11:07:35,22.12
3922,4155,weather_disruption,fog,high,2024-09-18 17:03:11,60.68
3923,4155,transport_delay,road_closure,high,2024-09-21 00:20:57,24.75
3924,4155,supplier_failure,production_halt,high,2024-09-24 13:47:30,34.27
3925,4156,weather_disruption,flooding,medium,2024-03-17 06:06:31,7.66
3926,4162,supplier_failure,bankruptcy,medium,2024-02-09 05:03:52,10.97
3927,4163,transport_delay,fuel_shortage,high,2024-11-15 02:22:55,48.48
3928,4163,port_congestion,equipment_failure,high,2024-11-15 23:03:56,36.35
3929,4164,port_congestion,inspection_backlog,medium,2024-11-26 18:50:59,9.33
3930,4166,port_congestion,equipment_failure,medium,2023-09-30 13:42:11,17.84
3931,4168,supplier_failure,bankruptcy,medium,2024-08-22 08:53:56,14.47
3932,4169,weather_disruption,blizzard,medium,2025-06-09 09:23:50,5.95
3933,4171,weather_disruption,blizzard,low,2024-03-26 00:15:54,1.65
3934,4171,supplier_failure,quality_issue,low,2024-03-26 06:29:50,4.93
3935,4171,port_congestion,equipment_failure,low,2024-03-26 10:17:59,1.73
3936,4171,port_congestion,equipment_failure,low,2024-03-26 11:10:23,2.14
3937,4175,transport_delay,vehicle_breakdown,medium,2025-07-31 12:26:37,26.23
3938,4175,weather_disruption,hurricane,medium,2025-08-01 02:25:40,25.46
3939,4178,supplier_failure,production_halt,medium,2024-07-04 05:31:11,6.85
3940,4178,weather_disruption,flooding,medium,2024-07-04 15:42:48,12.23
3941,4179,transport_delay,border_delay,high,2023-04-10 10:28:16,44.3
3942,4179,supplier_failure,capacity_shortage,high,2023-04-10 19:12:52,22.56
3943,4179,port_congestion,high_demand,high,2023-04-13 20:33:45,16.08
3944,4180,port_congestion,labor_strike,high,2024-05-03 15:01:37,57.17
3945,4180,transport_delay,fuel_shortage,high,2024-05-03 17:43:33,11.59
3946,4180,supplier_failure,production_halt,high,2024-05-03 22:57:58,15.67
3947,4181,transport_delay,border_delay,low,2025-02-14 08:17:16,2.24
3948,4181,weather_disruption,severe_storm,low,2025-02-14 09:40:37,4.07
3949,4181,transport_delay,vehicle_breakdown,low,2025-02-14 11:12:17,7.94
3950,4182,transport_delay,vehicle_breakdown,medium,2025-09-17 23:47:38,17.31
3951,4184,weather_disruption,fog,medium,2023-09-07 02:16:32,18.62
3952,4185,transport_delay,road_closure,high,2024-04-09 04:16:24,26.57
3953,4185,transport_delay,border_delay,high,2024-04-09 22:41:13,47.1
3954,4185,transport_delay,vehicle_breakdown,high,2024-04-10 21:00:52,35.7
3955,4187,transport_delay,border_delay,medium,2025-11-05 06:22:59,7.96
3956,4188,weather_disruption,severe_storm,medium,2023-08-19 17:44:48,11.53
3957,4188,transport_delay,border_delay,medium,2023-08-19 22:45:39,36.07
3958,4189,transport_delay,fuel_shortage,medium,2024-07-13 06:09:50,16.46
3959,4189,transport_delay,vehicle_breakdown,medium,2024-07-14 03:26:25,23.74
3960,4190,supplier_failure,bankruptcy,medium,2025-06-27 01:01:06,12.99
3961,4191,supplier_failure,production_halt,low,2024-02-26 04:33:35,2.36
3962,4192,transport_delay,road_closure,high,2023-10-04 15:57:35,33.09
3963,4192,supplier_failure,bankruptcy,high,2023-10-05 18:07:26,46.75
3964,4192,port_congestion,inspection_backlog,high,2023-10-05 22:50:31,37.86
3965,4192,port_congestion,labor_strike,high,2023-10-06 02:46:43,42.39
3966,4192,port_congestion,inspection_backlog,high,2023-10-07 03:47:26,29.13
3967,4195,supplier_failure,capacity_shortage,medium,2025-04-13 00:27:42,3.21
3968,4196,supplier_failure,bankruptcy,medium,2024-01-05 13:13:29,67.23
3969,4196,transport_delay,fuel_shortage,medium,2024-01-05 15:03:40,21.56
3970,4199,supplier_failure,capacity_shortage,medium,2025-03-17 16:48:27,9.2
3971,4203,weather_disruption,blizzard,high,2025-11-02 19:14:51,29.24
3972,4203,port_congestion,inspection_backlog,high,2025-11-02 21:58:09,106.29
3973,4203,transport_delay,vehicle_breakdown,high,2025-11-04 17:16:46,15.61
3974,4203,weather_disruption,flooding,high,2025-11-06 08:04:21,14.28
3975,4203,transport_delay,vehicle_breakdown,high,2025-11-07 17:33:10,11.74
3976,4203,port_congestion,equipment_failure,high,2025-11-08 08:29:24,63.0
3977,4203,supplier_failure,capacity_shortage,high,2025-11-08 11:42:33,12.6
3978,4206,supplier_failure,quality_issue,medium,2023-04-17 00:29:31,47.31
3979,4208,transport_delay,vehicle_breakdown,medium,2024-02-27 18:14:59,8.12
3980,4208,transport_delay,fuel_shortage,medium,2024-02-28 13:29:51,21.33
3981,4209,transport_delay,road_closure,medium,2024-04-04 07:36:31,7.96
3982,4209,transport_delay,border_delay,medium,2024-04-05 09:59:14,23.84
3983,4210,port_congestion,labor_strike,medium,2025-11-04 02:54:35,7.28
3984,4210,weather_disruption,severe_storm,medium,2025-11-04 11:01:04,7.67
3985,4210,port_congestion,high_demand,medium,2025-11-04 18:53:42,9.32
3986,4213,transport_delay,vehicle_breakdown,low,2024-10-09 16:28:45,4.94
3987,4214,supplier_failure,production_halt,high,2023-07-01 08:58:47,14.88
3988,4214,weather_disruption,blizzard,high,2023-07-02 23:19:29,36.01
3989,4214,transport_delay,vehicle_breakdown,high,2023-07-03 18:26:42,75.62
3990,4215,port_congestion,equipment_failure,medium,2024-09-25 06:47:07,5.84
3991,4215,port_congestion,high_demand,medium,2024-09-25 14:04:18,5.03
3992,4216,supplier_failure,bankruptcy,medium,2024-07-02 14:44:19,14.94
3993,4217,transport_delay,road_closure,medium,2024-09-18 06:32:44,16.76
3994,4217,port_congestion,high_demand,medium,2024-09-18 15:04:24,12.97
3995,4217,supplier_failure,bankruptcy,medium,2024-09-18 18:11:30,5.32
3996,4220,transport_delay,fuel_shortage,high,2023-02-28 08:40:21,12.29
3997,4222,weather_disruption,severe_storm,high,2023-08-25 04:18:32,48.94
3998,4222,transport_delay,border_delay,high,2023-08-26 01:33:16,20.76
3999,4222,port_congestion,equipment_failure,high,2023-08-27 20:49:43,75.57
4000,4224,port_congestion,inspection_backlog,medium,2025-06-18 10:07:21,7.17
4001,4226,port_congestion,labor_strike,medium,2024-09-10 11:04:54,20.02
4002,4226,supplier_failure,capacity_shortage,medium,2024-09-10 22:22:02,8.16
4003,4226,port_congestion,labor_strike,medium,2024-09-11 01:47:11,14.36
4004,4226,supplier_failure,quality_issue,medium,2024-09-11 20:45:29,10.72
4005,4228,port_congestion,high_demand,medium,2023-01-16 06:21:54,10.94
4006,4228,port_congestion,labor_strike,medium,2023-01-16 18:00:36,24.28
4007,4229,supplier_failure,production_halt,medium,2023-08-28 20:12:35,12.38
4008,4229,supplier_failure,capacity_shortage,medium,2023-08-29 00:13:44,26.28
4009,4229,supplier_failure,bankruptcy,medium,2023-08-29 02:40:41,63.8
4010,4231,weather_disruption,hurricane,medium,2024-04-23 01:09:20,8.13
4011,4233,transport_delay,border_delay,high,2023-09-11 14:03:17,35.88
4012,4233,supplier_failure,bankruptcy,high,2023-09-13 10:14:48,23.46
4013,4236,port_congestion,high_demand,medium,2024-07-05 04:49:04,9.72
4014,4236,supplier_failure,capacity_shortage,medium,2024-07-06 19:26:44,9.74
4015,4236,transport_delay,vehicle_breakdown,medium,2024-07-06 21:36:38,13.58
4016,4239,port_congestion,labor_strike,low,2025-11-21 17:19:34,7.03
4017,4240,transport_delay,vehicle_breakdown,medium,2024-10-25 07:27:10,3.91
4018,4240,port_congestion,high_demand,medium,2024-10-25 16:18:42,4.19
4019,4240,transport_delay,border_delay,medium,2024-10-26 16:51:46,19.34
4020,4242,transport_delay,road_closure,medium,2024-05-11 04:44:25,26.06
4021,4242,port_congestion,labor_strike,medium,2024-05-12 00:03:50,19.3
4022,4242,port_congestion,high_demand,medium,2024-05-12 06:18:14,4.82
4023,4242,supplier_failure,capacity_shortage,medium,2024-05-12 10:39:31,5.53
4024,4244,transport_delay,road_closure,low,2024-11-26 02:26:25,4.32
4025,4244,port_congestion,high_demand,low,2024-11-26 09:50:40,8.66
4026,4248,port_congestion,equipment_failure,medium,2024-12-29 23:13:02,12.66
4027,4248,port_congestion,high_demand,medium,2024-12-30 02:58:14,16.87
4028,4249,transport_delay,vehicle_breakdown,medium,2024-04-02 04:31:09,8.91
4029,4249,transport_delay,vehicle_breakdown,medium,2024-04-02 17:13:32,11.5
4030,4249,transport_delay,road_closure,medium,2024-04-02 21:31:50,14.43
4031,4251,weather_disruption,blizzard,high,2023-02-07 22:35:01,102.55
4032,4254,port_congestion,inspection_backlog,medium,2025-04-06 01:23:13,3.54
4033,4254,transport_delay,border_delay,medium,2025-04-06 16:39:11,7.61
4034,4254,transport_delay,border_delay,medium,2025-04-07 05:23:36,15.5
4035,4255,port_congestion,equipment_failure,low,2025-10-18 13:43:19,4.45
4036,4256,port_congestion,labor_strike,medium,2023-06-26 00:59:30,21.81
4037,4257,weather_disruption,blizzard,medium,2024-06-15 01:24:49,4.77
4038,4259,port_congestion,labor_strike,medium,2025-09-08 01:48:46,21.08
4039,4260,port_congestion,labor_strike,medium,2023-01-20 02:19:25,19.94
4040,4260,supplier_failure,quality_issue,medium,2023-01-21 01:36:29,4.93
4041,4260,port_congestion,labor_strike,medium,2023-01-21 15:39:49,30.08
4042,4262,weather_disruption,flooding,low,2023-07-29 17:14:43,4.01
4043,4263,supplier_failure,quality_issue,medium,2024-01-25 01:32:56,8.61
4044,4268,port_congestion,equipment_failure,medium,2024-10-02 16:07:05,21.87
4045,4269,port_congestion,equipment_failure,low,2024-07-15 08:56:53,4.71
4046,4269,transport_delay,road_closure,low,2024-07-15 12:17:28,5.71
4047,4271,port_congestion,inspection_backlog,medium,2023-10-05 02:04:04,14.36
4048,4271,weather_disruption,fog,medium,2023-10-06 13:34:21,7.78
4049,4271,supplier_failure,bankruptcy,medium,2023-10-07 00:10:30,13.04
4050,4271,port_congestion,equipment_failure,medium,2023-10-07 04:44:28,8.46
4051,4271,transport_delay,border_delay,medium,2023-10-07 08:36:38,17.78
4052,4276,transport_delay,road_closure,medium,2025-01-23 06:42:30,7.09
4053,4277,supplier_failure,bankruptcy,medium,2024-09-23 07:40:27,25.32
4054,4278,supplier_failure,capacity_shortage,medium,2024-01-15 02:52:05,16.21
4055,4278,transport_delay,border_delay,medium,2024-01-15 05:15:56,2.21
4056,4281,transport_delay,vehicle_breakdown,medium,2023-03-22 02:58:38,30.4
4057,4281,transport_delay,fuel_shortage,medium,2023-03-22 23:08:19,10.45
4058,4281,transport_delay,fuel_shortage,medium,2023-03-23 00:15:07,8.93
4059,4282,port_congestion,equipment_failure,low,2024-10-13 10:53:46,4.88
4060,4282,port_congestion,inspection_backlog,low,2024-10-13 12:11:18,5.18
4061,4283,transport_delay,vehicle_breakdown,high,2025-03-29 22:35:51,73.89
4062,4283,weather_disruption,hurricane,high,2025-03-31 08:07:29,58.21
4063,4283,supplier_failure,capacity_shortage,high,2025-04-01 11:00:20,11.79
4064,4284,port_congestion,labor_strike,high,2023-07-27 13:20:28,19.21
4065,4286,transport_delay,border_delay,medium,2024-01-03 13:29:48,32.3
4066,4287,supplier_failure,capacity_shortage,medium,2023-03-03 00:01:39,3.6
4067,4287,port_congestion,labor_strike,medium,2023-03-03 03:28:55,10.0
4068,4289,transport_delay,vehicle_breakdown,medium,2025-11-09 01:43:24,12.64
4069,4289,port_congestion,inspection_backlog,medium,2025-11-09 20:46:00,4.79
4070,4290,supplier_failure,capacity_shortage,low,2025-03-03 12:11:05,5.56
4071,4292,port_congestion,inspection_backlog,high,2023-01-10 07:34:35,17.69
4072,4292,weather_disruption,hurricane,high,2023-01-14 08:39:02,29.61
4073,4292,port_congestion,high_demand,high,2023-01-15 14:23:06,17.22
4074,4292,transport_delay,border_delay,high,2023-01-16 03:11:13,62.81
4075,4292,port_congestion,labor_strike,high,2023-01-18 06:39:32,10.62
4076,4292,supplier_failure,quality_issue,high,2023-01-18 13:54:21,14.29
4077,4293,supplier_failure,capacity_shortage,medium,2025-03-20 15:27:51,9.24
4078,4293,supplier_failure,production_halt,medium,2025-03-21 11:15:25,9.68
4079,4294,transport_delay,fuel_shortage,low,2024-05-20 15:30:37,10.85
4080,4296,port_congestion,high_demand,high,2025-09-17 20:32:22,11.59
4081,4298,weather_disruption,severe_storm,high,2024-12-17 21:25:59,12.84
4082,4298,port_congestion,labor_strike,high,2024-12-19 20:10:17,15.69
4083,4298,transport_delay,border_delay,high,2024-12-20 17:57:34,56.23
4084,4299,supplier_failure,bankruptcy,low,2023-10-01 04:51:02,4.14
4085,4300,transport_delay,road_closure,medium,2024-06-26 08:36:03,10.03
4086,4301,transport_delay,vehicle_breakdown,medium,2025-01-30 10:02:35,5.92
4087,4303,transport_delay,vehicle_breakdown,low,2025-02-23 05:53:34,1.52
4088,4304,weather_disruption,severe_storm,low,2024-08-17 09:19:45,5.63
4089,4307,weather_disruption,severe_storm,medium,2025-06-23 18:07:55,19.89
4090,4310,weather_disruption,blizzard,high,2025-07-24 04:33:19,21.13
4091,4310,supplier_failure,quality_issue,high,2025-07-24 13:22:00,27.8
4092,4310,supplier_failure,capacity_shortage,high,2025-07-25 20:56:49,21.11
4093,4312,weather_disruption,severe_storm,medium,2025-02-10 15:11:19,17.37
4094,4312,transport_delay,vehicle_breakdown,medium,2025-02-11 01:39:04,19.21
4095,4316,weather_disruption,hurricane,medium,2025-11-20 02:06:40,6.24
4096,4317,transport_delay,road_closure,high,2023-04-06 21:43:35,98.67
4097,4317,port_congestion,inspection_backlog,high,2023-04-07 13:13:23,38.25
4098,4317,transport_delay,border_delay,high,2023-04-09 21:30:36,32.23
4099,4317,supplier_failure,bankruptcy,high,2023-04-10 23:04:49,13.78
4100,4323,supplier_failure,capacity_shortage,high,2024-07-14 12:21:40,52.79
4101,4324,transport_delay,fuel_shortage,high,2023-07-22 18:30:05,46.53
4102,4326,transport_delay,road_closure,low,2023-08-26 04:59:30,13.78
4103,4336,transport_delay,road_closure,high,2025-10-30 06:30:28,13.74
4104,4338,weather_disruption,severe_storm,medium,2024-11-15 00:48:42,9.38
4105,4346,port_congestion,inspection_backlog,high,2024-12-04 12:01:03,56.05
4106,4346,port_congestion,labor_strike,high,2024-12-05 16:16:16,36.18
4107,4346,transport_delay,vehicle_breakdown,high,2024-12-05 21:01:49,49.77
4108,4347,weather_disruption,fog,high,2023-08-01 03:52:33,47.99
4109,4347,port_congestion,labor_strike,high,2023-08-06 21:18:23,13.0
4110,4347,transport_delay,road_closure,high,2023-08-07 02:05:13,52.6
4111,4349,transport_delay,vehicle_breakdown,low,2023-04-20 19:53:01,2.69
4112,4350,supplier_failure,bankruptcy,high,2023-11-21 11:31:37,21.69
4113,4350,transport_delay,road_closure,high,2023-11-25 01:38:13,28.95
4114,4350,weather_disruption,flooding,high,2023-11-25 06:45:25,30.77
4115,4353,supplier_failure,quality_issue,high,2025-04-18 06:28:41,12.13
4116,4356,port_congestion,equipment_failure,high,2025-01-09 06:50:48,18.53
4117,4356,transport_delay,road_closure,high,2025-01-10 22:57:00,22.83
4118,4356,transport_delay,road_closure,high,2025-01-11 00:23:43,33.72
4119,4357,transport_delay,vehicle_breakdown,medium,2025-10-19 07:38:47,8.78
4120,4359,weather_disruption,flooding,high,2024-11-12 01:36:17,34.73
4121,4362,port_congestion,inspection_backlog,high,2024-02-06 00:18:19,39.0
4122,4362,weather_disruption,hurricane,high,2024-02-06 20:18:18,30.38
4123,4364,transport_delay,fuel_shortage,high,2025-09-04 19:19:33,29.22
4124,4364,port_congestion,equipment_failure,high,2025-09-05 12:34:00,36.3
4125,4366,transport_delay,fuel_shortage,low,2024-06-10 06:20:42,4.56
4126,4369,port_congestion,high_demand,medium,2023-08-07 11:27:39,17.0
4127,4369,port_congestion,inspection_backlog,medium,2023-08-07 11:39:40,12.53
4128,4369,port_congestion,equipment_failure,medium,2023-08-07 23:45:09,6.09
4129,4370,transport_delay,road_closure,medium,2024-05-29 01:13:29,19.61
4130,4370,weather_disruption,hurricane,medium,2024-05-29 22:39:24,19.96
4131,4371,port_congestion,inspection_backlog,medium,2025-10-21 17:47:03,11.74
4132,4371,weather_disruption,blizzard,medium,2025-10-22 11:36:31,28.78
4133,4372,supplier_failure,quality_issue,high,2024-08-16 02:56:13,28.97
4134,4372,weather_disruption,severe_storm,high,2024-08-17 19:18:04,9.78
4135,4372,transport_delay,border_delay,high,2024-08-18 19:46:23,21.17
4136,4372,transport_delay,vehicle_breakdown,high,2024-08-20 08:21:13,27.8
4137,4372,supplier_failure,quality_issue,high,2024-08-21 08:50:07,12.53
4138,4372,port_congestion,equipment_failure,high,2024-08-23 11:26:49,76.39
4139,4375,port_congestion,inspection_backlog,medium,2023-08-22 04:38:44,11.37
4140,4376,weather_disruption,severe_storm,low,2025-08-17 03:22:27,5.99
4141,4379,transport_delay,road_closure,high,2025-08-16 03:09:51,35.68
4142,4379,transport_delay,road_closure,high,2025-08-16 21:43:06,18.67
4143,4379,port_congestion,equipment_failure,high,2025-08-18 09:10:11,56.36
4144,4380,transport_delay,road_closure,medium,2024-11-12 23:43:25,9.93
4145,4381,transport_delay,border_delay,high,2023-08-26 17:24:27,34.98
4146,4381,port_congestion,equipment_failure,high,2023-08-29 05:25:47,49.07
4147,4382,supplier_failure,production_halt,low,2025-01-05 02:18:14,10.35
4148,4383,supplier_failure,quality_issue,low,2023-03-27 08:00:33,1.49
4149,4384,transport_delay,fuel_shortage,medium,2023-12-13 17:00:47,11.99
4150,4384,supplier_failure,bankruptcy,medium,2023-12-14 00:01:59,16.9
4151,4384,port_congestion,inspection_backlog,medium,2023-12-14 03:26:09,15.87
4152,4387,transport_delay,fuel_shortage,medium,2024-11-18 07:43:39,9.01
4153,4387,transport_delay,border_delay,medium,2024-11-18 20:07:16,9.76
4154,4387,transport_delay,fuel_shortage,medium,2024-11-18 21:56:28,15.68
4155,4387,supplier_failure,quality_issue,medium,2024-11-19 01:04:56,13.21
4156,4389,weather_disruption,blizzard,high,2023-12-21 01:35:18,50.73
4157,4390,transport_delay,vehicle_breakdown,medium,2024-01-15 17:54:52,15.18
4158,4390,transport_delay,fuel_shortage,medium,2024-01-15 20:28:35,9.09
4159,4394,port_congestion,high_demand,medium,2024-05-20 02:49:49,41.61
4160,4395,supplier_failure,production_halt,low,2025-03-18 00:04:01,3.17
4161,4395,supplier_failure,quality_issue,low,2025-03-18 05:52:14,5.35
4162,4395,transport_delay,fuel_shortage,low,2025-03-18 08:19:54,10.29
4163,4397,transport_delay,border_delay,high,2025-06-05 13:05:04,32.78
4164,4397,weather_disruption,severe_storm,high,2025-06-05 16:02:27,35.35
4165,4397,port_congestion,equipment_failure,high,2025-06-07 02:44:00,12.0
4166,4397,weather_disruption,blizzard,high,2025-06-09 04:52:12,28.41
4167,4397,transport_delay,border_delay,high,2025-06-09 23:01:32,46.86
4168,4400,weather_disruption,severe_storm,medium,2023-01-16 06:36:05,26.09
4169,4400,weather_disruption,fog,medium,2023-01-16 18:27:56,12.54
4170,4400,transport_delay,border_delay,medium,2023-01-18 03:58:50,6.84
4171,4402,supplier_failure,capacity_shortage,medium,2023-07-29 13:03:01,7.83
4172,4403,port_congestion,high_demand,low,2024-09-09 03:21:57,1.85
4173,4406,port_congestion,inspection_backlog,high,2025-11-28 22:57:45,58.2
4174,4410,transport_delay,road_closure,medium,2024-03-13 04:17:29,8.39
4175,4411,transport_delay,border_delay,medium,2025-11-23 08:06:17,10.28
4176,4413,port_congestion,high_demand,low,2025-08-16 02:05:37,4.04
4177,4418,weather_disruption,hurricane,medium,2024-06-27 10:48:53,18.38
4178,4419,port_congestion,equipment_failure,medium,2024-03-31 22:25:21,12.7
4179,4419,transport_delay,fuel_shortage,medium,2024-03-31 23:54:14,8.46
4180,4420,port_congestion,equipment_failure,medium,2025-08-27 16:02:43,11.42
4181,4421,port_congestion,inspection_backlog,low,2023-12-11 03:04:12,9.48
4182,4421,transport_delay,vehicle_breakdown,low,2023-12-11 08:05:23,12.56
4183,4421,port_congestion,high_demand,low,2023-12-11 12:45:02,3.57
4184,4421,transport_delay,fuel_shortage,low,2023-12-11 14:15:53,4.05
4185,4422,port_congestion,inspection_backlog,low,2025-06-07 16:11:02,2.46
4186,4423,port_congestion,equipment_failure,low,2023-02-28 06:19:08,8.96
4187,4425,supplier_failure,bankruptcy,medium,2024-01-22 08:26:25,52.39
4188,4426,port_congestion,labor_strike,medium,2025-07-14 05:30:00,8.19
4189,4427,transport_delay,border_delay,medium,2025-03-03 10:57:39,7.07
4190,4430,transport_delay,border_delay,high,2024-08-23 06:14:17,44.99
4191,4431,port_congestion,high_demand,medium,2024-04-29 00:05:02,8.08
4192,4432,transport_delay,fuel_shortage,medium,2023-05-12 22:05:33,15.24
4193,4434,supplier_failure,quality_issue,medium,2025-02-02 22:44:55,6.31
4194,4434,transport_delay,road_closure,medium,2025-02-03 23:52:00,18.07
4195,4435,weather_disruption,blizzard,medium,2024-10-04 10:15:46,12.92
4196,4435,weather_disruption,blizzard,medium,2024-10-05 08:28:47,12.51
4197,4441,transport_delay,vehicle_breakdown,high,2023-04-16 04:29:40,27.67
4198,4441,transport_delay,border_delay,high,2023-04-18 01:19:54,200.0
4199,4446,port_congestion,inspection_backlog,medium,2025-06-04 09:55:06,14.61
4200,4446,transport_delay,vehicle_breakdown,medium,2025-06-04 11:00:50,16.0
4201,4447,supplier_failure,capacity_shortage,medium,2025-11-01 22:37:00,12.95
4202,4448,transport_delay,border_delay,low,2024-06-19 15:01:09,3.17
4203,4449,transport_delay,border_delay,medium,2024-07-27 04:50:37,8.62
4204,4450,supplier_failure,production_halt,high,2023-07-05 06:47:28,14.79
4205,4450,transport_delay,border_delay,high,2023-07-07 10:40:45,25.15
4206,4452,transport_delay,fuel_shortage,low,2024-07-07 03:31:40,6.9
4207,4452,weather_disruption,blizzard,low,2024-07-07 03:33:07,7.21
4208,4453,transport_delay,road_closure,medium,2023-01-02 13:37:26,13.27
4209,4454,transport_delay,border_delay,medium,2025-01-16 05:27:50,27.1
4210,4454,port_congestion,inspection_backlog,medium,2025-01-16 19:32:20,31.71
4211,4455,transport_delay,border_delay,high,2023-10-31 15:07:30,40.74
4212,4455,weather_disruption,hurricane,high,2023-11-01 06:34:15,85.24
4213,4455,supplier_failure,capacity_shortage,high,2023-11-03 05:54:23,99.42
4214,4455,transport_delay,road_closure,high,2023-11-03 15:29:20,34.82
4215,4457,port_congestion,high_demand,medium,2023-09-03 00:46:19,6.3
4216,4458,transport_delay,vehicle_breakdown,low,2024-12-05 17:53:09,3.64
4217,4459,weather_disruption,severe_storm,medium,2025-01-26 02:12:23,16.35
4218,4461,port_congestion,labor_strike,medium,2024-06-15 02:10:07,8.65
4219,4461,weather_disruption,hurricane,medium,2024-06-16 06:07:58,19.18
4220,4462,supplier_failure,capacity_shortage,medium,2024-08-14 03:28:22,6.13
4221,4465,supplier_failure,capacity_shortage,high,2023-10-12 16:02:44,11.38
4222,4469,transport_delay,fuel_shortage,medium,2024-07-07 09:16:30,9.21
4223,4469,port_congestion,equipment_failure,medium,2024-07-07 20:41:12,6.74
4224,4470,transport_delay,border_delay,low,2025-05-28 04:06:07,2.02
4225,4470,transport_delay,vehicle_breakdown,low,2025-05-28 08:23:20,3.56
4226,4471,transport_delay,vehicle_breakdown,high,2023-12-05 20:46:06,47.67
4227,4472,weather_disruption,hurricane,high,2025-05-12 18:01:13,34.41
4228,4472,port_congestion,inspection_backlog,high,2025-05-14 05:47:52,47.25
4229,4472,port_congestion,inspection_backlog,high,2025-05-16 05:30:41,11.68
4230,4474,weather_disruption,flooding,high,2023-11-08 18:31:14,26.37
4231,4475,transport_delay,vehicle_breakdown,high,2023-05-17 17:30:53,28.97
4232,4475,transport_delay,vehicle_breakdown,high,2023-05-20 05:52:57,46.9
4233,4477,transport_delay,fuel_shortage,high,2024-05-13 22:06:13,52.32
4234,4477,weather_disruption,hurricane,high,2024-05-13 23:47:16,22.11
4235,4477,weather_disruption,severe_storm,high,2024-05-15 07:48:35,34.65
4236,4477,port_congestion,equipment_failure,high,2024-05-16 01:57:12,87.65
4237,4477,supplier_failure,production_halt,high,2024-05-19 10:00:08,118.37
4238,4477,transport_delay,road_closure,high,2024-05-19 16:35:28,19.53
4239,4478,port_congestion,labor_strike,medium,2024-03-20 09:50:42,7.14
4240,4478,supplier_failure,production_halt,medium,2024-03-22 03:41:12,8.37
4241,4479,port_congestion,labor_strike,low,2023-11-29 05:47:58,3.9
4242,4480,transport_delay,vehicle_breakdown,medium,2024-02-14 22:37:39,14.62
4243,4481,transport_delay,road_closure,low,2025-01-16 12:48:00,4.74
4244,4482,transport_delay,road_closure,medium,2025-09-17 07:17:53,3.54
4245,4482,port_congestion,labor_strike,medium,2025-09-18 00:36:02,4.95
4246,4482,weather_disruption,severe_storm,medium,2025-09-19 05:12:24,7.91
4247,4483,port_congestion,labor_strike,low,2024-03-27 01:53:37,10.51
4248,4485,transport_delay,border_delay,high,2025-03-10 23:06:54,40.4
4249,4485,transport_delay,vehicle_breakdown,high,2025-03-11 23:13:48,33.51
4250,4485,port_congestion,inspection_backlog,high,2025-03-12 19:43:16,16.72
4251,4486,supplier_failure,production_halt,low,2025-10-06 07:53:33,5.72
4252,4488,supplier_failure,bankruptcy,low,2023-04-14 03:19:02,1.93
4253,4491,port_congestion,inspection_backlog,high,2024-12-30 01:45:48,35.92
4254,4491,transport_delay,fuel_shortage,high,2024-12-30 17:09:52,100.14
4255,4491,transport_delay,border_delay,high,2024-12-30 22:54:30,42.4
4256,4491,port_congestion,labor_strike,high,2024-12-31 00:40:12,200.0
4257,4492,weather_disruption,blizzard,low,2024-07-15 00:34:49,3.57
4258,4492,transport_delay,border_delay,low,2024-07-15 10:29:09,4.54
4259,4494,supplier_failure,capacity_shortage,medium,2024-07-27 10:09:18,6.82
4260,4497,transport_delay,fuel_shortage,medium,2023-02-26 10:22:57,10.9
4261,4497,transport_delay,road_closure,medium,2023-02-27 15:40:01,9.43
4262,4497,transport_delay,vehicle_breakdown,medium,2023-02-27 16:47:33,13.88
4263,4497,transport_delay,road_closure,medium,2023-02-28 13:49:48,13.28
4264,4499,transport_delay,road_closure,medium,2025-06-10 22:45:29,22.32
4265,4499,port_congestion,equipment_failure,medium,2025-06-11 02:53:10,40.97
4266,4499,supplier_failure,capacity_shortage,medium,2025-06-11 04:32:50,9.16
4267,4500,supplier_failure,bankruptcy,medium,2023-08-07 11:36:56,6.98
4268,4500,transport_delay,vehicle_breakdown,medium,2023-08-08 21:19:27,21.5
4269,4504,weather_disruption,hurricane,medium,2025-03-04 15:25:56,14.14
4270,4507,supplier_failure,production_halt,medium,2023-12-14 04:03:29,9.61
4271,4507,transport_delay,road_closure,medium,2023-12-14 13:24:07,9.97
4272,4508,port_congestion,inspection_backlog,medium,2023-07-04 12:07:09,5.46
4273,4508,transport_delay,fuel_shortage,medium,2023-07-05 12:52:43,6.9
4274,4510,supplier_failure,capacity_shortage,high,2023-02-12 04:23:56,40.74
4275,4510,weather_disruption,fog,high,2023-02-13 16:04:50,24.54
4276,4511,supplier_failure,quality_issue,medium,2024-02-29 18:20:37,5.82
4277,4511,weather_disruption,fog,medium,2024-03-01 07:56:34,15.65
4278,4515,transport_delay,road_closure,high,2024-10-30 06:30:07,35.29
4279,4515,transport_delay,fuel_shortage,high,2024-10-31 04:09:56,26.67
4280,4515,weather_disruption,hurricane,high,2024-11-01 06:28:57,19.38
4281,4515,port_congestion,equipment_failure,high,2024-11-01 06:38:50,27.3
4282,4515,transport_delay,fuel_shortage,high,2024-11-02 12:38:49,57.52
4283,4517,weather_disruption,hurricane,medium,2025-08-28 12:30:56,10.02
4284,4517,port_congestion,labor_strike,medium,2025-08-28 20:20:07,56.74
4285,4517,transport_delay,fuel_shortage,medium,2025-08-28 21:23:09,18.16
4286,4517,supplier_failure,quality_issue,medium,2025-08-29 00:30:48,6.32
4287,4519,supplier_failure,bankruptcy,high,2025-01-26 12:29:12,38.37
4288,4519,transport_delay,fuel_shortage,high,2025-01-31 10:39:08,38.78
4289,4521,transport_delay,fuel_shortage,medium,2023-05-24 11:49:18,6.96
4290,4522,port_congestion,inspection_backlog,medium,2025-05-20 11:50:32,16.1
4291,4523,weather_disruption,blizzard,medium,2024-05-01 09:37:16,11.89
4292,4526,supplier_failure,production_halt,medium,2025-07-29 13:10:33,23.08
4293,4530,transport_delay,border_delay,medium,2023-06-27 15:37:35,11.08
4294,4531,weather_disruption,flooding,high,2025-07-10 16:48:14,22.37
4295,4531,transport_delay,road_closure,high,2025-07-12 06:14:54,46.88
4296,4531,weather_disruption,severe_storm,high,2025-07-12 16:59:01,42.09
4297,4531,port_congestion,inspection_backlog,high,2025-07-12 22:24:15,42.29
4298,4531,port_congestion,equipment_failure,high,2025-07-13 01:53:37,26.97
4299,4531,transport_delay,border_delay,high,2025-07-14 00:19:16,20.57
4300,4532,transport_delay,road_closure,high,2024-12-08 19:42:03,8.19
4301,4535,transport_delay,border_delay,medium,2023-09-07 18:20:50,7.22
4302,4537,port_congestion,inspection_backlog,medium,2024-06-21 06:37:23,10.26
4303,4538,supplier_failure,production_halt,high,2024-07-06 07:31:08,27.82
4304,4538,transport_delay,fuel_shortage,high,2024-07-06 19:54:24,36.39
4305,4538,transport_delay,vehicle_breakdown,high,2024-07-07 17:57:25,56.8
4306,4538,supplier_failure,bankruptcy,high,2024-07-08 22:05:27,30.55
4307,4540,port_congestion,inspection_backlog,low,2025-07-03 03:20:26,2.35
4308,4540,transport_delay,road_closure,low,2025-07-03 04:43:27,1.9
4309,4541,port_congestion,inspection_backlog,medium,2024-07-28 20:17:44,9.31
4310,4541,transport_delay,fuel_shortage,medium,2024-07-29 07:38:04,5.04
4311,4546,supplier_failure,capacity_shortage,medium,2025-05-17 01:28:07,12.45
4312,4546,supplier_failure,capacity_shortage,medium,2025-05-17 06:21:09,20.78
4313,4549,transport_delay,road_closure,medium,2024-10-21 04:14:55,65.46
4314,4549,transport_delay,road_closure,medium,2024-10-21 14:44:38,11.89
4315,4549,port_congestion,high_demand,medium,2024-10-22 02:19:07,101.61
4316,4549,transport_delay,road_closure,medium,2024-10-22 03:39:42,7.03
4317,4549,transport_delay,road_closure,medium,2024-10-22 09:12:57,19.12
4318,4550,port_congestion,high_demand,medium,2023-05-10 12:20:13,7.95
4319,4550,transport_delay,fuel_shortage,medium,2023-05-10 14:03:17,12.84
4320,4550,weather_disruption,flooding,medium,2023-05-10 18:43:37,26.3
4321,4554,transport_delay,border_delay,medium,2024-01-21 13:14:36,5.64
4322,4554,port_congestion,high_demand,medium,2024-01-21 16:38:36,8.33
4323,4554,port_congestion,inspection_backlog,medium,2024-01-21 16:40:18,15.6
4324,4555,port_congestion,labor_strike,high,2025-05-01 05:10:38,13.75
4325,4555,port_congestion,equipment_failure,high,2025-05-01 20:06:26,45.56
4326,4555,transport_delay,road_closure,high,2025-05-02 17:07:55,17.93
4327,4555,port_congestion,inspection_backlog,high,2025-05-02 20:16:43,84.21
4328,4559,supplier_failure,quality_issue,high,2024-06-02 07:03:43,53.75
4329,4559,port_congestion,labor_strike,high,2024-06-02 15:09:13,22.12
4330,4559,transport_delay,border_delay,high,2024-06-03 02:40:54,62.52
4331,4561,port_congestion,equipment_failure,low,2024-03-26 20:04:53,1.58
4332,4564,transport_delay,fuel_shortage,medium,2023-06-05 02:05:43,22.02
4333,4565,weather_disruption,flooding,low,2025-01-12 12:37:01,3.37
4334,4565,transport_delay,road_closure,low,2025-01-12 13:30:43,5.56
4335,4566,weather_disruption,severe_storm,high,2024-01-13 12:55:50,61.27
4336,4566,port_congestion,high_demand,high,2024-01-16 00:10:41,137.46
4337,4570,weather_disruption,blizzard,high,2023-07-04 16:14:24,80.71
4338,4570,weather_disruption,severe_storm,high,2023-07-05 08:41:55,34.4
4339,4570,weather_disruption,fog,high,2023-07-06 09:40:29,42.95
4340,4573,supplier_failure,bankruptcy,medium,2023-07-27 04:25:55,9.29
4341,4574,port_congestion,high_demand,low,2024-05-26 01:03:43,5.17
4342,4577,transport_delay,road_closure,low,2025-01-18 09:02:17,4.11
4343,4577,port_congestion,labor_strike,low,2025-01-18 12:50:58,3.27
4344,4578,port_congestion,labor_strike,high,2024-06-23 11:21:36,125.46
4345,4578,weather_disruption,flooding,high,2024-06-24 12:10:00,24.62
4346,4578,weather_disruption,hurricane,high,2024-06-24 18:44:49,25.19
4347,4578,supplier_failure,capacity_shortage,high,2024-06-26 16:02:51,36.17
4348,4578,transport_delay,border_delay,high,2024-06-26 19:38:57,40.61
4349,4582,transport_delay,road_closure,low,2024-11-25 10:51:39,11.57
4350,4582,port_congestion,labor_strike,low,2024-11-25 11:26:51,1.78
4351,4582,weather_disruption,hurricane,low,2024-11-25 14:39:10,2.25
4352,4584,transport_delay,road_closure,medium,2025-06-20 03:50:39,9.31
4353,4585,port_congestion,high_demand,medium,2025-03-08 12:58:33,55.59
4354,4586,port_congestion,equipment_failure,low,2025-08-15 04:43:32,6.16
4355,4586,port_congestion,high_demand,low,2025-08-15 11:21:14,1.97
4356,4588,transport_delay,border_delay,medium,2023-08-30 22:51:53,12.64
4357,4589,port_congestion,equipment_failure,medium,2025-09-03 22:05:18,14.36
4358,4590,supplier_failure,quality_issue,medium,2024-11-30 11:13:02,8.92
4359,4592,port_congestion,labor_strike,high,2023-01-16 22:00:27,21.21
4360,4592,transport_delay,border_delay,high,2023-01-17 02:41:41,22.25
4361,4592,transport_delay,border_delay,high,2023-01-17 03:33:35,117.34
4362,4592,transport_delay,road_closure,high,2023-01-17 08:40:18,43.77
4363,4594,transport_delay,road_closure,medium,2024-11-17 06:39:16,48.86
4364,4598,supplier_failure,production_halt,medium,2024-05-31 22:46:10,24.24
4365,4608,port_congestion,inspection_backlog,high,2023-03-17 15:17:31,51.14
4366,4610,port_congestion,equipment_failure,medium,2025-01-15 04:35:22,4.82
4367,4610,port_congestion,inspection_backlog,medium,2025-01-16 10:04:47,22.27
4368,4610,transport_delay,fuel_shortage,medium,2025-01-16 18:49:43,19.7
4369,4610,transport_delay,vehicle_breakdown,medium,2025-01-16 23:41:24,12.89
4370,4612,transport_delay,vehicle_breakdown,medium,2025-03-26 09:12:27,14.51
4371,4613,transport_delay,vehicle_breakdown,low,2023-09-11 00:24:56,15.28
4372,4615,supplier_failure,production_halt,medium,2024-07-29 06:16:03,7.1
4373,4615,port_congestion,equipment_failure,medium,2024-07-29 10:41:30,16.09
4374,4616,port_congestion,high_demand,low,2024-07-02 04:34:39,3.21
4375,4616,transport_delay,border_delay,low,2024-07-02 14:58:35,2.88
4376,4616,supplier_failure,capacity_shortage,low,2024-07-02 15:34:40,5.42
4377,4616,weather_disruption,hurricane,low,2024-07-02 16:27:43,4.0
4378,4616,supplier_failure,bankruptcy,low,2024-07-02 19:31:05,4.05
4379,4617,port_congestion,equipment_failure,low,2025-08-09 19:57:31,4.21
4380,4623,transport_delay,vehicle_breakdown,low,2023-10-22 08:57:31,10.91
4381,4623,transport_delay,fuel_shortage,low,2023-10-22 09:21:49,4.72
4382,4624,transport_delay,border_delay,medium,2024-04-15 10:34:48,12.24
4383,4624,transport_delay,fuel_shortage,medium,2024-04-15 20:36:16,8.72
4384,4625,transport_delay,border_delay,high,2023-12-01 02:06:42,100.24
4385,4625,port_congestion,inspection_backlog,high,2023-12-02 06:39:02,39.4
4386,4625,transport_delay,vehicle_breakdown,high,2023-12-02 15:54:04,19.91
4387,4626,transport_delay,border_delay,medium,2025-05-19 01:20:23,10.68
4388,4626,transport_delay,border_delay,medium,2025-05-19 05:29:42,14.3
4389,4626,transport_delay,fuel_shortage,medium,2025-05-20 15:15:40,41.45
4390,4632,weather_disruption,flooding,high,2025-02-08 05:08:50,46.22
4391,4632,transport_delay,vehicle_breakdown,high,2025-02-10 20:07:43,43.11
4392,4633,port_congestion,inspection_backlog,high,2024-03-20 23:49:08,16.1
4393,4634,port_congestion,labor_strike,medium,2025-01-03 08:01:24,8.63
4394,4639,transport_delay,vehicle_breakdown,high,2024-01-15 07:12:25,55.44
4395,4640,weather_disruption,hurricane,high,2025-10-29 04:43:55,55.22
4396,4640,transport_delay,fuel_shortage,high,2025-10-29 09:42:15,23.74
4397,4640,transport_delay,road_closure,high,2025-10-30 22:00:33,74.32
4398,4640,transport_delay,road_closure,high,2025-10-31 17:45:09,70.2
4399,4640,transport_delay,vehicle_breakdown,high,2025-10-31 19:58:24,20.39
4400,4640,supplier_failure,bankruptcy,high,2025-11-01 21:42:08,47.1
4401,4640,transport_delay,vehicle_breakdown,high,2025-11-02 01:51:09,50.78
4402,4642,port_congestion,inspection_backlog,medium,2023-11-25 13:27:02,12.55
4403,4642,supplier_failure,quality_issue,medium,2023-11-26 07:56:14,9.3
4404,4645,weather_disruption,severe_storm,medium,2025-05-14 00:52:30,28.93
4405,4645,transport_delay,border_delay,medium,2025-05-14 08:31:55,4.28
4406,4645,weather_disruption,flooding,medium,2025-05-15 05:46:11,52.38
4407,4646,transport_delay,road_closure,medium,2024-02-07 07:24:06,7.63
4408,4646,transport_delay,road_closure,medium,2024-02-07 18:54:06,6.64
4409,4647,port_congestion,labor_strike,high,2024-09-01 00:21:53,19.17
4410,4647,port_congestion,high_demand,high,2024-09-05 08:30:44,48.87
4411,4649,transport_delay,vehicle_breakdown,high,2023-05-06 05:53:02,50.51
4412,4650,supplier_failure,quality_issue,medium,2024-03-29 20:18:21,11.83
4413,4655,port_congestion,high_demand,low,2024-07-03 00:26:54,5.61
4414,4661,supplier_failure,capacity_shortage,medium,2023-10-22 20:54:38,24.24
4415,4661,transport_delay,border_delay,medium,2023-10-23 13:38:34,8.55
4416,4662,transport_delay,vehicle_breakdown,high,2025-01-01 14:29:26,57.01
4417,4662,supplier_failure,bankruptcy,high,2025-01-02 13:39:36,12.71
4418,4662,transport_delay,fuel_shortage,high,2025-01-03 21:34:06,39.81
4419,4663,weather_disruption,fog,medium,2024-09-27 10:23:19,11.11
4420,4664,transport_delay,road_closure,medium,2024-02-24 10:46:53,11.19
4421,4665,transport_delay,vehicle_breakdown,low,2025-10-30 18:16:25,3.96
4422,4666,port_congestion,high_demand,medium,2023-05-03 06:45:30,5.66
4423,4666,port_congestion,inspection_backlog,medium,2023-05-03 10:14:27,24.82
4424,4666,supplier_failure,bankruptcy,medium,2023-05-04 20:02:44,12.12
4425,4666,port_congestion,high_demand,medium,2023-05-04 21:24:23,14.72
4426,4667,transport_delay,vehicle_breakdown,medium,2024-01-05 06:49:58,15.92
4427,4669,port_congestion,high_demand,low,2025-02-13 11:32:52,4.18
4428,4671,transport_delay,fuel_shortage,high,2024-03-27 00:15:48,51.32
4429,4674,transport_delay,vehicle_breakdown,medium,2025-08-15 13:10:53,8.57
4430,4674,weather_disruption,severe_storm,medium,2025-08-15 15:32:46,14.07
4431,4675,transport_delay,road_closure,high,2025-03-02 16:54:31,35.28
4432,4675,transport_delay,border_delay,high,2025-03-02 17:20:16,19.56
4433,4675,transport_delay,road_closure,high,2025-03-08 17:13:52,15.89
4434,4675,weather_disruption,fog,high,2025-03-09 07:28:32,36.79
4435,4675,transport_delay,border_delay,high,2025-03-12 00:00:31,15.34
4436,4675,port_congestion,inspection_backlog,high,2025-03-14 10:23:25,15.54
4437,4676,port_congestion,inspection_backlog,medium,2024-09-05 00:03:32,12.34
4438,4679,weather_disruption,hurricane,medium,2024-09-15 13:13:19,11.52
4439,4681,transport_delay,fuel_shortage,medium,2025-05-05 00:13:16,10.34
4440,4682,port_congestion,inspection_backlog,high,2024-09-02 22:00:07,53.38
4441,4683,port_congestion,labor_strike,medium,2025-10-23 08:58:38,23.46
4442,4683,port_congestion,high_demand,medium,2025-10-24 02:46:08,6.97
4443,4684,transport_delay,road_closure,medium,2025-09-26 01:08:41,10.28
4444,4684,transport_delay,vehicle_breakdown,medium,2025-09-26 10:19:17,21.05
4445,4686,port_congestion,inspection_backlog,medium,2025-02-01 14:17:08,16.6
4446,4688,supplier_failure,production_halt,low,2023-10-02 02:57:48,2.23
4447,4688,transport_delay,road_closure,low,2023-10-02 08:57:10,9.15
4448,4692,transport_delay,vehicle_breakdown,high,2025-05-21 02:42:47,27.37
4449,4692,transport_delay,fuel_shortage,high,2025-05-21 12:28:20,16.52
4450,4692,weather_disruption,fog,high,2025-05-21 20:27:37,31.19
4451,4693,port_congestion,high_demand,medium,2023-05-16 00:06:35,13.46
4452,4698,port_congestion,inspection_backlog,high,2024-04-11 12:39:58,22.41
4453,4700,transport_delay,border_delay,medium,2023-07-09 00:45:17,9.47
4454,4700,supplier_failure,capacity_shortage,medium,2023-07-10 21:43:27,12.01
4455,4701,transport_delay,vehicle_breakdown,high,2023-09-20 20:41:21,37.9
4456,4701,transport_delay,fuel_shortage,high,2023-09-21 19:03:51,30.35
4457,4701,port_congestion,equipment_failure,high,2023-09-21 19:05:50,5.21
4458,4703,weather_disruption,severe_storm,high,2024-01-27 03:46:40,29.29
4459,4703,weather_disruption,blizzard,high,2024-01-28 10:30:58,24.45
4460,4703,weather_disruption,flooding,high,2024-01-28 14:31:23,18.16
4461,4704,transport_delay,border_delay,high,2023-03-03 10:55:21,22.71
4462,4704,transport_delay,fuel_shortage,high,2023-03-03 15:52:40,37.64
4463,4705,weather_disruption,fog,high,2023-09-01 14:14:29,63.77
4464,4706,transport_delay,border_delay,high,2024-05-22 10:00:43,30.29
4465,4706,supplier_failure,capacity_shortage,high,2024-05-22 13:48:24,17.48
4466,4706,transport_delay,vehicle_breakdown,high,2024-05-25 04:38:52,33.4
4467,4707,supplier_failure,production_halt,medium,2024-10-18 08:58:39,17.95
4468,4707,port_congestion,inspection_backlog,medium,2024-10-19 05:10:43,11.19
4469,4708,port_congestion,high_demand,high,2024-09-09 10:32:37,21.54
4470,4708,supplier_failure,quality_issue,high,2024-09-09 12:26:14,42.11
4471,4708,supplier_failure,bankruptcy,high,2024-09-10 20:14:05,110.31
4472,4710,weather_disruption,hurricane,medium,2023-08-21 23:06:36,10.54
4473,4714,transport_delay,border_delay,medium,2025-02-07 22:53:22,3.95
4474,4716,weather_disruption,hurricane,medium,2024-10-22 06:26:35,6.48
4475,4716,supplier_failure,capacity_shortage,medium,2024-10-22 15:40:06,12.6
4476,4718,weather_disruption,fog,medium,2023-08-27 04:09:15,11.89
4477,4720,port_congestion,labor_strike,high,2023-06-02 15:33:13,53.02
4478,4720,transport_delay,fuel_shortage,high,2023-06-03 06:10:29,55.27
4479,4721,port_congestion,equipment_failure,medium,2024-11-22 18:57:03,16.04
4480,4721,transport_delay,road_closure,medium,2024-11-24 02:48:12,43.92
4481,4721,transport_delay,border_delay,medium,2024-11-24 03:02:39,13.34
4482,4724,transport_delay,road_closure,low,2024-08-05 06:53:36,5.84
4483,4726,transport_delay,border_delay,medium,2023-08-26 14:49:55,10.37
4484,4729,weather_disruption,blizzard,medium,2023-03-03 16:31:45,7.83
4485,4730,supplier_failure,quality_issue,high,2025-03-01 01:43:00,43.79
4486,4730,supplier_failure,capacity_shortage,high,2025-03-03 08:01:09,36.21
4487,4732,port_congestion,inspection_backlog,low,2023-08-29 06:40:06,5.51
4488,4733,weather_disruption,severe_storm,low,2024-12-18 09:08:19,4.16
4489,4737,port_congestion,equipment_failure,medium,2023-08-31 15:31:29,27.81
4490,4738,transport_delay,fuel_shortage,low,2023-06-30 03:53:20,3.6
4491,4739,port_congestion,high_demand,medium,2025-04-17 08:17:34,14.35
4492,4739,supplier_failure,quality_issue,medium,2025-04-17 15:00:11,5.51
4493,4744,port_congestion,high_demand,medium,2024-07-09 01:07:10,6.78
4494,4745,port_congestion,inspection_backlog,high,2024-03-10 01:30:43,109.37
4495,4745,weather_disruption,hurricane,high,2024-03-10 01:33:46,37.57
4496,4745,port_congestion,high_demand,high,2024-03-10 16:20:03,59.02
4497,4747,transport_delay,road_closure,medium,2023-07-09 02:47:03,4.54
4498,4747,transport_delay,border_delay,medium,2023-07-09 15:38:49,12.89
4499,4750,transport_delay,vehicle_breakdown,medium,2024-09-24 22:53:46,3.22
4500,4755,transport_delay,fuel_shortage,medium,2023-05-26 00:35:40,12.67
4501,4756,transport_delay,border_delay,medium,2024-11-20 20:36:57,29.65
4502,4757,weather_disruption,flooding,medium,2023-09-24 03:12:45,15.17
4503,4757,transport_delay,vehicle_breakdown,medium,2023-09-24 04:47:29,33.89
4504,4757,supplier_failure,production_halt,medium,2023-09-25 23:23:00,7.09
4505,4757,transport_delay,border_delay,medium,2023-09-26 00:00:07,42.35
4506,4759,port_congestion,labor_strike,medium,2024-01-18 18:55:29,7.23
4507,4759,supplier_failure,capacity_shortage,medium,2024-01-18 23:08:44,14.22
4508,4759,port_congestion,labor_strike,medium,2024-01-19 13:54:22,20.65
4509,4762,transport_delay,border_delay,medium,2025-02-18 15:17:56,11.41
4510,4762,port_congestion,equipment_failure,medium,2025-02-18 18:54:40,11.38
4511,4763,weather_disruption,hurricane,medium,2024-07-21 04:45:37,3.47
4512,4764,weather_disruption,hurricane,medium,2023-07-21 20:47:53,9.9
4513,4764,transport_delay,road_closure,medium,2023-07-21 23:12:14,12.64
4514,4764,transport_delay,vehicle_breakdown,medium,2023-07-22 02:06:00,13.23
4515,4765,port_congestion,labor_strike,medium,2025-02-12 07:09:51,15.18
4516,4765,transport_delay,road_closure,medium,2025-02-12 08:10:44,29.13
4517,4765,supplier_failure,bankruptcy,medium,2025-02-14 00:15:08,13.22
4518,4765,port_congestion,high_demand,medium,2025-02-14 04:58:25,7.25
4519,4768,port_congestion,high_demand,low,2023-05-13 08:01:07,13.36
4520,4770,transport_delay,vehicle_breakdown,high,2024-11-21 03:05:18,38.72
4521,4770,port_congestion,equipment_failure,high,2024-11-21 07:44:11,45.99
4522,4770,supplier_failure,capacity_shortage,high,2024-11-21 16:33:44,53.69
4523,4770,port_congestion,equipment_failure,high,2024-11-21 17:08:53,42.83
4524,4770,port_congestion,labor_strike,high,2024-11-23 07:33:00,24.7
4525,4770,port_congestion,labor_strike,high,2024-11-23 19:24:08,24.86
4526,4770,weather_disruption,hurricane,high,2024-11-24 15:06:58,49.67
4527,4771,supplier_failure,quality_issue,high,2023-06-29 12:32:45,19.41
4528,4771,weather_disruption,severe_storm,high,2023-06-30 13:40:00,88.33
4529,4771,weather_disruption,blizzard,high,2023-07-01 04:43:45,11.06
4530,4773,transport_delay,vehicle_breakdown,low,2023-07-26 06:54:36,8.83
4531,4777,weather_disruption,fog,medium,2024-02-07 11:12:58,9.67
4532,4778,port_congestion,inspection_backlog,high,2025-05-19 15:10:49,25.2
4533,4781,port_congestion,labor_strike,medium,2024-01-14 01:08:53,7.91
4534,4781,weather_disruption,hurricane,medium,2024-01-14 13:24:17,8.14
4535,4781,port_congestion,labor_strike,medium,2024-01-15 14:41:40,28.6
4536,4782,transport_delay,fuel_shortage,medium,2025-05-26 19:08:51,17.07
4537,4785,port_congestion,equipment_failure,medium,2023-05-20 11:13:29,13.14
4538,4787,weather_disruption,hurricane,high,2023-02-20 17:23:19,77.32
4539,4787,transport_delay,border_delay,high,2023-02-22 11:52:19,119.28
4540,4788,transport_delay,border_delay,high,2024-04-26 02:52:19,24.34
4541,4789,transport_delay,fuel_shortage,high,2023-05-08 17:57:40,29.89
4542,4789,port_congestion,labor_strike,high,2023-05-08 18:19:24,83.19
4543,4789,transport_delay,border_delay,high,2023-05-10 02:06:22,46.45
4544,4789,supplier_failure,capacity_shortage,high,2023-05-11 00:32:27,17.76
4545,4789,weather_disruption,fog,high,2023-05-11 01:36:01,8.24
4546,4790,port_congestion,equipment_failure,medium,2023-12-10 11:29:58,8.08
4547,4791,transport_delay,border_delay,high,2025-03-10 00:30:07,12.37
4548,4793,weather_disruption,flooding,medium,2025-10-31 04:33:18,9.24
4549,4793,port_congestion,inspection_backlog,medium,2025-11-01 05:03:00,36.01
4550,4794,transport_delay,fuel_shortage,medium,2023-10-20 15:04:12,7.91
4551,4797,port_congestion,equipment_failure,low,2025-10-07 05:39:04,3.17
4552,4797,transport_delay,road_closure,low,2025-10-07 15:28:04,4.81
4553,4799,transport_delay,border_delay,medium,2024-12-18 03:21:51,10.54
4554,4799,weather_disruption,flooding,medium,2024-12-18 16:01:58,7.73
4555,4802,weather_disruption,fog,high,2025-01-03 11:45:16,26.16
4556,4803,weather_disruption,flooding,low,2024-09-14 18:26:32,7.03
4557,4804,port_congestion,inspection_backlog,medium,2023-09-25 09:53:54,20.95
4558,4806,weather_disruption,hurricane,low,2023-07-10 00:53:19,16.78
4559,4809,weather_disruption,fog,medium,2024-03-07 11:29:52,11.17
4560,4810,transport_delay,border_delay,medium,2023-10-31 01:26:15,9.49
4561,4810,port_congestion,high_demand,medium,2023-10-31 06:53:01,17.22
4562,4810,port_congestion,high_demand,medium,2023-10-31 08:00:07,6.2
4563,4810,transport_delay,border_delay,medium,2023-10-31 15:06:05,18.28
4564,4811,supplier_failure,quality_issue,low,2024-08-01 02:52:40,2.42
4565,4812,port_congestion,inspection_backlog,high,2025-05-14 15:35:09,36.33
4566,4813,port_congestion,inspection_backlog,high,2025-02-17 04:07:04,23.67
4567,4813,transport_delay,border_delay,high,2025-02-17 07:31:15,32.67
4568,4813,transport_delay,road_closure,high,2025-02-17 09:35:31,32.29
4569,4813,port_congestion,equipment_failure,high,2025-02-20 05:23:32,22.93
4570,4813,port_congestion,equipment_failure,high,2025-02-20 10:38:00,25.93
4571,4813,supplier_failure,quality_issue,high,2025-02-21 00:16:13,46.23
4572,4813,port_congestion,equipment_failure,high,2025-02-22 02:32:21,29.47
4573,4814,transport_delay,fuel_shortage,high,2023-03-08 01:31:07,36.49
4574,4814,weather_disruption,severe_storm,high,2023-03-10 11:15:48,14.62
4575,4815,weather_disruption,fog,medium,2024-09-09 09:20:16,20.33
4576,4815,supplier_failure,production_halt,medium,2024-09-09 12:09:43,11.14
4577,4815,transport_delay,road_closure,medium,2024-09-09 22:59:18,5.27
4578,4815,weather_disruption,severe_storm,medium,2024-09-10 07:36:37,14.88
4579,4815,supplier_failure,capacity_shortage,medium,2024-09-10 08:30:16,1.8
4580,4816,transport_delay,fuel_shortage,medium,2024-06-16 13:03:11,20.02
4581,4817,transport_delay,road_closure,high,2023-06-05 04:49:44,42.38
4582,4817,supplier_failure,quality_issue,high,2023-06-05 15:50:57,4.78
4583,4817,transport_delay,vehicle_breakdown,high,2023-06-05 17:01:53,44.53
4584,4817,transport_delay,road_closure,high,2023-06-06 17:37:48,112.07
4585,4817,transport_delay,border_delay,high,2023-06-07 20:13:46,21.78
4586,4819,transport_delay,border_delay,medium,2023-07-04 13:47:31,20.36
4587,4820,supplier_failure,quality_issue,high,2024-07-09 00:40:24,11.55
4588,4820,supplier_failure,capacity_shortage,high,2024-07-12 23:23:20,40.16
4589,4821,transport_delay,road_closure,high,2025-09-24 06:26:12,19.29
4590,4821,transport_delay,fuel_shortage,high,2025-09-24 22:45:23,52.11
4591,4823,supplier_failure,production_halt,medium,2023-06-20 00:22:37,12.64
4592,4823,supplier_failure,bankruptcy,medium,2023-06-20 10:58:18,10.1
4593,4824,supplier_failure,capacity_shortage,medium,2023-05-04 01:52:08,11.66
4594,4829,transport_delay,vehicle_breakdown,medium,2025-07-10 02:58:01,29.35
4595,4830,transport_delay,fuel_shortage,high,2025-07-04 02:41:35,32.97
4596,4830,transport_delay,vehicle_breakdown,high,2025-07-04 13:39:15,38.0
4597,4836,supplier_failure,quality_issue,high,2023-05-29 15:42:15,138.88
4598,4836,weather_disruption,blizzard,high,2023-05-30 03:47:53,43.08
4599,4836,supplier_failure,capacity_shortage,high,2023-05-30 05:25:55,43.19
4600,4837,transport_delay,road_closure,medium,2024-07-18 01:02:59,11.24
4601,4839,supplier_failure,quality_issue,medium,2023-11-01 10:48:40,11.58
4602,4839,port_congestion,high_demand,medium,2023-11-02 15:34:53,8.68
4603,4843,transport_delay,border_delay,medium,2023-08-04 23:12:12,14.12
4604,4844,supplier_failure,capacity_shortage,medium,2025-07-05 10:59:22,8.6
4605,4848,weather_disruption,flooding,high,2025-11-23 14:07:21,26.01
4606,4849,transport_delay,road_closure,high,2025-05-08 05:05:18,20.06
4607,4853,transport_delay,vehicle_breakdown,medium,2023-01-24 00:37:40,4.46
4608,4853,transport_delay,border_delay,medium,2023-01-25 05:41:22,7.13
4609,4855,transport_delay,road_closure,high,2023-05-26 12:35:52,66.61
4610,4859,supplier_failure,quality_issue,high,2023-09-02 09:28:45,47.03
4611,4860,transport_delay,fuel_shortage,medium,2023-07-09 13:05:45,7.98
4612,4860,transport_delay,vehicle_breakdown,medium,2023-07-09 21:57:59,9.14
4613,4860,port_congestion,labor_strike,medium,2023-07-10 15:31:38,21.93
4614,4863,supplier_failure,quality_issue,medium,2023-06-28 04:29:52,8.33
4615,4863,port_congestion,inspection_backlog,medium,2023-06-29 12:51:33,20.96
4616,4864,transport_delay,border_delay,medium,2023-08-26 08:30:41,13.02
4617,4867,transport_delay,border_delay,medium,2023-03-17 00:52:21,3.84
4618,4867,transport_delay,road_closure,medium,2023-03-18 12:34:14,12.8
4619,4867,port_congestion,high_demand,medium,2023-03-18 18:47:27,16.11
4620,4868,weather_disruption,fog,medium,2024-03-12 07:42:59,2.79
4621,4868,transport_delay,road_closure,medium,2024-03-13 18:14:20,7.03
4622,4870,port_congestion,high_demand,low,2023-08-24 06:32:54,14.52
4623,4870,transport_delay,fuel_shortage,low,2023-08-24 07:53:02,7.93
4624,4870,weather_disruption,flooding,low,2023-08-24 20:20:58,8.67
4625,4871,supplier_failure,production_halt,medium,2023-10-07 02:58:49,16.54
4626,4871,supplier_failure,capacity_shortage,medium,2023-10-07 08:34:08,4.87
4627,4872,port_congestion,high_demand,medium,2024-05-03 05:35:21,4.35
4628,4874,transport_delay,road_closure,medium,2025-10-30 01:55:35,14.1
4629,4875,transport_delay,road_closure,medium,2025-07-31 21:12:31,9.55
4630,4876,transport_delay,road_closure,medium,2024-07-08 21:40:35,13.32
4631,4878,port_congestion,labor_strike,high,2023-08-15 21:55:17,17.85
4632,4878,supplier_failure,production_halt,high,2023-08-16 21:09:09,27.14
4633,4878,supplier_failure,production_halt,high,2023-08-17 00:08:28,39.99
4634,4878,port_congestion,high_demand,high,2023-08-19 03:07:08,18.82
4635,4879,weather_disruption,blizzard,medium,2023-06-06 14:04:52,35.94
4636,4880,supplier_failure,bankruptcy,low,2023-06-06 10:52:23,2.62
4637,4881,port_congestion,high_demand,medium,2023-07-31 07:21:31,22.11
4638,4881,supplier_failure,capacity_shortage,medium,2023-08-01 03:59:27,6.55
4639,4881,port_congestion,labor_strike,medium,2023-08-02 02:47:19,15.98
4640,4883,transport_delay,fuel_shortage,high,2023-02-24 11:53:30,31.07
4641,4883,port_congestion,inspection_backlog,high,2023-02-25 00:10:03,23.57
4642,4888,supplier_failure,quality_issue,medium,2023-03-21 22:53:20,11.16
4643,4889,transport_delay,fuel_shortage,medium,2024-04-18 23:16:31,3.24
4644,4891,transport_delay,road_closure,medium,2023-03-17 10:33:31,21.77
4645,4894,transport_delay,road_closure,low,2025-01-17 13:26:29,3.96
4646,4894,transport_delay,road_closure,low,2025-01-17 22:48:36,7.77
4647,4896,transport_delay,road_closure,medium,2025-08-14 05:27:14,11.21
4648,4897,supplier_failure,bankruptcy,medium,2024-11-22 08:23:54,13.36
4649,4898,port_congestion,labor_strike,low,2024-10-20 03:20:49,5.61
4650,4898,port_congestion,inspection_backlog,low,2024-10-20 04:41:46,1.64
4651,4899,port_congestion,equipment_failure,high,2025-01-14 22:58:52,36.74
4652,4899,port_congestion,labor_strike,high,2025-01-15 01:59:57,30.17
4653,4899,transport_delay,border_delay,high,2025-01-17 11:02:54,84.35
4654,4900,port_congestion,labor_strike,high,2023-02-15 22:18:08,57.18
4655,4900,transport_delay,fuel_shortage,high,2023-02-16 14:59:41,19.17
4656,4900,port_congestion,high_demand,high,2023-02-20 13:59:38,28.41
4657,4904,port_congestion,labor_strike,medium,2023-03-13 11:13:23,16.88
4658,4904,port_congestion,equipment_failure,medium,2023-03-14 00:42:56,6.09
4659,4905,supplier_failure,capacity_shortage,low,2025-07-27 03:46:29,2.94
4660,4906,supplier_failure,capacity_shortage,low,2023-10-11 01:55:40,4.21
4661,4908,supplier_failure,capacity_shortage,high,2025-09-13 12:35:53,43.34
4662,4908,port_congestion,labor_strike,high,2025-09-14 07:54:33,52.26
4663,4909,weather_disruption,severe_storm,medium,2024-01-04 22:38:41,10.17
4664,4911,transport_delay,fuel_shortage,high,2025-03-20 06:49:56,45.78
4665,4912,port_congestion,equipment_failure,high,2023-05-07 07:04:17,33.06
4666,4913,port_congestion,high_demand,high,2023-07-17 15:24:48,82.85
4667,4914,transport_delay,fuel_shortage,medium,2024-07-24 08:18:21,13.14
4668,4918,transport_delay,vehicle_breakdown,high,2025-11-04 00:29:03,15.26
4669,4918,transport_delay,road_closure,high,2025-11-04 14:15:31,41.89
4670,4920,port_congestion,labor_strike,medium,2025-05-07 11:25:09,6.73
4671,4920,transport_delay,road_closure,medium,2025-05-07 19:20:06,17.43
4672,4920,transport_delay,fuel_shortage,medium,2025-05-08 06:31:44,4.62
4673,4920,port_congestion,inspection_backlog,medium,2025-05-08 06:50:52,16.45
4674,4921,port_congestion,inspection_backlog,low,2023-07-21 02:45:46,3.19
4675,4921,transport_delay,fuel_shortage,low,2023-07-21 06:56:09,2.13
4676,4921,supplier_failure,production_halt,low,2023-07-21 14:07:59,2.31
4677,4928,port_congestion,labor_strike,low,2024-02-19 06:37:49,7.78
4678,4930,weather_disruption,fog,high,2024-07-15 10:20:31,29.91
4679,4930,port_congestion,equipment_failure,high,2024-07-16 14:53:49,13.1
4680,4932,supplier_failure,quality_issue,medium,2025-09-07 10:25:42,19.98
4681,4933,weather_disruption,fog,high,2023-06-23 06:22:09,24.08
4682,4933,port_congestion,high_demand,high,2023-06-23 15:47:00,47.25
4683,4933,transport_delay,vehicle_breakdown,high,2023-06-24 08:23:14,18.39
4684,4933,transport_delay,fuel_shortage,high,2023-06-24 13:22:10,54.36
4685,4934,supplier_failure,production_halt,high,2023-01-28 05:33:59,34.37
4686,4936,port_congestion,labor_strike,high,2025-11-07 18:03:24,62.7
4687,4936,transport_delay,fuel_shortage,high,2025-11-08 16:42:14,17.43
4688,4937,supplier_failure,bankruptcy,high,2023-07-31 03:28:44,55.44
4689,4937,port_congestion,labor_strike,high,2023-08-02 18:32:18,26.25
4690,4937,supplier_failure,bankruptcy,high,2023-08-06 15:56:19,54.53
4691,4937,weather_disruption,severe_storm,high,2023-08-06 17:20:13,58.39
4692,4940,transport_delay,fuel_shortage,medium,2024-09-23 08:15:38,12.97
4693,4940,transport_delay,fuel_shortage,medium,2024-09-24 02:46:02,29.34
4694,4942,weather_disruption,flooding,high,2023-07-29 21:14:33,36.05
4695,4942,transport_delay,vehicle_breakdown,high,2023-07-30 05:04:11,45.04
4696,4942,transport_delay,fuel_shortage,high,2023-07-31 15:12:37,13.5
4697,4942,weather_disruption,fog,high,2023-07-31 22:33:16,33.3
4698,4942,transport_delay,fuel_shortage,high,2023-08-02 02:15:32,19.33
4699,4945,transport_delay,vehicle_breakdown,high,2025-11-12 00:13:56,46.64
4700,4945,transport_delay,vehicle_breakdown,high,2025-11-12 07:56:05,27.47
4701,4947,transport_delay,road_closure,medium,2024-11-20 17:04:21,13.81
4702,4948,transport_delay,vehicle_breakdown,medium,2024-07-06 19:13:58,5.25
4703,4950,supplier_failure,production_halt,medium,2025-02-25 07:30:20,6.11
4704,4950,transport_delay,road_closure,medium,2025-02-25 11:41:48,8.78
4705,4950,supplier_failure,bankruptcy,medium,2025-02-25 16:53:32,14.56
4706,4952,transport_delay,vehicle_breakdown,high,2025-07-12 02:18:14,34.87
4707,4953,transport_delay,road_closure,medium,2025-12-01 05:36:19,4.29
4708,4954,port_congestion,inspection_backlog,medium,2024-03-10 08:15:02,6.05
4709,4954,port_congestion,equipment_failure,medium,2024-03-11 01:43:04,19.45
4710,4954,port_congestion,equipment_failure,medium,2024-03-11 04:37:10,23.13
4711,4955,transport_delay,border_delay,high,2024-01-24 15:37:20,22.02
4712,4957,transport_delay,road_closure,high,2024-01-21 00:36:33,22.73
4713,4958,transport_delay,vehicle_breakdown,high,2024-10-31 17:22:02,20.45
4714,4959,transport_delay,road_closure,medium,2024-09-09 20:10:26,14.33
4715,4960,supplier_failure,capacity_shortage,medium,2023-12-12 23:32:51,7.16
4716,4962,supplier_failure,quality_issue,high,2025-07-06 00:53:55,11.09
4717,4962,transport_delay,border_delay,high,2025-07-07 15:51:50,36.93
4718,4962,supplier_failure,capacity_shortage,high,2025-07-10 18:36:42,13.68
4719,4963,transport_delay,vehicle_breakdown,medium,2025-10-19 04:58:54,8.15
4720,4963,transport_delay,border_delay,medium,2025-10-19 11:28:15,10.61
4721,4963,supplier_failure,quality_issue,medium,2025-10-20 04:24:27,8.85
4722,4965,weather_disruption,blizzard,medium,2023-06-07 05:37:19,7.37
4723,4965,weather_disruption,severe_storm,medium,2023-06-07 22:17:01,11.16
4724,4967,port_congestion,equipment_failure,high,2025-03-20 18:38:11,55.32
4725,4967,supplier_failure,capacity_shortage,high,2025-03-20 22:36:29,57.35
4726,4967,transport_delay,fuel_shortage,high,2025-03-22 09:50:21,57.26
4727,4968,transport_delay,border_delay,medium,2023-04-27 04:50:02,18.98
4728,4973,transport_delay,border_delay,medium,2024-06-15 17:13:01,5.89
4729,4974,weather_disruption,fog,high,2025-03-13 15:40:06,25.78
4730,4976,port_congestion,equipment_failure,low,2024-08-12 11:01:34,16.14
4731,4976,transport_delay,road_closure,low,2024-08-12 15:16:30,9.23
4732,4977,port_congestion,labor_strike,high,2024-07-17 20:34:26,44.5
4733,4977,port_congestion,equipment_failure,high,2024-07-20 13:12:43,88.21
4734,4979,supplier_failure,quality_issue,low,2023-12-31 03:25:35,2.45
4735,4979,port_congestion,labor_strike,low,2023-12-31 03:44:50,10.98
4736,4980,weather_disruption,fog,medium,2023-07-04 14:28:35,10.92
4737,4981,transport_delay,road_closure,high,2024-03-05 17:57:07,21.54
4738,4981,transport_delay,border_delay,high,2024-03-08 08:20:23,27.71
4739,4982,weather_disruption,flooding,medium,2025-07-05 13:39:53,11.09
4740,4982,transport_delay,road_closure,medium,2025-07-06 00:00:57,12.57
4741,4982,port_congestion,inspection_backlog,medium,2025-07-06 00:55:33,18.09
4742,4984,port_congestion,equipment_failure,high,2024-12-14 04:19:27,81.01
4743,4985,transport_delay,vehicle_breakdown,medium,2025-01-10 01:25:17,6.83
4744,4985,transport_delay,vehicle_breakdown,medium,2025-01-10 06:20:12,8.78
4745,4991,port_congestion,high_demand,medium,2024-01-25 01:32:48,24.65
4746,4991,transport_delay,road_closure,medium,2024-01-25 10:05:49,6.42
4747,4992,port_congestion,high_demand,low,2023-06-18 17:08:15,22.2
4748,4998,port_congestion,high_demand,low,2025-09-07 02:42:02,3.71
4749,4999,weather_disruption,severe_storm,medium,2023-05-05 12:10:40,42.18
4750,5000,transport_delay,fuel_shortage,medium,2025-10-20 23:22:51,19.07
4751,5002,weather_disruption,hurricane,high,2023-05-07 13:34:44,47.47
4752,5004,weather_disruption,severe_storm,medium,2023-10-13 05:36:37,17.89
4753,5004,port_congestion,labor_strike,medium,2023-10-13 17:22:45,31.99
4754,5005,weather_disruption,flooding,medium,2024-07-02 13:06:35,4.89
4755,5006,port_congestion,high_demand,medium,2023-09-13 16:58:11,4.49
4756,5006,transport_delay,road_closure,medium,2023-09-15 06:48:46,8.19
4757,5008,weather_disruption,fog,medium,2025-07-16 14:24:35,12.86
4758,5008,transport_delay,vehicle_breakdown,medium,2025-07-16 23:27:22,5.2
4759,5009,transport_delay,fuel_shortage,low,2023-04-07 09:18:53,3.14
4760,5009,transport_delay,vehicle_breakdown,low,2023-04-07 15:38:43,8.96
4761,5014,supplier_failure,quality_issue,high,2025-09-22 05:47:00,56.15
4762,5014,transport_delay,vehicle_breakdown,high,2025-09-25 08:32:28,51.13
4763,5014,transport_delay,road_closure,high,2025-09-25 10:22:41,21.26
4764,5015,weather_disruption,hurricane,medium,2025-07-04 20:43:32,10.48
4765,5016,transport_delay,road_closure,high,2023-04-17 01:21:48,34.16
4766,5016,transport_delay,vehicle_breakdown,high,2023-04-18 21:15:30,30.26
4767,5016,transport_delay,vehicle_breakdown,high,2023-04-20 08:10:14,25.81
4768,5018,port_congestion,equipment_failure,low,2025-04-21 11:53:25,2.48
4769,5018,weather_disruption,blizzard,low,2025-04-21 20:04:59,8.06
4770,5020,port_congestion,inspection_backlog,medium,2025-06-26 07:04:39,29.41
4771,5023,port_congestion,labor_strike,medium,2024-02-24 02:18:04,11.01
4772,5025,port_congestion,high_demand,medium,2025-01-28 09:00:57,10.13
4773,5028,weather_disruption,flooding,medium,2023-06-30 21:56:03,10.15
4774,5029,weather_disruption,fog,medium,2024-03-12 11:32:07,5.15
4775,5030,port_congestion,high_demand,high,2024-06-08 02:59:23,26.84
4776,5030,transport_delay,road_closure,high,2024-06-11 06:10:20,44.51
4777,5032,port_congestion,high_demand,high,2024-02-14 12:33:20,22.33
4778,5032,port_congestion,inspection_backlog,high,2024-02-14 21:22:36,45.94
4779,5033,supplier_failure,production_halt,medium,2025-10-22 02:22:05,7.57
4780,5034,weather_disruption,fog,low,2025-11-11 08:04:54,7.11
4781,5034,supplier_failure,bankruptcy,low,2025-11-11 08:08:47,2.0
4782,5034,transport_delay,fuel_shortage,low,2025-11-11 09:46:34,6.21
4783,5035,port_congestion,labor_strike,low,2025-10-14 07:03:17,2.55
4784,5036,port_congestion,inspection_backlog,medium,2024-10-16 08:52:57,18.02
4785,5037,weather_disruption,blizzard,high,2025-08-07 08:15:00,20.67
4786,5041,transport_delay,fuel_shortage,medium,2024-04-01 06:39:16,12.58
4787,5041,transport_delay,vehicle_breakdown,medium,2024-04-01 14:19:02,8.51
4788,5041,transport_delay,road_closure,medium,2024-04-01 14:59:47,5.16
4789,5041,port_congestion,equipment_failure,medium,2024-04-02 05:04:20,17.73
4790,5041,transport_delay,border_delay,medium,2024-04-02 06:09:50,16.65
4791,5041,port_congestion,inspection_backlog,medium,2024-04-02 07:27:11,46.57
4792,5042,transport_delay,road_closure,medium,2024-11-05 16:45:58,7.02
4793,5043,port_congestion,high_demand,medium,2024-10-21 07:42:53,13.29
4794,5043,supplier_failure,quality_issue,medium,2024-10-22 04:43:37,12.76
4795,5043,port_congestion,inspection_backlog,medium,2024-10-22 06:15:58,13.75
4796,5044,supplier_failure,production_halt,low,2024-06-02 02:53:13,2.54
4797,5045,port_congestion,equipment_failure,high,2025-10-25 03:21:54,51.72
4798,5050,supplier_failure,bankruptcy,medium,2025-05-25 20:20:55,6.97
4799,5050,port_congestion,high_demand,medium,2025-05-26 17:40:14,10.08
4800,5050,port_congestion,labor_strike,medium,2025-05-26 19:33:35,11.42
4801,5050,port_congestion,high_demand,medium,2025-05-27 06:27:03,15.94
4802,5051,transport_delay,vehicle_breakdown,medium,2024-06-02 03:42:48,21.56
4803,5052,supplier_failure,quality_issue,medium,2025-05-23 07:30:23,7.84
4804,5052,weather_disruption,severe_storm,medium,2025-05-24 21:48:07,15.29
4805,5056,weather_disruption,hurricane,high,2024-11-22 16:33:12,173.13
4806,5057,supplier_failure,quality_issue,medium,2024-10-15 05:14:21,31.05
4807,5058,port_congestion,equipment_failure,medium,2023-07-18 04:53:27,10.48
4808,5062,weather_disruption,fog,medium,2023-12-01 16:39:19,6.92
4809,5062,port_congestion,high_demand,medium,2023-12-01 22:58:22,6.61
4810,5062,supplier_failure,capacity_shortage,medium,2023-12-01 23:11:35,7.06
4811,5064,supplier_failure,capacity_shortage,low,2025-08-22 01:33:07,2.34
4812,5064,weather_disruption,fog,low,2025-08-22 14:24:14,2.15
4813,5065,transport_delay,fuel_shortage,medium,2024-09-06 02:56:35,8.57
4814,5065,transport_delay,border_delay,medium,2024-09-06 20:11:26,3.59
4815,5066,weather_disruption,fog,medium,2023-05-31 10:13:19,19.68
4816,5067,supplier_failure,production_halt,medium,2024-07-25 14:12:31,21.94
4817,5067,supplier_failure,production_halt,medium,2024-07-25 14:13:13,18.82
4818,5067,weather_disruption,flooding,medium,2024-07-26 05:03:16,48.1
4819,5069,port_congestion,equipment_failure,low,2025-02-08 11:47:12,4.04
4820,5069,transport_delay,road_closure,low,2025-02-08 12:29:34,6.05
4821,5070,port_congestion,high_demand,low,2025-11-19 08:50:14,2.17
4822,5071,supplier_failure,quality_issue,low,2023-07-17 10:17:19,2.57
4823,5073,supplier_failure,capacity_shortage,medium,2024-01-14 07:21:25,8.23
4824,5073,transport_delay,fuel_shortage,medium,2024-01-14 14:18:24,5.82
4825,5073,supplier_failure,quality_issue,medium,2024-01-15 17:08:43,8.86
4826,5074,port_congestion,equipment_failure,medium,2023-03-28 03:30:56,24.9
4827,5078,transport_delay,vehicle_breakdown,medium,2025-06-03 01:45:23,16.1
4828,5078,port_congestion,inspection_backlog,medium,2025-06-03 10:52:09,27.99
4829,5078,port_congestion,equipment_failure,medium,2025-06-04 13:48:53,3.65
4830,5083,weather_disruption,fog,medium,2023-10-26 10:53:22,15.94
4831,5083,supplier_failure,quality_issue,medium,2023-10-26 12:02:39,14.22
4832,5084,transport_delay,border_delay,medium,2024-06-05 03:22:44,18.26
4833,5084,weather_disruption,hurricane,medium,2024-06-06 03:57:11,4.04
4834,5086,port_congestion,high_demand,medium,2024-11-21 00:01:07,13.84
4835,5086,port_congestion,inspection_backlog,medium,2024-11-21 09:44:21,23.44
4836,5089,transport_delay,road_closure,low,2023-12-03 01:11:49,5.91
4837,5092,port_congestion,labor_strike,low,2023-05-31 04:40:13,2.24
4838,5094,transport_delay,road_closure,high,2025-11-14 20:36:16,42.67
4839,5094,port_congestion,labor_strike,high,2025-11-14 22:38:03,26.3
4840,5094,transport_delay,border_delay,high,2025-11-15 05:11:38,8.07
4841,5095,transport_delay,vehicle_breakdown,medium,2024-08-21 20:05:41,30.96
4842,5095,supplier_failure,production_halt,medium,2024-08-22 05:53:22,15.06
4843,5097,port_congestion,equipment_failure,medium,2025-02-04 00:16:51,45.78
4844,5098,transport_delay,road_closure,high,2025-09-22 01:33:41,111.73
4845,5098,weather_disruption,fog,high,2025-09-22 20:36:17,42.82
4846,5101,port_congestion,inspection_backlog,medium,2023-10-03 09:30:22,14.66
4847,5102,port_congestion,inspection_backlog,medium,2025-11-03 06:46:47,6.85
4848,5102,port_congestion,labor_strike,medium,2025-11-03 21:09:35,14.63
4849,5102,supplier_failure,bankruptcy,medium,2025-11-03 22:43:03,5.8
4850,5104,port_congestion,equipment_failure,medium,2023-12-20 03:45:35,12.29
4851,5105,weather_disruption,severe_storm,low,2024-11-03 04:20:50,3.94
4852,5107,supplier_failure,bankruptcy,low,2023-03-10 03:04:58,3.43
4853,5113,port_congestion,inspection_backlog,low,2023-07-25 05:01:07,4.29
4854,5114,weather_disruption,severe_storm,low,2025-05-18 06:48:16,3.99
4855,5114,weather_disruption,blizzard,low,2025-05-18 07:02:31,4.83
4856,5114,port_congestion,labor_strike,low,2025-05-18 18:36:06,3.21
4857,5117,transport_delay,vehicle_breakdown,medium,2025-01-09 16:56:39,7.91
4858,5117,port_congestion,inspection_backlog,medium,2025-01-10 11:55:50,38.03
4859,5117,transport_delay,border_delay,medium,2025-01-11 04:08:05,32.57
4860,5118,transport_delay,road_closure,high,2024-09-22 04:35:46,97.66
4861,5118,transport_delay,border_delay,high,2024-09-23 07:27:28,46.06
4862,5118,transport_delay,fuel_shortage,high,2024-09-23 19:52:37,41.35
4863,5119,transport_delay,road_closure,high,2024-03-21 01:01:15,23.74
4864,5120,transport_delay,vehicle_breakdown,medium,2024-07-02 06:21:38,18.19
4865,5121,transport_delay,vehicle_breakdown,medium,2025-02-16 08:09:02,6.9
4866,5121,supplier_failure,capacity_shortage,medium,2025-02-16 11:12:56,8.06
4867,5121,port_congestion,inspection_backlog,medium,2025-02-16 17:07:19,12.47
4868,5122,transport_delay,road_closure,medium,2023-05-21 02:55:27,16.3
4869,5122,transport_delay,border_delay,medium,2023-05-21 16:25:03,13.7
4870,5122,weather_disruption,blizzard,medium,2023-05-22 01:39:36,14.75
4871,5124,supplier_failure,quality_issue,medium,2024-12-31 04:57:30,41.43
4872,5124,transport_delay,vehicle_breakdown,medium,2024-12-31 08:12:57,11.17
4873,5126,transport_delay,fuel_shortage,high,2025-11-13 09:43:47,13.01
4874,5126,transport_delay,fuel_shortage,high,2025-11-14 06:39:28,37.93
4875,5127,transport_delay,vehicle_breakdown,medium,2023-04-05 00:12:45,14.92
4876,5127,port_congestion,high_demand,medium,2023-04-05 10:03:59,8.3
4877,5127,weather_disruption,fog,medium,2023-04-05 15:38:20,11.11
4878,5132,weather_disruption,severe_storm,high,2024-07-27 00:51:12,84.78
4879,5134,port_congestion,equipment_failure,medium,2024-07-28 18:35:37,15.39
4880,5135,port_congestion,inspection_backlog,high,2025-04-04 21:05:23,58.46
4881,5136,transport_delay,border_delay,medium,2024-11-03 01:17:24,5.56
4882,5137,port_congestion,high_demand,medium,2024-03-11 14:06:18,4.01
4883,5137,transport_delay,fuel_shortage,medium,2024-03-11 18:27:46,53.71
4884,5137,port_congestion,equipment_failure,medium,2024-03-12 22:47:21,19.52
4885,5137,port_congestion,labor_strike,medium,2024-03-13 18:01:54,14.38
4886,5138,transport_delay,border_delay,medium,2023-12-18 19:01:09,23.1
4887,5138,transport_delay,fuel_shortage,medium,2023-12-19 05:08:04,14.16
4888,5144,transport_delay,border_delay,medium,2024-07-02 01:31:43,10.27
4889,5144,transport_delay,border_delay,medium,2024-07-02 18:50:34,24.87
4890,5144,transport_delay,fuel_shortage,medium,2024-07-03 00:56:18,11.81
4891,5146,weather_disruption,blizzard,medium,2024-02-16 02:47:00,37.34
4892,5148,port_congestion,equipment_failure,low,2023-09-25 02:59:49,5.69
4893,5148,supplier_failure,bankruptcy,low,2023-09-25 07:01:35,4.09
4894,5148,transport_delay,vehicle_breakdown,low,2023-09-25 11:45:35,3.83
4895,5151,transport_delay,road_closure,medium,2025-08-29 23:34:37,11.74
4896,5152,port_congestion,high_demand,medium,2025-02-19 02:34:54,19.98
4897,5152,supplier_failure,capacity_shortage,medium,2025-02-20 00:02:22,17.31
4898,5155,weather_disruption,fog,medium,2023-12-26 14:12:45,7.15
4899,5156,port_congestion,equipment_failure,medium,2025-01-19 00:31:34,4.24
4900,5156,port_congestion,high_demand,medium,2025-01-19 07:21:48,22.16
4901,5156,weather_disruption,flooding,medium,2025-01-19 16:10:01,17.41
4902,5157,weather_disruption,severe_storm,medium,2024-01-31 23:45:11,12.8
4903,5157,transport_delay,fuel_shortage,medium,2024-02-01 03:01:17,9.06
4904,5159,port_congestion,labor_strike,low,2023-02-07 10:52:10,3.11
4905,5162,transport_delay,vehicle_breakdown,high,2024-12-24 08:30:29,29.55
4906,5163,transport_delay,vehicle_breakdown,high,2023-04-17 11:45:54,168.66
4907,5163,transport_delay,vehicle_breakdown,high,2023-04-20 06:56:07,21.28
4908,5165,supplier_failure,production_halt,medium,2024-02-03 07:48:31,13.33
4909,5165,transport_delay,vehicle_breakdown,medium,2024-02-03 15:19:09,28.34
4910,5165,transport_delay,border_delay,medium,2024-02-04 11:32:17,19.85
4911,5168,transport_delay,border_delay,medium,2024-10-21 00:19:38,13.23
4912,5168,supplier_failure,production_halt,medium,2024-10-21 05:10:05,4.81
4913,5168,transport_delay,fuel_shortage,medium,2024-10-21 16:58:43,9.58
4914,5169,transport_delay,fuel_shortage,high,2023-07-12 10:58:53,26.65
4915,5169,port_congestion,inspection_backlog,high,2023-07-15 15:09:37,89.17
4916,5170,weather_disruption,fog,medium,2025-05-14 11:28:27,8.46
4917,5171,weather_disruption,severe_storm,low,2024-05-11 03:00:03,4.5
4918,5171,weather_disruption,hurricane,low,2024-05-11 03:11:25,5.31
4919,5171,supplier_failure,quality_issue,low,2024-05-11 12:17:45,2.79
4920,5173,port_congestion,equipment_failure,medium,2024-04-06 02:58:55,7.59
4921,5175,transport_delay,vehicle_breakdown,low,2024-07-29 00:42:56,6.31
4922,5175,transport_delay,fuel_shortage,low,2024-07-29 13:05:28,2.07
4923,5175,transport_delay,fuel_shortage,low,2024-07-29 13:36:48,12.43
4924,5179,transport_delay,vehicle_breakdown,medium,2024-04-30 11:19:14,13.82
4925,5179,weather_disruption,fog,medium,2024-04-30 16:14:54,37.4
4926,5180,port_congestion,high_demand,high,2023-06-08 12:25:44,16.37
4927,5180,supplier_failure,capacity_shortage,high,2023-06-10 06:39:12,17.04
4928,5180,transport_delay,border_delay,high,2023-06-12 07:07:38,23.35
4929,5180,weather_disruption,fog,high,2023-06-16 01:00:45,63.75
4930,5180,supplier_failure,quality_issue,high,2023-06-21 04:33:19,25.45
4931,5181,port_congestion,labor_strike,medium,2023-07-10 07:46:36,10.35
4932,5182,port_congestion,high_demand,high,2025-06-01 09:57:09,15.81
4933,5183,transport_delay,border_delay,medium,2025-11-23 00:05:33,14.69
4934,5184,port_congestion,high_demand,medium,2025-08-01 03:09:37,23.4
4935,5188,transport_delay,vehicle_breakdown,high,2024-07-09 08:48:26,20.48
4936,5188,transport_delay,border_delay,high,2024-07-09 21:09:33,16.12
4937,5188,transport_delay,fuel_shortage,high,2024-07-09 21:13:16,13.08
4938,5188,transport_delay,fuel_shortage,high,2024-07-10 01:50:38,15.72
4939,5188,transport_delay,fuel_shortage,high,2024-07-10 04:04:38,7.16
4940,5188,transport_delay,fuel_shortage,high,2024-07-11 13:14:13,51.99
4941,5188,port_congestion,inspection_backlog,high,2024-07-13 11:34:47,30.1
4942,5188,port_congestion,labor_strike,high,2024-07-14 12:46:34,50.71
4943,5193,weather_disruption,blizzard,low,2025-03-10 11:17:19,1.41
4944,5195,port_congestion,equipment_failure,high,2024-03-13 14:57:29,38.66
4945,5195,port_congestion,equipment_failure,high,2024-03-14 08:41:07,53.28
4946,5195,supplier_failure,quality_issue,high,2024-03-16 14:20:49,24.14
4947,5195,port_congestion,high_demand,high,2024-03-17 06:02:27,58.65
4948,5197,transport_delay,border_delay,medium,2025-02-28 03:42:03,6.84
4949,5199,port_congestion,labor_strike,high,2023-04-30 08:48:44,26.55
4950,5199,supplier_failure,bankruptcy,high,2023-04-30 16:53:10,46.43
4951,5199,port_congestion,equipment_failure,high,2023-05-02 10:14:02,20.43
4952,5200,weather_disruption,flooding,medium,2023-06-13 16:53:31,29.76
4953,5200,weather_disruption,fog,medium,2023-06-13 20:11:03,21.14
4954,5204,port_congestion,equipment_failure,high,2025-10-12 07:34:52,46.23
4955,5204,port_congestion,inspection_backlog,high,2025-10-12 08:10:28,39.83
4956,5204,supplier_failure,capacity_shortage,high,2025-10-12 09:09:56,22.47
4957,5204,port_congestion,high_demand,high,2025-10-12 16:45:00,25.99
4958,5204,port_congestion,labor_strike,high,2025-10-12 23:12:26,23.92
4959,5205,port_congestion,high_demand,medium,2023-11-28 07:31:17,10.1
4960,5207,weather_disruption,fog,medium,2025-11-22 05:45:57,24.37
4961,5211,port_congestion,labor_strike,medium,2023-02-14 02:01:57,10.61
4962,5212,transport_delay,fuel_shortage,high,2024-04-06 16:09:59,26.68
4963,5212,port_congestion,high_demand,high,2024-04-09 01:38:54,112.0
4964,5212,port_congestion,labor_strike,high,2024-04-09 15:40:31,44.59
4965,5213,weather_disruption,hurricane,medium,2023-10-14 15:28:52,15.7
4966,5214,transport_delay,fuel_shortage,medium,2023-01-17 15:19:49,14.04
4967,5216,supplier_failure,bankruptcy,low,2024-08-18 08:16:23,3.82
4968,5219,weather_disruption,fog,low,2024-10-21 02:36:35,2.81
4969,5222,port_congestion,inspection_backlog,high,2023-12-28 08:06:01,26.74
4970,5222,port_congestion,labor_strike,high,2023-12-28 17:39:15,23.2
4971,5222,port_congestion,equipment_failure,high,2023-12-30 04:44:12,28.51
4972,5222,weather_disruption,severe_storm,high,2023-12-31 01:02:39,85.18
4973,5222,supplier_failure,quality_issue,high,2023-12-31 05:53:24,38.88
4974,5230,port_congestion,labor_strike,medium,2023-05-02 07:12:10,9.24
4975,5231,port_congestion,labor_strike,medium,2023-10-30 00:05:03,5.46
4976,5231,supplier_failure,quality_issue,medium,2023-10-30 06:50:32,7.58
4977,5232,port_congestion,inspection_backlog,medium,2025-01-21 16:14:06,7.4
4978,5233,weather_disruption,fog,medium,2023-06-25 08:21:16,11.43
4979,5233,weather_disruption,hurricane,medium,2023-06-26 13:15:36,13.93
4980,5235,weather_disruption,blizzard,medium,2024-10-02 04:45:39,5.52
4981,5235,weather_disruption,severe_storm,medium,2024-10-02 17:27:36,10.68
4982,5237,transport_delay,border_delay,medium,2024-09-13 09:35:53,9.12
4983,5239,port_congestion,labor_strike,medium,2023-04-27 00:02:26,14.15
4984,5240,transport_delay,road_closure,low,2025-04-27 01:46:06,3.68
4985,5241,transport_delay,border_delay,low,2023-03-03 09:22:28,3.47
4986,5243,transport_delay,road_closure,medium,2024-10-30 21:03:39,13.06
4987,5245,weather_disruption,severe_storm,low,2024-06-22 01:58:18,7.46
4988,5245,port_congestion,equipment_failure,low,2024-06-22 19:25:30,4.9
4989,5247,transport_delay,fuel_shortage,medium,2023-10-04 11:02:00,12.38
4990,5248,supplier_failure,production_halt,medium,2023-08-02 09:47:29,14.53
4991,5248,weather_disruption,fog,medium,2023-08-04 00:52:35,14.29
4992,5249,port_congestion,labor_strike,medium,2023-08-16 07:22:21,10.95
4993,5249,transport_delay,road_closure,medium,2023-08-17 09:33:46,10.37
4994,5251,weather_disruption,flooding,high,2024-10-10 17:15:25,16.74
4995,5251,supplier_failure,capacity_shortage,high,2024-10-10 17:45:45,52.63
4996,5251,port_congestion,labor_strike,high,2024-10-11 17:38:50,87.58
4997,5251,transport_delay,vehicle_breakdown,high,2024-10-15 11:47:02,53.7
4998,5252,weather_disruption,severe_storm,high,2023-04-29 23:30:06,49.5
4999,5253,supplier_failure,quality_issue,high,2025-10-20 19:36:50,56.11
5000,5254,port_congestion,high_demand,high,2025-02-07 12:29:33,17.67
5001,5257,transport_delay,fuel_shortage,high,2024-08-19 00:11:22,41.43
5002,5258,transport_delay,border_delay,medium,2023-06-25 08:44:17,8.86
5003,5258,supplier_failure,bankruptcy,medium,2023-06-25 16:02:13,24.8
5004,5258,supplier_failure,quality_issue,medium,2023-06-26 11:56:35,4.39
5005,5259,transport_delay,vehicle_breakdown,medium,2024-09-16 22:21:12,10.27
5006,5262,weather_disruption,severe_storm,high,2025-04-18 10:44:31,9.75
5007,5263,weather_disruption,flooding,low,2023-05-25 09:06:19,6.75
5008,5264,port_congestion,labor_strike,medium,2023-05-16 06:57:58,11.91
5009,5267,transport_delay,border_delay,low,2023-06-30 00:58:05,13.15
5010,5268,transport_delay,fuel_shortage,medium,2025-01-09 10:20:52,3.03
5011,5268,port_congestion,inspection_backlog,medium,2025-01-09 21:49:37,22.05
5012,5268,transport_delay,border_delay,medium,2025-01-10 18:25:25,14.17
5013,5269,supplier_failure,quality_issue,medium,2024-05-01 10:38:18,10.52
5014,5269,port_congestion,labor_strike,medium,2024-05-01 22:05:46,12.27
5015,5271,weather_disruption,severe_storm,medium,2025-07-05 11:09:54,5.93
5016,5271,supplier_failure,quality_issue,medium,2025-07-07 01:35:56,25.49
5017,5272,port_congestion,high_demand,high,2023-09-18 14:39:07,64.37
5018,5274,supplier_failure,bankruptcy,high,2023-07-19 04:34:10,90.44
5019,5274,supplier_failure,quality_issue,high,2023-07-20 18:37:58,26.92
5020,5276,transport_delay,fuel_shortage,medium,2023-06-21 04:19:10,11.76
5021,5279,supplier_failure,production_halt,high,2024-05-22 17:13:11,35.82
5022,5279,port_congestion,labor_strike,high,2024-05-23 06:47:36,50.74
5023,5280,supplier_failure,quality_issue,medium,2023-07-08 06:36:59,13.97
5024,5280,port_congestion,labor_strike,medium,2023-07-08 09:07:51,10.1
5025,5282,port_congestion,high_demand,medium,2023-01-07 23:32:49,10.68
5026,5285,port_congestion,labor_strike,medium,2023-11-01 17:48:07,9.03
5027,5285,supplier_failure,bankruptcy,medium,2023-11-01 22:26:11,13.25
5028,5285,supplier_failure,production_halt,medium,2023-11-02 14:01:51,8.77
5029,5287,port_congestion,high_demand,high,2024-12-18 18:28:09,8.83
5030,5287,port_congestion,inspection_backlog,high,2024-12-21 14:37:46,30.23
5031,5288,supplier_failure,production_halt,high,2025-01-11 15:56:53,13.15
5032,5288,port_congestion,high_demand,high,2025-01-11 17:41:50,31.4
5033,5288,port_congestion,labor_strike,high,2025-01-12 12:26:13,32.64
5034,5292,transport_delay,fuel_shortage,medium,2024-08-08 05:19:51,19.25
5035,5292,supplier_failure,production_halt,medium,2024-08-08 06:39:59,18.53
5036,5292,port_congestion,high_demand,medium,2024-08-08 12:31:25,4.21
5037,5292,port_congestion,equipment_failure,medium,2024-08-09 01:46:38,10.31
5038,5293,supplier_failure,capacity_shortage,medium,2023-03-12 19:10:42,7.13
5039,5294,supplier_failure,capacity_shortage,high,2023-04-23 08:41:07,51.46
5040,5294,weather_disruption,severe_storm,high,2023-04-24 20:12:35,30.61
5041,5295,port_congestion,inspection_backlog,medium,2025-05-15 17:23:20,12.23
5042,5298,transport_delay,border_delay,medium,2024-05-26 03:41:33,25.95
5043,5300,port_congestion,labor_strike,low,2024-07-15 03:05:57,3.88
5044,5301,port_congestion,equipment_failure,high,2024-09-14 10:18:32,21.65
5045,5301,weather_disruption,flooding,high,2024-09-16 22:54:41,10.36
5046,5301,port_congestion,inspection_backlog,high,2024-09-18 00:50:31,68.83
5047,5302,port_congestion,high_demand,high,2023-03-14 02:59:00,65.03
5048,5302,transport_delay,vehicle_breakdown,high,2023-03-17 06:40:59,24.32
5049,5306,port_congestion,inspection_backlog,high,2025-07-11 18:49:32,14.49
5050,5306,weather_disruption,severe_storm,high,2025-07-11 23:42:08,86.98
5051,5307,port_congestion,inspection_backlog,medium,2025-02-12 12:09:34,50.15
5052,5307,port_congestion,inspection_backlog,medium,2025-02-13 05:40:10,10.6
5053,5308,port_congestion,equipment_failure,low,2025-02-04 03:46:27,10.78
5054,5310,port_congestion,labor_strike,high,2023-10-30 05:05:06,37.84
5055,5311,port_congestion,inspection_backlog,high,2025-05-16 02:30:01,47.64
5056,5313,port_congestion,equipment_failure,medium,2025-04-21 23:53:12,9.86
5057,5315,transport_delay,vehicle_breakdown,high,2025-06-28 12:53:58,62.16
5058,5319,port_congestion,high_demand,medium,2025-09-21 06:07:50,9.88
5059,5320,weather_disruption,flooding,medium,2025-08-01 20:10:55,6.39
5060,5323,transport_delay,border_delay,medium,2023-11-30 08:34:38,6.25
5061,5324,supplier_failure,bankruptcy,high,2025-07-17 18:38:26,113.76
5062,5324,transport_delay,road_closure,high,2025-07-18 00:19:21,24.61
5063,5324,weather_disruption,blizzard,high,2025-07-18 06:51:37,55.76
5064,5325,weather_disruption,flooding,medium,2024-09-01 00:05:24,9.23
5065,5325,supplier_failure,quality_issue,medium,2024-09-01 08:28:00,4.99
5066,5325,transport_delay,vehicle_breakdown,medium,2024-09-02 02:18:06,22.96
5067,5329,transport_delay,vehicle_breakdown,high,2024-04-01 06:53:45,24.57
5068,5329,port_congestion,labor_strike,high,2024-04-03 04:05:57,27.43
5069,5331,supplier_failure,capacity_shortage,medium,2023-06-29 08:01:24,15.47
5070,5331,transport_delay,vehicle_breakdown,medium,2023-06-29 11:00:14,20.05
5071,5331,port_congestion,inspection_backlog,medium,2023-06-30 01:05:48,13.39
5072,5331,weather_disruption,hurricane,medium,2023-06-30 02:01:30,17.51
5073,5333,supplier_failure,production_halt,high,2024-07-30 22:20:45,20.25
5074,5333,port_congestion,equipment_failure,high,2024-08-03 21:05:56,15.23
5075,5334,weather_disruption,flooding,medium,2024-07-29 21:57:52,20.07
5076,5336,port_congestion,high_demand,medium,2024-02-11 07:58:18,7.48
5077,5336,port_congestion,high_demand,medium,2024-02-11 19:12:57,13.74
5078,5336,port_congestion,labor_strike,medium,2024-02-13 00:48:41,5.2
5079,5337,port_congestion,inspection_backlog,high,2025-07-30 12:06:38,19.82
5080,5337,port_congestion,inspection_backlog,high,2025-08-01 02:55:05,36.17
5081,5337,weather_disruption,blizzard,high,2025-08-01 22:27:31,40.08
5082,5338,weather_disruption,flooding,high,2023-10-14 03:52:23,32.54
5083,5339,transport_delay,vehicle_breakdown,medium,2025-04-13 04:41:27,21.99
5084,5340,supplier_failure,bankruptcy,medium,2023-04-17 03:37:01,15.84
5085,5342,weather_disruption,fog,high,2023-04-05 06:09:36,76.51
5086,5342,transport_delay,fuel_shortage,high,2023-04-05 10:00:02,61.87
5087,5342,supplier_failure,bankruptcy,high,2023-04-05 23:24:58,13.44
5088,5342,weather_disruption,fog,high,2023-04-06 04:26:22,33.96
5089,5342,weather_disruption,blizzard,high,2023-04-06 19:18:47,28.01
5090,5343,weather_disruption,severe_storm,medium,2024-04-13 17:22:37,23.11
5091,5347,transport_delay,road_closure,medium,2024-12-13 03:24:21,31.17
5092,5347,transport_delay,road_closure,medium,2024-12-13 12:22:26,10.74
5093,5349,port_congestion,labor_strike,medium,2023-06-01 06:46:20,20.18
5094,5349,port_congestion,inspection_backlog,medium,2023-06-01 07:00:42,22.4
5095,5349,transport_delay,border_delay,medium,2023-06-01 22:46:55,11.51
5096,5350,transport_delay,road_closure,medium,2023-12-22 18:31:24,22.01
5097,5351,port_congestion,labor_strike,medium,2024-04-13 08:10:25,7.16
5098,5351,port_congestion,inspection_backlog,medium,2024-04-13 13:29:22,11.82
5099,5351,transport_delay,border_delay,medium,2024-04-14 04:57:25,9.82
5100,5351,transport_delay,fuel_shortage,medium,2024-04-14 11:38:09,16.78
5101,5351,transport_delay,fuel_shortage,medium,2024-04-14 12:57:12,6.29
5102,5354,transport_delay,border_delay,medium,2023-01-05 04:36:09,10.94
5103,5355,port_congestion,labor_strike,high,2024-05-17 01:41:40,59.15
5104,5355,supplier_failure,capacity_shortage,high,2024-05-17 09:21:20,17.5
5105,5355,transport_delay,fuel_shortage,high,2024-05-17 13:59:58,54.84
5106,5355,transport_delay,road_closure,high,2024-05-18 10:49:18,20.51
5107,5358,port_congestion,labor_strike,high,2023-09-29 05:31:45,40.77
5108,5358,port_congestion,high_demand,high,2023-09-30 14:15:23,42.72
5109,5361,weather_disruption,flooding,medium,2023-05-24 14:04:57,11.26
5110,5361,supplier_failure,capacity_shortage,medium,2023-05-24 14:21:58,8.36
5111,5364,weather_disruption,fog,medium,2023-02-13 20:31:10,4.87
5112,5365,port_congestion,high_demand,high,2024-01-23 14:43:07,11.37
5113,5365,transport_delay,border_delay,high,2024-01-24 17:30:40,23.29
5114,5365,port_congestion,labor_strike,high,2024-01-25 18:59:43,38.81
5115,5365,port_congestion,labor_strike,high,2024-01-27 15:00:29,41.45
5116,5367,supplier_failure,capacity_shortage,high,2024-03-07 11:37:32,17.92
5117,5367,supplier_failure,bankruptcy,high,2024-03-08 08:14:41,37.57
5118,5367,port_congestion,inspection_backlog,high,2024-03-09 02:15:02,21.36
5119,5367,port_congestion,high_demand,high,2024-03-09 07:19:42,23.32
5120,5370,transport_delay,border_delay,low,2023-06-01 09:30:35,1.39
5121,5371,transport_delay,fuel_shortage,high,2024-06-09 14:13:05,73.56
5122,5373,port_congestion,inspection_backlog,high,2024-02-18 07:29:18,21.61
5123,5374,transport_delay,road_closure,low,2025-10-17 14:07:44,5.17
5124,5375,weather_disruption,flooding,high,2024-09-16 07:33:39,22.16
5125,5375,port_congestion,inspection_backlog,high,2024-09-18 05:29:20,19.94
5126,5377,port_congestion,high_demand,high,2025-04-10 09:19:47,22.26
5127,5377,transport_delay,border_delay,high,2025-04-13 04:49:15,33.61
5128,5377,supplier_failure,capacity_shortage,high,2025-04-14 12:03:09,24.78
5129,5377,weather_disruption,hurricane,high,2025-04-15 17:25:34,7.2
5130,5378,port_congestion,high_demand,medium,2024-12-13 00:29:23,5.26
5131,5378,port_congestion,labor_strike,medium,2024-12-13 17:26:14,24.43
5132,5379,transport_delay,fuel_shortage,medium,2023-10-19 09:32:26,14.23
5133,5379,supplier_failure,quality_issue,medium,2023-10-20 01:19:02,8.67
5134,5380,weather_disruption,blizzard,low,2024-11-10 02:51:21,2.45
5135,5380,transport_delay,fuel_shortage,low,2024-11-10 09:33:42,3.02
5136,5381,port_congestion,inspection_backlog,high,2024-06-26 20:13:30,25.95
5137,5383,port_congestion,high_demand,high,2025-09-10 08:00:27,33.57
5138,5383,transport_delay,border_delay,high,2025-09-11 08:51:09,20.99
5139,5383,transport_delay,border_delay,high,2025-09-11 15:54:16,35.97
5140,5384,port_congestion,labor_strike,medium,2024-01-25 12:12:54,5.56
5141,5384,transport_delay,border_delay,medium,2024-01-26 20:24:57,28.64
5142,5384,port_congestion,equipment_failure,medium,2024-01-27 13:54:40,6.49
5143,5385,transport_delay,vehicle_breakdown,medium,2024-02-16 23:12:57,22.72
5144,5388,transport_delay,road_closure,high,2025-03-30 20:01:31,84.89
5145,5388,transport_delay,fuel_shortage,high,2025-04-01 19:52:21,87.97
5146,5388,transport_delay,vehicle_breakdown,high,2025-04-03 15:52:56,23.91
5147,5391,transport_delay,border_delay,medium,2023-11-15 12:25:00,29.54
5148,5392,port_congestion,inspection_backlog,medium,2025-03-08 05:00:52,19.09
5149,5394,supplier_failure,bankruptcy,high,2024-12-07 21:31:27,35.39
5150,5395,port_congestion,labor_strike,low,2023-07-22 13:58:53,7.41
5151,5398,port_congestion,inspection_backlog,medium,2025-09-19 14:13:43,8.62
5152,5400,transport_delay,vehicle_breakdown,low,2023-09-21 22:20:50,1.23
5153,5402,supplier_failure,bankruptcy,medium,2024-07-31 10:55:13,17.17
5154,5403,supplier_failure,bankruptcy,medium,2025-06-07 15:54:24,49.35
5155,5405,port_congestion,high_demand,high,2025-02-17 01:48:34,48.45
5156,5408,weather_disruption,blizzard,medium,2023-04-24 22:18:24,18.93
5157,5408,port_congestion,inspection_backlog,medium,2023-04-25 06:30:34,14.85
5158,5410,supplier_failure,production_halt,high,2023-07-19 08:42:21,90.52
5159,5410,weather_disruption,flooding,high,2023-07-20 11:02:40,28.76
5160,5410,supplier_failure,production_halt,high,2023-07-20 18:04:34,26.03
5161,5410,transport_delay,fuel_shortage,high,2023-07-22 13:10:31,4.18
5162,5415,transport_delay,border_delay,low,2025-01-01 06:44:19,7.84
5163,5417,port_congestion,high_demand,low,2025-05-06 04:02:54,14.43
5164,5419,port_congestion,equipment_failure,medium,2024-06-23 21:37:34,9.21
5165,5419,transport_delay,vehicle_breakdown,medium,2024-06-24 07:55:25,17.52
5166,5420,transport_delay,border_delay,high,2023-04-26 23:30:18,43.73
5167,5423,transport_delay,border_delay,high,2023-06-25 16:46:49,89.67
5168,5426,transport_delay,vehicle_breakdown,medium,2024-05-06 05:38:57,12.39
5169,5427,transport_delay,border_delay,medium,2025-01-11 23:53:16,7.81
5170,5428,weather_disruption,hurricane,medium,2024-11-19 12:21:13,7.16
5171,5430,weather_disruption,flooding,high,2024-07-30 00:50:47,28.88
5172,5430,transport_delay,fuel_shortage,high,2024-07-30 06:10:02,58.09
5173,5432,supplier_failure,capacity_shortage,low,2023-01-13 13:42:32,1.6
5174,5434,transport_delay,fuel_shortage,high,2025-07-14 15:10:15,30.18
5175,5434,port_congestion,labor_strike,high,2025-07-17 11:43:22,30.16
5176,5438,transport_delay,fuel_shortage,medium,2023-05-27 02:29:30,8.69
5177,5438,transport_delay,vehicle_breakdown,medium,2023-05-27 06:25:12,22.2
5178,5438,supplier_failure,quality_issue,medium,2023-05-28 20:52:23,37.45
5179,5438,port_congestion,equipment_failure,medium,2023-05-28 21:39:00,6.5
5180,5440,transport_delay,vehicle_breakdown,low,2023-08-19 09:18:37,3.69
5181,5444,transport_delay,road_closure,medium,2024-06-03 21:12:31,36.52
5182,5447,supplier_failure,bankruptcy,medium,2025-03-20 16:54:16,20.83
5183,5448,transport_delay,vehicle_breakdown,high,2024-03-17 17:41:58,17.34
5184,5448,transport_delay,border_delay,high,2024-03-18 15:55:45,33.69
5185,5448,transport_delay,fuel_shortage,high,2024-03-20 10:56:00,52.33
5186,5450,transport_delay,fuel_shortage,high,2025-07-09 12:52:46,18.49
5187,5450,transport_delay,vehicle_breakdown,high,2025-07-11 02:05:52,34.24
5188,5450,port_congestion,equipment_failure,high,2025-07-15 08:20:19,63.13
5189,5452,transport_delay,fuel_shortage,medium,2025-02-27 15:49:44,13.61
5190,5452,port_congestion,labor_strike,medium,2025-02-27 20:46:26,14.33
5191,5454,transport_delay,vehicle_breakdown,high,2024-12-14 16:09:05,29.69
5192,5454,transport_delay,fuel_shortage,high,2024-12-15 00:51:59,102.36
5193,5454,supplier_failure,production_halt,high,2024-12-15 21:32:45,44.39
5194,5454,weather_disruption,blizzard,high,2024-12-16 19:32:55,58.43
5195,5457,weather_disruption,blizzard,medium,2023-07-10 05:21:24,9.93
5196,5460,weather_disruption,severe_storm,medium,2025-04-13 07:42:17,13.89
5197,5461,weather_disruption,blizzard,medium,2024-05-25 22:54:14,25.16
5198,5463,port_congestion,labor_strike,medium,2025-05-13 07:01:17,7.74
5199,5463,weather_disruption,blizzard,medium,2025-05-14 13:10:20,22.33
5200,5464,transport_delay,fuel_shortage,high,2023-08-08 07:50:50,17.71
5201,5464,transport_delay,road_closure,high,2023-08-11 03:04:47,58.81
5202,5464,port_congestion,labor_strike,high,2023-08-12 06:07:09,47.91
5203,5468,transport_delay,border_delay,high,2023-09-20 14:31:25,31.78
5204,5468,transport_delay,vehicle_breakdown,high,2023-09-22 07:38:30,35.08
5205,5468,transport_delay,fuel_shortage,high,2023-09-25 16:56:13,83.32
5206,5468,transport_delay,border_delay,high,2023-09-30 18:46:10,62.01
5207,5468,transport_delay,road_closure,high,2023-10-05 11:59:33,88.53
5208,5468,port_congestion,high_demand,high,2023-10-05 13:01:05,12.54
5209,5468,weather_disruption,blizzard,high,2023-10-07 18:14:47,33.16
5210,5471,transport_delay,road_closure,high,2023-07-15 07:21:04,136.37
5211,5471,transport_delay,border_delay,high,2023-07-17 19:59:31,23.72
5212,5474,weather_disruption,flooding,medium,2023-11-24 00:43:27,6.68
5213,5474,port_congestion,labor_strike,medium,2023-11-24 01:20:13,17.61
5214,5476,weather_disruption,hurricane,medium,2024-08-24 19:42:15,49.55
5215,5477,port_congestion,equipment_failure,medium,2024-11-02 08:51:23,10.3
5216,5480,weather_disruption,fog,medium,2024-08-29 11:17:26,12.08
5217,5481,transport_delay,fuel_shortage,high,2024-09-16 20:32:06,27.66
5218,5481,transport_delay,road_closure,high,2024-09-17 05:04:35,83.3
5219,5481,weather_disruption,severe_storm,high,2024-09-17 06:17:39,26.98
5220,5481,transport_delay,fuel_shortage,high,2024-09-17 23:53:13,12.85
5221,5481,supplier_failure,bankruptcy,high,2024-09-18 02:06:44,84.8
5222,5484,supplier_failure,production_halt,medium,2024-12-13 09:58:32,15.25
5223,5486,supplier_failure,capacity_shortage,medium,2025-07-26 13:47:27,15.72
5224,5486,port_congestion,equipment_failure,medium,2025-07-26 21:31:48,14.74
5225,5487,weather_disruption,hurricane,medium,2023-08-01 21:36:06,18.12
5226,5487,transport_delay,border_delay,medium,2023-08-02 01:25:55,25.38
5227,5488,weather_disruption,blizzard,medium,2025-08-08 18:39:58,10.35
5228,5488,port_congestion,high_demand,medium,2025-08-09 14:04:03,8.02
5229,5488,weather_disruption,blizzard,medium,2025-08-10 07:48:31,11.41
5230,5489,weather_disruption,flooding,medium,2024-04-08 01:29:05,15.17
5231,5489,weather_disruption,blizzard,medium,2024-04-09 06:50:09,8.3
5232,5490,supplier_failure,quality_issue,high,2025-06-23 16:23:43,33.5
5233,5492,supplier_failure,bankruptcy,medium,2023-11-22 09:49:22,32.57
5234,5493,transport_delay,vehicle_breakdown,medium,2024-10-05 12:28:15,21.02
5235,5495,transport_delay,road_closure,medium,2025-06-20 02:17:47,8.95
5236,5498,port_congestion,equipment_failure,medium,2025-05-23 18:59:24,5.09
5237,5500,transport_delay,road_closure,medium,2024-07-01 02:12:33,12.12
5238,5502,transport_delay,fuel_shortage,medium,2024-09-27 15:32:33,9.76
5239,5505,port_congestion,equipment_failure,medium,2025-08-18 11:16:08,28.78
5240,5505,transport_delay,road_closure,medium,2025-08-18 17:29:56,10.45
5241,5505,port_congestion,high_demand,medium,2025-08-19 17:41:40,13.86
5242,5505,port_congestion,labor_strike,medium,2025-08-19 23:21:28,9.89
5243,5506,transport_delay,road_closure,medium,2023-06-05 00:12:53,7.61
5244,5506,port_congestion,equipment_failure,medium,2023-06-05 07:48:15,15.89
5245,5506,supplier_failure,production_halt,medium,2023-06-05 16:35:01,23.22
5246,5511,transport_delay,vehicle_breakdown,low,2025-08-10 13:12:26,12.45
5247,5514,transport_delay,border_delay,high,2025-07-07 05:17:10,44.39
5248,5514,port_congestion,equipment_failure,high,2025-07-09 23:43:56,38.58
5249,5515,transport_delay,border_delay,low,2024-09-17 01:55:26,3.62
5250,5515,port_congestion,equipment_failure,low,2024-09-17 13:54:58,2.17
5251,5515,transport_delay,fuel_shortage,low,2024-09-17 13:57:02,3.2
5252,5518,transport_delay,fuel_shortage,low,2025-06-02 03:11:42,2.97
5253,5522,transport_delay,border_delay,low,2024-09-22 10:06:49,7.1
5254,5523,port_congestion,labor_strike,high,2025-05-10 04:10:02,70.15
5255,5523,weather_disruption,severe_storm,high,2025-05-12 00:33:23,54.51
5256,5523,weather_disruption,hurricane,high,2025-05-12 21:34:48,49.76
5257,5523,transport_delay,road_closure,high,2025-05-13 07:56:31,72.65
5258,5523,weather_disruption,hurricane,high,2025-05-14 08:57:42,131.12
5259,5523,transport_delay,vehicle_breakdown,high,2025-05-15 23:07:47,8.82
5260,5523,transport_delay,border_delay,high,2025-05-16 20:02:38,36.17
5261,5525,port_congestion,equipment_failure,medium,2024-01-06 01:52:12,28.67
5262,5525,port_congestion,high_demand,medium,2024-01-06 16:23:13,2.47
5263,5525,port_congestion,labor_strike,medium,2024-01-06 17:07:18,2.76
5264,5526,transport_delay,road_closure,medium,2025-07-19 00:52:14,4.77
5265,5529,transport_delay,border_delay,high,2023-04-21 16:48:19,47.79
5266,5531,transport_delay,fuel_shortage,low,2024-07-21 02:27:48,8.83
5267,5535,port_congestion,inspection_backlog,medium,2025-06-11 00:13:34,7.62
5268,5536,supplier_failure,production_halt,medium,2024-09-01 00:39:43,14.62
5269,5537,supplier_failure,bankruptcy,low,2024-04-21 13:20:43,2.49
5270,5538,port_congestion,labor_strike,medium,2023-08-24 05:58:14,2.34
5271,5540,supplier_failure,quality_issue,medium,2023-04-13 12:23:23,11.51
5272,5540,port_congestion,labor_strike,medium,2023-04-13 20:03:55,8.28
5273,5542,transport_delay,border_delay,medium,2025-11-25 09:14:51,12.37
5274,5543,supplier_failure,quality_issue,low,2023-02-04 04:25:02,3.51
5275,5543,supplier_failure,capacity_shortage,low,2023-02-04 05:54:48,9.86
5276,5544,port_congestion,equipment_failure,medium,2025-10-30 10:27:41,20.48
5277,5546,supplier_failure,capacity_shortage,high,2023-11-22 12:46:05,39.04
5278,5546,port_congestion,labor_strike,high,2023-11-25 09:06:34,96.27
5279,5547,supplier_failure,production_halt,medium,2024-03-07 11:01:20,31.77
5280,5547,weather_disruption,blizzard,medium,2024-03-07 13:48:43,11.92
5281,5548,port_congestion,labor_strike,medium,2024-12-31 15:44:57,12.22
5282,5549,transport_delay,vehicle_breakdown,medium,2025-06-04 15:16:59,10.58
5283,5550,weather_disruption,flooding,medium,2024-04-13 15:46:24,4.95
5284,5552,supplier_failure,bankruptcy,high,2023-05-08 15:28:56,55.28
5285,5553,transport_delay,border_delay,medium,2023-11-12 18:48:33,27.82
5286,5555,port_congestion,high_demand,low,2025-07-01 01:59:29,8.52
5287,5561,weather_disruption,severe_storm,medium,2024-03-29 09:48:41,19.34
5288,5561,port_congestion,inspection_backlog,medium,2024-03-29 12:22:05,15.64
5289,5561,supplier_failure,bankruptcy,medium,2024-03-30 05:13:35,10.95
5290,5562,transport_delay,border_delay,medium,2025-02-22 00:03:56,9.91
5291,5568,transport_delay,border_delay,medium,2025-02-04 06:50:23,12.59
5292,5568,transport_delay,fuel_shortage,medium,2025-02-04 19:56:04,7.53
5293,5569,transport_delay,road_closure,medium,2025-03-06 15:16:00,14.93
5294,5570,port_congestion,high_demand,medium,2024-01-10 07:00:31,10.88
5295,5570,transport_delay,fuel_shortage,medium,2024-01-10 15:26:06,10.7
5296,5571,transport_delay,border_delay,medium,2023-06-18 08:31:34,11.02
5297,5571,transport_delay,border_delay,medium,2023-06-19 00:43:59,18.15
5298,5571,port_congestion,inspection_backlog,medium,2023-06-19 18:57:40,9.63
5299,5573,port_congestion,equipment_failure,high,2025-04-11 15:44:48,20.13
5300,5574,transport_delay,road_closure,medium,2025-09-18 21:10:58,9.59
5301,5576,transport_delay,vehicle_breakdown,medium,2025-02-16 13:48:57,9.43
5302,5577,port_congestion,inspection_backlog,medium,2023-05-15 16:22:21,13.61
5303,5578,weather_disruption,flooding,medium,2025-06-26 06:26:35,8.9
5304,5578,port_congestion,equipment_failure,medium,2025-06-27 02:32:42,6.54
5305,5579,port_congestion,inspection_backlog,medium,2023-08-16 09:21:11,27.48
5306,5579,transport_delay,road_closure,medium,2023-08-16 17:07:33,15.67
5307,5579,transport_delay,vehicle_breakdown,medium,2023-08-17 02:21:33,18.08
5308,5580,port_congestion,high_demand,high,2025-11-20 02:44:55,19.19
5309,5581,transport_delay,fuel_shortage,low,2023-07-14 03:01:11,3.18
5310,5582,port_congestion,equipment_failure,low,2025-07-08 00:56:58,4.29
5311,5583,port_congestion,inspection_backlog,high,2025-10-22 00:20:21,37.76
5312,5583,transport_delay,road_closure,high,2025-10-24 19:34:14,30.64
5313,5586,transport_delay,border_delay,medium,2023-06-04 06:35:16,8.8
5314,5591,transport_delay,border_delay,high,2025-08-09 03:29:33,24.72
5315,5591,transport_delay,road_closure,high,2025-08-11 20:56:21,46.5
5316,5594,supplier_failure,bankruptcy,medium,2025-02-10 22:18:11,10.62
5317,5597,supplier_failure,capacity_shortage,low,2025-06-17 09:03:06,3.17
5318,5597,port_congestion,high_demand,low,2025-06-17 10:13:57,3.99
5319,5598,transport_delay,fuel_shortage,low,2025-11-19 03:22:59,4.84
5320,5607,weather_disruption,fog,high,2024-12-22 17:42:07,29.79
5321,5607,transport_delay,fuel_shortage,high,2024-12-22 20:23:15,34.47
5322,5607,transport_delay,road_closure,high,2024-12-22 22:09:19,58.82
5323,5612,weather_disruption,fog,medium,2024-06-11 00:59:32,9.31
5324,5613,transport_delay,road_closure,medium,2023-09-07 00:51:28,17.57
5325,5613,supplier_failure,quality_issue,medium,2023-09-07 05:02:03,24.99
5326,5614,port_congestion,inspection_backlog,low,2025-04-15 03:30:22,5.45
5327,5617,transport_delay,road_closure,medium,2025-09-19 21:47:26,20.69
5328,5620,transport_delay,fuel_shortage,medium,2024-09-30 16:13:39,4.95
5329,5620,transport_delay,road_closure,medium,2024-09-30 22:40:49,19.23
5330,5620,weather_disruption,hurricane,medium,2024-10-01 22:46:40,16.03
5331,5621,port_congestion,high_demand,high,2023-09-07 19:36:45,23.36
5332,5621,port_congestion,inspection_backlog,high,2023-09-08 05:56:56,59.2
5333,5621,weather_disruption,hurricane,high,2023-09-08 14:11:17,22.41
5334,5622,transport_delay,vehicle_breakdown,medium,2024-04-23 08:14:22,13.11
5335,5622,transport_delay,vehicle_breakdown,medium,2024-04-23 10:20:55,15.92
5336,5622,port_congestion,inspection_backlog,medium,2024-04-24 13:17:58,12.31
5337,5625,transport_delay,border_delay,medium,2024-07-04 14:55:28,6.05
5338,5625,weather_disruption,flooding,medium,2024-07-04 20:51:21,23.01
5339,5627,transport_delay,fuel_shortage,high,2023-07-18 11:38:45,19.4
5340,5627,weather_disruption,hurricane,high,2023-07-18 17:57:43,128.32
5341,5628,port_congestion,labor_strike,high,2024-09-16 06:59:39,26.07
5342,5628,port_congestion,equipment_failure,high,2024-09-16 18:08:15,25.96
5343,5628,port_congestion,inspection_backlog,high,2024-09-20 13:09:54,13.14
5344,5628,port_congestion,labor_strike,high,2024-09-23 19:14:04,50.11
5345,5628,weather_disruption,hurricane,high,2024-09-24 03:41:19,26.51
5346,5630,weather_disruption,fog,low,2023-04-08 06:41:36,4.18
5347,5630,transport_delay,border_delay,low,2023-04-08 14:27:44,2.4
5348,5631,transport_delay,fuel_shortage,medium,2024-07-28 03:08:43,9.18
5349,5632,transport_delay,border_delay,medium,2025-09-10 09:55:43,10.71
5350,5635,transport_delay,fuel_shortage,high,2024-04-10 11:37:02,35.23
5351,5637,transport_delay,vehicle_breakdown,high,2024-06-13 12:44:20,59.67
5352,5637,port_congestion,labor_strike,high,2024-06-13 19:37:33,26.66
5353,5637,transport_delay,road_closure,high,2024-06-14 18:39:21,36.31
5354,5637,transport_delay,road_closure,high,2024-06-15 09:55:44,10.23
5355,5637,weather_disruption,fog,high,2024-06-17 16:30:39,17.62
5356,5637,transport_delay,fuel_shortage,high,2024-06-18 05:03:08,34.64
5357,5637,port_congestion,equipment_failure,high,2024-06-19 12:05:58,28.71
5358,5643,port_congestion,labor_strike,medium,2023-12-14 04:19:31,14.8
5359,5644,transport_delay,border_delay,high,2023-12-10 21:13:41,20.04
5360,5644,port_congestion,labor_strike,high,2023-12-11 12:23:17,51.97
5361,5644,weather_disruption,flooding,high,2023-12-13 07:02:35,37.5
5362,5646,weather_disruption,hurricane,high,2025-07-06 16:52:43,40.45
5363,5646,port_congestion,inspection_backlog,high,2025-07-12 08:18:25,23.93
5364,5646,transport_delay,vehicle_breakdown,high,2025-07-14 05:22:40,41.53
5365,5647,port_congestion,equipment_failure,low,2025-11-25 00:08:49,4.92
5366,5647,supplier_failure,quality_issue,low,2025-11-25 06:53:15,6.52
5367,5647,port_congestion,inspection_backlog,low,2025-11-25 08:36:04,13.48
5368,5648,transport_delay,border_delay,high,2025-03-28 01:33:15,27.21
5369,5648,weather_disruption,fog,high,2025-03-29 21:41:38,47.5
5370,5648,transport_delay,road_closure,high,2025-03-31 01:16:14,67.32
5371,5650,port_congestion,inspection_backlog,high,2024-06-23 04:33:43,66.26
5372,5650,transport_delay,road_closure,high,2024-06-24 03:06:16,23.73
5373,5650,port_congestion,high_demand,high,2024-06-24 09:26:41,45.91
5374,5650,weather_disruption,severe_storm,high,2024-06-24 18:45:52,53.14
5375,5650,port_congestion,high_demand,high,2024-06-25 00:47:16,55.02
5376,5651,transport_delay,road_closure,high,2024-12-05 02:13:06,27.08
5377,5653,supplier_failure,production_halt,low,2024-03-23 07:29:52,3.23
5378,5653,supplier_failure,bankruptcy,low,2024-03-23 08:24:49,4.27
5379,5657,weather_disruption,blizzard,medium,2025-06-08 23:48:10,10.36
5380,5660,transport_delay,vehicle_breakdown,medium,2025-09-08 05:19:14,6.57
5381,5660,transport_delay,border_delay,medium,2025-09-09 19:46:52,10.09
5382,5661,transport_delay,fuel_shortage,medium,2024-11-04 16:42:05,16.13
5383,5662,port_congestion,equipment_failure,high,2024-05-22 04:40:51,30.47
5384,5663,transport_delay,fuel_shortage,high,2025-05-01 23:49:08,200.0
5385,5663,transport_delay,vehicle_breakdown,high,2025-05-02 11:01:42,22.2
5386,5663,supplier_failure,capacity_shortage,high,2025-05-03 01:03:29,10.3
5387,5664,transport_delay,vehicle_breakdown,high,2025-06-27 10:11:55,19.4
5388,5664,transport_delay,fuel_shortage,high,2025-06-28 05:49:15,94.43
5389,5665,port_congestion,equipment_failure,medium,2023-07-19 16:12:25,22.16
5390,5665,port_congestion,equipment_failure,medium,2023-07-20 05:02:32,17.04
5391,5665,supplier_failure,bankruptcy,medium,2023-07-20 10:25:56,4.75
5392,5666,transport_delay,border_delay,medium,2024-09-03 07:10:24,23.51
5393,5667,port_congestion,labor_strike,high,2023-08-14 02:13:56,24.13
5394,5669,transport_delay,vehicle_breakdown,medium,2024-08-10 23:34:42,6.79
5395,5669,port_congestion,high_demand,medium,2024-08-11 00:40:09,9.4
5396,5671,transport_delay,road_closure,low,2025-09-15 00:16:17,4.71
5397,5674,port_congestion,labor_strike,low,2023-05-31 07:32:34,5.34
5398,5674,weather_disruption,fog,low,2023-05-31 09:34:37,7.43
5399,5675,port_congestion,inspection_backlog,medium,2023-12-29 12:15:26,11.88
5400,5678,port_congestion,labor_strike,medium,2023-10-26 17:22:42,7.9
5401,5679,transport_delay,vehicle_breakdown,medium,2024-06-24 00:41:51,3.5
5402,5679,weather_disruption,fog,medium,2024-06-24 06:38:16,11.65
5403,5679,weather_disruption,severe_storm,medium,2024-06-25 12:23:56,15.67
5404,5683,transport_delay,fuel_shortage,medium,2023-11-25 00:13:03,16.2
5405,5684,transport_delay,fuel_shortage,medium,2024-05-06 14:57:37,47.49
5406,5684,transport_delay,road_closure,medium,2024-05-06 15:26:36,12.62
5407,5686,transport_delay,fuel_shortage,low,2025-04-11 07:55:27,9.29
5408,5687,transport_delay,border_delay,medium,2025-01-14 05:49:00,3.08
5409,5687,port_congestion,inspection_backlog,medium,2025-01-15 19:41:42,27.48
5410,5688,weather_disruption,hurricane,high,2025-03-05 17:33:29,39.8
5411,5688,transport_delay,fuel_shortage,high,2025-03-06 05:21:36,49.43
5412,5688,port_congestion,equipment_failure,high,2025-03-07 15:23:42,22.02
5413,5688,weather_disruption,hurricane,high,2025-03-09 15:15:11,13.26
5414,5688,port_congestion,labor_strike,high,2025-03-10 03:53:59,43.23
5415,5689,transport_delay,vehicle_breakdown,medium,2023-10-18 01:34:58,17.68
5416,5690,port_congestion,high_demand,medium,2023-09-09 08:10:40,19.1
5417,5692,port_congestion,labor_strike,high,2024-02-03 09:52:39,13.57
5418,5693,port_congestion,high_demand,medium,2023-09-18 20:51:49,6.08
5419,5695,port_congestion,high_demand,low,2025-09-02 08:59:03,6.0
5420,5695,port_congestion,inspection_backlog,low,2025-09-02 09:40:30,2.63
5421,5696,weather_disruption,blizzard,low,2024-09-21 00:13:47,6.39
5422,5703,weather_disruption,hurricane,medium,2025-08-13 04:58:09,20.18
5423,5707,transport_delay,vehicle_breakdown,low,2024-01-14 03:45:00,1.84
5424,5707,port_congestion,high_demand,low,2024-01-14 08:33:12,2.66
5425,5707,transport_delay,road_closure,low,2024-01-14 19:13:15,3.46
5426,5709,weather_disruption,flooding,medium,2025-10-25 12:17:23,20.39
5427,5710,supplier_failure,quality_issue,high,2024-02-14 04:46:33,59.87
5428,5710,port_congestion,high_demand,high,2024-02-16 12:59:12,80.34
5429,5710,supplier_failure,capacity_shortage,high,2024-02-17 11:54:32,13.31
5430,5710,port_congestion,inspection_backlog,high,2024-02-18 18:11:14,36.49
5431,5710,weather_disruption,blizzard,high,2024-02-19 02:08:17,18.31
5432,5712,transport_delay,border_delay,medium,2025-03-19 07:16:48,8.58
5433,5712,transport_delay,fuel_shortage,medium,2025-03-20 00:32:33,32.16
5434,5713,transport_delay,fuel_shortage,medium,2023-08-08 11:38:59,12.03
5435,5716,port_congestion,equipment_failure,high,2023-12-07 00:59:40,64.79
5436,5716,transport_delay,border_delay,high,2023-12-07 06:54:26,38.27
5437,5723,port_congestion,inspection_backlog,high,2024-04-21 20:15:02,14.97
5438,5728,transport_delay,fuel_shortage,high,2025-08-02 01:34:38,70.17
5439,5732,weather_disruption,flooding,low,2025-09-12 21:28:32,4.88
5440,5734,transport_delay,border_delay,low,2025-08-12 12:23:39,2.61
5441,5735,transport_delay,vehicle_breakdown,medium,2024-06-07 05:37:04,3.76
5442,5739,transport_delay,road_closure,high,2023-02-28 09:29:17,35.71
5443,5739,transport_delay,fuel_shortage,high,2023-02-28 13:23:08,6.83
5444,5740,transport_delay,vehicle_breakdown,medium,2023-12-24 04:24:56,10.94
5445,5740,port_congestion,high_demand,medium,2023-12-24 04:29:33,18.08
5446,5740,transport_delay,road_closure,medium,2023-12-24 20:59:50,20.04
5447,5740,transport_delay,border_delay,medium,2023-12-25 03:25:36,8.18
5448,5741,transport_delay,vehicle_breakdown,medium,2024-05-16 21:21:18,7.97
5449,5744,transport_delay,road_closure,medium,2024-01-18 03:55:52,14.69
5450,5749,weather_disruption,flooding,medium,2023-02-03 10:13:47,13.77
5451,5751,transport_delay,fuel_shortage,medium,2023-09-29 21:24:00,15.69
5452,5752,transport_delay,fuel_shortage,medium,2025-05-29 20:52:32,8.26
5453,5756,weather_disruption,fog,medium,2023-07-03 04:53:24,10.32
5454,5756,weather_disruption,flooding,medium,2023-07-03 17:33:22,9.05
5455,5756,transport_delay,road_closure,medium,2023-07-03 18:07:26,11.01
5456,5757,weather_disruption,fog,medium,2025-06-26 03:28:20,9.01
5457,5759,transport_delay,vehicle_breakdown,medium,2023-06-08 23:09:24,14.34
5458,5759,weather_disruption,blizzard,medium,2023-06-09 03:21:51,6.22
5459,5763,weather_disruption,blizzard,low,2023-12-14 14:27:45,8.85
5460,5763,transport_delay,road_closure,low,2023-12-14 21:34:32,4.54
5461,5765,port_congestion,labor_strike,high,2023-10-13 16:34:20,25.63
5462,5766,port_congestion,inspection_backlog,low,2023-12-02 21:33:50,5.49
5463,5767,port_congestion,labor_strike,high,2024-05-28 02:50:04,35.7
5464,5767,port_congestion,high_demand,high,2024-05-28 16:12:04,36.28
5465,5767,supplier_failure,capacity_shortage,high,2024-05-29 06:10:04,40.91
5466,5767,supplier_failure,production_halt,high,2024-05-30 03:31:17,18.95
5467,5768,supplier_failure,production_halt,medium,2025-04-10 05:53:08,13.79
5468,5770,transport_delay,border_delay,medium,2023-10-19 12:58:27,13.26
5469,5772,transport_delay,road_closure,medium,2024-12-22 23:52:40,50.7
5470,5773,transport_delay,road_closure,low,2023-07-12 04:43:49,9.79
5471,5776,supplier_failure,bankruptcy,high,2025-02-21 12:28:23,34.5
5472,5776,supplier_failure,capacity_shortage,high,2025-02-21 22:41:52,42.5
5473,5776,transport_delay,border_delay,high,2025-02-22 04:08:29,28.04
5474,5776,transport_delay,border_delay,high,2025-02-24 06:40:47,17.54
5475,5776,transport_delay,fuel_shortage,high,2025-02-24 14:35:18,47.25
5476,5778,transport_delay,vehicle_breakdown,high,2025-08-05 04:38:53,19.4
5477,5778,transport_delay,vehicle_breakdown,high,2025-08-05 14:52:19,14.08
5478,5778,transport_delay,border_delay,high,2025-08-08 02:23:06,11.02
5479,5779,transport_delay,vehicle_breakdown,high,2024-07-17 09:10:12,40.94
5480,5779,port_congestion,labor_strike,high,2024-07-17 13:58:36,26.42
5481,5782,port_congestion,inspection_backlog,medium,2025-03-03 00:56:26,9.15
5482,5783,transport_delay,fuel_shortage,high,2023-12-11 07:46:39,25.96
5483,5783,port_congestion,labor_strike,high,2023-12-11 13:26:18,47.47
5484,5783,transport_delay,border_delay,high,2023-12-14 00:50:27,57.69
5485,5783,port_congestion,labor_strike,high,2023-12-14 03:43:44,20.75
5486,5784,port_congestion,high_demand,high,2025-04-28 00:30:47,41.51
5487,5784,supplier_failure,bankruptcy,high,2025-04-28 10:12:27,17.54
5488,5784,port_congestion,inspection_backlog,high,2025-04-28 19:55:44,29.4
5489,5784,weather_disruption,hurricane,high,2025-04-30 21:47:20,30.1
5490,5785,supplier_failure,bankruptcy,medium,2024-01-04 23:22:48,10.74
5491,5785,transport_delay,fuel_shortage,medium,2024-01-05 02:57:01,10.08
5492,5788,transport_delay,border_delay,medium,2024-04-04 16:14:22,32.35
5493,5789,transport_delay,border_delay,high,2023-08-16 03:03:16,111.82
5494,5789,transport_delay,vehicle_breakdown,high,2023-08-16 05:43:15,74.06
5495,5789,transport_delay,border_delay,high,2023-08-17 06:23:15,16.23
5496,5790,port_congestion,high_demand,high,2023-07-24 09:38:54,23.63
5497,5793,supplier_failure,production_halt,low,2023-06-13 01:01:06,2.45
5498,5793,transport_delay,vehicle_breakdown,low,2023-06-13 04:14:40,2.51
5499,5794,port_congestion,labor_strike,low,2024-09-30 09:51:55,3.55
5500,5794,port_congestion,inspection_backlog,low,2024-09-30 19:29:18,4.07
5501,5796,weather_disruption,blizzard,medium,2023-07-01 15:25:57,8.8
5502,5796,weather_disruption,fog,medium,2023-07-02 03:10:39,13.68
5503,5797,transport_delay,border_delay,medium,2024-09-15 15:17:09,14.51
5504,5797,port_congestion,labor_strike,medium,2024-09-15 16:01:59,14.35
5505,5798,port_congestion,inspection_backlog,high,2024-12-29 19:43:56,11.32
5506,5798,port_congestion,high_demand,high,2024-12-31 22:43:22,24.78
5507,5799,supplier_failure,production_halt,high,2023-08-07 17:22:26,22.37
5508,5799,transport_delay,border_delay,high,2023-08-07 21:48:45,30.96
5509,5799,transport_delay,border_delay,high,2023-08-10 03:52:52,28.56
5510,5801,weather_disruption,hurricane,low,2024-03-04 09:30:44,2.88
5511,5801,supplier_failure,capacity_shortage,low,2024-03-04 09:32:48,3.62
5512,5805,transport_delay,vehicle_breakdown,medium,2023-12-22 04:42:59,12.62
5513,5808,port_congestion,inspection_backlog,medium,2023-05-16 11:54:19,18.19
5514,5808,supplier_failure,capacity_shortage,medium,2023-05-17 03:08:52,20.89
5515,5809,port_congestion,labor_strike,low,2023-11-03 01:13:24,6.24
5516,5812,transport_delay,border_delay,low,2024-02-12 00:09:42,7.33
5517,5821,transport_delay,fuel_shortage,medium,2024-12-22 18:01:39,15.86
5518,5822,transport_delay,border_delay,medium,2024-10-30 12:16:14,12.68
5519,5823,supplier_failure,quality_issue,medium,2023-03-16 15:35:27,18.97
5520,5823,port_congestion,labor_strike,medium,2023-03-17 00:50:27,21.46
5521,5824,supplier_failure,bankruptcy,high,2023-05-06 00:35:11,16.76
5522,5824,weather_disruption,blizzard,high,2023-05-06 18:10:50,48.98
5523,5824,transport_delay,vehicle_breakdown,high,2023-05-07 11:20:50,38.32
5524,5824,port_congestion,labor_strike,high,2023-05-10 02:56:31,57.29
5525,5824,transport_delay,vehicle_breakdown,high,2023-05-11 12:43:33,45.99
5526,5825,port_congestion,labor_strike,medium,2025-09-29 17:47:48,7.31
5527,5830,port_congestion,high_demand,low,2024-12-02 11:00:06,6.43
5528,5834,weather_disruption,hurricane,high,2024-03-18 22:42:36,23.18
5529,5834,port_congestion,inspection_backlog,high,2024-03-19 11:22:54,22.76
5530,5835,port_congestion,high_demand,medium,2024-10-15 02:50:37,7.33
5531,5835,port_congestion,equipment_failure,medium,2024-10-15 10:15:49,15.31
5532,5837,transport_delay,road_closure,medium,2024-04-28 04:36:13,17.51
5533,5839,transport_delay,fuel_shortage,medium,2025-07-05 00:47:19,9.33
5534,5840,port_congestion,labor_strike,high,2024-02-29 01:30:01,52.54
5535,5840,port_congestion,high_demand,high,2024-02-29 21:34:48,23.53
5536,5843,weather_disruption,flooding,high,2025-03-31 01:50:10,37.45
5537,5843,weather_disruption,blizzard,high,2025-03-31 04:48:44,5.82
5538,5843,port_congestion,labor_strike,high,2025-03-31 17:59:43,31.04
5539,5843,supplier_failure,capacity_shortage,high,2025-04-02 20:03:56,69.43
5540,5844,transport_delay,road_closure,medium,2025-04-22 01:31:56,6.03
5541,5845,weather_disruption,hurricane,low,2024-04-28 00:14:58,2.16
5542,5845,transport_delay,fuel_shortage,low,2024-04-28 13:40:09,6.25
5543,5848,port_congestion,labor_strike,medium,2025-02-28 01:59:33,5.84
5544,5849,supplier_failure,bankruptcy,medium,2024-06-11 12:49:48,6.99
5545,5849,port_congestion,equipment_failure,medium,2024-06-11 15:56:46,8.28
5546,5849,transport_delay,vehicle_breakdown,medium,2024-06-11 16:59:14,22.2
5547,5850,supplier_failure,bankruptcy,medium,2025-08-20 11:32:23,8.44
5548,5850,weather_disruption,flooding,medium,2025-08-20 16:09:21,7.44
5549,5850,transport_delay,border_delay,medium,2025-08-20 23:42:57,20.53
5550,5850,transport_delay,fuel_shortage,medium,2025-08-21 06:11:10,29.02
5551,5851,port_congestion,equipment_failure,medium,2025-11-04 02:40:10,19.96
5552,5851,weather_disruption,severe_storm,medium,2025-11-04 16:25:48,4.74
5553,5851,weather_disruption,fog,medium,2025-11-05 12:50:20,14.16
5554,5852,transport_delay,fuel_shortage,medium,2024-06-26 00:33:51,13.8
5555,5857,transport_delay,vehicle_breakdown,medium,2024-01-08 06:31:09,14.5
5556,5857,transport_delay,vehicle_breakdown,medium,2024-01-09 05:44:57,28.53
5557,5859,supplier_failure,production_halt,low,2023-12-30 09:15:06,15.81
5558,5862,port_congestion,inspection_backlog,high,2025-02-15 07:29:20,43.64
5559,5863,transport_delay,road_closure,high,2025-08-08 22:37:13,49.18
5560,5863,transport_delay,fuel_shortage,high,2025-08-10 14:47:28,64.21
5561,5864,weather_disruption,severe_storm,medium,2024-08-19 04:03:41,27.08
5562,5864,weather_disruption,flooding,medium,2024-08-20 05:14:20,12.47
5563,5865,transport_delay,road_closure,high,2024-07-18 12:02:32,46.41
5564,5865,supplier_failure,bankruptcy,high,2024-07-19 00:28:57,9.15
5565,5870,port_congestion,equipment_failure,high,2024-05-03 01:07:42,64.22
5566,5870,supplier_failure,capacity_shortage,high,2024-05-03 16:46:56,34.48
5567,5870,transport_delay,vehicle_breakdown,high,2024-05-06 19:43:25,80.15
5568,5872,transport_delay,fuel_shortage,low,2023-03-17 02:53:54,7.29
5569,5872,transport_delay,fuel_shortage,low,2023-03-17 09:05:31,3.13
5570,5874,supplier_failure,capacity_shortage,medium,2024-07-31 16:42:40,3.83
5571,5874,transport_delay,vehicle_breakdown,medium,2024-08-01 12:49:47,5.7
5572,5876,transport_delay,road_closure,low,2024-04-17 04:57:01,3.08
5573,5876,transport_delay,fuel_shortage,low,2024-04-17 06:57:09,2.38
5574,5878,port_congestion,equipment_failure,high,2025-05-06 15:10:46,72.22
5575,5882,transport_delay,fuel_shortage,low,2023-02-28 03:56:04,1.85
5576,5885,port_congestion,labor_strike,high,2024-10-17 07:46:37,76.11
5577,5885,port_congestion,labor_strike,high,2024-10-18 16:36:08,16.82
5578,5885,transport_delay,vehicle_breakdown,high,2024-10-18 23:12:13,15.97
5579,5892,weather_disruption,blizzard,medium,2023-06-22 17:34:52,9.29
5580,5894,weather_disruption,fog,medium,2023-06-18 07:44:17,12.12
5581,5894,weather_disruption,fog,medium,2023-06-18 22:07:07,8.8
5582,5894,weather_disruption,severe_storm,medium,2023-06-19 03:13:45,16.9
5583,5894,supplier_failure,quality_issue,medium,2023-06-19 09:24:52,21.13
5584,5896,supplier_failure,bankruptcy,high,2024-11-13 01:41:22,29.92
5585,5896,port_congestion,inspection_backlog,high,2024-11-13 23:01:56,10.52
5586,5896,port_congestion,labor_strike,high,2024-11-14 04:22:08,23.74
5587,5897,port_congestion,labor_strike,medium,2024-09-02 11:00:50,27.43
5588,5897,transport_delay,fuel_shortage,medium,2024-09-02 17:18:25,10.45
5589,5897,weather_disruption,blizzard,medium,2024-09-03 00:43:35,8.52
5590,5902,supplier_failure,bankruptcy,low,2024-04-12 06:36:59,11.86
5591,5905,transport_delay,road_closure,high,2023-12-06 20:12:40,34.82
5592,5907,transport_delay,road_closure,low,2023-09-07 03:29:35,2.97
5593,5909,supplier_failure,quality_issue,high,2023-04-01 00:18:13,46.41
5594,5910,weather_disruption,severe_storm,medium,2025-01-11 02:13:09,15.66
5595,5912,transport_delay,vehicle_breakdown,medium,2024-05-13 18:21:04,14.45
5596,5917,supplier_failure,quality_issue,medium,2025-01-25 06:09:12,16.24
5597,5917,port_congestion,high_demand,medium,2025-01-26 01:57:49,17.94
5598,5917,port_congestion,inspection_backlog,medium,2025-01-26 04:27:23,9.68
5599,5918,transport_delay,vehicle_breakdown,medium,2025-10-19 13:14:16,3.23
5600,5919,transport_delay,road_closure,high,2025-02-12 04:06:33,17.28
5601,5921,transport_delay,fuel_shortage,medium,2023-12-08 01:04:18,4.71
5602,5922,port_congestion,inspection_backlog,high,2025-07-31 19:35:42,69.11
5603,5922,weather_disruption,blizzard,high,2025-08-04 09:16:04,24.52
5604,5922,transport_delay,fuel_shortage,high,2025-08-09 16:23:35,38.37
5605,5922,port_congestion,inspection_backlog,high,2025-08-11 23:19:56,30.26
5606,5925,transport_delay,border_delay,high,2025-03-19 06:23:53,18.7
5607,5927,weather_disruption,flooding,medium,2023-08-23 12:46:20,24.14
5608,5927,transport_delay,border_delay,medium,2023-08-24 20:50:39,6.31
5609,5929,weather_disruption,severe_storm,medium,2023-08-31 05:08:04,5.21
5610,5931,transport_delay,fuel_shortage,medium,2025-08-21 10:59:54,35.19
5611,5931,transport_delay,fuel_shortage,medium,2025-08-21 13:52:50,23.31
5612,5931,transport_delay,vehicle_breakdown,medium,2025-08-21 15:57:06,7.84
5613,5935,transport_delay,border_delay,medium,2025-02-23 01:37:46,10.06
5614,5935,transport_delay,border_delay,medium,2025-02-23 14:31:42,11.66
5615,5939,port_congestion,high_demand,medium,2024-07-23 21:46:31,14.22
5616,5939,transport_delay,border_delay,medium,2024-07-24 13:17:15,11.71
5617,5939,transport_delay,road_closure,medium,2024-07-24 21:44:07,21.99
5618,5941,port_congestion,high_demand,medium,2023-06-25 03:57:58,9.24
5619,5941,port_congestion,equipment_failure,medium,2023-06-26 22:03:59,48.8
5620,5944,transport_delay,border_delay,medium,2025-11-18 08:32:51,21.35
5621,5946,supplier_failure,quality_issue,low,2025-04-28 09:23:51,8.2
5622,5947,weather_disruption,flooding,high,2023-10-11 16:51:29,45.85
5623,5947,transport_delay,road_closure,high,2023-10-17 05:25:49,17.18
5624,5951,transport_delay,vehicle_breakdown,medium,2023-08-22 19:54:51,6.06
5625,5953,supplier_failure,bankruptcy,medium,2024-10-10 19:30:22,5.8
5626,5953,transport_delay,fuel_shortage,medium,2024-10-11 06:19:01,20.47
5627,5954,transport_delay,border_delay,high,2025-01-12 01:28:09,25.95
5628,5954,weather_disruption,flooding,high,2025-01-23 15:29:21,24.21
5629,5955,supplier_failure,capacity_shortage,high,2025-10-19 21:45:00,16.55
5630,5955,port_congestion,inspection_backlog,high,2025-10-20 21:02:24,18.7
5631,5955,transport_delay,vehicle_breakdown,high,2025-10-23 04:17:54,20.95
5632,5955,port_congestion,high_demand,high,2025-10-23 20:47:17,97.31
5633,5956,transport_delay,border_delay,low,2024-04-27 08:49:17,5.95
5634,5957,port_congestion,labor_strike,low,2023-02-17 04:31:58,3.84
5635,5958,transport_delay,border_delay,high,2023-01-30 15:59:42,27.14
5636,5961,weather_disruption,severe_storm,high,2023-06-02 11:44:01,103.14
5637,5961,supplier_failure,bankruptcy,high,2023-06-02 18:05:34,32.96
5638,5961,weather_disruption,hurricane,high,2023-06-04 20:57:09,41.1
5639,5966,transport_delay,fuel_shortage,medium,2023-06-17 06:29:31,13.09
5640,5966,supplier_failure,bankruptcy,medium,2023-06-18 20:22:51,7.9
5641,5968,transport_delay,fuel_shortage,medium,2023-11-23 15:00:47,1.9
5642,5968,transport_delay,vehicle_breakdown,medium,2023-11-24 07:51:33,4.46
5643,5969,weather_disruption,flooding,medium,2024-06-03 02:52:06,11.86
5644,5970,weather_disruption,hurricane,medium,2024-08-08 01:12:32,9.86
5645,5970,transport_delay,vehicle_breakdown,medium,2024-08-08 23:18:56,15.89
5646,5971,port_congestion,equipment_failure,medium,2025-07-21 15:56:39,10.86
5647,5971,transport_delay,border_delay,medium,2025-07-21 19:48:42,22.62
5648,5972,weather_disruption,flooding,high,2024-09-12 08:11:16,19.06
5649,5973,supplier_failure,bankruptcy,medium,2025-07-12 10:16:25,16.05
5650,5973,weather_disruption,blizzard,medium,2025-07-12 22:26:30,7.74
5651,5974,weather_disruption,fog,medium,2023-04-20 18:12:15,17.07
5652,5976,transport_delay,road_closure,medium,2023-02-09 01:29:22,9.35
5653,5976,supplier_failure,capacity_shortage,medium,2023-02-09 13:27:44,16.48
5654,5976,transport_delay,road_closure,medium,2023-02-10 03:45:12,9.22
5655,5977,transport_delay,road_closure,low,2024-02-24 06:43:40,6.58
5656,5979,port_congestion,high_demand,low,2025-09-24 18:54:41,5.76
5657,5981,weather_disruption,blizzard,high,2024-03-05 09:51:10,32.23
5658,5981,transport_delay,border_delay,high,2024-03-06 12:08:33,33.75
5659,5981,transport_delay,border_delay,high,2024-03-08 14:49:49,19.75
5660,5984,transport_delay,fuel_shortage,medium,2025-07-10 04:51:48,14.36
5661,5987,port_congestion,labor_strike,low,2024-03-09 15:50:51,5.01
5662,5988,port_congestion,inspection_backlog,medium,2024-01-16 08:12:16,11.6
5663,5990,port_congestion,high_demand,medium,2025-09-17 19:47:04,10.65
5664,5991,weather_disruption,fog,high,2024-08-08 03:39:01,24.47
5665,5993,transport_delay,vehicle_breakdown,high,2025-09-15 00:40:22,41.71
5666,5993,transport_delay,fuel_shortage,high,2025-09-15 05:00:26,21.09
5667,5993,port_congestion,high_demand,high,2025-09-15 09:23:32,32.7
5668,5993,transport_delay,border_delay,high,2025-09-16 01:34:20,21.45
5669,5995,port_congestion,labor_strike,medium,2024-10-22 04:14:48,31.2
5670,5995,transport_delay,fuel_shortage,medium,2024-10-23 08:58:56,10.09
5671,5995,transport_delay,border_delay,medium,2024-10-24 08:06:36,5.63
5672,5995,port_congestion,high_demand,medium,2024-10-24 11:55:32,5.35
5673,5998,transport_delay,border_delay,medium,2023-04-27 03:49:56,12.65
5674,5998,port_congestion,high_demand,medium,2023-04-27 12:20:35,19.03
5675,5998,port_congestion,equipment_failure,medium,2023-04-28 00:02:25,19.65
5676,5998,port_congestion,equipment_failure,medium,2023-04-28 12:54:39,21.13
5677,5998,port_congestion,equipment_failure,medium,2023-04-28 13:02:21,13.71
5678,5998,port_congestion,labor_strike,medium,2023-04-28 16:02:39,8.11
5679,5998,transport_delay,road_closure,medium,2023-04-28 18:18:02,13.0
5680,5998,supplier_failure,bankruptcy,medium,2023-04-28 19:45:11,26.7
5681,5999,port_congestion,high_demand,high,2025-06-06 22:53:14,51.03
5682,6000,weather_disruption,severe_storm,low,2024-02-25 03:24:02,6.36
5683,6001,weather_disruption,hurricane,high,2023-08-18 01:21:00,200.0
5684,6002,supplier_failure,quality_issue,medium,2024-01-31 09:52:51,3.89
5685,6002,port_congestion,equipment_failure,medium,2024-01-31 10:25:27,17.7
5686,6003,weather_disruption,fog,medium,2025-01-07 03:06:44,9.07
5687,6006,port_congestion,high_demand,medium,2023-12-28 10:17:22,4.4
5688,6007,transport_delay,road_closure,high,2025-10-28 01:42:25,75.08
5689,6008,transport_delay,border_delay,medium,2024-01-31 03:09:57,9.54
5690,6008,port_congestion,labor_strike,medium,2024-01-31 23:28:46,32.34
5691,6008,port_congestion,high_demand,medium,2024-02-01 18:19:33,7.08
5692,6008,transport_delay,fuel_shortage,medium,2024-02-02 11:34:56,9.4
5693,6010,transport_delay,vehicle_breakdown,medium,2025-10-24 06:43:39,26.36
5694,6010,port_congestion,labor_strike,medium,2025-10-24 11:16:49,9.24
5695,6010,transport_delay,vehicle_breakdown,medium,2025-10-24 13:18:45,8.49
5696,6010,transport_delay,border_delay,medium,2025-10-24 21:20:23,16.11
5697,6011,transport_delay,fuel_shortage,medium,2024-06-15 04:55:44,7.97
5698,6011,transport_delay,vehicle_breakdown,medium,2024-06-17 03:08:26,23.98
5699,6014,transport_delay,vehicle_breakdown,high,2025-07-06 11:52:34,77.25
5700,6015,transport_delay,road_closure,medium,2025-09-01 00:01:04,10.87
5701,6015,transport_delay,vehicle_breakdown,medium,2025-09-01 01:14:43,27.9
5702,6017,port_congestion,inspection_backlog,high,2025-04-16 08:57:58,26.95
5703,6017,transport_delay,fuel_shortage,high,2025-04-17 03:18:10,125.0
5704,6017,port_congestion,labor_strike,high,2025-04-18 05:33:39,40.42
5705,6018,transport_delay,fuel_shortage,high,2023-01-07 13:19:50,33.66
5706,6018,port_congestion,high_demand,high,2023-01-08 13:48:58,16.67
5707,6019,transport_delay,fuel_shortage,medium,2025-03-29 17:49:55,6.51
5708,6021,transport_delay,border_delay,medium,2024-12-18 05:13:38,7.0
5709,6022,port_congestion,labor_strike,medium,2023-07-07 03:59:14,53.13
5710,6027,transport_delay,border_delay,low,2025-05-28 06:15:50,2.74
5711,6028,port_congestion,equipment_failure,medium,2025-08-04 15:01:07,6.12
5712,6028,transport_delay,road_closure,medium,2025-08-06 14:14:12,8.39
5713,6035,transport_delay,road_closure,high,2023-12-15 18:52:18,88.61
5714,6035,port_congestion,labor_strike,high,2023-12-16 17:12:46,34.43
5715,6038,transport_delay,border_delay,medium,2024-05-10 16:15:05,17.79
5716,6044,transport_delay,road_closure,high,2023-03-31 02:47:30,27.92
5717,6044,supplier_failure,capacity_shortage,high,2023-04-01 21:58:42,14.72
5718,6044,supplier_failure,bankruptcy,high,2023-04-02 11:33:22,42.2
5719,6044,transport_delay,fuel_shortage,high,2023-04-04 07:39:42,22.32
5720,6045,supplier_failure,quality_issue,medium,2024-02-29 08:58:41,10.3
5721,6045,supplier_failure,quality_issue,medium,2024-02-29 17:02:48,26.51
5722,6051,transport_delay,border_delay,medium,2023-04-15 13:26:35,4.85
5723,6052,supplier_failure,bankruptcy,medium,2025-05-31 05:40:28,21.04
5724,6057,port_congestion,equipment_failure,high,2023-02-14 18:12:49,68.46
5725,6057,port_congestion,equipment_failure,high,2023-02-17 06:38:22,9.3
5726,6057,transport_delay,fuel_shortage,high,2023-02-18 07:38:04,19.37
5727,6060,port_congestion,labor_strike,low,2024-10-25 09:24:16,4.56
5728,6061,port_congestion,equipment_failure,medium,2023-04-19 03:23:44,12.99
5729,6061,supplier_failure,quality_issue,medium,2023-04-19 17:47:40,15.62
5730,6062,weather_disruption,blizzard,low,2025-05-20 06:43:09,2.82
5731,6062,weather_disruption,fog,low,2025-05-20 07:05:31,3.89
5732,6062,weather_disruption,flooding,low,2025-05-20 09:56:30,2.36
5733,6062,port_congestion,inspection_backlog,low,2025-05-20 12:58:30,5.15
5734,6063,transport_delay,fuel_shortage,medium,2025-08-17 04:29:05,26.98
5735,6063,weather_disruption,hurricane,medium,2025-08-17 08:45:23,4.28
5736,6067,port_congestion,labor_strike,low,2025-06-01 17:49:52,3.65
5737,6071,transport_delay,border_delay,high,2025-03-02 16:35:19,60.69
5738,6071,weather_disruption,flooding,high,2025-03-03 12:11:26,77.19
5739,6075,supplier_failure,bankruptcy,high,2024-01-06 01:20:39,25.86
5740,6081,weather_disruption,flooding,medium,2023-01-05 09:23:19,31.59
5741,6083,port_congestion,inspection_backlog,medium,2025-02-04 20:15:08,7.69
5742,6085,port_congestion,equipment_failure,high,2024-07-21 03:52:47,25.29
5743,6085,transport_delay,border_delay,high,2024-07-25 04:22:25,34.3
5744,6085,weather_disruption,severe_storm,high,2024-07-26 15:23:57,60.06
5745,6087,port_congestion,inspection_backlog,medium,2024-10-23 13:42:44,11.48
5746,6090,weather_disruption,severe_storm,medium,2025-11-05 18:10:41,3.14
5747,6092,transport_delay,vehicle_breakdown,high,2023-06-08 22:09:41,21.02
5748,6092,port_congestion,high_demand,high,2023-06-11 09:25:00,19.88
5749,6095,transport_delay,road_closure,high,2025-08-14 21:28:15,30.29
5750,6095,transport_delay,road_closure,high,2025-08-15 04:30:03,31.85
5751,6095,transport_delay,road_closure,high,2025-08-16 19:37:42,20.36
5752,6095,transport_delay,border_delay,high,2025-08-17 01:33:35,62.55
5753,6095,transport_delay,fuel_shortage,high,2025-08-18 20:25:30,45.59
5754,6095,transport_delay,road_closure,high,2025-08-19 02:15:09,27.55
5755,6098,supplier_failure,bankruptcy,low,2025-10-26 11:10:06,5.48
5756,6099,supplier_failure,capacity_shortage,medium,2025-10-03 13:41:22,7.35
5757,6103,port_congestion,inspection_backlog,high,2024-04-20 20:27:36,39.84
5758,6103,supplier_failure,production_halt,high,2024-04-21 20:54:06,20.71
5759,6103,weather_disruption,severe_storm,high,2024-04-21 22:43:21,16.45
5760,6103,transport_delay,fuel_shortage,high,2024-04-22 02:30:22,19.12
5761,6103,port_congestion,high_demand,high,2024-04-22 04:29:45,33.81
5762,6103,port_congestion,equipment_failure,high,2024-04-22 14:04:06,35.67
5763,6103,weather_disruption,fog,high,2024-04-22 15:38:22,28.27
5764,6104,transport_delay,vehicle_breakdown,medium,2023-08-08 16:59:27,8.73
5765,6104,supplier_failure,capacity_shortage,medium,2023-08-09 07:52:13,19.77
5766,6104,transport_delay,fuel_shortage,medium,2023-08-10 06:26:15,12.74
5767,6105,port_congestion,high_demand,medium,2025-01-18 20:55:48,13.54
5768,6106,supplier_failure,bankruptcy,low,2024-07-20 14:59:07,8.23
5769,6107,weather_disruption,hurricane,medium,2023-06-12 12:27:31,18.4
5770,6110,supplier_failure,bankruptcy,medium,2025-05-28 04:22:45,22.1
5771,6110,supplier_failure,capacity_shortage,medium,2025-05-28 19:49:43,6.24
5772,6110,weather_disruption,severe_storm,medium,2025-05-29 08:23:10,23.43
5773,6113,transport_delay,border_delay,high,2023-08-30 19:46:46,62.29
5774,6113,supplier_failure,bankruptcy,high,2023-08-31 02:36:48,10.05
5775,6115,port_congestion,labor_strike,medium,2023-01-31 08:32:39,7.68
5776,6116,transport_delay,border_delay,medium,2023-05-26 05:10:50,8.69
5777,6118,port_congestion,high_demand,medium,2025-03-30 10:07:49,11.73
5778,6119,transport_delay,border_delay,high,2025-08-08 10:56:57,52.33
5779,6119,supplier_failure,bankruptcy,high,2025-08-09 07:14:47,32.74
5780,6119,port_congestion,inspection_backlog,high,2025-08-10 03:19:28,20.67
5781,6119,transport_delay,border_delay,high,2025-08-10 18:39:36,63.84
5782,6120,transport_delay,road_closure,high,2025-08-12 02:05:46,40.23
5783,6120,weather_disruption,severe_storm,high,2025-08-12 16:18:38,22.91
5784,6120,port_congestion,high_demand,high,2025-08-13 19:16:18,53.99
5785,6123,transport_delay,fuel_shortage,high,2023-08-15 02:39:07,25.67
5786,6123,port_congestion,inspection_backlog,high,2023-08-16 21:41:19,49.41
5787,6123,transport_delay,vehicle_breakdown,high,2023-08-16 22:34:51,28.94
5788,6123,port_congestion,equipment_failure,high,2023-08-17 05:28:19,25.64
5789,6125,transport_delay,road_closure,medium,2025-08-07 15:28:11,7.12
5790,6127,weather_disruption,severe_storm,medium,2025-10-09 14:14:23,14.1
5791,6131,supplier_failure,bankruptcy,medium,2024-05-01 04:19:05,6.47
5792,6132,supplier_failure,production_halt,high,2024-10-23 20:36:00,15.39
5793,6132,transport_delay,road_closure,high,2024-10-24 23:04:44,24.29
5794,6132,port_congestion,high_demand,high,2024-10-26 08:39:21,49.36
5795,6134,transport_delay,border_delay,high,2023-06-15 05:00:29,23.52
5796,6134,transport_delay,fuel_shortage,high,2023-06-15 12:27:20,58.99
5797,6137,supplier_failure,production_halt,medium,2024-04-14 12:33:06,3.48
5798,6137,transport_delay,fuel_shortage,medium,2024-04-15 19:28:24,5.6
5799,6138,weather_disruption,fog,medium,2025-02-12 02:35:12,5.77
5800,6139,weather_disruption,flooding,low,2023-06-02 06:55:48,2.23
5801,6139,transport_delay,vehicle_breakdown,low,2023-06-02 08:24:46,2.04
5802,6141,transport_delay,road_closure,low,2025-09-30 13:20:56,3.93
5803,6144,transport_delay,vehicle_breakdown,high,2023-05-17 12:45:10,33.88
5804,6147,transport_delay,vehicle_breakdown,medium,2023-06-11 01:45:32,12.74
5805,6148,port_congestion,equipment_failure,high,2023-07-03 03:21:51,20.48
5806,6148,weather_disruption,hurricane,high,2023-07-06 09:13:08,32.98
5807,6148,transport_delay,road_closure,high,2023-07-10 02:27:08,74.45
5808,6150,port_congestion,high_demand,medium,2025-11-17 02:53:50,14.72
5809,6151,weather_disruption,flooding,high,2025-09-17 00:46:29,40.57
5810,6151,weather_disruption,fog,high,2025-09-17 07:17:45,36.13
5811,6151,port_congestion,labor_strike,high,2025-09-18 00:34:51,9.73
5812,6151,transport_delay,border_delay,high,2025-09-18 03:09:31,98.14
5813,6152,transport_delay,border_delay,low,2024-02-06 06:40:21,2.67
5814,6155,port_congestion,inspection_backlog,medium,2025-04-06 04:24:31,8.78
5815,6155,supplier_failure,capacity_shortage,medium,2025-04-06 08:04:29,11.16
5816,6157,weather_disruption,fog,low,2025-06-02 18:26:34,5.87
5817,6159,transport_delay,fuel_shortage,medium,2023-11-25 02:40:40,11.77
5818,6159,port_congestion,equipment_failure,medium,2023-11-26 12:40:02,3.07
5819,6159,transport_delay,border_delay,medium,2023-11-26 19:36:35,16.16
5820,6160,transport_delay,border_delay,medium,2023-01-09 22:14:32,12.63
5821,6163,port_congestion,equipment_failure,low,2025-02-24 00:50:05,3.29
5822,6165,transport_delay,vehicle_breakdown,medium,2023-07-20 03:57:52,7.61
5823,6165,port_congestion,inspection_backlog,medium,2023-07-22 00:33:13,15.47
5824,6165,weather_disruption,flooding,medium,2023-07-22 11:56:03,8.16
5825,6170,transport_delay,border_delay,low,2024-10-17 01:42:02,3.77
5826,6171,transport_delay,vehicle_breakdown,high,2024-11-01 06:36:41,24.59
5827,6171,port_congestion,equipment_failure,high,2024-11-02 13:25:40,53.22
5828,6171,transport_delay,border_delay,high,2024-11-02 18:44:49,32.76
5829,6171,transport_delay,border_delay,high,2024-11-03 10:50:36,78.64
5830,6171,transport_delay,vehicle_breakdown,high,2024-11-03 19:46:33,18.35
5831,6172,transport_delay,vehicle_breakdown,high,2025-04-14 18:16:47,21.3
5832,6174,port_congestion,high_demand,medium,2025-05-01 19:13:24,7.39
5833,6175,transport_delay,vehicle_breakdown,medium,2023-09-06 04:20:26,6.5
5834,6176,port_congestion,high_demand,high,2024-07-11 22:57:12,44.26
5835,6178,transport_delay,vehicle_breakdown,high,2023-03-21 16:55:23,32.7
5836,6178,port_congestion,inspection_backlog,high,2023-03-21 18:11:00,37.38
5837,6178,transport_delay,fuel_shortage,high,2023-03-21 22:32:10,48.0
5838,6181,transport_delay,road_closure,high,2023-06-23 04:41:36,107.6
5839,6183,weather_disruption,hurricane,medium,2023-10-30 08:17:10,9.6
5840,6183,transport_delay,border_delay,medium,2023-10-31 09:40:22,8.36
5841,6187,port_congestion,equipment_failure,medium,2025-07-23 02:35:09,7.31
5842,6187,weather_disruption,hurricane,medium,2025-07-24 17:05:28,16.42
5843,6189,transport_delay,fuel_shortage,medium,2023-12-08 07:00:10,3.5
5844,6189,transport_delay,fuel_shortage,medium,2023-12-08 09:38:42,8.69
5845,6189,weather_disruption,fog,medium,2023-12-08 13:30:49,11.54
5846,6190,port_congestion,labor_strike,medium,2023-01-02 02:30:43,21.85
5847,6190,supplier_failure,quality_issue,medium,2023-01-03 03:49:24,14.7
5848,6190,transport_delay,fuel_shortage,medium,2023-01-03 14:52:48,24.73
5849,6190,supplier_failure,bankruptcy,medium,2023-01-04 05:20:36,16.04
5850,6193,transport_delay,vehicle_breakdown,medium,2025-11-06 12:07:55,9.63
5851,6196,transport_delay,fuel_shortage,medium,2025-01-15 07:57:31,15.2
5852,6196,port_congestion,equipment_failure,medium,2025-01-15 16:10:54,7.07
5853,6196,transport_delay,road_closure,medium,2025-01-15 21:46:49,17.49
5854,6197,weather_disruption,fog,low,2024-11-11 08:18:15,14.48
5855,6202,weather_disruption,hurricane,high,2023-07-18 18:48:14,30.19
5856,6202,weather_disruption,fog,high,2023-07-20 23:12:56,21.6
5857,6203,transport_delay,fuel_shortage,high,2025-11-26 20:53:15,34.82
5858,6205,port_congestion,high_demand,medium,2023-12-12 19:54:38,6.58
5859,6206,transport_delay,border_delay,medium,2023-08-27 17:28:57,18.09
5860,6207,transport_delay,vehicle_breakdown,high,2024-04-17 13:22:46,67.09
5861,6207,weather_disruption,fog,high,2024-04-18 02:57:34,19.63
5862,6207,transport_delay,road_closure,high,2024-04-19 21:51:15,33.63
5863,6207,transport_delay,border_delay,high,2024-04-20 15:22:21,26.33
5864,6208,port_congestion,labor_strike,medium,2025-06-24 04:28:45,8.63
5865,6209,transport_delay,fuel_shortage,medium,2023-09-13 14:09:58,5.19
5866,6214,supplier_failure,capacity_shortage,medium,2024-02-05 06:41:36,4.76
5867,6215,transport_delay,vehicle_breakdown,medium,2025-01-08 06:01:26,12.98
5868,6215,port_congestion,high_demand,medium,2025-01-09 06:00:37,6.25
5869,6218,weather_disruption,hurricane,medium,2024-04-30 04:41:50,14.92
5870,6218,transport_delay,border_delay,medium,2024-04-30 09:37:48,22.35
5871,6220,transport_delay,fuel_shortage,high,2023-10-31 07:29:51,7.61
5872,6222,supplier_failure,capacity_shortage,medium,2024-06-14 08:36:31,21.25
5873,6223,transport_delay,border_delay,high,2025-05-19 08:27:59,19.22
5874,6223,transport_delay,border_delay,high,2025-05-19 14:04:06,49.17
5875,6223,transport_delay,fuel_shortage,high,2025-05-25 05:06:54,29.09
5876,6223,transport_delay,fuel_shortage,high,2025-05-27 03:07:17,38.09
5877,6223,transport_delay,fuel_shortage,high,2025-05-27 18:04:29,44.13
5878,6224,port_congestion,inspection_backlog,medium,2024-02-22 23:11:40,16.27
5879,6224,port_congestion,labor_strike,medium,2024-02-23 15:14:35,6.9
5880,6226,transport_delay,fuel_shortage,high,2023-08-20 18:08:02,22.16
5881,6227,transport_delay,road_closure,medium,2025-11-28 13:15:51,5.97
5882,6228,weather_disruption,blizzard,low,2025-07-28 09:23:44,4.87
5883,6228,weather_disruption,flooding,low,2025-07-28 14:14:13,4.2
5884,6229,supplier_failure,bankruptcy,high,2024-06-05 16:34:40,38.23
5885,6231,transport_delay,border_delay,medium,2023-05-08 12:28:42,13.24
5886,6232,transport_delay,vehicle_breakdown,medium,2023-03-09 07:13:32,29.45
5887,6232,port_congestion,equipment_failure,medium,2023-03-09 21:04:54,5.27
5888,6234,port_congestion,high_demand,high,2023-07-10 00:26:47,27.42
5889,6234,transport_delay,border_delay,high,2023-07-10 06:34:29,42.03
5890,6234,transport_delay,border_delay,high,2023-07-10 19:06:23,14.18
5891,6235,port_congestion,inspection_backlog,medium,2023-05-20 13:44:50,13.88
5892,6235,weather_disruption,blizzard,medium,2023-05-20 20:28:54,5.48
5893,6236,transport_delay,vehicle_breakdown,medium,2024-05-31 17:17:23,13.49
5894,6238,port_congestion,high_demand,low,2023-11-09 00:35:53,3.98
5895,6238,port_congestion,labor_strike,low,2023-11-09 02:21:08,2.64
5896,6238,transport_delay,border_delay,low,2023-11-09 07:22:29,5.07
5897,6239,transport_delay,border_delay,medium,2024-12-08 02:22:25,8.94
5898,6239,supplier_failure,quality_issue,medium,2024-12-09 13:46:21,6.83
5899,6240,port_congestion,labor_strike,medium,2025-11-08 17:11:49,18.01
5900,6241,port_congestion,equipment_failure,high,2024-06-03 10:24:49,8.17
5901,6241,port_congestion,equipment_failure,high,2024-06-03 22:15:53,36.28
5902,6243,port_congestion,inspection_backlog,medium,2024-08-19 13:32:44,48.2
5903,6243,port_congestion,labor_strike,medium,2024-08-21 00:25:22,14.55
5904,6245,transport_delay,road_closure,medium,2023-12-19 02:27:32,13.55
5905,6252,port_congestion,equipment_failure,medium,2025-11-11 12:27:45,21.58
5906,6252,transport_delay,vehicle_breakdown,medium,2025-11-12 15:41:02,6.34
5907,6253,weather_disruption,flooding,high,2024-08-06 22:46:26,15.91
5908,6254,transport_delay,border_delay,high,2024-12-09 17:42:40,35.74
5909,6254,port_congestion,equipment_failure,high,2024-12-09 23:50:21,76.63
5910,6254,weather_disruption,flooding,high,2024-12-14 00:33:13,39.21
5911,6255,port_congestion,inspection_backlog,medium,2023-01-24 06:57:54,22.41
5912,6257,transport_delay,fuel_shortage,medium,2025-09-01 06:00:43,16.47
5913,6257,weather_disruption,severe_storm,medium,2025-09-01 14:37:24,13.27
5914,6257,supplier_failure,quality_issue,medium,2025-09-02 16:26:54,17.25
5915,6257,transport_delay,vehicle_breakdown,medium,2025-09-03 11:52:49,14.24
5916,6259,transport_delay,road_closure,low,2025-02-14 12:45:11,3.51
5917,6261,transport_delay,vehicle_breakdown,high,2025-03-27 22:20:19,19.9
5918,6261,transport_delay,vehicle_breakdown,high,2025-03-28 18:03:14,76.7
5919,6261,transport_delay,vehicle_breakdown,high,2025-03-28 19:59:03,67.63
5920,6261,transport_delay,border_delay,high,2025-03-29 06:51:31,42.65
5921,6261,weather_disruption,severe_storm,high,2025-03-31 11:25:36,13.77
5922,6261,port_congestion,inspection_backlog,high,2025-03-31 13:01:51,43.1
5923,6261,weather_disruption,fog,high,2025-03-31 18:27:08,98.53
5924,6262,port_congestion,equipment_failure,medium,2023-05-04 09:03:31,7.33
5925,6264,transport_delay,road_closure,medium,2025-03-29 19:40:15,10.01
5926,6266,transport_delay,road_closure,medium,2023-05-19 06:23:16,12.66
5927,6266,port_congestion,high_demand,medium,2023-05-20 10:40:54,42.65
5928,6267,weather_disruption,flooding,medium,2024-08-15 14:26:46,31.63
5929,6268,transport_delay,road_closure,medium,2025-02-06 12:17:23,25.45
5930,6269,transport_delay,border_delay,medium,2023-01-17 07:06:43,7.34
5931,6269,transport_delay,border_delay,medium,2023-01-17 19:06:58,10.18
5932,6269,port_congestion,labor_strike,medium,2023-01-18 15:43:09,10.95
5933,6270,weather_disruption,blizzard,low,2025-06-28 01:57:32,5.74
5934,6270,supplier_failure,capacity_shortage,low,2025-06-28 02:59:09,4.96
5935,6273,port_congestion,labor_strike,low,2024-02-14 06:33:03,6.14
5936,6274,port_congestion,equipment_failure,medium,2024-09-28 01:08:34,10.85
5937,6274,weather_disruption,hurricane,medium,2024-09-29 05:38:42,7.18
5938,6276,transport_delay,road_closure,low,2024-05-22 05:33:34,7.06
5939,6277,weather_disruption,hurricane,high,2024-01-04 11:45:04,13.47
5940,6277,weather_disruption,flooding,high,2024-01-05 02:19:06,59.03
5941,6277,supplier_failure,bankruptcy,high,2024-01-05 10:22:26,16.39
5942,6277,port_congestion,labor_strike,high,2024-01-06 08:11:53,35.79
5943,6280,supplier_failure,quality_issue,medium,2024-11-01 21:06:26,11.76
5944,6282,port_congestion,labor_strike,medium,2025-04-06 03:23:40,27.83
5945,6282,port_congestion,high_demand,medium,2025-04-06 21:34:05,12.57
5946,6283,port_congestion,inspection_backlog,medium,2025-07-11 15:37:49,26.92
5947,6285,transport_delay,fuel_shortage,high,2025-05-14 08:11:26,42.45
5948,6285,supplier_failure,production_halt,high,2025-05-14 16:46:08,26.93
5949,6285,port_congestion,equipment_failure,high,2025-05-15 08:45:16,32.07
5950,6285,transport_delay,border_delay,high,2025-05-16 21:22:45,28.21
5951,6289,port_congestion,labor_strike,high,2025-05-12 03:17:28,54.77
5952,6290,supplier_failure,production_halt,medium,2024-08-10 15:05:42,10.74
5953,6292,transport_delay,vehicle_breakdown,high,2025-07-08 21:31:45,35.84
5954,6292,transport_delay,road_closure,high,2025-07-11 03:40:24,32.01
5955,6294,transport_delay,vehicle_breakdown,low,2025-06-18 04:45:45,7.31
5956,6295,weather_disruption,fog,medium,2023-06-24 10:47:08,8.96
5957,6295,transport_delay,road_closure,medium,2023-06-25 18:41:51,11.76
5958,6295,weather_disruption,severe_storm,medium,2023-06-25 20:45:09,8.13
5959,6295,transport_delay,vehicle_breakdown,medium,2023-06-26 00:35:34,13.73
5960,6297,port_congestion,labor_strike,low,2024-12-17 05:15:46,3.74
5961,6298,supplier_failure,capacity_shortage,high,2023-04-20 10:22:38,25.83
5962,6298,transport_delay,road_closure,high,2023-04-20 12:04:52,21.81
5963,6298,transport_delay,road_closure,high,2023-04-21 05:21:46,12.58
5964,6300,weather_disruption,blizzard,medium,2023-03-17 09:51:18,19.66
5965,6300,transport_delay,vehicle_breakdown,medium,2023-03-18 04:42:02,33.54
5966,6301,port_congestion,inspection_backlog,low,2025-01-02 04:57:05,3.33
5967,6303,port_congestion,inspection_backlog,medium,2024-10-12 00:25:08,10.38
5968,6304,weather_disruption,severe_storm,medium,2025-11-07 03:19:53,6.26
5969,6305,port_congestion,inspection_backlog,medium,2024-04-15 22:07:32,8.1
5970,6307,transport_delay,road_closure,low,2023-12-22 08:26:49,2.61
5971,6308,transport_delay,border_delay,medium,2025-07-18 15:48:04,17.49
5972,6308,port_congestion,high_demand,medium,2025-07-19 11:56:25,23.8
5973,6309,port_congestion,high_demand,medium,2024-11-04 01:27:42,5.54
5974,6309,transport_delay,border_delay,medium,2024-11-06 11:41:04,3.68
5975,6311,transport_delay,border_delay,medium,2024-09-25 00:08:29,15.06
5976,6311,port_congestion,inspection_backlog,medium,2024-09-26 01:33:30,8.23
5977,6312,transport_delay,vehicle_breakdown,medium,2023-07-10 14:08:38,18.7
5978,6313,weather_disruption,severe_storm,medium,2025-05-24 01:09:21,31.44
5979,6313,weather_disruption,fog,medium,2025-05-24 08:52:10,9.22
5980,6315,transport_delay,vehicle_breakdown,medium,2023-05-08 15:37:23,13.87
5981,6317,port_congestion,labor_strike,medium,2023-04-10 20:29:24,9.37
5982,6319,transport_delay,border_delay,high,2025-05-05 15:43:11,43.41
5983,6319,weather_disruption,severe_storm,high,2025-05-09 11:29:46,32.64
5984,6319,weather_disruption,flooding,high,2025-05-11 03:34:35,50.54
5985,6323,supplier_failure,quality_issue,low,2025-10-03 06:29:38,12.76
5986,6329,weather_disruption,fog,medium,2024-11-15 05:06:50,12.52
5987,6331,weather_disruption,blizzard,high,2024-12-11 01:59:33,59.93
5988,6338,transport_delay,vehicle_breakdown,high,2024-04-21 20:32:45,30.54
5989,6341,transport_delay,border_delay,high,2023-07-14 01:22:58,105.63
5990,6341,weather_disruption,blizzard,high,2023-07-14 07:05:32,27.61
5991,6341,transport_delay,vehicle_breakdown,high,2023-07-16 00:19:57,21.51
5992,6345,port_congestion,labor_strike,low,2023-03-27 09:34:01,3.05
5993,6346,transport_delay,fuel_shortage,high,2024-08-28 03:57:17,32.23
5994,6346,transport_delay,border_delay,high,2024-08-28 10:42:51,24.51
5995,6348,transport_delay,vehicle_breakdown,medium,2023-03-24 12:59:49,9.78
5996,6351,weather_disruption,severe_storm,medium,2023-02-08 01:15:37,55.92
5997,6351,transport_delay,fuel_shortage,medium,2023-02-09 20:35:27,19.21
5998,6351,weather_disruption,flooding,medium,2023-02-10 03:08:07,3.1
5999,6353,supplier_failure,quality_issue,medium,2024-02-25 04:36:05,17.23
6000,6353,transport_delay,road_closure,medium,2024-02-25 20:41:47,4.31
6001,6356,port_congestion,inspection_backlog,medium,2025-06-09 19:20:38,6.02
6002,6357,supplier_failure,quality_issue,medium,2023-02-28 02:29:52,18.47
6003,6357,supplier_failure,production_halt,medium,2023-02-28 10:33:23,14.05
6004,6358,transport_delay,road_closure,medium,2025-04-24 02:57:23,8.46
6005,6362,weather_disruption,fog,medium,2024-09-16 03:32:44,16.3
6006,6362,weather_disruption,hurricane,medium,2024-09-16 14:57:46,11.11
6007,6364,weather_disruption,severe_storm,high,2024-09-08 13:17:01,24.42
6008,6365,transport_delay,road_closure,medium,2025-05-04 12:49:48,14.44
6009,6365,transport_delay,road_closure,medium,2025-05-04 14:16:06,10.55
6010,6365,port_congestion,labor_strike,medium,2025-05-04 16:38:03,8.56
6011,6365,supplier_failure,production_halt,medium,2025-05-05 05:20:06,8.33
6012,6367,transport_delay,fuel_shortage,medium,2023-08-06 20:24:57,5.21
6013,6369,transport_delay,road_closure,medium,2023-01-08 00:35:48,18.02
6014,6370,weather_disruption,severe_storm,low,2023-06-10 09:35:38,3.36
6015,6371,transport_delay,fuel_shortage,medium,2024-03-22 01:53:50,27.01
6016,6371,transport_delay,vehicle_breakdown,medium,2024-03-22 12:26:47,24.79
6017,6372,transport_delay,fuel_shortage,medium,2023-04-11 20:29:02,17.57
6018,6372,port_congestion,equipment_failure,medium,2023-04-11 22:18:58,8.45
6019,6373,port_congestion,labor_strike,low,2024-08-04 02:39:55,11.39
6020,6376,port_congestion,labor_strike,high,2025-07-13 21:54:58,48.47
6021,6377,transport_delay,fuel_shortage,low,2023-06-16 01:26:17,3.04
6022,6379,port_congestion,labor_strike,medium,2025-09-08 09:16:45,36.11
6023,6380,supplier_failure,quality_issue,high,2023-06-29 05:49:12,36.32
6024,6380,transport_delay,fuel_shortage,high,2023-06-30 16:07:01,11.12
6025,6381,transport_delay,vehicle_breakdown,low,2024-07-06 11:20:46,5.15
6026,6382,transport_delay,vehicle_breakdown,medium,2023-01-09 20:53:33,25.19
6027,6382,transport_delay,border_delay,medium,2023-01-10 10:14:25,8.21
6028,6383,supplier_failure,quality_issue,low,2023-07-28 11:11:37,5.65
6029,6385,transport_delay,road_closure,medium,2025-09-15 22:36:42,7.22
6030,6385,transport_delay,vehicle_breakdown,medium,2025-09-16 05:43:48,9.32
6031,6386,transport_delay,road_closure,medium,2025-01-27 06:10:13,9.52
6032,6387,port_congestion,inspection_backlog,medium,2023-05-11 03:47:23,30.56
6033,6387,transport_delay,border_delay,medium,2023-05-11 06:05:43,14.93
6034,6387,transport_delay,border_delay,medium,2023-05-11 17:32:25,9.71
6035,6387,transport_delay,vehicle_breakdown,medium,2023-05-12 02:33:21,9.7
6036,6389,port_congestion,inspection_backlog,high,2024-08-30 08:11:13,40.33
6037,6389,port_congestion,high_demand,high,2024-08-30 16:55:35,17.33
6038,6389,weather_disruption,hurricane,high,2024-09-01 00:22:22,45.48
6039,6389,weather_disruption,blizzard,high,2024-09-01 11:29:34,53.63
6040,6392,supplier_failure,quality_issue,medium,2023-02-05 13:13:12,29.61
6041,6395,port_congestion,high_demand,medium,2024-01-08 16:50:26,18.61
6042,6396,port_congestion,high_demand,high,2023-07-06 19:30:16,14.43
6043,6397,supplier_failure,production_halt,high,2023-01-18 12:40:23,46.15
6044,6397,transport_delay,fuel_shortage,high,2023-01-19 11:57:32,55.59
6045,6398,transport_delay,fuel_shortage,high,2023-12-14 01:55:51,34.52
6046,6398,port_congestion,inspection_backlog,high,2023-12-14 03:51:45,38.37
6047,6398,weather_disruption,blizzard,high,2023-12-15 12:05:01,37.33
6048,6399,supplier_failure,quality_issue,high,2025-07-16 03:17:28,22.63
6049,6399,transport_delay,vehicle_breakdown,high,2025-07-17 16:10:53,50.26
6050,6401,port_congestion,inspection_backlog,high,2025-01-08 12:04:55,24.27
6051,6408,transport_delay,fuel_shortage,low,2023-10-10 00:58:59,2.2
6052,6409,supplier_failure,bankruptcy,medium,2024-06-28 06:50:58,18.7
6053,6409,port_congestion,equipment_failure,medium,2024-06-28 15:12:59,16.22
6054,6410,port_congestion,inspection_backlog,medium,2025-04-24 05:50:05,6.14
6055,6410,port_congestion,inspection_backlog,medium,2025-04-24 15:07:38,5.28
6056,6410,port_congestion,equipment_failure,medium,2025-04-24 16:37:48,6.51
6057,6414,transport_delay,vehicle_breakdown,medium,2023-09-21 14:30:58,20.06
6058,6416,port_congestion,labor_strike,medium,2024-12-14 04:50:02,19.73
6059,6417,weather_disruption,flooding,low,2025-05-13 12:21:31,13.2
6060,6418,port_congestion,inspection_backlog,medium,2023-08-17 13:11:32,8.67
6061,6418,transport_delay,border_delay,medium,2023-08-17 20:46:44,13.43
6062,6418,supplier_failure,production_halt,medium,2023-08-17 21:47:03,14.69
6063,6420,weather_disruption,fog,high,2025-06-04 23:08:03,25.8
6064,6420,weather_disruption,hurricane,high,2025-06-06 06:43:33,28.05
6065,6421,port_congestion,high_demand,high,2023-06-21 04:52:49,33.13
6066,6421,weather_disruption,severe_storm,high,2023-06-23 03:01:22,10.86
6067,6421,transport_delay,fuel_shortage,high,2023-06-23 19:58:00,67.09
6068,6423,port_congestion,equipment_failure,medium,2024-06-15 09:15:08,20.34
6069,6425,supplier_failure,quality_issue,medium,2024-09-26 16:20:38,16.92
6070,6426,weather_disruption,flooding,medium,2024-05-14 09:51:33,9.31
6071,6427,port_congestion,high_demand,medium,2025-02-03 03:50:49,26.05
6072,6429,supplier_failure,bankruptcy,medium,2025-08-15 23:30:07,12.08
6073,6430,port_congestion,high_demand,low,2025-01-24 08:33:31,5.07
6074,6433,weather_disruption,fog,low,2025-02-27 17:41:21,4.66
6075,6436,weather_disruption,fog,high,2025-11-12 03:01:20,18.8
6076,6437,transport_delay,road_closure,medium,2023-09-02 15:17:10,5.02
6077,6437,transport_delay,road_closure,medium,2023-09-03 01:29:14,22.5
6078,6437,transport_delay,vehicle_breakdown,medium,2023-09-03 14:09:44,22.03
6079,6438,weather_disruption,flooding,medium,2023-09-05 08:21:31,7.73
6080,6439,transport_delay,vehicle_breakdown,high,2023-07-24 18:12:30,25.04
6081,6440,transport_delay,border_delay,medium,2023-06-26 05:22:49,6.72
6082,6441,weather_disruption,fog,medium,2023-10-25 22:13:24,12.14
6083,6443,port_congestion,inspection_backlog,high,2025-03-09 01:07:10,59.15
6084,6443,weather_disruption,flooding,high,2025-03-11 02:33:11,24.61
6085,6446,transport_delay,border_delay,medium,2023-04-19 12:02:02,8.64
6086,6447,port_congestion,equipment_failure,medium,2025-10-21 05:25:48,9.72
6087,6447,port_congestion,equipment_failure,medium,2025-10-21 17:31:35,8.13
6088,6447,weather_disruption,blizzard,medium,2025-10-21 18:49:34,13.53
6089,6448,weather_disruption,severe_storm,low,2024-01-01 01:20:56,3.69
6090,6451,port_congestion,high_demand,medium,2025-01-22 14:26:28,6.59
6091,6451,supplier_failure,capacity_shortage,medium,2025-01-23 13:01:09,5.64
6092,6452,weather_disruption,severe_storm,high,2023-07-15 17:46:18,21.97
6093,6452,transport_delay,border_delay,high,2023-07-15 19:48:07,33.49
6094,6452,transport_delay,road_closure,high,2023-07-16 22:47:02,22.68
6095,6453,supplier_failure,production_halt,medium,2025-08-07 12:45:45,35.61
6096,6453,port_congestion,equipment_failure,medium,2025-08-07 23:29:27,8.7
6097,6456,transport_delay,road_closure,medium,2024-07-08 15:40:02,8.18
6098,6456,transport_delay,vehicle_breakdown,medium,2024-07-09 00:35:39,21.29
6099,6457,port_congestion,equipment_failure,low,2025-03-05 04:59:52,10.76
6100,6459,transport_delay,border_delay,low,2023-04-16 00:14:04,7.56
6101,6463,weather_disruption,hurricane,medium,2025-07-06 18:49:34,3.53
6102,6467,weather_disruption,severe_storm,medium,2025-10-20 07:08:58,8.77
6103,6467,supplier_failure,bankruptcy,medium,2025-10-20 14:07:51,4.4
6104,6467,transport_delay,road_closure,medium,2025-10-22 14:05:59,24.19
6105,6468,transport_delay,vehicle_breakdown,medium,2024-07-07 01:22:10,12.26
6106,6469,transport_delay,fuel_shortage,high,2024-11-03 01:16:11,50.98
6107,6470,transport_delay,border_delay,medium,2024-07-10 00:48:01,10.16
6108,6471,port_congestion,high_demand,medium,2025-05-24 00:44:13,24.89
6109,6472,port_congestion,labor_strike,low,2023-02-11 04:22:03,2.94
6110,6477,port_congestion,inspection_backlog,low,2024-05-25 22:10:19,1.62
6111,6478,weather_disruption,hurricane,high,2025-08-10 00:20:25,26.87
6112,6478,port_congestion,equipment_failure,high,2025-08-10 12:29:16,34.4
6113,6479,weather_disruption,flooding,high,2023-09-14 14:33:02,17.25
6114,6479,weather_disruption,flooding,high,2023-09-15 03:46:43,44.88
6115,6479,transport_delay,border_delay,high,2023-09-15 21:31:15,72.96
6116,6480,transport_delay,vehicle_breakdown,medium,2025-04-29 09:10:39,9.73
6117,6480,port_congestion,equipment_failure,medium,2025-04-29 15:43:12,7.3
6118,6481,supplier_failure,capacity_shortage,medium,2023-09-07 11:35:16,19.98
6119,6482,weather_disruption,hurricane,medium,2024-01-30 05:58:48,11.96
6120,6482,transport_delay,border_delay,medium,2024-01-30 13:06:58,14.83
6121,6484,weather_disruption,hurricane,medium,2023-10-20 23:14:15,6.33
6122,6485,transport_delay,border_delay,medium,2023-01-26 02:39:29,14.01
6123,6485,port_congestion,labor_strike,medium,2023-01-26 04:58:59,3.79
6124,6486,supplier_failure,quality_issue,medium,2024-09-10 11:32:33,36.4
6125,6488,transport_delay,road_closure,low,2025-09-27 14:46:44,4.32
6126,6490,transport_delay,border_delay,medium,2023-03-29 08:28:05,8.25
6127,6490,transport_delay,fuel_shortage,medium,2023-03-29 10:52:56,17.63
6128,6494,port_congestion,labor_strike,medium,2024-10-03 01:10:34,5.43
6129,6494,transport_delay,border_delay,medium,2024-10-03 10:48:49,10.07
6130,6494,transport_delay,vehicle_breakdown,medium,2024-10-03 15:25:15,34.94
6131,6494,transport_delay,vehicle_breakdown,medium,2024-10-04 00:20:48,9.81
6132,6495,transport_delay,fuel_shortage,low,2023-07-09 09:03:33,6.47
6133,6496,transport_delay,fuel_shortage,medium,2023-05-17 10:01:00,18.54
6134,6496,supplier_failure,production_halt,medium,2023-05-17 15:58:30,27.76
6135,6497,transport_delay,vehicle_breakdown,medium,2025-11-06 03:06:37,8.1
6136,6501,transport_delay,road_closure,medium,2025-06-06 11:43:28,5.32
6137,6502,supplier_failure,bankruptcy,low,2024-08-29 00:35:57,2.7
6138,6503,weather_disruption,hurricane,medium,2023-04-15 22:06:05,2.78
6139,6506,transport_delay,vehicle_breakdown,medium,2025-06-13 07:20:23,5.66
6140,6507,port_congestion,labor_strike,medium,2023-04-16 10:00:18,3.93
6141,6507,weather_disruption,fog,medium,2023-04-16 15:29:02,7.52
6142,6508,port_congestion,labor_strike,low,2023-03-13 14:57:18,1.77
6143,6509,transport_delay,fuel_shortage,medium,2025-10-13 16:18:58,8.33
6144,6509,transport_delay,vehicle_breakdown,medium,2025-10-14 15:28:57,9.43
6145,6510,supplier_failure,bankruptcy,low,2025-11-20 02:57:29,2.64
6146,6512,weather_disruption,severe_storm,medium,2024-07-24 21:19:20,11.37
6147,6513,weather_disruption,hurricane,medium,2024-10-27 20:59:00,23.33
6148,6514,supplier_failure,capacity_shortage,high,2024-06-20 20:35:42,28.95
6149,6515,supplier_failure,bankruptcy,medium,2024-09-11 14:47:12,12.56
6150,6517,transport_delay,vehicle_breakdown,high,2025-02-12 17:05:02,20.94
6151,6517,supplier_failure,quality_issue,high,2025-02-13 11:26:20,34.53
6152,6518,port_congestion,inspection_backlog,medium,2024-08-06 00:37:12,57.46
6153,6519,transport_delay,road_closure,high,2023-08-19 01:42:25,23.1
6154,6519,weather_disruption,severe_storm,high,2023-08-19 20:20:19,27.37
6155,6520,transport_delay,fuel_shortage,high,2025-07-25 19:11:32,11.4
6156,6526,port_congestion,labor_strike,medium,2025-08-06 15:33:00,13.79
6157,6527,port_congestion,high_demand,low,2023-01-06 06:59:36,4.75
6158,6529,port_congestion,high_demand,high,2023-04-18 13:19:25,25.67
6159,6529,transport_delay,border_delay,high,2023-04-18 20:17:40,21.71
6160,6529,weather_disruption,blizzard,high,2023-04-19 00:10:03,30.17
6161,6529,weather_disruption,fog,high,2023-04-19 17:26:08,12.9
6162,6529,weather_disruption,fog,high,2023-04-20 01:43:26,12.2
6163,6530,transport_delay,vehicle_breakdown,medium,2024-01-25 12:35:23,5.58
6164,6530,transport_delay,border_delay,medium,2024-01-26 02:25:31,8.61
6165,6530,transport_delay,fuel_shortage,medium,2024-01-26 15:39:49,10.94
6166,6530,transport_delay,border_delay,medium,2024-01-27 04:06:04,11.48
6167,6532,transport_delay,fuel_shortage,low,2023-03-13 00:18:51,2.67
6168,6534,transport_delay,road_closure,medium,2023-08-07 11:18:12,23.78
6169,6534,weather_disruption,fog,medium,2023-08-08 03:30:21,4.52
6170,6535,transport_delay,border_delay,high,2024-05-19 16:34:41,11.75
6171,6535,transport_delay,vehicle_breakdown,high,2024-05-21 17:36:50,31.3
6172,6538,weather_disruption,hurricane,high,2025-05-26 00:43:00,25.58
6173,6538,transport_delay,road_closure,high,2025-05-26 06:39:16,17.43
6174,6539,transport_delay,border_delay,medium,2025-03-08 21:27:00,15.94
6175,6540,port_congestion,equipment_failure,medium,2025-11-06 15:00:41,8.31
6176,6542,transport_delay,vehicle_breakdown,low,2023-04-12 08:27:00,8.72
6177,6543,port_congestion,high_demand,high,2023-10-06 14:56:00,62.81
6178,6543,supplier_failure,quality_issue,high,2023-10-07 11:45:54,44.74
6179,6544,supplier_failure,capacity_shortage,low,2023-11-23 06:38:25,8.24
6180,6549,transport_delay,border_delay,medium,2023-12-17 22:07:56,14.34
6181,6550,port_congestion,labor_strike,medium,2024-04-23 02:19:04,17.83
6182,6550,transport_delay,vehicle_breakdown,medium,2024-04-25 00:20:31,11.13
6183,6551,transport_delay,road_closure,high,2024-08-26 12:18:44,27.76
6184,6551,transport_delay,road_closure,high,2024-08-27 10:41:10,90.07
6185,6551,transport_delay,border_delay,high,2024-08-27 18:05:22,19.91
6186,6557,weather_disruption,severe_storm,high,2024-04-20 18:29:11,63.09
6187,6557,supplier_failure,production_halt,high,2024-04-20 22:47:04,27.65
6188,6557,supplier_failure,quality_issue,high,2024-04-22 14:54:18,59.79
6189,6559,port_congestion,high_demand,low,2024-09-15 12:15:09,2.44
6190,6560,port_congestion,labor_strike,medium,2023-05-13 06:45:28,7.88
6191,6561,weather_disruption,hurricane,medium,2024-02-02 01:03:17,8.5
6192,6562,transport_delay,vehicle_breakdown,medium,2024-01-31 10:07:32,62.46
6193,6562,transport_delay,fuel_shortage,medium,2024-02-01 09:30:50,6.37
6194,6566,port_congestion,equipment_failure,medium,2023-10-12 16:31:03,7.38
6195,6571,transport_delay,vehicle_breakdown,medium,2023-08-06 09:40:15,25.93
6196,6571,supplier_failure,quality_issue,medium,2023-08-07 12:19:30,6.43
6197,6573,port_congestion,equipment_failure,medium,2023-06-27 02:59:23,17.36
6198,6573,port_congestion,inspection_backlog,medium,2023-06-27 21:15:57,12.2
6199,6573,transport_delay,road_closure,medium,2023-06-28 04:44:47,9.95
6200,6575,transport_delay,vehicle_breakdown,medium,2025-08-20 15:39:42,12.84
6201,6575,transport_delay,border_delay,medium,2025-08-21 16:59:47,20.47
6202,6576,port_congestion,equipment_failure,low,2023-12-28 10:05:37,10.97
6203,6577,weather_disruption,severe_storm,medium,2024-05-31 06:47:35,33.0
6204,6580,transport_delay,road_closure,high,2023-08-07 10:45:13,84.4
6205,6580,transport_delay,road_closure,high,2023-08-11 08:36:09,33.71
6206,6580,port_congestion,equipment_failure,high,2023-08-11 09:49:28,59.49
6207,6582,port_congestion,high_demand,medium,2024-08-08 08:32:38,6.83
6208,6583,supplier_failure,quality_issue,low,2023-12-26 16:33:28,9.9
6209,6584,transport_delay,road_closure,medium,2023-03-05 09:25:00,12.19
6210,6584,transport_delay,border_delay,medium,2023-03-05 23:02:39,22.47
6211,6589,transport_delay,border_delay,medium,2025-05-18 16:44:17,11.48
6212,6591,transport_delay,fuel_shortage,medium,2025-09-08 15:37:58,7.22
6213,6592,transport_delay,road_closure,medium,2023-09-13 15:53:04,31.2
6214,6599,weather_disruption,hurricane,medium,2023-10-22 11:11:44,24.37
6215,6600,port_congestion,high_demand,high,2023-05-06 21:35:32,25.43
6216,6600,supplier_failure,bankruptcy,high,2023-05-08 10:08:13,35.81
6217,6600,supplier_failure,bankruptcy,high,2023-05-09 05:57:24,41.82
6218,6605,transport_delay,road_closure,medium,2025-08-29 10:16:23,10.78
6219,6606,weather_disruption,flooding,high,2024-12-17 04:11:01,47.25
6220,6606,transport_delay,vehicle_breakdown,high,2024-12-19 00:19:02,21.75
6221,6609,weather_disruption,hurricane,medium,2025-07-04 12:18:47,14.35
6222,6610,transport_delay,road_closure,medium,2023-12-01 12:06:54,27.51
6223,6612,port_congestion,high_demand,low,2025-02-10 00:35:17,5.87
6224,6612,port_congestion,high_demand,low,2025-02-10 08:19:32,2.08
6225,6612,port_congestion,high_demand,low,2025-02-10 14:05:59,5.93
6226,6612,port_congestion,high_demand,low,2025-02-10 21:33:57,4.61
6227,6615,port_congestion,high_demand,medium,2025-11-25 09:30:33,5.62
6228,6623,weather_disruption,hurricane,high,2025-05-14 07:12:43,37.95
6229,6624,port_congestion,labor_strike,low,2023-06-27 12:33:46,5.72
6230,6629,port_congestion,labor_strike,low,2024-08-14 11:01:28,6.66
6231,6632,supplier_failure,production_halt,medium,2025-04-13 14:25:35,12.43
6232,6632,port_congestion,labor_strike,medium,2025-04-14 14:15:10,13.13
6233,6632,transport_delay,vehicle_breakdown,medium,2025-04-14 16:00:18,7.86
6234,6634,transport_delay,border_delay,medium,2023-05-01 02:23:33,16.26
6235,6634,weather_disruption,flooding,medium,2023-05-03 06:26:46,4.23
6236,6636,transport_delay,fuel_shortage,medium,2025-08-17 02:54:57,8.04
6237,6639,supplier_failure,quality_issue,medium,2025-09-28 03:53:17,10.48
6238,6642,supplier_failure,quality_issue,high,2023-11-21 13:15:11,86.11
6239,6642,transport_delay,road_closure,high,2023-11-22 16:45:38,41.17
6240,6642,port_congestion,equipment_failure,high,2023-11-24 04:51:15,8.15
6241,6642,transport_delay,vehicle_breakdown,high,2023-11-25 01:36:16,33.58
6242,6645,supplier_failure,production_halt,high,2024-03-29 03:32:13,73.98
6243,6645,port_congestion,labor_strike,high,2024-03-30 12:22:46,19.29
6244,6649,supplier_failure,capacity_shortage,high,2024-11-20 08:59:29,41.26
6245,6649,supplier_failure,capacity_shortage,high,2024-11-21 01:10:21,21.15
6246,6649,weather_disruption,blizzard,high,2024-11-21 18:51:37,26.54
6247,6649,weather_disruption,fog,high,2024-11-23 10:25:44,14.26
6248,6650,weather_disruption,flooding,medium,2023-04-21 17:41:45,12.43
6249,6650,supplier_failure,capacity_shortage,medium,2023-04-22 02:16:47,13.55
6250,6654,transport_delay,fuel_shortage,high,2023-10-07 06:09:30,35.42
6251,6654,weather_disruption,hurricane,high,2023-10-08 04:29:47,68.86
6252,6657,transport_delay,fuel_shortage,medium,2023-11-11 09:35:06,11.24
6253,6659,port_congestion,inspection_backlog,high,2024-01-06 02:25:41,41.77
6254,6659,port_congestion,high_demand,high,2024-01-10 05:03:35,23.53
6255,6659,port_congestion,labor_strike,high,2024-01-10 19:26:16,53.23
6256,6659,supplier_failure,bankruptcy,high,2024-01-11 02:55:08,23.42
6257,6660,port_congestion,high_demand,high,2025-06-23 04:25:10,10.54
6258,6660,transport_delay,border_delay,high,2025-06-27 14:43:27,40.52
6259,6660,port_congestion,equipment_failure,high,2025-07-02 06:31:38,82.62
6260,6660,weather_disruption,fog,high,2025-07-04 03:20:35,31.62
6261,6661,transport_delay,road_closure,medium,2025-01-07 23:40:56,3.83
6262,6662,port_congestion,equipment_failure,medium,2024-03-01 07:00:07,45.13
6263,6662,port_congestion,inspection_backlog,medium,2024-03-02 01:58:20,12.52
6264,6662,transport_delay,fuel_shortage,medium,2024-03-02 02:43:16,17.4
6265,6662,supplier_failure,production_halt,medium,2024-03-02 08:17:55,4.22
6266,6670,transport_delay,fuel_shortage,medium,2023-10-03 11:45:10,20.75
6267,6671,weather_disruption,fog,medium,2025-02-25 13:52:06,16.37
6268,6672,supplier_failure,bankruptcy,low,2023-06-12 08:52:41,3.68
6269,6672,transport_delay,road_closure,low,2023-06-12 12:06:06,3.24
6270,6674,transport_delay,border_delay,high,2023-12-16 14:05:44,45.91
6271,6674,port_congestion,labor_strike,high,2023-12-17 19:10:28,74.97
6272,6675,supplier_failure,bankruptcy,medium,2024-07-23 04:32:39,16.97
6273,6675,transport_delay,border_delay,medium,2024-07-24 05:59:58,39.87
6274,6675,port_congestion,high_demand,medium,2024-07-24 13:14:37,7.88
6275,6679,transport_delay,vehicle_breakdown,medium,2024-05-06 05:56:01,10.95
6276,6680,transport_delay,road_closure,medium,2024-12-28 12:35:35,17.42
6277,6683,port_congestion,labor_strike,low,2025-04-11 18:45:42,1.85
6278,6685,supplier_failure,bankruptcy,medium,2023-05-28 00:57:51,5.19
6279,6685,supplier_failure,production_halt,medium,2023-05-28 16:48:16,16.31
6280,6687,port_congestion,labor_strike,high,2024-10-03 04:05:46,11.06
6281,6687,transport_delay,vehicle_breakdown,high,2024-10-03 18:06:03,18.07
6282,6687,transport_delay,fuel_shortage,high,2024-10-04 04:17:01,52.22
6283,6690,port_congestion,high_demand,medium,2024-10-26 04:07:32,10.21
6284,6691,port_congestion,equipment_failure,medium,2025-04-27 07:03:25,10.05
6285,6695,transport_delay,road_closure,high,2023-06-30 10:48:14,92.13
6286,6695,supplier_failure,production_halt,high,2023-06-30 17:07:59,47.08
6287,6697,weather_disruption,fog,medium,2024-02-03 04:08:44,17.25
6288,6697,weather_disruption,flooding,medium,2024-02-03 15:26:47,20.05
6289,6697,transport_delay,vehicle_breakdown,medium,2024-02-04 06:09:14,11.45
6290,6698,port_congestion,equipment_failure,high,2025-10-02 12:02:53,14.46
6291,6698,port_congestion,high_demand,high,2025-10-05 17:28:03,71.41
6292,6703,transport_delay,border_delay,medium,2023-07-08 08:37:14,16.57
6293,6705,transport_delay,border_delay,high,2023-01-03 03:59:24,37.92
6294,6705,port_congestion,equipment_failure,high,2023-01-04 18:52:51,28.96
6295,6707,supplier_failure,quality_issue,medium,2025-04-05 10:16:36,11.15
6296,6710,port_congestion,inspection_backlog,high,2024-09-30 17:51:35,14.58
6297,6710,weather_disruption,fog,high,2024-10-01 01:56:29,45.35
6298,6710,transport_delay,vehicle_breakdown,high,2024-10-01 03:15:44,14.84
6299,6710,port_congestion,inspection_backlog,high,2024-10-01 17:00:39,33.14
6300,6710,transport_delay,border_delay,high,2024-10-01 23:00:01,33.22
6301,6712,transport_delay,fuel_shortage,high,2025-07-30 08:07:55,47.16
6302,6712,transport_delay,border_delay,high,2025-08-01 13:35:57,42.97
6303,6713,port_congestion,inspection_backlog,medium,2025-04-04 15:13:04,14.46
6304,6714,weather_disruption,hurricane,medium,2023-07-18 11:40:07,10.61
6305,6718,transport_delay,road_closure,low,2023-10-07 10:31:48,4.19
6306,6719,port_congestion,labor_strike,high,2023-10-31 13:50:43,39.0
6307,6719,port_congestion,equipment_failure,high,2023-11-01 15:36:07,17.66
6308,6719,port_congestion,inspection_backlog,high,2023-11-02 04:40:01,52.07
6309,6721,port_congestion,labor_strike,medium,2025-04-10 05:00:29,5.08
6310,6722,port_congestion,inspection_backlog,high,2023-12-20 12:53:47,19.92
6311,6722,transport_delay,road_closure,high,2023-12-20 13:22:32,22.24
6312,6722,port_congestion,inspection_backlog,high,2023-12-22 22:14:05,38.69
6313,6722,supplier_failure,capacity_shortage,high,2023-12-23 13:40:51,45.8
6314,6723,weather_disruption,hurricane,high,2024-05-23 11:53:12,41.34
6315,6725,weather_disruption,flooding,high,2024-05-23 03:11:16,18.58
6316,6725,transport_delay,road_closure,high,2024-05-23 17:11:20,52.3
6317,6725,transport_delay,border_delay,high,2024-05-24 05:20:03,82.39
6318,6729,supplier_failure,bankruptcy,medium,2025-05-17 12:01:05,13.33
6319,6730,port_congestion,equipment_failure,medium,2025-05-27 07:04:09,9.82
6320,6731,transport_delay,vehicle_breakdown,high,2024-09-17 12:53:30,22.62
6321,6731,port_congestion,labor_strike,high,2024-09-19 20:33:02,20.64
6322,6732,port_congestion,equipment_failure,medium,2025-01-09 19:38:17,25.48
6323,6737,port_congestion,equipment_failure,high,2025-02-28 11:15:18,32.62
6324,6738,weather_disruption,hurricane,high,2023-11-01 00:34:59,36.16
6325,6738,transport_delay,vehicle_breakdown,high,2023-11-01 23:18:26,43.19
6326,6741,transport_delay,road_closure,low,2024-01-28 00:25:34,2.9
6327,6742,port_congestion,equipment_failure,high,2023-05-14 08:53:10,18.04
6328,6742,port_congestion,inspection_backlog,high,2023-05-14 09:45:32,49.45
6329,6743,transport_delay,border_delay,medium,2023-03-18 10:07:48,19.62
6330,6745,port_congestion,inspection_backlog,medium,2024-09-12 12:18:13,7.35
6331,6750,port_congestion,high_demand,high,2025-06-07 06:13:15,11.65
6332,6750,weather_disruption,fog,high,2025-06-08 18:43:40,54.8
6333,6752,port_congestion,labor_strike,medium,2025-08-29 20:21:58,8.74
6334,6753,transport_delay,border_delay,low,2023-02-11 06:54:56,5.26
6335,6753,weather_disruption,flooding,low,2023-02-11 11:49:28,4.45
6336,6755,supplier_failure,capacity_shortage,medium,2024-05-05 15:46:12,10.04
6337,6758,port_congestion,inspection_backlog,medium,2023-12-13 08:25:32,26.92
6338,6758,transport_delay,border_delay,medium,2023-12-13 10:26:02,6.4
6339,6759,weather_disruption,hurricane,medium,2023-04-01 23:44:11,5.12
6340,6761,weather_disruption,fog,high,2023-07-21 01:45:02,24.68
6341,6762,transport_delay,border_delay,medium,2023-12-30 08:12:38,34.14
6342,6767,supplier_failure,quality_issue,medium,2023-09-20 23:01:10,15.4
6343,6768,transport_delay,vehicle_breakdown,medium,2024-08-24 06:53:56,20.7
6344,6768,transport_delay,border_delay,medium,2024-08-24 09:02:48,7.03
6345,6768,transport_delay,vehicle_breakdown,medium,2024-08-25 02:32:38,21.47
6346,6768,transport_delay,vehicle_breakdown,medium,2024-08-25 05:29:23,38.0
6347,6769,port_congestion,equipment_failure,medium,2025-09-22 13:10:59,9.53
6348,6770,transport_delay,fuel_shortage,low,2024-04-27 00:10:20,6.89
6349,6771,port_congestion,high_demand,high,2023-01-15 11:00:40,10.28
6350,6773,transport_delay,border_delay,medium,2025-09-12 02:30:09,26.97
6351,6773,transport_delay,road_closure,medium,2025-09-12 10:20:16,22.43
6352,6773,port_congestion,inspection_backlog,medium,2025-09-13 13:42:55,16.49
6353,6773,transport_delay,fuel_shortage,medium,2025-09-13 19:53:20,12.42
6354,6773,transport_delay,road_closure,medium,2025-09-13 20:35:29,4.44
6355,6774,port_congestion,labor_strike,medium,2025-01-04 05:08:23,3.83
6356,6775,weather_disruption,severe_storm,medium,2025-07-10 13:04:51,5.86
6357,6777,transport_delay,vehicle_breakdown,medium,2025-07-13 13:24:39,5.8
6358,6778,supplier_failure,capacity_shortage,medium,2024-10-23 16:03:04,5.6
6359,6778,weather_disruption,hurricane,medium,2024-10-25 19:40:48,17.84
6360,6780,supplier_failure,quality_issue,medium,2024-06-16 18:44:16,18.07
6361,6780,transport_delay,border_delay,medium,2024-06-16 21:03:46,5.35
6362,6780,transport_delay,border_delay,medium,2024-06-17 13:33:28,8.49
6363,6780,supplier_failure,quality_issue,medium,2024-06-18 11:32:09,3.95
6364,6781,port_congestion,inspection_backlog,medium,2024-02-18 17:18:37,12.6
6365,6781,supplier_failure,quality_issue,medium,2024-02-19 10:31:29,6.06
6366,6781,port_congestion,inspection_backlog,medium,2024-02-19 12:18:49,8.29
6367,6783,supplier_failure,bankruptcy,high,2023-01-30 06:50:06,85.82
6368,6783,transport_delay,border_delay,high,2023-01-30 19:55:49,96.82
6369,6784,weather_disruption,hurricane,medium,2023-04-15 05:35:47,43.42
6370,6784,supplier_failure,bankruptcy,medium,2023-04-16 09:13:14,20.84
6371,6785,port_congestion,labor_strike,low,2025-03-10 00:22:59,4.44
6372,6785,weather_disruption,blizzard,low,2025-03-10 03:13:50,7.08
6373,6787,supplier_failure,quality_issue,medium,2023-09-10 08:58:05,10.19
6374,6787,port_congestion,labor_strike,medium,2023-09-11 17:38:25,4.82
6375,6787,port_congestion,inspection_backlog,medium,2023-09-11 20:13:40,19.65
6376,6791,transport_delay,road_closure,medium,2024-01-05 00:11:20,7.04
6377,6792,weather_disruption,blizzard,medium,2023-07-14 22:41:10,6.92
6378,6797,weather_disruption,flooding,medium,2024-10-14 01:49:15,18.48
6379,6802,port_congestion,equipment_failure,medium,2023-10-21 02:33:53,6.83
6380,6804,port_congestion,inspection_backlog,medium,2023-04-06 17:59:36,4.76
6381,6804,transport_delay,road_closure,medium,2023-04-07 09:15:14,15.0
6382,6806,port_congestion,high_demand,medium,2023-03-26 16:46:37,24.68
6383,6809,weather_disruption,fog,medium,2025-07-28 08:42:51,8.13
6384,6811,transport_delay,vehicle_breakdown,high,2023-12-29 17:55:37,23.34
6385,6813,supplier_failure,capacity_shortage,medium,2023-10-06 02:57:54,10.16
6386,6815,weather_disruption,hurricane,medium,2023-08-15 14:11:59,4.28
6387,6815,port_congestion,high_demand,medium,2023-08-15 14:48:58,12.94
6388,6817,port_congestion,high_demand,medium,2024-04-27 03:11:18,11.98
6389,6818,port_congestion,labor_strike,low,2024-04-17 07:15:13,7.69
6390,6818,transport_delay,vehicle_breakdown,low,2024-04-17 16:11:50,6.34
6391,6820,port_congestion,high_demand,high,2024-10-01 15:01:47,53.45
6392,6821,port_congestion,equipment_failure,high,2024-12-18 04:08:54,22.03
6393,6825,weather_disruption,fog,medium,2024-10-20 09:38:30,20.59
6394,6825,transport_delay,border_delay,medium,2024-10-20 19:42:08,9.97
6395,6825,transport_delay,road_closure,medium,2024-10-21 06:16:12,6.97
6396,6827,port_congestion,inspection_backlog,high,2024-05-14 06:58:41,88.34
6397,6827,weather_disruption,flooding,high,2024-05-15 05:25:39,62.71
6398,6827,transport_delay,vehicle_breakdown,high,2024-05-15 11:51:57,7.96
6399,6827,transport_delay,border_delay,high,2024-05-17 03:14:48,14.81
6400,6827,supplier_failure,production_halt,high,2024-05-17 07:31:27,30.87
6401,6828,transport_delay,border_delay,medium,2023-01-29 05:11:30,9.8
6402,6829,port_congestion,high_demand,medium,2024-12-18 08:29:02,4.6
6403,6833,transport_delay,border_delay,low,2024-11-02 13:09:05,7.47
6404,6834,port_congestion,high_demand,high,2023-10-30 12:38:02,143.89
6405,6837,port_congestion,labor_strike,high,2023-03-02 12:48:57,22.63
6406,6837,transport_delay,fuel_shortage,high,2023-03-03 17:02:46,47.14
6407,6838,weather_disruption,hurricane,low,2025-01-21 09:52:34,4.09
6408,6839,port_congestion,equipment_failure,medium,2025-11-08 13:11:32,6.95
6409,6840,port_congestion,labor_strike,medium,2024-02-11 10:09:50,18.26
6410,6840,transport_delay,fuel_shortage,medium,2024-02-12 02:48:44,5.23
6411,6841,supplier_failure,production_halt,high,2024-07-06 09:27:53,41.78
6412,6841,transport_delay,border_delay,high,2024-07-06 17:21:46,103.72
6413,6842,weather_disruption,severe_storm,high,2023-07-22 10:56:43,31.65
6414,6842,transport_delay,fuel_shortage,high,2023-07-22 11:25:56,30.2
6415,6842,supplier_failure,quality_issue,high,2023-07-24 15:12:20,24.62
6416,6842,transport_delay,road_closure,high,2023-07-25 03:56:08,28.6
6417,6842,weather_disruption,flooding,high,2023-07-26 05:10:27,43.66
6418,6844,port_congestion,inspection_backlog,high,2024-01-23 12:54:23,42.3
6419,6844,transport_delay,vehicle_breakdown,high,2024-01-24 19:25:31,6.34
6420,6845,weather_disruption,severe_storm,medium,2025-05-08 12:54:38,13.74
6421,6845,transport_delay,border_delay,medium,2025-05-08 17:04:37,4.86
6422,6845,weather_disruption,hurricane,medium,2025-05-09 03:29:19,10.89
6423,6846,transport_delay,fuel_shortage,high,2025-11-14 03:56:23,27.06
6424,6846,supplier_failure,production_halt,high,2025-11-15 18:31:45,48.37
6425,6846,transport_delay,road_closure,high,2025-11-16 06:57:36,37.3
6426,6846,port_congestion,labor_strike,high,2025-11-16 13:02:24,47.19
6427,6852,port_congestion,high_demand,medium,2025-04-11 00:17:26,16.82
6428,6853,port_congestion,high_demand,high,2023-09-18 22:07:51,131.17
6429,6853,weather_disruption,fog,high,2023-09-18 23:41:42,17.77
6430,6854,transport_delay,vehicle_breakdown,high,2023-05-29 23:56:15,47.62
6431,6855,weather_disruption,fog,high,2025-08-06 01:04:30,58.56
6432,6855,transport_delay,vehicle_breakdown,high,2025-08-06 02:31:00,69.33
6433,6855,supplier_failure,quality_issue,high,2025-08-06 07:33:47,118.18
6434,6857,port_congestion,high_demand,medium,2024-04-04 05:19:49,14.76
6435,6861,port_congestion,equipment_failure,medium,2025-05-27 17:50:23,13.98
6436,6861,port_congestion,inspection_backlog,medium,2025-05-28 09:45:43,26.25
6437,6864,transport_delay,vehicle_breakdown,medium,2024-03-20 09:31:09,14.22
6438,6865,transport_delay,border_delay,medium,2024-03-22 05:37:08,20.17
6439,6866,transport_delay,fuel_shortage,high,2025-04-30 03:58:00,57.99
6440,6866,port_congestion,inspection_backlog,high,2025-04-30 20:21:50,20.52
6441,6870,transport_delay,fuel_shortage,high,2023-01-03 14:08:52,50.23
6442,6870,supplier_failure,capacity_shortage,high,2023-01-05 13:30:30,56.17
6443,6870,transport_delay,fuel_shortage,high,2023-01-05 18:34:17,21.29
6444,6870,transport_delay,border_delay,high,2023-01-06 13:39:19,19.61
6445,6870,transport_delay,fuel_shortage,high,2023-01-07 09:26:28,79.63
6446,6871,transport_delay,border_delay,medium,2024-10-17 04:22:46,3.73
6447,6872,transport_delay,vehicle_breakdown,low,2023-11-20 01:03:06,12.98
6448,6873,port_congestion,equipment_failure,medium,2023-04-06 18:44:52,8.55
6449,6874,transport_delay,road_closure,medium,2025-06-08 05:30:36,7.37
6450,6874,port_congestion,labor_strike,medium,2025-06-09 22:07:04,8.49
6451,6875,port_congestion,labor_strike,medium,2024-09-26 15:18:31,17.21
6452,6877,port_congestion,inspection_backlog,medium,2023-06-26 07:28:16,10.27
6453,6877,port_congestion,labor_strike,medium,2023-06-26 09:02:30,15.35
6454,6878,transport_delay,fuel_shortage,medium,2024-01-08 12:15:07,6.05
6455,6879,weather_disruption,severe_storm,medium,2024-07-13 09:39:40,13.01
6456,6879,port_congestion,high_demand,medium,2024-07-13 14:50:28,4.6
6457,6883,transport_delay,road_closure,medium,2023-10-09 04:55:06,14.21
6458,6884,transport_delay,road_closure,high,2023-09-05 12:44:54,97.85
6459,6885,weather_disruption,flooding,medium,2024-02-27 20:05:33,9.14
6460,6886,transport_delay,fuel_shortage,medium,2025-03-06 09:20:10,8.13
6461,6887,supplier_failure,quality_issue,high,2025-07-10 05:30:49,46.46
6462,6887,supplier_failure,production_halt,high,2025-07-10 19:18:03,80.1
6463,6888,port_congestion,high_demand,medium,2023-02-09 21:13:24,10.11
6464,6888,port_congestion,high_demand,medium,2023-02-10 04:08:51,6.62
6465,6888,port_congestion,high_demand,medium,2023-02-10 12:04:51,13.97
6466,6888,port_congestion,equipment_failure,medium,2023-02-10 15:07:22,9.25
6467,6891,transport_delay,vehicle_breakdown,medium,2024-08-31 12:18:51,13.17
6468,6893,supplier_failure,capacity_shortage,medium,2025-04-29 04:17:23,9.62
6469,6894,transport_delay,fuel_shortage,medium,2024-05-14 05:33:55,8.27
6470,6897,weather_disruption,severe_storm,low,2024-01-28 05:47:42,9.33
6471,6901,port_congestion,equipment_failure,medium,2024-10-15 16:35:27,16.09
6472,6902,weather_disruption,severe_storm,high,2024-08-07 21:58:55,16.0
6473,6904,transport_delay,vehicle_breakdown,medium,2024-06-10 03:58:51,13.0
6474,6904,transport_delay,vehicle_breakdown,medium,2024-06-11 09:55:21,9.9
6475,6904,weather_disruption,blizzard,medium,2024-06-11 14:23:25,5.24
6476,6905,weather_disruption,flooding,high,2023-06-12 03:58:24,11.44
6477,6905,port_congestion,inspection_backlog,high,2023-06-17 19:41:49,14.49
6478,6905,port_congestion,high_demand,high,2023-06-20 01:32:46,38.4
6479,6906,weather_disruption,blizzard,medium,2025-07-08 21:26:31,16.33
6480,6906,weather_disruption,fog,medium,2025-07-09 18:07:52,7.17
6481,6907,transport_delay,road_closure,low,2023-10-17 08:14:14,3.6
6482,6908,weather_disruption,blizzard,medium,2023-02-16 02:24:42,23.53
6483,6908,transport_delay,fuel_shortage,medium,2023-02-16 06:04:04,10.33
6484,6908,supplier_failure,quality_issue,medium,2023-02-16 21:49:33,11.89
6485,6911,transport_delay,fuel_shortage,medium,2024-11-04 13:59:25,39.63
6486,6911,supplier_failure,bankruptcy,medium,2024-11-05 00:33:09,13.4
6487,6912,transport_delay,fuel_shortage,medium,2024-02-12 20:52:06,18.1
6488,6912,port_congestion,equipment_failure,medium,2024-02-13 02:00:56,5.48
6489,6912,port_congestion,inspection_backlog,medium,2024-02-13 12:30:27,20.84
6490,6913,transport_delay,fuel_shortage,high,2024-10-22 21:03:19,41.67
6491,6914,weather_disruption,fog,low,2025-01-10 01:52:01,7.36
6492,6922,transport_delay,road_closure,high,2023-01-20 12:24:48,74.33
6493,6922,transport_delay,road_closure,high,2023-01-23 22:54:49,35.75
6494,6922,transport_delay,border_delay,high,2023-01-25 07:00:29,7.61
6495,6922,supplier_failure,capacity_shortage,high,2023-01-25 23:08:36,18.0
6496,6922,transport_delay,border_delay,high,2023-01-27 13:26:53,74.92
6497,6922,transport_delay,fuel_shortage,high,2023-01-30 06:24:16,31.34
6498,6927,transport_delay,fuel_shortage,medium,2024-04-07 13:33:04,28.6
6499,6929,transport_delay,vehicle_breakdown,high,2023-01-14 20:12:26,21.89
6500,6929,weather_disruption,hurricane,high,2023-01-14 21:54:53,44.03
6501,6929,weather_disruption,hurricane,high,2023-01-15 18:13:15,77.46
6502,6932,weather_disruption,hurricane,medium,2025-07-12 00:57:02,14.14
6503,6932,port_congestion,high_demand,medium,2025-07-12 02:50:28,17.99
6504,6932,port_congestion,labor_strike,medium,2025-07-12 20:11:31,12.01
6505,6932,port_congestion,high_demand,medium,2025-07-12 22:05:53,11.01
6506,6933,transport_delay,border_delay,medium,2025-08-23 07:51:41,10.02
6507,6933,transport_delay,border_delay,medium,2025-08-24 04:38:20,24.81
6508,6933,port_congestion,high_demand,medium,2025-08-24 07:14:19,21.51
6509,6936,transport_delay,fuel_shortage,low,2023-04-15 10:35:43,1.12
6510,6937,transport_delay,vehicle_breakdown,high,2024-01-12 23:44:52,40.24
6511,6937,supplier_failure,production_halt,high,2024-01-13 04:05:23,82.46
6512,6938,transport_delay,vehicle_breakdown,high,2025-05-06 09:54:32,120.04
6513,6939,transport_delay,vehicle_breakdown,medium,2024-06-20 23:41:31,10.23
6514,6939,supplier_failure,capacity_shortage,medium,2024-06-21 03:17:04,5.75
6515,6939,transport_delay,vehicle_breakdown,medium,2024-06-22 11:23:15,21.02
6516,6945,transport_delay,fuel_shortage,medium,2023-07-04 04:45:41,19.06
6517,6946,supplier_failure,quality_issue,medium,2023-01-28 16:36:07,33.99
6518,6946,transport_delay,road_closure,medium,2023-01-28 18:54:58,7.8
6519,6946,transport_delay,border_delay,medium,2023-01-28 22:47:33,13.55
6520,6947,transport_delay,border_delay,high,2024-08-10 23:24:11,38.66
6521,6947,supplier_failure,quality_issue,high,2024-08-12 13:55:15,40.86
6522,6947,transport_delay,fuel_shortage,high,2024-08-12 20:10:19,23.17
6523,6947,transport_delay,road_closure,high,2024-08-12 22:02:56,9.27
6524,6949,weather_disruption,fog,medium,2025-07-24 22:56:18,8.16
6525,6950,transport_delay,road_closure,low,2024-11-04 01:04:50,6.5
6526,6950,transport_delay,border_delay,low,2024-11-04 13:17:57,4.3
6527,6951,supplier_failure,quality_issue,high,2025-07-20 04:20:41,48.33
6528,6951,port_congestion,labor_strike,high,2025-07-20 05:51:30,17.79
6529,6951,supplier_failure,capacity_shortage,high,2025-07-21 12:05:59,7.72
6530,6951,port_congestion,labor_strike,high,2025-07-22 05:41:41,35.49
6531,6953,port_congestion,inspection_backlog,medium,2023-07-03 00:43:05,14.66
6532,6953,transport_delay,border_delay,medium,2023-07-03 17:02:06,10.59
6533,6954,transport_delay,fuel_shortage,high,2024-04-26 00:21:33,45.37
6534,6954,port_congestion,labor_strike,high,2024-04-27 06:14:34,12.74
6535,6955,weather_disruption,severe_storm,medium,2025-07-22 04:24:46,17.62
6536,6955,transport_delay,vehicle_breakdown,medium,2025-07-22 08:17:59,8.52
6537,6955,weather_disruption,hurricane,medium,2025-07-22 10:56:12,21.31
6538,6955,weather_disruption,hurricane,medium,2025-07-22 12:22:28,17.57
6539,6955,transport_delay,vehicle_breakdown,medium,2025-07-22 17:59:23,10.13
6540,6956,transport_delay,vehicle_breakdown,high,2023-04-10 19:07:31,46.06
6541,6956,port_congestion,high_demand,high,2023-04-11 07:36:30,23.79
6542,6956,transport_delay,vehicle_breakdown,high,2023-04-11 10:55:18,83.85
6543,6956,port_congestion,inspection_backlog,high,2023-04-11 12:11:52,31.11
6544,6957,port_congestion,high_demand,high,2024-08-23 07:33:03,33.3
6545,6957,port_congestion,high_demand,high,2024-08-23 15:17:08,130.84
6546,6957,transport_delay,road_closure,high,2024-08-26 01:39:50,18.87
6547,6957,port_congestion,inspection_backlog,high,2024-08-26 11:51:59,38.92
6548,6960,transport_delay,road_closure,medium,2024-01-23 00:44:12,8.36
6549,6961,weather_disruption,severe_storm,high,2024-07-23 20:42:38,26.7
6550,6962,weather_disruption,severe_storm,medium,2025-01-25 13:48:32,15.74
6551,6962,transport_delay,fuel_shortage,medium,2025-01-25 18:31:35,4.0
6552,6967,port_congestion,labor_strike,medium,2023-01-04 11:35:46,5.39
6553,6969,port_congestion,inspection_backlog,medium,2024-01-19 03:34:21,5.66
6554,6969,weather_disruption,fog,medium,2024-01-20 01:54:00,19.6
6555,6970,supplier_failure,production_halt,medium,2023-11-21 06:27:53,8.69
6556,6970,supplier_failure,capacity_shortage,medium,2023-11-21 16:52:48,16.78
6557,6970,transport_delay,border_delay,medium,2023-11-22 23:11:51,17.49
6558,6970,port_congestion,inspection_backlog,medium,2023-11-23 07:55:46,2.34
6559,6973,port_congestion,labor_strike,high,2024-01-08 12:18:04,97.89
6560,6974,transport_delay,fuel_shortage,high,2023-07-09 02:30:05,50.69
6561,6974,port_congestion,high_demand,high,2023-07-12 04:13:43,14.91
6562,6974,weather_disruption,blizzard,high,2023-07-12 18:59:47,7.74
6563,6975,transport_delay,border_delay,high,2024-08-29 04:41:45,61.71
6564,6976,weather_disruption,severe_storm,medium,2023-05-12 10:19:34,40.7
6565,6977,transport_delay,vehicle_breakdown,low,2023-10-20 12:23:24,6.15
6566,6978,port_congestion,labor_strike,low,2024-11-13 08:32:47,11.85
6567,6980,port_congestion,labor_strike,medium,2025-08-04 13:19:24,5.83
6568,6980,transport_delay,border_delay,medium,2025-08-04 14:45:03,3.26
6569,6983,port_congestion,equipment_failure,medium,2023-05-11 02:52:14,7.0
6570,6986,weather_disruption,blizzard,medium,2025-05-09 07:33:32,9.13
6571,6986,port_congestion,labor_strike,medium,2025-05-10 10:25:45,5.14
6572,6987,transport_delay,vehicle_breakdown,medium,2025-08-05 12:47:35,6.85
6573,6988,transport_delay,fuel_shortage,high,2025-07-18 17:54:57,23.8
6574,6988,weather_disruption,hurricane,high,2025-07-18 23:12:39,15.61
6575,6988,supplier_failure,capacity_shortage,high,2025-07-21 00:44:15,44.53
6576,6989,transport_delay,border_delay,medium,2024-09-15 15:13:44,14.67
6577,6990,transport_delay,road_closure,medium,2024-07-01 11:35:50,2.63
6578,6990,transport_delay,fuel_shortage,medium,2024-07-01 13:05:09,3.09
6579,6990,port_congestion,inspection_backlog,medium,2024-07-01 15:04:37,28.76
6580,6990,weather_disruption,fog,medium,2024-07-01 16:43:16,13.29
6581,6991,supplier_failure,quality_issue,medium,2024-09-08 03:16:07,19.7
6582,6992,port_congestion,labor_strike,medium,2024-05-28 09:21:38,9.01
6583,6992,supplier_failure,quality_issue,medium,2024-05-28 22:41:15,7.15
6584,6994,transport_delay,border_delay,low,2023-05-16 00:18:36,0.92
6585,6996,supplier_failure,bankruptcy,high,2025-05-22 19:31:56,42.83
6586,6996,weather_disruption,blizzard,high,2025-05-22 23:48:50,50.11
6587,6996,weather_disruption,flooding,high,2025-05-23 04:34:31,23.35
6588,6996,port_congestion,high_demand,high,2025-05-23 17:19:45,69.95
6589,6996,weather_disruption,flooding,high,2025-05-24 10:20:19,78.92
6590,6996,port_congestion,labor_strike,high,2025-05-25 09:33:12,29.89
6591,6999,port_congestion,labor_strike,medium,2025-01-23 03:05:00,3.95
6592,7002,port_congestion,inspection_backlog,medium,2025-03-10 07:20:59,24.21
6593,7002,port_congestion,high_demand,medium,2025-03-10 17:51:13,14.45
6594,7004,transport_delay,road_closure,high,2025-04-25 00:08:50,45.44
6595,7004,weather_disruption,hurricane,high,2025-04-29 20:47:34,29.02
6596,7005,weather_disruption,severe_storm,medium,2025-05-25 15:51:05,5.55
6597,7005,transport_delay,fuel_shortage,medium,2025-05-26 04:20:33,16.15
6598,7005,transport_delay,vehicle_breakdown,medium,2025-05-27 05:18:43,8.52
6599,7006,weather_disruption,blizzard,medium,2024-05-29 20:08:48,6.2
6600,7007,transport_delay,border_delay,low,2024-10-31 11:18:34,2.21
6601,7007,transport_delay,border_delay,low,2024-10-31 12:29:49,4.11
6602,7008,weather_disruption,hurricane,medium,2023-08-17 14:02:29,16.99
6603,7008,port_congestion,labor_strike,medium,2023-08-18 00:04:10,9.28
6604,7013,supplier_failure,production_halt,medium,2023-05-05 10:24:30,21.65
6605,7013,transport_delay,border_delay,medium,2023-05-05 21:55:04,10.64
6606,7014,weather_disruption,hurricane,medium,2024-07-05 13:10:46,11.13
6607,7015,supplier_failure,quality_issue,medium,2024-07-15 00:39:59,22.6
6608,7016,weather_disruption,hurricane,low,2024-06-11 08:21:46,2.36
6609,7017,transport_delay,border_delay,medium,2024-08-01 16:28:25,8.11
6610,7019,weather_disruption,blizzard,low,2024-02-13 18:13:24,3.49
6611,7021,port_congestion,high_demand,medium,2025-06-28 15:16:50,17.62
6612,7021,transport_delay,road_closure,medium,2025-06-29 07:50:59,8.59
6613,7022,transport_delay,fuel_shortage,medium,2024-09-23 07:30:53,16.37
6614,7024,port_congestion,labor_strike,high,2023-12-19 04:15:46,73.94
6615,7024,supplier_failure,quality_issue,high,2023-12-21 00:40:31,25.26
6616,7026,supplier_failure,production_halt,high,2024-02-21 10:09:44,38.23
6617,7026,transport_delay,border_delay,high,2024-02-25 17:03:26,10.29
6618,7027,transport_delay,road_closure,high,2025-07-30 14:19:10,21.31
6619,7027,weather_disruption,blizzard,high,2025-08-03 13:39:47,52.12
6620,7028,port_congestion,labor_strike,medium,2024-09-13 15:13:54,51.67
6621,7029,port_congestion,high_demand,medium,2024-07-26 06:09:02,16.16
6622,7031,transport_delay,vehicle_breakdown,medium,2023-11-23 18:31:26,29.28
6623,7036,port_congestion,equipment_failure,high,2025-08-06 11:43:14,50.76
6624,7037,transport_delay,border_delay,high,2025-05-14 00:27:34,75.15
6625,7037,transport_delay,road_closure,high,2025-05-16 18:40:59,48.49
6626,7038,port_congestion,equipment_failure,medium,2023-02-23 03:53:08,29.79
6627,7038,port_congestion,equipment_failure,medium,2023-02-23 09:12:16,11.07
6628,7039,port_congestion,high_demand,high,2024-03-28 02:33:46,36.97
6629,7041,transport_delay,border_delay,medium,2025-01-03 13:39:53,23.74
6630,7042,port_congestion,high_demand,medium,2025-01-07 10:00:10,15.96
6631,7043,port_congestion,inspection_backlog,high,2023-11-15 21:36:10,29.91
6632,7043,port_congestion,labor_strike,high,2023-11-16 04:23:40,47.02
6633,7045,transport_delay,border_delay,low,2023-01-04 01:13:22,5.23
6634,7045,supplier_failure,quality_issue,low,2023-01-04 02:45:45,18.97
6635,7045,transport_delay,vehicle_breakdown,low,2023-01-04 05:42:19,8.99
6636,7045,transport_delay,vehicle_breakdown,low,2023-01-04 06:19:17,3.73
6637,7046,supplier_failure,capacity_shortage,medium,2025-05-02 12:48:24,9.46
6638,7049,transport_delay,road_closure,medium,2023-02-23 10:20:45,11.03
6639,7049,port_congestion,high_demand,medium,2023-02-23 22:07:23,11.33
6640,7053,port_congestion,equipment_failure,low,2023-11-13 03:31:11,4.81
6641,7053,transport_delay,fuel_shortage,low,2023-11-13 21:05:45,7.83
6642,7057,port_congestion,inspection_backlog,high,2024-03-17 03:57:13,23.27
6643,7057,port_congestion,equipment_failure,high,2024-03-17 07:49:04,23.41
6644,7057,transport_delay,vehicle_breakdown,high,2024-03-18 02:44:13,15.38
6645,7057,port_congestion,equipment_failure,high,2024-03-18 06:08:29,47.38
6646,7057,transport_delay,border_delay,high,2024-03-20 01:02:21,43.16
6647,7060,port_congestion,labor_strike,medium,2024-01-23 18:16:18,31.74
6648,7061,transport_delay,road_closure,medium,2023-08-25 03:06:44,8.37
6649,7061,weather_disruption,blizzard,medium,2023-08-26 06:48:07,18.58
6650,7061,transport_delay,vehicle_breakdown,medium,2023-08-26 09:52:19,11.0
6651,7061,transport_delay,vehicle_breakdown,medium,2023-08-26 12:48:37,11.12
6652,7062,supplier_failure,quality_issue,low,2023-10-19 01:00:40,2.12
6653,7063,weather_disruption,fog,high,2024-12-11 09:04:58,38.79
6654,7063,weather_disruption,flooding,high,2024-12-11 20:25:13,12.01
6655,7063,weather_disruption,hurricane,high,2024-12-12 19:08:05,35.45
6656,7064,supplier_failure,production_halt,low,2025-11-01 05:07:20,8.32
6657,7067,transport_delay,fuel_shortage,high,2024-08-23 19:15:35,74.44
6658,7067,weather_disruption,blizzard,high,2024-08-23 21:55:10,32.56
6659,7067,weather_disruption,blizzard,high,2024-08-25 02:49:48,53.19
6660,7067,supplier_failure,capacity_shortage,high,2024-08-25 03:27:20,65.63
6661,7067,supplier_failure,quality_issue,high,2024-08-25 17:18:42,23.8
6662,7067,port_congestion,high_demand,high,2024-08-27 01:03:51,25.99
6663,7068,weather_disruption,severe_storm,medium,2024-12-24 01:34:01,5.91
6664,7068,transport_delay,fuel_shortage,medium,2024-12-24 06:24:00,7.18
6665,7069,supplier_failure,quality_issue,low,2023-03-22 04:51:44,10.33
6666,7070,port_congestion,labor_strike,high,2023-03-24 06:25:40,22.69
6667,7070,transport_delay,vehicle_breakdown,high,2023-03-24 13:06:32,39.9
6668,7070,transport_delay,fuel_shortage,high,2023-03-27 23:39:32,41.95
6669,7070,supplier_failure,capacity_shortage,high,2023-03-28 02:05:05,40.1
6670,7072,supplier_failure,quality_issue,high,2024-10-17 16:31:26,61.68
6671,7072,weather_disruption,blizzard,high,2024-10-20 04:15:21,52.79
6672,7072,supplier_failure,capacity_shortage,high,2024-10-20 21:24:17,60.13
6673,7073,weather_disruption,flooding,high,2024-12-15 16:43:39,38.28
6674,7073,weather_disruption,hurricane,high,2024-12-16 17:14:32,29.83
6675,7073,transport_delay,vehicle_breakdown,high,2024-12-16 23:47:00,48.13
6676,7075,transport_delay,road_closure,high,2025-07-10 18:47:41,61.79
6677,7077,port_congestion,inspection_backlog,medium,2025-10-07 03:48:54,10.5
6678,7079,transport_delay,vehicle_breakdown,medium,2023-01-17 09:16:25,6.72
6679,7079,transport_delay,border_delay,medium,2023-01-17 22:28:10,8.63
6680,7079,port_congestion,equipment_failure,medium,2023-01-18 12:46:25,10.14
6681,7080,transport_delay,border_delay,medium,2023-02-11 04:53:06,9.14
6682,7080,transport_delay,fuel_shortage,medium,2023-02-11 09:57:56,7.23
6683,7081,transport_delay,vehicle_breakdown,medium,2023-04-01 23:03:28,17.66
6684,7086,port_congestion,labor_strike,medium,2024-01-21 20:22:32,12.84
6685,7087,transport_delay,border_delay,medium,2024-10-19 04:02:36,5.67
6686,7087,port_congestion,high_demand,medium,2024-10-19 13:48:32,14.73
6687,7089,transport_delay,fuel_shortage,high,2025-06-03 09:27:01,20.97
6688,7089,transport_delay,border_delay,high,2025-06-07 06:03:23,30.24
6689,7089,port_congestion,equipment_failure,high,2025-06-07 12:18:17,21.15
6690,7089,weather_disruption,flooding,high,2025-06-07 13:43:01,31.22
6691,7090,port_congestion,inspection_backlog,medium,2023-12-31 17:39:38,5.66
6692,7091,transport_delay,fuel_shortage,low,2023-11-24 00:51:19,5.22
6693,7091,transport_delay,border_delay,low,2023-11-24 10:17:13,3.53
6694,7095,weather_disruption,flooding,medium,2023-10-03 04:14:08,11.66
6695,7099,transport_delay,vehicle_breakdown,medium,2025-08-16 12:00:20,18.33
6696,7101,supplier_failure,capacity_shortage,low,2024-03-14 07:57:58,7.43
6697,7103,port_congestion,inspection_backlog,high,2023-08-01 18:15:29,27.1
6698,7107,supplier_failure,production_halt,low,2023-04-06 00:28:54,2.63
6699,7107,port_congestion,labor_strike,low,2023-04-06 07:07:19,5.18
6700,7107,port_congestion,high_demand,low,2023-04-06 07:37:20,4.95
6701,7108,transport_delay,road_closure,medium,2024-08-13 15:08:08,12.75
6702,7108,transport_delay,road_closure,medium,2024-08-13 18:49:17,9.26
6703,7109,port_congestion,inspection_backlog,medium,2024-08-12 18:07:53,25.76
6704,7114,port_congestion,high_demand,low,2025-09-07 00:08:31,4.78
6705,7116,transport_delay,border_delay,high,2023-04-14 15:46:06,34.46
6706,7116,weather_disruption,blizzard,high,2023-04-15 00:15:47,14.92
6707,7116,transport_delay,border_delay,high,2023-04-15 23:30:18,58.25
6708,7119,weather_disruption,hurricane,medium,2025-11-26 02:36:27,19.2
6709,7119,transport_delay,vehicle_breakdown,medium,2025-11-26 19:57:08,8.65
6710,7121,port_congestion,labor_strike,medium,2024-04-16 09:50:38,14.45
6711,7125,port_congestion,labor_strike,medium,2023-01-23 21:25:20,12.17
6712,7126,port_congestion,high_demand,low,2023-04-06 10:49:30,8.84
6713,7126,supplier_failure,production_halt,low,2023-04-06 15:54:19,4.96
6714,7127,supplier_failure,bankruptcy,high,2024-07-13 10:27:04,14.43
6715,7127,supplier_failure,capacity_shortage,high,2024-07-13 14:11:14,9.14
6716,7127,port_congestion,high_demand,high,2024-07-14 18:25:55,36.13
6717,7127,port_congestion,high_demand,high,2024-07-17 01:27:50,4.54
6718,7127,weather_disruption,blizzard,high,2024-07-22 00:49:09,28.6
6719,7132,weather_disruption,hurricane,high,2025-03-29 05:35:01,13.46
6720,7132,port_congestion,high_demand,high,2025-03-31 18:05:21,29.1
6721,7133,weather_disruption,severe_storm,high,2024-11-11 19:17:41,9.27
6722,7133,weather_disruption,blizzard,high,2024-11-15 05:03:54,27.46
6723,7133,port_congestion,inspection_backlog,high,2024-11-16 03:29:13,21.05
6724,7134,supplier_failure,quality_issue,medium,2024-05-29 03:13:06,14.4
6725,7134,port_congestion,high_demand,medium,2024-05-29 04:15:24,7.66
6726,7136,port_congestion,labor_strike,medium,2024-01-18 13:30:51,21.75
6727,7137,transport_delay,border_delay,high,2025-02-08 17:27:17,32.77
6728,7138,supplier_failure,production_halt,low,2023-09-14 10:24:43,6.64
6729,7139,transport_delay,vehicle_breakdown,medium,2024-08-15 13:06:47,6.17
6730,7139,port_congestion,equipment_failure,medium,2024-08-15 15:56:32,18.64
6731,7139,port_congestion,inspection_backlog,medium,2024-08-15 17:55:56,24.61
6732,7139,port_congestion,inspection_backlog,medium,2024-08-15 19:53:53,27.86
6733,7141,transport_delay,road_closure,medium,2025-11-02 11:53:54,17.84
6734,7143,port_congestion,labor_strike,medium,2023-03-13 05:53:32,33.14
6735,7143,port_congestion,inspection_backlog,medium,2023-03-14 03:59:03,16.87
6736,7144,weather_disruption,flooding,high,2024-06-05 10:38:48,17.75
6737,7144,transport_delay,fuel_shortage,high,2024-06-05 16:39:11,41.28
6738,7144,port_congestion,labor_strike,high,2024-06-06 12:16:54,31.02
6739,7146,port_congestion,labor_strike,high,2023-08-28 09:56:28,19.62
6740,7146,port_congestion,high_demand,high,2023-08-29 03:13:11,47.28
6741,7146,port_congestion,equipment_failure,high,2023-08-31 08:21:56,39.95
6742,7150,transport_delay,road_closure,high,2024-10-07 01:36:56,46.19
6743,7150,transport_delay,vehicle_breakdown,high,2024-10-11 09:22:21,57.53
6744,7153,weather_disruption,blizzard,medium,2023-05-10 01:58:19,34.17
6745,7153,port_congestion,high_demand,medium,2023-05-10 22:22:05,12.28
6746,7154,weather_disruption,severe_storm,medium,2025-10-24 11:31:56,7.71
6747,7154,supplier_failure,bankruptcy,medium,2025-10-24 18:51:10,16.1
6748,7156,supplier_failure,quality_issue,high,2023-04-13 03:52:06,16.43
6749,7156,transport_delay,road_closure,high,2023-04-14 02:33:11,46.53
6750,7156,supplier_failure,bankruptcy,high,2023-04-14 07:18:31,13.97
6751,7156,supplier_failure,capacity_shortage,high,2023-04-15 23:21:54,54.97
6752,7160,supplier_failure,quality_issue,medium,2024-05-20 01:15:59,21.44
6753,7163,weather_disruption,fog,high,2024-06-21 15:10:59,71.77
6754,7163,weather_disruption,hurricane,high,2024-06-28 21:30:37,77.17
6755,7163,weather_disruption,fog,high,2024-06-30 08:14:52,68.92
6756,7163,transport_delay,fuel_shortage,high,2024-06-30 18:24:08,67.06
6757,7163,transport_delay,road_closure,high,2024-06-30 22:12:10,41.19
6758,7165,supplier_failure,bankruptcy,low,2024-02-12 03:53:53,9.72
6759,7166,transport_delay,vehicle_breakdown,medium,2023-12-25 03:42:31,3.85
6760,7166,transport_delay,fuel_shortage,medium,2023-12-25 21:50:15,13.57
6761,7167,port_congestion,inspection_backlog,low,2024-02-28 12:44:24,2.07
6762,7168,transport_delay,vehicle_breakdown,medium,2025-05-12 00:33:59,13.17
6763,7171,port_congestion,labor_strike,medium,2023-12-19 03:27:06,9.58
6764,7172,transport_delay,road_closure,medium,2024-08-13 22:16:26,7.58
6765,7174,weather_disruption,blizzard,high,2025-04-07 13:01:22,26.11
6766,7175,transport_delay,border_delay,medium,2023-11-03 19:42:22,6.36
6767,7177,transport_delay,vehicle_breakdown,medium,2024-08-11 21:13:47,7.35
6768,7178,transport_delay,fuel_shortage,low,2025-07-20 01:51:30,12.89
6769,7179,port_congestion,equipment_failure,medium,2023-09-29 13:24:27,11.86
6770,7180,supplier_failure,production_halt,low,2025-10-21 04:36:17,7.19
6771,7182,port_congestion,inspection_backlog,medium,2025-06-05 04:33:53,27.36
6772,7183,port_congestion,labor_strike,low,2023-01-26 22:01:43,3.38
6773,7188,port_congestion,labor_strike,medium,2024-01-04 00:45:37,12.49
6774,7188,port_congestion,high_demand,medium,2024-01-04 10:29:36,12.59
6775,7188,port_congestion,equipment_failure,medium,2024-01-05 06:50:20,32.86
6776,7189,port_congestion,high_demand,medium,2024-06-09 02:50:11,10.92
6777,7191,supplier_failure,quality_issue,medium,2024-04-21 11:32:02,24.78
6778,7192,supplier_failure,capacity_shortage,medium,2024-09-04 11:25:17,4.36
6779,7193,supplier_failure,production_halt,medium,2024-04-13 21:15:56,5.13
6780,7197,transport_delay,vehicle_breakdown,medium,2024-11-19 07:24:06,11.84
6781,7197,port_congestion,inspection_backlog,medium,2024-11-19 16:43:30,21.2
6782,7199,weather_disruption,fog,medium,2023-07-26 01:45:08,19.26
6783,7199,supplier_failure,capacity_shortage,medium,2023-07-26 06:52:17,6.55
6784,7199,supplier_failure,quality_issue,medium,2023-07-26 10:09:25,10.13
6785,7200,transport_delay,road_closure,medium,2024-07-04 02:08:54,8.39
6786,7200,supplier_failure,quality_issue,medium,2024-07-04 07:37:46,8.81
6787,7200,port_congestion,labor_strike,medium,2024-07-04 13:06:37,25.16
6788,7207,supplier_failure,capacity_shortage,high,2025-08-12 00:24:38,9.12
6789,7207,weather_disruption,fog,high,2025-08-13 11:19:12,16.72
6790,7211,weather_disruption,hurricane,high,2023-01-30 23:37:54,15.62
6791,7211,weather_disruption,flooding,high,2023-02-02 01:12:47,38.9
6792,7211,transport_delay,border_delay,high,2023-02-02 11:49:33,13.71
6793,7212,port_congestion,equipment_failure,low,2025-10-10 04:24:52,30.01
6794,7212,port_congestion,inspection_backlog,low,2025-10-10 13:49:35,6.03
6795,7212,weather_disruption,fog,low,2025-10-10 17:24:52,2.79
6796,7216,port_congestion,labor_strike,medium,2024-08-11 17:07:41,7.65
6797,7219,port_congestion,labor_strike,medium,2024-11-09 12:56:56,24.4
6798,7220,transport_delay,road_closure,medium,2024-06-06 07:08:20,5.85
6799,7221,transport_delay,fuel_shortage,medium,2025-04-10 03:33:06,7.78
6800,7222,port_congestion,equipment_failure,low,2024-02-03 13:49:15,3.08
6801,7222,port_congestion,inspection_backlog,low,2024-02-03 18:19:04,2.74
6802,7222,transport_delay,border_delay,low,2024-02-03 19:28:56,11.07
6803,7223,port_congestion,equipment_failure,medium,2024-10-16 07:02:31,4.94
6804,7226,supplier_failure,production_halt,medium,2023-08-23 15:21:39,5.85
6805,7226,port_congestion,labor_strike,medium,2023-08-24 10:42:47,14.32
6806,7228,transport_delay,vehicle_breakdown,high,2023-05-09 17:10:15,63.16
6807,7230,transport_delay,fuel_shortage,low,2025-11-07 02:58:52,10.67
6808,7231,transport_delay,vehicle_breakdown,high,2025-06-05 16:30:41,23.2
6809,7233,transport_delay,border_delay,medium,2025-07-09 02:19:49,8.22
6810,7238,transport_delay,road_closure,medium,2024-09-13 13:22:38,42.45
6811,7239,weather_disruption,blizzard,medium,2024-12-13 13:43:21,6.71
6812,7239,transport_delay,fuel_shortage,medium,2024-12-13 21:16:12,14.87
6813,7241,transport_delay,fuel_shortage,medium,2024-11-05 14:46:31,26.83
6814,7245,supplier_failure,quality_issue,medium,2025-09-11 13:25:31,6.48
6815,7247,port_congestion,labor_strike,high,2024-03-20 03:40:38,51.23
6816,7247,port_congestion,labor_strike,high,2024-03-22 05:56:39,107.37
6817,7249,supplier_failure,quality_issue,low,2023-04-07 10:47:43,2.15
6818,7250,weather_disruption,hurricane,high,2023-07-03 06:39:57,27.3
6819,7250,port_congestion,equipment_failure,high,2023-07-03 10:17:09,18.92
6820,7250,weather_disruption,fog,high,2023-07-04 13:57:53,25.0
6821,7250,weather_disruption,severe_storm,high,2023-07-06 02:55:46,36.91
6822,7250,port_congestion,inspection_backlog,high,2023-07-06 04:45:49,63.44
6823,7251,transport_delay,fuel_shortage,high,2023-10-01 06:01:57,28.33
6824,7251,transport_delay,border_delay,high,2023-10-04 19:17:10,76.66
6825,7251,transport_delay,vehicle_breakdown,high,2023-10-05 14:15:20,24.84
6826,7251,port_congestion,equipment_failure,high,2023-10-05 21:49:38,93.28
6827,7252,weather_disruption,blizzard,medium,2024-03-08 19:41:38,13.88
6828,7253,transport_delay,vehicle_breakdown,medium,2025-04-29 05:20:13,11.48
6829,7253,transport_delay,fuel_shortage,medium,2025-04-29 10:17:17,9.32
6830,7253,transport_delay,road_closure,medium,2025-04-29 13:58:25,6.74
6831,7255,transport_delay,vehicle_breakdown,medium,2025-11-11 03:42:57,10.77
6832,7256,transport_delay,border_delay,medium,2024-10-01 10:13:42,25.81
6833,7256,supplier_failure,quality_issue,medium,2024-10-02 12:10:33,17.55
6834,7260,transport_delay,road_closure,high,2023-05-25 06:37:42,23.87
6835,7260,weather_disruption,flooding,high,2023-05-27 19:12:20,53.78
6836,7260,weather_disruption,fog,high,2023-05-28 02:37:13,26.88
6837,7261,port_congestion,labor_strike,medium,2023-02-18 16:03:47,29.51
6838,7261,weather_disruption,flooding,medium,2023-02-19 02:52:11,10.26
6839,7262,transport_delay,border_delay,low,2023-08-02 03:42:13,14.57
6840,7262,weather_disruption,flooding,low,2023-08-02 08:57:57,2.96
6841,7264,transport_delay,road_closure,low,2025-09-30 08:42:45,6.6
6842,7266,supplier_failure,capacity_shortage,medium,2025-04-25 14:27:32,9.03
6843,7266,weather_disruption,hurricane,medium,2025-04-26 12:12:59,16.49
6844,7266,port_congestion,equipment_failure,medium,2025-04-26 17:06:31,15.19
6845,7267,supplier_failure,production_halt,high,2025-06-01 23:05:47,54.2
6846,7267,supplier_failure,production_halt,high,2025-06-06 08:32:49,29.29
6847,7267,transport_delay,road_closure,high,2025-06-07 06:40:33,48.7
6848,7267,transport_delay,border_delay,high,2025-06-07 08:33:56,13.09
6849,7270,port_congestion,labor_strike,high,2025-08-21 07:42:26,27.42
6850,7271,supplier_failure,capacity_shortage,low,2025-05-23 13:16:57,2.46
6851,7274,port_congestion,labor_strike,low,2023-03-25 00:33:58,10.71
6852,7274,supplier_failure,bankruptcy,low,2023-03-25 09:43:45,11.88
6853,7274,port_congestion,inspection_backlog,low,2023-03-25 10:33:49,5.89
6854,7276,transport_delay,vehicle_breakdown,high,2025-12-01 07:24:35,18.22
6855,7276,supplier_failure,bankruptcy,high,2025-12-01 16:59:22,19.46
6856,7276,port_congestion,inspection_backlog,high,2025-12-03 12:17:07,19.89
6857,7276,supplier_failure,bankruptcy,high,2025-12-06 05:42:18,62.54
6858,7276,port_congestion,equipment_failure,high,2025-12-08 19:37:50,29.85
6859,7278,port_congestion,inspection_backlog,medium,2024-07-18 09:43:29,27.11
6860,7278,transport_delay,border_delay,medium,2024-07-18 12:17:47,13.14
6861,7278,port_congestion,equipment_failure,medium,2024-07-18 12:37:42,9.81
6862,7279,supplier_failure,quality_issue,medium,2023-05-20 12:53:18,45.32
6863,7280,port_congestion,high_demand,low,2025-10-08 02:02:20,6.76
6864,7280,port_congestion,equipment_failure,low,2025-10-08 05:52:01,2.1
6865,7283,supplier_failure,bankruptcy,medium,2025-04-25 04:06:20,15.02
6866,7283,transport_delay,vehicle_breakdown,medium,2025-04-25 20:43:49,8.53
6867,7284,weather_disruption,hurricane,low,2024-05-30 09:59:09,5.72
6868,7285,port_congestion,labor_strike,medium,2024-03-27 22:20:49,34.35
6869,7288,port_congestion,inspection_backlog,medium,2024-05-24 04:50:37,22.11
6870,7288,supplier_failure,bankruptcy,medium,2024-05-24 20:59:52,24.58
6871,7292,transport_delay,border_delay,medium,2024-08-05 14:31:12,9.75
6872,7294,port_congestion,high_demand,medium,2023-08-21 08:05:42,34.64
6873,7294,port_congestion,inspection_backlog,medium,2023-08-21 18:45:27,8.56
6874,7297,transport_delay,border_delay,high,2023-09-19 19:59:29,18.87
6875,7297,transport_delay,road_closure,high,2023-09-20 13:53:46,20.38
6876,7298,transport_delay,road_closure,high,2025-02-05 13:34:23,22.6
6877,7298,transport_delay,vehicle_breakdown,high,2025-02-06 05:06:39,41.66
6878,7301,port_congestion,labor_strike,medium,2024-10-06 00:17:19,17.49
6879,7306,port_congestion,high_demand,high,2024-12-14 05:07:29,14.57
6880,7306,transport_delay,road_closure,high,2024-12-15 22:32:22,63.96
6881,7306,weather_disruption,fog,high,2024-12-16 12:58:55,31.32
6882,7307,weather_disruption,hurricane,high,2025-07-07 07:22:54,36.2
6883,7309,supplier_failure,quality_issue,low,2025-08-01 12:50:02,3.21
6884,7314,port_congestion,high_demand,low,2024-03-09 06:53:22,4.77
6885,7317,transport_delay,fuel_shortage,medium,2025-08-05 11:53:19,17.19
6886,7318,transport_delay,fuel_shortage,medium,2024-06-27 06:37:03,8.62
6887,7326,supplier_failure,quality_issue,medium,2024-04-04 19:13:26,13.86
6888,7327,port_congestion,inspection_backlog,medium,2024-10-02 12:57:35,4.14
6889,7327,port_congestion,labor_strike,medium,2024-10-03 06:24:40,26.13
6890,7328,weather_disruption,flooding,medium,2023-11-20 06:29:10,4.7
6891,7331,transport_delay,road_closure,high,2025-01-23 13:22:43,34.81
6892,7331,port_congestion,labor_strike,high,2025-01-23 22:53:21,32.52
6893,7331,transport_delay,border_delay,high,2025-01-25 12:52:51,77.82
6894,7333,port_congestion,high_demand,medium,2024-03-25 01:17:06,4.15
6895,7333,supplier_failure,bankruptcy,medium,2024-03-26 00:53:45,6.83
6896,7333,port_congestion,labor_strike,medium,2024-03-26 14:13:29,3.61
6897,7335,transport_delay,road_closure,medium,2023-03-20 01:40:02,15.26
6898,7335,port_congestion,labor_strike,medium,2023-03-21 03:06:04,18.66
6899,7336,transport_delay,border_delay,low,2024-07-26 08:43:04,11.72
6900,7340,transport_delay,border_delay,medium,2025-05-29 21:05:50,35.09
6901,7340,transport_delay,border_delay,medium,2025-05-30 19:06:27,23.1
6902,7340,port_congestion,labor_strike,medium,2025-05-30 19:31:53,8.34
6903,7343,port_congestion,equipment_failure,high,2023-06-12 22:36:51,41.73
6904,7343,transport_delay,fuel_shortage,high,2023-06-14 01:48:51,13.94
6905,7343,transport_delay,vehicle_breakdown,high,2023-06-15 08:39:48,9.23
6906,7348,transport_delay,fuel_shortage,low,2025-05-26 03:36:08,7.83
6907,7350,weather_disruption,flooding,medium,2025-05-02 02:25:54,14.36
6908,7350,transport_delay,road_closure,medium,2025-05-02 19:48:30,13.71
6909,7350,supplier_failure,capacity_shortage,medium,2025-05-03 06:45:12,13.05
6910,7351,port_congestion,labor_strike,medium,2025-03-24 14:05:08,24.45
6911,7354,supplier_failure,quality_issue,medium,2024-02-17 00:24:07,29.13
6912,7355,transport_delay,vehicle_breakdown,high,2024-02-19 23:52:27,17.36
6913,7357,port_congestion,inspection_backlog,high,2025-07-27 07:09:51,18.54
6914,7360,port_congestion,equipment_failure,medium,2025-07-11 03:12:42,35.4
6915,7361,transport_delay,fuel_shortage,low,2025-09-07 05:34:33,2.88
6916,7362,weather_disruption,fog,low,2024-07-03 03:04:38,1.96
6917,7362,port_congestion,equipment_failure,low,2024-07-03 05:29:13,4.46
6918,7362,supplier_failure,quality_issue,low,2024-07-03 15:46:49,2.49
6919,7364,transport_delay,border_delay,medium,2025-09-26 20:55:23,6.52
6920,7365,port_congestion,equipment_failure,high,2024-04-22 02:17:43,41.26
6921,7366,transport_delay,vehicle_breakdown,medium,2023-05-15 13:08:53,9.58
6922,7367,supplier_failure,quality_issue,medium,2024-04-06 00:09:22,12.4
6923,7367,port_congestion,labor_strike,medium,2024-04-06 06:11:58,6.51
6924,7372,supplier_failure,capacity_shortage,high,2025-11-01 07:04:15,21.27
6925,7372,supplier_failure,bankruptcy,high,2025-11-05 22:42:51,41.42
6926,7375,weather_disruption,blizzard,medium,2024-08-25 16:01:10,10.06
6927,7376,transport_delay,road_closure,high,2024-08-06 19:33:15,111.45
6928,7376,weather_disruption,hurricane,high,2024-08-07 00:43:34,16.84
6929,7376,transport_delay,vehicle_breakdown,high,2024-08-08 04:49:41,17.84
6930,7376,transport_delay,road_closure,high,2024-08-09 23:18:25,44.32
6931,7377,transport_delay,road_closure,high,2024-09-20 10:32:49,29.59
6932,7378,transport_delay,road_closure,high,2024-06-13 20:01:25,44.33
6933,7382,port_congestion,labor_strike,high,2025-03-03 12:05:52,28.27
6934,7382,transport_delay,fuel_shortage,high,2025-03-04 01:06:00,29.51
6935,7382,transport_delay,border_delay,high,2025-03-04 04:33:21,26.01
6936,7382,port_congestion,labor_strike,high,2025-03-04 12:17:25,57.8
6937,7384,supplier_failure,quality_issue,medium,2023-03-25 21:17:51,5.16
6938,7385,weather_disruption,hurricane,medium,2023-08-10 21:13:17,4.61
6939,7385,supplier_failure,quality_issue,medium,2023-08-11 05:18:32,9.62
6940,7388,transport_delay,border_delay,medium,2023-02-10 07:28:33,7.66
6941,7388,transport_delay,border_delay,medium,2023-02-10 11:47:15,6.35
6942,7395,port_congestion,labor_strike,high,2024-04-06 21:34:10,39.47
6943,7396,transport_delay,road_closure,high,2024-02-12 16:57:31,38.69
6944,7396,weather_disruption,flooding,high,2024-02-17 16:29:15,15.18
6945,7396,transport_delay,border_delay,high,2024-02-19 07:50:05,23.84
6946,7397,transport_delay,road_closure,low,2024-03-16 03:30:30,8.41
6947,7400,supplier_failure,capacity_shortage,medium,2025-10-26 23:40:01,15.1
6948,7402,port_congestion,inspection_backlog,high,2025-05-30 13:02:57,58.89
6949,7404,transport_delay,road_closure,low,2023-06-15 07:14:13,4.38
6950,7404,transport_delay,road_closure,low,2023-06-15 12:08:18,4.35
6951,7405,transport_delay,fuel_shortage,medium,2024-05-27 05:07:39,7.35
6952,7406,transport_delay,vehicle_breakdown,medium,2023-07-13 13:13:36,13.58
6953,7406,transport_delay,vehicle_breakdown,medium,2023-07-15 03:08:21,8.04
6954,7406,port_congestion,inspection_backlog,medium,2023-07-15 08:20:46,40.54
6955,7407,supplier_failure,quality_issue,high,2025-03-25 07:05:47,25.55
6956,7407,transport_delay,border_delay,high,2025-03-25 07:36:59,28.73
6957,7407,port_congestion,labor_strike,high,2025-03-25 23:27:43,18.07
6958,7407,weather_disruption,severe_storm,high,2025-03-27 08:43:48,49.55
6959,7407,transport_delay,vehicle_breakdown,high,2025-03-27 18:08:57,22.95
6960,7408,transport_delay,road_closure,high,2025-03-10 03:15:10,61.28
6961,7408,weather_disruption,severe_storm,high,2025-03-10 12:14:05,63.28
6962,7408,transport_delay,vehicle_breakdown,high,2025-03-10 21:53:59,61.72
6963,7408,transport_delay,border_delay,high,2025-03-15 04:46:25,46.77
6964,7411,transport_delay,border_delay,high,2023-09-29 21:25:04,14.73
6965,7411,supplier_failure,capacity_shortage,high,2023-09-30 13:17:50,34.15
6966,7411,transport_delay,fuel_shortage,high,2023-09-30 23:02:19,120.97
6967,7411,weather_disruption,flooding,high,2023-10-01 23:41:18,54.27
6968,7411,port_congestion,equipment_failure,high,2023-10-02 02:01:54,43.12
6969,7411,port_congestion,equipment_failure,high,2023-10-05 23:41:35,48.03
6970,7412,weather_disruption,blizzard,medium,2024-02-04 01:28:18,9.9
6971,7412,weather_disruption,severe_storm,medium,2024-02-04 19:15:57,6.71
6972,7413,weather_disruption,fog,high,2024-07-30 07:08:32,20.01
6973,7413,supplier_failure,production_halt,high,2024-07-31 13:21:32,21.04
6974,7416,weather_disruption,severe_storm,high,2023-03-18 09:14:14,61.45
6975,7416,port_congestion,equipment_failure,high,2023-03-19 08:25:12,34.13
6976,7416,supplier_failure,production_halt,high,2023-03-19 14:26:24,61.57
6977,7418,transport_delay,border_delay,medium,2024-01-18 07:05:33,21.75
6978,7426,transport_delay,fuel_shortage,high,2023-05-18 17:18:06,54.09
6979,7429,transport_delay,vehicle_breakdown,medium,2023-01-08 15:55:06,11.97
6980,7430,transport_delay,fuel_shortage,low,2023-07-17 07:31:16,2.76
6981,7430,port_congestion,inspection_backlog,low,2023-07-17 08:31:56,5.22
6982,7430,transport_delay,road_closure,low,2023-07-17 11:42:15,4.73
6983,7434,port_congestion,inspection_backlog,low,2025-01-15 04:16:08,3.66
6984,7434,port_congestion,inspection_backlog,low,2025-01-15 09:34:17,6.56
6985,7434,weather_disruption,blizzard,low,2025-01-15 13:08:37,2.01
6986,7435,transport_delay,road_closure,medium,2023-01-26 01:06:04,13.34
6987,7435,transport_delay,border_delay,medium,2023-01-26 01:12:46,22.63
6988,7438,transport_delay,road_closure,high,2023-01-24 16:07:57,8.64
6989,7438,transport_delay,fuel_shortage,high,2023-01-25 04:52:10,19.26
6990,7440,port_congestion,inspection_backlog,high,2023-06-09 08:17:52,21.45
6991,7440,weather_disruption,flooding,high,2023-06-09 22:34:34,62.08
6992,7443,supplier_failure,quality_issue,medium,2025-06-30 03:52:09,15.71
6993,7444,transport_delay,vehicle_breakdown,medium,2023-08-07 13:43:42,13.47
6994,7445,transport_delay,road_closure,high,2025-11-23 10:10:55,11.98
6995,7445,port_congestion,high_demand,high,2025-11-24 12:16:25,22.87
6996,7445,port_congestion,labor_strike,high,2025-11-27 06:50:15,53.88
6997,7446,port_congestion,inspection_backlog,medium,2023-04-02 04:24:32,15.47
6998,7448,transport_delay,road_closure,medium,2023-12-15 12:03:01,6.93
6999,7450,transport_delay,road_closure,medium,2024-01-15 00:05:14,9.17
7000,7450,weather_disruption,hurricane,medium,2024-01-16 14:29:22,26.54
7001,7452,weather_disruption,blizzard,medium,2024-10-02 18:17:47,7.44
7002,7456,weather_disruption,flooding,medium,2023-10-03 22:13:42,3.75
7003,7458,transport_delay,fuel_shortage,high,2024-05-26 04:31:43,93.33
7004,7458,port_congestion,high_demand,high,2024-05-26 23:44:05,22.54
7005,7458,port_congestion,equipment_failure,high,2024-05-27 18:53:14,47.52
7006,7460,port_congestion,inspection_backlog,medium,2024-05-12 01:15:23,9.52
7007,7460,supplier_failure,capacity_shortage,medium,2024-05-13 00:06:54,8.83
7008,7460,port_congestion,equipment_failure,medium,2024-05-13 05:42:42,4.69
7009,7461,port_congestion,labor_strike,medium,2025-09-05 02:38:09,33.46
7010,7461,supplier_failure,production_halt,medium,2025-09-05 06:00:33,14.96
7011,7462,supplier_failure,capacity_shortage,high,2024-01-02 02:32:33,18.32
7012,7462,supplier_failure,capacity_shortage,high,2024-01-02 13:25:14,34.84
7013,7466,port_congestion,equipment_failure,medium,2024-01-08 14:56:47,6.8
7014,7468,port_congestion,equipment_failure,medium,2024-04-04 01:33:20,4.89
7015,7469,weather_disruption,hurricane,high,2023-07-02 16:30:07,15.43
7016,7470,weather_disruption,hurricane,medium,2023-10-13 09:39:02,19.89
7017,7470,transport_delay,fuel_shortage,medium,2023-10-13 10:37:16,9.86
7018,7470,weather_disruption,flooding,medium,2023-10-13 19:05:11,41.62
7019,7470,transport_delay,road_closure,medium,2023-10-13 22:03:41,24.28
7020,7470,weather_disruption,blizzard,medium,2023-10-14 04:54:32,11.84
7021,7470,weather_disruption,blizzard,medium,2023-10-14 19:01:47,8.45
7022,7471,port_congestion,labor_strike,high,2025-01-17 13:13:23,55.94
7023,7472,supplier_failure,quality_issue,medium,2024-05-11 07:31:26,11.01
7024,7473,port_congestion,inspection_backlog,low,2023-07-14 17:47:20,3.39
7025,7473,weather_disruption,severe_storm,low,2023-07-14 18:00:25,3.01
7026,7475,transport_delay,fuel_shortage,medium,2024-01-16 00:35:03,4.18
7027,7476,supplier_failure,quality_issue,high,2024-03-21 01:06:38,41.1
7028,7478,port_congestion,labor_strike,low,2024-02-05 21:42:01,5.62
7029,7480,transport_delay,vehicle_breakdown,medium,2024-08-25 09:22:36,12.99
7030,7481,supplier_failure,capacity_shortage,medium,2023-04-13 08:36:05,2.72
7031,7481,supplier_failure,production_halt,medium,2023-04-14 14:51:49,15.79
7032,7483,transport_delay,road_closure,low,2023-12-09 02:32:47,3.02
7033,7483,port_congestion,equipment_failure,low,2023-12-09 04:25:25,1.78
7034,7483,port_congestion,labor_strike,low,2023-12-09 04:43:41,4.46
7035,7489,port_congestion,labor_strike,medium,2025-03-20 08:10:52,7.25
7036,7489,transport_delay,road_closure,medium,2025-03-21 00:37:45,8.96
7037,7493,transport_delay,border_delay,medium,2024-09-25 21:39:56,12.61
7038,7494,port_congestion,inspection_backlog,low,2023-12-15 07:42:59,15.32
7039,7494,port_congestion,high_demand,low,2023-12-15 11:56:22,1.18
7040,7494,transport_delay,border_delay,low,2023-12-15 13:30:48,5.2
7041,7496,transport_delay,road_closure,medium,2023-04-03 02:50:24,16.47
7042,7496,port_congestion,equipment_failure,medium,2023-04-04 01:07:04,19.77
7043,7496,port_congestion,equipment_failure,medium,2023-04-04 07:40:52,16.41
7044,7496,transport_delay,vehicle_breakdown,medium,2023-04-04 14:26:16,10.27
7045,7498,port_congestion,labor_strike,high,2025-05-27 16:18:09,71.06
7046,7499,port_congestion,inspection_backlog,medium,2024-05-03 10:56:54,30.74
7047,7500,transport_delay,vehicle_breakdown,high,2025-03-09 15:53:29,54.97
7048,7501,weather_disruption,flooding,medium,2025-02-07 07:55:49,67.1
7049,7502,supplier_failure,production_halt,high,2023-03-21 06:25:40,30.95
7050,7507,transport_delay,vehicle_breakdown,medium,2024-12-31 21:50:49,22.26
7051,7508,port_congestion,equipment_failure,medium,2025-05-30 09:20:14,5.55
7052,7512,weather_disruption,severe_storm,high,2023-09-02 08:51:45,17.61
7053,7512,weather_disruption,flooding,high,2023-09-03 11:35:44,19.5
7054,7513,port_congestion,high_demand,high,2025-04-28 21:52:23,37.15
7055,7513,port_congestion,labor_strike,high,2025-04-29 08:46:41,28.16
7056,7513,transport_delay,vehicle_breakdown,high,2025-04-30 14:47:05,10.99
7057,7514,port_congestion,labor_strike,medium,2025-01-06 23:18:26,23.35
7058,7516,weather_disruption,fog,medium,2025-02-05 05:35:20,12.85
7059,7519,transport_delay,vehicle_breakdown,high,2025-10-06 19:48:55,96.34
7060,7519,transport_delay,vehicle_breakdown,high,2025-10-10 06:36:44,6.13
7061,7521,transport_delay,border_delay,medium,2024-02-04 01:08:30,7.87
7062,7524,transport_delay,fuel_shortage,medium,2025-11-26 10:37:45,20.13
7063,7524,port_congestion,high_demand,medium,2025-11-27 03:38:16,2.11
7064,7524,supplier_failure,bankruptcy,medium,2025-11-27 04:32:49,8.25
7065,7525,weather_disruption,hurricane,high,2023-07-11 12:46:22,29.78
7066,7525,transport_delay,border_delay,high,2023-07-13 16:11:17,8.2
7067,7525,transport_delay,border_delay,high,2023-07-14 01:19:54,54.53
7068,7525,transport_delay,fuel_shortage,high,2023-07-14 13:13:02,29.42
7069,7525,transport_delay,road_closure,high,2023-07-15 05:28:42,43.19
7070,7527,transport_delay,fuel_shortage,medium,2024-06-20 00:46:44,52.02
7071,7528,transport_delay,fuel_shortage,high,2025-05-17 07:29:30,26.59
7072,7528,port_congestion,labor_strike,high,2025-05-17 08:05:10,35.18
7073,7528,weather_disruption,fog,high,2025-05-19 06:00:04,26.04
7074,7528,supplier_failure,quality_issue,high,2025-05-20 02:53:18,162.14
7075,7529,transport_delay,vehicle_breakdown,medium,2023-10-28 15:41:04,14.07
7076,7530,transport_delay,road_closure,high,2023-10-23 03:50:06,49.9
7077,7530,supplier_failure,quality_issue,high,2023-10-23 20:01:26,32.48
7078,7531,port_congestion,equipment_failure,medium,2023-05-09 19:05:52,11.59
7079,7532,weather_disruption,blizzard,medium,2023-07-03 14:08:02,9.77
7080,7532,weather_disruption,flooding,medium,2023-07-04 01:09:46,4.3
7081,7533,port_congestion,labor_strike,medium,2023-07-03 13:07:36,8.17
7082,7535,port_congestion,high_demand,medium,2025-01-12 10:54:15,33.3
7083,7536,port_congestion,inspection_backlog,medium,2025-11-15 10:38:13,9.61
7084,7536,weather_disruption,hurricane,medium,2025-11-16 00:08:24,49.78
7085,7537,transport_delay,road_closure,high,2025-11-01 20:40:33,28.66
7086,7538,port_congestion,labor_strike,medium,2023-06-26 21:23:35,9.52
7087,7538,supplier_failure,capacity_shortage,medium,2023-06-27 12:52:35,14.0
7088,7539,weather_disruption,hurricane,medium,2024-01-26 16:25:05,21.99
7089,7540,transport_delay,fuel_shortage,high,2024-07-13 07:01:12,9.59
7090,7540,port_congestion,inspection_backlog,high,2024-07-14 13:42:28,82.83
7091,7540,transport_delay,vehicle_breakdown,high,2024-07-16 05:30:46,119.24
7092,7540,transport_delay,fuel_shortage,high,2024-07-17 10:52:13,29.31
7093,7540,supplier_failure,capacity_shortage,high,2024-07-18 11:34:38,51.3
7094,7542,port_congestion,high_demand,high,2024-08-01 23:17:49,20.55
7095,7542,port_congestion,high_demand,high,2024-08-03 21:17:01,19.85
7096,7544,transport_delay,border_delay,low,2024-08-29 04:04:06,2.5
7097,7548,supplier_failure,bankruptcy,high,2025-04-09 23:50:21,45.59
7098,7551,weather_disruption,hurricane,medium,2025-10-29 04:20:22,10.53
7099,7551,weather_disruption,flooding,medium,2025-10-29 14:52:38,18.1
7100,7551,weather_disruption,severe_storm,medium,2025-10-30 00:48:31,12.31
7101,7551,transport_delay,fuel_shortage,medium,2025-10-30 12:51:42,17.36
7102,7552,port_congestion,equipment_failure,high,2024-08-01 04:46:47,164.66
7103,7552,weather_disruption,hurricane,high,2024-08-02 12:30:52,17.43
7104,7552,port_congestion,inspection_backlog,high,2024-08-02 23:26:26,63.11
7105,7552,port_congestion,labor_strike,high,2024-08-03 06:17:48,20.01
7106,7554,port_congestion,high_demand,medium,2024-04-24 01:58:49,11.48
7107,7554,port_congestion,inspection_backlog,medium,2024-04-25 18:20:03,33.26
7108,7556,port_congestion,high_demand,medium,2023-05-31 19:10:23,8.48
7109,7557,transport_delay,fuel_shortage,low,2025-05-29 06:47:17,5.63
7110,7559,port_congestion,labor_strike,low,2025-06-01 10:21:24,7.87
7111,7560,transport_delay,vehicle_breakdown,medium,2023-07-14 11:25:35,13.44
7112,7560,transport_delay,vehicle_breakdown,medium,2023-07-14 11:32:00,10.99
7113,7562,supplier_failure,bankruptcy,medium,2024-10-23 00:20:59,20.03
7114,7562,port_congestion,labor_strike,medium,2024-10-23 07:14:56,8.49
7115,7562,port_congestion,labor_strike,medium,2024-10-24 14:09:31,9.88
7116,7565,supplier_failure,bankruptcy,low,2024-12-20 12:35:04,3.9
7117,7567,transport_delay,vehicle_breakdown,medium,2023-09-19 06:55:28,14.3
7118,7567,port_congestion,high_demand,medium,2023-09-19 07:12:36,17.59
7119,7567,transport_delay,border_delay,medium,2023-09-19 10:13:43,7.29
7120,7567,transport_delay,fuel_shortage,medium,2023-09-19 11:12:10,15.03
7121,7567,port_congestion,equipment_failure,medium,2023-09-19 11:29:07,11.34
7122,7567,port_congestion,high_demand,medium,2023-09-20 11:05:16,8.0
7123,7568,supplier_failure,capacity_shortage,medium,2025-08-21 03:34:09,13.18
7124,7568,port_congestion,equipment_failure,medium,2025-08-21 17:40:48,23.11
7125,7569,transport_delay,fuel_shortage,medium,2024-02-24 12:28:07,12.31
7126,7570,transport_delay,road_closure,high,2023-05-07 21:18:30,15.33
7127,7570,port_congestion,labor_strike,high,2023-05-08 18:45:30,23.64
7128,7570,port_congestion,labor_strike,high,2023-05-09 05:40:05,73.17
7129,7572,port_congestion,high_demand,high,2025-06-15 13:19:23,20.42
7130,7572,port_congestion,high_demand,high,2025-06-17 03:21:33,16.26
7131,7572,transport_delay,road_closure,high,2025-06-17 08:38:54,40.2
7132,7572,transport_delay,vehicle_breakdown,high,2025-06-18 07:26:54,71.69
7133,7573,supplier_failure,bankruptcy,low,2024-05-02 00:25:12,3.59
7134,7576,transport_delay,border_delay,high,2023-05-27 07:54:57,85.02
7135,7578,port_congestion,equipment_failure,medium,2024-09-21 10:05:17,7.09
7136,7579,weather_disruption,severe_storm,medium,2024-12-18 02:49:34,25.7
7137,7581,port_congestion,inspection_backlog,medium,2025-03-17 07:35:59,13.87
7138,7583,weather_disruption,fog,medium,2024-10-16 17:31:11,25.26
7139,7583,port_congestion,equipment_failure,medium,2024-10-17 02:08:03,13.29
7140,7583,port_congestion,equipment_failure,medium,2024-10-17 11:09:47,16.25
7141,7588,port_congestion,equipment_failure,medium,2023-01-02 19:27:45,12.78
7142,7588,port_congestion,high_demand,medium,2023-01-04 00:40:56,17.09
7143,7588,port_congestion,labor_strike,medium,2023-01-04 04:55:17,45.67
7144,7588,port_congestion,labor_strike,medium,2023-01-04 07:54:01,23.92
7145,7589,port_congestion,high_demand,medium,2025-10-24 08:06:09,15.37
7146,7589,supplier_failure,bankruptcy,medium,2025-10-24 23:42:33,13.25
7147,7589,supplier_failure,production_halt,medium,2025-10-26 01:04:10,17.46
7148,7589,transport_delay,road_closure,medium,2025-10-26 04:10:08,14.37
7149,7590,port_congestion,equipment_failure,low,2023-03-05 05:19:55,3.13
7150,7591,supplier_failure,production_halt,high,2025-04-08 03:35:08,33.32
7151,7592,port_congestion,inspection_backlog,medium,2024-10-13 10:12:01,8.12
7152,7593,port_congestion,inspection_backlog,high,2024-11-23 12:06:48,37.62
7153,7593,transport_delay,vehicle_breakdown,high,2024-11-24 13:06:13,81.51
7154,7593,port_congestion,equipment_failure,high,2024-11-27 04:33:06,121.5
7155,7593,weather_disruption,hurricane,high,2024-11-29 08:44:10,18.65
7156,7593,supplier_failure,bankruptcy,high,2024-11-30 18:11:01,58.02
7157,7595,weather_disruption,flooding,low,2025-02-24 12:46:02,2.27
7158,7596,weather_disruption,flooding,high,2025-10-12 18:05:12,75.48
7159,7596,port_congestion,equipment_failure,high,2025-10-14 19:45:29,34.36
7160,7596,port_congestion,high_demand,high,2025-10-15 08:59:58,27.1
7161,7597,port_congestion,equipment_failure,low,2025-01-21 12:36:22,9.59
7162,7600,supplier_failure,quality_issue,medium,2023-03-15 15:17:48,7.23
7163,7600,weather_disruption,fog,medium,2023-03-15 23:06:03,9.32
7164,7601,transport_delay,fuel_shortage,medium,2023-05-07 16:50:42,9.1
7165,7601,transport_delay,road_closure,medium,2023-05-08 08:51:46,35.07
7166,7602,transport_delay,road_closure,high,2023-03-18 05:59:17,16.1
7167,7602,transport_delay,border_delay,high,2023-03-23 03:03:11,77.71
7168,7607,supplier_failure,production_halt,high,2024-02-21 10:18:57,29.16
7169,7607,weather_disruption,flooding,high,2024-02-22 03:48:52,81.76
7170,7608,transport_delay,road_closure,medium,2023-09-28 02:54:39,17.15
7171,7609,transport_delay,vehicle_breakdown,high,2025-08-09 18:31:46,19.05
7172,7609,weather_disruption,flooding,high,2025-08-09 19:01:20,28.4
7173,7612,weather_disruption,hurricane,medium,2025-08-12 23:08:28,8.97
7174,7612,transport_delay,vehicle_breakdown,medium,2025-08-13 02:10:19,17.23
7175,7612,port_congestion,high_demand,medium,2025-08-13 19:30:35,26.64
7176,7617,supplier_failure,capacity_shortage,medium,2023-10-17 22:38:35,15.96
7177,7617,port_congestion,inspection_backlog,medium,2023-10-18 02:10:10,7.1
7178,7618,transport_delay,road_closure,medium,2025-02-25 11:08:16,13.47
7179,7619,supplier_failure,production_halt,high,2025-08-05 07:01:04,92.9
7180,7620,transport_delay,fuel_shortage,high,2023-02-01 03:21:54,33.97
7181,7620,transport_delay,road_closure,high,2023-02-01 09:05:59,34.36
7182,7620,transport_delay,border_delay,high,2023-02-01 13:36:19,84.14
7183,7623,weather_disruption,severe_storm,medium,2023-08-31 01:53:08,14.81
7184,7629,transport_delay,road_closure,medium,2024-10-13 06:03:58,10.77
7185,7630,weather_disruption,blizzard,medium,2024-08-28 11:07:50,9.13
7186,7630,transport_delay,border_delay,medium,2024-08-29 08:24:27,11.16
7187,7631,supplier_failure,quality_issue,medium,2023-08-11 11:43:57,24.09
7188,7631,transport_delay,fuel_shortage,medium,2023-08-11 17:06:35,27.6
7189,7631,port_congestion,high_demand,medium,2023-08-12 17:43:22,68.85
7190,7631,port_congestion,inspection_backlog,medium,2023-08-13 02:30:01,28.56
7191,7633,weather_disruption,flooding,medium,2025-07-22 05:22:22,8.15
7192,7633,weather_disruption,hurricane,medium,2025-07-22 06:03:27,14.93
7193,7633,port_congestion,inspection_backlog,medium,2025-07-22 09:13:51,3.34
7194,7636,weather_disruption,blizzard,medium,2023-09-10 17:30:53,28.25
7195,7636,supplier_failure,quality_issue,medium,2023-09-11 04:05:07,16.58
7196,7637,supplier_failure,production_halt,high,2023-06-15 18:13:53,14.95
7197,7638,weather_disruption,fog,high,2023-06-19 14:35:37,15.63
7198,7639,port_congestion,inspection_backlog,high,2023-12-20 19:56:19,17.03
7199,7639,supplier_failure,quality_issue,high,2023-12-25 20:03:38,80.71
7200,7639,transport_delay,road_closure,high,2023-12-28 17:37:00,38.98
7201,7643,transport_delay,fuel_shortage,medium,2024-07-29 20:47:38,9.42
7202,7643,transport_delay,road_closure,medium,2024-07-29 21:11:07,8.93
7203,7643,transport_delay,vehicle_breakdown,medium,2024-07-30 03:56:43,27.0
7204,7643,supplier_failure,quality_issue,medium,2024-07-30 11:53:22,15.63
7205,7645,transport_delay,fuel_shortage,medium,2024-09-11 10:16:13,4.64
7206,7646,port_congestion,inspection_backlog,medium,2024-12-12 17:47:18,6.67
7207,7647,transport_delay,road_closure,low,2024-02-07 03:53:19,3.56
7208,7647,transport_delay,road_closure,low,2024-02-07 05:16:28,27.32
7209,7648,transport_delay,border_delay,high,2023-10-12 00:37:45,64.36
7210,7648,port_congestion,equipment_failure,high,2023-10-13 11:00:42,33.32
7211,7648,transport_delay,border_delay,high,2023-10-14 11:45:16,23.08
7212,7648,transport_delay,road_closure,high,2023-10-14 13:50:07,47.68
7213,7648,transport_delay,vehicle_breakdown,high,2023-10-15 22:19:15,22.0
7214,7649,supplier_failure,quality_issue,low,2024-06-02 14:53:06,7.29
7215,7653,port_congestion,labor_strike,low,2023-12-29 05:51:59,4.35
7216,7657,port_congestion,high_demand,medium,2025-09-27 02:51:32,21.47
7217,7657,weather_disruption,hurricane,medium,2025-09-27 06:26:43,48.58
7218,7662,supplier_failure,quality_issue,medium,2024-02-28 01:18:54,13.58
7219,7663,transport_delay,fuel_shortage,medium,2025-06-09 16:15:33,7.79
7220,7663,port_congestion,labor_strike,medium,2025-06-10 09:59:58,12.63
7221,7664,port_congestion,equipment_failure,medium,2024-12-19 02:39:04,10.27
7222,7664,port_congestion,high_demand,medium,2024-12-19 03:22:21,15.44
7223,7664,supplier_failure,production_halt,medium,2024-12-19 21:41:43,27.37
7224,7664,weather_disruption,flooding,medium,2024-12-19 23:31:11,4.31
7225,7665,transport_delay,border_delay,low,2023-08-14 10:27:35,3.98
7226,7665,supplier_failure,capacity_shortage,low,2023-08-14 18:46:17,2.67
7227,7666,supplier_failure,capacity_shortage,low,2025-07-31 03:56:46,12.9
7228,7667,supplier_failure,quality_issue,high,2024-05-10 05:14:19,49.19
7229,7667,transport_delay,vehicle_breakdown,high,2024-05-11 06:14:19,34.6
7230,7669,supplier_failure,capacity_shortage,medium,2023-06-12 17:36:20,12.28
7231,7670,transport_delay,border_delay,medium,2024-03-02 22:33:56,16.25
7232,7672,weather_disruption,blizzard,high,2025-08-27 02:20:57,24.78
7233,7675,port_congestion,labor_strike,low,2025-07-09 17:14:47,7.58
7234,7676,supplier_failure,quality_issue,medium,2023-04-20 01:50:47,22.59
7235,7677,weather_disruption,fog,low,2024-08-28 05:48:16,1.61
7236,7680,transport_delay,border_delay,medium,2023-05-29 08:06:43,15.15
7237,7680,transport_delay,border_delay,medium,2023-05-29 11:06:22,6.66
7238,7680,port_congestion,labor_strike,medium,2023-05-29 16:51:04,6.89
7239,7680,transport_delay,border_delay,medium,2023-05-30 12:41:16,16.52
7240,7682,weather_disruption,hurricane,medium,2023-12-08 02:56:27,11.96
7241,7682,weather_disruption,blizzard,medium,2023-12-08 13:19:35,10.49
7242,7684,port_congestion,high_demand,medium,2023-08-16 02:30:37,57.46
7243,7687,transport_delay,road_closure,high,2023-04-09 13:46:15,27.06
7244,7689,transport_delay,fuel_shortage,medium,2024-11-10 12:16:16,11.08
7245,7689,port_congestion,equipment_failure,medium,2024-11-12 11:01:41,23.48
7246,7695,transport_delay,vehicle_breakdown,medium,2024-05-01 20:22:04,14.73
7247,7697,port_congestion,inspection_backlog,medium,2023-07-25 05:59:57,11.1
7248,7697,transport_delay,vehicle_breakdown,medium,2023-07-25 23:43:25,24.49
7249,7700,port_congestion,equipment_failure,medium,2023-10-02 17:03:59,8.23
7250,7700,transport_delay,road_closure,medium,2023-10-02 17:54:57,24.36
7251,7700,transport_delay,vehicle_breakdown,medium,2023-10-03 12:50:38,18.39
7252,7702,supplier_failure,quality_issue,high,2025-11-17 05:47:42,35.1
7253,7702,transport_delay,fuel_shortage,high,2025-11-18 21:24:44,31.54
7254,7702,transport_delay,fuel_shortage,high,2025-11-18 21:35:22,33.96
7255,7702,supplier_failure,bankruptcy,high,2025-11-19 14:59:03,19.13
7256,7702,transport_delay,fuel_shortage,high,2025-11-20 02:27:14,20.45
7257,7703,transport_delay,vehicle_breakdown,medium,2023-12-15 14:58:21,9.74
7258,7703,transport_delay,vehicle_breakdown,medium,2023-12-15 19:45:06,16.99
7259,7705,port_congestion,equipment_failure,medium,2023-12-29 12:41:04,28.34
7260,7705,supplier_failure,capacity_shortage,medium,2023-12-30 10:17:38,17.85
7261,7705,port_congestion,high_demand,medium,2023-12-30 18:19:11,4.24
7262,7708,transport_delay,road_closure,low,2023-12-06 07:01:12,3.82
7263,7709,transport_delay,border_delay,low,2025-07-01 08:20:12,1.69
7264,7710,transport_delay,fuel_shortage,medium,2025-09-01 07:34:52,4.9
7265,7711,port_congestion,inspection_backlog,medium,2023-07-11 07:32:13,15.49
7266,7712,supplier_failure,production_halt,medium,2025-11-12 05:42:28,10.72
7267,7716,transport_delay,road_closure,medium,2025-07-02 16:15:18,17.79
7268,7717,port_congestion,labor_strike,medium,2024-08-18 15:25:00,12.13
7269,7717,transport_delay,road_closure,medium,2024-08-18 20:28:12,29.63
7270,7720,weather_disruption,fog,high,2025-03-23 13:21:34,30.64
7271,7720,weather_disruption,blizzard,high,2025-03-24 17:50:37,34.47
7272,7720,weather_disruption,severe_storm,high,2025-03-25 18:56:56,31.37
7273,7720,transport_delay,vehicle_breakdown,high,2025-03-26 04:40:45,53.37
7274,7721,port_congestion,high_demand,medium,2023-06-11 06:43:00,6.64
7275,7723,port_congestion,high_demand,medium,2025-06-16 17:07:38,8.63
7276,7724,port_congestion,labor_strike,high,2023-07-17 09:08:15,32.27
7277,7724,port_congestion,inspection_backlog,high,2023-07-20 12:13:21,22.71
7278,7724,port_congestion,high_demand,high,2023-07-22 16:53:32,34.27
7279,7728,transport_delay,fuel_shortage,medium,2024-10-27 03:43:47,5.56
7280,7728,port_congestion,inspection_backlog,medium,2024-10-27 23:06:49,11.18
7281,7730,transport_delay,border_delay,high,2023-12-16 02:14:23,24.0
7282,7731,transport_delay,vehicle_breakdown,high,2023-08-12 10:09:54,21.97
7283,7731,port_congestion,labor_strike,high,2023-08-14 11:31:10,46.99
7284,7732,port_congestion,high_demand,low,2025-08-09 08:28:07,3.84
7285,7733,supplier_failure,bankruptcy,medium,2025-11-02 12:01:47,6.46
7286,7733,transport_delay,road_closure,medium,2025-11-02 14:07:43,5.06
7287,7733,transport_delay,road_closure,medium,2025-11-02 23:13:45,15.9
7288,7733,supplier_failure,production_halt,medium,2025-11-03 00:18:41,18.0
7289,7734,port_congestion,inspection_backlog,low,2023-11-18 12:49:55,4.79
7290,7736,transport_delay,border_delay,medium,2025-03-17 03:10:06,6.1
7291,7737,transport_delay,vehicle_breakdown,medium,2023-12-08 13:33:36,8.63
7292,7737,port_congestion,labor_strike,medium,2023-12-09 11:47:56,4.53
7293,7738,supplier_failure,quality_issue,high,2025-11-29 06:18:01,100.65
7294,7738,supplier_failure,quality_issue,high,2025-11-30 07:36:50,41.86
7295,7741,transport_delay,fuel_shortage,high,2023-04-18 17:11:32,27.33
7296,7741,transport_delay,road_closure,high,2023-04-19 08:40:37,28.42
7297,7741,weather_disruption,severe_storm,high,2023-04-20 23:00:50,28.52
7298,7741,weather_disruption,flooding,high,2023-04-21 11:43:48,50.66
7299,7741,supplier_failure,bankruptcy,high,2023-04-21 16:15:21,97.51
7300,7741,port_congestion,equipment_failure,high,2023-04-21 21:44:43,25.21
7301,7741,port_congestion,high_demand,high,2023-04-23 13:02:38,84.26
7302,7741,transport_delay,border_delay,high,2023-04-23 23:40:20,38.73
7303,7741,port_congestion,equipment_failure,high,2023-04-25 12:33:02,46.09
7304,7741,transport_delay,border_delay,high,2023-04-26 07:15:45,33.89
7305,7743,port_congestion,inspection_backlog,medium,2024-07-31 08:03:51,2.36
7306,7744,port_congestion,high_demand,low,2025-09-09 01:24:51,14.55
7307,7747,weather_disruption,severe_storm,high,2025-07-19 23:42:48,50.91
7308,7749,supplier_failure,capacity_shortage,medium,2023-01-29 17:03:45,19.19
7309,7750,supplier_failure,production_halt,low,2025-09-04 12:27:36,2.89
7310,7752,weather_disruption,fog,medium,2023-01-07 00:17:30,6.35
7311,7757,weather_disruption,severe_storm,high,2023-06-23 02:39:30,14.27
7312,7758,transport_delay,vehicle_breakdown,low,2024-12-01 14:10:48,1.92
7313,7758,transport_delay,fuel_shortage,low,2024-12-01 17:40:04,4.55
7314,7759,weather_disruption,severe_storm,high,2023-04-19 19:36:45,21.95
7315,7759,transport_delay,border_delay,high,2023-04-20 07:08:58,31.04
7316,7759,transport_delay,border_delay,high,2023-04-21 18:16:54,25.8
7317,7759,transport_delay,vehicle_breakdown,high,2023-04-21 20:25:39,29.44
7318,7759,weather_disruption,hurricane,high,2023-04-22 12:20:44,29.86
7319,7759,supplier_failure,production_halt,high,2023-04-22 18:01:02,18.12
7320,7759,transport_delay,border_delay,high,2023-04-24 09:22:39,73.67
7321,7759,weather_disruption,blizzard,high,2023-04-25 06:35:37,66.85
7322,7759,port_congestion,labor_strike,high,2023-04-28 01:17:31,28.77
7323,7761,port_congestion,inspection_backlog,medium,2024-07-20 16:24:03,6.56
7324,7761,transport_delay,vehicle_breakdown,medium,2024-07-21 20:44:02,24.92
7325,7762,transport_delay,vehicle_breakdown,medium,2023-11-22 06:49:59,28.78
7326,7767,transport_delay,road_closure,high,2023-01-12 16:54:58,45.9
7327,7768,transport_delay,border_delay,medium,2023-09-25 03:35:57,4.83
7328,7768,transport_delay,road_closure,medium,2023-09-26 08:04:28,13.83
7329,7769,port_congestion,high_demand,high,2024-01-05 11:25:38,56.25
7330,7771,weather_disruption,severe_storm,medium,2025-05-03 01:57:09,17.66
7331,7771,transport_delay,fuel_shortage,medium,2025-05-03 08:23:41,17.53
7332,7774,transport_delay,fuel_shortage,high,2025-04-09 23:48:44,42.97
7333,7775,port_congestion,labor_strike,medium,2025-07-19 04:39:23,9.44
7334,7775,transport_delay,vehicle_breakdown,medium,2025-07-20 04:27:52,10.81
7335,7776,weather_disruption,fog,high,2025-07-07 10:26:53,35.78
7336,7776,transport_delay,border_delay,high,2025-07-08 08:32:41,9.44
7337,7776,weather_disruption,flooding,high,2025-07-13 20:01:27,8.36
7338,7779,weather_disruption,blizzard,low,2024-02-02 06:43:22,12.68
7339,7780,port_congestion,high_demand,low,2025-02-25 06:04:13,5.77
7340,7783,port_congestion,labor_strike,medium,2024-01-31 06:48:53,13.81
7341,7783,transport_delay,border_delay,medium,2024-02-01 09:51:19,8.67
7342,7786,transport_delay,border_delay,medium,2023-05-04 20:36:11,31.21
7343,7786,port_congestion,equipment_failure,medium,2023-05-04 22:11:27,17.22
7344,7786,weather_disruption,flooding,medium,2023-05-05 08:22:37,9.92
7345,7787,transport_delay,vehicle_breakdown,low,2023-07-12 03:05:25,3.4
7346,7789,supplier_failure,capacity_shortage,high,2024-12-21 13:22:24,42.28
7347,7789,transport_delay,road_closure,high,2024-12-22 14:17:33,75.68
7348,7789,port_congestion,inspection_backlog,high,2024-12-25 03:44:32,30.71
7349,7789,weather_disruption,fog,high,2024-12-27 15:22:27,17.63
7350,7791,transport_delay,vehicle_breakdown,medium,2024-10-15 03:35:21,6.83
7351,7791,transport_delay,road_closure,medium,2024-10-16 21:09:48,6.43
7352,7791,port_congestion,labor_strike,medium,2024-10-17 11:35:07,15.74
7353,7793,weather_disruption,fog,high,2025-03-25 09:11:36,34.51
7354,7793,transport_delay,vehicle_breakdown,high,2025-03-25 12:57:34,31.97
7355,7795,transport_delay,border_delay,medium,2024-04-03 07:33:23,13.01
7356,7800,supplier_failure,quality_issue,medium,2024-10-18 21:35:44,7.13
7357,7802,transport_delay,vehicle_breakdown,medium,2025-05-11 00:59:23,13.01
7358,7802,transport_delay,border_delay,medium,2025-05-11 18:39:29,32.2
7359,7804,transport_delay,border_delay,medium,2025-03-27 04:28:01,45.75
7360,7805,transport_delay,road_closure,high,2025-03-09 10:45:36,51.31
7361,7807,port_congestion,equipment_failure,medium,2023-02-05 16:05:43,17.07
7362,7811,weather_disruption,blizzard,low,2025-11-14 08:30:13,7.85
7363,7813,transport_delay,vehicle_breakdown,high,2023-06-16 15:05:03,50.12
7364,7813,transport_delay,border_delay,high,2023-06-17 11:53:47,51.56
7365,7816,transport_delay,road_closure,high,2023-10-29 08:33:19,21.66
7366,7816,weather_disruption,severe_storm,high,2023-10-31 16:34:12,28.78
7367,7817,supplier_failure,production_halt,low,2024-01-01 11:49:00,8.44
7368,7818,weather_disruption,blizzard,low,2025-03-11 03:54:58,4.21
7369,7819,port_congestion,labor_strike,high,2024-10-06 10:15:51,39.2
7370,7822,weather_disruption,hurricane,low,2023-10-29 07:59:01,4.29
7371,7826,supplier_failure,bankruptcy,low,2024-07-21 17:05:03,2.17
7372,7827,transport_delay,border_delay,medium,2023-08-15 18:47:44,11.25
7373,7831,port_congestion,equipment_failure,medium,2024-03-09 23:20:32,10.24
7374,7832,port_congestion,high_demand,high,2024-03-03 13:52:52,34.05
7375,7832,port_congestion,labor_strike,high,2024-03-06 09:01:00,35.46
7376,7832,transport_delay,road_closure,high,2024-03-06 15:52:18,146.62
7377,7832,supplier_failure,capacity_shortage,high,2024-03-06 16:05:29,29.77
7378,7838,transport_delay,fuel_shortage,medium,2024-05-27 08:10:57,4.29
7379,7840,transport_delay,road_closure,medium,2025-03-17 16:49:33,22.5
7380,7842,port_congestion,equipment_failure,medium,2023-07-10 07:13:19,17.26
7381,7842,transport_delay,vehicle_breakdown,medium,2023-07-10 20:11:21,8.66
7382,7842,port_congestion,equipment_failure,medium,2023-07-10 22:57:11,14.5
7383,7842,port_congestion,high_demand,medium,2023-07-11 02:31:19,18.55
7384,7843,transport_delay,road_closure,medium,2024-01-15 01:11:32,24.75
7385,7843,port_congestion,inspection_backlog,medium,2024-01-15 08:32:49,39.72
7386,7844,port_congestion,inspection_backlog,high,2023-03-23 20:35:14,25.53
7387,7848,port_congestion,labor_strike,medium,2024-05-14 06:55:43,6.04
7388,7849,port_congestion,high_demand,medium,2025-05-21 15:19:49,15.04
7389,7849,weather_disruption,blizzard,medium,2025-05-21 17:37:43,18.31
7390,7849,supplier_failure,production_halt,medium,2025-05-23 06:27:46,7.55
7391,7850,port_congestion,equipment_failure,medium,2024-06-27 09:47:00,20.1
7392,7852,transport_delay,fuel_shortage,medium,2025-11-21 16:20:23,24.61
7393,7852,transport_delay,fuel_shortage,medium,2025-11-21 19:22:13,8.18
7394,7852,weather_disruption,blizzard,medium,2025-11-22 09:29:24,8.32
7395,7852,weather_disruption,flooding,medium,2025-11-22 14:50:39,8.93
7396,7853,port_congestion,high_demand,medium,2024-01-29 06:15:44,6.67
7397,7853,transport_delay,fuel_shortage,medium,2024-01-29 16:59:39,11.59
7398,7854,port_congestion,high_demand,medium,2023-04-07 10:45:34,20.03
7399,7855,transport_delay,border_delay,medium,2025-05-09 17:50:22,10.15
7400,7856,port_congestion,labor_strike,high,2024-05-27 12:27:12,40.88
7401,7861,port_congestion,labor_strike,medium,2024-09-23 05:25:42,13.87
7402,7862,transport_delay,fuel_shortage,medium,2023-06-16 09:20:25,4.42
7403,7862,transport_delay,road_closure,medium,2023-06-16 14:34:31,8.99
7404,7862,weather_disruption,blizzard,medium,2023-06-16 22:36:32,11.46
7405,7863,transport_delay,vehicle_breakdown,medium,2025-10-20 09:57:32,14.44
7406,7865,supplier_failure,production_halt,medium,2025-05-21 00:09:13,32.44
7407,7866,transport_delay,border_delay,medium,2025-09-26 21:00:32,11.33
7408,7866,transport_delay,fuel_shortage,medium,2025-09-26 22:59:32,8.99
7409,7866,transport_delay,vehicle_breakdown,medium,2025-09-27 07:47:05,12.63
7410,7866,supplier_failure,quality_issue,medium,2025-09-27 15:16:16,18.12
7411,7867,supplier_failure,capacity_shortage,high,2023-05-10 08:21:33,18.1
7412,7867,port_congestion,high_demand,high,2023-05-14 20:37:20,29.46
7413,7867,weather_disruption,hurricane,high,2023-05-14 23:39:56,62.97
7414,7867,port_congestion,inspection_backlog,high,2023-05-21 02:23:54,18.31
7415,7867,port_congestion,equipment_failure,high,2023-05-21 05:38:15,24.7
7416,7867,weather_disruption,flooding,high,2023-05-26 10:08:30,29.44
7417,7867,transport_delay,vehicle_breakdown,high,2023-05-26 17:42:59,31.82
7418,7870,port_congestion,equipment_failure,medium,2023-04-05 09:04:09,31.81
7419,7870,transport_delay,road_closure,medium,2023-04-07 22:37:13,9.32
7420,7871,port_congestion,inspection_backlog,high,2023-03-24 18:54:46,13.5
7421,7871,supplier_failure,production_halt,high,2023-03-26 21:21:42,44.36
7422,7873,transport_delay,vehicle_breakdown,medium,2023-08-15 23:06:57,26.49
7423,7873,weather_disruption,blizzard,medium,2023-08-17 09:37:31,10.52
7424,7875,supplier_failure,quality_issue,low,2024-08-15 13:49:52,11.81
7425,7878,port_congestion,equipment_failure,medium,2025-10-02 03:47:22,16.58
7426,7878,port_congestion,labor_strike,medium,2025-10-02 23:00:20,15.24
7427,7879,transport_delay,border_delay,medium,2023-06-11 22:21:20,33.07
7428,7884,supplier_failure,production_halt,medium,2024-08-31 23:48:09,6.29
7429,7884,transport_delay,vehicle_breakdown,medium,2024-09-01 03:04:18,10.22
7430,7884,port_congestion,inspection_backlog,medium,2024-09-01 05:38:46,8.87
7431,7884,transport_delay,road_closure,medium,2024-09-01 15:00:53,8.21
7432,7888,weather_disruption,hurricane,medium,2024-08-01 16:47:53,26.64
7433,7888,supplier_failure,production_halt,medium,2024-08-01 19:36:57,9.51
7434,7888,transport_delay,vehicle_breakdown,medium,2024-08-01 22:44:07,9.77
7435,7890,weather_disruption,fog,medium,2024-07-04 01:10:57,19.65
7436,7890,port_congestion,high_demand,medium,2024-07-05 13:30:56,21.25
7437,7893,supplier_failure,production_halt,medium,2023-10-01 23:15:07,7.48
7438,7894,port_congestion,inspection_backlog,low,2023-09-05 18:54:54,4.24
7439,7896,weather_disruption,hurricane,high,2025-07-01 10:08:11,24.4
7440,7896,weather_disruption,blizzard,high,2025-07-02 06:33:59,26.61
7441,7899,weather_disruption,fog,medium,2025-09-13 06:21:24,36.03
7442,7901,port_congestion,inspection_backlog,medium,2025-01-23 08:55:12,3.96
7443,7901,transport_delay,road_closure,medium,2025-01-23 14:52:35,7.84
7444,7903,transport_delay,border_delay,medium,2024-07-19 17:00:38,31.49
7445,7903,transport_delay,road_closure,medium,2024-07-20 06:36:44,19.46
7446,7904,port_congestion,equipment_failure,high,2024-10-03 20:00:12,108.72
7447,7904,transport_delay,border_delay,high,2024-10-05 10:14:35,17.54
7448,7906,transport_delay,road_closure,medium,2023-11-15 22:34:14,16.1
7449,7907,transport_delay,border_delay,high,2024-02-09 05:06:33,20.19
7450,7907,transport_delay,fuel_shortage,high,2024-02-11 09:30:29,62.55
7451,7907,port_congestion,high_demand,high,2024-02-12 12:36:26,64.78
7452,7907,transport_delay,border_delay,high,2024-02-13 13:44:08,37.97
7453,7907,weather_disruption,hurricane,high,2024-02-13 20:24:05,11.96
7454,7908,port_congestion,high_demand,medium,2024-06-17 22:09:43,5.26
7455,7909,supplier_failure,capacity_shortage,low,2024-05-20 04:11:43,2.1
7456,7912,weather_disruption,flooding,medium,2023-07-04 09:59:24,31.6
7457,7912,supplier_failure,capacity_shortage,medium,2023-07-05 01:29:29,17.46
7458,7912,transport_delay,vehicle_breakdown,medium,2023-07-05 02:56:09,12.72
7459,7913,weather_disruption,hurricane,high,2024-02-17 21:02:31,6.89
7460,7914,port_congestion,equipment_failure,low,2024-06-27 07:53:55,3.16
7461,7914,weather_disruption,hurricane,low,2024-06-27 18:27:03,6.29
7462,7915,port_congestion,labor_strike,medium,2025-10-27 06:40:05,5.55
7463,7915,weather_disruption,blizzard,medium,2025-10-27 22:30:16,31.86
7464,7915,port_congestion,high_demand,medium,2025-10-29 10:47:20,12.22
7465,7918,port_congestion,high_demand,low,2024-04-15 02:33:27,1.75
7466,7920,transport_delay,vehicle_breakdown,medium,2023-05-17 00:20:54,11.11
7467,7920,transport_delay,vehicle_breakdown,medium,2023-05-17 04:34:30,10.17
7468,7920,port_congestion,labor_strike,medium,2023-05-17 22:39:11,4.71
7469,7921,transport_delay,fuel_shortage,medium,2023-03-20 06:49:25,8.73
7470,7926,weather_disruption,hurricane,medium,2024-08-17 02:31:40,11.3
7471,7929,weather_disruption,flooding,medium,2023-10-17 03:09:17,18.83
7472,7929,supplier_failure,production_halt,medium,2023-10-17 15:38:15,14.75
7473,7931,supplier_failure,production_halt,high,2024-09-17 21:12:03,23.74
7474,7931,port_congestion,high_demand,high,2024-09-18 22:56:20,32.74
7475,7932,port_congestion,labor_strike,medium,2024-04-03 14:11:24,5.47
7476,7933,supplier_failure,production_halt,medium,2025-10-18 19:10:39,11.82
7477,7936,port_congestion,high_demand,medium,2025-06-15 02:47:45,8.31
7478,7936,port_congestion,high_demand,medium,2025-06-15 12:03:26,8.85
7479,7936,transport_delay,road_closure,medium,2025-06-16 04:33:31,5.48
7480,7937,port_congestion,high_demand,low,2023-08-28 11:56:21,7.88
7481,7938,port_congestion,high_demand,high,2025-08-11 01:52:48,43.13
7482,7938,supplier_failure,quality_issue,high,2025-08-11 05:48:01,27.69
7483,7939,weather_disruption,blizzard,medium,2023-06-27 09:49:31,20.6
7484,7939,port_congestion,equipment_failure,medium,2023-06-27 18:25:14,9.02
7485,7939,transport_delay,vehicle_breakdown,medium,2023-06-27 18:55:40,15.42
7486,7940,port_congestion,equipment_failure,low,2023-04-18 06:45:30,3.69
7487,7942,transport_delay,border_delay,high,2024-06-18 11:57:08,45.89
7488,7943,transport_delay,road_closure,medium,2025-04-04 23:04:13,23.85
7489,7946,weather_disruption,blizzard,high,2024-06-13 12:09:26,31.58
7490,7946,transport_delay,fuel_shortage,high,2024-06-16 15:45:06,20.97
7491,7948,transport_delay,border_delay,high,2025-07-14 22:14:02,101.86
7492,7948,transport_delay,fuel_shortage,high,2025-07-17 12:51:58,30.12
7493,7948,supplier_failure,quality_issue,high,2025-07-18 00:37:45,49.24
7494,7948,transport_delay,border_delay,high,2025-07-18 17:57:41,19.4
7495,7949,transport_delay,vehicle_breakdown,medium,2025-06-17 00:32:12,15.6
7496,7949,transport_delay,road_closure,medium,2025-06-17 10:57:37,23.88
7497,7949,transport_delay,border_delay,medium,2025-06-18 04:26:29,6.91
7498,7951,weather_disruption,severe_storm,high,2023-08-07 22:44:58,52.31
7499,7952,weather_disruption,fog,high,2025-02-13 19:43:18,51.63
7500,7952,transport_delay,border_delay,high,2025-02-14 11:35:35,33.1
7501,7952,supplier_failure,production_halt,high,2025-02-16 19:34:46,16.92
7502,7952,weather_disruption,severe_storm,high,2025-02-17 22:04:38,35.54
7503,7954,supplier_failure,bankruptcy,medium,2023-02-20 01:48:33,3.98
7504,7954,port_congestion,high_demand,medium,2023-02-21 11:19:10,8.98
7505,7956,transport_delay,road_closure,high,2023-01-23 20:14:09,17.86
7506,7956,weather_disruption,blizzard,high,2023-01-24 00:46:30,29.39
7507,7958,weather_disruption,fog,medium,2023-08-20 16:29:20,28.82
7508,7958,port_congestion,labor_strike,medium,2023-08-21 00:38:33,7.2
7509,7958,supplier_failure,capacity_shortage,medium,2023-08-21 19:51:08,6.68
7510,7959,port_congestion,labor_strike,medium,2024-05-27 01:22:26,6.03
7511,7959,transport_delay,fuel_shortage,medium,2024-05-27 08:15:29,8.24
7512,7959,transport_delay,border_delay,medium,2024-05-27 21:14:02,11.65
7513,7960,supplier_failure,production_halt,medium,2023-12-22 19:34:16,12.65
7514,7960,transport_delay,road_closure,medium,2023-12-22 23:46:44,20.47
7515,7963,port_congestion,high_demand,medium,2025-03-30 00:05:26,7.39
7516,7965,port_congestion,high_demand,medium,2024-07-09 15:33:17,15.17
7517,7966,port_congestion,high_demand,high,2024-12-09 05:54:52,71.39
7518,7966,transport_delay,vehicle_breakdown,high,2024-12-11 09:42:39,18.69
7519,7966,port_congestion,high_demand,high,2024-12-11 10:27:08,16.18
7520,7966,port_congestion,labor_strike,high,2024-12-11 18:56:42,48.77
7521,7966,port_congestion,equipment_failure,high,2024-12-11 22:06:28,22.0
7522,7966,supplier_failure,capacity_shortage,high,2024-12-12 09:35:05,36.03
7523,7966,transport_delay,border_delay,high,2024-12-12 18:52:06,32.58
7524,7966,port_congestion,labor_strike,high,2024-12-13 06:39:14,79.38
7525,7968,transport_delay,fuel_shortage,high,2023-05-07 16:06:16,33.9
7526,7970,weather_disruption,blizzard,high,2024-04-27 20:04:54,133.2
7527,7970,transport_delay,road_closure,high,2024-05-02 10:55:55,16.58
7528,7970,weather_disruption,hurricane,high,2024-05-11 20:59:11,43.03
7529,7971,port_congestion,equipment_failure,medium,2024-07-12 13:18:28,6.43
7530,7974,supplier_failure,capacity_shortage,medium,2023-12-16 11:41:45,7.69
7531,7974,transport_delay,fuel_shortage,medium,2023-12-16 17:02:26,31.31
7532,7977,port_congestion,high_demand,low,2024-12-13 08:54:45,1.52
7533,7979,transport_delay,fuel_shortage,low,2024-12-21 02:25:11,2.41
7534,7981,port_congestion,equipment_failure,high,2025-07-11 13:32:18,66.32
7535,7983,transport_delay,vehicle_breakdown,medium,2023-07-10 18:11:24,37.76
7536,7986,transport_delay,vehicle_breakdown,medium,2025-07-24 07:54:35,88.94
7537,7986,transport_delay,vehicle_breakdown,medium,2025-07-25 09:32:29,17.28
7538,7986,transport_delay,road_closure,medium,2025-07-25 13:48:29,36.65
7539,7989,weather_disruption,severe_storm,medium,2025-06-17 15:55:45,14.56
7540,7992,supplier_failure,quality_issue,medium,2024-03-13 20:52:36,25.73
7541,7993,weather_disruption,hurricane,high,2025-01-09 07:55:03,14.84
7542,7993,weather_disruption,flooding,high,2025-01-10 10:13:20,18.27
7543,7993,weather_disruption,blizzard,high,2025-01-12 21:50:12,11.55
7544,7995,transport_delay,border_delay,medium,2024-10-25 11:12:57,12.43
7545,7996,port_congestion,high_demand,medium,2024-06-03 13:11:29,5.24
7546,7997,transport_delay,vehicle_breakdown,medium,2025-10-31 07:25:05,12.89
7547,7997,weather_disruption,fog,medium,2025-10-31 21:40:51,16.77
7548,7998,supplier_failure,capacity_shortage,low,2024-04-08 03:22:35,11.95
7549,7999,port_congestion,high_demand,low,2023-08-31 00:37:27,6.39
7550,8001,supplier_failure,capacity_shortage,low,2025-02-20 02:25:27,2.38
7551,8002,transport_delay,road_closure,low,2023-11-19 03:43:47,2.88
7552,8003,supplier_failure,capacity_shortage,high,2024-11-02 01:36:37,23.16
7553,8003,port_congestion,inspection_backlog,high,2024-11-06 02:59:57,77.5
7554,8004,transport_delay,fuel_shortage,high,2023-11-07 09:08:57,200.0
7555,8004,port_congestion,labor_strike,high,2023-11-09 12:40:29,8.86
7556,8004,transport_delay,fuel_shortage,high,2023-11-10 03:39:11,45.32
7557,8005,weather_disruption,flooding,medium,2023-07-29 13:04:32,22.49
7558,8006,port_congestion,high_demand,low,2025-03-12 05:08:32,1.93
7559,8008,weather_disruption,hurricane,high,2024-08-31 03:04:20,30.27
7560,8008,weather_disruption,flooding,high,2024-09-01 03:01:25,34.52
7561,8014,transport_delay,road_closure,low,2024-02-16 04:34:43,6.67
7562,8015,transport_delay,vehicle_breakdown,low,2024-02-26 17:30:21,5.82
7563,8018,transport_delay,road_closure,high,2024-10-26 10:00:37,14.0
7564,8018,transport_delay,vehicle_breakdown,high,2024-10-27 10:52:42,29.68
7565,8018,transport_delay,vehicle_breakdown,high,2024-10-27 23:46:44,38.53
7566,8019,supplier_failure,production_halt,high,2023-04-15 15:28:17,24.12
7567,8019,port_congestion,high_demand,high,2023-04-16 01:01:19,30.14
7568,8019,transport_delay,vehicle_breakdown,high,2023-04-16 15:41:27,29.92
7569,8020,weather_disruption,fog,high,2024-04-18 09:24:03,28.82
7570,8020,transport_delay,vehicle_breakdown,high,2024-04-19 13:02:47,80.06
7571,8020,weather_disruption,hurricane,high,2024-04-19 23:50:08,18.65
7572,8020,transport_delay,border_delay,high,2024-04-20 01:56:54,45.74
7573,8021,port_congestion,inspection_backlog,high,2024-07-26 16:50:14,16.1
7574,8022,port_congestion,high_demand,high,2025-07-09 08:42:01,43.72
7575,8024,supplier_failure,quality_issue,medium,2024-10-22 00:59:55,14.83
7576,8024,supplier_failure,production_halt,medium,2024-10-22 17:28:55,14.54
7577,8024,supplier_failure,capacity_shortage,medium,2024-10-23 04:58:41,12.29
7578,8025,transport_delay,road_closure,low,2023-11-01 14:53:40,2.29
7579,8027,transport_delay,border_delay,medium,2023-09-20 17:31:01,6.16
7580,8028,transport_delay,road_closure,low,2024-06-22 06:18:08,7.42
7581,8029,transport_delay,road_closure,high,2025-07-19 05:21:59,16.47
7582,8029,supplier_failure,quality_issue,high,2025-07-19 09:20:44,19.44
7583,8029,transport_delay,border_delay,high,2025-07-19 09:50:00,10.86
7584,8029,weather_disruption,fog,high,2025-07-19 11:20:42,41.79
7585,8029,weather_disruption,hurricane,high,2025-07-21 06:01:37,17.81
7586,8031,transport_delay,vehicle_breakdown,low,2025-01-30 06:13:01,2.54
7587,8031,supplier_failure,capacity_shortage,low,2025-01-30 06:45:35,6.94
7588,8032,port_congestion,inspection_backlog,high,2024-03-31 17:10:48,63.29
7589,8032,weather_disruption,blizzard,high,2024-04-03 04:20:11,72.39
7590,8035,transport_delay,vehicle_breakdown,medium,2024-04-21 06:01:50,6.15
7591,8035,transport_delay,road_closure,medium,2024-04-21 14:00:52,22.5
7592,8036,port_congestion,inspection_backlog,low,2025-11-16 13:25:57,4.64
7593,8040,transport_delay,border_delay,low,2023-12-24 19:29:48,4.69
7594,8041,transport_delay,vehicle_breakdown,medium,2024-02-06 02:53:50,29.31
7595,8042,port_congestion,high_demand,medium,2025-03-11 16:05:23,5.66
7596,8047,transport_delay,vehicle_breakdown,high,2025-03-10 04:34:05,22.2
7597,8047,port_congestion,labor_strike,high,2025-03-11 15:50:56,39.49
7598,8047,supplier_failure,capacity_shortage,high,2025-03-12 14:05:49,19.22
7599,8047,transport_delay,fuel_shortage,high,2025-03-12 23:53:41,37.36
7600,8048,transport_delay,vehicle_breakdown,high,2023-12-04 04:50:38,22.91
7601,8049,supplier_failure,quality_issue,high,2023-02-16 19:21:49,159.71
7602,8049,weather_disruption,severe_storm,high,2023-02-16 20:57:24,20.45
7603,8049,port_congestion,labor_strike,high,2023-02-20 01:53:54,63.82
7604,8054,transport_delay,vehicle_breakdown,low,2024-04-03 07:43:28,17.41
7605,8054,transport_delay,vehicle_breakdown,low,2024-04-03 08:22:15,1.97
7606,8059,supplier_failure,production_halt,low,2025-10-18 13:10:13,5.16
7607,8060,transport_delay,border_delay,medium,2023-08-20 10:39:06,11.03
7608,8065,transport_delay,border_delay,medium,2025-08-09 03:16:32,6.72
7609,8065,weather_disruption,flooding,medium,2025-08-09 22:29:13,50.08
7610,8065,transport_delay,road_closure,medium,2025-08-10 02:15:57,17.24
7611,8065,port_congestion,labor_strike,medium,2025-08-10 20:38:01,12.35
7612,8066,port_congestion,high_demand,low,2024-11-09 04:42:24,12.91
7613,8066,transport_delay,border_delay,low,2024-11-09 20:19:33,3.62
7614,8067,weather_disruption,blizzard,high,2025-10-12 16:31:58,17.43
7615,8067,supplier_failure,capacity_shortage,high,2025-10-13 01:59:48,33.36
7616,8067,port_congestion,labor_strike,high,2025-10-14 16:02:45,39.77
7617,8067,transport_delay,road_closure,high,2025-10-15 08:23:37,104.86
7618,8067,weather_disruption,severe_storm,high,2025-10-16 11:13:20,33.99
7619,8071,transport_delay,vehicle_breakdown,high,2024-02-16 08:50:14,58.51
7620,8071,transport_delay,fuel_shortage,high,2024-02-17 23:37:37,43.72
7621,8071,weather_disruption,flooding,high,2024-02-19 12:25:51,13.04
7622,8075,port_congestion,inspection_backlog,medium,2023-09-29 05:15:27,9.03
7623,8077,port_congestion,high_demand,medium,2024-04-12 14:41:09,27.85
7624,8077,supplier_failure,quality_issue,medium,2024-04-12 17:57:38,22.23
7625,8078,supplier_failure,capacity_shortage,high,2023-06-21 20:15:11,20.87
7626,8078,supplier_failure,quality_issue,high,2023-06-23 17:16:29,14.37
7627,8078,weather_disruption,hurricane,high,2023-06-26 03:57:12,97.51
7628,8078,supplier_failure,production_halt,high,2023-06-26 13:43:55,46.03
7629,8078,weather_disruption,flooding,high,2023-06-27 00:08:58,50.64
7630,8078,port_congestion,equipment_failure,high,2023-06-27 01:22:59,24.96
7631,8078,supplier_failure,bankruptcy,high,2023-06-28 05:39:39,19.11
7632,8080,transport_delay,fuel_shortage,low,2024-11-16 04:09:29,3.59
7633,8082,port_congestion,equipment_failure,medium,2023-09-22 06:05:30,10.04
7634,8082,transport_delay,fuel_shortage,medium,2023-09-23 21:07:04,5.86
7635,8083,port_congestion,labor_strike,high,2024-05-03 23:40:53,52.18
7636,8088,port_congestion,labor_strike,medium,2025-06-07 21:43:16,7.92
7637,8089,port_congestion,labor_strike,medium,2024-11-07 00:38:06,4.52
7638,8089,transport_delay,fuel_shortage,medium,2024-11-07 00:41:44,17.3
7639,8089,transport_delay,border_delay,medium,2024-11-08 03:02:58,14.95
7640,8089,port_congestion,labor_strike,medium,2024-11-08 04:25:27,12.63
7641,8089,port_congestion,inspection_backlog,medium,2024-11-09 00:08:33,8.0
7642,8090,weather_disruption,fog,medium,2025-05-11 04:35:35,15.0
7643,8091,supplier_failure,quality_issue,high,2025-05-24 16:37:41,43.23
7644,8091,transport_delay,vehicle_breakdown,high,2025-05-28 02:43:22,61.96
7645,8091,transport_delay,border_delay,high,2025-05-28 17:44:45,17.93
7646,8091,transport_delay,vehicle_breakdown,high,2025-05-30 02:33:44,33.16
7647,8091,weather_disruption,flooding,high,2025-05-31 15:00:12,30.3
7648,8091,port_congestion,labor_strike,high,2025-05-31 17:40:16,25.63
7649,8091,weather_disruption,blizzard,high,2025-05-31 23:00:29,48.06
7650,8091,transport_delay,road_closure,high,2025-06-02 07:37:14,39.29
7651,8091,port_congestion,high_demand,high,2025-06-02 09:36:10,38.43
7652,8091,supplier_failure,bankruptcy,high,2025-06-02 11:04:52,36.54
7653,8092,transport_delay,fuel_shortage,low,2023-02-11 11:01:00,4.14
7654,8093,supplier_failure,quality_issue,low,2024-01-23 00:32:47,6.03
7655,8094,port_congestion,labor_strike,medium,2023-11-03 13:20:32,10.07
7656,8096,port_congestion,labor_strike,medium,2025-11-01 13:53:42,26.47
7657,8097,port_congestion,inspection_backlog,medium,2025-09-20 04:08:59,12.54
7658,8101,transport_delay,road_closure,high,2024-02-20 11:29:20,30.93
7659,8101,transport_delay,border_delay,high,2024-02-21 19:28:59,31.91
7660,8101,supplier_failure,capacity_shortage,high,2024-02-24 03:35:33,15.74
7661,8101,weather_disruption,blizzard,high,2024-02-24 15:54:19,54.35
7662,8101,transport_delay,road_closure,high,2024-02-24 16:20:51,43.47
7663,8101,transport_delay,fuel_shortage,high,2024-02-26 18:08:11,29.61
7664,8101,supplier_failure,quality_issue,high,2024-02-28 06:12:51,21.16
7665,8102,supplier_failure,capacity_shortage,low,2023-11-27 03:00:56,8.09
7666,8102,port_congestion,high_demand,low,2023-11-27 23:15:22,1.97
7667,8103,transport_delay,fuel_shortage,low,2023-10-04 16:02:48,9.31
7668,8104,supplier_failure,bankruptcy,medium,2023-01-30 16:36:45,13.59
7669,8104,port_congestion,equipment_failure,medium,2023-01-31 03:58:35,10.08
7670,8106,transport_delay,road_closure,medium,2023-01-25 03:35:55,14.54
7671,8106,transport_delay,border_delay,medium,2023-01-25 07:25:35,30.13
7672,8106,transport_delay,fuel_shortage,medium,2023-01-25 14:38:10,4.71
7673,8106,weather_disruption,flooding,medium,2023-01-26 13:42:58,21.38
7674,8107,supplier_failure,capacity_shortage,medium,2024-08-21 12:07:15,21.53
7675,8110,transport_delay,vehicle_breakdown,medium,2024-09-15 05:47:43,23.76
7676,8113,supplier_failure,bankruptcy,high,2024-09-25 07:17:52,41.13
7677,8113,port_congestion,labor_strike,high,2024-09-25 22:53:07,125.76
7678,8119,supplier_failure,bankruptcy,high,2025-10-15 08:23:31,22.33
7679,8120,weather_disruption,hurricane,medium,2025-08-24 04:04:35,8.27
7680,8122,supplier_failure,quality_issue,medium,2025-07-22 22:03:07,15.72
7681,8123,weather_disruption,severe_storm,medium,2023-06-11 10:30:47,16.66
7682,8123,supplier_failure,capacity_shortage,medium,2023-06-12 02:10:34,16.02
7683,8123,port_congestion,high_demand,medium,2023-06-13 09:35:22,13.82
7684,8125,supplier_failure,capacity_shortage,high,2025-08-21 20:09:02,20.23
7685,8125,transport_delay,border_delay,high,2025-08-22 04:43:03,62.63
7686,8125,weather_disruption,hurricane,high,2025-08-22 10:02:20,52.73
7687,8125,transport_delay,road_closure,high,2025-08-24 21:56:53,33.12
7688,8126,port_congestion,inspection_backlog,medium,2024-12-16 10:46:59,9.71
7689,8128,port_congestion,high_demand,medium,2025-11-15 07:09:57,37.65
7690,8128,transport_delay,road_closure,medium,2025-11-15 15:32:04,28.3
7691,8128,transport_delay,road_closure,medium,2025-11-15 16:39:55,6.52
7692,8128,transport_delay,vehicle_breakdown,medium,2025-11-17 15:37:21,24.52
7693,8128,transport_delay,fuel_shortage,medium,2025-11-17 18:17:09,6.89
7694,8129,transport_delay,fuel_shortage,high,2023-12-06 21:00:22,25.53
7695,8129,transport_delay,road_closure,high,2023-12-09 01:33:48,21.82
7696,8133,transport_delay,fuel_shortage,high,2025-11-21 14:59:38,33.1
7697,8133,transport_delay,road_closure,high,2025-11-22 20:50:41,21.97
7698,8136,transport_delay,road_closure,high,2025-07-10 05:29:04,78.78
7699,8136,transport_delay,vehicle_breakdown,high,2025-07-10 08:02:12,200.0
7700,8143,port_congestion,high_demand,high,2023-08-09 23:02:28,36.4
7701,8144,transport_delay,border_delay,medium,2023-09-18 01:47:27,15.8
7702,8146,supplier_failure,capacity_shortage,medium,2024-09-08 04:42:16,14.03
7703,8146,supplier_failure,production_halt,medium,2024-09-08 11:19:22,6.5
7704,8146,transport_delay,border_delay,medium,2024-09-08 18:57:21,14.13
7705,8150,transport_delay,border_delay,medium,2024-07-15 22:55:10,11.64
7706,8150,port_congestion,equipment_failure,medium,2024-07-16 22:30:00,10.73
7707,8152,port_congestion,equipment_failure,medium,2024-02-26 04:55:16,10.4
7708,8153,transport_delay,border_delay,high,2024-01-13 22:35:56,35.91
7709,8153,port_congestion,equipment_failure,high,2024-01-14 09:21:14,48.2
7710,8154,transport_delay,fuel_shortage,medium,2025-09-12 04:43:33,9.29
7711,8158,port_congestion,equipment_failure,low,2025-02-02 03:46:40,3.43
7712,8160,transport_delay,fuel_shortage,high,2023-09-25 19:16:39,40.07
7713,8160,transport_delay,border_delay,high,2023-09-29 06:44:06,50.69
7714,8160,transport_delay,fuel_shortage,high,2023-09-30 07:43:13,40.06
7715,8162,transport_delay,road_closure,medium,2024-04-19 02:57:16,8.99
7716,8163,port_congestion,labor_strike,medium,2025-11-15 00:53:04,9.28
7717,8163,port_congestion,inspection_backlog,medium,2025-11-16 01:59:42,9.56
7718,8164,weather_disruption,hurricane,medium,2023-07-17 20:50:44,16.78
7719,8164,port_congestion,equipment_failure,medium,2023-07-18 03:20:11,10.92
7720,8165,port_congestion,high_demand,high,2025-10-15 04:03:23,23.94
7721,8165,transport_delay,road_closure,high,2025-10-15 06:17:40,46.77
7722,8165,transport_delay,fuel_shortage,high,2025-10-15 08:46:17,15.9
7723,8167,transport_delay,vehicle_breakdown,medium,2023-11-06 20:03:33,23.33
7724,8168,transport_delay,fuel_shortage,high,2023-02-15 05:21:29,32.11
7725,8168,transport_delay,road_closure,high,2023-02-17 08:59:24,60.07
7726,8172,supplier_failure,production_halt,high,2024-06-28 20:29:56,25.27
7727,8172,transport_delay,vehicle_breakdown,high,2024-06-29 18:28:28,33.35
7728,8174,weather_disruption,severe_storm,medium,2023-03-06 20:21:17,11.72
7729,8177,supplier_failure,production_halt,medium,2025-08-14 05:46:33,13.21
7730,8178,port_congestion,labor_strike,high,2024-06-15 11:46:56,71.83
7731,8182,port_congestion,inspection_backlog,medium,2024-11-24 01:13:13,23.96
7732,8182,transport_delay,vehicle_breakdown,medium,2024-11-24 11:31:49,8.36
7733,8182,supplier_failure,bankruptcy,medium,2024-11-24 15:36:39,7.32
7734,8182,transport_delay,border_delay,medium,2024-11-24 18:09:43,3.91
7735,8182,port_congestion,labor_strike,medium,2024-11-24 21:08:08,6.48
7736,8182,transport_delay,road_closure,medium,2024-11-24 22:31:32,12.19
7737,8184,transport_delay,border_delay,high,2023-04-19 17:27:33,11.28
7738,8184,supplier_failure,bankruptcy,high,2023-04-20 03:14:03,37.11
7739,8184,transport_delay,border_delay,high,2023-04-20 23:58:13,38.87
7740,8184,transport_delay,border_delay,high,2023-04-21 21:47:23,42.24
7741,8184,transport_delay,border_delay,high,2023-04-21 23:04:16,18.77
7742,8184,transport_delay,border_delay,high,2023-04-23 16:55:31,36.81
7743,8186,transport_delay,fuel_shortage,high,2025-01-31 08:51:57,80.18
7744,8188,transport_delay,road_closure,medium,2023-01-15 17:51:02,5.73
7745,8188,port_congestion,labor_strike,medium,2023-01-15 22:04:07,7.07
7746,8189,supplier_failure,production_halt,low,2025-02-01 16:31:35,3.78
7747,8192,transport_delay,border_delay,medium,2023-12-08 02:01:46,19.47
7748,8192,supplier_failure,capacity_shortage,medium,2023-12-09 23:18:59,7.88
7749,8193,transport_delay,road_closure,high,2025-01-20 17:27:17,44.66
7750,8193,supplier_failure,bankruptcy,high,2025-01-24 16:25:41,31.66
7751,8193,supplier_failure,bankruptcy,high,2025-01-26 06:02:41,37.13
7752,8193,supplier_failure,bankruptcy,high,2025-01-29 04:24:23,88.92
7753,8195,supplier_failure,production_halt,high,2023-06-27 15:41:41,41.95
7754,8195,port_congestion,equipment_failure,high,2023-06-29 07:28:19,7.5
7755,8196,port_congestion,labor_strike,medium,2023-06-02 01:24:19,5.72
7756,8196,transport_delay,fuel_shortage,medium,2023-06-02 22:00:42,11.97
7757,8197,port_congestion,equipment_failure,high,2025-06-28 05:59:30,91.81
7758,8198,supplier_failure,bankruptcy,medium,2024-01-05 03:51:02,11.83
7759,8199,port_congestion,equipment_failure,medium,2024-05-17 05:53:16,4.49
7760,8199,transport_delay,fuel_shortage,medium,2024-05-17 08:03:34,4.54
7761,8199,transport_delay,fuel_shortage,medium,2024-05-17 11:03:59,11.96
7762,8199,port_congestion,inspection_backlog,medium,2024-05-17 21:11:22,14.72
7763,8200,transport_delay,border_delay,low,2024-04-18 02:07:37,2.2
7764,8204,weather_disruption,severe_storm,medium,2025-08-22 15:24:44,12.71
7765,8204,transport_delay,vehicle_breakdown,medium,2025-08-22 17:41:29,16.06
7766,8205,supplier_failure,bankruptcy,medium,2025-10-07 17:41:01,3.98
7767,8205,port_congestion,inspection_backlog,medium,2025-10-08 15:06:37,12.68
7768,8208,port_congestion,inspection_backlog,high,2024-11-28 19:55:50,38.93
7769,8209,port_congestion,equipment_failure,high,2023-05-15 05:29:32,35.9
7770,8209,supplier_failure,production_halt,high,2023-05-15 05:34:49,140.36
7771,8209,transport_delay,border_delay,high,2023-05-16 05:39:23,32.73
7772,8209,weather_disruption,flooding,high,2023-05-16 13:37:44,50.56
7773,8209,port_congestion,equipment_failure,high,2023-05-18 08:46:48,25.12
7774,8210,transport_delay,border_delay,low,2025-03-24 12:59:13,4.0
7775,8214,weather_disruption,blizzard,medium,2025-06-04 00:38:48,8.87
7776,8214,supplier_failure,quality_issue,medium,2025-06-04 00:54:24,13.95
7777,8214,weather_disruption,flooding,medium,2025-06-04 10:44:08,10.48
7778,8217,port_congestion,inspection_backlog,medium,2025-08-05 21:17:56,25.36
7779,8218,transport_delay,road_closure,low,2025-08-09 04:26:03,16.9
7780,8219,port_congestion,labor_strike,medium,2024-06-13 06:53:19,12.91
7781,8219,port_congestion,labor_strike,medium,2024-06-13 19:31:42,24.09
7782,8220,supplier_failure,capacity_shortage,low,2025-03-18 16:26:38,3.28
7783,8221,port_congestion,equipment_failure,medium,2023-03-16 07:58:10,9.94
7784,8222,port_congestion,labor_strike,medium,2023-01-08 15:30:34,23.75
7785,8222,transport_delay,vehicle_breakdown,medium,2023-01-09 01:03:29,7.24
7786,8226,port_congestion,equipment_failure,low,2025-06-14 03:28:01,2.38
7787,8226,transport_delay,fuel_shortage,low,2025-06-14 06:38:54,4.02
7788,8228,supplier_failure,capacity_shortage,medium,2025-06-30 00:12:08,6.85
7789,8228,weather_disruption,flooding,medium,2025-06-30 15:15:10,19.9
7790,8228,port_congestion,labor_strike,medium,2025-07-01 07:06:50,7.14
7791,8229,supplier_failure,capacity_shortage,medium,2023-09-29 02:35:36,11.1
7792,8229,supplier_failure,bankruptcy,medium,2023-09-29 23:35:42,20.09
7793,8232,supplier_failure,capacity_shortage,low,2023-09-10 05:17:41,8.14
7794,8233,transport_delay,vehicle_breakdown,high,2025-05-22 10:25:22,59.63
7795,8233,supplier_failure,production_halt,high,2025-05-22 15:47:49,36.19
7796,8234,supplier_failure,capacity_shortage,medium,2023-07-09 08:05:18,6.97
7797,8234,supplier_failure,production_halt,medium,2023-07-10 03:52:20,23.66
7798,8234,port_congestion,equipment_failure,medium,2023-07-11 13:31:33,14.74
7799,8235,transport_delay,vehicle_breakdown,high,2024-06-02 13:31:35,11.01
7800,8235,supplier_failure,production_halt,high,2024-06-07 11:36:07,18.54
7801,8239,supplier_failure,capacity_shortage,medium,2025-07-29 04:01:07,15.57
7802,8239,supplier_failure,bankruptcy,medium,2025-07-30 07:23:28,13.73
7803,8242,port_congestion,labor_strike,medium,2025-01-21 13:00:59,24.17
7804,8242,port_congestion,labor_strike,medium,2025-01-21 22:45:23,7.01
7805,8242,transport_delay,fuel_shortage,medium,2025-01-22 01:37:07,26.62
7806,8242,port_congestion,labor_strike,medium,2025-01-22 09:11:49,4.96
7807,8244,port_congestion,equipment_failure,high,2023-04-16 07:30:27,17.07
7808,8244,weather_disruption,fog,high,2023-04-17 00:37:50,14.79
7809,8244,port_congestion,equipment_failure,high,2023-04-21 06:31:11,35.38
7810,8244,port_congestion,inspection_backlog,high,2023-04-21 14:15:28,41.58
7811,8244,supplier_failure,production_halt,high,2023-04-22 01:44:00,67.66
7812,8244,transport_delay,road_closure,high,2023-04-22 10:55:33,33.67
7813,8245,port_congestion,inspection_backlog,high,2025-05-17 12:54:51,16.36
7814,8246,weather_disruption,fog,low,2023-06-02 08:47:25,4.97
7815,8254,supplier_failure,bankruptcy,medium,2024-09-26 04:26:51,6.81
7816,8254,port_congestion,inspection_backlog,medium,2024-09-26 09:21:50,12.26
7817,8255,port_congestion,inspection_backlog,medium,2024-06-16 17:09:54,2.37
7818,8259,port_congestion,inspection_backlog,medium,2025-01-09 02:40:01,12.55
7819,8259,port_congestion,high_demand,medium,2025-01-09 03:13:55,23.89
7820,8259,transport_delay,border_delay,medium,2025-01-09 10:09:57,4.19
7821,8261,weather_disruption,severe_storm,medium,2025-06-16 18:44:15,14.13
7822,8262,weather_disruption,flooding,medium,2023-12-17 00:16:07,15.88
7823,8267,transport_delay,border_delay,medium,2023-10-08 06:36:48,16.13
7824,8267,supplier_failure,bankruptcy,medium,2023-10-08 18:21:04,45.27
7825,8267,transport_delay,road_closure,medium,2023-10-09 08:18:34,6.53
7826,8270,transport_delay,vehicle_breakdown,high,2024-10-03 04:20:05,19.78
7827,8270,port_congestion,labor_strike,high,2024-10-04 09:10:04,14.46
7828,8270,transport_delay,vehicle_breakdown,high,2024-10-04 11:51:51,23.54
7829,8270,supplier_failure,production_halt,high,2024-10-05 04:32:04,31.58
7830,8270,transport_delay,border_delay,high,2024-10-05 05:00:54,20.28
7831,8271,port_congestion,high_demand,high,2023-08-09 07:21:23,18.78
7832,8273,port_congestion,labor_strike,high,2023-07-25 11:40:25,41.4
7833,8273,supplier_failure,capacity_shortage,high,2023-07-25 20:03:53,56.42
7834,8273,supplier_failure,capacity_shortage,high,2023-07-26 03:52:23,20.62
7835,8274,port_congestion,inspection_backlog,high,2024-08-22 20:51:29,26.33
7836,8275,port_congestion,equipment_failure,high,2023-11-03 14:14:24,30.25
7837,8276,supplier_failure,quality_issue,low,2025-09-22 05:28:17,3.88
7838,8281,port_congestion,equipment_failure,low,2024-03-19 02:52:34,2.93
7839,8282,port_congestion,equipment_failure,high,2024-04-16 13:46:03,52.12
7840,8282,weather_disruption,blizzard,high,2024-04-19 08:13:39,33.04
7841,8282,weather_disruption,fog,high,2024-04-19 11:00:13,20.06
7842,8282,supplier_failure,capacity_shortage,high,2024-04-19 16:20:36,60.23
7843,8282,weather_disruption,flooding,high,2024-04-20 00:49:41,15.54
7844,8283,port_congestion,inspection_backlog,medium,2025-11-07 00:09:00,6.2
7845,8284,weather_disruption,flooding,high,2024-06-01 00:06:00,48.84
7846,8284,transport_delay,fuel_shortage,high,2024-06-02 08:52:20,42.79
7847,8284,port_congestion,equipment_failure,high,2024-06-02 09:37:40,16.71
7848,8284,weather_disruption,hurricane,high,2024-06-02 13:09:01,17.59
7849,8286,supplier_failure,bankruptcy,medium,2025-01-23 14:17:07,8.22
7850,8286,weather_disruption,flooding,medium,2025-01-24 03:39:40,16.27
7851,8286,transport_delay,fuel_shortage,medium,2025-01-24 06:28:25,10.67
7852,8288,weather_disruption,hurricane,medium,2023-01-29 17:32:03,8.25
7853,8291,transport_delay,fuel_shortage,medium,2024-07-29 19:49:16,26.6
7854,8293,transport_delay,vehicle_breakdown,medium,2023-09-02 15:55:46,5.92
7855,8293,port_congestion,high_demand,medium,2023-09-02 23:24:09,25.99
7856,8293,transport_delay,road_closure,medium,2023-09-03 12:19:57,7.54
7857,8293,weather_disruption,severe_storm,medium,2023-09-03 16:05:18,25.6
7858,8299,supplier_failure,production_halt,high,2024-09-26 19:46:05,41.17
7859,8299,transport_delay,fuel_shortage,high,2024-10-03 05:00:27,6.27
7860,8301,transport_delay,fuel_shortage,high,2025-07-10 03:10:22,13.77
7861,8301,supplier_failure,quality_issue,high,2025-07-12 04:57:16,26.01
7862,8301,weather_disruption,flooding,high,2025-07-13 04:43:03,21.6
7863,8304,supplier_failure,capacity_shortage,high,2024-04-12 07:17:29,30.38
7864,8305,weather_disruption,hurricane,medium,2025-05-24 15:40:07,7.38
7865,8305,weather_disruption,flooding,medium,2025-05-24 15:59:45,22.6
7866,8305,weather_disruption,hurricane,medium,2025-05-25 09:53:23,5.18
7867,8306,weather_disruption,blizzard,high,2025-01-05 03:03:40,13.79
7868,8306,weather_disruption,fog,high,2025-01-05 07:46:47,46.15
7869,8306,transport_delay,road_closure,high,2025-01-05 13:29:53,12.94
7870,8306,port_congestion,inspection_backlog,high,2025-01-08 21:39:22,28.56
7871,8307,transport_delay,fuel_shortage,high,2023-09-06 05:30:11,22.06
7872,8307,supplier_failure,production_halt,high,2023-09-06 08:30:04,29.6
7873,8307,port_congestion,labor_strike,high,2023-09-07 11:49:44,16.65
7874,8308,port_congestion,equipment_failure,low,2025-08-01 05:15:35,2.32
7875,8309,transport_delay,vehicle_breakdown,high,2025-06-20 00:38:00,54.77
7876,8311,transport_delay,road_closure,medium,2025-06-02 03:21:35,8.35
7877,8312,port_congestion,labor_strike,high,2024-04-14 11:24:44,16.47
7878,8313,transport_delay,border_delay,low,2025-02-04 07:51:50,7.95
7879,8314,supplier_failure,bankruptcy,medium,2025-05-25 04:42:43,24.92
7880,8314,weather_disruption,flooding,medium,2025-05-26 00:41:43,8.83
7881,8316,transport_delay,vehicle_breakdown,low,2024-04-05 05:41:38,7.01
7882,8320,supplier_failure,production_halt,high,2024-01-27 06:58:46,15.02
7883,8321,port_congestion,equipment_failure,medium,2024-10-26 03:54:25,10.91
7884,8322,weather_disruption,severe_storm,low,2025-04-01 00:07:44,5.83
7885,8324,port_congestion,high_demand,high,2023-03-13 01:24:50,17.53
7886,8325,weather_disruption,fog,medium,2024-01-25 14:29:10,17.52
7887,8325,weather_disruption,blizzard,medium,2024-01-26 01:57:06,13.07
7888,8326,port_congestion,inspection_backlog,medium,2023-03-02 19:09:55,6.55
7889,8326,weather_disruption,blizzard,medium,2023-03-03 07:51:57,11.76
7890,8326,port_congestion,inspection_backlog,medium,2023-03-03 11:36:50,9.65
7891,8330,port_congestion,labor_strike,high,2023-01-27 17:39:17,49.8
7892,8330,transport_delay,road_closure,high,2023-01-28 17:13:18,23.14
7893,8330,supplier_failure,bankruptcy,high,2023-01-30 00:03:21,23.09
7894,8330,transport_delay,road_closure,high,2023-01-30 18:39:19,29.58
7895,8330,weather_disruption,severe_storm,high,2023-02-01 23:50:38,29.55
7896,8330,supplier_failure,quality_issue,high,2023-02-02 21:42:24,32.39
7897,8331,weather_disruption,severe_storm,high,2024-04-18 06:05:53,52.63
7898,8333,transport_delay,road_closure,high,2025-06-11 12:01:18,19.58
7899,8334,port_congestion,equipment_failure,low,2024-02-22 13:31:40,1.22
7900,8337,port_congestion,labor_strike,medium,2023-05-19 06:45:57,7.44
7901,8340,transport_delay,border_delay,medium,2025-11-30 00:53:14,8.18
7902,8342,weather_disruption,blizzard,medium,2023-07-04 06:24:33,6.07
7903,8343,supplier_failure,production_halt,medium,2025-09-08 10:03:47,12.67
7904,8343,supplier_failure,quality_issue,medium,2025-09-09 09:33:42,3.12
7905,8343,weather_disruption,severe_storm,medium,2025-09-10 05:26:05,18.27
7906,8343,weather_disruption,severe_storm,medium,2025-09-10 06:31:27,19.44
7907,8343,weather_disruption,severe_storm,medium,2025-09-10 13:56:53,13.75
7908,8346,port_congestion,high_demand,medium,2025-03-31 03:39:13,10.76
7909,8346,transport_delay,road_closure,medium,2025-03-31 05:46:10,8.78
7910,8346,weather_disruption,blizzard,medium,2025-03-31 19:42:01,29.77
7911,8346,transport_delay,road_closure,medium,2025-03-31 20:21:33,31.58
7912,8350,port_congestion,equipment_failure,medium,2025-05-06 09:22:28,9.14
7913,8352,weather_disruption,blizzard,high,2024-07-04 11:12:09,55.23
7914,8354,transport_delay,border_delay,high,2024-09-17 01:29:17,46.42
7915,8356,weather_disruption,hurricane,medium,2023-05-08 18:38:03,10.25
7916,8358,transport_delay,vehicle_breakdown,low,2024-11-08 03:03:42,4.77
7917,8358,port_congestion,inspection_backlog,low,2024-11-08 09:15:00,5.89
7918,8361,supplier_failure,bankruptcy,medium,2025-11-13 04:14:49,15.32
7919,8361,port_congestion,inspection_backlog,medium,2025-11-13 23:59:33,8.45
7920,8362,port_congestion,high_demand,high,2024-03-03 17:22:38,62.67
7921,8362,supplier_failure,production_halt,high,2024-03-03 22:03:44,40.42
7922,8363,port_congestion,inspection_backlog,medium,2025-05-03 09:27:08,5.26
7923,8363,supplier_failure,bankruptcy,medium,2025-05-03 16:11:58,3.91
7924,8367,transport_delay,road_closure,medium,2023-09-14 03:29:40,5.82
7925,8367,port_congestion,inspection_backlog,medium,2023-09-15 11:17:53,27.57
7926,8368,weather_disruption,blizzard,high,2024-07-02 17:04:58,10.27
7927,8369,transport_delay,fuel_shortage,low,2024-07-07 15:29:09,3.81
7928,8369,transport_delay,fuel_shortage,low,2024-07-07 18:27:25,3.88
7929,8371,port_congestion,labor_strike,high,2024-02-08 15:10:19,78.49
7930,8371,weather_disruption,hurricane,high,2024-02-09 04:40:20,15.12
7931,8371,weather_disruption,fog,high,2024-02-09 08:35:24,65.46
7932,8371,port_congestion,high_demand,high,2024-02-10 19:43:58,32.34
7933,8374,weather_disruption,severe_storm,high,2024-10-02 16:48:54,19.7
7934,8374,weather_disruption,blizzard,high,2024-10-04 01:08:00,26.67
7935,8374,transport_delay,vehicle_breakdown,high,2024-10-05 03:54:52,19.82
7936,8378,weather_disruption,severe_storm,low,2024-05-06 11:10:19,1.55
7937,8379,port_congestion,inspection_backlog,medium,2023-07-23 03:55:26,10.92
7938,8380,port_congestion,equipment_failure,high,2024-05-08 09:31:58,119.8
7939,8381,transport_delay,road_closure,medium,2023-03-31 07:29:00,12.56
7940,8382,port_congestion,inspection_backlog,medium,2025-07-18 04:37:28,16.56
7941,8384,port_congestion,inspection_backlog,medium,2023-05-09 15:52:32,17.18
7942,8386,transport_delay,vehicle_breakdown,high,2024-01-02 00:10:31,34.28
7943,8386,transport_delay,road_closure,high,2024-01-02 03:12:51,19.59
7944,8386,supplier_failure,bankruptcy,high,2024-01-03 18:51:51,45.18
7945,8387,port_congestion,inspection_backlog,high,2024-05-12 11:39:36,18.46
7946,8387,port_congestion,equipment_failure,high,2024-05-14 15:58:54,18.34
7947,8387,port_congestion,inspection_backlog,high,2024-05-15 06:13:51,37.51
7948,8387,port_congestion,equipment_failure,high,2024-05-20 01:11:17,10.68
7949,8389,transport_delay,vehicle_breakdown,low,2025-10-23 03:52:18,4.27
7950,8390,supplier_failure,quality_issue,medium,2024-10-16 08:29:53,25.01
7951,8390,port_congestion,inspection_backlog,medium,2024-10-18 04:10:38,10.96
7952,8392,transport_delay,fuel_shortage,medium,2024-05-23 11:28:36,5.8
7953,8392,transport_delay,border_delay,medium,2024-05-23 23:17:49,22.61
7954,8392,transport_delay,fuel_shortage,medium,2024-05-24 12:27:55,3.87
7955,8398,weather_disruption,fog,low,2025-06-26 08:00:38,1.18
7956,8401,transport_delay,road_closure,medium,2024-03-30 07:48:40,6.49
7957,8403,port_congestion,inspection_backlog,low,2025-08-17 14:15:34,7.24
7958,8405,transport_delay,vehicle_breakdown,high,2023-08-19 04:54:12,47.36
7959,8405,weather_disruption,fog,high,2023-08-21 23:39:42,20.69
7960,8409,port_congestion,inspection_backlog,high,2023-04-04 05:55:03,28.01
7961,8409,weather_disruption,severe_storm,high,2023-04-04 19:18:48,99.76
7962,8409,transport_delay,border_delay,high,2023-04-08 06:43:15,19.69
7963,8409,transport_delay,road_closure,high,2023-04-09 06:15:56,19.86
7964,8409,transport_delay,vehicle_breakdown,high,2023-04-11 04:28:30,12.7
7965,8409,port_congestion,equipment_failure,high,2023-04-11 13:44:46,57.09
7966,8409,weather_disruption,severe_storm,high,2023-04-12 10:42:24,28.21
7967,8410,transport_delay,vehicle_breakdown,high,2023-07-10 19:13:38,43.14
7968,8410,weather_disruption,hurricane,high,2023-07-11 17:25:08,38.55
7969,8410,transport_delay,fuel_shortage,high,2023-07-16 14:06:59,45.55
7970,8410,supplier_failure,quality_issue,high,2023-07-17 05:46:45,53.38
7971,8410,port_congestion,inspection_backlog,high,2023-07-22 06:07:12,69.66
7972,8410,port_congestion,inspection_backlog,high,2023-07-24 20:16:51,80.91
7973,8411,supplier_failure,production_halt,medium,2025-10-31 09:38:56,6.19
7974,8411,transport_delay,fuel_shortage,medium,2025-11-01 09:46:57,9.98
7975,8414,transport_delay,border_delay,medium,2024-01-31 05:18:19,16.82
7976,8414,transport_delay,road_closure,medium,2024-01-31 21:13:56,5.01
7977,8414,port_congestion,inspection_backlog,medium,2024-02-01 13:02:28,13.04
7978,8415,transport_delay,vehicle_breakdown,medium,2024-06-20 19:14:50,17.79
7979,8417,transport_delay,road_closure,medium,2025-09-26 01:07:06,12.88
7980,8417,supplier_failure,production_halt,medium,2025-09-26 03:19:21,19.88
7981,8417,transport_delay,vehicle_breakdown,medium,2025-09-26 14:11:19,15.23
7982,8418,transport_delay,road_closure,medium,2023-05-13 14:36:16,7.62
7983,8418,transport_delay,road_closure,medium,2023-05-14 21:00:38,19.77
7984,8421,transport_delay,vehicle_breakdown,medium,2025-08-31 04:08:51,7.46
7985,8422,port_congestion,equipment_failure,medium,2024-05-24 02:42:37,6.88
7986,8422,port_congestion,inspection_backlog,medium,2024-05-25 06:05:34,84.11
7987,8424,transport_delay,border_delay,high,2025-08-22 12:28:15,15.73
7988,8425,port_congestion,high_demand,medium,2025-08-03 08:39:41,16.31
7989,8426,transport_delay,vehicle_breakdown,medium,2023-02-27 20:51:54,15.44
7990,8426,port_congestion,inspection_backlog,medium,2023-02-27 21:22:34,6.0
7991,8426,supplier_failure,production_halt,medium,2023-02-28 04:22:15,76.64
7992,8426,transport_delay,road_closure,medium,2023-02-28 12:00:09,9.93
7993,8427,port_congestion,high_demand,low,2023-11-26 07:27:37,4.32
7994,8428,port_congestion,equipment_failure,medium,2025-02-09 07:50:29,6.15
7995,8430,transport_delay,vehicle_breakdown,high,2024-11-21 17:23:26,48.56
7996,8430,transport_delay,border_delay,high,2024-11-26 20:05:36,53.52
7997,8431,transport_delay,vehicle_breakdown,medium,2024-12-22 11:08:21,5.53
7998,8432,port_congestion,labor_strike,medium,2023-09-29 07:24:49,28.33
7999,8433,weather_disruption,blizzard,medium,2024-12-04 13:24:28,12.22
8000,8435,weather_disruption,severe_storm,low,2023-09-18 03:41:13,2.91
8001,8435,port_congestion,inspection_backlog,low,2023-09-18 11:39:49,4.46
8002,8435,port_congestion,inspection_backlog,low,2023-09-18 14:41:41,6.73
8003,8435,transport_delay,vehicle_breakdown,low,2023-09-18 16:41:31,4.99
8004,8435,weather_disruption,flooding,low,2023-09-18 20:12:09,3.59
8005,8442,transport_delay,fuel_shortage,medium,2025-08-29 02:23:44,5.46
8006,8442,port_congestion,high_demand,medium,2025-08-29 09:34:21,11.33
8007,8442,port_congestion,equipment_failure,medium,2025-08-29 09:54:18,18.08
8008,8442,transport_delay,border_delay,medium,2025-08-29 14:28:06,18.27
8009,8443,transport_delay,road_closure,high,2024-04-02 06:34:07,27.94
8010,8443,transport_delay,border_delay,high,2024-04-04 12:05:31,75.94
8011,8443,port_congestion,labor_strike,high,2024-04-04 23:00:36,71.45
8012,8447,transport_delay,border_delay,high,2025-06-08 07:58:51,38.15
8013,8447,weather_disruption,fog,high,2025-06-10 01:17:43,21.49
8014,8447,port_congestion,high_demand,high,2025-06-12 16:23:22,45.25
8015,8447,weather_disruption,severe_storm,high,2025-06-12 18:30:19,24.05
8016,8448,port_congestion,high_demand,medium,2023-11-17 00:31:07,33.13
8017,8448,transport_delay,border_delay,medium,2023-11-17 04:48:14,6.83
8018,8448,port_congestion,high_demand,medium,2023-11-17 19:03:07,12.54
8019,8449,transport_delay,vehicle_breakdown,medium,2024-08-29 01:18:30,13.84
8020,8450,supplier_failure,production_halt,low,2025-05-06 00:28:38,1.79
8021,8454,weather_disruption,fog,medium,2025-09-10 07:16:34,28.19
8022,8455,transport_delay,vehicle_breakdown,medium,2025-11-12 04:54:55,12.04
8023,8455,transport_delay,road_closure,medium,2025-11-13 01:41:08,6.61
8024,8455,supplier_failure,quality_issue,medium,2025-11-13 17:09:54,26.29
8025,8456,port_congestion,labor_strike,high,2025-09-22 05:50:55,94.97
8026,8456,transport_delay,border_delay,high,2025-09-24 01:36:54,56.16
8027,8456,transport_delay,road_closure,high,2025-09-25 06:53:47,15.68
8028,8456,transport_delay,fuel_shortage,high,2025-09-25 08:11:09,72.8
8029,8456,transport_delay,vehicle_breakdown,high,2025-09-25 08:43:41,31.73
8030,8456,transport_delay,vehicle_breakdown,high,2025-09-25 20:26:00,46.79
8031,8457,transport_delay,fuel_shortage,high,2024-08-16 03:43:45,137.46
8032,8457,port_congestion,high_demand,high,2024-08-17 10:51:22,47.05
8033,8457,port_congestion,equipment_failure,high,2024-08-18 02:45:47,45.5
8034,8459,supplier_failure,capacity_shortage,medium,2024-10-06 09:24:50,8.62
8035,8461,port_congestion,labor_strike,medium,2024-08-10 12:29:57,27.19
8036,8461,supplier_failure,capacity_shortage,medium,2024-08-11 20:43:00,7.35
8037,8462,transport_delay,road_closure,low,2025-04-10 00:28:18,3.53
8038,8464,port_congestion,inspection_backlog,medium,2025-09-19 01:41:28,9.2
8039,8469,weather_disruption,flooding,high,2023-06-18 11:50:33,24.22
8040,8469,weather_disruption,flooding,high,2023-06-18 20:44:57,31.29
8041,8469,port_congestion,inspection_backlog,high,2023-06-22 03:47:39,31.29
8042,8470,transport_delay,vehicle_breakdown,low,2024-06-14 06:11:15,8.24
8043,8471,transport_delay,fuel_shortage,low,2023-05-21 15:07:41,5.13
8044,8475,port_congestion,high_demand,medium,2024-01-08 01:49:55,6.96
8045,8476,port_congestion,inspection_backlog,high,2024-11-07 17:59:53,28.02
8046,8477,port_congestion,high_demand,medium,2024-07-21 00:14:53,13.07
8047,8478,port_congestion,inspection_backlog,low,2024-05-26 13:48:49,3.04
8048,8482,transport_delay,fuel_shortage,medium,2023-08-25 20:39:05,12.77
8049,8483,supplier_failure,quality_issue,high,2025-10-01 22:55:16,81.55
8050,8483,weather_disruption,flooding,high,2025-10-03 23:50:55,55.49
8051,8486,weather_disruption,blizzard,medium,2024-04-07 12:51:02,5.09
8052,8487,supplier_failure,capacity_shortage,medium,2024-02-24 09:37:28,17.3
8053,8488,transport_delay,border_delay,medium,2023-06-24 13:26:25,48.54
8054,8488,weather_disruption,flooding,medium,2023-06-25 10:30:52,12.91
8055,8496,supplier_failure,quality_issue,high,2025-01-08 19:50:34,109.95
8056,8497,port_congestion,equipment_failure,high,2024-04-09 12:25:44,146.7
8057,8498,supplier_failure,bankruptcy,medium,2023-09-07 19:24:14,7.25
8058,8501,port_congestion,high_demand,medium,2024-03-31 10:35:56,15.76
8059,8502,port_congestion,labor_strike,medium,2024-06-24 01:08:07,9.25
8060,8502,transport_delay,border_delay,medium,2024-06-24 08:57:38,30.8
8061,8504,weather_disruption,blizzard,high,2025-01-20 22:48:10,25.94
8062,8504,weather_disruption,blizzard,high,2025-01-21 08:34:04,15.18
8063,8504,weather_disruption,blizzard,high,2025-01-23 23:10:09,58.48
8064,8505,port_congestion,inspection_backlog,low,2023-11-01 08:17:54,11.86
8065,8506,transport_delay,fuel_shortage,low,2023-01-25 07:17:07,2.46
8066,8507,supplier_failure,bankruptcy,high,2024-11-19 16:48:59,72.1
8067,8507,weather_disruption,hurricane,high,2024-11-20 23:00:28,64.09
8068,8507,port_congestion,high_demand,high,2024-11-21 22:15:27,33.6
8069,8509,transport_delay,fuel_shortage,low,2023-09-04 01:13:55,2.25
8070,8510,transport_delay,road_closure,high,2025-02-15 14:23:39,12.15
8071,8510,supplier_failure,capacity_shortage,high,2025-02-19 04:23:37,16.43
8072,8510,transport_delay,border_delay,high,2025-02-22 05:48:59,46.64
8073,8513,port_congestion,equipment_failure,high,2023-05-24 05:39:23,28.82
8074,8513,transport_delay,road_closure,high,2023-05-25 18:13:30,22.6
8075,8513,transport_delay,road_closure,high,2023-05-29 12:45:04,96.22
8076,8513,weather_disruption,fog,high,2023-05-31 01:41:35,13.48
8077,8514,port_congestion,labor_strike,medium,2025-10-21 10:43:04,11.45
8078,8514,supplier_failure,quality_issue,medium,2025-10-22 14:04:59,14.6
8079,8514,supplier_failure,bankruptcy,medium,2025-10-22 16:23:15,13.72
8080,8515,port_congestion,inspection_backlog,low,2024-05-20 16:25:47,3.22
8081,8516,port_congestion,equipment_failure,medium,2024-03-06 08:20:46,13.0
8082,8517,port_congestion,labor_strike,medium,2025-05-09 15:30:32,13.53
8083,8520,port_congestion,equipment_failure,low,2023-06-18 01:42:59,3.12
8084,8520,port_congestion,equipment_failure,low,2023-06-18 06:13:19,5.99
8085,8520,supplier_failure,quality_issue,low,2023-06-18 07:51:58,2.17
8086,8520,transport_delay,road_closure,low,2023-06-18 19:01:10,2.39
8087,8523,transport_delay,road_closure,high,2024-11-09 08:04:37,46.87
8088,8523,transport_delay,border_delay,high,2024-11-09 13:06:11,15.57
8089,8524,transport_delay,fuel_shortage,high,2024-09-02 11:08:49,38.51
8090,8532,port_congestion,high_demand,medium,2023-08-28 15:17:57,23.21
8091,8532,weather_disruption,blizzard,medium,2023-08-29 08:50:50,13.82
8092,8532,port_congestion,equipment_failure,medium,2023-08-29 10:03:30,11.12
8093,8533,port_congestion,labor_strike,medium,2025-09-14 10:08:43,17.04
8094,8534,weather_disruption,hurricane,medium,2023-08-24 04:28:30,8.3
8095,8535,supplier_failure,production_halt,medium,2023-10-15 23:22:20,6.61
8096,8536,port_congestion,labor_strike,medium,2023-09-16 04:16:13,5.18
8097,8536,port_congestion,inspection_backlog,medium,2023-09-16 15:16:58,3.85
8098,8536,weather_disruption,blizzard,medium,2023-09-17 00:41:45,6.37
8099,8542,port_congestion,high_demand,high,2025-05-09 11:49:14,83.7
8100,8542,supplier_failure,capacity_shortage,high,2025-05-09 23:20:59,16.24
8101,8542,port_congestion,inspection_backlog,high,2025-05-10 06:09:44,24.47
8102,8542,transport_delay,border_delay,high,2025-05-13 05:19:43,88.15
8103,8544,transport_delay,vehicle_breakdown,low,2025-05-17 09:23:06,6.12
8104,8547,port_congestion,labor_strike,medium,2023-06-17 09:09:43,14.17
8105,8548,transport_delay,border_delay,high,2023-04-12 09:48:48,44.04
8106,8548,port_congestion,labor_strike,high,2023-04-13 03:11:37,85.67
8107,8548,transport_delay,fuel_shortage,high,2023-04-13 04:12:51,48.47
8108,8548,port_congestion,labor_strike,high,2023-04-13 07:18:20,18.36
8109,8548,transport_delay,road_closure,high,2023-04-18 06:08:44,64.11
8110,8548,port_congestion,high_demand,high,2023-04-18 18:45:57,9.4
8111,8550,supplier_failure,production_halt,medium,2024-06-27 07:32:00,8.97
8112,8551,transport_delay,border_delay,high,2024-03-02 06:50:18,26.24
8113,8555,port_congestion,high_demand,low,2024-01-21 12:43:21,2.55
8114,8556,weather_disruption,fog,low,2023-08-21 09:54:36,14.12
8115,8556,weather_disruption,fog,low,2023-08-21 14:07:33,2.2
8116,8557,weather_disruption,flooding,high,2023-06-05 08:44:28,28.57
8117,8557,weather_disruption,flooding,high,2023-06-05 21:03:13,86.08
8118,8557,transport_delay,road_closure,high,2023-06-08 12:33:00,44.06
8119,8557,supplier_failure,quality_issue,high,2023-06-11 21:21:59,17.43
8120,8557,port_congestion,high_demand,high,2023-06-13 01:05:25,50.98
8121,8558,weather_disruption,severe_storm,high,2024-04-12 03:34:38,10.86
8122,8558,weather_disruption,flooding,high,2024-04-12 09:47:21,66.97
8123,8559,weather_disruption,blizzard,low,2025-09-12 07:03:13,3.54
8124,8562,transport_delay,vehicle_breakdown,high,2025-05-11 22:09:53,48.6
8125,8564,supplier_failure,quality_issue,low,2023-10-07 07:08:41,7.81
8126,8565,port_congestion,inspection_backlog,medium,2025-04-01 01:47:53,12.26
8127,8567,weather_disruption,hurricane,high,2025-02-25 11:11:49,12.6
8128,8569,transport_delay,road_closure,high,2025-04-14 18:21:01,69.81
8129,8570,weather_disruption,severe_storm,medium,2025-08-14 11:45:58,13.17
8130,8571,transport_delay,border_delay,medium,2024-01-07 12:21:09,10.53
8131,8572,port_congestion,high_demand,high,2025-05-13 02:26:57,43.89
8132,8572,transport_delay,fuel_shortage,high,2025-05-15 12:35:40,51.81
8133,8572,transport_delay,vehicle_breakdown,high,2025-05-16 11:44:11,37.91
8134,8573,weather_disruption,flooding,medium,2024-07-12 08:00:41,9.57
8135,8575,port_congestion,inspection_backlog,medium,2023-02-04 13:55:51,22.75
8136,8576,transport_delay,road_closure,low,2024-12-26 17:47:44,3.48
8137,8579,transport_delay,border_delay,medium,2024-10-24 00:17:42,11.02
8138,8581,transport_delay,border_delay,high,2024-02-02 12:50:42,26.38
8139,8582,supplier_failure,quality_issue,high,2025-08-23 14:52:57,12.58
8140,8582,transport_delay,border_delay,high,2025-08-25 13:44:17,46.43
8141,8589,weather_disruption,blizzard,high,2023-09-15 16:12:56,23.92
8142,8589,weather_disruption,fog,high,2023-09-17 05:17:17,19.16
8143,8589,weather_disruption,flooding,high,2023-09-17 10:35:38,41.27
8144,8592,transport_delay,vehicle_breakdown,medium,2025-03-07 02:55:36,37.63
8145,8596,transport_delay,border_delay,medium,2024-07-25 13:56:29,10.51
8146,8598,weather_disruption,blizzard,high,2023-07-01 19:34:09,64.52
8147,8598,transport_delay,fuel_shortage,high,2023-07-02 03:05:55,14.88
8148,8598,transport_delay,road_closure,high,2023-07-02 19:42:39,55.38
8149,8598,transport_delay,fuel_shortage,high,2023-07-03 03:07:32,25.41
8150,8599,transport_delay,vehicle_breakdown,medium,2023-03-22 07:09:47,3.46
8151,8599,port_congestion,inspection_backlog,medium,2023-03-22 23:04:40,12.5
8152,8599,transport_delay,road_closure,medium,2023-03-23 04:18:46,34.19
8153,8600,port_congestion,high_demand,medium,2023-08-19 23:04:25,5.46
8154,8604,port_congestion,labor_strike,medium,2024-07-22 02:43:09,8.74
8155,8604,port_congestion,equipment_failure,medium,2024-07-22 10:26:19,4.43
8156,8604,port_congestion,equipment_failure,medium,2024-07-22 12:14:58,8.83
8157,8604,supplier_failure,production_halt,medium,2024-07-24 10:55:11,10.26
8158,8605,port_congestion,high_demand,medium,2025-04-19 08:09:44,9.67
8159,8607,supplier_failure,quality_issue,medium,2024-11-18 08:31:04,23.63
8160,8610,port_congestion,labor_strike,medium,2024-08-15 02:53:28,15.51
8161,8611,port_congestion,equipment_failure,medium,2023-05-06 21:37:37,9.06
8162,8614,transport_delay,road_closure,medium,2025-09-12 09:29:19,16.44
8163,8614,transport_delay,vehicle_breakdown,medium,2025-09-12 23:01:59,26.69
8164,8614,port_congestion,labor_strike,medium,2025-09-13 09:21:55,7.6
8165,8615,port_congestion,high_demand,medium,2025-01-30 11:29:42,18.4
8166,8616,transport_delay,road_closure,low,2025-03-17 02:33:18,4.85
8167,8617,transport_delay,vehicle_breakdown,medium,2025-09-19 10:24:35,16.2
8168,8618,supplier_failure,capacity_shortage,medium,2023-05-24 02:02:35,11.92
8169,8623,weather_disruption,flooding,high,2023-04-20 15:23:22,23.49
8170,8623,transport_delay,vehicle_breakdown,high,2023-04-21 09:12:47,25.66
8171,8623,port_congestion,equipment_failure,high,2023-04-22 02:32:07,57.45
8172,8623,supplier_failure,quality_issue,high,2023-04-23 03:00:37,21.42
8173,8623,weather_disruption,flooding,high,2023-04-23 06:47:57,14.03
8174,8623,weather_disruption,hurricane,high,2023-04-24 02:51:16,22.7
8175,8624,transport_delay,border_delay,high,2025-10-09 10:55:42,48.39
8176,8625,port_congestion,labor_strike,medium,2025-01-25 07:15:46,7.57
8177,8625,supplier_failure,quality_issue,medium,2025-01-26 00:12:20,16.22
8178,8626,weather_disruption,severe_storm,medium,2025-09-24 13:14:10,43.83
8179,8627,transport_delay,border_delay,medium,2025-04-16 17:09:13,3.06
8180,8627,supplier_failure,quality_issue,medium,2025-04-18 02:07:51,10.58
8181,8629,transport_delay,border_delay,medium,2025-10-24 08:31:31,5.69
8182,8629,port_congestion,high_demand,medium,2025-10-24 17:46:59,10.36
8183,8630,port_congestion,inspection_backlog,high,2024-07-23 10:28:28,23.35
8184,8630,port_congestion,high_demand,high,2024-07-25 11:10:21,59.47
8185,8632,port_congestion,equipment_failure,medium,2025-04-13 03:34:18,4.32
8186,8632,transport_delay,road_closure,medium,2025-04-13 04:16:26,24.24
8187,8632,transport_delay,fuel_shortage,medium,2025-04-13 12:22:14,26.64
8188,8633,port_congestion,high_demand,medium,2025-10-24 14:17:16,11.49
8189,8633,transport_delay,vehicle_breakdown,medium,2025-10-24 15:29:12,20.67
8190,8634,weather_disruption,flooding,medium,2025-07-31 08:20:40,8.98
8191,8637,weather_disruption,severe_storm,high,2025-10-13 09:30:13,15.28
8192,8637,port_congestion,equipment_failure,high,2025-10-13 23:57:17,21.99
8193,8637,weather_disruption,flooding,high,2025-10-16 11:41:32,23.37
8194,8639,weather_disruption,blizzard,medium,2023-07-15 08:03:13,9.94
8195,8646,weather_disruption,blizzard,high,2024-01-07 00:44:39,10.87
8196,8646,supplier_failure,capacity_shortage,high,2024-01-10 19:43:14,41.2
8197,8649,transport_delay,road_closure,low,2024-05-16 05:49:59,4.37
8198,8650,weather_disruption,blizzard,high,2023-06-09 03:19:05,46.54
8199,8650,transport_delay,border_delay,high,2023-06-11 01:59:07,31.65
8200,8650,weather_disruption,severe_storm,high,2023-06-11 03:32:25,16.6
8201,8651,supplier_failure,production_halt,medium,2025-10-14 11:16:11,3.8
8202,8652,transport_delay,fuel_shortage,high,2025-04-02 13:46:46,56.69
8203,8652,port_congestion,inspection_backlog,high,2025-04-02 18:04:49,72.57
8204,8652,port_congestion,inspection_backlog,high,2025-04-05 00:36:17,35.36
8205,8654,weather_disruption,blizzard,medium,2025-01-03 07:09:40,31.59
8206,8654,transport_delay,road_closure,medium,2025-01-05 05:09:36,20.35
8207,8656,transport_delay,vehicle_breakdown,medium,2023-03-12 08:26:11,14.13
8208,8656,port_congestion,labor_strike,medium,2023-03-12 19:39:17,42.57
8209,8656,transport_delay,border_delay,medium,2023-03-13 17:37:57,12.97
8210,8657,transport_delay,vehicle_breakdown,medium,2024-03-13 23:45:16,17.49
8211,8657,transport_delay,vehicle_breakdown,medium,2024-03-14 06:52:46,5.48
8212,8658,port_congestion,labor_strike,low,2024-12-01 02:35:48,3.51
8213,8658,transport_delay,road_closure,low,2024-12-01 11:29:24,3.86
8214,8662,supplier_failure,production_halt,low,2023-05-28 13:11:42,2.58
8215,8670,supplier_failure,quality_issue,medium,2024-02-18 02:17:01,28.76
8216,8670,port_congestion,equipment_failure,medium,2024-02-18 02:26:38,24.03
8217,8670,supplier_failure,bankruptcy,medium,2024-02-18 19:44:10,31.92
8218,8671,weather_disruption,severe_storm,medium,2023-03-30 23:32:01,16.22
8219,8671,transport_delay,fuel_shortage,medium,2023-03-31 00:44:09,6.49
8220,8671,weather_disruption,hurricane,medium,2023-04-01 00:29:47,9.91
8221,8672,transport_delay,fuel_shortage,high,2024-10-16 02:46:55,7.31
8222,8672,port_congestion,labor_strike,high,2024-10-17 10:07:45,22.01
8223,8676,transport_delay,road_closure,low,2023-12-18 13:46:23,6.24
8224,8678,supplier_failure,capacity_shortage,medium,2025-01-02 16:31:29,3.2
8225,8680,transport_delay,fuel_shortage,high,2025-05-22 02:48:39,28.89
8226,8680,transport_delay,vehicle_breakdown,high,2025-05-23 15:47:22,36.51
8227,8680,transport_delay,border_delay,high,2025-05-23 18:54:37,42.19
8228,8680,weather_disruption,blizzard,high,2025-05-25 06:22:14,65.69
8229,8680,transport_delay,road_closure,high,2025-05-26 09:33:08,32.36
8230,8680,weather_disruption,blizzard,high,2025-05-26 19:53:58,29.74
8231,8681,transport_delay,road_closure,medium,2025-01-27 14:01:27,5.65
8232,8682,port_congestion,inspection_backlog,medium,2023-06-27 20:44:36,17.04
8233,8682,supplier_failure,production_halt,medium,2023-06-28 05:55:36,22.21
8234,8682,transport_delay,fuel_shortage,medium,2023-06-28 16:17:50,21.99
8235,8683,transport_delay,vehicle_breakdown,high,2024-05-29 13:09:06,22.87
8236,8683,port_congestion,inspection_backlog,high,2024-05-29 17:47:27,9.58
8237,8683,transport_delay,road_closure,high,2024-05-30 16:17:12,137.67
8238,8683,transport_delay,vehicle_breakdown,high,2024-05-31 08:43:03,200.0
8239,8683,port_congestion,labor_strike,high,2024-05-31 09:23:09,55.9
8240,8683,supplier_failure,bankruptcy,high,2024-05-31 20:01:44,52.11
8241,8684,supplier_failure,quality_issue,high,2025-07-05 05:23:13,49.41
8242,8684,weather_disruption,fog,high,2025-07-05 16:35:58,37.15
8243,8684,supplier_failure,capacity_shortage,high,2025-07-06 12:49:35,44.85
8244,8686,transport_delay,fuel_shortage,medium,2025-04-21 02:41:01,22.88
8245,8686,transport_delay,vehicle_breakdown,medium,2025-04-21 07:29:51,10.37
8246,8686,transport_delay,vehicle_breakdown,medium,2025-04-21 11:19:56,24.17
8247,8686,port_congestion,inspection_backlog,medium,2025-04-21 23:08:51,10.81
8248,8687,port_congestion,equipment_failure,low,2023-03-14 04:48:57,8.89
8249,8687,port_congestion,labor_strike,low,2023-03-14 18:40:44,9.85
8250,8688,port_congestion,equipment_failure,medium,2023-07-28 16:08:41,11.26
8251,8688,port_congestion,inspection_backlog,medium,2023-07-29 11:17:56,5.97
8252,8688,transport_delay,border_delay,medium,2023-07-29 13:15:15,9.18
8253,8692,transport_delay,road_closure,medium,2023-09-27 16:48:52,6.81
8254,8693,transport_delay,vehicle_breakdown,medium,2025-08-14 02:45:38,14.24
8255,8695,transport_delay,fuel_shortage,low,2025-01-12 14:22:41,4.2
8256,8701,transport_delay,fuel_shortage,medium,2024-01-30 11:17:04,10.93
8257,8701,supplier_failure,bankruptcy,medium,2024-01-30 23:52:37,6.3
8258,8702,port_congestion,high_demand,medium,2024-11-15 17:02:31,8.67
8259,8702,port_congestion,equipment_failure,medium,2024-11-15 17:48:47,9.13
8260,8702,transport_delay,vehicle_breakdown,medium,2024-11-15 23:26:42,13.7
8261,8702,port_congestion,labor_strike,medium,2024-11-16 05:08:20,11.46
8262,8705,transport_delay,road_closure,low,2024-05-13 19:29:08,2.06
8263,8709,weather_disruption,fog,medium,2025-04-05 03:05:18,16.4
8264,8710,transport_delay,fuel_shortage,medium,2024-08-19 13:32:55,7.47
8265,8710,supplier_failure,quality_issue,medium,2024-08-20 15:09:21,5.73
8266,8710,supplier_failure,bankruptcy,medium,2024-08-21 21:18:28,13.95
8267,8711,port_congestion,high_demand,medium,2023-08-06 11:56:29,37.92
8268,8711,port_congestion,equipment_failure,medium,2023-08-06 16:48:04,5.89
8269,8716,transport_delay,fuel_shortage,medium,2025-03-16 13:51:23,12.06
8270,8717,transport_delay,road_closure,low,2025-03-13 04:57:24,15.24
8271,8721,transport_delay,road_closure,high,2023-01-11 16:52:39,36.22
8272,8721,supplier_failure,production_halt,high,2023-01-12 07:59:29,36.24
8273,8721,port_congestion,high_demand,high,2023-01-12 10:36:08,58.23
8274,8721,supplier_failure,bankruptcy,high,2023-01-13 03:11:17,26.73
8275,8721,supplier_failure,production_halt,high,2023-01-13 12:29:56,77.91
8276,8722,supplier_failure,capacity_shortage,medium,2025-06-19 04:31:16,2.74
8277,8722,transport_delay,fuel_shortage,medium,2025-06-20 06:22:31,17.43
8278,8723,transport_delay,road_closure,low,2025-11-13 02:12:44,5.31
8279,8723,supplier_failure,quality_issue,low,2025-11-13 04:41:27,3.38
8280,8728,port_congestion,inspection_backlog,high,2024-06-02 06:23:29,39.18
8281,8728,weather_disruption,blizzard,high,2024-06-03 21:17:31,14.36
8282,8729,port_congestion,inspection_backlog,medium,2025-07-28 05:20:03,12.78
8283,8730,supplier_failure,bankruptcy,medium,2025-04-30 16:00:19,16.88
8284,8731,transport_delay,fuel_shortage,medium,2024-04-29 14:44:20,9.03
8285,8732,port_congestion,inspection_backlog,low,2024-11-25 04:26:26,2.65
8286,8734,weather_disruption,hurricane,medium,2024-10-28 12:57:31,36.5
8287,8735,port_congestion,high_demand,high,2024-05-07 03:13:44,31.28
8288,8735,supplier_failure,quality_issue,high,2024-05-08 20:30:40,15.84
8289,8737,supplier_failure,bankruptcy,medium,2025-11-02 02:03:26,9.52
8290,8737,supplier_failure,capacity_shortage,medium,2025-11-02 07:37:57,17.23
8291,8740,transport_delay,fuel_shortage,medium,2024-04-20 18:18:23,8.43
8292,8741,port_congestion,labor_strike,medium,2023-09-07 15:46:04,34.16
8293,8741,weather_disruption,flooding,medium,2023-09-08 18:33:40,5.58
8294,8743,port_congestion,labor_strike,high,2025-11-04 01:59:22,101.24
8295,8743,transport_delay,fuel_shortage,high,2025-11-06 12:25:35,18.55
8296,8744,transport_delay,border_delay,medium,2024-11-01 20:41:43,58.72
8297,8745,port_congestion,inspection_backlog,medium,2024-09-08 00:20:31,8.34
8298,8747,port_congestion,equipment_failure,medium,2024-12-15 02:53:31,10.55
8299,8748,weather_disruption,flooding,low,2023-08-20 05:17:42,4.62
8300,8749,port_congestion,equipment_failure,medium,2025-11-08 09:43:58,14.52
8301,8751,weather_disruption,hurricane,low,2023-02-02 10:47:21,11.14
8302,8753,transport_delay,vehicle_breakdown,medium,2025-06-06 17:53:46,5.5
8303,8756,transport_delay,fuel_shortage,high,2025-10-10 01:00:11,51.56
8304,8756,port_congestion,inspection_backlog,high,2025-10-12 03:30:43,28.62
8305,8756,supplier_failure,quality_issue,high,2025-10-12 07:47:22,28.83
8306,8757,port_congestion,inspection_backlog,medium,2023-09-06 18:03:57,22.62
8307,8761,supplier_failure,quality_issue,medium,2023-09-26 00:48:23,11.65
8308,8761,port_congestion,high_demand,medium,2023-09-27 00:09:27,5.81
8309,8762,transport_delay,vehicle_breakdown,high,2024-09-26 02:05:15,73.59
8310,8763,supplier_failure,bankruptcy,high,2024-08-06 19:17:43,18.59
8311,8764,transport_delay,fuel_shortage,high,2023-12-05 22:21:43,58.74
8312,8765,supplier_failure,capacity_shortage,medium,2023-10-02 23:12:58,7.22
8313,8767,port_congestion,labor_strike,medium,2023-01-22 22:14:16,22.52
8314,8770,transport_delay,fuel_shortage,high,2024-11-02 19:11:05,85.91
8315,8770,transport_delay,road_closure,high,2024-11-04 05:39:17,59.78
8316,8771,transport_delay,vehicle_breakdown,high,2024-07-07 05:20:46,48.53
8317,8771,weather_disruption,blizzard,high,2024-07-09 14:55:50,63.92
8318,8773,port_congestion,inspection_backlog,low,2023-02-14 03:59:24,1.42
8319,8774,weather_disruption,severe_storm,medium,2024-06-02 03:38:21,6.49
8320,8774,port_congestion,high_demand,medium,2024-06-02 16:17:42,6.5
8321,8775,port_congestion,labor_strike,medium,2024-08-01 01:38:45,4.4
8322,8775,transport_delay,border_delay,medium,2024-08-01 11:40:17,8.24
8323,8776,port_congestion,labor_strike,medium,2025-10-29 23:00:55,4.2
8324,8777,transport_delay,fuel_shortage,medium,2025-04-25 06:23:40,2.91
8325,8778,port_congestion,high_demand,high,2025-06-11 15:08:40,79.93
8326,8778,transport_delay,fuel_shortage,high,2025-06-13 00:01:42,36.63
8327,8779,port_congestion,equipment_failure,high,2024-04-29 09:43:18,22.33
8328,8779,transport_delay,fuel_shortage,high,2024-04-30 01:12:03,50.25
8329,8782,port_congestion,labor_strike,medium,2023-08-29 04:47:45,7.21
8330,8782,weather_disruption,blizzard,medium,2023-08-30 16:12:48,9.94
8331,8782,port_congestion,inspection_backlog,medium,2023-08-31 01:27:01,11.76
8332,8785,port_congestion,high_demand,low,2025-04-13 21:14:22,5.76
8333,8787,port_congestion,inspection_backlog,high,2024-03-15 03:52:52,21.76
8334,8787,supplier_failure,capacity_shortage,high,2024-03-15 04:38:28,64.3
8335,8789,transport_delay,road_closure,medium,2025-10-26 00:09:22,11.26
8336,8792,transport_delay,fuel_shortage,low,2024-05-21 00:29:58,7.21
8337,8793,transport_delay,fuel_shortage,high,2025-05-09 11:22:34,35.28
8338,8793,supplier_failure,capacity_shortage,high,2025-05-09 16:00:42,62.0
8339,8793,weather_disruption,fog,high,2025-05-10 02:13:52,17.13
8340,8793,transport_delay,road_closure,high,2025-05-10 22:44:31,55.58
8341,8793,supplier_failure,bankruptcy,high,2025-05-12 19:04:38,77.34
8342,8793,supplier_failure,bankruptcy,high,2025-05-14 04:48:57,75.81
8343,8793,transport_delay,vehicle_breakdown,high,2025-05-14 05:24:29,27.3
8344,8794,weather_disruption,fog,high,2025-08-23 10:33:12,20.09
8345,8796,supplier_failure,production_halt,high,2024-09-10 10:22:14,17.95
8346,8797,transport_delay,road_closure,medium,2023-08-29 08:35:35,22.75
8347,8797,weather_disruption,severe_storm,medium,2023-08-29 21:59:56,12.56
8348,8800,transport_delay,road_closure,medium,2023-05-15 02:04:03,13.34
8349,8801,port_congestion,equipment_failure,medium,2025-10-16 00:50:50,12.99
8350,8805,transport_delay,fuel_shortage,medium,2023-11-24 11:50:44,8.53
8351,8808,port_congestion,labor_strike,medium,2025-10-15 19:19:43,20.04
8352,8809,supplier_failure,capacity_shortage,medium,2023-10-03 16:59:27,10.18
8353,8810,port_congestion,equipment_failure,high,2025-07-08 11:27:19,75.95
8354,8810,transport_delay,road_closure,high,2025-07-13 02:01:04,33.45
8355,8813,supplier_failure,quality_issue,high,2025-06-13 14:55:20,26.84
8356,8814,transport_delay,vehicle_breakdown,medium,2024-07-07 11:11:46,12.19
8357,8815,transport_delay,border_delay,medium,2025-11-12 06:34:08,27.67
8358,8817,port_congestion,equipment_failure,low,2023-12-05 04:40:18,8.17
8359,8817,port_congestion,equipment_failure,low,2023-12-05 17:08:13,5.39
8360,8819,port_congestion,high_demand,medium,2023-11-29 23:07:16,8.32
8361,8819,port_congestion,inspection_backlog,medium,2023-11-30 02:05:48,22.07
8362,8822,supplier_failure,production_halt,high,2024-08-24 18:38:46,47.94
8363,8822,weather_disruption,severe_storm,high,2024-08-25 01:42:12,89.68
8364,8822,transport_delay,vehicle_breakdown,high,2024-08-25 02:39:38,28.04
8365,8824,transport_delay,border_delay,low,2025-10-25 00:49:27,7.88
8366,8825,transport_delay,fuel_shortage,high,2023-07-27 02:57:42,20.27
8367,8825,transport_delay,border_delay,high,2023-07-27 16:50:42,23.09
8368,8825,supplier_failure,capacity_shortage,high,2023-07-29 02:38:46,31.49
8369,8825,weather_disruption,severe_storm,high,2023-07-30 14:18:59,17.53
8370,8825,supplier_failure,bankruptcy,high,2023-07-30 17:58:59,32.35
8371,8827,port_congestion,equipment_failure,low,2024-01-26 03:45:25,6.27
8372,8834,transport_delay,fuel_shortage,medium,2024-10-21 03:14:50,12.73
8373,8834,port_congestion,inspection_backlog,medium,2024-10-21 09:02:51,7.11
8374,8834,transport_delay,vehicle_breakdown,medium,2024-10-21 18:51:33,6.83
8375,8835,weather_disruption,blizzard,medium,2025-07-16 00:01:27,13.93
8376,8836,weather_disruption,flooding,low,2025-06-03 00:41:44,2.83
8377,8837,port_congestion,high_demand,medium,2024-01-03 13:49:36,8.43
8378,8837,port_congestion,inspection_backlog,medium,2024-01-03 21:58:17,24.33
8379,8838,port_congestion,equipment_failure,low,2023-11-12 02:08:04,6.12
8380,8840,supplier_failure,capacity_shortage,high,2024-05-29 11:08:31,37.26
8381,8840,transport_delay,road_closure,high,2024-05-30 12:29:59,45.16
8382,8841,port_congestion,inspection_backlog,medium,2025-08-24 04:33:46,6.4
8383,8841,supplier_failure,bankruptcy,medium,2025-08-24 13:57:55,5.22
8384,8842,transport_delay,fuel_shortage,high,2023-04-23 03:01:44,15.7
8385,8842,port_congestion,labor_strike,high,2023-04-23 23:18:50,55.89
8386,8842,weather_disruption,flooding,high,2023-04-24 18:51:21,41.31
8387,8843,transport_delay,road_closure,low,2023-06-16 02:11:45,4.27
8388,8843,transport_delay,road_closure,low,2023-06-16 03:31:12,3.09
8389,8847,port_congestion,inspection_backlog,high,2023-08-29 07:28:53,77.13
8390,8847,supplier_failure,capacity_shortage,high,2023-08-29 20:15:15,30.41
8391,8852,port_congestion,labor_strike,high,2025-02-28 13:16:22,46.49
8392,8852,transport_delay,border_delay,high,2025-02-28 17:16:15,27.85
8393,8852,port_congestion,high_demand,high,2025-03-01 06:22:53,38.63
8394,8852,port_congestion,high_demand,high,2025-03-01 10:51:23,59.11
8395,8852,transport_delay,vehicle_breakdown,high,2025-03-03 11:33:37,121.38
8396,8853,port_congestion,high_demand,high,2025-08-02 06:01:42,25.41
8397,8853,weather_disruption,blizzard,high,2025-08-03 14:11:11,40.36
8398,8853,transport_delay,border_delay,high,2025-08-04 17:16:57,15.13
8399,8857,port_congestion,labor_strike,high,2025-08-27 09:19:35,56.61
8400,8857,transport_delay,border_delay,high,2025-08-27 15:26:40,21.84
8401,8857,supplier_failure,production_halt,high,2025-08-28 15:19:00,17.83
8402,8857,transport_delay,road_closure,high,2025-08-29 12:02:41,51.11
8403,8857,supplier_failure,capacity_shortage,high,2025-08-30 06:38:26,29.09
8404,8858,port_congestion,high_demand,medium,2025-01-20 06:14:56,12.55
8405,8859,weather_disruption,flooding,low,2024-03-13 06:18:28,4.04
8406,8861,supplier_failure,quality_issue,medium,2025-10-20 01:58:57,19.09
8407,8862,weather_disruption,hurricane,high,2024-04-15 17:51:21,7.87
8408,8867,port_congestion,inspection_backlog,medium,2025-01-02 09:10:43,27.21
8409,8869,weather_disruption,blizzard,medium,2025-04-14 04:41:51,18.08
8410,8869,transport_delay,fuel_shortage,medium,2025-04-14 08:37:22,21.38
8411,8871,port_congestion,equipment_failure,high,2024-05-31 18:51:50,43.25
8412,8872,supplier_failure,capacity_shortage,medium,2024-11-17 06:59:35,16.57
8413,8874,port_congestion,labor_strike,high,2023-02-13 05:25:32,43.48
8414,8874,transport_delay,vehicle_breakdown,high,2023-02-14 00:08:49,94.23
8415,8874,transport_delay,road_closure,high,2023-02-14 23:26:08,13.64
8416,8874,port_congestion,inspection_backlog,high,2023-02-15 05:39:32,19.11
8417,8875,port_congestion,equipment_failure,low,2024-02-08 01:09:32,4.76
8418,8875,port_congestion,inspection_backlog,low,2024-02-08 03:40:28,4.49
8419,8877,weather_disruption,fog,high,2024-01-01 04:54:00,56.17
8420,8878,transport_delay,border_delay,medium,2025-06-10 20:04:58,7.96
8421,8880,supplier_failure,bankruptcy,high,2023-05-20 03:55:13,28.42
8422,8880,weather_disruption,hurricane,high,2023-05-21 01:26:56,64.61
8423,8883,weather_disruption,flooding,low,2024-07-09 07:54:32,3.95
8424,8883,transport_delay,fuel_shortage,low,2024-07-09 17:43:48,14.41
8425,8884,transport_delay,vehicle_breakdown,high,2024-03-01 01:39:12,23.5
8426,8884,transport_delay,road_closure,high,2024-03-01 04:07:36,61.88
8427,8884,weather_disruption,flooding,high,2024-03-04 17:25:55,54.25
8428,8884,transport_delay,border_delay,high,2024-03-06 20:57:18,62.48
8429,8884,transport_delay,road_closure,high,2024-03-09 17:50:17,42.87
8430,8888,transport_delay,fuel_shortage,medium,2024-10-08 17:54:59,8.73
8431,8889,transport_delay,road_closure,high,2023-04-18 22:28:19,39.24
8432,8892,supplier_failure,bankruptcy,low,2024-04-08 05:34:12,4.85
8433,8892,port_congestion,high_demand,low,2024-04-08 09:29:03,7.19
8434,8895,port_congestion,equipment_failure,high,2023-11-10 11:46:24,22.64
8435,8895,transport_delay,border_delay,high,2023-11-11 08:28:32,82.09
8436,8896,port_congestion,equipment_failure,high,2025-11-09 12:27:49,39.98
8437,8901,weather_disruption,severe_storm,medium,2024-11-02 03:11:21,11.77
8438,8902,transport_delay,fuel_shortage,medium,2023-05-19 10:37:47,18.12
8439,8902,transport_delay,vehicle_breakdown,medium,2023-05-20 03:03:29,32.12
8440,8902,transport_delay,fuel_shortage,medium,2023-05-20 06:54:51,3.71
8441,8903,transport_delay,fuel_shortage,medium,2023-04-05 23:28:46,4.5
8442,8904,weather_disruption,fog,medium,2023-03-21 07:43:16,38.4
8443,8904,supplier_failure,quality_issue,medium,2023-03-21 13:35:01,7.43
8444,8904,port_congestion,inspection_backlog,medium,2023-03-21 21:16:10,10.06
8445,8904,supplier_failure,quality_issue,medium,2023-03-21 23:14:48,4.68
8446,8908,transport_delay,border_delay,high,2024-03-15 00:50:20,43.07
8447,8908,transport_delay,fuel_shortage,high,2024-03-15 09:25:05,32.69
8448,8908,weather_disruption,blizzard,high,2024-03-16 09:07:19,67.9
8449,8908,supplier_failure,capacity_shortage,high,2024-03-16 10:52:18,13.07
8450,8908,weather_disruption,fog,high,2024-03-16 11:05:14,118.68
8451,8908,port_congestion,equipment_failure,high,2024-03-16 20:15:15,19.65
8452,8913,port_congestion,labor_strike,medium,2024-09-07 00:22:00,14.88
8453,8914,port_congestion,high_demand,medium,2024-12-13 20:08:08,12.88
8454,8916,transport_delay,vehicle_breakdown,high,2023-10-11 18:38:12,17.74
8455,8916,weather_disruption,severe_storm,high,2023-10-12 00:28:26,47.95
8456,8916,port_congestion,equipment_failure,high,2023-10-17 02:48:09,84.9
8457,8917,transport_delay,vehicle_breakdown,high,2023-12-30 08:54:48,52.2
8458,8917,supplier_failure,capacity_shortage,high,2023-12-31 08:49:40,28.93
8459,8917,port_congestion,high_demand,high,2023-12-31 20:01:28,45.42
8460,8922,transport_delay,border_delay,medium,2025-03-06 16:18:21,14.58
8461,8923,transport_delay,border_delay,low,2024-04-05 00:52:25,1.82
8462,8924,transport_delay,road_closure,medium,2024-08-22 07:58:31,15.96
8463,8924,supplier_failure,production_halt,medium,2024-08-22 09:37:27,7.71
8464,8924,transport_delay,fuel_shortage,medium,2024-08-22 12:15:00,13.47
8465,8924,transport_delay,vehicle_breakdown,medium,2024-08-23 13:35:43,14.79
8466,8928,port_congestion,labor_strike,high,2025-06-06 03:57:55,23.01
8467,8928,weather_disruption,blizzard,high,2025-06-07 01:26:53,45.88
8468,8928,transport_delay,vehicle_breakdown,high,2025-06-07 20:29:35,15.66
8469,8932,supplier_failure,quality_issue,high,2023-03-18 10:11:04,27.01
8470,8934,transport_delay,fuel_shortage,low,2025-05-13 00:23:42,8.68
8471,8938,supplier_failure,quality_issue,high,2024-12-10 06:09:36,28.48
8472,8938,port_congestion,labor_strike,high,2024-12-11 03:49:21,24.45
8473,8938,weather_disruption,blizzard,high,2024-12-16 18:58:51,10.43
8474,8939,transport_delay,road_closure,medium,2024-08-30 21:04:26,30.62
8475,8943,transport_delay,road_closure,medium,2024-11-02 00:28:44,30.41
8476,8943,transport_delay,fuel_shortage,medium,2024-11-02 04:42:13,6.64
8477,8943,supplier_failure,quality_issue,medium,2024-11-02 18:41:34,13.35
8478,8943,transport_delay,vehicle_breakdown,medium,2024-11-03 03:47:23,15.91
8479,8943,port_congestion,equipment_failure,medium,2024-11-03 10:01:32,36.36
8480,8946,weather_disruption,fog,high,2023-08-08 10:27:38,46.84
8481,8946,port_congestion,labor_strike,high,2023-08-10 07:23:05,35.42
8482,8947,transport_delay,border_delay,high,2024-10-19 16:56:55,34.26
8483,8952,port_congestion,labor_strike,high,2023-01-10 08:22:00,7.94
8484,8952,port_congestion,inspection_backlog,high,2023-01-15 04:30:36,48.37
8485,8955,port_congestion,equipment_failure,medium,2025-03-06 00:12:14,19.31
8486,8959,transport_delay,border_delay,medium,2023-12-14 00:57:40,12.65
8487,8959,port_congestion,high_demand,medium,2023-12-14 13:41:52,15.02
8488,8960,weather_disruption,blizzard,low,2025-06-09 16:25:41,2.91
8489,8962,transport_delay,road_closure,medium,2024-12-01 02:32:09,15.33
8490,8962,transport_delay,road_closure,medium,2024-12-01 17:42:59,5.96
8491,8962,weather_disruption,fog,medium,2024-12-01 18:03:51,12.75
8492,8964,transport_delay,border_delay,medium,2023-01-03 06:54:42,28.25
8493,8965,transport_delay,road_closure,medium,2024-10-24 05:31:55,11.21
8494,8965,weather_disruption,severe_storm,medium,2024-10-25 10:57:50,8.05
8495,8969,port_congestion,high_demand,high,2024-01-05 04:41:11,30.05
8496,8969,transport_delay,border_delay,high,2024-01-06 18:48:35,8.39
8497,8969,transport_delay,vehicle_breakdown,high,2024-01-07 08:02:00,27.89
8498,8969,transport_delay,border_delay,high,2024-01-08 05:17:20,140.08
8499,8969,port_congestion,labor_strike,high,2024-01-09 05:12:01,136.89
8500,8974,transport_delay,vehicle_breakdown,high,2023-10-21 23:14:51,20.76
8501,8976,port_congestion,inspection_backlog,medium,2023-11-15 00:50:41,15.17
8502,8977,weather_disruption,hurricane,medium,2024-06-13 05:53:44,12.1
8503,8980,transport_delay,vehicle_breakdown,low,2024-06-01 04:00:46,2.71
8504,8981,port_congestion,equipment_failure,low,2024-06-08 01:46:09,7.43
8505,8981,transport_delay,road_closure,low,2024-06-08 06:25:22,11.88
8506,8981,weather_disruption,hurricane,low,2024-06-08 08:35:52,8.57
8507,8982,port_congestion,equipment_failure,low,2025-09-21 15:01:12,2.57
8508,8986,port_congestion,labor_strike,medium,2025-04-06 02:21:02,30.68
8509,8988,supplier_failure,bankruptcy,high,2024-10-17 09:40:30,20.92
8510,8991,port_congestion,labor_strike,medium,2025-01-18 12:11:24,16.21
8511,8995,transport_delay,fuel_shortage,high,2025-08-12 06:53:10,25.05
8512,8995,transport_delay,fuel_shortage,high,2025-08-14 00:01:41,23.37
8513,8995,transport_delay,road_closure,high,2025-08-15 10:36:25,51.93
8514,8995,transport_delay,border_delay,high,2025-08-17 01:44:33,53.36
8515,8998,weather_disruption,hurricane,medium,2024-09-19 03:52:20,16.71
8516,8998,weather_disruption,blizzard,medium,2024-09-19 19:54:02,10.75
8517,9000,transport_delay,vehicle_breakdown,low,2023-11-06 05:04:51,3.7
8518,9000,port_congestion,labor_strike,low,2023-11-06 08:47:04,9.0
8519,9001,supplier_failure,bankruptcy,medium,2024-03-16 17:35:16,32.94
8520,9004,port_congestion,labor_strike,high,2023-06-25 14:05:47,33.39
8521,9004,port_congestion,inspection_backlog,high,2023-06-30 08:19:12,16.87
8522,9004,weather_disruption,flooding,high,2023-06-30 14:35:45,27.15
8523,9005,transport_delay,road_closure,medium,2023-07-18 07:18:09,24.98
8524,9005,port_congestion,high_demand,medium,2023-07-19 10:53:00,6.8
8525,9007,port_congestion,labor_strike,medium,2023-08-06 02:24:27,7.38
8526,9008,port_congestion,equipment_failure,medium,2025-08-17 16:08:15,11.19
8527,9008,port_congestion,inspection_backlog,medium,2025-08-18 10:30:06,12.73
8528,9010,supplier_failure,capacity_shortage,high,2023-01-19 01:31:50,36.32
8529,9010,weather_disruption,flooding,high,2023-01-19 10:57:00,47.34
8530,9010,port_congestion,equipment_failure,high,2023-01-19 13:18:21,29.33
8531,9010,port_congestion,inspection_backlog,high,2023-01-21 15:03:15,60.62
8532,9015,supplier_failure,capacity_shortage,medium,2025-01-12 10:51:39,14.2
8533,9016,port_congestion,equipment_failure,medium,2025-10-29 22:25:27,4.38
8534,9017,weather_disruption,hurricane,high,2024-12-09 15:01:46,59.57
8535,9017,port_congestion,high_demand,high,2024-12-12 05:39:22,22.73
8536,9019,weather_disruption,flooding,high,2024-11-19 06:11:53,18.35
8537,9019,port_congestion,equipment_failure,high,2024-11-20 04:39:12,144.98
8538,9020,port_congestion,labor_strike,medium,2024-12-08 22:46:04,13.07
8539,9022,supplier_failure,bankruptcy,low,2025-06-01 04:13:12,6.82
8540,9024,port_congestion,labor_strike,medium,2025-09-09 00:46:37,6.64
8541,9026,transport_delay,road_closure,medium,2024-04-27 11:05:48,9.46
8542,9026,transport_delay,road_closure,medium,2024-04-28 04:08:17,5.96
8543,9029,transport_delay,road_closure,low,2024-04-18 10:18:06,3.12
8544,9029,transport_delay,fuel_shortage,low,2024-04-18 17:15:17,4.01
8545,9029,weather_disruption,flooding,low,2024-04-18 17:40:06,17.51
8546,9030,weather_disruption,blizzard,medium,2023-01-21 01:25:54,7.13
8547,9030,transport_delay,fuel_shortage,medium,2023-01-22 07:22:32,17.13
8548,9031,port_congestion,high_demand,medium,2023-08-03 08:30:54,11.76
8549,9032,transport_delay,road_closure,medium,2023-08-19 07:04:00,8.61
8550,9032,supplier_failure,capacity_shortage,medium,2023-08-19 20:55:17,6.95
8551,9032,port_congestion,labor_strike,medium,2023-08-20 03:30:25,8.96
8552,9034,transport_delay,road_closure,high,2023-02-12 10:01:18,14.05
8553,9036,transport_delay,road_closure,high,2025-05-12 06:52:29,34.92
8554,9036,transport_delay,fuel_shortage,high,2025-05-14 07:58:42,29.03
8555,9036,transport_delay,border_delay,high,2025-05-15 09:53:44,20.69
8556,9036,transport_delay,border_delay,high,2025-05-20 02:38:22,23.14
8557,9039,supplier_failure,bankruptcy,high,2024-03-17 11:02:20,59.48
8558,9039,supplier_failure,bankruptcy,high,2024-03-21 18:02:36,36.49
8559,9039,weather_disruption,hurricane,high,2024-03-25 23:39:23,58.59
8560,9039,weather_disruption,blizzard,high,2024-03-27 10:22:30,44.41
8561,9039,transport_delay,border_delay,high,2024-03-29 20:47:29,15.78
8562,9039,transport_delay,vehicle_breakdown,high,2024-03-30 08:05:37,31.98
8563,9039,transport_delay,road_closure,high,2024-03-30 23:27:31,11.75
8564,9040,port_congestion,inspection_backlog,medium,2025-09-17 15:08:36,10.32
8565,9043,supplier_failure,quality_issue,medium,2025-02-01 13:48:16,13.6
8566,9043,transport_delay,border_delay,medium,2025-02-01 23:05:06,8.44
8567,9045,transport_delay,road_closure,medium,2023-02-19 00:48:21,12.8
8568,9045,transport_delay,border_delay,medium,2023-02-19 13:27:31,22.18
8569,9049,transport_delay,fuel_shortage,medium,2024-12-24 04:53:09,4.17
8570,9049,transport_delay,border_delay,medium,2024-12-24 07:33:00,12.76
8571,9049,transport_delay,border_delay,medium,2024-12-25 20:45:51,12.76
8572,9051,port_congestion,inspection_backlog,high,2024-09-02 23:35:37,42.87
8573,9051,transport_delay,road_closure,high,2024-09-06 19:08:06,50.83
8574,9052,port_congestion,equipment_failure,high,2023-04-23 07:58:02,11.27
8575,9052,port_congestion,high_demand,high,2023-04-26 11:01:10,40.61
8576,9052,port_congestion,labor_strike,high,2023-04-28 22:07:56,116.55
8577,9054,transport_delay,border_delay,low,2023-03-28 07:09:31,2.85
8578,9056,supplier_failure,production_halt,low,2024-11-24 06:16:40,6.08
8579,9058,port_congestion,labor_strike,medium,2025-01-30 08:01:20,17.28
8580,9058,weather_disruption,hurricane,medium,2025-01-30 11:03:27,4.72
8581,9060,supplier_failure,production_halt,high,2023-02-24 17:20:03,75.45
8582,9060,transport_delay,vehicle_breakdown,high,2023-02-24 20:31:45,47.59
8583,9061,weather_disruption,hurricane,medium,2023-09-20 07:44:56,5.06
8584,9063,supplier_failure,bankruptcy,high,2023-02-24 00:21:33,47.04
8585,9063,supplier_failure,capacity_shortage,high,2023-02-26 01:32:10,17.86
8586,9064,weather_disruption,severe_storm,medium,2024-08-13 23:55:45,13.43
8587,9066,weather_disruption,fog,medium,2024-10-25 03:24:20,17.37
8588,9068,transport_delay,fuel_shortage,high,2023-12-13 17:45:41,28.74
8589,9068,port_congestion,equipment_failure,high,2023-12-14 11:25:49,69.26
8590,9068,supplier_failure,quality_issue,high,2023-12-15 09:10:00,73.37
8591,9071,port_congestion,high_demand,high,2023-05-11 07:14:27,11.35
8592,9071,weather_disruption,fog,high,2023-05-12 03:05:27,39.19
8593,9072,port_congestion,inspection_backlog,medium,2023-07-23 12:05:24,6.12
8594,9074,weather_disruption,severe_storm,low,2023-08-23 02:49:15,6.58
8595,9074,weather_disruption,severe_storm,low,2023-08-23 08:23:46,6.97
8596,9079,port_congestion,inspection_backlog,low,2025-02-27 00:49:06,14.76
8597,9081,supplier_failure,capacity_shortage,high,2025-09-23 23:39:18,8.62
8598,9081,transport_delay,border_delay,high,2025-09-28 04:46:32,39.35
8599,9083,transport_delay,vehicle_breakdown,medium,2023-06-03 03:57:55,28.12
8600,9086,port_congestion,high_demand,high,2023-07-06 14:30:25,64.37
8601,9086,transport_delay,fuel_shortage,high,2023-07-08 06:20:16,15.98
8602,9087,weather_disruption,severe_storm,medium,2023-03-07 10:52:44,5.73
8603,9089,transport_delay,border_delay,medium,2023-11-12 14:12:34,26.3
8604,9090,transport_delay,fuel_shortage,medium,2023-09-03 16:38:13,12.58
8605,9092,port_congestion,inspection_backlog,high,2024-05-28 01:23:24,68.26
8606,9092,port_congestion,high_demand,high,2024-05-28 16:45:08,16.53
8607,9092,supplier_failure,quality_issue,high,2024-05-29 04:20:57,54.35
8608,9092,port_congestion,high_demand,high,2024-05-29 06:04:32,21.26
8609,9092,weather_disruption,blizzard,high,2024-05-30 03:23:52,30.33
8610,9092,weather_disruption,hurricane,high,2024-05-31 06:43:21,12.64
8611,9092,weather_disruption,hurricane,high,2024-05-31 09:44:51,31.96
8612,9095,transport_delay,vehicle_breakdown,high,2023-07-15 12:28:55,20.5
8613,9095,weather_disruption,fog,high,2023-07-16 08:31:47,19.19
8614,9095,transport_delay,fuel_shortage,high,2023-07-17 08:39:21,32.19
8615,9095,transport_delay,border_delay,high,2023-07-18 08:33:26,61.51
8616,9095,transport_delay,border_delay,high,2023-07-18 11:51:36,16.98
8617,9095,weather_disruption,blizzard,high,2023-07-20 09:19:08,41.17
8618,9096,supplier_failure,production_halt,low,2023-11-24 00:29:26,5.35
8619,9096,transport_delay,vehicle_breakdown,low,2023-11-24 12:52:09,7.06
8620,9096,supplier_failure,capacity_shortage,low,2023-11-24 14:00:58,9.96
8621,9097,transport_delay,road_closure,low,2023-11-06 07:41:25,1.4
8622,9098,transport_delay,fuel_shortage,low,2025-08-01 00:25:48,7.06
8623,9098,weather_disruption,flooding,low,2025-08-01 04:37:25,3.89
8624,9098,weather_disruption,blizzard,low,2025-08-01 11:15:41,2.87
8625,9098,weather_disruption,flooding,low,2025-08-01 12:48:10,13.48
8626,9100,transport_delay,road_closure,medium,2023-02-10 08:18:44,5.25
8627,9103,weather_disruption,blizzard,medium,2023-04-21 04:19:18,7.51
8628,9103,port_congestion,high_demand,medium,2023-04-21 06:24:42,8.37
8629,9105,port_congestion,equipment_failure,high,2023-04-27 13:57:50,12.09
8630,9105,transport_delay,vehicle_breakdown,high,2023-04-28 14:19:44,26.72
8631,9105,supplier_failure,production_halt,high,2023-04-29 12:08:48,29.6
8632,9106,port_congestion,high_demand,medium,2025-03-28 13:42:02,12.76
8633,9106,transport_delay,fuel_shortage,medium,2025-03-28 20:04:38,15.53
8634,9106,port_congestion,inspection_backlog,medium,2025-03-29 03:05:47,8.77
8635,9106,weather_disruption,flooding,medium,2025-03-29 05:51:01,17.45
8636,9110,transport_delay,road_closure,high,2024-12-25 00:31:44,19.33
8637,9110,weather_disruption,hurricane,high,2024-12-25 02:45:51,40.96
8638,9110,transport_delay,vehicle_breakdown,high,2024-12-27 20:40:12,49.2
8639,9110,transport_delay,border_delay,high,2024-12-28 04:30:35,65.67
8640,9112,supplier_failure,quality_issue,high,2024-09-26 16:38:14,43.22
8641,9112,transport_delay,border_delay,high,2024-09-27 20:36:58,9.55
8642,9113,port_congestion,high_demand,medium,2024-12-06 09:34:12,12.67
8643,9113,weather_disruption,flooding,medium,2024-12-07 08:56:04,19.6
8644,9113,port_congestion,high_demand,medium,2024-12-07 15:05:34,7.8
8645,9114,transport_delay,fuel_shortage,high,2023-02-07 10:24:30,18.28
8646,9114,transport_delay,vehicle_breakdown,high,2023-02-12 21:22:05,38.18
8647,9114,port_congestion,equipment_failure,high,2023-02-15 18:01:26,13.68
8648,9115,weather_disruption,fog,high,2024-04-21 22:09:19,102.11
8649,9115,transport_delay,vehicle_breakdown,high,2024-04-22 07:10:30,35.58
8650,9115,transport_delay,road_closure,high,2024-04-22 11:47:53,17.1
8651,9120,transport_delay,fuel_shortage,medium,2024-02-11 01:01:35,20.77
8652,9122,supplier_failure,capacity_shortage,high,2024-09-29 02:00:49,39.13
8653,9122,supplier_failure,quality_issue,high,2024-09-29 12:28:56,41.79
8654,9122,supplier_failure,capacity_shortage,high,2024-10-02 01:09:25,15.86
8655,9124,transport_delay,fuel_shortage,high,2023-07-23 12:54:15,102.01
8656,9125,weather_disruption,hurricane,low,2024-02-25 08:40:22,3.2
8657,9127,transport_delay,road_closure,high,2024-03-10 02:00:33,47.38
8658,9129,supplier_failure,bankruptcy,high,2025-07-01 03:48:25,27.41
8659,9130,transport_delay,vehicle_breakdown,medium,2023-04-19 04:34:33,4.46
8660,9130,weather_disruption,fog,medium,2023-04-20 03:44:00,11.49
8661,9136,transport_delay,road_closure,medium,2023-07-02 09:31:22,4.46
8662,9137,supplier_failure,production_halt,medium,2023-09-26 23:40:48,24.63
8663,9138,port_congestion,labor_strike,low,2024-02-03 01:17:13,3.36
8664,9138,port_congestion,equipment_failure,low,2024-02-03 02:42:40,3.28
8665,9139,port_congestion,equipment_failure,medium,2023-10-06 03:45:52,13.06
8666,9141,weather_disruption,hurricane,medium,2023-11-24 10:04:05,18.79
8667,9141,transport_delay,border_delay,medium,2023-11-24 12:42:54,18.28
8668,9141,port_congestion,high_demand,medium,2023-11-25 07:29:50,21.86
8669,9141,port_congestion,labor_strike,medium,2023-11-25 11:55:10,10.84
8670,9142,weather_disruption,flooding,medium,2023-12-08 14:37:44,13.92
8671,9144,transport_delay,border_delay,medium,2024-03-17 02:19:49,7.07
8672,9144,transport_delay,vehicle_breakdown,medium,2024-03-17 03:09:46,20.85
8673,9144,supplier_failure,capacity_shortage,medium,2024-03-18 10:46:04,10.74
8674,9144,transport_delay,fuel_shortage,medium,2024-03-18 22:44:53,36.45
8675,9145,port_congestion,equipment_failure,medium,2023-03-17 08:24:47,17.39
8676,9148,port_congestion,equipment_failure,medium,2025-09-08 02:19:09,4.23
8677,9148,transport_delay,road_closure,medium,2025-09-08 14:35:23,17.93
8678,9148,transport_delay,road_closure,medium,2025-09-09 04:52:50,8.23
8679,9149,supplier_failure,capacity_shortage,medium,2024-11-24 18:00:55,5.5
8680,9149,port_congestion,high_demand,medium,2024-11-24 20:40:23,16.84
8681,9151,transport_delay,vehicle_breakdown,high,2023-09-30 01:47:01,11.76
8682,9151,supplier_failure,quality_issue,high,2023-10-01 13:56:49,19.72
8683,9152,supplier_failure,bankruptcy,medium,2024-09-15 00:38:41,23.53
8684,9152,transport_delay,road_closure,medium,2024-09-15 05:39:38,12.59
8685,9152,transport_delay,border_delay,medium,2024-09-15 13:14:20,12.58
8686,9153,weather_disruption,severe_storm,low,2023-04-02 01:11:51,6.12
8687,9155,weather_disruption,flooding,high,2025-11-14 06:45:52,42.09
8688,9155,weather_disruption,blizzard,high,2025-11-16 07:56:15,31.77
8689,9158,transport_delay,road_closure,high,2025-08-03 02:31:12,34.53
8690,9158,supplier_failure,production_halt,high,2025-08-04 00:32:01,84.38
8691,9159,weather_disruption,blizzard,high,2024-08-15 05:13:20,14.54
8692,9161,port_congestion,labor_strike,medium,2025-01-18 02:43:26,9.55
8693,9162,port_congestion,equipment_failure,medium,2024-05-20 17:39:08,14.85
8694,9162,port_congestion,labor_strike,medium,2024-05-21 01:12:00,7.95
8695,9163,supplier_failure,bankruptcy,high,2024-03-24 17:08:28,19.79
8696,9165,transport_delay,vehicle_breakdown,low,2025-07-30 05:30:24,4.37
8697,9167,transport_delay,border_delay,medium,2024-02-23 22:49:32,20.33
8698,9167,transport_delay,fuel_shortage,medium,2024-02-24 01:55:24,33.46
8699,9167,port_congestion,labor_strike,medium,2024-02-25 13:16:22,5.42
8700,9168,transport_delay,fuel_shortage,medium,2023-05-15 02:23:25,17.68
8701,9169,port_congestion,high_demand,medium,2024-10-13 02:43:58,20.08
8702,9171,transport_delay,vehicle_breakdown,low,2023-11-15 05:01:09,2.48
8703,9173,port_congestion,equipment_failure,medium,2023-04-04 10:23:52,11.7
8704,9173,port_congestion,high_demand,medium,2023-04-05 13:10:12,8.59
8705,9176,port_congestion,equipment_failure,medium,2023-04-03 01:40:07,12.92
8706,9177,port_congestion,labor_strike,medium,2023-05-19 00:48:18,9.05
8707,9178,transport_delay,vehicle_breakdown,medium,2023-06-17 06:54:44,3.56
8708,9178,supplier_failure,quality_issue,medium,2023-06-18 00:01:45,13.82
8709,9184,port_congestion,equipment_failure,medium,2024-10-11 08:52:01,24.49
8710,9184,supplier_failure,capacity_shortage,medium,2024-10-12 03:02:11,5.05
8711,9187,transport_delay,border_delay,medium,2023-07-24 23:19:49,7.2
8712,9187,supplier_failure,production_halt,medium,2023-07-25 07:03:58,4.07
8713,9189,weather_disruption,severe_storm,low,2024-09-23 05:13:26,3.1
8714,9189,port_congestion,labor_strike,low,2024-09-23 10:56:42,4.18
8715,9190,weather_disruption,flooding,low,2023-07-13 00:21:40,4.95
8716,9191,port_congestion,labor_strike,medium,2023-03-19 14:21:31,10.2
8717,9192,weather_disruption,hurricane,medium,2023-06-03 14:08:58,9.68
8718,9193,port_congestion,high_demand,medium,2024-05-20 03:40:26,4.65
8719,9194,transport_delay,fuel_shortage,low,2024-09-21 05:46:26,6.47
8720,9194,supplier_failure,quality_issue,low,2024-09-21 06:22:02,4.21
8721,9194,port_congestion,high_demand,low,2024-09-21 20:10:06,1.57
8722,9196,port_congestion,equipment_failure,medium,2023-05-12 05:26:41,17.77
8723,9196,weather_disruption,hurricane,medium,2023-05-13 03:46:05,8.41
8724,9196,supplier_failure,quality_issue,medium,2023-05-13 08:35:34,7.37
8725,9202,transport_delay,border_delay,medium,2024-06-06 01:10:07,8.34
8726,9202,transport_delay,fuel_shortage,medium,2024-06-06 22:10:44,6.07
8727,9205,weather_disruption,hurricane,medium,2024-07-25 09:02:36,9.56
8728,9206,transport_delay,fuel_shortage,medium,2023-01-19 00:48:00,4.55
8729,9206,port_congestion,high_demand,medium,2023-01-19 05:51:41,18.25
8730,9207,weather_disruption,flooding,medium,2025-06-16 07:40:02,16.09
8731,9209,weather_disruption,severe_storm,high,2023-03-13 10:44:58,40.14
8732,9209,supplier_failure,bankruptcy,high,2023-03-16 18:51:58,23.91
8733,9209,port_congestion,high_demand,high,2023-03-17 18:50:54,11.76
8734,9210,supplier_failure,quality_issue,medium,2025-02-21 06:39:31,9.8
8735,9211,supplier_failure,quality_issue,medium,2024-10-29 00:37:10,30.64
8736,9211,weather_disruption,hurricane,medium,2024-10-29 14:12:21,15.27
8737,9211,supplier_failure,production_halt,medium,2024-10-29 20:30:28,8.38
8738,9212,transport_delay,vehicle_breakdown,low,2025-04-25 13:37:13,3.73
8739,9213,supplier_failure,capacity_shortage,medium,2023-07-09 02:09:56,7.58
8740,9213,weather_disruption,blizzard,medium,2023-07-09 11:47:42,8.94
8741,9213,weather_disruption,hurricane,medium,2023-07-09 15:32:23,14.14
8742,9213,port_congestion,inspection_backlog,medium,2023-07-10 09:04:34,26.42
8743,9218,supplier_failure,production_halt,medium,2024-02-07 03:14:57,18.82
8744,9218,transport_delay,road_closure,medium,2024-02-08 03:10:36,10.74
8745,9220,port_congestion,inspection_backlog,medium,2024-05-27 11:00:09,15.08
8746,9220,transport_delay,vehicle_breakdown,medium,2024-05-27 15:42:06,6.02
8747,9221,weather_disruption,blizzard,low,2023-12-09 12:00:03,1.06
8748,9222,port_congestion,high_demand,low,2024-06-16 11:11:11,3.56
8749,9223,weather_disruption,flooding,medium,2025-06-26 08:50:18,7.24
8750,9225,transport_delay,border_delay,high,2025-04-05 22:24:16,30.34
8751,9225,port_congestion,high_demand,high,2025-04-08 18:09:11,64.54
8752,9226,port_congestion,equipment_failure,high,2023-09-14 23:27:04,26.02
8753,9226,port_congestion,equipment_failure,high,2023-09-17 12:00:22,16.88
8754,9226,port_congestion,labor_strike,high,2023-09-18 17:15:53,31.55
8755,9226,port_congestion,equipment_failure,high,2023-09-18 20:32:52,26.6
8756,9227,port_congestion,high_demand,medium,2024-10-06 03:08:49,5.79
8757,9233,transport_delay,road_closure,high,2025-05-05 08:09:03,78.55
8758,9233,port_congestion,equipment_failure,high,2025-05-05 21:06:18,80.08
8759,9233,port_congestion,inspection_backlog,high,2025-05-07 06:33:34,27.46
8760,9233,transport_delay,road_closure,high,2025-05-07 13:40:43,51.46
8761,9239,weather_disruption,hurricane,low,2023-03-21 04:24:20,5.04
8762,9241,transport_delay,border_delay,low,2024-11-22 06:42:03,6.02
8763,9244,transport_delay,road_closure,high,2024-01-21 11:37:39,28.41
8764,9244,transport_delay,road_closure,high,2024-01-22 12:05:50,23.07
8765,9245,supplier_failure,quality_issue,medium,2023-06-09 03:40:13,7.32
8766,9245,transport_delay,road_closure,medium,2023-06-09 15:00:29,16.24
8767,9246,transport_delay,fuel_shortage,high,2023-12-30 03:31:38,58.46
8768,9246,transport_delay,border_delay,high,2023-12-31 12:50:16,22.65
8769,9246,transport_delay,road_closure,high,2023-12-31 23:50:05,39.24
8770,9248,transport_delay,road_closure,high,2023-11-01 19:07:55,27.99
8771,9248,transport_delay,fuel_shortage,high,2023-11-03 08:58:37,108.73
8772,9248,transport_delay,border_delay,high,2023-11-05 08:04:49,91.48
8773,9250,transport_delay,fuel_shortage,low,2023-10-07 03:13:06,1.73
8774,9250,port_congestion,high_demand,low,2023-10-07 04:54:36,5.16
8775,9250,weather_disruption,hurricane,low,2023-10-07 05:08:12,11.72
8776,9250,port_congestion,inspection_backlog,low,2023-10-07 08:32:50,4.4
8777,9252,transport_delay,vehicle_breakdown,high,2023-06-18 03:30:00,61.19
8778,9252,weather_disruption,blizzard,high,2023-06-19 10:41:50,34.53
8779,9252,transport_delay,vehicle_breakdown,high,2023-06-19 16:00:46,29.36
8780,9252,supplier_failure,production_halt,high,2023-06-19 17:08:33,36.96
8781,9252,port_congestion,labor_strike,high,2023-06-19 20:19:16,29.78
8782,9252,weather_disruption,fog,high,2023-06-20 14:36:23,42.22
8783,9252,supplier_failure,quality_issue,high,2023-06-22 15:27:04,41.41
8784,9252,supplier_failure,production_halt,high,2023-06-23 02:01:14,83.82
8785,9255,supplier_failure,capacity_shortage,low,2024-06-30 06:31:00,7.5
8786,9256,transport_delay,vehicle_breakdown,low,2024-03-08 04:34:29,3.21
8787,9257,port_congestion,high_demand,medium,2025-01-03 05:42:11,9.79
8788,9257,transport_delay,road_closure,medium,2025-01-03 10:46:13,13.6
8789,9257,supplier_failure,capacity_shortage,medium,2025-01-04 02:24:24,21.31
8790,9257,port_congestion,equipment_failure,medium,2025-01-04 16:20:07,17.41
8791,9258,weather_disruption,flooding,high,2025-04-24 02:32:28,111.3
8792,9258,transport_delay,fuel_shortage,high,2025-04-26 19:39:05,67.51
8793,9258,transport_delay,road_closure,high,2025-04-26 23:51:22,41.27
8794,9259,transport_delay,road_closure,medium,2025-07-25 06:23:32,8.15
8795,9263,supplier_failure,bankruptcy,medium,2024-11-22 03:05:04,7.31
8796,9264,supplier_failure,quality_issue,high,2023-07-11 06:55:05,46.4
8797,9264,port_congestion,labor_strike,high,2023-07-11 17:07:15,19.13
8798,9264,transport_delay,road_closure,high,2023-07-13 15:27:25,19.46
8799,9264,transport_delay,vehicle_breakdown,high,2023-07-14 15:53:29,63.99
8800,9265,transport_delay,fuel_shortage,medium,2025-11-06 06:05:42,37.32
8801,9265,transport_delay,border_delay,medium,2025-11-06 21:02:25,12.62
8802,9266,supplier_failure,capacity_shortage,high,2023-03-01 09:24:58,37.03
8803,9266,transport_delay,fuel_shortage,high,2023-03-01 09:53:02,46.63
8804,9268,transport_delay,fuel_shortage,high,2025-07-04 02:15:46,136.01
8805,9268,port_congestion,inspection_backlog,high,2025-07-04 23:45:05,14.5
8806,9268,weather_disruption,flooding,high,2025-07-09 23:22:24,33.77
8807,9268,transport_delay,road_closure,high,2025-07-10 01:54:09,32.87
8808,9270,transport_delay,vehicle_breakdown,low,2024-10-23 02:36:09,5.3
8809,9275,transport_delay,fuel_shortage,medium,2025-02-21 06:56:20,6.02
8810,9276,port_congestion,equipment_failure,medium,2023-05-16 23:00:40,23.37
8811,9276,transport_delay,fuel_shortage,medium,2023-05-17 12:23:14,17.6
8812,9277,transport_delay,vehicle_breakdown,medium,2024-01-02 16:29:14,6.16
8813,9280,weather_disruption,flooding,medium,2024-07-28 21:28:09,10.5
8814,9280,transport_delay,border_delay,medium,2024-07-29 10:55:51,23.75
8815,9286,transport_delay,road_closure,medium,2025-05-11 13:49:48,4.41
8816,9287,transport_delay,vehicle_breakdown,medium,2024-07-23 23:08:47,28.16
8817,9287,supplier_failure,quality_issue,medium,2024-07-24 17:50:47,5.68
8818,9289,transport_delay,road_closure,medium,2023-12-17 10:37:13,21.63
8819,9289,port_congestion,labor_strike,medium,2023-12-17 12:20:09,27.36
8820,9289,transport_delay,fuel_shortage,medium,2023-12-17 17:26:00,21.9
8821,9289,port_congestion,labor_strike,medium,2023-12-18 00:12:14,28.62
8822,9290,supplier_failure,bankruptcy,high,2024-12-30 15:57:44,10.9
8823,9291,port_congestion,inspection_backlog,medium,2023-07-23 11:21:42,13.54
8824,9291,supplier_failure,quality_issue,medium,2023-07-23 12:18:15,12.62
8825,9291,supplier_failure,capacity_shortage,medium,2023-07-23 23:35:25,24.14
8826,9291,transport_delay,vehicle_breakdown,medium,2023-07-24 00:54:38,12.29
8827,9291,port_congestion,high_demand,medium,2023-07-24 04:44:23,9.41
8828,9292,port_congestion,labor_strike,high,2025-03-05 07:41:39,57.89
8829,9292,transport_delay,border_delay,high,2025-03-06 09:37:19,87.01
8830,9293,transport_delay,border_delay,medium,2023-11-29 09:09:06,7.75
8831,9294,transport_delay,fuel_shortage,high,2025-02-11 16:38:18,34.82
8832,9295,port_congestion,labor_strike,medium,2023-05-27 06:50:50,15.71
8833,9295,weather_disruption,blizzard,medium,2023-05-27 14:19:08,11.63
8834,9295,supplier_failure,bankruptcy,medium,2023-05-28 01:06:25,17.85
8835,9295,weather_disruption,fog,medium,2023-05-28 04:52:38,15.07
8836,9296,weather_disruption,blizzard,high,2023-05-25 23:37:02,68.22
8837,9296,weather_disruption,fog,high,2023-05-26 14:02:49,15.73
8838,9296,transport_delay,vehicle_breakdown,high,2023-05-27 12:09:51,29.47
8839,9296,supplier_failure,bankruptcy,high,2023-05-28 10:51:15,19.78
8840,9301,transport_delay,fuel_shortage,high,2025-04-04 04:15:54,60.51
8841,9301,weather_disruption,severe_storm,high,2025-04-05 01:58:50,37.17
8842,9301,port_congestion,inspection_backlog,high,2025-04-06 14:26:52,19.42
8843,9301,transport_delay,vehicle_breakdown,high,2025-04-07 11:49:51,51.34
8844,9304,port_congestion,inspection_backlog,medium,2024-07-08 23:33:08,13.92
8845,9305,port_congestion,high_demand,low,2023-01-28 09:37:23,10.31
8846,9308,supplier_failure,capacity_shortage,medium,2024-11-05 09:51:06,13.26
8847,9308,weather_disruption,hurricane,medium,2024-11-06 19:40:53,15.97
8848,9308,weather_disruption,hurricane,medium,2024-11-06 22:37:00,5.51
8849,9310,port_congestion,inspection_backlog,low,2023-09-11 01:41:35,3.64
8850,9310,port_congestion,labor_strike,low,2023-09-11 11:57:49,5.1
8851,9310,port_congestion,high_demand,low,2023-09-11 15:00:00,3.79
8852,9310,supplier_failure,quality_issue,low,2023-09-11 19:29:22,4.41
8853,9313,transport_delay,vehicle_breakdown,low,2023-11-19 11:22:27,4.73
8854,9313,port_congestion,labor_strike,low,2023-11-19 12:09:45,4.17
8855,9313,transport_delay,road_closure,low,2023-11-19 21:23:27,1.08
8856,9314,port_congestion,inspection_backlog,medium,2025-08-29 05:58:55,6.07
8857,9323,port_congestion,high_demand,low,2023-12-10 01:51:20,9.94
8858,9328,supplier_failure,bankruptcy,low,2025-03-14 11:31:32,3.78
8859,9328,port_congestion,equipment_failure,low,2025-03-14 14:33:44,3.32
8860,9329,supplier_failure,production_halt,high,2025-10-14 07:09:36,31.04
8861,9330,transport_delay,fuel_shortage,high,2024-07-26 00:14:36,62.38
8862,9330,port_congestion,equipment_failure,high,2024-07-26 17:40:39,43.28
8863,9330,port_congestion,labor_strike,high,2024-07-27 05:39:52,24.19
8864,9330,port_congestion,labor_strike,high,2024-07-28 02:34:21,53.88
8865,9334,supplier_failure,production_halt,medium,2024-12-22 10:02:27,13.53
8866,9334,weather_disruption,fog,medium,2024-12-22 14:37:38,7.44
8867,9334,supplier_failure,quality_issue,medium,2024-12-24 05:44:34,23.65
8868,9336,port_congestion,inspection_backlog,high,2025-01-05 09:47:24,26.06
8869,9336,transport_delay,border_delay,high,2025-01-07 02:05:47,81.12
8870,9336,port_congestion,inspection_backlog,high,2025-01-07 03:14:37,13.02
8871,9337,port_congestion,labor_strike,medium,2023-10-17 15:59:34,4.37
8872,9338,port_congestion,high_demand,medium,2023-07-19 11:54:26,16.47
8873,9340,transport_delay,vehicle_breakdown,low,2025-06-20 07:56:15,2.51
8874,9341,port_congestion,labor_strike,high,2023-11-24 11:31:04,11.93
8875,9341,supplier_failure,bankruptcy,high,2023-11-24 12:30:55,115.66
8876,9341,port_congestion,equipment_failure,high,2023-11-26 21:10:31,37.29
8877,9342,port_congestion,inspection_backlog,high,2024-05-25 00:07:29,32.1
8878,9343,transport_delay,fuel_shortage,low,2025-12-01 00:18:34,3.61
8879,9343,transport_delay,vehicle_breakdown,low,2025-12-01 03:35:28,5.51
8880,9343,port_congestion,inspection_backlog,low,2025-12-01 09:49:19,4.11
8881,9346,port_congestion,equipment_failure,medium,2023-07-11 09:03:05,5.61
8882,9346,transport_delay,road_closure,medium,2023-07-11 14:13:33,11.86
8883,9346,transport_delay,fuel_shortage,medium,2023-07-11 16:24:04,7.11
8884,9347,supplier_failure,capacity_shortage,high,2025-07-23 05:19:54,17.05
8885,9347,supplier_failure,bankruptcy,high,2025-07-26 10:07:41,30.74
8886,9348,weather_disruption,flooding,medium,2024-07-02 05:06:38,43.73
8887,9348,transport_delay,fuel_shortage,medium,2024-07-02 19:45:49,14.75
8888,9348,weather_disruption,fog,medium,2024-07-03 19:07:10,12.12
8889,9349,supplier_failure,bankruptcy,medium,2023-07-17 13:27:15,36.42
8890,9354,transport_delay,road_closure,medium,2023-12-13 15:15:44,7.01
8891,9355,port_congestion,inspection_backlog,medium,2025-04-06 02:04:38,11.72
8892,9356,port_congestion,high_demand,medium,2024-01-02 03:38:52,31.02
8893,9356,transport_delay,road_closure,medium,2024-01-03 04:06:57,6.58
8894,9356,transport_delay,road_closure,medium,2024-01-03 09:50:16,21.38
8895,9356,port_congestion,high_demand,medium,2024-01-03 12:33:13,4.75
8896,9358,port_congestion,inspection_backlog,high,2025-06-20 08:30:18,33.59
8897,9358,weather_disruption,severe_storm,high,2025-06-20 11:25:02,25.13
8898,9358,supplier_failure,production_halt,high,2025-06-22 09:05:52,19.65
8899,9359,port_congestion,inspection_backlog,medium,2024-09-16 07:01:59,8.19
8900,9359,port_congestion,inspection_backlog,medium,2024-09-16 23:56:49,11.0
8901,9360,transport_delay,road_closure,high,2025-08-30 01:25:43,31.84
8902,9360,supplier_failure,production_halt,high,2025-09-03 06:58:21,38.38
8903,9360,port_congestion,inspection_backlog,high,2025-09-03 12:02:26,42.79
8904,9361,weather_disruption,hurricane,low,2025-06-28 07:26:12,4.67
8905,9362,weather_disruption,fog,low,2024-05-11 07:56:52,8.25
8906,9362,transport_delay,road_closure,low,2024-05-11 15:06:59,1.36
8907,9362,port_congestion,high_demand,low,2024-05-11 17:16:18,5.65
8908,9364,port_congestion,high_demand,high,2024-10-01 06:32:35,18.49
8909,9364,weather_disruption,blizzard,high,2024-10-01 09:14:40,161.45
8910,9364,transport_delay,vehicle_breakdown,high,2024-10-02 08:40:50,26.45
8911,9364,supplier_failure,production_halt,high,2024-10-03 09:20:34,25.69
8912,9364,transport_delay,vehicle_breakdown,high,2024-10-03 15:01:16,25.11
8913,9364,weather_disruption,blizzard,high,2024-10-05 05:23:39,12.16
8914,9366,weather_disruption,severe_storm,medium,2023-09-23 04:48:13,22.6
8915,9368,weather_disruption,severe_storm,medium,2025-06-30 03:50:23,13.05
8916,9368,weather_disruption,severe_storm,medium,2025-07-01 16:22:44,18.74
8917,9369,supplier_failure,bankruptcy,medium,2025-09-19 04:24:05,25.76
8918,9370,transport_delay,border_delay,high,2025-01-02 05:39:46,81.46
8919,9370,port_congestion,labor_strike,high,2025-01-02 07:29:51,57.51
8920,9370,transport_delay,vehicle_breakdown,high,2025-01-03 06:31:57,69.21
8921,9370,port_congestion,inspection_backlog,high,2025-01-04 14:19:37,34.3
8922,9370,transport_delay,road_closure,high,2025-01-05 03:53:42,32.85
8923,9371,port_congestion,high_demand,medium,2023-05-17 08:13:37,10.02
8924,9373,port_congestion,labor_strike,low,2023-10-07 02:16:15,2.83
8925,9375,port_congestion,labor_strike,low,2023-06-24 20:33:44,4.17
8926,9376,weather_disruption,hurricane,medium,2025-11-04 07:03:26,5.41
8927,9376,transport_delay,fuel_shortage,medium,2025-11-04 10:52:52,19.35
8928,9377,transport_delay,fuel_shortage,high,2025-02-23 03:15:32,59.14
8929,9377,supplier_failure,quality_issue,high,2025-02-24 20:57:52,140.71
8930,9377,transport_delay,road_closure,high,2025-02-25 22:29:50,43.05
8931,9378,port_congestion,high_demand,medium,2024-05-20 03:30:13,13.09
8932,9379,weather_disruption,hurricane,high,2023-06-03 23:55:24,94.33
8933,9379,weather_disruption,fog,high,2023-06-05 12:15:31,45.36
8934,9379,supplier_failure,production_halt,high,2023-06-05 19:24:10,10.92
8935,9381,transport_delay,fuel_shortage,medium,2025-04-26 18:19:55,9.48
8936,9383,transport_delay,fuel_shortage,medium,2023-10-17 10:41:03,9.47
8937,9383,transport_delay,vehicle_breakdown,medium,2023-10-17 14:09:08,3.99
8938,9383,port_congestion,inspection_backlog,medium,2023-10-17 20:34:48,14.11
8939,9384,weather_disruption,severe_storm,medium,2025-04-12 01:55:42,39.43
8940,9384,supplier_failure,capacity_shortage,medium,2025-04-13 05:29:27,111.1
8941,9386,transport_delay,road_closure,low,2023-02-16 07:12:51,2.93
8942,9387,transport_delay,road_closure,high,2025-11-07 01:59:14,23.04
8943,9388,transport_delay,fuel_shortage,medium,2025-06-28 04:53:25,6.35
8944,9391,supplier_failure,capacity_shortage,medium,2025-09-11 18:13:40,30.17
8945,9392,supplier_failure,quality_issue,low,2023-02-06 03:19:47,9.36
8946,9392,port_congestion,inspection_backlog,low,2023-02-06 19:18:56,2.58
8947,9393,supplier_failure,bankruptcy,medium,2025-10-30 20:27:07,4.51
8948,9396,port_congestion,labor_strike,high,2025-08-30 02:53:02,151.62
8949,9397,port_congestion,inspection_backlog,medium,2025-05-08 17:34:42,3.96
8950,9398,supplier_failure,production_halt,low,2025-04-27 05:00:39,5.47
8951,9399,transport_delay,fuel_shortage,high,2025-02-25 13:19:41,35.78
8952,9399,port_congestion,equipment_failure,high,2025-02-26 08:27:10,50.86
8953,9399,transport_delay,vehicle_breakdown,high,2025-02-26 11:12:58,115.22
8954,9399,weather_disruption,severe_storm,high,2025-02-28 14:08:33,35.72
8955,9399,weather_disruption,blizzard,high,2025-03-02 09:40:01,16.96
8956,9405,transport_delay,vehicle_breakdown,medium,2024-12-19 15:40:26,11.6
8957,9406,transport_delay,vehicle_breakdown,high,2025-11-11 03:44:18,124.95
8958,9406,transport_delay,road_closure,high,2025-11-15 02:02:36,40.94
8959,9407,weather_disruption,severe_storm,medium,2023-07-18 22:55:16,11.05
8960,9409,supplier_failure,bankruptcy,high,2025-09-17 12:24:22,18.67
8961,9409,port_congestion,labor_strike,high,2025-09-17 21:23:09,33.08
8962,9409,supplier_failure,capacity_shortage,high,2025-09-18 16:58:18,47.72
8963,9409,transport_delay,road_closure,high,2025-09-18 17:18:30,48.83
8964,9409,transport_delay,fuel_shortage,high,2025-09-20 07:04:05,12.24
8965,9409,transport_delay,vehicle_breakdown,high,2025-09-21 14:44:59,61.86
8966,9411,supplier_failure,production_halt,medium,2025-07-02 09:11:45,8.52
8967,9414,port_congestion,high_demand,high,2024-02-22 05:11:26,32.85
8968,9416,port_congestion,labor_strike,medium,2025-02-09 02:06:01,69.53
8969,9416,transport_delay,fuel_shortage,medium,2025-02-11 01:40:18,14.21
8970,9417,transport_delay,fuel_shortage,medium,2023-05-07 07:09:15,15.65
8971,9421,weather_disruption,hurricane,high,2024-09-26 16:36:11,31.46
8972,9421,weather_disruption,flooding,high,2024-09-28 10:52:55,9.83
8973,9422,supplier_failure,production_halt,medium,2023-06-27 10:41:03,9.58
8974,9425,port_congestion,labor_strike,medium,2025-03-27 10:28:55,13.06
8975,9426,transport_delay,border_delay,high,2023-04-10 12:58:06,19.53
8976,9426,port_congestion,high_demand,high,2023-04-14 09:24:53,28.13
8977,9426,weather_disruption,fog,high,2023-04-15 02:58:57,22.53
8978,9426,port_congestion,labor_strike,high,2023-04-17 07:31:17,23.68
8979,9427,port_congestion,equipment_failure,medium,2023-03-12 11:16:25,13.51
8980,9427,port_congestion,high_demand,medium,2023-03-12 18:16:05,8.88
8981,9429,transport_delay,road_closure,low,2024-12-25 07:53:05,1.66
8982,9432,weather_disruption,severe_storm,low,2023-08-23 12:03:54,13.65
8983,9436,transport_delay,border_delay,medium,2025-04-26 01:55:35,14.65
8984,9437,weather_disruption,hurricane,medium,2025-06-16 05:52:11,4.8
8985,9439,weather_disruption,fog,high,2025-03-28 12:05:06,49.84
8986,9440,transport_delay,vehicle_breakdown,medium,2023-01-26 13:17:13,6.34
8987,9440,weather_disruption,fog,medium,2023-01-27 12:03:47,35.11
8988,9441,port_congestion,labor_strike,medium,2025-10-16 05:30:57,22.05
8989,9445,transport_delay,fuel_shortage,high,2023-05-30 15:44:51,34.13
8990,9445,weather_disruption,fog,high,2023-05-30 21:35:06,12.66
8991,9445,supplier_failure,quality_issue,high,2023-06-01 01:23:10,42.36
8992,9445,transport_delay,border_delay,high,2023-06-02 08:53:16,52.37
8993,9445,weather_disruption,blizzard,high,2023-06-04 02:36:03,38.7
8994,9446,transport_delay,road_closure,medium,2023-12-01 10:06:25,20.25
8995,9446,supplier_failure,bankruptcy,medium,2023-12-01 13:05:38,5.92
8996,9446,port_congestion,equipment_failure,medium,2023-12-02 09:42:47,20.02
8997,9448,supplier_failure,capacity_shortage,medium,2024-10-05 09:50:25,9.37
8998,9448,supplier_failure,production_halt,medium,2024-10-05 11:58:37,25.09
8999,9450,weather_disruption,flooding,medium,2023-03-10 09:42:42,5.4
9000,9455,port_congestion,high_demand,medium,2023-05-26 00:18:17,19.97
9001,9455,transport_delay,vehicle_breakdown,medium,2023-05-26 19:45:06,6.3
9002,9456,weather_disruption,fog,high,2024-07-22 17:41:56,22.61
9003,9456,transport_delay,fuel_shortage,high,2024-07-22 19:08:06,13.45
9004,9458,transport_delay,vehicle_breakdown,medium,2024-06-30 07:35:07,8.09
9005,9459,transport_delay,vehicle_breakdown,medium,2024-11-16 12:29:27,30.48
9006,9460,transport_delay,border_delay,medium,2023-03-09 05:24:09,21.32
9007,9461,transport_delay,road_closure,medium,2024-03-09 14:43:32,19.22
9008,9461,transport_delay,vehicle_breakdown,medium,2024-03-09 21:55:11,11.48
9009,9463,transport_delay,road_closure,high,2025-05-21 11:58:38,28.24
9010,9463,port_congestion,high_demand,high,2025-05-23 06:48:49,76.06
9011,9463,supplier_failure,bankruptcy,high,2025-05-25 01:07:35,35.05
9012,9463,weather_disruption,fog,high,2025-05-25 11:18:32,21.78
9013,9466,transport_delay,fuel_shortage,medium,2023-01-06 07:43:29,5.1
9014,9466,transport_delay,road_closure,medium,2023-01-07 00:15:28,10.67
9015,9466,port_congestion,inspection_backlog,medium,2023-01-07 17:42:17,4.67
9016,9466,transport_delay,road_closure,medium,2023-01-07 21:03:52,9.51
9017,9467,transport_delay,road_closure,medium,2024-07-03 20:50:11,10.21
9018,9467,transport_delay,road_closure,medium,2024-07-04 05:21:11,5.51
9019,9468,transport_delay,border_delay,high,2025-04-12 03:28:21,32.16
9020,9468,transport_delay,fuel_shortage,high,2025-04-14 16:03:39,17.51
9021,9469,transport_delay,vehicle_breakdown,low,2025-09-22 01:24:01,4.16
9022,9469,transport_delay,road_closure,low,2025-09-22 01:45:34,3.39
9023,9469,supplier_failure,capacity_shortage,low,2025-09-22 14:52:25,3.08
9024,9472,port_congestion,inspection_backlog,low,2023-04-02 09:30:55,2.29
9025,9473,supplier_failure,capacity_shortage,low,2024-04-15 00:27:11,4.07
9026,9474,weather_disruption,severe_storm,medium,2024-04-21 00:29:54,8.45
9027,9475,transport_delay,fuel_shortage,medium,2025-02-21 04:07:02,8.52
9028,9476,transport_delay,fuel_shortage,low,2025-10-06 06:03:50,4.12
9029,9479,transport_delay,road_closure,medium,2025-07-01 16:47:01,8.87
9030,9479,port_congestion,labor_strike,medium,2025-07-02 02:30:01,6.26
9031,9479,weather_disruption,flooding,medium,2025-07-03 07:39:16,15.52
9032,9480,transport_delay,border_delay,high,2024-07-04 15:13:09,58.82
9033,9480,weather_disruption,blizzard,high,2024-07-05 10:07:36,31.9
9034,9480,transport_delay,border_delay,high,2024-07-05 15:20:38,24.9
9035,9482,weather_disruption,severe_storm,medium,2025-05-29 05:52:25,15.86
9036,9482,weather_disruption,blizzard,medium,2025-05-30 05:44:31,17.06
9037,9482,port_congestion,equipment_failure,medium,2025-05-31 06:09:38,34.86
9038,9488,port_congestion,equipment_failure,medium,2024-12-07 05:17:34,32.03
9039,9490,weather_disruption,severe_storm,high,2024-07-28 20:38:54,93.52
9040,9490,weather_disruption,blizzard,high,2024-07-28 22:08:19,32.02
9041,9490,weather_disruption,blizzard,high,2024-07-30 15:19:01,36.98
9042,9491,transport_delay,vehicle_breakdown,high,2023-11-11 01:54:08,29.1
9043,9491,weather_disruption,hurricane,high,2023-11-17 15:21:00,30.46
9044,9493,weather_disruption,severe_storm,medium,2025-07-01 06:21:01,8.34
9045,9495,transport_delay,road_closure,high,2023-09-24 08:40:23,26.61
9046,9497,supplier_failure,quality_issue,medium,2023-02-06 08:52:04,17.66
9047,9498,supplier_failure,quality_issue,high,2025-08-08 19:54:29,36.93
9048,9498,supplier_failure,bankruptcy,high,2025-08-10 20:25:40,57.15
9049,9501,transport_delay,border_delay,medium,2023-06-22 05:07:21,14.2
9050,9501,transport_delay,road_closure,medium,2023-06-22 18:37:47,16.66
9051,9502,port_congestion,labor_strike,medium,2023-06-21 23:53:27,23.58
9052,9502,supplier_failure,quality_issue,medium,2023-06-22 09:28:03,14.23
9053,9502,port_congestion,high_demand,medium,2023-06-22 15:11:20,15.3
9054,9506,transport_delay,fuel_shortage,high,2023-02-20 18:27:46,11.26
9055,9506,port_congestion,inspection_backlog,high,2023-02-21 03:42:10,51.26
9056,9506,transport_delay,border_delay,high,2023-02-21 11:16:29,28.59
9057,9507,supplier_failure,production_halt,low,2025-07-19 03:21:56,1.6
9058,9508,transport_delay,border_delay,medium,2025-03-17 05:14:00,14.97
9059,9510,transport_delay,border_delay,high,2024-05-02 20:35:06,10.89
9060,9510,port_congestion,inspection_backlog,high,2024-05-03 17:33:27,128.87
9061,9511,supplier_failure,bankruptcy,medium,2023-11-10 21:25:56,16.68
9062,9513,transport_delay,fuel_shortage,medium,2025-08-02 04:29:08,12.81
9063,9513,weather_disruption,severe_storm,medium,2025-08-02 15:26:53,38.11
9064,9514,supplier_failure,quality_issue,medium,2025-01-28 01:34:09,22.17
9065,9515,transport_delay,fuel_shortage,high,2023-04-14 08:07:29,48.57
9066,9516,transport_delay,fuel_shortage,high,2025-04-01 18:21:59,136.56
9067,9517,transport_delay,border_delay,high,2024-09-21 06:48:03,20.89
9068,9519,transport_delay,vehicle_breakdown,medium,2024-08-08 11:50:53,17.19
9069,9520,port_congestion,high_demand,low,2025-10-10 12:20:26,3.57
9070,9521,transport_delay,vehicle_breakdown,medium,2025-08-27 12:13:42,13.88
9071,9523,weather_disruption,hurricane,high,2023-05-14 12:22:37,15.83
9072,9523,port_congestion,inspection_backlog,high,2023-05-16 01:20:12,32.72
9073,9523,weather_disruption,flooding,high,2023-05-17 05:47:45,15.95
9074,9527,weather_disruption,hurricane,medium,2023-07-15 14:26:43,22.55
9075,9528,port_congestion,high_demand,high,2025-02-14 07:34:17,57.24
9076,9528,transport_delay,fuel_shortage,high,2025-02-14 22:12:47,24.96
9077,9529,supplier_failure,production_halt,high,2024-05-19 04:08:42,20.8
9078,9529,weather_disruption,severe_storm,high,2024-05-21 03:37:49,58.19
9079,9529,weather_disruption,hurricane,high,2024-05-22 00:23:04,23.48
9080,9529,transport_delay,border_delay,high,2024-05-22 12:00:01,48.99
9081,9534,transport_delay,road_closure,high,2025-10-07 20:17:25,62.05
9082,9534,port_congestion,equipment_failure,high,2025-10-07 22:38:46,59.44
9083,9534,transport_delay,border_delay,high,2025-10-08 08:13:22,13.15
9084,9534,port_congestion,high_demand,high,2025-10-08 10:12:30,44.67
9085,9534,port_congestion,labor_strike,high,2025-10-08 10:57:53,40.52
9086,9538,weather_disruption,blizzard,medium,2025-06-03 04:49:07,5.72
9087,9539,weather_disruption,fog,medium,2024-06-07 01:37:08,10.99
9088,9540,weather_disruption,fog,medium,2025-08-25 01:11:38,12.81
9089,9544,transport_delay,road_closure,low,2024-08-17 08:09:45,10.96
9090,9545,weather_disruption,severe_storm,medium,2025-09-14 15:25:51,4.67
9091,9546,transport_delay,border_delay,medium,2024-02-28 05:11:54,9.52
9092,9547,transport_delay,road_closure,high,2025-04-05 23:01:38,114.24
9093,9547,transport_delay,fuel_shortage,high,2025-04-07 22:00:06,28.55
9094,9547,transport_delay,border_delay,high,2025-04-08 00:29:00,15.81
9095,9547,transport_delay,road_closure,high,2025-04-08 09:14:15,7.71
9096,9548,supplier_failure,production_halt,medium,2023-05-06 00:51:02,13.23
9097,9550,transport_delay,vehicle_breakdown,medium,2024-01-10 09:26:24,13.74
9098,9550,weather_disruption,severe_storm,medium,2024-01-11 19:01:24,12.0
9099,9551,port_congestion,inspection_backlog,medium,2025-03-11 08:18:34,16.27
9100,9551,port_congestion,high_demand,medium,2025-03-11 19:26:03,6.18
9101,9551,supplier_failure,bankruptcy,medium,2025-03-12 08:24:22,11.75
9102,9553,transport_delay,road_closure,high,2023-08-16 11:36:41,19.01
9103,9555,port_congestion,inspection_backlog,low,2025-10-09 00:44:37,3.0
9104,9555,port_congestion,equipment_failure,low,2025-10-09 12:20:28,3.88
9105,9555,supplier_failure,production_halt,low,2025-10-09 13:46:41,4.27
9106,9556,transport_delay,border_delay,high,2023-03-07 22:57:27,40.52
9107,9559,port_congestion,inspection_backlog,medium,2023-07-14 11:32:47,5.03
9108,9560,port_congestion,inspection_backlog,medium,2023-05-20 09:39:43,55.7
9109,9560,transport_delay,road_closure,medium,2023-05-20 22:41:09,16.75
9110,9560,weather_disruption,flooding,medium,2023-05-21 18:30:30,10.93
9111,9560,port_congestion,high_demand,medium,2023-05-21 19:05:19,14.21
9112,9563,supplier_failure,production_halt,medium,2024-09-17 22:57:39,9.12
9113,9564,weather_disruption,flooding,medium,2023-11-22 10:26:56,8.39
9114,9564,port_congestion,labor_strike,medium,2023-11-22 19:12:41,11.28
9115,9564,supplier_failure,production_halt,medium,2023-11-23 01:34:35,7.63
9116,9567,port_congestion,inspection_backlog,medium,2025-07-22 01:40:45,4.92
9117,9567,transport_delay,vehicle_breakdown,medium,2025-07-22 08:33:48,31.04
9118,9567,port_congestion,labor_strike,medium,2025-07-22 14:10:06,5.47
9119,9572,transport_delay,border_delay,medium,2023-12-26 07:44:56,14.71
9120,9573,supplier_failure,production_halt,high,2025-04-18 05:53:25,17.94
9121,9573,port_congestion,high_demand,high,2025-04-18 14:58:24,24.03
9122,9574,port_congestion,inspection_backlog,high,2025-10-06 11:58:26,64.29
9123,9574,supplier_failure,quality_issue,high,2025-10-09 07:12:01,23.09
9124,9574,transport_delay,fuel_shortage,high,2025-10-10 04:42:39,12.26
9125,9574,transport_delay,vehicle_breakdown,high,2025-10-10 04:50:13,38.82
9126,9575,transport_delay,fuel_shortage,high,2025-09-28 13:02:42,39.01
9127,9575,weather_disruption,flooding,high,2025-09-29 19:07:58,38.67
9128,9578,transport_delay,fuel_shortage,low,2025-10-07 04:42:48,5.9
9129,9579,transport_delay,road_closure,medium,2025-06-28 20:48:02,14.8
9130,9579,transport_delay,road_closure,medium,2025-06-29 05:35:45,5.75
9131,9580,transport_delay,road_closure,medium,2023-07-31 21:29:57,6.88
9132,9583,port_congestion,labor_strike,medium,2023-09-08 15:44:23,8.52
9133,9586,port_congestion,equipment_failure,medium,2023-07-15 06:31:06,12.44
9134,9587,weather_disruption,hurricane,high,2023-09-03 01:46:07,13.72
9135,9588,transport_delay,vehicle_breakdown,high,2025-08-12 10:48:16,60.54
9136,9588,weather_disruption,blizzard,high,2025-08-14 00:37:46,9.75
9137,9590,transport_delay,road_closure,high,2025-11-04 08:56:45,61.89
9138,9590,transport_delay,fuel_shortage,high,2025-11-05 12:57:04,32.82
9139,9591,weather_disruption,severe_storm,medium,2024-06-09 01:50:15,3.8
9140,9592,transport_delay,fuel_shortage,high,2024-04-23 08:05:03,38.25
9141,9592,supplier_failure,production_halt,high,2024-04-24 14:43:45,66.23
9142,9592,transport_delay,vehicle_breakdown,high,2024-04-25 15:43:43,19.57
9143,9592,transport_delay,fuel_shortage,high,2024-04-26 21:21:28,12.12
9144,9592,weather_disruption,hurricane,high,2024-04-27 01:31:32,17.82
9145,9592,transport_delay,border_delay,high,2024-04-27 13:04:57,37.16
9146,9592,port_congestion,equipment_failure,high,2024-04-27 14:51:23,37.31
9147,9593,port_congestion,inspection_backlog,medium,2024-06-28 15:34:35,14.39
9148,9598,supplier_failure,quality_issue,medium,2023-10-17 04:29:56,20.13
9149,9598,supplier_failure,capacity_shortage,medium,2023-10-17 08:46:07,69.3
9150,9598,port_congestion,inspection_backlog,medium,2023-10-17 15:53:10,4.26
9151,9598,port_congestion,high_demand,medium,2023-10-18 17:46:04,14.28
9152,9599,transport_delay,vehicle_breakdown,medium,2025-04-15 09:19:22,11.1
9153,9599,weather_disruption,flooding,medium,2025-04-16 03:55:17,10.01
9154,9600,port_congestion,inspection_backlog,medium,2023-08-29 07:16:47,9.77
9155,9601,port_congestion,labor_strike,medium,2023-09-05 23:27:45,58.36
9156,9601,supplier_failure,quality_issue,medium,2023-09-06 18:28:50,11.81
9157,9602,weather_disruption,hurricane,low,2023-12-17 11:02:37,2.42
9158,9604,port_congestion,labor_strike,low,2023-12-02 00:38:12,2.29
9159,9605,port_congestion,equipment_failure,medium,2024-12-24 07:21:58,5.28
9160,9605,transport_delay,road_closure,medium,2024-12-24 12:14:23,5.89
9161,9605,port_congestion,inspection_backlog,medium,2024-12-25 04:10:23,28.0
9162,9610,supplier_failure,bankruptcy,medium,2025-07-08 10:00:49,36.06
9163,9610,weather_disruption,fog,medium,2025-07-08 22:51:07,14.07
9164,9612,transport_delay,vehicle_breakdown,medium,2025-04-05 01:43:32,24.26
9165,9616,port_congestion,inspection_backlog,medium,2024-06-03 16:33:40,10.31
9166,9618,transport_delay,vehicle_breakdown,medium,2023-01-02 16:50:31,28.06
9167,9620,weather_disruption,severe_storm,high,2023-05-06 07:00:19,42.04
9168,9620,transport_delay,border_delay,high,2023-05-07 11:07:28,59.92
9169,9624,transport_delay,road_closure,medium,2025-11-30 05:05:14,10.24
9170,9625,transport_delay,vehicle_breakdown,medium,2024-11-25 08:13:00,22.08
9171,9628,port_congestion,inspection_backlog,high,2024-08-07 07:26:20,86.26
9172,9628,transport_delay,border_delay,high,2024-08-08 14:02:35,51.27
9173,9628,transport_delay,border_delay,high,2024-08-08 20:34:46,7.81
9174,9629,weather_disruption,hurricane,low,2025-10-12 10:38:06,10.14
9175,9635,weather_disruption,flooding,medium,2024-06-11 11:58:25,4.99
9176,9637,transport_delay,fuel_shortage,medium,2024-01-03 20:29:03,8.55
9177,9637,port_congestion,high_demand,medium,2024-01-03 22:52:23,10.48
9178,9637,transport_delay,fuel_shortage,medium,2024-01-04 20:36:26,24.88
9179,9638,transport_delay,road_closure,low,2023-05-29 01:55:33,2.13
9180,9639,supplier_failure,bankruptcy,low,2024-12-12 12:16:02,10.13
9181,9639,transport_delay,fuel_shortage,low,2024-12-12 22:51:50,8.51
9182,9641,supplier_failure,bankruptcy,high,2024-08-14 18:06:10,32.95
9183,9642,transport_delay,border_delay,medium,2025-02-26 22:33:24,15.28
9184,9644,weather_disruption,severe_storm,low,2024-05-05 10:55:32,3.37
9185,9647,transport_delay,border_delay,medium,2024-07-09 02:19:40,20.47
9186,9648,weather_disruption,flooding,high,2023-07-12 14:01:46,17.2
9187,9648,transport_delay,fuel_shortage,high,2023-07-13 12:14:32,64.27
9188,9648,supplier_failure,bankruptcy,high,2023-07-16 21:55:29,53.12
9189,9648,weather_disruption,blizzard,high,2023-07-17 19:17:59,83.21
9190,9648,transport_delay,fuel_shortage,high,2023-07-18 00:18:07,41.71
9191,9648,weather_disruption,flooding,high,2023-07-19 09:07:55,27.59
9192,9648,supplier_failure,production_halt,high,2023-07-19 17:46:43,13.66
9193,9648,port_congestion,labor_strike,high,2023-07-20 06:02:58,20.67
9194,9649,port_congestion,labor_strike,low,2025-09-13 12:05:11,4.58
9195,9651,transport_delay,road_closure,low,2023-06-19 12:06:05,10.41
9196,9651,transport_delay,road_closure,low,2023-06-19 13:17:19,4.45
9197,9651,port_congestion,equipment_failure,low,2023-06-19 13:46:08,9.06
9198,9653,transport_delay,vehicle_breakdown,medium,2024-05-31 05:07:33,11.44
9199,9655,supplier_failure,quality_issue,high,2023-08-03 06:54:45,18.76
9200,9655,weather_disruption,hurricane,high,2023-08-05 19:51:38,116.43
9201,9655,port_congestion,high_demand,high,2023-08-06 03:28:18,70.35
9202,9657,port_congestion,high_demand,medium,2024-07-13 10:32:22,6.27
9203,9661,transport_delay,fuel_shortage,high,2023-02-28 07:28:20,9.71
9204,9661,transport_delay,border_delay,high,2023-03-03 15:17:11,21.28
9205,9663,transport_delay,vehicle_breakdown,medium,2023-05-09 01:48:18,30.43
9206,9663,port_congestion,labor_strike,medium,2023-05-09 01:56:02,8.95
9207,9663,port_congestion,labor_strike,medium,2023-05-09 22:05:09,17.57
9208,9663,transport_delay,road_closure,medium,2023-05-10 06:13:13,31.45
9209,9665,port_congestion,equipment_failure,high,2023-04-20 18:33:08,20.2
9210,9665,transport_delay,border_delay,high,2023-04-20 18:48:55,9.39
9211,9665,port_congestion,inspection_backlog,high,2023-04-22 11:30:03,36.45
9212,9665,transport_delay,road_closure,high,2023-04-23 10:58:42,16.85
9213,9665,port_congestion,equipment_failure,high,2023-04-23 13:34:28,31.02
9214,9669,weather_disruption,severe_storm,medium,2023-04-16 08:18:24,4.98
9215,9669,supplier_failure,capacity_shortage,medium,2023-04-18 04:18:07,9.02
9216,9670,weather_disruption,severe_storm,high,2024-10-06 07:22:31,129.72
9217,9670,weather_disruption,fog,high,2024-10-07 16:57:45,46.13
9218,9672,supplier_failure,production_halt,high,2023-04-08 13:46:25,51.64
9219,9672,weather_disruption,flooding,high,2023-04-08 23:48:38,39.62
9220,9672,port_congestion,equipment_failure,high,2023-04-09 14:36:20,30.84
9221,9673,transport_delay,vehicle_breakdown,medium,2024-12-14 01:34:26,14.0
9222,9675,transport_delay,road_closure,high,2024-04-05 12:44:49,22.72
9223,9677,transport_delay,fuel_shortage,medium,2023-10-29 20:48:10,14.28
9224,9679,transport_delay,road_closure,high,2023-12-31 10:57:24,28.95
9225,9679,weather_disruption,severe_storm,high,2023-12-31 12:42:16,30.96
9226,9680,transport_delay,border_delay,medium,2024-08-12 06:54:56,8.48
9227,9681,port_congestion,labor_strike,medium,2024-09-06 18:11:10,15.64
9228,9681,supplier_failure,bankruptcy,medium,2024-09-06 20:01:59,17.19
9229,9683,port_congestion,labor_strike,medium,2023-08-28 16:10:25,7.64
9230,9683,port_congestion,high_demand,medium,2023-08-28 18:44:09,23.55
9231,9683,transport_delay,fuel_shortage,medium,2023-08-29 15:51:54,19.73
9232,9684,transport_delay,border_delay,medium,2023-04-02 10:42:47,30.6
9233,9684,transport_delay,fuel_shortage,medium,2023-04-02 11:00:26,11.15
9234,9684,transport_delay,fuel_shortage,medium,2023-04-02 14:33:08,7.3
9235,9684,port_congestion,labor_strike,medium,2023-04-03 00:00:28,6.2
9236,9685,port_congestion,equipment_failure,medium,2025-11-18 13:03:15,9.26
9237,9685,port_congestion,high_demand,medium,2025-11-19 11:33:46,16.79
9238,9687,transport_delay,fuel_shortage,medium,2025-11-06 08:10:18,13.75
9239,9687,transport_delay,border_delay,medium,2025-11-06 15:52:50,38.41
9240,9689,transport_delay,road_closure,medium,2024-11-24 00:01:26,9.76
9241,9693,transport_delay,border_delay,high,2024-06-24 09:57:56,30.55
9242,9697,port_congestion,high_demand,medium,2025-08-06 12:26:40,12.04
9243,9697,transport_delay,road_closure,medium,2025-08-07 10:17:33,11.47
9244,9699,weather_disruption,flooding,medium,2025-06-10 11:10:42,19.28
9245,9699,supplier_failure,bankruptcy,medium,2025-06-10 20:06:48,7.38
9246,9699,transport_delay,road_closure,medium,2025-06-11 21:55:08,11.48
9247,9700,transport_delay,vehicle_breakdown,medium,2025-01-29 02:58:56,26.97
9248,9701,transport_delay,border_delay,high,2023-02-13 04:32:05,12.19
9249,9701,supplier_failure,quality_issue,high,2023-02-15 18:09:42,21.37
9250,9701,port_congestion,inspection_backlog,high,2023-02-16 04:39:32,29.65
9251,9701,supplier_failure,capacity_shortage,high,2023-02-16 10:31:29,69.99
9252,9701,transport_delay,vehicle_breakdown,high,2023-02-17 21:31:19,61.29
9253,9701,supplier_failure,capacity_shortage,high,2023-02-18 02:18:58,38.7
9254,9702,weather_disruption,hurricane,medium,2023-11-21 16:22:51,20.28
9255,9703,weather_disruption,blizzard,medium,2025-06-24 08:28:19,13.29
9256,9706,port_congestion,labor_strike,medium,2025-05-31 05:19:34,8.73
9257,9706,port_congestion,equipment_failure,medium,2025-05-31 14:40:16,7.59
9258,9706,transport_delay,vehicle_breakdown,medium,2025-05-31 14:47:36,8.99
9259,9706,transport_delay,fuel_shortage,medium,2025-06-02 07:40:42,13.83
9260,9706,transport_delay,vehicle_breakdown,medium,2025-06-02 17:52:05,20.99
9261,9708,supplier_failure,capacity_shortage,high,2023-08-09 20:40:14,35.47
9262,9708,port_congestion,equipment_failure,high,2023-08-10 01:47:46,29.49
9263,9711,port_congestion,inspection_backlog,high,2024-04-02 03:34:40,7.64
9264,9711,supplier_failure,capacity_shortage,high,2024-04-03 14:12:17,20.07
9265,9711,weather_disruption,fog,high,2024-04-04 00:25:02,14.38
9266,9711,port_congestion,high_demand,high,2024-04-06 16:31:34,27.08
9267,9715,weather_disruption,flooding,high,2025-11-06 03:33:34,31.33
9268,9716,port_congestion,equipment_failure,high,2023-06-21 07:47:16,19.83
9269,9716,transport_delay,road_closure,high,2023-06-22 03:15:10,74.89
9270,9716,weather_disruption,hurricane,high,2023-06-22 07:49:44,20.9
9271,9719,port_congestion,labor_strike,high,2023-11-29 06:19:34,31.29
9272,9719,port_congestion,high_demand,high,2023-11-29 22:51:08,28.4
9273,9719,transport_delay,vehicle_breakdown,high,2023-11-30 08:50:14,45.96
9274,9719,transport_delay,vehicle_breakdown,high,2023-12-02 04:06:13,34.26
9275,9721,port_congestion,labor_strike,high,2024-12-26 05:25:08,24.53
9276,9721,port_congestion,inspection_backlog,high,2024-12-27 01:30:19,36.35
9277,9721,transport_delay,border_delay,high,2024-12-28 14:56:10,46.32
9278,9723,transport_delay,border_delay,medium,2023-05-23 13:56:20,6.2
9279,9724,transport_delay,vehicle_breakdown,medium,2025-05-24 13:01:21,21.68
9280,9724,supplier_failure,production_halt,medium,2025-05-25 13:59:25,5.45
9281,9724,transport_delay,road_closure,medium,2025-05-25 18:48:09,9.26
9282,9728,transport_delay,border_delay,medium,2025-03-26 07:35:39,10.73
9283,9728,supplier_failure,production_halt,medium,2025-03-27 17:55:46,10.4
9284,9729,port_congestion,equipment_failure,medium,2023-04-01 10:33:26,14.67
9285,9731,supplier_failure,quality_issue,medium,2024-08-31 23:42:56,13.18
9286,9734,port_congestion,labor_strike,medium,2024-01-08 02:26:37,33.2
9287,9737,port_congestion,high_demand,high,2023-11-26 00:46:28,18.97
9288,9737,weather_disruption,hurricane,high,2023-11-30 14:10:14,46.73
9289,9739,supplier_failure,capacity_shortage,high,2025-09-22 15:49:08,35.18
9290,9739,port_congestion,labor_strike,high,2025-09-22 22:06:04,42.11
9291,9740,transport_delay,vehicle_breakdown,high,2024-09-20 13:29:01,22.18
9292,9742,port_congestion,labor_strike,low,2024-05-23 03:57:04,4.96
9293,9742,supplier_failure,bankruptcy,low,2024-05-23 04:23:18,3.26
9294,9743,supplier_failure,production_halt,low,2024-04-22 03:39:07,5.05
9295,9746,transport_delay,vehicle_breakdown,high,2023-05-28 20:36:47,81.05
9296,9748,transport_delay,road_closure,medium,2023-07-18 07:12:34,14.86
9297,9749,weather_disruption,blizzard,medium,2024-09-04 14:03:17,4.89
9298,9749,port_congestion,labor_strike,medium,2024-09-04 17:48:14,18.84
9299,9749,supplier_failure,production_halt,medium,2024-09-05 23:45:56,18.53
9300,9749,weather_disruption,fog,medium,2024-09-06 02:13:36,13.23
9301,9751,transport_delay,fuel_shortage,high,2025-04-10 02:45:46,50.41
9302,9751,port_congestion,labor_strike,high,2025-04-10 07:17:28,10.48
9303,9751,weather_disruption,fog,high,2025-04-10 21:28:27,11.55
9304,9751,port_congestion,labor_strike,high,2025-04-12 04:04:16,36.73
9305,9751,port_congestion,equipment_failure,high,2025-04-12 05:47:00,46.47
9306,9754,transport_delay,border_delay,low,2023-06-22 13:43:34,15.84
9307,9756,weather_disruption,hurricane,medium,2024-05-31 01:39:59,4.03
9308,9760,supplier_failure,bankruptcy,medium,2024-10-07 07:31:59,6.7
9309,9764,transport_delay,vehicle_breakdown,high,2024-01-25 01:01:09,58.77
9310,9764,transport_delay,road_closure,high,2024-01-25 15:31:51,54.89
9311,9771,port_congestion,inspection_backlog,high,2023-01-13 05:58:57,30.95
9312,9771,transport_delay,road_closure,high,2023-01-16 05:53:27,47.54
9313,9772,transport_delay,fuel_shortage,medium,2024-03-26 18:18:35,12.61
9314,9772,transport_delay,fuel_shortage,medium,2024-03-27 10:05:29,16.95
9315,9773,transport_delay,border_delay,high,2024-08-30 22:06:11,60.11
9316,9773,transport_delay,road_closure,high,2024-08-31 03:51:48,73.86
9317,9773,transport_delay,road_closure,high,2024-09-01 20:56:52,43.29
9318,9773,weather_disruption,severe_storm,high,2024-09-01 21:48:06,85.95
9319,9773,transport_delay,fuel_shortage,high,2024-09-01 21:48:15,30.48
9320,9774,port_congestion,inspection_backlog,medium,2024-11-01 13:18:08,8.48
9321,9775,port_congestion,equipment_failure,medium,2024-12-25 17:43:48,11.31
9322,9776,supplier_failure,capacity_shortage,medium,2023-06-19 07:59:26,12.29
9323,9777,transport_delay,road_closure,low,2023-10-10 17:11:53,3.05
9324,9779,port_congestion,high_demand,low,2024-08-05 11:22:46,1.69
9325,9781,port_congestion,high_demand,high,2024-05-11 13:24:12,50.95
9326,9781,port_congestion,labor_strike,high,2024-05-12 00:37:23,83.41
9327,9781,port_congestion,inspection_backlog,high,2024-05-12 06:06:36,50.35
9328,9781,port_congestion,inspection_backlog,high,2024-05-12 22:56:40,18.57
9329,9781,supplier_failure,bankruptcy,high,2024-05-13 15:28:08,58.27
9330,9784,port_congestion,equipment_failure,medium,2024-09-28 17:41:34,29.9
9331,9786,transport_delay,vehicle_breakdown,medium,2024-01-20 18:20:32,20.89
9332,9787,transport_delay,border_delay,medium,2025-05-04 13:14:25,18.11
9333,9787,port_congestion,equipment_failure,medium,2025-05-04 13:24:20,13.38
9334,9788,weather_disruption,severe_storm,high,2025-10-01 14:59:41,61.12
9335,9788,port_congestion,equipment_failure,high,2025-10-05 00:04:25,112.14
9336,9790,weather_disruption,hurricane,high,2023-06-29 22:40:28,20.65
9337,9790,port_congestion,labor_strike,high,2023-06-30 09:40:03,25.81
9338,9791,transport_delay,road_closure,high,2023-02-13 02:33:47,28.96
9339,9793,transport_delay,vehicle_breakdown,medium,2025-01-15 05:58:11,18.99
9340,9795,transport_delay,vehicle_breakdown,medium,2025-03-26 11:34:05,10.61
9341,9795,weather_disruption,flooding,medium,2025-03-26 20:03:27,15.1
9342,9795,transport_delay,road_closure,medium,2025-03-26 23:03:36,11.03
9343,9795,supplier_failure,bankruptcy,medium,2025-03-27 20:20:10,6.18
9344,9799,weather_disruption,hurricane,medium,2024-08-23 07:40:16,14.72
9345,9799,weather_disruption,fog,medium,2024-08-23 20:56:47,23.11
9346,9799,weather_disruption,fog,medium,2024-08-24 07:17:47,9.93
9347,9801,supplier_failure,bankruptcy,medium,2024-02-20 19:48:25,5.64
9348,9801,weather_disruption,severe_storm,medium,2024-02-21 03:35:51,11.95
9349,9803,transport_delay,vehicle_breakdown,low,2024-03-18 03:57:00,2.33
9350,9806,weather_disruption,severe_storm,medium,2025-03-22 15:58:27,12.29
9351,9809,transport_delay,vehicle_breakdown,high,2024-12-21 02:23:16,34.44
9352,9811,transport_delay,road_closure,medium,2024-01-10 14:24:35,19.9
9353,9812,transport_delay,border_delay,medium,2023-02-19 07:51:28,8.19
9354,9813,transport_delay,fuel_shortage,high,2025-11-28 10:33:03,60.01
9355,9813,transport_delay,road_closure,high,2025-11-28 14:18:10,45.69
9356,9813,supplier_failure,quality_issue,high,2025-11-29 10:15:28,24.83
9357,9813,transport_delay,road_closure,high,2025-11-30 16:16:51,14.84
9358,9813,transport_delay,vehicle_breakdown,high,2025-11-30 20:29:06,32.77
9359,9815,port_congestion,inspection_backlog,medium,2024-02-16 00:04:15,4.71
9360,9817,weather_disruption,severe_storm,medium,2024-10-10 05:53:01,6.3
9361,9817,supplier_failure,bankruptcy,medium,2024-10-10 13:54:16,2.54
9362,9817,port_congestion,high_demand,medium,2024-10-10 17:20:25,18.79
9363,9817,supplier_failure,production_halt,medium,2024-10-11 00:55:51,5.34
9364,9817,transport_delay,road_closure,medium,2024-10-11 03:36:38,23.48
9365,9818,port_congestion,equipment_failure,high,2024-05-30 00:15:24,39.71
9366,9818,port_congestion,inspection_backlog,high,2024-05-30 02:20:13,8.75
9367,9818,weather_disruption,hurricane,high,2024-05-31 16:41:56,33.88
9368,9818,transport_delay,border_delay,high,2024-05-31 21:40:19,26.5
9369,9818,supplier_failure,production_halt,high,2024-06-10 23:10:37,20.24
9370,9819,supplier_failure,capacity_shortage,medium,2025-07-09 03:08:03,9.99
9371,9821,port_congestion,equipment_failure,high,2023-04-30 01:23:36,42.74
9372,9821,transport_delay,fuel_shortage,high,2023-05-03 03:58:10,102.22
9373,9821,supplier_failure,bankruptcy,high,2023-05-03 18:04:33,51.99
9374,9821,transport_delay,road_closure,high,2023-05-05 12:54:15,23.42
9375,9821,weather_disruption,blizzard,high,2023-05-06 09:28:17,68.63
9376,9823,transport_delay,vehicle_breakdown,medium,2025-10-22 13:05:20,4.43
9377,9824,port_congestion,equipment_failure,low,2025-06-10 14:40:02,4.69
9378,9825,supplier_failure,capacity_shortage,high,2025-03-14 12:59:55,34.37
9379,9825,supplier_failure,bankruptcy,high,2025-03-14 17:37:41,18.91
9380,9825,transport_delay,fuel_shortage,high,2025-03-14 22:58:56,38.98
9381,9825,transport_delay,road_closure,high,2025-03-16 18:34:23,60.61
9382,9825,supplier_failure,capacity_shortage,high,2025-03-16 23:17:04,36.26
9383,9826,transport_delay,road_closure,medium,2025-02-10 01:13:27,11.03
9384,9826,port_congestion,labor_strike,medium,2025-02-10 12:47:01,12.12
9385,9827,port_congestion,labor_strike,medium,2024-05-19 02:50:01,17.69
9386,9830,supplier_failure,bankruptcy,medium,2025-06-02 14:01:01,23.22
9387,9832,port_congestion,equipment_failure,high,2025-07-28 09:23:33,24.94
9388,9832,port_congestion,high_demand,high,2025-07-28 09:43:46,22.13
9389,9832,weather_disruption,blizzard,high,2025-07-29 05:45:31,98.25
9390,9832,transport_delay,vehicle_breakdown,high,2025-07-29 20:24:28,23.15
9391,9834,port_congestion,equipment_failure,low,2024-04-20 05:26:02,9.95
9392,9836,transport_delay,fuel_shortage,low,2023-12-26 07:54:14,1.77
9393,9838,transport_delay,road_closure,medium,2024-03-13 00:52:52,14.77
9394,9840,weather_disruption,fog,medium,2023-03-08 05:05:07,13.7
9395,9842,port_congestion,equipment_failure,high,2025-07-01 22:59:15,56.59
9396,9843,supplier_failure,capacity_shortage,high,2024-10-17 10:39:32,11.36
9397,9845,port_congestion,inspection_backlog,high,2023-03-01 16:36:13,48.47
9398,9846,transport_delay,road_closure,high,2025-08-02 11:56:13,18.21
9399,9846,weather_disruption,blizzard,high,2025-08-06 12:36:15,42.06
9400,9846,transport_delay,road_closure,high,2025-08-08 01:49:57,41.33
9401,9847,weather_disruption,severe_storm,medium,2024-09-17 06:50:15,6.63
9402,9848,transport_delay,vehicle_breakdown,medium,2023-01-20 12:18:49,14.42
9403,9849,supplier_failure,bankruptcy,low,2023-06-23 07:45:33,3.38
9404,9849,port_congestion,inspection_backlog,low,2023-06-23 09:50:41,5.23
9405,9850,port_congestion,inspection_backlog,medium,2024-04-08 03:42:35,20.64
9406,9850,supplier_failure,production_halt,medium,2024-04-08 19:27:43,15.47
9407,9851,port_congestion,labor_strike,high,2024-08-26 03:55:49,15.82
9408,9851,weather_disruption,blizzard,high,2024-08-27 19:48:01,45.83
9409,9851,transport_delay,vehicle_breakdown,high,2024-08-29 00:02:24,48.48
9410,9851,transport_delay,border_delay,high,2024-08-29 21:00:14,13.15
9411,9854,transport_delay,fuel_shortage,medium,2023-05-01 23:11:16,11.81
9412,9854,transport_delay,border_delay,medium,2023-05-02 00:21:20,9.7
9413,9855,port_congestion,labor_strike,high,2024-03-22 13:48:32,7.2
9414,9855,transport_delay,border_delay,high,2024-03-23 17:46:12,59.79
9415,9857,supplier_failure,bankruptcy,high,2025-07-28 02:26:16,24.18
9416,9860,transport_delay,vehicle_breakdown,medium,2024-11-16 06:36:10,6.33
9417,9860,port_congestion,high_demand,medium,2024-11-16 22:53:15,56.93
9418,9862,supplier_failure,capacity_shortage,medium,2023-10-09 05:35:10,12.77
9419,9862,transport_delay,road_closure,medium,2023-10-10 04:58:19,19.89
9420,9864,port_congestion,equipment_failure,high,2025-03-02 13:45:25,30.37
9421,9864,port_congestion,high_demand,high,2025-03-04 05:30:17,34.98
9422,9864,transport_delay,fuel_shortage,high,2025-03-04 15:56:49,33.33
9423,9864,transport_delay,border_delay,high,2025-03-05 00:01:03,18.26
9424,9867,port_congestion,inspection_backlog,medium,2025-10-10 04:01:27,10.07
9425,9867,port_congestion,inspection_backlog,medium,2025-10-10 17:25:47,8.46
9426,9867,port_congestion,labor_strike,medium,2025-10-11 03:21:40,16.58
9427,9867,port_congestion,high_demand,medium,2025-10-11 06:06:02,15.89
9428,9867,supplier_failure,capacity_shortage,medium,2025-10-11 13:30:59,9.05
9429,9868,port_congestion,inspection_backlog,low,2023-07-15 01:11:02,2.95
9430,9871,transport_delay,road_closure,high,2024-06-14 10:04:23,39.12
9431,9871,transport_delay,vehicle_breakdown,high,2024-06-14 13:58:01,16.8
9432,9871,transport_delay,vehicle_breakdown,high,2024-06-14 16:15:58,31.43
9433,9871,port_congestion,labor_strike,high,2024-06-17 22:03:58,47.63
9434,9871,weather_disruption,flooding,high,2024-06-21 14:22:14,21.55
9435,9872,supplier_failure,quality_issue,high,2024-02-22 02:17:47,22.86
9436,9875,transport_delay,fuel_shortage,medium,2024-02-07 01:37:58,4.45
9437,9876,port_congestion,labor_strike,high,2024-01-25 17:46:46,20.8
9438,9877,port_congestion,equipment_failure,low,2024-05-16 00:34:29,6.64
9439,9881,transport_delay,road_closure,medium,2024-03-06 10:24:03,8.95
9440,9881,transport_delay,fuel_shortage,medium,2024-03-07 12:04:25,29.15
9441,9882,transport_delay,road_closure,high,2023-03-31 10:49:30,84.01
9442,9882,supplier_failure,capacity_shortage,high,2023-04-01 22:54:57,37.95
9443,9884,port_congestion,high_demand,low,2023-02-05 04:04:32,7.1
9444,9886,transport_delay,fuel_shortage,medium,2024-03-31 01:23:24,5.92
9445,9891,weather_disruption,flooding,high,2025-01-24 10:40:57,21.89
9446,9891,transport_delay,vehicle_breakdown,high,2025-01-25 13:30:01,19.69
9447,9891,port_congestion,equipment_failure,high,2025-01-29 13:28:43,32.1
9448,9891,supplier_failure,quality_issue,high,2025-01-29 23:58:19,24.94
9449,9892,port_congestion,inspection_backlog,medium,2024-09-07 17:00:21,17.79
9450,9895,supplier_failure,bankruptcy,high,2023-09-28 03:12:18,20.22
9451,9895,port_congestion,inspection_backlog,high,2023-09-28 17:48:16,28.07
9452,9895,port_congestion,inspection_backlog,high,2023-09-29 17:52:12,10.43
9453,9899,port_congestion,labor_strike,low,2023-08-15 03:16:55,7.06
9454,9900,supplier_failure,production_halt,high,2023-02-03 15:37:37,14.44
9455,9900,transport_delay,road_closure,high,2023-02-05 00:38:53,26.34
9456,9900,port_congestion,labor_strike,high,2023-02-07 05:41:17,19.8
9457,9900,transport_delay,border_delay,high,2023-02-10 20:34:19,19.45
9458,9900,port_congestion,labor_strike,high,2023-02-14 06:11:03,54.69
9459,9900,port_congestion,high_demand,high,2023-02-15 17:01:33,10.48
9460,9904,port_congestion,inspection_backlog,medium,2023-03-24 16:36:09,16.01
9461,9905,port_congestion,high_demand,low,2025-02-28 15:45:12,1.78
9462,9905,port_congestion,equipment_failure,low,2025-02-28 20:15:38,9.05
9463,9906,weather_disruption,blizzard,medium,2023-09-05 04:03:43,8.52
9464,9909,port_congestion,equipment_failure,medium,2025-09-16 07:05:37,23.29
9465,9909,port_congestion,labor_strike,medium,2025-09-16 11:13:23,9.76
9466,9910,port_congestion,labor_strike,medium,2024-04-09 03:14:48,18.22
9467,9910,weather_disruption,fog,medium,2024-04-09 21:22:38,17.18
9468,9917,weather_disruption,hurricane,high,2024-07-01 08:39:24,29.92
9469,9917,supplier_failure,quality_issue,high,2024-07-01 14:10:56,11.83
9470,9917,weather_disruption,blizzard,high,2024-07-01 17:10:05,27.89
9471,9917,supplier_failure,production_halt,high,2024-07-02 13:41:40,45.16
9472,9919,weather_disruption,hurricane,medium,2024-01-20 18:28:02,6.32
9473,9920,transport_delay,road_closure,high,2024-02-05 23:06:14,24.58
9474,9920,transport_delay,road_closure,high,2024-02-07 19:10:40,36.48
9475,9920,port_congestion,inspection_backlog,high,2024-02-08 14:15:55,33.01
9476,9922,port_congestion,equipment_failure,medium,2025-09-03 13:32:22,6.59
9477,9923,port_congestion,labor_strike,high,2023-09-29 00:59:56,26.53
9478,9923,transport_delay,fuel_shortage,high,2023-09-30 18:35:43,52.54
9479,9923,supplier_failure,bankruptcy,high,2023-10-01 17:01:04,26.47
9480,9924,transport_delay,road_closure,high,2025-03-10 08:35:54,17.97
9481,9924,supplier_failure,quality_issue,high,2025-03-13 04:57:28,55.2
9482,9925,port_congestion,high_demand,medium,2024-01-25 00:54:02,13.53
9483,9925,weather_disruption,fog,medium,2024-01-25 05:32:33,13.48
9484,9925,port_congestion,equipment_failure,medium,2024-01-25 07:58:37,24.31
9485,9925,transport_delay,border_delay,medium,2024-01-25 08:14:46,13.11
9486,9925,port_congestion,high_demand,medium,2024-01-25 23:44:28,9.19
9487,9926,port_congestion,inspection_backlog,high,2025-02-06 21:51:51,16.13
9488,9926,transport_delay,border_delay,high,2025-02-09 23:02:34,19.33
9489,9927,transport_delay,border_delay,medium,2023-11-16 12:06:15,5.5
9490,9930,supplier_failure,bankruptcy,high,2025-02-09 12:21:42,16.69
9491,9930,port_congestion,inspection_backlog,high,2025-02-09 18:07:22,60.97
9492,9931,transport_delay,vehicle_breakdown,medium,2023-05-19 01:41:33,16.84
9493,9931,weather_disruption,blizzard,medium,2023-05-19 05:19:30,8.47
9494,9931,weather_disruption,blizzard,medium,2023-05-19 12:39:05,14.03
9495,9931,supplier_failure,capacity_shortage,medium,2023-05-20 01:10:09,18.2
9496,9932,transport_delay,border_delay,low,2023-09-24 09:58:06,7.58
9497,9938,transport_delay,vehicle_breakdown,medium,2024-07-20 04:01:11,27.25
9498,9940,port_congestion,labor_strike,low,2023-12-09 05:14:04,1.56
9499,9941,supplier_failure,production_halt,high,2023-08-13 09:05:21,72.68
9500,9942,transport_delay,fuel_shortage,low,2025-08-25 11:08:52,5.14
9501,9943,supplier_failure,production_halt,medium,2024-10-01 14:39:40,9.66
9502,9944,port_congestion,high_demand,low,2025-02-11 06:38:47,2.09
9503,9945,port_congestion,labor_strike,medium,2023-10-17 02:50:41,4.94
9504,9945,transport_delay,road_closure,medium,2023-10-17 18:07:54,22.49
9505,9949,transport_delay,border_delay,low,2023-08-15 05:48:18,1.03
9506,9950,transport_delay,vehicle_breakdown,medium,2025-03-30 16:17:35,14.5
9507,9950,transport_delay,road_closure,medium,2025-03-30 21:41:50,4.42
9508,9951,transport_delay,vehicle_breakdown,low,2023-06-15 02:56:52,2.76
9509,9952,port_congestion,equipment_failure,medium,2023-08-07 12:25:01,11.57
9510,9952,weather_disruption,fog,medium,2023-08-08 16:37:10,6.24
9511,9952,supplier_failure,production_halt,medium,2023-08-09 01:37:28,10.0
9512,9953,transport_delay,road_closure,medium,2024-06-05 09:01:02,4.81
9513,9956,transport_delay,border_delay,high,2025-11-09 02:16:39,36.92
9514,9956,supplier_failure,quality_issue,high,2025-11-09 06:58:17,37.08
9515,9956,transport_delay,road_closure,high,2025-11-09 14:00:46,49.56
9516,9956,transport_delay,road_closure,high,2025-11-09 15:24:14,23.39
9517,9956,transport_delay,border_delay,high,2025-11-10 11:02:57,53.04
9518,9956,port_congestion,labor_strike,high,2025-11-10 12:16:03,24.1
9519,9957,port_congestion,inspection_backlog,low,2023-11-21 01:37:52,1.64
9520,9957,supplier_failure,production_halt,low,2023-11-21 04:19:18,7.15
9521,9960,transport_delay,road_closure,high,2024-10-16 20:01:01,19.44
9522,9960,port_congestion,equipment_failure,high,2024-10-16 20:59:07,49.16
9523,9960,transport_delay,vehicle_breakdown,high,2024-10-18 10:26:39,26.17
9524,9962,supplier_failure,bankruptcy,low,2025-01-22 00:31:26,2.25
9525,9963,weather_disruption,severe_storm,high,2025-07-19 00:35:54,38.51
9526,9963,port_congestion,high_demand,high,2025-07-20 06:50:54,26.07
9527,9963,supplier_failure,production_halt,high,2025-07-21 07:38:12,62.06
9528,9967,transport_delay,border_delay,low,2025-03-28 00:15:26,6.08
9529,9967,transport_delay,road_closure,low,2025-03-28 07:45:15,11.3
9530,9975,supplier_failure,capacity_shortage,medium,2025-09-24 01:25:33,10.75
9531,9975,transport_delay,border_delay,medium,2025-09-24 11:04:16,20.6
9532,9977,port_congestion,equipment_failure,medium,2024-12-14 01:09:28,7.66
9533,9977,transport_delay,border_delay,medium,2024-12-14 01:10:23,6.8
9534,9977,port_congestion,inspection_backlog,medium,2024-12-14 12:38:18,8.07
9535,9979,transport_delay,border_delay,medium,2024-04-29 13:42:09,5.66
9536,9983,port_congestion,equipment_failure,low,2023-08-28 07:27:42,5.92
9537,9987,port_congestion,inspection_backlog,high,2025-08-19 16:24:48,7.49
9538,9987,transport_delay,road_closure,high,2025-08-20 22:49:30,9.61
9539,9993,weather_disruption,fog,high,2023-06-29 18:57:24,36.53
9540,9993,port_congestion,inspection_backlog,high,2023-07-02 08:05:45,88.55
9541,9995,port_congestion,equipment_failure,low,2024-12-19 10:24:28,4.08
9542,9995,port_congestion,equipment_failure,low,2024-12-19 20:52:19,6.04
9543,9997,port_congestion,equipment_failure,low,2023-02-01 02:07:17,1.46
9544,9997,supplier_failure,production_halt,low,2023-02-01 14:50:54,8.01
9545,9997,transport_delay,vehicle_breakdown,low,2023-02-01 16:55:47,6.09
9546,9998,transport_delay,border_delay,high,2024-04-08 03:40:31,30.13
9547,9998,weather_disruption,fog,high,2024-04-08 15:14:42,30.63
9548,9999,port_congestion,labor_strike,medium,2024-08-02 12:09:26,6.64
9549,10000,weather_disruption,hurricane,medium,2023-02-21 20:32:06,23.38
