shipment_id,weather_severity,traffic_level,supplier_risk,congestion_level,risk_score,delayed,delay_hours
1,1,1,0.0437,0.5994,0.293,1,86.04
2,1,1,0.3294,0.6291,0.3861,1,90.66
3,0,4,0.3294,0.8764,0.4379,1,90.59
4,1,2,0.3266,0.5383,0.3926,1,74.91
5,0,4,0.2082,0.4536,0.2959,1,13.13
6,0,2,0.2878,0.611,0.2991,0,2.43
7,3,2,0.2562,0.6084,0.589,1,78.29
8,0,3,0.2853,0.6543,0.3392,0,2.76
9,0,3,0.1206,0.2701,0.1937,0,2.32
10,2,1,0.2301,0.6575,0.4634,1,216.26
11,2,5,0.0399,0.7782,0.5565,0,2.22
12,2,2,0.1577,0.5851,0.4536,1,30.39
13,1,1,0.0719,0.6155,0.3054,0,1.38
14,0,1,0.2082,0.6267,0.2491,0,1.23
15,0,5,0.1051,0.3187,0.2612,0,2.07
16,2,3,0.4038,0.3683,0.5032,0,2.76
17,0,1,0.299,0.7616,0.3101,1,16.05
18,1,3,0.2771,0.5922,0.4212,1,28.06
19,0,1,0.1012,0.4761,0.1794,0,2.71
20,0,1,0.5395,0.5534,0.3302,0,1.23
21,1,4,0.1768,0.3708,0.3657,1,43.24
22,0,1,0.1476,0.1878,0.1212,0,2.58
23,0,2,0.1051,0.2929,0.1648,0,2.15
24,0,5,0.1382,0.6324,0.3496,1,57.73
25,0,3,0.5295,0.601,0.3991,1,43.89
26,0,4,0.1502,0.3585,0.2547,0,1.98
27,0,2,0.299,0.5401,0.2847,0,1.87
28,1,5,0.5395,0.4265,0.5185,1,25.76
29,1,2,0.1502,0.5063,0.3316,0,2.05
30,1,3,0.183,0.5395,0.3798,0,3.27
31,0,1,0.2853,0.4674,0.2324,0,2.46
32,1,1,0.1577,0.3407,0.2625,0,1.2
33,1,1,0.1674,0.4336,0.2886,0,2.65
34,0,4,0.1094,0.5948,0.3015,0,2.91
35,1,4,0.3294,0.266,0.3853,1,95.07
36,1,2,0.1206,0.4256,0.3026,0,1.68
37,0,4,0.0465,0.5786,0.2786,0,2.88
38,0,3,0.1757,0.5221,0.2732,0,3.55
39,2,1,0.5295,0.325,0.4701,1,26.21
40,2,3,0.1757,0.4535,0.4561,1,147.87
41,1,4,0.2906,0.373,0.4004,0,2.54
42,0,5,0.2727,0.3404,0.3169,1,45.02
43,0,3,0.1012,0.5813,0.2657,0,3.17
44,0,2,0.163,0.2665,0.1755,0,3.95
45,0,2,0.1211,0.6557,0.2603,0,2.26
46,0,4,0.1674,0.7325,0.3533,1,26.93
47,2,4,0.1476,0.2521,0.4273,1,103.92
48,2,4,0.0911,0.4828,0.468,0,2.01
49,1,5,0.1476,0.3966,0.3934,1,101.64
50,0,5,0.1166,0.5403,0.3201,0,1.4
51,0,1,0.2562,0.1815,0.1522,0,3.07
52,1,3,0.1051,0.3348,0.3052,1,19.57
53,0,3,0.0836,0.381,0.2103,1,16.93
54,1,3,0.1211,0.2198,0.2813,1,19.54
55,0,2,0.0399,0.2981,0.1465,0,2.5
56,0,3,0.335,0.3772,0.2848,1,22.0
57,1,2,0.5395,0.4409,0.4321,1,15.92
58,0,2,0.1012,0.4832,0.2112,0,2.94
59,1,3,0.0911,0.5131,0.3456,1,64.29
60,1,5,0.0399,0.4671,0.3787,1,134.84
61,1,3,0.335,0.6394,0.4503,1,40.25
62,1,4,0.183,0.5789,0.4196,0,1.89
63,1,5,0.3611,0.5921,0.5064,1,78.91
64,0,3,0.183,0.4834,0.2658,0,2.43
65,1,1,0.5395,0.5909,0.4396,0,4.0
66,0,2,0.1206,0.3452,0.1825,0,1.98
67,1,1,0.3611,0.7504,0.4259,1,45.42
68,0,2,0.1206,0.5835,0.2421,1,34.44
69,0,2,0.2562,0.0895,0.1592,1,45.34
70,0,4,0.2757,0.2392,0.2625,1,20.83
71,1,5,0.1012,0.4713,0.3982,1,55.53
72,0,4,0.3611,0.3426,0.314,1,30.0
73,0,3,0.0911,0.4385,0.227,0,1.28
74,0,4,0.299,0.2779,0.2792,1,34.05
75,2,2,0.0399,0.6541,0.4355,1,156.96
76,1,5,0.299,0.4372,0.449,0,1.73
77,0,4,0.2771,0.3153,0.282,1,10.84
78,2,2,0.3266,0.6418,0.5184,1,31.81
79,1,1,0.1476,0.5695,0.3167,0,0.88
80,1,4,0.0168,0.8334,0.4334,1,119.38
81,1,1,0.299,0.7301,0.4022,0,1.74
82,0,2,0.1768,0.6492,0.2753,1,27.46
83,0,1,0.1768,0.5437,0.219,1,9.69
84,0,5,0.335,0.7139,0.429,1,22.41
85,1,3,0.2492,0.6721,0.4328,1,55.07
86,1,4,0.2727,0.6706,0.4695,0,7.9
87,0,5,0.0836,0.4568,0.2893,0,2.58
88,0,5,0.1012,0.6797,0.3503,1,48.16
89,1,3,0.1178,0.6973,0.3997,0,2.09
90,0,1,0.1904,0.4501,0.1996,0,1.68
91,0,1,0.299,0.3021,0.1952,0,0.9
92,0,4,0.1178,0.5687,0.2975,1,32.9
93,1,4,0.2757,0.645,0.464,1,61.2
94,0,4,0.1476,0.2751,0.2331,0,2.01
95,0,1,0.1094,0.3649,0.154,0,3.03
96,1,1,0.0465,0.2791,0.2137,0,1.34
97,1,4,0.2906,0.5502,0.4447,1,22.3
98,2,3,0.0168,0.5132,0.4233,0,3.21
99,0,1,0.2727,0.3617,0.2022,0,3.22
100,1,2,0.1051,0.5271,0.3233,1,54.28
101,1,5,0.299,0.4682,0.4568,1,74.87
102,1,5,0.3485,0.588,0.5015,1,50.28
103,0,1,0.2281,0.5068,0.2251,1,40.48
104,1,5,0.2281,0.4535,0.4318,1,77.12
105,0,1,0.2372,0.3526,0.1893,0,2.21
106,0,2,0.223,0.4905,0.2495,0,4.13
107,0,4,0.163,0.7835,0.3648,0,1.42
108,1,2,0.2492,0.7524,0.4229,1,30.5
109,0,4,0.3463,0.4656,0.3403,0,0.96
110,1,2,0.1768,0.4439,0.324,0,2.55
111,0,2,0.1757,0.6234,0.2686,0,2.24
112,0,3,0.4038,0.4931,0.3344,0,2.3
113,1,3,0.2082,0.6369,0.4117,1,27.84
114,1,5,0.3294,0.0312,0.3566,0,1.89
115,2,5,0.1768,0.6317,0.561,0,2.73
116,1,1,0.5295,0.4554,0.4027,1,31.97
117,0,2,0.2853,0.3522,0.2336,1,18.09
118,1,5,0.2906,0.4337,0.4456,1,42.88
119,1,2,0.299,0.1921,0.2977,0,2.86
120,0,1,0.1206,0.5198,0.1961,0,1.91
121,2,1,0.1179,0.3751,0.3591,1,91.14
122,1,4,0.1502,0.3995,0.3649,0,1.82
123,1,2,0.1179,0.3801,0.2904,1,27.34
124,2,5,0.1178,0.2843,0.4564,0,1.7
125,1,4,0.1206,0.4674,0.373,1,120.16
126,2,2,0.1166,0.2946,0.3686,0,1.54
127,1,2,0.2281,0.3224,0.309,0,1.81
128,0,4,0.1179,0.4632,0.2712,0,1.9
129,0,1,0.2301,0.2973,0.1734,1,42.5
130,0,3,0.2606,0.6736,0.3366,1,72.52
131,0,5,0.1476,0.5402,0.3293,1,16.27
132,0,4,0.3294,0.4336,0.3272,1,34.64
133,0,2,0.2727,0.2616,0.2072,0,2.23
134,1,3,0.0168,0.7345,0.3787,1,41.82
135,0,1,0.2082,0.5408,0.2277,0,1.44
136,1,5,0.1502,0.2077,0.347,1,33.04
137,0,3,0.1476,0.3316,0.2172,1,58.21
138,2,3,0.1135,0.2265,0.3807,1,16.68
139,0,3,0.2562,0.4663,0.2834,1,79.47
140,1,5,0.5295,0.6395,0.5687,0,2.21
141,1,5,0.1012,0.2305,0.338,0,4.11
142,1,5,0.1051,0.14,0.3165,0,3.02
143,1,2,0.3485,0.4972,0.3888,1,94.31
144,0,3,0.2281,0.781,0.3537,1,161.19
145,1,4,0.1577,0.5024,0.3929,1,145.08
146,1,5,0.2301,0.3576,0.4084,1,34.08
147,1,3,0.3611,0.7269,0.4801,1,28.85
148,3,5,0.1768,0.3065,0.5797,0,8.77
149,0,1,0.1674,0.721,0.2605,1,9.26
150,0,2,0.1179,0.5067,0.222,1,37.92
151,1,1,0.2906,0.561,0.3574,1,80.89
152,0,3,0.1502,0.505,0.2613,1,95.34
153,0,3,0.4038,0.5213,0.3415,0,2.09
154,0,1,0.2372,0.471,0.2189,0,3.43
155,1,3,0.2771,0.3136,0.3515,1,34.73
156,1,2,0.2906,0.2166,0.3013,1,14.07
157,0,1,0.1577,0.5125,0.2054,0,2.44
158,2,3,0.163,0.5194,0.4688,1,51.18
159,2,3,0.2853,0.2051,0.4269,1,48.08
160,1,4,0.2906,0.2671,0.374,1,59.03
161,1,5,0.0465,0.1901,0.3115,0,2.07
162,0,3,0.0399,0.3614,0.1923,0,2.06
163,0,4,0.1012,0.1762,0.1944,0,2.82
164,0,4,0.2372,0.3959,0.2901,0,2.35
165,1,1,0.1502,0.3242,0.2561,0,1.92
166,1,2,0.1179,0.5526,0.3335,0,1.95
167,1,2,0.223,0.3147,0.3056,1,43.51
168,0,4,0.1476,0.4181,0.2688,1,23.71
169,2,2,0.2727,0.0693,0.3591,0,2.36
170,1,5,0.1051,0.2953,0.3554,1,7.49
171,0,1,0.2492,0.4049,0.206,0,1.96
172,2,2,0.2727,0.6537,0.5052,1,90.43
173,0,3,0.0836,0.3475,0.202,0,6.14
174,1,5,0.1757,0.2396,0.3626,1,19.77
175,2,4,0.1502,0.694,0.5386,1,33.71
176,1,4,0.2281,0.3311,0.3712,0,1.61
177,1,3,0.1094,0.51,0.3503,1,25.15
178,0,3,0.163,0.6113,0.2917,0,2.77
179,2,3,0.1768,0.0729,0.3613,1,18.63
180,1,4,0.0399,0.1185,0.2616,0,1.95
181,1,3,0.2853,0.2487,0.3378,1,26.67
182,0,4,0.2082,0.7416,0.3679,1,49.36
183,0,1,0.3294,0.2144,0.1824,0,3.58
184,0,4,0.1211,0.7039,0.3323,0,1.35
185,0,5,0.2906,0.5979,0.3867,0,2.12
186,1,4,0.2562,0.469,0.4141,0,2.61
187,0,4,0.2606,0.5877,0.3451,0,1.63
188,1,3,0.1166,0.6052,0.3763,1,83.72
189,0,4,0.2906,0.3186,0.2868,1,35.77
190,1,4,0.299,0.5633,0.4505,1,44.95
191,0,5,0.1476,0.3885,0.2914,1,50.89
192,2,2,0.0168,0.6115,0.4179,0,5.51
193,1,5,0.0399,0.3373,0.3463,1,94.83
194,0,1,0.1768,0.5852,0.2293,0,1.63
195,1,1,0.2281,0.6845,0.3696,0,3.17
196,1,5,0.1674,0.64,0.4602,0,1.86
197,1,4,0.183,0.6751,0.4437,1,25.18
198,0,4,0.2492,0.3167,0.2739,0,2.71
199,0,4,0.2492,0.508,0.3218,1,46.37
200,1,3,0.0911,0.2258,0.2738,0,1.39
201,1,3,0.1502,0.6683,0.4021,1,35.66
202,1,4,0.1051,0.4967,0.3757,1,17.81
203,0,4,0.1577,0.531,0.3001,1,52.96
204,1,1,0.1768,0.2105,0.2357,0,2.42
205,0,1,0.1382,0.1356,0.1054,0,1.83
206,0,3,0.0465,0.4345,0.2126,0,2.3
207,1,5,0.1166,0.5994,0.4348,1,23.9
208,0,1,0.3485,0.4597,0.2495,0,2.34
209,2,3,0.1166,0.2703,0.3926,0,3.25
210,0,4,0.1179,0.2369,0.2146,1,58.46
211,1,4,0.3463,0.4152,0.4277,0,2.13
212,1,4,0.2906,0.4099,0.4097,0,2.16
213,1,5,0.1904,0.2164,0.3612,0,1.88
214,1,2,0.0719,0.3579,0.271,0,4.34
215,2,3,0.3463,0.3712,0.4867,1,10.71
216,2,2,0.2878,0.6609,0.5116,1,51.99
217,2,1,0.0399,0.3061,0.3185,0,2.27
218,0,2,0.1179,0.3853,0.1917,0,1.45
219,1,1,0.2771,0.2099,0.2656,1,84.62
220,2,3,0.1094,0.6206,0.478,0,1.31
221,0,3,0.0168,0.4628,0.2107,0,2.12
222,0,1,0.0836,0.4868,0.1768,0,2.24
223,0,3,0.2492,1.0,0.4148,0,2.99
224,0,1,0.1904,0.2939,0.1606,0,5.93
225,1,2,0.1476,0.5211,0.3346,0,2.35
226,0,5,0.1757,0.3855,0.2991,1,118.83
227,0,3,0.1502,0.5597,0.275,0,2.61
228,0,1,0.1206,0.4385,0.1758,1,59.33
229,1,1,0.5295,0.2404,0.349,1,120.87
230,2,3,0.1768,0.5326,0.4762,0,2.19
231,1,5,0.1179,0.4698,0.4028,1,21.23
232,1,5,0.1476,0.6742,0.4628,1,306.01
233,1,5,0.1211,0.1958,0.3353,1,51.1
234,0,5,0.1179,0.5541,0.3239,0,1.85
235,0,3,0.1768,0.19,0.1905,1,18.28
236,1,1,0.2771,0.3604,0.3032,0,1.85
237,1,3,0.1577,0.5494,0.3747,0,1.83
238,0,2,0.2771,0.7341,0.3267,0,2.64
239,1,2,0.1476,0.2828,0.275,0,3.93
240,1,2,0.0911,0.4506,0.3,1,57.01
241,1,3,0.4038,0.4747,0.4298,1,32.99
242,2,4,0.1012,0.5394,0.4852,1,87.58
243,0,3,0.2853,0.6919,0.3486,0,2.4
244,1,1,0.2757,0.6285,0.3698,1,63.99
245,1,4,0.4038,0.2289,0.3984,1,90.87
246,0,1,0.2853,0.3184,0.1952,0,3.85
247,0,5,0.2771,0.4742,0.3517,1,76.8
248,1,2,0.3463,0.5152,0.3927,1,31.88
249,1,4,0.3611,0.3441,0.4144,0,1.71
250,2,4,0.2301,0.4658,0.5055,1,59.88
251,0,2,0.0437,0.6258,0.2296,0,2.45
252,0,5,0.5295,0.5901,0.4564,1,59.09
253,0,4,0.3611,0.6578,0.3928,0,1.97
254,0,1,0.2727,0.563,0.2526,0,1.25
255,1,4,0.0168,0.378,0.3195,1,90.56
256,2,5,0.1178,0.5211,0.5156,1,98.7
257,1,5,0.2301,0.2109,0.3718,1,70.6
258,1,1,0.5295,0.2786,0.3585,0,2.73
259,0,5,0.2562,0.6269,0.3836,1,25.06
260,1,5,0.1768,0.7013,0.4784,1,325.63
261,0,4,0.1051,0.5944,0.3001,1,18.93
262,0,1,0.3266,0.5387,0.2627,1,31.91
263,0,2,0.5295,0.5727,0.362,0,2.54
264,1,3,0.1211,0.7874,0.4232,1,28.05
265,0,4,0.183,0.2824,0.2455,1,18.85
266,2,1,0.4038,0.5871,0.4979,1,77.06
267,0,5,0.1476,0.6113,0.3471,0,2.83
268,2,2,0.4038,0.6286,0.5383,1,24.45
269,1,3,0.0911,0.251,0.2801,1,12.76
270,1,4,0.163,0.3027,0.3446,1,14.97
271,0,2,0.2082,0.5402,0.2575,0,1.85
272,1,5,0.2606,0.4358,0.4371,1,56.82
273,0,3,0.0911,0.4469,0.2291,0,1.41
274,0,4,0.3463,0.5555,0.3628,0,2.23
275,0,5,0.3463,0.4533,0.3672,1,156.8
276,1,1,0.1757,0.5875,0.3296,0,1.59
277,0,3,0.2082,0.5846,0.2986,1,12.24
278,1,1,0.0168,0.4548,0.2487,0,1.75
279,2,5,0.1012,0.4728,0.4986,1,295.39
280,0,2,0.2606,0.5071,0.265,1,28.58
281,0,5,0.0465,0.5951,0.3127,1,406.3
282,1,1,0.2906,0.4556,0.3311,1,24.25
283,1,1,0.1502,0.5656,0.3165,0,2.79
284,1,1,0.3463,0.2572,0.2982,0,2.6
285,1,4,0.1206,0.3961,0.3552,1,13.88
286,0,5,0.1757,0.5913,0.3505,1,37.53
287,0,4,0.1577,0.1689,0.2095,1,48.03
288,1,4,0.1179,0.8197,0.4603,1,44.59
289,0,5,0.3611,0.4016,0.3587,0,4.22
290,0,4,0.335,0.3601,0.3105,1,72.62
291,1,5,0.1012,0.6932,0.4537,0,1.67
292,0,4,0.0836,0.6849,0.3163,0,1.72
293,1,2,0.2606,0.5687,0.3804,1,85.57
294,0,4,0.3463,0.4069,0.3256,0,2.13
295,1,4,0.335,0.8003,0.5206,1,65.74
296,1,1,0.3294,0.3455,0.3152,1,106.95
297,1,1,0.335,0.5131,0.3588,1,10.58
298,2,5,0.223,0.4121,0.5199,1,163.7
299,1,3,0.2757,0.3804,0.3678,1,94.18
300,1,4,0.1476,0.2627,0.33,1,124.39
301,0,5,0.3485,0.252,0.3176,1,59.2
302,1,2,0.2372,0.4272,0.338,1,130.97
303,1,4,0.2906,0.4033,0.408,0,3.18
304,2,3,0.1211,0.4739,0.4448,0,1.55
305,0,1,0.1577,0.503,0.2031,1,36.82
306,0,1,0.1012,0.4196,0.1653,0,2.57
307,0,1,0.3611,0.6531,0.3016,1,39.72
308,0,3,0.2757,0.6253,0.329,0,2.78
309,0,4,0.2727,0.8259,0.4083,1,154.16
310,0,3,0.3485,0.3409,0.2798,1,71.09
311,0,2,0.1904,0.5442,0.2532,0,4.83
312,1,4,0.1757,0.4961,0.3967,1,55.7
313,0,5,0.1178,0.6374,0.3447,0,2.87
314,1,5,0.2771,0.3054,0.4095,1,27.33
315,0,2,0.2757,0.2882,0.2148,0,2.52
316,0,2,0.2757,0.4575,0.2571,1,48.42
317,0,5,0.299,0.3311,0.3225,0,1.06
318,0,3,0.1178,0.5701,0.2679,0,1.95
319,1,4,0.299,0.0,0.3097,0,3.93
320,0,1,0.1178,0.0973,0.0897,1,44.69
321,0,4,0.2372,0.2326,0.2493,1,48.9
322,1,3,0.3266,0.4858,0.4094,1,49.95
323,1,3,0.1094,0.9137,0.4512,1,29.61
324,1,3,0.335,0.3662,0.382,0,2.41
325,0,3,0.1178,0.6056,0.2767,0,3.22
326,0,2,0.1166,0.3004,0.1701,0,1.02
327,1,4,0.1178,0.6403,0.4154,1,67.84
328,1,5,0.2082,0.343,0.3982,1,78.23
329,2,5,0.335,0.8642,0.6666,1,103.07
330,2,3,0.2372,0.6049,0.5124,1,41.72
331,0,2,0.335,0.5284,0.2926,1,43.67
332,0,2,0.1179,0.7343,0.2789,0,1.99
333,0,2,0.3485,0.5095,0.2919,0,2.17
334,1,2,0.2606,0.2592,0.303,1,116.49
335,0,2,0.2606,0.5358,0.2721,0,1.79
336,2,3,0.2771,0.178,0.4176,1,74.74
337,1,5,0.1206,0.2208,0.3414,0,2.09
338,1,3,0.3485,0.4955,0.4184,1,44.94
339,0,1,0.1135,0.492,0.187,1,29.58
340,2,3,0.163,0.3931,0.4372,0,2.11
341,0,5,0.1757,0.3738,0.2962,1,291.11
342,0,5,0.1757,0.4982,0.3273,1,43.11
343,1,3,0.2301,0.5672,0.4008,1,34.61
344,1,4,0.2727,0.398,0.4013,1,51.73
345,2,1,0.183,0.1984,0.3345,0,1.97
346,1,4,0.223,0.7258,0.4684,1,11.04
347,1,1,0.1094,0.4812,0.2831,1,18.98
348,0,2,0.2606,0.4882,0.2602,1,43.09
349,1,2,0.2606,0.4326,0.3463,0,3.55
350,0,3,0.0719,0.1814,0.1569,0,3.49
351,0,2,0.2301,0.4215,0.2344,1,27.6
352,2,5,0.1674,0.2042,0.4513,1,50.73
353,0,3,0.2757,0.8002,0.3728,0,2.13
354,1,4,0.3463,0.5278,0.4558,0,2.41
355,1,5,0.3266,0.6502,0.5105,1,24.09
356,0,2,0.3463,0.3532,0.2522,0,3.23
357,0,3,0.1502,0.3382,0.2196,0,2.65
358,1,1,0.1178,0.6274,0.3222,0,2.45
359,1,5,0.2082,0.681,0.4827,1,34.39
360,0,5,0.2492,0.5312,0.3576,0,2.4
361,2,3,0.2757,0.479,0.4925,1,37.22
362,0,2,0.1577,0.4428,0.218,0,1.57
363,0,5,0.1382,0.4314,0.2993,1,174.14
364,0,4,0.5295,0.6739,0.4473,0,5.95
365,0,2,0.1094,0.3164,0.1719,0,2.58
366,0,2,0.0168,0.6877,0.237,1,34.17
367,1,2,0.2082,0.2036,0.2734,0,1.55
368,1,1,0.1757,0.7609,0.3729,1,42.02
369,0,3,0.5395,0.2255,0.3082,1,125.2
370,1,1,0.4038,0.2479,0.3131,1,68.79
371,0,4,0.335,0.4625,0.3361,1,63.37
372,1,1,0.0836,0.4818,0.2755,1,186.29
373,2,3,0.1051,0.4843,0.4426,0,3.92
374,1,4,0.2301,0.4548,0.4027,1,64.74
375,1,2,0.3266,0.6136,0.4114,1,59.05
376,1,2,0.2281,0.2918,0.3014,0,2.24
377,1,3,0.1904,0.3075,0.324,0,4.2
378,1,5,0.3611,0.6179,0.5128,1,115.14
379,2,3,0.0719,0.5547,0.4502,1,138.39
380,0,3,0.1904,0.5967,0.2963,1,78.02
381,1,3,0.2492,0.1991,0.3145,1,36.07
382,1,2,0.2301,0.5241,0.3601,0,3.18
383,1,2,0.3266,0.4827,0.3787,1,35.49
384,1,5,0.1382,0.1593,0.3313,0,2.88
385,1,1,0.0719,0.2487,0.2137,0,1.45
386,0,4,0.2906,0.5846,0.3533,1,61.35
387,0,2,0.2562,0.1968,0.1861,0,1.69
388,0,4,0.1094,0.4022,0.2534,1,8.51
389,1,4,0.0911,0.346,0.3338,0,2.77
390,0,2,0.223,0.2888,0.1991,0,2.36
391,1,2,0.2906,0.667,0.4139,1,31.99
392,1,4,0.5295,0.7108,0.5566,0,2.73
393,0,3,0.1135,0.5675,0.2659,0,2.41
394,0,1,0.0719,0.5864,0.1982,1,17.66
395,1,2,0.2281,0.3488,0.3156,1,34.17
396,0,1,0.4038,0.4181,0.2557,0,1.18
397,0,1,0.0836,0.3439,0.1411,0,2.24
398,1,3,0.2606,0.2419,0.3287,0,3.99
399,1,2,0.1382,0.2677,0.2684,0,4.25
400,0,2,0.1012,0.3665,0.182,0,2.24
401,1,1,0.1577,0.7787,0.372,1,75.97
402,0,3,0.1674,0.2905,0.2128,0,1.98
403,1,2,0.183,0.421,0.3202,0,1.54
404,0,2,0.2771,0.2237,0.1991,1,13.84
405,1,1,0.1502,0.4624,0.2907,1,17.43
406,1,3,0.299,0.4173,0.384,1,23.75
407,0,3,0.1577,0.4451,0.2486,0,2.78
408,1,4,0.1211,0.5482,0.3934,1,10.94
409,2,1,0.223,0.6316,0.4548,1,31.58
410,1,1,0.3294,0.6845,0.3999,1,49.01
411,1,1,0.1179,0.7791,0.3601,0,1.49
412,0,4,0.2727,0.5165,0.3309,1,36.33
413,0,2,0.1206,0.4547,0.2099,0,1.88
414,1,5,0.1768,0.4054,0.4044,1,27.06
415,1,2,0.2372,0.5179,0.3606,0,3.67
416,1,5,0.5295,0.5433,0.5447,1,262.15
417,1,1,0.1904,0.7021,0.3626,0,3.82
418,1,2,0.4038,0.5283,0.4132,0,1.61
419,1,5,0.2082,0.4001,0.4125,1,41.11
420,0,2,0.1904,0.6473,0.2789,0,3.59
421,0,4,0.2372,0.422,0.2967,1,40.11
422,1,1,0.0399,0.7815,0.3373,1,30.63
423,0,2,0.4038,0.3951,0.2799,1,32.98
424,1,5,0.1674,0.5383,0.4348,1,59.03
425,0,2,0.183,0.2955,0.1888,0,0.88
426,0,5,0.183,0.3664,0.2965,1,29.05
427,0,2,0.2906,0.5534,0.2855,0,1.73
428,1,5,0.2853,0.7015,0.511,1,65.18
429,1,2,0.3463,0.6693,0.4312,1,66.3
430,2,4,0.5395,0.3245,0.563,1,81.9
431,1,3,0.1051,0.3158,0.3005,0,3.06
432,1,2,0.1166,0.4877,0.3169,0,1.03
433,1,3,0.4038,0.4131,0.4144,1,23.66
434,0,4,0.163,0.6286,0.326,1,15.0
435,1,4,0.1502,0.7509,0.4528,1,15.98
436,2,4,0.1904,0.54,0.5121,1,26.36
437,1,1,0.1382,0.7863,0.368,0,1.03
438,2,4,0.3485,0.5474,0.5614,1,61.81
439,1,3,0.3266,0.2485,0.3501,1,36.34
440,2,5,0.223,0.609,0.5691,1,79.93
441,1,2,0.1166,0.4669,0.3117,0,1.13
442,2,2,0.2281,0.3704,0.421,0,2.72
443,0,4,0.183,0.3053,0.2512,1,54.28
444,2,1,0.4038,0.6131,0.5044,1,50.03
445,2,4,0.5395,0.2891,0.5541,1,32.45
446,1,3,0.2492,0.7212,0.4451,0,0.83
447,0,5,0.1179,0.2496,0.2478,1,65.22
448,1,1,0.163,0.4037,0.2798,0,2.3
449,0,2,0.3266,0.2584,0.2226,0,4.16
450,0,2,0.2906,0.4526,0.2603,0,3.52
451,1,2,0.0465,0.6309,0.3317,0,1.51
452,0,5,0.2853,0.6742,0.4041,1,65.41
453,1,5,0.2906,0.57,0.4797,0,1.53
454,0,3,0.1179,0.2117,0.1783,0,2.2
455,1,4,0.3611,0.2731,0.3966,1,65.73
456,0,3,0.1211,0.5469,0.2631,1,24.29
457,0,2,0.3485,0.2579,0.229,1,34.29
458,0,4,0.2878,0.5894,0.3537,0,2.27
459,0,3,0.1135,0.6814,0.2944,1,45.28
460,1,4,0.2878,0.4435,0.4172,0,3.06
461,1,3,0.2082,0.4287,0.3596,1,153.23
462,0,3,0.0836,0.3382,0.1996,1,31.94
463,1,4,0.1166,0.4979,0.3795,1,230.48
464,0,3,0.2301,0.1389,0.1938,1,39.98
465,0,3,0.1768,0.3455,0.2294,0,4.83
466,1,4,0.1178,0.3714,0.3482,0,3.37
467,0,2,0.223,0.498,0.2514,0,1.4
468,1,1,0.1094,0.535,0.2966,1,14.6
469,0,5,0.3611,0.5019,0.3838,1,9.08
470,0,2,0.1757,0.2563,0.1768,1,9.51
471,1,2,0.1577,0.5202,0.3374,0,3.47
472,0,1,0.2082,0.6508,0.2552,0,2.09
473,1,1,0.1502,0.6503,0.3376,0,1.02
474,1,1,0.1577,0.4439,0.2883,0,3.23
475,1,1,0.1674,0.5234,0.3111,0,1.48
476,0,3,0.5395,0.4134,0.3552,0,1.97
477,1,4,0.1166,0.5263,0.3866,1,46.43
478,1,2,0.299,0.4898,0.3722,0,5.0
479,0,5,0.335,0.2604,0.3156,1,34.82
480,1,2,0.1211,0.2589,0.2611,0,1.97
481,1,1,0.2082,0.4903,0.315,0,1.74
482,1,5,0.1757,0.3058,0.3792,1,286.53
483,1,1,0.2906,0.6193,0.372,1,93.77
484,2,4,0.1904,0.3648,0.4683,1,100.58
485,0,4,0.1768,0.5255,0.3044,0,2.19
486,0,4,0.1476,0.559,0.304,0,3.13
487,1,5,0.2281,0.6304,0.476,0,4.02
488,0,2,0.1012,0.3702,0.1829,0,2.79
489,0,3,0.2727,0.5859,0.3183,1,19.47
490,1,2,0.1094,0.6624,0.3584,1,124.77
491,0,3,0.223,0.2355,0.2158,1,78.13
492,1,3,0.223,0.5171,0.3862,0,1.66
493,1,2,0.2727,0.1619,0.2823,0,1.77
494,2,5,0.3463,0.7062,0.6304,1,41.09
495,1,5,0.2606,0.7567,0.5174,1,143.59
496,0,2,0.2281,0.4767,0.2476,1,30.42
497,1,1,0.2757,0.2992,0.2875,0,1.98
498,2,4,0.2492,0.31,0.4723,0,2.32
499,1,5,0.3463,0.4536,0.4673,1,37.68
500,1,5,0.3485,0.2723,0.4226,1,42.1
501,1,1,0.2082,0.3458,0.2789,0,3.4
502,1,5,0.2492,0.7091,0.502,1,27.66
503,0,4,0.2771,0.4274,0.31,0,2.03
504,1,2,0.163,0.4651,0.3252,1,31.71
505,0,2,0.0836,0.4315,0.193,0,3.72
506,0,1,0.1179,0.3569,0.1546,0,2.66
507,0,3,0.2771,0.4779,0.2926,0,2.45
508,0,3,0.3463,0.2431,0.2547,0,4.92
509,0,1,0.4038,0.4011,0.2514,0,1.13
510,1,5,0.1166,0.297,0.3592,1,25.69
511,2,4,0.183,0.5714,0.5177,1,49.97
512,1,1,0.1179,0.3834,0.2612,0,1.68
513,0,2,0.335,0.8545,0.3741,1,94.46
514,1,4,0.1012,0.6011,0.4006,1,31.64
515,1,5,0.1904,0.2256,0.3635,0,1.65
516,0,3,0.2878,0.3976,0.2757,1,79.4
517,0,2,0.2606,0.6591,0.303,0,1.82
518,0,1,0.0437,0.4188,0.1478,0,2.52
519,1,2,0.1094,0.4268,0.2995,1,58.01
520,0,1,0.2492,0.6764,0.2739,0,4.04
521,0,5,0.1502,0.238,0.2546,0,0.97
522,1,4,0.1674,0.327,0.352,0,1.62
523,0,3,0.3294,0.5412,0.3241,1,46.96
524,1,3,0.1166,0.4593,0.3398,1,88.1
525,0,3,0.1206,0.3515,0.2141,1,116.74
526,1,2,0.3463,0.4281,0.3709,0,2.39
527,0,1,0.3611,0.1389,0.1731,0,2.6
528,0,2,0.2727,0.4872,0.2636,0,1.93
529,0,3,0.0836,0.5799,0.2601,0,5.57
530,0,5,0.3611,0.5165,0.3875,1,45.06
531,1,1,0.1768,0.3947,0.2817,0,3.09
532,2,3,0.3294,0.3896,0.4862,0,1.05
533,1,4,0.1179,0.5892,0.4027,0,2.76
534,1,3,0.0465,0.5645,0.3451,1,69.59
535,0,3,0.223,0.6063,0.3085,1,28.92
536,1,3,0.2606,0.5506,0.4058,1,34.78
537,0,5,0.335,0.7605,0.4406,0,1.82
538,2,1,0.2757,0.3363,0.3968,0,3.05
539,1,1,0.1382,0.2971,0.2457,0,1.8
540,0,5,0.1094,0.4959,0.3068,1,22.24
541,0,3,0.1674,0.6173,0.2945,0,1.35
542,2,3,0.3294,0.4021,0.4893,0,1.63
543,0,1,0.2301,0.5889,0.2463,0,1.82
544,1,4,0.223,0.6133,0.4402,1,95.92
545,1,3,0.3294,0.7423,0.4744,1,47.21
546,2,2,0.2372,0.3351,0.4149,0,3.63
547,1,5,0.1757,0.6424,0.4633,0,2.16
548,0,3,0.1051,0.2497,0.184,0,2.21
549,1,5,0.2562,0.349,0.4141,0,2.55
550,1,2,0.0168,0.4882,0.2871,0,1.12
551,0,1,0.1135,0.2161,0.1181,0,3.05
552,1,1,0.1768,0.2782,0.2526,1,54.15
553,0,1,0.2771,0.3237,0.1941,1,104.06
554,1,2,0.1166,0.2363,0.2541,0,7.23
555,0,3,0.2562,0.2651,0.2331,1,46.45
556,0,5,0.1757,0.3603,0.2928,1,58.16
557,0,3,0.3266,0.6054,0.3393,1,8.45
558,0,3,0.0399,0.6023,0.2525,1,36.68
559,1,1,0.3294,0.4215,0.3342,0,3.52
560,2,4,0.1768,0.1468,0.4097,0,3.15
561,1,3,0.3294,0.5585,0.4284,1,62.18
562,0,2,0.0836,0.4967,0.2093,0,3.2
563,0,1,0.2878,0.6508,0.279,0,2.08
564,0,2,0.0465,0.3742,0.1675,0,1.6
565,0,4,0.2727,0.4388,0.3115,0,1.92
566,1,1,0.3463,0.5263,0.3655,1,34.06
567,0,3,0.1674,0.4746,0.2589,0,3.84
568,0,2,0.0437,0.6478,0.2351,0,2.06
569,1,3,0.2727,0.431,0.3796,1,80.98
570,1,3,0.0719,0.8393,0.4214,1,92.1
571,1,4,0.299,0.5931,0.458,1,80.61
572,0,2,0.2757,0.6483,0.3048,1,32.86
573,1,2,0.2301,0.6742,0.3976,1,157.28
574,1,5,0.223,0.1088,0.3441,1,30.76
575,1,4,0.2757,0.849,0.515,1,257.39
576,0,4,0.2878,0.68,0.3763,1,171.57
577,1,3,0.183,0.265,0.3112,0,1.42
578,1,3,0.1577,0.4058,0.3388,0,2.96
579,1,2,0.2492,0.4148,0.3385,0,2.14
580,0,3,0.1674,0.5786,0.2849,0,1.6
581,1,5,0.2562,0.6165,0.481,1,92.69
582,0,5,0.0465,0.5839,0.3099,1,51.75
583,1,2,0.1211,0.4764,0.3154,0,1.5
584,1,2,0.0437,0.8043,0.3742,0,2.15
585,1,1,0.0399,0.5073,0.2688,1,22.57
586,0,2,0.3463,0.5638,0.3048,1,21.28
587,0,3,0.335,0.2969,0.2647,0,2.96
588,0,3,0.0399,0.7531,0.2902,0,2.53
589,0,3,0.1502,0.8038,0.336,1,10.64
590,1,4,0.0911,0.3928,0.3455,0,3.77
591,0,5,0.2281,0.238,0.2779,1,41.93
592,1,5,0.2281,0.4165,0.4226,1,41.61
593,1,4,0.1012,0.5012,0.3757,1,196.57
594,0,3,0.1211,0.857,0.3406,1,12.74
595,1,3,0.163,0.6365,0.398,1,18.71
596,1,1,0.1382,0.2786,0.2411,0,1.39
597,1,5,0.1179,0.4529,0.3986,1,40.68
598,1,4,0.2082,0.0438,0.2934,1,64.68
599,0,5,0.0465,0.4871,0.2857,0,2.96
600,0,4,0.0911,0.5909,0.2951,0,1.9
601,1,5,0.0168,0.2066,0.3067,0,1.53
602,1,1,0.5295,0.464,0.4049,1,17.58
603,1,4,0.2853,0.6107,0.4583,0,4.84
604,2,3,0.1206,0.1799,0.3712,1,142.31
605,2,5,0.163,0.1808,0.4441,1,143.29
606,1,2,0.3266,0.1236,0.2889,1,23.23
607,0,3,0.1211,0.4023,0.2269,0,1.51
608,0,1,0.1135,0.4614,0.1794,0,1.91
609,2,2,0.299,0.6337,0.5081,1,12.36
610,1,5,0.0437,0.4233,0.3689,1,119.3
611,0,4,0.1502,0.3704,0.2577,1,63.07
612,0,4,0.0399,0.4755,0.2508,1,42.16
613,2,2,0.2906,0.355,0.4359,1,17.48
614,1,1,0.299,0.492,0.3427,1,47.08
615,1,1,0.1012,0.4743,0.2789,0,1.7
616,0,1,0.1179,0.6004,0.2155,0,2.81
617,1,2,0.0911,0.6462,0.3489,0,3.17
618,1,4,0.2878,0.5251,0.4376,1,18.21
619,0,3,0.0399,0.5529,0.2402,1,13.81
620,1,3,0.335,0.1362,0.3246,1,83.93
621,1,1,0.2082,0.556,0.3315,0,2.19
622,2,1,0.0836,0.7504,0.4427,0,1.48
623,0,4,0.1211,0.3307,0.239,0,2.0
624,0,4,0.0911,0.2467,0.209,0,2.31
625,0,5,0.3463,0.4878,0.3758,0,3.41
626,2,1,0.1166,0.4604,0.3801,1,37.59
627,1,2,0.1757,0.439,0.3225,1,41.07
628,1,1,0.3266,0.475,0.3467,0,2.28
629,0,2,0.0911,0.2899,0.1598,1,17.98
630,1,2,0.183,0.1827,0.2606,0,1.62
631,1,4,0.183,0.321,0.3551,1,41.66
632,1,3,0.3611,0.6303,0.4559,0,3.58
633,1,5,0.2906,0.7166,0.5163,0,2.48
634,1,3,0.1179,0.1865,0.272,0,1.62
635,1,1,0.1094,0.5364,0.2969,0,2.29
636,0,4,0.2606,0.2525,0.2613,0,2.09
637,1,2,0.0437,0.3262,0.2547,0,1.67
638,0,5,0.2906,0.3136,0.3156,1,66.19
639,0,1,0.0465,0.14,0.0789,1,13.62
640,1,5,0.1674,0.6168,0.4544,1,25.33
641,0,5,0.2606,0.259,0.2929,0,3.13
642,2,5,0.5395,0.5623,0.6524,1,252.45
643,0,2,0.2853,0.607,0.2973,0,3.02
644,0,2,0.335,0.6406,0.3206,1,33.57
645,0,3,0.2372,0.3239,0.2421,0,1.59
646,0,2,0.0465,0.1646,0.1151,0,2.02
647,1,2,0.1476,0.4093,0.3066,1,33.66
648,1,2,0.5395,0.475,0.4406,1,76.35
649,1,5,0.223,0.6467,0.4786,1,88.31
650,0,4,0.3485,0.2743,0.2931,1,26.57
651,0,1,0.1768,0.336,0.167,0,1.24
652,1,1,0.3266,0.5557,0.3669,1,50.44
653,1,3,0.0168,0.4088,0.2972,1,11.29
654,2,4,0.4038,0.3381,0.5257,1,139.2
655,1,3,0.223,0.5614,0.3972,1,32.86
656,1,1,0.2606,0.4387,0.3179,1,16.27
657,0,3,0.1179,0.4642,0.2414,0,2.41
658,1,4,0.5395,0.6338,0.5403,1,53.96
659,1,1,0.0399,0.8352,0.3508,1,75.3
660,2,4,0.1206,0.6717,0.5241,1,51.34
661,1,4,0.1206,0.2087,0.3084,0,4.02
662,1,1,0.2606,0.2668,0.2749,0,2.12
663,0,3,0.0465,0.5451,0.2402,1,25.66
664,1,1,0.1577,0.6026,0.328,0,2.98
665,1,4,0.1476,0.3927,0.3625,1,79.26
666,1,3,0.2906,0.4628,0.3929,0,1.43
667,0,2,0.223,0.5507,0.2646,0,2.04
668,1,2,0.4038,0.3119,0.3591,1,84.11
669,0,5,0.1382,0.5517,0.3294,0,0.86
670,0,3,0.1674,0.3891,0.2375,0,1.06
671,0,2,0.1577,0.4837,0.2282,1,20.99
672,1,3,0.2878,0.7189,0.4561,0,4.55
673,0,3,0.1206,0.4007,0.2264,0,2.61
674,0,2,0.0911,0.3425,0.173,0,2.86
675,1,3,0.183,0.41,0.3474,1,82.78
676,1,2,0.1577,0.7593,0.3971,0,2.2
677,0,3,0.3485,0.3407,0.2797,1,20.52
678,0,5,0.1178,0.5831,0.3311,1,42.8
679,1,4,0.2853,0.8705,0.5232,0,0.97
680,0,2,0.0399,0.3183,0.1515,0,2.91
681,1,3,0.4038,0.531,0.4439,1,34.06
682,2,5,0.2606,0.4387,0.5379,1,23.94
683,0,1,0.2372,0.3288,0.1834,0,1.2
684,1,4,0.1051,0.3693,0.3439,0,2.49
685,0,3,0.1757,0.5931,0.291,1,25.12
686,0,3,0.1476,0.2823,0.2049,0,1.7
687,1,5,0.1094,0.5128,0.411,0,1.41
688,2,3,0.2606,0.8373,0.5775,1,58.27
689,0,2,0.2606,0.6644,0.3043,1,26.23
690,1,1,0.335,0.4317,0.3384,1,16.35
691,0,3,0.1206,0.3352,0.21,1,50.28
692,0,3,0.2562,0.5485,0.304,1,49.2
693,1,5,0.3611,0.7151,0.5371,1,79.59
694,0,5,0.1577,0.3294,0.2797,0,3.0
695,1,5,0.2301,0.1198,0.349,0,2.2
696,2,4,0.2757,0.3014,0.4781,0,3.18
697,1,5,0.0836,0.8965,0.4992,1,264.8
698,2,4,0.0399,0.5762,0.476,1,35.21
699,2,4,0.1179,0.2729,0.4236,1,88.79
700,1,1,0.223,0.3094,0.2742,1,89.68
701,1,2,0.0836,0.1329,0.2183,1,11.96
702,0,4,0.3463,0.4155,0.3278,0,1.2
703,1,4,0.3266,0.3376,0.4024,1,64.27
704,1,1,0.3611,0.3035,0.3142,1,22.39
705,0,5,0.3611,0.3718,0.3513,0,1.7
706,1,4,0.2853,0.6691,0.4729,1,13.22
707,1,1,0.1206,0.4716,0.2841,0,1.27
708,1,1,0.2878,0.6774,0.3857,0,1.28
709,1,1,0.1577,0.5236,0.3082,1,47.1
710,0,4,0.335,0.4219,0.326,1,38.97
711,1,4,0.183,0.6961,0.4489,1,120.29
712,0,2,0.2853,0.5307,0.2783,1,39.89
713,1,5,0.1502,0.5539,0.4335,0,3.27
714,0,5,0.1757,0.6488,0.3649,1,53.57
715,1,2,0.223,0.4746,0.3456,0,2.91
716,1,2,0.1206,0.4408,0.3064,0,1.99
717,1,5,0.0465,0.2844,0.335,0,1.59
718,1,5,0.1577,0.5389,0.432,1,69.37
719,2,1,0.1674,0.5198,0.4102,1,55.19
720,0,1,0.1757,0.2844,0.1538,0,1.58
721,0,5,0.1094,0.1112,0.2106,0,1.78
722,2,2,0.1012,0.6053,0.4417,1,59.59
723,0,2,0.3611,0.4572,0.2826,1,15.77
724,1,1,0.1179,0.6076,0.3173,0,1.89
725,0,4,0.1211,0.1957,0.2053,1,37.69
726,0,5,0.2562,0.3857,0.3233,1,94.04
727,0,1,0.1179,0.8516,0.2783,1,24.65
728,2,1,0.1674,0.1074,0.3071,0,2.65
729,0,5,0.2372,0.1127,0.2493,0,2.91
730,1,1,0.0168,0.864,0.351,1,133.57
731,0,5,0.1166,0.4203,0.2901,1,35.4
732,0,2,0.1135,0.1543,0.1326,0,2.07
733,1,2,0.1757,0.3496,0.3001,1,46.5
734,0,2,0.299,0.5366,0.2838,1,49.06
735,0,1,0.2492,0.3277,0.1867,1,16.97
736,1,4,0.2906,0.4066,0.4088,1,114.54
737,2,2,0.3294,0.6499,0.5213,1,101.02
738,1,1,0.2606,0.5433,0.344,1,116.76
739,0,1,0.1178,0.1991,0.1151,0,1.99
740,1,5,0.223,0.233,0.3752,1,71.31
741,0,5,0.2082,0.3206,0.2926,1,56.17
742,1,1,0.1206,0.6176,0.3206,1,27.89
743,1,4,0.2727,0.6542,0.4654,1,105.99
744,2,2,0.1502,0.2478,0.367,1,27.15
745,0,2,0.0911,0.3559,0.1763,1,30.69
746,0,4,0.5295,0.4127,0.382,1,169.07
747,1,2,0.0719,0.8084,0.3837,1,38.21
748,1,4,0.163,0.398,0.3684,1,38.41
749,1,4,0.1502,0.521,0.3953,1,90.87
750,1,5,0.2281,0.6832,0.4892,1,132.54
751,0,5,0.1166,0.4097,0.2874,1,44.63
752,0,2,0.1179,0.5728,0.2386,0,1.03
753,0,1,0.1135,0.3322,0.1471,0,1.68
754,1,5,0.1094,0.3431,0.3686,1,111.48
755,0,2,0.3266,0.3114,0.2358,1,14.88
756,1,3,0.163,0.6401,0.3989,0,2.34
757,1,5,0.1768,0.5047,0.4292,0,3.65
758,1,1,0.0168,0.4004,0.2351,0,2.81
759,1,3,0.0836,0.4427,0.3258,0,1.5
760,1,1,0.2372,0.4337,0.3096,0,3.94
761,0,3,0.1577,0.6526,0.3005,0,1.72
762,1,1,0.3463,0.6052,0.3852,1,54.64
763,0,2,0.2727,0.4586,0.2565,0,2.1
764,0,3,0.2771,0.6317,0.3311,0,3.48
765,1,5,0.1502,0.3928,0.3933,0,2.43
766,1,3,0.0168,0.6303,0.3526,0,2.71
767,0,3,0.1206,0.5586,0.2658,1,91.4
768,1,3,0.3485,0.41,0.397,1,25.21
769,0,5,0.1206,0.5452,0.3225,1,27.0
770,0,2,0.1135,0.706,0.2705,1,106.22
771,0,2,0.3294,0.3563,0.2479,0,1.16
772,0,2,0.2372,0.2838,0.2021,0,3.57
773,0,1,0.1135,0.3861,0.1606,0,2.87
774,1,2,0.2906,0.3648,0.3384,1,75.18
775,1,1,0.1012,0.3558,0.2493,0,3.66
776,0,3,0.2853,0.4192,0.2804,0,1.15
777,0,2,0.2853,0.386,0.2421,0,2.87
778,1,4,0.335,0.2975,0.3949,1,35.94
779,0,1,0.5395,0.621,0.3471,0,1.97
780,0,1,0.223,0.6691,0.2642,0,1.66
781,0,4,0.2562,0.4647,0.313,0,3.27
782,0,4,0.3266,0.4682,0.335,1,26.01
783,0,2,0.0836,0.6039,0.2361,0,2.32
784,1,2,0.183,0.6864,0.3865,1,22.63
785,2,3,0.1179,0.1185,0.355,1,47.23
786,2,2,0.1094,0.5512,0.4306,1,138.87
787,1,5,0.2853,0.3808,0.4308,1,34.82
788,1,3,0.335,0.1792,0.3353,1,64.08
789,0,4,0.2878,0.6885,0.3785,0,2.08
790,0,1,0.0399,0.448,0.154,1,13.99
791,0,1,0.2853,0.3524,0.2037,0,4.64
792,0,1,0.3611,0.5395,0.2732,0,2.25
793,1,4,0.2606,0.4738,0.4166,1,86.21
794,1,4,0.1211,0.3089,0.3336,1,36.9
795,0,3,0.5395,0.3229,0.3326,0,2.19
796,0,5,0.0911,0.5135,0.3057,0,1.46
797,0,1,0.1674,0.546,0.2167,1,34.47
798,1,2,0.2281,0.6088,0.3806,1,26.66
799,1,3,0.5295,0.7119,0.5268,1,10.02
800,0,2,0.335,0.6516,0.3234,0,1.2
801,0,4,0.3294,0.594,0.3673,1,35.79
802,1,5,0.2372,0.5686,0.4633,1,54.46
803,2,5,0.1502,0.4869,0.5168,1,26.07
804,0,2,0.5295,0.3677,0.3108,0,2.28
805,0,2,0.183,0.4667,0.2316,0,1.83
806,0,1,0.1166,0.3305,0.1476,0,1.58
807,1,4,0.3266,0.1972,0.3673,1,61.36
808,1,4,0.2906,0.4955,0.4311,1,55.84
809,1,4,0.1211,0.2978,0.3308,0,1.54
810,0,1,0.1768,0.5642,0.2241,1,8.94
811,2,4,0.335,0.1667,0.4622,1,75.64
812,1,3,0.2082,0.5141,0.381,0,1.03
813,1,3,0.1166,0.3909,0.3227,0,1.31
814,0,1,0.1094,0.7118,0.2408,0,3.37
815,1,2,0.1674,0.6486,0.3724,0,1.23
816,1,1,0.1178,0.6078,0.3173,0,1.88
817,0,4,0.1476,0.4336,0.2727,0,1.77
818,1,4,0.1166,0.7089,0.4322,1,127.31
819,1,2,0.5295,0.5844,0.465,1,47.42
820,0,1,0.1476,0.4981,0.1988,0,2.83
821,0,1,0.0911,0.7871,0.2541,0,1.15
822,0,1,0.1904,0.4106,0.1898,0,1.59
823,0,3,0.183,0.5138,0.2734,0,5.42
824,1,2,0.0465,0.1673,0.2158,0,1.69
825,2,2,0.1135,0.4366,0.4032,0,3.95
826,1,5,0.0399,0.7283,0.444,1,100.75
827,0,4,0.335,0.7246,0.4016,0,1.45
828,1,4,0.1382,0.2176,0.3159,1,20.38
829,0,3,0.1502,0.6731,0.3033,0,1.59
830,2,1,0.2492,0.5441,0.4408,0,2.96
831,0,3,0.2301,0.4612,0.2743,0,1.98
832,0,4,0.1179,0.6302,0.3129,0,6.97
833,1,3,0.0168,0.6182,0.3496,1,80.86
834,0,4,0.299,0.334,0.2932,1,97.11
835,1,4,0.1904,0.3781,0.3716,1,26.46
836,0,4,0.1577,0.329,0.2496,0,2.24
837,0,2,0.0836,0.4651,0.2014,0,2.16
838,1,3,0.335,0.6206,0.4456,1,40.95
839,0,3,0.3266,0.6615,0.3534,1,17.79
840,1,4,0.299,0.4095,0.4121,0,2.42
841,2,1,0.1135,0.1562,0.3031,1,63.04
842,1,3,0.1757,0.449,0.355,1,232.77
843,0,4,0.1904,0.2687,0.2443,0,2.52
844,2,2,0.1211,0.371,0.3891,0,1.57
845,1,5,0.1674,0.3663,0.3918,0,2.49
846,2,5,0.3266,0.3061,0.5245,1,93.09
847,0,5,0.1577,0.5189,0.327,0,2.52
848,0,4,0.2727,0.9196,0.4317,0,4.56
849,1,1,0.1206,0.1842,0.2122,0,2.35
850,0,1,0.1166,0.3535,0.1534,0,2.5
851,2,4,0.1211,0.4809,0.4766,0,2.49
852,1,4,0.2757,0.5262,0.4343,1,52.95
853,2,3,0.1502,0.5736,0.4785,1,115.37
854,0,1,0.1674,0.4102,0.1828,0,0.87
855,0,2,0.1768,0.2014,0.1634,0,1.63
856,2,4,0.0836,0.2443,0.4062,1,49.5
857,2,1,0.183,0.6309,0.4426,1,82.71
858,1,4,0.2878,0.1329,0.3396,1,43.59
859,1,5,0.163,0.1984,0.3485,1,26.22
860,1,4,0.2771,0.3812,0.3984,0,2.6
861,0,2,0.0399,0.0274,0.0788,0,2.49
862,1,1,0.163,0.4213,0.2842,0,1.56
863,1,3,0.1179,0.5953,0.3742,1,64.65
864,1,5,0.1166,0.4874,0.4068,0,1.91
865,1,2,0.0719,0.332,0.2646,0,2.72
866,0,2,0.299,0.4595,0.2646,1,31.48
867,1,4,0.0437,0.4247,0.3393,0,1.91
868,1,1,0.2853,0.4727,0.3338,0,0.99
869,1,1,0.1094,0.3493,0.2501,0,1.19
870,2,5,0.335,0.6671,0.6173,1,196.51
871,0,2,0.1178,0.5831,0.2411,1,51.8
872,0,3,0.1166,0.4892,0.2473,1,32.19
873,0,4,0.2281,0.2078,0.2404,1,53.84
874,1,4,0.1166,0.431,0.3627,1,119.32
875,2,3,0.0437,0.3038,0.3791,0,2.46
876,1,4,0.3294,0.5259,0.4503,1,25.87
877,1,2,0.1051,0.3549,0.2803,0,2.06
878,0,5,0.0911,0.5439,0.3133,0,2.04
879,0,2,0.1674,0.6795,0.2801,0,5.19
880,2,2,0.223,0.2425,0.3875,0,2.61
881,1,5,0.1166,0.6742,0.4535,0,4.04
882,2,5,0.1179,0.5302,0.5179,0,2.54
883,1,1,0.2281,0.4597,0.3134,0,1.85
884,0,5,0.2771,0.5246,0.3643,1,28.69
885,1,1,0.5295,0.2618,0.3543,0,3.13
886,0,1,0.2301,0.4459,0.2105,0,1.75
887,1,4,0.2492,0.5064,0.4214,1,75.1
888,0,5,0.0437,0.5224,0.2937,1,110.85
889,0,2,0.2301,0.4783,0.2486,1,47.38
890,0,1,0.183,0.2645,0.151,0,1.56
891,0,4,0.2757,0.6948,0.3764,0,2.79
892,0,3,0.183,0.4975,0.2693,0,2.48
893,1,4,0.1768,0.5682,0.4151,0,1.62
894,0,5,0.2906,0.3601,0.3272,0,2.65
895,0,4,0.1179,0.6338,0.3138,0,1.9
896,0,4,0.1179,0.5546,0.294,0,4.02
897,1,1,0.3611,0.4146,0.342,1,27.49
898,0,4,0.0719,0.4298,0.249,0,2.6
899,0,2,0.0437,0.5484,0.2102,0,4.18
900,1,2,0.1382,0.4974,0.3258,0,4.31
901,0,1,0.3485,0.5497,0.272,0,4.44
902,0,3,0.0168,0.4105,0.1977,0,6.38
903,0,5,0.1135,0.1569,0.2233,0,3.38
904,0,1,0.3294,0.1887,0.176,0,3.23
905,1,1,0.0719,0.5997,0.3015,0,2.93
906,0,5,0.1051,0.7357,0.3655,1,64.55
907,1,4,0.3611,0.8972,0.5526,1,49.3
908,1,1,0.2281,0.6024,0.349,0,2.12
909,1,4,0.3266,0.7054,0.4943,1,18.59
910,0,4,0.1178,0.4004,0.2554,0,5.11
911,1,3,0.1674,0.3682,0.3323,0,2.48
912,0,2,0.1904,0.4449,0.2283,0,3.42
913,1,4,0.223,0.4442,0.3979,0,2.56
914,1,3,0.2372,0.0922,0.2842,0,3.23
915,0,1,0.3266,0.8857,0.3494,0,3.68
916,1,4,0.1502,0.3197,0.345,0,1.19
917,1,4,0.3294,0.3365,0.4029,0,5.19
918,1,1,0.0168,0.4079,0.237,1,25.26
919,0,2,0.2757,0.2497,0.2051,0,3.58
920,1,3,0.1211,0.6625,0.392,0,1.54
921,1,3,0.2492,0.4318,0.3727,1,51.88
922,0,5,0.2492,0.4392,0.3346,0,5.39
923,1,4,0.2301,0.5261,0.4206,1,36.1
924,1,2,0.2372,0.6619,0.3966,0,3.54
925,1,5,0.0437,0.5476,0.4,0,1.5
926,1,2,0.2757,0.4315,0.3506,1,29.28
927,1,4,0.1135,0.7998,0.454,1,56.39
928,0,3,0.2757,0.5649,0.3139,1,45.6
929,1,2,0.3485,0.6102,0.4171,0,1.94
930,0,5,0.2771,0.1864,0.2797,1,29.78
931,0,5,0.0836,0.8146,0.3787,1,26.65
932,1,1,0.3266,0.4071,0.3298,0,2.13
933,0,1,0.0168,0.5362,0.1691,0,2.71
934,2,3,0.1166,0.4669,0.4417,1,15.74
935,0,1,0.3294,0.6834,0.2997,0,3.35
936,1,1,0.0836,0.0265,0.1617,0,1.28
937,0,2,0.223,0.6965,0.301,1,8.19
938,1,1,0.3266,0.3966,0.3271,1,83.01
939,0,5,0.2757,0.5972,0.382,1,119.79
940,1,5,0.0836,0.7885,0.4722,1,185.18
941,2,3,0.183,0.4004,0.445,0,3.89
942,0,2,0.2281,0.324,0.2094,0,3.65
943,1,3,0.3294,0.9221,0.5193,1,106.22
944,1,5,0.2301,0.1485,0.3562,1,16.2
945,1,1,0.2281,0.2636,0.2643,1,9.37
946,0,1,0.0399,0.6292,0.1993,1,36.03
947,1,1,0.5295,0.2194,0.3437,1,25.06
948,1,2,0.0465,0.4862,0.2955,0,1.68
949,0,5,0.0719,0.4545,0.2852,0,1.87
950,0,2,0.3485,0.2269,0.2213,0,2.59
951,1,3,0.1382,0.864,0.4475,1,58.07
952,2,5,0.1012,0.5407,0.5155,1,153.53
953,1,2,0.2906,0.4776,0.3666,1,29.01
954,0,4,0.1382,0.2272,0.2183,0,1.3
955,0,2,0.1179,0.4412,0.2057,0,2.6
956,2,4,0.0168,0.4617,0.4405,0,3.0
957,0,2,0.4038,0.5338,0.3146,1,32.71
958,0,2,0.1166,0.7723,0.2881,0,2.12
959,1,3,0.1577,0.4681,0.3543,0,2.23
960,0,2,0.1768,0.7116,0.2909,0,5.62
961,0,3,0.0437,0.3601,0.1931,0,1.12
962,0,2,0.223,0.3244,0.208,0,3.87
963,0,4,0.1904,0.4994,0.302,1,27.62
964,1,1,0.0465,0.661,0.3092,1,20.89
965,1,5,0.4038,0.9324,0.6042,1,163.75
966,0,2,0.1179,0.3428,0.1811,0,1.12
967,0,4,0.4038,0.7573,0.4305,1,23.29
968,0,3,0.3266,0.4486,0.3001,0,2.3
969,0,3,0.4038,0.5196,0.341,1,23.99
970,0,5,0.1904,0.6159,0.3611,0,0.98
971,0,2,0.1382,0.435,0.2102,0,1.74
972,1,1,0.1476,0.3908,0.272,0,2.86
973,0,5,0.2301,0.2808,0.2892,1,34.74
974,2,3,0.1051,0.8604,0.5366,1,102.91
975,0,4,0.5395,0.7144,0.4604,1,86.46
976,1,4,0.1135,0.4001,0.3541,1,216.14
977,0,3,0.1577,0.3041,0.2133,0,2.73
978,1,3,0.3485,0.7329,0.4778,0,3.69
979,0,5,0.4038,0.4039,0.3721,1,42.21
980,0,2,0.163,0.5806,0.254,1,20.37
981,0,3,0.2372,0.4485,0.2733,1,19.75
982,2,5,0.1502,0.0993,0.4199,1,37.46
983,0,3,0.0168,0.3562,0.1841,0,1.72
984,1,1,0.2878,0.2775,0.2857,0,4.14
985,1,2,0.2853,0.2232,0.3014,1,48.65
986,0,1,0.1211,0.6179,0.2208,0,1.84
987,0,3,0.1051,0.2298,0.179,1,57.72
988,0,3,0.1211,0.357,0.2156,0,3.71
989,2,2,0.3266,0.4603,0.4731,0,1.83
990,0,2,0.3611,0.5454,0.3047,0,1.26
991,0,2,0.1476,0.3946,0.2029,1,44.2
992,1,4,0.0437,0.5084,0.3602,0,2.67
993,0,3,0.0399,0.6807,0.2721,0,2.01
994,1,1,0.2727,0.7123,0.3899,1,48.77
995,0,2,0.1904,0.6691,0.2844,0,1.72
996,1,3,0.2878,0.5112,0.4041,1,59.73
997,1,3,0.1012,0.7485,0.4075,0,0.8
998,0,3,0.1135,0.4286,0.2312,1,97.67
999,0,4,0.2906,0.2568,0.2714,1,34.07
1000,0,5,0.3611,0.6603,0.4234,1,110.87
1001,0,5,0.1904,0.41,0.3096,1,17.5
1002,0,5,0.0911,0.6904,0.3499,1,35.25
1003,1,2,0.2771,0.5401,0.3782,0,1.46
1004,0,5,0.0399,0.5995,0.3118,0,1.3
1005,1,1,0.1094,0.4638,0.2788,1,39.02
1006,0,5,0.0719,0.4232,0.2774,1,37.48
1007,1,3,0.0465,0.3049,0.2802,0,1.63
1008,0,4,0.2771,0.4385,0.3128,1,39.79
1009,1,1,0.0437,0.3164,0.2222,0,1.36
1010,0,3,0.163,0.6836,0.3098,1,40.26
1011,1,5,0.2906,0.6309,0.4949,1,46.99
1012,1,3,0.299,0.5076,0.4066,1,22.74
1013,0,5,0.2906,0.3584,0.3268,0,3.09
1014,0,3,0.2878,0.3579,0.2658,1,23.22
1015,0,4,0.3266,0.313,0.2962,0,1.54
1016,1,1,0.5295,0.287,0.3606,1,25.59
1017,0,3,0.1674,0.3833,0.236,0,2.28
1018,0,5,0.2372,0.194,0.2697,1,73.08
1019,1,3,0.2771,0.4368,0.3823,0,2.91
1020,1,2,0.3611,0.2572,0.3326,0,2.41
1021,0,4,0.335,0.8047,0.4217,1,78.02
1022,0,3,0.1179,0.6094,0.2777,1,55.0
1023,0,2,0.1382,0.576,0.2455,0,2.32
1024,1,1,0.2562,0.1364,0.241,0,1.91
1025,1,1,0.4038,0.2493,0.3135,0,1.43
1026,0,1,0.1012,0.8259,0.2668,1,49.98
1027,0,3,0.223,0.4212,0.2622,1,103.29
1028,2,3,0.1012,0.2218,0.3758,0,1.92
1029,1,5,0.3485,0.5198,0.4845,1,53.31
1030,1,1,0.2281,0.3226,0.2791,0,1.83
1031,2,1,0.1178,0.3264,0.3469,1,27.21
1032,2,5,0.2562,0.5667,0.5685,1,43.48
1033,1,4,0.0465,0.705,0.4102,1,14.31
1034,1,3,0.1577,0.5636,0.3782,1,131.35
1035,0,2,0.0437,0.2626,0.1388,0,1.77
1036,1,4,0.1135,0.6998,0.429,0,1.54
1037,1,2,0.5395,0.5723,0.4649,0,2.83
1038,0,4,0.5295,0.2608,0.344,1,118.38
1039,1,2,0.223,0.7929,0.4251,0,3.4
1040,1,3,0.3266,0.369,0.3802,0,1.36
1041,0,2,0.2281,0.3303,0.211,0,3.0
1042,2,1,0.2082,0.3016,0.3679,0,3.18
1043,0,5,0.223,0.3609,0.3071,1,68.47
1044,0,5,0.0168,0.5165,0.2842,1,33.18
1045,0,1,0.2492,0.4798,0.2247,0,2.04
1046,1,5,0.2606,0.9166,0.5573,1,19.96
1047,1,3,0.0168,0.5539,0.3335,1,16.93
1048,0,2,0.2906,0.5297,0.2796,0,2.45
1049,0,2,0.0719,0.5362,0.2156,1,31.68
1050,0,2,0.0836,0.552,0.2231,0,2.36
1051,1,1,0.1502,0.639,0.3348,0,3.76
1052,1,2,0.1211,0.5672,0.3381,1,48.9
1053,0,5,0.1211,0.5856,0.3327,0,3.49
1054,2,1,0.1135,0.429,0.3713,0,3.66
1055,1,5,0.0437,0.5232,0.3939,1,32.79
1056,0,1,0.1502,0.5258,0.2065,1,45.91
1057,0,1,0.3463,0.6116,0.2868,0,1.64
1058,1,1,0.2771,0.2377,0.2726,0,4.41
1059,0,4,0.1051,0.5042,0.2776,0,3.56
1060,1,2,0.2082,0.1971,0.2717,0,1.05
1061,1,5,0.5295,0.8959,0.6328,1,193.83
1062,1,1,0.0836,0.2973,0.2294,0,3.05
1063,1,2,0.5395,0.1901,0.3694,0,3.43
1064,0,3,0.3294,0.3222,0.2694,0,2.63
1065,0,1,0.0836,0.5011,0.1804,0,1.67
1066,1,4,0.2082,0.3748,0.3762,0,2.83
1067,0,4,0.0168,0.6113,0.2779,0,2.65
1068,0,4,0.2771,0.6903,0.3757,0,1.08
1069,0,2,0.223,0.5141,0.2554,0,2.87
1070,0,5,0.1502,0.2944,0.2687,0,2.28
1071,0,2,0.2757,0.7274,0.3246,0,2.39
1072,0,4,0.1502,0.7103,0.3426,1,46.45
1073,0,3,0.1502,0.3974,0.2344,0,2.22
1074,0,2,0.1094,0.4475,0.2047,0,3.75
1075,1,5,0.3463,0.3825,0.4495,1,41.09
1076,1,2,0.1577,0.8352,0.4161,1,31.64
1077,2,5,0.163,0.2566,0.463,1,51.44
1078,0,1,0.0836,0.6813,0.2254,0,3.36
1079,1,1,0.2606,0.3014,0.2835,0,2.24
1080,2,2,0.4038,0.3507,0.4688,1,149.52
1081,0,5,0.1904,0.5131,0.3354,1,18.62
1082,1,3,0.5395,0.6046,0.503,1,25.15
1083,1,4,0.0911,0.1314,0.2802,0,1.4
1084,1,2,0.223,0.6888,0.3991,1,55.86
1085,1,5,0.4038,0.6601,0.5362,1,379.65
1086,1,5,0.3463,0.4874,0.4757,0,2.06
1087,0,3,0.1012,0.6898,0.2928,0,3.1
1088,1,3,0.2606,0.5027,0.3939,1,24.07
1089,1,2,0.163,0.5072,0.3357,1,89.37
1090,0,4,0.0399,0.3785,0.2266,0,1.73
1091,0,4,0.2372,0.3829,0.2869,0,2.3
1092,2,4,0.1178,0.3016,0.4307,1,131.65
1093,0,5,0.1502,0.6553,0.3589,1,42.09
1094,0,3,0.1166,0.5258,0.2564,1,17.62
1095,1,2,0.5295,0.8905,0.5415,0,4.05
1096,0,1,0.2906,0.4987,0.2419,1,52.76
1097,1,5,0.0911,0.6011,0.4276,1,54.4
1098,1,1,0.1476,0.4435,0.2852,1,31.39
1099,1,1,0.0911,0.4299,0.2648,0,1.36
1100,1,4,0.3266,0.3819,0.4135,1,204.36
1101,0,1,0.2878,0.6008,0.2665,0,4.53
1102,0,1,0.0168,0.3446,0.1212,0,4.35
1103,1,3,0.1178,0.4106,0.328,0,1.98
1104,2,3,0.3485,0.6088,0.5468,1,79.66
1105,1,4,0.1206,0.4167,0.3604,0,2.02
1106,0,3,0.1382,0.3057,0.2079,0,4.39
1107,0,4,0.1211,0.367,0.2481,0,4.46
1108,1,1,0.3463,0.3088,0.3111,0,3.47
1109,1,4,0.2281,0.4573,0.4028,1,18.57
1110,0,1,0.1012,0.4647,0.1765,0,1.64
1111,0,1,0.183,0.2252,0.1412,0,1.4
1112,0,2,0.2281,0.4308,0.2361,0,1.33
1113,0,2,0.1178,0.2442,0.1564,1,8.93
1114,1,5,0.3266,0.8003,0.5481,0,1.96
1115,0,2,0.3485,0.0698,0.182,0,1.35
1116,1,1,0.0399,0.2468,0.2037,0,5.36
1117,0,1,0.1135,0.6917,0.237,1,56.01
1118,0,1,0.2878,0.3823,0.2119,0,2.37
1119,1,1,0.2492,0.849,0.417,1,105.78
1120,1,4,0.1051,0.5305,0.3842,1,57.71
1121,0,4,0.3266,0.4473,0.3298,1,106.55
1122,1,3,0.0719,0.7251,0.3928,0,1.27
1123,2,3,0.0719,0.2724,0.3797,1,38.81
1124,2,3,0.0836,0.436,0.4241,1,48.4
1125,0,1,0.299,0.4469,0.2314,1,46.67
1126,1,4,0.1768,0.6236,0.4289,1,139.1
1127,1,1,0.1051,0.7665,0.3532,0,2.92
1128,0,2,0.0836,0.1884,0.1322,0,3.8
1129,0,2,0.3266,0.1493,0.1953,1,54.68
1130,2,3,0.0437,0.5302,0.4357,1,22.56
1131,0,3,0.0399,0.4596,0.2169,1,79.18
1132,0,4,0.0911,0.4035,0.2482,0,2.5
1133,1,5,0.1577,0.5202,0.4274,1,120.26
1134,0,3,0.2082,0.4545,0.2661,1,56.98
1135,0,5,0.299,0.5161,0.3687,1,50.02
1136,0,5,0.3294,0.4085,0.3509,0,2.32
1137,2,4,0.183,0.7329,0.5581,1,63.89
1138,0,3,0.1094,0.386,0.2193,1,31.0
1139,2,3,0.1012,0.3438,0.4063,0,1.59
1140,2,3,0.0168,0.3164,0.3741,0,1.03
1141,0,4,0.335,0.6085,0.3726,0,3.79
1142,1,5,0.0911,0.5679,0.4193,1,83.87
1143,1,1,0.2301,0.3645,0.2902,1,56.88
1144,1,2,0.0399,0.6565,0.3361,1,68.85
1145,0,2,0.1757,0.5844,0.2588,0,1.44
1146,1,4,0.0437,0.4408,0.3433,1,69.17
1147,1,1,0.2878,0.3058,0.2928,1,39.69
1148,1,4,0.5295,0.5997,0.5288,1,51.68
1149,0,1,0.0168,0.4571,0.1493,0,2.26
1150,2,1,0.335,0.5253,0.4618,1,84.62
1151,0,4,0.1178,0.6815,0.3257,0,4.04
1152,1,1,0.1476,0.3942,0.2728,0,2.07
1153,0,5,0.2757,0.4917,0.3556,1,15.39
1154,0,5,0.3463,0.4572,0.3682,1,20.84
1155,1,5,0.3463,0.7939,0.5524,0,1.86
1156,1,4,0.0465,0.3935,0.3323,1,31.93
1157,1,4,0.299,0.3318,0.3926,1,23.02
1158,1,4,0.1094,0.5285,0.3849,1,33.43
1159,0,1,0.163,0.2687,0.1461,1,8.96
1160,1,2,0.1179,0.6999,0.3703,1,153.69
1161,1,1,0.2853,0.6879,0.3876,0,1.8
1162,0,3,0.1904,0.4477,0.259,1,154.29
1163,1,5,0.2771,1.0,0.5831,1,59.01
1164,0,3,0.2372,0.3888,0.2584,1,38.26
1165,1,1,0.2606,0.4639,0.3242,0,2.21
1166,0,3,0.299,0.6013,0.33,1,35.39
1167,2,2,0.2906,0.5726,0.4903,1,63.22
1168,0,1,0.5395,0.2985,0.2665,1,21.51
1169,2,2,0.3294,0.4957,0.4827,1,37.87
1170,0,2,0.335,0.5308,0.2932,1,41.77
1171,0,5,0.1206,0.5386,0.3208,0,3.71
1172,1,1,0.1135,0.3444,0.2502,0,2.11
1173,1,3,0.1012,0.6388,0.3801,1,128.08
1174,1,2,0.2727,0.1412,0.2771,0,2.33
1175,0,5,0.1012,0.6182,0.3349,1,175.07
1176,1,3,0.335,0.4382,0.4,1,359.25
1177,0,5,0.2757,0.7039,0.4087,1,138.19
1178,1,1,0.1382,0.2585,0.2361,1,44.14
1179,0,1,0.2281,0.3469,0.1852,0,2.66
1180,1,4,0.3294,0.339,0.4036,0,2.44
1181,1,1,0.1211,0.533,0.2996,1,20.75
1182,0,3,0.1577,0.8432,0.3481,1,52.39
1183,1,4,0.3611,0.6106,0.481,1,60.52
1184,1,4,0.3611,0.5959,0.4773,1,94.81
1185,2,1,0.2301,0.7732,0.4923,1,89.84
1186,1,2,0.2771,0.3972,0.3424,0,3.7
1187,1,5,0.2301,0.3517,0.407,0,1.79
1188,1,5,0.1674,0.4681,0.4172,0,1.73
1189,2,4,0.1674,0.5042,0.4963,1,31.92
1190,0,3,0.1206,0.7153,0.305,1,29.3
1191,0,3,0.2757,0.4181,0.2772,1,82.33
1192,1,1,0.4038,0.3985,0.3508,1,21.95
1193,0,5,0.3463,0.6885,0.426,1,25.85
1194,1,2,0.1757,0.3643,0.3038,0,3.68
1195,2,1,0.2727,0.3838,0.4078,1,52.29
1196,1,3,0.1012,0.5558,0.3593,0,2.75
1197,0,2,0.1502,0.4567,0.2192,0,2.81
1198,1,3,0.3266,0.3691,0.3803,0,2.0
1199,0,3,0.2281,0.4469,0.2702,0,2.63
1200,0,1,0.1094,0.5768,0.207,0,2.13
1201,0,4,0.1211,0.6364,0.3154,1,9.61
1202,0,1,0.2372,0.2934,0.1745,0,1.76
1203,0,3,0.1904,0.664,0.3131,1,70.95
1204,0,3,0.5295,0.7782,0.4434,1,22.74
1205,0,4,0.1768,0.6952,0.3468,1,54.58
1206,1,1,0.3463,0.3474,0.3207,1,31.14
1207,0,3,0.3485,0.2528,0.2578,1,42.21
1208,1,2,0.2562,0.524,0.3679,1,63.91
1209,1,1,0.3266,0.5225,0.3586,0,1.56
1210,1,5,0.5395,0.1719,0.4548,1,99.09
1211,0,2,0.2853,0.3636,0.2365,1,74.07
1212,0,3,0.163,0.3558,0.2278,1,88.71
1213,2,5,0.1211,0.1774,0.4307,1,224.66
1214,0,3,0.1904,0.4605,0.2622,0,1.48
1215,0,4,0.299,0.3239,0.2907,1,38.13
1216,0,3,0.2492,0.5605,0.3049,1,96.15
1217,1,3,0.0719,0.4131,0.3148,1,39.19
1218,2,3,0.1476,0.3898,0.4317,0,1.68
1219,1,1,0.1135,0.1578,0.2035,1,51.17
1220,0,5,0.1135,0.4959,0.308,0,1.86
1221,2,3,0.0719,0.2471,0.3733,1,25.87
1222,1,3,0.183,0.3314,0.3278,1,53.84
1223,1,3,0.3611,0.3566,0.3875,1,14.04
1224,1,2,0.1757,0.1698,0.2552,0,3.88
1225,1,4,0.1179,0.6118,0.4083,1,25.67
1226,1,2,0.163,0.5205,0.339,0,4.12
1227,0,4,0.1476,0.4407,0.2745,1,34.98
1228,0,4,0.3611,0.5144,0.3569,0,1.86
1229,0,4,0.223,0.3855,0.2833,0,2.78
1230,1,2,0.3611,0.5172,0.3976,1,111.16
1231,1,5,0.1135,0.6619,0.4495,0,2.99
1232,1,5,0.5395,0.4382,0.5214,1,71.2
1233,0,3,0.2906,0.5957,0.3261,1,25.39
1234,1,2,0.0437,0.3781,0.2676,0,1.67
1235,1,3,0.183,0.4447,0.3561,0,2.7
1236,0,1,0.3463,0.4968,0.2581,0,4.4
1237,1,4,0.1051,0.2685,0.3187,1,34.62
1238,2,4,0.3611,0.4549,0.5421,1,123.09
1239,1,2,0.1179,0.4173,0.2997,1,17.04
1240,0,1,0.0399,0.2034,0.0928,0,2.02
1241,2,2,0.223,0.3595,0.4168,1,73.43
1242,1,4,0.2492,0.3585,0.3844,1,45.04
1243,0,2,0.223,0.103,0.1526,1,36.88
1244,0,4,0.183,0.166,0.2164,0,2.82
1245,0,3,0.0911,0.8905,0.34,1,32.16
1246,0,4,0.1674,0.6739,0.3387,1,18.51
1247,1,5,0.5295,0.6304,0.5664,1,49.39
1248,1,2,0.1211,0.5175,0.3257,1,15.85
1249,0,4,0.223,0.7971,0.3862,0,1.46
1250,0,3,0.1206,0.4092,0.2285,0,2.78
1251,0,2,0.2906,0.6883,0.3193,1,70.64
1252,0,4,0.2082,0.3631,0.2732,0,1.95
1253,0,2,0.2082,0.5592,0.2623,0,2.85
1254,0,1,0.2727,0.6168,0.266,1,13.66
1255,0,1,0.1577,0.441,0.1876,0,1.88
1256,0,4,0.1051,0.3193,0.2314,1,42.85
1257,1,4,0.1206,0.8822,0.4767,1,33.72
1258,1,3,0.1757,0.3746,0.3364,0,2.04
1259,0,3,0.2906,0.5632,0.318,1,34.65
1260,0,2,0.2281,0.311,0.2062,0,2.58
1261,1,2,0.3485,0.4374,0.3739,1,42.03
1262,1,1,0.1179,0.6031,0.3161,1,103.4
1263,0,3,0.1135,0.4831,0.2448,0,2.12
1264,2,1,0.1211,0.412,0.3693,1,41.65
1265,1,4,0.0836,0.6027,0.3958,1,130.31
1266,0,2,0.2562,0.6712,0.3047,1,49.0
1267,0,4,0.1757,0.7651,0.364,0,2.62
1268,1,5,0.223,0.2483,0.379,1,53.87
1269,0,1,0.183,0.2103,0.1375,0,1.65
1270,1,3,0.2372,0.7341,0.4447,0,2.0
1271,0,2,0.1012,0.4439,0.2013,0,4.35
1272,2,3,0.1135,0.6049,0.4753,1,64.89
1273,1,2,0.2853,0.5069,0.3723,0,1.53
1274,0,4,0.1211,0.4149,0.2601,1,42.3
1275,0,3,0.3611,0.336,0.2823,0,1.98
1276,0,4,0.3611,0.4716,0.3462,1,17.9
1277,0,1,0.0836,0.1729,0.0983,0,2.37
1278,1,3,0.1382,0.5522,0.3695,1,31.48
1279,0,2,0.1382,0.4449,0.2127,1,18.15
1280,1,4,0.0399,0.2659,0.2984,0,1.64
1281,0,2,0.2281,0.5462,0.265,0,2.9
1282,2,4,0.0399,0.6174,0.4863,0,2.35
1283,1,3,0.335,0.3256,0.3719,1,40.19
1284,0,4,0.1135,0.2153,0.2079,0,2.41
1285,0,1,0.2082,0.3558,0.1814,0,1.77
1286,1,1,0.3294,0.7749,0.4225,0,2.29
1287,1,2,0.335,0.4585,0.3751,1,42.42
1288,0,4,0.1577,0.4683,0.2844,0,1.77
1289,1,2,0.1206,0.4812,0.3165,0,1.16
1290,1,4,0.2606,0.2366,0.3573,0,1.78
1291,0,4,0.0399,0.2339,0.1904,0,1.76
1292,0,1,0.2492,0.3606,0.1949,1,9.96
1293,1,1,0.1476,0.302,0.2498,1,4.56
1294,0,4,0.335,0.3679,0.3125,1,35.44
1295,0,3,0.0719,0.2848,0.1828,0,0.97
1296,1,1,0.0836,0.3006,0.2302,0,6.73
1297,1,3,0.1382,0.3894,0.3288,0,2.79
1298,0,3,0.1577,0.2509,0.2,1,19.41
1299,0,5,0.1757,0.3349,0.2864,0,1.86
1300,1,3,0.2757,0.1707,0.3154,0,1.37
1301,0,5,0.1382,0.2284,0.2486,0,2.13
1302,2,3,0.1382,0.1727,0.3746,1,20.95
1303,1,3,0.2757,0.5065,0.3993,1,87.36
1304,0,4,0.2878,0.2724,0.2744,0,2.56
1305,1,5,0.1502,0.3857,0.3915,1,31.8
1306,2,2,0.1577,0.2177,0.3617,1,73.7
1307,0,2,0.3266,0.4867,0.2797,1,58.19
1308,2,3,0.3485,0.4356,0.5034,1,66.06
1309,2,3,0.3611,0.4838,0.5193,1,40.67
1310,1,3,0.5295,0.565,0.4901,1,28.07
1311,1,4,0.1476,0.2338,0.3227,0,1.49
1312,0,3,0.2906,0.3712,0.27,0,3.12
1313,2,3,0.2757,0.3419,0.4582,1,57.54
1314,1,5,0.1178,0.4023,0.3859,1,85.72
1315,1,5,0.1768,0.4857,0.4245,1,98.44
1316,0,5,0.3611,0.539,0.3931,1,38.1
1317,0,2,0.1094,0.517,0.2221,0,2.84
1318,1,5,0.0168,0.1027,0.2807,0,2.63
1319,0,3,0.2906,0.4916,0.3001,0,2.46
1320,0,1,0.1179,0.2019,0.1158,0,2.49
1321,1,4,0.0168,0.6271,0.3818,0,2.12
1322,1,2,0.2606,0.776,0.4322,1,49.34
1323,1,5,0.2082,0.6777,0.4819,1,52.05
1324,2,4,0.2757,0.3381,0.4872,1,192.92
1325,0,4,0.2606,0.5208,0.3284,0,1.56
1326,0,4,0.2372,0.3188,0.2709,1,31.4
1327,0,5,0.2492,0.4176,0.3292,1,67.32
1328,2,4,0.1577,0.5046,0.4935,1,35.2
1329,0,2,0.299,0.5451,0.286,1,17.35
1330,0,3,0.1502,0.4913,0.2579,1,41.97
1331,1,1,0.3611,0.4119,0.3413,1,26.3
1332,0,5,0.335,0.3793,0.3453,0,4.04
1333,0,3,0.1178,0.4077,0.2273,1,90.52
1334,1,5,0.1178,0.5785,0.43,0,3.46
1335,0,5,0.3463,0.3218,0.3343,0,5.22
1336,0,4,0.1904,0.4842,0.2982,0,1.46
1337,2,2,0.1179,0.4387,0.405,1,57.49
1338,1,4,0.223,0.5833,0.4327,1,130.6
1339,0,2,0.163,0.3714,0.2017,0,2.49
1340,1,3,0.163,0.3027,0.3146,1,31.75
1341,1,1,0.2082,0.2511,0.2552,1,4.91
1342,0,1,0.5395,0.7451,0.3781,0,2.36
1343,1,5,0.1382,0.7075,0.4683,0,0.79
1344,1,1,0.0437,0.3471,0.2299,0,2.03
1345,0,2,0.183,0.7102,0.2924,0,4.2
1346,1,1,0.0465,0.2458,0.2054,1,23.71
1347,1,1,0.1211,0.6742,0.3349,0,3.31
1348,2,4,0.3463,0.4724,0.542,1,55.74
1349,2,5,0.0437,0.2848,0.4343,1,29.93
1350,1,1,0.0836,0.8042,0.3561,0,1.71
1351,0,1,0.1674,0.6229,0.2359,0,3.02
1352,0,5,0.2301,0.559,0.3588,1,50.37
1353,1,1,0.2727,0.4449,0.323,0,1.12
1354,1,3,0.0465,0.2688,0.2712,1,116.87
1355,0,1,0.1178,0.3939,0.1638,0,2.89
1356,0,4,0.335,0.3849,0.3167,0,1.75
1357,0,3,0.299,0.5687,0.3219,1,66.81
1358,1,2,0.0168,0.0502,0.1776,1,21.25
1359,1,3,0.3485,0.5806,0.4397,1,20.69
1360,0,2,0.163,0.4924,0.232,0,1.63
1361,0,4,0.1135,0.3885,0.2512,1,65.11
1362,0,5,0.299,0.6463,0.4013,1,82.35
1363,0,2,0.0399,0.4202,0.177,0,2.23
1364,0,5,0.299,0.5908,0.3874,0,4.35
1365,1,2,0.2853,0.5525,0.3837,1,41.39
1366,1,2,0.223,0.3612,0.3172,1,212.75
1367,2,2,0.2606,0.4483,0.4503,1,40.73
1368,0,5,0.2727,0.6813,0.4021,0,2.45
1369,1,4,0.1674,0.4505,0.3828,0,1.72
1370,1,5,0.3463,0.6175,0.5083,1,196.94
1371,0,5,0.0437,0.483,0.2839,1,43.24
1372,0,1,0.3611,0.3694,0.2307,1,68.63
1373,1,4,0.2878,0.4967,0.4305,1,154.42
1374,0,4,0.2281,0.2701,0.256,0,1.26
1375,0,4,0.2727,0.2528,0.265,0,1.9
1376,1,2,0.0465,0.6673,0.3408,0,2.09
1377,1,4,0.0399,0.3214,0.3123,1,80.18
1378,1,1,0.2771,0.6023,0.3637,1,66.19
1379,2,5,0.2492,0.4403,0.5348,1,108.08
1380,2,4,0.2082,0.7226,0.5631,1,42.28
1381,1,5,0.335,0.4061,0.452,1,98.17
1382,0,4,0.3266,0.3465,0.3046,0,1.86
1383,0,1,0.3463,0.686,0.3054,0,4.44
1384,0,4,0.1179,0.3167,0.2345,0,2.57
1385,0,2,0.163,0.57,0.2514,1,24.22
1386,0,3,0.1904,0.5287,0.2793,0,2.32
1387,1,5,0.2906,0.444,0.4482,1,106.19
1388,1,5,0.1577,0.5534,0.4357,1,131.25
1389,1,2,0.1135,0.3108,0.2718,0,9.21
1390,0,1,0.2562,0.8692,0.3242,0,1.8
1391,1,4,0.0168,0.506,0.3515,0,1.12
1392,1,5,0.1768,0.7157,0.482,0,4.92
1393,2,1,0.183,0.2126,0.338,1,109.11
1394,2,3,0.2878,0.2724,0.4444,1,20.9
1395,1,2,0.163,0.4052,0.3102,1,22.88
1396,0,5,0.2301,0.444,0.33,1,50.85
1397,1,4,0.3266,0.4243,0.4241,1,48.61
1398,1,5,0.3294,0.2684,0.4159,1,102.75
1399,0,5,0.1179,0.5119,0.3133,1,65.18
1400,2,1,0.1135,0.5429,0.3998,1,135.87
1401,0,2,0.1166,0.5565,0.2341,1,71.98
1402,1,4,0.2906,0.4946,0.4308,1,52.5
1403,0,5,0.2878,0.4379,0.3458,0,2.52
1404,1,4,0.1904,0.342,0.3626,1,45.19
1405,0,1,0.2771,0.3595,0.203,0,1.51
1406,1,2,0.0465,0.6164,0.328,1,23.76
1407,1,4,0.2727,0.3459,0.3883,1,42.25
1408,2,2,0.0719,0.7362,0.4656,1,9.49
1409,1,1,0.1476,0.4454,0.2856,1,36.7
1410,1,3,0.1179,0.6454,0.3867,0,1.45
1411,0,1,0.2727,0.6888,0.284,0,2.56
1412,1,4,0.5295,0.5123,0.5069,1,32.89
1413,0,3,0.2771,0.7233,0.354,1,51.37
1414,1,1,0.2606,0.4168,0.3124,0,2.68
1415,0,5,0.0836,0.721,0.3553,0,1.78
1416,0,5,0.0465,0.7598,0.3539,0,2.28
1417,0,1,0.2727,0.6724,0.2799,0,2.12
1418,0,3,0.1757,0.6505,0.3053,1,70.16
1419,1,4,0.1382,0.678,0.431,1,27.22
1420,0,2,0.3294,0.2158,0.2128,0,2.14
1421,1,3,0.3463,0.3298,0.3763,1,115.29
1422,1,5,0.2727,0.3075,0.4087,1,84.7
1423,1,2,0.2878,0.3098,0.3238,1,8.25
1424,1,5,0.5295,0.0815,0.4292,0,1.97
1425,1,4,0.1904,0.5206,0.4073,0,3.02
1426,0,1,0.223,0.6993,0.2717,1,32.38
1427,1,4,0.1502,0.4279,0.372,0,1.71
1428,1,3,0.2492,0.5378,0.3992,1,35.31
1429,1,4,0.2372,0.638,0.4507,0,2.4
1430,1,4,0.2771,0.6467,0.4648,1,37.86
1431,0,3,0.1476,0.4033,0.2351,0,1.87
1432,0,2,0.163,0.3585,0.1985,1,14.59
1433,0,3,0.1051,0.7015,0.2969,0,2.56
1434,0,4,0.3485,0.5844,0.3706,0,1.55
1435,1,3,0.0719,0.4243,0.3176,0,3.28
1436,0,2,0.0399,0.657,0.2362,0,2.6
1437,1,4,0.5395,0.7159,0.5608,1,137.21
1438,0,2,0.3485,0.3146,0.2432,0,1.91
1439,1,4,0.2606,0.4952,0.422,1,166.9
1440,1,4,0.183,0.8868,0.4966,1,61.59
1441,0,1,0.163,0.2657,0.1453,0,1.72
1442,0,2,0.1211,0.597,0.2456,0,3.96
1443,1,5,0.1178,0.4808,0.4055,1,35.94
1444,0,4,0.2301,0.2867,0.2607,1,12.52
1445,1,2,0.0465,0.7715,0.3668,1,95.47
1446,1,2,0.1502,0.2764,0.2742,0,5.49
1447,0,4,0.1166,0.2657,0.2214,1,29.01
1448,0,2,0.335,0.2736,0.2289,0,2.36
1449,1,1,0.0399,0.5292,0.2743,0,1.86
1450,0,1,0.2372,0.367,0.1929,1,49.94
1451,2,3,0.2606,0.4403,0.4783,1,40.55
1452,0,5,0.2492,0.6794,0.3946,1,26.1
1453,1,1,0.2906,0.5109,0.3449,1,37.93
1454,0,5,0.2372,0.4718,0.3391,0,1.88
1455,1,1,0.1211,0.0767,0.1855,0,1.3
1456,1,4,0.2606,0.4693,0.4155,0,1.57
1457,0,5,0.1179,0.5997,0.3353,1,19.55
1458,1,3,0.1051,0.3836,0.3174,0,0.92
1459,0,4,0.1382,0.3427,0.2471,1,42.13
1460,1,3,0.1012,0.5502,0.3579,1,52.4
1461,1,4,0.0437,0.4764,0.3522,1,133.08
1462,0,3,0.1166,0.3045,0.2011,0,2.99
1463,0,4,0.3266,0.597,0.3672,1,63.0
1464,0,5,0.2082,0.4064,0.3141,0,2.16
1465,1,1,0.1382,0.5039,0.2974,0,3.07
1466,1,2,0.1768,0.2513,0.2759,1,36.85
1467,0,3,0.1179,0.4762,0.2444,1,30.2
1468,0,3,0.0437,0.5917,0.251,0,1.62
1469,0,3,0.2492,0.5687,0.3069,0,2.19
1470,1,3,0.1012,0.6922,0.3934,1,66.67
1471,1,4,0.2878,0.8529,0.5196,1,171.28
1472,0,4,0.2301,0.4725,0.3072,1,15.27
1473,0,4,0.0465,0.5928,0.2822,1,151.96
1474,0,2,0.1211,0.1334,0.1297,0,3.62
1475,1,2,0.3463,0.417,0.3681,0,4.27
1476,0,5,0.3266,0.234,0.3065,0,2.86
1477,1,1,0.1768,0.8292,0.3903,0,2.0
1478,0,2,0.0465,0.1911,0.1217,0,1.8
1479,2,2,0.2082,0.4002,0.4225,1,19.51
1480,2,4,0.1476,0.6104,0.5169,0,2.58
1481,0,1,0.0836,0.4565,0.1692,0,1.48
1482,0,3,0.1094,0.5801,0.2678,1,97.82
1483,1,4,0.1674,0.1323,0.3033,1,29.8
1484,0,3,0.2562,0.4243,0.2729,1,139.34
1485,0,1,0.1768,0.6535,0.2464,1,12.88
1486,2,4,0.2727,0.3926,0.5,0,2.12
1487,1,1,0.3611,0.4319,0.3463,1,36.53
1488,0,5,0.1166,0.657,0.3492,0,1.69
1489,0,3,0.0911,0.5772,0.2616,0,1.68
1490,0,3,0.1757,0.5169,0.2719,0,1.32
1491,1,5,0.1211,0.6454,0.4477,1,189.63
1492,0,2,0.1166,0.4913,0.2178,0,1.3
1493,2,1,0.1012,0.5664,0.402,0,2.22
1494,0,2,0.1382,0.3428,0.1872,1,55.09
1495,1,3,0.0168,0.4505,0.3077,0,2.18
1496,2,1,0.1178,0.4215,0.3707,0,2.69
1497,0,3,0.2301,0.5962,0.3081,1,18.47
1498,1,1,0.0168,0.6769,0.3043,0,1.97
1499,1,4,0.0836,0.638,0.4046,1,164.03
1500,1,5,0.1012,0.321,0.3606,1,93.18
1501,0,3,0.2906,0.3167,0.2564,0,1.19
1502,0,2,0.2906,0.4369,0.2564,0,2.45
1503,0,5,0.0719,0.1461,0.2081,0,2.36
1504,2,4,0.0911,0.1477,0.3843,0,1.43
1505,1,2,0.0465,0.4846,0.2951,0,2.87
1506,1,3,0.2878,0.368,0.3683,1,25.73
1507,1,5,0.1012,0.3947,0.379,0,3.89
1508,1,4,0.2301,0.5208,0.4192,0,2.08
1509,2,4,0.0911,0.5407,0.4825,1,26.72
1510,2,2,0.223,0.2524,0.39,1,50.92
1511,1,4,0.1674,0.8705,0.4878,0,2.3
1512,2,5,0.2301,0.3581,0.5086,1,106.42
1513,0,1,0.2878,0.5169,0.2456,0,1.72
1514,1,2,0.2727,0.5882,0.3889,0,2.72
1515,2,1,0.1211,0.3556,0.3552,0,3.98
1516,1,2,0.1904,0.6273,0.3739,0,2.1
1517,1,1,0.3463,0.5914,0.3817,1,51.55
1518,0,4,0.0437,0.5081,0.2601,0,2.41
1519,1,4,0.1476,0.3651,0.3556,1,112.89
1520,1,2,0.2372,0.3696,0.3236,1,15.18
1521,1,5,0.1051,0.5184,0.4111,1,154.67
1522,1,4,0.2606,0.5576,0.4376,1,35.48
1523,1,2,0.2281,0.43,0.3359,1,78.37
1524,0,4,0.3611,0.9099,0.4558,1,65.0
1525,2,3,0.1904,0.5158,0.4761,1,70.46
1526,2,4,0.3463,0.9101,0.6514,1,133.63
1527,0,4,0.2853,0.3955,0.3045,0,2.98
1528,0,3,0.2082,0.4066,0.2541,1,33.42
1529,1,4,0.2562,0.8017,0.4973,0,2.47
1530,1,4,0.2906,0.5706,0.4498,1,19.34
1531,1,1,0.1135,0.4733,0.2824,0,2.15
1532,1,3,0.0168,0.7277,0.377,0,2.88
1533,1,2,0.1166,0.3147,0.2737,1,102.21
1534,0,3,0.0465,0.5671,0.2457,1,46.64
1535,0,1,0.1476,0.2565,0.1384,0,3.73
1536,0,1,0.5295,0.4243,0.2949,1,87.91
1537,0,5,0.3485,0.6883,0.4266,1,55.36
1538,0,1,0.2562,0.5528,0.2451,0,2.03
1539,1,1,0.2757,0.6132,0.366,0,1.87
1540,1,1,0.1179,0.7911,0.3631,0,1.78
1541,0,4,0.1178,0.5407,0.2905,1,29.83
1542,2,3,0.1051,0.5885,0.4687,0,5.81
1543,1,4,0.1178,0.4852,0.3766,1,60.15
1544,1,5,0.1179,0.5198,0.4153,1,37.36
1545,1,4,0.1094,0.4826,0.3735,0,1.82
1546,0,4,0.2771,0.2773,0.2725,1,46.47
1547,0,3,0.3463,0.675,0.3626,1,51.86
1548,0,1,0.2878,0.5384,0.2509,0,3.2
1549,1,3,0.1179,0.5102,0.3529,0,1.38
1550,2,1,0.3294,0.0411,0.3391,1,21.47
1551,0,5,0.3294,0.4134,0.3522,1,11.76
1552,1,3,0.2771,0.2608,0.3383,1,76.72
1553,0,3,0.335,0.3329,0.2737,0,4.16
1554,0,1,0.2492,0.6819,0.2752,1,20.97
1555,2,3,0.3611,0.7205,0.5785,0,1.45
1556,1,3,0.223,0.6484,0.419,0,1.99
1557,1,3,0.5295,0.5525,0.487,1,174.45
1558,0,1,0.1094,0.5302,0.1954,1,49.7
1559,0,5,0.1904,0.3637,0.298,1,168.81
1560,1,4,0.2757,0.5765,0.4468,0,1.05
1561,0,1,0.1051,0.4232,0.1673,0,1.88
1562,1,4,0.1051,0.3943,0.3501,1,96.74
1563,1,5,0.0911,0.4431,0.3881,1,68.48
1564,1,5,0.1757,0.2758,0.3717,0,1.86
1565,3,5,0.299,0.4621,0.6552,1,444.48
1566,2,3,0.0836,0.5967,0.4643,1,149.15
1567,0,2,0.1904,0.357,0.2064,0,2.56
1568,1,1,0.0465,0.5727,0.2871,0,2.84
1569,1,1,0.299,0.7188,0.3994,0,2.94
1570,1,4,0.3485,0.4821,0.4451,1,52.48
1571,0,4,0.1382,0.491,0.2842,1,86.49
1572,1,4,0.2562,0.2633,0.3627,1,50.61
1573,1,2,0.1211,0.2208,0.2515,0,1.43
1574,0,4,0.1502,0.4351,0.2738,0,2.93
1575,1,4,0.0437,0.3177,0.3125,1,42.96
1576,2,4,0.2562,0.3208,0.4771,1,61.27
1577,0,2,0.3294,0.3855,0.2552,0,2.1
1578,1,5,0.163,0.5622,0.4394,1,50.05
1579,0,2,0.3485,0.322,0.245,0,2.15
1580,2,1,0.335,0.7508,0.5182,1,198.93
1581,2,5,0.2878,0.4928,0.5595,1,49.89
1582,1,2,0.163,0.3849,0.3051,1,25.55
1583,0,5,0.2301,0.3668,0.3107,0,2.01
1584,1,4,0.1206,0.5538,0.3946,1,89.18
1585,1,2,0.2562,0.6771,0.4061,1,113.95
1586,0,1,0.1094,0.8835,0.2837,0,4.15
1587,0,2,0.1577,0.6536,0.2707,1,48.88
1588,0,2,0.1674,0.7294,0.2926,0,2.17
1589,1,3,0.0911,0.3543,0.3059,1,31.19
1590,0,2,0.3611,0.5536,0.3067,1,12.5
1591,1,3,0.1904,0.5587,0.3868,0,1.53
1592,1,3,0.223,0.2973,0.3312,0,1.97
1593,0,1,0.1211,0.7166,0.2455,1,44.87
1594,2,1,0.2757,0.4252,0.419,0,3.62
1595,0,5,0.1012,0.546,0.3169,1,131.34
1596,1,4,0.1757,0.4844,0.3938,1,26.66
1597,0,4,0.183,0.224,0.2309,1,29.65
1598,0,5,0.1179,0.3184,0.265,1,11.31
1599,1,1,0.0168,0.401,0.2353,0,2.19
1600,0,2,0.163,0.4793,0.2287,0,2.72
1601,2,5,0.2853,0.2897,0.508,1,198.52
1602,0,4,0.2727,0.5428,0.3375,1,59.77
1603,0,5,0.1051,0.4566,0.2957,0,2.75
1604,1,5,0.0168,0.2974,0.3294,1,62.55
1605,1,4,0.2301,0.6683,0.4561,0,2.62
1606,0,2,0.0437,0.4476,0.185,1,42.79
1607,0,1,0.2878,0.5336,0.2497,1,38.7
1608,1,4,0.3294,0.8249,0.525,1,45.34
1609,0,1,0.1502,0.4391,0.1848,0,3.55
1610,0,2,0.2492,0.2419,0.1952,0,1.03
1611,1,5,0.1012,0.2712,0.3482,0,2.03
1612,1,1,0.1166,0.69,0.3375,0,1.26
1613,0,3,0.1094,0.5156,0.2517,0,2.52
1614,1,5,0.3485,0.4071,0.4563,1,130.58
1615,1,3,0.5395,0.5139,0.4803,0,1.17
1616,1,4,0.335,0.3447,0.4067,1,28.74
1617,1,4,0.335,0.2508,0.3832,1,37.28
1618,0,4,0.299,0.4454,0.321,0,1.01
1619,0,3,0.5395,0.276,0.3208,1,45.97
1620,0,1,0.2281,0.3252,0.1797,0,3.04
1621,0,3,0.299,0.7012,0.355,1,22.7
1622,1,2,0.1577,0.4191,0.3121,1,12.18
1623,1,5,0.2757,0.5864,0.4793,1,134.37
1624,0,4,0.2906,0.4648,0.3234,1,52.55
1625,0,1,0.3463,0.6096,0.2863,0,1.57
1626,0,2,0.183,0.3848,0.2111,0,1.83
1627,0,1,0.1051,0.3152,0.1403,1,31.21
1628,0,2,0.3611,0.5582,0.3079,0,2.2
1629,2,4,0.2606,0.508,0.5252,0,2.01
1630,0,1,0.2906,0.6329,0.2754,0,2.13
1631,1,3,0.2301,0.4053,0.3604,0,2.03
1632,0,2,0.1166,0.6778,0.2644,0,2.02
1633,1,1,0.5395,0.5163,0.4209,0,2.65
1634,0,2,0.2906,0.6022,0.2977,0,1.13
1635,1,2,0.1757,0.5081,0.3397,1,13.6
1636,0,3,0.1094,0.4854,0.2442,0,1.95
1637,1,2,0.5395,0.6089,0.4741,1,80.65
1638,1,4,0.2082,0.5223,0.413,0,6.71
1639,0,4,0.183,0.1915,0.2228,0,2.25
1640,0,5,0.1904,0.5841,0.3531,0,4.37
1641,2,5,0.1757,0.6139,0.5562,1,160.58
1642,0,2,0.1768,0.1678,0.155,0,1.5
1643,0,2,0.163,0.3719,0.2019,1,63.01
1644,0,3,0.2853,0.3829,0.2713,0,2.19
1645,1,3,0.5395,0.4627,0.4675,1,59.77
1646,1,3,0.2771,0.0609,0.2884,0,2.17
1647,0,2,0.0465,0.5171,0.2032,0,1.72
1648,1,3,0.1476,0.1237,0.2652,0,2.53
1649,2,2,0.0465,0.4376,0.3834,0,2.97
1650,0,3,0.2372,0.2146,0.2148,0,2.04
1651,0,1,0.2906,0.339,0.2019,1,111.38
1652,2,1,0.0399,0.4781,0.3615,0,3.22
1653,2,1,0.1757,0.601,0.433,1,71.96
1654,0,1,0.1757,0.67,0.2502,0,2.23
1655,0,2,0.1206,0.4113,0.199,0,1.86
1656,0,1,0.1502,0.6714,0.2429,0,1.57
1657,0,1,0.223,0.6834,0.2678,1,19.44
1658,0,2,0.1051,0.595,0.2403,0,1.64
1659,1,2,0.2606,0.8247,0.4444,0,2.88
1660,1,2,0.5295,0.4994,0.4437,1,89.72
1661,0,1,0.223,0.9045,0.323,1,23.57
1662,2,5,0.1502,0.4294,0.5024,1,29.11
1663,0,4,0.1382,0.4571,0.2757,0,2.15
1664,1,1,0.223,0.7427,0.3826,1,108.76
1665,2,1,0.2562,0.5048,0.4331,1,166.47
1666,1,1,0.1476,0.5624,0.3149,1,28.2
1667,0,3,0.1135,0.2952,0.1978,0,1.93
1668,1,3,0.1206,0.6383,0.3858,0,3.37
1669,1,4,0.1768,0.3607,0.3632,1,127.13
1670,0,5,0.1012,0.5612,0.3207,1,41.51
1671,1,3,0.1051,0.7423,0.4071,1,50.1
1672,2,2,0.1166,0.6367,0.4542,1,43.38
1673,0,3,0.0399,0.294,0.1755,0,1.93
1674,1,3,0.2906,0.5822,0.4227,1,45.28
1675,0,5,0.1382,0.6536,0.3549,0,3.16
1676,0,4,0.1502,0.9138,0.3935,0,2.31
1677,0,1,0.223,0.4347,0.2056,1,26.41
1678,1,4,0.299,0.5185,0.4393,0,1.39
1679,1,1,0.0399,0.4145,0.2456,0,1.24
1680,1,3,0.1768,0.3639,0.334,0,2.95
1681,1,4,0.1179,0.2618,0.3208,0,2.66
1682,2,5,0.1904,0.4997,0.532,1,133.11
1683,1,4,0.1166,0.4412,0.3653,1,25.51
1684,2,5,0.5395,0.2985,0.5865,1,102.64
1685,0,3,0.1502,0.6225,0.2907,1,51.51
1686,0,5,0.0911,0.5173,0.3067,0,1.74
1687,0,2,0.1382,0.6713,0.2693,0,1.7
1688,0,5,0.1674,0.4495,0.3126,1,94.64
1689,1,5,0.5395,0.4019,0.5123,0,4.66
1690,1,2,0.2771,0.3307,0.3258,1,64.46
1691,1,4,0.1502,0.6454,0.4264,0,1.12
1692,1,3,0.0719,0.3872,0.3084,0,1.69
1693,0,4,0.0911,0.549,0.2846,0,2.96
1694,1,4,0.0911,0.8352,0.4561,0,1.54
1695,2,1,0.2771,0.4797,0.4331,0,1.07
1696,1,1,0.4038,0.5395,0.386,0,1.63
1697,0,5,0.2727,0.2893,0.3041,0,4.7
1698,2,1,0.1476,0.5316,0.4072,1,39.94
1699,1,1,0.223,0.7371,0.3812,0,2.86
1700,1,1,0.0465,0.2864,0.2155,0,1.78
1701,0,3,0.2492,0.3109,0.2425,1,127.37
1702,2,1,0.2562,0.2207,0.362,0,2.41
1703,1,3,0.3463,0.7184,0.4735,1,249.96
1704,1,4,0.0836,0.551,0.3828,1,52.5
1705,1,2,0.2562,0.4283,0.3439,0,1.89
1706,1,3,0.1768,0.6478,0.405,0,3.53
1707,0,5,0.3266,0.4148,0.3517,1,35.98
1708,1,5,0.2281,0.3534,0.4068,0,1.19
1709,2,4,0.1135,0.0935,0.3774,1,58.59
1710,1,4,0.2606,0.2209,0.3534,0,2.19
1711,1,5,0.4038,0.7485,0.5583,1,471.54
1712,1,2,0.2878,0.3914,0.3442,1,67.0
1713,1,3,0.1904,0.6011,0.3974,1,29.37
1714,2,5,0.1382,0.3016,0.4669,1,55.04
1715,0,2,0.1094,0.2443,0.1539,0,1.46
1716,0,4,0.3463,0.2561,0.2879,0,2.32
1717,2,3,0.1382,0.456,0.4455,1,55.43
1718,0,1,0.4038,0.6008,0.3013,0,2.81
1719,1,3,0.3463,0.345,0.3801,1,30.18
1720,2,2,0.2301,0.2819,0.3995,0,1.54
1721,1,3,0.0719,0.3776,0.306,0,1.25
1722,0,4,0.1206,0.3148,0.2349,1,72.67
1723,0,3,0.2853,0.6345,0.3342,0,1.99
1724,2,5,0.2606,0.607,0.5799,1,132.93
1725,0,1,0.3294,0.5315,0.2617,0,2.0
1726,0,2,0.1135,0.5373,0.2284,0,3.49
1727,1,5,0.223,0.3901,0.4144,0,4.33
1728,1,5,0.0465,0.2745,0.3326,1,206.55
1729,0,5,0.5395,0.4728,0.43,1,30.58
1730,1,2,0.2082,0.6397,0.3824,0,2.1
1731,0,5,0.2757,0.8891,0.455,1,22.51
1732,1,3,0.0399,0.4217,0.3074,1,87.56
1733,0,5,0.0719,0.4601,0.2866,0,2.5
1734,2,2,0.223,0.6906,0.4996,1,28.82
1735,2,2,0.2906,0.2313,0.405,0,1.43
1736,1,4,0.2281,0.721,0.4687,1,64.37
1737,0,3,0.4038,0.5216,0.3415,1,42.52
1738,2,3,0.335,0.6793,0.5603,1,25.72
1739,1,5,0.2853,0.5371,0.4699,1,122.22
1740,2,2,0.1211,0.1801,0.3414,0,2.19
1741,2,2,0.1166,0.5654,0.4363,1,28.08
1742,0,2,0.1502,0.1272,0.1369,0,2.4
1743,0,4,0.1476,0.7757,0.3582,1,46.63
1744,1,2,0.223,0.0,0.2269,0,1.87
1745,0,1,0.1211,0.6526,0.2295,0,2.37
1746,0,5,0.2878,0.5041,0.3624,0,3.28
1747,0,3,0.5295,0.631,0.4066,0,4.59
1748,1,2,0.0836,0.5747,0.3288,0,3.39
1749,0,4,0.1577,0.6028,0.318,1,17.4
1750,0,5,0.2606,0.3982,0.3277,0,3.28
1751,2,4,0.1476,0.3937,0.4627,1,30.0
1752,2,2,0.2492,0.1199,0.3647,1,22.2
1753,0,5,0.1012,0.3777,0.2748,1,23.89
1754,1,4,0.335,0.6617,0.4859,1,51.1
1755,0,5,0.3463,0.5065,0.3805,1,48.84
1756,0,2,0.1768,0.4987,0.2377,1,27.19
1757,0,5,0.1179,0.2892,0.2577,0,1.54
1758,1,3,0.1211,0.5859,0.3728,1,19.58
1759,1,2,0.299,0.7437,0.4356,1,67.9
1760,0,4,0.1674,0.393,0.2685,0,1.96
1761,0,2,0.5295,0.672,0.3868,1,53.8
1762,0,3,0.2771,0.1978,0.2226,0,2.65
1763,1,5,0.1094,0.5932,0.4311,1,20.36
1764,0,3,0.2281,0.4209,0.2637,0,1.64
1765,1,2,0.2606,0.614,0.3917,0,3.81
1766,1,4,0.2757,0.5325,0.4358,0,4.96
1767,0,3,0.1051,0.5311,0.2543,0,2.68
1768,0,3,0.5295,0.4482,0.3609,0,1.8
1769,0,5,0.223,0.4351,0.3257,1,54.44
1770,0,4,0.2853,0.6867,0.3773,1,49.91
1771,1,3,0.1094,0.7745,0.4164,0,1.57
1772,2,2,0.2562,0.4128,0.4401,1,21.56
1773,1,4,0.1094,0.7365,0.4369,0,1.07
1774,0,3,0.2606,0.3954,0.267,1,9.34
1775,1,2,0.2771,0.2057,0.2946,0,2.7
1776,1,4,0.1206,0.7466,0.4428,1,118.73
1777,0,5,0.0911,0.5974,0.3267,0,2.39
1778,0,2,0.5295,0.6121,0.3719,1,31.16
1779,1,5,0.1674,0.4155,0.4041,1,56.5
1780,2,5,0.2492,0.5493,0.5621,1,99.04
1781,2,5,0.2562,0.4049,0.5281,1,341.09
1782,0,1,0.2372,0.4165,0.2053,1,30.14
1783,0,1,0.5295,0.4911,0.3116,1,24.68
1784,0,3,0.335,0.6664,0.3571,0,1.87
1785,1,4,0.183,0.3943,0.3735,1,66.11
1786,1,4,0.1768,0.1742,0.3166,0,1.6
1787,1,3,0.2301,0.504,0.385,0,3.39
1788,1,2,0.183,0.5461,0.3514,1,179.94
1789,0,4,0.0465,0.7614,0.3243,1,31.32
1790,1,2,0.1166,0.1804,0.2401,0,2.18
1791,0,5,0.1051,0.3859,0.278,0,2.19
1792,0,1,0.2757,0.3206,0.1929,1,34.23
1793,1,1,0.1012,0.4169,0.2646,0,2.32
1794,1,3,0.4038,0.5504,0.4487,1,57.29
1795,2,5,0.5395,0.5535,0.6502,1,139.21
1796,0,5,0.0911,0.124,0.2083,0,1.78
1797,1,1,0.1211,0.4171,0.2706,0,3.5
1798,1,3,0.2082,0.4917,0.3754,0,1.25
1799,0,2,0.3463,0.3807,0.2591,1,17.97
1800,3,5,0.1577,0.3799,0.5923,1,225.78
1801,1,5,0.2878,0.433,0.4446,1,190.15
1802,0,5,0.1051,0.4693,0.2989,0,1.58
1803,0,3,0.1178,0.2748,0.194,0,1.58
1804,0,4,0.1178,0.2784,0.2249,1,67.05
1805,0,5,0.2878,0.6253,0.3927,1,37.04
1806,2,4,0.2606,0.3391,0.483,1,56.48
1807,0,2,0.2906,0.8196,0.3521,0,2.24
1808,1,1,0.2771,0.2833,0.284,0,1.97
1809,0,1,0.2082,0.4158,0.1964,0,1.38
1810,1,4,0.299,0.4321,0.4177,1,43.18
1811,0,5,0.2562,0.6441,0.3879,1,88.34
1812,0,5,0.335,0.6158,0.4044,0,1.76
1813,0,3,0.1206,0.3848,0.2224,0,3.49
1814,1,3,0.2082,0.4216,0.3579,1,30.87
1815,0,4,0.3463,0.3317,0.3068,1,33.23
1816,1,4,0.2082,0.3662,0.374,0,3.29
1817,0,4,0.2906,0.4528,0.3204,0,2.36
1818,1,2,0.163,0.5906,0.3566,0,1.82
1819,0,4,0.1094,0.7182,0.3324,1,48.15
1820,0,2,0.4038,0.5708,0.3238,1,102.88
1821,1,5,0.0399,0.1097,0.2894,1,186.97
1822,0,1,0.1012,0.5415,0.1957,0,1.79
1823,1,3,0.0836,0.5064,0.3417,1,13.91
1824,0,1,0.1166,0.3948,0.1637,0,2.15
1825,1,4,0.2606,0.6581,0.4627,1,80.79
1826,0,3,0.1476,0.3671,0.2261,1,17.6
1827,0,5,0.2301,0.5103,0.3466,0,2.25
1828,0,5,0.2853,0.3763,0.3297,1,22.28
1829,0,3,0.3485,0.8905,0.4172,0,2.57
1830,0,2,0.1051,0.3539,0.18,0,2.4
1831,1,1,0.1674,0.5329,0.3134,1,35.27
1832,2,3,0.1577,0.6034,0.4882,1,33.98
1833,1,1,0.5395,0.4564,0.406,1,78.37
1834,0,4,0.1674,0.7555,0.3591,1,47.24
1835,0,5,0.1674,0.6681,0.3672,0,2.54
1836,1,2,0.5295,0.3072,0.3956,1,31.31
1837,0,3,0.0437,0.4934,0.2265,1,10.69
1838,1,3,0.3611,0.5786,0.443,1,57.7
1839,1,1,0.1211,0.4417,0.2768,0,1.41
1840,1,5,0.1476,0.5172,0.4236,1,21.19
1841,1,4,0.1178,0.3406,0.3405,1,159.13
1842,0,3,0.2771,0.648,0.3351,1,70.18
1843,1,4,0.0437,0.1782,0.2777,1,24.05
1844,0,3,0.1476,0.6361,0.2933,0,2.42
1845,0,1,0.4038,0.4684,0.2682,1,4.67
1846,0,2,0.1382,0.5998,0.2514,1,74.77
1847,1,4,0.2281,0.6839,0.4594,0,1.6
1848,2,3,0.0911,0.6206,0.4725,1,39.46
1849,1,2,0.1206,0.2696,0.2636,0,1.48
1850,0,3,0.4038,0.2553,0.275,0,0.8
1851,2,1,0.2878,0.1477,0.3533,0,1.75
1852,0,2,0.1768,0.4722,0.2311,0,1.52
1853,1,4,0.1577,0.354,0.3558,0,1.7
1854,1,5,0.1178,0.6931,0.4586,1,74.72
1855,2,1,0.2606,0.3931,0.4065,1,43.53
1856,0,2,0.3266,0.5329,0.2912,1,64.67
1857,0,3,0.1757,0.3422,0.2283,1,21.25
1858,0,3,0.1382,0.1591,0.1712,0,1.82
1859,1,5,0.2771,0.5383,0.4677,1,84.43
1860,0,1,0.1476,0.3228,0.155,0,4.05
1861,0,1,0.0168,0.5349,0.1688,0,2.29
1862,1,5,0.1502,0.5994,0.4449,1,33.67
1863,1,2,0.2906,0.5278,0.3791,0,1.61
1864,0,4,0.1166,0.3516,0.2429,0,2.64
1865,0,5,0.0465,0.4424,0.2746,0,3.38
1866,1,2,0.2757,0.4431,0.3535,0,1.96
1867,1,5,0.2372,0.3387,0.4058,0,1.82
1868,2,3,0.2492,0.2851,0.436,0,3.22
1869,0,1,0.3611,0.3974,0.2377,0,1.79
1870,1,1,0.1051,0.7673,0.3534,0,2.4
1871,1,2,0.0399,0.6033,0.3228,0,1.62
1872,0,2,0.4038,0.501,0.3064,0,5.15
1873,0,4,0.1476,0.3148,0.243,0,1.6
1874,2,3,0.0719,0.4488,0.4238,1,31.89
1875,0,1,0.4038,0.1923,0.1992,0,3.3
1876,0,1,0.3266,0.7119,0.306,0,1.56
1877,1,3,0.5295,0.2109,0.4016,0,3.11
1878,0,3,0.1904,0.6036,0.298,1,28.73
1879,0,1,0.0836,0.6338,0.2135,0,2.51
1880,2,4,0.0719,0.1075,0.3684,0,1.64
1881,0,4,0.1094,0.7608,0.343,0,2.66
1882,2,1,0.0719,0.694,0.4251,1,39.23
1883,0,3,0.2757,0.8321,0.3807,1,23.85
1884,1,3,0.1206,0.603,0.3769,1,55.34
1885,0,2,0.2906,0.4748,0.2659,0,2.61
1886,0,3,0.2853,0.7496,0.363,0,1.58
1887,1,5,0.1094,0.0272,0.2896,1,60.27
1888,0,3,0.1206,0.5135,0.2546,0,2.01
1889,0,5,0.223,0.3436,0.3028,0,1.69
1890,1,5,0.0437,0.1349,0.2968,0,4.37
1891,0,1,0.0719,0.3561,0.1406,0,3.07
1892,1,5,0.2606,0.1458,0.3646,1,22.18
1893,1,5,0.2606,0.5108,0.4559,1,40.66
1894,0,2,0.2562,0.4059,0.2383,0,1.71
1895,2,5,0.0465,0.3815,0.4593,1,32.8
1896,1,2,0.0399,0.4006,0.2721,0,2.85
1897,0,5,0.1768,0.4658,0.3195,0,2.19
1898,0,4,0.0168,0.6871,0.2968,0,3.97
1899,1,4,0.2906,0.4814,0.4275,0,1.61
1900,2,4,0.1577,0.682,0.5378,1,23.0
1901,0,3,0.2757,0.2516,0.2356,1,28.54
1902,2,1,0.1051,0.6385,0.4212,0,2.38
1903,1,4,0.1012,0.4844,0.3715,0,1.96
1904,1,4,0.1179,0.5184,0.385,0,2.44
1905,0,3,0.2757,0.3058,0.2492,1,25.75
1906,2,5,0.5395,0.56,0.6518,1,57.61
1907,0,4,0.2492,0.7678,0.3867,1,51.36
1908,0,5,0.0911,0.4869,0.2991,0,1.79
1909,1,2,0.2906,0.3465,0.3338,1,47.18
1910,1,1,0.335,0.6793,0.4003,0,1.75
1911,0,1,0.2301,0.5323,0.2321,0,1.11
1912,0,1,0.1094,0.3922,0.1609,0,1.98
1913,0,5,0.0719,0.2419,0.232,0,1.86
1914,0,3,0.1166,0.5398,0.2599,0,3.02
1915,1,4,0.2771,0.7481,0.4902,1,32.59
1916,1,3,0.0437,0.4908,0.3258,0,1.33
1917,0,5,0.1382,0.2803,0.2615,0,1.96
1918,2,2,0.3463,0.2946,0.4375,0,2.53
1919,0,1,0.1904,0.4322,0.1952,0,1.88
1920,1,4,0.2492,0.3003,0.3698,0,2.69
1921,1,4,0.0836,0.6539,0.4086,1,91.0
1922,0,2,0.1674,0.3987,0.2099,1,89.93
1923,0,1,0.0911,0.7278,0.2393,0,1.46
1924,0,3,0.0168,0.4998,0.22,0,2.39
1925,2,4,0.5295,0.826,0.6854,1,186.39
1926,1,4,0.3485,0.447,0.4363,0,2.62
1927,1,5,0.2878,0.3314,0.4192,1,9.66
1928,2,2,0.1051,0.5022,0.4171,1,20.0
1929,2,5,0.183,0.2931,0.4782,0,1.88
1930,1,3,0.1178,0.7284,0.4074,1,107.35
1931,1,2,0.1502,0.0569,0.2193,0,1.38
1932,0,2,0.4038,0.2301,0.2387,0,0.77
1933,0,4,0.1757,0.299,0.2475,1,63.84
1934,1,1,0.1166,0.4526,0.2781,1,12.07
1935,0,5,0.1768,0.6778,0.3725,1,114.65
1936,1,3,0.5295,0.2232,0.4046,0,2.51
1937,1,3,0.1012,0.5067,0.347,1,30.13
1938,1,4,0.0836,0.2726,0.3132,1,79.46
1939,0,4,0.4038,0.4948,0.3648,1,43.23
1940,0,2,0.1206,0.5254,0.2275,0,1.37
1941,1,1,0.1382,0.5944,0.3201,1,41.77
1942,1,2,0.163,0.2975,0.2833,0,2.13
1943,1,1,0.3485,0.4427,0.3452,0,4.42
1944,0,1,0.1768,0.7605,0.2732,1,12.67
1945,0,1,0.0465,0.4106,0.1466,0,2.34
1946,0,3,0.2562,0.7386,0.3515,1,137.17
1947,0,4,0.3485,0.2965,0.2987,1,34.02
1948,0,2,0.2281,0.8882,0.3505,1,146.99
1949,2,2,0.0465,0.7267,0.4556,1,41.84
1950,0,4,0.2301,0.6948,0.3627,0,4.34
1951,0,3,0.2281,0.5801,0.3035,0,2.08
1952,2,4,0.0168,0.7205,0.5052,1,40.69
1953,1,2,0.2606,0.2612,0.3035,1,21.94
1954,0,5,0.3463,0.4036,0.3548,0,3.06
1955,1,1,0.1178,0.5884,0.3124,0,3.2
1956,0,5,0.1768,0.5844,0.3491,0,2.19
1957,2,3,0.2281,0.2578,0.4229,1,33.9
1958,0,2,0.1135,0.2163,0.1481,0,3.07
1959,1,1,0.0399,0.3477,0.2289,1,93.61
1960,0,4,0.1577,0.5785,0.3119,1,45.4
1961,2,2,0.1577,0.4166,0.4115,0,2.81
1962,1,4,0.1206,0.4799,0.3762,1,20.62
1963,0,1,0.3611,0.5386,0.273,1,78.21
1964,0,4,0.1211,0.6509,0.3191,0,3.37
1965,0,3,0.1094,0.3765,0.2169,1,10.11
1966,1,3,0.2492,0.2476,0.3267,0,1.91
1967,1,1,0.1502,0.5796,0.32,0,2.52
1968,0,4,0.2082,0.1925,0.2306,0,3.09
1969,1,4,0.1211,0.4154,0.3602,1,25.09
1970,1,1,0.1211,0.5727,0.3095,0,1.62
1971,2,4,0.1094,0.5256,0.4842,0,3.29
1972,2,3,0.1206,0.6075,0.4781,1,70.43
1973,1,3,0.1768,0.662,0.4085,0,1.74
1974,0,3,0.1674,0.408,0.2422,0,3.03
1975,0,3,0.3266,0.6144,0.3416,0,2.11
1976,0,1,0.0399,0.246,0.1035,0,2.56
1977,1,5,0.2281,0.1927,0.3666,1,97.13
1978,1,2,0.3485,0.3795,0.3594,0,4.07
1979,1,3,0.0836,0.2525,0.2782,0,3.53
1980,1,1,0.5295,0.8237,0.4948,1,33.66
1981,0,4,0.335,0.5377,0.3549,0,2.48
1982,0,4,0.2606,0.8062,0.3997,1,34.36
1983,0,1,0.0465,0.84,0.254,0,1.6
1984,2,5,0.0437,0.5915,0.511,0,2.42
1985,0,5,0.1178,0.4751,0.3041,0,2.6
1986,0,5,0.3463,0.7493,0.4412,1,164.94
1987,1,4,0.2606,0.9411,0.5335,0,1.64
1988,2,2,0.2771,0.6684,0.5102,1,32.31
1989,0,5,0.1178,0.3171,0.2646,0,2.14
1990,1,2,0.1757,0.5815,0.3581,1,76.13
1991,1,2,0.1476,0.5959,0.3533,0,1.63
1992,0,3,0.2492,0.7485,0.3519,1,40.51
1993,1,3,0.0399,0.4788,0.3217,0,2.4
1994,1,5,0.1674,0.4118,0.4032,1,26.4
1995,0,5,0.0465,0.337,0.2482,1,67.06
1996,0,3,0.183,0.3857,0.2413,0,3.06
1997,0,2,0.1178,0.3688,0.1875,0,4.72
1998,0,1,0.3294,0.1222,0.1594,0,2.49
1999,1,1,0.4038,0.5375,0.3855,1,160.76
2000,0,2,0.2281,0.5125,0.2566,0,1.43
2001,0,1,0.1476,0.608,0.2263,0,3.89
2002,1,2,0.1166,0.7193,0.3748,0,2.24
2003,0,1,0.1051,0.4653,0.1779,0,1.32
2004,1,4,0.3266,0.2756,0.3869,1,22.17
2005,1,2,0.2878,0.4845,0.3675,0,1.23
2006,1,5,0.1382,0.6464,0.4531,1,69.88
2007,0,2,0.183,0.5155,0.2438,0,2.73
2008,0,2,0.2372,0.5119,0.2591,1,41.32
2009,0,3,0.2906,0.4381,0.2867,1,280.63
2010,2,3,0.2372,0.5898,0.5086,1,32.71
2011,0,1,0.335,0.2598,0.1954,0,3.39
2012,1,5,0.1178,0.7153,0.4642,1,32.68
2013,1,1,0.2301,0.1422,0.2346,0,1.68
2014,0,2,0.2727,0.4586,0.2565,1,29.58
2015,0,5,0.3611,0.544,0.3943,1,42.52
2016,0,2,0.2878,0.8456,0.3577,0,3.1
2017,0,3,0.2906,1.0,0.4272,1,41.79
2018,1,5,0.183,0.4236,0.4108,0,2.61
2019,1,4,0.0437,0.832,0.4411,1,111.35
2020,0,3,0.335,0.6762,0.3596,1,23.24
2021,1,4,0.1904,0.4821,0.3976,1,192.13
2022,1,5,0.4038,0.5988,0.5208,1,34.85
2023,0,4,0.5295,0.4021,0.3794,1,25.08
2024,2,3,0.5395,0.5723,0.5949,1,117.75
2025,1,1,0.5395,0.6179,0.4463,1,85.64
2026,1,1,0.1094,0.2515,0.2257,0,2.96
2027,0,2,0.1206,0.6514,0.259,1,67.5
2028,1,5,0.2281,0.5071,0.4452,1,23.84
2029,0,5,0.2606,0.2239,0.2842,0,2.65
2030,1,3,0.223,0.6411,0.4172,1,88.65
2031,0,2,0.2853,0.4022,0.2461,0,2.81
2032,1,4,0.2281,0.4005,0.3886,0,1.08
2033,1,2,0.299,0.1477,0.2866,0,2.04
2034,0,5,0.1768,0.4298,0.3105,1,42.83
2035,0,2,0.223,0.4902,0.2494,0,2.75
2036,0,4,0.5295,0.4882,0.4009,0,1.38
2037,0,5,0.1179,0.3974,0.2847,1,61.72
2038,1,3,0.1166,0.9138,0.4534,0,1.66
2039,1,3,0.335,0.4932,0.4138,1,74.31
2040,2,1,0.2301,0.7387,0.4837,1,33.43
2041,0,3,0.1768,0.6668,0.3097,0,0.97
2042,1,2,0.5295,0.4086,0.421,1,27.98
2043,2,4,0.1206,0.6191,0.511,0,2.15
2044,0,4,0.2906,0.5322,0.3402,1,33.2
2045,2,5,0.1211,0.3378,0.4708,1,70.85
2046,1,3,0.4038,0.327,0.3929,1,20.89
2047,1,1,0.335,0.315,0.3093,1,18.36
2048,1,4,0.2853,0.3652,0.3969,1,38.66
2049,1,3,0.3485,0.6926,0.4677,1,44.66
2050,1,1,0.1476,0.3226,0.2549,0,2.88
2051,0,4,0.2562,0.7462,0.3834,0,2.98
2052,1,1,0.2606,0.6991,0.383,1,23.92
2053,0,5,0.2606,0.4766,0.3473,0,2.45
2054,0,2,0.0911,0.444,0.1983,0,1.21
2055,0,3,0.3463,0.4572,0.3082,0,1.77
2056,1,4,0.1768,0.1454,0.3094,0,2.0
2057,1,5,0.1051,0.4967,0.4057,1,83.61
2058,1,2,0.3611,0.5706,0.411,1,22.24
2059,0,4,0.2372,0.3948,0.2899,0,2.25
2060,2,5,0.4038,0.4692,0.5884,1,64.7
2061,1,2,0.0911,0.6454,0.3487,1,72.61
2062,2,2,0.1757,0.2545,0.3763,0,1.65
2063,0,1,0.4038,0.4495,0.2635,0,3.03
2064,1,3,0.2606,0.3309,0.3509,1,40.37
2065,0,1,0.1051,0.2495,0.1239,1,19.46
2066,0,3,0.3266,0.4553,0.3018,0,3.81
2067,0,3,0.0437,0.413,0.2064,0,2.13
2068,1,4,0.2372,0.5264,0.4228,1,149.02
2069,0,3,0.163,0.179,0.1836,0,1.0
2070,1,3,0.1135,0.4902,0.3466,0,2.09
2071,1,4,0.1476,0.02,0.2693,0,2.56
2072,1,3,0.1502,0.5889,0.3823,0,3.04
2073,2,4,0.2878,0.43,0.5138,0,2.31
2074,0,3,0.2492,0.4347,0.2734,0,3.83
2075,0,2,0.2906,0.2932,0.2205,0,1.71
2076,0,1,0.0719,0.6316,0.2095,0,2.74
2077,0,1,0.0465,0.6372,0.2032,0,2.08
2078,1,1,0.1206,0.5009,0.2914,0,2.07
2079,1,1,0.1206,0.4902,0.2887,0,3.2
2080,0,5,0.223,0.6742,0.3854,1,32.42
2081,1,1,0.0465,0.5669,0.2857,1,57.53
2082,2,2,0.183,0.3528,0.4031,1,35.8
2083,1,1,0.1166,0.4255,0.2714,1,76.97
2084,0,3,0.2372,0.5167,0.2903,1,36.91
2085,0,5,0.0437,0.2761,0.2321,1,33.29
2086,1,4,0.3463,0.4915,0.4468,1,16.63
2087,0,3,0.1135,0.6897,0.2965,1,76.55
2088,0,1,0.2853,0.6574,0.2799,0,1.93
2089,0,2,0.2906,0.3311,0.23,0,2.38
2090,1,5,0.5295,0.3174,0.4882,1,46.37
2091,1,3,0.1135,0.7904,0.4216,0,1.91
2092,2,3,0.1135,0.1772,0.3683,1,14.04
2093,0,1,0.335,0.3653,0.2218,1,43.99
2094,0,3,0.0911,0.3508,0.205,0,3.08
2095,0,5,0.0437,0.5111,0.2909,1,203.76
2096,0,1,0.1135,0.6132,0.2174,0,2.27
2097,2,4,0.2281,0.3994,0.4883,0,5.12
2098,1,4,0.1206,0.6453,0.4175,0,2.39
2099,1,1,0.2757,0.2151,0.2665,0,3.4
2100,1,1,0.1768,0.6515,0.3459,0,2.35
2101,0,3,0.2492,0.7475,0.3516,1,37.46
2102,0,5,0.2878,0.9968,0.4855,1,123.14
2103,0,1,0.4038,0.3766,0.2453,0,2.52
2104,0,3,0.1904,0.6857,0.3185,0,1.65
2105,1,5,0.1904,0.4404,0.4172,1,278.79
2106,1,1,0.2878,0.2129,0.2696,0,2.59
2107,1,2,0.1577,0.6044,0.3584,1,45.78
2108,1,1,0.2082,0.3772,0.2868,0,2.37
2109,0,5,0.1768,0.4785,0.3227,0,1.8
2110,1,2,0.1768,0.2478,0.275,1,64.57
2111,1,3,0.0465,0.2373,0.2633,1,52.0
2112,0,3,0.4038,0.645,0.3724,0,1.66
2113,1,1,0.3266,0.3706,0.3206,1,18.55
2114,0,5,0.223,0.4074,0.3188,1,31.86
2115,0,3,0.3611,0.1515,0.2362,0,2.98
2116,2,1,0.1577,0.5087,0.4045,0,2.9
2117,1,3,0.1178,0.8378,0.4348,1,127.03
2118,0,2,0.299,0.6107,0.3024,1,75.57
2119,1,1,0.2757,0.5944,0.3613,1,82.83
2120,1,2,0.1166,0.2938,0.2684,1,56.97
2121,0,1,0.2727,0.339,0.1966,0,2.11
2122,0,2,0.2372,0.2261,0.1877,0,5.04
2123,1,4,0.1012,0.3644,0.3415,0,1.69
2124,1,1,0.5295,0.5046,0.415,1,41.36
2125,1,2,0.0719,0.57,0.3241,1,51.72
2126,1,5,0.1382,0.4127,0.3946,1,52.18
2127,1,5,0.3294,0.4578,0.4633,1,51.29
2128,0,2,0.2606,0.5155,0.2671,0,2.74
2129,2,1,0.1757,0.3946,0.3814,1,25.13
2130,0,2,0.1206,0.3039,0.1722,0,3.07
2131,1,5,0.223,0.4412,0.4272,1,48.8
2132,1,4,0.1476,0.8017,0.4647,1,51.41
2133,0,2,0.2082,0.4155,0.2263,0,1.19
2134,0,2,0.2301,0.5136,0.2574,1,65.49
2135,1,2,0.5295,0.555,0.4576,1,56.99
2136,1,5,0.0465,0.0983,0.2885,1,91.43
2137,0,2,0.183,0.2922,0.188,1,92.1
2138,0,2,0.2082,0.4434,0.2333,0,1.44
2139,1,3,0.5395,0.4739,0.4703,1,47.96
2140,0,3,0.1382,0.349,0.2187,0,3.13
2141,1,3,0.1206,0.6702,0.3937,0,2.31
2142,1,2,0.1757,0.812,0.4157,1,62.22
2143,0,4,0.3611,0.2876,0.3002,0,3.74
2144,0,5,0.2606,0.5482,0.3652,1,60.71
2145,0,3,0.2771,0.4416,0.2835,0,4.3
2146,0,4,0.2906,0.2534,0.2705,0,1.49
2147,1,2,0.2281,0.7075,0.4053,1,49.6
2148,1,3,0.5295,0.2057,0.4003,1,16.9
2149,2,5,0.1135,0.5036,0.51,1,109.22
2150,0,3,0.2301,0.571,0.3018,1,32.48
2151,0,5,0.2082,0.5259,0.3439,0,1.82
2152,1,2,0.1178,0.4369,0.3046,1,131.67
2153,0,4,0.183,0.3018,0.2503,1,48.09
2154,0,4,0.2757,0.1557,0.2416,1,29.47
2155,0,2,0.3463,0.4508,0.2766,0,3.39
2156,0,2,0.1211,0.6265,0.253,1,42.76
2157,2,4,0.2878,0.7329,0.5896,1,39.25
2158,0,1,0.0465,0.7767,0.2381,0,2.55
2159,1,1,0.1502,0.5941,0.3236,0,1.96
2160,1,2,0.4038,0.4537,0.3946,0,3.21
2161,2,4,0.2492,0.5636,0.5357,1,416.86
2162,2,3,0.2878,0.4729,0.4946,0,2.17
2163,2,3,0.2492,0.4845,0.4859,1,122.27
2164,0,2,0.2301,0.5827,0.2747,1,64.26
2165,0,4,0.0399,0.6144,0.2856,0,3.55
2166,1,5,0.0168,0.4932,0.3783,1,80.06
2167,0,1,0.1135,0.3184,0.1436,0,3.64
2168,0,3,0.1502,0.5534,0.2734,1,20.7
2169,1,1,0.3485,0.2006,0.2847,0,1.29
2170,1,4,0.1382,0.5771,0.4057,1,37.71
2171,0,3,0.1476,0.7344,0.3179,0,1.8
2172,1,4,0.2853,0.5479,0.4426,0,3.77
2173,0,3,0.2082,0.5375,0.2868,0,2.45
2174,3,2,0.1206,0.4721,0.5142,1,93.48
2175,2,2,0.2301,0.7782,0.5236,1,114.29
2176,0,3,0.2878,0.4447,0.2875,0,2.24
2177,1,4,0.163,0.2348,0.3276,0,2.46
2178,1,5,0.1904,0.2129,0.3603,0,3.12
2179,1,5,0.1206,0.5858,0.4326,0,1.91
2180,2,1,0.1577,0.4755,0.3962,0,1.61
2181,0,5,0.1051,0.2867,0.2532,0,2.09
2182,0,1,0.0399,0.4142,0.1455,1,15.04
2183,1,3,0.0836,0.3271,0.2969,0,1.83
2184,0,1,0.299,0.6084,0.2718,0,2.85
2185,1,4,0.4038,0.6478,0.5031,0,3.33
2186,1,1,0.3463,0.5414,0.3692,1,40.48
2187,1,4,0.2492,0.6001,0.4448,1,17.01
2188,0,1,0.1577,0.3427,0.163,1,50.22
2189,1,3,0.1012,0.5658,0.3618,0,2.54
2190,1,5,0.1166,0.5403,0.4201,0,1.59
2191,1,1,0.1757,0.5142,0.3113,0,4.89
2192,0,3,0.0168,0.4849,0.2163,0,3.58
2193,1,1,0.2492,0.0311,0.2125,1,17.72
2194,2,5,0.1012,0.4078,0.4823,1,77.2
2195,0,5,0.2727,0.407,0.3336,0,2.77
2196,0,4,0.1757,0.4189,0.2774,1,25.78
2197,1,3,0.2372,0.3837,0.3571,1,54.6
2198,1,2,0.299,0.3248,0.3309,1,67.06
2199,0,5,0.1757,0.6707,0.3704,1,16.43
2200,0,5,0.1211,0.259,0.2511,1,44.45
2201,1,2,0.1206,0.4053,0.2975,0,2.4
2202,1,4,0.1382,0.3632,0.3523,1,30.66
2203,1,3,0.0465,0.6594,0.3688,0,1.74
2204,0,3,0.2492,0.4244,0.2709,0,1.25
2205,0,1,0.2771,0.3273,0.195,0,1.33
2206,0,3,0.1051,0.7092,0.2988,1,17.48
2207,1,4,0.1178,0.5448,0.3915,1,142.49
2208,0,2,0.1166,0.2395,0.1549,0,2.92
2209,2,1,0.2492,0.711,0.4825,1,32.16
2210,1,4,0.0719,0.1153,0.2704,0,1.72
2211,1,2,0.1179,0.2497,0.2578,1,114.86
2212,1,5,0.1577,0.4752,0.4161,0,4.09
2213,1,5,0.299,0.601,0.49,0,1.32
2214,0,1,0.335,0.646,0.292,0,0.84
2215,2,3,0.1502,0.3344,0.4187,1,66.04
2216,0,4,0.3294,0.7698,0.4113,1,22.65
2217,0,1,0.2606,0.4786,0.2278,0,3.13
2218,1,4,0.1904,0.4048,0.3783,0,1.81
2219,1,1,0.335,0.3005,0.3056,0,2.54
2220,1,4,0.1674,0.7089,0.4474,1,92.91
2221,1,1,0.1476,0.57,0.3168,1,23.46
2222,1,1,0.1476,0.9921,0.4223,1,49.27
2223,1,5,0.1206,0.5176,0.4156,1,38.72
2224,0,2,0.163,0.3967,0.2081,0,4.32
2225,1,1,0.1135,0.5999,0.314,0,3.02
2226,1,4,0.1502,0.2813,0.3354,0,1.93
2227,0,4,0.1502,0.5709,0.3078,0,3.15
2228,0,2,0.0437,0.3382,0.1577,0,1.85
2229,0,2,0.1012,0.7756,0.2843,0,1.8
2230,1,4,0.2906,0.4232,0.413,1,40.94
2231,1,2,0.299,0.0654,0.266,1,55.28
2232,0,5,0.1094,0.4898,0.3053,0,2.39
2233,1,5,0.2492,0.4554,0.4386,0,2.22
2234,1,5,0.2281,0.5841,0.4645,0,4.1
2235,2,2,0.1211,0.3294,0.3787,0,1.48
2236,0,3,0.1135,0.7975,0.3234,0,3.69
2237,0,2,0.1094,0.6812,0.2631,0,1.35
2238,2,4,0.2281,0.2122,0.4415,1,118.09
2239,0,4,0.3266,0.2562,0.282,0,1.75
2240,2,5,0.0911,0.3602,0.4674,0,1.03
2241,0,3,0.163,0.4236,0.2448,0,3.64
2242,0,5,0.183,0.4896,0.3273,1,53.57
2243,1,3,0.163,0.1412,0.2742,0,3.59
2244,1,3,0.183,0.4503,0.3575,1,32.6
2245,1,1,0.1094,0.4933,0.2861,1,25.01
2246,1,4,0.2301,0.265,0.3553,1,50.78
2247,0,3,0.0437,0.6844,0.2742,0,2.02
2248,1,2,0.3294,0.2613,0.3241,0,2.6
2249,0,1,0.1577,0.5135,0.2057,0,0.85
2250,1,4,0.0399,0.354,0.3205,1,33.68
2251,1,5,0.1757,0.0811,0.323,1,87.56
2252,1,5,0.3266,0.3632,0.4388,0,2.53
2253,2,3,0.1012,0.5636,0.4613,1,75.47
2254,1,2,0.5295,0.3163,0.3979,1,31.08
2255,0,1,0.2771,0.1805,0.1583,0,0.9
2256,0,4,0.5395,0.4821,0.4024,0,3.31
2257,0,1,0.1135,0.3738,0.1575,0,1.55
2258,1,1,0.1476,0.6333,0.3326,1,87.22
2259,0,1,0.1904,0.4043,0.1882,0,2.14
2260,2,5,0.0465,0.2177,0.4184,1,21.6
2261,1,2,0.0836,0.6162,0.3391,0,4.14
2262,2,3,0.1179,0.5362,0.4594,1,56.44
2263,0,5,0.2606,0.5994,0.378,1,71.05
2264,1,2,0.299,0.6501,0.4122,1,77.35
2265,2,1,0.1382,0.3302,0.354,1,43.36
2266,1,5,0.1211,0.3313,0.3692,1,56.09
2267,1,4,0.1051,0.5172,0.3808,1,33.05
2268,1,1,0.2771,0.5727,0.3563,0,2.05
2269,1,5,0.1757,0.5798,0.4477,1,35.84
2270,0,2,0.3266,0.5827,0.3037,0,2.56
2271,1,1,0.0399,0.3543,0.2305,0,3.68
2272,0,3,0.1674,0.63,0.2977,1,53.69
2273,1,3,0.3463,0.2056,0.3453,0,3.91
2274,1,4,0.1382,0.5665,0.4031,1,98.6
2275,0,2,0.1206,0.4617,0.2116,0,4.98
2276,0,2,0.2771,0.4826,0.2638,0,2.03
2277,0,1,0.1178,0.3707,0.158,0,2.83
2278,0,1,0.0168,0.1297,0.0675,0,4.11
2279,0,4,0.2878,0.4771,0.3256,1,46.66
2280,1,5,0.3463,0.7253,0.5352,1,94.08
2281,1,4,0.1178,0.685,0.4266,1,81.58
2282,0,1,0.2301,0.5504,0.2366,1,19.45
2283,0,4,0.5395,0.2687,0.349,1,30.01
2284,1,1,0.2281,0.7975,0.3978,0,3.14
2285,1,4,0.1135,0.4866,0.3757,1,8.52
2286,2,1,0.183,0.3997,0.3848,1,30.36
2287,0,5,0.1476,0.5573,0.3336,1,150.9
2288,2,3,0.3266,0.5042,0.514,1,35.49
2289,0,2,0.223,0.4485,0.239,0,1.12
2290,0,3,0.335,0.451,0.3032,0,1.52
2291,2,1,0.1166,0.3838,0.3609,1,124.8
2292,1,4,0.1178,0.7293,0.4377,1,112.68
2293,2,2,0.3266,0.3653,0.4493,0,2.05
2294,0,2,0.1166,0.5114,0.2228,1,40.93
2295,0,4,0.3294,0.6046,0.37,1,53.76
2296,2,2,0.5295,0.1199,0.4488,1,24.26
2297,2,2,0.0719,0.569,0.4238,1,48.43
2298,1,3,0.1211,0.6628,0.392,1,15.97
2299,0,1,0.163,0.575,0.2226,0,2.31
2300,0,3,0.2606,0.648,0.3302,1,76.07
2301,0,3,0.2906,0.101,0.2024,0,2.27
2302,0,1,0.1178,0.4106,0.168,0,3.86
2303,1,4,0.3266,0.5546,0.4566,1,59.47
2304,0,2,0.0836,0.5112,0.2129,0,1.08
2305,0,5,0.0399,0.6223,0.3175,0,2.74
2306,1,3,0.1012,0.4409,0.3306,0,1.39
2307,0,1,0.0399,0.8374,0.2513,0,2.0
2308,1,4,0.2082,0.6237,0.4384,1,109.91
2309,1,3,0.1768,0.7883,0.4401,0,2.51
2310,1,2,0.1382,0.591,0.3492,1,28.21
2311,1,5,0.3611,0.5369,0.4926,1,34.1
2312,0,3,0.3485,0.4861,0.3161,1,35.42
2313,1,1,0.2562,0.074,0.2254,0,1.46
2314,2,5,0.1166,0.1951,0.4338,0,1.84
2315,0,2,0.3463,0.4537,0.2773,0,1.03
2316,1,4,0.2757,0.5752,0.4465,1,162.89
2317,1,3,0.2281,0.5337,0.3919,1,119.41
2318,0,4,0.3485,0.3497,0.312,0,2.1
2319,0,4,0.1051,0.6489,0.3138,0,3.35
2320,1,3,0.335,0.3576,0.3799,1,27.88
2321,1,5,0.1577,0.2686,0.3645,1,75.47
2322,0,5,0.3463,0.238,0.3134,1,157.57
2323,0,2,0.3266,0.5286,0.2901,0,1.93
2324,1,2,0.1382,0.6009,0.3517,0,1.38
2325,0,1,0.1674,0.529,0.2125,1,42.81
2326,1,3,0.2727,0.686,0.4433,1,99.9
2327,0,4,0.1382,0.2086,0.2136,0,1.13
2328,1,2,0.0465,0.1721,0.217,0,2.62
2329,0,4,0.1206,0.4751,0.275,1,12.87
2330,0,1,0.4038,0.2146,0.2048,0,1.94
2331,1,2,0.2562,0.6954,0.4107,1,71.19
2332,1,5,0.2082,0.4031,0.4132,1,73.44
2333,1,1,0.183,0.651,0.3476,1,20.2
2334,1,2,0.2562,0.1164,0.266,0,1.51
2335,2,1,0.0399,0.5976,0.3914,1,29.54
2336,1,4,0.2727,0.5242,0.4329,1,176.71
2337,1,5,0.0465,0.329,0.3462,0,1.17
2338,0,2,0.2606,0.8425,0.3488,1,24.83
2339,0,1,0.0168,0.4336,0.1434,1,47.68
2340,1,5,0.2853,0.4142,0.4391,0,3.26
2341,0,2,0.2492,0.4501,0.2473,1,18.96
2342,0,1,0.0437,0.552,0.1811,1,12.99
2343,1,4,0.2757,0.4165,0.4068,0,3.0
2344,1,4,0.1502,0.0644,0.2812,0,1.9
2345,1,3,0.1382,0.2625,0.2971,0,1.82
2346,0,3,0.1382,0.3994,0.2313,0,3.69
2347,2,3,0.1674,0.1486,0.3774,0,1.63
2348,0,4,0.0465,0.3506,0.2216,0,5.69
2349,1,1,0.2281,0.1779,0.2429,0,2.7
2350,0,2,0.223,0.2868,0.1986,0,2.73
2351,0,3,0.2281,0.3922,0.2565,0,1.52
2352,1,5,0.1502,0.2598,0.36,0,3.61
2353,1,2,0.163,0.349,0.2961,0,2.75
2354,1,2,0.1178,0.757,0.3846,1,17.8
2355,0,4,0.2606,0.5226,0.3288,0,1.21
2356,0,4,0.2372,0.0331,0.1994,0,3.32
2357,1,5,0.1382,0.6328,0.4497,1,76.34
2358,0,3,0.1051,0.5209,0.2518,0,2.46
2359,0,1,0.1577,0.595,0.2261,0,1.65
2360,0,2,0.183,0.2438,0.1758,0,3.48
2361,0,1,0.1206,0.1914,0.114,0,1.75
2362,0,5,0.2878,0.5333,0.3697,0,3.01
2363,1,1,0.223,0.4799,0.3169,1,65.67
2364,2,4,0.183,0.6167,0.5291,1,49.23
2365,2,2,0.2878,0.5344,0.4799,1,114.16
2366,1,2,0.2606,0.4889,0.3604,0,3.77
2367,0,5,0.3266,0.312,0.326,0,2.78
2368,1,3,0.1674,0.3222,0.3208,1,59.02
2369,0,1,0.1179,0.1837,0.1113,0,1.55
2370,2,1,0.2771,0.261,0.3784,0,2.31
2371,1,1,0.1768,0.0763,0.2021,1,118.22
2372,0,2,0.2281,0.6634,0.2943,1,130.67
2373,1,5,0.1094,0.3946,0.3815,1,129.25
2374,1,5,0.223,0.4747,0.4356,1,69.87
2375,1,3,0.1051,0.3848,0.3177,0,2.55
2376,0,5,0.1051,0.429,0.2888,1,22.62
2377,0,5,0.2757,0.5494,0.3701,0,1.67
2378,2,4,0.3485,0.3517,0.5125,1,101.85
2379,1,3,0.5295,0.5472,0.4856,0,2.2
2380,1,1,0.2082,0.526,0.324,1,19.61
2381,1,3,0.1768,0.5303,0.3756,1,25.47
2382,2,4,0.3463,0.2349,0.4826,1,103.44
2383,0,1,0.2906,0.0835,0.1381,0,1.53
2384,0,3,0.0168,0.4142,0.1986,0,3.01
2385,1,4,0.1206,0.5999,0.4062,1,81.97
2386,0,2,0.1577,0.5474,0.2442,1,82.84
2387,1,2,0.0719,0.5278,0.3135,1,31.25
2388,1,3,0.2562,0.4512,0.3797,1,41.48
2389,0,5,0.0465,0.5534,0.3023,1,54.65
2390,1,3,0.1382,0.6254,0.3878,0,2.8
2391,1,5,0.2301,0.5382,0.4536,1,27.31
2392,1,2,0.5395,0.854,0.5354,1,80.33
2393,0,5,0.0836,0.3765,0.2692,0,3.19
2394,0,2,0.0168,0.6244,0.2211,0,2.24
2395,0,5,0.1135,0.6365,0.3432,0,2.48
2396,1,1,0.2727,0.5045,0.3379,0,3.55
2397,1,2,0.2301,0.5054,0.3554,1,15.09
2398,1,3,0.0437,0.6355,0.362,0,1.41
2399,0,1,0.335,0.7627,0.3212,0,2.58
2400,0,2,0.1206,0.3835,0.1921,1,35.17
2401,0,3,0.1094,0.7451,0.3091,0,0.8
2402,0,4,0.2301,0.5925,0.3372,0,2.03
2403,0,1,0.299,0.5619,0.2602,1,19.71
2404,1,2,0.1674,1.0,0.4602,1,33.39
2405,0,4,0.1577,0.1781,0.2118,0,2.21
2406,0,4,0.299,0.485,0.3309,1,46.67
2407,1,4,0.5395,0.2865,0.4535,1,132.53
2408,1,2,0.0437,0.5176,0.3025,1,9.4
2409,1,1,0.1135,0.3872,0.2608,0,2.09
2410,0,5,0.183,0.6897,0.3773,1,151.91
2411,0,5,0.1094,0.3119,0.2608,0,1.41
2412,0,3,0.0836,0.3121,0.1931,1,73.84
2413,0,5,0.0465,0.3428,0.2496,1,56.76
2414,0,3,0.0911,0.5068,0.244,0,1.85
2415,0,5,0.1757,0.6743,0.3713,0,2.28
2416,1,3,0.0465,0.5414,0.3393,0,2.68
2417,0,4,0.0911,0.7251,0.3286,0,2.53
2418,0,5,0.1211,0.7333,0.3697,0,3.12
2419,0,2,0.163,0.3472,0.1957,0,2.71
2420,1,5,0.3485,0.3711,0.4473,1,7.81
2421,1,2,0.299,0.3471,0.3365,0,1.93
2422,1,2,0.3266,0.3504,0.3456,0,5.36
2423,0,5,0.2853,0.2087,0.2878,1,54.46
2424,0,3,0.1757,0.3462,0.2293,0,2.26
2425,1,5,0.163,0.2314,0.3568,1,50.22
2426,0,2,0.1476,0.4874,0.2261,1,20.18
2427,0,1,0.2727,0.4753,0.2306,0,2.73
2428,1,4,0.2372,0.0682,0.3082,0,2.95
2429,2,2,0.5295,0.7693,0.6112,1,95.13
2430,1,1,0.3266,0.5597,0.3679,1,11.9
2431,1,4,0.2906,0.4185,0.4118,1,141.67
2432,0,5,0.1135,0.479,0.3038,1,40.38
2433,1,4,0.1166,0.1508,0.2927,0,2.3
2434,0,2,0.0399,0.2892,0.1443,0,2.49
2435,1,5,0.1674,0.3312,0.383,1,60.72
2436,0,4,0.3294,0.5899,0.3663,1,107.92
2437,0,5,0.1094,0.37,0.2753,0,1.64
2438,0,5,0.0836,0.4109,0.2778,0,2.73
2439,1,4,0.4038,0.513,0.4694,1,47.31
2440,0,1,0.2492,0.4548,0.2185,0,1.74
2441,1,5,0.3611,0.4612,0.4736,1,80.47
2442,2,1,0.1502,0.5734,0.4184,0,2.3
2443,0,2,0.223,0.4634,0.2428,1,18.55
2444,0,2,0.2757,0.3107,0.2204,1,15.8
2445,0,3,0.2492,0.7332,0.3481,0,1.28
2446,0,1,0.3611,0.4674,0.2552,0,1.74
2447,0,3,0.1012,0.5605,0.2605,0,2.01
2448,1,5,0.1166,0.3731,0.3783,0,1.77
2449,0,3,0.5295,0.5036,0.3748,1,23.8
2450,0,4,0.2372,0.3049,0.2674,1,39.84
2451,2,5,0.1211,0.3927,0.4845,1,80.79
2452,0,3,0.163,0.509,0.2662,1,102.14
2453,0,3,0.0836,0.2264,0.1717,0,2.05
2454,1,1,0.5395,0.191,0.3396,1,41.89
2455,0,1,0.1211,0.7497,0.2538,0,2.26
2456,1,5,0.2281,0.7966,0.5176,1,49.21
2457,1,4,0.1674,0.6675,0.4371,1,135.54
2458,0,2,0.2771,0.3171,0.2224,1,15.4
2459,0,4,0.0911,0.6162,0.3014,0,2.3
2460,1,1,0.0836,0.4065,0.2567,0,2.92
2461,1,1,0.1757,0.5382,0.3173,0,1.13
2462,1,3,0.1179,0.3314,0.3082,1,19.69
2463,1,5,0.1135,0.3858,0.3805,1,43.29
2464,0,1,0.3611,0.3937,0.2368,1,28.26
2465,1,3,0.0437,0.551,0.3409,0,2.11
2466,1,2,0.5295,0.1762,0.3629,0,2.87
2467,1,2,0.223,0.4661,0.3434,1,36.81
2468,1,3,0.4038,0.3681,0.4032,1,25.9
2469,1,5,0.1012,0.4988,0.4051,0,1.79
2470,1,1,0.3266,0.5208,0.3582,1,23.17
2471,0,3,0.3485,0.4114,0.2974,0,1.54
2472,0,4,0.335,0.429,0.3278,1,24.81
2473,1,1,0.2606,0.5157,0.3371,1,12.9
2474,0,4,0.0911,0.1249,0.1786,0,2.43
2475,1,2,0.1904,0.6201,0.3721,1,18.77
2476,0,4,0.2562,0.4665,0.3135,0,3.84
2477,1,4,0.2757,0.5063,0.4293,1,51.52
2478,0,5,0.1179,0.6775,0.3547,0,1.82
2479,0,4,0.5295,0.462,0.3944,0,1.31
2480,0,2,0.1577,0.2797,0.1772,0,3.65
2481,0,2,0.1094,0.7706,0.2855,0,1.64
2482,0,5,0.0437,0.4684,0.2802,1,34.79
2483,1,5,0.2372,0.5559,0.4601,1,82.62
2484,1,1,0.0399,0.3457,0.2284,0,1.95
2485,0,5,0.183,0.9119,0.4329,1,147.54
2486,1,2,0.1135,0.6965,0.3682,0,1.17
2487,0,2,0.1768,0.5217,0.2435,0,1.96
2488,1,3,0.2727,0.5149,0.4005,1,34.49
2489,3,2,0.1757,0.5378,0.5472,1,38.42
2490,2,3,0.3463,0.4634,0.5097,1,20.58
2491,2,4,0.299,0.3708,0.5024,1,48.29
2492,2,5,0.4038,0.3012,0.5464,1,89.39
2493,1,5,0.1674,0.766,0.4917,1,166.5
2494,0,4,0.1768,0.6302,0.3306,1,31.55
2495,2,2,0.1206,0.5189,0.4259,1,48.98
2496,0,3,0.1094,0.5628,0.2635,0,1.28
2497,0,4,0.2853,0.3498,0.293,0,2.32
2498,1,4,0.3463,0.21,0.3764,1,47.87
2499,0,5,0.1012,0.4617,0.2958,0,1.46
2500,0,1,0.2082,0.5354,0.2263,0,4.54
2501,2,5,0.223,0.3173,0.4962,1,91.01
2502,0,1,0.2562,0.3346,0.1905,0,2.85
2503,1,2,0.1179,0.4488,0.3076,1,41.79
2504,1,2,0.5395,0.3429,0.4076,0,1.76
2505,0,1,0.1051,0.2722,0.1296,0,3.47
2506,1,4,0.1502,0.4641,0.3811,1,282.91
2507,1,2,0.0836,0.6922,0.3581,1,68.98
2508,2,4,0.1211,0.7309,0.5391,1,102.74
2509,2,3,0.1768,0.2068,0.3947,1,109.49
2510,1,3,0.1577,0.546,0.3738,1,45.36
2511,1,5,0.1178,0.5168,0.4145,1,92.21
2512,0,4,0.5295,0.5995,0.4287,1,85.5
2513,1,5,0.1178,0.6787,0.455,1,270.11
2514,0,4,0.2757,0.3943,0.3013,0,1.61
2515,0,3,0.2082,0.3648,0.2437,1,68.72
2516,1,4,0.2562,0.5208,0.4271,1,49.92
2517,1,5,0.1012,0.2478,0.3423,1,26.73
2518,0,2,0.1577,0.4571,0.2216,1,44.72
2519,1,3,0.3611,0.318,0.3778,0,2.72
2520,0,3,0.0719,0.4156,0.2155,0,2.55
2521,1,1,0.2878,0.4318,0.3243,0,5.54
2522,1,2,0.335,0.2735,0.3289,0,1.38
2523,1,2,0.0911,0.4935,0.3107,1,54.23
2524,0,5,0.1904,0.4284,0.3142,0,2.56
2525,1,1,0.0719,0.463,0.2673,1,25.18
2526,1,1,0.2281,0.7916,0.3963,0,2.85
2527,2,2,0.3294,0.6312,0.5166,1,138.05
2528,1,1,0.3463,0.5139,0.3624,0,2.47
2529,0,1,0.3611,0.5966,0.2875,1,21.76
2530,0,5,0.0719,0.2263,0.2281,1,164.31
2531,1,3,0.1674,0.4361,0.3492,1,49.08
2532,0,2,0.3294,0.2261,0.2153,0,1.29
2533,2,2,0.4038,0.6554,0.545,1,69.28
2534,0,3,0.163,0.661,0.3042,0,2.91
2535,0,2,0.3266,0.182,0.2035,0,3.14
2536,2,4,0.3294,0.379,0.5136,1,112.28
2537,1,2,0.2492,0.6913,0.4076,1,49.54
2538,1,5,0.2301,0.4578,0.4335,1,51.85
2539,0,1,0.1206,0.7425,0.2518,0,2.21
2540,1,5,0.2771,0.5449,0.4694,1,72.27
2541,1,3,0.0399,0.2156,0.2559,0,2.67
2542,1,1,0.3485,0.4739,0.353,1,41.34
2543,1,5,0.1757,0.7362,0.4868,1,72.52
2544,1,4,0.2301,0.4075,0.3909,1,93.36
2545,0,4,0.1211,0.5251,0.2876,1,50.21
2546,0,5,0.3294,0.4184,0.3534,1,14.08
2547,2,4,0.3463,0.4141,0.5274,1,66.67
2548,1,5,0.1206,0.574,0.4297,1,80.85
2549,1,5,0.1382,0.1324,0.3246,0,1.97
2550,0,3,0.2082,0.5697,0.2949,1,40.73
2551,1,3,0.0719,0.3314,0.2944,0,1.57
2552,2,4,0.1502,0.6046,0.5162,1,27.08
2553,1,4,0.1476,0.5329,0.3975,0,1.86
2554,0,4,0.1012,0.1226,0.181,0,2.92
2555,0,5,0.2878,0.3397,0.3213,1,12.75
2556,1,4,0.1502,0.4505,0.3777,1,32.48
2557,0,4,0.1179,0.6008,0.3056,1,38.42
2558,0,3,0.2372,0.471,0.2789,0,2.33
2559,1,1,0.5295,0.4588,0.4035,0,2.96
2560,1,1,0.2878,0.2915,0.2892,1,57.23
2561,0,1,0.1206,0.2437,0.1271,0,1.83
2562,1,2,0.2906,0.4155,0.3511,0,2.65
2563,0,2,0.1577,0.3559,0.1963,1,20.89
2564,0,3,0.5395,0.3516,0.3398,0,1.74
2565,2,2,0.1768,0.2558,0.377,1,57.9
2566,1,4,0.1051,0.7079,0.4285,1,62.13
2567,1,2,0.183,0.2454,0.2762,1,75.5
2568,2,4,0.335,0.5128,0.5487,1,149.94
2569,0,1,0.1476,0.4409,0.1845,0,1.75
2570,0,1,0.1166,0.4176,0.1694,1,104.4
2571,1,5,0.163,0.216,0.3529,1,19.11
2572,1,5,0.2771,0.6385,0.4928,0,1.29
2573,1,5,0.2492,0.6025,0.4754,1,25.1
2574,0,4,0.3611,0.4977,0.3528,1,87.12
2575,1,3,0.2082,0.4593,0.3673,1,49.43
2576,1,2,0.1382,0.3999,0.3014,0,2.11
2577,1,3,0.1206,0.8292,0.4335,1,59.65
2578,0,1,0.1502,0.6741,0.2436,1,13.2
2579,2,1,0.2301,0.2946,0.3727,1,163.19
2580,2,1,0.1757,0.6053,0.434,1,123.54
2581,0,4,0.2906,0.5902,0.3547,1,9.49
2582,1,3,0.1094,0.2446,0.284,1,68.85
2583,0,4,0.2757,0.4003,0.3028,0,1.97
2584,0,4,0.0437,0.6231,0.2889,1,48.58
2585,0,3,0.0437,0.4891,0.2254,0,2.25
2586,0,3,0.1382,0.4477,0.2434,0,2.71
2587,2,4,0.0168,0.8618,0.5405,1,220.83
2588,0,3,0.3485,0.7532,0.3829,1,26.38
2589,0,1,0.2082,0.6477,0.2544,1,24.09
2590,0,3,0.1577,0.4291,0.2446,1,61.93
2591,1,5,0.0911,0.3368,0.3615,1,94.67
2592,0,2,0.2906,0.4105,0.2498,0,2.37
2593,0,4,0.2853,0.3099,0.2831,0,3.58
2594,1,4,0.4038,0.4604,0.4562,1,99.42
2595,1,3,0.2492,0.3806,0.3599,0,2.6
2596,1,3,0.2082,0.3827,0.3481,1,22.51
2597,0,4,0.2301,0.6274,0.3459,0,4.36
2598,1,3,0.2082,0.604,0.4035,1,14.43
2599,1,1,0.2878,0.5062,0.3429,1,36.54
2600,1,4,0.299,0.5255,0.4411,1,44.47
2601,1,4,0.223,0.5935,0.4353,1,29.79
2602,1,3,0.2906,0.5383,0.4118,0,1.3
2603,1,1,0.1211,0.505,0.2926,0,1.99
2604,0,5,0.0719,0.7163,0.3506,0,1.43
2605,0,4,0.223,0.3477,0.2738,0,3.32
2606,2,3,0.1135,0.5326,0.4572,1,92.44
2607,2,3,0.1211,0.1801,0.3714,1,43.48
2608,2,4,0.2562,0.4352,0.5057,0,2.44
2609,0,4,0.0836,0.5491,0.2824,1,10.57
2610,0,3,0.335,0.2335,0.2489,1,20.64
2611,1,3,0.2906,0.2513,0.34,1,35.0
2612,1,4,0.1051,0.8026,0.4522,1,25.1
2613,0,3,0.2727,0.5058,0.2983,0,2.83
2614,1,5,0.1179,0.4811,0.4056,1,107.26
2615,0,5,0.0168,0.8008,0.3552,1,61.14
2616,1,4,0.1577,0.5691,0.4096,0,2.81
2617,1,4,0.335,0.5804,0.4656,1,48.8
2618,0,2,0.2757,0.464,0.2587,0,3.01
2619,0,1,0.1206,0.7185,0.2458,0,2.4
2620,0,4,0.1502,0.6319,0.323,1,30.11
2621,1,5,0.1768,0.5413,0.4384,1,88.44
2622,1,3,0.2906,0.7304,0.4598,1,55.72
2623,0,1,0.1211,0.5796,0.2112,0,2.87
2624,0,3,0.0719,0.3664,0.2032,0,4.97
2625,1,5,0.1179,0.5925,0.4335,1,220.94
2626,1,3,0.2606,0.4075,0.3701,0,2.24
2627,0,3,0.5295,0.1928,0.297,0,2.89
2628,1,3,0.5295,0.3349,0.4326,1,51.13
2629,1,3,0.2492,0.4732,0.3831,0,1.7
2630,2,5,0.2727,0.3541,0.5203,1,71.04
2631,0,1,0.0168,0.2582,0.0996,0,5.59
2632,0,5,0.0465,0.5165,0.2931,1,44.85
2633,0,4,0.1674,0.3644,0.2613,1,112.15
2634,1,1,0.2771,0.9817,0.4586,1,19.02
2635,0,1,0.1757,0.4372,0.192,0,1.89
2636,1,3,0.3266,0.2441,0.349,0,2.4
2637,0,4,0.3485,0.42,0.3296,1,73.07
2638,1,3,0.2727,0.6309,0.4295,1,30.62
2639,0,3,0.1674,0.3324,0.2233,0,4.89
2640,0,4,0.3485,0.4304,0.3322,1,25.9
2641,0,3,0.183,0.2047,0.1961,0,1.37
2642,0,5,0.3611,0.3237,0.3393,1,57.04
2643,1,3,0.3463,0.1782,0.3384,0,1.81
2644,1,1,0.2771,0.3792,0.3079,0,2.25
2645,1,3,0.1012,0.546,0.3569,1,53.43
2646,1,2,0.2301,0.3853,0.3254,1,500.0
2647,1,1,0.1904,0.3314,0.27,1,79.4
2648,2,4,0.0399,0.4535,0.4453,1,127.77
2649,1,4,0.1502,0.3721,0.3581,0,2.73
2650,0,5,0.3463,0.6887,0.4261,0,2.4
2651,0,2,0.1674,0.5853,0.2565,0,2.41
2652,1,1,0.0719,0.6568,0.3158,1,55.04
2653,0,4,0.163,0.3654,0.2602,0,2.53
2654,1,1,0.1768,0.5521,0.3211,0,1.96
2655,1,5,0.183,0.5333,0.4382,0,4.23
2656,2,1,0.1577,0.478,0.3968,1,70.98
2657,0,4,0.0719,0.101,0.1668,1,16.21
2658,1,2,0.2878,0.8008,0.4465,0,1.4
2659,2,1,0.1768,0.3498,0.3705,0,2.1
2660,0,1,0.0399,0.4597,0.1569,0,3.5
2661,1,5,0.2492,0.833,0.533,1,29.86
2662,1,2,0.1768,0.463,0.3288,1,130.1
2663,0,5,0.2301,0.5398,0.354,0,3.53
2664,0,3,0.2492,0.3134,0.2431,0,2.32
2665,1,3,0.1178,0.6294,0.3827,1,57.8
2666,1,1,0.1904,0.321,0.2674,0,2.47
2667,0,2,0.1051,0.6196,0.2464,1,30.16
2668,0,2,0.2606,0.451,0.2509,1,33.3
2669,0,2,0.0719,0.3725,0.1747,0,2.23
2670,2,5,0.3485,0.59,0.602,1,57.86
2671,0,2,0.1768,0.253,0.1763,0,1.39
2672,1,2,0.0836,0.5865,0.3317,0,2.11
2673,1,1,0.223,0.308,0.2739,0,0.75
2674,0,4,0.0399,0.53,0.2645,0,1.71
2675,1,2,0.1206,0.4118,0.2991,1,30.49
2676,0,4,0.3485,0.5668,0.3662,0,1.4
2677,0,1,0.1094,0.5047,0.189,1,15.46
2678,0,3,0.2727,0.2725,0.2399,1,87.42
2679,1,3,0.2562,0.8601,0.4819,1,49.73
2680,1,1,0.163,0.1944,0.2275,0,1.96
2681,0,5,0.2562,0.5901,0.3744,1,17.22
2682,1,3,0.1904,0.6055,0.3985,1,22.93
2683,0,5,0.1382,0.3566,0.2806,1,24.1
2684,0,3,0.1757,0.4624,0.2583,0,4.08
2685,1,2,0.223,0.6521,0.3899,1,12.78
2686,1,5,0.1135,0.3721,0.3771,1,112.36
2687,1,3,0.0168,0.5368,0.3292,1,82.57
2688,0,2,0.0465,0.7325,0.2571,0,3.25
2689,2,4,0.5295,0.6385,0.6385,1,32.83
2690,0,4,0.0719,0.3936,0.24,0,3.34
2691,0,1,0.1502,0.3938,0.1735,0,5.18
2692,0,3,0.183,0.173,0.1881,1,38.32
2693,0,1,0.5295,0.5442,0.3249,0,3.09
2694,1,4,0.1012,0.4278,0.3573,0,1.46
2695,0,2,0.335,0.6493,0.3228,1,34.57
2696,1,2,0.1904,0.6566,0.3813,1,109.04
2697,1,5,0.1768,0.4022,0.4036,0,2.2
2698,0,5,0.2757,0.4457,0.3441,1,35.82
2699,0,4,0.2878,0.4763,0.3254,1,138.81
2700,0,3,0.2492,0.4677,0.2817,0,2.23
2701,0,1,0.4038,0.5593,0.291,0,2.77
2702,0,1,0.1904,0.6164,0.2412,0,2.23
2703,2,2,0.2301,0.4766,0.4482,1,59.76
2704,1,3,0.2301,0.3848,0.3552,1,31.35
2705,0,3,0.3463,0.7225,0.3745,0,2.04
2706,1,2,0.2281,0.6183,0.383,1,85.19
2707,0,2,0.1577,0.4845,0.2284,0,3.12
2708,1,3,0.0168,0.2389,0.2548,0,3.52
2709,1,5,0.2727,0.4025,0.4324,1,75.05
2710,0,1,0.1476,0.6966,0.2484,0,1.55
2711,0,3,0.0168,0.6838,0.266,0,1.88
2712,0,1,0.1051,0.407,0.1633,0,2.05
2713,1,2,0.2906,0.7119,0.4252,1,66.92
2714,0,4,0.2853,0.596,0.3546,0,2.04
2715,2,3,0.1757,0.5132,0.471,0,2.81
2716,1,1,0.2492,0.7328,0.388,1,117.07
2717,0,5,0.2727,0.3311,0.3146,1,75.02
2718,0,3,0.2372,0.5796,0.3061,1,9.3
2719,1,2,0.2878,0.3851,0.3426,0,1.45
2720,0,4,0.1757,0.2494,0.2351,1,21.69
2721,1,2,0.1211,0.832,0.4043,1,59.77
2722,0,5,0.2757,0.3584,0.3223,0,1.8
2723,1,5,0.0465,0.3571,0.3532,1,50.94
2724,1,4,0.1012,0.3458,0.3368,1,48.7
2725,0,3,0.2301,0.356,0.248,1,32.41
2726,1,2,0.1577,0.4705,0.3249,0,2.61
2727,0,5,0.0399,0.5171,0.2912,1,22.57
2728,1,5,0.1757,0.4166,0.4069,0,1.73
2729,1,2,0.2562,0.5205,0.367,1,64.15
2730,1,4,0.1166,0.6172,0.4093,0,2.32
2731,0,4,0.1382,0.3836,0.2574,1,178.39
2732,0,3,0.0911,0.2253,0.1737,0,2.25
2733,0,5,0.1382,0.4278,0.2984,0,2.37
2734,1,4,0.1476,0.8088,0.4665,1,60.65
2735,0,4,0.1012,0.502,0.2759,0,1.71
2736,1,5,0.3611,0.5702,0.5009,1,77.15
2737,0,3,0.1178,0.5995,0.2752,0,1.64
2738,1,1,0.3463,0.5644,0.375,1,35.39
2739,1,3,0.1502,0.6052,0.3864,1,8.62
2740,0,1,0.2771,0.6325,0.2713,0,3.65
2741,0,4,0.223,0.3548,0.2756,0,4.34
2742,1,5,0.2853,0.5521,0.4736,0,1.8
2743,0,4,0.1757,0.3854,0.2691,0,2.12
2744,2,2,0.1502,0.7124,0.4832,1,73.4
2745,0,5,0.0168,0.4349,0.2638,1,91.03
2746,1,1,0.2727,0.0519,0.2248,0,1.56
2747,1,3,0.2606,0.674,0.4367,1,27.68
2748,1,2,0.1211,0.4811,0.3166,0,2.51
2749,0,1,0.2771,0.429,0.2204,0,2.84
2750,1,4,0.3266,0.586,0.4645,1,88.91
2751,1,3,0.335,0.2755,0.3594,1,75.33
2752,1,1,0.5295,0.4877,0.4108,1,145.69
2753,1,4,0.3485,0.133,0.3578,0,2.1
2754,1,2,0.1674,0.297,0.2845,0,1.99
2755,0,5,0.2906,0.5548,0.3759,1,27.79
2756,0,3,0.1012,0.7735,0.3137,1,12.94
2757,1,3,0.1135,0.6783,0.3936,0,2.34
2758,1,4,0.2082,0.7053,0.4588,0,3.4
2759,1,2,0.223,0.637,0.3862,0,1.81
2760,1,5,0.5295,0.0977,0.4333,0,3.7
2761,0,1,0.1051,0.252,0.1245,0,1.95
2762,0,2,0.1674,0.604,0.2612,0,1.53
2763,0,3,0.163,0.5646,0.28,1,30.83
2764,0,4,0.2757,0.3999,0.3027,0,2.3
2765,1,4,0.1904,0.431,0.3849,1,189.94
2766,1,4,0.2727,0.7638,0.4928,1,106.15
2767,1,4,0.2562,0.1843,0.3429,1,77.03
2768,2,5,0.1757,0.4674,0.5196,0,2.05
2769,0,2,0.1577,0.4243,0.2134,0,2.45
2770,1,2,0.2301,0.7975,0.4284,0,2.63
2771,0,3,0.0399,0.5286,0.2341,1,20.55
2772,2,2,0.163,0.3033,0.3847,1,50.75
2773,0,4,0.1166,0.7424,0.3406,0,1.23
2774,1,5,0.2878,0.7001,0.5114,1,101.74
2775,0,2,0.2906,0.4683,0.2643,1,19.05
2776,1,5,0.1476,0.9411,0.5296,1,31.05
2777,0,4,0.2281,0.5199,0.3184,0,1.83
2778,1,4,0.2878,0.5445,0.4425,0,1.2
2779,1,2,0.3611,0.6396,0.4282,0,1.77
2780,0,1,0.2853,0.4315,0.2235,0,3.25
2781,1,5,0.0911,0.713,0.4556,1,32.72
2782,0,1,0.1211,0.2803,0.1364,0,2.06
2783,2,4,0.163,0.2946,0.4425,0,2.92
2784,1,5,0.223,0.3652,0.4082,1,228.83
2785,1,2,0.2727,0.7967,0.441,1,190.02
2786,0,2,0.2301,0.4874,0.2509,1,30.45
2787,2,1,0.3463,0.5477,0.4708,1,44.05
2788,0,4,0.2853,0.4189,0.3103,0,1.59
2789,0,3,0.5395,0.2876,0.3238,1,35.87
2790,1,1,0.183,0.4528,0.2981,0,3.95
2791,0,2,0.3611,0.9138,0.3968,1,37.3
2792,0,2,0.1012,0.5543,0.2289,1,13.47
2793,0,3,0.1094,0.5657,0.2642,1,59.99
2794,0,5,0.5295,0.3653,0.4002,1,69.37
2795,1,4,0.1382,0.3769,0.3557,0,2.97
2796,0,1,0.223,0.7857,0.2933,0,2.0
2797,0,3,0.2281,0.4835,0.2793,0,3.96
2798,0,1,0.1757,0.4514,0.1956,1,48.58
2799,0,1,0.1577,0.4116,0.1802,1,26.53
2800,0,5,0.2562,0.5838,0.3728,0,2.1
2801,1,5,0.0911,0.6463,0.4389,0,2.65
2802,2,1,0.1476,0.4799,0.3943,1,154.05
2803,0,2,0.0437,0.4981,0.1976,1,113.96
2804,0,5,0.2906,0.5511,0.375,1,31.9
2805,0,2,0.335,0.5494,0.2978,0,2.59
2806,0,4,0.1757,0.9744,0.4163,1,68.08
2807,0,4,0.5295,0.6455,0.4402,1,53.73
2808,1,5,0.1502,0.391,0.3928,1,32.05
2809,0,2,0.299,0.349,0.237,0,0.67
2810,0,2,0.1577,0.5329,0.2405,0,1.91
2811,1,1,0.1476,0.244,0.2353,0,3.27
2812,1,2,0.163,0.4279,0.3159,0,1.61
2813,0,5,0.3485,0.6267,0.4112,1,47.57
2814,1,4,0.3463,0.5456,0.4603,1,280.56
2815,1,3,0.223,0.4925,0.38,1,45.74
2816,0,2,0.2281,0.2783,0.198,0,3.19
2817,0,3,0.2878,0.5066,0.303,0,4.23
2818,0,3,0.0719,0.6731,0.2798,1,77.18
2819,0,1,0.2301,0.3822,0.1946,0,1.68
2820,0,1,0.2606,0.7818,0.3036,0,1.31
2821,1,5,0.3266,0.4452,0.4593,1,44.31
2822,0,5,0.335,0.4896,0.3729,1,78.4
2823,1,5,0.0168,0.5072,0.3818,1,113.1
2824,1,4,0.0465,0.4384,0.3436,1,56.75
2825,0,5,0.1674,0.4821,0.3207,0,4.51
2826,1,2,0.0465,0.297,0.2482,1,75.61
2827,0,1,0.1166,0.554,0.2035,1,169.28
2828,0,3,0.5295,0.485,0.3701,1,171.64
2829,1,5,0.3294,0.5202,0.4789,0,2.03
2830,0,5,0.1382,0.6856,0.3629,0,4.48
2831,1,3,0.0911,0.5102,0.3449,0,2.32
2832,1,4,0.2082,0.4731,0.4007,1,59.47
2833,1,3,0.335,0.5551,0.4293,1,69.64
2834,1,4,0.1166,0.2918,0.3279,0,3.27
2835,1,1,0.335,0.4339,0.339,1,5.86
2836,0,3,0.0168,0.5861,0.2416,0,2.97
2837,0,4,0.3485,0.0567,0.2387,1,89.63
2838,1,5,0.2771,0.3295,0.4155,1,23.5
2839,1,1,0.3266,0.685,0.3992,1,17.34
2840,2,1,0.2301,0.3961,0.3981,0,1.94
2841,1,4,0.0465,0.2754,0.3028,0,1.76
2842,1,1,0.1012,0.269,0.2276,0,3.9
2843,1,4,0.0465,0.2216,0.2894,1,51.65
2844,2,2,0.2082,0.3104,0.4001,1,71.97
2845,1,5,0.3611,0.5345,0.492,0,1.67
2846,1,2,0.0437,0.2415,0.2335,0,1.98
2847,0,3,0.2562,0.3202,0.2469,0,2.82
2848,0,1,0.0836,0.6819,0.2256,1,43.41
2849,0,2,0.0437,0.6696,0.2405,0,2.42
2850,0,3,0.1179,0.3473,0.2122,0,1.45
2851,0,3,0.1051,0.5709,0.2643,1,78.31
2852,1,4,0.2372,0.0942,0.3147,0,2.36
2853,1,3,0.2853,0.5502,0.4131,1,10.19
2854,1,4,0.1382,0.6399,0.4214,1,56.77
2855,1,1,0.1179,0.5178,0.2948,0,1.64
2856,2,4,0.2281,0.5087,0.5156,0,2.65
2857,0,2,0.163,0.3308,0.1916,0,2.67
2858,1,1,0.1382,0.2746,0.2401,0,2.51
2859,2,4,0.335,0.43,0.528,1,22.48
2860,2,1,0.1179,0.5696,0.4078,0,1.96
2861,1,5,0.0168,0.5197,0.385,1,78.99
2862,2,3,0.299,0.5949,0.5284,1,45.5
2863,2,4,0.1904,0.3368,0.4613,1,12.6
2864,1,1,0.3485,0.4809,0.3548,0,2.65
2865,0,4,0.2906,0.0887,0.2294,0,1.67
2866,1,2,0.1166,0.4311,0.3028,1,79.8
2867,1,1,0.2492,0.6213,0.3601,1,31.73
2868,0,5,0.1577,0.4726,0.3155,1,80.56
2869,1,2,0.2082,0.4443,0.3335,1,86.39
2870,0,4,0.1206,0.4722,0.2742,0,2.24
2871,1,3,0.183,0.5994,0.3948,1,133.54
2872,2,3,0.2082,0.5194,0.4823,0,3.71
2873,0,3,0.2906,0.3606,0.2673,0,1.72
2874,0,5,0.2301,0.0682,0.2361,0,1.61
2875,1,1,0.2301,0.3516,0.2869,0,1.12
2876,1,4,0.2727,0.6269,0.4585,0,1.61
2877,1,4,0.0836,0.2764,0.3142,1,83.45
2878,2,1,0.1382,0.5365,0.4056,0,2.1
2879,1,3,0.1382,0.5559,0.3704,1,33.23
2880,0,5,0.1166,0.5036,0.3109,0,1.2
2881,0,2,0.1502,0.2772,0.1744,0,1.9
2882,1,3,0.3463,0.3633,0.3847,1,44.66
2883,1,5,0.0399,0.7388,0.4467,1,85.4
2884,0,2,0.2281,0.6572,0.2927,0,1.4
2885,0,3,0.223,0.5372,0.2912,1,34.9
2886,0,3,0.1211,0.5138,0.2548,1,14.23
2887,1,4,0.163,0.5656,0.4103,0,2.77
2888,2,1,0.1768,0.0729,0.3013,1,53.5
2889,0,4,0.1012,0.5527,0.2885,1,129.05
2890,1,5,0.2562,0.4746,0.4455,0,2.75
2891,0,2,0.2372,0.2842,0.2022,0,2.13
2892,1,1,0.3463,0.3162,0.3129,1,9.46
2893,1,5,0.1206,0.3741,0.3797,1,69.24
2894,2,1,0.1206,0.2878,0.3381,0,1.41
2895,0,5,0.0168,0.4682,0.2721,0,3.15
2896,0,4,0.335,0.448,0.3325,0,6.5
2897,0,3,0.3266,0.4669,0.3047,1,51.92
2898,0,1,0.1757,0.7756,0.2766,1,58.62
2899,1,4,0.2301,0.433,0.3973,1,67.01
2900,0,3,0.0399,0.051,0.1147,1,13.84
2901,0,1,0.2757,0.3982,0.2123,0,3.75
2902,0,1,0.3463,0.3192,0.2137,1,16.25
2903,1,3,0.3611,0.6325,0.4565,1,88.69
2904,0,2,0.1094,0.3928,0.191,0,1.81
2905,1,1,0.2562,0.8063,0.4084,1,78.78
2906,1,3,0.5395,0.488,0.4738,1,82.91
2907,1,2,0.1135,0.3879,0.291,1,44.4
2908,1,5,0.2562,0.5312,0.4597,1,45.57
2909,0,2,0.1211,0.4571,0.2106,0,3.75
2910,2,2,0.2878,0.0624,0.3619,0,1.81
2911,1,3,0.223,0.1802,0.3019,1,28.4
2912,0,2,0.5295,0.6393,0.3787,1,30.67
2913,0,3,0.1211,0.3229,0.2071,1,22.44
2914,1,5,0.0911,0.3175,0.3567,1,94.47
2915,0,1,0.2906,0.5151,0.246,0,2.72
2916,0,5,0.0399,0.6656,0.3284,1,54.33
2917,1,2,0.2878,0.2605,0.3115,0,2.31
2918,1,5,0.223,0.4517,0.4298,1,85.56
2919,1,1,0.0911,0.3331,0.2406,0,2.55
2920,0,2,0.2878,0.593,0.2946,0,2.55
2921,0,2,0.1577,0.4782,0.2269,0,2.7
2922,1,4,0.1135,0.571,0.3968,0,2.2
2923,2,2,0.1502,0.4917,0.428,0,1.56
2924,1,4,0.335,0.6712,0.4883,1,62.29
2925,1,4,0.1502,0.7171,0.4443,0,1.9
2926,1,5,0.2606,0.4944,0.4518,1,406.61
2927,2,5,0.1051,0.3141,0.4601,1,102.33
2928,0,4,0.4038,0.6358,0.4001,1,108.09
2929,1,1,0.1674,0.3639,0.2712,0,2.34
2930,1,3,0.1476,0.388,0.3313,0,1.66
2931,0,3,0.1012,0.4386,0.23,0,1.95
2932,1,1,0.1012,0.4924,0.2835,0,2.31
2933,1,3,0.1757,0.2159,0.2967,0,2.61
2934,1,3,0.3266,0.4139,0.3915,1,63.48
2935,0,5,0.3463,0.4118,0.3568,0,1.69
2936,0,3,0.3611,0.3508,0.286,0,1.84
2937,0,5,0.3611,0.4782,0.3779,1,9.69
2938,0,5,0.1094,0.7573,0.3721,0,4.69
2939,1,2,0.1178,0.1994,0.2452,0,4.63
2940,0,2,0.1502,0.4583,0.2196,0,1.43
2941,2,4,0.2771,0.5692,0.5454,0,2.25
2942,1,1,0.223,0.5363,0.331,1,28.1
2943,0,4,0.0465,0.5528,0.2722,0,1.91
2944,0,2,0.0836,0.5534,0.2234,1,9.39
2945,0,4,0.3294,0.3238,0.2998,1,30.94
2946,0,4,0.4038,0.5374,0.3755,1,30.36
2947,1,3,0.3463,0.6729,0.4621,1,262.16
2948,1,1,0.3294,0.2343,0.2874,1,147.99
2949,1,5,0.5395,0.2005,0.462,1,32.61
2950,1,4,0.2492,0.4148,0.3985,1,163.79
2951,0,5,0.335,0.5986,0.4002,1,56.14
2952,1,1,0.0168,0.682,0.3055,1,24.32
2953,0,3,0.5395,0.3579,0.3413,1,32.79
2954,1,4,0.1577,0.2546,0.331,1,27.59
2955,0,4,0.2562,0.7651,0.3881,1,22.26
2956,1,2,0.2878,0.5537,0.3848,0,1.07
2957,1,1,0.3266,0.4737,0.3464,0,1.11
2958,0,5,0.2082,0.6241,0.3685,0,5.19
2959,2,5,0.0437,0.4863,0.4847,1,191.32
2960,1,4,0.1211,0.4692,0.3736,0,4.74
2961,0,2,0.2562,0.4857,0.2583,0,2.43
2962,1,5,0.0168,0.5391,0.3898,1,186.75
2963,0,5,0.2727,0.526,0.3633,1,50.69
2964,0,5,0.1178,0.5693,0.3277,0,3.55
2965,1,3,0.163,0.5716,0.3818,1,252.29
2966,2,3,0.1051,0.449,0.4338,1,114.73
2967,0,5,0.5395,0.6359,0.4708,1,24.37
2968,1,4,0.2492,0.5712,0.4376,1,45.04
2969,0,5,0.2606,0.692,0.4012,1,80.37
2970,0,5,0.223,0.3481,0.3039,0,2.85
2971,0,3,0.2492,0.3574,0.2541,0,2.23
2972,0,1,0.2372,0.4891,0.2234,0,2.1
2973,1,1,0.1012,0.4979,0.2848,1,72.81
2974,0,4,0.1166,0.674,0.3235,0,2.76
2975,0,4,0.1206,0.3603,0.2463,0,1.75
2976,0,3,0.0399,0.2315,0.1598,0,3.85
2977,0,1,0.1382,0.4111,0.1742,0,2.14
2978,0,4,0.0836,0.2263,0.2017,0,1.56
2979,1,1,0.0836,0.3421,0.2406,0,3.48
2980,1,2,0.1051,0.5736,0.3349,0,3.39
2981,1,4,0.4038,0.6756,0.51,1,19.05
2982,0,2,0.1135,0.6076,0.246,0,2.0
2983,0,3,0.0168,0.7104,0.2726,0,1.33
2984,1,5,0.1502,0.6023,0.4456,1,18.12
2985,2,2,0.2372,0.621,0.4864,0,1.85
2986,1,2,0.2771,0.4427,0.3538,0,1.31
2987,0,3,0.0911,0.6731,0.2856,1,34.01
2988,1,2,0.3611,0.4939,0.3918,1,202.87
2989,0,4,0.1757,0.2917,0.2456,1,26.45
2990,0,5,0.163,0.4069,0.3006,1,88.4
2991,1,4,0.2606,0.3102,0.3757,1,251.5
2992,0,1,0.1577,0.3744,0.1709,1,29.39
2993,1,5,0.3463,0.4966,0.478,0,2.4
2994,0,4,0.223,0.4727,0.3051,0,2.8
2995,1,2,0.1094,0.2502,0.2554,0,4.53
2996,0,1,0.1476,0.6324,0.2324,0,2.32
2997,1,4,0.1757,0.7152,0.4515,0,2.88
2998,1,2,0.1094,0.4656,0.3092,0,3.63
2999,1,4,0.1135,0.3568,0.3432,0,2.66
3000,0,2,0.2281,0.4963,0.2525,1,29.74
3001,1,4,0.183,0.3578,0.3644,1,47.27
3002,0,4,0.2372,0.216,0.2452,0,1.36
3003,1,3,0.2372,0.492,0.3842,0,1.8
3004,1,5,0.0719,0.4243,0.3776,1,51.66
3005,0,4,0.2562,0.6232,0.3527,0,2.93
3006,1,2,0.335,0.7322,0.4435,1,185.62
3007,2,5,0.3294,0.4685,0.5659,1,168.47
3008,1,2,0.3485,0.9221,0.4951,1,119.5
3009,3,1,0.1206,0.5558,0.5051,1,75.09
3010,0,3,0.2492,0.5743,0.3083,0,3.93
3011,0,1,0.183,0.4201,0.1899,0,1.63
3012,2,5,0.1051,0.6354,0.5404,1,52.27
3013,1,1,0.1051,0.3984,0.2611,1,31.24
3014,0,1,0.2562,0.7055,0.2832,0,2.16
3015,0,2,0.2727,0.2345,0.2004,1,35.22
3016,0,3,0.2906,0.6877,0.3491,0,1.76
3017,2,2,0.0465,0.5847,0.4201,0,1.63
3018,1,3,0.2301,0.2954,0.3329,0,2.24
3019,1,3,0.1577,0.7015,0.4127,1,12.14
3020,0,1,0.1094,0.3374,0.1472,0,2.37
3021,0,3,0.0399,0.6544,0.2656,0,2.45
3022,2,4,0.2771,0.7631,0.5939,1,67.76
3023,1,1,0.3294,0.3397,0.3137,1,40.59
3024,0,1,0.2372,0.5383,0.2357,0,0.53
3025,2,1,0.1476,0.615,0.428,1,103.16
3026,0,4,0.3485,0.5961,0.3736,1,176.56
3027,0,4,0.299,0.298,0.2842,1,77.93
3028,0,2,0.1674,0.2387,0.1699,1,88.98
3029,1,3,0.2878,0.2535,0.3397,0,2.9
3030,0,3,0.2853,0.6142,0.3291,1,30.52
3031,0,5,0.2492,0.6014,0.3751,0,3.57
3032,0,2,0.0168,0.4565,0.1792,1,69.84
3033,1,4,0.4038,0.5671,0.4829,1,41.57
3034,1,4,0.1051,0.6665,0.4182,0,1.25
3035,0,1,0.1179,0.3899,0.1628,0,1.69
3036,2,1,0.0719,0.4805,0.3717,0,1.86
3037,1,3,0.1135,0.3173,0.3034,0,1.9
3038,1,2,0.1211,0.597,0.3456,1,43.4
3039,0,3,0.183,0.6268,0.3016,0,2.46
3040,0,2,0.3266,0.3534,0.2463,0,3.38
3041,0,5,0.5395,0.4485,0.424,1,47.29
3042,2,1,0.2771,0.5589,0.4529,1,65.56
3043,1,3,0.1757,0.5949,0.3914,1,7.63
3044,0,3,0.223,0.735,0.3406,1,59.26
3045,0,2,0.4038,0.8033,0.382,1,10.12
3046,2,3,0.2771,0.498,0.4976,1,36.64
3047,1,4,0.0168,0.7888,0.4222,0,1.51
3048,0,5,0.5295,0.4809,0.4291,0,2.99
3049,0,3,0.2281,0.4146,0.2621,1,47.15
3050,0,3,0.0719,0.4748,0.2303,0,2.56
3051,1,1,0.1211,0.4554,0.2802,1,22.13
3052,0,5,0.1757,0.1768,0.2469,0,2.4
3053,0,2,0.4038,0.4418,0.2916,0,1.69
3054,1,3,0.2301,0.5359,0.393,1,24.61
3055,1,3,0.335,0.8511,0.5033,1,67.32
3056,1,1,0.1166,0.2082,0.217,0,1.53
3057,0,5,0.4038,0.5469,0.4079,1,43.27
3058,0,2,0.335,0.4167,0.2647,1,20.08
3059,2,1,0.1768,0.3599,0.373,1,56.33
3060,0,2,0.0399,0.5207,0.2021,1,20.12
3061,2,3,0.5395,0.654,0.6153,1,87.64
3062,1,5,0.1094,0.6524,0.4459,1,68.43
3063,0,3,0.3266,0.5843,0.3341,1,176.49
3064,1,2,0.0437,0.244,0.2341,0,2.13
3065,1,5,0.1166,0.5099,0.4125,0,2.31
3066,2,5,0.2757,0.6123,0.5858,1,182.26
3067,0,4,0.2878,0.1259,0.2378,1,19.25
3068,1,3,0.0719,0.5885,0.3587,1,197.18
3069,0,3,0.0399,0.7902,0.2995,1,32.98
3070,2,5,0.4038,0.7296,0.6535,1,360.62
3071,0,4,0.335,0.5399,0.3555,0,1.78
3072,1,2,0.3485,0.4059,0.366,0,2.48
3073,0,2,0.2562,0.6795,0.3067,0,1.43
3074,0,2,0.0465,0.1713,0.1168,0,1.39
3075,0,5,0.1382,0.2853,0.2628,1,42.76
3076,2,2,0.0437,0.4159,0.3771,1,37.13
3077,1,1,0.2562,0.4828,0.3276,0,2.95
3078,1,3,0.3485,0.4514,0.4074,0,3.27
3079,0,5,0.1768,0.3607,0.2932,0,0.94
3080,1,5,0.2281,0.5917,0.4664,0,2.33
3081,0,4,0.1674,0.7578,0.3597,1,153.34
3082,0,1,0.1502,0.6947,0.2487,0,1.26
3083,1,2,0.1211,0.7318,0.3793,0,3.43
3084,0,3,0.2492,0.9373,0.3991,0,2.9
3085,2,2,0.2372,0.6461,0.4927,1,17.23
3086,0,4,0.2082,0.0368,0.1917,0,4.11
3087,1,3,0.1135,0.4558,0.338,1,24.27
3088,1,2,0.0399,0.6431,0.3327,1,109.63
3089,0,1,0.2492,0.5885,0.2519,0,3.72
3090,0,1,0.1094,0.7297,0.2452,1,58.95
3091,0,1,0.2492,0.3755,0.1986,0,2.27
3092,0,4,0.163,0.5596,0.3088,0,2.07
3093,0,2,0.2757,0.6223,0.2983,0,3.51
3094,0,2,0.2562,0.1096,0.1643,0,2.28
3095,0,1,0.1502,0.4273,0.1819,1,35.63
3096,0,5,0.1757,0.3037,0.2786,0,3.72
3097,0,4,0.2082,0.5226,0.3131,1,55.14
3098,0,2,0.1382,0.589,0.2487,0,2.06
3099,0,1,0.335,0.3737,0.2239,0,1.18
3100,1,3,0.0465,0.2682,0.271,0,1.81
3101,1,5,0.1674,0.4551,0.414,0,2.3
3102,0,4,0.1166,0.6288,0.3122,0,4.14
3103,1,5,0.3294,0.3583,0.4384,0,3.65
3104,1,1,0.299,0.3425,0.3053,0,3.32
3105,0,3,0.4038,0.1769,0.2554,0,0.88
3106,0,3,0.1135,0.8231,0.3298,1,38.28
3107,0,3,0.1382,0.5928,0.2797,0,1.92
3108,1,2,0.1211,0.3832,0.2921,0,3.46
3109,0,1,0.0719,0.5872,0.1984,0,2.05
3110,1,2,0.335,0.4078,0.3624,1,109.0
3111,1,1,0.1904,0.1146,0.2158,1,85.82
3112,1,1,0.0399,0.4168,0.2462,1,136.35
3113,0,2,0.0836,0.4145,0.1887,0,0.64
3114,1,2,0.2372,0.3303,0.3137,1,92.03
3115,0,2,0.0836,0.5325,0.2182,0,2.92
3116,2,5,0.1476,0.7567,0.5835,1,453.93
3117,1,1,0.1476,0.6494,0.3366,1,107.68
3118,1,3,0.2606,0.3893,0.3655,1,83.54
3119,0,5,0.1382,0.4687,0.3086,0,3.85
3120,2,1,0.1166,0.2776,0.3344,1,67.65
3121,0,3,0.2281,0.7379,0.3429,1,74.16
3122,0,3,0.1051,0.5593,0.2614,0,4.55
3123,0,4,0.2727,0.5317,0.3347,1,18.28
3124,2,1,0.2757,0.3236,0.3936,0,4.01
3125,0,4,0.1211,0.5563,0.2954,0,2.28
3126,1,4,0.2281,0.5633,0.4293,1,49.78
3127,1,4,0.3266,0.1607,0.3582,1,38.48
3128,0,5,0.2606,0.7027,0.4039,0,2.98
3129,1,1,0.2853,0.3397,0.3005,0,1.89
3130,0,1,0.1382,0.4256,0.1779,0,3.16
3131,1,1,0.1768,0.5135,0.3114,1,43.47
3132,0,3,0.1051,0.4896,0.2439,1,18.55
3133,0,4,0.0719,0.4725,0.2597,0,4.41
3134,0,4,0.0437,0.5506,0.2708,0,1.94
3135,1,4,0.1382,0.4125,0.3646,1,98.72
3136,0,2,0.223,0.6279,0.2839,1,67.61
3137,2,2,0.1012,0.4159,0.3943,1,12.24
3138,2,2,0.2082,0.5212,0.4528,1,81.54
3139,0,4,0.1476,0.4798,0.2842,1,9.5
3140,1,3,0.3294,0.47,0.4063,1,96.82
3141,1,2,0.2606,0.5392,0.373,1,64.04
3142,1,2,0.0836,0.3662,0.2766,0,2.26
3143,1,4,0.1094,0.2159,0.3068,0,2.81
3144,2,5,0.1135,0.1736,0.4274,0,1.58
3145,0,4,0.3294,0.5514,0.3567,1,44.89
3146,0,3,0.163,0.8418,0.3493,0,2.75
3147,0,2,0.1051,0.2262,0.1481,0,2.52
3148,0,5,0.2606,0.3442,0.3142,0,2.33
3149,0,4,0.2606,0.3688,0.2904,1,56.09
3150,0,3,0.5395,0.2353,0.3107,1,22.3
3151,0,3,0.1211,0.4075,0.2282,0,2.82
3152,1,3,0.1211,0.7253,0.4077,1,61.85
3153,1,2,0.163,0.809,0.4112,1,125.89
3154,2,4,0.2301,0.5509,0.5268,1,74.53
3155,0,2,0.2878,0.2711,0.2141,1,19.22
3156,0,4,0.2878,0.4651,0.3226,1,116.69
3157,1,1,0.2281,0.8006,0.3986,1,52.37
3158,0,5,0.2082,0.3008,0.2877,1,70.47
3159,1,5,0.1206,0.2585,0.3508,0,2.2
3160,0,4,0.1206,0.7175,0.3356,1,80.98
3161,1,1,0.299,0.4435,0.3306,0,2.01
3162,0,1,0.1757,0.3058,0.1592,0,1.85
3163,1,3,0.1178,0.3144,0.3039,1,8.98
3164,2,2,0.2771,0.555,0.4819,0,1.71
3165,1,3,0.1166,0.4664,0.3416,1,96.4
3166,1,5,0.2853,0.2331,0.3939,1,40.68
3167,0,3,0.2771,0.2583,0.2377,0,3.78
3168,2,3,0.4038,0.6724,0.5792,1,101.4
3169,1,5,0.0719,0.3103,0.3491,1,42.58
3170,1,1,0.1179,0.1883,0.2124,0,2.1
3171,1,1,0.335,0.7316,0.4134,0,1.21
3172,1,2,0.3611,0.6124,0.4214,0,1.75
3173,1,4,0.0911,0.3994,0.3472,0,3.16
3174,0,4,0.1178,0.631,0.3131,0,1.82
3175,0,1,0.4038,0.2416,0.2115,1,31.23
3176,1,1,0.3611,0.4062,0.3399,1,22.56
3177,0,5,0.3266,0.2421,0.3085,1,30.52
3178,1,4,0.3463,0.5949,0.4726,0,1.42
3179,1,3,0.183,0.3518,0.3328,1,132.06
3180,0,4,0.1166,0.3344,0.2386,0,1.68
3181,1,4,0.163,0.4605,0.384,1,35.15
3182,1,3,0.3266,0.5512,0.4258,1,35.97
3183,0,4,0.1166,0.5659,0.2965,1,92.81
3184,1,4,0.2301,0.4528,0.4022,0,2.58
3185,0,1,0.1206,0.4575,0.1806,0,1.84
3186,0,5,0.3485,0.5965,0.4037,0,3.32
3187,1,2,0.3266,0.1999,0.308,1,38.28
3188,0,2,0.2771,0.3688,0.2353,0,1.43
3189,0,2,0.1135,0.4049,0.1953,1,55.79
3190,0,4,0.1166,0.2867,0.2267,0,2.26
3191,1,2,0.2906,0.3095,0.3246,1,8.25
3192,1,1,0.2771,0.3297,0.2956,0,2.81
3193,1,5,0.1094,0.5292,0.4151,1,59.47
3194,1,3,0.1904,0.3494,0.3345,1,111.53
3195,1,2,0.1166,0.3494,0.2823,1,53.07
3196,1,2,0.3463,0.4409,0.3741,1,139.25
3197,0,1,0.2606,0.4954,0.232,0,1.9
3198,1,1,0.2492,0.3837,0.3007,1,47.16
3199,1,2,0.0168,0.7345,0.3487,0,2.33
3200,0,4,0.0465,0.6736,0.3024,1,58.51
3201,0,3,0.4038,0.5762,0.3552,1,78.21
3202,1,3,0.163,0.5064,0.3655,0,3.91
3203,0,1,0.2492,0.2155,0.1586,0,1.4
3204,1,4,0.5395,0.1646,0.423,1,49.81
3205,0,2,0.3611,0.4968,0.2925,1,28.97
3206,1,1,0.0168,0.3756,0.2289,1,38.66
3207,1,3,0.2906,0.0185,0.2818,0,1.71
3208,1,1,0.1577,0.6163,0.3314,1,35.93
3209,1,1,0.2372,0.5922,0.3492,0,1.47
3210,0,1,0.2878,0.3097,0.1938,0,3.12
3211,1,1,0.1577,0.5273,0.3091,0,1.05
3212,1,5,0.0911,0.5413,0.4127,1,27.94
3213,1,3,0.2853,0.12,0.3056,0,2.02
3214,1,1,0.299,0.4242,0.3258,0,1.65
3215,1,3,0.1051,0.2565,0.2857,0,2.01
3216,1,1,0.3294,0.5435,0.3647,1,61.97
3217,1,1,0.1768,0.6607,0.3482,0,4.05
3218,1,1,0.163,0.3628,0.2696,0,2.77
3219,0,1,0.2727,0.3719,0.2048,0,1.31
3220,1,4,0.3463,0.0924,0.347,1,34.72
3221,1,5,0.0399,0.6253,0.4183,1,146.75
3222,0,5,0.0168,0.3614,0.2454,0,1.93
3223,0,4,0.2301,0.4462,0.3006,0,1.93
3224,0,2,0.1757,0.6965,0.2868,0,2.72
3225,1,1,0.1206,0.3171,0.2455,0,3.16
3226,1,2,0.3485,0.4885,0.3867,1,50.01
3227,1,3,0.2606,0.4369,0.3774,1,43.96
3228,0,4,0.5295,0.6073,0.4307,0,2.21
3229,0,3,0.2771,0.2965,0.2473,1,27.16
3230,1,5,0.1211,0.6424,0.4469,1,90.65
3231,0,5,0.299,0.3658,0.3311,0,1.25
3232,2,1,0.5295,0.3907,0.4865,0,2.82
3233,0,2,0.5395,0.3613,0.3122,1,47.15
3234,1,1,0.0168,0.5721,0.2781,0,1.88
3235,2,2,0.1166,0.5959,0.444,0,2.04
3236,0,3,0.0719,0.4243,0.2176,0,2.16
3237,1,1,0.3463,0.6593,0.3987,1,31.37
3238,1,3,0.1094,0.4504,0.3354,1,101.21
3239,1,1,0.0399,0.5345,0.2756,0,1.72
3240,1,1,0.2757,0.2383,0.2723,0,2.66
3241,0,3,0.2853,0.8135,0.379,0,3.3
3242,0,2,0.1179,0.2922,0.1684,0,6.11
3243,2,1,0.3266,0.3579,0.4175,1,79.34
3244,1,1,0.3463,0.3718,0.3268,1,103.5
3245,0,1,0.3266,0.4882,0.25,0,2.75
3246,0,4,0.2492,0.6812,0.3651,1,72.93
3247,1,4,0.163,0.5509,0.4066,0,1.72
3248,1,5,0.2853,0.974,0.5791,1,112.69
3249,0,4,0.1757,0.5916,0.3206,1,26.02
3250,0,5,0.2372,0.4681,0.3382,1,47.4
3251,2,5,0.1179,0.2985,0.46,0,1.97
3252,0,1,0.1476,0.4157,0.1782,0,2.57
3253,2,4,0.1178,0.4655,0.4717,0,3.0
3254,0,2,0.2372,0.5067,0.2578,0,2.42
3255,1,5,0.2727,0.6004,0.4819,0,4.7
3256,0,4,0.223,0.9207,0.4171,1,60.37
3257,2,4,0.0465,0.2219,0.3894,0,3.01
3258,1,1,0.1476,0.5691,0.3166,1,27.42
3259,1,5,0.2771,0.1976,0.3825,1,17.92
3260,1,4,0.1178,0.3686,0.3475,0,2.1
3261,1,5,0.2082,0.4322,0.4205,1,258.16
3262,0,3,0.1094,0.7059,0.2993,1,11.64
3263,0,1,0.1476,0.577,0.2185,0,1.13
3264,2,5,0.0836,0.7065,0.5517,0,3.33
3265,0,4,0.2372,0.3683,0.2832,0,2.92
3266,0,2,0.1768,0.5417,0.2485,1,15.55
3267,1,4,0.2727,0.7693,0.4941,1,34.78
3268,1,4,0.0911,0.4849,0.3686,1,83.82
3269,0,3,0.5295,0.8709,0.4666,1,121.89
3270,1,4,0.0168,0.6462,0.3866,1,53.05
3271,0,5,0.0437,0.5375,0.2975,0,2.04
3272,0,4,0.2372,0.5586,0.3308,1,70.71
3273,0,4,0.5295,0.5296,0.4112,1,24.35
3274,0,3,0.1476,0.5147,0.263,0,1.29
3275,1,2,0.2606,0.6695,0.4056,1,35.41
3276,2,1,0.2606,0.1338,0.3416,1,65.17
3277,1,5,0.1012,0.2259,0.3368,1,63.49
3278,2,2,0.1476,0.4296,0.4117,1,65.44
3279,2,4,0.1211,0.4,0.4563,1,21.29
3280,1,5,0.3611,0.521,0.4886,1,185.79
3281,1,5,0.2906,0.2461,0.3987,1,88.89
3282,0,4,0.1674,0.4622,0.2858,1,13.57
3283,0,1,0.2853,0.1863,0.1622,0,1.74
3284,0,3,0.163,0.3205,0.219,0,2.92
3285,0,5,0.2771,0.2431,0.2939,0,2.56
3286,1,5,0.2281,0.7808,0.5136,0,2.48
3287,0,3,0.223,0.5057,0.2833,1,190.21
3288,1,3,0.5395,0.5228,0.4826,1,67.94
3289,1,1,0.0836,0.4425,0.2657,0,5.6
3290,1,5,0.1012,0.5128,0.4086,1,64.0
3291,1,1,0.1674,0.3304,0.2628,0,2.32
3292,1,1,0.1135,0.3484,0.2512,0,1.26
3293,1,3,0.2562,0.6464,0.4285,1,55.9
3294,1,1,0.1179,0.0438,0.1763,1,25.51
3295,1,5,0.1178,0.2871,0.3571,1,37.8
3296,1,3,0.1757,0.7988,0.4424,0,1.7
3297,1,5,0.2878,0.218,0.3908,1,81.49
3298,0,5,0.2757,0.4981,0.3572,0,2.21
3299,0,5,0.2878,0.6838,0.4073,1,106.33
3300,0,2,0.0836,0.4449,0.1963,0,2.42
3301,1,5,0.335,0.4705,0.4681,1,35.13
3302,0,5,0.3294,0.5418,0.3843,0,0.95
3303,1,3,0.1211,0.1891,0.2736,1,62.54
3304,1,4,0.1166,0.2944,0.3286,0,1.31
3305,0,1,0.1206,0.4975,0.1906,0,3.41
3306,1,2,0.2372,0.5438,0.3671,1,50.95
3307,1,5,0.1768,0.2234,0.3589,0,3.47
3308,1,3,0.1179,0.2231,0.2811,1,13.12
3309,2,4,0.1206,0.4277,0.4631,0,2.7
3310,1,5,0.299,0.3105,0.4173,0,1.65
3311,0,2,0.183,0.4358,0.2238,0,2.42
3312,0,1,0.2082,0.6869,0.2642,1,74.71
3313,0,4,0.1206,0.7155,0.3351,1,58.38
3314,1,5,0.2281,0.6089,0.4707,1,40.73
3315,0,2,0.2492,0.347,0.2215,0,5.22
3316,0,3,0.2757,0.3832,0.2685,0,2.55
3317,0,3,0.2906,0.7946,0.3758,1,58.62
3318,0,5,0.1757,0.4097,0.3051,0,1.54
3319,0,2,0.0399,0.363,0.1627,0,1.69
3320,1,4,0.1166,0.4771,0.3743,0,1.07
3321,0,1,0.2853,0.5307,0.2483,1,11.98
3322,1,1,0.1178,0.817,0.3696,1,44.21
3323,0,1,0.1135,0.3887,0.1612,0,2.75
3324,1,5,0.0719,0.5287,0.4037,0,1.91
3325,1,2,0.1757,0.4558,0.3267,0,1.56
3326,0,5,0.2727,0.276,0.3008,0,2.16
3327,0,5,0.1206,0.2932,0.2595,1,51.27
3328,1,1,0.0437,0.406,0.2446,1,13.46
3329,1,1,0.2606,0.3798,0.3031,1,26.48
3330,0,1,0.3266,0.6716,0.2959,0,3.08
3331,0,4,0.1094,0.7148,0.3315,1,101.13
3332,0,5,0.1382,0.2735,0.2598,1,23.82
3333,0,2,0.223,0.201,0.1772,0,1.28
3334,0,1,0.5295,0.0682,0.2059,0,4.51
3335,1,5,0.2281,0.4749,0.4372,0,1.71
3336,0,1,0.1135,0.0597,0.079,0,5.38
3337,1,1,0.1179,0.7771,0.3596,1,30.06
3338,0,1,0.1211,0.5913,0.2142,0,3.38
3339,0,3,0.2757,0.5804,0.3178,0,2.03
3340,1,3,0.1166,0.4074,0.3268,1,72.69
3341,2,3,0.5395,0.5452,0.5881,1,115.61
3342,1,4,0.0836,0.4268,0.3518,0,2.63
3343,0,4,0.2606,0.508,0.3252,1,116.55
3344,1,2,0.2771,0.1471,0.2799,0,2.95
3345,0,5,0.1768,0.2293,0.2604,0,2.58
3346,1,3,0.2562,0.4421,0.3774,0,3.6
3347,0,2,0.183,0.439,0.2246,1,22.32
3348,1,2,0.2727,0.3252,0.3231,0,3.82
3349,0,4,0.0911,0.691,0.3201,0,4.22
3350,1,2,0.5295,0.1541,0.3574,1,40.53
3351,1,1,0.3611,0.478,0.3578,1,87.67
3352,0,1,0.1502,0.6678,0.242,0,1.62
3353,1,4,0.2281,0.4812,0.4087,0,0.82
3354,2,1,0.2492,0.7268,0.4865,0,1.83
3355,0,3,0.223,0.467,0.2736,1,25.42
3356,1,1,0.2853,0.535,0.3493,0,1.51
3357,1,2,0.3463,0.6062,0.4154,0,1.72
3358,2,2,0.2301,0.5041,0.4551,0,1.94
3359,1,3,0.1757,0.6309,0.4004,1,38.02
3360,2,2,0.0399,0.3193,0.3518,1,65.73
3361,1,3,0.3611,0.2507,0.361,1,53.6
3362,1,1,0.3485,0.5426,0.3702,1,31.44
3363,0,3,0.3485,0.3349,0.2783,1,92.58
3364,1,5,0.1382,0.2458,0.3529,0,5.46
3365,1,5,0.0465,1.0,0.514,1,67.71
3366,1,3,0.2606,0.1921,0.3162,0,2.76
3367,1,5,0.2281,0.3538,0.4069,1,54.15
3368,1,4,0.1904,0.7089,0.4543,1,51.66
3369,0,5,0.183,0.3436,0.2908,1,18.47
3370,1,5,0.1502,0.4961,0.4191,1,41.32
3371,0,1,0.2906,0.6279,0.2742,0,2.61
3372,0,3,0.0465,0.5016,0.2294,0,0.83
3373,1,1,0.1577,0.6777,0.3467,0,2.23
3374,2,4,0.1382,0.3904,0.4591,0,2.09
3375,1,5,0.1012,0.7616,0.4708,0,2.3
3376,1,2,0.1094,0.2737,0.2612,0,1.99
3377,2,5,0.1135,0.1962,0.4331,1,48.36
3378,1,5,0.1094,0.3381,0.3673,0,4.07
3379,0,2,0.1768,0.6167,0.2672,0,1.42
3380,0,3,0.163,0.1636,0.1798,0,4.02
3381,0,2,0.3485,0.5404,0.2996,0,1.62
3382,0,1,0.3463,0.7493,0.3212,0,2.15
3383,0,3,0.5295,0.3793,0.3437,1,26.06
3384,1,1,0.1768,0.3136,0.2614,0,3.42
3385,1,1,0.0437,0.2253,0.1994,0,2.02
3386,0,1,0.2727,0.4236,0.2177,0,2.32
3387,0,5,0.2727,0.4855,0.3532,1,42.6
3388,1,3,0.1476,0.4094,0.3366,1,65.73
3389,1,4,0.2853,0.4798,0.4255,1,28.28
3390,1,5,0.3611,0.0503,0.3709,1,57.02
3391,0,3,0.2492,0.6199,0.3197,0,2.8
3392,0,1,0.223,0.3261,0.1784,0,2.55
3393,0,4,0.2727,0.6923,0.3749,0,2.79
3394,0,5,0.1012,0.7222,0.3609,1,44.1
3395,1,3,0.0719,0.3302,0.2941,1,39.3
3396,1,4,0.0465,0.9247,0.4651,0,3.47
3397,1,4,0.1179,0.5852,0.4017,1,16.63
3398,1,2,0.1051,0.6257,0.348,1,117.14
3399,1,5,0.163,0.3257,0.3803,0,3.16
3400,1,5,0.2301,0.9921,0.5671,1,224.83
3401,0,4,0.2771,0.4032,0.3039,0,1.52
3402,1,1,0.0399,0.4351,0.2507,1,44.9
3403,1,5,0.3611,0.4809,0.4786,1,46.21
3404,1,4,0.2082,0.444,0.3935,1,24.52
3405,1,1,0.1502,0.5896,0.3225,0,3.14
3406,0,5,0.5295,0.1213,0.3392,1,29.71
3407,1,5,0.1904,0.665,0.4734,1,116.2
3408,1,3,0.1768,0.4214,0.3484,1,42.29
3409,1,4,0.0168,0.2069,0.2768,1,37.0
3410,1,1,0.3463,0.4561,0.3479,1,31.84
3411,0,3,0.1206,0.5197,0.2561,1,59.49
3412,1,5,0.2082,0.4184,0.4171,0,2.51
3413,0,1,0.0465,0.3884,0.141,0,3.01
3414,0,5,0.1178,0.4048,0.2865,0,1.41
3415,1,5,0.0437,0.1662,0.3047,0,1.82
3416,0,3,0.2281,0.462,0.2739,0,0.98
3417,0,1,0.0437,0.2986,0.1178,1,15.59
3418,0,3,0.5395,0.5484,0.389,1,56.9
3419,1,2,0.0168,0.0096,0.1674,0,3.26
3420,0,4,0.0437,0.5458,0.2696,0,2.0
3421,1,4,0.1166,0.3085,0.3321,1,36.43
3422,2,1,0.1577,0.3061,0.3538,0,1.39
3423,1,1,0.0399,0.3351,0.2257,1,37.36
3424,1,2,0.2562,0.409,0.3391,1,47.65
3425,0,2,0.5295,0.5189,0.3486,1,61.46
3426,0,5,0.1674,0.5057,0.3266,1,77.32
3427,0,3,0.2492,0.3206,0.2449,0,1.79
3428,0,4,0.2082,0.2471,0.2442,0,2.52
3429,1,5,0.0168,0.6705,0.4227,0,2.3
3430,1,3,0.1904,0.434,0.3556,1,33.13
3431,1,2,0.0836,0.5386,0.3197,0,2.15
3432,0,1,0.2562,0.2475,0.1687,1,185.51
3433,1,2,0.0719,0.3214,0.2619,0,4.97
3434,1,4,0.4038,0.509,0.4684,1,279.08
3435,0,4,0.3485,0.4654,0.3409,0,2.52
3436,0,3,0.1674,0.2781,0.2097,0,3.08
3437,1,3,0.0168,0.2855,0.2664,0,2.43
3438,0,4,0.1382,0.5362,0.2955,1,46.54
3439,0,4,0.1012,0.1655,0.1917,0,2.59
3440,0,1,0.3266,0.4412,0.2383,0,1.56
3441,1,4,0.335,0.7242,0.5015,1,52.06
3442,1,2,0.2757,0.3302,0.3253,0,1.91
3443,1,2,0.223,0.4253,0.3332,1,70.88
3444,1,4,0.2757,0.4547,0.4164,0,2.55
3445,2,3,0.1179,0.5817,0.4708,1,82.71
3446,1,2,0.1051,0.6954,0.3654,0,3.3
3447,1,4,0.1674,0.7043,0.4463,0,2.81
3448,1,1,0.1211,0.5579,0.3058,0,1.19
3449,0,4,0.1904,0.3756,0.271,0,1.73
3450,1,1,0.2727,0.6665,0.3784,1,39.68
3451,1,2,0.1178,0.4795,0.3152,0,2.67
3452,2,4,0.1674,0.1657,0.4116,1,73.6
3453,0,4,0.2853,0.5195,0.3355,0,2.58
3454,1,3,0.0719,0.4096,0.314,0,1.55
3455,1,3,0.2562,0.4498,0.3793,0,1.97
3456,0,3,0.3266,0.679,0.3577,0,2.59
3457,0,5,0.1012,0.6365,0.3395,0,1.8
3458,2,4,0.1178,0.1735,0.3987,0,2.76
3459,1,3,0.0911,0.6974,0.3917,1,49.16
3460,1,1,0.299,0.2915,0.2926,0,2.1
3461,1,5,0.0399,0.3282,0.344,1,55.95
3462,0,5,0.1178,0.7136,0.3637,1,21.21
3463,1,5,0.2771,0.5228,0.4638,1,13.76
3464,1,1,0.3463,0.467,0.3506,0,3.5
3465,0,3,0.1211,0.6697,0.2938,1,17.42
3466,1,3,0.0399,0.6243,0.358,0,2.88
3467,1,1,0.1166,0.2366,0.2241,1,41.47
3468,2,5,0.2757,0.4714,0.5506,1,59.5
3469,0,3,0.0168,0.2692,0.1623,0,3.67
3470,2,4,0.1166,0.4669,0.4717,1,99.2
3471,2,3,0.2906,0.7652,0.5685,0,2.27
3472,2,3,0.335,0.3994,0.4903,1,47.29
3473,0,2,0.2771,0.4122,0.2462,1,28.56
3474,0,1,0.0911,0.5131,0.1856,0,2.94
3475,1,5,0.1211,0.1915,0.3342,1,61.37
3476,2,2,0.5395,0.4274,0.5287,0,2.15
3477,1,1,0.1476,0.3025,0.2499,0,2.03
3478,1,1,0.2082,0.0355,0.2013,1,25.73
3479,0,1,0.2281,0.4284,0.2055,0,1.54
3480,1,2,0.0911,0.7497,0.3748,0,1.47
3481,0,1,0.1211,0.6141,0.2199,0,2.19
3482,0,3,0.0719,0.5768,0.2558,0,1.99
3483,1,3,0.3266,0.1976,0.3374,1,57.8
3484,2,3,0.0836,0.6047,0.4663,0,1.8
3485,2,3,0.1476,0.856,0.5483,1,39.74
3486,0,2,0.3463,0.4911,0.2867,0,2.73
3487,2,2,0.1178,0.4233,0.4012,0,1.37
3488,0,1,0.2562,0.6067,0.2585,0,2.68
3489,0,1,0.2727,0.2599,0.1768,0,2.78
3490,1,2,0.0168,0.4242,0.2711,0,3.05
3491,1,2,0.1211,0.2942,0.2699,0,2.35
3492,1,1,0.3485,0.3514,0.3224,1,97.11
3493,0,5,0.1757,0.0978,0.2272,0,3.03
3494,1,2,0.0437,0.5083,0.3002,0,2.02
3495,0,1,0.5395,0.3879,0.2888,1,19.47
3496,1,3,0.1012,0.4508,0.3331,1,54.62
3497,0,3,0.2281,0.1977,0.2079,0,4.19
3498,1,1,0.3294,0.3115,0.3067,0,1.31
3499,1,5,0.3266,0.4651,0.4643,0,2.03
3500,1,1,0.0719,0.5285,0.2837,0,2.47
3501,1,5,0.1768,0.685,0.4743,0,1.81
3502,1,1,0.1094,0.5552,0.3016,0,3.95
3503,1,2,0.1382,0.3583,0.291,0,5.84
3504,1,5,0.1382,0.5221,0.422,1,81.55
3505,1,5,0.1476,0.333,0.3775,1,68.65
3506,1,3,0.2853,0.3058,0.352,0,1.76
3507,1,1,0.4038,0.6507,0.4138,0,2.8
3508,1,4,0.2492,0.3231,0.3755,1,285.62
3509,0,3,0.2082,0.4255,0.2588,0,1.6
3510,1,5,0.3485,0.3828,0.4502,1,35.7
3511,1,4,0.2372,0.7771,0.4854,1,37.31
3512,0,3,0.2372,0.5966,0.3103,0,3.22
3513,0,4,0.4038,0.2039,0.2921,1,85.56
3514,1,4,0.1166,0.3577,0.3444,0,1.69
3515,2,5,0.5395,0.5128,0.64,1,170.68
3516,0,1,0.2372,0.4229,0.2069,0,0.86
3517,1,2,0.2606,0.4349,0.3469,1,12.74
3518,2,5,0.2082,0.2584,0.4771,0,3.41
3519,0,2,0.1382,0.6691,0.2687,1,14.75
3520,2,1,0.5395,0.2644,0.458,1,28.99
3521,1,2,0.2492,0.0456,0.2462,0,2.23
3522,1,1,0.0836,0.3933,0.2534,1,24.94
3523,0,3,0.2906,0.2842,0.2482,1,26.7
3524,0,3,0.0465,0.8254,0.3103,0,2.97
3525,0,2,0.0465,0.2761,0.143,0,5.79
3526,1,5,0.1904,0.3358,0.3911,0,1.54
3527,0,1,0.2906,0.3743,0.2108,0,2.91
3528,1,5,0.1012,0.7176,0.4598,1,125.85
3529,0,4,0.2492,0.5165,0.3239,1,41.2
3530,0,3,0.183,0.419,0.2496,0,2.76
3531,0,4,0.1502,0.3949,0.2638,0,1.71
3532,1,3,0.4038,0.251,0.3739,0,3.32
3533,0,2,0.3611,0.4139,0.2718,0,4.26
3534,1,2,0.0719,0.244,0.2426,0,1.81
3535,0,4,0.299,0.2627,0.2754,0,3.62
3536,0,4,0.3294,0.612,0.3718,0,2.8
3537,0,3,0.2906,0.5218,0.3076,1,20.06
3538,0,4,0.2878,0.5327,0.3395,1,39.17
3539,1,5,0.1577,0.3109,0.375,0,2.43
3540,1,2,0.223,0.6012,0.3772,1,103.23
3541,1,2,0.0911,0.5079,0.3143,1,111.87
3542,1,3,0.0911,0.5236,0.3482,0,2.54
3543,0,3,0.5395,0.4037,0.3528,0,1.77
3544,0,4,0.0465,0.6732,0.3022,1,53.64
3545,0,2,0.3485,0.3435,0.2504,0,1.99
3546,1,4,0.2301,0.6175,0.4434,0,8.24
3547,0,4,0.2771,0.2701,0.2707,0,1.92
3548,2,2,0.2727,0.3946,0.4405,1,93.24
3549,1,4,0.1577,0.5585,0.4069,1,57.53
3550,1,2,0.2853,0.5488,0.3828,1,108.6
3551,1,2,0.335,0.6855,0.4319,0,2.4
3552,1,1,0.3611,0.3231,0.3191,0,1.49
3553,1,2,0.2906,0.6762,0.4162,1,57.12
3554,0,2,0.299,0.3547,0.2384,1,110.98
3555,1,5,0.163,0.6252,0.4552,0,2.34
3556,0,4,0.2606,0.1362,0.2322,0,2.25
3557,0,1,0.183,0.3777,0.1793,0,1.77
3558,1,2,0.3294,0.4084,0.3609,0,2.42
3559,2,3,0.1768,0.3541,0.4316,1,52.83
3560,0,5,0.4038,0.4314,0.379,0,1.93
3561,1,5,0.1577,0.5955,0.4462,0,2.23
3562,0,3,0.3463,0.7475,0.3808,1,50.64
3563,0,2,0.1012,0.6319,0.2483,1,99.71
3564,2,2,0.1382,0.3187,0.3811,1,27.54
3565,1,3,0.1135,0.7635,0.4149,0,1.52
3566,2,4,0.2878,0.4209,0.5116,1,127.97
3567,1,1,0.0437,0.2905,0.2157,0,2.33
3568,0,3,0.2606,0.6339,0.3267,1,115.62
3569,2,2,0.163,0.5967,0.4581,0,1.84
3570,0,5,0.0437,0.5385,0.2977,1,21.79
3571,1,4,0.0911,0.6013,0.3977,1,100.03
3572,1,3,0.1051,0.5537,0.36,1,22.91
3573,1,4,0.1179,0.6254,0.4117,1,23.76
3574,0,2,0.0836,0.6301,0.2426,1,36.37
3575,1,1,0.0437,0.3354,0.227,0,1.73
3576,0,5,0.1135,0.3251,0.2653,0,4.58
3577,1,2,0.0836,0.4014,0.2854,1,37.49
3578,1,3,0.2757,0.4812,0.393,1,43.08
3579,1,3,0.0911,0.3355,0.3012,0,2.24
3580,1,1,0.163,0.479,0.2986,0,4.02
3581,1,1,0.335,0.378,0.325,0,2.79
3582,2,4,0.0719,0.7195,0.5214,1,175.58
3583,0,2,0.0465,0.3057,0.1504,0,1.77
3584,0,4,0.1904,0.3043,0.2532,1,80.12
3585,0,5,0.0719,0.2737,0.24,1,168.01
3586,1,1,0.2906,0.425,0.3234,0,1.42
3587,1,2,0.0465,0.5141,0.3025,0,4.69
3588,0,3,0.2606,0.3349,0.2519,0,2.2
3589,0,2,0.2372,0.4011,0.2314,0,2.12
3590,1,1,0.2878,0.2364,0.2754,1,50.75
3591,1,3,0.163,0.4548,0.3526,1,40.7
3592,1,4,0.0911,0.2023,0.2979,1,137.97
3593,0,5,0.1904,0.7857,0.4035,0,3.26
3594,0,3,0.2771,0.2878,0.2451,1,41.18
3595,0,1,0.223,0.4665,0.2135,0,3.42
3596,0,5,0.0719,0.2267,0.2282,0,1.33
3597,2,2,0.2082,0.5296,0.4549,1,21.1
3598,1,1,0.299,0.6111,0.3725,1,111.72
3599,0,1,0.5295,0.1923,0.2369,0,3.09
3600,0,2,0.0836,0.4926,0.2082,0,2.24
3601,0,4,0.2492,0.4714,0.3126,1,37.72
3602,1,5,0.1178,0.6172,0.4396,1,66.6
3603,2,5,0.1206,0.5959,0.5352,1,18.12
3604,2,1,0.0437,0.243,0.3039,1,86.08
3605,1,3,0.1502,0.3138,0.3135,0,2.34
3606,0,2,0.2727,0.5155,0.2707,0,1.83
3607,0,2,0.4038,0.5092,0.3084,1,25.22
3608,0,4,0.1904,0.2748,0.2458,0,1.67
3609,2,1,0.2878,0.1699,0.3588,0,2.13
3610,1,1,0.335,0.6637,0.3964,1,109.8
3611,2,1,0.1166,0.3893,0.3623,1,165.8
3612,2,4,0.1211,0.2706,0.424,0,1.52
3613,0,3,0.3463,0.3945,0.2925,1,32.73
3614,0,3,0.1094,0.4665,0.2394,1,83.65
3615,1,1,0.1382,0.5679,0.3134,1,71.57
3616,1,4,0.163,0.4308,0.3766,0,2.32
3617,2,3,0.1051,0.467,0.4383,1,46.4
3618,1,5,0.2301,0.5495,0.4564,0,3.69
3619,2,3,0.0437,0.2946,0.3768,0,2.85
3620,0,1,0.0911,0.782,0.2528,0,4.72
3621,1,1,0.2082,0.5345,0.3261,1,41.66
3622,1,4,0.183,0.338,0.3594,0,1.91
3623,0,1,0.0399,0.2707,0.1096,0,1.61
3624,0,4,0.3463,0.0927,0.2471,0,3.22
3625,1,5,0.335,0.6052,0.5018,1,68.18
3626,0,5,0.1166,0.2047,0.2362,0,2.29
3627,2,1,0.0437,0.7265,0.4247,0,3.68
3628,0,4,0.0836,0.5247,0.2763,0,2.79
3629,0,2,0.2082,0.5534,0.2608,1,89.8
3630,2,3,0.2606,0.1471,0.405,1,61.8
3631,1,5,0.1135,0.4156,0.388,0,2.0
3632,1,3,0.0911,0.2904,0.2899,0,1.96
3633,0,4,0.1166,0.2954,0.2288,1,49.58
3634,0,2,0.0719,0.4733,0.1999,0,1.37
3635,0,1,0.163,0.2947,0.1526,0,1.5
3636,2,3,0.1094,0.514,0.4513,0,1.78
3637,0,1,0.1166,0.2598,0.1299,0,2.08
3638,0,4,0.2853,0.2793,0.2754,1,17.76
3639,0,5,0.4038,0.6529,0.4344,0,1.29
3640,1,5,0.2878,0.33,0.4188,1,56.02
3641,1,3,0.5295,0.4433,0.4597,1,57.46
3642,0,1,0.0719,0.9738,0.295,1,121.86
3643,2,1,0.2562,0.5194,0.4367,1,67.34
3644,0,1,0.0168,0.6051,0.1863,0,1.92
3645,1,5,0.1012,0.7812,0.4757,1,49.47
3646,0,1,0.2906,0.6619,0.2827,1,20.08
3647,0,2,0.1166,0.3264,0.1766,0,1.28
3648,0,5,0.2757,0.4592,0.3475,0,3.77
3649,1,3,0.1674,0.4172,0.3445,0,3.51
3650,2,5,0.1476,0.5944,0.5429,0,1.51
3651,0,3,0.2757,0.1568,0.2119,0,3.96
3652,0,3,0.1179,0.4651,0.2416,0,2.65
3653,1,2,0.0399,0.4995,0.2968,1,83.68
3654,1,2,0.1211,0.6876,0.3682,0,3.15
3655,1,2,0.1012,0.3933,0.2887,0,1.75
3656,1,1,0.0168,0.7358,0.319,1,14.52
3657,0,3,0.1206,0.8101,0.3287,0,2.4
3658,1,1,0.2562,0.4706,0.3245,0,1.36
3659,0,2,0.2906,0.5336,0.2806,0,3.4
3660,1,2,0.2301,0.4877,0.351,1,68.0
3661,0,5,0.5395,0.4236,0.4178,0,3.86
3662,1,5,0.223,0.2978,0.3913,0,1.97
3663,2,1,0.163,0.5305,0.4115,0,2.51
3664,0,3,0.2771,0.7962,0.3722,0,3.05
3665,0,3,0.2853,0.5627,0.3163,0,3.42
3666,1,3,0.0719,0.5581,0.3511,1,71.24
3667,0,5,0.1051,0.4293,0.2889,0,2.48
3668,1,2,0.2906,0.3962,0.3462,1,55.2
3669,0,4,0.1211,0.7605,0.3465,1,90.4
3670,1,3,0.0465,0.5059,0.3304,1,53.21
3671,0,1,0.1166,0.5645,0.2061,0,1.99
3672,1,3,0.1178,0.632,0.3833,0,1.82
3673,1,5,0.3485,0.4569,0.4688,1,74.85
3674,1,1,0.2082,0.5004,0.3176,0,2.38
3675,1,3,0.3463,0.3455,0.3803,1,52.26
3676,1,3,0.299,0.4881,0.4017,1,35.13
3677,1,1,0.2771,0.3565,0.3023,1,113.34
3678,1,4,0.2727,0.1991,0.3516,0,1.83
3679,0,4,0.3266,0.1416,0.2534,0,1.42
3680,2,5,0.1206,0.5665,0.5278,1,59.61
3681,0,3,0.163,0.3866,0.2356,0,2.77
3682,1,5,0.1502,0.9013,0.5204,1,205.93
3683,0,3,0.0836,0.4482,0.2271,0,2.97
3684,2,2,0.2562,0.7504,0.5245,1,342.36
3685,1,4,0.2492,0.4084,0.3969,1,30.34
3686,1,5,0.183,0.0654,0.3212,1,30.08
3687,0,5,0.1012,0.2916,0.2533,0,6.8
3688,0,5,0.1757,0.6609,0.3679,1,41.24
3689,1,2,0.1577,0.1297,0.2397,0,2.68
3690,1,1,0.5395,0.3922,0.3899,1,27.61
3691,1,1,0.1904,0.3466,0.2738,0,4.67
3692,1,1,0.5295,0.6052,0.4401,0,1.75
3693,1,3,0.2757,0.5805,0.4178,0,1.27
3694,0,4,0.2301,0.7642,0.3801,1,29.9
3695,1,1,0.1502,0.7729,0.3683,1,35.51
3696,1,2,0.2562,0.3054,0.3132,0,3.05
3697,1,4,0.335,0.446,0.432,1,30.48
3698,1,5,0.1768,0.6889,0.4753,1,296.13
3699,1,4,0.1768,0.368,0.365,1,18.67
3700,2,5,0.1178,0.7685,0.5775,1,67.17
3701,1,1,0.1757,0.4807,0.3029,1,15.46
3702,2,2,0.3611,0.609,0.5206,0,4.74
3703,1,4,0.1757,0.161,0.313,0,1.39
3704,1,4,0.0399,0.6648,0.3982,0,3.26
3705,1,3,0.5295,0.4006,0.449,1,342.35
3706,1,1,0.223,0.2154,0.2508,0,1.42
3707,1,3,0.1476,0.335,0.318,1,56.05
3708,1,5,0.1382,0.5976,0.4409,0,3.94
3709,1,4,0.1135,0.4159,0.358,1,96.3
3710,1,1,0.2757,0.5369,0.3469,1,125.37
3711,0,5,0.1051,0.4393,0.2914,0,1.98
3712,1,1,0.1094,0.1994,0.2127,0,2.31
3713,2,5,0.183,0.2214,0.4602,0,1.55
3714,1,1,0.2606,0.3607,0.2984,0,1.31
3715,0,5,0.2606,0.5063,0.3548,1,54.95
3716,0,4,0.1757,0.4037,0.2736,0,4.66
3717,1,2,0.0911,0.7301,0.3699,1,112.13
3718,0,3,0.2757,0.7066,0.3494,0,1.52
3719,2,2,0.2853,0.6037,0.4965,1,166.56
3720,2,1,0.0465,0.759,0.4337,1,68.88
3721,0,1,0.1577,0.6106,0.23,0,1.47
3722,1,2,0.2727,0.8119,0.4448,1,31.34
3723,1,5,0.163,0.7619,0.4894,0,2.48
3724,1,3,0.1577,0.4496,0.3497,0,3.22
3725,0,1,0.3266,0.5293,0.2603,1,111.92
3726,2,1,0.1094,0.4468,0.3745,0,1.42
3727,0,2,0.3463,0.5861,0.3104,1,46.24
3728,1,3,0.183,0.7091,0.4222,1,30.12
3729,2,3,0.1135,0.123,0.3548,1,18.19
3730,3,2,0.2878,0.4646,0.5625,0,2.05
3731,0,4,0.3266,0.3148,0.2967,0,1.36
3732,0,4,0.2606,0.643,0.3589,0,1.78
3733,0,3,0.335,0.6964,0.3646,1,94.35
3734,2,2,0.1502,0.5542,0.4436,0,2.95
3735,2,3,0.0836,0.5637,0.456,1,96.81
3736,0,1,0.1382,0.3763,0.1655,1,37.72
3737,1,1,0.2906,0.65,0.3797,1,14.41
3738,1,3,0.1211,0.5397,0.3613,0,2.19
3739,0,2,0.5395,0.3193,0.3017,1,57.25
3740,0,1,0.0168,0.2369,0.0943,0,1.52
3741,0,2,0.2372,0.4464,0.2428,0,1.47
3742,1,1,0.1206,0.6594,0.331,1,28.79
3743,1,2,0.335,0.3027,0.3362,0,3.5
3744,0,3,0.2727,0.4968,0.296,1,12.97
3745,0,4,0.1757,0.9177,0.4021,0,1.9
3746,1,3,0.2853,0.4357,0.3845,0,1.84
3747,1,4,0.299,0.1886,0.3568,0,1.93
3748,0,3,0.3266,0.5909,0.3357,1,31.71
3749,0,5,0.3485,0.4048,0.3558,1,86.68
3750,1,5,0.1166,0.2612,0.3503,1,64.23
3751,2,4,0.2606,0.5864,0.5448,1,94.39
3752,0,1,0.2878,0.4882,0.2384,0,1.66
3753,2,4,0.1178,0.43,0.4628,1,46.14
3754,2,4,0.1094,0.2129,0.406,1,35.68
3755,1,3,0.0465,0.4033,0.3048,1,55.4
3756,1,4,0.3266,0.2901,0.3905,0,2.75
3757,1,1,0.2562,0.3385,0.2915,1,69.8
3758,1,1,0.3485,0.2786,0.3042,0,1.89
3759,1,3,0.2606,0.5736,0.4116,1,275.55
3760,2,2,0.2606,0.6996,0.5131,1,106.33
3761,2,3,0.1206,0.6579,0.4907,1,15.98
3762,2,4,0.3294,0.6053,0.5701,1,16.72
3763,0,4,0.3485,0.4547,0.3382,0,5.45
3764,0,4,0.0399,0.8545,0.3456,0,2.15
3765,0,3,0.0437,0.6535,0.2665,0,0.85
3766,1,2,0.3266,0.3553,0.3468,1,11.79
3767,1,5,0.223,0.6136,0.4703,1,50.75
3768,1,4,0.2082,0.6442,0.4435,1,50.83
3769,2,4,0.3294,0.3174,0.4982,1,105.3
3770,0,1,0.1206,0.771,0.2589,0,3.11
3771,1,3,0.1577,0.3901,0.3348,1,89.64
3772,1,3,0.0719,0.3388,0.2963,1,100.88
3773,1,1,0.2878,0.3839,0.3123,1,19.94
3774,1,3,0.1904,0.2244,0.3032,1,15.15
3775,1,1,0.1577,0.4447,0.2885,0,2.62
3776,0,1,0.3463,0.339,0.2186,1,17.56
3777,0,4,0.1178,0.4673,0.2722,0,2.35
3778,2,4,0.1012,0.5835,0.4962,1,121.65
3779,0,4,0.1904,0.0612,0.1924,1,86.84
3780,0,4,0.2853,0.6068,0.3573,1,37.3
3781,1,1,0.1094,0.246,0.2243,0,0.63
3782,2,2,0.1094,0.5362,0.4269,0,2.95
3783,0,3,0.0168,0.3441,0.1811,0,3.53
3784,0,4,0.4038,0.386,0.3376,0,0.93
3785,0,2,0.2906,0.3759,0.2412,0,2.03
3786,1,3,0.5295,0.4726,0.467,1,38.13
3787,1,1,0.2906,0.3314,0.3,0,3.28
3788,0,4,0.3294,0.2759,0.2878,0,2.05
3789,1,2,0.2082,0.3562,0.3115,0,2.27
3790,0,2,0.299,0.6251,0.306,0,3.37
3791,1,2,0.2771,0.6464,0.4047,0,1.46
3792,0,1,0.183,0.5686,0.227,0,3.39
3793,0,5,0.1768,0.2024,0.2536,0,3.69
3794,1,3,0.1757,0.6249,0.3989,1,48.77
3795,2,5,0.2562,0.5736,0.5703,0,2.61
3796,0,2,0.1674,0.325,0.1915,0,2.95
3797,1,5,0.1166,0.4051,0.3863,0,1.72
3798,0,4,0.1757,0.4394,0.2826,1,76.95
3799,1,5,0.1206,0.6298,0.4436,0,1.59
3800,0,3,0.2372,0.1954,0.21,0,2.73
3801,1,3,0.1577,0.708,0.4143,1,58.01
3802,0,5,0.1757,0.5971,0.352,1,80.43
3803,1,1,0.1768,0.4256,0.2894,1,64.23
3804,1,4,0.0437,0.4945,0.3567,1,18.25
3805,0,1,0.2771,0.5251,0.2444,1,50.34
3806,1,5,0.2562,0.5719,0.4698,1,120.41
3807,1,4,0.1904,0.289,0.3494,1,59.48
3808,1,3,0.2492,0.8208,0.47,1,63.44
3809,0,5,0.0836,0.2722,0.2431,0,2.08
3810,0,2,0.1904,0.3924,0.2152,1,34.04
3811,0,2,0.1179,0.5801,0.2404,0,1.67
3812,2,5,0.5295,0.7435,0.6947,1,34.99
3813,0,5,0.0437,0.5997,0.313,1,43.26
3814,0,1,0.1768,0.4397,0.193,0,2.28
3815,0,3,0.3294,0.6013,0.3391,0,1.56
3816,1,5,0.1211,0.6401,0.4464,1,107.79
3817,1,2,0.1166,0.4778,0.3144,1,40.45
3818,0,1,0.2301,0.4702,0.2166,1,18.13
3819,1,2,0.1577,0.3139,0.2858,0,2.41
3820,1,1,0.163,0.3469,0.2656,0,1.55
3821,1,3,0.1051,0.5707,0.3642,0,2.4
3822,1,2,0.2853,0.4459,0.3571,0,2.79
3823,1,3,0.1051,0.3263,0.3031,1,27.52
3824,2,2,0.1179,0.5392,0.4302,1,87.62
3825,0,1,0.3463,0.6605,0.299,0,2.26
3826,2,3,0.5395,0.4941,0.5754,1,98.62
3827,1,5,0.3294,0.343,0.4346,0,2.49
3828,0,2,0.1502,0.364,0.1961,0,3.51
3829,0,5,0.1051,0.4105,0.2842,0,3.29
3830,1,4,0.1094,0.4835,0.3737,1,69.09
3831,1,5,0.2606,0.5896,0.4756,1,107.17
3832,1,4,0.1166,0.564,0.396,1,12.94
3833,2,1,0.3266,0.4111,0.4308,1,42.64
3834,2,2,0.1051,0.5654,0.4329,1,70.89
3835,1,1,0.2853,0.4721,0.3336,1,39.31
3836,0,2,0.2082,0.5674,0.2643,0,2.39
3837,0,1,0.1179,0.499,0.1901,1,8.39
3838,1,3,0.0911,0.448,0.3293,0,2.06
3839,1,2,0.1178,0.7275,0.3772,0,2.27
3840,0,3,0.1206,0.8655,0.3426,0,3.41
3841,0,5,0.0719,0.4461,0.2831,1,29.58
3842,0,1,0.3463,0.5883,0.281,0,1.23
3843,1,1,0.1166,0.205,0.2162,0,3.71
3844,1,1,0.223,0.3231,0.2777,1,84.37
3845,1,5,0.163,0.3893,0.3962,0,1.79
3846,0,4,0.5395,0.4113,0.3847,1,47.96
3847,2,5,0.0836,0.457,0.4893,0,2.08
3848,0,3,0.1094,0.7012,0.2981,1,17.32
3849,0,5,0.1768,0.3473,0.2899,1,47.81
3850,2,4,0.1211,0.3561,0.4454,1,225.82
3851,0,2,0.3463,0.2747,0.2326,1,50.35
3852,0,5,0.2372,0.3989,0.3209,1,61.12
3853,0,1,0.1577,0.394,0.1758,0,2.14
3854,0,2,0.2606,0.5276,0.2701,1,21.63
3855,1,3,0.2281,0.5724,0.4015,1,48.36
3856,0,5,0.5295,0.4506,0.4215,1,90.28
3857,1,1,0.2492,0.3658,0.2962,0,2.01
3858,0,1,0.0836,0.6318,0.213,0,2.87
3859,0,5,0.0719,0.3517,0.2595,0,2.23
3860,0,4,0.2562,0.5383,0.3314,0,3.66
3861,1,4,0.2906,0.3079,0.3842,1,26.76
3862,2,3,0.2562,0.7485,0.554,1,66.67
3863,0,1,0.1577,0.7706,0.27,0,2.7
3864,0,5,0.1768,0.3189,0.2828,0,3.5
3865,1,2,0.1757,0.4393,0.3225,1,33.99
3866,0,2,0.5395,0.3888,0.319,1,25.52
3867,0,3,0.3266,0.4702,0.3055,1,59.49
3868,0,4,0.2562,0.3671,0.2886,0,1.14
3869,1,5,0.3294,0.7082,0.5259,1,58.21
3870,1,5,0.2771,0.5149,0.4619,0,3.06
3871,0,1,0.2606,0.6199,0.2632,0,2.7
3872,1,4,0.1382,0.4632,0.3773,1,148.53
3873,0,3,0.1166,0.4963,0.2491,0,1.38
3874,1,3,0.1904,0.1611,0.2874,1,446.13
3875,0,2,0.1178,0.5785,0.24,1,21.13
3876,1,2,0.3485,0.4393,0.3744,0,4.4
3877,1,5,0.2757,0.5686,0.4749,1,77.1
3878,0,3,0.3294,0.2625,0.2544,1,28.05
3879,1,2,0.1382,0.4952,0.3253,0,1.23
3880,1,5,0.335,0.1266,0.3822,1,129.2
3881,1,1,0.2878,0.6113,0.3692,1,76.23
3882,0,5,0.2853,0.56,0.3756,0,1.63
3883,1,3,0.3266,0.4267,0.3947,1,18.58
3884,1,2,0.2771,0.4263,0.3497,1,14.79
3885,0,2,0.1206,0.136,0.1302,0,2.02
3886,1,3,0.1094,0.354,0.3113,1,11.12
3887,1,3,0.3485,0.5716,0.4374,1,58.45
3888,0,3,0.2906,0.7004,0.3523,0,1.71
3889,0,4,0.2771,0.4753,0.322,1,48.48
3890,2,5,0.2757,0.6589,0.5974,1,140.73
3891,0,2,0.1502,0.4861,0.2266,0,2.55
3892,0,1,0.4038,0.513,0.2794,0,2.46
3893,1,2,0.2492,0.6935,0.4081,1,58.41
3894,0,1,0.223,0.7155,0.2758,1,46.38
3895,0,2,0.3266,0.2657,0.2244,0,3.04
3896,0,5,0.5395,0.7989,0.5116,1,62.01
3897,0,4,0.0465,0.198,0.1834,0,2.31
3898,0,3,0.0719,0.3611,0.2018,0,2.07
3899,1,5,0.1674,0.2258,0.3567,1,51.72
3900,1,5,0.2757,0.0872,0.3545,0,2.58
3901,0,2,0.2771,0.5898,0.2906,0,3.43
3902,0,5,0.2562,0.347,0.3136,0,3.25
3903,0,4,0.3611,0.43,0.3358,0,3.92
3904,0,4,0.3294,0.5693,0.3611,0,1.89
3905,1,3,0.5295,0.385,0.4451,1,108.79
3906,2,1,0.5295,0.4253,0.4952,1,118.02
3907,0,4,0.2301,0.4796,0.3089,1,88.4
3908,0,1,0.1476,0.5489,0.2115,0,1.07
3909,2,5,0.2301,0.1735,0.4624,0,1.58
3910,0,4,0.0399,0.6574,0.2963,0,4.47
3911,1,5,0.1577,0.6111,0.4501,1,68.25
3912,0,4,0.1382,0.5845,0.3076,0,1.35
3913,1,3,0.1768,0.2736,0.3114,0,0.88
3914,0,2,0.1206,0.2405,0.1563,0,3.44
3915,0,5,0.1674,0.6508,0.3629,0,1.73
3916,2,4,0.163,0.3633,0.4597,1,18.59
3917,1,2,0.1094,0.3866,0.2895,0,2.68
3918,0,4,0.335,0.1497,0.2579,0,2.36
3919,2,2,0.163,0.5403,0.444,1,33.79
3920,1,1,0.0911,0.4569,0.2716,1,110.2
3921,1,5,0.2853,0.4715,0.4535,1,55.13
3922,0,1,0.2606,0.4829,0.2289,0,2.94
3923,0,2,0.1382,0.5833,0.2473,0,1.97
3924,0,1,0.2281,0.1683,0.1405,1,19.7
3925,1,1,0.335,0.446,0.342,0,3.52
3926,0,4,0.1206,0.5204,0.2863,0,2.71
3927,0,2,0.1094,0.1374,0.1272,0,1.95
3928,1,2,0.2757,0.2995,0.3176,1,29.81
3929,1,1,0.1135,0.3469,0.2508,1,13.62
3930,0,4,0.0911,0.318,0.2268,0,2.91
3931,1,3,0.1904,0.4926,0.3703,1,30.23
3932,1,3,0.2281,0.7742,0.452,0,2.68
3933,1,3,0.5395,0.3854,0.4482,1,47.43
3934,0,2,0.2492,0.2056,0.1862,0,2.17
3935,0,5,0.0168,0.2891,0.2273,1,33.62
3936,2,5,0.2492,0.3759,0.5187,0,2.95
3937,0,3,0.2606,0.597,0.3174,0,1.85
3938,1,2,0.5295,0.1999,0.3688,1,15.19
3939,0,2,0.1178,0.8173,0.2997,0,1.75
3940,1,2,0.2372,0.561,0.3714,1,8.45
3941,1,4,0.0168,0.6793,0.3949,0,2.75
3942,1,1,0.1135,0.4256,0.2704,0,1.44
3943,1,3,0.3294,0.7299,0.4713,0,3.13
3944,0,4,0.3485,0.399,0.3243,1,125.83
3945,1,3,0.3611,0.1743,0.3419,1,36.57
3946,0,2,0.1904,0.8266,0.3238,0,7.39
3947,0,3,0.2878,0.5651,0.3176,1,51.23
3948,1,5,0.2606,0.5028,0.4539,1,38.27
3949,0,4,0.2082,0.5612,0.3228,1,21.33
3950,1,3,0.1757,0.6397,0.4026,0,2.48
3951,0,3,0.0719,0.5711,0.2543,0,3.59
3952,0,2,0.1674,0.5771,0.2545,0,1.67
3953,1,1,0.3266,0.2513,0.2908,0,2.69
3954,0,3,0.2372,0.482,0.2817,0,2.18
3955,0,2,0.3294,0.3129,0.237,0,1.89
3956,2,4,0.0437,0.3553,0.4219,0,3.43
3957,1,5,0.2562,0.6729,0.4951,1,40.36
3958,1,3,0.2853,0.4214,0.3809,0,0.71
3959,1,5,0.3485,0.4171,0.4588,0,2.99
3960,2,4,0.0719,0.5967,0.4907,1,228.08
3961,0,1,0.1012,0.5471,0.1971,1,11.24
3962,2,5,0.2878,0.4115,0.5392,1,70.94
3963,1,1,0.2771,0.7269,0.3949,0,1.57
3964,1,1,0.335,0.0414,0.2408,0,2.43
3965,1,2,0.1179,0.3548,0.2841,0,1.81
3966,1,3,0.1476,0.292,0.3073,1,51.43
3967,0,2,0.1476,0.2137,0.1577,0,3.95
3968,0,5,0.4038,0.5378,0.4056,1,44.95
3969,1,4,0.299,0.4776,0.4291,1,29.57
3970,0,3,0.1135,0.1901,0.1716,0,3.26
3971,1,1,0.1674,0.2205,0.2353,1,89.13
3972,2,2,0.1674,0.3193,0.39,1,72.61
3973,1,1,0.3611,0.5465,0.375,0,2.45
3974,0,2,0.2372,0.7325,0.3143,0,2.12
3975,1,1,0.2372,0.6963,0.3752,1,124.54
3976,1,3,0.1178,0.3173,0.3047,0,1.73
3977,1,2,0.2771,0.1522,0.2812,0,2.32
3978,1,3,0.1757,0.5677,0.3846,1,14.71
3979,1,4,0.163,0.358,0.3584,0,1.28
3980,0,3,0.2853,0.6139,0.3291,1,19.23
3981,1,5,0.0911,0.7119,0.4553,0,2.5
3982,0,3,0.1382,0.7425,0.3171,0,2.47
3983,0,3,0.1211,0.4963,0.2504,0,2.26
3984,0,2,0.2878,0.0806,0.1665,0,2.31
3985,0,4,0.1768,0.6101,0.3256,0,1.48
3986,1,4,0.0836,0.379,0.3398,0,4.7
3987,0,3,0.1166,0.4065,0.2266,0,1.91
3988,0,1,0.4038,0.1908,0.1988,0,1.04
3989,1,1,0.3294,0.2121,0.2818,0,1.47
3990,0,2,0.2757,0.5129,0.2709,1,32.1
3991,1,4,0.2878,0.2555,0.3702,1,85.68
3992,1,4,0.1135,0.4821,0.3746,1,37.92
3993,0,2,0.3294,0.637,0.3181,0,2.45
3994,1,3,0.2757,0.3925,0.3708,1,13.05
3995,0,3,0.1094,0.4382,0.2324,1,16.89
3996,1,3,0.183,0.6357,0.4038,0,4.35
3997,0,1,0.2878,0.6352,0.2751,1,70.33
3998,0,5,0.5295,0.7061,0.4854,1,77.57
3999,0,2,0.4038,0.68,0.3511,1,48.81
4000,1,3,0.1179,0.4222,0.3309,1,42.41
4001,2,2,0.2727,0.8638,0.5578,1,94.02
4002,0,5,0.299,0.4118,0.3426,1,96.89
4003,1,4,0.2301,0.8091,0.4913,1,119.21
4004,1,2,0.1179,0.4675,0.3122,0,3.14
4005,1,5,0.2771,0.6699,0.5006,1,19.9
4006,1,5,0.2562,0.2623,0.3924,1,28.16
4007,2,5,0.299,0.2586,0.5044,1,36.8
4008,0,1,0.3485,0.3338,0.218,1,54.81
4009,0,2,0.2301,0.5582,0.2686,1,67.95
4010,0,5,0.2757,0.7449,0.4189,1,301.71
4011,1,3,0.0836,0.5838,0.361,0,1.5
4012,1,1,0.0168,0.4055,0.2364,1,42.36
4013,1,4,0.1206,0.2558,0.3201,1,89.07
4014,0,5,0.1577,0.577,0.3416,0,1.67
4015,1,2,0.1382,0.2901,0.274,0,1.61
4016,1,3,0.4038,0.4087,0.4133,0,2.27
4017,0,1,0.5295,0.4335,0.2972,0,2.99
4018,0,5,0.2727,0.662,0.3973,1,64.61
4019,1,5,0.1476,0.4204,0.3994,1,135.94
4020,0,1,0.2082,0.3017,0.1679,0,1.33
4021,0,2,0.1502,0.5176,0.2345,0,4.28
4022,1,3,0.0911,0.6494,0.3797,1,19.5
4023,1,1,0.5295,0.4,0.3889,1,79.85
4024,1,1,0.1476,0.762,0.3648,1,31.76
4025,0,4,0.1382,0.4646,0.2776,1,21.54
4026,1,5,0.2606,0.1697,0.3706,1,18.86
4027,0,5,0.3266,0.4812,0.3683,1,95.61
4028,2,1,0.2771,0.5036,0.439,1,70.07
4029,1,4,0.0719,0.3126,0.3197,1,143.84
4030,0,2,0.1502,0.5044,0.2312,0,1.69
4031,1,3,0.2727,0.1084,0.2989,1,74.68
4032,0,2,0.163,0.3131,0.1872,0,3.0
4033,1,3,0.0465,0.4814,0.3243,0,3.61
4034,1,1,0.0719,0.6133,0.3049,0,2.5
4035,1,2,0.2606,0.0558,0.2521,0,3.97
4036,1,1,0.335,0.205,0.2818,1,200.15
4037,1,5,0.0465,0.4463,0.3755,0,2.5
4038,1,3,0.0911,0.6333,0.3757,1,25.6
4039,0,3,0.0437,0.2449,0.1643,0,3.28
4040,0,5,0.2372,0.5174,0.3505,1,84.89
4041,1,1,0.2372,0.3718,0.2941,1,29.27
4042,1,3,0.1757,0.5658,0.3842,0,4.27
4043,1,2,0.1904,0.121,0.2474,0,1.3
4044,0,4,0.183,0.7817,0.3703,1,24.71
4045,1,3,0.1904,0.6976,0.4215,0,3.54
4046,1,2,0.0437,0.2305,0.2307,1,40.44
4047,0,5,0.4038,0.3465,0.3578,0,1.51
4048,2,2,0.4038,0.5544,0.5197,1,57.0
4049,1,3,0.1211,0.6637,0.3923,1,56.63
4050,0,1,0.2562,0.4348,0.2156,0,2.38
4051,1,5,0.2853,0.4043,0.4367,1,21.45
4052,1,5,0.1211,0.4281,0.3934,1,80.87
4053,1,3,0.1904,0.1238,0.2781,0,2.65
4054,2,2,0.3611,0.5752,0.5121,1,36.21
4055,1,4,0.1135,0.3085,0.3312,1,33.06
4056,0,3,0.0437,0.3906,0.2008,0,2.77
4057,1,2,0.2082,0.5141,0.351,0,3.8
4058,1,1,0.1206,0.477,0.2854,0,2.49
4059,1,3,0.0911,0.56,0.3573,1,49.92
4060,1,3,0.2082,0.5059,0.3789,0,1.19
4061,1,2,0.1135,0.2828,0.2648,0,0.52
4062,0,1,0.2562,0.7222,0.2874,1,52.11
4063,0,5,0.5395,0.6707,0.4795,1,136.0
4064,1,3,0.0911,0.4217,0.3228,1,51.32
4065,2,2,0.3266,0.465,0.4742,1,321.25
4066,0,5,0.163,0.4595,0.3138,1,62.12
4067,1,2,0.1674,0.5552,0.349,0,2.52
4068,0,5,0.2853,0.6023,0.3862,1,143.01
4069,0,3,0.1502,0.1892,0.1824,0,1.94
4070,1,5,0.2771,0.602,0.4836,1,212.99
4071,1,2,0.1166,0.6931,0.3683,1,26.68
4072,1,5,0.335,0.2732,0.4188,1,61.44
4073,1,1,0.0399,0.3585,0.2316,0,3.1
4074,0,3,0.299,0.357,0.269,1,9.13
4075,1,2,0.1135,0.2746,0.2627,1,34.38
4076,0,2,0.0399,0.1903,0.1195,0,2.22
4077,1,2,0.1094,0.2698,0.2603,1,32.24
4078,1,4,0.0836,0.4904,0.3677,1,66.99
4079,1,4,0.1674,0.628,0.4272,0,2.4
4080,1,1,0.2853,0.682,0.3861,1,289.0
4081,0,5,0.2606,0.6716,0.3961,1,54.24
4082,1,5,0.3294,0.4394,0.4587,0,4.2
4083,1,1,0.1135,0.3755,0.2579,0,1.43
4084,0,4,0.183,0.3058,0.2513,0,2.25
4085,0,4,0.1206,0.6054,0.3075,0,3.68
4086,0,3,0.2082,0.6067,0.3041,1,36.25
4087,0,1,0.183,0.051,0.0976,0,1.3
4088,1,5,0.4038,0.2049,0.4224,0,1.93
4089,2,3,0.183,0.3236,0.4258,1,53.35
4090,1,4,0.0836,0.6435,0.406,0,2.52
4091,0,5,0.2492,0.3726,0.3179,1,25.24
4092,1,1,0.1382,0.5264,0.3031,0,3.06
4093,0,1,0.2562,0.506,0.2334,0,1.74
4094,0,4,0.5295,0.5255,0.4102,0,1.41
4095,0,5,0.2281,0.7092,0.3957,1,67.99
4096,0,4,0.2082,0.1601,0.2225,1,15.06
4097,0,2,0.1768,0.1863,0.1596,0,2.1
4098,0,1,0.2757,0.4725,0.2308,1,177.86
4099,0,2,0.1768,0.3973,0.2124,0,1.97
4100,2,3,0.0437,0.2513,0.3659,0,1.82
4101,0,3,0.1178,0.3391,0.2101,1,22.05
4102,0,4,0.1211,0.3677,0.2483,1,31.06
4103,1,1,0.3485,0.2555,0.2984,0,1.67
4104,2,5,0.2301,0.3935,0.5174,1,35.0
4105,0,2,0.1135,0.2094,0.1464,0,3.13
4106,0,1,0.0465,0.6403,0.204,0,2.79
4107,2,4,0.1757,0.3799,0.4677,1,40.84
4108,1,1,0.2727,0.2095,0.2642,0,1.86
4109,0,1,0.163,0.3422,0.1645,0,1.89
4110,0,2,0.5395,0.5155,0.3507,0,1.62
4111,1,3,0.2301,0.3258,0.3405,0,5.06
4112,1,3,0.1757,0.6183,0.3973,1,55.34
4113,0,4,0.3266,0.4155,0.3219,1,51.31
4114,0,2,0.1166,0.3012,0.1703,0,1.77
4115,0,5,0.1051,0.4525,0.2947,1,48.91
4116,0,4,0.163,0.6942,0.3425,1,33.76
4117,0,3,0.1768,0.9401,0.3781,1,73.84
4118,0,4,0.0465,0.27,0.2015,0,3.33
4119,2,1,0.1206,0.314,0.3447,0,1.48
4120,0,3,0.2492,0.2348,0.2235,0,3.2
4121,0,2,0.0836,0.5559,0.2241,0,2.1
4122,0,5,0.1206,0.3677,0.2781,1,28.91
4123,1,4,0.163,0.6598,0.4338,1,176.84
4124,1,5,0.0719,0.5623,0.4121,0,1.56
4125,2,5,0.0911,0.4614,0.4927,1,145.52
4126,0,2,0.3294,0.4779,0.2783,0,3.02
4127,0,1,0.3463,0.4939,0.2574,0,1.29
4128,1,2,0.3611,0.6369,0.4276,1,37.14
4129,0,3,0.3266,0.6099,0.3405,0,3.92
4130,0,4,0.1382,0.4113,0.2643,0,1.46
4131,2,4,0.1094,0.7908,0.5505,1,157.96
4132,1,3,0.2562,0.0558,0.2808,1,15.55
4133,2,4,0.1051,0.5312,0.4843,1,84.57
4134,2,4,0.3485,0.3084,0.5016,1,94.55
4135,1,1,0.3611,0.5696,0.3807,1,118.36
4136,1,1,0.5295,0.345,0.3751,1,92.33
4137,1,2,0.5395,0.4783,0.4414,1,28.63
4138,0,3,0.1166,0.3328,0.2082,0,1.83
4139,0,1,0.1206,0.2146,0.1198,0,1.99
4140,1,5,0.1166,0.8114,0.4878,1,339.58
4141,1,4,0.299,0.1748,0.3534,0,1.5
4142,1,5,0.163,0.5369,0.4331,0,2.84
4143,1,1,0.2281,0.4529,0.3117,1,73.71
4144,1,5,0.1577,0.864,0.5133,1,27.29
4145,1,5,0.2492,0.4059,0.4262,1,50.25
4146,2,4,0.3266,0.7387,0.6027,1,81.57
4147,0,3,0.183,0.5129,0.2731,0,4.16
4148,1,1,0.163,0.6695,0.3463,1,102.25
4149,0,5,0.0836,0.3535,0.2635,1,131.0
4150,0,5,0.1757,0.3564,0.2918,0,2.49
4151,0,1,0.1178,0.4763,0.1844,1,21.89
4152,0,1,0.1166,0.5021,0.1905,0,3.26
4153,0,4,0.0719,0.4185,0.2462,1,107.1
4154,0,2,0.1012,0.441,0.2006,0,1.72
4155,1,5,0.2281,0.7599,0.5084,1,184.26
4156,1,3,0.1178,0.454,0.3388,1,64.24
4157,2,5,0.3463,0.8034,0.6547,0,1.35
4158,0,3,0.1674,0.8727,0.3584,0,2.86
4159,1,3,0.1768,0.4866,0.3647,0,2.43
4160,0,5,0.2606,0.3216,0.3086,0,1.89
4161,0,3,0.2082,0.2828,0.2232,0,5.1
4162,0,3,0.335,0.357,0.2798,1,57.79
4163,0,5,0.3294,0.4162,0.3529,1,76.78
4164,0,1,0.1051,0.7967,0.2607,1,41.35
4165,2,1,0.0719,0.2931,0.3248,0,3.07
4166,0,4,0.1012,0.6887,0.3225,1,56.63
4167,0,1,0.335,0.8356,0.3394,0,2.45
4168,1,3,0.163,0.6527,0.4021,1,39.75
4169,1,1,0.1166,0.5843,0.3111,1,40.64
4170,1,1,0.2281,0.3026,0.2741,0,1.48
4171,0,2,0.1674,0.5212,0.2405,1,14.63
4172,0,1,0.0836,0.536,0.1891,0,1.51
4173,1,4,0.1382,0.4641,0.3775,0,2.13
4174,1,5,0.1179,0.7313,0.4682,0,1.18
4175,2,5,0.1166,0.5428,0.5207,1,53.13
4176,0,2,0.2727,0.5578,0.2813,0,3.07
4177,1,1,0.3463,0.2792,0.3037,0,2.11
4178,2,3,0.335,0.6678,0.5574,1,59.98
4179,2,5,0.1768,0.2972,0.4773,1,111.54
4180,0,4,0.2492,0.8372,0.4041,1,181.09
4181,1,4,0.1178,0.1762,0.2994,1,12.14
4182,0,5,0.0437,0.2314,0.221,1,27.27
4183,0,2,0.2281,0.4498,0.2409,0,2.69
4184,1,1,0.2562,0.5735,0.3502,1,63.78
4185,1,4,0.1179,0.686,0.4269,1,99.8
4186,0,2,0.1179,0.4641,0.2114,0,1.95
4187,0,5,0.2757,0.5262,0.3643,1,59.56
4188,1,2,0.1382,0.4748,0.3202,1,55.95
4189,1,4,0.1179,0.6793,0.4252,1,42.76
4190,0,3,0.1094,0.6798,0.2928,1,50.54
4191,0,2,0.3463,0.6004,0.314,1,10.21
4192,1,3,0.1768,0.5639,0.384,1,137.03
4193,0,5,0.1135,0.4473,0.2959,0,2.48
4194,1,2,0.223,0.3164,0.306,0,3.75
4195,0,2,0.4038,0.2769,0.2504,1,39.46
4196,1,3,0.4038,0.4856,0.4325,1,30.11
4197,0,3,0.1382,0.6093,0.2838,0,2.32
4198,0,1,0.2281,0.539,0.2332,0,4.44
4199,1,1,0.3611,0.2643,0.3044,1,32.53
4200,1,5,0.2853,0.431,0.4433,0,1.32
4201,1,3,0.1211,0.5656,0.3677,0,1.85
4202,0,5,0.2492,0.4266,0.3314,0,2.71
4203,2,5,0.1768,0.5492,0.5403,1,234.18
4204,0,1,0.3266,0.7424,0.3136,0,7.58
4205,0,4,0.1211,0.5916,0.3042,0,2.18
4206,0,1,0.0836,0.52,0.1851,1,33.66
4207,1,5,0.0719,0.333,0.3548,0,4.29
4208,1,4,0.1382,0.3673,0.3533,1,57.06
4209,0,3,0.1904,0.3669,0.2388,1,34.37
4210,0,3,0.2757,0.7254,0.3541,1,27.19
4211,0,2,0.1757,0.6837,0.2836,0,1.4
4212,1,4,0.163,0.1739,0.3124,0,2.61
4213,0,5,0.2757,0.4514,0.3456,1,23.61
4214,1,1,0.1768,0.3122,0.2611,1,94.38
4215,0,4,0.3266,0.5992,0.3678,1,40.38
4216,0,4,0.2606,0.2079,0.2502,1,35.59
4217,0,2,0.5295,0.6272,0.3756,1,68.44
4218,0,3,0.1904,0.8953,0.3709,0,4.32
4219,0,1,0.1382,0.3283,0.1535,0,3.0
4220,0,4,0.2492,0.471,0.3125,1,72.9
4221,2,2,0.1178,0.1984,0.3449,0,1.12
4222,2,4,0.1094,0.6075,0.5047,1,93.14
4223,1,5,0.1206,0.427,0.3929,0,1.86
4224,0,5,0.1051,0.6206,0.3367,1,44.4
4225,1,2,0.183,0.531,0.3476,0,1.96
4226,1,1,0.3463,0.7143,0.4125,1,49.72
4227,0,5,0.0437,0.3785,0.2577,0,1.95
4228,0,5,0.5395,0.7632,0.5026,1,63.1
4229,1,1,0.5395,0.5065,0.4185,1,32.55
4230,0,3,0.1382,0.3149,0.2102,0,3.25
4231,2,4,0.183,0.656,0.5389,1,27.91
4232,1,2,0.1094,0.6627,0.3585,0,2.13
4233,1,1,0.2878,0.7779,0.4108,1,83.38
4234,1,2,0.0911,0.6779,0.3568,0,1.64
4235,0,4,0.1674,0.1908,0.2179,0,2.09
4236,1,5,0.0437,0.613,0.4164,1,57.36
4237,0,1,0.163,0.3907,0.1766,0,1.37
4238,0,3,0.3266,0.5589,0.3277,0,2.62
4239,1,2,0.3463,0.5558,0.4028,1,23.74
4240,0,3,0.1768,0.7653,0.3344,1,44.9
4241,1,2,0.0465,0.2385,0.2336,0,2.26
4242,0,3,0.1206,0.3316,0.2091,1,56.17
4243,0,4,0.0836,0.6154,0.2989,0,2.0
4244,0,5,0.3611,0.2553,0.3222,1,9.99
4245,0,3,0.4038,0.6007,0.3613,0,2.47
4246,0,5,0.2082,0.2561,0.2765,0,1.58
4247,0,5,0.2606,0.2631,0.294,0,2.66
4248,0,1,0.1768,0.4459,0.1945,1,39.33
4249,1,5,0.0168,0.4787,0.3747,1,30.24
4250,0,5,0.1904,0.3952,0.3059,0,5.9
4251,3,2,0.0836,0.5885,0.5322,1,96.24
4252,0,3,0.3463,0.3602,0.2839,0,1.82
4253,0,1,0.0399,0.3983,0.1415,0,3.15
4254,1,3,0.1768,0.3328,0.3262,1,60.46
4255,0,1,0.1178,0.498,0.1898,1,22.07
4256,1,1,0.1674,0.8825,0.4008,1,26.78
4257,1,5,0.1476,0.3354,0.3781,1,42.51
4258,0,1,0.0911,0.5307,0.19,0,3.59
4259,1,4,0.2906,0.6396,0.4671,1,49.11
4260,0,2,0.3294,0.5112,0.2866,1,41.53
4261,0,1,0.1768,0.417,0.1873,0,1.95
4262,1,1,0.0168,0.5703,0.2776,1,17.6
4263,0,5,0.2906,0.5982,0.3867,1,44.82
4264,1,2,0.2301,0.4058,0.3305,0,1.95
4265,0,4,0.2771,0.5975,0.3525,0,1.14
4266,1,3,0.2082,0.1612,0.2928,0,0.89
4267,1,1,0.1178,0.2844,0.2364,0,2.25
4268,0,2,0.1904,0.5608,0.2573,1,31.0
4269,1,4,0.3485,0.3601,0.4146,1,13.76
4270,1,4,0.2727,0.5542,0.4404,0,1.59
4271,0,3,0.2853,0.2747,0.2443,1,57.18
4272,0,2,0.0911,0.2845,0.1585,0,1.46
4273,0,2,0.1674,0.264,0.1762,0,0.63
4274,1,1,0.183,0.4523,0.298,0,2.07
4275,1,4,0.0465,0.6265,0.3906,0,0.98
4276,0,3,0.1757,0.7344,0.3263,1,26.79
4277,0,4,0.2771,0.6833,0.374,1,67.4
4278,2,5,0.3611,0.5509,0.5961,1,61.6
4279,0,4,0.0911,0.5074,0.2742,0,1.93
4280,0,3,0.2492,0.1096,0.1922,0,1.48
4281,0,5,0.1094,0.1836,0.2287,1,30.34
4282,0,5,0.1206,0.4781,0.3057,1,16.51
4283,1,2,0.3463,0.3406,0.349,1,117.6
4284,3,3,0.1904,0.6084,0.5992,1,122.29
4285,0,5,0.3294,0.3505,0.3364,0,2.42
4286,2,4,0.1382,0.4246,0.4676,1,35.79
4287,0,2,0.5295,0.4336,0.3272,1,36.93
4288,0,3,0.2372,0.7219,0.3416,0,1.24
4289,1,4,0.2878,0.4677,0.4233,1,61.17
4290,1,5,0.3611,0.5883,0.5054,1,15.12
4291,1,4,0.0399,0.1831,0.2777,0,2.39
4292,1,3,0.2606,0.6711,0.436,1,294.65
4293,0,2,0.223,0.5932,0.2752,1,38.42
4294,1,4,0.1211,0.6267,0.413,1,17.5
4295,0,1,0.2082,0.3237,0.1734,0,1.83
4296,1,4,0.5395,0.2285,0.439,1,81.27
4297,0,3,0.2492,0.6356,0.3237,0,3.54
4298,1,5,0.2082,0.4332,0.4208,1,108.86
4299,1,4,0.3463,0.5833,0.4697,1,19.83
4300,1,4,0.299,0.5838,0.4556,1,38.64
4301,0,2,0.1768,0.3016,0.1884,1,45.16
4302,0,5,0.2301,0.6919,0.392,0,1.6
4303,1,3,0.223,0.35,0.3444,1,18.12
4304,1,5,0.2606,0.6688,0.4954,1,9.48
4305,0,5,0.1179,0.492,0.3084,0,3.1
4306,0,5,0.1179,0.5078,0.3123,0,1.7
4307,2,5,0.2301,0.601,0.5693,1,45.1
4308,1,5,0.1179,0.3552,0.3742,0,2.56
4309,0,3,0.1502,0.7577,0.3245,0,3.56
4310,2,2,0.2492,0.3193,0.4146,1,102.29
4311,1,2,0.2082,0.6601,0.3875,0,2.2
4312,2,3,0.0836,0.2191,0.3699,1,37.12
4313,1,1,0.223,0.6009,0.3471,0,1.63
4314,0,1,0.2281,0.6287,0.2556,0,2.22
4315,1,3,0.0168,0.7334,0.3784,0,2.68
4316,2,3,0.163,0.3935,0.4373,1,45.83
4317,1,5,0.299,0.3873,0.4365,1,182.01
4318,1,1,0.0836,0.5758,0.299,0,1.2
4319,1,2,0.1166,0.3834,0.2908,0,2.76
4320,1,3,0.1768,0.6346,0.4017,0,2.2
4321,1,4,0.0911,0.4641,0.3634,0,3.5
4322,0,2,0.0719,0.5399,0.2165,0,3.14
4323,0,5,0.0399,0.42,0.267,1,100.56
4324,1,5,0.2878,0.4812,0.4566,1,79.6
4325,0,2,0.1051,0.3781,0.1861,0,1.65
4326,0,1,0.163,0.3439,0.1649,1,18.88
4327,1,1,0.1476,0.4075,0.2762,0,2.82
4328,1,3,0.1012,0.1484,0.2575,0,2.6
4329,0,1,0.2372,0.4337,0.2096,0,2.68
4330,0,4,0.2372,0.41,0.2937,0,1.52
4331,1,3,0.1179,0.5271,0.3571,0,3.0
4332,1,3,0.0911,0.6,0.3673,0,2.83
4333,1,3,0.0836,0.635,0.3738,0,3.69
4334,0,3,0.2301,0.1493,0.1964,0,2.82
4335,1,5,0.2606,0.3179,0.4077,0,1.22
4336,1,5,0.1206,0.3669,0.3779,1,109.31
4337,0,2,0.0911,0.1892,0.1346,0,1.6
4338,1,3,0.2878,0.5734,0.4197,1,25.69
4339,1,5,0.3611,0.2587,0.423,0,5.06
4340,1,4,0.335,0.3388,0.4052,0,1.54
4341,1,1,0.1577,0.5492,0.3146,0,2.1
4342,1,1,0.1094,0.3652,0.2541,0,2.03
4343,0,4,0.183,0.5961,0.3239,0,2.02
4344,2,5,0.0168,0.3196,0.4349,0,1.92
4345,1,2,0.223,0.4363,0.336,0,3.91
4346,0,4,0.2082,0.8847,0.4036,1,100.19
4347,1,3,0.0465,0.3094,0.2813,1,177.75
4348,0,5,0.1757,0.3603,0.2928,0,2.18
4349,1,1,0.1206,0.6025,0.3168,1,20.17
4350,1,5,0.3294,0.4994,0.4737,1,228.57
4351,0,5,0.183,0.517,0.3342,0,1.6
4352,0,5,0.183,0.5203,0.335,0,2.31
4353,1,2,0.2492,0.4124,0.3379,1,230.8
4354,0,3,0.2301,0.52,0.289,0,3.38
4355,1,1,0.335,0.479,0.3503,0,2.47
4356,0,4,0.2771,0.8736,0.4215,1,154.09
4357,1,5,0.2771,0.2236,0.389,1,30.26
4358,0,4,0.1211,0.2041,0.2074,0,2.87
4359,1,5,0.1382,0.1519,0.3294,1,134.03
4360,1,3,0.1206,0.3642,0.3172,0,1.22
4361,1,2,0.3266,0.5539,0.3965,0,2.19
4362,0,3,0.2301,0.5124,0.2871,1,75.96
4363,0,5,0.0168,0.3908,0.2527,0,1.03
4364,1,5,0.1768,0.8813,0.5234,1,131.56
4365,0,3,0.2492,0.324,0.2458,0,3.26
4366,1,3,0.3611,0.7374,0.4827,1,16.47
4367,0,3,0.0465,0.4061,0.2055,0,1.39
4368,0,2,0.0437,0.509,0.2004,0,2.82
4369,1,5,0.0719,0.7426,0.4572,1,29.37
4370,1,3,0.1502,0.6004,0.3852,1,45.81
4371,1,1,0.0836,0.7584,0.3447,1,71.1
4372,2,5,0.335,0.5628,0.5912,1,218.09
4373,0,4,0.1904,0.3259,0.2586,0,3.05
4374,2,4,0.3485,0.3585,0.5142,0,1.75
4375,1,5,0.299,0.4253,0.446,1,28.83
4376,1,1,0.1166,0.464,0.281,1,6.15
4377,1,3,0.3266,0.7803,0.4831,0,1.64
4378,1,4,0.1179,0.4289,0.3626,0,1.76
4379,1,5,0.0437,0.4142,0.3667,1,93.85
4380,0,4,0.1476,0.832,0.3723,1,32.62
4381,2,5,0.1206,0.5923,0.5343,1,139.27
4382,0,4,0.299,0.3508,0.2974,1,19.6
4383,1,4,0.1674,0.4346,0.3789,1,20.88
4384,1,1,0.0168,0.3903,0.2326,1,41.37
4385,1,1,0.0399,0.6889,0.3142,0,1.45
4386,1,4,0.1051,0.6018,0.402,0,2.56
4387,0,5,0.2878,0.2779,0.3058,1,33.5
4388,1,1,0.0168,0.2745,0.2037,0,1.03
4389,2,4,0.1166,0.4551,0.4688,1,83.38
4390,0,3,0.2853,0.5132,0.3039,1,26.78
4391,0,1,0.2771,0.347,0.1999,0,1.55
4392,0,5,0.2082,0.4061,0.314,0,4.15
4393,0,5,0.1577,0.5785,0.3419,0,2.93
4394,0,3,0.0437,0.9133,0.3314,1,27.61
4395,1,1,0.0836,0.2887,0.2273,1,14.49
4396,0,3,0.0437,0.2316,0.161,0,3.81
4397,3,5,0.0465,0.3773,0.5583,1,126.55
4398,0,3,0.2281,0.2551,0.2222,0,2.72
4399,2,5,0.0719,0.5211,0.5018,0,3.77
4400,1,4,0.1904,0.8705,0.4947,1,68.26
4401,1,1,0.2757,0.2719,0.2807,0,2.55
4402,1,1,0.5295,0.6155,0.4427,1,52.37
4403,0,5,0.3463,0.6899,0.4264,1,15.5
4404,0,4,0.0399,0.4284,0.2391,0,2.52
4405,0,4,0.2492,0.4062,0.2963,0,1.87
4406,0,5,0.3266,0.581,0.3932,1,114.3
4407,1,4,0.2727,0.6459,0.4633,0,1.36
4408,0,2,0.0719,0.7497,0.269,0,2.65
4409,0,5,0.2281,0.4491,0.3307,0,1.86
4410,1,2,0.2372,0.4917,0.3541,1,38.91
4411,0,5,0.2906,0.1881,0.2842,1,51.05
4412,1,5,0.2082,0.481,0.4327,0,3.07
4413,1,2,0.1135,0.5374,0.3284,1,12.96
4414,2,4,0.0168,0.3972,0.4243,0,1.35
4415,0,4,0.3463,0.3047,0.3001,0,1.95
4416,0,4,0.223,0.6652,0.3532,0,3.56
4417,1,2,0.2606,0.1886,0.2853,0,3.4
4418,1,2,0.2562,0.3714,0.3297,1,26.16
4419,0,5,0.0437,0.6714,0.331,1,50.76
4420,1,2,0.1904,0.65,0.3796,1,52.49
4421,0,3,0.1577,0.5467,0.274,1,19.72
4422,1,4,0.2757,0.6485,0.4648,1,21.91
4423,2,4,0.5295,0.1628,0.5196,1,8.03
4424,0,5,0.0911,0.7467,0.364,0,2.74
4425,0,1,0.5295,0.3948,0.2875,1,45.34
4426,2,3,0.1674,0.2207,0.3954,1,30.55
4427,0,1,0.1166,0.4485,0.1771,1,35.38
4428,1,5,0.5295,0.3306,0.4915,0,1.9
4429,0,2,0.1094,0.5207,0.223,0,1.36
4430,1,3,0.2757,0.767,0.4645,1,72.68
4431,1,4,0.0836,0.5039,0.3711,1,27.51
4432,0,2,0.2906,0.6131,0.3005,1,49.21
4433,0,1,0.2082,0.8049,0.2937,0,3.0
4434,1,5,0.2906,0.2705,0.4048,1,67.4
4435,1,5,0.2492,0.5104,0.4524,1,61.01
4436,0,3,0.1051,0.4372,0.2308,0,1.88
4437,1,1,0.1135,0.3376,0.2484,0,1.16
4438,0,3,0.3266,0.5894,0.3353,0,2.84
4439,1,3,0.1674,0.25,0.3027,0,1.67
4440,0,1,0.0465,0.4727,0.1621,0,1.84
4441,1,1,0.1178,0.1906,0.213,1,73.8
4442,1,3,0.0437,0.7639,0.3941,0,1.54
4443,0,5,0.1166,0.5998,0.3349,0,2.14
4444,0,1,0.0437,0.6152,0.1969,0,1.62
4445,0,1,0.2281,0.3057,0.1749,0,2.25
4446,1,5,0.0168,0.2587,0.3197,1,38.16
4447,0,3,0.2878,0.5941,0.3249,1,52.37
4448,0,5,0.335,0.4749,0.3692,1,18.71
4449,3,4,0.0437,0.1569,0.4723,1,65.85
4450,2,5,0.335,0.3762,0.5446,1,99.4
4451,0,5,0.0911,0.5791,0.3221,0,2.4
4452,1,4,0.1382,0.5947,0.4101,1,22.31
4453,0,4,0.0911,0.5203,0.2774,1,56.44
4454,0,2,0.1674,0.6491,0.2725,1,26.99
4455,1,2,0.3463,0.3827,0.3596,1,89.0
4456,0,3,0.335,0.4863,0.3121,0,3.43
4457,1,4,0.1135,0.5973,0.4034,1,33.61
4458,0,2,0.299,0.4172,0.254,1,18.94
4459,2,5,0.2906,0.3469,0.5239,1,56.99
4460,1,5,0.0719,0.5928,0.4198,0,1.37
4461,1,2,0.1904,0.5082,0.3442,1,31.8
4462,1,1,0.223,0.6879,0.3689,1,24.65
4463,0,2,0.0911,0.334,0.1708,0,2.37
4464,0,5,0.0437,0.2417,0.2235,0,3.24
4465,0,5,0.4038,0.4562,0.3852,1,162.11
4466,0,3,0.3463,0.402,0.2944,0,6.26
4467,1,1,0.1211,0.3517,0.2543,0,1.3
4468,0,5,0.1674,0.1872,0.247,0,1.62
4469,1,2,0.0437,0.6973,0.3474,1,63.2
4470,0,1,0.2281,0.2362,0.1575,1,14.42
4471,2,4,0.0836,0.3094,0.4224,1,73.57
4472,1,1,0.3294,0.507,0.3556,1,126.1
4473,1,1,0.1012,0.6258,0.3168,0,1.58
4474,1,4,0.1577,0.5096,0.3947,1,148.9
4475,0,5,0.2771,0.5346,0.3668,1,190.84
4476,1,3,0.0399,0.2912,0.2748,0,1.83
4477,1,5,0.4038,0.4795,0.491,1,242.35
4478,0,2,0.5295,0.3405,0.304,1,64.68
4479,0,4,0.1757,0.6051,0.324,1,20.65
4480,0,5,0.1012,0.5057,0.3068,1,24.06
4481,0,5,0.2562,0.2307,0.2845,1,14.88
4482,1,4,0.3294,0.4859,0.4403,1,69.71
4483,1,2,0.1179,0.2294,0.2527,1,10.54
4484,2,5,0.163,0.1471,0.4357,0,2.08
4485,0,3,0.3266,0.4011,0.2883,1,78.61
4486,0,1,0.1166,0.3796,0.1599,1,14.35
4487,0,2,0.1757,0.3271,0.1945,0,1.21
4488,0,1,0.2492,0.8654,0.3211,1,5.03
4489,0,2,0.1179,0.8932,0.3187,0,1.87
4490,0,3,0.1757,0.4274,0.2496,0,1.62
4491,1,4,0.2281,0.7188,0.4681,1,99.96
4492,1,2,0.5295,0.2465,0.3805,1,14.37
4493,2,5,0.183,0.1168,0.4341,0,2.76
4494,1,2,0.163,0.525,0.3402,1,38.78
4495,0,3,0.3611,0.4319,0.3063,0,3.32
4496,1,5,0.1476,0.3331,0.3776,0,2.57
4497,0,4,0.3611,0.2231,0.2841,1,62.63
4498,1,1,0.2853,0.573,0.3588,0,2.69
4499,1,2,0.1179,0.9612,0.4357,1,70.02
4500,0,5,0.2853,0.6668,0.4023,1,67.65
4501,0,5,0.0437,0.1942,0.2117,0,4.39
4502,0,1,0.299,0.747,0.3064,0,3.47
4503,0,4,0.0719,0.5687,0.2837,0,1.59
4504,1,5,0.0911,0.1103,0.3049,1,25.19
4505,0,1,0.1476,0.6671,0.2411,0,2.18
4506,1,1,0.1502,0.8513,0.3879,0,2.19
4507,1,3,0.1051,0.3869,0.3183,1,27.55
4508,0,1,0.1211,0.3688,0.1585,1,39.88
4509,0,4,0.2606,0.6446,0.3593,0,2.21
4510,1,5,0.3611,0.3533,0.4467,1,82.46
4511,1,2,0.0719,0.4982,0.3061,1,33.87
4512,0,5,0.1094,0.246,0.2443,0,2.62
4513,1,3,0.3611,0.5938,0.4468,0,3.9
4514,2,1,0.1904,0.5611,0.4274,0,2.59
4515,1,5,0.2562,0.5171,0.4561,1,132.91
4516,0,4,0.1166,0.4006,0.2551,0,1.96
4517,1,2,0.1904,0.3323,0.3002,1,34.23
4518,2,4,0.0168,0.4443,0.4361,0,3.02
4519,0,5,0.3266,0.3839,0.344,1,183.98
4520,1,1,0.2853,0.3474,0.3024,0,2.51
4521,2,2,0.2082,0.564,0.4635,1,28.11
4522,1,2,0.0836,0.5426,0.3207,1,25.98
4523,1,2,0.2906,0.5457,0.3836,1,70.71
4524,1,1,0.335,0.3006,0.3056,0,2.28
4525,0,2,0.3266,0.5282,0.29,0,1.83
4526,2,2,0.5295,0.4361,0.5279,1,30.22
4527,0,2,0.3463,0.8505,0.3765,0,1.24
4528,1,2,0.1577,0.0,0.2073,0,1.88
4529,1,3,0.1382,0.38,0.3265,0,2.44
4530,0,5,0.1577,0.6666,0.364,1,34.13
4531,3,2,0.0437,0.3861,0.4696,1,111.44
4532,0,5,0.1206,0.6059,0.3377,1,83.78
4533,0,3,0.0437,0.171,0.1459,0,1.4
4534,0,1,0.0437,0.4065,0.1447,0,2.1
4535,1,5,0.0911,0.4746,0.396,1,27.46
4536,1,3,0.5395,0.4079,0.4538,0,3.11
4537,2,1,0.2757,0.5003,0.4378,1,31.29
4538,1,5,0.5395,0.2632,0.4776,1,76.71
4539,0,1,0.2301,0.5157,0.228,0,2.07
4540,1,4,0.0399,0.5195,0.3618,1,11.56
4541,1,2,0.5295,0.3602,0.4089,1,50.71
4542,1,2,0.2771,0.4091,0.3454,0,2.29
4543,0,3,0.2562,0.4561,0.2809,0,1.5
4544,0,1,0.1768,0.433,0.1913,0,1.67
4545,0,5,0.1904,0.6934,0.3805,0,0.93
4546,0,4,0.1757,0.3049,0.2489,1,28.38
4547,0,4,0.0399,0.4143,0.2355,0,1.87
4548,0,5,0.1211,0.591,0.3341,0,2.65
4549,0,3,0.1178,0.6065,0.277,1,44.39
4550,1,4,0.2372,0.4424,0.4018,1,37.03
4551,0,2,0.2906,0.281,0.2174,0,2.57
4552,2,4,0.2372,0.5381,0.5257,0,2.39
4553,1,4,0.2771,0.1162,0.3322,0,2.69
4554,0,5,0.2082,0.6083,0.3645,1,39.7
4555,1,5,0.2906,0.7101,0.5147,1,93.59
4556,0,2,0.0437,0.4948,0.1968,0,2.93
4557,1,4,0.163,0.1754,0.3127,0,1.17
4558,0,1,0.3485,0.6368,0.2937,0,3.64
4559,1,5,0.0168,0.3962,0.3541,1,81.21
4560,1,3,0.1206,0.2133,0.2795,0,2.5
4561,1,5,0.183,0.2552,0.3687,1,20.48
4562,0,4,0.163,0.3328,0.2521,0,2.62
4563,1,1,0.1166,0.3493,0.2523,0,4.48
4564,0,2,0.2771,0.2201,0.1982,1,30.49
4565,1,4,0.1179,0.2188,0.3101,1,23.09
4566,2,3,0.1166,0.3368,0.4092,1,76.68
4567,0,5,0.1211,0.2731,0.2546,0,2.28
4568,1,2,0.1382,0.2838,0.2724,0,1.08
4569,0,5,0.2281,0.7425,0.4041,0,2.96
4570,1,3,0.1577,0.3555,0.3262,1,173.63
4571,0,4,0.0465,0.2329,0.1922,0,1.18
4572,0,5,0.1211,0.2627,0.252,0,1.54
4573,2,4,0.2301,0.5785,0.5337,1,46.79
4574,0,1,0.1904,0.4912,0.2099,1,13.61
4575,0,5,0.0719,0.4809,0.2918,0,1.23
4576,1,5,0.335,0.5195,0.4804,0,2.92
4577,0,4,0.0719,0.6154,0.2954,1,15.7
4578,1,1,0.299,0.4871,0.3415,1,113.8
4579,1,5,0.2906,0.2798,0.4071,0,2.31
4580,0,1,0.1674,0.2262,0.1368,0,1.49
4581,1,2,0.0168,0.8292,0.3723,0,3.61
4582,0,5,0.3266,0.6138,0.4014,1,16.69
4583,2,1,0.3294,0.2214,0.3842,0,2.03
4584,1,3,0.5395,0.5137,0.4803,1,28.36
4585,1,5,0.163,0.2692,0.3662,1,58.15
4586,1,2,0.4038,0.438,0.3906,1,23.31
4587,0,3,0.1904,0.4319,0.2551,0,1.57
4588,1,5,0.1094,0.4844,0.4039,1,26.05
4589,1,2,0.1094,0.4619,0.3083,1,25.5
4590,2,3,0.5395,0.4273,0.5587,1,50.09
4591,0,1,0.1206,0.4079,0.1682,0,1.91
4592,0,5,0.2878,0.7175,0.4157,1,82.69
4593,1,4,0.1012,0.3942,0.3489,0,1.44
4594,0,5,0.3611,0.6775,0.4277,1,31.58
4595,0,3,0.0836,0.5864,0.2617,0,2.34
4596,1,2,0.1382,0.4409,0.3117,0,2.04
4597,0,3,0.0399,0.0876,0.1239,0,4.06
4598,1,5,0.1012,0.583,0.4261,1,44.37
4599,1,5,0.183,0.7318,0.4878,0,2.72
4600,1,1,0.1166,0.3663,0.2566,0,1.83
4601,1,3,0.1476,0.3917,0.3322,0,3.32
4602,1,4,0.2727,0.5929,0.45,0,3.89
4603,1,4,0.1476,0.1015,0.2897,0,2.15
4604,1,3,0.2771,0.4845,0.3943,0,3.3
4605,1,2,0.1757,0.5402,0.3478,0,1.34
4606,0,4,0.1135,0.2869,0.2258,0,2.4
4607,0,3,0.3266,0.1891,0.2353,0,2.96
4608,1,2,0.1179,0.3585,0.285,1,81.61
4609,1,3,0.1179,0.1866,0.272,0,1.68
4610,1,5,0.1012,0.7437,0.4663,1,48.99
4611,1,1,0.1382,0.5764,0.3156,0,2.36
4612,0,3,0.0168,0.5278,0.227,1,45.23
4613,0,5,0.2372,0.0907,0.2438,1,10.07
4614,0,5,0.2562,0.9099,0.4543,0,1.93
4615,1,4,0.0836,0.587,0.3918,1,36.71
4616,1,4,0.3294,0.3566,0.408,1,22.8
4617,2,3,0.1135,0.4127,0.4272,1,20.85
4618,0,2,0.3463,0.4102,0.2664,0,1.52
4619,0,5,0.2771,0.4608,0.3483,0,3.99
4620,1,2,0.2757,0.5811,0.388,0,2.78
4621,1,2,0.2281,0.4502,0.341,0,3.21
4622,0,3,0.2906,0.3639,0.2682,0,4.93
4623,0,2,0.1577,0.4573,0.2216,1,23.72
4624,0,3,0.2606,0.6297,0.3256,1,35.87
4625,1,5,0.3294,0.2532,0.4121,1,79.24
4626,0,3,0.1674,0.3547,0.2289,1,57.44
4627,0,5,0.1178,0.4598,0.3003,0,1.76
4628,0,1,0.4038,0.6291,0.3084,0,1.71
4629,0,2,0.2372,0.7531,0.3194,0,1.6
4630,1,1,0.1904,0.0272,0.1939,0,2.26
4631,1,4,0.1768,0.2895,0.3454,0,2.84
4632,0,5,0.335,0.6755,0.4194,1,91.7
4633,0,4,0.183,0.286,0.2464,1,114.35
4634,0,3,0.3266,0.7347,0.3717,1,56.69
4635,1,3,0.1768,0.4086,0.3452,0,1.97
4636,0,2,0.0437,0.4465,0.1847,0,3.36
4637,1,1,0.1768,0.0753,0.2019,0,4.74
4638,2,1,0.5395,0.2999,0.4668,0,2.12
4639,0,3,0.0836,0.4795,0.235,1,92.45
4640,2,5,0.3463,0.4829,0.5746,1,176.67
4641,2,1,0.1768,0.4829,0.4038,0,3.72
4642,0,4,0.163,0.6311,0.3267,1,40.26
4643,0,2,0.335,0.4482,0.2726,0,1.48
4644,1,2,0.1674,0.3581,0.2997,0,1.4
4645,2,4,0.1904,0.4233,0.4829,1,34.52
4646,0,3,0.2492,0.2403,0.2248,1,26.89
4647,1,5,0.2372,0.4918,0.4441,1,181.94
4648,0,3,0.223,0.2718,0.2248,0,1.59
4649,1,2,0.1382,0.581,0.3467,1,111.65
4650,1,1,0.2082,0.6096,0.3449,1,51.24
4651,0,3,0.1051,0.4434,0.2324,0,1.58
4652,0,3,0.0911,0.2651,0.1836,0,1.14
4653,0,1,0.3463,0.3018,0.2093,0,2.95
4654,0,4,0.3463,0.4845,0.345,0,6.47
4655,0,3,0.2281,0.4633,0.2743,1,6.23
4656,1,2,0.1757,0.3276,0.2946,0,2.38
4657,2,1,0.0168,0.3245,0.3162,0,2.0
4658,1,5,0.0911,0.4357,0.3863,0,2.86
4659,0,3,0.3266,0.5073,0.3148,0,3.2
4660,0,2,0.183,0.6965,0.289,0,1.39
4661,0,3,0.2562,0.3924,0.265,1,45.59
4662,0,5,0.1206,0.4696,0.3036,1,101.17
4663,1,5,0.3611,0.3343,0.4419,1,35.02
4664,0,2,0.2727,0.4529,0.255,1,65.7
4665,0,5,0.0465,0.3556,0.2528,1,19.91
4666,0,1,0.1166,0.608,0.217,1,60.62
4667,0,2,0.163,0.5823,0.2545,1,57.33
4668,0,1,0.0437,0.404,0.1441,0,4.31
4669,0,4,0.1166,0.6204,0.3101,1,11.92
4670,1,3,0.3611,0.4514,0.4112,0,3.58
4671,1,4,0.2906,0.6177,0.4616,1,75.6
4672,0,4,0.2727,0.5018,0.3273,0,2.88
4673,1,1,0.1476,0.1727,0.2175,0,1.85
4674,2,3,0.5295,0.2233,0.5047,1,53.13
4675,1,4,0.2372,0.5892,0.4385,1,301.76
4676,1,1,0.1757,0.7169,0.3619,1,42.33
4677,0,4,0.0719,0.723,0.3223,0,1.03
4678,0,1,0.0719,0.4795,0.1714,0,2.75
4679,1,4,0.2281,0.5885,0.4356,1,37.75
4680,1,3,0.0465,0.4431,0.3147,0,2.37
4681,1,3,0.1382,0.289,0.3037,1,26.35
4682,1,5,0.1094,0.454,0.3963,1,127.76
4683,1,3,0.3611,0.4546,0.412,1,30.23
4684,1,1,0.163,0.3146,0.2575,1,26.86
4685,1,3,0.1577,0.4984,0.3619,0,6.59
4686,0,1,0.223,0.8337,0.3053,1,46.38
4687,0,4,0.2757,0.1052,0.229,0,3.33
4688,1,1,0.0836,0.4301,0.2626,1,18.99
4689,0,1,0.5295,0.6138,0.3423,0,2.29
4690,2,5,0.0719,0.3432,0.4574,0,1.41
4691,0,1,0.3611,0.7175,0.3177,0,1.57
4692,1,4,0.1178,0.4111,0.3581,1,78.56
4693,0,5,0.2606,0.1277,0.2601,1,26.03
4694,0,2,0.0836,0.5865,0.2317,0,2.31
4695,0,5,0.0465,0.6101,0.3165,0,2.73
4696,0,2,0.1135,0.4063,0.1956,0,1.32
4697,0,5,0.1476,0.471,0.312,0,2.31
4698,1,4,0.2757,0.7149,0.4814,1,99.2
4699,0,1,0.0168,0.6873,0.2069,0,3.35
4700,2,5,0.0437,0.5927,0.5113,1,51.64
4701,0,5,0.0399,0.9022,0.3875,1,101.17
4702,0,1,0.0465,0.5528,0.1821,0,2.47
4703,1,1,0.1502,0.5583,0.3146,1,171.55
4704,1,3,0.0911,0.4828,0.338,1,128.37
4705,1,5,0.2771,0.3972,0.4324,1,130.96
4706,1,5,0.2492,0.3281,0.4068,1,186.2
4707,1,2,0.2757,0.5319,0.3757,1,60.62
4708,2,5,0.3463,0.4135,0.5573,1,73.21
4709,0,2,0.0719,0.2289,0.1388,0,1.43
4710,1,1,0.2853,0.5337,0.349,1,27.45
4711,1,4,0.5295,0.3001,0.4539,0,2.27
4712,1,4,0.2727,0.3151,0.3806,0,2.98
4713,0,3,0.1904,0.4934,0.2705,0,3.59
4714,1,5,0.0437,0.1238,0.2941,1,30.31
4715,1,1,0.0465,0.3084,0.221,0,1.49
4716,1,3,0.2281,0.4371,0.3677,1,31.61
4717,0,1,0.1382,0.5678,0.2134,0,0.95
4718,1,5,0.163,0.297,0.3732,1,33.15
4719,0,1,0.299,0.3765,0.2138,0,2.54
4720,1,5,0.1502,0.7157,0.474,1,86.05
4721,1,5,0.1094,0.4007,0.383,1,51.78
4722,0,1,0.3611,0.5986,0.288,0,2.56
4723,0,2,0.0465,0.435,0.1827,0,1.48
4724,2,3,0.0836,0.3361,0.3991,1,22.66
4725,0,2,0.1904,0.3994,0.217,0,1.94
4726,0,3,0.2372,0.4314,0.269,1,26.62
4727,0,2,0.0719,0.1667,0.1232,0,2.21
4728,0,4,0.0911,0.5467,0.284,0,4.95
4729,1,1,0.1135,0.427,0.2708,1,44.45
4730,0,5,0.2372,0.6521,0.3842,1,157.16
4731,1,5,0.1051,0.3362,0.3656,0,2.71
4732,0,4,0.1577,0.2632,0.2331,1,10.55
4733,1,1,0.1577,0.3872,0.2741,1,18.32
4734,0,1,0.2301,0.4852,0.2203,0,3.98
4735,0,3,0.183,0.4583,0.2595,0,2.07
4736,0,2,0.1094,0.2393,0.1526,0,1.85
4737,0,4,0.1757,0.3857,0.2691,1,51.8
4738,0,1,0.1178,0.3756,0.1592,1,9.17
4739,0,1,0.163,0.268,0.1459,1,24.69
4740,0,4,0.223,0.5293,0.3192,0,4.26
4741,0,1,0.1674,0.236,0.1392,0,2.78
4742,0,3,0.2301,0.5608,0.2992,0,2.05
4743,1,3,0.1904,0.4725,0.3652,0,1.22
4744,1,2,0.1206,0.4689,0.3134,1,43.56
4745,1,5,0.0911,0.5015,0.4027,1,229.16
4746,0,2,0.1012,0.3286,0.1725,0,3.97
4747,0,5,0.2878,0.4146,0.34,1,37.95
4748,1,3,0.2492,0.4825,0.3854,0,1.72
4749,0,2,0.1012,0.3999,0.1903,0,2.61
4750,0,5,0.1757,0.6833,0.3735,1,62.16
4751,0,2,0.0911,0.4105,0.19,0,1.25
4752,1,5,0.0719,0.2684,0.3387,0,1.33
4753,0,5,0.2082,0.3589,0.3022,0,2.03
4754,0,2,0.1178,0.7039,0.2713,0,1.99
4755,2,2,0.2878,0.4826,0.467,1,36.78
4756,0,5,0.163,0.7473,0.3857,1,34.89
4757,1,5,0.2853,0.3448,0.4218,1,64.4
4758,0,4,0.0719,0.4236,0.2475,0,3.78
4759,0,1,0.3463,0.5951,0.2827,1,45.59
4760,1,1,0.0911,0.3172,0.2366,0,2.37
4761,0,1,0.1094,0.221,0.1181,0,3.39
4762,0,3,0.335,0.3662,0.2821,1,43.86
4763,2,2,0.0836,0.4319,0.3931,1,34.79
4764,1,3,0.299,0.0503,0.2923,1,34.33
4765,0,2,0.2906,0.9984,0.3968,1,57.36
4766,0,1,0.5395,0.3915,0.2897,0,1.35
4767,0,3,0.2281,0.4784,0.278,0,3.15
4768,1,4,0.3611,0.4155,0.4322,1,20.87
4769,0,5,0.0437,0.7351,0.3469,0,1.41
4770,0,2,0.0465,0.8686,0.2911,1,176.0
4771,2,1,0.5395,0.2707,0.4595,1,204.06
4772,1,3,0.2372,0.6566,0.4253,0,2.06
4773,0,3,0.3611,0.4201,0.3034,1,9.08
4774,0,3,0.1178,0.803,0.3261,0,1.42
4775,1,1,0.2878,0.5981,0.3659,0,2.61
4776,1,3,0.1757,0.3141,0.3212,0,2.33
4777,2,3,0.1135,0.5276,0.456,1,70.07
4778,1,1,0.2492,0.5558,0.3437,1,72.99
4779,2,3,0.1166,0.2484,0.3871,0,1.67
4780,1,2,0.0437,0.4647,0.2893,0,1.26
4781,2,2,0.163,0.412,0.4119,1,50.71
4782,1,4,0.0437,0.7508,0.4208,1,30.38
4783,0,3,0.1768,0.3195,0.2229,0,1.28
4784,1,3,0.0836,0.5212,0.3454,0,2.91
4785,1,1,0.4038,0.3074,0.328,1,28.91
4786,0,1,0.0399,0.3136,0.1204,0,1.76
4787,0,5,0.1012,0.5329,0.3136,1,92.6
4788,1,5,0.2562,0.3314,0.4097,1,94.74
4789,2,3,0.0465,0.437,0.4132,1,82.81
4790,0,3,0.335,0.189,0.2378,1,43.84
4791,1,5,0.2906,0.8192,0.542,1,93.51
4792,2,3,0.1051,0.2264,0.3781,0,2.01
4793,1,2,0.2082,0.6321,0.3805,1,58.62
4794,0,5,0.2853,0.5041,0.3616,1,28.32
4795,0,3,0.1135,0.6921,0.2971,0,1.87
4796,0,1,0.2878,0.5582,0.2559,0,1.52
4797,1,4,0.0911,0.5063,0.3739,1,17.85
4798,0,2,0.3294,0.4203,0.2639,0,1.53
4799,1,4,0.183,0.4283,0.382,1,24.47
4800,0,3,0.0911,0.3544,0.2059,0,2.75
4801,0,1,0.1135,0.6789,0.2338,0,1.21
4802,2,2,0.5295,0.4675,0.5357,1,88.45
4803,1,2,0.1502,0.1887,0.2522,1,20.57
4804,1,3,0.2727,0.5619,0.4123,1,46.78
4805,1,1,0.1012,0.4671,0.2771,0,2.05
4806,1,4,0.0836,0.553,0.3833,1,17.65
4807,1,4,0.2757,0.1619,0.3432,0,1.11
4808,0,4,0.0719,0.2043,0.1926,0,2.61
4809,1,3,0.335,0.2099,0.343,1,54.7
4810,1,4,0.2492,0.5912,0.4426,1,45.96
4811,0,5,0.3485,0.1989,0.3043,1,18.06
4812,1,4,0.163,0.6745,0.4375,1,98.85
4813,0,4,0.0836,0.6495,0.3075,1,197.94
4814,1,5,0.1206,0.5133,0.4145,1,99.15
4815,1,3,0.5295,0.7662,0.5404,1,64.75
4816,0,3,0.1206,0.5231,0.257,1,67.72
4817,2,4,0.2878,0.5525,0.5445,1,75.71
4818,0,1,0.2562,0.5906,0.2545,0,2.3
4819,1,3,0.1178,0.3175,0.3047,1,49.51
4820,2,1,0.1094,0.3192,0.3426,1,169.86
4821,0,5,0.5295,0.705,0.4851,1,111.81
4822,0,4,0.2606,0.3992,0.298,0,3.21
4823,0,1,0.3463,0.2216,0.1893,1,35.08
4824,1,1,0.2853,0.7358,0.3995,1,65.94
4825,0,3,0.1178,0.6545,0.289,0,2.36
4826,0,4,0.0465,0.0682,0.151,0,1.45
4827,1,5,0.1502,0.4008,0.3953,0,2.82
4828,0,1,0.1166,0.4065,0.1666,0,3.71
4829,1,1,0.2562,0.2755,0.2757,1,33.29
4830,1,5,0.0911,0.4266,0.384,1,96.73
4831,1,1,0.1178,0.5755,0.3092,0,1.68
4832,2,2,0.299,0.243,0.4104,0,1.1
4833,1,3,0.1094,0.2273,0.2796,0,1.47
4834,0,5,0.2771,0.4201,0.3382,0,2.96
4835,1,4,0.1904,0.2547,0.3408,0,2.63
4836,1,2,0.2372,0.3833,0.327,1,78.57
4837,2,5,0.299,0.5723,0.5828,1,67.11
4838,0,3,0.2281,0.5444,0.2945,0,1.24
4839,0,5,0.2082,0.5453,0.3488,1,40.55
4840,0,5,0.183,0.6509,0.3676,0,2.67
4841,0,4,0.2906,0.42,0.3122,0,1.86
4842,0,4,0.0911,0.4751,0.2661,0,1.97
4843,1,5,0.1012,0.614,0.4339,1,49.76
4844,1,3,0.5295,0.7509,0.5366,1,27.32
4845,0,4,0.183,0.4617,0.2903,0,2.64
4846,0,4,0.0465,0.7029,0.3097,0,1.53
4847,1,2,0.2757,0.5415,0.3781,0,3.04
4848,1,1,0.0911,0.482,0.2778,1,160.7
4849,0,5,0.1502,0.595,0.3438,1,90.8
4850,0,2,0.1051,0.4476,0.2034,0,2.2
4851,1,4,0.1577,0.6464,0.4289,0,2.11
4852,0,3,0.0836,0.3008,0.1903,0,2.74
4853,0,5,0.1476,0.5193,0.3241,1,56.68
4854,1,3,0.299,0.4904,0.4023,0,1.61
4855,1,3,0.163,0.5152,0.3677,1,192.96
4856,0,5,0.2082,0.5997,0.3624,0,1.59
4857,1,2,0.2082,0.1665,0.2641,0,1.78
4858,1,1,0.1768,0.5225,0.3137,0,2.6
4859,1,2,0.0719,0.6431,0.3423,1,106.57
4860,0,3,0.1211,0.5125,0.2545,1,49.82
4861,1,1,0.3485,0.2159,0.2885,0,1.84
4862,0,1,0.1502,0.9401,0.3101,0,5.52
4863,0,3,0.3611,0.4545,0.312,1,63.02
4864,1,5,0.0168,0.3865,0.3517,1,59.05
4865,0,2,0.3266,0.7942,0.3565,0,3.1
4866,0,2,0.2757,0.4532,0.256,0,1.63
4867,0,5,0.2562,0.4957,0.3508,1,56.52
4868,1,2,0.3294,0.3313,0.3416,1,51.91
4869,0,3,0.1178,0.3735,0.2187,0,2.62
4870,0,4,0.4038,0.4957,0.3651,1,21.23
4871,0,5,0.1179,0.8709,0.4031,1,47.66
4872,1,2,0.0911,0.8959,0.4113,1,53.43
4873,1,5,0.1768,0.1825,0.3487,0,1.77
4874,0,5,0.3463,0.7577,0.4433,1,33.72
4875,0,1,0.1179,0.2451,0.1266,1,31.16
4876,0,1,0.1382,0.4256,0.1779,1,37.97
4877,0,3,0.2372,0.4443,0.2722,0,1.54
4878,0,2,0.2757,0.7367,0.3269,1,117.13
4879,2,3,0.1178,0.3857,0.4218,1,53.06
4880,1,2,0.1674,0.4774,0.3296,1,16.52
4881,0,1,0.1674,0.452,0.1932,1,51.3
4882,0,3,0.1178,0.0904,0.1479,0,2.64
4883,2,2,0.2562,0.3294,0.4192,1,200.09
4884,1,4,0.2771,0.2937,0.3766,0,1.95
4885,0,1,0.0168,0.3357,0.119,0,3.83
4886,1,2,0.1382,0.1933,0.2498,0,0.88
4887,0,1,0.1051,0.4174,0.1659,0,2.45
4888,1,1,0.2727,0.6985,0.3864,1,48.5
4889,1,4,0.2771,0.4862,0.4247,1,29.33
4890,0,1,0.0168,0.6415,0.1954,0,2.76
4891,1,5,0.1178,0.3848,0.3815,1,50.58
4892,0,1,0.0911,0.5002,0.1824,0,1.76
4893,0,4,0.2771,0.334,0.2866,0,2.79
4894,1,2,0.2771,0.3297,0.3256,1,23.41
4895,0,3,0.5395,0.303,0.3276,0,3.75
4896,1,3,0.1166,0.6172,0.3793,1,32.49
4897,1,5,0.1904,0.5783,0.4517,1,46.44
4898,0,5,0.1476,0.3494,0.2816,1,18.17
4899,2,5,0.0399,0.6568,0.5262,1,113.62
4900,0,5,0.2301,0.6414,0.3794,1,137.98
4901,1,5,0.163,0.251,0.3617,0,1.55
4902,0,4,0.1904,0.064,0.1931,0,1.72
4903,1,4,0.2757,0.6359,0.4617,0,1.59
4904,1,3,0.0465,0.4335,0.3123,1,25.36
4905,1,2,0.4038,0.5127,0.4093,1,21.36
4906,0,2,0.183,0.5791,0.2597,1,21.78
4907,0,4,0.4038,0.5856,0.3875,0,1.46
4908,0,3,0.2906,0.5292,0.3095,1,86.29
4909,0,4,0.4038,0.5961,0.3902,1,25.84
4910,1,4,0.163,0.2661,0.3354,0,3.42
4911,1,5,0.1768,0.667,0.4698,1,135.0
4912,0,5,0.2906,0.5125,0.3653,1,125.32
4913,1,3,0.1012,0.582,0.3659,1,116.61
4914,1,5,0.2301,0.5517,0.457,1,61.99
4915,0,1,0.0719,0.3091,0.1288,0,0.73
4916,1,2,0.1476,0.7153,0.3831,0,1.87
4917,0,5,0.0465,0.6872,0.3358,0,2.18
4918,0,4,0.0437,0.5085,0.2602,1,77.47
4919,0,2,0.3266,0.179,0.2027,0,2.44
4920,1,2,0.0836,0.4657,0.3015,1,44.93
4921,2,2,0.2757,0.1727,0.3859,1,16.2
4922,0,1,0.1502,0.5763,0.2191,0,1.42
4923,1,5,0.0719,0.3984,0.3712,0,1.22
4924,0,1,0.163,0.5159,0.2079,0,3.48
4925,0,3,0.2281,0.1829,0.2042,0,3.1
4926,1,3,0.0911,0.2971,0.2916,0,2.32
4927,1,1,0.1904,0.3705,0.2797,0,1.46
4928,0,4,0.183,0.4978,0.2994,1,10.97
4929,1,4,0.1904,0.4304,0.3847,0,1.41
4930,1,4,0.1051,0.3884,0.3486,1,144.81
4931,1,4,0.0836,0.503,0.3708,0,1.17
4932,1,4,0.4038,0.5588,0.4808,1,45.63
4933,1,4,0.163,0.2198,0.3238,1,96.0
4934,0,4,0.1178,0.4606,0.2705,1,90.69
4935,1,2,0.1768,0.4103,0.3156,0,2.42
4936,1,4,0.1211,0.4877,0.3783,1,76.84
4937,2,1,0.2853,0.3165,0.3947,1,239.15
4938,0,1,0.183,0.3285,0.167,0,1.46
4939,0,3,0.1382,0.3544,0.2201,0,4.35
4940,1,5,0.2906,0.4465,0.4488,1,43.34
4941,0,1,0.0399,0.7251,0.2232,0,1.63
4942,1,3,0.3611,0.6155,0.4522,1,100.62
4943,0,1,0.1476,0.1022,0.0998,0,3.92
4944,1,3,0.183,0.2225,0.3005,0,3.78
4945,0,5,0.0836,0.9048,0.4013,1,73.52
4946,0,2,0.1674,0.58,0.2552,0,2.24
4947,1,1,0.2771,0.5852,0.3594,1,33.72
4948,0,4,0.2757,0.6251,0.359,1,25.32
4949,0,3,0.0465,0.4399,0.2139,0,1.39
4950,0,4,0.4038,0.6404,0.4012,1,43.4
4951,1,1,0.3611,0.5231,0.3691,0,3.69
4952,0,4,0.2301,0.4054,0.2904,1,95.66
4953,0,5,0.4038,0.6895,0.4435,1,28.15
4954,1,1,0.1179,0.5232,0.2962,1,49.5
4955,2,4,0.0465,0.5014,0.4593,1,82.48
4956,1,2,0.1904,0.4753,0.3359,0,1.67
4957,0,5,0.2853,0.3683,0.3277,1,79.21
4958,0,4,0.3611,0.5998,0.3783,1,85.63
4959,1,4,0.1094,0.6072,0.4046,1,49.59
4960,0,2,0.1051,0.803,0.2923,1,54.22
4961,0,5,0.1904,0.376,0.3011,0,0.9
4962,1,1,0.335,0.316,0.3095,1,155.02
4963,1,4,0.3266,0.2236,0.3739,1,35.1
4964,0,1,0.163,0.4758,0.1978,0,3.4
4965,1,2,0.2301,0.4622,0.3446,1,30.43
4966,0,2,0.1502,0.1566,0.1442,0,2.69
4967,0,5,0.5295,0.3404,0.394,1,107.31
4968,0,2,0.0911,0.6697,0.2548,1,46.18
4969,0,4,0.2757,0.331,0.2855,0,3.63
4970,0,1,0.2301,0.5437,0.235,0,1.52
4971,1,5,0.1206,0.5594,0.426,0,4.63
4972,1,5,0.163,0.3297,0.3813,0,5.29
4973,1,1,0.3463,0.4391,0.3437,1,66.48
4974,1,1,0.183,0.3714,0.2778,1,81.3
4975,1,1,0.2771,0.2037,0.2641,0,1.49
4976,0,3,0.1382,0.7274,0.3133,1,17.31
4977,1,2,0.0465,0.5162,0.303,1,134.97
4978,0,3,0.1382,0.8293,0.3388,0,1.96
4979,1,4,0.2372,0.4991,0.4159,1,12.58
4980,2,5,0.1904,0.6906,0.5798,1,62.53
4981,2,1,0.3485,0.3577,0.424,1,124.58
4982,1,4,0.1178,0.7098,0.4328,1,27.69
4983,0,2,0.163,0.6272,0.2657,0,2.28
4984,0,1,0.2562,0.4035,0.2077,1,134.84
4985,0,4,0.1502,0.2543,0.2286,1,64.06
4986,0,5,0.335,0.2293,0.3078,0,2.93
4987,0,1,0.1674,0.5921,0.2282,0,2.0
4988,0,2,0.3463,0.6179,0.3184,0,1.46
4989,1,1,0.1012,0.5284,0.2925,0,1.74
4990,0,1,0.1179,0.4194,0.1702,0,2.29
4991,0,4,0.2562,0.5113,0.3247,1,27.33
4992,1,3,0.223,0.3742,0.3505,1,19.05
4993,0,1,0.3485,0.5325,0.2677,0,1.82
4994,1,2,0.1476,0.3181,0.2838,0,3.78
4995,1,1,0.3294,0.3534,0.3172,0,1.35
4996,2,2,0.163,0.3432,0.3947,0,1.76
4997,0,5,0.2757,0.3957,0.3316,0,2.78
4998,0,4,0.3294,0.1863,0.2654,1,6.13
4999,1,1,0.0719,0.5376,0.286,1,26.24
5000,0,2,0.1012,0.3586,0.18,1,52.47
5001,0,3,0.2606,0.3654,0.2595,0,4.73
5002,1,3,0.3294,0.6344,0.4474,1,76.34
5003,1,2,0.2281,0.3869,0.3252,0,1.8
5004,1,5,0.5295,0.2986,0.4835,1,50.36
5005,1,3,0.2301,0.5362,0.3931,1,44.61
5006,1,3,0.2727,0.3723,0.3649,1,65.37
5007,1,5,0.1768,0.5101,0.4306,0,1.72
5008,1,4,0.2606,0.1891,0.3455,1,35.78
5009,1,4,0.299,0.3854,0.406,1,20.95
5010,1,4,0.2606,0.3348,0.3819,0,1.83
5011,1,5,0.1577,0.8529,0.5105,0,1.8
5012,0,4,0.3266,0.5339,0.3515,0,2.19
5013,0,3,0.0168,0.339,0.1798,0,2.49
5014,0,4,0.223,0.4942,0.3104,1,220.45
5015,1,3,0.2727,0.5967,0.421,1,29.7
5016,0,5,0.1166,0.6202,0.34,1,81.02
5017,0,1,0.0719,0.5055,0.1779,0,1.73
5018,1,5,0.1012,0.6921,0.4534,1,22.22
5019,0,1,0.0399,0.6903,0.2145,0,1.47
5020,1,5,0.2906,0.5327,0.4704,1,68.8
5021,0,5,0.2372,0.1778,0.2656,0,1.48
5022,0,5,0.223,0.6393,0.3767,0,1.42
5023,1,4,0.5295,0.4553,0.4927,1,45.14
5024,1,2,0.223,0.4541,0.3404,0,1.49
5025,0,1,0.2492,0.8206,0.3099,1,48.03
5026,0,1,0.0465,0.4203,0.149,0,2.43
5027,0,2,0.2727,0.6597,0.3067,0,3.19
5028,1,2,0.1051,0.7912,0.3893,1,31.96
5029,1,5,0.3266,0.3735,0.4414,1,54.13
5030,2,1,0.1051,0.5885,0.4087,1,121.82
5031,0,2,0.1135,0.3378,0.1785,0,2.6
5032,0,3,0.3463,0.3532,0.2822,1,138.47
5033,0,1,0.5295,0.322,0.2694,1,32.07
5034,1,1,0.3266,0.2549,0.2917,1,10.03
5035,0,1,0.1166,0.7962,0.264,1,14.81
5036,1,4,0.2082,0.5927,0.4306,1,40.85
5037,2,5,0.1051,0.3945,0.4802,1,104.54
5038,1,1,0.1768,0.1967,0.2322,0,5.1
5039,0,1,0.163,0.1393,0.1137,0,2.14
5040,0,5,0.1382,0.394,0.29,0,2.25
5041,0,4,0.0399,0.5361,0.266,1,32.56
5042,1,4,0.1206,0.5283,0.3883,1,41.53
5043,1,2,0.2878,0.5029,0.3721,1,66.97
5044,0,2,0.2606,0.7699,0.3307,1,7.56
5045,2,2,0.2372,0.3597,0.4211,1,86.31
5046,2,4,0.1757,0.7318,0.5557,0,2.4
5047,0,3,0.335,0.6179,0.345,0,1.7
5048,1,3,0.0465,0.454,0.3174,0,2.9
5049,1,2,0.0399,0.2105,0.2246,0,2.03
5050,0,1,0.1135,0.6101,0.2166,1,66.87
5051,1,3,0.3294,0.6037,0.4397,1,39.63
5052,2,1,0.2372,0.7915,0.499,1,68.1
5053,1,5,0.2853,0.4002,0.4356,0,3.3
5054,1,2,0.0465,0.5634,0.3148,0,4.61
5055,0,5,0.1012,0.3834,0.2762,0,2.68
5056,1,3,0.1206,0.6383,0.3858,1,108.48
5057,0,5,0.5395,0.3365,0.396,1,36.68
5058,1,5,0.299,0.54,0.4747,1,42.09
5059,0,4,0.0719,0.4435,0.2524,0,2.23
5060,0,2,0.2606,0.2651,0.2045,0,1.46
5061,1,4,0.0911,0.5303,0.3799,0,1.86
5062,2,5,0.0719,0.1109,0.3993,1,28.14
5063,1,4,0.2492,0.1481,0.3318,0,2.17
5064,1,1,0.5295,0.4398,0.3988,1,14.48
5065,1,4,0.2492,0.2241,0.3508,1,56.75
5066,2,4,0.1502,0.3456,0.4515,1,54.91
5067,1,1,0.1094,0.433,0.2711,1,31.54
5068,0,2,0.2281,0.2066,0.1801,0,3.16
5069,0,4,0.1135,0.3086,0.2312,1,23.49
5070,0,2,0.1904,0.5519,0.2551,1,11.34
5071,0,4,0.2727,0.6422,0.3624,1,16.41
5072,1,3,0.2878,0.6185,0.431,0,1.95
5073,0,3,0.5395,0.4461,0.3634,1,47.51
5074,1,4,0.1179,0.4634,0.3712,1,68.49
5075,0,1,0.3294,0.2781,0.1983,0,1.76
5076,0,3,0.2372,0.7597,0.3511,0,1.38
5077,1,1,0.1577,0.3009,0.2525,0,2.3
5078,0,3,0.2281,0.521,0.2887,1,50.58
5079,0,4,0.1757,0.3351,0.2565,0,1.88
5080,1,4,0.163,0.4607,0.3841,0,3.18
5081,0,1,0.223,0.374,0.1904,0,1.62
5082,0,4,0.1757,0.2829,0.2434,0,2.04
5083,0,1,0.1094,0.186,0.1093,1,40.85
5084,1,3,0.183,0.5228,0.3756,1,31.88
5085,0,5,0.4038,0.7226,0.4518,0,2.76
5086,0,3,0.1757,0.5582,0.2823,1,30.56
5087,1,3,0.2562,0.5669,0.4086,0,2.1
5088,0,1,0.0911,0.3611,0.1476,0,1.75
5089,0,4,0.0168,0.1646,0.1662,1,11.57
5090,1,3,0.223,0.4813,0.3772,0,3.18
5091,1,2,0.0911,0.5311,0.3201,0,2.04
5092,1,1,0.5295,0.3984,0.3884,1,7.05
5093,0,2,0.1178,0.2672,0.1621,0,3.3
5094,1,5,0.1051,0.4318,0.3895,1,123.32
5095,1,5,0.2853,0.1088,0.3628,1,48.12
5096,1,2,0.2562,0.6479,0.3988,0,1.81
5097,1,3,0.2562,0.4366,0.376,1,57.45
5098,2,3,0.5295,0.1739,0.4923,1,116.15
5099,2,5,0.1502,0.1515,0.4329,0,1.35
5100,1,2,0.0399,0.4649,0.2882,0,2.88
5101,1,2,0.4038,0.5484,0.4182,1,36.05
5102,0,4,0.2771,0.7783,0.3977,1,24.19
5103,2,5,0.1206,0.3373,0.4705,0,1.35
5104,0,3,0.2372,0.5828,0.3069,1,28.96
5105,0,2,0.3611,0.4061,0.2699,1,18.39
5106,0,5,0.2906,0.7351,0.421,0,2.68
5107,0,2,0.2301,0.3237,0.21,1,8.67
5108,0,3,0.1135,0.4912,0.2468,0,1.62
5109,0,2,0.2606,0.6185,0.2928,0,2.21
5110,0,1,0.2082,0.4536,0.2059,0,2.22
5111,0,4,0.1012,0.2096,0.2028,0,1.17
5112,0,2,0.0465,0.568,0.2159,0,4.02
5113,2,1,0.2727,0.7767,0.506,1,12.38
5114,1,5,0.0465,0.2719,0.3319,1,21.77
5115,1,4,0.1012,0.8724,0.4685,0,2.77
5116,1,1,0.299,0.5083,0.3468,0,2.23
5117,0,4,0.1674,0.5334,0.3036,1,61.06
5118,0,5,0.1179,0.5073,0.3122,1,179.83
5119,1,3,0.1211,0.6099,0.3788,1,78.76
5120,1,5,0.1094,0.3566,0.372,1,42.92
5121,0,4,0.335,0.5914,0.3684,1,34.38
5122,2,4,0.0836,0.5987,0.4948,1,38.6
5123,1,1,0.1179,0.5436,0.3013,0,1.48
5124,0,5,0.0399,0.4397,0.2719,1,35.71
5125,1,4,0.3266,0.2514,0.3808,0,2.18
5126,1,4,0.1135,0.3395,0.3389,1,81.83
5127,1,4,0.2281,0.6394,0.4483,1,64.57
5128,0,1,0.1904,0.5849,0.2333,0,2.07
5129,1,1,0.3485,0.3095,0.3119,0,2.13
5130,1,3,0.0465,0.2379,0.2634,0,1.95
5131,2,3,0.1094,0.2856,0.3942,0,3.06
5132,2,3,0.2878,0.2488,0.4385,1,156.87
5133,1,1,0.0719,0.3619,0.242,0,2.28
5134,1,1,0.2757,0.293,0.286,1,30.49
5135,0,2,0.1051,0.2576,0.1559,1,103.78
5136,0,5,0.2492,0.2793,0.2946,1,48.89
5137,1,5,0.0399,0.5784,0.4066,1,71.68
5138,0,4,0.2727,0.6107,0.3545,1,38.16
5139,1,3,0.0911,0.7462,0.4039,0,1.78
5140,0,4,0.1094,0.7495,0.3402,0,4.64
5141,0,3,0.1179,0.0277,0.1323,0,2.24
5142,1,3,0.2301,0.1927,0.3072,0,2.69
5143,2,3,0.4038,0.4284,0.5182,0,1.15
5144,0,5,0.2281,0.4217,0.3239,1,32.28
5145,0,1,0.0911,0.6812,0.2276,0,1.69
5146,0,1,0.1135,0.5057,0.1905,1,68.17
5147,1,4,0.2606,0.3131,0.3765,0,1.29
5148,1,3,0.335,0.622,0.446,1,13.47
5149,0,1,0.1768,0.1231,0.1138,0,1.5
5150,1,2,0.5295,0.2878,0.3908,0,3.14
5151,1,5,0.2372,0.2805,0.3913,1,26.21
5152,0,1,0.2606,0.2298,0.1656,1,52.25
5153,1,3,0.0465,0.6168,0.3581,0,0.99
5154,0,1,0.1094,0.5667,0.2045,0,2.17
5155,1,1,0.1476,0.6532,0.3376,1,37.63
5156,1,5,0.2606,0.6553,0.492,1,31.59
5157,2,3,0.0911,0.353,0.4056,1,59.48
5158,1,3,0.1904,0.662,0.4126,0,2.17
5159,0,4,0.1206,0.3783,0.2508,1,17.84
5160,0,4,0.1768,0.3906,0.2707,0,3.06
5161,2,4,0.0836,0.3887,0.4423,0,1.71
5162,0,4,0.2082,0.2892,0.2548,1,101.57
5163,1,5,0.3485,0.5755,0.4984,1,130.42
5164,1,1,0.0399,0.6716,0.3099,0,2.76
5165,0,3,0.1166,0.3947,0.2237,1,61.97
5166,1,5,0.1502,0.3948,0.3938,0,1.96
5167,1,1,0.1094,0.5706,0.3055,0,1.99
5168,0,3,0.5295,0.4149,0.3526,1,27.07
5169,1,4,0.2727,0.4277,0.4087,1,126.0
5170,1,3,0.1382,0.5348,0.3652,1,40.04
5171,1,1,0.2301,0.4879,0.321,1,23.76
5172,2,5,0.1211,0.2071,0.4381,0,1.48
5173,1,2,0.3294,0.5784,0.4034,1,32.35
5174,0,5,0.1166,0.232,0.243,0,2.7
5175,1,5,0.1166,0.5713,0.4278,1,14.94
5176,1,4,0.1094,0.4902,0.3754,0,2.16
5177,1,2,0.1206,0.2889,0.2684,0,3.02
5178,0,3,0.5395,0.4315,0.3597,0,2.77
5179,1,3,0.5395,0.3617,0.4423,1,46.74
5180,2,2,0.2853,0.6037,0.4965,1,334.25
5181,0,3,0.1094,0.448,0.2348,1,36.23
5182,2,1,0.2562,0.5474,0.4437,1,76.69
5183,0,5,0.1757,0.5013,0.328,1,61.91
5184,1,5,0.2853,0.5928,0.4838,1,39.48
5185,1,3,0.5395,0.4233,0.4577,0,3.14
5186,0,1,0.1904,0.6137,0.2405,0,3.55
5187,0,4,0.1757,0.4424,0.2833,0,2.84
5188,0,5,0.3485,0.3505,0.3422,1,220.35
5189,0,1,0.0465,0.9109,0.2717,0,2.92
5190,2,2,0.3485,0.3196,0.4444,0,1.79
5191,1,1,0.2606,0.6692,0.3755,0,2.08
5192,0,1,0.5395,0.7975,0.3912,0,1.8
5193,1,1,0.2301,0.4825,0.3197,1,16.53
5194,1,1,0.3294,0.6163,0.3829,0,2.83
5195,0,3,0.223,0.4642,0.273,1,125.23
5196,1,1,0.1166,0.2838,0.2359,0,1.22
5197,0,1,0.163,0.4469,0.1906,1,54.27
5198,1,1,0.0465,0.4797,0.2639,0,1.0
5199,0,4,0.5395,0.6318,0.4398,1,83.42
5200,2,4,0.2853,0.1658,0.447,1,62.59
5201,0,1,0.1135,0.6047,0.2152,0,2.95
5202,0,4,0.0836,0.4496,0.2575,0,1.1
5203,0,4,0.2771,0.5354,0.337,0,2.26
5204,1,1,0.2771,0.4787,0.3328,1,83.25
5205,1,5,0.3611,0.2198,0.4133,1,69.37
5206,2,3,0.1476,0.2044,0.3854,0,4.09
5207,1,5,0.0437,0.4928,0.3863,1,40.64
5208,0,1,0.2492,0.318,0.1843,0,2.54
5209,0,5,0.2757,0.3696,0.3251,0,2.15
5210,2,2,0.3611,0.4229,0.4741,0,1.39
5211,1,2,0.1012,0.4204,0.2955,1,37.78
5212,0,4,0.1757,0.5383,0.3073,1,133.9
5213,1,1,0.2757,0.4686,0.3299,1,50.96
5214,1,4,0.1211,0.5093,0.3837,1,28.22
5215,0,1,0.1577,0.2389,0.137,0,1.56
5216,1,1,0.0399,0.3323,0.225,1,16.6
5217,0,1,0.2082,0.7489,0.2797,0,2.72
5218,1,1,0.0719,0.4119,0.2545,0,4.24
5219,1,3,0.3294,0.6309,0.4465,1,17.86
5220,1,1,0.335,0.4809,0.3507,0,3.54
5221,1,4,0.1382,0.5363,0.3955,0,1.54
5222,0,2,0.2906,0.4105,0.2498,1,82.62
5223,0,3,0.1904,0.3308,0.2298,0,4.42
5224,0,5,0.0465,0.3124,0.242,0,6.42
5225,0,2,0.3294,0.3989,0.2585,0,1.81
5226,0,3,0.3266,0.4128,0.2912,0,0.9
5227,0,5,0.1211,0.4647,0.3025,0,2.37
5228,0,4,0.1051,0.7109,0.3293,0,1.24
5229,1,3,0.1206,0.5001,0.3512,0,2.6
5230,1,2,0.0465,0.6199,0.3289,1,36.87
5231,0,2,0.2771,0.3036,0.219,1,27.72
5232,0,1,0.1757,0.6839,0.2537,1,69.38
5233,2,1,0.1577,0.826,0.4838,1,54.57
5234,1,2,0.1577,0.4142,0.3109,0,4.28
5235,1,5,0.1382,0.621,0.4467,1,61.98
5236,1,1,0.1135,0.5984,0.3136,0,1.94
5237,0,2,0.1674,0.5165,0.2393,1,27.11
5238,0,5,0.3611,0.6855,0.4297,0,2.44
5239,1,4,0.1094,0.4995,0.3777,1,46.89
5240,0,5,0.163,0.4766,0.318,1,23.97
5241,1,2,0.2301,0.427,0.3358,1,11.29
5242,0,2,0.2771,0.7367,0.3273,0,2.85
5243,1,4,0.2606,0.4132,0.4015,1,63.37
5244,2,5,0.0836,0.268,0.4421,0,2.09
5245,0,1,0.163,0.4704,0.1965,1,23.18
5246,0,5,0.2906,0.6834,0.408,0,1.98
5247,0,2,0.1012,0.6717,0.2583,1,27.47
5248,1,3,0.223,0.2788,0.3266,1,65.19
5249,0,4,0.0399,0.6187,0.2866,1,39.59
5250,0,1,0.5395,0.3335,0.2752,0,2.32
5251,1,5,0.1206,0.4292,0.3935,1,194.66
5252,1,5,0.1382,0.8632,0.5073,1,138.15
5253,1,5,0.335,0.2614,0.4159,1,148.56
5254,0,4,0.0168,0.3492,0.2123,1,80.24
5255,0,2,0.3611,0.3003,0.2434,0,5.24
5256,0,1,0.183,0.5826,0.2306,0,1.13
5257,1,5,0.2878,0.14,0.3713,1,98.95
5258,0,5,0.5295,0.0067,0.3105,1,38.1
5259,0,5,0.299,0.6732,0.408,1,30.39
5260,1,3,0.1904,0.4611,0.3624,0,3.62
5261,0,4,0.2727,0.1006,0.227,0,1.95
5262,2,2,0.3611,0.4704,0.4859,1,79.22
5263,1,2,0.2878,0.3908,0.344,1,15.91
5264,1,2,0.1904,0.4671,0.3339,1,31.45
5265,1,3,0.1179,0.5868,0.3721,0,1.58
5266,1,2,0.3266,0.3146,0.3366,0,1.73
5267,1,3,0.1768,0.5209,0.3733,1,18.32
5268,0,2,0.1206,0.497,0.2204,1,44.03
5269,0,2,0.2372,0.8033,0.332,1,34.42
5270,0,3,0.1502,0.7942,0.3336,0,3.03
5271,1,5,0.1179,0.4564,0.3995,1,58.71
5272,1,5,0.1166,0.5983,0.4346,1,246.07
5273,0,5,0.1012,0.4251,0.2866,0,4.84
5274,1,1,0.4038,0.6243,0.4072,1,106.03
5275,0,1,0.2878,0.4842,0.2374,0,2.69
5276,0,5,0.1135,0.2949,0.2578,1,32.38
5277,2,2,0.0836,0.2608,0.3503,0,1.2
5278,0,1,0.2906,0.6132,0.2705,0,1.5
5279,1,4,0.1178,0.2572,0.3196,1,102.41
5280,0,3,0.1476,0.4672,0.2511,1,26.12
5281,1,1,0.2606,0.5118,0.3361,0,2.76
5282,0,1,0.4038,0.59,0.2986,1,60.82
5283,1,2,0.1476,0.4503,0.3169,0,1.92
5284,1,1,0.163,0.4844,0.3,0,1.67
5285,0,1,0.2082,0.6917,0.2654,1,57.01
5286,1,1,0.223,0.4719,0.3149,0,1.87
5287,0,1,0.0437,0.8464,0.2547,1,141.84
5288,0,1,0.2757,0.7071,0.2895,1,120.56
5289,0,3,0.4038,0.5025,0.3368,0,5.89
5290,0,5,0.1012,0.1989,0.2301,0,1.69
5291,0,4,0.2372,0.2916,0.2641,0,1.98
5292,1,2,0.2082,0.7105,0.4001,1,28.39
5293,0,2,0.2853,0.7165,0.3247,1,25.68
5294,1,2,0.5395,0.5369,0.4561,1,104.04
5295,1,2,0.1757,0.3302,0.2953,1,54.37
5296,1,3,0.1206,0.3494,0.3135,0,2.58
5297,0,3,0.0168,0.7405,0.2802,0,2.04
5298,1,2,0.2853,0.731,0.4283,1,52.68
5299,1,3,0.1757,0.1727,0.2859,0,0.93
5300,1,4,0.1094,0.2212,0.3081,1,4.43
5301,1,2,0.299,0.5426,0.3853,1,196.18
5302,1,4,0.1211,0.3522,0.3444,1,121.88
5303,0,3,0.1382,0.7412,0.3168,0,3.67
5304,0,1,0.163,0.4912,0.2017,0,4.86
5305,1,5,0.0465,0.3511,0.3517,0,2.78
5306,1,2,0.2606,0.2755,0.3071,1,99.71
5307,1,2,0.1179,0.4131,0.2986,1,62.84
5308,1,3,0.2727,0.1084,0.2989,1,23.78
5309,0,1,0.1178,0.2,0.1153,0,1.39
5310,1,5,0.335,0.6149,0.5042,1,130.93
5311,1,3,0.1502,0.4672,0.3519,1,99.05
5312,2,3,0.1206,0.4315,0.4341,0,1.16
5313,1,5,0.1768,0.2606,0.3682,1,42.91
5314,1,1,0.2757,0.553,0.351,0,1.58
5315,1,2,0.1135,0.3272,0.2758,1,105.59
5316,1,1,0.0465,0.5076,0.2708,0,3.47
5317,1,1,0.2606,0.6632,0.374,0,2.1
5318,0,3,0.3463,0.3039,0.2699,0,1.24
5319,1,4,0.2878,0.3653,0.3977,1,30.5
5320,1,5,0.2492,0.447,0.4365,1,48.29
5321,0,1,0.0437,0.6636,0.209,0,2.78
5322,0,3,0.1206,0.5901,0.2737,0,1.86
5323,0,3,0.2906,0.4526,0.2903,1,59.0
5324,1,4,0.1051,0.7494,0.4389,1,107.29
5325,1,2,0.2082,0.339,0.3072,1,28.3
5326,1,5,0.2727,0.4219,0.4373,0,1.3
5327,0,3,0.2082,0.6381,0.312,0,2.95
5328,0,2,0.2301,0.3218,0.2095,0,2.07
5329,1,4,0.2281,0.3474,0.3753,1,86.89
5330,1,1,0.1502,0.0122,0.1781,0,3.31
5331,1,2,0.1502,0.5141,0.3336,1,26.5
5332,1,2,0.0168,0.5166,0.2942,0,1.63
5333,2,5,0.1674,0.5515,0.5381,1,291.86
5334,2,1,0.1502,0.5452,0.4114,1,31.41
5335,1,5,0.2727,0.8725,0.5499,0,1.22
5336,0,2,0.183,0.7763,0.309,1,59.72
5337,2,4,0.2757,0.3411,0.488,1,87.75
5338,1,2,0.0836,0.5538,0.3235,1,92.16
5339,0,5,0.0911,0.4566,0.2915,1,69.09
5340,1,1,0.1757,0.5809,0.3279,1,44.98
5341,0,3,0.1179,0.6644,0.2915,0,2.33
5342,1,2,0.0168,0.4725,0.2832,1,100.6
5343,1,3,0.1674,0.232,0.2982,1,25.15
5344,0,4,0.2281,0.4987,0.3131,0,3.37
5345,1,2,0.1094,0.7323,0.3759,0,2.76
5346,1,4,0.1206,0.0918,0.2791,0,3.11
5347,0,4,0.2853,0.505,0.3318,1,30.66
5348,1,2,0.2301,0.4977,0.3535,0,3.04
5349,1,3,0.1757,0.5909,0.3904,1,32.0
5350,0,1,0.5295,0.5837,0.3348,1,50.71
5351,0,4,0.2492,0.5313,0.3276,1,37.17
5352,0,3,0.2853,0.5688,0.3178,0,1.38
5353,1,1,0.3485,0.8263,0.4411,0,2.92
5354,0,3,0.2492,0.3944,0.2634,1,33.0
5355,1,3,0.4038,0.5671,0.4529,1,143.43
5356,1,1,0.1476,0.327,0.256,0,2.51
5357,2,3,0.3485,0.6139,0.548,0,3.28
5358,0,2,0.183,0.8431,0.3257,1,72.38
5359,0,5,0.1674,0.3044,0.2763,0,1.29
5360,0,4,0.1476,0.1787,0.209,0,1.8
5361,1,3,0.1904,0.3911,0.3449,1,32.83
5362,0,3,0.2082,0.4134,0.2558,0,3.19
5363,0,1,0.1094,0.3075,0.1397,0,2.02
5364,2,4,0.1904,0.399,0.4769,1,31.85
5365,0,4,0.1674,0.9223,0.4008,1,132.06
5366,1,4,0.2492,0.2623,0.3603,0,3.61
5367,1,5,0.2372,0.2099,0.3736,1,104.98
5368,1,2,0.5395,0.3736,0.4152,0,2.61
5369,1,3,0.1757,0.9282,0.4748,0,1.12
5370,1,3,0.2562,0.7157,0.4458,1,14.56
5371,2,5,0.2757,0.4471,0.5445,1,98.72
5372,0,5,0.3611,0.5305,0.391,0,1.63
5373,1,1,0.1502,0.3972,0.2744,1,101.35
5374,0,4,0.0719,0.5799,0.2865,1,19.78
5375,2,3,0.2878,0.1866,0.423,1,105.99
5376,0,5,0.3611,0.4127,0.3615,0,1.87
5377,1,1,0.3611,0.7169,0.4176,1,159.89
5378,2,4,0.2606,0.3196,0.4781,1,50.65
5379,0,2,0.1206,0.6047,0.2474,1,50.54
5380,1,5,0.1012,0.2159,0.3343,1,18.69
5381,1,5,0.5395,0.675,0.5806,1,135.93
5382,0,4,0.0399,0.1509,0.1697,0,1.87
5383,1,4,0.2281,0.6648,0.4546,1,101.68
5384,0,5,0.1757,0.7749,0.3964,1,68.98
5385,0,5,0.2906,0.2838,0.3081,1,32.98
5386,1,1,0.299,0.1484,0.2568,0,3.84
5387,1,1,0.2562,0.7751,0.4006,0,2.88
5388,2,5,0.2281,0.626,0.5749,1,136.7
5389,0,4,0.1135,0.581,0.2993,0,1.64
5390,0,5,0.2853,0.302,0.3111,0,2.19
5391,0,4,0.1904,0.5066,0.3038,1,40.52
5392,0,1,0.0168,0.8549,0.2488,1,45.37
5393,1,3,0.0168,0.4174,0.2994,0,3.37
5394,1,5,0.2906,0.302,0.4127,1,105.73
5395,1,3,0.2606,0.5132,0.3965,1,23.09
5396,0,1,0.1382,0.8537,0.2849,0,1.61
5397,1,4,0.0437,0.447,0.3449,0,1.56
5398,0,5,0.2372,0.828,0.4282,1,38.0
5399,0,4,0.4038,0.3157,0.3201,0,3.34
5400,0,3,0.0719,0.6444,0.2727,1,23.24
5401,1,2,0.1179,0.4641,0.3114,0,3.84
5402,1,4,0.2771,0.3726,0.3963,1,52.4
5403,1,5,0.223,0.5321,0.4499,1,32.59
5404,0,2,0.0168,0.5647,0.2062,0,3.63
5405,0,4,0.335,0.8594,0.4354,1,89.9
5406,0,5,0.0465,0.5806,0.3091,0,3.34
5407,2,5,0.2492,0.344,0.5108,0,1.79
5408,1,3,0.0911,0.5931,0.3656,1,36.78
5409,2,2,0.1757,0.3193,0.3925,0,1.73
5410,1,5,0.5395,0.7355,0.5957,1,138.31
5411,0,5,0.1179,0.5387,0.32,0,4.77
5412,1,1,0.1166,0.3792,0.2598,0,2.5
5413,0,2,0.1674,0.4306,0.2179,0,3.35
5414,1,3,0.3463,0.4569,0.4081,0,2.43
5415,0,1,0.2301,0.4146,0.2027,1,13.32
5416,0,4,0.0719,0.3392,0.2264,0,2.06
5417,0,2,0.0437,0.2865,0.1447,1,12.72
5418,0,2,0.1757,0.4345,0.2213,0,2.04
5419,1,4,0.1577,0.2684,0.3344,1,38.43
5420,1,4,0.0719,0.4652,0.3579,1,78.02
5421,1,1,0.1674,0.4326,0.2884,0,2.21
5422,0,1,0.0437,0.509,0.1704,0,1.46
5423,0,1,0.1904,0.397,0.1864,1,82.7
5424,1,1,0.1166,0.4813,0.2853,0,1.11
5425,2,4,0.1051,0.1477,0.3885,0,1.51
5426,2,1,0.5395,0.6579,0.5563,1,48.57
5427,2,1,0.3266,0.4071,0.4298,1,31.19
5428,1,4,0.2878,0.5516,0.4442,1,38.99
5429,2,2,0.1178,0.6088,0.4475,0,3.17
5430,2,4,0.223,0.6495,0.5493,1,78.78
5431,1,4,0.1135,0.5901,0.4016,0,2.41
5432,0,1,0.2757,0.4433,0.2235,1,18.13
5433,0,4,0.2878,0.3885,0.3035,0,5.88
5434,0,3,0.0465,0.2347,0.1626,1,151.17
5435,0,1,0.1166,0.4562,0.179,0,3.02
5436,2,3,0.1768,0.3494,0.4304,0,1.44
5437,0,4,0.5295,0.2016,0.3292,0,1.61
5438,0,2,0.2301,0.661,0.2943,1,59.88
5439,0,4,0.0465,0.4742,0.2525,0,1.61
5440,0,4,0.0719,0.4801,0.2616,1,22.21
5441,1,2,0.1674,0.4274,0.3171,0,1.78
5442,2,3,0.2281,0.3215,0.4388,0,2.22
5443,0,2,0.3463,0.6526,0.327,0,2.22
5444,1,1,0.2771,0.3771,0.3074,1,62.78
5445,1,4,0.1179,0.4139,0.3588,0,1.75
5446,0,3,0.0168,0.5031,0.2208,0,3.31
5447,0,3,0.3611,0.4544,0.3119,1,25.59
5448,1,5,0.1179,0.284,0.3564,1,133.52
5449,0,2,0.0399,0.477,0.1912,0,3.53
5450,1,4,0.1094,0.4686,0.37,1,165.96
5451,0,1,0.2562,0.7642,0.2979,0,1.66
5452,1,1,0.1135,0.4709,0.2818,1,46.54
5453,0,2,0.1012,0.7357,0.2743,0,2.89
5454,2,5,0.3266,0.4843,0.5691,1,121.58
5455,0,1,0.0465,0.5997,0.1939,0,1.6
5456,0,2,0.1577,0.6911,0.2801,0,4.6
5457,2,1,0.223,0.2514,0.3598,1,42.25
5458,1,2,0.1135,0.5259,0.3255,0,3.63
5459,1,3,0.1502,0.124,0.2661,0,2.6
5460,1,4,0.0465,0.1027,0.2596,1,27.03
5461,2,3,0.2082,0.5042,0.4785,1,50.15
5462,1,4,0.3485,0.7638,0.5155,0,3.72
5463,1,5,0.1382,0.3713,0.3843,1,59.9
5464,2,4,0.0719,0.76,0.5316,1,350.12
5465,1,5,0.223,0.2305,0.3745,0,1.73
5466,0,3,0.2301,0.2977,0.2335,0,3.56
5467,1,4,0.1166,0.43,0.3625,0,1.43
5468,1,5,0.2281,0.3311,0.4012,1,442.28
5469,0,4,0.335,0.3549,0.3092,0,3.21
5470,0,3,0.1502,0.3298,0.2175,0,2.62
5471,2,5,0.335,0.5885,0.5976,1,74.89
5472,0,1,0.3266,0.6428,0.2887,0,0.92
5473,2,4,0.1502,0.4275,0.4719,0,2.14
5474,1,1,0.2372,0.5122,0.3292,1,52.04
5475,2,4,0.1674,0.6161,0.5242,0,2.94
5476,2,1,0.1166,0.6358,0.4239,1,43.06
5477,0,1,0.1476,0.5042,0.2003,1,60.81
5478,0,4,0.1904,0.3861,0.2736,0,3.46
5479,0,2,0.2301,0.6291,0.2863,0,3.04
5480,1,2,0.3611,0.5064,0.3949,1,64.63
5481,2,4,0.1904,0.1866,0.4238,1,79.2
5482,0,1,0.0719,0.4566,0.1657,0,3.8
5483,0,4,0.163,0.3944,0.2675,0,2.08
5484,2,3,0.1768,0.3885,0.4402,1,57.17
5485,0,4,0.299,0.5944,0.3583,0,1.74
5486,0,2,0.1166,0.5413,0.2303,1,44.71
5487,2,2,0.2757,0.3712,0.4355,1,35.04
5488,2,2,0.2301,0.2886,0.4012,1,61.78
5489,1,1,0.2878,0.7149,0.3951,1,41.8
5490,1,2,0.1012,0.5786,0.335,1,94.01
5491,1,4,0.2878,0.4674,0.4232,0,2.06
5492,1,5,0.335,0.2485,0.4126,1,47.33
5493,0,4,0.223,0.6403,0.347,1,54.93
5494,0,3,0.5295,0.5867,0.3955,0,2.55
5495,1,5,0.1211,0.5478,0.4233,1,35.53
5496,0,3,0.0465,0.393,0.2022,0,4.11
5497,1,2,0.3485,0.4249,0.3708,0,1.87
5498,0,4,0.0437,0.1284,0.1652,1,43.97
5499,1,1,0.2281,0.7427,0.3841,0,1.94
5500,2,2,0.1094,0.4359,0.4018,1,39.7
5501,0,3,0.1502,0.4239,0.241,0,2.09
5502,1,3,0.3266,0.342,0.3735,1,26.49
5503,2,1,0.1206,0.4692,0.3835,0,2.37
5504,0,4,0.0437,0.6187,0.2878,0,2.22
5505,1,4,0.1382,0.6115,0.4143,1,59.9
5506,0,3,0.1012,0.5736,0.2638,1,39.74
5507,1,2,0.3485,0.0682,0.2816,0,1.57
5508,0,1,0.0719,0.6137,0.205,0,2.03
5509,1,1,0.3266,0.7973,0.4273,0,4.04
5510,0,3,0.1094,0.318,0.2023,0,2.78
5511,0,5,0.2372,0.3131,0.2994,1,15.11
5512,1,1,0.1768,0.2923,0.2561,0,2.45
5513,0,5,0.2562,0.3194,0.3067,0,2.39
5514,1,5,0.0911,0.5469,0.4141,1,87.88
5515,0,5,0.1135,0.3024,0.2596,1,14.6
5516,0,3,0.1135,0.7242,0.3051,0,2.71
5517,1,1,0.3485,0.5221,0.3651,0,2.1
5518,0,5,0.2372,0.5791,0.3659,1,8.65
5519,1,2,0.1674,0.3667,0.3019,0,3.02
5520,2,5,0.0911,0.375,0.4711,0,3.04
5521,0,2,0.1051,0.6632,0.2573,0,1.7
5522,1,3,0.0911,0.6586,0.382,1,14.28
5523,2,3,0.1012,0.4646,0.4365,1,202.29
5524,1,4,0.1577,0.2091,0.3196,0,0.9
5525,0,5,0.2082,0.5045,0.3386,1,34.25
5526,0,4,0.1904,0.3515,0.265,1,49.83
5527,0,3,0.1476,0.5824,0.2799,0,2.29
5528,1,3,0.0437,0.4582,0.3177,0,3.81
5529,2,3,0.1757,0.3173,0.422,1,107.13
5530,0,2,0.1135,0.2144,0.1476,0,1.26
5531,2,4,0.2281,0.4319,0.4964,1,19.74
5532,0,1,0.1577,0.5218,0.2078,0,1.86
5533,0,1,0.1502,0.5857,0.2215,0,3.54
5534,0,1,0.5395,0.6745,0.3605,0,5.39
5535,2,3,0.1135,0.3637,0.415,1,24.89
5536,1,3,0.4038,0.2241,0.3672,1,33.09
5537,0,5,0.4038,0.4238,0.3771,1,23.34
5538,0,3,0.0911,0.7608,0.3075,1,38.22
5539,0,1,0.0911,0.4881,0.1794,0,3.12
5540,1,5,0.335,0.398,0.45,1,37.89
5541,1,2,0.0911,0.3433,0.2732,0,1.26
5542,1,4,0.183,0.5989,0.4246,1,49.01
5543,0,2,0.5295,0.2352,0.2776,1,10.01
5544,0,4,0.2492,0.7489,0.382,1,30.17
5545,1,1,0.1178,0.6721,0.3334,0,2.99
5546,0,4,0.1757,0.6867,0.3444,1,122.94
5547,1,1,0.5295,0.2391,0.3486,1,25.5
5548,0,4,0.2301,0.3673,0.2809,1,26.86
5549,1,2,0.2757,0.4238,0.3487,1,53.56
5550,1,3,0.3463,0.4315,0.4018,1,60.96
5551,1,4,0.1476,0.242,0.3248,0,2.09
5552,1,1,0.5395,0.7895,0.4892,1,81.97
5553,0,3,0.1179,0.4874,0.2472,1,55.05
5554,2,1,0.0437,0.2218,0.2986,0,2.94
5555,1,5,0.1502,0.4822,0.4156,1,9.0
5556,0,2,0.3611,0.3765,0.2625,0,1.35
5557,1,4,0.5295,0.6199,0.5338,0,2.26
5558,1,3,0.3294,0.8235,0.4947,0,3.79
5559,1,1,0.1674,0.7809,0.3754,0,3.8
5560,0,3,0.1502,0.328,0.2171,0,0.93
5561,1,2,0.2727,0.5019,0.3673,1,48.84
5562,0,5,0.0465,1.0,0.414,1,34.73
5563,0,4,0.3463,0.5077,0.3508,0,3.29
5564,1,2,0.2492,0.541,0.37,0,2.02
5565,1,4,0.0465,0.3122,0.312,0,2.08
5566,0,2,0.0399,0.597,0.2212,0,1.92
5567,0,5,0.163,0.5274,0.3308,0,2.11
5568,0,4,0.3294,0.4767,0.338,1,35.88
5569,0,5,0.2906,0.854,0.4507,1,24.48
5570,2,3,0.1382,0.4023,0.432,1,40.83
5571,1,5,0.2281,0.4561,0.4325,1,44.73
5572,0,4,0.3266,0.388,0.315,0,2.16
5573,1,5,0.1206,0.7063,0.4628,1,91.99
5574,0,3,0.1178,0.4566,0.2395,1,26.09
5575,0,3,0.1094,0.4299,0.2303,0,3.61
5576,0,4,0.3294,0.4181,0.3233,1,57.69
5577,0,2,0.1178,0.4452,0.2066,1,54.8
5578,2,3,0.4038,0.219,0.4659,1,27.14
5579,1,3,0.2853,0.7157,0.4545,1,31.29
5580,0,1,0.1179,0.4573,0.1797,1,79.18
5581,0,1,0.1674,0.7015,0.2556,1,18.48
5582,1,2,0.2082,0.428,0.3295,1,18.95
5583,1,2,0.1012,0.6024,0.341,1,174.03
5584,1,4,0.1012,0.3565,0.3395,0,1.71
5585,0,5,0.3266,0.5484,0.3851,0,1.72
5586,1,1,0.183,0.2927,0.2581,1,33.73
5587,1,2,0.2562,0.7836,0.4328,0,1.74
5588,0,1,0.0399,0.3079,0.1189,0,1.93
5589,1,4,0.1476,0.3654,0.3556,0,5.73
5590,0,2,0.2757,0.5647,0.2839,0,1.87
5591,2,1,0.0719,0.4127,0.3547,1,126.55
5592,1,1,0.3611,0.4473,0.3502,0,1.59
5593,0,2,0.3463,0.2779,0.2334,0,2.96
5594,0,5,0.1051,0.5824,0.3271,1,47.4
5595,1,4,0.2606,0.4522,0.4112,0,2.7
5596,1,1,0.1206,0.5888,0.3134,0,2.15
5597,0,2,0.3611,0.1574,0.2077,1,18.45
5598,0,1,0.2301,0.5908,0.2467,1,19.41
5599,2,1,0.1577,0.6316,0.4352,0,2.26
5600,0,3,0.0437,0.5935,0.2515,0,2.27
5601,0,2,0.1211,0.789,0.2936,0,1.67
5602,1,4,0.0437,0.5002,0.3582,0,1.26
5603,0,2,0.223,0.5125,0.255,0,2.8
5604,1,4,0.1135,0.3841,0.3501,0,2.03
5605,0,4,0.1904,0.4381,0.2866,0,1.91
5606,0,2,0.2301,0.5435,0.2649,0,5.24
5607,1,5,0.1476,0.5264,0.4259,1,139.72
5608,0,1,0.5295,0.3404,0.274,0,3.92
5609,0,1,0.163,0.0891,0.1012,0,2.32
5610,1,5,0.1768,0.5246,0.4342,0,1.6
5611,1,2,0.3611,0.1465,0.305,0,1.32
5612,1,2,0.1094,0.298,0.2673,1,40.12
5613,1,2,0.1904,0.1958,0.2661,1,24.79
5614,1,2,0.2492,0.2604,0.2999,1,16.31
5615,2,2,0.2082,0.2566,0.3866,0,1.67
5616,1,1,0.1166,0.4896,0.2874,0,1.89
5617,0,2,0.0399,0.5899,0.2194,1,29.06
5618,0,1,0.0168,0.4035,0.1359,0,0.78
5619,0,4,0.2281,0.3354,0.2723,0,2.87
5620,1,4,0.2906,0.5384,0.4418,1,56.13
5621,1,3,0.0719,0.8959,0.4355,1,99.94
5622,2,4,0.223,0.656,0.5509,1,46.96
5623,1,1,0.1206,0.1865,0.2128,0,2.2
5624,0,5,0.183,0.5038,0.3308,0,1.27
5625,2,4,0.2727,0.7364,0.5859,1,55.96
5626,0,2,0.2492,0.2829,0.2055,0,2.05
5627,1,2,0.2301,0.6689,0.3963,1,170.43
5628,2,3,0.1502,0.6597,0.5,1,240.75
5629,0,2,0.2727,0.273,0.2101,0,2.05
5630,1,2,0.0168,0.2964,0.2391,1,14.78
5631,1,1,0.1502,0.525,0.3063,1,41.56
5632,2,5,0.1166,0.2037,0.4359,1,48.63
5633,0,3,0.1476,0.3846,0.2304,0,1.82
5634,0,1,0.0168,0.6154,0.1889,0,1.83
5635,1,4,0.1476,0.7428,0.45,1,116.6
5636,2,5,0.0437,0.3173,0.4424,0,1.47
5637,1,5,0.2771,0.9324,0.5662,1,166.15
5638,0,2,0.2301,0.4223,0.2346,0,2.77
5639,0,2,0.223,0.5511,0.2647,0,4.63
5640,0,1,0.1577,0.7186,0.257,0,4.94
5641,1,5,0.1206,0.5602,0.4262,0,4.2
5642,1,1,0.1674,0.1812,0.2255,0,3.71
5643,0,5,0.299,0.6279,0.3967,1,44.28
5644,1,4,0.2492,0.6197,0.4497,1,93.42
5645,1,3,0.3611,0.2573,0.3627,0,3.72
5646,2,4,0.5395,0.6354,0.6407,1,226.81
5647,0,2,0.1094,0.7313,0.2756,1,15.4
5648,1,5,0.0399,0.4082,0.364,1,141.55
5649,0,3,0.2853,0.329,0.2578,0,2.43
5650,1,5,0.2372,0.534,0.4547,1,78.75
5651,0,3,0.1211,0.6543,0.2899,1,96.39
5652,0,4,0.5295,0.4407,0.389,0,1.26
5653,1,4,0.4038,0.2225,0.3968,1,22.41
5654,0,1,0.5395,0.216,0.2458,0,1.45
5655,0,3,0.0719,0.3351,0.1953,0,2.51
5656,2,1,0.2853,0.4089,0.4178,0,1.89
5657,2,1,0.2727,0.4004,0.4119,1,26.34
5658,0,5,0.2301,0.4867,0.3407,0,1.26
5659,1,1,0.2492,0.4747,0.3234,0,1.57
5660,1,5,0.2606,0.3477,0.4151,1,48.14
5661,2,3,0.0168,0.6421,0.4556,1,55.65
5662,1,3,0.299,0.738,0.4642,1,74.27
5663,1,4,0.0437,0.2129,0.2863,1,102.34
5664,1,5,0.0168,0.4738,0.3735,1,98.11
5665,1,1,0.1577,0.5877,0.3242,1,36.88
5666,0,5,0.2906,0.6807,0.4074,1,35.98
5667,1,1,0.0465,0.773,0.3372,1,86.07
5668,0,1,0.0836,0.5638,0.196,0,1.62
5669,1,4,0.0168,0.7666,0.4167,1,68.37
5670,1,1,0.1502,0.2645,0.2412,0,1.29
5671,1,5,0.0465,0.3057,0.3404,1,22.64
5672,0,5,0.1476,0.6916,0.3672,0,1.36
5673,0,4,0.3463,0.6753,0.3927,0,3.48
5674,1,1,0.1904,0.5755,0.331,1,22.45
5675,1,2,0.1577,0.4055,0.3087,1,44.4
5676,1,2,0.163,0.3946,0.3076,0,1.51
5677,0,1,0.1476,0.366,0.1658,0,3.39
5678,0,2,0.1577,0.6903,0.2799,1,25.82
5679,2,5,0.1502,0.2589,0.4598,1,37.54
5680,0,2,0.2301,0.4283,0.2361,0,3.69
5681,1,1,0.1094,0.5386,0.2975,0,3.05
5682,1,4,0.223,0.56,0.4269,0,1.53
5683,1,4,0.1178,0.2857,0.3268,1,54.18
5684,0,4,0.1211,0.233,0.2146,1,26.39
5685,0,5,0.1757,0.5191,0.3325,0,0.75
5686,1,2,0.1135,0.3258,0.2755,1,18.36
5687,0,1,0.4038,0.5871,0.2979,1,57.96
5688,1,1,0.1094,0.4172,0.2671,1,148.1
5689,1,5,0.5295,0.541,0.5441,1,35.28
5690,0,4,0.1904,0.5703,0.3197,1,40.88
5691,1,5,0.1382,0.0995,0.3163,0,1.33
5692,1,3,0.2906,0.537,0.4114,1,96.03
5693,1,3,0.163,0.4575,0.3533,1,25.37
5694,0,2,0.0437,0.4184,0.1777,0,1.29
5695,0,1,0.0399,0.6023,0.1925,1,16.17
5696,1,1,0.1012,0.4971,0.2846,1,16.0
5697,2,2,0.2562,0.3274,0.4187,0,1.35
5698,0,2,0.1051,0.3498,0.179,0,1.87
5699,1,5,0.0168,0.4673,0.3719,0,1.63
5700,0,4,0.3611,0.4809,0.3486,0,2.58
5701,0,4,0.3463,0.314,0.3024,0,2.05
5702,1,2,0.0168,0.2708,0.2327,0,2.5
5703,1,2,0.335,0.5781,0.405,1,46.72
5704,0,4,0.3485,0.5225,0.3552,0,2.7
5705,0,4,0.0719,0.2612,0.2069,0,1.56
5706,0,4,0.0399,0.4957,0.2559,0,2.14
5707,0,2,0.1094,0.5124,0.2209,1,21.65
5708,0,1,0.2562,0.7263,0.2884,0,3.07
5709,1,2,0.0168,0.5406,0.3002,1,44.28
5710,1,5,0.1502,0.1635,0.3359,1,184.76
5711,1,4,0.1012,0.6706,0.418,0,2.2
5712,0,4,0.2757,0.2455,0.2641,1,34.61
5713,0,5,0.183,0.6568,0.3691,1,40.05
5714,1,2,0.1179,0.6091,0.3476,0,1.27
5715,1,1,0.1476,0.2791,0.2441,0,2.48
5716,2,5,0.2727,0.5354,0.5657,1,113.57
5717,0,1,0.183,0.5354,0.2188,0,2.13
5718,2,3,0.0399,0.174,0.3455,0,2.49
5719,1,2,0.2727,0.4596,0.3567,0,2.3
5720,0,5,0.2492,0.4406,0.3349,0,2.54
5721,1,1,0.1012,0.634,0.3189,0,2.46
5722,2,1,0.1904,0.43,0.3946,0,1.51
5723,1,1,0.2757,0.5163,0.3418,1,122.81
5724,0,2,0.299,0.5447,0.2859,0,2.13
5725,2,2,0.3463,0.5542,0.5024,0,1.34
5726,1,1,0.2771,0.6041,0.3642,0,2.09
5727,0,3,0.0911,0.4604,0.2324,0,1.56
5728,1,4,0.2492,0.6675,0.4616,1,167.23
5729,0,1,0.1135,0.4185,0.1687,0,1.72
5730,1,4,0.2082,0.5108,0.4102,0,2.06
5731,0,2,0.1012,0.3263,0.1719,0,3.04
5732,1,1,0.2562,0.3637,0.2978,1,21.98
5733,1,5,0.2301,0.2712,0.3868,0,2.13
5734,0,4,0.1577,0.2421,0.2278,1,18.31
5735,1,5,0.4038,0.5203,0.5012,1,56.21
5736,1,1,0.1211,0.5075,0.2932,0,2.66
5737,0,4,0.2853,0.4249,0.3118,0,1.56
5738,0,1,0.0399,0.4336,0.1504,0,1.95
5739,0,5,0.0168,0.2231,0.2108,1,130.22
5740,0,4,0.223,0.431,0.2946,1,58.09
5741,1,4,0.223,0.4053,0.3882,1,27.63
5742,0,5,0.2771,0.4147,0.3368,0,2.78
5743,0,4,0.2372,0.2019,0.2416,0,3.07
5744,0,1,0.3485,0.5951,0.2833,1,30.76
5745,0,1,0.2606,0.6855,0.2796,0,3.09
5746,0,2,0.1211,0.3919,0.1943,0,2.37
5747,1,2,0.2878,0.2495,0.3087,0,2.51
5748,1,2,0.3266,0.6091,0.4103,0,2.6
5749,1,2,0.1178,0.3133,0.2737,1,34.28
5750,1,1,0.0465,0.5402,0.279,0,2.03
5751,1,1,0.2372,0.5928,0.3494,1,47.6
5752,2,4,0.3294,0.5313,0.5516,1,46.2
5753,0,4,0.223,0.756,0.3759,0,2.88
5754,0,2,0.2906,0.1763,0.1913,0,1.33
5755,0,2,0.1674,0.4496,0.2226,0,1.67
5756,2,1,0.2878,0.7825,0.512,1,31.92
5757,2,2,0.1051,0.6367,0.4507,1,71.18
5758,0,1,0.1768,0.2978,0.1575,0,2.54
5759,2,5,0.5395,0.6769,0.6811,1,53.19
5760,0,1,0.0719,0.4208,0.1568,0,2.1
5761,0,1,0.0168,0.471,0.1528,0,3.39
5762,0,3,0.1178,0.492,0.2483,0,2.28
5763,2,2,0.2562,0.1123,0.3649,1,22.91
5764,1,5,0.1094,0.4439,0.3938,0,2.34
5765,1,4,0.2757,0.4251,0.409,1,122.27
5766,1,1,0.5295,0.6018,0.4393,1,22.73
5767,2,3,0.3266,0.888,0.61,1,84.3
5768,0,1,0.0465,0.4261,0.1505,1,41.64
5769,0,3,0.2727,0.5538,0.3103,0,2.4
5770,1,3,0.2906,0.4989,0.4019,1,62.22
5771,1,5,0.3485,0.366,0.446,0,2.36
5772,0,5,0.1094,0.3606,0.273,1,55.12
5773,1,2,0.1382,0.4632,0.3173,1,11.82
5774,0,4,0.1178,0.3481,0.2424,0,3.33
5775,0,2,0.1382,0.5145,0.2301,0,2.28
5776,1,3,0.1904,0.3927,0.3453,1,156.06
5777,0,2,0.183,0.2851,0.1862,0,1.47
5778,2,5,0.1178,0.3945,0.484,1,88.85
5779,0,5,0.5295,0.3,0.3839,1,128.39
5780,1,3,0.2492,0.0031,0.2655,0,4.47
5781,1,3,0.1179,0.4693,0.3427,0,2.38
5782,1,4,0.163,0.5892,0.4162,1,51.37
5783,0,4,0.2771,0.6005,0.3533,1,82.52
5784,2,2,0.4038,0.4567,0.4953,1,86.75
5785,0,1,0.2906,0.4221,0.2227,1,56.84
5786,0,4,0.0437,0.4394,0.243,0,2.17
5787,1,4,0.2853,0.3767,0.3998,0,1.36
5788,0,5,0.2606,0.3669,0.3199,1,51.35
5789,2,4,0.1166,0.2446,0.4161,1,80.18
5790,1,4,0.1476,0.8232,0.4701,1,78.28
5791,0,4,0.299,0.646,0.3712,0,1.76
5792,1,2,0.1382,0.5259,0.3329,0,2.56
5793,0,3,0.2757,0.6916,0.3456,1,11.07
5794,1,1,0.335,0.7276,0.4124,1,20.54
5795,0,1,0.335,0.443,0.2412,0,3.04
5796,2,1,0.1674,0.545,0.4165,1,54.59
5797,1,3,0.3485,0.1323,0.3276,1,29.29
5798,1,2,0.335,0.6974,0.4348,1,134.97
5799,0,4,0.1012,0.6898,0.3228,1,95.31
5800,1,5,0.2281,0.46,0.4334,0,1.46
5801,1,2,0.1094,0.2544,0.2564,1,18.7
5802,1,5,0.0911,0.3975,0.3767,0,1.75
5803,0,1,0.1757,0.6055,0.2341,0,1.52
5804,1,5,0.2562,0.5786,0.4715,0,3.07
5805,0,4,0.183,0.612,0.3279,1,33.91
5806,1,1,0.0719,0.5947,0.3002,0,3.08
5807,0,5,0.1012,0.2733,0.2487,0,1.44
5808,1,3,0.5295,0.286,0.4204,1,64.08
5809,2,3,0.2906,0.6793,0.547,1,14.89
5810,0,3,0.0437,0.5283,0.2352,0,5.3
5811,2,2,0.1094,0.2382,0.3524,0,1.38
5812,0,5,0.0168,0.5913,0.3029,1,11.78
5813,0,1,0.335,0.5385,0.2651,0,3.84
5814,0,2,0.2281,0.8516,0.3413,0,1.74
5815,1,3,0.1179,0.6713,0.3932,0,2.0
5816,1,5,0.1211,0.6035,0.4372,0,1.73
5817,1,2,0.2492,0.2937,0.3082,0,1.08
5818,0,5,0.3463,0.2987,0.3286,0,3.24
5819,1,4,0.335,0.3049,0.3967,0,1.85
5820,1,3,0.1012,0.2975,0.2947,0,2.15
5821,0,5,0.2878,0.4617,0.3518,1,43.74
5822,1,5,0.1577,0.3491,0.3846,1,61.04
5823,0,1,0.1674,0.4648,0.1964,1,63.28
5824,1,2,0.1382,0.7609,0.3917,1,185.84
5825,0,4,0.0719,0.4616,0.257,1,52.15
5826,1,2,0.1382,0.48,0.3215,0,2.62
5827,0,3,0.2906,0.5675,0.3191,0,2.4
5828,0,1,0.2562,0.4581,0.2214,0,1.52
5829,1,2,0.2301,0.5551,0.3678,0,0.71
5830,0,2,0.2771,0.189,0.1904,1,14.02
5831,0,3,0.1476,0.5766,0.2784,0,2.2
5832,1,5,0.1012,0.5059,0.4068,0,3.15
5833,1,2,0.0399,0.3718,0.2649,0,1.33
5834,1,1,0.1094,0.7295,0.3452,1,77.4
5835,0,2,0.2301,0.506,0.2555,1,43.32
5836,1,5,0.1012,0.4177,0.3848,0,3.27
5837,1,2,0.2301,0.655,0.3928,1,69.56
5838,0,4,0.1166,0.6239,0.311,0,2.41
5839,2,3,0.2606,0.2327,0.4264,1,71.35
5840,1,3,0.0399,0.4249,0.3082,1,99.88
5841,0,5,0.1476,0.0895,0.2167,0,1.38
5842,0,5,0.2771,0.5597,0.3731,0,1.95
5843,1,3,0.3266,0.5112,0.4158,1,104.55
5844,0,3,0.1757,0.3503,0.2303,1,36.42
5845,1,1,0.2727,0.5678,0.3538,1,18.71
5846,1,3,0.2562,0.3698,0.3593,0,4.1
5847,1,3,0.3485,0.4554,0.4084,0,2.03
5848,1,2,0.3266,0.6313,0.4158,1,53.69
5849,0,3,0.1382,0.4358,0.2404,1,24.1
5850,2,3,0.1757,0.4747,0.4614,1,33.02
5851,2,2,0.1577,0.6941,0.4808,1,41.7
5852,0,4,0.1476,0.4555,0.2782,1,41.47
5853,0,3,0.0168,0.6475,0.2569,0,1.54
5854,1,1,0.1135,0.4694,0.2814,0,2.86
5855,0,1,0.2906,0.3286,0.1993,0,2.04
5856,0,4,0.1012,0.4348,0.2591,0,1.27
5857,0,2,0.2301,0.428,0.236,1,35.09
5858,1,1,0.1757,0.6484,0.3448,0,5.04
5859,0,5,0.2606,0.3022,0.3037,1,19.88
5860,1,5,0.1382,0.4396,0.4014,0,1.96
5861,1,1,0.335,0.5496,0.3679,0,2.13
5862,0,3,0.2771,0.8177,0.3776,1,77.45
5863,1,2,0.2562,0.4207,0.342,1,110.77
5864,1,1,0.183,0.3072,0.2617,1,47.86
5865,2,4,0.2281,0.3954,0.4873,1,140.26
5866,1,2,0.1502,0.5813,0.3504,0,1.18
5867,1,3,0.0911,0.7877,0.4143,0,1.04
5868,1,3,0.1768,0.5557,0.382,0,2.38
5869,2,3,0.1178,0.2068,0.377,0,1.03
5870,1,1,0.0465,0.7732,0.3373,1,98.71
5871,1,1,0.1904,0.1706,0.2298,0,2.0
5872,0,4,0.1012,0.406,0.2519,1,10.72
5873,0,1,0.1577,0.6087,0.2295,0,2.48
5874,1,2,0.1577,0.4214,0.3127,1,46.46
5875,1,1,0.0465,0.3817,0.2394,0,1.73
5876,1,3,0.2301,0.5894,0.4064,1,23.37
5877,0,4,0.2606,0.5376,0.3326,0,1.48
5878,0,4,0.1012,0.8471,0.3621,1,85.23
5879,0,1,0.2878,0.3954,0.2152,0,2.94
5880,1,2,0.1768,0.8331,0.4213,0,1.45
5881,1,5,0.1904,0.1723,0.3502,0,2.06
5882,0,5,0.2372,0.2594,0.286,1,8.81
5883,1,4,0.0168,0.2782,0.2946,0,1.96
5884,0,5,0.1135,0.4749,0.3028,0,4.37
5885,1,5,0.2301,0.6118,0.472,1,96.81
5886,1,3,0.183,0.2721,0.3129,0,2.43
5887,0,3,0.1502,0.2993,0.2099,0,1.51
5888,1,2,0.0399,0.3307,0.2546,0,1.47
5889,1,2,0.1768,0.5656,0.3544,0,3.14
5890,0,2,0.0465,0.5682,0.216,0,3.21
5891,1,1,0.2906,0.3966,0.3163,0,1.47
5892,1,4,0.3485,0.4341,0.4331,1,53.73
5893,0,2,0.5395,0.2949,0.2956,0,2.57
5894,1,2,0.2757,0.4957,0.3666,1,43.93
5895,0,4,0.1577,0.3261,0.2488,0,3.74
5896,0,4,0.5395,0.8435,0.4927,1,77.27
5897,1,4,0.1166,0.4216,0.3604,1,32.99
5898,0,1,0.0719,0.4041,0.1526,0,2.15
5899,1,3,0.1502,0.7861,0.4316,0,2.36
5900,0,1,0.2727,0.7392,0.2966,0,6.09
5901,1,3,0.2878,0.6464,0.4379,0,3.97
5902,1,1,0.2082,0.69,0.365,1,23.39
5903,0,1,0.1135,0.3626,0.1547,0,2.15
5904,0,3,0.1382,0.3266,0.2131,0,1.88
5905,0,5,0.0836,0.6028,0.3258,1,139.43
5906,1,3,0.3463,0.2572,0.3582,0,3.1
5907,1,4,0.0719,0.1958,0.2905,1,10.41
5908,0,3,0.2492,0.2666,0.2314,0,1.65
5909,1,4,0.335,0.6012,0.4708,1,101.73
5910,0,2,0.4038,0.7425,0.3668,1,49.16
5911,0,5,0.1904,0.107,0.2339,0,3.32
5912,1,5,0.2372,0.5317,0.4541,1,40.83
5913,0,1,0.1135,0.4753,0.1829,0,2.71
5914,0,4,0.1135,0.4576,0.2684,0,3.01
5915,1,1,0.1178,0.4441,0.2764,0,8.32
5916,0,1,0.0911,0.0895,0.0797,0,3.71
5917,0,1,0.2727,0.8293,0.3191,1,28.72
5918,1,5,0.5295,0.3288,0.491,1,40.06
5919,0,5,0.1166,0.4775,0.3044,1,89.53
5920,0,1,0.1179,0.2397,0.1253,0,1.19
5921,0,1,0.3463,0.507,0.2606,1,32.67
5922,1,5,0.2492,0.6359,0.4837,1,392.08
5923,0,4,0.3463,0.38,0.3189,0,3.44
5924,0,4,0.1382,0.5218,0.2919,0,1.99
5925,0,5,0.335,0.7509,0.4382,1,144.57
5926,0,2,0.2757,0.3228,0.2234,0,3.34
5927,2,4,0.2853,0.5949,0.5543,1,51.95
5928,0,2,0.1179,0.7689,0.2876,0,2.46
5929,1,3,0.0465,0.641,0.3642,1,25.11
5930,1,5,0.1577,0.1107,0.325,0,1.87
5931,1,4,0.1211,0.6622,0.4219,1,54.2
5932,0,1,0.2757,0.4553,0.2265,0,2.83
5933,0,3,0.299,0.177,0.224,0,1.78
5934,1,1,0.0399,0.6579,0.3064,0,2.93
5935,0,5,0.2562,0.4684,0.344,1,39.07
5936,0,2,0.1012,0.4249,0.1966,0,3.61
5937,0,5,0.2878,0.2998,0.3113,0,2.43
5938,2,4,0.2757,0.1321,0.4357,0,3.28
5939,1,4,0.0911,0.3525,0.3355,1,67.0
5940,0,5,0.0836,0.298,0.2496,0,1.65
5941,2,2,0.0836,0.826,0.4916,1,69.13
5942,1,3,0.1382,0.3328,0.3147,0,3.45
5943,0,1,0.2301,0.3535,0.1874,0,2.47
5944,0,5,0.2492,0.3247,0.3059,1,38.18
5945,2,3,0.3463,0.6978,0.5683,0,2.28
5946,0,5,0.3485,0.5975,0.4039,1,18.25
5947,1,5,0.0911,0.0447,0.2885,1,152.87
5948,1,3,0.1094,0.2154,0.2767,0,3.1
5949,1,4,0.2281,0.6415,0.4488,0,2.88
5950,0,4,0.0836,0.5801,0.2901,0,3.64
5951,0,2,0.0836,0.7605,0.2752,1,26.72
5952,1,3,0.1674,0.5749,0.3839,0,1.75
5953,0,2,0.2301,0.3521,0.2171,1,33.51
5954,2,1,0.335,0.5939,0.479,1,371.57
5955,0,2,0.3266,0.7946,0.3566,1,193.13
5956,1,1,0.0719,0.7361,0.3356,1,11.93
5957,2,3,0.5295,0.3814,0.5442,1,20.88
5958,0,5,0.2492,0.4155,0.3286,1,95.89
5959,2,1,0.1502,0.2291,0.3323,0,3.02
5960,0,3,0.163,0.3961,0.2379,0,2.15
5961,2,2,0.3294,0.445,0.4701,1,103.15
5962,0,4,0.163,0.5559,0.3079,0,2.39
5963,1,2,0.1502,0.476,0.3241,0,1.53
5964,0,3,0.2082,0.5129,0.2807,0,0.96
5965,1,3,0.1476,0.3943,0.3329,0,0.84
5966,1,3,0.5395,0.57,0.4944,1,69.54
5967,0,1,0.2878,0.4969,0.2406,0,1.44
5968,2,5,0.1577,0.2383,0.4569,1,56.43
5969,1,1,0.1135,0.7113,0.3419,1,56.75
5970,2,5,0.3611,0.6397,0.6183,1,68.25
5971,2,5,0.223,0.6496,0.5793,1,33.1
5972,2,4,0.0399,0.3584,0.4216,1,87.35
5973,1,3,0.1674,0.6142,0.3938,1,29.38
5974,1,3,0.1206,0.6534,0.3895,1,44.34
5975,1,1,0.4038,0.2198,0.3061,0,2.17
5976,0,3,0.2853,0.2517,0.2385,1,54.13
5977,1,3,0.3266,0.3172,0.3673,1,16.36
5978,0,5,0.1094,0.3504,0.2704,0,2.91
5979,0,2,0.223,0.6953,0.3007,1,21.74
5980,0,1,0.0399,0.6241,0.198,0,2.41
5981,1,5,0.2606,0.3843,0.4243,1,137.21
5982,0,1,0.0168,0.5155,0.1639,0,4.74
5983,0,1,0.335,0.6265,0.2871,0,1.04
5984,1,4,0.5395,0.6341,0.5404,1,50.44
5985,0,1,0.0168,0.3459,0.1215,0,1.32
5986,0,1,0.2606,0.3472,0.195,0,1.02
5987,0,1,0.1206,0.5722,0.2092,1,16.19
5988,1,3,0.2906,0.5785,0.4218,1,33.51
5989,1,4,0.2562,0.3369,0.3811,0,2.28
5990,1,1,0.1577,0.4547,0.291,1,42.18
5991,1,4,0.2878,0.3302,0.3889,1,99.06
5992,0,2,0.2771,0.3516,0.231,0,3.76
5993,1,4,0.1502,0.3171,0.3443,1,80.95
5994,0,1,0.335,0.6679,0.2975,0,2.13
5995,0,3,0.3266,0.8254,0.3943,1,66.03
5996,0,4,0.1904,0.6029,0.3278,0,2.12
5997,0,1,0.1476,0.5286,0.2064,0,6.5
5998,1,3,0.163,0.4964,0.363,1,51.48
5999,1,3,0.1051,0.3981,0.3211,1,77.15
6000,1,1,0.0399,0.3576,0.2314,1,16.34
6001,2,4,0.3463,0.7576,0.6133,1,81.26
6002,1,1,0.2281,0.3397,0.2834,1,37.56
6003,2,1,0.3294,0.6662,0.4954,1,47.05
6004,1,3,0.2562,0.4488,0.3791,0,3.42
6005,0,2,0.2492,0.3937,0.2332,0,1.24
6006,2,2,0.2492,0.42,0.4398,1,63.76
6007,1,4,0.2082,0.5059,0.4089,1,90.86
6008,1,3,0.2281,0.6383,0.418,1,61.22
6009,1,4,0.1179,0.5814,0.4007,0,1.67
6010,1,2,0.1178,0.5209,0.3256,1,49.39
6011,1,4,0.2906,0.9137,0.5356,1,53.24
6012,0,5,0.0719,0.297,0.2458,0,1.0
6013,1,1,0.1135,0.4687,0.2812,0,2.38
6014,2,3,0.0437,0.5355,0.437,1,137.69
6015,1,4,0.0399,0.4632,0.3478,1,25.74
6016,0,1,0.0465,0.3235,0.1248,0,3.11
6017,0,4,0.1211,0.6921,0.3294,1,194.92
6018,1,5,0.183,0.2786,0.3746,1,90.62
6019,1,5,0.1674,0.3138,0.3787,1,68.81
6020,0,2,0.0465,0.4716,0.1918,0,4.49
6021,0,4,0.1577,0.4269,0.274,1,59.52
6022,1,1,0.2562,0.81,0.4094,1,52.19
6023,1,4,0.0719,0.265,0.3078,0,4.5
6024,0,5,0.3485,0.3836,0.3504,0,2.06
6025,1,3,0.0719,0.6625,0.3772,0,2.06
6026,0,2,0.0399,0.4588,0.1867,0,1.94
6027,2,3,0.1382,0.5313,0.4643,1,22.38
6028,2,5,0.3611,0.609,0.6106,1,66.89
6029,2,2,0.2281,0.1981,0.378,0,1.27
6030,2,5,0.0168,0.1955,0.4039,0,1.67
6031,0,3,0.0719,0.5354,0.2454,0,2.09
6032,1,4,0.1904,0.564,0.4181,0,2.38
6033,0,2,0.4038,0.7871,0.3779,0,1.69
6034,0,4,0.3485,0.6143,0.3781,0,3.02
6035,1,5,0.1012,0.766,0.4719,1,263.78
6036,0,4,0.1904,0.3019,0.2526,0,3.08
6037,1,2,0.0437,0.6597,0.338,0,1.23
6038,1,4,0.3266,0.5425,0.4536,1,56.55
6039,0,3,0.0465,0.1665,0.1456,0,2.84
6040,0,5,0.1094,0.7846,0.379,0,1.67
6041,0,1,0.3463,0.2139,0.1874,0,1.91
6042,1,1,0.0168,0.2366,0.1942,0,2.44
6043,1,1,0.223,0.7391,0.3817,0,1.59
6044,1,3,0.1051,0.2839,0.2925,1,143.6
6045,0,2,0.5295,0.4271,0.3256,1,41.12
6046,0,2,0.2372,0.1838,0.1771,0,1.22
6047,0,1,0.3266,0.4048,0.2292,0,2.74
6048,1,3,0.1768,0.3604,0.3331,0,2.54
6049,1,4,0.5395,0.6541,0.5454,0,1.98
6050,0,1,0.1577,0.5928,0.2255,0,2.13
6051,1,2,0.0719,0.713,0.3598,1,57.0
6052,1,4,0.2771,0.1097,0.3306,1,39.85
6053,1,5,0.1051,0.4287,0.3887,0,3.48
6054,1,4,0.0719,0.156,0.2806,0,2.42
6055,0,4,0.2492,0.2561,0.2588,0,2.61
6056,1,1,0.3485,0.4046,0.3357,0,1.34
6057,0,3,0.5395,0.7002,0.4269,1,154.24
6058,0,2,0.1757,0.5578,0.2522,0,2.81
6059,1,3,0.3611,0.5221,0.4289,0,1.48
6060,0,2,0.1051,0.7653,0.2829,1,10.61
6061,0,1,0.3294,0.3228,0.2095,1,32.6
6062,1,2,0.1674,0.4177,0.3146,1,13.68
6063,1,3,0.2301,0.4821,0.3796,1,24.72
6064,0,1,0.1166,0.11,0.0925,0,3.02
6065,0,2,0.1904,0.626,0.2736,0,1.68
6066,0,4,0.1178,0.6979,0.3298,0,3.64
6067,0,4,0.183,0.5139,0.3034,1,18.75
6068,0,2,0.2372,0.8209,0.3364,0,2.02
6069,0,4,0.1768,0.1928,0.2212,0,1.63
6070,0,2,0.1135,0.544,0.23,0,3.12
6071,1,4,0.1211,0.5981,0.4059,1,92.89
6072,1,1,0.1206,0.47,0.2837,0,1.06
6073,1,5,0.1051,0.2736,0.3499,0,1.45
6074,0,1,0.3485,0.6418,0.295,0,1.96
6075,0,2,0.2771,0.7451,0.3294,1,95.8
6076,1,3,0.1757,0.2726,0.3109,0,2.51
6077,2,1,0.0437,0.4,0.3431,0,1.17
6078,0,1,0.1768,0.4653,0.1994,0,1.97
6079,1,1,0.1166,0.5329,0.2982,0,1.78
6080,0,2,0.1502,0.3167,0.1842,0,3.68
6081,2,2,0.3294,0.6411,0.5191,1,38.29
6082,0,4,0.335,0.2089,0.2727,0,2.07
6083,1,3,0.183,0.7013,0.4202,1,25.13
6084,1,2,0.1674,0.601,0.3605,0,1.82
6085,1,4,0.1178,0.5123,0.3834,1,238.3
6086,1,5,0.1211,0.6484,0.4484,0,2.09
6087,0,2,0.1166,0.8254,0.3013,1,41.25
6088,0,3,0.0911,0.4797,0.2373,0,2.45
6089,0,2,0.0437,0.4298,0.1806,0,2.64
6090,0,1,0.183,0.4332,0.1932,1,40.98
6091,0,5,0.3611,0.8519,0.4713,0,1.64
6092,0,3,0.2492,0.4891,0.287,1,119.76
6093,1,1,0.163,0.3886,0.276,0,2.26
6094,0,3,0.5395,0.2057,0.3033,0,3.26
6095,1,5,0.1012,0.5875,0.4272,1,157.01
6096,1,2,0.1051,0.6588,0.3562,0,3.76
6097,0,3,0.2771,0.4152,0.2769,0,3.39
6098,0,1,0.183,0.6903,0.2575,1,14.66
6099,1,1,0.2606,0.3588,0.2979,1,26.44
6100,0,5,0.1768,0.5621,0.3436,0,3.57
6101,0,2,0.1012,0.3796,0.1853,0,1.24
6102,0,2,0.1012,0.4524,0.2035,0,3.26
6103,2,1,0.0719,0.5403,0.3866,1,114.28
6104,1,4,0.2906,0.762,0.4977,1,61.76
6105,0,2,0.3485,0.7467,0.3512,1,37.68
6106,1,2,0.2372,0.047,0.2429,1,15.44
6107,2,1,0.2492,0.6524,0.4679,1,36.5
6108,0,3,0.1502,0.2284,0.1922,0,3.02
6109,1,2,0.2853,0.4446,0.3567,0,4.14
6110,1,5,0.2878,0.6028,0.487,1,60.9
6111,0,1,0.2606,0.6632,0.274,0,2.99
6112,0,4,0.2281,0.2226,0.2441,0,3.01
6113,1,5,0.5295,0.5417,0.5443,1,134.12
6114,0,2,0.299,0.4236,0.2556,0,1.92
6115,1,3,0.1051,0.7253,0.4029,1,29.75
6116,1,3,0.0836,0.45,0.3276,1,43.99
6117,0,2,0.1382,0.6357,0.2604,0,1.83
6118,1,5,0.2372,0.5297,0.4536,1,58.25
6119,0,5,0.2082,0.1412,0.2478,1,139.81
6120,1,3,0.1051,0.2217,0.277,1,72.59
6121,0,3,0.2492,0.3037,0.2407,0,2.98
6122,0,3,0.2372,0.0612,0.1765,0,2.53
6123,0,5,0.1502,0.4989,0.3198,1,114.49
6124,1,1,0.1211,0.6429,0.3271,0,2.84
6125,0,4,0.1135,0.1412,0.1894,1,26.39
6126,1,5,0.1502,0.3058,0.3715,0,1.75
6127,1,4,0.2301,0.6494,0.4514,1,46.22
6128,1,1,0.5395,0.3865,0.3885,0,1.63
6129,1,2,0.1382,0.4232,0.3073,0,3.11
6130,0,3,0.1502,0.4696,0.2525,0,2.9
6131,0,2,0.1178,0.8372,0.3046,1,35.96
6132,1,3,0.0465,0.705,0.3802,1,115.52
6133,1,1,0.1051,0.5552,0.3003,0,2.7
6134,1,1,0.1904,0.7998,0.3871,1,85.01
6135,0,4,0.2906,0.3218,0.2876,0,3.17
6136,0,2,0.1094,0.7653,0.2841,0,2.02
6137,0,1,0.2906,0.5801,0.2622,1,69.19
6138,1,3,0.1094,0.1556,0.2617,1,37.59
6139,1,2,0.2082,0.0,0.2225,1,16.82
6140,1,4,0.1012,0.3823,0.3459,0,2.16
6141,0,4,0.1757,0.2529,0.2359,1,23.84
6142,0,3,0.1051,0.314,0.2,0,2.99
6143,1,2,0.1382,0.5123,0.3295,0,1.86
6144,0,2,0.2727,0.1509,0.1795,1,77.43
6145,1,4,0.1179,0.522,0.3859,0,2.65
6146,2,2,0.2771,0.5176,0.4725,0,1.31
6147,0,1,0.335,0.4532,0.2438,1,29.76
6148,1,4,0.0836,0.7439,0.4311,1,303.88
6149,1,4,0.0836,0.6601,0.4101,0,1.33
6150,1,5,0.2757,0.7362,0.5168,1,40.25
6151,2,1,0.3463,0.2873,0.4057,1,90.03
6152,0,1,0.0168,0.5266,0.1667,1,10.92
6153,0,5,0.2562,0.2937,0.3003,0,3.2
6154,0,5,0.2606,0.4067,0.3299,0,0.54
6155,0,1,0.4038,0.7642,0.3422,1,30.67
6156,0,3,0.2757,0.2388,0.2324,0,1.84
6157,2,2,0.2281,0.6216,0.4838,1,22.48
6158,1,5,0.2853,0.4719,0.4536,0,1.87
6159,0,4,0.1757,0.5422,0.3083,1,60.53
6160,0,4,0.1094,0.457,0.2671,1,45.25
6161,0,4,0.2853,0.3833,0.3014,0,1.14
6162,1,4,0.2853,0.1607,0.3458,0,3.47
6163,0,5,0.1382,0.5044,0.3176,1,10.93
6164,0,1,0.223,0.3436,0.1828,0,4.15
6165,1,5,0.0437,0.5199,0.3931,1,69.86
6166,0,5,0.0168,0.1704,0.1976,0,1.54
6167,0,2,0.1382,0.662,0.267,0,1.59
6168,1,2,0.2301,0.3799,0.324,0,2.94
6169,0,2,0.5395,0.216,0.2758,0,2.53
6170,0,5,0.1135,0.394,0.2825,1,19.19
6171,0,4,0.2727,0.5042,0.3279,1,93.2
6172,1,4,0.1051,0.2943,0.3251,1,92.12
6173,2,3,0.0437,0.3994,0.403,0,1.56
6174,1,3,0.0836,0.3638,0.306,1,42.89
6175,1,4,0.1135,0.5665,0.3957,1,46.16
6176,2,2,0.2906,0.4855,0.4686,1,123.69
6177,0,1,0.1382,0.2356,0.1304,0,2.92
6178,2,2,0.3611,0.2208,0.4235,1,124.43
6179,0,3,0.2301,0.5463,0.2956,0,3.7
6180,1,2,0.1757,0.3126,0.2909,0,2.03
6181,1,2,0.223,0.7592,0.4167,1,87.4
6182,1,3,0.1051,0.2565,0.2857,0,3.76
6183,2,4,0.1476,0.2458,0.4257,1,54.69
6184,0,3,0.1768,0.6182,0.2976,0,3.17
6185,0,1,0.223,0.4526,0.21,0,1.97
6186,0,2,0.1476,0.3626,0.1949,0,1.99
6187,2,5,0.1012,0.2313,0.4382,1,54.99
6188,0,4,0.0399,0.5031,0.2577,0,2.87
6189,1,2,0.2853,0.3949,0.3443,1,64.46
6190,0,1,0.2372,0.5203,0.2312,1,60.57
6191,1,1,0.1768,0.1556,0.2219,0,4.15
6192,1,2,0.0836,0.0476,0.197,0,2.11
6193,0,5,0.1166,0.4612,0.3003,1,57.18
6194,1,4,0.1674,0.5146,0.3989,0,3.5
6195,0,5,0.2562,0.2973,0.3012,0,2.19
6196,0,3,0.2757,0.304,0.2487,1,43.96
6197,2,2,0.0168,0.6048,0.4162,1,18.6
6198,0,5,0.1674,0.6546,0.3639,0,5.14
6199,0,5,0.1135,0.6965,0.3582,0,1.9
6200,0,2,0.183,0.1386,0.1495,0,1.47
6201,0,1,0.0836,0.3368,0.1393,0,1.94
6202,2,4,0.163,0.4422,0.4794,1,73.38
6203,0,3,0.163,0.3269,0.2206,1,99.28
6204,0,2,0.2281,0.4954,0.2523,0,1.66
6205,0,4,0.1211,0.5926,0.3045,1,33.19
6206,1,2,0.4038,0.494,0.4046,1,37.21
6207,1,4,0.4038,0.7452,0.5274,1,293.69
6208,1,4,0.1502,0.5227,0.3957,1,58.74
6209,1,1,0.2492,0.6467,0.3664,1,45.93
6210,0,1,0.2281,0.2729,0.1667,0,1.7
6211,1,2,0.0465,0.5481,0.311,0,1.72
6212,0,2,0.5295,0.1272,0.2506,0,1.85
6213,0,1,0.1211,0.6276,0.2232,0,2.25
6214,0,4,0.3485,0.0422,0.2351,1,35.01
6215,0,4,0.3266,0.3892,0.3153,1,32.87
6216,1,3,0.1178,0.6151,0.3791,0,3.51
6217,1,2,0.2082,0.1799,0.2674,0,1.46
6218,1,4,0.1476,0.3823,0.3599,1,57.8
6219,0,5,0.3294,0.5636,0.3897,0,7.21
6220,1,3,0.1051,0.6149,0.3753,1,104.29
6221,1,1,0.1577,0.3122,0.2554,0,3.6
6222,1,1,0.2301,0.3304,0.2816,1,46.23
6223,1,4,0.1094,0.2975,0.3272,1,271.91
6224,0,1,0.1166,0.3645,0.1561,1,43.75
6225,0,3,0.2082,0.7697,0.3449,0,4.4
6226,2,5,0.1051,0.43,0.489,1,79.12
6227,1,2,0.299,0.4439,0.3607,1,68.17
6228,1,1,0.335,0.6298,0.388,1,16.75
6229,0,3,0.2606,0.465,0.2844,1,167.49
6230,1,1,0.183,0.5986,0.3346,0,2.29
6231,0,3,0.1577,0.6678,0.3043,1,30.15
6232,0,4,0.1904,0.8311,0.3849,1,54.55
6233,2,5,0.2757,0.35,0.5202,0,6.38
6234,2,5,0.299,0.5867,0.5864,1,182.0
6235,0,4,0.0399,0.5836,0.2779,1,58.19
6236,2,4,0.0836,0.3949,0.4438,1,42.65
6237,1,2,0.5295,0.5478,0.4558,0,1.35
6238,0,2,0.2372,0.471,0.2489,1,7.89
6239,1,4,0.2853,0.266,0.3721,1,51.43
6240,0,4,0.1211,0.5247,0.2875,1,24.8
6241,2,1,0.183,0.6427,0.4456,1,90.5
6242,0,3,0.1094,0.334,0.2063,0,1.32
6243,2,5,0.1094,0.6317,0.5407,1,63.4
6244,0,2,0.2301,0.4202,0.2341,0,3.0
6245,0,4,0.0911,0.323,0.2281,1,44.52
6246,0,5,0.1904,0.3618,0.2976,0,4.32
6247,1,3,0.2771,0.1062,0.2997,0,3.24
6248,0,3,0.1135,0.2349,0.1828,0,2.68
6249,0,2,0.1502,0.3649,0.1963,0,2.87
6250,0,5,0.1051,0.3721,0.2746,0,2.75
6251,0,4,0.1166,0.275,0.2237,0,3.16
6252,1,4,0.1179,0.3608,0.3456,1,44.85
6253,1,5,0.2562,0.392,0.4249,1,130.33
6254,2,4,0.3485,0.3042,0.5006,1,124.72
6255,0,5,0.1577,0.5384,0.3319,1,48.57
6256,1,1,0.1904,0.167,0.2289,0,2.34
6257,1,5,0.3463,0.8423,0.5645,1,68.48
6258,1,4,0.0437,0.5544,0.3717,0,1.43
6259,2,5,0.2562,0.5493,0.5642,1,20.13
6260,1,4,0.3611,0.2806,0.3985,0,3.03
6261,1,4,0.1502,0.6401,0.4251,1,183.26
6262,1,4,0.2492,0.2597,0.3597,1,28.6
6263,1,5,0.1179,0.8862,0.5069,0,0.84
6264,1,4,0.2562,0.1852,0.3432,1,69.38
6265,2,3,0.2372,0.4604,0.4763,0,3.9
6266,0,5,0.2562,0.6179,0.3813,1,37.35
6267,0,5,0.1211,0.7379,0.3708,1,55.84
6268,1,4,0.1757,0.4771,0.392,1,61.46
6269,0,5,0.2562,0.3063,0.3034,1,42.79
6270,2,5,0.2853,0.4797,0.5555,1,21.92
6271,1,5,0.1768,0.4075,0.4049,0,3.06
6272,1,2,0.2372,0.1237,0.2621,0,1.28
6273,0,1,0.0719,0.4887,0.1737,1,12.31
6274,1,2,0.1904,0.5172,0.3464,1,59.22
6275,0,2,0.3611,0.4812,0.2886,0,2.6
6276,0,3,0.0836,0.3094,0.1924,1,8.84
6277,1,1,0.0911,0.4856,0.2787,1,77.41
6278,0,1,0.1178,0.1149,0.0941,0,3.89
6279,1,3,0.5295,0.6044,0.5,0,2.61
6280,1,3,0.1012,0.434,0.3289,1,61.02
6281,0,1,0.1382,0.5484,0.2086,0,1.58
6282,0,1,0.0465,0.7642,0.235,1,40.24
6283,1,2,0.1051,0.5828,0.3372,1,25.65
6284,0,5,0.2878,0.3409,0.3216,0,4.88
6285,1,3,0.223,0.4617,0.3723,1,89.44
6286,1,4,0.2492,0.4408,0.405,0,1.6
6287,0,3,0.0719,0.3888,0.2088,0,1.76
6288,0,1,0.0465,0.2918,0.1169,0,3.17
6289,1,2,0.0836,0.7883,0.3822,1,245.65
6290,1,3,0.223,0.4709,0.3746,1,39.16
6291,0,3,0.3266,0.4142,0.2915,0,3.03
6292,1,5,0.2878,0.3791,0.4311,1,192.91
6293,0,3,0.1768,0.4565,0.2572,0,1.83
6294,0,5,0.3266,0.266,0.3145,1,23.97
6295,2,3,0.2727,0.1945,0.4204,1,49.0
6296,1,2,0.0437,0.5147,0.3018,0,1.61
6297,0,2,0.2878,0.4528,0.2595,1,13.04
6298,0,3,0.4038,0.8835,0.432,1,72.36
6299,1,4,0.1178,0.2507,0.318,0,2.15
6300,1,5,0.2082,0.4169,0.4167,1,56.37
6301,1,1,0.2372,0.7772,0.3955,1,8.86
6302,0,2,0.4038,0.4013,0.2815,0,1.99
6303,1,2,0.163,0.4052,0.3102,1,36.15
6304,1,5,0.1768,0.8139,0.5065,1,51.43
6305,0,2,0.2301,0.4066,0.2307,1,58.68
6306,0,5,0.2606,0.3633,0.319,0,2.79
6307,0,4,0.2562,0.3705,0.2895,1,11.73
6308,2,3,0.0836,0.2794,0.3849,1,63.07
6309,0,4,0.1382,0.6855,0.3328,1,70.9
6310,0,4,0.1577,0.3831,0.2631,0,2.87
6311,1,3,0.0719,0.4687,0.3287,1,63.55
6312,0,5,0.5295,0.4289,0.4161,1,37.62
6313,2,3,0.2562,0.5407,0.502,1,34.12
6314,0,3,0.1768,0.574,0.2865,0,2.3
6315,0,4,0.2757,0.6678,0.3697,1,41.31
6316,0,5,0.1757,0.1704,0.2453,0,1.63
6317,1,5,0.2606,0.4879,0.4502,1,29.97
6318,1,5,0.0719,0.4973,0.3959,0,3.11
6319,1,3,0.1476,0.401,0.3345,1,237.21
6320,0,3,0.3611,0.2705,0.266,0,3.75
6321,0,3,0.3485,0.5288,0.3268,0,1.8
6322,0,4,0.0836,0.441,0.2553,0,1.5
6323,0,1,0.335,0.6026,0.2812,1,15.71
6324,2,2,0.1166,0.3589,0.3847,0,1.67
6325,0,2,0.0911,0.4125,0.1905,0,5.34
6326,2,2,0.3294,0.5431,0.4946,0,2.37
6327,1,1,0.3294,0.4616,0.3442,0,2.47
6328,2,3,0.2492,0.3592,0.4546,0,1.9
6329,0,1,0.1904,0.5214,0.2175,1,68.75
6330,0,4,0.3294,0.4781,0.3383,0,1.65
6331,3,5,0.5395,0.4341,0.7204,1,82.13
6332,0,4,0.2771,0.5283,0.3352,0,2.26
6333,0,5,0.1382,0.7297,0.3739,0,1.92
6334,0,3,0.2606,0.7771,0.3625,0,3.35
6335,2,4,0.2757,0.4407,0.5129,0,1.66
6336,0,1,0.0437,0.5339,0.1766,0,1.7
6337,1,4,0.2562,0.5361,0.4309,0,2.32
6338,0,5,0.1166,1.0,0.435,1,117.61
6339,1,1,0.5295,0.3287,0.371,0,1.09
6340,2,1,0.2757,0.4877,0.4346,0,1.61
6341,2,5,0.0719,0.6603,0.5366,1,97.0
6342,0,2,0.3611,0.5303,0.3009,0,2.52
6343,0,4,0.163,0.6789,0.3386,0,1.72
6344,1,4,0.1012,0.4131,0.3536,0,1.29
6345,1,1,0.0836,0.5104,0.2827,1,22.81
6346,0,1,0.0437,0.6895,0.2155,1,78.08
6347,1,2,0.1135,0.6935,0.3674,0,2.69
6348,1,3,0.3266,0.7815,0.4834,1,67.62
6349,0,5,0.1012,0.8385,0.39,0,3.96
6350,0,3,0.1135,0.3517,0.212,0,1.57
6351,2,5,0.1135,0.3964,0.4832,1,51.8
6352,1,2,0.3611,0.0,0.2683,0,2.29
6353,2,2,0.5395,0.4859,0.5433,1,56.22
6354,1,5,0.3294,0.5489,0.486,0,2.79
6355,0,2,0.299,0.0892,0.172,0,2.43
6356,1,2,0.4038,0.6765,0.4503,1,47.97
6357,0,1,0.2853,0.4447,0.2268,1,26.54
6358,1,5,0.2853,0.1691,0.3779,1,27.59
6359,1,1,0.1135,0.613,0.3173,0,2.58
6360,0,2,0.299,0.297,0.224,0,2.1
6361,0,4,0.2606,0.5437,0.3341,0,2.47
6362,1,4,0.5295,0.5964,0.5279,1,52.36
6363,0,2,0.2082,0.0989,0.1472,0,1.12
6364,1,3,0.1577,0.539,0.3721,1,92.48
6365,1,4,0.1211,0.4987,0.381,1,39.19
6366,1,5,0.0911,0.4846,0.3985,0,1.74
6367,1,5,0.0399,0.512,0.39,1,33.82
6368,0,4,0.1382,0.8848,0.3827,0,2.97
6369,1,4,0.0465,0.4988,0.3587,1,43.46
6370,0,3,0.1757,0.4847,0.2639,1,15.25
6371,1,4,0.1904,0.3886,0.3743,1,25.88
6372,1,5,0.1178,0.3686,0.3775,1,24.03
6373,0,4,0.1382,0.2914,0.2343,1,23.24
6374,0,3,0.1476,0.3237,0.2152,0,1.69
6375,0,1,0.2853,0.1845,0.1617,0,2.4
6376,1,3,0.0719,0.7382,0.3961,1,89.16
6377,1,3,0.1476,0.3662,0.3258,1,9.16
6378,0,2,0.1206,0.7103,0.2738,0,2.18
6379,0,4,0.1094,0.7223,0.3334,1,38.06
6380,1,1,0.1051,0.4841,0.2826,1,103.05
6381,0,3,0.1178,0.6251,0.2816,1,23.61
6382,1,5,0.1577,0.2723,0.3654,1,36.06
6383,0,2,0.5295,0.4491,0.3311,1,20.04
6384,1,1,0.2906,0.5259,0.3487,0,2.56
6385,0,2,0.0168,0.7459,0.2515,1,69.99
6386,0,5,0.1674,0.1604,0.2403,1,37.47
6387,0,4,0.223,0.2304,0.2445,1,38.3
6388,1,5,0.2853,0.1795,0.3805,0,0.87
6389,2,1,0.0399,0.4558,0.3559,1,78.42
6390,1,2,0.2878,0.4053,0.3477,0,0.91
6391,1,2,0.2562,0.5587,0.3765,0,1.65
6392,0,1,0.4038,0.4596,0.266,1,26.36
6393,0,4,0.2606,0.452,0.3112,0,1.02
6394,1,5,0.0719,0.5678,0.4135,0,2.74
6395,0,3,0.1179,0.5872,0.2722,1,28.36
6396,1,5,0.1179,0.7499,0.4728,1,149.09
6397,1,2,0.2492,0.8478,0.4467,1,101.37
6398,1,2,0.3463,0.687,0.4356,1,110.51
6399,2,5,0.3463,0.3698,0.5463,1,228.17
6400,0,5,0.2853,0.4687,0.3528,0,2.38
6401,0,4,0.5395,0.6589,0.4466,1,93.15
6402,0,3,0.2562,0.3513,0.2547,0,2.64
6403,1,5,0.1577,0.5568,0.4365,0,1.71
6404,0,2,0.2757,0.216,0.1967,0,1.26
6405,2,3,0.0168,0.3647,0.3862,0,1.4
6406,0,3,0.2906,0.4045,0.2783,0,3.24
6407,1,4,0.1382,0.4374,0.3708,0,3.08
6408,0,2,0.0437,0.5668,0.2148,1,22.6
6409,1,1,0.299,0.309,0.2969,1,30.67
6410,0,1,0.1211,0.4684,0.1834,1,32.38
6411,1,2,0.0465,0.2525,0.2371,0,2.84
6412,0,4,0.1051,0.1663,0.1931,0,1.85
6413,2,4,0.0399,0.6209,0.4872,0,2.27
6414,1,5,0.183,0.555,0.4436,1,24.95
6415,2,1,0.1502,0.3577,0.3645,0,2.07
6416,0,3,0.2082,0.3954,0.2513,1,29.56
6417,1,1,0.2757,0.7016,0.3881,1,22.03
6418,1,4,0.5395,0.1896,0.4292,1,53.46
6419,0,5,0.3485,0.5867,0.4012,0,1.39
6420,2,2,0.1757,0.4976,0.4371,1,77.36
6421,2,4,0.5395,0.6022,0.6324,1,90.08
6422,0,3,0.0719,0.4616,0.227,0,2.82
6423,0,3,0.2562,0.3235,0.2477,1,60.71
6424,0,3,0.1674,0.3057,0.2166,0,4.38
6425,1,5,0.299,0.3843,0.4358,1,68.75
6426,1,2,0.2878,0.3,0.3213,1,44.99
6427,1,1,0.1135,0.776,0.358,1,43.31
6428,0,4,0.2906,0.4162,0.3112,0,2.33
6429,1,1,0.5395,0.5665,0.4335,1,33.62
6430,0,1,0.1211,0.7922,0.2644,1,15.89
6431,0,1,0.2372,0.4248,0.2074,0,1.57
6432,0,1,0.2727,0.1482,0.1489,0,1.72
6433,1,1,0.2606,0.4079,0.3102,1,22.88
6434,1,5,0.0437,0.3463,0.3497,0,3.23
6435,0,4,0.2606,0.1412,0.2335,0,2.63
6436,1,5,0.183,0.6983,0.4795,1,81.4
6437,0,5,0.0399,0.5406,0.2971,1,39.78
6438,1,1,0.5395,0.6029,0.4426,1,34.36
6439,0,3,0.1502,0.5415,0.2704,1,106.31
6440,2,2,0.1206,0.3603,0.3863,1,39.46
6441,1,2,0.1051,0.5264,0.3231,1,37.31
6442,0,2,0.0465,0.612,0.227,0,3.88
6443,1,5,0.1904,0.2692,0.3744,1,88.75
6444,0,5,0.0168,0.7191,0.3348,0,2.4
6445,0,2,0.0168,0.4814,0.1854,0,1.35
6446,1,2,0.1179,0.5862,0.3419,1,29.54
6447,0,1,0.183,0.2965,0.159,1,65.23
6448,1,4,0.5295,0.5078,0.5058,1,11.09
6449,1,4,0.1476,0.4926,0.3874,0,1.21
6450,1,5,0.1476,0.4325,0.4024,0,4.28
6451,0,2,0.2757,0.8262,0.3493,1,39.15
6452,1,5,0.3266,0.5024,0.4736,1,92.74
6453,0,2,0.1094,0.8727,0.311,1,27.13
6454,0,4,0.2301,0.6544,0.3526,0,2.44
6455,0,4,0.5395,0.4394,0.3917,0,2.4
6456,1,4,0.2301,0.5927,0.4372,1,30.4
6457,0,5,0.1179,0.3837,0.2813,1,18.94
6458,0,4,0.3266,0.3656,0.3094,0,3.25
6459,1,5,0.1166,0.669,0.4522,1,16.31
6460,1,2,0.1179,0.4778,0.3148,0,2.48
6461,1,3,0.0465,0.5906,0.3516,0,2.62
6462,0,1,0.4038,0.5194,0.281,0,1.72
6463,1,3,0.4038,0.5323,0.4442,1,35.72
6464,0,1,0.0719,0.2946,0.1252,0,2.36
6465,0,3,0.0836,0.4475,0.227,0,3.31
6466,0,1,0.163,0.1126,0.107,0,2.91
6467,1,5,0.3266,0.4902,0.4705,1,63.81
6468,1,2,0.5395,0.52,0.4518,1,27.42
6469,1,4,0.335,0.5689,0.4627,1,77.68
6470,1,3,0.3463,0.5391,0.4287,1,31.32
6471,1,2,0.0437,0.2373,0.2324,1,30.44
6472,0,4,0.2878,0.5168,0.3355,1,16.96
6473,0,4,0.1012,0.5359,0.2843,0,2.64
6474,0,1,0.2906,0.6109,0.2699,0,3.4
6475,1,5,0.1012,0.6054,0.4317,0,1.94
6476,0,5,0.3266,0.4586,0.3626,0,2.37
6477,1,4,0.0836,0.546,0.3816,1,23.86
6478,1,4,0.2757,0.7861,0.4992,1,76.2
6479,2,2,0.2281,0.4436,0.4393,1,105.54
6480,0,2,0.1768,0.7237,0.294,1,44.99
6481,1,1,0.1051,0.3371,0.2458,1,53.37
6482,2,5,0.1135,0.353,0.4723,1,37.43
6483,0,5,0.2757,0.3374,0.3171,0,1.1
6484,0,4,0.2281,0.085,0.2097,1,32.5
6485,0,2,0.3611,0.5601,0.3084,1,36.11
6486,2,5,0.3266,0.3584,0.5376,1,32.63
6487,0,3,0.1904,0.5415,0.2825,0,2.36
6488,1,2,0.2562,0.4815,0.3572,1,17.24
6489,1,2,0.1094,0.2597,0.2577,0,2.66
6490,1,3,0.0168,0.1362,0.2291,1,40.78
6491,0,5,0.1577,0.2365,0.2564,0,1.86
6492,0,2,0.1206,0.4441,0.2072,0,2.96
6493,0,3,0.335,0.1486,0.2276,0,4.01
6494,1,5,0.0911,0.3516,0.3652,1,65.31
6495,1,5,0.1206,0.239,0.3459,1,16.35
6496,1,3,0.1757,0.0973,0.267,1,24.13
6497,0,3,0.0437,0.5712,0.2459,1,30.28
6498,0,3,0.3294,0.5801,0.3338,0,3.03
6499,0,3,0.2301,0.1239,0.19,0,1.31
6500,1,1,0.5395,0.8948,0.5155,0,2.96
6501,1,3,0.2301,0.6431,0.4198,1,44.07
6502,2,4,0.1476,0.3516,0.4522,1,12.32
6503,1,3,0.1094,0.2245,0.2789,1,58.14
6504,1,1,0.1179,0.7915,0.3632,0,2.56
6505,0,3,0.1211,0.6138,0.2798,0,1.83
6506,1,5,0.3294,0.2979,0.4233,1,41.19
6507,0,3,0.1094,0.6002,0.2729,1,28.02
6508,0,2,0.0719,0.2551,0.1453,1,22.51
6509,1,5,0.1094,0.8245,0.4889,1,45.7
6510,1,1,0.5395,0.5715,0.4347,1,11.51
6511,0,4,0.223,0.1574,0.2262,0,3.81
6512,1,1,0.183,0.4044,0.286,1,48.55
6513,2,4,0.2562,0.5394,0.5317,1,51.99
6514,2,3,0.1094,0.3838,0.4188,1,93.97
6515,1,5,0.299,0.7143,0.5183,1,64.01
6516,0,5,0.0911,0.3014,0.2527,0,2.67
6517,0,1,0.163,0.8158,0.2829,1,111.76
6518,1,3,0.0465,0.5866,0.3506,1,34.65
6519,2,2,0.1012,0.7576,0.4798,1,81.96
6520,2,3,0.2082,0.5366,0.4866,1,111.65
6521,0,4,0.299,0.6259,0.3662,0,4.61
6522,0,3,0.3611,0.0757,0.2173,0,1.42
6523,1,2,0.3463,0.7091,0.4412,0,1.62
6524,0,2,0.1094,0.9075,0.3197,0,1.72
6525,0,4,0.3485,0.5073,0.3514,0,1.99
6526,2,1,0.0836,0.4958,0.379,1,68.78
6527,0,4,0.2301,0.515,0.3178,1,23.16
6528,0,4,0.1206,0.2737,0.2246,0,1.9
6529,1,3,0.1166,0.4997,0.3499,1,113.93
6530,2,4,0.1757,0.3633,0.4635,1,56.44
6531,0,3,0.2492,0.7608,0.355,0,1.68
6532,0,4,0.2906,0.3033,0.283,1,14.88
6533,0,5,0.223,0.6544,0.3805,0,2.12
6534,1,4,0.0836,0.4395,0.355,1,40.31
6535,0,4,0.1577,0.5528,0.3055,1,147.05
6536,1,1,0.2878,0.5108,0.344,0,5.44
6537,0,5,0.0836,0.6086,0.3272,0,2.81
6538,1,3,0.2727,0.5688,0.414,1,142.82
6539,0,2,0.0437,0.5525,0.2112,1,61.37
6540,1,5,0.2771,0.3558,0.4221,1,40.73
6541,0,1,0.2562,0.5192,0.2367,0,2.98
6542,0,1,0.0836,0.2981,0.1296,1,22.07
6543,1,3,0.3611,0.41,0.4008,1,117.61
6544,1,4,0.2853,0.4361,0.4146,1,21.21
6545,0,3,0.1768,0.5453,0.2794,0,1.41
6546,1,3,0.0168,0.1905,0.2427,0,1.94
6547,1,3,0.2606,0.4361,0.3772,0,2.77
6548,0,4,0.3294,0.4154,0.3227,0,2.81
6549,0,2,0.2492,0.6332,0.2931,1,51.31
6550,1,3,0.0437,0.4289,0.3103,1,49.68
6551,1,5,0.1206,0.4672,0.403,1,125.46
6552,1,4,0.1166,0.0,0.255,0,1.89
6553,0,3,0.2492,0.4048,0.266,0,2.55
6554,0,1,0.2771,0.4201,0.2182,0,1.82
6555,0,2,0.3463,0.3989,0.2636,0,2.06
6556,0,2,0.3463,0.3244,0.245,0,2.65
6557,2,3,0.2606,0.5403,0.5033,1,113.03
6558,0,1,0.4038,0.5024,0.2767,0,4.48
6559,0,1,0.1135,0.4105,0.1667,1,20.12
6560,0,1,0.1502,0.5346,0.2087,1,46.17
6561,2,2,0.0437,0.4392,0.3829,1,56.5
6562,0,4,0.223,0.5944,0.3355,1,46.65
6563,0,3,0.0836,0.7108,0.2928,0,1.16
6564,0,4,0.1674,0.3919,0.2682,0,2.41
6565,0,1,0.0911,0.5431,0.1931,0,2.61
6566,1,5,0.1757,0.5415,0.4381,1,45.45
6567,1,4,0.0719,0.1429,0.2773,0,2.8
6568,1,1,0.1577,0.4619,0.2928,0,2.22
6569,0,2,0.3294,0.4742,0.2774,0,2.03
6570,0,5,0.1051,0.4882,0.3036,0,3.65
6571,1,5,0.163,0.5311,0.4317,1,60.75
6572,1,3,0.1094,0.5678,0.3648,0,1.21
6573,0,4,0.1768,0.6666,0.3397,1,32.85
6574,0,2,0.3463,0.4394,0.2737,0,4.29
6575,1,5,0.2853,0.4167,0.4398,1,53.72
6576,0,1,0.183,0.6354,0.2438,1,23.28
6577,1,2,0.335,0.5208,0.3907,1,36.28
6578,1,1,0.0399,0.6082,0.294,0,3.12
6579,0,3,0.2372,0.1509,0.1989,0,4.19
6580,1,4,0.2906,0.4224,0.4128,1,155.5
6581,0,5,0.1211,0.3478,0.2733,0,2.15
6582,1,2,0.1206,0.4198,0.3011,1,52.21
6583,0,4,0.2301,0.5135,0.3174,1,19.58
6584,0,1,0.1166,0.209,0.1172,1,26.26
6585,1,1,0.0836,0.5719,0.2981,0,0.95
6586,1,1,0.1206,0.3471,0.253,0,2.51
6587,1,1,0.1206,0.8502,0.3787,0,2.42
6588,1,2,0.1382,0.3879,0.2984,0,2.72
6589,1,5,0.2562,0.4431,0.4376,1,36.26
6590,1,1,0.0719,0.1911,0.1993,0,1.92
6591,1,3,0.2853,0.4939,0.3991,1,45.88
6592,1,5,0.3294,0.5174,0.4782,1,37.1
6593,0,3,0.0465,0.3822,0.1995,0,3.28
6594,0,5,0.183,0.4599,0.3199,0,1.68
6595,1,5,0.2757,0.4199,0.4377,0,3.56
6596,0,5,0.1094,0.559,0.3226,0,2.06
6597,1,5,0.1502,0.3377,0.3795,0,1.2
6598,0,4,0.223,0.5176,0.3163,0,1.76
6599,1,2,0.1768,0.718,0.3925,1,27.29
6600,1,1,0.5395,0.531,0.4246,1,82.82
6601,1,3,0.3611,0.5813,0.4437,0,2.75
6602,1,4,0.2771,0.0807,0.3233,0,2.35
6603,1,2,0.1757,0.6142,0.3663,0,4.03
6604,0,5,0.1051,0.5392,0.3163,0,3.54
6605,1,2,0.1206,0.454,0.3097,1,63.96
6606,2,5,0.2727,0.4078,0.5338,1,74.71
6607,0,1,0.0399,0.5709,0.1847,0,1.72
6608,1,2,0.2281,0.6216,0.3838,0,3.83
6609,2,3,0.0399,0.2783,0.3715,1,28.75
6610,0,5,0.2281,0.7538,0.4069,1,70.53
6611,1,1,0.1211,0.3279,0.2483,0,2.31
6612,0,3,0.2906,0.8158,0.3811,1,22.46
6613,0,3,0.2281,0.5073,0.2853,0,1.29
6614,1,2,0.0399,0.4387,0.2816,0,2.43
6615,1,5,0.1768,0.5989,0.4528,1,40.23
6616,0,1,0.2281,0.477,0.2177,0,3.79
6617,1,2,0.0465,0.3886,0.2711,0,1.95
6618,1,4,0.2372,0.3369,0.3754,0,2.17
6619,0,5,0.1768,0.3962,0.3021,0,2.31
6620,0,5,0.0719,0.4558,0.2855,0,1.67
6621,1,5,0.1179,0.6057,0.4368,0,1.49
6622,1,1,0.4038,0.5425,0.3868,0,1.96
6623,1,1,0.3463,0.3555,0.3228,1,74.37
6624,1,3,0.5295,0.619,0.5036,1,16.61
6625,0,1,0.0465,0.6029,0.1947,0,3.49
6626,0,3,0.0168,0.3668,0.1867,0,2.54
6627,2,3,0.1674,0.5235,0.4711,0,2.1
6628,0,3,0.1206,0.6565,0.2903,0,1.9
6629,2,2,0.0836,0.725,0.4663,1,20.38
6630,0,3,0.2281,0.5892,0.3057,0,2.76
6631,0,3,0.1178,0.4269,0.2321,0,1.89
6632,1,2,0.2906,0.4217,0.3526,1,48.45
6633,1,2,0.183,0.1512,0.2527,0,1.35
6634,1,3,0.0437,0.7174,0.3825,1,56.47
6635,0,3,0.3463,0.3459,0.2804,0,3.8
6636,0,2,0.3463,0.5928,0.3121,1,32.01
6637,1,3,0.1179,1.0,0.4754,0,1.3
6638,1,3,0.1382,0.2536,0.2949,0,2.3
6639,1,2,0.3294,0.6791,0.4286,1,43.15
6640,0,3,0.2372,0.4902,0.2837,0,2.26
6641,2,1,0.1502,0.5036,0.401,0,2.4
6642,0,2,0.2082,0.4679,0.2394,1,208.73
6643,2,4,0.2757,0.5594,0.5426,0,1.56
6644,1,4,0.335,0.4929,0.4437,0,3.78
6645,1,3,0.2301,0.6966,0.4332,1,76.91
6646,0,2,0.1904,0.5859,0.2636,0,2.13
6647,0,3,0.1757,0.3832,0.2385,0,2.17
6648,0,4,0.299,0.3626,0.3004,0,2.21
6649,2,5,0.3463,0.2558,0.5178,1,134.9
6650,1,2,0.0399,0.564,0.313,1,37.99
6651,0,3,0.2492,0.4615,0.2801,0,3.73
6652,0,5,0.0911,0.3519,0.2653,0,1.57
6653,0,2,0.1094,0.488,0.2148,0,1.13
6654,1,5,0.2878,0.3721,0.4294,1,95.2
6655,0,1,0.3611,0.4159,0.2423,0,1.51
6656,0,2,0.1179,0.1315,0.1282,0,3.62
6657,0,5,0.2878,0.6369,0.3956,1,57.98
6658,0,1,0.2771,0.5125,0.2413,0,1.16
6659,0,3,0.1904,0.5045,0.2732,1,123.95
6660,2,1,0.3266,0.7453,0.5143,1,337.56
6661,0,5,0.1904,0.57,0.3496,1,43.94
6662,0,5,0.2878,0.6997,0.4113,1,34.18
6663,1,5,0.223,0.4316,0.4248,0,2.66
6664,0,1,0.0399,0.4202,0.147,0,3.2
6665,2,3,0.2082,0.3927,0.4506,0,1.38
6666,0,5,0.0836,0.3026,0.2507,0,1.34
6667,1,2,0.2281,0.4324,0.3365,0,1.85
6668,1,4,0.3463,0.5395,0.4588,0,1.15
6669,1,4,0.2562,0.3681,0.3889,0,1.57
6670,1,1,0.2606,0.5037,0.3341,1,26.07
6671,1,1,0.1051,0.75,0.349,1,66.23
6672,2,3,0.1178,0.3739,0.4188,1,14.58
6673,1,5,0.1382,0.7912,0.4893,0,2.14
6674,0,4,0.5295,0.2149,0.3326,1,85.62
6675,1,5,0.1206,0.3525,0.3743,1,53.99
6676,1,3,0.1211,0.3536,0.3147,0,2.17
6677,0,4,0.1757,0.6036,0.3236,0,2.37
6678,0,2,0.1904,0.6459,0.2786,0,3.37
6679,2,4,0.5295,0.4303,0.5864,1,40.24
6680,1,5,0.0911,0.3538,0.3658,1,47.28
6681,0,1,0.2878,0.4271,0.2231,0,1.6
6682,0,3,0.0465,0.1201,0.134,0,2.59
6683,0,2,0.2906,0.3519,0.2352,1,19.47
6684,0,1,0.5295,0.3092,0.2662,0,2.94
6685,0,3,0.5395,0.4189,0.3566,1,25.37
6686,0,4,0.1135,0.405,0.2553,0,2.33
6687,0,1,0.3294,0.5606,0.269,1,157.51
6688,0,1,0.2301,0.6912,0.2718,0,2.53
6689,0,1,0.2606,0.671,0.2759,0,2.12
6690,1,3,0.0168,0.5542,0.3336,1,34.08
6691,1,5,0.0719,0.1055,0.2979,1,46.6
6692,0,5,0.1051,0.3461,0.2681,0,3.36
6693,0,4,0.0465,0.5726,0.2771,0,1.79
6694,1,3,0.2727,0.1885,0.3189,0,1.62
6695,2,5,0.1051,0.1626,0.4222,1,104.89
6696,0,3,0.0465,0.5596,0.2438,0,1.16
6697,1,2,0.1502,0.3376,0.2895,1,38.65
6698,1,4,0.2606,0.6587,0.4629,1,123.97
6699,1,5,0.1178,0.1762,0.3294,0,2.14
6700,1,5,0.2606,0.4558,0.4421,0,2.39
6701,1,5,0.0168,0.6004,0.4051,0,1.42
6702,0,3,0.2771,0.2264,0.2297,0,2.68
6703,2,4,0.4038,0.2443,0.5022,1,45.5
6704,2,3,0.2606,0.3912,0.466,0,2.42
6705,2,3,0.1012,0.6246,0.4765,1,82.35
6706,0,2,0.1476,0.6182,0.2588,0,2.91
6707,1,5,0.1757,0.4554,0.4166,1,48.71
6708,0,2,0.3463,0.3439,0.2499,0,2.82
6709,1,4,0.0437,0.3491,0.3204,0,0.69
6710,1,5,0.1178,0.7538,0.4738,1,147.01
6711,1,4,0.1179,0.6247,0.4115,0,2.87
6712,1,5,0.0437,0.3682,0.3552,1,97.04
6713,1,1,0.1768,0.4416,0.2934,1,32.83
6714,1,1,0.1476,0.4058,0.2757,1,36.72
6715,0,2,0.183,0.4601,0.2299,0,2.79
6716,1,4,0.1382,0.5724,0.4046,0,4.73
6717,0,3,0.3611,0.2416,0.2587,0,2.27
6718,1,5,0.1012,0.3721,0.3734,1,21.09
6719,1,2,0.335,0.7113,0.4383,1,78.24
6720,0,1,0.335,0.4184,0.2351,0,1.67
6721,1,2,0.1674,0.4724,0.3283,1,39.06
6722,0,4,0.1382,0.5724,0.3046,1,87.43
6723,1,4,0.1051,0.5383,0.3861,1,82.18
6724,0,1,0.0437,0.6306,0.2008,0,1.59
6725,1,4,0.0168,0.5321,0.3581,1,107.76
6726,0,2,0.4038,0.6785,0.3508,0,5.36
6727,0,3,0.1051,0.3251,0.2028,0,1.27
6728,0,4,0.1757,0.3037,0.2486,0,1.24
6729,0,2,0.1674,0.204,0.1612,1,25.57
6730,0,1,0.299,0.1836,0.1656,1,61.89
6731,1,1,0.2906,0.4086,0.3193,1,88.49
6732,0,2,0.0911,0.7071,0.2641,1,25.94
6733,0,3,0.2878,0.3976,0.2757,0,1.79
6734,0,1,0.223,0.0588,0.1116,0,1.37
6735,2,1,0.1674,0.5692,0.4225,0,2.11
6736,2,3,0.1179,0.4981,0.4499,0,4.25
6737,1,3,0.1051,0.431,0.3293,1,83.23
6738,2,5,0.1094,0.5834,0.5287,1,89.98
6739,1,1,0.2606,0.7329,0.3914,0,2.8
6740,0,4,0.2082,0.1641,0.2235,0,2.91
6741,1,4,0.0719,0.3196,0.3215,1,10.16
6742,0,4,0.1904,0.5835,0.323,1,93.7
6743,0,5,0.4038,0.6338,0.4296,1,39.57
6744,0,2,0.4038,0.3365,0.2653,0,0.93
6745,1,3,0.2372,0.6602,0.4262,1,24.96
6746,1,5,0.2562,0.0528,0.3401,0,4.15
6747,0,5,0.2606,0.1704,0.2708,0,2.19
6748,1,4,0.1179,0.5329,0.3886,0,2.96
6749,0,3,0.0719,0.4768,0.2308,0,1.86
6750,1,5,0.1178,0.4329,0.3936,1,96.97
6751,0,2,0.4038,0.3435,0.267,0,3.27
6752,2,5,0.1382,0.3154,0.4703,1,25.95
6753,0,4,0.335,0.1848,0.2667,1,13.93
6754,0,5,0.2082,0.3371,0.2967,0,5.35
6755,0,1,0.3611,0.4319,0.2463,1,66.6
6756,0,5,0.2562,0.4072,0.3287,0,3.82
6757,0,2,0.1206,0.3765,0.1903,0,2.13
6758,1,3,0.0168,0.5104,0.3226,1,25.55
6759,1,3,0.1094,0.6981,0.3973,1,44.63
6760,0,3,0.4038,0.5019,0.3366,0,1.61
6761,2,3,0.0437,0.6673,0.4699,1,112.02
6762,0,1,0.1768,0.4539,0.1965,1,57.8
6763,1,4,0.1206,0.6429,0.4169,0,1.49
6764,1,1,0.183,0.4394,0.2947,0,1.02
6765,1,1,0.3294,0.8324,0.4369,0,2.46
6766,1,4,0.1179,0.4073,0.3572,0,1.3
6767,1,4,0.2771,0.3311,0.3859,1,40.7
6768,1,3,0.335,0.4903,0.4131,1,38.0
6769,1,3,0.299,0.1705,0.3223,1,31.66
6770,1,2,0.0399,0.4174,0.2763,1,19.78
6771,1,3,0.0437,0.8709,0.4208,1,72.79
6772,0,4,0.1904,0.0375,0.1865,0,1.43
6773,0,4,0.1211,0.5957,0.3053,1,47.51
6774,0,3,0.1178,0.3976,0.2247,1,24.84
6775,2,4,0.163,0.4941,0.4924,1,62.03
6776,0,2,0.2853,0.2362,0.2046,0,1.08
6777,1,1,0.2606,0.8069,0.4099,1,27.08
6778,2,3,0.5395,0.5864,0.5984,1,68.95
6779,0,2,0.1051,0.2872,0.1633,0,4.96
6780,0,2,0.2757,0.2654,0.2091,1,66.32
6781,0,2,0.1179,0.7492,0.2827,1,63.74
6782,0,5,0.2606,0.4653,0.3445,0,2.01
6783,0,4,0.2878,0.5599,0.3463,1,92.41
6784,1,2,0.2372,0.6987,0.4058,1,63.87
6785,0,4,0.335,0.3215,0.3009,1,5.2
6786,0,5,0.1904,0.5639,0.3481,0,2.38
6787,0,4,0.163,0.5667,0.3106,1,49.08
6788,2,2,0.2301,0.544,0.465,0,2.83
6789,1,1,0.183,0.8416,0.3953,0,2.54
6790,0,1,0.299,0.3693,0.212,0,2.69
6791,0,1,0.3294,0.4508,0.2415,1,28.08
6792,1,3,0.1757,0.6558,0.4067,1,27.06
6793,1,1,0.3266,0.3798,0.3229,0,1.58
6794,1,3,0.1206,0.5586,0.3658,0,1.03
6795,2,4,0.2606,0.2136,0.4516,0,0.9
6796,0,2,0.1674,0.2872,0.182,0,1.36
6797,1,1,0.2606,0.5218,0.3386,1,58.16
6798,1,1,0.0168,0.4294,0.2424,0,2.18
6799,1,4,0.1094,0.5586,0.3925,0,2.76
6800,0,3,0.0911,0.6568,0.2815,0,1.07
6801,1,5,0.2281,0.429,0.4257,0,1.35
6802,0,3,0.2082,0.6138,0.3059,1,36.77
6803,0,2,0.2727,0.4105,0.2444,0,1.67
6804,1,1,0.1094,0.4529,0.276,1,36.77
6805,1,3,0.1577,0.4962,0.3614,0,4.37
6806,1,2,0.1178,0.3159,0.2743,1,53.65
6807,1,2,0.1178,0.5851,0.3416,0,2.95
6808,1,3,0.1051,0.5435,0.3574,0,1.0
6809,2,3,0.1904,0.5752,0.4909,1,33.78
6810,0,3,0.1206,0.3433,0.212,0,1.44
6811,0,4,0.2082,0.3561,0.2715,1,72.47
6812,1,4,0.2492,0.5427,0.4304,0,1.59
6813,0,4,0.0836,0.6605,0.3102,1,43.27
6814,0,1,0.1012,0.3478,0.1473,0,3.14
6815,2,1,0.223,0.7235,0.4778,1,29.49
6816,0,4,0.1768,0.5245,0.3042,0,2.02
6817,1,2,0.0836,0.7361,0.3691,1,39.09
6818,1,3,0.5295,0.4298,0.4563,1,20.39
6819,0,1,0.1757,0.6876,0.2546,0,2.99
6820,1,2,0.1179,0.2686,0.2625,1,72.44
6821,0,3,0.2492,0.467,0.2815,1,77.92
6822,0,2,0.1179,0.513,0.2236,0,3.11
6823,0,2,0.2853,0.6389,0.3053,0,1.36
6824,0,1,0.3294,0.5318,0.2618,0,1.68
6825,1,5,0.2082,0.6279,0.4694,1,36.57
6826,0,5,0.335,0.2773,0.3198,0,2.88
6827,1,2,0.0911,0.3,0.2623,1,94.12
6828,0,4,0.1094,0.2615,0.2182,1,57.73
6829,0,3,0.2082,0.6716,0.3204,1,49.44
6830,0,4,0.5395,0.2804,0.352,0,2.02
6831,1,4,0.5395,0.4007,0.482,0,2.56
6832,1,1,0.2301,0.492,0.322,0,2.82
6833,0,5,0.4038,0.4382,0.3807,1,23.54
6834,1,4,0.0399,0.6771,0.4012,1,350.35
6835,1,2,0.1012,0.5,0.3154,0,1.32
6836,0,1,0.2372,0.5151,0.2299,0,2.63
6837,0,3,0.4038,0.5076,0.338,1,92.96
6838,0,5,0.5395,0.622,0.4674,1,11.0
6839,0,1,0.223,0.5725,0.24,1,26.53
6840,0,2,0.5295,0.6137,0.3723,1,35.75
6841,1,5,0.2878,0.4884,0.4584,1,72.89
6842,1,2,0.1094,0.0503,0.2054,1,162.95
6843,1,5,0.2727,0.3827,0.4275,0,1.61
6844,0,4,0.5295,0.349,0.3661,1,96.27
6845,2,3,0.2606,0.458,0.4827,1,58.85
6846,1,4,0.2771,0.4884,0.4252,1,76.93
6847,1,5,0.0465,0.3015,0.3393,0,2.29
6848,0,2,0.2606,0.5076,0.2651,0,2.53
6849,0,1,0.1577,0.6365,0.2364,0,3.97
6850,0,3,0.183,0.5424,0.2805,0,2.21
6851,1,2,0.2878,0.5303,0.3789,0,2.37
6852,1,1,0.0437,0.5377,0.2775,1,51.14
6853,1,2,0.1166,0.6462,0.3565,1,125.12
6854,1,5,0.1768,0.2402,0.3631,1,140.97
6855,2,3,0.1179,0.7425,0.511,1,136.49
6856,0,1,0.5395,0.4848,0.3131,0,1.75
6857,1,2,0.2727,0.3,0.3168,1,54.71
6858,1,1,0.1094,0.5092,0.2901,0,2.39
6859,1,1,0.2301,0.2893,0.2714,0,0.96
6860,0,5,0.1577,0.3467,0.284,0,2.15
6861,1,2,0.2853,0.5661,0.3871,1,65.12
6862,0,2,0.5295,0.2027,0.2695,0,4.02
6863,1,3,0.5395,0.4356,0.4608,0,2.36
6864,1,1,0.2372,0.5249,0.3324,1,42.34
6865,1,2,0.3294,0.302,0.3343,1,44.3
6866,0,5,0.1206,0.3001,0.2612,1,118.23
6867,1,3,0.3266,0.6214,0.4433,0,2.93
6868,1,5,0.223,0.2512,0.3797,0,2.43
6869,0,4,0.1674,0.4472,0.282,0,4.02
6870,1,4,0.2906,0.5815,0.4526,1,127.11
6871,1,4,0.1674,0.4244,0.3763,1,29.76
6872,1,5,0.299,0.2159,0.3937,1,17.12
6873,0,1,0.1904,0.3963,0.1862,1,48.49
6874,1,4,0.1476,0.5443,0.4004,1,61.51
6875,0,2,0.5295,0.5877,0.3658,1,29.78
6876,0,4,0.2727,0.4933,0.3251,0,1.53
6877,2,1,0.4038,0.826,0.5576,1,50.38
6878,0,4,0.1179,0.6736,0.3238,1,50.34
6879,2,3,0.1094,0.5372,0.4571,1,57.03
6880,1,3,0.1051,0.0603,0.2366,0,1.2
6881,0,3,0.2562,0.6286,0.324,0,2.17
6882,0,4,0.299,0.5759,0.3537,0,2.41
6883,1,1,0.0719,0.6258,0.308,1,28.2
6884,1,5,0.1768,0.5123,0.4311,1,109.02
6885,1,2,0.2562,0.4061,0.3384,1,39.67
6886,0,3,0.2853,0.5034,0.3014,1,42.9
6887,1,1,0.3294,0.2687,0.296,1,74.11
6888,0,1,0.1502,0.5107,0.2027,1,54.56
6889,1,3,0.1382,0.4213,0.3368,0,2.52
6890,1,5,0.1206,0.3569,0.3754,0,1.24
6891,0,2,0.5295,0.5245,0.35,1,43.94
6892,0,1,0.183,0.5398,0.2198,0,2.02
6893,1,2,0.1012,0.4254,0.2967,1,30.53
6894,0,3,0.2082,0.3411,0.2377,1,27.97
6895,0,1,0.3294,0.2929,0.202,0,2.55
6896,0,4,0.5295,0.2406,0.339,0,2.0
6897,2,1,0.2727,0.4,0.4118,1,22.38
6898,0,2,0.3294,0.618,0.3133,0,2.09
6899,0,5,0.1577,0.4616,0.3127,0,1.17
6900,0,4,0.2562,0.7356,0.3808,0,1.69
6901,1,5,0.1206,0.3452,0.3725,1,60.14
6902,1,3,0.0465,0.3271,0.2857,1,74.7
6903,0,4,0.183,0.3457,0.2613,0,2.26
6904,2,3,0.1051,0.3465,0.4082,1,61.19
6905,2,4,0.1768,0.6139,0.5265,1,221.16
6906,1,2,0.0719,0.4955,0.3054,1,63.02
6907,1,3,0.2757,0.3711,0.3655,1,16.9
6908,1,4,0.2281,0.3786,0.3831,1,24.62
6909,1,3,0.223,0.6075,0.4088,0,2.31
6910,1,3,0.1012,0.7538,0.4088,0,1.83
6911,1,2,0.1206,0.4867,0.3179,1,30.54
6912,0,4,0.1476,0.4335,0.2727,1,37.7
6913,1,2,0.1674,0.6703,0.3778,1,128.96
6914,2,2,0.1382,0.668,0.4685,1,18.89
6915,0,4,0.223,0.2736,0.2553,0,1.58
6916,1,5,0.163,0.4296,0.4063,0,2.21
6917,0,2,0.0911,0.3967,0.1865,0,1.71
6918,0,2,0.2757,0.2724,0.2108,0,1.09
6919,1,3,0.1179,0.2971,0.2996,0,2.64
6920,1,4,0.163,0.4596,0.3838,0,2.22
6921,0,3,0.2281,0.6286,0.3156,0,2.21
6922,1,5,0.1051,0.6185,0.4362,1,452.49
6923,0,5,0.0911,0.4322,0.2854,0,0.95
6924,0,5,0.1757,0.2615,0.2681,0,1.79
6925,0,1,0.1757,0.3996,0.1826,0,2.54
6926,1,3,0.1757,0.417,0.347,0,2.01
6927,1,3,0.1768,0.6163,0.3971,1,70.17
6928,0,1,0.3611,0.3308,0.221,0,1.6
6929,2,5,0.3485,0.2397,0.5145,1,130.42
6930,1,2,0.0437,0.4153,0.2769,0,5.09
6931,0,2,0.2727,0.0954,0.1657,0,1.36
6932,2,3,0.2757,0.7485,0.5598,1,51.7
6933,0,5,0.2082,0.2947,0.2861,1,69.37
6934,1,5,0.1012,0.81,0.4829,0,1.7
6935,1,2,0.1094,0.0722,0.2109,0,4.09
6936,2,1,0.299,0.4821,0.4402,1,18.92
6937,0,5,0.3485,0.8208,0.4598,1,134.39
6938,1,1,0.2492,0.6429,0.3655,1,85.51
6939,0,3,0.2906,0.4823,0.2978,1,60.13
6940,0,4,0.1577,0.6545,0.3309,0,1.52
6941,0,5,0.299,0.7066,0.4164,0,2.5
6942,0,1,0.0399,0.4466,0.1536,0,2.51
6943,0,2,0.1094,0.3085,0.1699,0,2.95
6944,1,1,0.1179,0.3193,0.2452,0,1.22
6945,2,2,0.1012,0.3437,0.3763,1,43.8
6946,0,2,0.2853,0.2674,0.2124,1,24.1
6947,2,5,0.5295,0.5381,0.6434,1,134.9
6948,0,1,0.1012,0.4311,0.1681,0,4.72
6949,2,5,0.3611,0.6815,0.6287,1,52.78
6950,1,3,0.2562,0.4867,0.3885,1,22.61
6951,1,5,0.2492,0.8249,0.531,1,98.41
6952,1,3,0.2757,0.6012,0.423,0,1.76
6953,0,3,0.3485,0.4811,0.3148,1,38.11
6954,1,3,0.2606,0.8084,0.4703,1,116.19
6955,2,4,0.1502,0.6493,0.5274,1,60.83
6956,1,3,0.1768,0.6219,0.3985,1,132.17
6957,0,3,0.335,0.6265,0.3471,1,209.65
6958,1,2,0.2301,0.4135,0.3324,0,2.86
6959,1,2,0.1012,0.3338,0.2738,0,2.03
6960,2,5,0.1757,0.3858,0.4992,1,58.23
6961,2,4,0.1904,0.3655,0.4685,1,103.99
6962,2,3,0.183,0.158,0.3844,1,33.72
6963,1,2,0.1674,0.2827,0.2809,0,2.1
6964,0,4,0.2372,0.5078,0.3181,0,2.19
6965,1,1,0.0465,0.2798,0.2139,0,3.36
6966,1,4,0.0836,0.6443,0.4062,0,1.04
6967,2,2,0.3611,0.5222,0.4989,1,27.81
6968,0,1,0.0168,0.4823,0.1556,0,3.27
6969,1,1,0.1476,0.4275,0.2812,1,50.3
6970,0,5,0.4038,0.3517,0.3591,1,63.84
6971,1,1,0.3266,0.6966,0.4021,0,2.2
6972,1,2,0.3463,0.3202,0.3439,0,1.19
6973,1,2,0.299,0.4168,0.3539,1,106.95
6974,2,4,0.0836,0.5708,0.4878,1,114.36
6975,0,3,0.163,0.5559,0.2779,1,89.91
6976,1,3,0.299,0.4032,0.3805,1,25.29
6977,0,5,0.0836,0.4331,0.2834,1,12.71
6978,0,1,0.1577,0.2288,0.1345,1,13.28
6979,0,3,0.2301,0.6314,0.3169,0,2.16
6980,1,5,0.1178,0.635,0.4441,1,37.04
6981,0,3,0.0399,0.6502,0.2645,0,2.97
6982,1,1,0.1382,0.6945,0.3451,0,1.61
6983,1,5,0.1757,0.3996,0.4026,1,31.2
6984,0,4,0.3463,0.433,0.3321,0,0.94
6985,0,2,0.1179,0.2293,0.1527,0,2.94
6986,0,5,0.2906,0.2261,0.2937,1,35.37
6987,0,5,0.0465,0.8425,0.3746,1,69.65
6988,2,4,0.0719,0.1667,0.3832,1,84.37
6989,0,5,0.3266,0.3932,0.3463,1,45.45
6990,1,3,0.2492,0.3632,0.3556,1,46.16
6991,0,2,0.1166,0.267,0.1617,1,28.32
6992,0,2,0.2492,0.3465,0.2214,1,27.01
6993,2,2,0.2878,0.7353,0.5302,0,2.19
6994,2,4,0.2301,0.4026,0.4897,1,21.18
6995,0,4,0.0836,0.5392,0.2799,0,2.01
6996,2,2,0.3294,0.62,0.5138,1,81.62
6997,0,4,0.0911,0.3317,0.2303,0,0.83
6998,0,2,0.2372,0.6809,0.3014,0,1.49
6999,0,2,0.335,0.1392,0.1953,1,32.6
7000,0,3,0.1206,0.5459,0.2627,0,1.45
7001,1,3,0.2281,0.4165,0.3626,0,1.63
7002,0,2,0.0465,1.0,0.324,1,27.99
7003,1,3,0.1757,0.173,0.286,0,2.1
7004,1,4,0.2771,0.5076,0.43,1,169.11
7005,2,3,0.2906,0.3994,0.477,1,59.76
7006,1,4,0.1502,0.3274,0.3469,1,31.24
7007,0,4,0.1179,0.1641,0.1964,1,13.58
7008,0,3,0.1135,0.3153,0.2029,1,29.24
7009,1,2,0.2562,0.4152,0.3407,0,5.07
7010,0,4,0.2492,0.37,0.2873,0,2.95
7011,0,2,0.2878,0.143,0.1821,0,1.63
7012,1,4,0.1094,0.8357,0.4617,0,2.66
7013,2,4,0.1382,0.4045,0.4626,1,65.08
7014,1,5,0.2372,0.49,0.4437,1,61.47
7015,1,2,0.2853,0.2465,0.3072,1,49.27
7016,1,2,0.3294,0.7809,0.454,1,12.61
7017,2,1,0.335,0.5817,0.4759,1,59.88
7018,1,5,0.1768,0.2726,0.3712,0,1.47
7019,0,3,0.1012,0.4054,0.2217,1,23.64
7020,0,1,0.335,0.7099,0.308,0,1.9
7021,1,5,0.2082,0.8085,0.5146,1,33.62
7022,0,1,0.1757,0.3838,0.1787,1,40.93
7023,1,1,0.2906,0.4118,0.3201,0,1.04
7024,1,1,0.3611,0.5084,0.3654,1,84.1
7025,0,5,0.163,0.278,0.2684,0,2.51
7026,0,5,0.4038,0.4738,0.3896,1,169.82
7027,1,4,0.1757,0.3682,0.3648,1,115.68
7028,1,4,0.3611,0.6775,0.4977,1,71.08
7029,1,3,0.163,0.9027,0.4646,1,33.57
7030,0,1,0.163,0.5986,0.2286,0,1.43
7031,1,3,0.1051,0.3345,0.3052,1,26.69
7032,0,5,0.2606,0.4696,0.3456,0,2.32
7033,1,3,0.1476,0.5438,0.3702,0,1.94
7034,0,3,0.1904,0.5103,0.2747,0,1.21
7035,1,1,0.1577,0.3336,0.2607,0,4.45
7036,2,2,0.2757,0.497,0.467,1,87.07
7037,1,5,0.3266,0.5044,0.4741,1,168.06
7038,0,2,0.1094,0.338,0.1773,1,31.39
7039,1,4,0.2853,0.6096,0.458,1,100.72
7040,1,4,0.2281,0.2721,0.3565,0,2.73
7041,0,5,0.0911,0.8301,0.3849,1,47.72
7042,0,5,0.2372,0.4957,0.3451,1,37.02
7043,0,4,0.1166,0.4333,0.2633,1,144.39
7044,2,5,0.183,0.566,0.5464,0,2.16
7045,0,5,0.1206,0.4913,0.309,1,13.78
7046,0,1,0.2727,0.7185,0.2914,1,26.4
7047,2,3,0.1674,0.1655,0.3816,0,1.7
7048,0,5,0.0836,0.4551,0.2889,0,4.56
7049,0,2,0.1476,0.4382,0.2138,1,49.94
7050,1,5,0.2727,0.7753,0.5256,0,2.14
7051,0,2,0.5295,0.6048,0.37,0,2.75
7052,0,1,0.2281,0.4628,0.2141,0,1.72
7053,0,4,0.3266,0.3633,0.3088,1,23.38
7054,1,5,0.1768,0.2662,0.3696,0,1.65
7055,0,1,0.2082,0.499,0.2172,0,1.72
7056,0,5,0.2606,0.3041,0.3042,0,2.75
7057,0,4,0.1757,0.6582,0.3373,1,74.68
7058,0,5,0.1211,0.7321,0.3694,0,2.13
7059,1,5,0.223,0.3392,0.4017,0,0.9
7060,1,3,0.299,0.4408,0.3899,1,69.4
7061,2,4,0.3611,0.6075,0.5802,1,46.46
7062,1,2,0.2492,0.1181,0.2643,1,18.38
7063,3,5,0.2606,0.4341,0.6367,1,171.18
7064,1,1,0.4038,0.2212,0.3064,1,17.4
7065,0,5,0.299,0.4035,0.3406,0,1.48
7066,0,1,0.0465,0.3031,0.1197,0,1.68
7067,1,3,0.5295,0.3948,0.4476,1,164.42
7068,2,5,0.2606,0.6888,0.6004,1,28.58
7069,0,3,0.2082,0.4016,0.2529,1,16.17
7070,0,4,0.3611,0.6113,0.3812,1,119.54
7071,1,2,0.1757,0.3827,0.3084,0,1.29
7072,1,3,0.2771,0.3857,0.3696,1,169.36
7073,2,5,0.0168,0.3657,0.4465,1,83.95
7074,1,1,0.335,0.216,0.2845,0,1.47
7075,1,1,0.4038,0.3941,0.3497,1,156.0
7076,0,2,0.1166,0.4055,0.1964,0,1.93
7077,0,5,0.1577,0.674,0.3658,1,28.25
7078,0,4,0.1211,0.4528,0.2695,0,3.4
7079,0,5,0.3611,0.5385,0.393,1,66.42
7080,1,5,0.1206,0.438,0.3957,1,66.98
7081,0,4,0.0719,0.5457,0.278,1,70.49
7082,2,3,0.0719,0.2832,0.3824,0,3.19
7083,0,1,0.2082,0.6004,0.2426,0,1.34
7084,0,3,0.2771,0.6237,0.3291,0,2.81
7085,0,1,0.183,0.8545,0.2985,0,3.68
7086,0,2,0.5295,0.448,0.3308,1,52.88
7087,1,4,0.1166,0.5656,0.3964,1,25.6
7088,0,1,0.299,0.5513,0.2575,0,2.15
7089,1,5,0.1206,0.6767,0.4554,1,142.69
7090,0,3,0.1904,0.5681,0.2891,1,25.65
7091,0,4,0.1211,0.3033,0.2322,1,15.57
7092,1,3,0.0836,0.5774,0.3594,0,1.72
7093,0,1,0.2771,0.2024,0.1637,0,1.18
7094,0,4,0.2878,0.6121,0.3594,0,2.8
7095,1,3,0.1768,0.5037,0.369,1,28.06
7096,0,1,0.2562,0.4867,0.2285,0,3.16
7097,0,2,0.0911,0.3305,0.17,0,4.23
7098,0,5,0.2492,0.3992,0.3246,0,2.93
7099,1,4,0.2606,0.5396,0.4331,1,51.11
7100,1,1,0.1051,0.2329,0.2198,0,2.49
7101,0,3,0.3611,0.3714,0.2912,1,15.25
7102,0,5,0.0836,0.4577,0.2895,0,1.46
7103,1,5,0.1211,0.2327,0.3445,1,80.45
7104,1,3,0.2906,0.2359,0.3362,0,2.28
7105,0,1,0.2082,0.4576,0.2069,0,1.48
7106,0,5,0.2853,0.3782,0.3301,0,1.37
7107,0,4,0.335,0.1864,0.2671,1,10.92
7108,2,4,0.1166,0.4078,0.4569,1,50.38
7109,1,5,0.1476,0.5414,0.4296,1,42.19
7110,0,3,0.1674,0.3891,0.2375,0,3.8
7111,0,2,0.1382,0.5274,0.2333,0,2.31
7112,0,5,0.2372,0.6041,0.3722,0,2.58
7113,0,3,0.5295,0.101,0.2741,0,2.11
7114,1,2,0.1179,0.373,0.2886,1,5.86
7115,1,1,0.1502,0.1477,0.212,0,2.28
7116,1,1,0.1757,0.5555,0.3216,1,74.34
7117,1,4,0.0465,0.5272,0.3658,0,2.02
7118,2,1,0.0719,0.3686,0.3437,0,2.07
7119,1,4,0.2771,0.4439,0.4141,1,36.49
7120,0,2,0.2301,0.5416,0.2644,0,2.58
7121,1,5,0.163,0.5618,0.4394,1,37.6
7122,1,5,0.1178,0.2567,0.3495,0,1.51
7123,1,1,0.1094,0.1062,0.1894,0,2.12
7124,0,1,0.1674,0.4782,0.1998,0,1.96
7125,0,2,0.1768,0.6386,0.2727,1,42.89
7126,1,3,0.1094,0.4213,0.3281,1,21.51
7127,2,4,0.5295,0.4862,0.6004,1,271.85
7128,0,3,0.1012,0.4525,0.2335,0,1.19
7129,0,3,0.2562,0.4669,0.2836,0,1.96
7130,1,4,0.0465,0.4591,0.3487,0,2.0
7131,0,3,0.183,0.6406,0.305,0,1.94
7132,1,5,0.0911,0.5602,0.4174,1,100.15
7133,2,5,0.335,0.7931,0.6488,1,179.55
7134,1,4,0.1135,0.3793,0.3489,1,66.53
7135,1,4,0.1012,0.4989,0.3751,0,2.54
7136,2,1,0.2853,0.5624,0.4562,1,64.49
7137,0,4,0.1476,0.3422,0.2498,1,114.11
7138,1,2,0.335,0.9879,0.5075,1,19.47
7139,1,2,0.4038,0.2146,0.3348,1,32.82
7140,0,3,0.1577,0.4669,0.254,0,2.1
7141,0,3,0.3266,0.5354,0.3218,1,54.68
7142,1,3,0.0168,0.4425,0.3057,0,2.39
7143,1,1,0.223,0.5085,0.324,1,71.08
7144,2,5,0.2082,0.5992,0.5623,1,185.27
7145,0,4,0.2606,0.0,0.1982,0,2.76
7146,2,2,0.0719,0.6926,0.4547,1,90.45
7147,0,4,0.0911,0.463,0.2631,0,1.53
7148,1,2,0.3294,0.396,0.3578,0,2.17
7149,0,2,0.0399,0.4476,0.1839,0,2.03
7150,0,5,0.163,0.6872,0.3707,1,114.95
7151,0,3,0.1135,0.6276,0.281,0,0.75
7152,0,3,0.2082,0.4062,0.254,0,2.31
7153,1,1,0.2853,0.4145,0.3192,1,59.16
7154,1,4,0.1382,0.4175,0.3658,1,31.62
7155,1,1,0.2771,0.3453,0.2995,0,1.66
7156,1,1,0.1674,0.523,0.311,1,74.73
7157,1,2,0.163,0.4551,0.3227,0,1.76
7158,0,3,0.0836,0.3216,0.1955,0,3.02
7159,0,2,0.299,0.5472,0.2865,0,3.62
7160,1,4,0.5295,0.4786,0.4985,1,51.03
7161,1,1,0.5295,0.5656,0.4302,0,1.36
7162,0,4,0.0465,0.3998,0.2339,0,2.08
7163,2,4,0.1768,0.5287,0.5052,1,308.39
7164,0,5,0.0399,0.3381,0.2465,0,1.67
7165,1,3,0.2757,0.0085,0.2748,1,12.72
7166,1,5,0.1051,0.5054,0.4079,1,39.33
7167,1,5,0.0399,0.4798,0.3819,1,21.17
7168,1,5,0.3294,0.3573,0.4381,1,34.21
7169,0,4,0.1135,0.5786,0.2987,0,2.28
7170,1,1,0.1094,0.2226,0.2185,0,2.05
7171,1,2,0.1502,0.4217,0.3105,1,27.09
7172,0,2,0.1768,0.4928,0.2362,1,26.2
7173,1,2,0.1904,0.5393,0.3519,0,1.25
7174,1,4,0.2562,0.2271,0.3536,1,90.13
7175,0,5,0.1094,0.5354,0.3167,1,45.91
7176,1,1,0.2082,0.5218,0.3229,0,6.12
7177,2,5,0.0719,0.5248,0.5028,1,38.7
7178,2,1,0.1094,0.3071,0.3396,1,13.16
7179,0,5,0.2281,0.549,0.3557,1,40.57
7180,1,3,0.5295,0.3587,0.4385,1,12.96
7181,0,3,0.1577,0.367,0.2291,0,1.96
7182,0,4,0.0168,0.5188,0.2547,1,31.99
7183,0,1,0.0836,0.5039,0.1811,1,22.27
7184,1,4,0.1757,0.2782,0.3423,0,3.51
7185,1,1,0.2082,0.497,0.3167,0,1.1
7186,2,1,0.1178,0.3014,0.3407,0,3.35
7187,2,2,0.1768,0.4935,0.4364,0,2.23
7188,0,4,0.1206,0.4265,0.2628,1,57.35
7189,1,1,0.1904,0.6289,0.3443,1,26.1
7190,0,3,0.1476,0.4023,0.2349,0,3.03
7191,1,2,0.5395,0.8063,0.5234,1,51.4
7192,1,5,0.2771,0.1945,0.3818,1,66.73
7193,1,3,0.2562,0.4315,0.3747,1,25.99
7194,0,2,0.2853,0.2505,0.2082,0,1.1
7195,0,3,0.1382,0.5776,0.2759,0,2.23
7196,1,1,0.2878,0.4731,0.3346,0,3.09
7197,0,5,0.3611,0.6946,0.432,1,30.87
7198,1,2,0.3266,0.7517,0.4459,0,2.14
7199,2,2,0.4038,0.2928,0.4543,1,54.6
7200,0,4,0.1757,0.401,0.273,1,25.4
7201,1,1,0.1904,0.4782,0.3067,0,1.47
7202,0,2,0.1012,0.315,0.1691,0,2.41
7203,0,2,0.0911,0.4023,0.1879,0,1.25
7204,1,4,0.2853,0.199,0.3553,0,2.59
7205,0,1,0.1206,0.4863,0.1878,0,1.37
7206,0,2,0.0399,0.596,0.221,0,3.63
7207,1,5,0.2727,0.31,0.4093,1,85.23
7208,0,3,0.2757,0.0927,0.1959,0,3.34
7209,1,1,0.1757,0.1905,0.2303,0,1.79
7210,1,2,0.1904,0.5285,0.3492,0,2.4
7211,1,2,0.2878,0.267,0.3131,1,128.77
7212,1,1,0.2853,0.4164,0.3197,1,20.83
7213,1,2,0.1135,0.2605,0.2592,0,1.81
7214,0,2,0.1757,0.65,0.2752,0,2.3
7215,0,2,0.0168,0.4801,0.1851,0,1.49
7216,1,5,0.3463,0.4874,0.4757,1,52.91
7217,0,2,0.0911,0.2697,0.1548,0,2.79
7218,0,5,0.299,0.386,0.3362,0,3.39
7219,0,4,0.1094,0.5467,0.2895,1,50.53
7220,1,3,0.1166,0.3521,0.313,1,47.4
7221,0,1,0.1757,0.5181,0.2122,1,50.68
7222,1,1,0.299,0.5141,0.3482,1,22.42
7223,0,4,0.2372,0.3365,0.2753,1,58.25
7224,1,1,0.0911,0.6888,0.3295,0,2.02
7225,1,3,0.2281,0.2589,0.3232,0,1.94
7226,1,2,0.2757,0.3903,0.3403,1,52.02
7227,1,2,0.2082,0.5172,0.3518,0,2.96
7228,1,5,0.1135,0.5764,0.4282,1,90.76
7229,1,2,0.223,0.3972,0.3262,0,3.51
7230,1,1,0.5295,0.5999,0.4388,1,21.6
7231,0,5,0.1674,0.5188,0.3299,1,131.0
7232,1,3,0.2606,0.2247,0.3244,0,2.43
7233,1,4,0.2757,0.3962,0.4018,1,26.25
7234,0,3,0.2372,0.4267,0.2678,0,1.05
7235,1,4,0.2492,0.3984,0.3944,0,2.72
7236,0,5,0.299,0.2307,0.2974,0,2.71
7237,1,1,0.2301,0.4266,0.3057,0,1.58
7238,0,5,0.1502,0.5536,0.3335,1,43.36
7239,2,3,0.2757,0.3885,0.4698,1,52.84
7240,0,2,0.163,0.244,0.1699,0,2.42
7241,1,4,0.1094,0.7013,0.4281,1,27.93
7242,0,1,0.2372,0.7534,0.2895,0,1.68
7243,0,1,0.1476,0.6276,0.2312,0,1.83
7244,2,1,0.1094,0.497,0.3871,0,1.42
7245,2,1,0.299,0.2215,0.3751,1,59.19
7246,0,3,0.0911,0.3736,0.2107,0,3.64
7247,1,2,0.335,0.5932,0.4088,1,147.71
7248,1,3,0.0399,0.2389,0.2617,0,4.52
7249,1,1,0.2853,0.3854,0.3119,1,23.63
7250,1,2,0.5295,0.6626,0.4845,1,128.17
7251,0,5,0.0168,0.276,0.224,1,155.9
7252,1,5,0.223,0.3876,0.4138,1,44.45
7253,1,5,0.4038,0.4159,0.4751,1,52.76
7254,1,3,0.1382,0.5131,0.3597,0,2.56
7255,1,2,0.2757,0.5238,0.3737,1,31.31
7256,1,4,0.2771,0.2989,0.3779,1,61.75
7257,2,3,0.0437,0.7398,0.4881,0,2.45
7258,0,1,0.1577,0.6001,0.2273,0,2.56
7259,0,3,0.3611,0.5526,0.3365,0,3.08
7260,2,2,0.223,0.2947,0.4006,1,125.65
7261,2,2,0.1904,0.3294,0.3995,1,44.24
7262,1,4,0.5395,0.2318,0.4398,1,17.47
7263,0,4,0.1768,0.4816,0.2934,0,3.42
7264,0,2,0.1051,0.5872,0.2383,1,12.54
7265,0,3,0.1012,0.3383,0.2049,0,2.73
7266,1,1,0.1502,0.7241,0.3561,1,45.03
7267,2,2,0.4038,0.6018,0.5316,1,261.31
7268,0,2,0.2771,0.417,0.2474,0,1.51
7269,1,2,0.1674,0.738,0.3947,0,2.3
7270,2,4,0.2492,0.3271,0.4765,1,83.2
7271,0,1,0.5395,0.2163,0.2459,1,19.61
7272,2,3,0.2281,0.2425,0.4191,0,1.75
7273,1,2,0.2082,0.5613,0.3628,0,5.86
7274,0,1,0.2301,0.4754,0.2179,1,12.56
7275,1,2,0.2771,0.4478,0.3551,0,1.34
7276,1,4,0.2757,0.4673,0.4195,1,348.18
7277,0,2,0.0836,0.5042,0.2111,0,3.41
7278,1,1,0.1051,0.8003,0.3616,1,26.72
7279,1,4,0.299,0.6473,0.4715,1,44.84
7280,0,1,0.1179,0.3972,0.1647,1,16.2
7281,1,5,0.1502,0.2495,0.3574,0,2.86
7282,2,5,0.2853,0.5628,0.5763,0,2.95
7283,2,1,0.4038,0.1022,0.3767,1,50.74
7284,1,5,0.1674,0.638,0.4597,1,21.64
7285,1,2,0.1476,0.6912,0.3771,1,59.91
7286,1,5,0.1502,0.4617,0.4105,0,3.12
7287,0,4,0.2727,0.3614,0.2922,0,2.28
7288,0,1,0.1166,0.4891,0.1873,1,24.09
7289,1,3,0.0465,0.0899,0.2264,0,2.93
7290,0,5,0.2771,0.4236,0.339,0,2.04
7291,0,1,0.2372,0.4857,0.2226,0,1.45
7292,1,1,0.2281,0.2332,0.2567,1,54.18
7293,0,3,0.1502,0.3249,0.2163,0,3.86
7294,1,1,0.2853,0.5355,0.3495,1,36.2
7295,1,2,0.1577,0.251,0.2701,0,2.15
7296,0,5,0.2562,0.3235,0.3077,0,2.94
7297,1,3,0.1178,0.3334,0.3087,1,91.43
7298,0,4,0.2771,0.3341,0.2867,1,74.28
7299,1,1,0.1094,0.3173,0.2421,0,3.52
7300,1,2,0.2906,0.5994,0.397,0,1.5
7301,1,1,0.163,0.5004,0.304,1,25.0
7302,0,4,0.3463,0.5333,0.3572,0,2.62
7303,1,4,0.2757,0.3136,0.3811,0,1.83
7304,1,4,0.223,0.2172,0.3412,0,3.32
7305,0,2,0.3485,0.2448,0.2258,0,1.82
7306,0,5,0.0465,0.4933,0.2873,1,111.28
7307,1,4,0.2082,0.3791,0.3772,1,96.66
7308,1,3,0.3485,0.1738,0.338,0,1.45
7309,0,2,0.3485,0.4548,0.2782,1,14.53
7310,0,4,0.1757,0.7217,0.3531,0,1.91
7311,0,4,0.0168,0.343,0.2108,0,3.78
7312,1,4,0.1382,0.2245,0.3176,0,3.02
7313,1,4,0.1094,0.5616,0.3932,0,1.47
7314,1,2,0.3485,0.3583,0.3541,1,15.86
7315,1,3,0.1178,0.5403,0.3604,0,1.93
7316,2,5,0.1051,0.1651,0.4228,0,2.3
7317,1,3,0.3266,0.5754,0.4318,1,34.41
7318,1,2,0.2492,0.4393,0.3446,1,33.63
7319,0,4,0.0168,0.3671,0.2168,0,1.68
7320,0,4,0.3485,0.2011,0.2748,0,1.8
7321,0,5,0.5295,0.3205,0.389,0,2.98
7322,0,3,0.1211,0.638,0.2858,0,2.62
7323,1,2,0.0168,0.3147,0.2437,0,1.42
7324,1,3,0.2281,0.1978,0.3079,0,2.59
7325,1,1,0.2606,0.7858,0.4046,0,2.44
7326,0,5,0.5295,0.4799,0.4288,1,25.99
7327,1,3,0.0465,0.8529,0.4172,1,32.38
7328,0,2,0.2757,0.3912,0.2405,1,71.94
7329,0,3,0.3611,0.5835,0.3442,0,1.45
7330,1,3,0.335,0.361,0.3807,0,1.54
7331,0,5,0.2301,0.521,0.3493,1,87.82
7332,1,5,0.1674,0.2591,0.365,0,1.36
7333,0,5,0.2082,0.5336,0.3459,1,39.38
7334,0,2,0.2562,0.4665,0.2535,0,1.08
7335,1,3,0.3294,0.4844,0.4099,1,68.27
7336,1,3,0.1211,0.5263,0.3579,1,14.56
7337,0,4,0.0836,0.7318,0.328,0,2.22
7338,0,4,0.1211,0.3884,0.2534,0,2.87
7339,0,3,0.3611,0.136,0.2323,0,1.94
7340,1,4,0.1051,0.7293,0.4339,1,46.09
7341,0,5,0.2301,0.5291,0.3513,0,2.08
7342,1,3,0.1502,0.4877,0.357,0,2.58
7343,1,4,0.2878,0.7079,0.4833,1,108.15
7344,0,2,0.163,0.1025,0.1345,0,3.86
7345,1,3,0.1211,0.6473,0.3882,0,2.05
7346,0,4,0.2082,0.433,0.2907,0,3.01
7347,1,5,0.1178,0.6428,0.446,0,4.75
7348,0,5,0.335,0.2634,0.3164,1,18.74
7349,1,2,0.4038,0.4202,0.3862,0,3.74
7350,1,4,0.4038,0.4885,0.4633,1,54.55
7351,1,5,0.0911,0.1886,0.3245,1,34.05
7352,1,4,0.1179,0.5126,0.3835,0,1.45
7353,1,1,0.1178,0.3276,0.2472,0,2.74
7354,0,5,0.0911,0.3299,0.2598,1,51.49
7355,1,4,0.1768,0.3001,0.3481,1,103.83
7356,1,1,0.1012,0.5664,0.302,0,2.12
7357,1,5,0.0836,0.6379,0.4346,1,95.92
7358,0,1,0.1051,0.3994,0.1614,0,3.73
7359,1,2,0.299,0.5925,0.3978,0,2.77
7360,1,1,0.1382,0.4844,0.2926,1,31.37
7361,1,1,0.3485,0.4939,0.358,1,22.59
7362,2,3,0.3485,0.5849,0.5408,1,18.09
7363,1,3,0.0836,0.5792,0.3599,0,3.36
7364,0,4,0.3485,0.1649,0.2658,1,46.92
7365,1,3,0.1502,0.1342,0.2686,1,84.45
7366,1,3,0.0719,0.2131,0.2648,1,49.67
7367,1,1,0.3611,0.4916,0.3612,1,33.91
7368,0,3,0.1476,0.4469,0.246,0,1.61
7369,1,4,0.1135,0.5183,0.3836,0,1.71
7370,2,1,0.2853,0.2923,0.3887,0,1.82
7371,0,5,0.5295,0.5611,0.4491,0,1.07
7372,0,2,0.335,0.3324,0.2436,1,135.44
7373,0,2,0.2606,0.3607,0.2284,0,3.05
7374,1,2,0.2281,0.4201,0.3335,0,2.0
7375,2,2,0.2727,0.7205,0.5219,1,24.79
7376,2,5,0.1179,0.3144,0.464,1,108.47
7377,1,4,0.3294,0.6462,0.4804,1,100.3
7378,1,4,0.3266,0.1832,0.3638,1,113.22
7379,0,3,0.0437,0.2476,0.165,0,0.85
7380,1,1,0.183,0.526,0.3164,0,1.81
7381,0,2,0.1051,0.2799,0.1615,0,3.17
7382,1,5,0.4038,0.3139,0.4496,1,153.51
7383,1,3,0.5395,0.1658,0.3933,0,1.97
7384,2,3,0.4038,0.3799,0.5061,1,39.09
7385,1,1,0.1757,0.2516,0.2456,1,37.02
7386,2,4,0.2281,0.3326,0.4716,0,2.22
7387,1,2,0.1904,0.6502,0.3797,0,2.74
7388,0,2,0.2082,0.4811,0.2427,1,33.06
7389,0,5,0.1382,0.0841,0.2125,0,3.55
7390,1,2,0.2771,0.6063,0.3947,0,3.92
7391,0,3,0.183,0.6263,0.3015,0,3.35
7392,1,3,0.0437,0.3884,0.3002,0,2.46
7393,1,3,0.299,0.3607,0.3699,0,2.81
7394,0,1,0.1051,0.2145,0.1152,0,2.92
7395,1,2,0.1135,0.6128,0.3472,1,108.52
7396,1,4,0.2771,0.251,0.3659,1,182.16
7397,0,4,0.2281,0.7572,0.3777,1,22.75
7398,0,3,0.1768,0.3854,0.2394,0,2.67
7399,0,1,0.5295,0.4021,0.2894,0,1.26
7400,1,3,0.0719,0.4304,0.3192,1,26.88
7401,1,3,0.1577,0.0509,0.25,0,2.13
7402,2,3,0.1577,0.4841,0.4583,1,114.37
7403,1,3,0.3611,0.7592,0.4881,0,2.15
7404,0,4,0.4038,0.1272,0.2729,1,13.02
7405,0,5,0.2606,0.5563,0.3673,1,27.03
7406,1,2,0.2562,0.5376,0.3713,1,61.7
7407,1,5,0.2771,0.3382,0.4177,1,124.2
7408,0,5,0.1094,0.617,0.3371,1,129.22
7409,0,1,0.163,0.5439,0.2149,0,1.13
7410,1,2,0.223,0.5666,0.3686,0,6.15
7411,1,5,0.2906,0.6056,0.4886,1,195.04
7412,2,3,0.1211,0.5543,0.4649,1,64.2
7413,1,5,0.1051,0.6289,0.4388,1,116.38
7414,0,1,0.2906,0.3214,0.1975,0,3.34
7415,1,4,0.1166,0.4049,0.3562,0,2.07
7416,1,2,0.2562,0.6467,0.3985,1,88.42
7417,1,1,0.0911,0.5381,0.2919,0,1.31
7418,0,4,0.183,0.8692,0.3922,1,44.45
7419,0,1,0.2906,0.4169,0.2214,0,4.1
7420,0,3,0.3294,0.1649,0.23,0,1.85
7421,1,5,0.1502,0.4561,0.4091,0,1.56
7422,0,2,0.2301,0.4051,0.2303,0,2.47
7423,0,5,0.1674,0.4127,0.3034,0,2.43
7424,1,1,0.4038,0.3604,0.3412,0,0.91
7425,0,2,0.183,0.2235,0.1708,0,2.1
7426,0,4,0.1502,0.835,0.3738,1,92.53
7427,1,2,0.1206,0.2914,0.269,0,1.86
7428,1,3,0.2878,0.6713,0.4442,0,1.25
7429,2,3,0.2727,0.2755,0.4407,1,43.25
7430,0,5,0.2853,0.5793,0.3804,1,11.84
7431,0,4,0.3294,0.253,0.2821,0,2.17
7432,0,3,0.2082,0.3346,0.2361,0,3.7
7433,0,3,0.163,0.6412,0.2992,0,2.14
7434,0,2,0.1135,0.1838,0.14,1,21.94
7435,0,5,0.2606,0.2161,0.2822,1,41.89
7436,2,3,0.2082,0.515,0.4812,0,1.77
7437,1,1,0.0719,0.3493,0.2389,0,1.13
7438,1,4,0.3266,0.5363,0.4521,1,132.39
7439,1,5,0.1051,0.4318,0.3895,0,1.83
7440,2,2,0.1012,0.5242,0.4214,1,74.4
7441,1,1,0.2727,0.4156,0.3157,0,1.84
7442,1,3,0.0437,0.3136,0.2815,0,2.3
7443,1,4,0.3294,0.4547,0.4325,1,52.12
7444,0,4,0.5295,0.2027,0.3295,1,30.82
7445,0,2,0.1904,0.6592,0.2819,1,132.71
7446,0,5,0.1178,0.3605,0.2755,1,63.58
7447,0,4,0.1382,0.1729,0.2047,0,2.27
7448,1,5,0.2771,0.6956,0.507,1,30.77
7449,0,5,0.299,0.2729,0.3079,0,2.28
7450,2,1,0.0465,0.4428,0.3546,1,46.34
7451,0,4,0.1904,0.8172,0.3814,0,1.81
7452,0,2,0.1476,0.4998,0.2292,1,34.97
7453,1,2,0.1135,0.5573,0.3334,0,2.0
7454,1,5,0.0911,0.6105,0.43,0,3.82
7455,0,2,0.1476,0.3229,0.185,0,1.09
7456,1,2,0.163,0.5139,0.3374,1,46.82
7457,1,2,0.3611,0.2939,0.3418,0,2.99
7458,1,3,0.2281,0.546,0.3949,1,99.92
7459,1,1,0.1179,0.3173,0.2447,0,3.23
7460,1,1,0.1577,0.4795,0.2972,1,30.2
7461,1,1,0.0437,0.3179,0.2226,1,34.14
7462,1,4,0.299,0.4601,0.4247,1,139.71
7463,1,2,0.2082,0.3981,0.322,0,3.01
7464,0,3,0.3294,0.4128,0.292,0,6.1
7465,0,1,0.2878,0.3573,0.2057,0,3.06
7466,0,5,0.2727,0.588,0.3788,1,38.49
7467,0,5,0.3485,0.5129,0.3828,0,2.97
7468,0,3,0.5295,0.4849,0.3701,1,40.51
7469,2,5,0.0719,0.2707,0.4392,1,212.04
7470,1,3,0.1012,0.1601,0.2604,1,70.26
7471,1,5,0.1382,0.3297,0.3739,1,130.91
7472,0,2,0.1135,0.4472,0.2058,1,40.94
7473,2,2,0.163,0.4665,0.4255,1,20.01
7474,0,3,0.1179,0.4878,0.2473,0,1.92
7475,0,4,0.1051,0.5124,0.2796,1,63.36
7476,1,3,0.2492,0.5935,0.4131,1,109.54
7477,1,2,0.5395,0.4796,0.4418,0,1.54
7478,0,2,0.3294,0.7708,0.3515,1,22.72
7479,0,4,0.0437,0.1585,0.1727,0,1.6
7480,0,5,0.1179,0.6554,0.3492,1,36.08
7481,0,5,0.1476,0.7117,0.3722,1,67.44
7482,1,5,0.3294,0.5304,0.4814,0,2.12
7483,1,4,0.1206,0.6307,0.4139,1,10.46
7484,0,1,0.2562,0.4201,0.2119,0,3.43
7485,1,3,0.1904,0.3046,0.3233,0,1.57
7486,0,2,0.1051,0.4798,0.2115,0,1.92
7487,0,4,0.223,0.3339,0.2704,0,1.6
7488,0,1,0.1904,0.5789,0.2318,0,2.74
7489,0,5,0.3611,0.3721,0.3514,1,62.5
7490,0,3,0.0465,0.3226,0.1846,0,1.14
7491,1,3,0.3611,0.2832,0.3691,0,2.54
7492,0,5,0.5395,0.5013,0.4372,0,1.53
7493,1,4,0.5395,0.41,0.4843,1,56.92
7494,0,4,0.1178,0.5813,0.3007,1,14.16
7495,0,4,0.183,0.4597,0.2898,0,1.47
7496,1,5,0.1135,0.4725,0.4022,1,46.96
7497,1,1,0.1166,0.5073,0.2918,0,2.54
7498,1,2,0.183,0.4144,0.3185,1,94.38
7499,1,2,0.0399,0.8428,0.3827,1,46.6
7500,1,5,0.1211,0.1604,0.3264,1,107.13
7501,1,4,0.1768,0.496,0.397,1,45.97
7502,1,5,0.183,0.66,0.4699,1,139.49
7503,0,4,0.2853,0.2329,0.2638,0,3.51
7504,0,2,0.2606,0.6578,0.3026,0,3.16
7505,2,3,0.2906,0.358,0.4667,0,1.33
7506,1,3,0.2372,0.2686,0.3283,0,1.96
7507,0,5,0.2906,0.2137,0.2906,1,31.43
7508,1,5,0.2562,0.7149,0.5056,1,68.96
7509,1,4,0.223,0.7511,0.4747,0,2.97
7510,0,2,0.2301,0.2201,0.1841,0,3.05
7511,1,3,0.223,0.7497,0.4443,0,5.51
7512,2,2,0.3485,0.1749,0.4083,1,106.08
7513,1,5,0.299,0.7241,0.5207,1,166.42
7514,0,3,0.1178,0.6742,0.2939,1,50.45
7515,0,1,0.1502,0.8194,0.2799,0,2.14
7516,1,5,0.3611,0.0914,0.3812,1,36.85
7517,1,3,0.223,0.3836,0.3528,0,2.66
7518,0,1,0.1502,0.5198,0.205,0,4.42
7519,1,5,0.1382,0.4644,0.4076,1,104.13
7520,0,5,0.0168,0.1032,0.1808,0,1.57
7521,2,2,0.5295,0.4261,0.5254,1,50.43
7522,1,5,0.2606,0.4054,0.4295,0,1.29
7523,2,4,0.2492,0.7057,0.5712,0,1.22
7524,1,5,0.1577,0.0599,0.3123,1,44.42
7525,1,3,0.2727,0.6214,0.4272,1,131.08
7526,0,1,0.0911,0.3671,0.1491,0,1.55
7527,0,3,0.2082,0.2103,0.205,1,28.31
7528,1,4,0.5395,0.5215,0.5122,1,75.92
7529,1,1,0.3266,0.3727,0.3212,1,53.81
7530,1,4,0.3266,0.429,0.4252,1,133.98
7531,1,5,0.1904,0.51,0.4346,1,33.81
7532,1,1,0.223,0.655,0.3607,1,58.17
7533,2,1,0.183,0.316,0.3639,1,37.03
7534,1,2,0.0437,0.1912,0.2209,0,1.44
7535,0,3,0.3463,0.7857,0.3903,1,54.11
7536,1,5,0.5395,0.8789,0.6316,1,58.12
7537,0,4,0.1206,0.6062,0.3077,1,130.7
7538,1,1,0.5295,0.4014,0.3892,1,43.82
7539,2,1,0.2372,0.4412,0.4115,1,35.27
7540,1,5,0.2757,0.3303,0.4153,1,139.63
7541,0,1,0.0168,0.1922,0.0831,0,2.96
7542,2,3,0.2562,0.3472,0.4537,1,119.72
7543,0,5,0.0437,0.3899,0.2606,0,2.32
7544,1,1,0.1135,0.3248,0.2452,1,15.92
7545,0,1,0.2372,0.4284,0.2083,0,1.92
7546,1,3,0.2082,0.8589,0.4672,0,1.93
7547,1,2,0.2281,0.6141,0.382,0,2.58
7548,0,2,0.2082,0.3357,0.2064,1,131.03
7549,0,1,0.1012,0.2547,0.124,0,1.91
7550,0,4,0.2281,0.4704,0.306,0,2.66
7551,2,1,0.3294,0.1962,0.3779,1,48.97
7552,1,1,0.2878,0.5771,0.3606,1,127.89
7553,0,5,0.0911,0.5191,0.3071,0,2.89
7554,2,2,0.3294,0.3937,0.4572,1,57.65
7555,0,1,0.0437,0.4276,0.15,0,1.77
7556,0,5,0.1094,0.5874,0.3297,1,24.42
7557,1,4,0.0836,0.1275,0.277,1,20.04
7558,0,1,0.2082,0.4209,0.1977,0,2.33
7559,1,3,0.0836,0.6618,0.3805,1,17.86
7560,0,4,0.1166,0.3263,0.2366,1,50.34
7561,1,1,0.1211,0.5506,0.304,0,1.46
7562,1,4,0.3294,0.705,0.4951,1,39.87
7563,1,1,0.0437,0.3909,0.2408,0,1.72
7564,0,4,0.223,0.5839,0.3329,0,3.6
7565,1,1,0.5395,0.2869,0.3636,1,22.89
7566,1,2,0.1178,0.5392,0.3301,0,2.76
7567,0,5,0.2492,0.4519,0.3377,1,37.18
7568,0,2,0.2562,0.1908,0.1846,1,43.04
7569,0,3,0.2853,0.4219,0.2811,1,44.12
7570,1,5,0.3463,0.469,0.4711,1,100.66
7571,1,4,0.1179,0.8893,0.4777,0,1.59
7572,2,5,0.2771,0.5582,0.5727,1,227.15
7573,1,1,0.3463,0.3098,0.3113,1,13.24
7574,0,3,0.2562,0.5519,0.3048,0,2.13
7575,0,5,0.1577,0.4868,0.319,0,5.92
7576,1,5,0.1211,0.8292,0.4936,1,143.61
7577,0,2,0.2878,0.5368,0.2805,0,2.59
7578,1,2,0.1094,0.2455,0.2542,1,24.84
7579,1,4,0.335,0.437,0.4298,1,42.12
7580,1,3,0.0719,0.5697,0.354,0,1.84
7581,1,4,0.1904,0.5251,0.4084,1,53.17
7582,0,5,0.1166,0.6265,0.3416,0,1.08
7583,1,2,0.2757,0.6118,0.3957,1,45.16
7584,1,2,0.2727,0.3485,0.3289,0,2.23
7585,0,3,0.5295,0.4702,0.3664,0,2.65
7586,0,3,0.1904,0.3663,0.2387,0,2.4
7587,2,1,0.0465,0.0993,0.2688,0,2.6
7588,1,5,0.335,0.7268,0.5322,1,57.49
7589,1,4,0.0399,0.6886,0.4041,1,52.34
7590,0,5,0.335,0.5921,0.3985,1,20.68
7591,1,1,0.2301,0.561,0.3393,1,95.93
7592,0,1,0.0836,0.5222,0.1856,1,70.77
7593,2,3,0.2301,0.596,0.508,1,286.57
7594,1,2,0.335,0.3873,0.3573,0,1.79
7595,1,3,0.1768,0.6562,0.4071,1,20.51
7596,1,1,0.2853,0.7567,0.4048,1,82.14
7597,0,3,0.4038,0.622,0.3666,1,20.67
7598,0,3,0.1206,0.7788,0.3209,0,1.34
7599,0,5,0.335,0.5439,0.3865,0,1.46
7600,1,1,0.2301,0.3699,0.2915,1,30.52
7601,1,5,0.1166,0.2193,0.3398,1,61.58
7602,2,4,0.1674,0.4384,0.4798,1,125.63
7603,0,5,0.2492,0.413,0.328,0,1.76
7604,0,4,0.0399,0.4719,0.2499,0,1.87
7605,0,5,0.2281,0.2773,0.2878,0,1.37
7606,1,2,0.2372,0.2147,0.2848,0,2.32
7607,2,4,0.5395,0.3959,0.5808,1,123.19
7608,1,3,0.2562,0.19,0.3144,1,57.42
7609,1,5,0.3611,0.4486,0.4705,1,82.42
7610,1,1,0.223,0.3005,0.272,0,5.76
7611,1,2,0.2301,0.5241,0.3601,0,2.47
7612,1,5,0.3611,0.3949,0.4571,1,46.28
7613,0,3,0.2853,0.6994,0.3504,0,2.76
7614,0,4,0.1674,0.3503,0.2578,0,2.29
7615,1,4,0.0168,0.7763,0.4191,0,1.82
7616,1,4,0.299,0.5063,0.4363,0,2.94
7617,1,1,0.3485,0.8838,0.4555,1,26.44
7618,1,5,0.1206,0.5843,0.4323,1,61.21
7619,1,3,0.2301,0.6315,0.4169,1,85.37
7620,0,5,0.2606,0.5792,0.373,1,74.63
7621,0,2,0.3266,0.3464,0.2446,0,1.23
7622,1,2,0.2606,0.5223,0.3688,0,1.65
7623,2,3,0.1757,0.1749,0.3864,1,58.42
7624,1,3,0.1012,0.5652,0.3617,0,2.58
7625,0,1,0.3611,0.6438,0.2993,0,2.76
7626,0,2,0.2372,0.312,0.2092,0,0.92
7627,0,3,0.1051,0.5455,0.2579,0,3.52
7628,1,4,0.1094,0.5664,0.3944,0,2.84
7629,0,5,0.3294,0.3436,0.3347,1,40.79
7630,1,2,0.2492,0.4039,0.3357,1,42.45
7631,1,1,0.2757,0.4572,0.327,1,54.59
7632,1,4,0.1211,0.6658,0.4228,0,3.61
7633,2,1,0.1382,0.3443,0.3575,1,36.03
7634,0,4,0.1382,0.5192,0.2913,0,1.99
7635,0,1,0.1757,0.4212,0.188,0,4.37
7636,1,2,0.2878,0.4113,0.3492,1,47.1
7637,1,1,0.2878,0.3202,0.2964,1,184.45
7638,1,5,0.2757,0.4501,0.4452,1,100.34
7639,1,4,0.1206,0.6133,0.4095,1,241.21
7640,1,1,0.3266,0.286,0.2995,0,2.04
7641,1,1,0.1206,0.2927,0.2394,0,1.66
7642,1,2,0.2853,0.2706,0.3132,0,2.73
7643,0,3,0.0168,0.1982,0.1446,1,37.45
7644,1,1,0.163,0.2565,0.243,0,2.62
7645,1,4,0.1476,0.778,0.4588,1,44.41
7646,0,2,0.0168,0.6965,0.2392,1,44.32
7647,2,4,0.2372,0.0242,0.3972,1,20.57
7648,1,4,0.223,0.5996,0.4368,1,106.04
7649,2,5,0.1768,0.4287,0.5102,1,23.31
7650,0,1,0.0465,0.4531,0.1572,0,3.37
7651,0,2,0.1757,0.5158,0.2417,0,2.43
7652,0,1,0.2372,0.4861,0.2227,0,2.02
7653,0,5,0.0719,0.6778,0.341,1,14.71
7654,0,2,0.163,0.194,0.1574,0,2.03
7655,1,5,0.1166,0.4111,0.3878,0,3.26
7656,0,5,0.2281,0.6401,0.3785,0,3.8
7657,1,2,0.2492,0.1359,0.2687,1,40.51
7658,0,2,0.183,0.42,0.2199,0,1.58
7659,2,1,0.1179,0.1077,0.2923,0,2.15
7660,1,5,0.0836,0.3503,0.3627,0,1.3
7661,1,3,0.3485,0.3381,0.3791,0,2.3
7662,1,3,0.2853,0.3673,0.3674,1,39.19
7663,1,4,0.3485,0.5843,0.4706,1,34.0
7664,1,2,0.4038,0.6357,0.4401,1,26.42
7665,2,5,0.3463,0.2765,0.523,1,19.31
7666,1,5,0.3266,0.3722,0.441,1,23.87
7667,1,3,0.0719,0.4758,0.3305,1,105.69
7668,0,5,0.2492,0.4661,0.3413,0,3.49
7669,1,4,0.2906,0.4702,0.4247,1,25.94
7670,1,5,0.1211,0.6502,0.4489,1,32.89
7671,0,1,0.0719,0.3718,0.1445,0,2.64
7672,2,1,0.1135,0.9036,0.49,1,85.16
7673,0,5,0.0168,0.1464,0.1916,0,2.5
7674,1,2,0.1768,0.5828,0.3587,0,1.72
7675,1,5,0.5395,0.538,0.5464,1,17.51
7676,1,4,0.183,0.7075,0.4518,1,63.56
7677,2,5,0.1904,0.6999,0.5821,1,23.31
7678,0,1,0.1094,0.2387,0.1225,0,2.95
7679,0,3,0.1135,0.3431,0.2098,0,2.93
7680,1,5,0.223,0.2536,0.3803,1,52.28
7681,0,1,0.0719,0.4654,0.1679,0,3.42
7682,2,2,0.1179,0.2959,0.3693,1,52.24
7683,1,2,0.299,0.3284,0.3318,0,1.72
7684,1,4,0.2757,0.5146,0.4314,1,50.45
7685,0,2,0.1166,0.9109,0.3227,0,1.53
7686,1,3,0.1768,0.4144,0.3466,0,2.2
7687,1,5,0.0399,0.3114,0.3398,1,83.84
7688,1,1,0.1674,0.446,0.2917,0,3.07
7689,0,5,0.2301,0.723,0.3998,1,70.22
7690,0,4,0.183,0.5047,0.3011,0,2.75
7691,0,1,0.183,0.52,0.2149,0,2.38
7692,1,3,0.4038,0.564,0.4521,0,2.74
7693,0,5,0.1502,0.5656,0.3365,0,2.42
7694,0,4,0.2757,0.6551,0.3665,0,3.53
7695,1,5,0.0168,0.3282,0.3371,1,38.97
7696,0,2,0.1094,0.6648,0.259,0,1.53
7697,2,3,0.3463,0.2946,0.4675,1,30.06
7698,1,4,0.1476,0.2186,0.3189,0,2.55
7699,0,4,0.5395,0.3657,0.3733,0,2.6
7700,0,5,0.1476,0.3266,0.2759,1,50.59
7701,1,3,0.1904,0.1903,0.2947,0,2.46
7702,0,1,0.5395,0.4625,0.3075,1,110.72
7703,1,5,0.2906,0.3948,0.4359,1,40.93
7704,0,5,0.2301,0.6218,0.3745,0,2.51
7705,0,3,0.183,0.4642,0.261,1,42.64
7706,1,5,0.2281,0.8959,0.5424,0,1.87
7707,1,2,0.1674,0.5062,0.3368,0,3.56
7708,0,4,0.5395,0.4865,0.4035,1,21.71
7709,0,4,0.223,0.057,0.2012,1,12.94
7710,0,2,0.223,0.2267,0.1836,1,41.56
7711,0,3,0.1577,0.3861,0.2338,1,41.27
7712,0,4,0.2727,0.2798,0.2718,1,56.95
7713,1,1,0.2082,0.3397,0.2774,0,6.22
7714,0,3,0.3485,0.2348,0.2532,0,1.23
7715,1,1,0.1135,0.4777,0.2835,0,2.6
7716,0,3,0.0465,0.5488,0.2411,1,48.11
7717,1,4,0.0719,0.6508,0.4043,1,53.79
7718,0,3,0.2771,0.1928,0.2213,0,2.18
7719,1,3,0.2562,0.6933,0.4402,0,1.75
7720,1,4,0.3485,0.3382,0.4091,1,85.22
7721,0,2,0.2771,0.5108,0.2708,1,56.86
7722,0,3,0.2757,0.7367,0.3569,0,2.33
7723,2,1,0.1768,0.639,0.4428,1,45.63
7724,1,4,0.4038,0.8104,0.5437,1,145.15
7725,0,1,0.1577,0.293,0.1506,0,2.75
7726,0,1,0.1178,0.2948,0.139,0,1.49
7727,0,3,0.0911,0.4246,0.2235,0,2.38
7728,0,1,0.2281,0.5711,0.2412,1,32.79
7729,1,2,0.2562,0.2135,0.2902,0,2.59
7730,0,5,0.1476,0.5393,0.3291,1,73.73
7731,1,4,0.3485,0.3667,0.4162,1,104.61
7732,1,5,0.1051,0.3913,0.3794,1,10.06
7733,1,4,0.2906,0.1492,0.3445,1,46.34
7734,0,4,0.4038,0.3641,0.3322,1,16.97
7735,1,5,0.2082,0.354,0.401,0,1.5
7736,1,2,0.2727,0.1471,0.2786,1,30.36
7737,1,5,0.2492,0.5891,0.472,1,42.47
7738,0,5,0.2906,0.6292,0.3945,1,97.08
7739,0,5,0.0836,0.6403,0.3352,0,3.25
7740,1,2,0.1382,0.4337,0.3099,0,1.47
7741,1,4,0.1012,0.3306,0.333,1,209.22
7742,1,2,0.1382,0.507,0.3282,0,2.47
7743,2,1,0.1577,0.5194,0.4072,1,52.8
7744,1,3,0.1206,0.4083,0.3283,1,20.85
7745,0,2,0.183,0.4547,0.2286,0,1.79
7746,1,1,0.4038,0.5488,0.3883,0,2.75
7747,1,5,0.3611,0.6309,0.5161,1,121.21
7748,1,2,0.1012,0.5507,0.328,0,2.07
7749,0,4,0.2281,0.3599,0.2784,1,28.32
7750,1,1,0.1135,0.332,0.247,1,20.76
7751,1,3,0.3485,0.4951,0.4183,0,1.85
7752,2,3,0.0465,0.3768,0.3982,1,29.26
7753,1,2,0.2757,0.367,0.3345,0,1.76
7754,0,4,0.1166,0.5108,0.2827,0,2.23
7755,1,2,0.2082,0.3905,0.3201,0,1.66
7756,1,3,0.3485,0.4084,0.3966,0,2.19
7757,2,3,0.3266,0.3597,0.4779,1,114.27
7758,2,4,0.1674,0.5445,0.5063,1,17.82
7759,1,2,0.1476,0.6841,0.3753,1,222.48
7760,0,5,0.1012,0.1851,0.2266,0,2.25
7761,1,4,0.2301,0.6266,0.4457,1,71.05
7762,2,5,0.2301,0.4806,0.5392,1,37.65
7763,0,2,0.0168,0.5448,0.2012,0,2.09
7764,1,1,0.163,0.2786,0.2486,0,4.81
7765,0,2,0.1166,0.488,0.217,0,1.53
7766,0,1,0.2281,0.5454,0.2348,0,2.22
7767,1,4,0.0399,0.5984,0.3816,1,105.91
7768,0,5,0.2492,0.6242,0.3808,1,40.97
7769,0,4,0.1674,0.6912,0.343,1,109.37
7770,1,3,0.1757,0.4621,0.3582,0,1.63
7771,1,2,0.0437,0.2692,0.2404,1,37.24
7772,1,5,0.1476,0.1431,0.3301,0,2.04
7773,1,4,0.2301,0.6024,0.4396,0,2.14
7774,2,2,0.223,0.2768,0.3961,1,113.05
7775,1,5,0.3463,0.391,0.4516,1,61.98
7776,2,4,0.3463,0.303,0.4996,1,189.2
7777,0,1,0.3294,0.4917,0.2517,0,2.43
7778,1,2,0.0168,0.4506,0.2777,0,2.95
7779,1,3,0.3463,0.3348,0.3776,1,21.25
7780,0,4,0.5395,0.4522,0.3949,1,16.29
7781,1,2,0.2853,0.7157,0.4245,0,2.39
7782,0,4,0.3294,0.293,0.2921,0,2.62
7783,0,4,0.2771,0.2698,0.2706,1,66.48
7784,0,3,0.1674,0.7492,0.3275,0,1.01
7785,0,2,0.2372,0.3095,0.2085,0,2.25
7786,1,2,0.0437,0.3058,0.2496,1,32.41
7787,2,2,0.1166,0.3002,0.37,1,12.21
7788,0,5,0.1757,0.5197,0.3326,0,3.0
7789,2,2,0.3463,0.5302,0.4964,1,162.04
7790,0,1,0.0719,0.6559,0.2155,0,1.86
7791,0,4,0.2757,0.4175,0.3071,1,65.63
7792,1,5,0.2878,0.2704,0.4039,0,2.47
7793,1,4,0.0911,0.2647,0.3135,1,96.02
7794,0,2,0.0911,0.1096,0.1147,0,1.58
7795,0,3,0.1166,0.367,0.2167,1,25.83
7796,0,4,0.1166,0.6718,0.3229,0,0.92
7797,0,3,0.0719,0.4475,0.2234,0,1.75
7798,0,5,0.2492,0.4665,0.3414,0,1.72
7799,1,5,0.1476,0.1216,0.3247,0,6.91
7800,1,1,0.299,0.5456,0.3561,1,30.15
7801,1,5,0.299,0.2995,0.4146,0,3.71
7802,0,3,0.0719,0.3416,0.197,1,36.17
7803,1,1,0.2906,0.5463,0.3538,0,1.5
7804,0,5,0.1179,0.1815,0.2307,1,46.67
7805,1,2,0.3611,0.4065,0.37,1,79.39
7806,0,1,0.1178,0.4315,0.1732,0,2.96
7807,0,1,0.2372,0.7666,0.2928,1,47.82
7808,1,1,0.223,0.5366,0.331,0,1.88
7809,1,3,0.2301,0.454,0.3725,0,4.26
7810,0,3,0.2878,0.6131,0.3296,0,2.13
7811,1,1,0.2727,0.3348,0.2955,1,18.02
7812,1,3,0.2771,0.3943,0.3717,0,3.37
7813,1,5,0.0399,0.4978,0.3864,1,119.21
7814,0,4,0.1206,0.4424,0.2668,0,2.61
7815,1,5,0.163,0.4882,0.421,0,4.26
7816,1,4,0.1135,0.4454,0.3654,1,119.22
7817,0,3,0.0836,0.574,0.2586,1,19.63
7818,1,1,0.2372,0.4598,0.3161,1,15.16
7819,1,4,0.2727,0.4418,0.4123,1,97.87
7820,0,2,0.1382,0.3532,0.1898,0,2.3
7821,0,1,0.2372,0.8993,0.326,0,2.29
7822,0,1,0.2281,0.6357,0.2574,1,21.67
7823,1,5,0.0836,0.2793,0.3449,0,1.36
7824,0,1,0.3463,0.3507,0.2216,0,3.73
7825,0,4,0.1178,0.6979,0.3298,0,1.96
7826,0,2,0.2727,0.5484,0.2789,1,22.48
7827,1,5,0.0719,0.871,0.4893,1,46.26
7828,1,5,0.1674,0.4163,0.4043,0,2.4
7829,0,2,0.1211,0.5763,0.2404,0,2.77
7830,0,3,0.183,0.4624,0.2605,0,2.55
7831,0,5,0.1476,0.5194,0.3241,1,71.49
7832,1,3,0.2757,0.3428,0.3584,1,109.73
7833,1,4,0.1757,0.6817,0.4431,0,0.95
7834,0,1,0.223,0.3706,0.1896,0,2.43
7835,1,4,0.5295,0.2978,0.4533,0,2.23
7836,1,4,0.2372,0.3847,0.3873,0,2.1
7837,0,2,0.0836,0.2828,0.1558,0,1.08
7838,1,5,0.0168,0.7215,0.4354,1,46.23
7839,1,4,0.0911,0.5993,0.3972,0,2.11
7840,1,1,0.335,0.3508,0.3182,1,33.17
7841,0,5,0.3611,0.4347,0.367,0,4.24
7842,1,4,0.2757,0.6641,0.4687,1,52.41
7843,0,4,0.0911,0.5929,0.2956,1,32.1
7844,0,4,0.3463,0.7201,0.4039,1,104.96
7845,1,2,0.1012,0.4353,0.2992,0,1.2
7846,1,5,0.2757,0.2549,0.3964,0,2.15
7847,0,4,0.2757,0.4904,0.3253,0,2.35
7848,2,3,0.1757,0.8997,0.5676,1,24.52
7849,2,3,0.1178,0.711,0.5031,1,55.65
7850,2,1,0.3463,0.3424,0.4195,1,36.63
7851,0,4,0.0399,0.4496,0.2444,0,3.67
7852,1,3,0.1577,0.403,0.3381,1,41.45
7853,0,5,0.2757,0.5934,0.3811,1,41.29
7854,0,5,0.1674,0.5302,0.3328,1,35.04
7855,0,5,0.2281,0.3105,0.2961,1,28.86
7856,1,4,0.0911,0.6482,0.4094,1,150.13
7857,0,1,0.1577,0.6876,0.2492,0,2.67
7858,0,1,0.2878,0.3059,0.1928,0,4.5
7859,0,2,0.0836,0.4071,0.1869,0,7.57
7860,1,3,0.1674,0.4317,0.3481,0,3.01
7861,1,2,0.1757,0.6715,0.3806,1,24.21
7862,2,4,0.4038,0.5826,0.5868,1,55.9
7863,0,2,0.1382,0.2528,0.1647,1,43.95
7864,1,1,0.223,0.1704,0.2395,0,1.63
7865,1,3,0.335,0.5565,0.4296,1,34.71
7866,1,5,0.1577,0.27,0.3648,1,69.75
7867,1,4,0.2606,0.4274,0.405,1,500.0
7868,0,1,0.2492,0.3683,0.1968,0,1.27
7869,1,2,0.2906,0.5747,0.3909,0,2.5
7870,0,4,0.1206,0.5292,0.2885,1,70.98
7871,0,1,0.299,0.4371,0.229,1,99.46
7872,0,3,0.183,0.458,0.2594,0,2.81
7873,1,5,0.2878,0.4002,0.4364,1,58.01
7874,0,3,0.1904,0.601,0.2974,0,1.63
7875,0,5,0.0168,0.2878,0.227,1,20.3
7876,0,3,0.0399,0.75,0.2895,0,1.3
7877,0,2,0.163,0.8847,0.3301,0,3.61
7878,0,1,0.0168,0.3812,0.1303,1,26.24
7879,1,5,0.3611,0.0,0.3583,1,29.01
7880,2,3,0.1382,0.5401,0.4665,0,2.83
7881,1,2,0.2492,0.7431,0.4205,0,1.92
7882,1,1,0.0719,0.4607,0.2667,0,1.04
7883,1,2,0.1094,0.4743,0.3114,0,2.6
7884,0,5,0.3266,0.6873,0.4198,1,44.33
7885,2,3,0.0836,0.4859,0.4366,0,1.21
7886,0,2,0.183,0.6009,0.2651,0,2.3
7887,2,3,0.335,0.4084,0.4926,0,2.48
7888,2,4,0.1476,0.6305,0.5219,1,40.37
7889,2,5,0.5295,0.7268,0.6906,0,2.11
7890,1,3,0.2878,0.5426,0.412,1,40.29
7891,0,3,0.1135,0.4934,0.2474,0,2.63
7892,0,2,0.1012,0.4522,0.2034,0,1.53
7893,0,3,0.2281,0.5839,0.3044,1,62.24
7894,1,2,0.0399,0.5093,0.2993,1,20.17
7895,0,3,0.0719,0.5337,0.245,0,0.9
7896,2,2,0.0399,0.4797,0.3919,1,131.9
7897,2,2,0.1135,0.5649,0.4353,0,2.79
7898,0,5,0.2301,0.6094,0.3714,0,1.28
7899,1,2,0.0911,0.2313,0.2452,1,69.83
7900,1,1,0.1206,0.4929,0.2894,0,3.73
7901,0,2,0.3294,0.5997,0.3087,1,28.17
7902,2,1,0.3294,0.7318,0.5118,0,1.76
7903,1,4,0.2562,0.1873,0.3437,1,47.75
7904,1,4,0.3266,0.5804,0.4631,1,77.57
7905,1,3,0.1674,0.5064,0.3668,0,1.01
7906,0,2,0.1135,0.5523,0.2321,1,35.21
7907,1,5,0.1211,0.4561,0.4004,1,171.44
7908,1,3,0.2906,0.6933,0.4505,1,53.73
7909,1,5,0.2301,0.3281,0.4011,1,22.52
7910,1,3,0.1179,0.4126,0.3285,0,7.11
7911,1,5,0.0836,0.4348,0.3838,0,1.7
7912,1,5,0.2906,0.3922,0.4352,1,28.62
7913,1,4,0.1179,0.3473,0.3422,1,108.13
7914,1,1,0.0399,0.2854,0.2133,1,22.57
7915,1,2,0.335,0.7362,0.4445,1,59.27
7916,1,1,0.3463,0.5283,0.366,0,1.32
7917,0,2,0.2906,0.4434,0.258,0,4.3
7918,1,5,0.2492,0.5791,0.4695,1,18.41
7919,0,2,0.0168,0.5624,0.2056,0,1.17
7920,1,4,0.2562,0.6335,0.4552,1,51.07
7921,0,5,0.1178,0.3311,0.2681,1,28.83
7922,1,1,0.0836,0.6065,0.3067,0,3.12
7923,0,3,0.1135,0.7992,0.3238,0,2.41
7924,0,3,0.335,0.4322,0.2986,0,2.53
7925,0,1,0.0836,0.2531,0.1184,0,2.08
7926,0,1,0.1094,0.3251,0.1441,1,24.64
7927,0,4,0.1051,0.0848,0.1727,0,1.58
7928,1,4,0.1012,0.4385,0.36,0,2.76
7929,1,2,0.2906,0.3711,0.34,1,25.24
7930,0,4,0.1502,0.5865,0.3117,0,1.46
7931,0,1,0.2906,0.4253,0.2235,1,101.6
7932,1,4,0.0399,0.4783,0.3515,1,35.84
7933,1,2,0.299,0.4966,0.3738,1,31.04
7934,0,2,0.2906,0.789,0.3444,0,3.13
7935,0,4,0.183,0.457,0.2892,0,2.13
7936,2,3,0.2301,0.5448,0.4952,1,60.91
7937,1,3,0.299,0.5065,0.4063,1,20.95
7938,1,4,0.0719,0.5473,0.3784,1,87.81
7939,1,5,0.1012,0.6111,0.4331,1,24.72
7940,1,1,0.1211,0.9483,0.4034,1,13.38
7941,0,2,0.0399,0.2438,0.1329,0,2.12
7942,2,5,0.2281,0.3704,0.511,1,109.53
7943,0,5,0.1012,0.329,0.2626,1,25.7
7944,0,5,0.2372,0.6848,0.3924,0,4.11
7945,0,3,0.299,0.67,0.3472,0,3.14
7946,1,5,0.5295,0.8046,0.61,1,162.12
7947,1,2,0.1051,0.4856,0.3129,0,2.07
7948,1,4,0.2301,0.2402,0.3491,1,164.49
7949,1,5,0.1476,0.4435,0.4052,1,34.62
7950,0,4,0.1757,0.3092,0.25,0,2.88
7951,1,5,0.1382,0.457,0.4057,1,130.38
7952,2,3,0.3485,0.3654,0.4859,1,248.94
7953,0,1,0.2372,0.4965,0.2253,0,3.27
7954,0,3,0.2727,0.5901,0.3193,1,41.98
7955,0,4,0.1051,0.355,0.2403,0,3.9
7956,1,5,0.2562,0.1257,0.3583,1,102.84
7957,0,2,0.1166,0.5042,0.221,0,2.0
7958,1,1,0.3463,0.613,0.3871,1,47.54
7959,0,4,0.1382,0.4681,0.2785,1,45.5
7960,0,1,0.163,0.3585,0.1685,1,31.16
7961,1,1,0.0399,0.6374,0.3013,0,0.73
7962,0,2,0.1502,0.6632,0.2709,0,1.51
7963,0,4,0.3611,0.6998,0.4033,1,51.67
7964,1,3,0.1166,0.5784,0.3696,0,4.2
7965,1,3,0.1094,0.6343,0.3814,1,37.28
7966,2,5,0.1135,0.7195,0.5639,1,108.29
7967,0,2,0.1051,0.378,0.186,0,4.16
7968,0,5,0.0437,0.6449,0.3243,1,128.77
7969,0,3,0.1166,0.7207,0.3052,0,2.86
7970,2,5,0.1094,0.5298,0.5153,1,397.62
7971,1,3,0.2301,0.5166,0.3882,1,33.38
7972,2,1,0.1757,0.262,0.3482,0,4.1
7973,1,2,0.1178,0.5353,0.3292,0,2.79
7974,0,3,0.1135,0.2973,0.1984,1,33.06
7975,2,5,0.0836,0.458,0.4896,0,2.11
7976,1,4,0.1382,0.4988,0.3862,0,1.49
7977,2,5,0.1757,0.5713,0.5455,1,23.34
7978,0,3,0.0168,0.4536,0.2084,0,2.23
7979,0,3,0.1135,0.3903,0.2216,1,16.29
7980,0,3,0.0836,0.3138,0.1935,0,2.06
7981,2,2,0.1178,0.31,0.3728,1,78.57
7982,0,3,0.1051,0.5118,0.2495,0,2.23
7983,2,3,0.1757,0.5176,0.4721,1,32.87
7984,1,4,0.1094,0.4014,0.3532,0,1.3
7985,0,2,0.2301,0.3273,0.2109,0,1.75
7986,1,4,0.1476,0.658,0.4288,1,53.65
7987,1,5,0.0719,0.2493,0.3339,0,4.05
7988,0,2,0.3485,0.4841,0.2856,0,1.16
7989,2,5,0.2281,0.5714,0.5613,1,48.25
7990,0,3,0.2301,0.4727,0.2772,0,3.23
7991,0,3,0.0437,0.3782,0.1977,0,2.35
7992,0,1,0.5395,0.5466,0.3285,1,63.1
7993,1,4,0.2301,0.3173,0.3684,1,95.31
7994,0,5,0.2906,0.3699,0.3297,0,1.51
7995,0,2,0.2771,0.6656,0.3095,1,69.56
7996,1,5,0.5295,0.2204,0.464,1,49.16
7997,1,5,0.2727,0.562,0.4723,1,34.91
7998,0,4,0.2606,0.5098,0.3256,1,21.38
7999,1,2,0.1502,0.5278,0.337,1,8.53
8000,1,5,0.1051,0.4461,0.3931,0,2.55
8001,1,2,0.2492,0.5657,0.3762,1,23.3
8002,1,3,0.1051,0.398,0.321,1,12.05
8003,2,3,0.3611,0.6257,0.5548,1,137.07
8004,0,5,0.5295,0.583,0.4546,1,163.13
8005,2,5,0.1166,0.4729,0.5032,1,35.22
8006,0,4,0.1051,0.7671,0.3433,1,19.07
8007,0,2,0.163,0.3508,0.1966,0,3.75
8008,2,1,0.2301,0.5509,0.4368,1,82.49
8009,1,2,0.0437,0.3075,0.25,0,2.2
8010,0,5,0.183,0.3058,0.2814,0,2.13
8011,0,3,0.1768,0.2752,0.2118,0,1.83
8012,1,1,0.2727,0.4403,0.3219,0,3.92
8013,1,3,0.0911,0.6294,0.3747,0,3.94
8014,1,4,0.0437,0.3696,0.3255,1,10.71
8015,0,3,0.2853,0.459,0.2903,1,23.98
8016,2,1,0.2727,0.4849,0.433,0,2.54
8017,1,1,0.3294,0.3493,0.3161,0,2.96
8018,0,5,0.2562,0.4221,0.3324,1,76.46
8019,1,5,0.1135,0.5875,0.4309,1,94.26
8020,1,4,0.1051,0.6536,0.4149,1,127.95
8021,0,2,0.2878,0.3354,0.2302,1,79.53
8022,0,1,0.1012,0.5881,0.2074,1,90.28
8023,0,1,0.2878,0.7371,0.3006,0,3.04
8024,0,1,0.2771,0.2315,0.171,1,41.41
8025,0,2,0.2757,0.4903,0.2653,1,18.08
8026,0,1,0.1577,0.3529,0.1655,0,3.14
8027,1,4,0.2727,0.3311,0.3846,1,39.9
8028,0,3,0.1211,0.5983,0.2759,1,18.49
8029,1,5,0.1382,0.2617,0.3569,1,74.45
8030,1,1,0.0836,0.3058,0.2315,0,1.57
8031,0,3,0.1768,0.3628,0.2337,1,9.85
8032,1,5,0.299,0.6108,0.4924,1,151.27
8033,1,1,0.0836,0.3634,0.2459,0,3.57
8034,0,2,0.299,0.4739,0.2682,0,2.27
8035,2,4,0.1166,0.543,0.4907,1,50.45
8036,0,3,0.1757,0.2163,0.1968,1,19.48
8037,0,2,0.1577,0.2091,0.1596,0,2.65
8038,0,4,0.163,0.4737,0.2873,0,2.03
8039,1,5,0.163,0.4083,0.401,0,3.37
8040,0,4,0.3485,0.2998,0.2995,1,20.83
8041,0,5,0.0437,0.0422,0.1737,1,62.56
8042,0,3,0.2372,0.5578,0.3006,1,27.89
8043,0,1,0.2771,0.7224,0.2937,0,1.2
8044,0,1,0.3485,0.2996,0.2094,0,2.58
8045,0,3,0.2757,0.34,0.2577,0,2.78
8046,1,1,0.1502,0.3079,0.252,0,2.16
8047,1,5,0.1179,0.798,0.4849,1,98.22
8048,0,5,0.1179,0.3217,0.2658,1,74.07
8049,0,4,0.5395,0.4583,0.3964,1,158.77
8050,0,1,0.1094,0.5414,0.1982,0,1.63
8051,0,5,0.4038,0.75,0.4586,0,1.89
8052,0,3,0.2082,0.3055,0.2288,0,1.81
8053,0,1,0.0399,0.3303,0.1245,0,2.7
8054,0,3,0.1382,0.1968,0.1807,1,16.78
8055,0,3,0.1904,0.4544,0.2607,0,1.34
8056,1,5,0.2757,0.4342,0.4413,0,2.54
8057,2,1,0.1178,0.4672,0.3821,0,2.57
8058,0,5,0.299,0.406,0.3412,0,2.21
8059,0,1,0.5395,0.3603,0.2819,1,13.88
8060,0,4,0.2606,0.4651,0.3145,1,62.69
8061,0,4,0.2878,0.2237,0.2623,0,3.86
8062,1,3,0.1012,0.2986,0.295,0,2.77
8063,1,1,0.0719,0.7006,0.3267,0,1.67
8064,0,4,0.163,0.6757,0.3378,0,3.61
8065,2,1,0.2301,0.6635,0.4649,1,44.74
8066,0,2,0.1166,0.5375,0.2294,1,21.26
8067,1,4,0.5395,0.5199,0.5118,1,142.59
8068,0,2,0.1768,0.5128,0.2412,0,1.34
8069,0,2,0.1382,0.2687,0.1686,0,3.59
8070,2,4,0.2771,0.4805,0.5233,0,2.57
8071,1,3,0.223,0.0414,0.2672,1,91.94
8072,1,2,0.1178,0.3027,0.271,0,2.13
8073,0,2,0.1577,0.2728,0.1755,0,1.79
8074,2,3,0.2301,0.1368,0.3932,0,3.95
8075,1,4,0.0465,0.3366,0.3181,1,55.72
8076,0,2,0.3266,0.3651,0.2493,0,1.19
8077,0,2,0.2606,0.5649,0.2794,1,40.23
8078,2,1,0.3266,0.3776,0.4224,1,211.4
8079,1,3,0.0437,0.589,0.3504,0,1.59
8080,0,3,0.2906,0.6237,0.3331,1,5.41
8081,1,1,0.1051,0.3743,0.2551,0,4.47
8082,0,5,0.1382,0.648,0.3535,1,63.36
8083,1,5,0.1757,0.4528,0.4159,1,108.51
8084,2,1,0.0719,0.2584,0.3162,0,1.79
8085,0,1,0.1674,0.4441,0.1912,0,3.33
8086,0,3,0.1166,0.3908,0.2227,0,3.02
8087,0,2,0.1094,0.3263,0.1744,0,1.62
8088,1,2,0.1166,0.5321,0.328,1,28.93
8089,0,4,0.5395,0.5977,0.4313,1,49.33
8090,1,3,0.0719,0.5365,0.3457,1,33.43
8091,2,4,0.3611,0.7265,0.61,1,275.35
8092,0,3,0.3294,0.4814,0.3092,1,12.14
8093,0,2,0.1206,0.8573,0.3105,1,16.87
8094,0,2,0.2771,0.6564,0.3072,1,48.06
8095,2,3,0.2757,0.704,0.5487,0,1.65
8096,0,1,0.5295,0.6059,0.3403,1,42.97
8097,1,5,0.1577,0.195,0.3461,1,30.2
8098,0,2,0.2727,0.5179,0.2713,0,2.56
8099,0,2,0.2906,0.6142,0.3007,0,2.1
8100,1,3,0.0399,0.6273,0.3588,0,3.2
8101,0,3,0.3266,0.4959,0.312,1,500.0
8102,0,4,0.1757,0.4143,0.2763,1,23.67
8103,0,5,0.3611,0.1484,0.2954,1,21.14
8104,0,1,0.4038,0.6633,0.317,1,29.67
8105,1,4,0.1178,0.6289,0.4126,0,1.75
8106,0,3,0.0911,0.4695,0.2347,1,46.98
8107,1,3,0.5395,0.6853,0.5232,1,40.26
8108,2,5,0.2853,0.774,0.6291,0,2.81
8109,0,3,0.1674,0.5378,0.2747,0,1.59
8110,1,5,0.1206,0.481,0.4064,1,38.31
8111,2,1,0.3294,0.3299,0.4113,0,1.85
8112,0,2,0.3294,0.3557,0.2477,0,0.92
8113,1,3,0.2606,0.6715,0.4361,1,73.7
8114,1,2,0.1206,0.3695,0.2886,0,3.69
8115,0,1,0.2757,0.6912,0.2855,0,3.75
8116,0,5,0.1179,0.231,0.2431,0,2.77
8117,0,4,0.223,0.6788,0.3566,0,2.33
8118,1,5,0.0465,0.4169,0.3682,0,2.03
8119,1,1,0.2606,0.4787,0.3279,1,102.72
8120,2,5,0.2281,0.4541,0.532,1,48.29
8121,1,4,0.2301,0.0999,0.314,0,1.55
8122,1,2,0.3266,0.3115,0.3359,1,24.37
8123,2,4,0.3266,0.5236,0.5489,1,63.53
8124,0,4,0.1674,0.2986,0.2449,0,2.87
8125,2,5,0.3266,0.4162,0.552,1,94.49
8126,0,2,0.0836,0.6428,0.2458,1,52.87
8127,1,1,0.0399,0.6028,0.2927,0,1.54
8128,0,3,0.1211,0.3653,0.2177,1,67.23
8129,2,4,0.0836,0.2999,0.4201,1,91.51
8130,2,4,0.3611,0.1111,0.4561,0,2.13
8131,0,5,0.0168,0.4826,0.2757,0,3.23
8132,0,4,0.163,0.1092,0.1962,0,2.68
8133,1,4,0.2606,0.403,0.3989,1,101.42
8134,2,5,0.183,0.4054,0.5062,0,3.26
8135,1,4,0.0465,0.4912,0.3568,0,2.33
8136,2,4,0.2562,0.4166,0.501,1,76.7
8137,0,1,0.299,0.8583,0.3343,0,2.06
8138,0,1,0.5295,0.445,0.3001,0,1.88
8139,0,5,0.0911,0.6422,0.3379,0,2.41
8140,0,3,0.1178,0.6134,0.2787,0,1.9
8141,1,4,0.0719,0.2397,0.3015,0,3.98
8142,0,4,0.2757,0.2301,0.2602,0,1.31
8143,0,4,0.2606,0.6568,0.3624,1,123.84
8144,0,5,0.1577,0.4715,0.3152,1,48.18
8145,0,1,0.2727,0.5227,0.2425,0,2.06
8146,1,1,0.183,0.5228,0.3156,1,27.46
8147,1,5,0.3266,0.418,0.4525,0,2.48
8148,0,1,0.2606,0.3148,0.1869,0,3.18
8149,1,2,0.5295,0.2563,0.3829,0,3.43
8150,1,2,0.3485,0.65,0.427,1,56.06
8151,1,1,0.3266,0.3466,0.3146,0,2.94
8152,1,4,0.2757,0.6054,0.4541,1,68.47
8153,0,3,0.5395,0.433,0.3601,1,73.36
8154,1,4,0.2757,0.7159,0.4817,1,33.35
8155,1,4,0.223,0.3303,0.3695,0,2.22
8156,0,2,0.2771,0.5675,0.285,0,1.81
8157,0,2,0.1179,0.2947,0.169,0,1.65
8158,0,2,0.1206,0.5187,0.2259,1,20.22
8159,0,5,0.2757,0.3822,0.3283,0,1.44
8160,1,4,0.2606,0.1944,0.3468,1,128.5
8161,0,3,0.1135,0.3697,0.2165,0,9.18
8162,1,3,0.1502,0.5894,0.3824,1,53.45
8163,0,1,0.2301,0.6478,0.261,1,62.8
8164,1,4,0.183,0.6333,0.4332,1,55.84
8165,1,2,0.1674,0.8245,0.4163,1,110.42
8166,0,1,0.1135,0.4352,0.1728,0,1.44
8167,0,4,0.3611,0.3834,0.3242,1,42.09
8168,0,5,0.1051,0.4583,0.2961,1,125.83
8169,1,5,0.3463,0.6648,0.5201,0,2.47
8170,0,3,0.1178,0.7597,0.3153,0,2.25
8171,0,3,0.0719,0.6952,0.2854,0,2.37
8172,2,1,0.5295,0.2581,0.4534,1,89.53
8173,0,4,0.1206,0.4459,0.2677,0,2.84
8174,1,4,0.1012,0.4106,0.353,1,52.32
8175,0,3,0.0465,0.492,0.227,0,3.39
8176,1,1,0.299,0.1036,0.2456,0,2.69
8177,0,5,0.2372,0.26,0.2862,1,35.06
8178,1,1,0.1178,0.6286,0.3225,1,127.69
8179,0,5,0.1502,0.3045,0.2712,0,1.98
8180,1,4,0.1179,0.3225,0.336,0,2.05
8181,1,3,0.2757,0.1865,0.3193,0,2.73
8182,0,2,0.1051,0.6634,0.2574,1,27.4
8183,1,2,0.0168,0.4517,0.278,0,4.74
8184,1,5,0.3266,0.2787,0.4177,1,203.38
8185,1,5,0.163,0.475,0.4176,0,2.04
8186,0,5,0.1674,0.3195,0.2801,1,104.54
8187,1,4,0.2082,0.2816,0.3529,0,2.4
8188,0,4,0.2757,0.6972,0.377,1,25.02
8189,0,4,0.1577,0.4097,0.2697,1,21.05
8190,1,5,0.1674,0.5024,0.4258,0,3.64
8191,1,2,0.2606,0.4219,0.3437,0,1.91
8192,0,1,0.1577,0.5319,0.2103,1,47.58
8193,0,3,0.4038,0.6667,0.3778,1,263.27
8194,0,3,0.2906,0.5273,0.309,0,1.41
8195,2,3,0.299,0.4239,0.4857,1,105.24
8196,1,3,0.1502,0.5455,0.3714,1,31.9
8197,1,4,0.3294,0.5522,0.4569,1,105.79
8198,1,2,0.223,0.366,0.3184,1,69.55
8199,1,4,0.1476,0.5226,0.3949,1,26.29
8200,1,2,0.3485,0.0682,0.2816,1,18.19
8201,0,3,0.2853,0.5949,0.3243,0,2.67
8202,1,2,0.1135,0.7966,0.3932,0,1.47
8203,1,3,0.0399,0.2937,0.2754,0,2.44
8204,0,3,0.1382,0.3249,0.2127,1,35.77
8205,2,3,0.5395,0.3222,0.5324,1,55.3
8206,1,3,0.2878,0.385,0.3726,0,2.81
8207,0,3,0.1211,0.3445,0.2125,0,2.65
8208,0,5,0.2372,0.5441,0.3572,1,132.79
8209,1,1,0.1178,0.3852,0.2616,1,99.18
8210,1,3,0.3266,0.3625,0.3786,1,20.45
8211,0,1,0.2906,0.362,0.2077,0,1.64
8212,0,1,0.0836,0.4066,0.1567,0,2.34
8213,0,5,0.3266,0.4501,0.3605,0,2.25
8214,2,4,0.0168,0.4674,0.4419,1,36.6
8215,0,5,0.1051,0.7287,0.3637,0,2.94
8216,0,1,0.2606,0.5902,0.2557,0,4.41
8217,0,3,0.1211,0.9242,0.3574,1,42.16
8218,1,3,0.335,0.4275,0.3974,1,9.9
8219,0,4,0.1674,0.486,0.2917,1,54.08
8220,0,2,0.1206,0.3401,0.1812,1,18.01
8221,1,1,0.1012,0.7436,0.3463,1,33.11
8222,0,4,0.1577,0.5232,0.2981,1,55.71
8223,0,2,0.3611,0.3397,0.2533,0,1.45
8224,0,3,0.2878,0.0,0.1763,0,3.12
8225,0,5,0.183,0.4712,0.3227,0,6.23
8226,2,2,0.2853,0.2724,0.4137,1,18.15
8227,0,5,0.2606,0.3253,0.3095,0,2.1
8228,1,4,0.299,0.5708,0.4524,1,59.75
8229,1,1,0.3485,0.5928,0.3827,1,34.36
8230,1,2,0.0437,0.638,0.3326,0,6.33
8231,0,5,0.2082,0.3767,0.3066,0,2.34
8232,0,4,0.4038,0.5164,0.3702,1,23.65
8233,1,3,0.3611,0.5431,0.4341,1,131.05
8234,1,1,0.335,0.478,0.35,1,63.37
8235,2,3,0.1674,0.4788,0.4599,1,146.43
8236,0,5,0.1211,0.4583,0.3009,0,1.54
8237,1,4,0.2082,0.6692,0.4498,0,3.4
8238,2,5,0.163,0.5294,0.5312,0,2.26
8239,2,1,0.3266,0.3108,0.4057,1,37.76
8240,0,1,0.3294,0.4083,0.2309,0,2.43
8241,0,5,0.1757,0.224,0.2587,0,1.09
8242,0,5,0.2771,0.7047,0.4093,1,37.54
8243,0,2,0.1179,0.0458,0.1068,0,1.97
8244,1,2,0.2906,0.6463,0.4088,1,159.4
8245,1,3,0.1382,0.4348,0.3402,1,77.57
8246,0,3,0.2492,0.4011,0.265,1,18.7
8247,0,1,0.0168,0.3451,0.1213,0,1.5
8248,0,3,0.1476,0.5451,0.2706,0,3.75
8249,1,5,0.1051,0.3619,0.372,0,1.28
8250,0,5,0.3463,0.4959,0.3779,0,2.51
8251,1,1,0.1502,0.5913,0.3229,0,2.97
8252,1,2,0.1502,0.4326,0.3132,0,2.72
8253,0,3,0.183,0.2037,0.1958,0,2.76
8254,0,3,0.2757,0.4981,0.2972,1,44.3
8255,2,5,0.1206,0.4838,0.5071,1,53.44
8256,1,1,0.5395,0.2625,0.3575,0,3.34
8257,0,1,0.163,0.3714,0.1717,0,3.06
8258,1,4,0.0911,0.4287,0.3545,0,1.94
8259,0,5,0.2771,0.6915,0.406,1,31.55
8260,0,4,0.2757,0.5513,0.3405,0,3.89
8261,1,3,0.0836,0.4318,0.323,1,35.5
8262,2,3,0.2082,0.0946,0.3761,1,27.17
8263,0,3,0.223,0.3448,0.2431,0,2.9
8264,0,5,0.1012,0.2929,0.2536,0,4.27
8265,1,1,0.1674,0.2694,0.2476,0,5.27
8266,1,2,0.2853,0.1624,0.2862,0,1.21
8267,0,3,0.163,0.5572,0.2782,1,44.9
8268,0,1,0.1211,0.355,0.1551,0,2.38
8269,0,4,0.1179,0.4938,0.2788,0,2.52
8270,0,5,0.2372,0.5074,0.348,1,82.57
8271,1,4,0.299,0.4041,0.4107,1,117.93
8272,1,3,0.0911,0.1166,0.2465,0,2.75
8273,1,5,0.2301,0.7022,0.4946,1,74.41
8274,1,5,0.3611,0.2793,0.4282,1,107.49
8275,1,2,0.1768,0.6004,0.3631,1,98.79
8276,1,5,0.1012,0.1863,0.3269,1,9.12
8277,1,2,0.1382,0.7022,0.377,0,2.03
8278,0,5,0.1179,0.5806,0.3305,0,1.94
8279,1,1,0.2727,0.4343,0.3204,0,1.3
8280,1,1,0.0168,0.5175,0.2644,0,1.79
8281,0,2,0.2771,0.2954,0.217,1,16.44
8282,1,5,0.5295,0.4405,0.519,1,100.67
8283,1,3,0.1904,0.6019,0.3976,1,46.62
8284,1,5,0.2562,0.6118,0.4798,1,278.31
8285,1,3,0.2301,0.2364,0.3181,0,3.53
8286,0,4,0.1051,0.5928,0.2997,1,35.41
8287,1,2,0.1502,0.4274,0.3119,0,2.5
8288,1,5,0.299,0.5942,0.4882,1,59.32
8289,0,1,0.0719,0.4149,0.1553,0,2.27
8290,0,3,0.0719,0.6208,0.2668,0,1.57
8291,2,4,0.2906,0.4957,0.5311,1,58.01
8292,1,1,0.1166,0.0767,0.1842,0,3.78
8293,0,2,0.2562,0.3768,0.2311,1,43.94
8294,0,3,0.1012,0.3426,0.206,0,3.11
8295,2,1,0.5295,0.4078,0.4908,0,2.47
8296,0,2,0.223,0.2562,0.191,0,2.12
8297,1,2,0.1768,0.3808,0.3082,0,1.86
8298,0,1,0.2727,0.4055,0.2132,0,3.24
8299,0,5,0.1904,0.4981,0.3316,1,254.25
8300,0,2,0.1674,0.446,0.2217,0,3.17
8301,1,4,0.1674,0.2226,0.3259,1,80.58
8302,0,1,0.163,0.2589,0.1436,0,2.2
8303,0,4,0.0836,0.857,0.3593,0,3.26
8304,0,3,0.2771,0.4341,0.2817,1,93.07
8305,2,1,0.1904,0.4669,0.4038,1,61.78
8306,1,4,0.2082,0.4567,0.3966,1,98.31
8307,1,1,0.3266,0.4523,0.3411,1,80.63
8308,1,1,0.1476,0.447,0.286,1,11.33
8309,1,2,0.3485,0.4911,0.3873,1,108.92
8310,2,3,0.1577,0.3278,0.4193,0,2.64
8311,2,1,0.1904,0.6018,0.4376,1,50.77
8312,1,4,0.0465,0.6703,0.4015,1,81.95
8313,0,3,0.2771,0.3912,0.2709,1,14.38
8314,2,1,0.3294,0.3994,0.4287,1,56.06
8315,0,2,0.1904,0.1384,0.1517,0,2.38
8316,1,5,0.1502,0.2971,0.3693,1,21.86
8317,0,5,0.2301,0.0895,0.2414,0,1.58
8318,1,5,0.1577,0.633,0.4556,0,4.31
8319,0,5,0.1904,0.7962,0.4062,0,2.4
8320,2,5,0.2562,0.3451,0.5131,1,73.23
8321,0,2,0.2878,0.5044,0.2724,1,56.56
8322,1,4,0.0465,0.5872,0.3808,1,19.54
8323,0,3,0.1051,0.3261,0.2031,0,1.84
8324,1,2,0.2281,0.7811,0.4237,1,124.98
8325,2,1,0.1012,0.3633,0.3512,1,26.97
8326,1,3,0.1094,0.6471,0.3846,1,36.7
8327,2,4,0.0437,0.5159,0.4621,0,2.96
8328,0,5,0.2082,0.7487,0.3996,0,1.61
8329,1,2,0.1094,0.4675,0.3097,0,1.52
8330,1,3,0.3294,0.8247,0.495,1,180.66
8331,1,3,0.0168,0.6354,0.3539,1,75.24
8332,0,2,0.163,0.477,0.2282,0,1.6
8333,2,3,0.0465,0.6604,0.469,1,90.81
8334,0,3,0.2906,0.4072,0.279,1,19.34
8335,0,5,0.2492,0.5075,0.3516,0,5.38
8336,1,3,0.2606,0.4631,0.384,0,0.75
8337,2,3,0.1012,0.666,0.4869,1,34.19
8338,0,4,0.2906,0.3756,0.3011,0,1.96
8339,0,3,0.2301,0.1782,0.2036,0,2.39
8340,1,2,0.1178,0.4937,0.3188,1,42.78
8341,0,5,0.183,0.5846,0.351,0,1.45
8342,1,2,0.0911,0.7499,0.3748,1,35.84
8343,1,3,0.0836,0.3477,0.302,1,62.34
8344,0,3,0.2281,0.3527,0.2466,0,4.35
8345,0,1,0.4038,0.608,0.3031,0,3.8
8346,0,5,0.1757,0.3508,0.2904,1,25.11
8347,0,3,0.0437,0.3167,0.1823,0,3.09
8348,0,5,0.0399,0.2982,0.2365,0,1.24
8349,2,2,0.2727,0.3982,0.4414,0,3.48
8350,0,3,0.1051,0.4622,0.2371,1,25.44
8351,1,2,0.3266,0.3236,0.3389,0,2.04
8352,2,3,0.2492,0.4614,0.4801,1,102.63
8353,2,1,0.2281,0.2446,0.3596,0,3.81
8354,0,4,0.2853,0.3723,0.2987,1,115.56
8355,0,5,0.1179,0.4763,0.3044,0,2.19
8356,1,2,0.2492,0.4393,0.3446,1,53.16
8357,1,4,0.2562,0.5935,0.4452,0,1.55
8358,0,1,0.2727,0.4864,0.2334,1,18.31
8359,0,1,0.163,0.4925,0.202,0,1.71
8360,1,4,0.1674,0.3908,0.3679,0,3.63
8361,1,1,0.5395,0.592,0.4398,1,39.52
8362,0,3,0.4038,0.6453,0.3725,1,180.77
8363,1,5,0.2281,0.5179,0.4479,1,26.71
8364,0,2,0.1502,0.334,0.1886,0,1.96
8365,1,3,0.2771,0.4648,0.3893,0,2.56
8366,0,2,0.1051,0.3092,0.1688,0,3.56
8367,1,5,0.2906,0.5411,0.4725,1,36.88
8368,2,3,0.3485,0.6705,0.5622,1,113.78
8369,0,4,0.1178,0.4275,0.2622,1,20.82
8370,0,3,0.0168,0.0442,0.1061,0,1.75
8371,1,4,0.2606,0.4561,0.4122,1,80.09
8372,0,5,0.1757,0.542,0.3382,0,1.9
8373,2,1,0.1051,0.7965,0.4607,0,2.62
8374,1,5,0.2906,0.5143,0.4658,1,94.61
8375,0,3,0.1502,0.5537,0.2735,0,2.02
8376,1,5,0.1206,0.1521,0.3242,0,2.04
8377,0,1,0.1179,0.6609,0.2306,0,2.22
8378,1,5,0.1757,0.5365,0.4368,1,18.49
8379,1,1,0.299,0.4447,0.3309,1,46.34
8380,1,1,0.2906,0.4569,0.3314,1,91.76
8381,1,4,0.1179,0.4126,0.3585,1,34.67
8382,1,3,0.2878,0.7494,0.4637,1,65.57
8383,1,4,0.1166,0.371,0.3477,0,1.46
8384,0,1,0.5295,0.5534,0.3272,1,36.8
8385,0,4,0.335,0.5061,0.347,0,3.5
8386,0,4,0.5395,0.6074,0.4337,1,106.14
8387,1,1,0.0836,0.7269,0.3368,1,224.54
8388,1,4,0.1577,0.3869,0.364,0,1.95
8389,0,1,0.1382,0.3529,0.1597,1,4.78
8390,1,1,0.4038,0.4357,0.3601,1,67.15
8391,0,2,0.1178,0.2293,0.1527,0,3.66
8392,0,3,0.1178,0.5531,0.2636,1,50.47
8393,0,3,0.335,0.7829,0.3862,0,1.34
8394,0,4,0.1179,0.4111,0.2581,0,1.5
8395,0,5,0.2082,0.2545,0.2761,0,2.79
8396,0,3,0.2878,0.3093,0.2537,0,2.64
8397,1,2,0.2771,0.4925,0.3663,0,1.85
8398,1,1,0.1502,0.5327,0.3082,1,23.13
8399,0,2,0.3463,0.2806,0.234,0,1.9
8400,1,2,0.0836,0.3548,0.2738,0,2.46
8401,0,4,0.3463,0.5424,0.3595,1,26.1
8402,0,4,0.2492,0.5544,0.3334,0,3.62
8403,1,3,0.1179,0.4419,0.3358,1,22.21
8404,0,2,0.2853,0.6997,0.3205,0,3.83
8405,1,5,0.1135,0.6707,0.4517,1,84.96
8406,0,1,0.3266,0.3239,0.209,0,2.29
8407,0,2,0.1502,0.7902,0.3026,0,1.11
8408,0,3,0.1904,0.4785,0.2667,0,1.03
8409,1,5,0.1166,0.514,0.4135,1,270.28
8410,1,5,0.3611,0.8393,0.5682,1,362.24
8411,0,4,0.1178,0.5138,0.2838,1,54.99
8412,0,4,0.1206,0.52,0.2862,0,3.15
8413,1,3,0.0911,0.7237,0.3983,0,2.26
8414,0,4,0.1904,0.83,0.3846,1,61.53
8415,0,5,0.2757,0.1903,0.2803,1,41.11
8416,0,5,0.2281,0.2878,0.2904,0,4.23
8417,1,4,0.3485,0.4383,0.4341,1,71.76
8418,1,4,0.1179,0.4155,0.3592,1,46.28
8419,0,3,0.2757,0.577,0.317,0,1.59
8420,0,3,0.0836,0.4227,0.2208,0,2.97
8421,1,3,0.1577,0.4584,0.3519,1,34.33
8422,1,4,0.0399,0.6482,0.394,1,31.43
8423,1,5,0.335,0.6043,0.5016,0,2.53
8424,1,4,0.0437,0.5812,0.3784,1,118.61
8425,2,1,0.1476,0.5425,0.4099,1,62.85
8426,1,4,0.0836,0.6463,0.4067,1,36.55
8427,0,2,0.223,0.3427,0.2126,1,9.23
8428,0,5,0.0836,0.475,0.2938,1,42.51
8429,2,4,0.2492,0.5428,0.5305,0,1.53
8430,0,5,0.1094,0.2806,0.253,1,192.04
8431,1,3,0.1012,0.5492,0.3577,1,69.98
8432,1,3,0.1166,0.238,0.2845,1,32.89
8433,1,4,0.1476,0.3933,0.3626,1,28.68
8434,0,4,0.1768,0.0764,0.1921,0,3.48
8435,1,2,0.3485,0.4174,0.3689,1,23.75
8436,3,2,0.0719,0.3453,0.4679,0,2.17
8437,0,4,0.2372,0.393,0.2894,0,4.12
8438,0,4,0.0719,0.1563,0.1806,0,3.51
8439,1,2,0.1577,0.3489,0.2945,0,1.78
8440,0,1,0.1768,0.4957,0.207,0,2.79
8441,0,4,0.0719,0.2247,0.1977,0,2.55
8442,1,3,0.163,0.5557,0.3778,1,32.55
8443,0,5,0.183,0.5838,0.3508,1,141.12
8444,1,1,0.2562,0.6784,0.3765,0,3.28
8445,0,3,0.2878,0.6148,0.33,0,2.63
8446,0,3,0.1502,0.451,0.2478,0,1.55
8447,2,3,0.0399,0.2849,0.3732,1,136.75
8448,0,3,0.163,0.3461,0.2254,1,55.21
8449,0,4,0.1382,0.6791,0.3312,1,36.99
8450,0,3,0.2082,0.2865,0.2241,1,17.56
8451,0,3,0.1051,0.2761,0.1906,0,3.24
8452,0,2,0.163,0.5238,0.2398,0,2.72
8453,1,4,0.1166,0.359,0.3447,0,1.55
8454,1,3,0.1577,0.2623,0.3029,1,34.1
8455,0,5,0.3294,0.446,0.3603,1,41.76
8456,0,4,0.0168,0.3317,0.208,1,98.99
8457,2,2,0.0437,0.725,0.4544,1,117.5
8458,1,2,0.0836,0.7054,0.3614,0,1.15
8459,1,1,0.2281,0.5218,0.3289,1,55.19
8460,0,3,0.2727,0.4393,0.2816,0,3.05
8461,0,4,0.2757,0.5956,0.3516,1,71.5
8462,1,4,0.2492,0.3273,0.3766,1,18.37
8463,0,5,0.2562,0.3097,0.3043,0,2.84
8464,0,4,0.2562,0.828,0.4039,1,31.41
8465,1,5,0.1135,0.4451,0.3953,0,1.78
8466,0,4,0.2492,0.5703,0.3373,0,1.96
8467,0,2,0.1502,0.6839,0.276,0,2.1
8468,1,4,0.163,0.4465,0.3805,0,2.12
8469,2,1,0.335,0.5926,0.4786,1,104.57
8470,2,2,0.2082,0.1562,0.3615,1,16.75
8471,0,4,0.3463,0.4422,0.3344,1,20.73
8472,0,2,0.2562,0.5288,0.2691,0,1.91
8473,0,1,0.0465,0.3723,0.137,0,2.4
8474,1,2,0.3463,0.6526,0.427,0,2.68
8475,0,1,0.1768,0.6232,0.2388,1,57.0
8476,0,5,0.335,0.604,0.4015,1,81.22
8477,0,5,0.2082,0.2395,0.2723,1,34.15
8478,0,4,0.1206,0.2226,0.2118,1,18.93
8479,0,1,0.3611,0.7213,0.3187,0,3.67
8480,0,5,0.0911,0.43,0.2848,0,3.15
8481,0,1,0.1211,0.2843,0.1374,0,5.03
8482,2,2,0.2757,0.6075,0.4946,1,49.32
8483,1,1,0.1179,0.4183,0.2699,1,165.63
8484,0,3,0.2727,0.4469,0.2835,0,3.49
8485,0,3,0.223,0.4648,0.2731,0,1.68
8486,1,4,0.0437,0.0456,0.2445,1,44.38
8487,0,1,0.0911,0.4219,0.1628,1,27.3
8488,0,5,0.2757,0.1172,0.262,1,46.48
8489,1,5,0.2082,0.1701,0.355,0,3.36
8490,0,2,0.1476,0.4685,0.2214,0,4.84
8491,0,1,0.3611,0.4713,0.2562,0,1.44
8492,1,2,0.0719,0.6479,0.3435,0,3.67
8493,0,1,0.1904,0.4474,0.199,0,5.81
8494,0,2,0.0836,0.4876,0.207,0,2.57
8495,0,2,0.3485,0.6437,0.3255,0,3.39
8496,1,2,0.1206,0.6332,0.3545,1,72.16
8497,0,3,0.1135,0.4605,0.2392,1,76.92
8498,1,4,0.3266,0.208,0.37,1,56.0
8499,2,5,0.299,0.7275,0.6216,0,2.65
8500,0,5,0.2301,0.3653,0.3104,0,1.85
8501,2,5,0.1211,0.5378,0.5208,1,62.12
8502,0,5,0.1179,0.5174,0.3147,1,63.87
8503,1,2,0.2281,0.2978,0.3029,0,3.9
8504,2,4,0.2757,0.263,0.4685,1,122.22
8505,0,3,0.3463,0.4654,0.3102,1,16.02
8506,0,5,0.1206,0.0527,0.1994,1,11.23
8507,2,1,0.5395,0.596,0.5409,1,87.05
8508,2,3,0.3266,0.3495,0.4754,0,2.81
8509,1,5,0.3485,0.1237,0.3855,1,23.43
8510,1,5,0.5395,0.522,0.5424,1,240.97
8511,1,3,0.0719,0.364,0.3026,0,3.16
8512,1,2,0.2372,0.4536,0.3446,0,1.94
8513,1,5,0.2606,0.2113,0.381,1,172.56
8514,0,2,0.5395,0.3747,0.3155,1,67.47
8515,1,2,0.2906,0.609,0.3994,1,17.67
8516,0,2,0.3463,0.7757,0.3578,1,26.83
8517,1,5,0.1166,0.7081,0.462,1,30.26
8518,0,3,0.1178,0.6354,0.2842,0,2.24
8519,0,3,0.1757,0.4541,0.2562,0,1.41
8520,1,1,0.1768,0.558,0.3225,1,20.68
8521,0,3,0.1051,0.404,0.2225,0,1.45
8522,0,4,0.1476,0.6493,0.3266,0,1.12
8523,1,5,0.3266,0.6588,0.5127,1,104.14
8524,1,3,0.2082,0.2513,0.3153,1,119.98
8525,2,5,0.0719,0.1962,0.4206,0,1.95
8526,0,1,0.0437,0.3014,0.1185,0,3.24
8527,0,3,0.1051,0.5917,0.2695,0,1.21
8528,1,1,0.1094,0.327,0.2446,0,1.52
8529,1,1,0.2372,0.614,0.3547,0,1.59
8530,1,5,0.2082,0.4198,0.4174,0,4.35
8531,0,2,0.223,0.4566,0.241,0,3.04
8532,1,1,0.1206,0.4378,0.2756,1,62.99
8533,1,1,0.2906,0.6692,0.3845,1,46.28
8534,1,4,0.4038,0.3271,0.4229,1,26.36
8535,1,3,0.1476,0.351,0.322,1,34.23
8536,1,3,0.1094,0.5435,0.3587,1,50.32
8537,0,2,0.1051,0.7051,0.2678,0,2.9
8538,0,5,0.5295,0.7153,0.4877,0,6.03
8539,1,2,0.1476,0.2755,0.2732,0,5.27
8540,0,2,0.1674,0.1745,0.1538,0,2.49
8541,1,1,0.1577,0.493,0.3006,0,3.08
8542,1,1,0.223,0.48,0.3169,1,105.36
8543,0,2,0.183,0.5374,0.2492,0,1.39
8544,0,5,0.1382,0.3049,0.2677,1,16.32
8545,1,4,0.1211,0.5015,0.3817,0,2.8
8546,1,5,0.163,0.4007,0.3991,0,1.39
8547,0,4,0.1768,0.3801,0.2681,1,32.26
8548,0,5,0.2492,0.5131,0.353,1,331.12
8549,0,2,0.2906,0.5649,0.2884,0,2.36
8550,0,1,0.299,0.4996,0.2446,1,56.98
8551,0,4,0.3266,0.4113,0.3208,1,99.01
8552,0,3,0.0836,0.5439,0.2511,0,4.41
8553,1,2,0.2301,0.4641,0.3451,0,3.91
8554,2,2,0.0465,0.4937,0.3974,0,1.13
8555,0,2,0.1382,0.6083,0.2535,1,20.17
8556,2,3,0.2281,0.2716,0.4263,1,17.87
8557,2,3,0.2878,0.2136,0.4297,1,224.21
8558,1,4,0.2727,0.406,0.4033,1,96.86
8559,1,4,0.3463,0.317,0.4031,1,10.82
8560,0,5,0.2301,0.3986,0.3187,0,1.96
8561,1,2,0.0836,0.4308,0.2928,0,3.19
8562,1,2,0.1135,0.7978,0.3935,1,79.69
8563,0,4,0.0911,0.5432,0.2831,0,2.16
8564,0,1,0.3485,0.5324,0.2676,1,19.89
8565,1,1,0.2727,0.6396,0.3717,1,26.19
8566,0,5,0.2301,0.4623,0.3346,0,2.5
8567,0,5,0.1757,0.4043,0.3038,1,102.74
8568,0,1,0.5395,0.6888,0.364,0,4.02
8569,0,4,0.1904,0.5053,0.3034,1,112.24
8570,1,2,0.1382,0.6172,0.3558,1,49.45
8571,0,5,0.1577,0.7626,0.388,1,30.32
8572,1,3,0.1178,0.6745,0.394,1,105.89
8573,2,2,0.0719,0.4862,0.4031,1,66.75
8574,1,4,0.299,0.7024,0.4853,0,1.45
8575,0,2,0.1135,0.4485,0.2062,1,37.99
8576,0,5,0.1094,0.6289,0.34,1,20.65
8577,0,3,0.1382,0.6124,0.2846,0,3.23
8578,0,4,0.0719,0.4432,0.2524,0,1.17
8579,1,4,0.1012,0.2558,0.3143,1,30.05
8580,0,2,0.0437,0.2931,0.1464,0,4.56
8581,1,2,0.0168,0.4644,0.2811,1,81.33
8582,0,2,0.1904,0.7229,0.2978,1,124.85
8583,1,3,0.2492,0.3571,0.354,0,2.38
8584,0,1,0.3463,0.1667,0.1756,0,3.65
8585,0,4,0.0911,0.2725,0.2155,0,2.3
8586,1,1,0.1135,0.4964,0.2882,0,2.19
8587,0,5,0.2878,0.4674,0.3532,0,1.91
8588,0,5,0.2906,0.6096,0.3896,0,2.33
8589,1,4,0.0911,0.3724,0.3404,1,77.59
8590,1,3,0.1051,0.4485,0.3337,0,3.05
8591,1,1,0.3463,0.531,0.3666,0,3.13
8592,1,5,0.1211,0.6645,0.4525,1,32.4
8593,1,2,0.5295,0.4457,0.4303,0,3.34
8594,1,2,0.1166,0.3233,0.2758,0,1.74
8595,0,1,0.1051,0.5308,0.1942,0,0.87
8596,1,3,0.5395,0.4311,0.4596,1,46.5
8597,2,1,0.0911,0.3384,0.3419,0,2.99
8598,2,5,0.1382,0.5431,0.5272,1,95.44
8599,1,5,0.3463,0.715,0.5326,1,38.98
8600,1,3,0.2771,0.5224,0.4037,1,55.78
8601,0,2,0.2082,0.5063,0.249,0,2.64
8602,0,3,0.1502,0.5206,0.2652,0,5.09
8603,0,4,0.1577,0.257,0.2316,0,3.02
8604,1,1,0.2492,0.7418,0.3902,1,64.11
8605,1,1,0.1768,0.5619,0.3235,1,33.93
8606,0,1,0.183,0.5566,0.224,0,2.64
8607,0,1,0.1051,0.3963,0.1606,1,36.83
8608,0,3,0.3266,0.4101,0.2905,0,1.89
8609,1,1,0.3611,0.3724,0.3314,0,1.88
8610,1,5,0.2771,0.6201,0.4882,1,56.59
8611,1,4,0.335,0.3569,0.4097,1,38.45
8612,0,5,0.0437,0.3325,0.2462,0,1.23
8613,0,3,0.0437,0.4496,0.2155,0,3.62
8614,0,1,0.1166,0.3113,0.1428,1,50.19
8615,1,1,0.2492,0.3813,0.3001,1,27.19
8616,0,3,0.1577,0.7509,0.325,1,10.25
8617,1,4,0.1178,0.5623,0.3959,1,29.61
8618,1,3,0.5295,0.8292,0.5562,1,25.63
8619,2,4,0.3611,0.1799,0.4733,0,1.4
8620,0,3,0.1768,0.3085,0.2202,0,1.81
8621,0,3,0.1094,0.6711,0.2906,0,2.47
8622,1,2,0.163,0.4553,0.3227,0,1.36
8623,1,3,0.0836,0.5862,0.3616,1,150.06
8624,1,4,0.2281,0.5497,0.4259,1,114.58
8625,0,5,0.1577,0.8038,0.3983,1,28.46
8626,1,3,0.1211,0.1429,0.2621,1,35.83
8627,0,1,0.1094,0.5504,0.2004,1,51.21
8628,1,1,0.3463,0.4444,0.345,0,1.77
8629,2,4,0.2372,0.2757,0.4601,1,60.66
8630,1,2,0.335,0.7966,0.4596,1,78.16
8631,2,5,0.0437,0.4113,0.4659,0,1.38
8632,0,5,0.1179,0.6921,0.3584,1,47.83
8633,0,2,0.5395,0.3569,0.3111,1,25.99
8634,1,4,0.0399,0.5131,0.3602,1,34.41
8635,1,3,0.2757,0.4404,0.3828,0,2.2
8636,0,4,0.223,0.2023,0.2375,0,1.54
8637,1,1,0.2492,0.8245,0.4109,1,122.41
8638,0,4,0.1211,0.3688,0.2485,0,2.4
8639,2,3,0.0465,0.344,0.39,1,63.39
8640,1,2,0.5395,0.4726,0.44,0,2.01
8641,1,1,0.4038,0.2975,0.3255,0,2.66
8642,0,1,0.1166,0.4629,0.1807,0,4.06
8643,2,2,0.1577,0.2794,0.3772,0,1.53
8644,1,2,0.0399,0.5079,0.2989,0,2.78
8645,0,5,0.2727,0.4188,0.3365,0,1.94
8646,1,1,0.163,0.4156,0.2828,1,146.08
8647,0,2,0.1166,0.8993,0.3198,0,1.98
8648,1,5,0.0465,0.4534,0.3773,0,1.87
8649,0,1,0.163,0.3551,0.1677,1,10.34
8650,1,4,0.0168,0.5656,0.3664,1,112.16
8651,1,1,0.2082,0.355,0.2812,1,44.55
8652,0,3,0.1094,0.3614,0.2132,1,90.57
8653,0,1,0.1476,0.844,0.2853,0,2.99
8654,1,5,0.3485,0.133,0.3878,1,54.02
8655,0,2,0.3611,0.3261,0.2499,0,1.2
8656,1,3,0.0168,0.4196,0.2999,1,43.25
8657,0,3,0.0836,0.3838,0.211,1,37.61
8658,0,2,0.0911,0.9525,0.3255,1,23.08
8659,0,5,0.2301,0.523,0.3498,0,2.03
8660,1,1,0.1094,0.1296,0.1952,0,1.88
8661,1,2,0.1382,0.6933,0.3748,0,1.88
8662,1,5,0.2301,0.3126,0.3972,1,16.64
8663,0,4,0.2606,0.3465,0.2848,0,2.9
8664,0,5,0.183,0.4726,0.323,0,2.89
8665,0,2,0.1206,0.0785,0.1158,0,4.27
8666,0,1,0.1768,0.1421,0.1186,0,3.32
8667,0,3,0.335,0.6121,0.3435,0,1.18
8668,1,1,0.1166,0.4751,0.2838,0,2.98
8669,0,4,0.2301,0.5201,0.3191,0,2.34
8670,0,3,0.2878,0.3644,0.2674,1,31.42
8671,1,2,0.1768,0.6313,0.3709,1,60.5
8672,1,4,0.3463,0.5692,0.4662,1,134.86
8673,1,4,0.2082,0.3195,0.3623,0,2.44
8674,1,1,0.2757,0.7779,0.4072,0,2.84
8675,0,2,0.183,0.5179,0.2444,0,1.91
8676,0,4,0.2853,0.5499,0.3431,1,23.6
8677,1,3,0.2301,0.4981,0.3836,0,3.1
8678,0,3,0.2727,0.3439,0.2578,1,29.74
8679,1,1,0.0911,0.6756,0.3262,0,1.7
8680,2,4,0.2853,0.5036,0.5315,1,248.71
8681,0,5,0.3266,0.4733,0.3663,1,38.98
8682,1,5,0.2727,0.1101,0.3593,1,52.43
8683,0,3,0.2771,0.6003,0.3232,1,74.32
8684,1,1,0.3463,0.5462,0.3704,1,76.23
8685,1,4,0.5295,0.4164,0.483,0,3.02
8686,1,4,0.1206,0.4673,0.373,1,32.53
8687,0,4,0.0168,0.3499,0.2125,1,20.93
8688,1,2,0.1135,0.379,0.2888,1,46.38
8689,1,1,0.1502,0.239,0.2348,0,2.13
8690,0,5,0.2727,0.0891,0.2541,0,1.25
8691,1,1,0.1476,0.5464,0.3109,0,2.33
8692,1,2,0.3611,0.2458,0.3298,1,61.94
8693,1,5,0.183,0.4503,0.4175,1,62.36
8694,1,5,0.1178,0.7325,0.4685,0,1.83
8695,0,2,0.1094,0.2261,0.1493,1,22.03
8696,1,4,0.2771,0.2975,0.3775,0,1.8
8697,0,3,0.0437,0.7171,0.2824,0,4.26
8698,1,1,0.183,0.4073,0.2867,0,2.14
8699,1,2,0.1382,0.2317,0.2594,0,1.18
8700,0,5,0.2492,0.5504,0.3624,0,1.24
8701,2,5,0.2757,0.4188,0.5374,1,41.3
8702,0,3,0.2853,0.5917,0.3235,1,37.61
8703,0,1,0.3294,0.3419,0.2143,0,7.31
8704,1,4,0.0719,0.1439,0.2775,0,2.3
8705,2,4,0.163,0.481,0.4892,1,21.32
8706,0,5,0.2372,0.5,0.3462,0,1.36
8707,1,1,0.0168,0.6258,0.2915,0,2.36
8708,0,3,0.1674,0.7633,0.331,0,1.33
8709,1,4,0.1206,0.3319,0.3392,1,50.73
8710,1,2,0.5295,0.3072,0.3956,1,69.38
8711,1,4,0.3463,0.8614,0.5392,1,54.24
8712,1,5,0.3294,0.3637,0.4397,0,3.29
8713,1,3,0.0399,0.4984,0.3266,0,1.87
8714,0,2,0.2853,0.6285,0.3027,0,2.24
8715,1,4,0.1757,0.5476,0.4096,0,1.81
8716,1,3,0.1135,0.1471,0.2608,1,57.59
8717,0,1,0.0465,0.4907,0.1666,1,16.61
8718,0,4,0.3611,0.4617,0.3438,0,1.9
8719,0,1,0.1012,0.5556,0.1993,0,3.5
8720,0,3,0.2492,0.5045,0.2909,0,1.54
8721,1,5,0.2757,0.6963,0.5068,1,117.97
8722,1,2,0.1577,0.4475,0.3192,1,42.22
8723,1,2,0.1178,0.2588,0.26,1,15.53
8724,2,3,0.1012,0.1856,0.3668,0,3.34
8725,0,5,0.1211,0.596,0.3353,0,2.92
8726,2,5,0.2082,0.3016,0.4879,0,1.63
8727,1,2,0.1179,0.5029,0.3211,0,2.63
8728,1,4,0.183,0.8272,0.4817,1,107.74
8729,1,1,0.0465,0.4138,0.2474,1,52.23
8730,1,5,0.3463,0.5741,0.4974,1,36.72
8731,1,5,0.0399,0.5141,0.3905,1,64.12
8732,0,1,0.0465,0.2772,0.1132,1,14.88
8733,0,5,0.1502,0.2066,0.2467,0,1.88
8734,1,1,0.3611,0.3146,0.317,1,52.12
8735,1,2,0.335,0.7948,0.4592,1,75.49
8736,0,1,0.0399,0.6185,0.1966,0,3.12
8737,0,2,0.4038,0.729,0.3634,1,27.63
8738,1,5,0.0465,0.2297,0.3214,0,2.62
8739,2,2,0.1179,0.501,0.4206,0,3.84
8740,1,4,0.2853,0.6181,0.4601,1,38.63
8741,1,3,0.3485,0.4746,0.4132,1,43.51
8742,1,2,0.0719,0.2633,0.2474,0,2.6
8743,0,5,0.2372,0.5444,0.3573,1,77.2
8744,1,3,0.2757,0.6107,0.4254,1,50.5
8745,1,3,0.3611,0.546,0.4348,1,37.69
8746,1,2,0.1166,0.5019,0.3205,0,1.69
8747,0,5,0.163,0.4597,0.3138,1,26.98
8748,0,4,0.1904,0.3091,0.2544,1,23.16
8749,1,4,0.3485,0.9199,0.5545,1,42.78
8750,0,2,0.3266,0.3333,0.2413,0,1.73
8751,1,1,0.1502,0.7356,0.359,1,21.96
8752,1,4,0.1178,0.3731,0.3486,0,3.34
8753,0,3,0.1179,0.7276,0.3073,1,27.49
8754,0,1,0.1178,0.6471,0.2271,0,1.71
8755,0,5,0.2372,0.4864,0.3428,0,4.69
8756,1,2,0.5295,0.4809,0.4391,1,183.39
8757,1,1,0.1178,0.1725,0.2085,1,25.64
8758,0,1,0.2853,0.5899,0.2631,0,3.77
8759,1,2,0.3463,0.5622,0.4044,0,2.22
8760,1,5,0.1502,0.1923,0.3431,0,1.34
8761,1,3,0.0465,0.2407,0.2641,1,28.74
8762,1,5,0.1178,0.5724,0.4284,1,75.87
8763,1,4,0.3611,0.4447,0.4395,1,88.43
8764,0,2,0.1757,0.729,0.295,1,72.95
8765,1,4,0.2853,0.5623,0.4462,1,56.45
8766,0,1,0.2082,0.4889,0.2147,0,3.59
8767,0,3,0.1012,0.398,0.2199,1,43.84
8768,0,1,0.2492,0.5,0.2298,0,2.22
8769,1,3,0.1094,0.105,0.2491,0,1.4
8770,1,4,0.163,0.396,0.3679,1,123.06
8771,1,4,0.1382,0.424,0.3675,1,78.47
8772,1,1,0.1476,0.4845,0.2954,0,1.25
8773,0,1,0.5395,0.5062,0.3184,1,23.09
8774,2,2,0.2906,0.2545,0.4108,1,25.42
8775,0,3,0.1476,0.6082,0.2863,1,41.17
8776,1,5,0.3485,0.3366,0.4387,1,58.79
8777,1,5,0.1768,0.6143,0.4566,1,30.76
8778,1,1,0.2757,0.6506,0.3754,1,77.95
8779,0,4,0.1904,0.6261,0.3336,1,202.69
8780,0,2,0.1094,0.4642,0.2089,0,1.35
8781,1,1,0.223,0.3474,0.2837,0,2.08
8782,1,5,0.3294,0.4339,0.4573,1,59.01
8783,1,1,0.2853,0.6691,0.3829,0,0.96
8784,1,1,0.0465,0.5059,0.2704,0,4.11
8785,0,3,0.1382,0.6047,0.2826,1,21.64
8786,1,1,0.0836,0.3552,0.2439,0,3.33
8787,2,1,0.183,0.4209,0.3901,1,133.63
8788,0,5,0.1179,0.1966,0.2345,0,2.02
8789,0,5,0.163,0.5132,0.3272,1,44.34
8790,0,5,0.1674,0.834,0.4087,0,1.49
8791,1,1,0.1768,0.4173,0.2874,0,2.1
8792,0,4,0.1502,0.7566,0.3542,1,18.01
8793,1,4,0.5395,0.2101,0.4344,1,148.39
8794,2,4,0.1768,0.9026,0.5987,1,163.34
8795,2,3,0.299,0.5509,0.5174,0,1.88
8796,1,4,0.2757,0.5637,0.4436,1,72.94
8797,2,3,0.163,0.6557,0.5028,1,39.79
8798,1,4,0.0437,0.4641,0.3491,0,2.55
8799,0,4,0.0836,0.6233,0.3009,0,3.71
8800,1,3,0.1476,0.1761,0.2783,1,71.76
8801,0,1,0.2727,0.3656,0.2032,1,26.87
8802,0,5,0.2771,0.5237,0.3641,0,2.61
8803,1,2,0.1768,0.5111,0.3408,0,3.35
8804,1,3,0.1476,0.779,0.429,0,2.38
8805,0,5,0.183,0.4918,0.3278,1,24.95
8806,0,4,0.1051,0.5541,0.2901,0,2.27
8807,2,2,0.1757,0.169,0.355,0,2.74
8808,2,3,0.2082,0.4658,0.4689,1,49.36
8809,1,2,0.3611,0.5139,0.3968,1,45.36
8810,2,3,0.335,0.585,0.5367,1,228.49
8811,0,3,0.1674,0.5553,0.279,0,0.53
8812,2,3,0.1206,0.4489,0.4384,0,1.19
8813,1,4,0.0836,0.4962,0.3691,1,150.92
8814,2,3,0.3266,0.3109,0.4657,1,42.24
8815,0,5,0.3266,0.5727,0.3912,1,59.79
8816,0,3,0.1904,0.6756,0.316,0,1.66
8817,0,2,0.0437,0.4302,0.1807,1,19.26
8818,1,1,0.2606,0.2111,0.261,0,2.97
8819,1,3,0.0437,0.5762,0.3472,1,38.56
8820,0,3,0.1476,0.6762,0.3033,0,2.85
8821,1,3,0.1757,0.3348,0.3264,0,3.28
8822,2,4,0.1502,0.175,0.4088,1,88.58
8823,0,2,0.5295,0.5895,0.3662,0,2.78
8824,0,4,0.3611,0.6929,0.4016,1,16.11
8825,1,5,0.2853,0.4701,0.4531,1,137.46
8826,0,2,0.1577,0.611,0.2601,0,3.2
8827,0,3,0.1012,0.8587,0.335,1,16.12
8828,0,5,0.0437,0.7354,0.347,0,1.88
8829,0,2,0.0911,0.5529,0.2256,0,2.75
8830,0,2,0.3294,0.6536,0.3222,0,1.36
8831,1,3,0.4038,0.5592,0.4509,0,1.49
8832,0,2,0.1012,0.4261,0.1969,0,1.85
8833,0,2,0.1166,1.0,0.345,0,1.67
8834,0,4,0.1674,0.1996,0.2201,1,25.46
8835,2,4,0.0399,0.711,0.5097,1,32.08
8836,1,1,0.1166,0.7874,0.3618,1,12.14
8837,0,5,0.1768,0.7264,0.3846,1,35.72
8838,0,1,0.2771,0.3515,0.201,1,14.57
8839,0,4,0.0437,0.6103,0.2857,0,4.13
8840,1,4,0.1757,0.3746,0.3664,1,111.4
8841,0,1,0.4038,0.4495,0.2635,1,27.91
8842,1,1,0.1135,0.5072,0.2909,1,106.29
8843,0,5,0.5395,0.3173,0.3912,1,7.37
8844,2,3,0.1768,0.2763,0.4121,0,2.1
8845,0,3,0.1135,0.4621,0.2396,0,2.82
8846,1,3,0.0399,0.5528,0.3402,0,1.43
8847,0,2,0.0465,0.4869,0.1957,1,94.37
8848,1,3,0.0437,0.6527,0.3663,0,2.11
8849,1,2,0.2727,0.8249,0.448,0,1.0
8850,0,3,0.1211,0.4955,0.2502,0,1.59
8851,0,3,0.2606,0.573,0.3114,0,1.25
8852,1,2,0.2727,0.4575,0.3562,1,110.34
8853,2,2,0.1502,0.5441,0.4411,1,102.37
8854,1,4,0.1178,0.5528,0.3935,0,4.84
8855,0,2,0.1476,0.6131,0.2576,0,2.91
8856,1,2,0.1178,0.4226,0.301,0,1.89
8857,1,4,0.0465,0.5584,0.3736,1,92.91
8858,1,3,0.1012,0.4835,0.3412,1,68.76
8859,2,5,0.1904,0.1362,0.4412,1,10.7
8860,0,1,0.0911,0.4039,0.1583,0,2.07
8861,0,1,0.1674,0.491,0.203,1,27.78
8862,2,1,0.223,0.4726,0.415,1,144.69
8863,1,5,0.1577,0.454,0.4108,0,1.11
8864,0,1,0.2372,0.5144,0.2298,0,2.58
8865,0,1,0.1178,0.3316,0.1482,0,2.02
8866,1,3,0.0911,0.5772,0.3616,0,1.45
8867,0,5,0.0911,0.6722,0.3454,1,69.59
8868,1,3,0.1178,0.6922,0.3984,0,1.47
8869,0,3,0.1135,0.6122,0.2771,1,33.68
8870,0,1,0.0911,0.6004,0.2074,0,1.07
8871,1,3,0.5395,0.794,0.5504,1,93.61
8872,1,5,0.1904,0.4946,0.4308,1,36.96
8873,0,5,0.2281,0.6795,0.3883,0,2.78
8874,1,3,0.2372,0.3757,0.3551,1,84.54
8875,0,3,0.0911,0.4812,0.2376,1,9.74
8876,0,4,0.1206,0.6137,0.3096,0,3.0
8877,1,5,0.1382,0.2762,0.3605,1,73.32
8878,2,3,0.1206,0.4665,0.4428,1,66.35
8879,1,1,0.1178,0.5214,0.2957,0,2.73
8880,1,1,0.2606,0.4511,0.321,1,91.28
8881,1,1,0.2771,0.3287,0.2953,0,2.1
8882,0,4,0.2757,0.2354,0.2616,0,6.52
8883,1,3,0.335,0.3431,0.3763,1,21.23
8884,2,2,0.2878,0.5766,0.4905,1,269.24
8885,0,2,0.1135,0.49,0.2166,0,1.21
8886,0,2,0.0465,0.5667,0.2156,0,2.29
8887,0,5,0.0399,0.332,0.245,0,2.71
8888,0,5,0.1382,0.3338,0.2749,1,29.68
8889,0,5,0.2281,0.6534,0.3818,1,84.82
8890,1,4,0.2562,0.2752,0.3657,0,2.34
8891,0,5,0.0465,0.3705,0.2566,0,1.93
8892,0,3,0.2757,0.2943,0.2463,1,14.28
8893,1,2,0.1382,0.4925,0.3246,0,1.34
8894,1,1,0.1135,0.2198,0.219,0,2.26
8895,0,4,0.0719,0.772,0.3346,1,105.76
8896,1,1,0.1904,0.4651,0.3034,1,74.19
8897,0,3,0.1768,0.5611,0.2833,0,1.71
8898,0,3,0.1135,0.6441,0.2851,0,2.22
8899,0,3,0.2372,0.5065,0.2878,0,2.32
8900,0,2,0.3463,0.7328,0.3471,0,2.26
8901,1,2,0.183,0.4929,0.3381,1,29.89
8902,0,4,0.0719,0.1259,0.173,1,32.4
8903,0,4,0.1904,0.5292,0.3094,1,30.92
8904,1,1,0.223,0.2707,0.2646,1,42.69
8905,2,3,0.299,0.5696,0.5221,0,1.9
8906,0,2,0.3485,0.5888,0.3117,0,1.65
8907,1,4,0.1178,0.4915,0.3782,0,2.9
8908,1,4,0.1206,0.3819,0.3517,1,83.1
8909,1,3,0.1179,0.3719,0.3183,0,1.27
8910,1,5,0.0168,0.2377,0.3145,0,1.55
8911,0,3,0.2562,0.3594,0.2567,0,4.26
8912,1,1,0.1211,0.4481,0.2784,0,1.74
8913,1,1,0.1757,0.3182,0.2623,1,51.9
8914,2,5,0.0437,0.5713,0.5059,1,59.28
8915,0,4,0.2281,0.5481,0.3255,0,3.93
8916,0,4,0.183,0.4651,0.2912,1,195.02
8917,1,5,0.1206,0.3353,0.37,1,79.12
8918,0,4,0.2878,0.2255,0.2627,0,1.94
8919,1,4,0.0719,0.1635,0.2824,0,1.45
8920,1,1,0.163,0.2993,0.2537,0,0.99
8921,0,2,0.183,0.1675,0.1568,0,1.43
8922,0,3,0.2301,0.5034,0.2849,1,33.97
8923,0,4,0.2906,0.293,0.2804,1,18.59
8924,0,4,0.1577,0.7018,0.3428,1,64.96
8925,0,5,0.0719,0.2543,0.2351,0,1.92
8926,0,1,0.3463,0.6894,0.3062,0,3.18
8927,1,1,0.1768,0.0,0.183,0,1.14
8928,3,4,0.3463,0.3773,0.6182,1,85.51
8929,1,1,0.1178,0.4825,0.286,0,2.8
8930,0,5,0.1577,0.3224,0.2779,0,1.22
8931,0,3,0.0399,0.3653,0.1933,0,1.44
8932,0,4,0.3266,0.5936,0.3664,1,85.34
8933,0,3,0.0168,0.4807,0.2152,0,1.48
8934,0,2,0.2301,0.1872,0.1758,1,14.05
8935,0,1,0.3266,0.5447,0.2642,0,2.12
8936,1,4,0.3611,0.5537,0.4668,0,1.55
8937,1,4,0.0399,0.3143,0.3105,0,1.68
8938,3,3,0.2906,0.4646,0.5933,1,164.96
8939,0,2,0.2372,0.5449,0.2674,1,54.48
8940,0,3,0.1206,0.4867,0.2479,0,1.22
8941,0,2,0.4038,0.6405,0.3413,0,2.68
8942,0,1,0.335,0.5605,0.2706,0,2.27
8943,1,5,0.4038,0.5275,0.503,1,71.11
8944,1,3,0.2606,0.6692,0.4355,0,1.68
8945,0,2,0.2492,0.5068,0.2615,0,2.2
8946,1,5,0.2727,0.3909,0.4295,1,106.3
8947,1,3,0.3611,0.4192,0.4031,1,78.47
8948,0,1,0.2906,0.3278,0.1991,0,3.7
8949,0,1,0.1051,0.6027,0.2122,0,2.85
8950,0,5,0.1904,0.4848,0.3283,0,1.79
8951,0,1,0.1051,0.8705,0.2792,0,1.28
8952,2,2,0.2281,0.5643,0.4695,1,201.96
8953,1,4,0.0465,0.6575,0.3983,0,1.48
8954,1,2,0.1502,0.4093,0.3074,0,1.05
8955,0,5,0.1382,0.8764,0.4106,1,40.82
8956,0,5,0.223,0.6054,0.3682,0,1.29
8957,1,3,0.1051,0.635,0.3803,0,2.18
8958,0,3,0.335,0.5066,0.3172,0,2.64
8959,0,5,0.5395,0.3051,0.3881,1,45.1
8960,2,5,0.0719,0.4111,0.4743,1,20.1
8961,1,3,0.3463,0.5555,0.4328,0,3.93
8962,0,3,0.3266,0.177,0.2322,1,25.65
8963,0,1,0.2301,0.5802,0.2441,0,1.34
8964,0,3,0.163,0.4134,0.2422,1,53.85
8965,1,1,0.2606,0.448,0.3202,1,37.41
8966,0,2,0.2372,0.6697,0.2986,0,1.77
8967,2,2,0.163,0.545,0.4452,0,2.2
8968,1,1,0.2906,0.3047,0.2934,0,3.61
8969,0,2,0.1502,0.5993,0.2549,1,141.75
8970,0,4,0.1012,0.5016,0.2758,0,3.03
8971,0,1,0.2301,0.8076,0.3009,0,2.71
8972,2,2,0.4038,0.538,0.5156,0,3.7
8973,0,3,0.2281,0.4033,0.2593,0,2.58
8974,1,4,0.2757,0.1049,0.3289,1,73.57
8975,0,5,0.0465,0.4687,0.2811,0,2.61
8976,0,5,0.2878,0.5523,0.3744,1,61.87
8977,1,5,0.223,0.8224,0.5225,1,57.21
8978,0,2,0.1211,0.3503,0.1839,0,2.73
8979,0,2,0.1135,0.4922,0.2171,0,2.0
8980,2,2,0.1904,0.4038,0.4181,1,20.03
8981,2,4,0.1166,0.367,0.4467,1,10.44
8982,1,5,0.1179,0.7287,0.4675,1,19.3
8983,0,2,0.1178,0.3634,0.1862,0,1.66
8984,0,3,0.1674,0.101,0.1655,0,2.17
8985,1,2,0.0399,0.4157,0.2759,0,2.09
8986,1,5,0.1382,0.3265,0.3731,1,57.73
8987,2,2,0.1904,0.3476,0.404,0,2.0
8988,0,4,0.3294,0.4037,0.3197,1,89.3
8989,0,1,0.0437,0.3721,0.1361,0,2.35
8990,1,1,0.3463,0.4422,0.3444,0,2.21
8991,0,4,0.3485,0.7571,0.4138,1,61.72
8992,0,1,0.223,0.1568,0.1361,0,2.61
8993,0,4,0.1178,0.2615,0.2207,0,2.05
8994,0,4,0.1577,0.5995,0.3172,0,4.35
8995,0,5,0.2853,0.4108,0.3383,1,130.41
8996,1,5,0.2082,0.4479,0.4244,0,2.79
8997,1,5,0.2727,0.3054,0.4082,0,2.21
8998,1,1,0.0437,0.6595,0.308,1,34.89
8999,0,5,0.1674,0.4637,0.3161,0,1.36
9000,0,1,0.1178,0.6918,0.2383,1,22.94
9001,1,5,0.183,0.6385,0.4645,1,49.24
9002,0,2,0.1135,0.6609,0.2593,0,1.39
9003,1,5,0.1135,0.8084,0.4862,0,0.93
9004,1,2,0.1135,0.4378,0.3035,1,500.0
9005,0,2,0.1178,0.7001,0.2704,1,63.62
9006,0,2,0.1674,0.3585,0.1998,0,1.7
9007,1,1,0.2906,0.3601,0.3072,1,27.22
9008,1,2,0.2771,0.6006,0.3933,1,42.57
9009,0,2,0.163,0.3551,0.1977,0,3.51
9010,1,1,0.223,0.5805,0.342,1,103.54
9011,0,1,0.0836,0.4194,0.1599,0,1.48
9012,0,2,0.2878,0.5607,0.2865,0,1.33
9013,0,5,0.3266,0.7642,0.439,0,3.11
9014,2,3,0.1502,0.759,0.5248,0,1.87
9015,0,3,0.2906,0.2261,0.2337,1,27.1
9016,0,5,0.5295,0.3762,0.4029,1,62.48
9017,1,1,0.299,0.3697,0.3121,1,142.76
9018,0,3,0.2082,0.4636,0.2684,0,2.2
9019,1,3,0.1382,0.22,0.2865,1,92.43
9020,0,5,0.1577,0.299,0.2721,1,35.67
9021,1,2,0.0836,0.4339,0.2936,0,4.09
9022,0,3,0.2606,0.6875,0.3401,1,8.28
9023,1,1,0.0168,0.2647,0.2012,0,2.49
9024,0,4,0.3463,0.7102,0.4014,1,28.1
9025,1,5,0.0399,0.6118,0.4149,0,3.46
9026,1,5,0.2281,0.3314,0.4013,1,58.84
9027,0,5,0.1502,0.5337,0.3285,0,4.58
9028,0,1,0.1382,0.4303,0.179,0,2.24
9029,1,4,0.0168,0.0682,0.2421,1,18.04
9030,1,3,0.2372,0.1743,0.3047,1,49.24
9031,1,5,0.1502,0.5875,0.4419,1,37.28
9032,1,2,0.1476,0.4933,0.3276,1,55.39
9033,1,1,0.2878,0.3505,0.304,0,6.73
9034,1,5,0.1502,0.5091,0.4223,1,134.58
9035,0,1,0.1178,0.5828,0.211,0,1.66
9036,1,5,0.1502,0.7294,0.4774,1,263.25
9037,0,5,0.299,0.3644,0.3308,0,3.67
9038,0,3,0.1166,0.5647,0.2662,0,2.13
9039,1,4,0.2727,0.2592,0.3666,1,335.97
9040,0,3,0.3266,0.6409,0.3482,1,54.59
9041,0,1,0.0719,0.6771,0.2208,0,4.32
9042,1,2,0.5295,0.5077,0.4458,0,2.21
9043,1,5,0.3266,0.2214,0.4033,1,25.82
9044,0,3,0.2606,0.193,0.2164,0,2.81
9045,0,4,0.2492,0.7125,0.3729,1,48.18
9046,1,4,0.3611,0.4569,0.4426,0,2.03
9047,0,2,0.5395,0.3359,0.3058,0,2.84
9048,1,3,0.2281,0.5917,0.4064,0,2.39
9049,0,4,0.1757,0.384,0.2687,1,46.08
9050,0,5,0.1135,0.4237,0.29,0,2.33
9051,1,5,0.3294,0.6191,0.5036,1,122.83
9052,1,2,0.2372,0.285,0.3024,1,176.64
9053,1,5,0.1674,0.6077,0.4521,0,2.7
9054,0,1,0.1094,0.6215,0.2182,1,12.97
9055,1,4,0.1757,0.1097,0.3001,0,1.18
9056,2,5,0.3485,0.1199,0.4845,1,19.74
9057,0,1,0.299,0.2823,0.1903,0,1.27
9058,1,2,0.3611,0.578,0.4128,1,61.79
9059,0,3,0.0399,0.7404,0.2871,0,1.94
9060,0,4,0.0911,0.4623,0.2629,1,90.34
9061,1,5,0.1094,0.2623,0.3484,1,36.1
9062,1,1,0.2906,0.2214,0.2725,0,1.34
9063,0,3,0.2727,0.5592,0.3116,1,102.1
9064,1,4,0.1206,0.757,0.4454,1,39.34
9065,2,2,0.1768,0.0946,0.3367,0,4.3
9066,0,1,0.3611,0.7293,0.3207,1,33.44
9067,1,3,0.1502,0.0622,0.2506,0,1.83
9068,0,1,0.3611,0.4578,0.2528,1,91.44
9069,1,1,0.0911,0.5226,0.288,0,1.33
9070,0,1,0.1178,0.6091,0.2176,0,1.31
9071,1,1,0.3463,0.7201,0.4139,1,103.61
9072,0,3,0.1051,0.5953,0.2704,1,30.62
9073,1,5,0.1012,0.6061,0.4319,0,1.66
9074,2,1,0.3463,0.3615,0.4243,1,19.47
9075,0,3,0.0399,0.2252,0.1583,0,3.18
9076,0,5,0.335,0.538,0.385,0,5.06
9077,2,4,0.2727,0.3809,0.497,0,3.58
9078,0,3,0.0399,0.4177,0.2064,0,1.42
9079,0,2,0.2301,0.9199,0.359,1,17.14
9080,0,1,0.1476,0.3542,0.1628,0,3.47
9081,2,1,0.1502,0.779,0.4698,1,217.37
9082,0,3,0.0719,0.4957,0.2355,0,1.3
9083,1,1,0.223,0.4764,0.316,1,37.29
9084,1,3,0.5395,0.3465,0.4385,0,1.77
9085,0,1,0.2757,0.3912,0.2105,0,2.09
9086,1,5,0.3266,0.6484,0.5101,1,89.9
9087,1,1,0.0437,0.4818,0.2636,1,61.14
9088,1,2,0.3294,0.772,0.4518,0,1.93
9089,1,2,0.1166,0.5729,0.3382,1,56.87
9090,1,1,0.0437,0.5973,0.2924,1,30.17
9091,0,1,0.2372,0.1984,0.1508,0,2.51
9092,2,4,0.299,0.6904,0.5823,1,82.58
9093,1,2,0.2082,0.3065,0.2991,0,1.19
9094,1,5,0.1904,0.1384,0.3417,0,2.81
9095,2,3,0.1135,0.393,0.4223,1,227.54
9096,1,4,0.3611,0.3838,0.4243,1,14.66
9097,1,2,0.5395,0.4317,0.4298,1,13.49
9098,2,5,0.1051,0.4061,0.4831,1,13.74
9099,0,3,0.183,0.1419,0.1804,0,2.4
9100,0,1,0.1904,0.521,0.2174,1,46.13
9101,0,1,0.1206,0.7334,0.2495,0,0.84
9102,1,2,0.2878,0.6545,0.41,0,3.01
9103,1,1,0.0465,0.2975,0.2183,1,30.68
9104,0,4,0.2082,0.5428,0.3182,0,0.87
9105,0,5,0.3463,0.8143,0.4575,1,110.03
9106,1,1,0.0168,0.4082,0.2371,1,60.9
9107,1,2,0.2853,0.4662,0.3621,0,1.3
9108,1,1,0.1051,0.3097,0.239,0,1.28
9109,0,2,0.223,0.4125,0.23,0,1.24
9110,1,5,0.1135,0.3504,0.3716,1,84.84
9111,1,1,0.0399,0.542,0.2775,0,2.13
9112,1,5,0.2492,0.2918,0.3977,1,74.34
9113,2,3,0.0399,0.6047,0.4531,1,41.88
9114,1,5,0.5295,0.5091,0.5361,1,347.55
9115,2,3,0.1382,0.543,0.4672,1,80.95
9116,0,5,0.5295,0.3066,0.3855,0,2.64
9117,0,3,0.0719,0.4923,0.2346,0,2.41
9118,0,2,0.5295,0.5979,0.3683,0,2.13
9119,1,1,0.3611,0.2771,0.3076,0,1.89
9120,0,3,0.0836,0.7763,0.3092,1,28.79
9121,0,3,0.3463,0.5218,0.3243,0,1.78
9122,0,3,0.5395,0.3522,0.3399,1,130.58
9123,0,1,0.3294,0.345,0.2151,0,1.49
9124,1,4,0.5395,0.4833,0.5027,1,153.3
9125,0,5,0.3266,0.5303,0.3806,1,13.91
9126,0,1,0.1757,0.4398,0.1927,0,3.02
9127,0,5,0.3485,0.4609,0.3698,1,87.65
9128,2,3,0.0836,0.266,0.3816,0,1.77
9129,2,4,0.183,0.2507,0.4376,1,144.5
9130,1,3,0.4038,0.2645,0.3773,1,58.35
9131,0,1,0.1476,0.6261,0.2308,0,2.26
9132,0,5,0.1094,0.3549,0.2715,0,1.23
9133,0,3,0.0719,0.2605,0.1767,0,0.61
9134,0,2,0.2372,0.5995,0.281,0,1.88
9135,1,4,0.3294,0.3918,0.4168,0,2.93
9136,2,2,0.2727,0.2477,0.4037,1,47.75
9137,0,5,0.5395,0.56,0.4518,1,30.87
9138,0,4,0.299,0.4689,0.3269,1,11.79
9139,1,4,0.1577,0.4435,0.3782,1,69.27
9140,0,2,0.335,0.5295,0.2929,0,3.46
9141,1,5,0.1382,0.3838,0.3874,1,39.29
9142,2,4,0.1502,0.4403,0.4751,1,68.12
9143,1,2,0.2727,0.2585,0.3064,0,1.55
9144,0,3,0.1476,0.3955,0.2332,1,65.43
9145,0,1,0.1012,0.7121,0.2384,1,27.68
9146,0,5,0.2281,0.266,0.2849,0,3.16
9147,0,2,0.2727,0.4231,0.2476,0,2.75
9148,0,3,0.1012,0.3344,0.204,1,41.71
9149,0,5,0.2606,0.6634,0.394,1,39.18
9150,1,4,0.299,0.1018,0.3352,0,1.89
9151,0,5,0.1768,0.0767,0.2222,1,94.73
9152,2,3,0.0168,0.1866,0.3417,1,24.66
9153,1,3,0.1577,0.3601,0.3273,1,14.84
9154,0,3,0.1178,0.4716,0.2432,0,3.08
9155,1,5,0.2082,0.3311,0.3952,1,123.91
9156,1,1,0.2771,0.5229,0.3439,0,2.39
9157,0,3,0.1382,0.4501,0.244,0,2.34
9158,1,4,0.335,0.4258,0.427,1,101.36
9159,1,1,0.0911,0.3411,0.2426,1,98.61
9160,0,4,0.2906,0.484,0.3282,0,2.81
9161,0,5,0.2562,0.6154,0.3807,1,29.78
9162,0,1,0.1904,0.9133,0.3154,1,27.39
9163,1,1,0.1674,0.7033,0.356,1,72.68
9164,1,4,0.0168,0.6739,0.3935,0,1.55
9165,1,1,0.1178,0.3175,0.2447,1,23.71
9166,0,1,0.4038,0.6175,0.3055,0,1.59
9167,1,1,0.1051,0.3544,0.2501,1,68.78
9168,0,2,0.1674,0.1482,0.1473,1,39.11
9169,0,5,0.0437,0.4011,0.2634,1,24.08
9170,0,1,0.3294,0.4683,0.2459,0,2.19
9171,0,5,0.1577,0.5247,0.3285,1,23.74
9172,1,1,0.1382,0.3652,0.2628,0,2.55
9173,1,2,0.1094,0.603,0.3436,1,65.82
9174,1,2,0.1476,0.369,0.2965,0,2.51
9175,1,2,0.0719,0.1608,0.2218,0,3.4
9176,1,2,0.223,0.6602,0.392,1,45.34
9177,0,2,0.1904,0.7424,0.3027,1,41.93
9178,1,4,0.1674,0.5753,0.414,1,27.82
9179,0,4,0.1135,0.3445,0.2402,0,1.59
9180,0,1,0.1166,0.8701,0.2825,0,2.15
9181,0,2,0.2562,0.5611,0.2771,0,1.89
9182,0,3,0.2606,0.5755,0.3121,0,1.99
9183,1,5,0.299,0.6625,0.5053,0,3.29
9184,0,3,0.335,0.7383,0.3751,1,36.95
9185,0,3,0.1206,0.6739,0.2947,0,4.82
9186,0,4,0.3294,0.5005,0.3439,0,2.57
9187,1,5,0.1757,0.1252,0.334,1,71.31
9188,1,1,0.2082,0.4955,0.3163,0,1.32
9189,0,1,0.1206,0.7947,0.2649,1,18.52
9190,1,3,0.2082,0.379,0.3472,1,21.84
9191,2,4,0.2301,0.3093,0.4664,1,62.2
9192,1,2,0.1382,0.1701,0.244,1,25.12
9193,0,5,0.1051,0.7294,0.3639,1,42.82
9194,0,3,0.2757,0.331,0.2555,1,23.06
9195,0,1,0.2853,0.7642,0.3066,0,2.77
9196,1,1,0.3611,0.4503,0.3509,1,38.25
9197,0,5,0.1768,0.2818,0.2735,0,2.11
9198,1,1,0.0719,0.4037,0.2525,0,1.14
9199,0,5,0.163,0.1666,0.2406,0,1.48
9200,0,3,0.1179,0.5161,0.2544,0,3.31
9201,0,5,0.1211,0.4584,0.3009,0,1.86
9202,0,4,0.0168,0.3939,0.2235,1,36.51
9203,1,3,0.1757,0.4178,0.3472,0,2.03
9204,0,4,0.1904,0.2158,0.2311,0,2.02
9205,1,2,0.0719,0.433,0.2898,1,36.72
9206,0,3,0.2562,0.1985,0.2165,1,31.1
9207,2,5,0.3294,0.5429,0.5845,1,25.38
9208,0,5,0.0719,0.1352,0.2054,0,2.74
9209,1,4,0.2562,0.4325,0.405,1,116.62
9210,0,4,0.1476,0.4681,0.2813,1,48.29
9211,0,1,0.2727,0.5127,0.24,1,67.5
9212,1,2,0.3485,0.4348,0.3732,1,16.05
9213,2,4,0.3611,0.2514,0.4912,1,47.01
9214,1,3,0.1674,0.5833,0.386,0,1.37
9215,1,3,0.3611,0.532,0.4313,0,3.11
9216,1,1,0.1757,0.6224,0.3383,0,2.45
9217,0,3,0.2281,0.2317,0.2164,0,1.76
9218,0,4,0.1757,0.3781,0.2672,1,58.32
9219,0,1,0.3266,0.3321,0.211,0,1.97
9220,2,3,0.1674,0.888,0.5622,1,64.24
9221,1,1,0.223,0.3331,0.2802,1,14.85
9222,1,4,0.3463,0.8315,0.5318,1,16.33
9223,1,1,0.2878,0.4778,0.3358,1,44.24
9224,0,5,0.0836,0.2234,0.2309,0,2.38
9225,1,3,0.1094,0.3985,0.3224,1,105.66
9226,1,1,0.1476,0.6929,0.3475,1,129.08
9227,0,4,0.3485,0.6403,0.3846,1,55.24
9228,0,5,0.1135,0.3036,0.26,0,1.13
9229,2,1,0.2372,0.3002,0.3762,0,1.83
9230,0,2,0.0399,0.6848,0.2432,0,2.19
9231,2,5,0.5295,0.4026,0.6095,0,1.73
9232,0,3,0.2606,0.231,0.2259,0,1.86
9233,1,5,0.1051,0.4126,0.3847,1,122.77
9234,0,4,0.3485,0.4534,0.3379,0,1.51
9235,2,2,0.0168,0.4488,0.3772,0,3.13
9236,0,3,0.163,0.3757,0.2328,0,2.45
9237,0,5,0.5295,0.5354,0.4427,0,2.59
9238,0,3,0.2301,0.4043,0.2601,0,3.41
9239,1,1,0.0168,0.2707,0.2027,1,12.49
9240,1,4,0.2492,0.5472,0.4316,0,2.32
9241,0,4,0.183,0.3218,0.2553,1,22.55
9242,1,1,0.3463,0.6208,0.3891,0,4.35
9243,1,5,0.1768,0.5126,0.4312,0,2.45
9244,1,5,0.2492,0.5206,0.4549,1,137.59
9245,1,3,0.0719,0.3245,0.2927,1,42.48
9246,1,4,0.1757,0.5383,0.4073,1,83.8
9247,2,2,0.163,0.2608,0.3741,0,1.85
9248,0,4,0.1178,0.4607,0.2705,1,117.35
9249,1,2,0.223,0.2772,0.2962,0,2.77
9250,1,4,0.2906,0.6055,0.4586,1,14.34
9251,1,3,0.1179,0.5024,0.351,0,2.75
9252,2,4,0.163,0.4968,0.4931,1,165.02
9253,2,3,0.1135,0.4561,0.4381,0,1.16
9254,1,5,0.2771,0.4452,0.4444,0,1.7
9255,0,3,0.1757,0.536,0.2767,1,11.63
9256,0,5,0.183,0.2019,0.2554,1,10.94
9257,0,1,0.0719,0.6707,0.2192,1,62.74
9258,2,5,0.0168,0.1022,0.3806,1,99.8
9259,1,4,0.2372,0.7175,0.4705,1,47.89
9260,1,1,0.1094,0.2751,0.2316,0,2.35
9261,0,1,0.1904,0.5804,0.2322,0,3.34
9262,1,2,0.3611,0.4845,0.3895,0,1.92
9263,0,5,0.3266,0.6269,0.4047,1,33.17
9264,0,4,0.2878,0.6084,0.3584,1,147.23
9265,1,5,0.1166,0.5395,0.4199,1,27.53
9266,0,3,0.163,0.552,0.2769,1,120.05
9267,0,1,0.0836,0.5742,0.1986,0,2.64
9268,1,4,0.1382,0.522,0.392,1,251.82
9269,0,1,0.1206,0.6459,0.2277,0,1.75
9270,0,2,0.3266,0.108,0.185,1,19.94
9271,0,5,0.1178,0.2528,0.2485,0,1.56
9272,1,3,0.1178,0.2964,0.2994,0,1.85
9273,1,5,0.3611,0.4677,0.4753,0,2.06
9274,2,5,0.1577,0.5302,0.5299,0,1.85
9275,1,2,0.2853,0.4185,0.3502,1,26.3
9276,2,5,0.1206,0.4937,0.5096,1,69.42
9277,0,4,0.3294,0.7959,0.4178,1,25.03
9278,0,4,0.0719,0.5392,0.2764,0,2.03
9279,0,3,0.4038,0.4748,0.3298,0,0.62
9280,1,4,0.3611,0.4316,0.4362,1,38.58
9281,1,1,0.0437,0.4869,0.2648,0,3.23
9282,0,1,0.1674,0.175,0.124,0,1.3
9283,1,1,0.1768,0.5009,0.3083,0,2.33
9284,1,1,0.2492,0.6057,0.3562,0,1.93
9285,1,3,0.1211,0.193,0.2746,0,3.57
9286,0,3,0.2906,0.3316,0.2601,1,42.07
9287,0,5,0.2853,0.3481,0.3226,1,44.11
9288,1,3,0.2082,0.7196,0.4324,0,1.85
9289,1,5,0.2372,0.427,0.4279,1,25.7
9290,0,2,0.0168,0.6579,0.2295,1,130.49
9291,0,1,0.299,0.5415,0.2551,1,42.78
9292,1,4,0.4038,0.4172,0.4454,1,77.53
9293,0,5,0.5395,0.4304,0.4194,1,33.41
9294,1,4,0.3463,0.2801,0.3939,1,72.17
9295,2,1,0.1012,0.3338,0.3438,1,38.52
9296,1,1,0.2906,0.5574,0.3565,1,123.46
9297,0,4,0.1178,0.4849,0.2766,0,2.29
9298,2,3,0.1674,0.4583,0.4548,0,1.15
9299,0,5,0.0911,0.7208,0.3575,0,3.19
9300,0,3,0.3294,0.5406,0.324,0,1.8
9301,1,1,0.2878,0.3242,0.2974,1,113.02
9302,0,1,0.1166,0.3215,0.1454,0,2.91
9303,0,2,0.1757,0.3401,0.1977,0,1.14
9304,1,4,0.1757,0.1861,0.3192,1,54.98
9305,1,2,0.1206,0.8502,0.4087,1,11.7
9306,1,1,0.1577,0.7011,0.3526,0,5.29
9307,0,3,0.0719,0.7411,0.2968,0,4.56
9308,2,5,0.163,0.3458,0.4853,1,70.25
9309,1,3,0.1502,0.3392,0.3199,0,2.6
9310,0,1,0.4038,0.8583,0.3657,1,20.11
9311,2,1,0.0168,0.1736,0.2784,0,2.1
9312,1,4,0.0836,0.4644,0.3612,0,1.33
9313,1,5,0.1051,0.3945,0.3802,1,21.77
9314,1,2,0.3485,0.6761,0.4336,1,60.03
9315,1,1,0.2906,0.5823,0.3628,0,1.67
9316,0,3,0.2082,0.3644,0.2436,0,2.73
9317,0,2,0.3463,0.1887,0.2111,0,2.31
9318,0,2,0.0399,0.3693,0.1643,0,1.86
9319,1,2,0.1135,0.5862,0.3406,0,8.48
9320,1,3,0.1502,0.4505,0.3477,0,1.32
9321,0,3,0.223,0.3949,0.2556,0,1.31
9322,1,1,0.1051,0.2087,0.2137,0,1.9
9323,0,3,0.2853,0.4857,0.297,1,22.01
9324,0,3,0.5395,0.6697,0.4193,0,3.53
9325,1,2,0.5295,0.4484,0.431,0,2.37
9326,1,5,0.1206,0.4599,0.4012,0,4.69
9327,0,1,0.2082,0.3185,0.1721,0,2.2
9328,0,1,0.2372,0.4074,0.203,1,19.98
9329,1,4,0.335,0.1021,0.346,1,79.03
9330,0,4,0.0437,0.4139,0.2366,1,76.43
9331,1,5,0.2281,0.1855,0.3648,0,2.09
9332,0,3,0.3294,0.7772,0.3831,0,1.41
9333,0,4,0.1502,0.6855,0.3364,0,1.79
9334,2,3,0.1382,0.5166,0.4606,1,55.39
9335,0,2,0.299,0.4007,0.2499,0,1.69
9336,0,3,0.1094,0.79,0.3203,1,112.69
9337,1,4,0.1502,0.3838,0.361,1,57.91
9338,0,4,0.5295,0.2497,0.3413,1,59.88
9339,0,1,0.1206,0.337,0.1504,0,1.85
9340,1,4,0.1382,0.3353,0.3453,1,15.37
9341,0,1,0.1178,0.6902,0.2379,1,104.53
9342,1,1,0.163,0.4308,0.2866,1,79.16
9343,1,2,0.1674,0.6798,0.3802,1,18.73
9344,2,4,0.1382,0.369,0.4537,0,1.77
9345,2,2,0.2727,0.3599,0.4318,0,2.89
9346,0,4,0.1674,0.4528,0.2834,1,24.46
9347,2,1,0.3294,0.5611,0.4691,1,132.71
9348,2,5,0.2492,0.4407,0.5349,1,60.79
9349,1,3,0.3294,0.439,0.3986,1,47.26
9350,1,2,0.0168,0.3288,0.2472,0,1.49
9351,1,1,0.0911,0.3581,0.2469,0,1.53
9352,0,4,0.0719,0.5195,0.2714,0,2.81
9353,0,4,0.0465,0.3257,0.2154,0,2.92
9354,1,2,0.1904,0.8151,0.4209,1,53.68
9355,0,4,0.1051,0.7642,0.3426,1,45.14
9356,0,4,0.3294,0.526,0.3503,1,51.73
9357,0,2,0.2372,0.7403,0.3162,0,0.67
9358,1,4,0.2606,0.7064,0.4748,1,83.66
9359,0,5,0.0168,0.4629,0.2708,1,47.13
9360,1,2,0.2301,0.65,0.3915,1,216.21
9361,1,4,0.3485,0.6183,0.4791,1,17.69
9362,1,5,0.1206,0.5136,0.4146,1,23.83
9363,1,3,0.0399,0.1711,0.2447,0,3.92
9364,1,5,0.4038,0.5877,0.5181,1,118.72
9365,0,5,0.1178,0.1845,0.2315,0,1.56
9366,1,5,0.1502,0.6365,0.4542,1,63.34
9367,1,3,0.0719,0.3104,0.2892,0,2.91
9368,2,5,0.1178,0.6368,0.5445,1,54.83
9369,0,5,0.1904,0.7627,0.3978,1,36.57
9370,1,4,0.2562,0.3519,0.3848,1,76.42
9371,1,2,0.3266,0.6588,0.4227,1,39.08
9372,1,1,0.1502,0.8474,0.3869,0,2.49
9373,0,5,0.1476,0.4013,0.2946,1,7.53
9374,0,2,0.1211,0.5325,0.2295,0,1.4
9375,0,2,0.223,0.5693,0.2692,1,23.32
9376,1,5,0.3485,0.5371,0.4888,1,26.5
9377,0,3,0.5295,0.4487,0.361,1,77.45
9378,1,4,0.163,0.8349,0.4776,1,34.12
9379,1,3,0.1757,0.7153,0.4215,1,76.54
9380,0,4,0.2562,0.264,0.2629,0,1.77
9381,1,4,0.2771,0.2825,0.3738,1,63.43
9382,1,2,0.3485,0.5468,0.4012,0,1.7
9383,0,4,0.0168,0.2947,0.1987,1,32.53
9384,1,4,0.1577,0.4153,0.3711,1,53.54
9385,1,5,0.1178,0.6422,0.4459,0,1.47
9386,1,2,0.1179,0.563,0.3361,1,13.41
9387,1,3,0.0399,0.7293,0.3843,1,172.5
9388,1,4,0.1135,0.31,0.3316,1,46.19
9389,0,2,0.2727,0.3195,0.2217,0,3.63
9390,0,5,0.299,0.0774,0.259,0,1.65
9391,1,4,0.1502,0.6858,0.4365,1,53.74
9392,0,3,0.0465,0.7914,0.3018,1,22.86
9393,0,5,0.5395,0.3556,0.4008,1,49.98
9394,0,5,0.1768,0.1776,0.2474,0,1.52
9395,1,1,0.3611,0.6209,0.3936,0,2.33
9396,1,5,0.5295,0.6761,0.5779,1,95.68
9397,2,4,0.1382,0.458,0.476,1,36.32
9398,0,1,0.1577,0.5365,0.2114,1,15.98
9399,1,5,0.1135,0.6999,0.459,1,183.1
9400,2,5,0.2606,0.2327,0.4864,0,1.08
9401,1,4,0.2281,0.4443,0.3995,0,2.72
9402,0,4,0.2082,0.3426,0.2681,0,2.95
9403,1,2,0.1012,0.4983,0.3149,0,1.79
9404,0,3,0.2757,0.1922,0.2208,0,2.37
9405,0,4,0.223,0.5182,0.3164,1,64.54
9406,1,4,0.3266,0.4505,0.4306,1,111.54
9407,1,2,0.2853,0.4034,0.3464,1,24.61
9408,2,1,0.5395,0.4111,0.4946,0,2.18
9409,1,5,0.3266,0.2625,0.4136,1,116.81
9410,0,5,0.1904,0.4335,0.3155,0,1.31
9411,1,4,0.5395,0.5298,0.5143,1,50.56
9412,0,2,0.1135,0.5036,0.22,0,3.35
9413,0,5,0.1382,0.3879,0.2884,0,2.54
9414,0,2,0.2757,0.616,0.2967,1,93.66
9415,0,1,0.1135,0.4531,0.1773,0,1.8
9416,2,4,0.1178,0.6028,0.506,1,65.51
9417,0,1,0.3611,0.1297,0.1708,1,27.02
9418,0,1,0.1757,0.5122,0.2108,0,2.78
9419,0,3,0.0836,0.3426,0.2007,0,0.72
9420,1,5,0.1206,0.6667,0.4529,0,1.59
9421,1,1,0.1211,0.5585,0.306,1,309.89
9422,1,2,0.2082,0.4993,0.3473,1,51.72
9423,0,3,0.0719,0.4876,0.2335,0,2.14
9424,0,2,0.183,0.2436,0.1758,0,1.43
9425,1,2,0.1179,0.3714,0.2882,1,29.77
9426,1,4,0.2281,0.6219,0.4439,1,182.3
9427,1,4,0.335,0.4305,0.4281,1,64.13
9428,1,3,0.3294,0.6185,0.4434,0,3.36
9429,0,3,0.1768,0.4794,0.2629,1,10.71
9430,0,4,0.2727,0.723,0.3826,0,1.83
9431,0,1,0.2727,0.4426,0.2225,0,2.12
9432,1,4,0.1179,0.4496,0.3678,1,13.98
9433,1,1,0.2372,0.5378,0.3356,0,4.59
9434,1,1,0.335,0.1212,0.2608,0,3.41
9435,0,3,0.2878,0.2849,0.2476,0,3.52
9436,1,4,0.1012,0.555,0.3891,1,27.71
9437,1,5,0.163,0.4078,0.4009,1,33.59
9438,1,2,0.0719,0.3229,0.2623,0,1.43
9439,1,3,0.1904,0.5324,0.3802,1,90.5
9440,1,2,0.1178,0.3015,0.2707,1,55.16
9441,1,3,0.2562,0.4794,0.3867,1,28.33
9442,1,4,0.0399,0.6133,0.3853,0,2.27
9443,1,2,0.2492,0.5772,0.3791,0,2.65
9444,0,4,0.0168,0.3187,0.2047,0,3.94
9445,1,4,0.3463,0.4136,0.4273,1,125.89
9446,0,3,0.2906,0.3137,0.2556,1,36.9
9447,1,2,0.2771,0.5937,0.3916,0,2.05
9448,1,2,0.3485,0.4072,0.3663,1,25.37
9449,0,1,0.3611,0.5042,0.2644,0,1.83
9450,0,3,0.2082,0.2135,0.2058,1,45.31
9451,1,2,0.2492,0.8222,0.4403,0,1.83
9452,1,4,0.1382,0.5819,0.4069,0,1.81
9453,1,2,0.0399,0.34,0.257,0,2.35
9454,0,4,0.0719,0.3974,0.2409,0,1.89
9455,2,3,0.2082,0.5286,0.4846,1,25.21
9456,1,5,0.1674,0.7418,0.4857,1,89.11
9457,0,2,0.0911,0.5426,0.223,0,2.28
9458,1,4,0.3294,0.3841,0.4148,1,45.93
9459,0,3,0.5395,0.3671,0.3436,1,47.91
9460,0,4,0.1166,0.6004,0.3051,1,30.31
9461,1,4,0.1502,0.6502,0.4276,1,25.07
9462,1,3,0.2878,0.4079,0.3783,0,3.49
9463,2,4,0.1757,0.711,0.5505,1,114.68
9464,1,3,0.2492,0.6263,0.4213,0,2.34
9465,0,2,0.2301,0.6599,0.294,0,1.78
9466,0,4,0.2727,0.6223,0.3574,1,71.09
9467,1,2,0.2301,0.5512,0.3668,1,36.45
9468,1,5,0.2082,0.4153,0.4163,1,154.17
9469,1,5,0.2492,0.5125,0.4529,1,15.58
9470,1,1,0.1211,0.1761,0.2104,0,2.2
9471,0,5,0.0719,0.3406,0.2567,0,1.57
9472,1,1,0.2727,0.5671,0.3536,1,17.19
9473,1,3,0.1757,0.5361,0.3767,1,8.48
9474,1,5,0.183,0.3106,0.3825,1,26.56
9475,2,3,0.183,0.3441,0.4309,1,59.8
9476,0,1,0.299,0.8215,0.3251,1,14.64
9477,0,4,0.0437,0.5656,0.2745,0,1.5
9478,0,4,0.1577,0.3896,0.2647,0,2.19
9479,1,4,0.3485,0.4889,0.4468,1,65.53
9480,1,5,0.1211,0.5551,0.4251,1,119.7
9481,0,1,0.1051,0.4378,0.171,0,1.7
9482,1,2,0.1502,0.5309,0.3378,1,60.76
9483,1,2,0.0399,0.5955,0.3208,0,2.07
9484,0,2,0.2906,0.3756,0.2411,0,1.57
9485,0,2,0.3294,0.3585,0.2484,0,2.35
9486,1,1,0.1012,0.5231,0.2911,0,1.84
9487,0,1,0.0399,0.3666,0.1336,0,3.02
9488,0,5,0.2606,0.4151,0.332,1,70.22
9489,2,3,0.2906,0.475,0.4959,0,1.52
9490,2,3,0.0465,0.2298,0.3614,1,115.97
9491,2,5,0.1577,0.3378,0.4818,1,243.12
9492,0,2,0.0399,0.6099,0.2244,0,4.66
9493,2,2,0.1166,0.684,0.466,1,30.68
9494,1,5,0.3485,0.4651,0.4708,0,2.13
9495,0,4,0.4038,0.7166,0.4203,1,78.01
9496,0,3,0.2562,0.4097,0.2693,0,1.0
9497,2,5,0.1768,0.5663,0.5446,1,56.9
9498,1,2,0.2906,0.4399,0.3572,1,167.87
9499,0,1,0.0437,0.4519,0.1561,0,3.15
9500,0,2,0.183,0.4537,0.2283,0,2.43
9501,0,5,0.3611,0.5621,0.3989,1,28.1
9502,0,3,0.1166,0.5021,0.2505,1,45.43
9503,0,2,0.2281,0.508,0.2554,0,3.8
9504,1,4,0.2727,0.4649,0.418,0,3.64
9505,1,3,0.1178,0.4964,0.3494,0,1.2
9506,1,5,0.1577,0.7326,0.4805,1,82.36
9507,0,1,0.2727,0.6633,0.2776,1,17.13
9508,0,2,0.4038,0.5569,0.3204,1,35.06
9509,1,2,0.1768,0.5046,0.3392,0,2.13
9510,2,4,0.1211,0.8005,0.5565,1,117.33
9511,0,1,0.2281,0.4822,0.219,1,37.69
9512,1,3,0.2281,0.2682,0.3255,0,1.71
9513,1,5,0.299,0.4472,0.4515,1,54.7
9514,1,5,0.3294,0.3032,0.4246,1,43.78
9515,1,4,0.2082,0.1223,0.313,1,118.45
9516,1,5,0.1094,0.3863,0.3794,1,81.84
9517,1,4,0.335,0.3275,0.4024,1,150.62
9518,0,1,0.1577,0.5753,0.2211,0,1.95
9519,1,5,0.1178,0.5717,0.4283,1,57.09
9520,1,1,0.1757,0.3619,0.2732,1,23.81
9521,0,4,0.1502,0.4665,0.2817,1,31.87
9522,1,1,0.1211,0.634,0.3248,0,1.84
9523,1,4,0.2301,0.6954,0.4629,1,126.68
9524,0,1,0.163,0.8307,0.2866,0,0.86
9525,0,1,0.1094,0.4677,0.1797,0,2.28
9526,1,2,0.2853,0.5195,0.3755,0,2.88
9527,1,2,0.1674,0.7584,0.3998,1,48.65
9528,0,5,0.1502,0.5446,0.3312,1,76.13
9529,2,2,0.2562,0.6852,0.5082,1,120.85
9530,0,4,0.3294,0.2215,0.2742,0,4.8
9531,0,5,0.2492,0.7313,0.4076,0,1.38
9532,1,1,0.5395,0.5892,0.4391,0,1.24
9533,1,2,0.335,0.1945,0.3091,0,2.53
9534,1,5,0.5395,0.812,0.6148,1,77.19
9535,0,5,0.1757,0.4529,0.3159,0,1.3
9536,0,4,0.1094,0.6349,0.3115,0,1.62
9537,1,2,0.183,0.2069,0.2666,0,1.63
9538,1,1,0.2878,0.6767,0.3855,1,54.05
9539,1,4,0.1012,0.2423,0.3109,1,57.08
9540,1,5,0.1012,0.3793,0.3752,1,55.99
9541,1,1,0.0437,0.4183,0.2477,0,1.96
9542,1,3,0.1179,0.2539,0.2888,0,1.46
9543,0,3,0.4038,0.3722,0.3042,0,2.9
9544,0,5,0.3266,0.2867,0.3197,1,10.24
9545,1,2,0.2771,0.3119,0.3211,1,43.97
9546,1,5,0.2878,0.5944,0.4849,1,47.49
9547,1,5,0.1166,0.2974,0.3593,1,97.1
9548,1,2,0.1179,0.6141,0.3489,1,59.99
9549,0,1,0.1577,0.3532,0.1656,0,1.13
9550,3,5,0.3294,0.3718,0.6418,1,57.2
9551,0,4,0.3294,0.3634,0.3097,1,33.06
9552,1,3,0.1502,0.6069,0.3868,0,4.7
9553,1,5,0.0399,0.4245,0.3681,1,76.55
9554,1,2,0.1757,0.286,0.2842,0,2.93
9555,0,2,0.335,0.5038,0.2864,1,15.89
9556,1,5,0.2301,0.3918,0.417,1,107.45
9557,1,4,0.0719,0.47,0.3591,0,2.53
9558,1,1,0.4038,0.1675,0.293,0,3.38
9559,2,4,0.0719,0.4128,0.4448,1,26.18
9560,2,5,0.4038,0.4443,0.5822,1,67.73
9561,0,5,0.1179,0.365,0.2766,0,1.6
9562,0,1,0.2492,0.4501,0.2173,0,1.56
9563,0,5,0.2372,0.6168,0.3754,1,68.1
9564,0,3,0.2853,0.3046,0.2517,1,34.1
9565,1,2,0.1094,0.81,0.3953,0,3.65
9566,0,3,0.1757,0.4709,0.2604,0,1.96
9567,1,2,0.0437,0.7904,0.3707,1,38.3
9568,0,1,0.1476,0.6144,0.2279,0,3.05
9569,0,5,0.1904,0.4437,0.318,0,1.48
9570,1,1,0.223,0.7614,0.3872,0,2.6
9571,0,4,0.2492,0.4525,0.3079,0,2.94
9572,0,3,0.335,0.6455,0.3519,1,34.68
9573,0,2,0.2757,0.3747,0.2364,1,111.55
9574,0,2,0.3611,0.6273,0.3252,1,146.64
9575,1,5,0.0168,0.2115,0.3079,1,75.34
9576,1,5,0.1382,0.4218,0.3969,0,1.71
9577,0,3,0.2301,0.4996,0.2839,0,4.8
9578,1,4,0.2757,0.3457,0.3891,1,19.29
9579,0,5,0.1476,0.4315,0.3022,1,35.47
9580,1,2,0.1051,0.8357,0.4005,1,29.37
9581,0,4,0.1674,0.5617,0.3106,0,2.11
9582,1,2,0.1179,0.5233,0.3262,0,3.87
9583,1,2,0.2727,0.543,0.3776,1,35.79
9584,0,5,0.1179,0.452,0.2984,0,2.53
9585,2,2,0.3294,0.3815,0.4542,0,1.63
9586,0,5,0.3485,0.3416,0.3399,1,30.75
9587,2,1,0.1051,0.3462,0.3481,1,83.37
9588,1,3,0.299,0.3699,0.3722,1,109.71
9589,0,3,0.1904,0.661,0.3124,0,4.29
9590,0,2,0.2301,0.3642,0.2201,1,89.04
9591,1,3,0.1135,0.2941,0.2976,1,25.22
9592,2,4,0.223,0.6006,0.537,1,115.45
9593,2,2,0.5295,0.3761,0.5129,1,63.48
9594,0,1,0.223,0.4817,0.2173,0,2.06
9595,0,2,0.1135,0.4082,0.1961,0,1.54
9596,0,4,0.2082,0.4313,0.2903,0,1.84
9597,0,1,0.335,0.2944,0.2041,0,1.78
9598,1,1,0.5295,0.5792,0.4336,1,42.52
9599,2,3,0.1178,0.1124,0.3534,1,33.76
9600,1,5,0.1382,0.6004,0.4416,1,35.12
9601,1,1,0.4038,0.5633,0.392,1,46.6
9602,2,1,0.3266,0.0946,0.3516,1,15.46
9603,0,2,0.2853,0.5959,0.2946,0,1.88
9604,0,3,0.1166,0.615,0.2787,1,14.59
9605,0,2,0.1178,0.6389,0.2551,1,39.54
9606,1,3,0.5295,0.3493,0.4362,0,1.65
9607,2,1,0.1674,0.3263,0.3618,0,2.98
9608,1,5,0.1768,0.7141,0.4816,0,2.36
9609,1,2,0.2727,0.0705,0.2594,0,2.67
9610,1,1,0.1206,0.269,0.2334,1,70.84
9611,0,4,0.0437,0.6065,0.2847,0,2.49
9612,0,4,0.2727,0.4469,0.3135,1,54.66
9613,1,3,0.3611,0.3506,0.386,0,2.45
9614,1,1,0.3485,0.379,0.3293,0,4.07
9615,0,3,0.223,0.4658,0.2734,0,2.2
9616,1,2,0.2853,0.7095,0.423,1,38.97
9617,0,4,0.1051,0.2103,0.2041,0,2.35
9618,0,4,0.1178,0.329,0.2376,1,27.51
9619,1,4,0.1674,0.2937,0.3436,0,4.19
9620,1,1,0.1476,0.5507,0.312,1,125.05
9621,1,3,0.0437,0.4339,0.3116,0,3.1
9622,0,2,0.2372,0.5583,0.2707,0,3.38
9623,0,1,0.2281,0.4202,0.2035,0,2.71
9624,0,1,0.1051,0.2436,0.1224,1,24.14
9625,0,3,0.0168,0.6634,0.2609,1,32.69
9626,0,1,0.2853,0.3305,0.1982,0,1.68
9627,1,1,0.1382,0.1464,0.2081,0,5.42
9628,1,5,0.2082,0.326,0.394,1,98.7
9629,1,2,0.2372,0.3848,0.3274,1,18.26
9630,0,4,0.2281,0.5648,0.3296,0,4.32
9631,0,3,0.223,0.1735,0.2003,0,1.11
9632,1,1,0.2281,0.4481,0.3105,0,1.39
9633,1,1,0.2082,0.2914,0.2653,0,3.32
9634,0,5,0.2757,0.3793,0.3275,0,0.98
9635,1,5,0.163,0.3543,0.3875,1,49.94
9636,0,3,0.3485,0.4385,0.3042,0,2.92
9637,0,4,0.2906,0.7264,0.3888,1,46.61
9638,1,4,0.223,0.2402,0.347,1,22.36
9639,0,5,0.5295,0.3774,0.4032,1,23.47
9640,0,3,0.1094,0.4713,0.2406,0,2.2
9641,1,2,0.2492,0.6879,0.4067,1,81.57
9642,0,5,0.3463,0.7006,0.429,1,38.07
9643,0,4,0.1674,0.3061,0.2467,0,2.71
9644,1,2,0.0437,0.5725,0.3162,1,21.55
9645,0,4,0.3463,0.5077,0.3508,0,2.44
9646,1,1,0.223,0.4371,0.3062,0,1.93
9647,1,4,0.2301,0.3427,0.3747,1,28.12
9648,2,4,0.4038,0.3002,0.5162,1,201.63
9649,0,2,0.2727,0.5292,0.2741,1,12.7
9650,1,4,0.1135,0.1543,0.2926,0,2.73
9651,1,3,0.0719,0.5475,0.3484,1,16.41
9652,1,1,0.1768,0.7362,0.3671,0,4.16
9653,1,2,0.1166,0.7393,0.3798,1,47.61
9654,0,1,0.2301,0.6315,0.2569,0,2.0
9655,2,1,0.1206,0.8045,0.4673,1,85.74
9656,0,5,0.5295,0.2092,0.3611,0,2.12
9657,2,2,0.1179,0.5092,0.4227,1,70.04
9658,0,1,0.0168,0.4001,0.1351,0,2.9
9659,1,4,0.1094,0.6348,0.4115,0,1.66
9660,0,2,0.2853,0.3112,0.2234,0,2.45
9661,0,2,0.3266,0.1116,0.1859,1,125.75
9662,1,4,0.1206,0.27,0.3237,0,2.36
9663,0,4,0.3485,0.4645,0.3407,1,35.0
9664,0,4,0.183,0.7092,0.3522,0,1.2
9665,1,5,0.2757,0.6841,0.5037,1,109.79
9666,0,1,0.0168,0.0029,0.0358,0,1.93
9667,1,1,0.1094,0.215,0.2166,0,2.37
9668,0,2,0.2301,0.3222,0.2096,0,1.38
9669,1,1,0.2082,0.6502,0.355,1,62.2
9670,1,5,0.0465,0.6671,0.4307,1,76.5
9671,0,1,0.299,0.296,0.1937,0,3.02
9672,1,3,0.1135,0.5063,0.3506,1,72.29
9673,0,4,0.1179,0.527,0.2871,1,27.46
9674,0,4,0.223,0.5345,0.3205,0,1.85
9675,1,5,0.1382,0.25,0.354,1,73.4
9676,1,3,0.1178,0.4385,0.335,0,3.92
9677,0,5,0.0836,0.4565,0.2892,1,27.19
9678,1,1,0.335,0.155,0.2692,0,2.24
9679,2,2,0.5395,0.548,0.5588,1,72.48
9680,1,2,0.1178,0.5797,0.3403,1,25.2
9681,1,2,0.1502,0.447,0.3168,1,34.7
9682,1,5,0.2757,0.4362,0.4418,0,2.13
9683,2,3,0.1768,0.7021,0.5186,1,44.39
9684,0,4,0.0399,0.3796,0.2269,1,32.32
9685,1,1,0.299,0.7362,0.4037,1,67.84
9686,0,2,0.1211,0.1964,0.1454,0,2.21
9687,1,3,0.1674,0.7911,0.438,1,52.27
9688,1,3,0.1382,0.4231,0.3372,0,5.38
9689,2,4,0.335,0.5294,0.5528,1,44.55
9690,1,1,0.2281,0.0764,0.2175,0,1.1
9691,1,2,0.1768,0.7494,0.4004,0,1.66
9692,1,4,0.3266,0.1266,0.3496,0,1.19
9693,1,4,0.2082,0.58,0.4275,1,109.47
9694,0,1,0.2281,0.3884,0.1955,0,2.29
9695,2,2,0.2771,0.4742,0.4617,0,1.52
9696,2,1,0.1674,0.2521,0.3432,0,3.36
9697,0,1,0.1476,0.6739,0.2428,1,40.38
9698,1,3,0.2727,0.5205,0.4019,0,1.43
9699,2,4,0.2372,0.6604,0.5563,1,47.13
9700,0,4,0.0836,0.244,0.2061,1,31.11
9701,0,5,0.2906,0.5871,0.384,1,151.11
9702,0,1,0.1012,0.3517,0.1483,1,32.37
9703,2,1,0.2562,0.6049,0.4581,1,40.6
9704,0,2,0.1051,0.2285,0.1487,0,2.32
9705,0,3,0.1674,0.5288,0.2724,0,0.97
9706,0,5,0.0437,0.322,0.2436,1,67.71
9707,2,2,0.3294,0.5271,0.4906,0,1.44
9708,1,5,0.299,0.7875,0.5366,1,167.12
9709,1,2,0.2757,0.1116,0.2706,0,1.28
9710,0,5,0.1179,0.7333,0.3687,0,1.94
9711,1,1,0.2301,0.5892,0.3463,1,150.38
9712,2,5,0.1178,0.272,0.4533,0,6.01
9713,2,5,0.223,0.4049,0.5181,0,2.39
9714,0,2,0.163,0.4505,0.2215,0,2.11
9715,1,3,0.2853,0.7948,0.4743,1,118.36
9716,2,3,0.1051,0.4005,0.4217,1,90.18
9717,1,5,0.2301,0.5934,0.4674,0,2.32
9718,0,5,0.0465,0.4163,0.268,0,1.24
9719,0,3,0.1012,0.6648,0.2866,1,110.08
9720,0,3,0.1904,0.4703,0.2647,0,1.9
9721,0,5,0.1211,0.781,0.3816,1,72.45
9722,1,2,0.4038,0.6262,0.4377,0,1.32
9723,0,3,0.2771,0.3185,0.2528,1,54.27
9724,0,4,0.163,0.5355,0.3028,1,45.37
9725,0,3,0.0168,0.4275,0.2019,0,4.39
9726,0,4,0.1166,0.3235,0.2359,0,2.48
9727,0,2,0.1768,0.6794,0.2829,0,2.36
9728,1,2,0.1476,0.5288,0.3365,1,51.04
9729,1,5,0.3294,0.5966,0.498,1,54.29
9730,1,3,0.163,0.1342,0.2724,0,1.92
9731,1,3,0.3463,0.6926,0.467,1,51.84
9732,0,2,0.2853,0.6245,0.3017,0,2.86
9733,1,4,0.2878,0.484,0.4273,0,1.13
9734,0,2,0.0911,0.7689,0.2796,1,64.07
9735,0,1,0.1135,0.4811,0.1843,0,3.35
9736,0,5,0.1051,0.3014,0.2569,0,1.8
9737,1,4,0.4038,0.4287,0.4483,1,163.88
9738,0,3,0.2906,0.5941,0.3257,0,4.12
9739,1,2,0.0168,0.4562,0.2791,1,79.58
9740,1,4,0.3266,0.8174,0.5223,1,101.17
9741,0,3,0.1094,0.3936,0.2212,0,3.4
9742,1,3,0.299,0.6726,0.4478,1,12.86
9743,1,1,0.3463,0.524,0.3649,1,5.9
9744,1,2,0.2757,0.438,0.3522,0,2.32
9745,1,1,0.1674,0.6405,0.3403,0,2.35
9746,2,5,0.2906,0.3338,0.5206,1,84.07
9747,0,4,0.0399,0.3765,0.2261,0,2.28
9748,0,5,0.0168,0.3952,0.2538,1,44.6
9749,1,3,0.4038,0.2832,0.3819,1,59.9
9750,1,1,0.0719,0.4881,0.2736,0,0.86
9751,1,5,0.1502,0.5534,0.4334,1,79.63
9752,0,1,0.1178,0.5617,0.2058,0,1.53
9753,0,3,0.1051,0.1427,0.1572,0,3.35
9754,1,3,0.4038,0.4406,0.4213,1,17.36
9755,1,2,0.1577,0.8982,0.4319,0,1.88
9756,1,3,0.1211,0.3935,0.3247,1,52.71
9757,0,2,0.0437,0.5783,0.2177,0,1.14
9758,0,1,0.163,0.3698,0.1714,0,2.34
9759,0,5,0.1904,0.5532,0.3454,0,2.6
9760,1,3,0.2727,0.3224,0.3524,1,32.3
9761,1,2,0.1051,0.2589,0.2563,0,2.65
9762,0,5,0.2606,0.4248,0.3344,0,3.05
9763,0,4,0.0437,0.4378,0.2426,0,2.44
9764,1,5,0.1094,0.4472,0.3946,1,80.38
9765,0,2,0.1051,0.6086,0.2437,0,4.49
9766,0,4,0.1012,0.2613,0.2157,0,1.53
9767,1,3,0.1211,0.3989,0.3261,0,3.99
9768,1,5,0.0719,0.4569,0.3858,0,4.86
9769,2,3,0.223,0.3964,0.456,0,1.34
9770,1,1,0.2082,0.4217,0.2979,0,2.64
9771,1,4,0.0719,0.5098,0.369,1,81.58
9772,1,3,0.1382,0.2552,0.2953,1,69.49
9773,1,5,0.0836,0.1842,0.3211,1,81.81
9774,0,1,0.1502,0.2197,0.13,1,24.8
9775,1,3,0.1757,0.7133,0.421,1,46.51
9776,1,5,0.299,0.9194,0.5696,1,40.43
9777,0,2,0.335,0.597,0.3097,1,21.5
9778,1,1,0.0719,0.4795,0.2714,0,3.04
9779,1,3,0.1674,0.5966,0.3894,1,14.17
9780,0,5,0.183,0.581,0.3501,0,1.4
9781,0,1,0.299,0.4471,0.2315,1,102.55
9782,1,5,0.3611,0.5798,0.5033,0,3.49
9783,1,1,0.0168,0.3352,0.2188,0,2.14
9784,1,3,0.1094,0.8334,0.4312,1,70.15
9785,0,4,0.1476,0.6225,0.3199,0,1.23
9786,1,4,0.1206,0.4065,0.3578,1,31.9
9787,1,3,0.223,0.4987,0.3816,1,40.47
9788,1,1,0.1211,0.3747,0.26,1,101.12
9789,0,4,0.299,0.3644,0.3008,0,4.36
9790,1,2,0.2757,0.5359,0.3767,1,95.16
9791,0,4,0.2082,0.468,0.2995,1,94.11
9792,1,5,0.0719,0.4979,0.396,0,2.24
9793,1,5,0.1757,0.3147,0.3814,1,31.28
9794,0,5,0.1179,0.425,0.2916,0,1.65
9795,1,3,0.3266,0.4737,0.4064,1,57.33
9796,1,4,0.0911,0.4081,0.3494,0,1.62
9797,0,1,0.2853,0.2392,0.1754,0,1.43
9798,2,5,0.2757,0.6023,0.5833,0,2.92
9799,1,5,0.3463,0.3378,0.4383,1,31.6
9800,0,1,0.3611,0.515,0.2671,0,3.16
9801,1,1,0.3266,0.4726,0.3461,1,45.14
9802,0,5,0.2082,0.3585,0.3021,0,3.11
9803,0,4,0.163,0.5541,0.3074,1,8.11
9804,0,5,0.3463,0.4886,0.376,0,2.72
9805,0,5,0.2492,0.3831,0.3205,0,1.57
9806,1,4,0.4038,0.4152,0.4449,1,40.84
9807,0,3,0.1502,0.3214,0.2154,0,2.26
9808,1,5,0.1904,0.2931,0.3804,0,1.41
9809,1,5,0.1166,0.3872,0.3818,1,89.66
9810,1,3,0.1012,0.2214,0.2757,0,3.28
9811,0,4,0.1179,0.516,0.2844,1,37.42
9812,0,4,0.5395,0.5844,0.428,1,43.55
9813,0,5,0.183,0.2776,0.2743,1,216.93
9814,0,2,0.0399,0.4514,0.1848,0,1.32
9815,0,2,0.335,0.4647,0.2767,1,48.56
9816,2,3,0.0437,0.4518,0.4161,0,2.47
9817,0,1,0.1166,0.6223,0.2206,1,28.67
9818,2,4,0.1166,0.7384,0.5396,1,340.81
9819,1,5,0.1476,0.3169,0.3735,1,61.35
9820,2,1,0.1674,0.3931,0.3785,0,2.27
9821,1,4,0.1768,0.5395,0.4079,1,279.8
9822,1,2,0.2492,0.1835,0.2806,0,1.25
9823,0,2,0.0168,0.4508,0.1777,1,29.81
9824,2,1,0.0836,0.4862,0.3766,1,17.75
9825,1,2,0.2757,0.3004,0.3178,1,169.61
9826,0,3,0.3294,0.4154,0.2927,1,39.61
9827,1,1,0.2853,0.8722,0.4336,1,44.86
9828,0,4,0.4038,0.442,0.3516,0,2.76
9829,2,4,0.0836,0.3225,0.4257,0,2.37
9830,2,1,0.1012,0.4316,0.3683,1,27.17
9831,1,4,0.0836,0.6732,0.4134,0,1.74
9832,1,3,0.2301,0.7542,0.4476,1,190.62
9833,1,2,0.223,0.6437,0.3878,0,1.75
9834,0,1,0.3485,0.5771,0.2788,1,8.76
9835,1,1,0.1768,0.5785,0.3277,0,1.72
9836,0,2,0.3611,0.6031,0.3191,1,21.48
9837,0,4,0.2853,0.5513,0.3434,0,3.78
9838,1,5,0.0465,0.4219,0.3694,1,56.2
9839,1,5,0.1135,0.2923,0.3571,0,1.71
9840,0,2,0.3485,0.4176,0.269,1,57.96
9841,0,2,0.2492,0.3642,0.2258,0,1.57
9842,1,4,0.2906,0.448,0.4192,1,115.82
9843,1,1,0.2492,0.6431,0.3655,1,77.7
9844,0,3,0.223,0.4106,0.2596,0,2.75
9845,1,2,0.5395,0.6411,0.4821,1,78.4
9846,2,5,0.299,0.6111,0.5925,1,226.58
9847,0,2,0.299,0.559,0.2894,1,37.77
9848,0,4,0.1094,0.3639,0.2438,1,67.3
9849,1,5,0.4038,0.2726,0.4393,1,19.18
9850,0,2,0.2281,0.4596,0.2433,1,44.57
9851,1,2,0.223,0.4394,0.3368,1,142.37
9852,0,1,0.0437,0.381,0.1384,0,2.0
9853,0,3,0.3611,0.599,0.3481,0,3.66
9854,1,5,0.2082,0.6199,0.4674,1,59.15
9855,1,5,0.0399,0.6164,0.4161,1,150.17
9856,2,2,0.0836,0.268,0.3521,0,3.04
9857,1,4,0.2281,0.4369,0.3977,1,82.93
9858,0,4,0.5395,0.1782,0.3264,0,1.47
9859,1,4,0.2771,0.7669,0.4949,0,3.65
9860,0,2,0.183,0.8544,0.3285,1,33.6
9861,1,4,0.1012,0.4644,0.3665,0,1.88
9862,1,1,0.335,0.0558,0.2444,1,31.54
9863,1,1,0.0719,0.2781,0.2211,0,1.72
9864,1,4,0.3485,0.6435,0.4854,1,74.52
9865,1,1,0.223,0.5806,0.342,0,3.28
9866,0,3,0.1166,0.0567,0.1392,0,1.99
9867,0,2,0.0168,0.4172,0.1693,1,62.36
9868,0,2,0.2727,0.6695,0.3092,1,19.17
9869,0,4,0.1012,0.5994,0.3002,0,2.07
9870,1,1,0.0719,0.5526,0.2897,0,1.88
9871,2,4,0.1382,0.5065,0.4881,1,265.84
9872,0,3,0.1757,0.4702,0.2603,1,85.21
9873,0,2,0.2372,0.3039,0.2071,0,1.59
9874,2,5,0.1179,0.5042,0.5114,0,1.99
9875,1,4,0.223,0.4341,0.3954,1,41.49
9876,2,2,0.2281,0.3633,0.4193,1,82.5
9877,0,1,0.1674,0.6704,0.2478,1,20.19
9878,1,4,0.2492,0.4363,0.4038,0,2.19
9879,1,1,0.1012,0.3927,0.2585,0,2.46
9880,0,1,0.1476,0.5111,0.2021,0,2.69
9881,0,3,0.1502,0.7328,0.3183,1,53.49
9882,0,5,0.5295,0.5554,0.4477,1,73.89
9883,0,2,0.1382,0.8133,0.3048,0,2.78
9884,0,2,0.1577,0.5278,0.2393,1,8.46
9885,0,1,0.1904,0.6008,0.2373,0,3.41
9886,0,2,0.223,0.5838,0.2728,1,24.01
9887,1,4,0.1179,0.6651,0.4216,0,2.11
9888,0,1,0.1166,0.1855,0.1114,0,2.82
9889,0,2,0.1012,0.5491,0.2276,0,2.0
9890,0,5,0.1476,0.3835,0.2902,0,2.73
9891,2,4,0.1179,0.7283,0.5374,1,168.95
9892,1,1,0.0719,0.463,0.2673,1,36.31
9893,1,5,0.0719,0.5658,0.413,0,2.34
9894,0,2,0.2878,0.5416,0.2817,0,1.11
9895,1,5,0.2281,0.7113,0.4963,1,139.22
9896,1,5,0.1211,0.3309,0.3691,0,3.2
9897,0,3,0.0437,0.705,0.2794,0,3.28
9898,2,1,0.1166,0.3585,0.3546,0,2.51
9899,1,5,0.2606,0.8231,0.534,1,21.06
9900,0,5,0.4038,0.7163,0.4502,1,412.03
9901,1,3,0.1904,0.4582,0.3617,0,3.86
9902,1,2,0.223,0.5648,0.3681,0,1.91
9903,0,4,0.1178,0.582,0.3008,0,1.51
9904,1,1,0.223,0.5178,0.3264,1,25.82
9905,1,1,0.1768,0.4575,0.2974,1,21.14
9906,1,1,0.0719,0.4731,0.2698,1,34.74
9907,0,3,0.2281,0.7027,0.3341,0,4.51
9908,1,3,0.0836,0.19,0.2626,0,2.52
9909,0,1,0.1178,0.6745,0.234,1,28.53
9910,2,2,0.0911,0.4102,0.3899,1,31.26
9911,0,2,0.2771,0.267,0.2099,0,1.82
9912,0,2,0.3266,0.4385,0.2676,0,2.0
9913,1,3,0.1178,0.3806,0.3205,0,2.37
9914,1,2,0.1211,0.2008,0.2465,0,2.15
9915,0,2,0.1502,0.6648,0.2713,0,2.1
9916,1,2,0.1051,0.496,0.3155,0,1.07
9917,1,1,0.1768,0.3841,0.2791,1,77.04
9918,0,5,0.0399,0.3477,0.2489,0,2.9
9919,0,4,0.3463,0.4125,0.327,1,25.0
9920,1,5,0.2492,0.7581,0.5143,1,165.92
9921,1,4,0.3266,0.4811,0.4383,0,1.81
9922,1,1,0.4038,0.2565,0.3153,1,63.64
9923,0,3,0.2562,0.4918,0.2898,1,96.0
9924,1,2,0.4038,0.3808,0.3763,1,228.12
9925,0,1,0.299,0.6673,0.2865,1,26.52
9926,0,1,0.0465,0.8209,0.2492,1,136.21
9927,0,5,0.1757,0.4591,0.3175,1,36.81
9928,0,4,0.3294,0.4178,0.3233,0,1.24
9929,1,3,0.2082,0.5148,0.3812,0,2.04
9930,0,5,0.2878,0.6072,0.3881,1,76.1
9931,2,2,0.223,0.3213,0.4072,1,32.63
9932,0,1,0.1757,0.2842,0.1538,1,23.4
9933,1,1,0.2771,0.3357,0.2971,0,1.68
9934,0,3,0.223,0.5267,0.2886,0,1.71
9935,1,2,0.163,0.276,0.2779,0,1.81
9936,0,1,0.2606,0.3568,0.1974,0,2.02
9937,1,2,0.2492,0.2212,0.2901,0,1.53
9938,1,5,0.335,0.5215,0.4809,1,28.18
9939,0,2,0.3266,0.6753,0.3268,0,1.5
9940,1,2,0.1206,0.5518,0.3341,1,9.01
9941,0,3,0.3611,0.6703,0.3659,1,83.75
9942,1,4,0.2727,0.3634,0.3927,1,13.43
9943,1,2,0.2878,0.3591,0.3361,1,53.0
9944,1,2,0.335,0.2343,0.3191,1,19.15
9945,2,4,0.0437,0.6299,0.4906,1,43.51
9946,1,2,0.3611,0.028,0.2753,0,1.76
9947,0,5,0.1135,0.4616,0.2994,0,2.2
9948,1,2,0.2301,0.2945,0.3027,0,1.57
9949,2,4,0.1166,0.6232,0.5108,1,19.9
9950,1,2,0.2853,0.4198,0.3505,1,54.99
9951,1,4,0.2301,0.3109,0.3668,1,20.51
9952,1,3,0.5395,0.793,0.5501,1,52.62
9953,1,4,0.2301,0.7154,0.4679,1,40.77
9954,0,3,0.0437,0.3552,0.1919,0,3.23
9955,1,3,0.183,0.1611,0.2852,0,3.15
9956,1,4,0.2878,0.3806,0.4015,1,85.96
9957,0,1,0.2771,0.7497,0.3006,1,7.11
9958,1,4,0.2757,0.5345,0.4363,0,3.31
9959,1,1,0.1382,0.3787,0.2661,0,4.4
9960,1,4,0.1012,0.581,0.3956,1,121.0
9961,1,2,0.1674,0.3228,0.2909,0,2.84
9962,0,5,0.2301,0.6214,0.3744,1,14.26
9963,1,3,0.5295,0.4324,0.457,1,87.26
9964,0,2,0.0911,0.6771,0.2566,0,2.19
9965,0,5,0.0911,0.618,0.3318,0,2.22
9966,0,5,0.1382,0.577,0.3357,0,3.01
9967,1,2,0.0168,0.2756,0.2339,1,16.52
9968,0,3,0.1211,0.6149,0.2801,0,5.46
9969,0,4,0.1757,0.4062,0.2743,0,1.42
9970,1,2,0.2562,0.5526,0.375,0,2.46
9971,0,2,0.2281,0.5908,0.2761,0,2.04
9972,1,1,0.2562,0.513,0.3351,0,1.45
9973,0,1,0.1094,0.3202,0.1429,0,4.68
9974,0,5,0.0465,0.3608,0.2542,0,2.94
9975,1,5,0.5295,0.1429,0.4446,1,30.24
9976,1,3,0.163,0.0449,0.2501,0,4.0
9977,0,2,0.1502,0.3954,0.2039,1,38.35
9978,0,3,0.2853,0.6441,0.3366,0,0.95
9979,1,5,0.2853,0.7934,0.5339,1,24.38
9980,0,1,0.3463,0.4131,0.2372,0,2.06
9981,1,1,0.1502,0.5843,0.3211,0,2.07
9982,0,3,0.1051,0.5085,0.2487,0,2.64
9983,1,1,0.1211,0.6407,0.3265,1,11.56
9984,0,2,0.2906,0.1383,0.1818,0,3.82
9985,1,2,0.2281,0.2285,0.2856,0,1.83
9986,0,2,0.1674,0.3808,0.2054,0,1.33
9987,1,4,0.1476,0.4726,0.3824,1,251.55
9988,0,4,0.5295,0.3992,0.3786,0,1.2
9989,1,4,0.1135,0.2715,0.3219,0,1.95
9990,1,3,0.1051,0.5456,0.3579,0,2.97
9991,0,2,0.2082,0.224,0.1785,0,3.27
9992,0,4,0.3294,0.449,0.3311,0,2.52
9993,2,4,0.2562,0.3622,0.4874,1,94.91
9994,1,3,0.1178,0.4301,0.3329,0,1.53
9995,0,2,0.335,0.326,0.242,1,23.84
9996,1,5,0.2606,0.4854,0.4495,0,1.81
9997,0,4,0.3294,0.558,0.3583,1,21.44
9998,1,4,0.0719,0.3317,0.3245,1,133.31
9999,1,2,0.1094,0.5212,0.3231,1,50.13
10000,0,3,0.1476,0.7092,0.3116,1,26.79
