port_id,location,date,congestion_level,queue_time_hours
1,Shanghai,2023-01-01,0.1928,5.51
1,Shanghai,2023-01-02,0.2082,0.7
1,Shanghai,2023-01-03,0.1893,2.16
1,Shanghai,2023-01-04,0.2505,1.33
1,Shanghai,2023-01-05,0.3163,2.41
1,Shanghai,2023-01-06,0.3434,0.92
1,Shanghai,2023-01-07,0.3335,0.64
1,Shanghai,2023-01-08,0.2851,5.11
1,Shanghai,2023-01-09,0.3509,1.2
1,Shanghai,2023-01-10,0.414,0.78
1,Shanghai,2023-01-11,0.3879,2.15
1,Shanghai,2023-01-12,0.4683,5.16
1,Shanghai,2023-01-13,0.4433,8.97
1,Shanghai,2023-01-14,0.4065,5.57
1,Shanghai,2023-01-15,0.4124,16.34
1,Shanghai,2023-01-16,0.4763,1.55
1,Shanghai,2023-01-17,0.4683,0.41
1,Shanghai,2023-01-18,0.492,3.61
1,Shanghai,2023-01-19,0.5104,4.66
1,Shanghai,2023-01-20,0.6144,17.82
1,Shanghai,2023-01-21,0.609,10.16
1,Shanghai,2023-01-22,0.5801,4.28
1,Shanghai,2023-01-23,0.6386,1.28
1,Shanghai,2023-01-24,0.5193,2.07
1,Shanghai,2023-01-25,0.4386,9.51
1,Shanghai,2023-01-26,0.5039,1.33
1,Shanghai,2023-01-27,0.5051,27.06
1,Shanghai,2023-01-28,0.4606,4.2
1,Shanghai,2023-01-29,0.4957,0.89
1,Shanghai,2023-01-30,0.5324,3.78
1,Shanghai,2023-01-31,0.5898,0.29
1,Shanghai,2023-02-01,0.558,4.19
1,Shanghai,2023-02-02,0.6314,12.9
1,Shanghai,2023-02-03,0.6287,1.1
1,Shanghai,2023-02-04,0.673,6.21
1,Shanghai,2023-02-05,0.6615,1.97
1,Shanghai,2023-02-06,0.6371,7.67
1,Shanghai,2023-02-07,0.6203,2.95
1,Shanghai,2023-02-08,0.6164,8.19
1,Shanghai,2023-02-09,0.6007,0.23
1,Shanghai,2023-02-10,0.5758,16.19
1,Shanghai,2023-02-11,0.6568,13.13
1,Shanghai,2023-02-12,0.6567,1.13
1,Shanghai,2023-02-13,0.5498,41.15
1,Shanghai,2023-02-14,0.5602,2.13
1,Shanghai,2023-02-15,0.5875,1.56
1,Shanghai,2023-02-16,0.4609,4.13
1,Shanghai,2023-02-17,0.457,0.41
1,Shanghai,2023-02-18,0.5218,2.04
1,Shanghai,2023-02-19,0.5329,4.24
1,Shanghai,2023-02-20,0.5828,9.07
1,Shanghai,2023-02-21,0.505,7.42
1,Shanghai,2023-02-22,0.4572,6.0
1,Shanghai,2023-02-23,0.3849,6.26
1,Shanghai,2023-02-24,0.3196,0.18
1,Shanghai,2023-02-25,0.1918,0.23
1,Shanghai,2023-02-26,0.3579,10.53
1,Shanghai,2023-02-27,0.3754,0.82
1,Shanghai,2023-02-28,0.4114,0.89
1,Shanghai,2023-03-01,0.4937,2.08
1,Shanghai,2023-03-02,0.5076,13.26
1,Shanghai,2023-03-03,0.535,8.03
1,Shanghai,2023-03-04,0.5564,4.64
1,Shanghai,2023-03-05,0.6766,9.1
1,Shanghai,2023-03-06,0.7028,1.35
1,Shanghai,2023-03-07,0.595,3.8
1,Shanghai,2023-03-08,0.5218,16.45
1,Shanghai,2023-03-09,0.4663,8.61
1,Shanghai,2023-03-10,0.4924,6.54
1,Shanghai,2023-03-11,0.425,0.74
1,Shanghai,2023-03-12,0.4021,6.23
1,Shanghai,2023-03-13,0.4477,2.62
1,Shanghai,2023-03-14,0.5169,2.44
1,Shanghai,2023-03-15,0.4648,3.32
1,Shanghai,2023-03-16,0.5081,0.74
1,Shanghai,2023-03-17,0.5552,8.74
1,Shanghai,2023-03-18,0.5936,1.67
1,Shanghai,2023-03-19,0.4428,4.5
1,Shanghai,2023-03-20,0.3857,1.48
1,Shanghai,2023-03-21,0.3111,3.71
1,Shanghai,2023-03-22,0.4182,6.13
1,Shanghai,2023-03-23,0.3848,3.54
1,Shanghai,2023-03-24,0.3617,2.24
1,Shanghai,2023-03-25,0.3747,7.36
1,Shanghai,2023-03-26,0.5169,4.2
1,Shanghai,2023-03-27,0.5175,3.67
1,Shanghai,2023-03-28,0.479,1.06
1,Shanghai,2023-03-29,0.5425,8.13
1,Shanghai,2023-03-30,0.5554,2.9
1,Shanghai,2023-03-31,0.582,15.1
1,Shanghai,2023-04-01,0.5474,17.87
1,Shanghai,2023-04-02,0.5626,0.54
1,Shanghai,2023-04-03,0.4367,2.49
1,Shanghai,2023-04-04,0.464,7.57
1,Shanghai,2023-04-05,0.3963,0.7
1,Shanghai,2023-04-06,0.4996,13.63
1,Shanghai,2023-04-07,0.5956,4.53
1,Shanghai,2023-04-08,0.6333,6.5
1,Shanghai,2023-04-09,0.7395,4.77
1,Shanghai,2023-04-10,0.9135,21.17
1,Shanghai,2023-04-11,0.8668,5.29
1,Shanghai,2023-04-12,0.8283,3.73
1,Shanghai,2023-04-13,0.8354,15.39
1,Shanghai,2023-04-14,0.8654,11.73
1,Shanghai,2023-04-15,0.6817,1.09
1,Shanghai,2023-04-16,0.6463,2.47
1,Shanghai,2023-04-17,0.6175,10.29
1,Shanghai,2023-04-18,0.6308,10.45
1,Shanghai,2023-04-19,0.6449,5.73
1,Shanghai,2023-04-20,0.6311,1.5
1,Shanghai,2023-04-21,0.6061,18.55
1,Shanghai,2023-04-22,0.5634,4.79
1,Shanghai,2023-04-23,0.669,2.16
1,Shanghai,2023-04-24,0.5466,9.65
1,Shanghai,2023-04-25,0.7263,0.87
1,Shanghai,2023-04-26,0.8143,16.61
1,Shanghai,2023-04-27,0.7697,18.76
1,Shanghai,2023-04-28,0.8091,4.85
1,Shanghai,2023-04-29,0.7683,6.01
1,Shanghai,2023-04-30,0.729,0.6
1,Shanghai,2023-05-01,0.7174,2.19
1,Shanghai,2023-05-02,0.6541,5.96
1,Shanghai,2023-05-03,0.6813,23.84
1,Shanghai,2023-05-04,0.6106,5.94
1,Shanghai,2023-05-05,0.6342,6.95
1,Shanghai,2023-05-06,0.597,0.93
1,Shanghai,2023-05-07,0.7059,3.43
1,Shanghai,2023-05-08,0.7895,46.98
1,Shanghai,2023-05-09,0.7135,16.54
1,Shanghai,2023-05-10,0.7693,12.1
1,Shanghai,2023-05-11,0.7638,48.07
1,Shanghai,2023-05-12,0.8323,0.59
1,Shanghai,2023-05-13,0.8527,29.04
1,Shanghai,2023-05-14,0.7275,58.65
1,Shanghai,2023-05-15,0.7778,1.21
1,Shanghai,2023-05-16,0.7443,21.67
1,Shanghai,2023-05-17,0.835,18.39
1,Shanghai,2023-05-18,0.7424,2.12
1,Shanghai,2023-05-19,0.7899,6.23
1,Shanghai,2023-05-20,0.6857,12.8
1,Shanghai,2023-05-21,0.7973,7.14
1,Shanghai,2023-05-22,0.8398,74.52
1,Shanghai,2023-05-23,0.7713,18.34
1,Shanghai,2023-05-24,0.8292,13.3
1,Shanghai,2023-05-25,0.8996,47.25
1,Shanghai,2023-05-26,0.9099,10.29
1,Shanghai,2023-05-27,0.8525,6.31
1,Shanghai,2023-05-28,0.744,5.16
1,Shanghai,2023-05-29,0.6978,9.24
1,Shanghai,2023-05-30,0.6004,2.91
1,Shanghai,2023-05-31,0.6601,0.14
1,Shanghai,2023-06-01,0.7157,4.08
1,Shanghai,2023-06-02,0.657,12.05
1,Shanghai,2023-06-03,0.7153,12.14
1,Shanghai,2023-06-04,0.6739,70.32
1,Shanghai,2023-06-05,0.6607,6.96
1,Shanghai,2023-06-06,0.6723,4.93
1,Shanghai,2023-06-07,0.6497,12.58
1,Shanghai,2023-06-08,0.5254,3.79
1,Shanghai,2023-06-09,0.5332,1.83
1,Shanghai,2023-06-10,0.4484,4.05
1,Shanghai,2023-06-11,0.3519,1.05
1,Shanghai,2023-06-12,0.3739,4.58
1,Shanghai,2023-06-13,0.3858,0.41
1,Shanghai,2023-06-14,0.3202,2.27
1,Shanghai,2023-06-15,0.3482,6.14
1,Shanghai,2023-06-16,0.4041,4.93
1,Shanghai,2023-06-17,0.4605,1.73
1,Shanghai,2023-06-18,0.4561,1.55
1,Shanghai,2023-06-19,0.5475,13.53
1,Shanghai,2023-06-20,0.5932,3.69
1,Shanghai,2023-06-21,0.4915,8.24
1,Shanghai,2023-06-22,0.601,4.57
1,Shanghai,2023-06-23,0.6962,3.15
1,Shanghai,2023-06-24,0.6581,0.8
1,Shanghai,2023-06-25,0.5841,8.73
1,Shanghai,2023-06-26,0.6687,7.7
1,Shanghai,2023-06-27,0.61,8.24
1,Shanghai,2023-06-28,0.5359,1.85
1,Shanghai,2023-06-29,0.5141,2.92
1,Shanghai,2023-06-30,0.6182,24.28
1,Shanghai,2023-07-01,0.6958,5.3
1,Shanghai,2023-07-02,0.7881,7.23
1,Shanghai,2023-07-03,0.7825,8.82
1,Shanghai,2023-07-04,0.7427,7.98
1,Shanghai,2023-07-05,0.7081,7.21
1,Shanghai,2023-07-06,0.6484,5.19
1,Shanghai,2023-07-07,0.624,2.71
1,Shanghai,2023-07-08,0.5869,3.11
1,Shanghai,2023-07-09,0.6931,6.02
1,Shanghai,2023-07-10,0.6625,3.45
1,Shanghai,2023-07-11,0.6602,8.17
1,Shanghai,2023-07-12,0.6813,5.4
1,Shanghai,2023-07-13,0.7907,6.31
1,Shanghai,2023-07-14,0.8079,2.02
1,Shanghai,2023-07-15,0.7584,7.49
1,Shanghai,2023-07-16,0.6725,24.13
1,Shanghai,2023-07-17,0.6423,7.88
1,Shanghai,2023-07-18,0.6286,5.89
1,Shanghai,2023-07-19,0.5989,1.08
1,Shanghai,2023-07-20,0.5876,2.81
1,Shanghai,2023-07-21,0.646,0.4
1,Shanghai,2023-07-22,0.5934,15.41
1,Shanghai,2023-07-23,0.6088,1.66
1,Shanghai,2023-07-24,0.7022,0.22
1,Shanghai,2023-07-25,0.5725,3.07
1,Shanghai,2023-07-26,0.5785,16.3
1,Shanghai,2023-07-27,0.6593,33.18
1,Shanghai,2023-07-28,0.6996,4.59
1,Shanghai,2023-07-29,0.6422,6.56
1,Shanghai,2023-07-30,0.6662,11.07
1,Shanghai,2023-07-31,0.6589,6.7
1,Shanghai,2023-08-01,0.697,9.99
1,Shanghai,2023-08-02,0.7058,24.03
1,Shanghai,2023-08-03,0.7997,14.55
1,Shanghai,2023-08-04,0.7917,0.21
1,Shanghai,2023-08-05,0.7875,20.59
1,Shanghai,2023-08-06,0.7368,7.18
1,Shanghai,2023-08-07,0.759,53.49
1,Shanghai,2023-08-08,0.681,21.08
1,Shanghai,2023-08-09,0.7428,12.31
1,Shanghai,2023-08-10,0.7321,9.47
1,Shanghai,2023-08-11,0.7404,3.28
1,Shanghai,2023-08-12,0.7703,18.81
1,Shanghai,2023-08-13,0.834,26.35
1,Shanghai,2023-08-14,0.9744,15.86
1,Shanghai,2023-08-15,0.871,0.24
1,Shanghai,2023-08-16,0.8725,90.75
1,Shanghai,2023-08-17,0.8894,110.92
1,Shanghai,2023-08-18,0.8716,9.62
1,Shanghai,2023-08-19,0.7929,3.76
1,Shanghai,2023-08-20,0.8324,9.27
1,Shanghai,2023-08-21,0.782,7.3
1,Shanghai,2023-08-22,0.777,3.23
1,Shanghai,2023-08-23,0.7062,19.52
1,Shanghai,2023-08-24,0.6886,10.95
1,Shanghai,2023-08-25,0.6073,13.98
1,Shanghai,2023-08-26,0.5365,2.52
1,Shanghai,2023-08-27,0.4278,0.43
1,Shanghai,2023-08-28,0.6407,10.34
1,Shanghai,2023-08-29,0.5417,1.92
1,Shanghai,2023-08-30,0.5939,2.21
1,Shanghai,2023-08-31,0.5413,19.58
1,Shanghai,2023-09-01,0.4278,4.09
1,Shanghai,2023-09-02,0.4564,9.56
1,Shanghai,2023-09-03,0.6206,4.37
1,Shanghai,2023-09-04,0.6034,6.27
1,Shanghai,2023-09-05,0.7058,20.51
1,Shanghai,2023-09-06,0.8034,10.71
1,Shanghai,2023-09-07,0.7066,67.55
1,Shanghai,2023-09-08,0.6123,47.95
1,Shanghai,2023-09-09,0.5559,4.91
1,Shanghai,2023-09-10,0.6187,1.81
1,Shanghai,2023-09-11,0.5275,2.12
1,Shanghai,2023-09-12,0.558,2.86
1,Shanghai,2023-09-13,0.561,25.26
1,Shanghai,2023-09-14,0.5183,2.34
1,Shanghai,2023-09-15,0.5206,7.75
1,Shanghai,2023-09-16,0.5114,6.81
1,Shanghai,2023-09-17,0.5195,3.74
1,Shanghai,2023-09-18,0.6597,18.4
1,Shanghai,2023-09-19,0.6197,5.31
1,Shanghai,2023-09-20,0.6037,13.13
1,Shanghai,2023-09-21,0.6325,5.33
1,Shanghai,2023-09-22,0.5913,1.29
1,Shanghai,2023-09-23,0.6808,1.45
1,Shanghai,2023-09-24,0.6132,1.06
1,Shanghai,2023-09-25,0.672,5.33
1,Shanghai,2023-09-26,0.6396,1.57
1,Shanghai,2023-09-27,0.6272,0.5
1,Shanghai,2023-09-28,0.7361,10.55
1,Shanghai,2023-09-29,0.7575,4.16
1,Shanghai,2023-09-30,0.6887,6.04
1,Shanghai,2023-10-01,0.6144,1.17
1,Shanghai,2023-10-02,0.7206,30.76
1,Shanghai,2023-10-03,0.725,23.06
1,Shanghai,2023-10-04,0.6717,11.5
1,Shanghai,2023-10-05,0.7213,36.25
1,Shanghai,2023-10-06,0.6795,4.16
1,Shanghai,2023-10-07,0.6094,7.17
1,Shanghai,2023-10-08,0.5916,2.35
1,Shanghai,2023-10-09,0.6065,0.08
1,Shanghai,2023-10-10,0.4923,1.27
1,Shanghai,2023-10-11,0.4663,6.22
1,Shanghai,2023-10-12,0.508,2.39
1,Shanghai,2023-10-13,0.518,1.75
1,Shanghai,2023-10-14,0.5176,1.32
1,Shanghai,2023-10-15,0.4581,5.34
1,Shanghai,2023-10-16,0.5241,5.17
1,Shanghai,2023-10-17,0.5546,12.54
1,Shanghai,2023-10-18,0.6364,16.08
1,Shanghai,2023-10-19,0.6047,3.47
1,Shanghai,2023-10-20,0.6106,30.16
1,Shanghai,2023-10-21,0.6394,11.51
1,Shanghai,2023-10-22,0.6175,0.52
1,Shanghai,2023-10-23,0.6853,0.6
1,Shanghai,2023-10-24,0.711,16.24
1,Shanghai,2023-10-25,0.6256,18.48
1,Shanghai,2023-10-26,0.5476,3.17
1,Shanghai,2023-10-27,0.5411,1.08
1,Shanghai,2023-10-28,0.4369,4.47
1,Shanghai,2023-10-29,0.5599,8.82
1,Shanghai,2023-10-30,0.5203,6.0
1,Shanghai,2023-10-31,0.5912,4.38
1,Shanghai,2023-11-01,0.5226,2.15
1,Shanghai,2023-11-02,0.5886,2.23
1,Shanghai,2023-11-03,0.6831,0.76
1,Shanghai,2023-11-04,0.5612,6.87
1,Shanghai,2023-11-05,0.5513,1.57
1,Shanghai,2023-11-06,0.6918,1.49
1,Shanghai,2023-11-07,0.679,3.18
1,Shanghai,2023-11-08,0.7158,1.69
1,Shanghai,2023-11-09,0.7097,3.06
1,Shanghai,2023-11-10,0.772,10.52
1,Shanghai,2023-11-11,0.8194,0.19
1,Shanghai,2023-11-12,0.7742,2.51
1,Shanghai,2023-11-13,0.7856,8.48
1,Shanghai,2023-11-14,0.7367,5.72
1,Shanghai,2023-11-15,0.6381,0.47
1,Shanghai,2023-11-16,0.6678,0.26
1,Shanghai,2023-11-17,0.6867,8.14
1,Shanghai,2023-11-18,0.744,9.75
1,Shanghai,2023-11-19,0.8356,15.24
1,Shanghai,2023-11-20,0.8072,27.61
1,Shanghai,2023-11-21,0.7497,12.91
1,Shanghai,2023-11-22,0.6867,16.85
1,Shanghai,2023-11-23,0.7555,4.49
1,Shanghai,2023-11-24,0.6765,40.91
1,Shanghai,2023-11-25,0.68,2.71
1,Shanghai,2023-11-26,0.5734,17.49
1,Shanghai,2023-11-27,0.6971,11.68
1,Shanghai,2023-11-28,0.7213,12.22
1,Shanghai,2023-11-29,0.661,11.84
1,Shanghai,2023-11-30,0.7538,53.93
1,Shanghai,2023-12-01,0.7096,3.1
1,Shanghai,2023-12-02,0.6959,0.35
1,Shanghai,2023-12-03,0.5443,9.51
1,Shanghai,2023-12-04,0.6207,19.47
1,Shanghai,2023-12-05,0.5891,2.2
1,Shanghai,2023-12-06,0.5691,5.88
1,Shanghai,2023-12-07,0.507,28.17
1,Shanghai,2023-12-08,0.4742,4.05
1,Shanghai,2023-12-09,0.4486,7.41
1,Shanghai,2023-12-10,0.5362,0.95
1,Shanghai,2023-12-11,0.6005,1.22
1,Shanghai,2023-12-12,0.5404,2.55
1,Shanghai,2023-12-13,0.4062,0.79
1,Shanghai,2023-12-14,0.5393,13.13
1,Shanghai,2023-12-15,0.4203,1.24
1,Shanghai,2023-12-16,0.5018,0.27
1,Shanghai,2023-12-17,0.5354,0.69
1,Shanghai,2023-12-18,0.5633,18.23
1,Shanghai,2023-12-19,0.5254,20.56
1,Shanghai,2023-12-20,0.5724,0.56
1,Shanghai,2023-12-21,0.6335,9.41
1,Shanghai,2023-12-22,0.7177,22.49
1,Shanghai,2023-12-23,0.7626,10.54
1,Shanghai,2023-12-24,0.6446,17.06
1,Shanghai,2023-12-25,0.6305,8.04
1,Shanghai,2023-12-26,0.581,5.78
1,Shanghai,2023-12-27,0.5789,17.55
1,Shanghai,2023-12-28,0.5906,8.42
1,Shanghai,2023-12-29,0.6781,12.85
1,Shanghai,2023-12-30,0.6593,2.43
1,Shanghai,2023-12-31,0.6912,21.58
1,Shanghai,2024-01-01,0.6912,0.28
1,Shanghai,2024-01-02,0.7959,1.47
1,Shanghai,2024-01-03,0.7264,4.31
1,Shanghai,2024-01-04,0.6643,33.1
1,Shanghai,2024-01-05,0.6948,27.79
1,Shanghai,2024-01-06,0.7451,23.95
1,Shanghai,2024-01-07,0.6736,2.68
1,Shanghai,2024-01-08,0.6794,10.16
1,Shanghai,2024-01-09,0.6404,12.8
1,Shanghai,2024-01-10,0.5661,7.11
1,Shanghai,2024-01-11,0.5295,10.24
1,Shanghai,2024-01-12,0.5192,10.9
1,Shanghai,2024-01-13,0.6011,3.11
1,Shanghai,2024-01-14,0.6032,4.14
1,Shanghai,2024-01-15,0.6049,10.76
1,Shanghai,2024-01-16,0.7089,42.76
1,Shanghai,2024-01-17,0.7971,7.35
1,Shanghai,2024-01-18,0.8692,29.62
1,Shanghai,2024-01-19,0.8324,1.47
1,Shanghai,2024-01-20,0.8589,22.45
1,Shanghai,2024-01-21,0.9489,0.31
1,Shanghai,2024-01-22,0.9158,72.68
1,Shanghai,2024-01-23,0.8573,18.93
1,Shanghai,2024-01-24,0.7926,3.84
1,Shanghai,2024-01-25,0.7749,10.2
1,Shanghai,2024-01-26,0.8857,68.05
1,Shanghai,2024-01-27,0.8477,15.13
1,Shanghai,2024-01-28,0.7766,10.36
1,Shanghai,2024-01-29,0.7818,41.32
1,Shanghai,2024-01-30,0.8232,9.82
1,Shanghai,2024-01-31,0.6188,3.05
1,Shanghai,2024-02-01,0.632,23.45
1,Shanghai,2024-02-02,0.6368,0.75
1,Shanghai,2024-02-03,0.5856,5.25
1,Shanghai,2024-02-04,0.474,0.87
1,Shanghai,2024-02-05,0.5583,9.12
1,Shanghai,2024-02-06,0.5378,0.97
1,Shanghai,2024-02-07,0.5648,1.2
1,Shanghai,2024-02-08,0.4935,4.43
1,Shanghai,2024-02-09,0.4144,3.36
1,Shanghai,2024-02-10,0.3554,1.17
1,Shanghai,2024-02-11,0.3634,5.17
1,Shanghai,2024-02-12,0.3149,4.97
1,Shanghai,2024-02-13,0.3499,1.43
1,Shanghai,2024-02-14,0.4721,17.74
1,Shanghai,2024-02-15,0.3299,2.6
1,Shanghai,2024-02-16,0.3418,4.81
1,Shanghai,2024-02-17,0.3545,3.62
1,Shanghai,2024-02-18,0.3644,0.05
1,Shanghai,2024-02-19,0.5034,4.99
1,Shanghai,2024-02-20,0.4815,8.46
1,Shanghai,2024-02-21,0.4702,3.89
1,Shanghai,2024-02-22,0.4559,3.9
1,Shanghai,2024-02-23,0.5241,17.86
1,Shanghai,2024-02-24,0.6241,6.62
1,Shanghai,2024-02-25,0.6134,12.9
1,Shanghai,2024-02-26,0.7358,14.74
1,Shanghai,2024-02-27,0.7173,20.62
1,Shanghai,2024-02-28,0.6195,3.1
1,Shanghai,2024-02-29,0.6761,12.77
1,Shanghai,2024-03-01,0.6877,4.99
1,Shanghai,2024-03-02,0.7551,0.3
1,Shanghai,2024-03-03,0.7781,5.37
1,Shanghai,2024-03-04,0.8448,12.08
1,Shanghai,2024-03-05,0.7618,19.77
1,Shanghai,2024-03-06,0.6768,0.2
1,Shanghai,2024-03-07,0.6573,13.21
1,Shanghai,2024-03-08,0.5911,7.26
1,Shanghai,2024-03-09,0.5194,7.61
1,Shanghai,2024-03-10,0.4761,3.91
1,Shanghai,2024-03-11,0.4495,5.66
1,Shanghai,2024-03-12,0.4532,3.34
1,Shanghai,2024-03-13,0.4642,3.05
1,Shanghai,2024-03-14,0.441,3.62
1,Shanghai,2024-03-15,0.4073,8.33
1,Shanghai,2024-03-16,0.3726,3.48
1,Shanghai,2024-03-17,0.4057,6.04
1,Shanghai,2024-03-18,0.4462,5.67
1,Shanghai,2024-03-19,0.4628,6.99
1,Shanghai,2024-03-20,0.4176,0.97
1,Shanghai,2024-03-21,0.4566,2.1
1,Shanghai,2024-03-22,0.5426,13.14
1,Shanghai,2024-03-23,0.4631,3.5
1,Shanghai,2024-03-24,0.4441,20.24
1,Shanghai,2024-03-25,0.3954,2.84
1,Shanghai,2024-03-26,0.4613,8.48
1,Shanghai,2024-03-27,0.6034,13.03
1,Shanghai,2024-03-28,0.6492,8.31
1,Shanghai,2024-03-29,0.6565,1.7
1,Shanghai,2024-03-30,0.6512,3.72
1,Shanghai,2024-03-31,0.6714,2.43
1,Shanghai,2024-04-01,0.619,7.12
1,Shanghai,2024-04-02,0.612,5.15
1,Shanghai,2024-04-03,0.6012,2.25
1,Shanghai,2024-04-04,0.5796,6.95
1,Shanghai,2024-04-05,0.5785,12.57
1,Shanghai,2024-04-06,0.5784,8.24
1,Shanghai,2024-04-07,0.5125,0.19
1,Shanghai,2024-04-08,0.5098,18.7
1,Shanghai,2024-04-09,0.5291,28.58
1,Shanghai,2024-04-10,0.527,0.11
1,Shanghai,2024-04-11,0.5286,0.64
1,Shanghai,2024-04-12,0.6173,19.85
1,Shanghai,2024-04-13,0.601,13.66
1,Shanghai,2024-04-14,0.5801,7.0
1,Shanghai,2024-04-15,0.6536,36.71
1,Shanghai,2024-04-16,0.7452,0.75
1,Shanghai,2024-04-17,0.6915,5.94
1,Shanghai,2024-04-18,0.6998,19.95
1,Shanghai,2024-04-19,0.6943,1.74
1,Shanghai,2024-04-20,0.6181,2.2
1,Shanghai,2024-04-21,0.6065,0.9
1,Shanghai,2024-04-22,0.6743,5.51
1,Shanghai,2024-04-23,0.6073,0.89
1,Shanghai,2024-04-24,0.6655,7.51
1,Shanghai,2024-04-25,0.6261,0.49
1,Shanghai,2024-04-26,0.6184,5.37
1,Shanghai,2024-04-27,0.6532,17.86
1,Shanghai,2024-04-28,0.655,20.9
1,Shanghai,2024-04-29,0.6365,6.31
1,Shanghai,2024-04-30,0.5457,0.22
1,Shanghai,2024-05-01,0.6471,5.71
1,Shanghai,2024-05-02,0.6441,3.34
1,Shanghai,2024-05-03,0.7732,0.11
1,Shanghai,2024-05-04,0.7151,8.99
1,Shanghai,2024-05-05,0.7133,13.82
1,Shanghai,2024-05-06,0.6579,9.23
1,Shanghai,2024-05-07,0.5826,1.12
1,Shanghai,2024-05-08,0.5509,1.34
1,Shanghai,2024-05-09,0.6488,15.61
1,Shanghai,2024-05-10,0.679,39.9
1,Shanghai,2024-05-11,0.7269,0.96
1,Shanghai,2024-05-12,0.8255,7.76
1,Shanghai,2024-05-13,0.8876,26.17
1,Shanghai,2024-05-14,0.8997,1.3
1,Shanghai,2024-05-15,0.8638,4.09
1,Shanghai,2024-05-16,0.9112,3.35
1,Shanghai,2024-05-17,0.9178,89.36
1,Shanghai,2024-05-18,0.9401,107.93
1,Shanghai,2024-05-19,0.8722,38.19
1,Shanghai,2024-05-20,0.9133,40.96
1,Shanghai,2024-05-21,0.8935,24.58
1,Shanghai,2024-05-22,0.8312,8.23
1,Shanghai,2024-05-23,0.7111,6.2
1,Shanghai,2024-05-24,0.7393,9.51
1,Shanghai,2024-05-25,0.742,0.29
1,Shanghai,2024-05-26,0.6571,9.19
1,Shanghai,2024-05-27,0.6913,13.82
1,Shanghai,2024-05-28,0.6904,3.81
1,Shanghai,2024-05-29,0.7384,0.3
1,Shanghai,2024-05-30,0.7326,0.32
1,Shanghai,2024-05-31,0.781,10.46
1,Shanghai,2024-06-01,0.7427,0.76
1,Shanghai,2024-06-02,0.6991,36.27
1,Shanghai,2024-06-03,0.7113,9.24
1,Shanghai,2024-06-04,0.6631,1.6
1,Shanghai,2024-06-05,0.6334,3.19
1,Shanghai,2024-06-06,0.6527,12.0
1,Shanghai,2024-06-07,0.7012,4.84
1,Shanghai,2024-06-08,0.708,4.87
1,Shanghai,2024-06-09,0.7058,6.77
1,Shanghai,2024-06-10,0.8046,4.28
1,Shanghai,2024-06-11,0.8511,19.2
1,Shanghai,2024-06-12,0.8224,6.76
1,Shanghai,2024-06-13,0.8812,60.21
1,Shanghai,2024-06-14,0.955,8.24
1,Shanghai,2024-06-15,0.9137,6.17
1,Shanghai,2024-06-16,0.8315,3.0
1,Shanghai,2024-06-17,0.8144,19.18
1,Shanghai,2024-06-18,0.7861,15.09
1,Shanghai,2024-06-19,0.7373,0.63
1,Shanghai,2024-06-20,0.6543,8.68
1,Shanghai,2024-06-21,0.6079,9.25
1,Shanghai,2024-06-22,0.5737,0.56
1,Shanghai,2024-06-23,0.534,1.23
1,Shanghai,2024-06-24,0.4604,1.02
1,Shanghai,2024-06-25,0.5198,7.54
1,Shanghai,2024-06-26,0.5838,11.04
1,Shanghai,2024-06-27,0.6135,1.73
1,Shanghai,2024-06-28,0.5078,1.94
1,Shanghai,2024-06-29,0.4995,6.28
1,Shanghai,2024-06-30,0.5309,1.47
1,Shanghai,2024-07-01,0.6461,10.4
1,Shanghai,2024-07-02,0.7631,0.17
1,Shanghai,2024-07-03,0.7364,2.65
1,Shanghai,2024-07-04,0.7215,2.82
1,Shanghai,2024-07-05,0.7583,2.21
1,Shanghai,2024-07-06,0.6963,2.53
1,Shanghai,2024-07-07,0.6309,0.7
1,Shanghai,2024-07-08,0.7124,21.48
1,Shanghai,2024-07-09,0.7318,31.34
1,Shanghai,2024-07-10,0.696,0.22
1,Shanghai,2024-07-11,0.5826,1.06
1,Shanghai,2024-07-12,0.4785,1.71
1,Shanghai,2024-07-13,0.4809,15.05
1,Shanghai,2024-07-14,0.485,14.65
1,Shanghai,2024-07-15,0.5162,8.84
1,Shanghai,2024-07-16,0.5723,1.03
1,Shanghai,2024-07-17,0.5807,21.33
1,Shanghai,2024-07-18,0.4566,2.1
1,Shanghai,2024-07-19,0.6158,14.85
1,Shanghai,2024-07-20,0.4553,1.26
1,Shanghai,2024-07-21,0.4319,5.79
1,Shanghai,2024-07-22,0.4242,1.98
1,Shanghai,2024-07-23,0.4666,14.53
1,Shanghai,2024-07-24,0.3976,3.51
1,Shanghai,2024-07-25,0.4537,3.13
1,Shanghai,2024-07-26,0.4746,0.27
1,Shanghai,2024-07-27,0.525,6.47
1,Shanghai,2024-07-28,0.3825,3.17
1,Shanghai,2024-07-29,0.4288,7.39
1,Shanghai,2024-07-30,0.4834,5.43
1,Shanghai,2024-07-31,0.4214,1.34
1,Shanghai,2024-08-01,0.4536,2.28
1,Shanghai,2024-08-02,0.5099,1.11
1,Shanghai,2024-08-03,0.5278,1.63
1,Shanghai,2024-08-04,0.5069,1.48
1,Shanghai,2024-08-05,0.5939,12.19
1,Shanghai,2024-08-06,0.6076,16.96
1,Shanghai,2024-08-07,0.6162,3.55
1,Shanghai,2024-08-08,0.5717,3.28
1,Shanghai,2024-08-09,0.5381,5.98
1,Shanghai,2024-08-10,0.5664,12.46
1,Shanghai,2024-08-11,0.5202,5.75
1,Shanghai,2024-08-12,0.6484,14.34
1,Shanghai,2024-08-13,0.757,6.68
1,Shanghai,2024-08-14,0.6879,6.88
1,Shanghai,2024-08-15,0.6201,34.75
1,Shanghai,2024-08-16,0.6664,1.77
1,Shanghai,2024-08-17,0.6688,7.64
1,Shanghai,2024-08-18,0.6508,0.77
1,Shanghai,2024-08-19,0.7114,3.88
1,Shanghai,2024-08-20,0.7325,15.06
1,Shanghai,2024-08-21,0.6624,7.59
1,Shanghai,2024-08-22,0.5958,14.79
1,Shanghai,2024-08-23,0.5064,7.46
1,Shanghai,2024-08-24,0.4084,3.6
1,Shanghai,2024-08-25,0.3663,0.04
1,Shanghai,2024-08-26,0.4064,6.19
1,Shanghai,2024-08-27,0.4698,7.57
1,Shanghai,2024-08-28,0.5144,7.02
1,Shanghai,2024-08-29,0.5449,10.23
1,Shanghai,2024-08-30,0.5618,16.53
1,Shanghai,2024-08-31,0.6926,20.05
1,Shanghai,2024-09-01,0.6023,0.29
1,Shanghai,2024-09-02,0.6191,10.8
1,Shanghai,2024-09-03,0.6294,1.62
1,Shanghai,2024-09-04,0.553,4.07
1,Shanghai,2024-09-05,0.5327,0.01
1,Shanghai,2024-09-06,0.4764,0.69
1,Shanghai,2024-09-07,0.463,1.6
1,Shanghai,2024-09-08,0.5602,3.28
1,Shanghai,2024-09-09,0.6072,10.24
1,Shanghai,2024-09-10,0.7143,0.34
1,Shanghai,2024-09-11,0.778,2.35
1,Shanghai,2024-09-12,0.6602,5.6
1,Shanghai,2024-09-13,0.6061,6.95
1,Shanghai,2024-09-14,0.6836,3.15
1,Shanghai,2024-09-15,0.66,5.59
1,Shanghai,2024-09-16,0.5964,8.49
1,Shanghai,2024-09-17,0.6462,2.64
1,Shanghai,2024-09-18,0.7253,1.94
1,Shanghai,2024-09-19,0.7918,5.72
1,Shanghai,2024-09-20,0.821,12.1
1,Shanghai,2024-09-21,0.858,8.27
1,Shanghai,2024-09-22,0.8505,4.83
1,Shanghai,2024-09-23,0.7947,3.11
1,Shanghai,2024-09-24,0.8304,38.47
1,Shanghai,2024-09-25,0.782,20.87
1,Shanghai,2024-09-26,0.8635,10.92
1,Shanghai,2024-09-27,0.8334,31.73
1,Shanghai,2024-09-28,0.7836,41.62
1,Shanghai,2024-09-29,0.6888,6.0
1,Shanghai,2024-09-30,0.7538,7.15
1,Shanghai,2024-10-01,0.8416,5.66
1,Shanghai,2024-10-02,0.8529,18.65
1,Shanghai,2024-10-03,0.8198,14.58
1,Shanghai,2024-10-04,0.7887,38.6
1,Shanghai,2024-10-05,0.719,0.29
1,Shanghai,2024-10-06,0.7704,33.57
1,Shanghai,2024-10-07,0.7444,4.77
1,Shanghai,2024-10-08,0.5943,0.12
1,Shanghai,2024-10-09,0.7676,3.71
1,Shanghai,2024-10-10,0.7574,2.84
1,Shanghai,2024-10-11,0.7383,44.14
1,Shanghai,2024-10-12,0.674,32.08
1,Shanghai,2024-10-13,0.6905,29.43
1,Shanghai,2024-10-14,0.6429,2.75
1,Shanghai,2024-10-15,0.5927,4.26
1,Shanghai,2024-10-16,0.6118,19.35
1,Shanghai,2024-10-17,0.55,0.33
1,Shanghai,2024-10-18,0.508,25.37
1,Shanghai,2024-10-19,0.4797,8.45
1,Shanghai,2024-10-20,0.4695,12.76
1,Shanghai,2024-10-21,0.5029,1.81
1,Shanghai,2024-10-22,0.4906,6.8
1,Shanghai,2024-10-23,0.5129,1.07
1,Shanghai,2024-10-24,0.4739,4.65
1,Shanghai,2024-10-25,0.529,0.37
1,Shanghai,2024-10-26,0.4949,1.85
1,Shanghai,2024-10-27,0.4926,4.87
1,Shanghai,2024-10-28,0.4995,8.74
1,Shanghai,2024-10-29,0.3952,3.37
1,Shanghai,2024-10-30,0.4302,0.45
1,Shanghai,2024-10-31,0.5068,1.05
1,Shanghai,2024-11-01,0.5556,0.81
1,Shanghai,2024-11-02,0.479,5.12
1,Shanghai,2024-11-03,0.4061,1.94
1,Shanghai,2024-11-04,0.5125,2.69
1,Shanghai,2024-11-05,0.5402,11.9
1,Shanghai,2024-11-06,0.5489,10.23
1,Shanghai,2024-11-07,0.5984,2.73
1,Shanghai,2024-11-08,0.6611,2.2
1,Shanghai,2024-11-09,0.6536,16.33
1,Shanghai,2024-11-10,0.723,10.87
1,Shanghai,2024-11-11,0.8435,14.77
1,Shanghai,2024-11-12,0.8834,9.73
1,Shanghai,2024-11-13,0.8875,43.94
1,Shanghai,2024-11-14,0.8521,15.28
1,Shanghai,2024-11-15,0.8469,2.83
1,Shanghai,2024-11-16,0.8544,1.59
1,Shanghai,2024-11-17,0.7823,13.26
1,Shanghai,2024-11-18,0.789,13.58
1,Shanghai,2024-11-19,0.7224,15.92
1,Shanghai,2024-11-20,0.6955,1.41
1,Shanghai,2024-11-21,0.6269,13.79
1,Shanghai,2024-11-22,0.6329,10.65
1,Shanghai,2024-11-23,0.5975,30.64
1,Shanghai,2024-11-24,0.6542,24.5
1,Shanghai,2024-11-25,0.7495,11.09
1,Shanghai,2024-11-26,0.7582,36.67
1,Shanghai,2024-11-27,0.6427,0.69
1,Shanghai,2024-11-28,0.6657,6.81
1,Shanghai,2024-11-29,0.7325,0.79
1,Shanghai,2024-11-30,0.6891,3.25
1,Shanghai,2024-12-01,0.7166,7.18
1,Shanghai,2024-12-02,0.791,42.49
1,Shanghai,2024-12-03,0.6632,14.59
1,Shanghai,2024-12-04,0.7055,10.52
1,Shanghai,2024-12-05,0.6722,1.27
1,Shanghai,2024-12-06,0.6034,3.33
1,Shanghai,2024-12-07,0.6047,9.61
1,Shanghai,2024-12-08,0.5731,17.05
1,Shanghai,2024-12-09,0.6597,4.49
1,Shanghai,2024-12-10,0.6814,7.84
1,Shanghai,2024-12-11,0.6965,10.18
1,Shanghai,2024-12-12,0.6302,8.23
1,Shanghai,2024-12-13,0.6253,2.3
1,Shanghai,2024-12-14,0.596,0.56
1,Shanghai,2024-12-15,0.6276,5.02
1,Shanghai,2024-12-16,0.739,14.84
1,Shanghai,2024-12-17,0.7473,6.8
1,Shanghai,2024-12-18,0.672,10.33
1,Shanghai,2024-12-19,0.6298,14.45
1,Shanghai,2024-12-20,0.673,11.54
1,Shanghai,2024-12-21,0.726,21.12
1,Shanghai,2024-12-22,0.6966,7.63
1,Shanghai,2024-12-23,0.7577,0.5
1,Shanghai,2024-12-24,0.6375,6.45
1,Shanghai,2024-12-25,0.5923,7.95
1,Shanghai,2024-12-26,0.6289,2.02
1,Shanghai,2024-12-27,0.5038,11.69
1,Shanghai,2024-12-28,0.5728,1.93
1,Shanghai,2024-12-29,0.5913,2.48
1,Shanghai,2024-12-30,0.6297,6.12
1,Shanghai,2024-12-31,0.4959,5.53
1,Shanghai,2025-01-01,0.5573,1.44
1,Shanghai,2025-01-02,0.6722,11.01
1,Shanghai,2025-01-03,0.6707,8.73
1,Shanghai,2025-01-04,0.6251,15.23
1,Shanghai,2025-01-05,0.5967,1.79
1,Shanghai,2025-01-06,0.6742,14.31
1,Shanghai,2025-01-07,0.7182,1.77
1,Shanghai,2025-01-08,0.7307,57.3
1,Shanghai,2025-01-09,0.6915,0.15
1,Shanghai,2025-01-10,0.7684,14.8
1,Shanghai,2025-01-11,0.6719,6.11
1,Shanghai,2025-01-12,0.7262,13.39
1,Shanghai,2025-01-13,0.8223,26.9
1,Shanghai,2025-01-14,0.7642,9.1
1,Shanghai,2025-01-15,0.8421,26.85
1,Shanghai,2025-01-16,0.8653,52.25
1,Shanghai,2025-01-17,0.8558,5.94
1,Shanghai,2025-01-18,0.7967,25.43
1,Shanghai,2025-01-19,0.8121,3.4
1,Shanghai,2025-01-20,0.7805,5.67
1,Shanghai,2025-01-21,0.8379,21.49
1,Shanghai,2025-01-22,0.7678,0.98
1,Shanghai,2025-01-23,0.8876,18.79
1,Shanghai,2025-01-24,0.8932,40.28
1,Shanghai,2025-01-25,0.7706,15.96
1,Shanghai,2025-01-26,0.8208,14.74
1,Shanghai,2025-01-27,0.8033,34.0
1,Shanghai,2025-01-28,0.6591,6.36
1,Shanghai,2025-01-29,0.7578,16.29
1,Shanghai,2025-01-30,0.8953,28.33
1,Shanghai,2025-01-31,0.9138,7.98
1,Shanghai,2025-02-01,0.9072,20.29
1,Shanghai,2025-02-02,0.8905,16.72
1,Shanghai,2025-02-03,0.9251,6.08
1,Shanghai,2025-02-04,0.8601,13.52
1,Shanghai,2025-02-05,0.8209,30.64
1,Shanghai,2025-02-06,0.7751,2.37
1,Shanghai,2025-02-07,0.7767,16.52
1,Shanghai,2025-02-08,0.6755,19.81
1,Shanghai,2025-02-09,0.7169,5.17
1,Shanghai,2025-02-10,0.7415,2.3
1,Shanghai,2025-02-11,0.7598,3.07
1,Shanghai,2025-02-12,0.763,11.02
1,Shanghai,2025-02-13,0.5998,3.06
1,Shanghai,2025-02-14,0.6495,7.66
1,Shanghai,2025-02-15,0.6856,22.46
1,Shanghai,2025-02-16,0.6167,15.34
1,Shanghai,2025-02-17,0.6473,1.12
1,Shanghai,2025-02-18,0.6136,1.02
1,Shanghai,2025-02-19,0.6283,6.78
1,Shanghai,2025-02-20,0.6086,5.88
1,Shanghai,2025-02-21,0.5258,1.51
1,Shanghai,2025-02-22,0.4684,8.63
1,Shanghai,2025-02-23,0.5139,2.88
1,Shanghai,2025-02-24,0.5833,0.59
1,Shanghai,2025-02-25,0.7211,2.35
1,Shanghai,2025-02-26,0.7006,39.55
1,Shanghai,2025-02-27,0.5783,8.55
1,Shanghai,2025-02-28,0.6906,5.04
1,Shanghai,2025-03-01,0.7348,1.12
1,Shanghai,2025-03-02,0.6652,4.89
1,Shanghai,2025-03-03,0.7405,2.55
1,Shanghai,2025-03-04,0.7351,11.55
1,Shanghai,2025-03-05,0.6602,34.08
1,Shanghai,2025-03-06,0.6645,16.69
1,Shanghai,2025-03-07,0.6454,32.33
1,Shanghai,2025-03-08,0.5465,10.37
1,Shanghai,2025-03-09,0.5361,1.66
1,Shanghai,2025-03-10,0.617,7.73
1,Shanghai,2025-03-11,0.6058,24.24
1,Shanghai,2025-03-12,0.5602,0.32
1,Shanghai,2025-03-13,0.5912,4.66
1,Shanghai,2025-03-14,0.6031,4.45
1,Shanghai,2025-03-15,0.5426,2.94
1,Shanghai,2025-03-16,0.5569,3.18
1,Shanghai,2025-03-17,0.5824,1.76
1,Shanghai,2025-03-18,0.6885,2.89
1,Shanghai,2025-03-19,0.7251,13.18
1,Shanghai,2025-03-20,0.7523,74.47
1,Shanghai,2025-03-21,0.6517,10.71
1,Shanghai,2025-03-22,0.6834,22.73
1,Shanghai,2025-03-23,0.7208,2.14
1,Shanghai,2025-03-24,0.6417,10.27
1,Shanghai,2025-03-25,0.5788,2.38
1,Shanghai,2025-03-26,0.5288,6.8
1,Shanghai,2025-03-27,0.5944,4.44
1,Shanghai,2025-03-28,0.6906,1.88
1,Shanghai,2025-03-29,0.6277,16.27
1,Shanghai,2025-03-30,0.5473,0.31
1,Shanghai,2025-03-31,0.4576,2.32
1,Shanghai,2025-04-01,0.3689,3.14
1,Shanghai,2025-04-02,0.346,0.1
1,Shanghai,2025-04-03,0.3304,0.95
1,Shanghai,2025-04-04,0.3846,0.1
1,Shanghai,2025-04-05,0.4384,12.34
1,Shanghai,2025-04-06,0.4638,9.99
1,Shanghai,2025-04-07,0.4725,2.85
1,Shanghai,2025-04-08,0.4737,10.86
1,Shanghai,2025-04-09,0.4315,6.3
1,Shanghai,2025-04-10,0.4172,3.37
1,Shanghai,2025-04-11,0.446,1.92
1,Shanghai,2025-04-12,0.5021,2.28
1,Shanghai,2025-04-13,0.5606,2.49
1,Shanghai,2025-04-14,0.5477,6.46
1,Shanghai,2025-04-15,0.5472,3.2
1,Shanghai,2025-04-16,0.5883,11.51
1,Shanghai,2025-04-17,0.5736,2.94
1,Shanghai,2025-04-18,0.5774,0.31
1,Shanghai,2025-04-19,0.6326,17.08
1,Shanghai,2025-04-20,0.6594,1.12
1,Shanghai,2025-04-21,0.682,12.34
1,Shanghai,2025-04-22,0.6089,6.06
1,Shanghai,2025-04-23,0.505,2.17
1,Shanghai,2025-04-24,0.5197,1.89
1,Shanghai,2025-04-25,0.5881,5.45
1,Shanghai,2025-04-26,0.5185,11.46
1,Shanghai,2025-04-27,0.5797,9.64
1,Shanghai,2025-04-28,0.594,6.09
1,Shanghai,2025-04-29,0.4824,7.79
1,Shanghai,2025-04-30,0.518,16.18
1,Shanghai,2025-05-01,0.5142,8.26
1,Shanghai,2025-05-02,0.5378,10.02
1,Shanghai,2025-05-03,0.5878,5.83
1,Shanghai,2025-05-04,0.672,0.65
1,Shanghai,2025-05-05,0.7305,30.69
1,Shanghai,2025-05-06,0.6823,2.6
1,Shanghai,2025-05-07,0.5608,33.29
1,Shanghai,2025-05-08,0.595,0.45
1,Shanghai,2025-05-09,0.6209,1.41
1,Shanghai,2025-05-10,0.5637,19.85
1,Shanghai,2025-05-11,0.5291,3.2
1,Shanghai,2025-05-12,0.6595,10.57
1,Shanghai,2025-05-13,0.7016,6.77
1,Shanghai,2025-05-14,0.7495,6.54
1,Shanghai,2025-05-15,0.7871,35.06
1,Shanghai,2025-05-16,0.8025,25.76
1,Shanghai,2025-05-17,0.7082,27.78
1,Shanghai,2025-05-18,0.6938,9.72
1,Shanghai,2025-05-19,0.754,10.23
1,Shanghai,2025-05-20,0.7208,0.1
1,Shanghai,2025-05-21,0.7145,2.91
1,Shanghai,2025-05-22,0.7265,28.92
1,Shanghai,2025-05-23,0.7915,20.73
1,Shanghai,2025-05-24,0.8174,50.5
1,Shanghai,2025-05-25,0.7616,9.55
1,Shanghai,2025-05-26,0.6951,21.78
1,Shanghai,2025-05-27,0.7681,16.69
1,Shanghai,2025-05-28,0.7594,4.18
1,Shanghai,2025-05-29,0.7149,15.21
1,Shanghai,2025-05-30,0.6118,2.2
1,Shanghai,2025-05-31,0.6454,26.95
1,Shanghai,2025-06-01,0.6618,15.5
1,Shanghai,2025-06-02,0.6699,17.88
1,Shanghai,2025-06-03,0.6767,50.86
1,Shanghai,2025-06-04,0.7443,38.64
1,Shanghai,2025-06-05,0.6431,7.93
1,Shanghai,2025-06-06,0.7276,1.24
1,Shanghai,2025-06-07,0.6485,12.13
1,Shanghai,2025-06-08,0.564,7.85
1,Shanghai,2025-06-09,0.5843,10.98
1,Shanghai,2025-06-10,0.6604,4.79
1,Shanghai,2025-06-11,0.5987,5.03
1,Shanghai,2025-06-12,0.5827,30.82
1,Shanghai,2025-06-13,0.5183,2.81
1,Shanghai,2025-06-14,0.5513,5.41
1,Shanghai,2025-06-15,0.498,0.77
1,Shanghai,2025-06-16,0.515,3.55
1,Shanghai,2025-06-17,0.5714,9.85
1,Shanghai,2025-06-18,0.526,0.21
1,Shanghai,2025-06-19,0.5525,0.61
1,Shanghai,2025-06-20,0.5991,12.29
1,Shanghai,2025-06-21,0.6057,14.0
1,Shanghai,2025-06-22,0.5357,2.78
1,Shanghai,2025-06-23,0.5863,15.32
1,Shanghai,2025-06-24,0.5692,4.17
1,Shanghai,2025-06-25,0.5486,41.8
1,Shanghai,2025-06-26,0.59,1.5
1,Shanghai,2025-06-27,0.5376,1.48
1,Shanghai,2025-06-28,0.4979,18.91
1,Shanghai,2025-06-29,0.5015,1.81
1,Shanghai,2025-06-30,0.6368,8.35
1,Shanghai,2025-07-01,0.5158,1.71
1,Shanghai,2025-07-02,0.5298,7.5
1,Shanghai,2025-07-03,0.5195,1.04
1,Shanghai,2025-07-04,0.5967,5.57
1,Shanghai,2025-07-05,0.5462,21.0
1,Shanghai,2025-07-06,0.5323,43.96
1,Shanghai,2025-07-07,0.5186,0.12
1,Shanghai,2025-07-08,0.4955,0.65
1,Shanghai,2025-07-09,0.538,0.87
1,Shanghai,2025-07-10,0.5619,1.9
1,Shanghai,2025-07-11,0.5724,0.27
1,Shanghai,2025-07-12,0.6214,12.48
1,Shanghai,2025-07-13,0.7569,10.75
1,Shanghai,2025-07-14,0.7226,2.99
1,Shanghai,2025-07-15,0.7316,8.33
1,Shanghai,2025-07-16,0.711,1.42
1,Shanghai,2025-07-17,0.7549,13.36
1,Shanghai,2025-07-18,0.7254,0.67
1,Shanghai,2025-07-19,0.7628,22.78
1,Shanghai,2025-07-20,0.7291,2.13
1,Shanghai,2025-07-21,0.7319,3.58
1,Shanghai,2025-07-22,0.7178,4.11
1,Shanghai,2025-07-23,0.7054,22.8
1,Shanghai,2025-07-24,0.6308,4.27
1,Shanghai,2025-07-25,0.6511,0.9
1,Shanghai,2025-07-26,0.7175,1.71
1,Shanghai,2025-07-27,0.6256,34.82
1,Shanghai,2025-07-28,0.683,9.17
1,Shanghai,2025-07-29,0.7263,50.47
1,Shanghai,2025-07-30,0.7016,10.6
1,Shanghai,2025-07-31,0.6675,0.48
1,Shanghai,2025-08-01,0.6822,7.06
1,Shanghai,2025-08-02,0.6086,24.09
1,Shanghai,2025-08-03,0.5874,5.34
1,Shanghai,2025-08-04,0.7234,41.21
1,Shanghai,2025-08-05,0.6931,9.72
1,Shanghai,2025-08-06,0.6749,5.13
1,Shanghai,2025-08-07,0.602,2.74
1,Shanghai,2025-08-08,0.6482,0.59
1,Shanghai,2025-08-09,0.5712,0.34
1,Shanghai,2025-08-10,0.5549,11.68
1,Shanghai,2025-08-11,0.4296,2.64
1,Shanghai,2025-08-12,0.4436,7.22
1,Shanghai,2025-08-13,0.464,0.36
1,Shanghai,2025-08-14,0.4274,3.04
1,Shanghai,2025-08-15,0.438,5.86
1,Shanghai,2025-08-16,0.4086,27.35
1,Shanghai,2025-08-17,0.464,5.66
1,Shanghai,2025-08-18,0.4798,20.56
1,Shanghai,2025-08-19,0.5691,9.71
1,Shanghai,2025-08-20,0.6506,11.83
1,Shanghai,2025-08-21,0.64,6.22
1,Shanghai,2025-08-22,0.7498,11.38
1,Shanghai,2025-08-23,0.8109,10.97
1,Shanghai,2025-08-24,0.8017,7.47
1,Shanghai,2025-08-25,0.7564,22.16
1,Shanghai,2025-08-26,0.7517,10.33
1,Shanghai,2025-08-27,0.7391,2.71
1,Shanghai,2025-08-28,0.6821,11.51
1,Shanghai,2025-08-29,0.815,25.36
1,Shanghai,2025-08-30,0.82,12.1
1,Shanghai,2025-08-31,0.7142,50.62
1,Shanghai,2025-09-01,0.7572,20.87
1,Shanghai,2025-09-02,0.7338,16.83
1,Shanghai,2025-09-03,0.7365,2.75
1,Shanghai,2025-09-04,0.7024,10.28
1,Shanghai,2025-09-05,0.6369,26.34
1,Shanghai,2025-09-06,0.6885,9.21
1,Shanghai,2025-09-07,0.7781,13.42
1,Shanghai,2025-09-08,0.7641,2.21
1,Shanghai,2025-09-09,0.7284,35.1
1,Shanghai,2025-09-10,0.7729,9.37
1,Shanghai,2025-09-11,0.7159,6.01
1,Shanghai,2025-09-12,0.7756,54.01
1,Shanghai,2025-09-13,0.7426,4.27
1,Shanghai,2025-09-14,0.6692,0.77
1,Shanghai,2025-09-15,0.6583,4.65
1,Shanghai,2025-09-16,0.6409,3.1
1,Shanghai,2025-09-17,0.6302,4.12
1,Shanghai,2025-09-18,0.55,22.51
1,Shanghai,2025-09-19,0.5899,3.63
1,Shanghai,2025-09-20,0.4508,0.6
1,Shanghai,2025-09-21,0.5012,25.01
1,Shanghai,2025-09-22,0.5916,0.54
1,Shanghai,2025-09-23,0.5388,0.04
1,Shanghai,2025-09-24,0.5417,3.36
1,Shanghai,2025-09-25,0.5144,0.38
1,Shanghai,2025-09-26,0.5229,9.59
1,Shanghai,2025-09-27,0.5089,4.55
1,Shanghai,2025-09-28,0.5035,27.68
1,Shanghai,2025-09-29,0.516,0.04
1,Shanghai,2025-09-30,0.5336,4.57
1,Shanghai,2025-10-01,0.6243,4.21
1,Shanghai,2025-10-02,0.6413,24.22
1,Shanghai,2025-10-03,0.6471,0.52
1,Shanghai,2025-10-04,0.7069,8.74
1,Shanghai,2025-10-05,0.7551,11.33
1,Shanghai,2025-10-06,0.8215,102.32
1,Shanghai,2025-10-07,0.812,0.4
1,Shanghai,2025-10-08,0.8044,4.95
1,Shanghai,2025-10-09,0.8119,74.61
1,Shanghai,2025-10-10,0.879,3.5
1,Shanghai,2025-10-11,0.7967,4.96
1,Shanghai,2025-10-12,0.7567,13.21
1,Shanghai,2025-10-13,0.8245,1.52
1,Shanghai,2025-10-14,0.7962,6.61
1,Shanghai,2025-10-15,0.7704,16.33
1,Shanghai,2025-10-16,0.7946,1.64
1,Shanghai,2025-10-17,0.7371,10.19
1,Shanghai,2025-10-18,0.7697,16.68
1,Shanghai,2025-10-19,0.6868,4.29
1,Shanghai,2025-10-20,0.6867,14.96
1,Shanghai,2025-10-21,0.5744,4.83
1,Shanghai,2025-10-22,0.5421,1.88
1,Shanghai,2025-10-23,0.5754,1.15
1,Shanghai,2025-10-24,0.612,0.55
1,Shanghai,2025-10-25,0.5881,6.35
1,Shanghai,2025-10-26,0.6079,3.32
1,Shanghai,2025-10-27,0.6661,9.65
1,Shanghai,2025-10-28,0.586,13.82
1,Shanghai,2025-10-29,0.6454,0.59
1,Shanghai,2025-10-30,0.6669,4.41
1,Shanghai,2025-10-31,0.5941,0.12
1,Shanghai,2025-11-01,0.6842,18.99
1,Shanghai,2025-11-02,0.6496,9.72
1,Shanghai,2025-11-03,0.6121,2.81
1,Shanghai,2025-11-04,0.5262,1.32
1,Shanghai,2025-11-05,0.4332,0.14
1,Shanghai,2025-11-06,0.4164,2.83
1,Shanghai,2025-11-07,0.4158,4.78
1,Shanghai,2025-11-08,0.3629,3.51
1,Shanghai,2025-11-09,0.3644,9.89
1,Shanghai,2025-11-10,0.5162,4.16
1,Shanghai,2025-11-11,0.4764,3.66
1,Shanghai,2025-11-12,0.4637,4.35
1,Shanghai,2025-11-13,0.5063,8.23
1,Shanghai,2025-11-14,0.6478,17.99
1,Shanghai,2025-11-15,0.6454,22.98
1,Shanghai,2025-11-16,0.6595,1.48
1,Shanghai,2025-11-17,0.7351,19.35
1,Shanghai,2025-11-18,0.7402,35.48
1,Shanghai,2025-11-19,0.6158,13.86
1,Shanghai,2025-11-20,0.56,1.05
1,Shanghai,2025-11-21,0.6292,1.16
1,Shanghai,2025-11-22,0.5856,15.91
1,Shanghai,2025-11-23,0.5013,7.38
1,Shanghai,2025-11-24,0.5289,4.06
1,Shanghai,2025-11-25,0.5626,5.02
1,Shanghai,2025-11-26,0.5898,6.62
1,Shanghai,2025-11-27,0.5859,2.73
1,Shanghai,2025-11-28,0.499,5.11
1,Shanghai,2025-11-29,0.5155,2.92
1,Shanghai,2025-11-30,0.4401,1.62
1,Shanghai,2025-12-01,0.5247,9.59
1,Shanghai,2025-12-02,0.5482,4.75
1,Shanghai,2025-12-03,0.5137,4.83
1,Shanghai,2025-12-04,0.4353,0.06
1,Shanghai,2025-12-05,0.5453,1.05
1,Shanghai,2025-12-06,0.5616,8.23
1,Shanghai,2025-12-07,0.5023,1.04
1,Shanghai,2025-12-08,0.6346,8.86
1,Shanghai,2025-12-09,0.6252,1.73
1,Shanghai,2025-12-10,0.5755,12.99
1,Shanghai,2025-12-11,0.6342,4.87
1,Shanghai,2025-12-12,0.7001,0.76
1,Shanghai,2025-12-13,0.7155,2.16
1,Shanghai,2025-12-14,0.7086,2.27
1,Shanghai,2025-12-15,0.6606,30.02
1,Shanghai,2025-12-16,0.5814,6.49
1,Shanghai,2025-12-17,0.5516,15.45
1,Shanghai,2025-12-18,0.4306,0.65
1,Shanghai,2025-12-19,0.4901,1.41
1,Shanghai,2025-12-20,0.4905,6.09
1,Shanghai,2025-12-21,0.4988,6.01
1,Shanghai,2025-12-22,0.6369,14.98
1,Shanghai,2025-12-23,0.5559,1.06
1,Shanghai,2025-12-24,0.5614,2.56
1,Shanghai,2025-12-25,0.4899,5.59
1,Shanghai,2025-12-26,0.6016,13.28
1,Shanghai,2025-12-27,0.5318,16.31
1,Shanghai,2025-12-28,0.6457,7.11
1,Shanghai,2025-12-29,0.6144,8.46
1,Shanghai,2025-12-30,0.6234,5.53
1,Shanghai,2025-12-31,0.6433,7.61
2,Rotterdam,2023-01-01,0.1891,1.86
2,Rotterdam,2023-01-02,0.329,3.2
2,Rotterdam,2023-01-03,0.2397,6.19
2,Rotterdam,2023-01-04,0.2709,0.59
2,Rotterdam,2023-01-05,0.3594,6.19
2,Rotterdam,2023-01-06,0.3121,0.53
2,Rotterdam,2023-01-07,0.3173,1.95
2,Rotterdam,2023-01-08,0.3907,3.21
2,Rotterdam,2023-01-09,0.4011,1.18
2,Rotterdam,2023-01-10,0.4005,2.07
2,Rotterdam,2023-01-11,0.3781,1.6
2,Rotterdam,2023-01-12,0.3146,4.0
2,Rotterdam,2023-01-13,0.323,1.05
2,Rotterdam,2023-01-14,0.2844,1.6
2,Rotterdam,2023-01-15,0.1966,3.34
2,Rotterdam,2023-01-16,0.3385,1.79
2,Rotterdam,2023-01-17,0.3633,1.21
2,Rotterdam,2023-01-18,0.3354,2.09
2,Rotterdam,2023-01-19,0.3053,12.45
2,Rotterdam,2023-01-20,0.312,0.3
2,Rotterdam,2023-01-21,0.2681,0.99
2,Rotterdam,2023-01-22,0.2513,2.58
2,Rotterdam,2023-01-23,0.2452,4.67
2,Rotterdam,2023-01-24,0.2965,0.36
2,Rotterdam,2023-01-25,0.1879,0.07
2,Rotterdam,2023-01-26,0.2161,1.84
2,Rotterdam,2023-01-27,0.2057,0.32
2,Rotterdam,2023-01-28,0.2743,1.07
2,Rotterdam,2023-01-29,0.2697,0.7
2,Rotterdam,2023-01-30,0.3372,6.44
2,Rotterdam,2023-01-31,0.298,3.34
2,Rotterdam,2023-02-01,0.3789,5.69
2,Rotterdam,2023-02-02,0.2974,2.88
2,Rotterdam,2023-02-03,0.2904,4.12
2,Rotterdam,2023-02-04,0.2352,1.13
2,Rotterdam,2023-02-05,0.2416,0.49
2,Rotterdam,2023-02-06,0.2966,4.97
2,Rotterdam,2023-02-07,0.2239,1.02
2,Rotterdam,2023-02-08,0.1723,0.03
2,Rotterdam,2023-02-09,0.1237,5.42
2,Rotterdam,2023-02-10,0.0895,0.45
2,Rotterdam,2023-02-11,0.0762,1.99
2,Rotterdam,2023-02-12,0.21,4.08
2,Rotterdam,2023-02-13,0.2718,5.14
2,Rotterdam,2023-02-14,0.238,1.66
2,Rotterdam,2023-02-15,0.2319,0.55
2,Rotterdam,2023-02-16,0.1492,1.07
2,Rotterdam,2023-02-17,0.11,0.32
2,Rotterdam,2023-02-18,0.0841,0.06
2,Rotterdam,2023-02-19,0.0364,1.07
2,Rotterdam,2023-02-20,0.162,0.12
2,Rotterdam,2023-02-21,0.2947,0.74
2,Rotterdam,2023-02-22,0.3497,1.27
2,Rotterdam,2023-02-23,0.2988,4.65
2,Rotterdam,2023-02-24,0.3321,7.62
2,Rotterdam,2023-02-25,0.3617,2.89
2,Rotterdam,2023-02-26,0.3808,5.83
2,Rotterdam,2023-02-27,0.5032,7.39
2,Rotterdam,2023-02-28,0.4095,2.65
2,Rotterdam,2023-03-01,0.408,2.58
2,Rotterdam,2023-03-02,0.3945,1.88
2,Rotterdam,2023-03-03,0.3954,0.44
2,Rotterdam,2023-03-04,0.2931,1.17
2,Rotterdam,2023-03-05,0.209,0.23
2,Rotterdam,2023-03-06,0.3399,1.13
2,Rotterdam,2023-03-07,0.3889,4.11
2,Rotterdam,2023-03-08,0.3124,0.99
2,Rotterdam,2023-03-09,0.205,0.39
2,Rotterdam,2023-03-10,0.2507,6.23
2,Rotterdam,2023-03-11,0.2545,7.99
2,Rotterdam,2023-03-12,0.1656,1.03
2,Rotterdam,2023-03-13,0.3477,8.49
2,Rotterdam,2023-03-14,0.419,4.59
2,Rotterdam,2023-03-15,0.3426,0.12
2,Rotterdam,2023-03-16,0.4188,10.31
2,Rotterdam,2023-03-17,0.4509,5.08
2,Rotterdam,2023-03-18,0.4788,3.52
2,Rotterdam,2023-03-19,0.4094,2.67
2,Rotterdam,2023-03-20,0.4761,5.93
2,Rotterdam,2023-03-21,0.5909,15.31
2,Rotterdam,2023-03-22,0.6294,10.16
2,Rotterdam,2023-03-23,0.6368,2.98
2,Rotterdam,2023-03-24,0.5178,3.38
2,Rotterdam,2023-03-25,0.5455,5.09
2,Rotterdam,2023-03-26,0.5463,2.27
2,Rotterdam,2023-03-27,0.5104,19.32
2,Rotterdam,2023-03-28,0.4684,3.27
2,Rotterdam,2023-03-29,0.4455,4.51
2,Rotterdam,2023-03-30,0.4628,14.02
2,Rotterdam,2023-03-31,0.3893,6.14
2,Rotterdam,2023-04-01,0.3844,1.61
2,Rotterdam,2023-04-02,0.4698,9.97
2,Rotterdam,2023-04-03,0.5241,8.69
2,Rotterdam,2023-04-04,0.4352,4.72
2,Rotterdam,2023-04-05,0.4379,4.04
2,Rotterdam,2023-04-06,0.4529,4.6
2,Rotterdam,2023-04-07,0.3432,4.76
2,Rotterdam,2023-04-08,0.359,1.17
2,Rotterdam,2023-04-09,0.3554,0.96
2,Rotterdam,2023-04-10,0.2972,3.01
2,Rotterdam,2023-04-11,0.415,0.53
2,Rotterdam,2023-04-12,0.4224,13.24
2,Rotterdam,2023-04-13,0.398,0.39
2,Rotterdam,2023-04-14,0.3672,1.22
2,Rotterdam,2023-04-15,0.3684,12.3
2,Rotterdam,2023-04-16,0.3879,3.93
2,Rotterdam,2023-04-17,0.4997,17.06
2,Rotterdam,2023-04-18,0.4714,9.25
2,Rotterdam,2023-04-19,0.3724,0.7
2,Rotterdam,2023-04-20,0.3616,9.8
2,Rotterdam,2023-04-21,0.3816,1.77
2,Rotterdam,2023-04-22,0.4729,22.13
2,Rotterdam,2023-04-23,0.4721,3.87
2,Rotterdam,2023-04-24,0.517,15.66
2,Rotterdam,2023-04-25,0.4607,5.03
2,Rotterdam,2023-04-26,0.4652,0.77
2,Rotterdam,2023-04-27,0.3976,7.2
2,Rotterdam,2023-04-28,0.4283,2.49
2,Rotterdam,2023-04-29,0.4631,1.83
2,Rotterdam,2023-04-30,0.4453,5.82
2,Rotterdam,2023-05-01,0.5367,4.48
2,Rotterdam,2023-05-02,0.5944,13.85
2,Rotterdam,2023-05-03,0.6299,0.44
2,Rotterdam,2023-05-04,0.5966,2.47
2,Rotterdam,2023-05-05,0.5376,19.45
2,Rotterdam,2023-05-06,0.452,10.05
2,Rotterdam,2023-05-07,0.469,20.47
2,Rotterdam,2023-05-08,0.5074,2.81
2,Rotterdam,2023-05-09,0.4817,0.52
2,Rotterdam,2023-05-10,0.4306,1.03
2,Rotterdam,2023-05-11,0.4184,2.77
2,Rotterdam,2023-05-12,0.3541,4.59
2,Rotterdam,2023-05-13,0.3116,2.26
2,Rotterdam,2023-05-14,0.3006,6.0
2,Rotterdam,2023-05-15,0.3852,1.21
2,Rotterdam,2023-05-16,0.4361,1.3
2,Rotterdam,2023-05-17,0.3058,0.34
2,Rotterdam,2023-05-18,0.2123,2.04
2,Rotterdam,2023-05-19,0.2984,1.25
2,Rotterdam,2023-05-20,0.3074,15.36
2,Rotterdam,2023-05-21,0.3468,6.47
2,Rotterdam,2023-05-22,0.3465,2.2
2,Rotterdam,2023-05-23,0.3095,3.21
2,Rotterdam,2023-05-24,0.2668,5.02
2,Rotterdam,2023-05-25,0.1127,0.45
2,Rotterdam,2023-05-26,0.1006,2.33
2,Rotterdam,2023-05-27,0.0631,0.07
2,Rotterdam,2023-05-28,0.0386,0.04
2,Rotterdam,2023-05-29,0.0542,0.88
2,Rotterdam,2023-05-30,0.0312,0.2
2,Rotterdam,2023-05-31,0.0519,0.95
2,Rotterdam,2023-06-01,0.1173,1.42
2,Rotterdam,2023-06-02,0.0,3.44
2,Rotterdam,2023-06-03,0.0,2.17
2,Rotterdam,2023-06-04,0.0,1.2
2,Rotterdam,2023-06-05,0.0,0.14
2,Rotterdam,2023-06-06,0.1051,1.0
2,Rotterdam,2023-06-07,0.0644,0.08
2,Rotterdam,2023-06-08,0.12,0.05
2,Rotterdam,2023-06-09,0.1267,0.26
2,Rotterdam,2023-06-10,0.226,3.98
2,Rotterdam,2023-06-11,0.1865,1.94
2,Rotterdam,2023-06-12,0.1875,1.66
2,Rotterdam,2023-06-13,0.1925,3.05
2,Rotterdam,2023-06-14,0.2978,2.49
2,Rotterdam,2023-06-15,0.33,1.92
2,Rotterdam,2023-06-16,0.3189,2.07
2,Rotterdam,2023-06-17,0.3296,1.67
2,Rotterdam,2023-06-18,0.2939,5.1
2,Rotterdam,2023-06-19,0.426,6.61
2,Rotterdam,2023-06-20,0.46,2.68
2,Rotterdam,2023-06-21,0.4409,2.1
2,Rotterdam,2023-06-22,0.4378,17.58
2,Rotterdam,2023-06-23,0.4155,0.62
2,Rotterdam,2023-06-24,0.4042,3.73
2,Rotterdam,2023-06-25,0.4287,11.37
2,Rotterdam,2023-06-26,0.509,7.76
2,Rotterdam,2023-06-27,0.4607,4.88
2,Rotterdam,2023-06-28,0.3149,8.17
2,Rotterdam,2023-06-29,0.3573,0.15
2,Rotterdam,2023-06-30,0.3452,9.8
2,Rotterdam,2023-07-01,0.3928,0.4
2,Rotterdam,2023-07-02,0.2927,2.68
2,Rotterdam,2023-07-03,0.3555,9.54
2,Rotterdam,2023-07-04,0.339,1.22
2,Rotterdam,2023-07-05,0.31,6.15
2,Rotterdam,2023-07-06,0.3985,13.03
2,Rotterdam,2023-07-07,0.3755,7.17
2,Rotterdam,2023-07-08,0.4505,13.18
2,Rotterdam,2023-07-09,0.5654,3.09
2,Rotterdam,2023-07-10,0.5005,1.1
2,Rotterdam,2023-07-11,0.4243,3.87
2,Rotterdam,2023-07-12,0.4022,0.24
2,Rotterdam,2023-07-13,0.379,3.87
2,Rotterdam,2023-07-14,0.4684,8.27
2,Rotterdam,2023-07-15,0.5169,2.51
2,Rotterdam,2023-07-16,0.464,0.55
2,Rotterdam,2023-07-17,0.4399,4.21
2,Rotterdam,2023-07-18,0.4058,1.51
2,Rotterdam,2023-07-19,0.4088,7.56
2,Rotterdam,2023-07-20,0.3295,1.31
2,Rotterdam,2023-07-21,0.283,4.24
2,Rotterdam,2023-07-22,0.2425,6.93
2,Rotterdam,2023-07-23,0.2246,1.93
2,Rotterdam,2023-07-24,0.2538,3.52
2,Rotterdam,2023-07-25,0.1415,5.09
2,Rotterdam,2023-07-26,0.1375,0.5
2,Rotterdam,2023-07-27,0.0811,0.15
2,Rotterdam,2023-07-28,0.144,0.57
2,Rotterdam,2023-07-29,0.0895,1.03
2,Rotterdam,2023-07-30,0.1368,1.16
2,Rotterdam,2023-07-31,0.1885,0.69
2,Rotterdam,2023-08-01,0.2897,1.29
2,Rotterdam,2023-08-02,0.3106,8.51
2,Rotterdam,2023-08-03,0.3001,4.06
2,Rotterdam,2023-08-04,0.3293,1.91
2,Rotterdam,2023-08-05,0.3314,1.66
2,Rotterdam,2023-08-06,0.2944,0.43
2,Rotterdam,2023-08-07,0.3223,2.87
2,Rotterdam,2023-08-08,0.2915,2.99
2,Rotterdam,2023-08-09,0.2735,10.97
2,Rotterdam,2023-08-10,0.2516,5.58
2,Rotterdam,2023-08-11,0.2676,1.77
2,Rotterdam,2023-08-12,0.2712,1.48
2,Rotterdam,2023-08-13,0.3103,4.65
2,Rotterdam,2023-08-14,0.4065,1.13
2,Rotterdam,2023-08-15,0.3584,1.98
2,Rotterdam,2023-08-16,0.2689,1.06
2,Rotterdam,2023-08-17,0.3219,1.66
2,Rotterdam,2023-08-18,0.4811,1.83
2,Rotterdam,2023-08-19,0.4933,0.71
2,Rotterdam,2023-08-20,0.4523,6.92
2,Rotterdam,2023-08-21,0.4896,2.73
2,Rotterdam,2023-08-22,0.4784,21.19
2,Rotterdam,2023-08-23,0.457,0.4
2,Rotterdam,2023-08-24,0.3865,3.62
2,Rotterdam,2023-08-25,0.4676,6.24
2,Rotterdam,2023-08-26,0.4022,2.49
2,Rotterdam,2023-08-27,0.4498,2.03
2,Rotterdam,2023-08-28,0.5065,4.74
2,Rotterdam,2023-08-29,0.569,2.0
2,Rotterdam,2023-08-30,0.5822,16.09
2,Rotterdam,2023-08-31,0.4112,0.11
2,Rotterdam,2023-09-01,0.3456,0.04
2,Rotterdam,2023-09-02,0.3462,3.95
2,Rotterdam,2023-09-03,0.4435,2.07
2,Rotterdam,2023-09-04,0.4447,5.7
2,Rotterdam,2023-09-05,0.3471,5.1
2,Rotterdam,2023-09-06,0.3914,3.91
2,Rotterdam,2023-09-07,0.4807,12.49
2,Rotterdam,2023-09-08,0.4435,10.36
2,Rotterdam,2023-09-09,0.3967,2.61
2,Rotterdam,2023-09-10,0.4855,2.09
2,Rotterdam,2023-09-11,0.4288,17.21
2,Rotterdam,2023-09-12,0.3516,3.7
2,Rotterdam,2023-09-13,0.2827,9.92
2,Rotterdam,2023-09-14,0.2971,0.65
2,Rotterdam,2023-09-15,0.3127,6.91
2,Rotterdam,2023-09-16,0.2773,0.58
2,Rotterdam,2023-09-17,0.3349,6.73
2,Rotterdam,2023-09-18,0.4222,5.11
2,Rotterdam,2023-09-19,0.4967,2.26
2,Rotterdam,2023-09-20,0.4789,0.73
2,Rotterdam,2023-09-21,0.5061,0.66
2,Rotterdam,2023-09-22,0.445,6.63
2,Rotterdam,2023-09-23,0.4732,4.81
2,Rotterdam,2023-09-24,0.5009,3.44
2,Rotterdam,2023-09-25,0.4717,1.77
2,Rotterdam,2023-09-26,0.4896,5.53
2,Rotterdam,2023-09-27,0.4838,5.0
2,Rotterdam,2023-09-28,0.4918,4.58
2,Rotterdam,2023-09-29,0.5581,0.04
2,Rotterdam,2023-09-30,0.5401,0.03
2,Rotterdam,2023-10-01,0.5833,8.7
2,Rotterdam,2023-10-02,0.5248,21.85
2,Rotterdam,2023-10-03,0.4485,4.26
2,Rotterdam,2023-10-04,0.4235,0.41
2,Rotterdam,2023-10-05,0.3649,0.47
2,Rotterdam,2023-10-06,0.4051,2.62
2,Rotterdam,2023-10-07,0.3748,2.57
2,Rotterdam,2023-10-08,0.3504,3.23
2,Rotterdam,2023-10-09,0.3672,7.15
2,Rotterdam,2023-10-10,0.3759,2.6
2,Rotterdam,2023-10-11,0.369,3.23
2,Rotterdam,2023-10-12,0.3853,4.36
2,Rotterdam,2023-10-13,0.3842,0.18
2,Rotterdam,2023-10-14,0.2659,5.1
2,Rotterdam,2023-10-15,0.3169,6.01
2,Rotterdam,2023-10-16,0.3106,1.34
2,Rotterdam,2023-10-17,0.3287,3.04
2,Rotterdam,2023-10-18,0.3276,0.22
2,Rotterdam,2023-10-19,0.4595,0.33
2,Rotterdam,2023-10-20,0.3121,4.58
2,Rotterdam,2023-10-21,0.2737,0.32
2,Rotterdam,2023-10-22,0.3018,0.8
2,Rotterdam,2023-10-23,0.2479,0.45
2,Rotterdam,2023-10-24,0.254,1.69
2,Rotterdam,2023-10-25,0.1614,7.67
2,Rotterdam,2023-10-26,0.1799,0.85
2,Rotterdam,2023-10-27,0.229,1.29
2,Rotterdam,2023-10-28,0.2826,4.2
2,Rotterdam,2023-10-29,0.3034,3.19
2,Rotterdam,2023-10-30,0.2873,11.14
2,Rotterdam,2023-10-31,0.2946,9.48
2,Rotterdam,2023-11-01,0.3167,0.02
2,Rotterdam,2023-11-02,0.2625,0.42
2,Rotterdam,2023-11-03,0.3577,1.46
2,Rotterdam,2023-11-04,0.3869,11.13
2,Rotterdam,2023-11-05,0.2811,7.85
2,Rotterdam,2023-11-06,0.3269,14.4
2,Rotterdam,2023-11-07,0.264,0.35
2,Rotterdam,2023-11-08,0.1515,1.92
2,Rotterdam,2023-11-09,0.1372,0.06
2,Rotterdam,2023-11-10,0.1663,0.36
2,Rotterdam,2023-11-11,0.3122,11.81
2,Rotterdam,2023-11-12,0.2802,5.96
2,Rotterdam,2023-11-13,0.327,2.95
2,Rotterdam,2023-11-14,0.3441,0.33
2,Rotterdam,2023-11-15,0.319,1.23
2,Rotterdam,2023-11-16,0.3349,2.58
2,Rotterdam,2023-11-17,0.3196,3.3
2,Rotterdam,2023-11-18,0.253,1.62
2,Rotterdam,2023-11-19,0.2253,1.03
2,Rotterdam,2023-11-20,0.199,1.39
2,Rotterdam,2023-11-21,0.2485,1.62
2,Rotterdam,2023-11-22,0.2516,1.64
2,Rotterdam,2023-11-23,0.229,1.16
2,Rotterdam,2023-11-24,0.3033,2.97
2,Rotterdam,2023-11-25,0.2679,3.15
2,Rotterdam,2023-11-26,0.0927,0.09
2,Rotterdam,2023-11-27,0.126,0.53
2,Rotterdam,2023-11-28,0.193,1.02
2,Rotterdam,2023-11-29,0.2664,1.66
2,Rotterdam,2023-11-30,0.1972,0.71
2,Rotterdam,2023-12-01,0.2046,0.25
2,Rotterdam,2023-12-02,0.2601,2.89
2,Rotterdam,2023-12-03,0.1757,2.48
2,Rotterdam,2023-12-04,0.2122,0.23
2,Rotterdam,2023-12-05,0.2417,0.12
2,Rotterdam,2023-12-06,0.3329,1.52
2,Rotterdam,2023-12-07,0.3014,2.14
2,Rotterdam,2023-12-08,0.2468,0.05
2,Rotterdam,2023-12-09,0.2063,3.7
2,Rotterdam,2023-12-10,0.3611,1.75
2,Rotterdam,2023-12-11,0.4125,1.28
2,Rotterdam,2023-12-12,0.4722,0.7
2,Rotterdam,2023-12-13,0.4508,3.35
2,Rotterdam,2023-12-14,0.385,0.22
2,Rotterdam,2023-12-15,0.3407,1.81
2,Rotterdam,2023-12-16,0.3079,0.3
2,Rotterdam,2023-12-17,0.3502,1.27
2,Rotterdam,2023-12-18,0.3057,0.1
2,Rotterdam,2023-12-19,0.3484,2.31
2,Rotterdam,2023-12-20,0.273,1.4
2,Rotterdam,2023-12-21,0.258,8.17
2,Rotterdam,2023-12-22,0.2894,0.13
2,Rotterdam,2023-12-23,0.3269,5.57
2,Rotterdam,2023-12-24,0.3059,1.37
2,Rotterdam,2023-12-25,0.3765,0.44
2,Rotterdam,2023-12-26,0.3483,0.95
2,Rotterdam,2023-12-27,0.3656,1.28
2,Rotterdam,2023-12-28,0.3561,0.16
2,Rotterdam,2023-12-29,0.3909,0.52
2,Rotterdam,2023-12-30,0.3906,2.31
2,Rotterdam,2023-12-31,0.3734,1.76
2,Rotterdam,2024-01-01,0.4742,8.67
2,Rotterdam,2024-01-02,0.4887,4.57
2,Rotterdam,2024-01-03,0.4761,9.57
2,Rotterdam,2024-01-04,0.4221,0.58
2,Rotterdam,2024-01-05,0.5823,4.95
2,Rotterdam,2024-01-06,0.6406,5.82
2,Rotterdam,2024-01-07,0.5397,2.87
2,Rotterdam,2024-01-08,0.5872,9.85
2,Rotterdam,2024-01-09,0.6276,9.97
2,Rotterdam,2024-01-10,0.6181,4.05
2,Rotterdam,2024-01-11,0.5796,0.8
2,Rotterdam,2024-01-12,0.5394,11.06
2,Rotterdam,2024-01-13,0.5393,3.61
2,Rotterdam,2024-01-14,0.4565,2.63
2,Rotterdam,2024-01-15,0.4552,2.65
2,Rotterdam,2024-01-16,0.4055,8.51
2,Rotterdam,2024-01-17,0.4239,3.19
2,Rotterdam,2024-01-18,0.4911,17.48
2,Rotterdam,2024-01-19,0.4696,6.03
2,Rotterdam,2024-01-20,0.4266,1.89
2,Rotterdam,2024-01-21,0.4892,20.44
2,Rotterdam,2024-01-22,0.4748,5.57
2,Rotterdam,2024-01-23,0.2849,3.46
2,Rotterdam,2024-01-24,0.3983,5.23
2,Rotterdam,2024-01-25,0.4472,9.43
2,Rotterdam,2024-01-26,0.5082,4.75
2,Rotterdam,2024-01-27,0.506,1.85
2,Rotterdam,2024-01-28,0.4768,0.95
2,Rotterdam,2024-01-29,0.3839,7.02
2,Rotterdam,2024-01-30,0.3611,2.35
2,Rotterdam,2024-01-31,0.3397,7.3
2,Rotterdam,2024-02-01,0.3273,1.4
2,Rotterdam,2024-02-02,0.3888,0.57
2,Rotterdam,2024-02-03,0.4689,4.75
2,Rotterdam,2024-02-04,0.4442,2.3
2,Rotterdam,2024-02-05,0.4547,3.1
2,Rotterdam,2024-02-06,0.5266,0.52
2,Rotterdam,2024-02-07,0.4519,0.67
2,Rotterdam,2024-02-08,0.432,2.01
2,Rotterdam,2024-02-09,0.448,0.48
2,Rotterdam,2024-02-10,0.3828,4.09
2,Rotterdam,2024-02-11,0.3526,1.66
2,Rotterdam,2024-02-12,0.3667,1.72
2,Rotterdam,2024-02-13,0.4054,0.38
2,Rotterdam,2024-02-14,0.3755,0.84
2,Rotterdam,2024-02-15,0.3509,0.02
2,Rotterdam,2024-02-16,0.4033,15.69
2,Rotterdam,2024-02-17,0.3619,4.03
2,Rotterdam,2024-02-18,0.3001,6.58
2,Rotterdam,2024-02-19,0.4995,2.08
2,Rotterdam,2024-02-20,0.4726,5.73
2,Rotterdam,2024-02-21,0.4657,8.86
2,Rotterdam,2024-02-22,0.43,4.12
2,Rotterdam,2024-02-23,0.3544,2.98
2,Rotterdam,2024-02-24,0.3172,13.46
2,Rotterdam,2024-02-25,0.2485,3.57
2,Rotterdam,2024-02-26,0.3276,2.61
2,Rotterdam,2024-02-27,0.3496,0.97
2,Rotterdam,2024-02-28,0.3787,1.0
2,Rotterdam,2024-02-29,0.3105,3.44
2,Rotterdam,2024-03-01,0.2197,4.29
2,Rotterdam,2024-03-02,0.0933,3.55
2,Rotterdam,2024-03-03,0.1424,1.46
2,Rotterdam,2024-03-04,0.1778,6.59
2,Rotterdam,2024-03-05,0.116,0.63
2,Rotterdam,2024-03-06,0.1713,3.13
2,Rotterdam,2024-03-07,0.2391,10.34
2,Rotterdam,2024-03-08,0.2731,1.04
2,Rotterdam,2024-03-09,0.2415,0.01
2,Rotterdam,2024-03-10,0.2353,0.25
2,Rotterdam,2024-03-11,0.3534,0.68
2,Rotterdam,2024-03-12,0.4106,7.13
2,Rotterdam,2024-03-13,0.3838,1.8
2,Rotterdam,2024-03-14,0.3821,1.49
2,Rotterdam,2024-03-15,0.6753,28.69
2,Rotterdam,2024-03-16,0.7572,20.83
2,Rotterdam,2024-03-17,0.7053,7.0
2,Rotterdam,2024-03-18,0.7827,12.21
2,Rotterdam,2024-03-19,0.7481,3.27
2,Rotterdam,2024-03-20,0.7835,3.7
2,Rotterdam,2024-03-21,0.6829,1.02
2,Rotterdam,2024-03-22,0.7118,1.95
2,Rotterdam,2024-03-23,0.7241,15.5
2,Rotterdam,2024-03-24,0.6724,4.4
2,Rotterdam,2024-03-25,0.6427,17.42
2,Rotterdam,2024-03-26,0.6158,4.59
2,Rotterdam,2024-03-27,0.4972,3.31
2,Rotterdam,2024-03-28,0.4505,0.22
2,Rotterdam,2024-03-29,0.4301,6.02
2,Rotterdam,2024-03-30,0.4664,17.7
2,Rotterdam,2024-03-31,0.478,5.95
2,Rotterdam,2024-04-01,0.5361,4.59
2,Rotterdam,2024-04-02,0.5791,0.71
2,Rotterdam,2024-04-03,0.4793,5.33
2,Rotterdam,2024-04-04,0.5556,3.94
2,Rotterdam,2024-04-05,0.6105,4.44
2,Rotterdam,2024-04-06,0.4916,10.74
2,Rotterdam,2024-04-07,0.516,6.39
2,Rotterdam,2024-04-08,0.5649,33.57
2,Rotterdam,2024-04-09,0.5586,15.01
2,Rotterdam,2024-04-10,0.4726,8.2
2,Rotterdam,2024-04-11,0.452,1.77
2,Rotterdam,2024-04-12,0.5045,2.74
2,Rotterdam,2024-04-13,0.4834,1.41
2,Rotterdam,2024-04-14,0.3832,0.68
2,Rotterdam,2024-04-15,0.3928,0.98
2,Rotterdam,2024-04-16,0.4041,0.01
2,Rotterdam,2024-04-17,0.3819,2.09
2,Rotterdam,2024-04-18,0.4862,2.43
2,Rotterdam,2024-04-19,0.5403,5.32
2,Rotterdam,2024-04-20,0.5556,1.38
2,Rotterdam,2024-04-21,0.5372,19.19
2,Rotterdam,2024-04-22,0.524,9.97
2,Rotterdam,2024-04-23,0.6006,3.42
2,Rotterdam,2024-04-24,0.544,3.72
2,Rotterdam,2024-04-25,0.521,7.59
2,Rotterdam,2024-04-26,0.5214,0.16
2,Rotterdam,2024-04-27,0.4139,1.58
2,Rotterdam,2024-04-28,0.4289,8.72
2,Rotterdam,2024-04-29,0.5141,1.43
2,Rotterdam,2024-04-30,0.4561,8.42
2,Rotterdam,2024-05-01,0.4218,0.79
2,Rotterdam,2024-05-02,0.3601,1.77
2,Rotterdam,2024-05-03,0.4928,8.11
2,Rotterdam,2024-05-04,0.4978,0.08
2,Rotterdam,2024-05-05,0.5553,4.13
2,Rotterdam,2024-05-06,0.5422,17.86
2,Rotterdam,2024-05-07,0.5488,4.08
2,Rotterdam,2024-05-08,0.4274,0.01
2,Rotterdam,2024-05-09,0.3785,0.35
2,Rotterdam,2024-05-10,0.5233,3.53
2,Rotterdam,2024-05-11,0.5235,10.97
2,Rotterdam,2024-05-12,0.4795,6.26
2,Rotterdam,2024-05-13,0.3901,0.9
2,Rotterdam,2024-05-14,0.3927,0.31
2,Rotterdam,2024-05-15,0.3589,1.52
2,Rotterdam,2024-05-16,0.4053,0.88
2,Rotterdam,2024-05-17,0.3381,3.39
2,Rotterdam,2024-05-18,0.3895,4.16
2,Rotterdam,2024-05-19,0.3542,3.98
2,Rotterdam,2024-05-20,0.3281,5.04
2,Rotterdam,2024-05-21,0.3384,0.88
2,Rotterdam,2024-05-22,0.4454,4.72
2,Rotterdam,2024-05-23,0.4739,19.69
2,Rotterdam,2024-05-24,0.5042,18.53
2,Rotterdam,2024-05-25,0.4501,1.7
2,Rotterdam,2024-05-26,0.5197,28.41
2,Rotterdam,2024-05-27,0.5568,11.68
2,Rotterdam,2024-05-28,0.4101,3.02
2,Rotterdam,2024-05-29,0.4452,4.21
2,Rotterdam,2024-05-30,0.4448,2.47
2,Rotterdam,2024-05-31,0.4526,12.28
2,Rotterdam,2024-06-01,0.5113,1.81
2,Rotterdam,2024-06-02,0.4441,22.29
2,Rotterdam,2024-06-03,0.4375,0.44
2,Rotterdam,2024-06-04,0.4127,2.38
2,Rotterdam,2024-06-05,0.4262,2.84
2,Rotterdam,2024-06-06,0.3767,7.08
2,Rotterdam,2024-06-07,0.34,1.53
2,Rotterdam,2024-06-08,0.3252,8.31
2,Rotterdam,2024-06-09,0.2941,5.87
2,Rotterdam,2024-06-10,0.4358,1.64
2,Rotterdam,2024-06-11,0.298,2.74
2,Rotterdam,2024-06-12,0.3531,1.2
2,Rotterdam,2024-06-13,0.2258,1.25
2,Rotterdam,2024-06-14,0.2615,0.9
2,Rotterdam,2024-06-15,0.2027,2.04
2,Rotterdam,2024-06-16,0.1227,0.78
2,Rotterdam,2024-06-17,0.2647,1.61
2,Rotterdam,2024-06-18,0.314,0.31
2,Rotterdam,2024-06-19,0.3174,4.73
2,Rotterdam,2024-06-20,0.3245,3.32
2,Rotterdam,2024-06-21,0.307,0.92
2,Rotterdam,2024-06-22,0.2798,0.88
2,Rotterdam,2024-06-23,0.2422,0.06
2,Rotterdam,2024-06-24,0.2589,2.2
2,Rotterdam,2024-06-25,0.2524,1.93
2,Rotterdam,2024-06-26,0.3393,2.7
2,Rotterdam,2024-06-27,0.3714,1.21
2,Rotterdam,2024-06-28,0.4128,1.39
2,Rotterdam,2024-06-29,0.341,0.32
2,Rotterdam,2024-06-30,0.3642,1.48
2,Rotterdam,2024-07-01,0.2484,8.9
2,Rotterdam,2024-07-02,0.2144,0.93
2,Rotterdam,2024-07-03,0.1519,3.77
2,Rotterdam,2024-07-04,0.1486,0.47
2,Rotterdam,2024-07-05,0.1808,0.03
2,Rotterdam,2024-07-06,0.1704,0.72
2,Rotterdam,2024-07-07,0.1861,1.2
2,Rotterdam,2024-07-08,0.25,0.25
2,Rotterdam,2024-07-09,0.3376,1.99
2,Rotterdam,2024-07-10,0.2857,7.02
2,Rotterdam,2024-07-11,0.2387,5.13
2,Rotterdam,2024-07-12,0.2708,0.46
2,Rotterdam,2024-07-13,0.2937,1.58
2,Rotterdam,2024-07-14,0.2979,1.51
2,Rotterdam,2024-07-15,0.449,11.41
2,Rotterdam,2024-07-16,0.4832,13.5
2,Rotterdam,2024-07-17,0.5448,1.71
2,Rotterdam,2024-07-18,0.5438,3.05
2,Rotterdam,2024-07-19,0.5508,0.29
2,Rotterdam,2024-07-20,0.37,3.65
2,Rotterdam,2024-07-21,0.3655,4.86
2,Rotterdam,2024-07-22,0.379,0.79
2,Rotterdam,2024-07-23,0.3525,1.47
2,Rotterdam,2024-07-24,0.4062,2.35
2,Rotterdam,2024-07-25,0.3145,1.46
2,Rotterdam,2024-07-26,0.4087,4.1
2,Rotterdam,2024-07-27,0.434,10.41
2,Rotterdam,2024-07-28,0.4316,4.86
2,Rotterdam,2024-07-29,0.5048,4.64
2,Rotterdam,2024-07-30,0.3726,4.86
2,Rotterdam,2024-07-31,0.3866,5.25
2,Rotterdam,2024-08-01,0.2868,2.54
2,Rotterdam,2024-08-02,0.3392,5.11
2,Rotterdam,2024-08-03,0.2617,0.79
2,Rotterdam,2024-08-04,0.2177,0.65
2,Rotterdam,2024-08-05,0.2395,0.4
2,Rotterdam,2024-08-06,0.2288,6.63
2,Rotterdam,2024-08-07,0.2477,3.14
2,Rotterdam,2024-08-08,0.2953,3.77
2,Rotterdam,2024-08-09,0.4688,2.72
2,Rotterdam,2024-08-10,0.4066,2.69
2,Rotterdam,2024-08-11,0.4001,4.91
2,Rotterdam,2024-08-12,0.4212,1.75
2,Rotterdam,2024-08-13,0.3411,8.26
2,Rotterdam,2024-08-14,0.2164,5.36
2,Rotterdam,2024-08-15,0.1675,5.6
2,Rotterdam,2024-08-16,0.1779,0.14
2,Rotterdam,2024-08-17,0.1677,0.82
2,Rotterdam,2024-08-18,0.0957,1.69
2,Rotterdam,2024-08-19,0.14,3.12
2,Rotterdam,2024-08-20,0.1465,5.78
2,Rotterdam,2024-08-21,0.1088,3.44
2,Rotterdam,2024-08-22,0.175,0.91
2,Rotterdam,2024-08-23,0.1153,0.16
2,Rotterdam,2024-08-24,0.1521,3.99
2,Rotterdam,2024-08-25,0.1541,0.83
2,Rotterdam,2024-08-26,0.2147,1.06
2,Rotterdam,2024-08-27,0.2479,8.36
2,Rotterdam,2024-08-28,0.2698,1.04
2,Rotterdam,2024-08-29,0.154,1.83
2,Rotterdam,2024-08-30,0.1842,2.63
2,Rotterdam,2024-08-31,0.2241,4.87
2,Rotterdam,2024-09-01,0.2613,0.73
2,Rotterdam,2024-09-02,0.2561,1.62
2,Rotterdam,2024-09-03,0.1945,8.48
2,Rotterdam,2024-09-04,0.2395,1.24
2,Rotterdam,2024-09-05,0.2742,0.05
2,Rotterdam,2024-09-06,0.2406,4.24
2,Rotterdam,2024-09-07,0.1687,2.82
2,Rotterdam,2024-09-08,0.1579,0.54
2,Rotterdam,2024-09-09,0.1653,1.38
2,Rotterdam,2024-09-10,0.1859,0.88
2,Rotterdam,2024-09-11,0.2771,8.5
2,Rotterdam,2024-09-12,0.2013,6.03
2,Rotterdam,2024-09-13,0.231,3.92
2,Rotterdam,2024-09-14,0.1887,0.58
2,Rotterdam,2024-09-15,0.243,1.31
2,Rotterdam,2024-09-16,0.3346,0.66
2,Rotterdam,2024-09-17,0.2715,5.44
2,Rotterdam,2024-09-18,0.3359,1.48
2,Rotterdam,2024-09-19,0.3766,4.31
2,Rotterdam,2024-09-20,0.3823,1.16
2,Rotterdam,2024-09-21,0.4121,25.81
2,Rotterdam,2024-09-22,0.3114,1.06
2,Rotterdam,2024-09-23,0.4593,7.73
2,Rotterdam,2024-09-24,0.4382,2.1
2,Rotterdam,2024-09-25,0.4919,0.9
2,Rotterdam,2024-09-26,0.4276,6.79
2,Rotterdam,2024-09-27,0.342,0.45
2,Rotterdam,2024-09-28,0.3596,0.6
2,Rotterdam,2024-09-29,0.3026,4.45
2,Rotterdam,2024-09-30,0.2989,1.23
2,Rotterdam,2024-10-01,0.3079,1.67
2,Rotterdam,2024-10-02,0.3516,0.33
2,Rotterdam,2024-10-03,0.3613,9.94
2,Rotterdam,2024-10-04,0.4418,0.03
2,Rotterdam,2024-10-05,0.4072,0.83
2,Rotterdam,2024-10-06,0.4704,2.27
2,Rotterdam,2024-10-07,0.5338,2.76
2,Rotterdam,2024-10-08,0.435,0.44
2,Rotterdam,2024-10-09,0.4514,2.78
2,Rotterdam,2024-10-10,0.4292,0.44
2,Rotterdam,2024-10-11,0.3902,4.74
2,Rotterdam,2024-10-12,0.4081,0.51
2,Rotterdam,2024-10-13,0.4148,1.75
2,Rotterdam,2024-10-14,0.4751,6.32
2,Rotterdam,2024-10-15,0.3822,1.75
2,Rotterdam,2024-10-16,0.2348,6.05
2,Rotterdam,2024-10-17,0.216,0.7
2,Rotterdam,2024-10-18,0.2332,2.63
2,Rotterdam,2024-10-19,0.2636,0.42
2,Rotterdam,2024-10-20,0.0996,1.11
2,Rotterdam,2024-10-21,0.1954,3.84
2,Rotterdam,2024-10-22,0.2509,0.57
2,Rotterdam,2024-10-23,0.3035,0.75
2,Rotterdam,2024-10-24,0.3472,9.32
2,Rotterdam,2024-10-25,0.2996,13.68
2,Rotterdam,2024-10-26,0.2411,1.59
2,Rotterdam,2024-10-27,0.2301,3.58
2,Rotterdam,2024-10-28,0.2631,1.64
2,Rotterdam,2024-10-29,0.2046,2.5
2,Rotterdam,2024-10-30,0.2208,0.5
2,Rotterdam,2024-10-31,0.2523,8.47
2,Rotterdam,2024-11-01,0.3031,3.14
2,Rotterdam,2024-11-02,0.3066,1.25
2,Rotterdam,2024-11-03,0.3249,2.52
2,Rotterdam,2024-11-04,0.3428,5.07
2,Rotterdam,2024-11-05,0.3658,5.16
2,Rotterdam,2024-11-06,0.3789,7.8
2,Rotterdam,2024-11-07,0.3188,1.08
2,Rotterdam,2024-11-08,0.4539,2.85
2,Rotterdam,2024-11-09,0.5238,0.47
2,Rotterdam,2024-11-10,0.5357,1.34
2,Rotterdam,2024-11-11,0.6128,9.17
2,Rotterdam,2024-11-12,0.5915,4.69
2,Rotterdam,2024-11-13,0.5335,0.73
2,Rotterdam,2024-11-14,0.5708,19.81
2,Rotterdam,2024-11-15,0.5837,1.46
2,Rotterdam,2024-11-16,0.591,6.5
2,Rotterdam,2024-11-17,0.6473,0.58
2,Rotterdam,2024-11-18,0.5516,6.86
2,Rotterdam,2024-11-19,0.5482,3.62
2,Rotterdam,2024-11-20,0.4636,3.09
2,Rotterdam,2024-11-21,0.4333,2.21
2,Rotterdam,2024-11-22,0.4007,9.46
2,Rotterdam,2024-11-23,0.4582,7.66
2,Rotterdam,2024-11-24,0.4669,7.45
2,Rotterdam,2024-11-25,0.4902,20.05
2,Rotterdam,2024-11-26,0.3741,1.93
2,Rotterdam,2024-11-27,0.333,0.37
2,Rotterdam,2024-11-28,0.3003,1.42
2,Rotterdam,2024-11-29,0.3483,2.7
2,Rotterdam,2024-11-30,0.3164,5.28
2,Rotterdam,2024-12-01,0.295,1.99
2,Rotterdam,2024-12-02,0.189,10.97
2,Rotterdam,2024-12-03,0.2576,6.17
2,Rotterdam,2024-12-04,0.1914,2.89
2,Rotterdam,2024-12-05,0.1621,2.05
2,Rotterdam,2024-12-06,0.2394,1.48
2,Rotterdam,2024-12-07,0.2985,0.77
2,Rotterdam,2024-12-08,0.299,2.26
2,Rotterdam,2024-12-09,0.3603,3.12
2,Rotterdam,2024-12-10,0.4095,0.24
2,Rotterdam,2024-12-11,0.2387,2.19
2,Rotterdam,2024-12-12,0.298,1.9
2,Rotterdam,2024-12-13,0.1978,0.16
2,Rotterdam,2024-12-14,0.1898,0.4
2,Rotterdam,2024-12-15,0.2271,3.8
2,Rotterdam,2024-12-16,0.2164,0.18
2,Rotterdam,2024-12-17,0.2133,3.45
2,Rotterdam,2024-12-18,0.0319,0.08
2,Rotterdam,2024-12-19,0.0,1.46
2,Rotterdam,2024-12-20,0.0164,1.16
2,Rotterdam,2024-12-21,0.0,1.65
2,Rotterdam,2024-12-22,0.0253,4.07
2,Rotterdam,2024-12-23,0.2,4.58
2,Rotterdam,2024-12-24,0.2615,5.08
2,Rotterdam,2024-12-25,0.318,4.76
2,Rotterdam,2024-12-26,0.3419,18.51
2,Rotterdam,2024-12-27,0.2797,0.91
2,Rotterdam,2024-12-28,0.3517,2.31
2,Rotterdam,2024-12-29,0.3666,3.19
2,Rotterdam,2024-12-30,0.4285,1.63
2,Rotterdam,2024-12-31,0.4601,2.46
2,Rotterdam,2025-01-01,0.47,5.37
2,Rotterdam,2025-01-02,0.4701,10.64
2,Rotterdam,2025-01-03,0.4292,4.94
2,Rotterdam,2025-01-04,0.3509,0.42
2,Rotterdam,2025-01-05,0.2824,0.01
2,Rotterdam,2025-01-06,0.1485,0.77
2,Rotterdam,2025-01-07,0.1347,1.31
2,Rotterdam,2025-01-08,0.1855,1.68
2,Rotterdam,2025-01-09,0.2651,5.28
2,Rotterdam,2025-01-10,0.2543,0.23
2,Rotterdam,2025-01-11,0.2522,0.2
2,Rotterdam,2025-01-12,0.2261,1.83
2,Rotterdam,2025-01-13,0.2872,5.46
2,Rotterdam,2025-01-14,0.2054,6.08
2,Rotterdam,2025-01-15,0.1838,2.34
2,Rotterdam,2025-01-16,0.1486,0.38
2,Rotterdam,2025-01-17,0.2339,0.72
2,Rotterdam,2025-01-18,0.1383,0.96
2,Rotterdam,2025-01-19,0.1793,1.36
2,Rotterdam,2025-01-20,0.2884,4.38
2,Rotterdam,2025-01-21,0.202,4.06
2,Rotterdam,2025-01-22,0.1755,3.21
2,Rotterdam,2025-01-23,0.1392,1.58
2,Rotterdam,2025-01-24,0.2848,9.82
2,Rotterdam,2025-01-25,0.3695,3.93
2,Rotterdam,2025-01-26,0.418,1.72
2,Rotterdam,2025-01-27,0.4701,1.91
2,Rotterdam,2025-01-28,0.5047,9.77
2,Rotterdam,2025-01-29,0.5179,13.62
2,Rotterdam,2025-01-30,0.5899,7.63
2,Rotterdam,2025-01-31,0.5902,7.53
2,Rotterdam,2025-02-01,0.4097,8.03
2,Rotterdam,2025-02-02,0.3696,1.52
2,Rotterdam,2025-02-03,0.4366,3.9
2,Rotterdam,2025-02-04,0.4033,2.72
2,Rotterdam,2025-02-05,0.4649,3.68
2,Rotterdam,2025-02-06,0.3976,2.42
2,Rotterdam,2025-02-07,0.4725,0.39
2,Rotterdam,2025-02-08,0.3666,10.31
2,Rotterdam,2025-02-09,0.3814,0.21
2,Rotterdam,2025-02-10,0.3656,1.63
2,Rotterdam,2025-02-11,0.2801,0.81
2,Rotterdam,2025-02-12,0.2816,3.08
2,Rotterdam,2025-02-13,0.2135,1.5
2,Rotterdam,2025-02-14,0.3028,8.25
2,Rotterdam,2025-02-15,0.2834,0.14
2,Rotterdam,2025-02-16,0.2936,1.0
2,Rotterdam,2025-02-17,0.3338,1.74
2,Rotterdam,2025-02-18,0.3662,0.9
2,Rotterdam,2025-02-19,0.3192,6.2
2,Rotterdam,2025-02-20,0.3867,9.43
2,Rotterdam,2025-02-21,0.5315,2.86
2,Rotterdam,2025-02-22,0.4399,0.95
2,Rotterdam,2025-02-23,0.5214,2.86
2,Rotterdam,2025-02-24,0.5044,0.12
2,Rotterdam,2025-02-25,0.4522,1.48
2,Rotterdam,2025-02-26,0.4873,9.01
2,Rotterdam,2025-02-27,0.4011,0.57
2,Rotterdam,2025-02-28,0.4575,0.9
2,Rotterdam,2025-03-01,0.4743,5.3
2,Rotterdam,2025-03-02,0.4517,3.2
2,Rotterdam,2025-03-03,0.4694,10.82
2,Rotterdam,2025-03-04,0.4196,0.95
2,Rotterdam,2025-03-05,0.4512,0.63
2,Rotterdam,2025-03-06,0.4124,11.69
2,Rotterdam,2025-03-07,0.4983,10.28
2,Rotterdam,2025-03-08,0.5458,6.05
2,Rotterdam,2025-03-09,0.4316,7.71
2,Rotterdam,2025-03-10,0.379,6.67
2,Rotterdam,2025-03-11,0.361,4.32
2,Rotterdam,2025-03-12,0.2999,13.1
2,Rotterdam,2025-03-13,0.2612,0.19
2,Rotterdam,2025-03-14,0.2494,0.69
2,Rotterdam,2025-03-15,0.3737,2.37
2,Rotterdam,2025-03-16,0.4362,12.19
2,Rotterdam,2025-03-17,0.4119,0.83
2,Rotterdam,2025-03-18,0.2854,0.18
2,Rotterdam,2025-03-19,0.2555,1.32
2,Rotterdam,2025-03-20,0.1865,1.94
2,Rotterdam,2025-03-21,0.2753,0.29
2,Rotterdam,2025-03-22,0.2844,4.16
2,Rotterdam,2025-03-23,0.2543,1.74
2,Rotterdam,2025-03-24,0.2973,2.4
2,Rotterdam,2025-03-25,0.2309,0.11
2,Rotterdam,2025-03-26,0.2278,4.52
2,Rotterdam,2025-03-27,0.337,0.42
2,Rotterdam,2025-03-28,0.3239,2.97
2,Rotterdam,2025-03-29,0.3296,1.86
2,Rotterdam,2025-03-30,0.2816,0.67
2,Rotterdam,2025-03-31,0.2784,7.5
2,Rotterdam,2025-04-01,0.3333,6.07
2,Rotterdam,2025-04-02,0.2576,2.1
2,Rotterdam,2025-04-03,0.2543,4.63
2,Rotterdam,2025-04-04,0.2397,9.98
2,Rotterdam,2025-04-05,0.3319,3.45
2,Rotterdam,2025-04-06,0.2891,7.91
2,Rotterdam,2025-04-07,0.2567,1.55
2,Rotterdam,2025-04-08,0.2548,9.01
2,Rotterdam,2025-04-09,0.2534,0.01
2,Rotterdam,2025-04-10,0.3273,2.32
2,Rotterdam,2025-04-11,0.3237,3.8
2,Rotterdam,2025-04-12,0.3488,3.91
2,Rotterdam,2025-04-13,0.2855,3.22
2,Rotterdam,2025-04-14,0.395,15.08
2,Rotterdam,2025-04-15,0.4391,8.47
2,Rotterdam,2025-04-16,0.4583,2.09
2,Rotterdam,2025-04-17,0.4919,2.67
2,Rotterdam,2025-04-18,0.517,0.67
2,Rotterdam,2025-04-19,0.5004,3.16
2,Rotterdam,2025-04-20,0.41,3.74
2,Rotterdam,2025-04-21,0.3991,0.49
2,Rotterdam,2025-04-22,0.4404,2.51
2,Rotterdam,2025-04-23,0.4745,3.4
2,Rotterdam,2025-04-24,0.5095,0.36
2,Rotterdam,2025-04-25,0.4912,2.76
2,Rotterdam,2025-04-26,0.5715,5.17
2,Rotterdam,2025-04-27,0.5312,10.82
2,Rotterdam,2025-04-28,0.5736,23.77
2,Rotterdam,2025-04-29,0.7101,7.85
2,Rotterdam,2025-04-30,0.6326,9.0
2,Rotterdam,2025-05-01,0.6385,1.87
2,Rotterdam,2025-05-02,0.5397,7.55
2,Rotterdam,2025-05-03,0.4913,5.15
2,Rotterdam,2025-05-04,0.5067,5.99
2,Rotterdam,2025-05-05,0.4874,13.83
2,Rotterdam,2025-05-06,0.4699,1.59
2,Rotterdam,2025-05-07,0.4657,2.72
2,Rotterdam,2025-05-08,0.458,0.99
2,Rotterdam,2025-05-09,0.3394,18.51
2,Rotterdam,2025-05-10,0.4718,0.13
2,Rotterdam,2025-05-11,0.3873,0.23
2,Rotterdam,2025-05-12,0.3711,0.66
2,Rotterdam,2025-05-13,0.2678,0.27
2,Rotterdam,2025-05-14,0.2126,0.5
2,Rotterdam,2025-05-15,0.2214,1.62
2,Rotterdam,2025-05-16,0.3225,0.96
2,Rotterdam,2025-05-17,0.2838,1.18
2,Rotterdam,2025-05-18,0.2944,2.3
2,Rotterdam,2025-05-19,0.3547,3.39
2,Rotterdam,2025-05-20,0.2808,1.96
2,Rotterdam,2025-05-21,0.1718,2.55
2,Rotterdam,2025-05-22,0.1295,0.31
2,Rotterdam,2025-05-23,0.2597,0.64
2,Rotterdam,2025-05-24,0.2159,1.7
2,Rotterdam,2025-05-25,0.1812,2.4
2,Rotterdam,2025-05-26,0.2549,0.05
2,Rotterdam,2025-05-27,0.2971,3.67
2,Rotterdam,2025-05-28,0.2273,2.95
2,Rotterdam,2025-05-29,0.2786,0.05
2,Rotterdam,2025-05-30,0.3389,3.47
2,Rotterdam,2025-05-31,0.2976,5.75
2,Rotterdam,2025-06-01,0.1835,0.26
2,Rotterdam,2025-06-02,0.2832,1.18
2,Rotterdam,2025-06-03,0.3041,0.41
2,Rotterdam,2025-06-04,0.3123,0.6
2,Rotterdam,2025-06-05,0.2253,0.05
2,Rotterdam,2025-06-06,0.3981,1.86
2,Rotterdam,2025-06-07,0.3231,3.73
2,Rotterdam,2025-06-08,0.2849,0.42
2,Rotterdam,2025-06-09,0.3825,7.69
2,Rotterdam,2025-06-10,0.3759,3.13
2,Rotterdam,2025-06-11,0.3763,1.86
2,Rotterdam,2025-06-12,0.2927,2.23
2,Rotterdam,2025-06-13,0.2446,0.77
2,Rotterdam,2025-06-14,0.2724,0.76
2,Rotterdam,2025-06-15,0.2494,0.98
2,Rotterdam,2025-06-16,0.4078,5.4
2,Rotterdam,2025-06-17,0.3231,0.47
2,Rotterdam,2025-06-18,0.2948,0.87
2,Rotterdam,2025-06-19,0.3058,0.41
2,Rotterdam,2025-06-20,0.3075,6.17
2,Rotterdam,2025-06-21,0.2581,0.85
2,Rotterdam,2025-06-22,0.2669,3.67
2,Rotterdam,2025-06-23,0.4317,14.16
2,Rotterdam,2025-06-24,0.3766,11.4
2,Rotterdam,2025-06-25,0.27,4.16
2,Rotterdam,2025-06-26,0.3064,1.14
2,Rotterdam,2025-06-27,0.3136,4.26
2,Rotterdam,2025-06-28,0.25,4.33
2,Rotterdam,2025-06-29,0.2933,0.13
2,Rotterdam,2025-06-30,0.3624,4.11
2,Rotterdam,2025-07-01,0.3141,0.65
2,Rotterdam,2025-07-02,0.2127,1.11
2,Rotterdam,2025-07-03,0.2786,0.92
2,Rotterdam,2025-07-04,0.2706,2.8
2,Rotterdam,2025-07-05,0.2904,2.8
2,Rotterdam,2025-07-06,0.2841,3.44
2,Rotterdam,2025-07-07,0.357,1.98
2,Rotterdam,2025-07-08,0.3651,1.87
2,Rotterdam,2025-07-09,0.437,13.84
2,Rotterdam,2025-07-10,0.4612,0.06
2,Rotterdam,2025-07-11,0.355,1.04
2,Rotterdam,2025-07-12,0.3284,0.04
2,Rotterdam,2025-07-13,0.3351,3.63
2,Rotterdam,2025-07-14,0.3484,6.9
2,Rotterdam,2025-07-15,0.4155,0.44
2,Rotterdam,2025-07-16,0.4311,0.72
2,Rotterdam,2025-07-17,0.3034,0.94
2,Rotterdam,2025-07-18,0.313,0.64
2,Rotterdam,2025-07-19,0.3152,6.79
2,Rotterdam,2025-07-20,0.2677,3.06
2,Rotterdam,2025-07-21,0.3548,0.97
2,Rotterdam,2025-07-22,0.3838,6.35
2,Rotterdam,2025-07-23,0.3994,0.47
2,Rotterdam,2025-07-24,0.4337,2.84
2,Rotterdam,2025-07-25,0.5304,1.3
2,Rotterdam,2025-07-26,0.5549,12.94
2,Rotterdam,2025-07-27,0.5752,6.95
2,Rotterdam,2025-07-28,0.5837,14.29
2,Rotterdam,2025-07-29,0.5174,7.42
2,Rotterdam,2025-07-30,0.6167,11.44
2,Rotterdam,2025-07-31,0.6061,27.91
2,Rotterdam,2025-08-01,0.5441,14.35
2,Rotterdam,2025-08-02,0.5128,0.08
2,Rotterdam,2025-08-03,0.4689,10.31
2,Rotterdam,2025-08-04,0.5409,9.42
2,Rotterdam,2025-08-05,0.4958,10.03
2,Rotterdam,2025-08-06,0.3825,0.1
2,Rotterdam,2025-08-07,0.4103,2.72
2,Rotterdam,2025-08-08,0.3977,0.04
2,Rotterdam,2025-08-09,0.2502,2.88
2,Rotterdam,2025-08-10,0.3131,2.77
2,Rotterdam,2025-08-11,0.2754,2.16
2,Rotterdam,2025-08-12,0.2217,1.17
2,Rotterdam,2025-08-13,0.2385,0.56
2,Rotterdam,2025-08-14,0.2569,0.29
2,Rotterdam,2025-08-15,0.2621,1.04
2,Rotterdam,2025-08-16,0.2912,2.8
2,Rotterdam,2025-08-17,0.3452,0.3
2,Rotterdam,2025-08-18,0.3271,1.48
2,Rotterdam,2025-08-19,0.3308,7.23
2,Rotterdam,2025-08-20,0.3376,2.41
2,Rotterdam,2025-08-21,0.4075,0.24
2,Rotterdam,2025-08-22,0.4398,15.33
2,Rotterdam,2025-08-23,0.3149,6.47
2,Rotterdam,2025-08-24,0.4541,6.85
2,Rotterdam,2025-08-25,0.4845,14.77
2,Rotterdam,2025-08-26,0.4799,4.71
2,Rotterdam,2025-08-27,0.454,8.12
2,Rotterdam,2025-08-28,0.454,16.6
2,Rotterdam,2025-08-29,0.4931,3.71
2,Rotterdam,2025-08-30,0.5184,8.61
2,Rotterdam,2025-08-31,0.4849,4.57
2,Rotterdam,2025-09-01,0.3613,8.06
2,Rotterdam,2025-09-02,0.3295,2.26
2,Rotterdam,2025-09-03,0.315,0.61
2,Rotterdam,2025-09-04,0.2737,3.84
2,Rotterdam,2025-09-05,0.2435,3.82
2,Rotterdam,2025-09-06,0.2231,2.63
2,Rotterdam,2025-09-07,0.2854,4.77
2,Rotterdam,2025-09-08,0.3477,0.26
2,Rotterdam,2025-09-09,0.2623,1.12
2,Rotterdam,2025-09-10,0.1633,0.9
2,Rotterdam,2025-09-11,0.0753,3.69
2,Rotterdam,2025-09-12,0.1483,0.94
2,Rotterdam,2025-09-13,0.0775,1.08
2,Rotterdam,2025-09-14,0.1003,0.93
2,Rotterdam,2025-09-15,0.2046,5.06
2,Rotterdam,2025-09-16,0.2411,0.21
2,Rotterdam,2025-09-17,0.2285,2.55
2,Rotterdam,2025-09-18,0.3315,0.25
2,Rotterdam,2025-09-19,0.3221,2.73
2,Rotterdam,2025-09-20,0.3285,0.49
2,Rotterdam,2025-09-21,0.303,0.39
2,Rotterdam,2025-09-22,0.3317,1.67
2,Rotterdam,2025-09-23,0.3781,4.48
2,Rotterdam,2025-09-24,0.4085,4.37
2,Rotterdam,2025-09-25,0.2874,1.33
2,Rotterdam,2025-09-26,0.2581,5.16
2,Rotterdam,2025-09-27,0.3136,0.67
2,Rotterdam,2025-09-28,0.2342,0.4
2,Rotterdam,2025-09-29,0.222,0.52
2,Rotterdam,2025-09-30,0.2529,7.26
2,Rotterdam,2025-10-01,0.3176,6.78
2,Rotterdam,2025-10-02,0.3671,2.79
2,Rotterdam,2025-10-03,0.2932,0.2
2,Rotterdam,2025-10-04,0.2785,1.52
2,Rotterdam,2025-10-05,0.259,1.88
2,Rotterdam,2025-10-06,0.2686,1.76
2,Rotterdam,2025-10-07,0.1787,0.79
2,Rotterdam,2025-10-08,0.2761,5.45
2,Rotterdam,2025-10-09,0.2729,2.32
2,Rotterdam,2025-10-10,0.2483,5.59
2,Rotterdam,2025-10-11,0.2768,2.2
2,Rotterdam,2025-10-12,0.2702,1.59
2,Rotterdam,2025-10-13,0.3648,2.8
2,Rotterdam,2025-10-14,0.3283,7.91
2,Rotterdam,2025-10-15,0.2996,1.85
2,Rotterdam,2025-10-16,0.3021,0.52
2,Rotterdam,2025-10-17,0.3741,1.26
2,Rotterdam,2025-10-18,0.3074,1.48
2,Rotterdam,2025-10-19,0.2236,0.07
2,Rotterdam,2025-10-20,0.3045,2.46
2,Rotterdam,2025-10-21,0.322,3.41
2,Rotterdam,2025-10-22,0.3237,0.03
2,Rotterdam,2025-10-23,0.3271,2.65
2,Rotterdam,2025-10-24,0.3569,2.77
2,Rotterdam,2025-10-25,0.4324,0.1
2,Rotterdam,2025-10-26,0.4304,2.18
2,Rotterdam,2025-10-27,0.4444,17.81
2,Rotterdam,2025-10-28,0.3662,4.54
2,Rotterdam,2025-10-29,0.3366,1.82
2,Rotterdam,2025-10-30,0.3669,1.2
2,Rotterdam,2025-10-31,0.4348,4.58
2,Rotterdam,2025-11-01,0.3324,2.9
2,Rotterdam,2025-11-02,0.3831,3.13
2,Rotterdam,2025-11-03,0.4074,0.17
2,Rotterdam,2025-11-04,0.5371,2.75
2,Rotterdam,2025-11-05,0.5831,5.32
2,Rotterdam,2025-11-06,0.5395,0.57
2,Rotterdam,2025-11-07,0.4719,3.18
2,Rotterdam,2025-11-08,0.3905,6.69
2,Rotterdam,2025-11-09,0.3485,1.0
2,Rotterdam,2025-11-10,0.4913,2.19
2,Rotterdam,2025-11-11,0.4505,17.89
2,Rotterdam,2025-11-12,0.446,6.29
2,Rotterdam,2025-11-13,0.4204,10.04
2,Rotterdam,2025-11-14,0.4247,0.04
2,Rotterdam,2025-11-15,0.385,0.93
2,Rotterdam,2025-11-16,0.4629,3.14
2,Rotterdam,2025-11-17,0.5356,4.04
2,Rotterdam,2025-11-18,0.422,0.89
2,Rotterdam,2025-11-19,0.3085,3.71
2,Rotterdam,2025-11-20,0.3566,2.38
2,Rotterdam,2025-11-21,0.4448,0.04
2,Rotterdam,2025-11-22,0.3725,8.12
2,Rotterdam,2025-11-23,0.3384,0.04
2,Rotterdam,2025-11-24,0.4404,5.2
2,Rotterdam,2025-11-25,0.4625,4.56
2,Rotterdam,2025-11-26,0.4439,3.82
2,Rotterdam,2025-11-27,0.4618,0.59
2,Rotterdam,2025-11-28,0.4584,0.1
2,Rotterdam,2025-11-29,0.4161,27.92
2,Rotterdam,2025-11-30,0.4673,0.5
2,Rotterdam,2025-12-01,0.4485,0.71
2,Rotterdam,2025-12-02,0.4038,0.21
2,Rotterdam,2025-12-03,0.4944,2.33
2,Rotterdam,2025-12-04,0.4208,4.52
2,Rotterdam,2025-12-05,0.5376,1.98
2,Rotterdam,2025-12-06,0.5209,8.92
2,Rotterdam,2025-12-07,0.496,4.55
2,Rotterdam,2025-12-08,0.5451,1.27
2,Rotterdam,2025-12-09,0.5673,18.96
2,Rotterdam,2025-12-10,0.6184,4.54
2,Rotterdam,2025-12-11,0.568,4.8
2,Rotterdam,2025-12-12,0.5939,1.68
2,Rotterdam,2025-12-13,0.5331,6.76
2,Rotterdam,2025-12-14,0.4736,3.79
2,Rotterdam,2025-12-15,0.5014,0.62
2,Rotterdam,2025-12-16,0.5227,10.61
2,Rotterdam,2025-12-17,0.442,1.89
2,Rotterdam,2025-12-18,0.3304,0.14
2,Rotterdam,2025-12-19,0.2967,1.54
2,Rotterdam,2025-12-20,0.2695,1.81
2,Rotterdam,2025-12-21,0.3516,0.66
2,Rotterdam,2025-12-22,0.3361,0.84
2,Rotterdam,2025-12-23,0.3628,0.85
2,Rotterdam,2025-12-24,0.4245,1.77
2,Rotterdam,2025-12-25,0.3646,2.49
2,Rotterdam,2025-12-26,0.4697,8.7
2,Rotterdam,2025-12-27,0.4851,0.34
2,Rotterdam,2025-12-28,0.406,1.07
2,Rotterdam,2025-12-29,0.4109,3.88
2,Rotterdam,2025-12-30,0.3512,13.72
2,Rotterdam,2025-12-31,0.3308,1.81
3,Singapore,2023-01-01,0.4163,0.67
3,Singapore,2023-01-02,0.507,3.93
3,Singapore,2023-01-03,0.6246,4.35
3,Singapore,2023-01-04,0.569,3.38
3,Singapore,2023-01-05,0.5821,1.63
3,Singapore,2023-01-06,0.645,12.28
3,Singapore,2023-01-07,0.648,5.64
3,Singapore,2023-01-08,0.6217,23.13
3,Singapore,2023-01-09,0.5984,5.86
3,Singapore,2023-01-10,0.5721,1.61
3,Singapore,2023-01-11,0.6392,6.37
3,Singapore,2023-01-12,0.7521,13.03
3,Singapore,2023-01-13,0.6453,24.16
3,Singapore,2023-01-14,0.6269,16.84
3,Singapore,2023-01-15,0.5028,5.72
3,Singapore,2023-01-16,0.4967,6.66
3,Singapore,2023-01-17,0.5093,0.99
3,Singapore,2023-01-18,0.4349,0.16
3,Singapore,2023-01-19,0.4137,0.17
3,Singapore,2023-01-20,0.4159,3.69
3,Singapore,2023-01-21,0.4356,8.31
3,Singapore,2023-01-22,0.4159,8.23
3,Singapore,2023-01-23,0.5342,19.5
3,Singapore,2023-01-24,0.5241,3.19
3,Singapore,2023-01-25,0.4665,2.69
3,Singapore,2023-01-26,0.374,1.24
3,Singapore,2023-01-27,0.3653,0.52
3,Singapore,2023-01-28,0.3668,4.47
3,Singapore,2023-01-29,0.4104,18.32
3,Singapore,2023-01-30,0.5014,2.75
3,Singapore,2023-01-31,0.5534,6.53
3,Singapore,2023-02-01,0.578,16.13
3,Singapore,2023-02-02,0.6241,3.67
3,Singapore,2023-02-03,0.6161,1.86
3,Singapore,2023-02-04,0.5885,19.64
3,Singapore,2023-02-05,0.5389,8.69
3,Singapore,2023-02-06,0.5236,0.64
3,Singapore,2023-02-07,0.6004,11.28
3,Singapore,2023-02-08,0.5746,4.27
3,Singapore,2023-02-09,0.4949,8.37
3,Singapore,2023-02-10,0.4714,2.13
3,Singapore,2023-02-11,0.5982,8.71
3,Singapore,2023-02-12,0.599,15.06
3,Singapore,2023-02-13,0.6524,0.65
3,Singapore,2023-02-14,0.5995,1.93
3,Singapore,2023-02-15,0.4515,0.73
3,Singapore,2023-02-16,0.3786,0.86
3,Singapore,2023-02-17,0.3814,1.73
3,Singapore,2023-02-18,0.3555,0.9
3,Singapore,2023-02-19,0.3695,3.81
3,Singapore,2023-02-20,0.4725,0.33
3,Singapore,2023-02-21,0.4744,18.58
3,Singapore,2023-02-22,0.4999,10.5
3,Singapore,2023-02-23,0.5517,7.18
3,Singapore,2023-02-24,0.6593,17.59
3,Singapore,2023-02-25,0.5814,1.82
3,Singapore,2023-02-26,0.5932,17.16
3,Singapore,2023-02-27,0.6463,3.41
3,Singapore,2023-02-28,0.6411,6.65
3,Singapore,2023-03-01,0.5966,0.68
3,Singapore,2023-03-02,0.5229,7.07
3,Singapore,2023-03-03,0.5366,11.03
3,Singapore,2023-03-04,0.5431,3.15
3,Singapore,2023-03-05,0.5983,1.0
3,Singapore,2023-03-06,0.6139,30.99
3,Singapore,2023-03-07,0.5259,2.9
3,Singapore,2023-03-08,0.4588,0.09
3,Singapore,2023-03-09,0.3882,4.46
3,Singapore,2023-03-10,0.4222,2.17
3,Singapore,2023-03-11,0.3449,3.47
3,Singapore,2023-03-12,0.3123,2.18
3,Singapore,2023-03-13,0.4673,2.9
3,Singapore,2023-03-14,0.4568,6.82
3,Singapore,2023-03-15,0.4627,6.22
3,Singapore,2023-03-16,0.3848,0.31
3,Singapore,2023-03-17,0.4217,2.48
3,Singapore,2023-03-18,0.3275,1.41
3,Singapore,2023-03-19,0.3524,6.53
3,Singapore,2023-03-20,0.3311,0.81
3,Singapore,2023-03-21,0.4266,0.17
3,Singapore,2023-03-22,0.5473,0.01
3,Singapore,2023-03-23,0.4987,4.67
3,Singapore,2023-03-24,0.4308,7.08
3,Singapore,2023-03-25,0.408,20.38
3,Singapore,2023-03-26,0.3159,1.45
3,Singapore,2023-03-27,0.353,1.58
3,Singapore,2023-03-28,0.3135,1.51
3,Singapore,2023-03-29,0.4004,2.74
3,Singapore,2023-03-30,0.2839,3.63
3,Singapore,2023-03-31,0.2572,1.39
3,Singapore,2023-04-01,0.3349,8.22
3,Singapore,2023-04-02,0.3147,2.22
3,Singapore,2023-04-03,0.4646,2.06
3,Singapore,2023-04-04,0.4677,5.74
3,Singapore,2023-04-05,0.4818,7.4
3,Singapore,2023-04-06,0.4998,5.26
3,Singapore,2023-04-07,0.5507,6.16
3,Singapore,2023-04-08,0.5293,9.91
3,Singapore,2023-04-09,0.5131,3.85
3,Singapore,2023-04-10,0.6219,6.49
3,Singapore,2023-04-11,0.56,4.83
3,Singapore,2023-04-12,0.5604,0.23
3,Singapore,2023-04-13,0.5261,4.1
3,Singapore,2023-04-14,0.589,2.97
3,Singapore,2023-04-15,0.6526,7.22
3,Singapore,2023-04-16,0.6002,6.63
3,Singapore,2023-04-17,0.5667,15.69
3,Singapore,2023-04-18,0.5112,0.11
3,Singapore,2023-04-19,0.5627,3.73
3,Singapore,2023-04-20,0.5678,3.89
3,Singapore,2023-04-21,0.5828,1.78
3,Singapore,2023-04-22,0.5591,12.68
3,Singapore,2023-04-23,0.5072,13.62
3,Singapore,2023-04-24,0.5957,26.6
3,Singapore,2023-04-25,0.5925,8.57
3,Singapore,2023-04-26,0.686,6.21
3,Singapore,2023-04-27,0.6597,3.82
3,Singapore,2023-04-28,0.6839,5.06
3,Singapore,2023-04-29,0.6318,0.83
3,Singapore,2023-04-30,0.575,7.64
3,Singapore,2023-05-01,0.5997,2.77
3,Singapore,2023-05-02,0.6572,8.86
3,Singapore,2023-05-03,0.608,21.42
3,Singapore,2023-05-04,0.5637,13.68
3,Singapore,2023-05-05,0.4982,5.54
3,Singapore,2023-05-06,0.6449,17.17
3,Singapore,2023-05-07,0.5896,37.82
3,Singapore,2023-05-08,0.5309,3.21
3,Singapore,2023-05-09,0.5356,2.13
3,Singapore,2023-05-10,0.544,0.45
3,Singapore,2023-05-11,0.5839,2.63
3,Singapore,2023-05-12,0.6131,12.31
3,Singapore,2023-05-13,0.492,1.66
3,Singapore,2023-05-14,0.4452,0.98
3,Singapore,2023-05-15,0.5535,10.66
3,Singapore,2023-05-16,0.6006,19.59
3,Singapore,2023-05-17,0.612,0.89
3,Singapore,2023-05-18,0.6848,42.2
3,Singapore,2023-05-19,0.6764,9.92
3,Singapore,2023-05-20,0.7225,8.13
3,Singapore,2023-05-21,0.6674,12.48
3,Singapore,2023-05-22,0.7892,2.48
3,Singapore,2023-05-23,0.7217,3.35
3,Singapore,2023-05-24,0.623,18.22
3,Singapore,2023-05-25,0.5337,2.2
3,Singapore,2023-05-26,0.6408,15.32
3,Singapore,2023-05-27,0.7118,74.93
3,Singapore,2023-05-28,0.6279,18.83
3,Singapore,2023-05-29,0.6096,4.47
3,Singapore,2023-05-30,0.4505,16.49
3,Singapore,2023-05-31,0.3798,9.48
3,Singapore,2023-06-01,0.3755,0.56
3,Singapore,2023-06-02,0.4011,0.76
3,Singapore,2023-06-03,0.2847,1.55
3,Singapore,2023-06-04,0.2201,1.13
3,Singapore,2023-06-05,0.4026,0.03
3,Singapore,2023-06-06,0.4809,8.98
3,Singapore,2023-06-07,0.4891,2.92
3,Singapore,2023-06-08,0.4982,2.97
3,Singapore,2023-06-09,0.5265,2.33
3,Singapore,2023-06-10,0.5138,2.1
3,Singapore,2023-06-11,0.5108,3.63
3,Singapore,2023-06-12,0.4532,0.5
3,Singapore,2023-06-13,0.4413,1.64
3,Singapore,2023-06-14,0.3249,2.35
3,Singapore,2023-06-15,0.3314,3.99
3,Singapore,2023-06-16,0.4046,0.29
3,Singapore,2023-06-17,0.3801,8.8
3,Singapore,2023-06-18,0.4075,4.15
3,Singapore,2023-06-19,0.4501,4.16
3,Singapore,2023-06-20,0.4806,4.23
3,Singapore,2023-06-21,0.5021,47.4
3,Singapore,2023-06-22,0.4485,3.98
3,Singapore,2023-06-23,0.397,6.62
3,Singapore,2023-06-24,0.3262,3.96
3,Singapore,2023-06-25,0.2899,1.42
3,Singapore,2023-06-26,0.4014,6.61
3,Singapore,2023-06-27,0.4545,1.95
3,Singapore,2023-06-28,0.4294,1.46
3,Singapore,2023-06-29,0.4181,10.97
3,Singapore,2023-06-30,0.3756,0.05
3,Singapore,2023-07-01,0.3122,0.26
3,Singapore,2023-07-02,0.3574,0.21
3,Singapore,2023-07-03,0.3865,8.06
3,Singapore,2023-07-04,0.3778,6.98
3,Singapore,2023-07-05,0.4304,13.45
3,Singapore,2023-07-06,0.4631,1.78
3,Singapore,2023-07-07,0.4815,0.27
3,Singapore,2023-07-08,0.553,8.16
3,Singapore,2023-07-09,0.5125,1.95
3,Singapore,2023-07-10,0.4912,4.25
3,Singapore,2023-07-11,0.4143,3.72
3,Singapore,2023-07-12,0.4945,2.05
3,Singapore,2023-07-13,0.4552,9.77
3,Singapore,2023-07-14,0.4893,3.39
3,Singapore,2023-07-15,0.601,3.74
3,Singapore,2023-07-16,0.5392,17.08
3,Singapore,2023-07-17,0.5793,18.28
3,Singapore,2023-07-18,0.5742,12.18
3,Singapore,2023-07-19,0.5661,4.04
3,Singapore,2023-07-20,0.6112,11.56
3,Singapore,2023-07-21,0.6487,35.13
3,Singapore,2023-07-22,0.6401,40.2
3,Singapore,2023-07-23,0.7219,7.82
3,Singapore,2023-07-24,0.6444,23.22
3,Singapore,2023-07-25,0.5538,2.15
3,Singapore,2023-07-26,0.5414,3.38
3,Singapore,2023-07-27,0.5658,10.01
3,Singapore,2023-07-28,0.5834,25.99
3,Singapore,2023-07-29,0.5318,8.34
3,Singapore,2023-07-30,0.6018,6.73
3,Singapore,2023-07-31,0.6762,1.36
3,Singapore,2023-08-01,0.617,7.9
3,Singapore,2023-08-02,0.6993,7.22
3,Singapore,2023-08-03,0.6484,12.17
3,Singapore,2023-08-04,0.6422,2.02
3,Singapore,2023-08-05,0.5313,0.28
3,Singapore,2023-08-06,0.5413,8.15
3,Singapore,2023-08-07,0.6898,0.13
3,Singapore,2023-08-08,0.7781,7.66
3,Singapore,2023-08-09,0.7213,13.0
3,Singapore,2023-08-10,0.6603,37.74
3,Singapore,2023-08-11,0.6703,21.01
3,Singapore,2023-08-12,0.7334,3.88
3,Singapore,2023-08-13,0.7156,13.61
3,Singapore,2023-08-14,0.7756,5.71
3,Singapore,2023-08-15,0.7822,27.47
3,Singapore,2023-08-16,0.8143,0.99
3,Singapore,2023-08-17,0.8262,1.01
3,Singapore,2023-08-18,0.7767,0.19
3,Singapore,2023-08-19,0.7509,14.79
3,Singapore,2023-08-20,0.6919,5.36
3,Singapore,2023-08-21,0.7629,20.58
3,Singapore,2023-08-22,0.7605,4.7
3,Singapore,2023-08-23,0.7608,3.15
3,Singapore,2023-08-24,0.7493,15.48
3,Singapore,2023-08-25,0.6562,4.09
3,Singapore,2023-08-26,0.6689,20.9
3,Singapore,2023-08-27,0.5707,25.34
3,Singapore,2023-08-28,0.5397,1.23
3,Singapore,2023-08-29,0.6004,0.13
3,Singapore,2023-08-30,0.5632,13.64
3,Singapore,2023-08-31,0.4713,1.85
3,Singapore,2023-09-01,0.4654,7.11
3,Singapore,2023-09-02,0.5123,4.26
3,Singapore,2023-09-03,0.4804,0.47
3,Singapore,2023-09-04,0.5875,2.71
3,Singapore,2023-09-05,0.6295,6.34
3,Singapore,2023-09-06,0.6721,7.38
3,Singapore,2023-09-07,0.6886,6.05
3,Singapore,2023-09-08,0.6177,7.06
3,Singapore,2023-09-09,0.5859,10.32
3,Singapore,2023-09-10,0.5998,27.04
3,Singapore,2023-09-11,0.5777,4.4
3,Singapore,2023-09-12,0.597,0.12
3,Singapore,2023-09-13,0.6473,6.93
3,Singapore,2023-09-14,0.56,8.24
3,Singapore,2023-09-15,0.4723,4.05
3,Singapore,2023-09-16,0.4794,7.53
3,Singapore,2023-09-17,0.6263,2.25
3,Singapore,2023-09-18,0.646,7.72
3,Singapore,2023-09-19,0.5501,1.01
3,Singapore,2023-09-20,0.5755,4.38
3,Singapore,2023-09-21,0.5841,5.77
3,Singapore,2023-09-22,0.6365,2.61
3,Singapore,2023-09-23,0.7494,0.7
3,Singapore,2023-09-24,0.6447,11.07
3,Singapore,2023-09-25,0.7106,2.24
3,Singapore,2023-09-26,0.6821,0.53
3,Singapore,2023-09-27,0.6835,21.27
3,Singapore,2023-09-28,0.619,6.39
3,Singapore,2023-09-29,0.549,3.75
3,Singapore,2023-09-30,0.6405,2.26
3,Singapore,2023-10-01,0.7296,3.9
3,Singapore,2023-10-02,0.857,9.0
3,Singapore,2023-10-03,0.7681,17.21
3,Singapore,2023-10-04,0.725,1.31
3,Singapore,2023-10-05,0.7695,43.48
3,Singapore,2023-10-06,0.756,1.54
3,Singapore,2023-10-07,0.6824,6.74
3,Singapore,2023-10-08,0.6838,23.46
3,Singapore,2023-10-09,0.6258,0.4
3,Singapore,2023-10-10,0.4998,5.87
3,Singapore,2023-10-11,0.6389,5.31
3,Singapore,2023-10-12,0.6023,1.04
3,Singapore,2023-10-13,0.6673,35.88
3,Singapore,2023-10-14,0.6288,20.39
3,Singapore,2023-10-15,0.6257,9.08
3,Singapore,2023-10-16,0.652,12.13
3,Singapore,2023-10-17,0.542,8.51
3,Singapore,2023-10-18,0.4989,0.86
3,Singapore,2023-10-19,0.5404,1.88
3,Singapore,2023-10-20,0.5834,0.28
3,Singapore,2023-10-21,0.5704,3.22
3,Singapore,2023-10-22,0.4376,6.93
3,Singapore,2023-10-23,0.5139,13.26
3,Singapore,2023-10-24,0.4828,7.73
3,Singapore,2023-10-25,0.446,0.71
3,Singapore,2023-10-26,0.4006,0.57
3,Singapore,2023-10-27,0.4454,2.74
3,Singapore,2023-10-28,0.4434,0.84
3,Singapore,2023-10-29,0.4241,0.11
3,Singapore,2023-10-30,0.5522,1.01
3,Singapore,2023-10-31,0.5461,4.22
3,Singapore,2023-11-01,0.451,0.27
3,Singapore,2023-11-02,0.4167,3.68
3,Singapore,2023-11-03,0.4675,3.62
3,Singapore,2023-11-04,0.5096,3.25
3,Singapore,2023-11-05,0.4469,2.56
3,Singapore,2023-11-06,0.4317,2.25
3,Singapore,2023-11-07,0.4671,13.73
3,Singapore,2023-11-08,0.4737,3.62
3,Singapore,2023-11-09,0.497,4.37
3,Singapore,2023-11-10,0.4845,4.67
3,Singapore,2023-11-11,0.5341,4.98
3,Singapore,2023-11-12,0.5744,4.49
3,Singapore,2023-11-13,0.6411,0.4
3,Singapore,2023-11-14,0.5945,7.41
3,Singapore,2023-11-15,0.5523,5.58
3,Singapore,2023-11-16,0.5329,4.96
3,Singapore,2023-11-17,0.4509,2.43
3,Singapore,2023-11-18,0.43,0.66
3,Singapore,2023-11-19,0.4881,0.22
3,Singapore,2023-11-20,0.4766,11.72
3,Singapore,2023-11-21,0.5851,20.09
3,Singapore,2023-11-22,0.496,16.44
3,Singapore,2023-11-23,0.4361,4.53
3,Singapore,2023-11-24,0.4287,2.2
3,Singapore,2023-11-25,0.4681,0.33
3,Singapore,2023-11-26,0.4473,2.37
3,Singapore,2023-11-27,0.4163,7.97
3,Singapore,2023-11-28,0.4545,16.39
3,Singapore,2023-11-29,0.4719,0.45
3,Singapore,2023-11-30,0.4254,1.59
3,Singapore,2023-12-01,0.5644,2.05
3,Singapore,2023-12-02,0.5968,13.0
3,Singapore,2023-12-03,0.6158,5.13
3,Singapore,2023-12-04,0.6024,20.74
3,Singapore,2023-12-05,0.5249,0.95
3,Singapore,2023-12-06,0.6049,3.88
3,Singapore,2023-12-07,0.5354,4.56
3,Singapore,2023-12-08,0.5891,0.95
3,Singapore,2023-12-09,0.6307,6.94
3,Singapore,2023-12-10,0.5273,0.03
3,Singapore,2023-12-11,0.5481,3.29
3,Singapore,2023-12-12,0.4806,4.65
3,Singapore,2023-12-13,0.5017,0.21
3,Singapore,2023-12-14,0.4488,4.5
3,Singapore,2023-12-15,0.4284,0.9
3,Singapore,2023-12-16,0.3543,2.01
3,Singapore,2023-12-17,0.3639,4.84
3,Singapore,2023-12-18,0.3154,2.61
3,Singapore,2023-12-19,0.4233,5.32
3,Singapore,2023-12-20,0.4163,13.01
3,Singapore,2023-12-21,0.4719,10.08
3,Singapore,2023-12-22,0.4967,5.87
3,Singapore,2023-12-23,0.5117,5.69
3,Singapore,2023-12-24,0.4286,10.18
3,Singapore,2023-12-25,0.5054,20.14
3,Singapore,2023-12-26,0.4291,5.1
3,Singapore,2023-12-27,0.5152,2.91
3,Singapore,2023-12-28,0.4782,4.99
3,Singapore,2023-12-29,0.548,11.24
3,Singapore,2023-12-30,0.4641,3.21
3,Singapore,2023-12-31,0.5087,16.94
3,Singapore,2024-01-01,0.4421,5.03
3,Singapore,2024-01-02,0.3485,0.27
3,Singapore,2024-01-03,0.4246,0.86
3,Singapore,2024-01-04,0.4856,1.95
3,Singapore,2024-01-05,0.4856,1.51
3,Singapore,2024-01-06,0.4609,0.28
3,Singapore,2024-01-07,0.453,15.17
3,Singapore,2024-01-08,0.5112,0.01
3,Singapore,2024-01-09,0.5649,1.14
3,Singapore,2024-01-10,0.5324,5.7
3,Singapore,2024-01-11,0.4305,7.0
3,Singapore,2024-01-12,0.4594,0.95
3,Singapore,2024-01-13,0.4157,1.97
3,Singapore,2024-01-14,0.4995,0.51
3,Singapore,2024-01-15,0.5126,4.27
3,Singapore,2024-01-16,0.5785,12.1
3,Singapore,2024-01-17,0.5624,17.44
3,Singapore,2024-01-18,0.5117,5.54
3,Singapore,2024-01-19,0.6064,19.55
3,Singapore,2024-01-20,0.5426,9.08
3,Singapore,2024-01-21,0.533,3.71
3,Singapore,2024-01-22,0.5438,2.03
3,Singapore,2024-01-23,0.4855,1.62
3,Singapore,2024-01-24,0.5014,11.91
3,Singapore,2024-01-25,0.4609,1.11
3,Singapore,2024-01-26,0.4412,1.79
3,Singapore,2024-01-27,0.433,11.76
3,Singapore,2024-01-28,0.4,3.66
3,Singapore,2024-01-29,0.4228,1.43
3,Singapore,2024-01-30,0.4188,11.56
3,Singapore,2024-01-31,0.4593,3.45
3,Singapore,2024-02-01,0.4316,6.72
3,Singapore,2024-02-02,0.3871,5.12
3,Singapore,2024-02-03,0.4261,7.43
3,Singapore,2024-02-04,0.3937,14.58
3,Singapore,2024-02-05,0.4621,7.45
3,Singapore,2024-02-06,0.5276,1.0
3,Singapore,2024-02-07,0.516,9.27
3,Singapore,2024-02-08,0.4561,10.19
3,Singapore,2024-02-09,0.4726,0.5
3,Singapore,2024-02-10,0.424,8.05
3,Singapore,2024-02-11,0.3786,0.04
3,Singapore,2024-02-12,0.4046,3.77
3,Singapore,2024-02-13,0.3368,5.32
3,Singapore,2024-02-14,0.286,1.76
3,Singapore,2024-02-15,0.3463,6.81
3,Singapore,2024-02-16,0.3972,2.62
3,Singapore,2024-02-17,0.4218,3.16
3,Singapore,2024-02-18,0.4681,3.09
3,Singapore,2024-02-19,0.3959,3.99
3,Singapore,2024-02-20,0.3833,7.71
3,Singapore,2024-02-21,0.4811,2.54
3,Singapore,2024-02-22,0.5789,9.82
3,Singapore,2024-02-23,0.5519,6.72
3,Singapore,2024-02-24,0.4859,3.66
3,Singapore,2024-02-25,0.3576,3.39
3,Singapore,2024-02-26,0.3827,2.63
3,Singapore,2024-02-27,0.4241,16.31
3,Singapore,2024-02-28,0.4798,1.0
3,Singapore,2024-02-29,0.3964,0.29
3,Singapore,2024-03-01,0.4199,3.11
3,Singapore,2024-03-02,0.3901,1.02
3,Singapore,2024-03-03,0.3311,1.02
3,Singapore,2024-03-04,0.3469,8.47
3,Singapore,2024-03-05,0.408,0.15
3,Singapore,2024-03-06,0.4401,5.08
3,Singapore,2024-03-07,0.4609,0.03
3,Singapore,2024-03-08,0.5679,3.19
3,Singapore,2024-03-09,0.5452,3.57
3,Singapore,2024-03-10,0.5232,4.94
3,Singapore,2024-03-11,0.5784,4.35
3,Singapore,2024-03-12,0.501,2.79
3,Singapore,2024-03-13,0.5428,3.96
3,Singapore,2024-03-14,0.5665,1.22
3,Singapore,2024-03-15,0.6031,3.77
3,Singapore,2024-03-16,0.5406,10.54
3,Singapore,2024-03-17,0.5687,4.3
3,Singapore,2024-03-18,0.6957,3.86
3,Singapore,2024-03-19,0.6962,6.67
3,Singapore,2024-03-20,0.6312,1.72
3,Singapore,2024-03-21,0.7141,10.32
3,Singapore,2024-03-22,0.7372,21.2
3,Singapore,2024-03-23,0.8052,34.54
3,Singapore,2024-03-24,0.7033,19.98
3,Singapore,2024-03-25,0.671,2.41
3,Singapore,2024-03-26,0.6912,8.06
3,Singapore,2024-03-27,0.5031,5.43
3,Singapore,2024-03-28,0.6096,12.07
3,Singapore,2024-03-29,0.6966,5.56
3,Singapore,2024-03-30,0.6252,0.57
3,Singapore,2024-03-31,0.6774,5.16
3,Singapore,2024-04-01,0.6936,4.96
3,Singapore,2024-04-02,0.6503,11.05
3,Singapore,2024-04-03,0.5681,10.6
3,Singapore,2024-04-04,0.6157,5.97
3,Singapore,2024-04-05,0.6675,3.3
3,Singapore,2024-04-06,0.6586,5.0
3,Singapore,2024-04-07,0.5653,0.41
3,Singapore,2024-04-08,0.6231,0.5
3,Singapore,2024-04-09,0.6622,1.27
3,Singapore,2024-04-10,0.7428,12.37
3,Singapore,2024-04-11,0.7002,8.58
3,Singapore,2024-04-12,0.6703,6.71
3,Singapore,2024-04-13,0.5822,10.64
3,Singapore,2024-04-14,0.574,0.55
3,Singapore,2024-04-15,0.6512,14.03
3,Singapore,2024-04-16,0.7465,11.34
3,Singapore,2024-04-17,0.7432,3.11
3,Singapore,2024-04-18,0.7902,26.37
3,Singapore,2024-04-19,0.7905,16.47
3,Singapore,2024-04-20,0.7949,11.65
3,Singapore,2024-04-21,0.7237,0.36
3,Singapore,2024-04-22,0.7497,0.13
3,Singapore,2024-04-23,0.656,31.58
3,Singapore,2024-04-24,0.6994,10.29
3,Singapore,2024-04-25,0.7998,0.7
3,Singapore,2024-04-26,0.8008,4.07
3,Singapore,2024-04-27,0.7361,14.91
3,Singapore,2024-04-28,0.9378,38.8
3,Singapore,2024-04-29,0.9921,11.46
3,Singapore,2024-04-30,1.0,38.46
3,Singapore,2024-05-01,0.9618,13.18
3,Singapore,2024-05-02,0.8428,15.36
3,Singapore,2024-05-03,0.817,81.3
3,Singapore,2024-05-04,0.782,2.6
3,Singapore,2024-05-05,0.7441,2.1
3,Singapore,2024-05-06,0.6871,14.17
3,Singapore,2024-05-07,0.661,5.09
3,Singapore,2024-05-08,0.5703,7.54
3,Singapore,2024-05-09,0.4793,0.3
3,Singapore,2024-05-10,0.4625,7.37
3,Singapore,2024-05-11,0.4472,4.33
3,Singapore,2024-05-12,0.4378,2.99
3,Singapore,2024-05-13,0.4747,6.97
3,Singapore,2024-05-14,0.5835,19.35
3,Singapore,2024-05-15,0.5632,1.68
3,Singapore,2024-05-16,0.442,22.15
3,Singapore,2024-05-17,0.455,4.66
3,Singapore,2024-05-18,0.4412,3.83
3,Singapore,2024-05-19,0.3078,3.17
3,Singapore,2024-05-20,0.3652,1.43
3,Singapore,2024-05-21,0.3428,1.4
3,Singapore,2024-05-22,0.3503,4.64
3,Singapore,2024-05-23,0.3752,6.25
3,Singapore,2024-05-24,0.4048,10.74
3,Singapore,2024-05-25,0.402,5.04
3,Singapore,2024-05-26,0.3751,10.38
3,Singapore,2024-05-27,0.4561,10.88
3,Singapore,2024-05-28,0.4294,2.34
3,Singapore,2024-05-29,0.4682,8.24
3,Singapore,2024-05-30,0.3982,5.45
3,Singapore,2024-05-31,0.4073,0.05
3,Singapore,2024-06-01,0.4394,1.24
3,Singapore,2024-06-02,0.3714,4.89
3,Singapore,2024-06-03,0.3854,1.86
3,Singapore,2024-06-04,0.4243,0.34
3,Singapore,2024-06-05,0.3801,1.08
3,Singapore,2024-06-06,0.4591,3.65
3,Singapore,2024-06-07,0.4875,7.75
3,Singapore,2024-06-08,0.4634,1.52
3,Singapore,2024-06-09,0.4955,0.67
3,Singapore,2024-06-10,0.5329,3.57
3,Singapore,2024-06-11,0.5238,1.24
3,Singapore,2024-06-12,0.5024,0.83
3,Singapore,2024-06-13,0.486,13.1
3,Singapore,2024-06-14,0.4476,0.04
3,Singapore,2024-06-15,0.4855,4.48
3,Singapore,2024-06-16,0.444,4.72
3,Singapore,2024-06-17,0.5425,0.7
3,Singapore,2024-06-18,0.4742,6.49
3,Singapore,2024-06-19,0.5403,2.01
3,Singapore,2024-06-20,0.4823,2.99
3,Singapore,2024-06-21,0.5515,5.64
3,Singapore,2024-06-22,0.5136,6.23
3,Singapore,2024-06-23,0.5156,8.59
3,Singapore,2024-06-24,0.5111,2.76
3,Singapore,2024-06-25,0.4555,0.73
3,Singapore,2024-06-26,0.4321,1.63
3,Singapore,2024-06-27,0.4716,4.78
3,Singapore,2024-06-28,0.5363,5.85
3,Singapore,2024-06-29,0.5569,2.95
3,Singapore,2024-06-30,0.557,8.86
3,Singapore,2024-07-01,0.7066,10.59
3,Singapore,2024-07-02,0.6258,27.74
3,Singapore,2024-07-03,0.5962,4.56
3,Singapore,2024-07-04,0.4306,5.33
3,Singapore,2024-07-05,0.4867,6.31
3,Singapore,2024-07-06,0.4284,2.92
3,Singapore,2024-07-07,0.4275,7.8
3,Singapore,2024-07-08,0.4256,1.19
3,Singapore,2024-07-09,0.4178,0.78
3,Singapore,2024-07-10,0.4293,5.65
3,Singapore,2024-07-11,0.3885,1.09
3,Singapore,2024-07-12,0.4435,3.54
3,Singapore,2024-07-13,0.4178,2.13
3,Singapore,2024-07-14,0.3818,1.39
3,Singapore,2024-07-15,0.4675,4.34
3,Singapore,2024-07-16,0.4774,0.29
3,Singapore,2024-07-17,0.3693,0.62
3,Singapore,2024-07-18,0.3585,0.41
3,Singapore,2024-07-19,0.3398,3.05
3,Singapore,2024-07-20,0.4311,7.27
3,Singapore,2024-07-21,0.3885,5.87
3,Singapore,2024-07-22,0.3974,1.49
3,Singapore,2024-07-23,0.4054,1.49
3,Singapore,2024-07-24,0.4394,9.39
3,Singapore,2024-07-25,0.3994,0.06
3,Singapore,2024-07-26,0.4438,5.16
3,Singapore,2024-07-27,0.4597,14.98
3,Singapore,2024-07-28,0.3602,0.65
3,Singapore,2024-07-29,0.4376,0.07
3,Singapore,2024-07-30,0.4083,2.21
3,Singapore,2024-07-31,0.3443,7.59
3,Singapore,2024-08-01,0.4626,4.4
3,Singapore,2024-08-02,0.439,1.26
3,Singapore,2024-08-03,0.4842,0.73
3,Singapore,2024-08-04,0.5071,11.0
3,Singapore,2024-08-05,0.4416,0.82
3,Singapore,2024-08-06,0.3975,0.43
3,Singapore,2024-08-07,0.3381,18.05
3,Singapore,2024-08-08,0.4041,0.61
3,Singapore,2024-08-09,0.4852,2.09
3,Singapore,2024-08-10,0.5741,35.16
3,Singapore,2024-08-11,0.5005,3.24
3,Singapore,2024-08-12,0.673,9.9
3,Singapore,2024-08-13,0.7006,18.41
3,Singapore,2024-08-14,0.7677,3.73
3,Singapore,2024-08-15,0.7379,5.29
3,Singapore,2024-08-16,0.7164,11.44
3,Singapore,2024-08-17,0.6339,24.21
3,Singapore,2024-08-18,0.6865,12.52
3,Singapore,2024-08-19,0.6904,10.13
3,Singapore,2024-08-20,0.6546,15.82
3,Singapore,2024-08-21,0.6971,56.63
3,Singapore,2024-08-22,0.7163,2.43
3,Singapore,2024-08-23,0.7026,1.3
3,Singapore,2024-08-24,0.6812,1.2
3,Singapore,2024-08-25,0.6712,6.93
3,Singapore,2024-08-26,0.6895,5.09
3,Singapore,2024-08-27,0.7318,9.19
3,Singapore,2024-08-28,0.7303,11.39
3,Singapore,2024-08-29,0.6791,10.85
3,Singapore,2024-08-30,0.7597,2.91
3,Singapore,2024-08-31,0.6873,15.78
3,Singapore,2024-09-01,0.6543,17.72
3,Singapore,2024-09-02,0.6575,21.9
3,Singapore,2024-09-03,0.6106,6.29
3,Singapore,2024-09-04,0.5743,0.56
3,Singapore,2024-09-05,0.6183,1.36
3,Singapore,2024-09-06,0.6338,7.98
3,Singapore,2024-09-07,0.716,34.54
3,Singapore,2024-09-08,0.6557,28.3
3,Singapore,2024-09-09,0.6376,35.04
3,Singapore,2024-09-10,0.5396,0.21
3,Singapore,2024-09-11,0.4531,4.14
3,Singapore,2024-09-12,0.4092,0.77
3,Singapore,2024-09-13,0.3981,0.21
3,Singapore,2024-09-14,0.3723,0.36
3,Singapore,2024-09-15,0.3932,3.01
3,Singapore,2024-09-16,0.3938,5.41
3,Singapore,2024-09-17,0.5021,0.29
3,Singapore,2024-09-18,0.4921,3.2
3,Singapore,2024-09-19,0.5379,0.89
3,Singapore,2024-09-20,0.5073,10.39
3,Singapore,2024-09-21,0.4795,0.88
3,Singapore,2024-09-22,0.4966,3.41
3,Singapore,2024-09-23,0.5585,2.94
3,Singapore,2024-09-24,0.601,12.71
3,Singapore,2024-09-25,0.5074,3.24
3,Singapore,2024-09-26,0.6607,1.23
3,Singapore,2024-09-27,0.7639,3.27
3,Singapore,2024-09-28,0.7423,1.74
3,Singapore,2024-09-29,0.7305,9.61
3,Singapore,2024-09-30,0.7524,7.16
3,Singapore,2024-10-01,0.6614,3.81
3,Singapore,2024-10-02,0.5571,2.05
3,Singapore,2024-10-03,0.4782,0.71
3,Singapore,2024-10-04,0.4312,3.95
3,Singapore,2024-10-05,0.5373,3.3
3,Singapore,2024-10-06,0.5004,0.4
3,Singapore,2024-10-07,0.6035,6.94
3,Singapore,2024-10-08,0.5734,5.76
3,Singapore,2024-10-09,0.5541,0.44
3,Singapore,2024-10-10,0.5303,10.91
3,Singapore,2024-10-11,0.5189,30.8
3,Singapore,2024-10-12,0.6185,5.31
3,Singapore,2024-10-13,0.6091,3.6
3,Singapore,2024-10-14,0.7171,7.18
3,Singapore,2024-10-15,0.7019,20.9
3,Singapore,2024-10-16,0.7598,22.7
3,Singapore,2024-10-17,0.7314,0.8
3,Singapore,2024-10-18,0.7147,7.74
3,Singapore,2024-10-19,0.5979,0.17
3,Singapore,2024-10-20,0.6279,11.54
3,Singapore,2024-10-21,0.7419,3.93
3,Singapore,2024-10-22,0.7699,18.73
3,Singapore,2024-10-23,0.7092,13.62
3,Singapore,2024-10-24,0.7293,8.92
3,Singapore,2024-10-25,0.6656,9.09
3,Singapore,2024-10-26,0.5824,7.89
3,Singapore,2024-10-27,0.5285,0.63
3,Singapore,2024-10-28,0.5218,7.22
3,Singapore,2024-10-29,0.5521,5.13
3,Singapore,2024-10-30,0.593,0.54
3,Singapore,2024-10-31,0.5548,19.78
3,Singapore,2024-11-01,0.6714,6.34
3,Singapore,2024-11-02,0.6179,9.38
3,Singapore,2024-11-03,0.6716,83.04
3,Singapore,2024-11-04,0.6668,23.9
3,Singapore,2024-11-05,0.6454,4.49
3,Singapore,2024-11-06,0.63,12.84
3,Singapore,2024-11-07,0.6625,1.16
3,Singapore,2024-11-08,0.6588,3.61
3,Singapore,2024-11-09,0.5369,28.3
3,Singapore,2024-11-10,0.5765,3.67
3,Singapore,2024-11-11,0.6048,0.88
3,Singapore,2024-11-12,0.6946,13.25
3,Singapore,2024-11-13,0.5915,2.45
3,Singapore,2024-11-14,0.566,5.37
3,Singapore,2024-11-15,0.4893,0.73
3,Singapore,2024-11-16,0.4946,2.21
3,Singapore,2024-11-17,0.4993,1.16
3,Singapore,2024-11-18,0.6215,4.97
3,Singapore,2024-11-19,0.6339,1.44
3,Singapore,2024-11-20,0.5852,6.49
3,Singapore,2024-11-21,0.5783,4.54
3,Singapore,2024-11-22,0.6557,0.3
3,Singapore,2024-11-23,0.5294,0.8
3,Singapore,2024-11-24,0.5562,0.87
3,Singapore,2024-11-25,0.5445,7.59
3,Singapore,2024-11-26,0.5152,41.44
3,Singapore,2024-11-27,0.5124,0.41
3,Singapore,2024-11-28,0.4178,0.04
3,Singapore,2024-11-29,0.3651,3.51
3,Singapore,2024-11-30,0.4183,7.33
3,Singapore,2024-12-01,0.4006,3.96
3,Singapore,2024-12-02,0.4482,2.34
3,Singapore,2024-12-03,0.4659,1.47
3,Singapore,2024-12-04,0.3933,4.05
3,Singapore,2024-12-05,0.3594,1.73
3,Singapore,2024-12-06,0.3504,2.23
3,Singapore,2024-12-07,0.2267,4.58
3,Singapore,2024-12-08,0.2456,1.28
3,Singapore,2024-12-09,0.3042,3.4
3,Singapore,2024-12-10,0.3541,1.88
3,Singapore,2024-12-11,0.3907,1.67
3,Singapore,2024-12-12,0.2976,1.51
3,Singapore,2024-12-13,0.2471,0.84
3,Singapore,2024-12-14,0.2381,2.09
3,Singapore,2024-12-15,0.28,2.53
3,Singapore,2024-12-16,0.3132,1.26
3,Singapore,2024-12-17,0.2867,3.59
3,Singapore,2024-12-18,0.3892,1.56
3,Singapore,2024-12-19,0.4349,2.64
3,Singapore,2024-12-20,0.513,7.77
3,Singapore,2024-12-21,0.5302,3.18
3,Singapore,2024-12-22,0.4581,1.55
3,Singapore,2024-12-23,0.5449,2.01
3,Singapore,2024-12-24,0.6888,3.96
3,Singapore,2024-12-25,0.7005,16.11
3,Singapore,2024-12-26,0.6683,6.06
3,Singapore,2024-12-27,0.5839,8.66
3,Singapore,2024-12-28,0.5263,1.36
3,Singapore,2024-12-29,0.5628,9.38
3,Singapore,2024-12-30,0.632,2.31
3,Singapore,2024-12-31,0.5521,4.34
3,Singapore,2025-01-01,0.5727,3.8
3,Singapore,2025-01-02,0.5039,2.18
3,Singapore,2025-01-03,0.5832,0.36
3,Singapore,2025-01-04,0.6077,0.19
3,Singapore,2025-01-05,0.6515,15.54
3,Singapore,2025-01-06,0.6418,3.57
3,Singapore,2025-01-07,0.6662,14.96
3,Singapore,2025-01-08,0.6511,9.91
3,Singapore,2025-01-09,0.6548,36.17
3,Singapore,2025-01-10,0.668,1.61
3,Singapore,2025-01-11,0.5939,7.25
3,Singapore,2025-01-12,0.6002,10.69
3,Singapore,2025-01-13,0.6533,11.35
3,Singapore,2025-01-14,0.5666,53.03
3,Singapore,2025-01-15,0.5908,2.19
3,Singapore,2025-01-16,0.609,22.35
3,Singapore,2025-01-17,0.5833,6.04
3,Singapore,2025-01-18,0.5871,41.09
3,Singapore,2025-01-19,0.5377,2.28
3,Singapore,2025-01-20,0.6064,3.29
3,Singapore,2025-01-21,0.5383,11.51
3,Singapore,2025-01-22,0.6111,12.9
3,Singapore,2025-01-23,0.6719,6.86
3,Singapore,2025-01-24,0.7283,7.48
3,Singapore,2025-01-25,0.8158,7.43
3,Singapore,2025-01-26,0.8615,25.52
3,Singapore,2025-01-27,0.9123,65.74
3,Singapore,2025-01-28,0.9546,25.29
3,Singapore,2025-01-29,0.8905,37.21
3,Singapore,2025-01-30,0.8084,5.04
3,Singapore,2025-01-31,0.8582,13.66
3,Singapore,2025-02-01,0.8066,48.68
3,Singapore,2025-02-02,0.8231,1.11
3,Singapore,2025-02-03,0.776,27.13
3,Singapore,2025-02-04,0.7013,18.41
3,Singapore,2025-02-05,0.5876,8.74
3,Singapore,2025-02-06,0.5083,25.5
3,Singapore,2025-02-07,0.5559,2.75
3,Singapore,2025-02-08,0.4625,2.34
3,Singapore,2025-02-09,0.4056,0.35
3,Singapore,2025-02-10,0.4068,6.65
3,Singapore,2025-02-11,0.3915,0.31
3,Singapore,2025-02-12,0.4077,3.57
3,Singapore,2025-02-13,0.5344,4.46
3,Singapore,2025-02-14,0.6059,5.07
3,Singapore,2025-02-15,0.5557,8.89
3,Singapore,2025-02-16,0.5483,5.63
3,Singapore,2025-02-17,0.5482,1.84
3,Singapore,2025-02-18,0.5935,17.1
3,Singapore,2025-02-19,0.6139,7.78
3,Singapore,2025-02-20,0.5657,4.45
3,Singapore,2025-02-21,0.6089,11.15
3,Singapore,2025-02-22,0.621,8.8
3,Singapore,2025-02-23,0.6077,2.32
3,Singapore,2025-02-24,0.6562,28.14
3,Singapore,2025-02-25,0.6701,0.1
3,Singapore,2025-02-26,0.7754,8.58
3,Singapore,2025-02-27,0.8122,6.5
3,Singapore,2025-02-28,0.745,3.41
3,Singapore,2025-03-01,0.7286,0.44
3,Singapore,2025-03-02,0.8268,49.75
3,Singapore,2025-03-03,0.8474,40.56
3,Singapore,2025-03-04,0.9144,5.49
3,Singapore,2025-03-05,1.0,3.38
3,Singapore,2025-03-06,0.8822,92.22
3,Singapore,2025-03-07,0.8601,1.54
3,Singapore,2025-03-08,0.8192,38.48
3,Singapore,2025-03-09,0.7006,10.68
3,Singapore,2025-03-10,0.798,9.61
3,Singapore,2025-03-11,0.7808,6.21
3,Singapore,2025-03-12,0.6459,5.11
3,Singapore,2025-03-13,0.6457,5.01
3,Singapore,2025-03-14,0.6089,12.01
3,Singapore,2025-03-15,0.5924,1.31
3,Singapore,2025-03-16,0.4298,0.91
3,Singapore,2025-03-17,0.465,9.61
3,Singapore,2025-03-18,0.5177,5.68
3,Singapore,2025-03-19,0.4883,1.49
3,Singapore,2025-03-20,0.381,4.71
3,Singapore,2025-03-21,0.4198,8.63
3,Singapore,2025-03-22,0.4152,8.79
3,Singapore,2025-03-23,0.5175,0.83
3,Singapore,2025-03-24,0.5798,6.05
3,Singapore,2025-03-25,0.5544,1.39
3,Singapore,2025-03-26,0.4737,2.47
3,Singapore,2025-03-27,0.4721,1.0
3,Singapore,2025-03-28,0.6196,0.36
3,Singapore,2025-03-29,0.626,11.47
3,Singapore,2025-03-30,0.6483,3.03
3,Singapore,2025-03-31,0.52,4.91
3,Singapore,2025-04-01,0.5706,0.22
3,Singapore,2025-04-02,0.5657,0.39
3,Singapore,2025-04-03,0.5571,11.33
3,Singapore,2025-04-04,0.5886,1.99
3,Singapore,2025-04-05,0.588,25.82
3,Singapore,2025-04-06,0.5599,3.56
3,Singapore,2025-04-07,0.561,4.51
3,Singapore,2025-04-08,0.4674,1.61
3,Singapore,2025-04-09,0.4471,7.79
3,Singapore,2025-04-10,0.5181,18.21
3,Singapore,2025-04-11,0.5104,13.18
3,Singapore,2025-04-12,0.5549,3.35
3,Singapore,2025-04-13,0.482,2.49
3,Singapore,2025-04-14,0.4408,11.18
3,Singapore,2025-04-15,0.4201,3.73
3,Singapore,2025-04-16,0.4832,2.11
3,Singapore,2025-04-17,0.3949,0.89
3,Singapore,2025-04-18,0.542,4.41
3,Singapore,2025-04-19,0.6631,24.51
3,Singapore,2025-04-20,0.684,9.62
3,Singapore,2025-04-21,0.6677,2.31
3,Singapore,2025-04-22,0.617,4.55
3,Singapore,2025-04-23,0.5596,7.05
3,Singapore,2025-04-24,0.509,4.45
3,Singapore,2025-04-25,0.5228,0.05
3,Singapore,2025-04-26,0.4083,6.9
3,Singapore,2025-04-27,0.4382,7.31
3,Singapore,2025-04-28,0.4157,4.97
3,Singapore,2025-04-29,0.3721,2.29
3,Singapore,2025-04-30,0.3397,5.41
3,Singapore,2025-05-01,0.3786,3.07
3,Singapore,2025-05-02,0.4875,2.77
3,Singapore,2025-05-03,0.426,4.94
3,Singapore,2025-05-04,0.505,6.06
3,Singapore,2025-05-05,0.4749,5.47
3,Singapore,2025-05-06,0.4322,4.75
3,Singapore,2025-05-07,0.4921,7.16
3,Singapore,2025-05-08,0.3913,1.84
3,Singapore,2025-05-09,0.3992,1.78
3,Singapore,2025-05-10,0.3535,2.86
3,Singapore,2025-05-11,0.3416,1.28
3,Singapore,2025-05-12,0.3573,0.0
3,Singapore,2025-05-13,0.2679,2.12
3,Singapore,2025-05-14,0.3302,2.19
3,Singapore,2025-05-15,0.3693,0.18
3,Singapore,2025-05-16,0.4666,7.11
3,Singapore,2025-05-17,0.4441,1.61
3,Singapore,2025-05-18,0.4431,6.91
3,Singapore,2025-05-19,0.5414,5.61
3,Singapore,2025-05-20,0.5479,0.12
3,Singapore,2025-05-21,0.5944,20.44
3,Singapore,2025-05-22,0.631,11.39
3,Singapore,2025-05-23,0.6459,4.25
3,Singapore,2025-05-24,0.6321,10.31
3,Singapore,2025-05-25,0.6101,20.24
3,Singapore,2025-05-26,0.6406,2.54
3,Singapore,2025-05-27,0.5889,0.64
3,Singapore,2025-05-28,0.5966,8.99
3,Singapore,2025-05-29,0.594,3.97
3,Singapore,2025-05-30,0.5745,2.28
3,Singapore,2025-05-31,0.5867,11.1
3,Singapore,2025-06-01,0.6482,7.09
3,Singapore,2025-06-02,0.6689,2.14
3,Singapore,2025-06-03,0.6507,6.21
3,Singapore,2025-06-04,0.6416,4.17
3,Singapore,2025-06-05,0.5083,5.25
3,Singapore,2025-06-06,0.5134,2.57
3,Singapore,2025-06-07,0.6486,6.01
3,Singapore,2025-06-08,0.6313,36.53
3,Singapore,2025-06-09,0.5997,2.4
3,Singapore,2025-06-10,0.5834,10.1
3,Singapore,2025-06-11,0.5375,10.11
3,Singapore,2025-06-12,0.5411,1.81
3,Singapore,2025-06-13,0.5751,7.84
3,Singapore,2025-06-14,0.5603,1.21
3,Singapore,2025-06-15,0.6045,5.85
3,Singapore,2025-06-16,0.5573,6.21
3,Singapore,2025-06-17,0.5682,4.31
3,Singapore,2025-06-18,0.6206,4.51
3,Singapore,2025-06-19,0.5875,2.37
3,Singapore,2025-06-20,0.6536,1.33
3,Singapore,2025-06-21,0.6194,8.56
3,Singapore,2025-06-22,0.5375,1.66
3,Singapore,2025-06-23,0.4569,17.03
3,Singapore,2025-06-24,0.4267,3.03
3,Singapore,2025-06-25,0.4145,5.66
3,Singapore,2025-06-26,0.5543,11.28
3,Singapore,2025-06-27,0.5784,2.21
3,Singapore,2025-06-28,0.5331,3.47
3,Singapore,2025-06-29,0.559,5.6
3,Singapore,2025-06-30,0.5665,16.97
3,Singapore,2025-07-01,0.6184,4.65
3,Singapore,2025-07-02,0.6947,30.67
3,Singapore,2025-07-03,0.679,5.71
3,Singapore,2025-07-04,0.5786,23.2
3,Singapore,2025-07-05,0.5611,1.67
3,Singapore,2025-07-06,0.542,13.04
3,Singapore,2025-07-07,0.6731,4.98
3,Singapore,2025-07-08,0.6771,2.07
3,Singapore,2025-07-09,0.6303,0.09
3,Singapore,2025-07-10,0.6965,6.45
3,Singapore,2025-07-11,0.6938,3.93
3,Singapore,2025-07-12,0.6609,53.32
3,Singapore,2025-07-13,0.6095,6.84
3,Singapore,2025-07-14,0.7039,14.55
3,Singapore,2025-07-15,0.6452,6.69
3,Singapore,2025-07-16,0.6647,4.75
3,Singapore,2025-07-17,0.6669,6.69
3,Singapore,2025-07-18,0.6789,19.76
3,Singapore,2025-07-19,0.7102,6.67
3,Singapore,2025-07-20,0.7754,21.35
3,Singapore,2025-07-21,0.7064,21.0
3,Singapore,2025-07-22,0.6698,6.87
3,Singapore,2025-07-23,0.6328,2.76
3,Singapore,2025-07-24,0.6212,15.41
3,Singapore,2025-07-25,0.5998,5.03
3,Singapore,2025-07-26,0.5241,17.69
3,Singapore,2025-07-27,0.5127,11.73
3,Singapore,2025-07-28,0.6101,17.95
3,Singapore,2025-07-29,0.5827,7.94
3,Singapore,2025-07-30,0.5957,2.73
3,Singapore,2025-07-31,0.674,7.07
3,Singapore,2025-08-01,0.6911,18.39
3,Singapore,2025-08-02,0.7255,7.33
3,Singapore,2025-08-03,0.7614,20.13
3,Singapore,2025-08-04,0.8425,13.24
3,Singapore,2025-08-05,0.9242,9.39
3,Singapore,2025-08-06,0.8636,13.43
3,Singapore,2025-08-07,0.8727,11.82
3,Singapore,2025-08-08,0.869,1.56
3,Singapore,2025-08-09,0.8526,5.37
3,Singapore,2025-08-10,0.8329,3.47
3,Singapore,2025-08-11,0.9025,75.29
3,Singapore,2025-08-12,0.8217,74.89
3,Singapore,2025-08-13,0.8047,8.93
3,Singapore,2025-08-14,0.6898,6.1
3,Singapore,2025-08-15,0.6471,13.71
3,Singapore,2025-08-16,0.5928,24.35
3,Singapore,2025-08-17,0.6151,6.83
3,Singapore,2025-08-18,0.6644,13.44
3,Singapore,2025-08-19,0.7267,54.5
3,Singapore,2025-08-20,0.7566,1.53
3,Singapore,2025-08-21,0.7229,8.03
3,Singapore,2025-08-22,0.9048,4.27
3,Singapore,2025-08-23,0.8655,10.9
3,Singapore,2025-08-24,0.7357,10.02
3,Singapore,2025-08-25,0.6694,10.42
3,Singapore,2025-08-26,0.6889,1.92
3,Singapore,2025-08-27,0.5704,13.66
3,Singapore,2025-08-28,0.5708,25.29
3,Singapore,2025-08-29,0.5702,15.2
3,Singapore,2025-08-30,0.6742,0.65
3,Singapore,2025-08-31,0.5812,7.4
3,Singapore,2025-09-01,0.6691,1.43
3,Singapore,2025-09-02,0.6259,2.65
3,Singapore,2025-09-03,0.5823,8.11
3,Singapore,2025-09-04,0.6618,23.64
3,Singapore,2025-09-05,0.6394,11.21
3,Singapore,2025-09-06,0.5667,2.78
3,Singapore,2025-09-07,0.5285,1.68
3,Singapore,2025-09-08,0.5025,8.61
3,Singapore,2025-09-09,0.4083,0.24
3,Singapore,2025-09-10,0.3704,5.8
3,Singapore,2025-09-11,0.2872,1.01
3,Singapore,2025-09-12,0.2889,6.16
3,Singapore,2025-09-13,0.2588,0.35
3,Singapore,2025-09-14,0.3006,0.23
3,Singapore,2025-09-15,0.2849,0.03
3,Singapore,2025-09-16,0.3443,1.36
3,Singapore,2025-09-17,0.2314,0.47
3,Singapore,2025-09-18,0.2059,1.26
3,Singapore,2025-09-19,0.2562,0.4
3,Singapore,2025-09-20,0.2592,2.19
3,Singapore,2025-09-21,0.2893,0.67
3,Singapore,2025-09-22,0.2718,0.18
3,Singapore,2025-09-23,0.4112,0.26
3,Singapore,2025-09-24,0.517,1.67
3,Singapore,2025-09-25,0.3571,1.79
3,Singapore,2025-09-26,0.4383,4.03
3,Singapore,2025-09-27,0.4224,1.83
3,Singapore,2025-09-28,0.4222,1.33
3,Singapore,2025-09-29,0.4632,2.34
3,Singapore,2025-09-30,0.4176,4.18
3,Singapore,2025-10-01,0.4183,3.88
3,Singapore,2025-10-02,0.5174,9.66
3,Singapore,2025-10-03,0.6524,38.68
3,Singapore,2025-10-04,0.6247,6.55
3,Singapore,2025-10-05,0.5099,11.12
3,Singapore,2025-10-06,0.531,7.49
3,Singapore,2025-10-07,0.5063,8.25
3,Singapore,2025-10-08,0.5893,4.54
3,Singapore,2025-10-09,0.5038,27.69
3,Singapore,2025-10-10,0.4179,3.99
3,Singapore,2025-10-11,0.3827,1.76
3,Singapore,2025-10-12,0.4336,0.65
3,Singapore,2025-10-13,0.4224,3.84
3,Singapore,2025-10-14,0.4137,0.9
3,Singapore,2025-10-15,0.4658,10.81
3,Singapore,2025-10-16,0.3743,0.8
3,Singapore,2025-10-17,0.4099,0.42
3,Singapore,2025-10-18,0.4319,0.4
3,Singapore,2025-10-19,0.4754,3.78
3,Singapore,2025-10-20,0.4902,2.91
3,Singapore,2025-10-21,0.5805,19.06
3,Singapore,2025-10-22,0.5381,3.65
3,Singapore,2025-10-23,0.5787,1.86
3,Singapore,2025-10-24,0.6634,3.22
3,Singapore,2025-10-25,0.4875,8.63
3,Singapore,2025-10-26,0.5782,11.48
3,Singapore,2025-10-27,0.5402,6.89
3,Singapore,2025-10-28,0.5059,4.93
3,Singapore,2025-10-29,0.5675,1.9
3,Singapore,2025-10-30,0.53,9.18
3,Singapore,2025-10-31,0.548,0.62
3,Singapore,2025-11-01,0.5945,4.4
3,Singapore,2025-11-02,0.59,3.95
3,Singapore,2025-11-03,0.5556,4.57
3,Singapore,2025-11-04,0.6173,11.85
3,Singapore,2025-11-05,0.6207,2.0
3,Singapore,2025-11-06,0.5091,0.04
3,Singapore,2025-11-07,0.5277,8.71
3,Singapore,2025-11-08,0.5414,4.31
3,Singapore,2025-11-09,0.5091,1.32
3,Singapore,2025-11-10,0.447,8.93
3,Singapore,2025-11-11,0.367,1.94
3,Singapore,2025-11-12,0.3395,5.67
3,Singapore,2025-11-13,0.3771,9.56
3,Singapore,2025-11-14,0.4884,4.57
3,Singapore,2025-11-15,0.4022,8.27
3,Singapore,2025-11-16,0.3756,2.48
3,Singapore,2025-11-17,0.3012,0.22
3,Singapore,2025-11-18,0.3195,0.55
3,Singapore,2025-11-19,0.4283,6.22
3,Singapore,2025-11-20,0.4948,4.89
3,Singapore,2025-11-21,0.5056,1.81
3,Singapore,2025-11-22,0.4813,4.92
3,Singapore,2025-11-23,0.4582,8.5
3,Singapore,2025-11-24,0.4816,3.3
3,Singapore,2025-11-25,0.4816,4.25
3,Singapore,2025-11-26,0.4583,5.31
3,Singapore,2025-11-27,0.459,0.55
3,Singapore,2025-11-28,0.4225,1.28
3,Singapore,2025-11-29,0.4549,14.89
3,Singapore,2025-11-30,0.4937,3.88
3,Singapore,2025-12-01,0.6798,8.46
3,Singapore,2025-12-02,0.6843,13.03
3,Singapore,2025-12-03,0.6493,11.96
3,Singapore,2025-12-04,0.7241,0.0
3,Singapore,2025-12-05,0.8081,24.35
3,Singapore,2025-12-06,0.7248,3.57
3,Singapore,2025-12-07,0.7988,22.91
3,Singapore,2025-12-08,0.8202,19.54
3,Singapore,2025-12-09,0.6947,8.85
3,Singapore,2025-12-10,0.6249,12.16
3,Singapore,2025-12-11,0.5699,8.23
3,Singapore,2025-12-12,0.678,10.88
3,Singapore,2025-12-13,0.6648,7.11
3,Singapore,2025-12-14,0.6486,10.26
3,Singapore,2025-12-15,0.6648,2.07
3,Singapore,2025-12-16,0.7615,5.47
3,Singapore,2025-12-17,0.7153,1.33
3,Singapore,2025-12-18,0.6621,13.81
3,Singapore,2025-12-19,0.7416,2.99
3,Singapore,2025-12-20,0.7202,6.06
3,Singapore,2025-12-21,0.7761,9.28
3,Singapore,2025-12-22,0.7557,20.3
3,Singapore,2025-12-23,0.7333,3.98
3,Singapore,2025-12-24,0.8108,5.03
3,Singapore,2025-12-25,0.7413,24.93
3,Singapore,2025-12-26,0.7985,18.22
3,Singapore,2025-12-27,0.6675,82.4
3,Singapore,2025-12-28,0.6893,10.91
3,Singapore,2025-12-29,0.6651,16.02
3,Singapore,2025-12-30,0.6961,0.8
3,Singapore,2025-12-31,0.6027,13.71
4,Los_Angeles,2023-01-01,0.4884,0.19
4,Los_Angeles,2023-01-02,0.4224,8.17
4,Los_Angeles,2023-01-03,0.4571,6.51
4,Los_Angeles,2023-01-04,0.4913,2.91
4,Los_Angeles,2023-01-05,0.6223,14.68
4,Los_Angeles,2023-01-06,0.6789,12.32
4,Los_Angeles,2023-01-07,0.7083,5.7
4,Los_Angeles,2023-01-08,0.567,3.24
4,Los_Angeles,2023-01-09,0.5583,0.86
4,Los_Angeles,2023-01-10,0.6711,10.14
4,Los_Angeles,2023-01-11,0.6977,21.44
4,Los_Angeles,2023-01-12,0.6959,45.16
4,Los_Angeles,2023-01-13,0.805,27.14
4,Los_Angeles,2023-01-14,0.7109,3.91
4,Los_Angeles,2023-01-15,0.7017,0.1
4,Los_Angeles,2023-01-16,0.7399,0.12
4,Los_Angeles,2023-01-17,0.6963,0.01
4,Los_Angeles,2023-01-18,0.5805,2.53
4,Los_Angeles,2023-01-19,0.6536,2.5
4,Los_Angeles,2023-01-20,0.664,9.48
4,Los_Angeles,2023-01-21,0.6641,33.28
4,Los_Angeles,2023-01-22,0.5962,10.36
4,Los_Angeles,2023-01-23,0.5743,12.86
4,Los_Angeles,2023-01-24,0.5384,3.46
4,Los_Angeles,2023-01-25,0.5131,0.63
4,Los_Angeles,2023-01-26,0.5716,0.33
4,Los_Angeles,2023-01-27,0.6091,3.97
4,Los_Angeles,2023-01-28,0.5295,0.69
4,Los_Angeles,2023-01-29,0.4287,22.11
4,Los_Angeles,2023-01-30,0.5265,8.83
4,Los_Angeles,2023-01-31,0.5789,13.06
4,Los_Angeles,2023-02-01,0.544,8.3
4,Los_Angeles,2023-02-02,0.4939,1.89
4,Los_Angeles,2023-02-03,0.5207,2.02
4,Los_Angeles,2023-02-04,0.5146,2.74
4,Los_Angeles,2023-02-05,0.5225,1.01
4,Los_Angeles,2023-02-06,0.6169,6.89
4,Los_Angeles,2023-02-07,0.655,8.96
4,Los_Angeles,2023-02-08,0.6813,1.56
4,Los_Angeles,2023-02-09,0.5915,4.54
4,Los_Angeles,2023-02-10,0.635,12.97
4,Los_Angeles,2023-02-11,0.6318,0.21
4,Los_Angeles,2023-02-12,0.532,4.87
4,Los_Angeles,2023-02-13,0.5386,5.31
4,Los_Angeles,2023-02-14,0.5566,13.52
4,Los_Angeles,2023-02-15,0.4577,7.23
4,Los_Angeles,2023-02-16,0.42,3.51
4,Los_Angeles,2023-02-17,0.4581,2.31
4,Los_Angeles,2023-02-18,0.4307,1.15
4,Los_Angeles,2023-02-19,0.4967,6.03
4,Los_Angeles,2023-02-20,0.5743,0.03
4,Los_Angeles,2023-02-21,0.4798,11.78
4,Los_Angeles,2023-02-22,0.4233,3.79
4,Los_Angeles,2023-02-23,0.4939,17.41
4,Los_Angeles,2023-02-24,0.5517,1.18
4,Los_Angeles,2023-02-25,0.3653,2.96
4,Los_Angeles,2023-02-26,0.4598,6.52
4,Los_Angeles,2023-02-27,0.4984,8.0
4,Los_Angeles,2023-02-28,0.4891,13.47
4,Los_Angeles,2023-03-01,0.4302,2.19
4,Los_Angeles,2023-03-02,0.5071,7.34
4,Los_Angeles,2023-03-03,0.5603,8.12
4,Los_Angeles,2023-03-04,0.5378,4.87
4,Los_Angeles,2023-03-05,0.3616,1.92
4,Los_Angeles,2023-03-06,0.3818,1.04
4,Los_Angeles,2023-03-07,0.3235,7.54
4,Los_Angeles,2023-03-08,0.314,0.53
4,Los_Angeles,2023-03-09,0.276,1.14
4,Los_Angeles,2023-03-10,0.3737,1.6
4,Los_Angeles,2023-03-11,0.4746,5.17
4,Los_Angeles,2023-03-12,0.4661,3.67
4,Los_Angeles,2023-03-13,0.4335,10.1
4,Los_Angeles,2023-03-14,0.4129,0.42
4,Los_Angeles,2023-03-15,0.3897,4.51
4,Los_Angeles,2023-03-16,0.4903,0.18
4,Los_Angeles,2023-03-17,0.5168,1.78
4,Los_Angeles,2023-03-18,0.5946,3.51
4,Los_Angeles,2023-03-19,0.4911,3.26
4,Los_Angeles,2023-03-20,0.5252,0.91
4,Los_Angeles,2023-03-21,0.4526,2.81
4,Los_Angeles,2023-03-22,0.4436,15.75
4,Los_Angeles,2023-03-23,0.4733,5.63
4,Los_Angeles,2023-03-24,0.409,3.07
4,Los_Angeles,2023-03-25,0.3799,0.96
4,Los_Angeles,2023-03-26,0.3757,1.08
4,Los_Angeles,2023-03-27,0.4346,1.32
4,Los_Angeles,2023-03-28,0.3422,0.84
4,Los_Angeles,2023-03-29,0.3785,6.84
4,Los_Angeles,2023-03-30,0.4126,7.93
4,Los_Angeles,2023-03-31,0.5056,10.56
4,Los_Angeles,2023-04-01,0.4022,5.28
4,Los_Angeles,2023-04-02,0.3875,11.85
4,Los_Angeles,2023-04-03,0.4327,6.26
4,Los_Angeles,2023-04-04,0.4448,4.72
4,Los_Angeles,2023-04-05,0.4484,1.37
4,Los_Angeles,2023-04-06,0.4139,3.13
4,Los_Angeles,2023-04-07,0.4529,2.24
4,Los_Angeles,2023-04-08,0.623,44.48
4,Los_Angeles,2023-04-09,0.6351,15.37
4,Los_Angeles,2023-04-10,0.5589,11.05
4,Los_Angeles,2023-04-11,0.6358,6.99
4,Los_Angeles,2023-04-12,0.7117,7.87
4,Los_Angeles,2023-04-13,0.7288,20.55
4,Los_Angeles,2023-04-14,0.8018,8.45
4,Los_Angeles,2023-04-15,0.8986,11.29
4,Los_Angeles,2023-04-16,0.8608,32.85
4,Los_Angeles,2023-04-17,0.9138,34.68
4,Los_Angeles,2023-04-18,0.9483,0.76
4,Los_Angeles,2023-04-19,0.8412,10.78
4,Los_Angeles,2023-04-20,0.8835,13.03
4,Los_Angeles,2023-04-21,0.8724,19.53
4,Los_Angeles,2023-04-22,0.8786,0.04
4,Los_Angeles,2023-04-23,0.8812,44.57
4,Los_Angeles,2023-04-24,0.8279,3.42
4,Los_Angeles,2023-04-25,0.8632,2.78
4,Los_Angeles,2023-04-26,0.7864,14.63
4,Los_Angeles,2023-04-27,0.7616,18.74
4,Los_Angeles,2023-04-28,0.803,11.51
4,Los_Angeles,2023-04-29,0.7938,0.53
4,Los_Angeles,2023-04-30,0.7174,4.76
4,Los_Angeles,2023-05-01,0.6472,2.66
4,Los_Angeles,2023-05-02,0.5728,2.17
4,Los_Angeles,2023-05-03,0.6003,4.12
4,Los_Angeles,2023-05-04,0.6133,4.1
4,Los_Angeles,2023-05-05,0.6107,21.0
4,Los_Angeles,2023-05-06,0.5764,11.96
4,Los_Angeles,2023-05-07,0.5414,8.36
4,Los_Angeles,2023-05-08,0.5039,3.86
4,Los_Angeles,2023-05-09,0.5512,3.9
4,Los_Angeles,2023-05-10,0.4715,1.25
4,Los_Angeles,2023-05-11,0.4752,3.58
4,Los_Angeles,2023-05-12,0.5774,7.49
4,Los_Angeles,2023-05-13,0.5587,0.36
4,Los_Angeles,2023-05-14,0.6395,12.17
4,Los_Angeles,2023-05-15,0.5915,1.69
4,Los_Angeles,2023-05-16,0.4937,14.17
4,Los_Angeles,2023-05-17,0.3491,4.58
4,Los_Angeles,2023-05-18,0.4054,0.47
4,Los_Angeles,2023-05-19,0.3213,5.88
4,Los_Angeles,2023-05-20,0.4309,5.72
4,Los_Angeles,2023-05-21,0.5361,16.05
4,Los_Angeles,2023-05-22,0.5806,6.29
4,Los_Angeles,2023-05-23,0.5152,9.37
4,Los_Angeles,2023-05-24,0.3948,5.21
4,Los_Angeles,2023-05-25,0.4242,3.14
4,Los_Angeles,2023-05-26,0.4551,13.49
4,Los_Angeles,2023-05-27,0.4673,7.3
4,Los_Angeles,2023-05-28,0.4962,4.71
4,Los_Angeles,2023-05-29,0.4638,1.67
4,Los_Angeles,2023-05-30,0.4479,7.22
4,Los_Angeles,2023-05-31,0.456,5.26
4,Los_Angeles,2023-06-01,0.5909,16.81
4,Los_Angeles,2023-06-02,0.6499,1.03
4,Los_Angeles,2023-06-03,0.6337,3.13
4,Los_Angeles,2023-06-04,0.5497,11.18
4,Los_Angeles,2023-06-05,0.6533,3.78
4,Los_Angeles,2023-06-06,0.7293,0.29
4,Los_Angeles,2023-06-07,0.6042,8.21
4,Los_Angeles,2023-06-08,0.4737,1.15
4,Los_Angeles,2023-06-09,0.5034,1.61
4,Los_Angeles,2023-06-10,0.4843,2.17
4,Los_Angeles,2023-06-11,0.5641,16.71
4,Los_Angeles,2023-06-12,0.5215,2.21
4,Los_Angeles,2023-06-13,0.455,13.83
4,Los_Angeles,2023-06-14,0.3616,1.06
4,Los_Angeles,2023-06-15,0.3109,0.17
4,Los_Angeles,2023-06-16,0.3662,0.12
4,Los_Angeles,2023-06-17,0.2838,3.16
4,Los_Angeles,2023-06-18,0.4968,0.45
4,Los_Angeles,2023-06-19,0.3788,3.67
4,Los_Angeles,2023-06-20,0.3534,7.1
4,Los_Angeles,2023-06-21,0.3776,0.39
4,Los_Angeles,2023-06-22,0.462,1.07
4,Los_Angeles,2023-06-23,0.4284,0.21
4,Los_Angeles,2023-06-24,0.319,3.76
4,Los_Angeles,2023-06-25,0.2719,1.4
4,Los_Angeles,2023-06-26,0.4421,13.91
4,Los_Angeles,2023-06-27,0.3193,0.29
4,Los_Angeles,2023-06-28,0.3964,3.74
4,Los_Angeles,2023-06-29,0.4188,0.12
4,Los_Angeles,2023-06-30,0.4753,0.34
4,Los_Angeles,2023-07-01,0.5431,4.78
4,Los_Angeles,2023-07-02,0.4859,3.74
4,Los_Angeles,2023-07-03,0.5791,4.88
4,Los_Angeles,2023-07-04,0.5719,1.04
4,Los_Angeles,2023-07-05,0.4772,2.72
4,Los_Angeles,2023-07-06,0.4671,8.08
4,Los_Angeles,2023-07-07,0.4913,0.09
4,Los_Angeles,2023-07-08,0.3381,2.7
4,Los_Angeles,2023-07-09,0.2915,3.2
4,Los_Angeles,2023-07-10,0.3785,3.21
4,Los_Angeles,2023-07-11,0.3947,0.99
4,Los_Angeles,2023-07-12,0.4632,10.18
4,Los_Angeles,2023-07-13,0.5376,15.79
4,Los_Angeles,2023-07-14,0.5024,3.72
4,Los_Angeles,2023-07-15,0.4506,9.36
4,Los_Angeles,2023-07-16,0.3549,15.01
4,Los_Angeles,2023-07-17,0.4357,2.02
4,Los_Angeles,2023-07-18,0.4034,0.99
4,Los_Angeles,2023-07-19,0.4778,0.95
4,Los_Angeles,2023-07-20,0.5355,0.11
4,Los_Angeles,2023-07-21,0.5836,29.49
4,Los_Angeles,2023-07-22,0.54,5.85
4,Los_Angeles,2023-07-23,0.5935,12.37
4,Los_Angeles,2023-07-24,0.615,4.98
4,Los_Angeles,2023-07-25,0.6084,12.44
4,Los_Angeles,2023-07-26,0.4721,8.17
4,Los_Angeles,2023-07-27,0.491,12.22
4,Los_Angeles,2023-07-28,0.5175,2.86
4,Los_Angeles,2023-07-29,0.5013,0.09
4,Los_Angeles,2023-07-30,0.4588,6.48
4,Los_Angeles,2023-07-31,0.4039,5.04
4,Los_Angeles,2023-08-01,0.4046,5.02
4,Los_Angeles,2023-08-02,0.2788,9.2
4,Los_Angeles,2023-08-03,0.2841,0.33
4,Los_Angeles,2023-08-04,0.2988,0.14
4,Los_Angeles,2023-08-05,0.3943,3.44
4,Los_Angeles,2023-08-06,0.512,7.84
4,Los_Angeles,2023-08-07,0.4519,6.52
4,Los_Angeles,2023-08-08,0.4974,15.27
4,Los_Angeles,2023-08-09,0.4504,3.34
4,Los_Angeles,2023-08-10,0.4204,1.27
4,Los_Angeles,2023-08-11,0.423,0.3
4,Los_Angeles,2023-08-12,0.5028,7.05
4,Los_Angeles,2023-08-13,0.4882,9.11
4,Los_Angeles,2023-08-14,0.5475,0.11
4,Los_Angeles,2023-08-15,0.4341,0.46
4,Los_Angeles,2023-08-16,0.3659,1.66
4,Los_Angeles,2023-08-17,0.3413,3.22
4,Los_Angeles,2023-08-18,0.383,1.84
4,Los_Angeles,2023-08-19,0.43,0.65
4,Los_Angeles,2023-08-20,0.3959,0.95
4,Los_Angeles,2023-08-21,0.5251,14.05
4,Los_Angeles,2023-08-22,0.4982,8.23
4,Los_Angeles,2023-08-23,0.4496,4.85
4,Los_Angeles,2023-08-24,0.5,23.72
4,Los_Angeles,2023-08-25,0.5651,13.95
4,Los_Angeles,2023-08-26,0.4421,3.51
4,Los_Angeles,2023-08-27,0.5368,14.69
4,Los_Angeles,2023-08-28,0.5323,5.73
4,Los_Angeles,2023-08-29,0.5079,0.74
4,Los_Angeles,2023-08-30,0.4467,2.4
4,Los_Angeles,2023-08-31,0.4197,7.31
4,Los_Angeles,2023-09-01,0.3487,10.44
4,Los_Angeles,2023-09-02,0.3769,1.34
4,Los_Angeles,2023-09-03,0.3459,1.8
4,Los_Angeles,2023-09-04,0.3778,8.36
4,Los_Angeles,2023-09-05,0.4437,13.55
4,Los_Angeles,2023-09-06,0.4697,7.01
4,Los_Angeles,2023-09-07,0.465,0.91
4,Los_Angeles,2023-09-08,0.6091,4.9
4,Los_Angeles,2023-09-09,0.5176,17.62
4,Los_Angeles,2023-09-10,0.5113,2.57
4,Los_Angeles,2023-09-11,0.618,4.76
4,Los_Angeles,2023-09-12,0.6872,13.56
4,Los_Angeles,2023-09-13,0.5677,0.12
4,Los_Angeles,2023-09-14,0.5073,1.83
4,Los_Angeles,2023-09-15,0.5966,5.41
4,Los_Angeles,2023-09-16,0.5488,2.04
4,Los_Angeles,2023-09-17,0.5383,9.57
4,Los_Angeles,2023-09-18,0.5365,4.0
4,Los_Angeles,2023-09-19,0.5233,5.86
4,Los_Angeles,2023-09-20,0.3049,1.72
4,Los_Angeles,2023-09-21,0.2973,1.77
4,Los_Angeles,2023-09-22,0.3401,3.7
4,Los_Angeles,2023-09-23,0.3245,4.41
4,Los_Angeles,2023-09-24,0.3448,1.59
4,Los_Angeles,2023-09-25,0.3164,1.56
4,Los_Angeles,2023-09-26,0.3475,0.32
4,Los_Angeles,2023-09-27,0.4575,8.92
4,Los_Angeles,2023-09-28,0.5329,1.0
4,Los_Angeles,2023-09-29,0.594,0.36
4,Los_Angeles,2023-09-30,0.5913,26.39
4,Los_Angeles,2023-10-01,0.5304,18.54
4,Los_Angeles,2023-10-02,0.5298,5.7
4,Los_Angeles,2023-10-03,0.5709,4.19
4,Los_Angeles,2023-10-04,0.5465,5.09
4,Los_Angeles,2023-10-05,0.6605,1.82
4,Los_Angeles,2023-10-06,0.5592,0.46
4,Los_Angeles,2023-10-07,0.5324,1.9
4,Los_Angeles,2023-10-08,0.4877,2.96
4,Los_Angeles,2023-10-09,0.5685,6.96
4,Los_Angeles,2023-10-10,0.6124,8.56
4,Los_Angeles,2023-10-11,0.5145,0.58
4,Los_Angeles,2023-10-12,0.4251,3.94
4,Los_Angeles,2023-10-13,0.4105,2.93
4,Los_Angeles,2023-10-14,0.447,3.33
4,Los_Angeles,2023-10-15,0.4724,0.67
4,Los_Angeles,2023-10-16,0.4106,0.98
4,Los_Angeles,2023-10-17,0.4318,2.99
4,Los_Angeles,2023-10-18,0.4423,3.42
4,Los_Angeles,2023-10-19,0.4385,0.37
4,Los_Angeles,2023-10-20,0.5041,4.15
4,Los_Angeles,2023-10-21,0.51,15.78
4,Los_Angeles,2023-10-22,0.5065,3.61
4,Los_Angeles,2023-10-23,0.6085,6.58
4,Los_Angeles,2023-10-24,0.68,36.87
4,Los_Angeles,2023-10-25,0.6267,13.4
4,Los_Angeles,2023-10-26,0.6005,2.25
4,Los_Angeles,2023-10-27,0.6515,7.56
4,Los_Angeles,2023-10-28,0.6149,1.09
4,Los_Angeles,2023-10-29,0.6357,1.05
4,Los_Angeles,2023-10-30,0.66,0.22
4,Los_Angeles,2023-10-31,0.6802,66.1
4,Los_Angeles,2023-11-01,0.6917,5.55
4,Los_Angeles,2023-11-02,0.6564,6.55
4,Los_Angeles,2023-11-03,0.7143,2.31
4,Los_Angeles,2023-11-04,0.7241,0.56
4,Los_Angeles,2023-11-05,0.8292,17.53
4,Los_Angeles,2023-11-06,0.7123,13.03
4,Los_Angeles,2023-11-07,0.7196,1.66
4,Los_Angeles,2023-11-08,0.7487,4.53
4,Los_Angeles,2023-11-09,0.8453,30.71
4,Los_Angeles,2023-11-10,0.7958,1.79
4,Los_Angeles,2023-11-11,0.7598,11.75
4,Los_Angeles,2023-11-12,0.6938,0.23
4,Los_Angeles,2023-11-13,0.81,23.8
4,Los_Angeles,2023-11-14,0.7195,16.12
4,Los_Angeles,2023-11-15,0.6566,7.59
4,Los_Angeles,2023-11-16,0.5433,13.26
4,Los_Angeles,2023-11-17,0.3932,0.85
4,Los_Angeles,2023-11-18,0.3993,8.81
4,Los_Angeles,2023-11-19,0.398,1.38
4,Los_Angeles,2023-11-20,0.4293,1.41
4,Los_Angeles,2023-11-21,0.4672,2.54
4,Los_Angeles,2023-11-22,0.5101,2.49
4,Los_Angeles,2023-11-23,0.4605,27.23
4,Los_Angeles,2023-11-24,0.4918,1.45
4,Los_Angeles,2023-11-25,0.4786,5.45
4,Los_Angeles,2023-11-26,0.4742,27.84
4,Los_Angeles,2023-11-27,0.5998,9.11
4,Los_Angeles,2023-11-28,0.6054,3.41
4,Los_Angeles,2023-11-29,0.6477,1.09
4,Los_Angeles,2023-11-30,0.6105,22.45
4,Los_Angeles,2023-12-01,0.5518,2.85
4,Los_Angeles,2023-12-02,0.6027,0.96
4,Los_Angeles,2023-12-03,0.6271,0.03
4,Los_Angeles,2023-12-04,0.6162,12.67
4,Los_Angeles,2023-12-05,0.5841,1.28
4,Los_Angeles,2023-12-06,0.5997,0.28
4,Los_Angeles,2023-12-07,0.6023,1.97
4,Los_Angeles,2023-12-08,0.6052,1.39
4,Los_Angeles,2023-12-09,0.5198,1.68
4,Los_Angeles,2023-12-10,0.6249,4.62
4,Los_Angeles,2023-12-11,0.6422,15.71
4,Los_Angeles,2023-12-12,0.687,4.28
4,Los_Angeles,2023-12-13,0.5104,1.0
4,Los_Angeles,2023-12-14,0.4279,13.35
4,Los_Angeles,2023-12-15,0.5255,0.1
4,Los_Angeles,2023-12-16,0.5041,8.21
4,Los_Angeles,2023-12-17,0.5597,1.01
4,Los_Angeles,2023-12-18,0.5499,3.78
4,Los_Angeles,2023-12-19,0.5288,31.99
4,Los_Angeles,2023-12-20,0.4726,8.33
4,Los_Angeles,2023-12-21,0.5274,10.76
4,Los_Angeles,2023-12-22,0.527,16.8
4,Los_Angeles,2023-12-23,0.5664,6.07
4,Los_Angeles,2023-12-24,0.6418,0.19
4,Los_Angeles,2023-12-25,0.6455,14.08
4,Los_Angeles,2023-12-26,0.6153,16.47
4,Los_Angeles,2023-12-27,0.5633,1.88
4,Los_Angeles,2023-12-28,0.6677,0.43
4,Los_Angeles,2023-12-29,0.6639,4.53
4,Los_Angeles,2023-12-30,0.6229,0.47
4,Los_Angeles,2023-12-31,0.5343,0.06
4,Los_Angeles,2024-01-01,0.5297,21.15
4,Los_Angeles,2024-01-02,0.4925,11.84
4,Los_Angeles,2024-01-03,0.5519,9.38
4,Los_Angeles,2024-01-04,0.5206,4.13
4,Los_Angeles,2024-01-05,0.5194,2.83
4,Los_Angeles,2024-01-06,0.5558,1.58
4,Los_Angeles,2024-01-07,0.5436,5.27
4,Los_Angeles,2024-01-08,0.5061,1.07
4,Los_Angeles,2024-01-09,0.5913,4.19
4,Los_Angeles,2024-01-10,0.54,0.46
4,Los_Angeles,2024-01-11,0.5451,18.06
4,Los_Angeles,2024-01-12,0.5894,6.67
4,Los_Angeles,2024-01-13,0.4393,9.18
4,Los_Angeles,2024-01-14,0.4199,4.5
4,Los_Angeles,2024-01-15,0.4269,7.46
4,Los_Angeles,2024-01-16,0.3573,5.2
4,Los_Angeles,2024-01-17,0.36,4.14
4,Los_Angeles,2024-01-18,0.3765,1.41
4,Los_Angeles,2024-01-19,0.4465,5.49
4,Los_Angeles,2024-01-20,0.4524,0.91
4,Los_Angeles,2024-01-21,0.448,2.46
4,Los_Angeles,2024-01-22,0.5831,3.38
4,Los_Angeles,2024-01-23,0.5449,14.46
4,Los_Angeles,2024-01-24,0.4316,7.97
4,Los_Angeles,2024-01-25,0.3838,1.66
4,Los_Angeles,2024-01-26,0.488,12.19
4,Los_Angeles,2024-01-27,0.4702,5.66
4,Los_Angeles,2024-01-28,0.4139,1.61
4,Los_Angeles,2024-01-29,0.5003,6.15
4,Los_Angeles,2024-01-30,0.5866,4.92
4,Los_Angeles,2024-01-31,0.5579,1.67
4,Los_Angeles,2024-02-01,0.5828,2.82
4,Los_Angeles,2024-02-02,0.6843,7.77
4,Los_Angeles,2024-02-03,0.7802,19.53
4,Los_Angeles,2024-02-04,0.7735,17.7
4,Los_Angeles,2024-02-05,0.7708,41.82
4,Los_Angeles,2024-02-06,0.7276,9.91
4,Los_Angeles,2024-02-07,0.5628,5.09
4,Los_Angeles,2024-02-08,0.4718,1.72
4,Los_Angeles,2024-02-09,0.5285,0.07
4,Los_Angeles,2024-02-10,0.6755,0.21
4,Los_Angeles,2024-02-11,0.6137,0.82
4,Los_Angeles,2024-02-12,0.6199,9.63
4,Los_Angeles,2024-02-13,0.6238,2.94
4,Los_Angeles,2024-02-14,0.6964,1.82
4,Los_Angeles,2024-02-15,0.6163,1.72
4,Los_Angeles,2024-02-16,0.5989,36.11
4,Los_Angeles,2024-02-17,0.5819,1.42
4,Los_Angeles,2024-02-18,0.5747,8.4
4,Los_Angeles,2024-02-19,0.612,0.12
4,Los_Angeles,2024-02-20,0.616,17.64
4,Los_Angeles,2024-02-21,0.6317,4.29
4,Los_Angeles,2024-02-22,0.631,8.47
4,Los_Angeles,2024-02-23,0.6403,19.5
4,Los_Angeles,2024-02-24,0.536,10.63
4,Los_Angeles,2024-02-25,0.4489,0.23
4,Los_Angeles,2024-02-26,0.4457,4.48
4,Los_Angeles,2024-02-27,0.5156,6.1
4,Los_Angeles,2024-02-28,0.5944,25.29
4,Los_Angeles,2024-02-29,0.4982,0.17
4,Los_Angeles,2024-03-01,0.5809,0.09
4,Los_Angeles,2024-03-02,0.4725,1.1
4,Los_Angeles,2024-03-03,0.5086,9.83
4,Los_Angeles,2024-03-04,0.5168,6.89
4,Los_Angeles,2024-03-05,0.3823,12.11
4,Los_Angeles,2024-03-06,0.3318,1.06
4,Los_Angeles,2024-03-07,0.3125,1.31
4,Los_Angeles,2024-03-08,0.3876,0.58
4,Los_Angeles,2024-03-09,0.3945,6.6
4,Los_Angeles,2024-03-10,0.396,6.89
4,Los_Angeles,2024-03-11,0.4275,0.39
4,Los_Angeles,2024-03-12,0.4917,4.19
4,Los_Angeles,2024-03-13,0.4285,21.81
4,Los_Angeles,2024-03-14,0.4646,1.02
4,Los_Angeles,2024-03-15,0.6385,0.5
4,Los_Angeles,2024-03-16,0.6501,6.82
4,Los_Angeles,2024-03-17,0.6582,2.56
4,Los_Angeles,2024-03-18,0.6354,0.96
4,Los_Angeles,2024-03-19,0.7371,3.8
4,Los_Angeles,2024-03-20,0.6565,5.12
4,Los_Angeles,2024-03-21,0.6282,1.22
4,Los_Angeles,2024-03-22,0.5073,1.04
4,Los_Angeles,2024-03-23,0.4624,1.86
4,Los_Angeles,2024-03-24,0.5075,13.89
4,Los_Angeles,2024-03-25,0.5336,1.96
4,Los_Angeles,2024-03-26,0.5875,12.86
4,Los_Angeles,2024-03-27,0.5843,31.81
4,Los_Angeles,2024-03-28,0.5986,0.67
4,Los_Angeles,2024-03-29,0.6714,4.82
4,Los_Angeles,2024-03-30,0.5507,0.58
4,Los_Angeles,2024-03-31,0.5898,6.91
4,Los_Angeles,2024-04-01,0.5914,0.19
4,Los_Angeles,2024-04-02,0.546,0.19
4,Los_Angeles,2024-04-03,0.4704,9.01
4,Los_Angeles,2024-04-04,0.4955,6.01
4,Los_Angeles,2024-04-05,0.5284,7.21
4,Los_Angeles,2024-04-06,0.5701,1.99
4,Los_Angeles,2024-04-07,0.4634,0.44
4,Los_Angeles,2024-04-08,0.5652,17.48
4,Los_Angeles,2024-04-09,0.5822,7.53
4,Los_Angeles,2024-04-10,0.5135,1.19
4,Los_Angeles,2024-04-11,0.5662,2.5
4,Los_Angeles,2024-04-12,0.6057,2.13
4,Los_Angeles,2024-04-13,0.5102,2.04
4,Los_Angeles,2024-04-14,0.513,0.05
4,Los_Angeles,2024-04-15,0.3934,9.26
4,Los_Angeles,2024-04-16,0.4405,3.23
4,Los_Angeles,2024-04-17,0.4011,0.89
4,Los_Angeles,2024-04-18,0.3064,0.58
4,Los_Angeles,2024-04-19,0.2109,1.88
4,Los_Angeles,2024-04-20,0.2568,0.05
4,Los_Angeles,2024-04-21,0.271,2.43
4,Los_Angeles,2024-04-22,0.3115,1.25
4,Los_Angeles,2024-04-23,0.342,11.52
4,Los_Angeles,2024-04-24,0.3544,2.94
4,Los_Angeles,2024-04-25,0.409,5.25
4,Los_Angeles,2024-04-26,0.442,6.85
4,Los_Angeles,2024-04-27,0.4134,6.83
4,Los_Angeles,2024-04-28,0.3892,13.51
4,Los_Angeles,2024-04-29,0.4482,9.01
4,Los_Angeles,2024-04-30,0.475,1.2
4,Los_Angeles,2024-05-01,0.4352,0.77
4,Los_Angeles,2024-05-02,0.4069,0.72
4,Los_Angeles,2024-05-03,0.4568,9.91
4,Los_Angeles,2024-05-04,0.4743,11.7
4,Los_Angeles,2024-05-05,0.4141,8.28
4,Los_Angeles,2024-05-06,0.3808,0.4
4,Los_Angeles,2024-05-07,0.3911,1.75
4,Los_Angeles,2024-05-08,0.4256,8.81
4,Los_Angeles,2024-05-09,0.4438,10.71
4,Los_Angeles,2024-05-10,0.3896,2.37
4,Los_Angeles,2024-05-11,0.4157,7.67
4,Los_Angeles,2024-05-12,0.4704,4.78
4,Los_Angeles,2024-05-13,0.481,1.44
4,Los_Angeles,2024-05-14,0.4367,0.31
4,Los_Angeles,2024-05-15,0.5077,7.82
4,Los_Angeles,2024-05-16,0.5636,0.98
4,Los_Angeles,2024-05-17,0.5226,0.51
4,Los_Angeles,2024-05-18,0.5246,6.27
4,Los_Angeles,2024-05-19,0.449,6.85
4,Los_Angeles,2024-05-20,0.5139,7.57
4,Los_Angeles,2024-05-21,0.4761,5.23
4,Los_Angeles,2024-05-22,0.4124,3.16
4,Los_Angeles,2024-05-23,0.3302,0.77
4,Los_Angeles,2024-05-24,0.4481,22.69
4,Los_Angeles,2024-05-25,0.4191,1.15
4,Los_Angeles,2024-05-26,0.6118,18.81
4,Los_Angeles,2024-05-27,0.7166,13.3
4,Los_Angeles,2024-05-28,0.7615,2.7
4,Los_Angeles,2024-05-29,0.6004,24.72
4,Los_Angeles,2024-05-30,0.5736,12.12
4,Los_Angeles,2024-05-31,0.462,5.39
4,Los_Angeles,2024-06-01,0.4878,0.72
4,Los_Angeles,2024-06-02,0.4788,12.2
4,Los_Angeles,2024-06-03,0.6034,6.36
4,Los_Angeles,2024-06-04,0.5209,1.53
4,Los_Angeles,2024-06-05,0.5394,0.55
4,Los_Angeles,2024-06-06,0.5298,18.64
4,Los_Angeles,2024-06-07,0.5474,0.08
4,Los_Angeles,2024-06-08,0.5818,12.91
4,Los_Angeles,2024-06-09,0.5941,6.51
4,Los_Angeles,2024-06-10,0.668,12.09
4,Los_Angeles,2024-06-11,0.6732,3.18
4,Los_Angeles,2024-06-12,0.6675,24.9
4,Los_Angeles,2024-06-13,0.5955,0.29
4,Los_Angeles,2024-06-14,0.5884,17.66
4,Los_Angeles,2024-06-15,0.5082,0.75
4,Los_Angeles,2024-06-16,0.4821,4.95
4,Los_Angeles,2024-06-17,0.5439,4.37
4,Los_Angeles,2024-06-18,0.4456,4.38
4,Los_Angeles,2024-06-19,0.4926,7.11
4,Los_Angeles,2024-06-20,0.4705,2.6
4,Los_Angeles,2024-06-21,0.4884,0.69
4,Los_Angeles,2024-06-22,0.4815,5.04
4,Los_Angeles,2024-06-23,0.4871,5.79
4,Los_Angeles,2024-06-24,0.3748,5.84
4,Los_Angeles,2024-06-25,0.3766,1.55
4,Los_Angeles,2024-06-26,0.3424,0.14
4,Los_Angeles,2024-06-27,0.3384,1.31
4,Los_Angeles,2024-06-28,0.4264,0.22
4,Los_Angeles,2024-06-29,0.3982,13.52
4,Los_Angeles,2024-06-30,0.3569,5.09
4,Los_Angeles,2024-07-01,0.4257,2.12
4,Los_Angeles,2024-07-02,0.3566,1.83
4,Los_Angeles,2024-07-03,0.4383,3.46
4,Los_Angeles,2024-07-04,0.5551,4.46
4,Los_Angeles,2024-07-05,0.4884,4.58
4,Los_Angeles,2024-07-06,0.52,1.64
4,Los_Angeles,2024-07-07,0.6002,3.84
4,Los_Angeles,2024-07-08,0.5927,7.85
4,Los_Angeles,2024-07-09,0.5391,3.43
4,Los_Angeles,2024-07-10,0.491,2.03
4,Los_Angeles,2024-07-11,0.5591,20.0
4,Los_Angeles,2024-07-12,0.6546,1.07
4,Los_Angeles,2024-07-13,0.6133,3.17
4,Los_Angeles,2024-07-14,0.6837,26.89
4,Los_Angeles,2024-07-15,0.6222,20.81
4,Los_Angeles,2024-07-16,0.631,7.0
4,Los_Angeles,2024-07-17,0.5562,2.22
4,Los_Angeles,2024-07-18,0.5522,0.63
4,Los_Angeles,2024-07-19,0.5476,7.32
4,Los_Angeles,2024-07-20,0.4719,1.6
4,Los_Angeles,2024-07-21,0.4881,1.61
4,Los_Angeles,2024-07-22,0.4496,3.64
4,Los_Angeles,2024-07-23,0.4916,0.3
4,Los_Angeles,2024-07-24,0.5295,3.17
4,Los_Angeles,2024-07-25,0.5256,11.2
4,Los_Angeles,2024-07-26,0.5271,2.04
4,Los_Angeles,2024-07-27,0.5602,7.47
4,Los_Angeles,2024-07-28,0.5947,4.38
4,Los_Angeles,2024-07-29,0.587,6.27
4,Los_Angeles,2024-07-30,0.58,4.63
4,Los_Angeles,2024-07-31,0.5389,9.33
4,Los_Angeles,2024-08-01,0.5547,0.51
4,Los_Angeles,2024-08-02,0.5267,7.67
4,Los_Angeles,2024-08-03,0.5287,7.15
4,Los_Angeles,2024-08-04,0.5118,4.58
4,Los_Angeles,2024-08-05,0.5966,2.12
4,Los_Angeles,2024-08-06,0.5452,1.23
4,Los_Angeles,2024-08-07,0.5489,11.5
4,Los_Angeles,2024-08-08,0.5104,6.49
4,Los_Angeles,2024-08-09,0.4402,2.38
4,Los_Angeles,2024-08-10,0.4249,2.42
4,Los_Angeles,2024-08-11,0.4646,2.33
4,Los_Angeles,2024-08-12,0.5414,8.99
4,Los_Angeles,2024-08-13,0.492,9.9
4,Los_Angeles,2024-08-14,0.5448,1.73
4,Los_Angeles,2024-08-15,0.6086,29.22
4,Los_Angeles,2024-08-16,0.5628,1.59
4,Los_Angeles,2024-08-17,0.5561,5.08
4,Los_Angeles,2024-08-18,0.6061,1.14
4,Los_Angeles,2024-08-19,0.7043,5.77
4,Los_Angeles,2024-08-20,0.6853,0.95
4,Los_Angeles,2024-08-21,0.7226,27.11
4,Los_Angeles,2024-08-22,0.767,22.97
4,Los_Angeles,2024-08-23,0.7921,4.68
4,Los_Angeles,2024-08-24,0.7334,20.21
4,Los_Angeles,2024-08-25,0.7205,5.13
4,Los_Angeles,2024-08-26,0.6866,9.23
4,Los_Angeles,2024-08-27,0.62,17.93
4,Los_Angeles,2024-08-28,0.5062,0.51
4,Los_Angeles,2024-08-29,0.5509,6.56
4,Los_Angeles,2024-08-30,0.6312,7.61
4,Los_Angeles,2024-08-31,0.495,0.79
4,Los_Angeles,2024-09-01,0.46,7.65
4,Los_Angeles,2024-09-02,0.4612,3.5
4,Los_Angeles,2024-09-03,0.4895,35.02
4,Los_Angeles,2024-09-04,0.483,1.37
4,Los_Angeles,2024-09-05,0.5167,6.66
4,Los_Angeles,2024-09-06,0.539,9.25
4,Los_Angeles,2024-09-07,0.5432,9.54
4,Los_Angeles,2024-09-08,0.5335,1.43
4,Los_Angeles,2024-09-09,0.6326,14.21
4,Los_Angeles,2024-09-10,0.5504,0.66
4,Los_Angeles,2024-09-11,0.492,0.06
4,Los_Angeles,2024-09-12,0.4335,7.88
4,Los_Angeles,2024-09-13,0.4908,11.2
4,Los_Angeles,2024-09-14,0.3869,9.82
4,Los_Angeles,2024-09-15,0.2772,2.71
4,Los_Angeles,2024-09-16,0.3778,1.99
4,Los_Angeles,2024-09-17,0.3024,4.67
4,Los_Angeles,2024-09-18,0.265,0.18
4,Los_Angeles,2024-09-19,0.2042,3.68
4,Los_Angeles,2024-09-20,0.2194,0.32
4,Los_Angeles,2024-09-21,0.4215,4.95
4,Los_Angeles,2024-09-22,0.4035,2.5
4,Los_Angeles,2024-09-23,0.4465,14.15
4,Los_Angeles,2024-09-24,0.3847,9.96
4,Los_Angeles,2024-09-25,0.3843,1.63
4,Los_Angeles,2024-09-26,0.4494,1.41
4,Los_Angeles,2024-09-27,0.4845,4.46
4,Los_Angeles,2024-09-28,0.5994,3.92
4,Los_Angeles,2024-09-29,0.534,0.5
4,Los_Angeles,2024-09-30,0.4339,7.98
4,Los_Angeles,2024-10-01,0.4588,13.8
4,Los_Angeles,2024-10-02,0.4817,7.77
4,Los_Angeles,2024-10-03,0.4807,1.23
4,Los_Angeles,2024-10-04,0.4239,5.21
4,Los_Angeles,2024-10-05,0.3929,5.97
4,Los_Angeles,2024-10-06,0.4105,0.97
4,Los_Angeles,2024-10-07,0.469,13.53
4,Los_Angeles,2024-10-08,0.5058,1.24
4,Los_Angeles,2024-10-09,0.4385,3.8
4,Los_Angeles,2024-10-10,0.3249,6.93
4,Los_Angeles,2024-10-11,0.3579,5.07
4,Los_Angeles,2024-10-12,0.4052,0.81
4,Los_Angeles,2024-10-13,0.3301,2.47
4,Los_Angeles,2024-10-14,0.4785,2.02
4,Los_Angeles,2024-10-15,0.4533,6.47
4,Los_Angeles,2024-10-16,0.5198,0.03
4,Los_Angeles,2024-10-17,0.6166,16.45
4,Los_Angeles,2024-10-18,0.5275,15.34
4,Los_Angeles,2024-10-19,0.5463,15.8
4,Los_Angeles,2024-10-20,0.6423,12.12
4,Los_Angeles,2024-10-21,0.6309,2.53
4,Los_Angeles,2024-10-22,0.7252,9.84
4,Los_Angeles,2024-10-23,0.7506,4.16
4,Los_Angeles,2024-10-24,0.6936,20.2
4,Los_Angeles,2024-10-25,0.691,3.66
4,Los_Angeles,2024-10-26,0.5663,18.66
4,Los_Angeles,2024-10-27,0.5103,0.3
4,Los_Angeles,2024-10-28,0.5819,1.12
4,Los_Angeles,2024-10-29,0.5484,3.43
4,Los_Angeles,2024-10-30,0.5562,8.37
4,Los_Angeles,2024-10-31,0.6116,12.59
4,Los_Angeles,2024-11-01,0.6881,8.18
4,Los_Angeles,2024-11-02,0.6819,0.83
4,Los_Angeles,2024-11-03,0.6196,3.36
4,Los_Angeles,2024-11-04,0.6489,4.97
4,Los_Angeles,2024-11-05,0.638,18.63
4,Los_Angeles,2024-11-06,0.5759,0.85
4,Los_Angeles,2024-11-07,0.5823,2.19
4,Los_Angeles,2024-11-08,0.5467,15.18
4,Los_Angeles,2024-11-09,0.5329,4.17
4,Los_Angeles,2024-11-10,0.4862,1.46
4,Los_Angeles,2024-11-11,0.4924,11.09
4,Los_Angeles,2024-11-12,0.5412,17.89
4,Los_Angeles,2024-11-13,0.5837,2.54
4,Los_Angeles,2024-11-14,0.5564,1.63
4,Los_Angeles,2024-11-15,0.6482,7.9
4,Los_Angeles,2024-11-16,0.6679,8.4
4,Los_Angeles,2024-11-17,0.6763,5.35
4,Los_Angeles,2024-11-18,0.6837,3.38
4,Los_Angeles,2024-11-19,0.6946,1.96
4,Los_Angeles,2024-11-20,0.6383,11.38
4,Los_Angeles,2024-11-21,0.6283,38.0
4,Los_Angeles,2024-11-22,0.7103,4.93
4,Los_Angeles,2024-11-23,0.7334,8.61
4,Los_Angeles,2024-11-24,0.6634,3.6
4,Los_Angeles,2024-11-25,0.7431,13.77
4,Los_Angeles,2024-11-26,0.634,0.95
4,Los_Angeles,2024-11-27,0.6093,8.54
4,Los_Angeles,2024-11-28,0.6581,10.33
4,Los_Angeles,2024-11-29,0.6143,27.72
4,Los_Angeles,2024-11-30,0.6131,0.2
4,Los_Angeles,2024-12-01,0.6205,6.95
4,Los_Angeles,2024-12-02,0.7165,19.67
4,Los_Angeles,2024-12-03,0.6543,1.28
4,Los_Angeles,2024-12-04,0.6794,6.96
4,Los_Angeles,2024-12-05,0.6091,3.03
4,Los_Angeles,2024-12-06,0.5977,25.85
4,Los_Angeles,2024-12-07,0.5794,3.83
4,Los_Angeles,2024-12-08,0.5557,7.33
4,Los_Angeles,2024-12-09,0.6405,1.79
4,Los_Angeles,2024-12-10,0.7625,16.02
4,Los_Angeles,2024-12-11,0.7242,7.81
4,Los_Angeles,2024-12-12,0.6924,11.39
4,Los_Angeles,2024-12-13,0.795,46.46
4,Los_Angeles,2024-12-14,0.8974,29.46
4,Los_Angeles,2024-12-15,0.834,17.4
4,Los_Angeles,2024-12-16,0.8464,23.9
4,Los_Angeles,2024-12-17,0.7178,26.73
4,Los_Angeles,2024-12-18,0.6392,58.54
4,Los_Angeles,2024-12-19,0.5182,4.35
4,Los_Angeles,2024-12-20,0.5209,0.05
4,Los_Angeles,2024-12-21,0.6122,11.31
4,Los_Angeles,2024-12-22,0.54,3.76
4,Los_Angeles,2024-12-23,0.5303,8.11
4,Los_Angeles,2024-12-24,0.5482,1.98
4,Los_Angeles,2024-12-25,0.4411,26.31
4,Los_Angeles,2024-12-26,0.4611,0.49
4,Los_Angeles,2024-12-27,0.3388,0.92
4,Los_Angeles,2024-12-28,0.3354,2.44
4,Los_Angeles,2024-12-29,0.2545,0.11
4,Los_Angeles,2024-12-30,0.2732,2.51
4,Los_Angeles,2024-12-31,0.2864,1.64
4,Los_Angeles,2025-01-01,0.2984,2.27
4,Los_Angeles,2025-01-02,0.304,4.14
4,Los_Angeles,2025-01-03,0.4855,0.56
4,Los_Angeles,2025-01-04,0.5239,3.23
4,Los_Angeles,2025-01-05,0.4136,0.54
4,Los_Angeles,2025-01-06,0.3738,0.77
4,Los_Angeles,2025-01-07,0.4627,3.69
4,Los_Angeles,2025-01-08,0.4607,2.79
4,Los_Angeles,2025-01-09,0.5348,7.11
4,Los_Angeles,2025-01-10,0.6159,3.46
4,Los_Angeles,2025-01-11,0.5787,1.18
4,Los_Angeles,2025-01-12,0.5721,3.93
4,Los_Angeles,2025-01-13,0.5616,8.73
4,Los_Angeles,2025-01-14,0.6047,1.12
4,Los_Angeles,2025-01-15,0.5935,2.61
4,Los_Angeles,2025-01-16,0.6491,2.82
4,Los_Angeles,2025-01-17,0.6139,13.75
4,Los_Angeles,2025-01-18,0.5774,10.34
4,Los_Angeles,2025-01-19,0.5286,15.18
4,Los_Angeles,2025-01-20,0.6489,12.1
4,Los_Angeles,2025-01-21,0.622,3.39
4,Los_Angeles,2025-01-22,0.594,24.68
4,Los_Angeles,2025-01-23,0.5642,2.6
4,Los_Angeles,2025-01-24,0.65,6.2
4,Los_Angeles,2025-01-25,0.8038,25.69
4,Los_Angeles,2025-01-26,0.9109,19.8
4,Los_Angeles,2025-01-27,0.9373,17.6
4,Los_Angeles,2025-01-28,0.8206,20.35
4,Los_Angeles,2025-01-29,0.7399,22.93
4,Los_Angeles,2025-01-30,0.7219,12.96
4,Los_Angeles,2025-01-31,0.5788,5.63
4,Los_Angeles,2025-02-01,0.5232,12.06
4,Los_Angeles,2025-02-02,0.5657,6.08
4,Los_Angeles,2025-02-03,0.4945,14.81
4,Los_Angeles,2025-02-04,0.5198,0.55
4,Los_Angeles,2025-02-05,0.4771,1.87
4,Los_Angeles,2025-02-06,0.4342,6.23
4,Los_Angeles,2025-02-07,0.5,0.5
4,Los_Angeles,2025-02-08,0.5875,0.2
4,Los_Angeles,2025-02-09,0.5655,0.03
4,Los_Angeles,2025-02-10,0.6729,6.23
4,Los_Angeles,2025-02-11,0.6649,4.26
4,Los_Angeles,2025-02-12,0.5699,2.22
4,Los_Angeles,2025-02-13,0.6204,4.53
4,Los_Angeles,2025-02-14,0.7074,2.18
4,Los_Angeles,2025-02-15,0.6991,6.48
4,Los_Angeles,2025-02-16,0.5914,6.26
4,Los_Angeles,2025-02-17,0.5245,0.07
4,Los_Angeles,2025-02-18,0.5427,3.94
4,Los_Angeles,2025-02-19,0.5586,24.18
4,Los_Angeles,2025-02-20,0.5868,3.54
4,Los_Angeles,2025-02-21,0.4681,5.98
4,Los_Angeles,2025-02-22,0.4128,0.97
4,Los_Angeles,2025-02-23,0.3817,8.72
4,Los_Angeles,2025-02-24,0.4932,0.43
4,Los_Angeles,2025-02-25,0.4881,3.52
4,Los_Angeles,2025-02-26,0.5506,6.12
4,Los_Angeles,2025-02-27,0.4782,5.7
4,Los_Angeles,2025-02-28,0.3927,2.17
4,Los_Angeles,2025-03-01,0.4491,7.08
4,Los_Angeles,2025-03-02,0.4349,3.24
4,Los_Angeles,2025-03-03,0.4787,5.49
4,Los_Angeles,2025-03-04,0.3996,4.05
4,Los_Angeles,2025-03-05,0.4128,1.39
4,Los_Angeles,2025-03-06,0.4288,19.89
4,Los_Angeles,2025-03-07,0.4615,2.34
4,Los_Angeles,2025-03-08,0.4992,4.77
4,Los_Angeles,2025-03-09,0.5394,1.55
4,Los_Angeles,2025-03-10,0.6433,4.41
4,Los_Angeles,2025-03-11,0.6234,18.72
4,Los_Angeles,2025-03-12,0.703,4.29
4,Los_Angeles,2025-03-13,0.5948,2.45
4,Los_Angeles,2025-03-14,0.6626,5.99
4,Los_Angeles,2025-03-15,0.6387,20.94
4,Los_Angeles,2025-03-16,0.6087,7.02
4,Los_Angeles,2025-03-17,0.602,6.43
4,Los_Angeles,2025-03-18,0.6157,25.79
4,Los_Angeles,2025-03-19,0.7063,8.22
4,Los_Angeles,2025-03-20,0.7538,46.78
4,Los_Angeles,2025-03-21,0.8007,8.36
4,Los_Angeles,2025-03-22,0.7495,10.57
4,Los_Angeles,2025-03-23,0.811,24.92
4,Los_Angeles,2025-03-24,0.8321,2.0
4,Los_Angeles,2025-03-25,0.7226,1.87
4,Los_Angeles,2025-03-26,0.6401,16.26
4,Los_Angeles,2025-03-27,0.7136,7.59
4,Los_Angeles,2025-03-28,0.7787,15.95
4,Los_Angeles,2025-03-29,0.8143,15.5
4,Los_Angeles,2025-03-30,0.7791,16.15
4,Los_Angeles,2025-03-31,0.7275,6.52
4,Los_Angeles,2025-04-01,0.5872,6.58
4,Los_Angeles,2025-04-02,0.5197,2.74
4,Los_Angeles,2025-04-03,0.4221,5.56
4,Los_Angeles,2025-04-04,0.594,12.34
4,Los_Angeles,2025-04-05,0.5423,7.76
4,Los_Angeles,2025-04-06,0.4968,1.23
4,Los_Angeles,2025-04-07,0.4963,5.76
4,Los_Angeles,2025-04-08,0.3849,0.67
4,Los_Angeles,2025-04-09,0.2821,8.4
4,Los_Angeles,2025-04-10,0.3982,2.86
4,Los_Angeles,2025-04-11,0.5407,4.93
4,Los_Angeles,2025-04-12,0.6003,6.06
4,Los_Angeles,2025-04-13,0.6122,16.75
4,Los_Angeles,2025-04-14,0.559,1.91
4,Los_Angeles,2025-04-15,0.6224,22.31
4,Los_Angeles,2025-04-16,0.6013,0.99
4,Los_Angeles,2025-04-17,0.6146,1.48
4,Los_Angeles,2025-04-18,0.6419,13.23
4,Los_Angeles,2025-04-19,0.6648,6.56
4,Los_Angeles,2025-04-20,0.6967,7.41
4,Los_Angeles,2025-04-21,0.6977,15.0
4,Los_Angeles,2025-04-22,0.7299,21.05
4,Los_Angeles,2025-04-23,0.678,11.91
4,Los_Angeles,2025-04-24,0.7107,4.32
4,Los_Angeles,2025-04-25,0.771,3.58
4,Los_Angeles,2025-04-26,0.6303,3.31
4,Los_Angeles,2025-04-27,0.6102,2.39
4,Los_Angeles,2025-04-28,0.5009,8.41
4,Los_Angeles,2025-04-29,0.4018,5.99
4,Los_Angeles,2025-04-30,0.4107,4.27
4,Los_Angeles,2025-05-01,0.4064,9.69
4,Los_Angeles,2025-05-02,0.4253,2.37
4,Los_Angeles,2025-05-03,0.467,6.44
4,Los_Angeles,2025-05-04,0.4417,2.13
4,Los_Angeles,2025-05-05,0.4119,1.82
4,Los_Angeles,2025-05-06,0.3236,1.38
4,Los_Angeles,2025-05-07,0.2383,0.45
4,Los_Angeles,2025-05-08,0.2103,1.06
4,Los_Angeles,2025-05-09,0.2236,1.77
4,Los_Angeles,2025-05-10,0.335,0.11
4,Los_Angeles,2025-05-11,0.3583,14.07
4,Los_Angeles,2025-05-12,0.3474,0.7
4,Los_Angeles,2025-05-13,0.4094,3.57
4,Los_Angeles,2025-05-14,0.4617,0.39
4,Los_Angeles,2025-05-15,0.4335,7.22
4,Los_Angeles,2025-05-16,0.5416,3.79
4,Los_Angeles,2025-05-17,0.5922,1.33
4,Los_Angeles,2025-05-18,0.5558,24.03
4,Los_Angeles,2025-05-19,0.5797,17.52
4,Los_Angeles,2025-05-20,0.5426,5.46
4,Los_Angeles,2025-05-21,0.5635,11.24
4,Los_Angeles,2025-05-22,0.4114,4.41
4,Los_Angeles,2025-05-23,0.5023,1.25
4,Los_Angeles,2025-05-24,0.4096,7.08
4,Los_Angeles,2025-05-25,0.375,10.33
4,Los_Angeles,2025-05-26,0.5494,23.47
4,Los_Angeles,2025-05-27,0.5178,9.26
4,Los_Angeles,2025-05-28,0.5313,0.92
4,Los_Angeles,2025-05-29,0.5476,6.83
4,Los_Angeles,2025-05-30,0.5885,0.9
4,Los_Angeles,2025-05-31,0.5474,17.78
4,Los_Angeles,2025-06-01,0.5637,1.7
4,Los_Angeles,2025-06-02,0.5871,4.21
4,Los_Angeles,2025-06-03,0.4674,2.22
4,Los_Angeles,2025-06-04,0.3968,4.73
4,Los_Angeles,2025-06-05,0.3946,0.02
4,Los_Angeles,2025-06-06,0.4637,1.84
4,Los_Angeles,2025-06-07,0.4955,2.87
4,Los_Angeles,2025-06-08,0.5022,7.25
4,Los_Angeles,2025-06-09,0.5372,0.16
4,Los_Angeles,2025-06-10,0.5199,0.89
4,Los_Angeles,2025-06-11,0.5321,2.5
4,Los_Angeles,2025-06-12,0.4649,4.02
4,Los_Angeles,2025-06-13,0.4962,5.2
4,Los_Angeles,2025-06-14,0.5448,1.74
4,Los_Angeles,2025-06-15,0.5403,15.26
4,Los_Angeles,2025-06-16,0.5106,6.56
4,Los_Angeles,2025-06-17,0.4435,10.49
4,Los_Angeles,2025-06-18,0.5216,0.54
4,Los_Angeles,2025-06-19,0.5046,0.42
4,Los_Angeles,2025-06-20,0.4411,0.51
4,Los_Angeles,2025-06-21,0.3813,1.07
4,Los_Angeles,2025-06-22,0.2883,4.05
4,Los_Angeles,2025-06-23,0.2484,1.51
4,Los_Angeles,2025-06-24,0.2892,7.86
4,Los_Angeles,2025-06-25,0.2724,3.38
4,Los_Angeles,2025-06-26,0.219,2.1
4,Los_Angeles,2025-06-27,0.3498,0.1
4,Los_Angeles,2025-06-28,0.3434,3.42
4,Los_Angeles,2025-06-29,0.3565,2.49
4,Los_Angeles,2025-06-30,0.4509,5.22
4,Los_Angeles,2025-07-01,0.3595,1.94
4,Los_Angeles,2025-07-02,0.2918,0.5
4,Los_Angeles,2025-07-03,0.3109,0.48
4,Los_Angeles,2025-07-04,0.1564,2.81
4,Los_Angeles,2025-07-05,0.3124,3.03
4,Los_Angeles,2025-07-06,0.3505,0.39
4,Los_Angeles,2025-07-07,0.3941,4.43
4,Los_Angeles,2025-07-08,0.428,2.92
4,Los_Angeles,2025-07-09,0.4686,5.19
4,Los_Angeles,2025-07-10,0.4849,0.71
4,Los_Angeles,2025-07-11,0.5585,1.54
4,Los_Angeles,2025-07-12,0.6142,24.38
4,Los_Angeles,2025-07-13,0.6976,9.68
4,Los_Angeles,2025-07-14,0.6563,9.13
4,Los_Angeles,2025-07-15,0.5553,32.02
4,Los_Angeles,2025-07-16,0.4663,0.68
4,Los_Angeles,2025-07-17,0.4755,11.52
4,Los_Angeles,2025-07-18,0.391,2.09
4,Los_Angeles,2025-07-19,0.3125,2.52
4,Los_Angeles,2025-07-20,0.3593,4.97
4,Los_Angeles,2025-07-21,0.3797,3.09
4,Los_Angeles,2025-07-22,0.378,2.4
4,Los_Angeles,2025-07-23,0.4812,3.63
4,Los_Angeles,2025-07-24,0.5366,4.87
4,Los_Angeles,2025-07-25,0.569,7.47
4,Los_Angeles,2025-07-26,0.4901,11.03
4,Los_Angeles,2025-07-27,0.472,2.82
4,Los_Angeles,2025-07-28,0.4549,0.61
4,Los_Angeles,2025-07-29,0.4361,6.14
4,Los_Angeles,2025-07-30,0.3799,4.53
4,Los_Angeles,2025-07-31,0.3906,4.32
4,Los_Angeles,2025-08-01,0.4061,0.51
4,Los_Angeles,2025-08-02,0.3527,11.35
4,Los_Angeles,2025-08-03,0.2858,0.97
4,Los_Angeles,2025-08-04,0.4395,0.66
4,Los_Angeles,2025-08-05,0.3945,7.24
4,Los_Angeles,2025-08-06,0.4609,0.8
4,Los_Angeles,2025-08-07,0.4486,0.25
4,Los_Angeles,2025-08-08,0.4808,1.2
4,Los_Angeles,2025-08-09,0.4799,8.45
4,Los_Angeles,2025-08-10,0.4548,1.36
4,Los_Angeles,2025-08-11,0.4898,5.86
4,Los_Angeles,2025-08-12,0.5141,1.51
4,Los_Angeles,2025-08-13,0.4259,0.2
4,Los_Angeles,2025-08-14,0.4135,2.85
4,Los_Angeles,2025-08-15,0.4456,14.17
4,Los_Angeles,2025-08-16,0.4816,8.01
4,Los_Angeles,2025-08-17,0.4488,5.4
4,Los_Angeles,2025-08-18,0.4726,0.42
4,Los_Angeles,2025-08-19,0.5127,2.27
4,Los_Angeles,2025-08-20,0.404,5.52
4,Los_Angeles,2025-08-21,0.4728,4.9
4,Los_Angeles,2025-08-22,0.4449,0.21
4,Los_Angeles,2025-08-23,0.5048,1.02
4,Los_Angeles,2025-08-24,0.5696,10.17
4,Los_Angeles,2025-08-25,0.5701,1.62
4,Los_Angeles,2025-08-26,0.6118,10.17
4,Los_Angeles,2025-08-27,0.5666,4.19
4,Los_Angeles,2025-08-28,0.5054,18.42
4,Los_Angeles,2025-08-29,0.5482,3.27
4,Los_Angeles,2025-08-30,0.5852,2.09
4,Los_Angeles,2025-08-31,0.5075,8.03
4,Los_Angeles,2025-09-01,0.4325,2.75
4,Los_Angeles,2025-09-02,0.4433,6.97
4,Los_Angeles,2025-09-03,0.5392,1.8
4,Los_Angeles,2025-09-04,0.5238,1.72
4,Los_Angeles,2025-09-05,0.6192,1.85
4,Los_Angeles,2025-09-06,0.6617,15.33
4,Los_Angeles,2025-09-07,0.6867,18.72
4,Los_Angeles,2025-09-08,0.6856,0.95
4,Los_Angeles,2025-09-09,0.6153,23.55
4,Los_Angeles,2025-09-10,0.601,3.33
4,Los_Angeles,2025-09-11,0.5108,12.01
4,Los_Angeles,2025-09-12,0.5811,3.51
4,Los_Angeles,2025-09-13,0.5389,5.57
4,Los_Angeles,2025-09-14,0.5163,2.25
4,Los_Angeles,2025-09-15,0.5344,3.84
4,Los_Angeles,2025-09-16,0.475,3.25
4,Los_Angeles,2025-09-17,0.4369,5.9
4,Los_Angeles,2025-09-18,0.4586,1.11
4,Los_Angeles,2025-09-19,0.4167,6.83
4,Los_Angeles,2025-09-20,0.3522,4.56
4,Los_Angeles,2025-09-21,0.3095,0.01
4,Los_Angeles,2025-09-22,0.3676,5.24
4,Los_Angeles,2025-09-23,0.2781,3.97
4,Los_Angeles,2025-09-24,0.253,0.62
4,Los_Angeles,2025-09-25,0.1347,1.96
4,Los_Angeles,2025-09-26,0.1033,0.23
4,Los_Angeles,2025-09-27,0.1172,2.76
4,Los_Angeles,2025-09-28,0.1732,2.31
4,Los_Angeles,2025-09-29,0.2495,0.55
4,Los_Angeles,2025-09-30,0.27,0.95
4,Los_Angeles,2025-10-01,0.255,0.08
4,Los_Angeles,2025-10-02,0.3472,1.07
4,Los_Angeles,2025-10-03,0.3588,3.21
4,Los_Angeles,2025-10-04,0.2797,0.3
4,Los_Angeles,2025-10-05,0.3809,1.97
4,Los_Angeles,2025-10-06,0.3736,0.21
4,Los_Angeles,2025-10-07,0.3634,10.05
4,Los_Angeles,2025-10-08,0.4302,1.17
4,Los_Angeles,2025-10-09,0.3911,3.01
4,Los_Angeles,2025-10-10,0.4929,2.71
4,Los_Angeles,2025-10-11,0.493,1.78
4,Los_Angeles,2025-10-12,0.5165,3.13
4,Los_Angeles,2025-10-13,0.5607,14.77
4,Los_Angeles,2025-10-14,0.5303,10.93
4,Los_Angeles,2025-10-15,0.6125,14.58
4,Los_Angeles,2025-10-16,0.6367,8.28
4,Los_Angeles,2025-10-17,0.5377,5.08
4,Los_Angeles,2025-10-18,0.498,6.71
4,Los_Angeles,2025-10-19,0.5374,1.76
4,Los_Angeles,2025-10-20,0.4228,7.09
4,Los_Angeles,2025-10-21,0.3747,3.87
4,Los_Angeles,2025-10-22,0.4461,1.06
4,Los_Angeles,2025-10-23,0.4639,3.64
4,Los_Angeles,2025-10-24,0.4589,0.0
4,Los_Angeles,2025-10-25,0.4991,3.5
4,Los_Angeles,2025-10-26,0.6221,0.47
4,Los_Angeles,2025-10-27,0.5838,2.7
4,Los_Angeles,2025-10-28,0.4926,0.24
4,Los_Angeles,2025-10-29,0.5895,2.27
4,Los_Angeles,2025-10-30,0.6321,15.5
4,Los_Angeles,2025-10-31,0.6217,0.2
4,Los_Angeles,2025-11-01,0.6033,0.08
4,Los_Angeles,2025-11-02,0.6345,8.01
4,Los_Angeles,2025-11-03,0.702,22.75
4,Los_Angeles,2025-11-04,0.7254,9.9
4,Los_Angeles,2025-11-05,0.6421,16.32
4,Los_Angeles,2025-11-06,0.6019,2.55
4,Los_Angeles,2025-11-07,0.7293,4.9
4,Los_Angeles,2025-11-08,0.7338,5.15
4,Los_Angeles,2025-11-09,0.7988,2.51
4,Los_Angeles,2025-11-10,0.8076,8.39
4,Los_Angeles,2025-11-11,0.733,14.33
4,Los_Angeles,2025-11-12,0.6409,20.78
4,Los_Angeles,2025-11-13,0.592,1.8
4,Los_Angeles,2025-11-14,0.6772,2.95
4,Los_Angeles,2025-11-15,0.6552,1.8
4,Los_Angeles,2025-11-16,0.5422,1.31
4,Los_Angeles,2025-11-17,0.5112,1.96
4,Los_Angeles,2025-11-18,0.643,14.02
4,Los_Angeles,2025-11-19,0.5682,27.68
4,Los_Angeles,2025-11-20,0.5687,11.12
4,Los_Angeles,2025-11-21,0.6369,5.42
4,Los_Angeles,2025-11-22,0.5947,9.45
4,Los_Angeles,2025-11-23,0.4336,0.08
4,Los_Angeles,2025-11-24,0.4007,1.05
4,Los_Angeles,2025-11-25,0.3484,4.83
4,Los_Angeles,2025-11-26,0.2738,2.46
4,Los_Angeles,2025-11-27,0.3794,0.88
4,Los_Angeles,2025-11-28,0.4646,27.96
4,Los_Angeles,2025-11-29,0.5361,10.59
4,Los_Angeles,2025-11-30,0.4708,1.89
4,Los_Angeles,2025-12-01,0.4929,0.11
4,Los_Angeles,2025-12-02,0.548,0.35
4,Los_Angeles,2025-12-03,0.429,1.63
4,Los_Angeles,2025-12-04,0.5409,7.79
4,Los_Angeles,2025-12-05,0.628,1.55
4,Los_Angeles,2025-12-06,0.6305,16.15
4,Los_Angeles,2025-12-07,0.5703,8.52
4,Los_Angeles,2025-12-08,0.5151,2.59
4,Los_Angeles,2025-12-09,0.5464,11.31
4,Los_Angeles,2025-12-10,0.625,37.39
4,Los_Angeles,2025-12-11,0.6251,6.16
4,Los_Angeles,2025-12-12,0.6714,3.54
4,Los_Angeles,2025-12-13,0.6839,3.03
4,Los_Angeles,2025-12-14,0.6653,1.11
4,Los_Angeles,2025-12-15,0.7085,29.14
4,Los_Angeles,2025-12-16,0.7683,9.7
4,Los_Angeles,2025-12-17,0.7633,9.09
4,Los_Angeles,2025-12-18,0.7329,24.36
4,Los_Angeles,2025-12-19,0.68,6.1
4,Los_Angeles,2025-12-20,0.701,45.31
4,Los_Angeles,2025-12-21,0.6749,8.56
4,Los_Angeles,2025-12-22,0.6929,8.93
4,Los_Angeles,2025-12-23,0.6962,5.53
4,Los_Angeles,2025-12-24,0.6672,2.33
4,Los_Angeles,2025-12-25,0.6632,2.16
4,Los_Angeles,2025-12-26,0.6782,10.32
4,Los_Angeles,2025-12-27,0.6286,10.96
4,Los_Angeles,2025-12-28,0.6593,6.12
4,Los_Angeles,2025-12-29,0.5178,2.09
4,Los_Angeles,2025-12-30,0.5438,1.7
4,Los_Angeles,2025-12-31,0.4702,7.06
5,Hamburg,2023-01-01,0.2667,0.68
5,Hamburg,2023-01-02,0.2117,2.86
5,Hamburg,2023-01-03,0.1213,1.06
5,Hamburg,2023-01-04,0.1121,0.76
5,Hamburg,2023-01-05,0.0331,0.56
5,Hamburg,2023-01-06,0.1374,0.37
5,Hamburg,2023-01-07,0.116,0.92
5,Hamburg,2023-01-08,0.1525,2.82
5,Hamburg,2023-01-09,0.2462,1.64
5,Hamburg,2023-01-10,0.2613,7.24
5,Hamburg,2023-01-11,0.3238,0.59
5,Hamburg,2023-01-12,0.3105,5.0
5,Hamburg,2023-01-13,0.3532,0.16
5,Hamburg,2023-01-14,0.334,3.05
5,Hamburg,2023-01-15,0.4037,9.97
5,Hamburg,2023-01-16,0.3687,5.93
5,Hamburg,2023-01-17,0.4006,16.24
5,Hamburg,2023-01-18,0.4983,1.16
5,Hamburg,2023-01-19,0.5206,1.93
5,Hamburg,2023-01-20,0.5058,5.27
5,Hamburg,2023-01-21,0.5188,3.83
5,Hamburg,2023-01-22,0.4708,3.14
5,Hamburg,2023-01-23,0.5732,13.22
5,Hamburg,2023-01-24,0.5854,4.72
5,Hamburg,2023-01-25,0.5786,2.94
5,Hamburg,2023-01-26,0.6475,2.91
5,Hamburg,2023-01-27,0.6577,28.07
5,Hamburg,2023-01-28,0.5447,3.12
5,Hamburg,2023-01-29,0.5366,5.11
5,Hamburg,2023-01-30,0.5491,3.43
5,Hamburg,2023-01-31,0.5351,8.53
5,Hamburg,2023-02-01,0.5543,9.53
5,Hamburg,2023-02-02,0.5832,21.02
5,Hamburg,2023-02-03,0.5317,1.94
5,Hamburg,2023-02-04,0.5226,6.22
5,Hamburg,2023-02-05,0.5016,0.63
5,Hamburg,2023-02-06,0.5477,15.19
5,Hamburg,2023-02-07,0.5605,14.96
5,Hamburg,2023-02-08,0.5427,4.88
5,Hamburg,2023-02-09,0.4581,1.45
5,Hamburg,2023-02-10,0.4811,10.91
5,Hamburg,2023-02-11,0.5469,22.46
5,Hamburg,2023-02-12,0.468,15.07
5,Hamburg,2023-02-13,0.5871,17.98
5,Hamburg,2023-02-14,0.4688,7.95
5,Hamburg,2023-02-15,0.478,9.56
5,Hamburg,2023-02-16,0.4372,20.87
5,Hamburg,2023-02-17,0.4669,0.76
5,Hamburg,2023-02-18,0.508,10.83
5,Hamburg,2023-02-19,0.5567,6.06
5,Hamburg,2023-02-20,0.66,0.04
5,Hamburg,2023-02-21,0.5411,6.86
5,Hamburg,2023-02-22,0.4766,1.38
5,Hamburg,2023-02-23,0.4382,1.57
5,Hamburg,2023-02-24,0.4235,5.2
5,Hamburg,2023-02-25,0.4513,0.7
5,Hamburg,2023-02-26,0.4979,2.28
5,Hamburg,2023-02-27,0.4198,2.76
5,Hamburg,2023-02-28,0.3568,1.51
5,Hamburg,2023-03-01,0.357,0.88
5,Hamburg,2023-03-02,0.3665,8.71
5,Hamburg,2023-03-03,0.5002,4.1
5,Hamburg,2023-03-04,0.4191,3.78
5,Hamburg,2023-03-05,0.3888,6.6
5,Hamburg,2023-03-06,0.5131,7.37
5,Hamburg,2023-03-07,0.4733,1.56
5,Hamburg,2023-03-08,0.5126,5.16
5,Hamburg,2023-03-09,0.4754,0.79
5,Hamburg,2023-03-10,0.485,12.28
5,Hamburg,2023-03-11,0.5133,1.36
5,Hamburg,2023-03-12,0.4876,9.26
5,Hamburg,2023-03-13,0.4768,14.22
5,Hamburg,2023-03-14,0.514,7.14
5,Hamburg,2023-03-15,0.4504,3.54
5,Hamburg,2023-03-16,0.4939,7.3
5,Hamburg,2023-03-17,0.4957,14.5
5,Hamburg,2023-03-18,0.4336,0.75
5,Hamburg,2023-03-19,0.4844,13.91
5,Hamburg,2023-03-20,0.492,6.17
5,Hamburg,2023-03-21,0.4733,11.59
5,Hamburg,2023-03-22,0.3498,7.38
5,Hamburg,2023-03-23,0.2896,0.31
5,Hamburg,2023-03-24,0.4064,3.24
5,Hamburg,2023-03-25,0.4212,5.0
5,Hamburg,2023-03-26,0.4917,0.73
5,Hamburg,2023-03-27,0.5192,2.61
5,Hamburg,2023-03-28,0.5138,0.09
5,Hamburg,2023-03-29,0.6043,7.74
5,Hamburg,2023-03-30,0.6097,6.94
5,Hamburg,2023-03-31,0.7177,13.65
5,Hamburg,2023-04-01,0.6566,0.63
5,Hamburg,2023-04-02,0.6153,14.03
5,Hamburg,2023-04-03,0.5878,11.19
5,Hamburg,2023-04-04,0.603,12.95
5,Hamburg,2023-04-05,0.5292,8.94
5,Hamburg,2023-04-06,0.6196,0.42
5,Hamburg,2023-04-07,0.5302,2.14
5,Hamburg,2023-04-08,0.5191,4.6
5,Hamburg,2023-04-09,0.4747,6.68
5,Hamburg,2023-04-10,0.526,11.52
5,Hamburg,2023-04-11,0.4702,1.26
5,Hamburg,2023-04-12,0.48,2.11
5,Hamburg,2023-04-13,0.4996,6.79
5,Hamburg,2023-04-14,0.5555,8.74
5,Hamburg,2023-04-15,0.6478,6.67
5,Hamburg,2023-04-16,0.6201,17.57
5,Hamburg,2023-04-17,0.6221,1.86
5,Hamburg,2023-04-18,0.5892,7.42
5,Hamburg,2023-04-19,0.4845,15.43
5,Hamburg,2023-04-20,0.5373,3.41
5,Hamburg,2023-04-21,0.4974,7.39
5,Hamburg,2023-04-22,0.5544,2.58
5,Hamburg,2023-04-23,0.4883,2.6
5,Hamburg,2023-04-24,0.4232,2.78
5,Hamburg,2023-04-25,0.2813,3.62
5,Hamburg,2023-04-26,0.3538,5.13
5,Hamburg,2023-04-27,0.4421,6.28
5,Hamburg,2023-04-28,0.4951,4.92
5,Hamburg,2023-04-29,0.4274,0.49
5,Hamburg,2023-04-30,0.3592,0.58
5,Hamburg,2023-05-01,0.3822,0.49
5,Hamburg,2023-05-02,0.4446,3.88
5,Hamburg,2023-05-03,0.4283,3.21
5,Hamburg,2023-05-04,0.3421,5.21
5,Hamburg,2023-05-05,0.3313,3.86
5,Hamburg,2023-05-06,0.3569,1.73
5,Hamburg,2023-05-07,0.4403,0.23
5,Hamburg,2023-05-08,0.5192,8.5
5,Hamburg,2023-05-09,0.4598,3.86
5,Hamburg,2023-05-10,0.4567,9.72
5,Hamburg,2023-05-11,0.5167,1.99
5,Hamburg,2023-05-12,0.5355,3.84
5,Hamburg,2023-05-13,0.4286,1.17
5,Hamburg,2023-05-14,0.3899,2.06
5,Hamburg,2023-05-15,0.2427,3.14
5,Hamburg,2023-05-16,0.286,2.66
5,Hamburg,2023-05-17,0.3846,1.44
5,Hamburg,2023-05-18,0.4812,4.68
5,Hamburg,2023-05-19,0.5037,3.91
5,Hamburg,2023-05-20,0.4443,3.5
5,Hamburg,2023-05-21,0.4322,9.09
5,Hamburg,2023-05-22,0.4834,6.29
5,Hamburg,2023-05-23,0.5542,14.28
5,Hamburg,2023-05-24,0.564,9.08
5,Hamburg,2023-05-25,0.45,5.02
5,Hamburg,2023-05-26,0.5286,5.86
5,Hamburg,2023-05-27,0.4049,0.04
5,Hamburg,2023-05-28,0.4223,1.45
5,Hamburg,2023-05-29,0.5669,6.17
5,Hamburg,2023-05-30,0.4557,3.61
5,Hamburg,2023-05-31,0.4482,7.93
5,Hamburg,2023-06-01,0.445,0.48
5,Hamburg,2023-06-02,0.4764,8.78
5,Hamburg,2023-06-03,0.5232,0.05
5,Hamburg,2023-06-04,0.4744,3.53
5,Hamburg,2023-06-05,0.5525,14.71
5,Hamburg,2023-06-06,0.5248,2.21
5,Hamburg,2023-06-07,0.5242,1.1
5,Hamburg,2023-06-08,0.4319,0.66
5,Hamburg,2023-06-09,0.5292,4.69
5,Hamburg,2023-06-10,0.5302,7.33
5,Hamburg,2023-06-11,0.5569,5.29
5,Hamburg,2023-06-12,0.6524,39.88
5,Hamburg,2023-06-13,0.6121,12.95
5,Hamburg,2023-06-14,0.5786,16.63
5,Hamburg,2023-06-15,0.457,0.31
5,Hamburg,2023-06-16,0.4978,0.88
5,Hamburg,2023-06-17,0.5753,0.74
5,Hamburg,2023-06-18,0.558,6.45
5,Hamburg,2023-06-19,0.5363,12.73
5,Hamburg,2023-06-20,0.5803,4.36
5,Hamburg,2023-06-21,0.4796,4.15
5,Hamburg,2023-06-22,0.4406,3.23
5,Hamburg,2023-06-23,0.4326,1.28
5,Hamburg,2023-06-24,0.4892,8.3
5,Hamburg,2023-06-25,0.4994,4.03
5,Hamburg,2023-06-26,0.4993,4.47
5,Hamburg,2023-06-27,0.4639,13.93
5,Hamburg,2023-06-28,0.4737,3.97
5,Hamburg,2023-06-29,0.4841,0.84
5,Hamburg,2023-06-30,0.5202,4.04
5,Hamburg,2023-07-01,0.4729,17.06
5,Hamburg,2023-07-02,0.5359,0.87
5,Hamburg,2023-07-03,0.6626,0.34
5,Hamburg,2023-07-04,0.7233,3.59
5,Hamburg,2023-07-05,0.7651,2.41
5,Hamburg,2023-07-06,0.8712,23.54
5,Hamburg,2023-07-07,0.81,30.41
5,Hamburg,2023-07-08,0.7298,9.87
5,Hamburg,2023-07-09,0.6141,14.68
5,Hamburg,2023-07-10,0.6214,0.55
5,Hamburg,2023-07-11,0.5278,8.4
5,Hamburg,2023-07-12,0.5991,0.81
5,Hamburg,2023-07-13,0.5959,1.68
5,Hamburg,2023-07-14,0.5901,3.37
5,Hamburg,2023-07-15,0.5094,1.17
5,Hamburg,2023-07-16,0.427,1.19
5,Hamburg,2023-07-17,0.4399,1.49
5,Hamburg,2023-07-18,0.54,12.69
5,Hamburg,2023-07-19,0.5994,1.22
5,Hamburg,2023-07-20,0.6285,10.09
5,Hamburg,2023-07-21,0.508,8.76
5,Hamburg,2023-07-22,0.4967,3.02
5,Hamburg,2023-07-23,0.4778,8.74
5,Hamburg,2023-07-24,0.474,0.47
5,Hamburg,2023-07-25,0.4759,2.63
5,Hamburg,2023-07-26,0.4201,3.45
5,Hamburg,2023-07-27,0.3928,2.43
5,Hamburg,2023-07-28,0.379,7.65
5,Hamburg,2023-07-29,0.3506,9.26
5,Hamburg,2023-07-30,0.166,1.61
5,Hamburg,2023-07-31,0.2459,0.0
5,Hamburg,2023-08-01,0.3094,5.69
5,Hamburg,2023-08-02,0.2794,1.5
5,Hamburg,2023-08-03,0.3684,2.33
5,Hamburg,2023-08-04,0.3573,2.3
5,Hamburg,2023-08-05,0.2965,5.99
5,Hamburg,2023-08-06,0.3793,0.77
5,Hamburg,2023-08-07,0.3974,7.03
5,Hamburg,2023-08-08,0.4191,2.03
5,Hamburg,2023-08-09,0.3363,3.43
5,Hamburg,2023-08-10,0.3417,6.56
5,Hamburg,2023-08-11,0.3667,2.76
5,Hamburg,2023-08-12,0.3552,1.93
5,Hamburg,2023-08-13,0.3462,0.56
5,Hamburg,2023-08-14,0.411,0.44
5,Hamburg,2023-08-15,0.424,0.08
5,Hamburg,2023-08-16,0.4593,2.48
5,Hamburg,2023-08-17,0.3404,4.22
5,Hamburg,2023-08-18,0.4748,6.8
5,Hamburg,2023-08-19,0.4599,15.91
5,Hamburg,2023-08-20,0.4287,0.16
5,Hamburg,2023-08-21,0.4931,14.01
5,Hamburg,2023-08-22,0.4783,2.1
5,Hamburg,2023-08-23,0.4831,11.53
5,Hamburg,2023-08-24,0.4578,10.04
5,Hamburg,2023-08-25,0.5224,6.63
5,Hamburg,2023-08-26,0.4185,16.39
5,Hamburg,2023-08-27,0.4378,3.15
5,Hamburg,2023-08-28,0.4499,1.56
5,Hamburg,2023-08-29,0.3421,0.26
5,Hamburg,2023-08-30,0.4225,10.41
5,Hamburg,2023-08-31,0.4045,6.71
5,Hamburg,2023-09-01,0.502,2.71
5,Hamburg,2023-09-02,0.5406,1.87
5,Hamburg,2023-09-03,0.4866,0.94
5,Hamburg,2023-09-04,0.5934,17.92
5,Hamburg,2023-09-05,0.5633,1.88
5,Hamburg,2023-09-06,0.5107,1.03
5,Hamburg,2023-09-07,0.4451,1.59
5,Hamburg,2023-09-08,0.4289,3.25
5,Hamburg,2023-09-09,0.4548,2.63
5,Hamburg,2023-09-10,0.4113,0.05
5,Hamburg,2023-09-11,0.4829,11.82
5,Hamburg,2023-09-12,0.4494,2.95
5,Hamburg,2023-09-13,0.5077,16.59
5,Hamburg,2023-09-14,0.479,2.96
5,Hamburg,2023-09-15,0.4955,25.56
5,Hamburg,2023-09-16,0.483,14.76
5,Hamburg,2023-09-17,0.4913,5.67
5,Hamburg,2023-09-18,0.5297,4.74
5,Hamburg,2023-09-19,0.464,0.7
5,Hamburg,2023-09-20,0.5778,16.71
5,Hamburg,2023-09-21,0.6029,6.3
5,Hamburg,2023-09-22,0.6713,8.29
5,Hamburg,2023-09-23,0.7166,11.22
5,Hamburg,2023-09-24,0.6731,47.86
5,Hamburg,2023-09-25,0.7371,19.76
5,Hamburg,2023-09-26,0.7849,0.63
5,Hamburg,2023-09-27,0.8315,21.05
5,Hamburg,2023-09-28,0.8431,13.66
5,Hamburg,2023-09-29,0.814,1.76
5,Hamburg,2023-09-30,0.8525,27.28
5,Hamburg,2023-10-01,0.7287,11.22
5,Hamburg,2023-10-02,0.6981,14.16
5,Hamburg,2023-10-03,0.5311,2.43
5,Hamburg,2023-10-04,0.5078,7.22
5,Hamburg,2023-10-05,0.4771,0.69
5,Hamburg,2023-10-06,0.4768,5.65
5,Hamburg,2023-10-07,0.4617,8.73
5,Hamburg,2023-10-08,0.3957,12.0
5,Hamburg,2023-10-09,0.4809,7.36
5,Hamburg,2023-10-10,0.4651,2.94
5,Hamburg,2023-10-11,0.445,11.35
5,Hamburg,2023-10-12,0.3664,1.4
5,Hamburg,2023-10-13,0.3464,4.27
5,Hamburg,2023-10-14,0.3038,1.46
5,Hamburg,2023-10-15,0.351,0.82
5,Hamburg,2023-10-16,0.5698,3.16
5,Hamburg,2023-10-17,0.5711,4.13
5,Hamburg,2023-10-18,0.6047,10.08
5,Hamburg,2023-10-19,0.6387,2.58
5,Hamburg,2023-10-20,0.5497,0.06
5,Hamburg,2023-10-21,0.608,0.95
5,Hamburg,2023-10-22,0.6054,0.89
5,Hamburg,2023-10-23,0.6922,33.53
5,Hamburg,2023-10-24,0.6027,3.25
5,Hamburg,2023-10-25,0.602,20.03
5,Hamburg,2023-10-26,0.6266,5.35
5,Hamburg,2023-10-27,0.6313,2.96
5,Hamburg,2023-10-28,0.5416,19.5
5,Hamburg,2023-10-29,0.4271,2.23
5,Hamburg,2023-10-30,0.5135,2.03
5,Hamburg,2023-10-31,0.5417,3.45
5,Hamburg,2023-11-01,0.4903,16.98
5,Hamburg,2023-11-02,0.5354,4.76
5,Hamburg,2023-11-03,0.5227,2.65
5,Hamburg,2023-11-04,0.4558,0.87
5,Hamburg,2023-11-05,0.4816,30.43
5,Hamburg,2023-11-06,0.4144,8.81
5,Hamburg,2023-11-07,0.432,10.62
5,Hamburg,2023-11-08,0.3335,0.21
5,Hamburg,2023-11-09,0.2784,0.15
5,Hamburg,2023-11-10,0.3068,0.79
5,Hamburg,2023-11-11,0.367,3.67
5,Hamburg,2023-11-12,0.2552,0.53
5,Hamburg,2023-11-13,0.3633,5.85
5,Hamburg,2023-11-14,0.4457,26.94
5,Hamburg,2023-11-15,0.4618,1.96
5,Hamburg,2023-11-16,0.4507,6.13
5,Hamburg,2023-11-17,0.48,1.38
5,Hamburg,2023-11-18,0.3912,1.77
5,Hamburg,2023-11-19,0.3961,3.21
5,Hamburg,2023-11-20,0.4621,13.84
5,Hamburg,2023-11-21,0.6819,31.06
5,Hamburg,2023-11-22,0.7321,10.81
5,Hamburg,2023-11-23,0.6893,15.05
5,Hamburg,2023-11-24,0.6315,9.36
5,Hamburg,2023-11-25,0.6311,35.07
5,Hamburg,2023-11-26,0.6069,0.72
5,Hamburg,2023-11-27,0.6509,2.44
5,Hamburg,2023-11-28,0.5654,2.95
5,Hamburg,2023-11-29,0.4526,2.67
5,Hamburg,2023-11-30,0.4766,13.04
5,Hamburg,2023-12-01,0.475,3.54
5,Hamburg,2023-12-02,0.4719,5.45
5,Hamburg,2023-12-03,0.4052,4.41
5,Hamburg,2023-12-04,0.5172,8.25
5,Hamburg,2023-12-05,0.433,0.51
5,Hamburg,2023-12-06,0.4865,18.76
5,Hamburg,2023-12-07,0.4791,0.42
5,Hamburg,2023-12-08,0.4923,5.01
5,Hamburg,2023-12-09,0.4981,3.61
5,Hamburg,2023-12-10,0.4803,3.08
5,Hamburg,2023-12-11,0.4989,5.69
5,Hamburg,2023-12-12,0.4919,5.07
5,Hamburg,2023-12-13,0.4578,2.43
5,Hamburg,2023-12-14,0.4762,0.9
5,Hamburg,2023-12-15,0.5813,6.86
5,Hamburg,2023-12-16,0.7183,3.65
5,Hamburg,2023-12-17,0.7473,5.97
5,Hamburg,2023-12-18,0.7932,17.4
5,Hamburg,2023-12-19,0.6284,18.13
5,Hamburg,2023-12-20,0.5989,3.63
5,Hamburg,2023-12-21,0.5413,0.78
5,Hamburg,2023-12-22,0.4696,2.88
5,Hamburg,2023-12-23,0.5302,7.61
5,Hamburg,2023-12-24,0.4223,0.77
5,Hamburg,2023-12-25,0.4174,0.77
5,Hamburg,2023-12-26,0.3176,2.31
5,Hamburg,2023-12-27,0.3263,1.04
5,Hamburg,2023-12-28,0.4105,2.17
5,Hamburg,2023-12-29,0.3731,2.97
5,Hamburg,2023-12-30,0.3516,4.24
5,Hamburg,2023-12-31,0.4127,2.46
5,Hamburg,2024-01-01,0.5339,8.88
5,Hamburg,2024-01-02,0.526,7.71
5,Hamburg,2024-01-03,0.4437,2.13
5,Hamburg,2024-01-04,0.4265,2.67
5,Hamburg,2024-01-05,0.4349,3.25
5,Hamburg,2024-01-06,0.4016,6.97
5,Hamburg,2024-01-07,0.3293,2.32
5,Hamburg,2024-01-08,0.428,24.21
5,Hamburg,2024-01-09,0.411,18.09
5,Hamburg,2024-01-10,0.3075,3.13
5,Hamburg,2024-01-11,0.3603,0.15
5,Hamburg,2024-01-12,0.5026,16.74
5,Hamburg,2024-01-13,0.5141,5.5
5,Hamburg,2024-01-14,0.4461,0.37
5,Hamburg,2024-01-15,0.6145,0.15
5,Hamburg,2024-01-16,0.5943,22.0
5,Hamburg,2024-01-17,0.6243,13.42
5,Hamburg,2024-01-18,0.5811,19.01
5,Hamburg,2024-01-19,0.5574,10.75
5,Hamburg,2024-01-20,0.5894,4.91
5,Hamburg,2024-01-21,0.5157,4.14
5,Hamburg,2024-01-22,0.5229,3.99
5,Hamburg,2024-01-23,0.5082,28.39
5,Hamburg,2024-01-24,0.5785,25.49
5,Hamburg,2024-01-25,0.4798,2.01
5,Hamburg,2024-01-26,0.571,2.4
5,Hamburg,2024-01-27,0.6041,8.97
5,Hamburg,2024-01-28,0.6219,12.31
5,Hamburg,2024-01-29,0.6844,10.9
5,Hamburg,2024-01-30,0.5897,7.97
5,Hamburg,2024-01-31,0.4898,7.91
5,Hamburg,2024-02-01,0.3772,0.19
5,Hamburg,2024-02-02,0.3936,2.08
5,Hamburg,2024-02-03,0.4197,3.72
5,Hamburg,2024-02-04,0.365,0.42
5,Hamburg,2024-02-05,0.4505,4.72
5,Hamburg,2024-02-06,0.4412,0.79
5,Hamburg,2024-02-07,0.443,1.92
5,Hamburg,2024-02-08,0.4812,2.15
5,Hamburg,2024-02-09,0.5086,0.14
5,Hamburg,2024-02-10,0.431,13.23
5,Hamburg,2024-02-11,0.5274,4.82
5,Hamburg,2024-02-12,0.5913,7.77
5,Hamburg,2024-02-13,0.508,6.31
5,Hamburg,2024-02-14,0.4887,18.1
5,Hamburg,2024-02-15,0.4948,4.8
5,Hamburg,2024-02-16,0.4483,2.75
5,Hamburg,2024-02-17,0.4959,18.66
5,Hamburg,2024-02-18,0.4238,2.79
5,Hamburg,2024-02-19,0.5695,0.05
5,Hamburg,2024-02-20,0.612,6.8
5,Hamburg,2024-02-21,0.5523,9.97
5,Hamburg,2024-02-22,0.4767,1.06
5,Hamburg,2024-02-23,0.5126,1.59
5,Hamburg,2024-02-24,0.4219,0.12
5,Hamburg,2024-02-25,0.4155,0.71
5,Hamburg,2024-02-26,0.459,7.93
5,Hamburg,2024-02-27,0.4811,17.87
5,Hamburg,2024-02-28,0.5369,12.43
5,Hamburg,2024-02-29,0.5779,11.42
5,Hamburg,2024-03-01,0.6511,6.34
5,Hamburg,2024-03-02,0.6502,2.86
5,Hamburg,2024-03-03,0.6364,8.74
5,Hamburg,2024-03-04,0.6151,8.94
5,Hamburg,2024-03-05,0.4776,0.94
5,Hamburg,2024-03-06,0.4835,4.32
5,Hamburg,2024-03-07,0.4072,2.82
5,Hamburg,2024-03-08,0.45,13.62
5,Hamburg,2024-03-09,0.3153,0.29
5,Hamburg,2024-03-10,0.2593,1.65
5,Hamburg,2024-03-11,0.2773,3.27
5,Hamburg,2024-03-12,0.4886,0.08
5,Hamburg,2024-03-13,0.44,3.5
5,Hamburg,2024-03-14,0.4157,3.45
5,Hamburg,2024-03-15,0.454,5.59
5,Hamburg,2024-03-16,0.5016,2.26
5,Hamburg,2024-03-17,0.4526,0.89
5,Hamburg,2024-03-18,0.3757,2.44
5,Hamburg,2024-03-19,0.2919,10.72
5,Hamburg,2024-03-20,0.2914,3.98
5,Hamburg,2024-03-21,0.4025,3.35
5,Hamburg,2024-03-22,0.3784,0.11
5,Hamburg,2024-03-23,0.4342,3.32
5,Hamburg,2024-03-24,0.4064,5.95
5,Hamburg,2024-03-25,0.4406,1.89
5,Hamburg,2024-03-26,0.3731,2.64
5,Hamburg,2024-03-27,0.4059,1.0
5,Hamburg,2024-03-28,0.4464,18.39
5,Hamburg,2024-03-29,0.3765,8.92
5,Hamburg,2024-03-30,0.3361,7.86
5,Hamburg,2024-03-31,0.3433,3.58
5,Hamburg,2024-04-01,0.4281,6.43
5,Hamburg,2024-04-02,0.5741,2.39
5,Hamburg,2024-04-03,0.5204,0.41
5,Hamburg,2024-04-04,0.3517,1.13
5,Hamburg,2024-04-05,0.3593,0.84
5,Hamburg,2024-04-06,0.3919,5.84
5,Hamburg,2024-04-07,0.4285,2.97
5,Hamburg,2024-04-08,0.4596,7.38
5,Hamburg,2024-04-09,0.3947,6.25
5,Hamburg,2024-04-10,0.4243,0.52
5,Hamburg,2024-04-11,0.4341,2.26
5,Hamburg,2024-04-12,0.4814,15.08
5,Hamburg,2024-04-13,0.4345,3.1
5,Hamburg,2024-04-14,0.4882,3.02
5,Hamburg,2024-04-15,0.5361,14.67
5,Hamburg,2024-04-16,0.5205,1.07
5,Hamburg,2024-04-17,0.5755,1.65
5,Hamburg,2024-04-18,0.5402,2.38
5,Hamburg,2024-04-19,0.6137,11.34
5,Hamburg,2024-04-20,0.5605,0.53
5,Hamburg,2024-04-21,0.4798,4.5
5,Hamburg,2024-04-22,0.5163,0.69
5,Hamburg,2024-04-23,0.3861,6.13
5,Hamburg,2024-04-24,0.4156,1.81
5,Hamburg,2024-04-25,0.4826,7.48
5,Hamburg,2024-04-26,0.6548,13.56
5,Hamburg,2024-04-27,0.6927,6.04
5,Hamburg,2024-04-28,0.7731,14.72
5,Hamburg,2024-04-29,0.7934,12.79
5,Hamburg,2024-04-30,0.8372,16.09
5,Hamburg,2024-05-01,0.8033,38.38
5,Hamburg,2024-05-02,0.8472,30.08
5,Hamburg,2024-05-03,0.7012,7.39
5,Hamburg,2024-05-04,0.6054,5.1
5,Hamburg,2024-05-05,0.5656,33.29
5,Hamburg,2024-05-06,0.6459,49.51
5,Hamburg,2024-05-07,0.667,1.44
5,Hamburg,2024-05-08,0.5858,2.88
5,Hamburg,2024-05-09,0.4856,8.87
5,Hamburg,2024-05-10,0.5047,8.79
5,Hamburg,2024-05-11,0.4711,8.6
5,Hamburg,2024-05-12,0.4454,0.0
5,Hamburg,2024-05-13,0.4706,8.44
5,Hamburg,2024-05-14,0.4554,3.61
5,Hamburg,2024-05-15,0.514,0.96
5,Hamburg,2024-05-16,0.5614,0.26
5,Hamburg,2024-05-17,0.5528,3.37
5,Hamburg,2024-05-18,0.5184,4.87
5,Hamburg,2024-05-19,0.5592,4.84
5,Hamburg,2024-05-20,0.6037,4.59
5,Hamburg,2024-05-21,0.6422,15.86
5,Hamburg,2024-05-22,0.6505,24.74
5,Hamburg,2024-05-23,0.6258,10.14
5,Hamburg,2024-05-24,0.6482,23.77
5,Hamburg,2024-05-25,0.5119,4.72
5,Hamburg,2024-05-26,0.4681,1.82
5,Hamburg,2024-05-27,0.5955,2.51
5,Hamburg,2024-05-28,0.6418,11.1
5,Hamburg,2024-05-29,0.6048,6.81
5,Hamburg,2024-05-30,0.5208,8.92
5,Hamburg,2024-05-31,0.583,8.35
5,Hamburg,2024-06-01,0.4522,11.25
5,Hamburg,2024-06-02,0.4819,15.32
5,Hamburg,2024-06-03,0.5223,1.58
5,Hamburg,2024-06-04,0.4984,3.62
5,Hamburg,2024-06-05,0.5573,7.64
5,Hamburg,2024-06-06,0.5999,6.1
5,Hamburg,2024-06-07,0.6594,5.97
5,Hamburg,2024-06-08,0.729,11.71
5,Hamburg,2024-06-09,0.6635,23.75
5,Hamburg,2024-06-10,0.647,5.68
5,Hamburg,2024-06-11,0.6286,6.48
5,Hamburg,2024-06-12,0.7166,5.15
5,Hamburg,2024-06-13,0.5872,4.28
5,Hamburg,2024-06-14,0.5702,9.03
5,Hamburg,2024-06-15,0.5199,4.9
5,Hamburg,2024-06-16,0.5425,1.97
5,Hamburg,2024-06-17,0.504,19.4
5,Hamburg,2024-06-18,0.5028,0.59
5,Hamburg,2024-06-19,0.6004,5.29
5,Hamburg,2024-06-20,0.5094,2.96
5,Hamburg,2024-06-21,0.4818,0.79
5,Hamburg,2024-06-22,0.4868,2.52
5,Hamburg,2024-06-23,0.5386,16.07
5,Hamburg,2024-06-24,0.5806,6.88
5,Hamburg,2024-06-25,0.6236,4.12
5,Hamburg,2024-06-26,0.6607,2.97
5,Hamburg,2024-06-27,0.5686,1.22
5,Hamburg,2024-06-28,0.5771,2.97
5,Hamburg,2024-06-29,0.4428,4.73
5,Hamburg,2024-06-30,0.4765,0.36
5,Hamburg,2024-07-01,0.6424,0.3
5,Hamburg,2024-07-02,0.5851,9.82
5,Hamburg,2024-07-03,0.5512,0.09
5,Hamburg,2024-07-04,0.4981,0.22
5,Hamburg,2024-07-05,0.613,6.58
5,Hamburg,2024-07-06,0.6333,0.07
5,Hamburg,2024-07-07,0.5947,12.13
5,Hamburg,2024-07-08,0.5362,9.96
5,Hamburg,2024-07-09,0.5103,0.63
5,Hamburg,2024-07-10,0.4405,2.22
5,Hamburg,2024-07-11,0.4366,5.98
5,Hamburg,2024-07-12,0.4781,14.05
5,Hamburg,2024-07-13,0.4243,3.77
5,Hamburg,2024-07-14,0.4052,1.11
5,Hamburg,2024-07-15,0.5108,2.38
5,Hamburg,2024-07-16,0.4669,0.21
5,Hamburg,2024-07-17,0.5611,10.15
5,Hamburg,2024-07-18,0.5803,6.88
5,Hamburg,2024-07-19,0.6168,1.44
5,Hamburg,2024-07-20,0.6266,1.42
5,Hamburg,2024-07-21,0.4731,3.81
5,Hamburg,2024-07-22,0.568,9.82
5,Hamburg,2024-07-23,0.6254,7.77
5,Hamburg,2024-07-24,0.6385,15.28
5,Hamburg,2024-07-25,0.5339,3.16
5,Hamburg,2024-07-26,0.5825,10.29
5,Hamburg,2024-07-27,0.5059,17.71
5,Hamburg,2024-07-28,0.5432,2.64
5,Hamburg,2024-07-29,0.6101,8.73
5,Hamburg,2024-07-30,0.5702,0.41
5,Hamburg,2024-07-31,0.5722,1.35
5,Hamburg,2024-08-01,0.5771,8.63
5,Hamburg,2024-08-02,0.67,39.95
5,Hamburg,2024-08-03,0.6742,0.48
5,Hamburg,2024-08-04,0.5906,14.88
5,Hamburg,2024-08-05,0.5095,7.77
5,Hamburg,2024-08-06,0.5866,4.29
5,Hamburg,2024-08-07,0.4928,4.78
5,Hamburg,2024-08-08,0.4198,2.55
5,Hamburg,2024-08-09,0.4274,14.43
5,Hamburg,2024-08-10,0.4051,21.87
5,Hamburg,2024-08-11,0.3175,11.45
5,Hamburg,2024-08-12,0.3787,2.24
5,Hamburg,2024-08-13,0.3139,0.66
5,Hamburg,2024-08-14,0.3553,6.97
5,Hamburg,2024-08-15,0.3974,14.05
5,Hamburg,2024-08-16,0.5012,5.47
5,Hamburg,2024-08-17,0.5239,1.67
5,Hamburg,2024-08-18,0.5552,6.76
5,Hamburg,2024-08-19,0.4953,0.09
5,Hamburg,2024-08-20,0.4417,10.86
5,Hamburg,2024-08-21,0.4348,6.55
5,Hamburg,2024-08-22,0.4894,2.16
5,Hamburg,2024-08-23,0.513,2.19
5,Hamburg,2024-08-24,0.4903,1.69
5,Hamburg,2024-08-25,0.5218,2.66
5,Hamburg,2024-08-26,0.4394,4.7
5,Hamburg,2024-08-27,0.3806,2.01
5,Hamburg,2024-08-28,0.4008,1.48
5,Hamburg,2024-08-29,0.41,12.75
5,Hamburg,2024-08-30,0.4744,2.5
5,Hamburg,2024-08-31,0.4886,15.38
5,Hamburg,2024-09-01,0.509,0.99
5,Hamburg,2024-09-02,0.5083,12.3
5,Hamburg,2024-09-03,0.5825,2.06
5,Hamburg,2024-09-04,0.5045,17.63
5,Hamburg,2024-09-05,0.4848,6.75
5,Hamburg,2024-09-06,0.5138,1.8
5,Hamburg,2024-09-07,0.5456,2.69
5,Hamburg,2024-09-08,0.4794,3.79
5,Hamburg,2024-09-09,0.5121,3.43
5,Hamburg,2024-09-10,0.5684,2.9
5,Hamburg,2024-09-11,0.5551,2.99
5,Hamburg,2024-09-12,0.5536,2.77
5,Hamburg,2024-09-13,0.5494,0.94
5,Hamburg,2024-09-14,0.5389,9.68
5,Hamburg,2024-09-15,0.5277,4.75
5,Hamburg,2024-09-16,0.5842,9.22
5,Hamburg,2024-09-17,0.4954,3.92
5,Hamburg,2024-09-18,0.4829,4.59
5,Hamburg,2024-09-19,0.4886,25.89
5,Hamburg,2024-09-20,0.5632,6.31
5,Hamburg,2024-09-21,0.591,16.46
5,Hamburg,2024-09-22,0.659,3.44
5,Hamburg,2024-09-23,0.6765,14.13
5,Hamburg,2024-09-24,0.5724,5.76
5,Hamburg,2024-09-25,0.5545,16.29
5,Hamburg,2024-09-26,0.446,3.88
5,Hamburg,2024-09-27,0.3801,1.72
5,Hamburg,2024-09-28,0.3515,7.61
5,Hamburg,2024-09-29,0.3786,0.85
5,Hamburg,2024-09-30,0.3641,13.49
5,Hamburg,2024-10-01,0.4554,3.15
5,Hamburg,2024-10-02,0.4693,7.29
5,Hamburg,2024-10-03,0.5426,5.09
5,Hamburg,2024-10-04,0.6671,21.14
5,Hamburg,2024-10-05,0.7014,13.77
5,Hamburg,2024-10-06,0.6436,10.83
5,Hamburg,2024-10-07,0.5986,3.44
5,Hamburg,2024-10-08,0.5251,10.06
5,Hamburg,2024-10-09,0.5256,0.96
5,Hamburg,2024-10-10,0.4912,12.24
5,Hamburg,2024-10-11,0.4553,12.67
5,Hamburg,2024-10-12,0.4914,4.13
5,Hamburg,2024-10-13,0.5182,0.09
5,Hamburg,2024-10-14,0.4959,21.5
5,Hamburg,2024-10-15,0.4581,0.07
5,Hamburg,2024-10-16,0.3699,4.05
5,Hamburg,2024-10-17,0.3857,3.04
5,Hamburg,2024-10-18,0.3972,6.79
5,Hamburg,2024-10-19,0.4635,8.92
5,Hamburg,2024-10-20,0.4619,1.58
5,Hamburg,2024-10-21,0.4554,10.7
5,Hamburg,2024-10-22,0.4564,1.48
5,Hamburg,2024-10-23,0.4383,8.65
5,Hamburg,2024-10-24,0.3943,1.62
5,Hamburg,2024-10-25,0.4221,0.38
5,Hamburg,2024-10-26,0.3458,2.93
5,Hamburg,2024-10-27,0.3667,1.88
5,Hamburg,2024-10-28,0.4296,1.01
5,Hamburg,2024-10-29,0.4956,3.33
5,Hamburg,2024-10-30,0.4995,5.85
5,Hamburg,2024-10-31,0.4336,3.96
5,Hamburg,2024-11-01,0.2808,10.32
5,Hamburg,2024-11-02,0.2345,0.14
5,Hamburg,2024-11-03,0.2793,1.69
5,Hamburg,2024-11-04,0.4128,1.15
5,Hamburg,2024-11-05,0.4229,2.61
5,Hamburg,2024-11-06,0.3767,7.5
5,Hamburg,2024-11-07,0.3999,11.07
5,Hamburg,2024-11-08,0.2909,0.27
5,Hamburg,2024-11-09,0.3125,4.69
5,Hamburg,2024-11-10,0.3651,6.17
5,Hamburg,2024-11-11,0.3684,4.36
5,Hamburg,2024-11-12,0.4375,1.32
5,Hamburg,2024-11-13,0.5244,9.76
5,Hamburg,2024-11-14,0.5503,2.26
5,Hamburg,2024-11-15,0.5917,7.27
5,Hamburg,2024-11-16,0.3671,5.39
5,Hamburg,2024-11-17,0.3963,0.48
5,Hamburg,2024-11-18,0.5018,3.87
5,Hamburg,2024-11-19,0.4893,9.47
5,Hamburg,2024-11-20,0.5347,11.03
5,Hamburg,2024-11-21,0.5341,30.71
5,Hamburg,2024-11-22,0.5578,1.27
5,Hamburg,2024-11-23,0.575,36.64
5,Hamburg,2024-11-24,0.55,1.87
5,Hamburg,2024-11-25,0.5333,9.39
5,Hamburg,2024-11-26,0.5093,0.31
5,Hamburg,2024-11-27,0.4822,15.22
5,Hamburg,2024-11-28,0.5024,6.04
5,Hamburg,2024-11-29,0.4737,0.46
5,Hamburg,2024-11-30,0.5417,21.77
5,Hamburg,2024-12-01,0.5513,9.11
5,Hamburg,2024-12-02,0.6523,6.45
5,Hamburg,2024-12-03,0.6141,12.76
5,Hamburg,2024-12-04,0.5161,4.17
5,Hamburg,2024-12-05,0.4355,0.04
5,Hamburg,2024-12-06,0.4296,1.77
5,Hamburg,2024-12-07,0.3697,4.86
5,Hamburg,2024-12-08,0.2864,6.84
5,Hamburg,2024-12-09,0.3585,3.54
5,Hamburg,2024-12-10,0.391,7.97
5,Hamburg,2024-12-11,0.3858,1.59
5,Hamburg,2024-12-12,0.4789,5.53
5,Hamburg,2024-12-13,0.505,1.87
5,Hamburg,2024-12-14,0.4798,0.41
5,Hamburg,2024-12-15,0.4597,1.1
5,Hamburg,2024-12-16,0.5447,6.82
5,Hamburg,2024-12-17,0.4528,2.74
5,Hamburg,2024-12-18,0.3437,3.46
5,Hamburg,2024-12-19,0.3704,4.14
5,Hamburg,2024-12-20,0.4238,4.56
5,Hamburg,2024-12-21,0.4637,2.0
5,Hamburg,2024-12-22,0.4617,0.89
5,Hamburg,2024-12-23,0.6071,30.27
5,Hamburg,2024-12-24,0.6389,2.44
5,Hamburg,2024-12-25,0.4794,0.08
5,Hamburg,2024-12-26,0.3948,2.7
5,Hamburg,2024-12-27,0.3206,2.51
5,Hamburg,2024-12-28,0.342,0.99
5,Hamburg,2024-12-29,0.3677,10.24
5,Hamburg,2024-12-30,0.5213,18.65
5,Hamburg,2024-12-31,0.4696,5.24
5,Hamburg,2025-01-01,0.4146,8.06
5,Hamburg,2025-01-02,0.4353,0.08
5,Hamburg,2025-01-03,0.4064,4.28
5,Hamburg,2025-01-04,0.3976,0.28
5,Hamburg,2025-01-05,0.4605,20.18
5,Hamburg,2025-01-06,0.5471,8.29
5,Hamburg,2025-01-07,0.6006,10.26
5,Hamburg,2025-01-08,0.5054,0.24
5,Hamburg,2025-01-09,0.5334,10.85
5,Hamburg,2025-01-10,0.5552,5.12
5,Hamburg,2025-01-11,0.6859,2.45
5,Hamburg,2025-01-12,0.702,33.57
5,Hamburg,2025-01-13,0.7135,3.46
5,Hamburg,2025-01-14,0.7448,5.08
5,Hamburg,2025-01-15,0.7456,45.92
5,Hamburg,2025-01-16,0.7571,7.26
5,Hamburg,2025-01-17,0.7822,4.08
5,Hamburg,2025-01-18,0.721,0.71
5,Hamburg,2025-01-19,0.6667,0.4
5,Hamburg,2025-01-20,0.7242,28.66
5,Hamburg,2025-01-21,0.6554,1.51
5,Hamburg,2025-01-22,0.6428,10.46
5,Hamburg,2025-01-23,0.6516,5.15
5,Hamburg,2025-01-24,0.6249,2.18
5,Hamburg,2025-01-25,0.6325,3.28
5,Hamburg,2025-01-26,0.6142,1.65
5,Hamburg,2025-01-27,0.6134,12.57
5,Hamburg,2025-01-28,0.642,0.28
5,Hamburg,2025-01-29,0.5452,30.83
5,Hamburg,2025-01-30,0.4597,1.73
5,Hamburg,2025-01-31,0.4932,5.98
5,Hamburg,2025-02-01,0.4225,4.68
5,Hamburg,2025-02-02,0.505,5.36
5,Hamburg,2025-02-03,0.5203,14.03
5,Hamburg,2025-02-04,0.4301,0.51
5,Hamburg,2025-02-05,0.4248,8.34
5,Hamburg,2025-02-06,0.5365,13.17
5,Hamburg,2025-02-07,0.505,2.82
5,Hamburg,2025-02-08,0.463,0.54
5,Hamburg,2025-02-09,0.4966,1.89
5,Hamburg,2025-02-10,0.6171,15.11
5,Hamburg,2025-02-11,0.539,1.63
5,Hamburg,2025-02-12,0.4845,2.17
5,Hamburg,2025-02-13,0.3891,3.57
5,Hamburg,2025-02-14,0.427,0.15
5,Hamburg,2025-02-15,0.4461,2.05
5,Hamburg,2025-02-16,0.5029,2.68
5,Hamburg,2025-02-17,0.5638,2.15
5,Hamburg,2025-02-18,0.558,0.71
5,Hamburg,2025-02-19,0.5622,7.46
5,Hamburg,2025-02-20,0.5861,17.98
5,Hamburg,2025-02-21,0.5304,0.74
5,Hamburg,2025-02-22,0.5376,5.15
5,Hamburg,2025-02-23,0.429,1.56
5,Hamburg,2025-02-24,0.5416,4.11
5,Hamburg,2025-02-25,0.6404,2.46
5,Hamburg,2025-02-26,0.5841,3.94
5,Hamburg,2025-02-27,0.5885,9.22
5,Hamburg,2025-02-28,0.6521,7.41
5,Hamburg,2025-03-01,0.7228,0.38
5,Hamburg,2025-03-02,0.6838,0.41
5,Hamburg,2025-03-03,0.6552,12.75
5,Hamburg,2025-03-04,0.6603,4.94
5,Hamburg,2025-03-05,0.7159,39.38
5,Hamburg,2025-03-06,0.6903,17.49
5,Hamburg,2025-03-07,0.7742,15.57
5,Hamburg,2025-03-08,0.7975,9.42
5,Hamburg,2025-03-09,0.8016,26.69
5,Hamburg,2025-03-10,0.7992,16.83
5,Hamburg,2025-03-11,0.7442,22.23
5,Hamburg,2025-03-12,0.8135,41.5
5,Hamburg,2025-03-13,0.7191,19.8
5,Hamburg,2025-03-14,0.7493,10.79
5,Hamburg,2025-03-15,0.7416,17.03
5,Hamburg,2025-03-16,0.7288,7.77
5,Hamburg,2025-03-17,0.6718,3.67
5,Hamburg,2025-03-18,0.6512,5.09
5,Hamburg,2025-03-19,0.5966,1.91
5,Hamburg,2025-03-20,0.6363,18.75
5,Hamburg,2025-03-21,0.6606,11.47
5,Hamburg,2025-03-22,0.7258,0.57
5,Hamburg,2025-03-23,0.7803,19.75
5,Hamburg,2025-03-24,0.7583,16.76
5,Hamburg,2025-03-25,0.8089,1.56
5,Hamburg,2025-03-26,0.7303,18.43
5,Hamburg,2025-03-27,0.7782,33.4
5,Hamburg,2025-03-28,0.6998,6.92
5,Hamburg,2025-03-29,0.7605,12.36
5,Hamburg,2025-03-30,0.6823,3.54
5,Hamburg,2025-03-31,0.6756,8.84
5,Hamburg,2025-04-01,0.6396,5.43
5,Hamburg,2025-04-02,0.5825,3.96
5,Hamburg,2025-04-03,0.6497,9.91
5,Hamburg,2025-04-04,0.5548,1.86
5,Hamburg,2025-04-05,0.5744,10.16
5,Hamburg,2025-04-06,0.597,12.8
5,Hamburg,2025-04-07,0.5579,1.27
5,Hamburg,2025-04-08,0.5192,0.16
5,Hamburg,2025-04-09,0.4525,2.25
5,Hamburg,2025-04-10,0.4342,4.41
5,Hamburg,2025-04-11,0.5219,3.95
5,Hamburg,2025-04-12,0.4918,2.53
5,Hamburg,2025-04-13,0.5053,0.16
5,Hamburg,2025-04-14,0.5338,5.11
5,Hamburg,2025-04-15,0.6454,31.42
5,Hamburg,2025-04-16,0.6311,12.77
5,Hamburg,2025-04-17,0.5591,0.32
5,Hamburg,2025-04-18,0.5917,2.79
5,Hamburg,2025-04-19,0.6178,10.73
5,Hamburg,2025-04-20,0.5666,6.58
5,Hamburg,2025-04-21,0.6712,1.7
5,Hamburg,2025-04-22,0.5488,3.44
5,Hamburg,2025-04-23,0.5126,1.04
5,Hamburg,2025-04-24,0.5076,1.29
5,Hamburg,2025-04-25,0.5906,9.18
5,Hamburg,2025-04-26,0.6597,13.49
5,Hamburg,2025-04-27,0.7191,0.28
5,Hamburg,2025-04-28,0.7377,22.84
5,Hamburg,2025-04-29,0.7724,26.92
5,Hamburg,2025-04-30,0.7749,29.0
5,Hamburg,2025-05-01,0.745,9.62
5,Hamburg,2025-05-02,0.7109,2.31
5,Hamburg,2025-05-03,0.6949,1.62
5,Hamburg,2025-05-04,0.7427,11.29
5,Hamburg,2025-05-05,0.7541,10.6
5,Hamburg,2025-05-06,0.6961,0.73
5,Hamburg,2025-05-07,0.7372,5.21
5,Hamburg,2025-05-08,0.6777,30.37
5,Hamburg,2025-05-09,0.7151,7.89
5,Hamburg,2025-05-10,0.7079,40.6
5,Hamburg,2025-05-11,0.7325,2.07
5,Hamburg,2025-05-12,0.7883,19.39
5,Hamburg,2025-05-13,0.7888,43.04
5,Hamburg,2025-05-14,0.73,8.33
5,Hamburg,2025-05-15,0.6668,40.07
5,Hamburg,2025-05-16,0.6915,36.34
5,Hamburg,2025-05-17,0.6781,27.72
5,Hamburg,2025-05-18,0.8005,15.88
5,Hamburg,2025-05-19,0.8212,29.28
5,Hamburg,2025-05-20,0.7835,15.43
5,Hamburg,2025-05-21,0.711,3.74
5,Hamburg,2025-05-22,0.62,6.63
5,Hamburg,2025-05-23,0.5407,0.24
5,Hamburg,2025-05-24,0.4669,0.04
5,Hamburg,2025-05-25,0.449,2.85
5,Hamburg,2025-05-26,0.5486,2.63
5,Hamburg,2025-05-27,0.5635,2.34
5,Hamburg,2025-05-28,0.4926,10.12
5,Hamburg,2025-05-29,0.4526,10.96
5,Hamburg,2025-05-30,0.4771,1.31
5,Hamburg,2025-05-31,0.4547,13.51
5,Hamburg,2025-06-01,0.4043,3.64
5,Hamburg,2025-06-02,0.3035,1.14
5,Hamburg,2025-06-03,0.2587,1.93
5,Hamburg,2025-06-04,0.2226,1.71
5,Hamburg,2025-06-05,0.3197,9.5
5,Hamburg,2025-06-06,0.4506,1.93
5,Hamburg,2025-06-07,0.3393,0.39
5,Hamburg,2025-06-08,0.3992,0.27
5,Hamburg,2025-06-09,0.5197,5.17
5,Hamburg,2025-06-10,0.4665,0.67
5,Hamburg,2025-06-11,0.3683,1.92
5,Hamburg,2025-06-12,0.4778,5.99
5,Hamburg,2025-06-13,0.4945,0.85
5,Hamburg,2025-06-14,0.567,0.51
5,Hamburg,2025-06-15,0.5593,4.66
5,Hamburg,2025-06-16,0.6759,12.35
5,Hamburg,2025-06-17,0.6778,8.23
5,Hamburg,2025-06-18,0.6301,6.67
5,Hamburg,2025-06-19,0.5809,1.4
5,Hamburg,2025-06-20,0.5617,11.5
5,Hamburg,2025-06-21,0.5374,0.99
5,Hamburg,2025-06-22,0.5242,16.35
5,Hamburg,2025-06-23,0.5786,3.04
5,Hamburg,2025-06-24,0.5408,0.18
5,Hamburg,2025-06-25,0.6367,17.17
5,Hamburg,2025-06-26,0.7126,8.9
5,Hamburg,2025-06-27,0.7296,10.5
5,Hamburg,2025-06-28,0.8085,3.64
5,Hamburg,2025-06-29,0.8546,11.85
5,Hamburg,2025-06-30,0.8299,3.54
5,Hamburg,2025-07-01,0.8145,6.99
5,Hamburg,2025-07-02,0.7691,3.3
5,Hamburg,2025-07-03,0.8194,19.87
5,Hamburg,2025-07-04,0.7551,8.72
5,Hamburg,2025-07-05,0.6354,7.08
5,Hamburg,2025-07-06,0.6139,0.35
5,Hamburg,2025-07-07,0.585,0.64
5,Hamburg,2025-07-08,0.5212,3.95
5,Hamburg,2025-07-09,0.5038,2.93
5,Hamburg,2025-07-10,0.4727,19.26
5,Hamburg,2025-07-11,0.4844,4.94
5,Hamburg,2025-07-12,0.4697,1.7
5,Hamburg,2025-07-13,0.4858,0.02
5,Hamburg,2025-07-14,0.4843,0.21
5,Hamburg,2025-07-15,0.4485,5.29
5,Hamburg,2025-07-16,0.5032,1.01
5,Hamburg,2025-07-17,0.5696,3.87
5,Hamburg,2025-07-18,0.6946,4.38
5,Hamburg,2025-07-19,0.6695,33.57
5,Hamburg,2025-07-20,0.7128,2.2
5,Hamburg,2025-07-21,0.7048,1.62
5,Hamburg,2025-07-22,0.704,6.99
5,Hamburg,2025-07-23,0.6815,31.37
5,Hamburg,2025-07-24,0.7601,5.17
5,Hamburg,2025-07-25,0.7175,19.44
5,Hamburg,2025-07-26,0.6379,4.78
5,Hamburg,2025-07-27,0.6199,31.62
5,Hamburg,2025-07-28,0.5254,0.33
5,Hamburg,2025-07-29,0.5222,0.04
5,Hamburg,2025-07-30,0.3682,1.89
5,Hamburg,2025-07-31,0.327,0.87
5,Hamburg,2025-08-01,0.3729,0.36
5,Hamburg,2025-08-02,0.2846,0.98
5,Hamburg,2025-08-03,0.3212,3.17
5,Hamburg,2025-08-04,0.247,0.83
5,Hamburg,2025-08-05,0.2684,0.42
5,Hamburg,2025-08-06,0.3357,13.87
5,Hamburg,2025-08-07,0.4207,6.49
5,Hamburg,2025-08-08,0.5473,0.79
5,Hamburg,2025-08-09,0.4841,0.38
5,Hamburg,2025-08-10,0.4569,25.92
5,Hamburg,2025-08-11,0.4557,1.58
5,Hamburg,2025-08-12,0.5076,0.17
5,Hamburg,2025-08-13,0.5144,10.12
5,Hamburg,2025-08-14,0.5073,10.03
5,Hamburg,2025-08-15,0.5279,3.79
5,Hamburg,2025-08-16,0.5539,14.94
5,Hamburg,2025-08-17,0.4913,5.69
5,Hamburg,2025-08-18,0.5752,0.52
5,Hamburg,2025-08-19,0.5812,19.65
5,Hamburg,2025-08-20,0.6294,19.99
5,Hamburg,2025-08-21,0.5876,2.24
5,Hamburg,2025-08-22,0.6054,1.03
5,Hamburg,2025-08-23,0.6538,12.71
5,Hamburg,2025-08-24,0.5614,9.65
5,Hamburg,2025-08-25,0.6622,3.36
5,Hamburg,2025-08-26,0.6225,2.72
5,Hamburg,2025-08-27,0.65,2.9
5,Hamburg,2025-08-28,0.6761,3.92
5,Hamburg,2025-08-29,0.6695,11.79
5,Hamburg,2025-08-30,0.6464,16.36
5,Hamburg,2025-08-31,0.5429,6.83
5,Hamburg,2025-09-01,0.4656,9.67
5,Hamburg,2025-09-02,0.4713,0.81
5,Hamburg,2025-09-03,0.5405,0.2
5,Hamburg,2025-09-04,0.5202,14.64
5,Hamburg,2025-09-05,0.4183,12.96
5,Hamburg,2025-09-06,0.395,5.42
5,Hamburg,2025-09-07,0.373,2.46
5,Hamburg,2025-09-08,0.4022,0.46
5,Hamburg,2025-09-09,0.3479,0.35
5,Hamburg,2025-09-10,0.3179,2.64
5,Hamburg,2025-09-11,0.2452,4.24
5,Hamburg,2025-09-12,0.4244,1.02
5,Hamburg,2025-09-13,0.5292,0.12
5,Hamburg,2025-09-14,0.4634,0.47
5,Hamburg,2025-09-15,0.5059,2.34
5,Hamburg,2025-09-16,0.4647,1.93
5,Hamburg,2025-09-17,0.4547,14.25
5,Hamburg,2025-09-18,0.4792,5.13
5,Hamburg,2025-09-19,0.5184,43.13
5,Hamburg,2025-09-20,0.5704,0.71
5,Hamburg,2025-09-21,0.5265,0.88
5,Hamburg,2025-09-22,0.5594,3.09
5,Hamburg,2025-09-23,0.3992,2.77
5,Hamburg,2025-09-24,0.4161,1.4
5,Hamburg,2025-09-25,0.2962,1.05
5,Hamburg,2025-09-26,0.27,1.49
5,Hamburg,2025-09-27,0.3691,1.77
5,Hamburg,2025-09-28,0.4571,2.51
5,Hamburg,2025-09-29,0.4371,3.34
5,Hamburg,2025-09-30,0.5428,7.16
5,Hamburg,2025-10-01,0.5764,39.25
5,Hamburg,2025-10-02,0.5913,9.4
5,Hamburg,2025-10-03,0.5359,5.67
5,Hamburg,2025-10-04,0.636,8.68
5,Hamburg,2025-10-05,0.6587,27.57
5,Hamburg,2025-10-06,0.6273,6.42
5,Hamburg,2025-10-07,0.468,1.21
5,Hamburg,2025-10-08,0.3972,0.11
5,Hamburg,2025-10-09,0.4142,7.83
5,Hamburg,2025-10-10,0.4369,3.68
5,Hamburg,2025-10-11,0.5295,4.61
5,Hamburg,2025-10-12,0.4571,2.72
5,Hamburg,2025-10-13,0.5159,2.5
5,Hamburg,2025-10-14,0.5721,7.37
5,Hamburg,2025-10-15,0.4797,2.3
5,Hamburg,2025-10-16,0.514,5.74
5,Hamburg,2025-10-17,0.5366,2.04
5,Hamburg,2025-10-18,0.4944,12.3
5,Hamburg,2025-10-19,0.3586,4.01
5,Hamburg,2025-10-20,0.4381,4.99
5,Hamburg,2025-10-21,0.4003,6.32
5,Hamburg,2025-10-22,0.3846,2.48
5,Hamburg,2025-10-23,0.4778,6.09
5,Hamburg,2025-10-24,0.5038,11.34
5,Hamburg,2025-10-25,0.5132,1.17
5,Hamburg,2025-10-26,0.6239,6.87
5,Hamburg,2025-10-27,0.6544,23.51
5,Hamburg,2025-10-28,0.5833,28.61
5,Hamburg,2025-10-29,0.6446,4.01
5,Hamburg,2025-10-30,0.6267,0.76
5,Hamburg,2025-10-31,0.6059,2.6
5,Hamburg,2025-11-01,0.5346,4.85
5,Hamburg,2025-11-02,0.5085,13.1
5,Hamburg,2025-11-03,0.5996,5.44
5,Hamburg,2025-11-04,0.5494,15.23
5,Hamburg,2025-11-05,0.5487,1.14
5,Hamburg,2025-11-06,0.4877,8.36
5,Hamburg,2025-11-07,0.5999,2.32
5,Hamburg,2025-11-08,0.5004,7.08
5,Hamburg,2025-11-09,0.4368,0.32
5,Hamburg,2025-11-10,0.44,0.24
5,Hamburg,2025-11-11,0.3608,7.98
5,Hamburg,2025-11-12,0.4043,7.2
5,Hamburg,2025-11-13,0.4519,2.91
5,Hamburg,2025-11-14,0.5216,9.49
5,Hamburg,2025-11-15,0.5556,14.45
5,Hamburg,2025-11-16,0.4549,2.88
5,Hamburg,2025-11-17,0.511,17.19
5,Hamburg,2025-11-18,0.5875,30.34
5,Hamburg,2025-11-19,0.5519,1.09
5,Hamburg,2025-11-20,0.6055,4.71
5,Hamburg,2025-11-21,0.6086,12.53
5,Hamburg,2025-11-22,0.5833,13.87
5,Hamburg,2025-11-23,0.496,2.24
5,Hamburg,2025-11-24,0.5031,3.25
5,Hamburg,2025-11-25,0.575,5.81
5,Hamburg,2025-11-26,0.523,1.05
5,Hamburg,2025-11-27,0.6292,1.36
5,Hamburg,2025-11-28,0.6291,17.41
5,Hamburg,2025-11-29,0.6898,22.48
5,Hamburg,2025-11-30,0.6628,30.52
5,Hamburg,2025-12-01,0.5397,15.44
5,Hamburg,2025-12-02,0.4866,1.65
5,Hamburg,2025-12-03,0.4401,3.43
5,Hamburg,2025-12-04,0.4011,2.06
5,Hamburg,2025-12-05,0.3629,0.42
5,Hamburg,2025-12-06,0.3154,0.4
5,Hamburg,2025-12-07,0.3694,0.42
5,Hamburg,2025-12-08,0.5779,8.5
5,Hamburg,2025-12-09,0.576,0.62
5,Hamburg,2025-12-10,0.5412,12.77
5,Hamburg,2025-12-11,0.3831,1.41
5,Hamburg,2025-12-12,0.5412,8.91
5,Hamburg,2025-12-13,0.5954,15.67
5,Hamburg,2025-12-14,0.5518,19.75
5,Hamburg,2025-12-15,0.5994,0.15
5,Hamburg,2025-12-16,0.5544,0.51
5,Hamburg,2025-12-17,0.4725,3.56
5,Hamburg,2025-12-18,0.4472,1.36
5,Hamburg,2025-12-19,0.5303,2.35
5,Hamburg,2025-12-20,0.5438,4.64
5,Hamburg,2025-12-21,0.5207,5.63
5,Hamburg,2025-12-22,0.5925,6.19
5,Hamburg,2025-12-23,0.5573,6.3
5,Hamburg,2025-12-24,0.6203,12.39
5,Hamburg,2025-12-25,0.5381,5.24
5,Hamburg,2025-12-26,0.5372,4.47
5,Hamburg,2025-12-27,0.5756,29.55
5,Hamburg,2025-12-28,0.6049,30.2
5,Hamburg,2025-12-29,0.5871,0.55
5,Hamburg,2025-12-30,0.5194,4.69
5,Hamburg,2025-12-31,0.5431,1.14
6,Antwerp,2023-01-01,0.1549,0.14
6,Antwerp,2023-01-02,0.2256,1.8
6,Antwerp,2023-01-03,0.2663,2.33
6,Antwerp,2023-01-04,0.3944,3.62
6,Antwerp,2023-01-05,0.4922,3.95
6,Antwerp,2023-01-06,0.5594,15.62
6,Antwerp,2023-01-07,0.5687,7.62
6,Antwerp,2023-01-08,0.4998,9.4
6,Antwerp,2023-01-09,0.4501,1.76
6,Antwerp,2023-01-10,0.4201,1.98
6,Antwerp,2023-01-11,0.5123,0.7
6,Antwerp,2023-01-12,0.6088,2.78
6,Antwerp,2023-01-13,0.52,2.42
6,Antwerp,2023-01-14,0.5893,16.66
6,Antwerp,2023-01-15,0.679,2.71
6,Antwerp,2023-01-16,0.7632,11.56
6,Antwerp,2023-01-17,0.6953,9.31
6,Antwerp,2023-01-18,0.7119,1.62
6,Antwerp,2023-01-19,0.5847,27.57
6,Antwerp,2023-01-20,0.5112,19.13
6,Antwerp,2023-01-21,0.6508,5.32
6,Antwerp,2023-01-22,0.5962,3.83
6,Antwerp,2023-01-23,0.5472,6.94
6,Antwerp,2023-01-24,0.5111,2.78
6,Antwerp,2023-01-25,0.6126,7.41
6,Antwerp,2023-01-26,0.6599,52.75
6,Antwerp,2023-01-27,0.6218,15.89
6,Antwerp,2023-01-28,0.5942,3.44
6,Antwerp,2023-01-29,0.6039,18.74
6,Antwerp,2023-01-30,0.6633,9.27
6,Antwerp,2023-01-31,0.6656,7.22
6,Antwerp,2023-02-01,0.5803,3.07
6,Antwerp,2023-02-02,0.5484,10.11
6,Antwerp,2023-02-03,0.4978,4.52
6,Antwerp,2023-02-04,0.547,2.75
6,Antwerp,2023-02-05,0.5274,1.06
6,Antwerp,2023-02-06,0.576,13.65
6,Antwerp,2023-02-07,0.5186,4.57
6,Antwerp,2023-02-08,0.5466,3.78
6,Antwerp,2023-02-09,0.5732,0.56
6,Antwerp,2023-02-10,0.5007,2.82
6,Antwerp,2023-02-11,0.54,6.71
6,Antwerp,2023-02-12,0.4576,0.87
6,Antwerp,2023-02-13,0.4536,1.42
6,Antwerp,2023-02-14,0.5062,10.66
6,Antwerp,2023-02-15,0.4583,5.64
6,Antwerp,2023-02-16,0.4624,2.98
6,Antwerp,2023-02-17,0.4833,4.57
6,Antwerp,2023-02-18,0.391,1.05
6,Antwerp,2023-02-19,0.4809,4.52
6,Antwerp,2023-02-20,0.6008,1.96
6,Antwerp,2023-02-21,0.6086,3.45
6,Antwerp,2023-02-22,0.5697,5.44
6,Antwerp,2023-02-23,0.5592,12.66
6,Antwerp,2023-02-24,0.6546,11.19
6,Antwerp,2023-02-25,0.5971,20.28
6,Antwerp,2023-02-26,0.552,9.57
6,Antwerp,2023-02-27,0.5647,15.01
6,Antwerp,2023-02-28,0.4183,3.64
6,Antwerp,2023-03-01,0.4624,1.16
6,Antwerp,2023-03-02,0.471,0.27
6,Antwerp,2023-03-03,0.5469,0.85
6,Antwerp,2023-03-04,0.5055,1.79
6,Antwerp,2023-03-05,0.4106,4.29
6,Antwerp,2023-03-06,0.4622,1.02
6,Antwerp,2023-03-07,0.3896,4.77
6,Antwerp,2023-03-08,0.4298,5.59
6,Antwerp,2023-03-09,0.4704,1.71
6,Antwerp,2023-03-10,0.625,14.18
6,Antwerp,2023-03-11,0.6871,9.4
6,Antwerp,2023-03-12,0.6739,5.41
6,Antwerp,2023-03-13,0.6705,13.47
6,Antwerp,2023-03-14,0.6959,3.03
6,Antwerp,2023-03-15,0.6834,14.79
6,Antwerp,2023-03-16,0.6261,1.17
6,Antwerp,2023-03-17,0.5099,4.74
6,Antwerp,2023-03-18,0.6395,9.4
6,Antwerp,2023-03-19,0.6797,0.77
6,Antwerp,2023-03-20,0.7296,31.36
6,Antwerp,2023-03-21,0.6985,10.07
6,Antwerp,2023-03-22,0.7815,11.34
6,Antwerp,2023-03-23,0.7939,2.23
6,Antwerp,2023-03-24,0.6979,4.27
6,Antwerp,2023-03-25,0.6516,7.97
6,Antwerp,2023-03-26,0.6716,39.16
6,Antwerp,2023-03-27,0.7562,17.1
6,Antwerp,2023-03-28,0.7007,72.41
6,Antwerp,2023-03-29,0.761,14.71
6,Antwerp,2023-03-30,0.6427,5.61
6,Antwerp,2023-03-31,0.6328,0.43
6,Antwerp,2023-04-01,0.5966,1.36
6,Antwerp,2023-04-02,0.6348,4.62
6,Antwerp,2023-04-03,0.7295,5.28
6,Antwerp,2023-04-04,0.7715,4.81
6,Antwerp,2023-04-05,0.6482,1.11
6,Antwerp,2023-04-06,0.6317,10.62
6,Antwerp,2023-04-07,0.5466,6.29
6,Antwerp,2023-04-08,0.536,3.58
6,Antwerp,2023-04-09,0.6244,21.18
6,Antwerp,2023-04-10,0.7637,4.15
6,Antwerp,2023-04-11,0.7535,15.41
6,Antwerp,2023-04-12,0.7333,29.88
6,Antwerp,2023-04-13,0.6876,1.99
6,Antwerp,2023-04-14,0.6866,0.84
6,Antwerp,2023-04-15,0.7442,59.82
6,Antwerp,2023-04-16,0.6556,58.33
6,Antwerp,2023-04-17,0.6534,10.07
6,Antwerp,2023-04-18,0.6285,0.75
6,Antwerp,2023-04-19,0.5629,2.18
6,Antwerp,2023-04-20,0.5779,9.49
6,Antwerp,2023-04-21,0.6837,47.07
6,Antwerp,2023-04-22,0.6915,2.44
6,Antwerp,2023-04-23,0.6183,17.31
6,Antwerp,2023-04-24,0.5909,16.51
6,Antwerp,2023-04-25,0.4952,23.29
6,Antwerp,2023-04-26,0.4805,0.56
6,Antwerp,2023-04-27,0.4242,4.2
6,Antwerp,2023-04-28,0.469,2.39
6,Antwerp,2023-04-29,0.4218,4.13
6,Antwerp,2023-04-30,0.3378,4.12
6,Antwerp,2023-05-01,0.2719,0.12
6,Antwerp,2023-05-02,0.3278,1.45
6,Antwerp,2023-05-03,0.2559,1.41
6,Antwerp,2023-05-04,0.3058,11.19
6,Antwerp,2023-05-05,0.3108,4.56
6,Antwerp,2023-05-06,0.34,1.95
6,Antwerp,2023-05-07,0.3471,2.07
6,Antwerp,2023-05-08,0.4051,1.7
6,Antwerp,2023-05-09,0.4645,4.88
6,Antwerp,2023-05-10,0.4171,1.26
6,Antwerp,2023-05-11,0.5071,5.4
6,Antwerp,2023-05-12,0.5728,2.82
6,Antwerp,2023-05-13,0.5346,8.74
6,Antwerp,2023-05-14,0.5072,1.19
6,Antwerp,2023-05-15,0.5439,2.1
6,Antwerp,2023-05-16,0.5037,1.85
6,Antwerp,2023-05-17,0.3896,2.13
6,Antwerp,2023-05-18,0.3347,8.71
6,Antwerp,2023-05-19,0.3162,2.4
6,Antwerp,2023-05-20,0.317,1.89
6,Antwerp,2023-05-21,0.2566,0.35
6,Antwerp,2023-05-22,0.3662,8.04
6,Antwerp,2023-05-23,0.3806,1.63
6,Antwerp,2023-05-24,0.3607,0.53
6,Antwerp,2023-05-25,0.3189,5.16
6,Antwerp,2023-05-26,0.3625,0.07
6,Antwerp,2023-05-27,0.4259,0.18
6,Antwerp,2023-05-28,0.3126,2.33
6,Antwerp,2023-05-29,0.2756,0.82
6,Antwerp,2023-05-30,0.2313,0.3
6,Antwerp,2023-05-31,0.1754,1.97
6,Antwerp,2023-06-01,0.118,0.95
6,Antwerp,2023-06-02,0.1849,3.35
6,Antwerp,2023-06-03,0.211,0.78
6,Antwerp,2023-06-04,0.2136,0.56
6,Antwerp,2023-06-05,0.2905,0.94
6,Antwerp,2023-06-06,0.3015,3.52
6,Antwerp,2023-06-07,0.2703,2.35
6,Antwerp,2023-06-08,0.2625,2.92
6,Antwerp,2023-06-09,0.3245,0.15
6,Antwerp,2023-06-10,0.2632,0.9
6,Antwerp,2023-06-11,0.3,0.27
6,Antwerp,2023-06-12,0.1619,3.8
6,Antwerp,2023-06-13,0.1912,0.1
6,Antwerp,2023-06-14,0.238,0.69
6,Antwerp,2023-06-15,0.2021,2.93
6,Antwerp,2023-06-16,0.3224,0.67
6,Antwerp,2023-06-17,0.4031,9.33
6,Antwerp,2023-06-18,0.4181,2.57
6,Antwerp,2023-06-19,0.5558,23.59
6,Antwerp,2023-06-20,0.4918,1.59
6,Antwerp,2023-06-21,0.5364,7.21
6,Antwerp,2023-06-22,0.6075,3.51
6,Antwerp,2023-06-23,0.5468,2.39
6,Antwerp,2023-06-24,0.5366,0.78
6,Antwerp,2023-06-25,0.4343,3.06
6,Antwerp,2023-06-26,0.5231,4.03
6,Antwerp,2023-06-27,0.6111,7.91
6,Antwerp,2023-06-28,0.5557,7.56
6,Antwerp,2023-06-29,0.5378,3.65
6,Antwerp,2023-06-30,0.5233,24.29
6,Antwerp,2023-07-01,0.6609,4.81
6,Antwerp,2023-07-02,0.5778,9.31
6,Antwerp,2023-07-03,0.5445,8.0
6,Antwerp,2023-07-04,0.5635,2.32
6,Antwerp,2023-07-05,0.5413,3.51
6,Antwerp,2023-07-06,0.6778,2.59
6,Antwerp,2023-07-07,0.7965,10.45
6,Antwerp,2023-07-08,0.7887,6.9
6,Antwerp,2023-07-09,0.8007,11.05
6,Antwerp,2023-07-10,0.8393,3.12
6,Antwerp,2023-07-11,0.8521,1.59
6,Antwerp,2023-07-12,0.832,46.15
6,Antwerp,2023-07-13,0.7224,32.58
6,Antwerp,2023-07-14,0.6672,15.44
6,Antwerp,2023-07-15,0.6961,27.92
6,Antwerp,2023-07-16,0.6333,4.96
6,Antwerp,2023-07-17,0.7286,18.78
6,Antwerp,2023-07-18,0.7355,31.55
6,Antwerp,2023-07-19,0.6269,12.82
6,Antwerp,2023-07-20,0.5336,2.39
6,Antwerp,2023-07-21,0.472,5.92
6,Antwerp,2023-07-22,0.5132,3.2
6,Antwerp,2023-07-23,0.5723,8.82
6,Antwerp,2023-07-24,0.571,3.95
6,Antwerp,2023-07-25,0.553,2.5
6,Antwerp,2023-07-26,0.5566,2.58
6,Antwerp,2023-07-27,0.5931,10.11
6,Antwerp,2023-07-28,0.5818,2.61
6,Antwerp,2023-07-29,0.5888,5.25
6,Antwerp,2023-07-30,0.5645,5.21
6,Antwerp,2023-07-31,0.494,4.4
6,Antwerp,2023-08-01,0.5676,2.82
6,Antwerp,2023-08-02,0.5692,6.88
6,Antwerp,2023-08-03,0.5403,3.81
6,Antwerp,2023-08-04,0.5108,0.8
6,Antwerp,2023-08-05,0.4578,0.01
6,Antwerp,2023-08-06,0.3669,15.22
6,Antwerp,2023-08-07,0.3462,0.41
6,Antwerp,2023-08-08,0.2992,0.52
6,Antwerp,2023-08-09,0.2808,0.73
6,Antwerp,2023-08-10,0.3772,10.33
6,Antwerp,2023-08-11,0.4485,4.32
6,Antwerp,2023-08-12,0.3903,2.45
6,Antwerp,2023-08-13,0.2986,5.62
6,Antwerp,2023-08-14,0.2985,2.67
6,Antwerp,2023-08-15,0.4002,1.17
6,Antwerp,2023-08-16,0.4428,4.74
6,Antwerp,2023-08-17,0.4296,0.47
6,Antwerp,2023-08-18,0.4579,10.61
6,Antwerp,2023-08-19,0.5224,1.57
6,Antwerp,2023-08-20,0.5092,1.04
6,Antwerp,2023-08-21,0.6748,27.45
6,Antwerp,2023-08-22,0.6495,15.32
6,Antwerp,2023-08-23,0.5665,6.82
6,Antwerp,2023-08-24,0.4281,6.57
6,Antwerp,2023-08-25,0.484,0.13
6,Antwerp,2023-08-26,0.4641,2.38
6,Antwerp,2023-08-27,0.403,1.93
6,Antwerp,2023-08-28,0.4869,0.73
6,Antwerp,2023-08-29,0.4955,2.3
6,Antwerp,2023-08-30,0.4592,0.83
6,Antwerp,2023-08-31,0.4733,1.53
6,Antwerp,2023-09-01,0.489,1.35
6,Antwerp,2023-09-02,0.5366,3.75
6,Antwerp,2023-09-03,0.5284,1.18
6,Antwerp,2023-09-04,0.5328,5.79
6,Antwerp,2023-09-05,0.5944,2.17
6,Antwerp,2023-09-06,0.5098,16.03
6,Antwerp,2023-09-07,0.4149,5.02
6,Antwerp,2023-09-08,0.41,5.04
6,Antwerp,2023-09-09,0.3045,0.22
6,Antwerp,2023-09-10,0.2266,3.1
6,Antwerp,2023-09-11,0.2758,7.8
6,Antwerp,2023-09-12,0.2971,2.68
6,Antwerp,2023-09-13,0.2964,1.15
6,Antwerp,2023-09-14,0.3418,2.27
6,Antwerp,2023-09-15,0.3535,0.42
6,Antwerp,2023-09-16,0.248,1.94
6,Antwerp,2023-09-17,0.3138,1.95
6,Antwerp,2023-09-18,0.362,7.38
6,Antwerp,2023-09-19,0.4112,2.1
6,Antwerp,2023-09-20,0.4502,5.12
6,Antwerp,2023-09-21,0.5119,7.87
6,Antwerp,2023-09-22,0.478,3.14
6,Antwerp,2023-09-23,0.4002,2.18
6,Antwerp,2023-09-24,0.3975,0.21
6,Antwerp,2023-09-25,0.4316,4.25
6,Antwerp,2023-09-26,0.5055,11.6
6,Antwerp,2023-09-27,0.5263,1.18
6,Antwerp,2023-09-28,0.5228,13.47
6,Antwerp,2023-09-29,0.468,8.4
6,Antwerp,2023-09-30,0.4203,1.07
6,Antwerp,2023-10-01,0.3238,8.81
6,Antwerp,2023-10-02,0.3266,4.65
6,Antwerp,2023-10-03,0.3492,6.36
6,Antwerp,2023-10-04,0.3852,1.56
6,Antwerp,2023-10-05,0.4283,4.77
6,Antwerp,2023-10-06,0.5036,10.03
6,Antwerp,2023-10-07,0.5281,3.27
6,Antwerp,2023-10-08,0.4795,6.13
6,Antwerp,2023-10-09,0.4669,0.0
6,Antwerp,2023-10-10,0.5397,2.83
6,Antwerp,2023-10-11,0.5023,8.86
6,Antwerp,2023-10-12,0.4721,6.82
6,Antwerp,2023-10-13,0.4893,1.79
6,Antwerp,2023-10-14,0.3919,6.7
6,Antwerp,2023-10-15,0.3847,3.22
6,Antwerp,2023-10-16,0.3355,5.58
6,Antwerp,2023-10-17,0.3838,9.12
6,Antwerp,2023-10-18,0.362,12.62
6,Antwerp,2023-10-19,0.3344,2.52
6,Antwerp,2023-10-20,0.2599,6.06
6,Antwerp,2023-10-21,0.2988,3.27
6,Antwerp,2023-10-22,0.4573,1.23
6,Antwerp,2023-10-23,0.4589,0.53
6,Antwerp,2023-10-24,0.4518,7.7
6,Antwerp,2023-10-25,0.5431,20.65
6,Antwerp,2023-10-26,0.6709,11.43
6,Antwerp,2023-10-27,0.5986,5.68
6,Antwerp,2023-10-28,0.6503,1.67
6,Antwerp,2023-10-29,0.4565,2.65
6,Antwerp,2023-10-30,0.3036,5.81
6,Antwerp,2023-10-31,0.2106,2.26
6,Antwerp,2023-11-01,0.2139,0.61
6,Antwerp,2023-11-02,0.1192,2.86
6,Antwerp,2023-11-03,0.2643,0.55
6,Antwerp,2023-11-04,0.2859,3.82
6,Antwerp,2023-11-05,0.3395,6.59
6,Antwerp,2023-11-06,0.3688,7.31
6,Antwerp,2023-11-07,0.3397,1.94
6,Antwerp,2023-11-08,0.3447,2.73
6,Antwerp,2023-11-09,0.471,1.12
6,Antwerp,2023-11-10,0.5073,20.27
6,Antwerp,2023-11-11,0.5069,0.19
6,Antwerp,2023-11-12,0.4337,1.15
6,Antwerp,2023-11-13,0.4122,1.12
6,Antwerp,2023-11-14,0.3729,3.42
6,Antwerp,2023-11-15,0.4159,7.14
6,Antwerp,2023-11-16,0.4363,0.36
6,Antwerp,2023-11-17,0.3461,2.41
6,Antwerp,2023-11-18,0.3823,1.55
6,Antwerp,2023-11-19,0.4303,7.21
6,Antwerp,2023-11-20,0.5049,0.65
6,Antwerp,2023-11-21,0.5293,4.99
6,Antwerp,2023-11-22,0.5523,3.23
6,Antwerp,2023-11-23,0.5588,10.67
6,Antwerp,2023-11-24,0.4924,7.53
6,Antwerp,2023-11-25,0.5422,9.16
6,Antwerp,2023-11-26,0.6312,29.86
6,Antwerp,2023-11-27,0.7223,13.75
6,Antwerp,2023-11-28,0.7028,14.37
6,Antwerp,2023-11-29,0.6648,9.09
6,Antwerp,2023-11-30,0.5982,4.27
6,Antwerp,2023-12-01,0.4948,6.24
6,Antwerp,2023-12-02,0.5442,17.02
6,Antwerp,2023-12-03,0.4407,4.26
6,Antwerp,2023-12-04,0.4571,14.96
6,Antwerp,2023-12-05,0.4302,1.16
6,Antwerp,2023-12-06,0.5047,6.23
6,Antwerp,2023-12-07,0.5348,1.62
6,Antwerp,2023-12-08,0.5146,20.14
6,Antwerp,2023-12-09,0.4968,13.26
6,Antwerp,2023-12-10,0.4755,1.4
6,Antwerp,2023-12-11,0.5467,9.64
6,Antwerp,2023-12-12,0.4712,3.28
6,Antwerp,2023-12-13,0.4831,2.56
6,Antwerp,2023-12-14,0.4637,2.56
6,Antwerp,2023-12-15,0.6359,3.29
6,Antwerp,2023-12-16,0.563,9.22
6,Antwerp,2023-12-17,0.6197,13.8
6,Antwerp,2023-12-18,0.6107,11.29
6,Antwerp,2023-12-19,0.5828,1.8
6,Antwerp,2023-12-20,0.6451,6.94
6,Antwerp,2023-12-21,0.6514,4.59
6,Antwerp,2023-12-22,0.6475,2.69
6,Antwerp,2023-12-23,0.5995,1.02
6,Antwerp,2023-12-24,0.6619,6.83
6,Antwerp,2023-12-25,0.652,3.96
6,Antwerp,2023-12-26,0.6031,7.2
6,Antwerp,2023-12-27,0.5409,1.93
6,Antwerp,2023-12-28,0.6354,11.89
6,Antwerp,2023-12-29,0.5646,1.92
6,Antwerp,2023-12-30,0.5649,7.71
6,Antwerp,2023-12-31,0.5681,1.39
6,Antwerp,2024-01-01,0.5189,5.43
6,Antwerp,2024-01-02,0.4912,10.34
6,Antwerp,2024-01-03,0.4608,7.36
6,Antwerp,2024-01-04,0.4201,3.07
6,Antwerp,2024-01-05,0.4569,0.28
6,Antwerp,2024-01-06,0.4716,0.66
6,Antwerp,2024-01-07,0.4486,3.37
6,Antwerp,2024-01-08,0.6061,6.15
6,Antwerp,2024-01-09,0.5447,5.35
6,Antwerp,2024-01-10,0.5457,3.58
6,Antwerp,2024-01-11,0.5384,19.1
6,Antwerp,2024-01-12,0.5912,12.2
6,Antwerp,2024-01-13,0.5838,4.46
6,Antwerp,2024-01-14,0.5144,6.77
6,Antwerp,2024-01-15,0.5826,9.73
6,Antwerp,2024-01-16,0.5648,11.11
6,Antwerp,2024-01-17,0.6068,6.14
6,Antwerp,2024-01-18,0.6319,27.0
6,Antwerp,2024-01-19,0.6731,3.3
6,Antwerp,2024-01-20,0.6993,11.83
6,Antwerp,2024-01-21,0.6324,3.97
6,Antwerp,2024-01-22,0.653,7.2
6,Antwerp,2024-01-23,0.6923,34.66
6,Antwerp,2024-01-24,0.6743,30.52
6,Antwerp,2024-01-25,0.5982,7.97
6,Antwerp,2024-01-26,0.5451,6.83
6,Antwerp,2024-01-27,0.577,27.0
6,Antwerp,2024-01-28,0.5255,5.71
6,Antwerp,2024-01-29,0.5502,1.85
6,Antwerp,2024-01-30,0.6196,7.76
6,Antwerp,2024-01-31,0.5457,8.4
6,Antwerp,2024-02-01,0.6021,4.69
6,Antwerp,2024-02-02,0.5507,2.63
6,Antwerp,2024-02-03,0.6073,0.32
6,Antwerp,2024-02-04,0.5956,5.37
6,Antwerp,2024-02-05,0.5124,8.23
6,Antwerp,2024-02-06,0.4287,0.32
6,Antwerp,2024-02-07,0.3765,7.42
6,Antwerp,2024-02-08,0.3901,2.12
6,Antwerp,2024-02-09,0.4917,0.53
6,Antwerp,2024-02-10,0.5068,9.48
6,Antwerp,2024-02-11,0.4451,8.17
6,Antwerp,2024-02-12,0.5693,6.68
6,Antwerp,2024-02-13,0.5481,3.33
6,Antwerp,2024-02-14,0.4782,10.03
6,Antwerp,2024-02-15,0.4647,5.13
6,Antwerp,2024-02-16,0.4903,6.61
6,Antwerp,2024-02-17,0.431,3.65
6,Antwerp,2024-02-18,0.4872,7.79
6,Antwerp,2024-02-19,0.4978,12.98
6,Antwerp,2024-02-20,0.4391,0.12
6,Antwerp,2024-02-21,0.4738,10.71
6,Antwerp,2024-02-22,0.4915,8.92
6,Antwerp,2024-02-23,0.5606,1.13
6,Antwerp,2024-02-24,0.59,0.39
6,Antwerp,2024-02-25,0.5303,0.68
6,Antwerp,2024-02-26,0.5505,3.78
6,Antwerp,2024-02-27,0.4004,0.45
6,Antwerp,2024-02-28,0.4113,5.47
6,Antwerp,2024-02-29,0.4271,5.18
6,Antwerp,2024-03-01,0.4445,3.58
6,Antwerp,2024-03-02,0.3844,12.81
6,Antwerp,2024-03-03,0.4525,0.72
6,Antwerp,2024-03-04,0.4164,3.42
6,Antwerp,2024-03-05,0.5073,0.96
6,Antwerp,2024-03-06,0.4061,0.77
6,Antwerp,2024-03-07,0.3922,1.27
6,Antwerp,2024-03-08,0.2891,0.16
6,Antwerp,2024-03-09,0.2598,1.69
6,Antwerp,2024-03-10,0.2939,2.34
6,Antwerp,2024-03-11,0.3683,2.04
6,Antwerp,2024-03-12,0.3604,2.82
6,Antwerp,2024-03-13,0.3377,2.27
6,Antwerp,2024-03-14,0.4896,1.88
6,Antwerp,2024-03-15,0.5067,2.02
6,Antwerp,2024-03-16,0.6667,19.89
6,Antwerp,2024-03-17,0.7295,5.33
6,Antwerp,2024-03-18,0.6926,19.19
6,Antwerp,2024-03-19,0.6311,6.94
6,Antwerp,2024-03-20,0.7032,0.81
6,Antwerp,2024-03-21,0.5861,24.16
6,Antwerp,2024-03-22,0.6807,2.41
6,Antwerp,2024-03-23,0.643,1.06
6,Antwerp,2024-03-24,0.4677,20.31
6,Antwerp,2024-03-25,0.4344,5.34
6,Antwerp,2024-03-26,0.4187,2.0
6,Antwerp,2024-03-27,0.3883,0.84
6,Antwerp,2024-03-28,0.3493,4.23
6,Antwerp,2024-03-29,0.2993,2.41
6,Antwerp,2024-03-30,0.312,2.24
6,Antwerp,2024-03-31,0.417,0.39
6,Antwerp,2024-04-01,0.5479,12.28
6,Antwerp,2024-04-02,0.6054,8.28
6,Antwerp,2024-04-03,0.5729,1.73
6,Antwerp,2024-04-04,0.6279,3.08
6,Antwerp,2024-04-05,0.5387,10.48
6,Antwerp,2024-04-06,0.5617,21.3
6,Antwerp,2024-04-07,0.6406,11.92
6,Antwerp,2024-04-08,0.6991,6.66
6,Antwerp,2024-04-09,0.5687,1.23
6,Antwerp,2024-04-10,0.4975,1.06
6,Antwerp,2024-04-11,0.4495,3.81
6,Antwerp,2024-04-12,0.4116,3.1
6,Antwerp,2024-04-13,0.3932,4.17
6,Antwerp,2024-04-14,0.3907,1.9
6,Antwerp,2024-04-15,0.4208,5.03
6,Antwerp,2024-04-16,0.3669,0.75
6,Antwerp,2024-04-17,0.44,2.72
6,Antwerp,2024-04-18,0.427,4.73
6,Antwerp,2024-04-19,0.371,1.36
6,Antwerp,2024-04-20,0.3504,1.19
6,Antwerp,2024-04-21,0.3255,7.16
6,Antwerp,2024-04-22,0.2678,12.38
6,Antwerp,2024-04-23,0.2634,1.09
6,Antwerp,2024-04-24,0.3595,0.22
6,Antwerp,2024-04-25,0.3519,1.5
6,Antwerp,2024-04-26,0.3792,3.04
6,Antwerp,2024-04-27,0.4174,5.74
6,Antwerp,2024-04-28,0.3823,6.65
6,Antwerp,2024-04-29,0.3617,1.17
6,Antwerp,2024-04-30,0.4111,18.23
6,Antwerp,2024-05-01,0.4113,9.87
6,Antwerp,2024-05-02,0.3098,0.37
6,Antwerp,2024-05-03,0.3779,5.79
6,Antwerp,2024-05-04,0.4023,16.62
6,Antwerp,2024-05-05,0.2998,1.72
6,Antwerp,2024-05-06,0.2111,3.26
6,Antwerp,2024-05-07,0.1964,1.11
6,Antwerp,2024-05-08,0.3761,3.64
6,Antwerp,2024-05-09,0.5242,15.45
6,Antwerp,2024-05-10,0.6329,11.57
6,Antwerp,2024-05-11,0.5624,3.51
6,Antwerp,2024-05-12,0.4958,17.18
6,Antwerp,2024-05-13,0.4492,11.33
6,Antwerp,2024-05-14,0.3718,0.04
6,Antwerp,2024-05-15,0.4152,1.47
6,Antwerp,2024-05-16,0.5203,4.69
6,Antwerp,2024-05-17,0.5235,10.91
6,Antwerp,2024-05-18,0.4786,5.36
6,Antwerp,2024-05-19,0.4165,3.87
6,Antwerp,2024-05-20,0.4442,17.48
6,Antwerp,2024-05-21,0.39,0.03
6,Antwerp,2024-05-22,0.3094,1.8
6,Antwerp,2024-05-23,0.3339,7.21
6,Antwerp,2024-05-24,0.3263,11.57
6,Antwerp,2024-05-25,0.3064,0.27
6,Antwerp,2024-05-26,0.3213,0.31
6,Antwerp,2024-05-27,0.2493,1.31
6,Antwerp,2024-05-28,0.1782,2.5
6,Antwerp,2024-05-29,0.2155,2.58
6,Antwerp,2024-05-30,0.1706,0.33
6,Antwerp,2024-05-31,0.2338,1.06
6,Antwerp,2024-06-01,0.2125,2.71
6,Antwerp,2024-06-02,0.2545,0.3
6,Antwerp,2024-06-03,0.2187,0.0
6,Antwerp,2024-06-04,0.1935,2.68
6,Antwerp,2024-06-05,0.3173,1.6
6,Antwerp,2024-06-06,0.3521,6.73
6,Antwerp,2024-06-07,0.4463,1.91
6,Antwerp,2024-06-08,0.444,1.82
6,Antwerp,2024-06-09,0.3652,4.35
6,Antwerp,2024-06-10,0.3678,6.71
6,Antwerp,2024-06-11,0.3352,2.69
6,Antwerp,2024-06-12,0.3066,1.6
6,Antwerp,2024-06-13,0.3991,0.47
6,Antwerp,2024-06-14,0.4184,1.73
6,Antwerp,2024-06-15,0.3354,0.04
6,Antwerp,2024-06-16,0.305,0.79
6,Antwerp,2024-06-17,0.3835,2.73
6,Antwerp,2024-06-18,0.2973,1.52
6,Antwerp,2024-06-19,0.3777,0.97
6,Antwerp,2024-06-20,0.4703,8.05
6,Antwerp,2024-06-21,0.444,4.08
6,Antwerp,2024-06-22,0.473,2.61
6,Antwerp,2024-06-23,0.5237,4.53
6,Antwerp,2024-06-24,0.4903,0.34
6,Antwerp,2024-06-25,0.4569,2.2
6,Antwerp,2024-06-26,0.4363,7.01
6,Antwerp,2024-06-27,0.4569,0.04
6,Antwerp,2024-06-28,0.5702,2.52
6,Antwerp,2024-06-29,0.5365,3.47
6,Antwerp,2024-06-30,0.4309,2.73
6,Antwerp,2024-07-01,0.3632,2.59
6,Antwerp,2024-07-02,0.3235,6.02
6,Antwerp,2024-07-03,0.3175,1.62
6,Antwerp,2024-07-04,0.401,7.89
6,Antwerp,2024-07-05,0.3283,1.51
6,Antwerp,2024-07-06,0.3276,0.57
6,Antwerp,2024-07-07,0.4267,1.76
6,Antwerp,2024-07-08,0.4889,21.9
6,Antwerp,2024-07-09,0.4054,5.03
6,Antwerp,2024-07-10,0.4164,5.87
6,Antwerp,2024-07-11,0.4125,0.95
6,Antwerp,2024-07-12,0.5166,1.58
6,Antwerp,2024-07-13,0.5468,2.11
6,Antwerp,2024-07-14,0.546,1.46
6,Antwerp,2024-07-15,0.6021,21.52
6,Antwerp,2024-07-16,0.5801,0.16
6,Antwerp,2024-07-17,0.5123,0.47
6,Antwerp,2024-07-18,0.5418,0.23
6,Antwerp,2024-07-19,0.514,5.77
6,Antwerp,2024-07-20,0.5215,2.46
6,Antwerp,2024-07-21,0.5484,15.85
6,Antwerp,2024-07-22,0.4949,6.74
6,Antwerp,2024-07-23,0.4695,2.14
6,Antwerp,2024-07-24,0.5539,7.1
6,Antwerp,2024-07-25,0.6149,4.24
6,Antwerp,2024-07-26,0.6443,3.47
6,Antwerp,2024-07-27,0.6034,2.14
6,Antwerp,2024-07-28,0.5619,0.35
6,Antwerp,2024-07-29,0.5415,4.09
6,Antwerp,2024-07-30,0.5194,0.35
6,Antwerp,2024-07-31,0.5817,11.03
6,Antwerp,2024-08-01,0.5212,5.21
6,Antwerp,2024-08-02,0.4593,10.55
6,Antwerp,2024-08-03,0.5099,3.05
6,Antwerp,2024-08-04,0.4738,8.1
6,Antwerp,2024-08-05,0.4447,19.89
6,Antwerp,2024-08-06,0.4402,3.87
6,Antwerp,2024-08-07,0.4142,3.75
6,Antwerp,2024-08-08,0.4145,8.21
6,Antwerp,2024-08-09,0.4709,3.17
6,Antwerp,2024-08-10,0.4824,2.71
6,Antwerp,2024-08-11,0.4981,1.96
6,Antwerp,2024-08-12,0.5326,6.76
6,Antwerp,2024-08-13,0.4078,0.9
6,Antwerp,2024-08-14,0.4097,0.22
6,Antwerp,2024-08-15,0.3289,7.63
6,Antwerp,2024-08-16,0.3219,2.3
6,Antwerp,2024-08-17,0.2867,12.22
6,Antwerp,2024-08-18,0.3323,1.11
6,Antwerp,2024-08-19,0.2708,1.59
6,Antwerp,2024-08-20,0.272,1.86
6,Antwerp,2024-08-21,0.2793,0.85
6,Antwerp,2024-08-22,0.3379,2.6
6,Antwerp,2024-08-23,0.3789,5.79
6,Antwerp,2024-08-24,0.4117,0.4
6,Antwerp,2024-08-25,0.4148,4.52
6,Antwerp,2024-08-26,0.5532,0.78
6,Antwerp,2024-08-27,0.5064,10.14
6,Antwerp,2024-08-28,0.6312,3.85
6,Antwerp,2024-08-29,0.5678,2.29
6,Antwerp,2024-08-30,0.6223,10.64
6,Antwerp,2024-08-31,0.685,6.97
6,Antwerp,2024-09-01,0.6376,14.95
6,Antwerp,2024-09-02,0.6427,13.32
6,Antwerp,2024-09-03,0.531,17.17
6,Antwerp,2024-09-04,0.7169,6.63
6,Antwerp,2024-09-05,0.6647,3.6
6,Antwerp,2024-09-06,0.7471,1.1
6,Antwerp,2024-09-07,0.6621,0.94
6,Antwerp,2024-09-08,0.546,20.22
6,Antwerp,2024-09-09,0.5301,9.02
6,Antwerp,2024-09-10,0.5252,0.83
6,Antwerp,2024-09-11,0.5174,9.12
6,Antwerp,2024-09-12,0.4641,1.34
6,Antwerp,2024-09-13,0.4596,11.49
6,Antwerp,2024-09-14,0.4615,2.62
6,Antwerp,2024-09-15,0.4074,7.38
6,Antwerp,2024-09-16,0.419,4.65
6,Antwerp,2024-09-17,0.3524,1.49
6,Antwerp,2024-09-18,0.4062,4.26
6,Antwerp,2024-09-19,0.3275,0.48
6,Antwerp,2024-09-20,0.3489,0.06
6,Antwerp,2024-09-21,0.3883,15.68
6,Antwerp,2024-09-22,0.4276,3.9
6,Antwerp,2024-09-23,0.3975,2.35
6,Antwerp,2024-09-24,0.4465,5.5
6,Antwerp,2024-09-25,0.4709,6.5
6,Antwerp,2024-09-26,0.5044,8.88
6,Antwerp,2024-09-27,0.5172,3.97
6,Antwerp,2024-09-28,0.5323,1.86
6,Antwerp,2024-09-29,0.5548,11.16
6,Antwerp,2024-09-30,0.7276,0.36
6,Antwerp,2024-10-01,0.5877,5.96
6,Antwerp,2024-10-02,0.5925,9.04
6,Antwerp,2024-10-03,0.6157,3.48
6,Antwerp,2024-10-04,0.6403,17.14
6,Antwerp,2024-10-05,0.6749,1.77
6,Antwerp,2024-10-06,0.7022,20.55
6,Antwerp,2024-10-07,0.7302,9.52
6,Antwerp,2024-10-08,0.6874,16.45
6,Antwerp,2024-10-09,0.5322,4.57
6,Antwerp,2024-10-10,0.6495,8.08
6,Antwerp,2024-10-11,0.5141,7.43
6,Antwerp,2024-10-12,0.5432,5.16
6,Antwerp,2024-10-13,0.5526,1.74
6,Antwerp,2024-10-14,0.5008,6.55
6,Antwerp,2024-10-15,0.6306,19.89
6,Antwerp,2024-10-16,0.6634,11.25
6,Antwerp,2024-10-17,0.6565,7.69
6,Antwerp,2024-10-18,0.5844,10.6
6,Antwerp,2024-10-19,0.6614,4.23
6,Antwerp,2024-10-20,0.7332,5.44
6,Antwerp,2024-10-21,0.7498,3.23
6,Antwerp,2024-10-22,0.8254,2.52
6,Antwerp,2024-10-23,0.7943,0.13
6,Antwerp,2024-10-24,0.7775,5.62
6,Antwerp,2024-10-25,0.7653,60.73
6,Antwerp,2024-10-26,0.7733,18.93
6,Antwerp,2024-10-27,0.7685,14.05
6,Antwerp,2024-10-28,0.7383,6.7
6,Antwerp,2024-10-29,0.6347,7.97
6,Antwerp,2024-10-30,0.5998,11.15
6,Antwerp,2024-10-31,0.6245,4.2
6,Antwerp,2024-11-01,0.6218,3.72
6,Antwerp,2024-11-02,0.5437,9.49
6,Antwerp,2024-11-03,0.5264,1.44
6,Antwerp,2024-11-04,0.485,3.35
6,Antwerp,2024-11-05,0.4457,0.25
6,Antwerp,2024-11-06,0.3352,0.91
6,Antwerp,2024-11-07,0.3543,12.36
6,Antwerp,2024-11-08,0.4408,1.91
6,Antwerp,2024-11-09,0.4418,15.67
6,Antwerp,2024-11-10,0.4645,5.86
6,Antwerp,2024-11-11,0.51,0.98
6,Antwerp,2024-11-12,0.5291,1.11
6,Antwerp,2024-11-13,0.5531,7.53
6,Antwerp,2024-11-14,0.5755,2.98
6,Antwerp,2024-11-15,0.657,9.79
6,Antwerp,2024-11-16,0.5325,0.33
6,Antwerp,2024-11-17,0.5666,1.67
6,Antwerp,2024-11-18,0.5763,7.91
6,Antwerp,2024-11-19,0.5294,3.12
6,Antwerp,2024-11-20,0.4006,9.1
6,Antwerp,2024-11-21,0.3082,0.12
6,Antwerp,2024-11-22,0.3218,1.05
6,Antwerp,2024-11-23,0.2842,0.69
6,Antwerp,2024-11-24,0.3606,5.46
6,Antwerp,2024-11-25,0.4523,9.35
6,Antwerp,2024-11-26,0.539,7.27
6,Antwerp,2024-11-27,0.5159,0.84
6,Antwerp,2024-11-28,0.5441,1.17
6,Antwerp,2024-11-29,0.4651,1.24
6,Antwerp,2024-11-30,0.6035,2.59
6,Antwerp,2024-12-01,0.6897,8.02
6,Antwerp,2024-12-02,0.648,3.11
6,Antwerp,2024-12-03,0.7171,2.65
6,Antwerp,2024-12-04,0.6128,0.11
6,Antwerp,2024-12-05,0.5496,1.49
6,Antwerp,2024-12-06,0.565,3.58
6,Antwerp,2024-12-07,0.4954,2.28
6,Antwerp,2024-12-08,0.5231,1.24
6,Antwerp,2024-12-09,0.6194,2.12
6,Antwerp,2024-12-10,0.5107,9.13
6,Antwerp,2024-12-11,0.5073,0.8
6,Antwerp,2024-12-12,0.4378,4.22
6,Antwerp,2024-12-13,0.4825,2.98
6,Antwerp,2024-12-14,0.4933,10.5
6,Antwerp,2024-12-15,0.4467,2.92
6,Antwerp,2024-12-16,0.474,2.83
6,Antwerp,2024-12-17,0.4741,7.03
6,Antwerp,2024-12-18,0.4269,1.03
6,Antwerp,2024-12-19,0.326,2.45
6,Antwerp,2024-12-20,0.4142,3.54
6,Antwerp,2024-12-21,0.4614,0.36
6,Antwerp,2024-12-22,0.5002,32.44
6,Antwerp,2024-12-23,0.4714,6.93
6,Antwerp,2024-12-24,0.4516,3.47
6,Antwerp,2024-12-25,0.3504,0.4
6,Antwerp,2024-12-26,0.4843,6.73
6,Antwerp,2024-12-27,0.4272,8.92
6,Antwerp,2024-12-28,0.5019,4.31
6,Antwerp,2024-12-29,0.4459,2.19
6,Antwerp,2024-12-30,0.5013,3.8
6,Antwerp,2024-12-31,0.4765,2.2
6,Antwerp,2025-01-01,0.447,3.91
6,Antwerp,2025-01-02,0.4685,4.86
6,Antwerp,2025-01-03,0.46,1.09
6,Antwerp,2025-01-04,0.3588,1.66
6,Antwerp,2025-01-05,0.3566,0.59
6,Antwerp,2025-01-06,0.4714,1.79
6,Antwerp,2025-01-07,0.4666,9.3
6,Antwerp,2025-01-08,0.405,1.06
6,Antwerp,2025-01-09,0.5731,3.68
6,Antwerp,2025-01-10,0.5856,8.58
6,Antwerp,2025-01-11,0.5151,1.77
6,Antwerp,2025-01-12,0.633,6.05
6,Antwerp,2025-01-13,0.5439,2.33
6,Antwerp,2025-01-14,0.4735,14.8
6,Antwerp,2025-01-15,0.5287,0.96
6,Antwerp,2025-01-16,0.4592,4.88
6,Antwerp,2025-01-17,0.5287,8.35
6,Antwerp,2025-01-18,0.5675,15.49
6,Antwerp,2025-01-19,0.6743,3.0
6,Antwerp,2025-01-20,0.748,29.13
6,Antwerp,2025-01-21,0.6815,10.33
6,Antwerp,2025-01-22,0.6063,0.18
6,Antwerp,2025-01-23,0.521,10.24
6,Antwerp,2025-01-24,0.4723,8.62
6,Antwerp,2025-01-25,0.49,2.72
6,Antwerp,2025-01-26,0.3754,0.34
6,Antwerp,2025-01-27,0.4308,0.27
6,Antwerp,2025-01-28,0.3141,2.23
6,Antwerp,2025-01-29,0.3427,2.47
6,Antwerp,2025-01-30,0.3195,2.42
6,Antwerp,2025-01-31,0.3999,0.61
6,Antwerp,2025-02-01,0.2406,1.15
6,Antwerp,2025-02-02,0.3193,3.38
6,Antwerp,2025-02-03,0.3724,0.31
6,Antwerp,2025-02-04,0.3504,2.05
6,Antwerp,2025-02-05,0.3906,0.64
6,Antwerp,2025-02-06,0.4212,3.84
6,Antwerp,2025-02-07,0.3688,3.25
6,Antwerp,2025-02-08,0.3848,18.53
6,Antwerp,2025-02-09,0.4333,2.43
6,Antwerp,2025-02-10,0.3765,2.38
6,Antwerp,2025-02-11,0.3944,2.11
6,Antwerp,2025-02-12,0.4701,0.81
6,Antwerp,2025-02-13,0.4747,0.87
6,Antwerp,2025-02-14,0.4703,3.21
6,Antwerp,2025-02-15,0.3825,0.96
6,Antwerp,2025-02-16,0.3214,2.55
6,Antwerp,2025-02-17,0.3493,3.74
6,Antwerp,2025-02-18,0.4048,2.73
6,Antwerp,2025-02-19,0.4426,6.82
6,Antwerp,2025-02-20,0.4162,1.7
6,Antwerp,2025-02-21,0.3975,0.11
6,Antwerp,2025-02-22,0.3639,3.13
6,Antwerp,2025-02-23,0.4403,9.43
6,Antwerp,2025-02-24,0.3866,2.23
6,Antwerp,2025-02-25,0.392,6.09
6,Antwerp,2025-02-26,0.363,8.78
6,Antwerp,2025-02-27,0.4084,4.46
6,Antwerp,2025-02-28,0.4253,0.59
6,Antwerp,2025-03-01,0.3471,6.11
6,Antwerp,2025-03-02,0.4485,3.86
6,Antwerp,2025-03-03,0.4959,1.69
6,Antwerp,2025-03-04,0.4941,7.54
6,Antwerp,2025-03-05,0.3989,0.3
6,Antwerp,2025-03-06,0.3793,6.14
6,Antwerp,2025-03-07,0.3676,1.27
6,Antwerp,2025-03-08,0.3658,3.2
6,Antwerp,2025-03-09,0.257,3.79
6,Antwerp,2025-03-10,0.3215,0.09
6,Antwerp,2025-03-11,0.3805,9.48
6,Antwerp,2025-03-12,0.3496,9.92
6,Antwerp,2025-03-13,0.3717,2.5
6,Antwerp,2025-03-14,0.3425,0.96
6,Antwerp,2025-03-15,0.4501,0.28
6,Antwerp,2025-03-16,0.3826,0.92
6,Antwerp,2025-03-17,0.4131,11.46
6,Antwerp,2025-03-18,0.3631,3.68
6,Antwerp,2025-03-19,0.3113,3.54
6,Antwerp,2025-03-20,0.4171,1.2
6,Antwerp,2025-03-21,0.5337,4.18
6,Antwerp,2025-03-22,0.4883,6.29
6,Antwerp,2025-03-23,0.6838,0.11
6,Antwerp,2025-03-24,0.7572,1.71
6,Antwerp,2025-03-25,0.7767,21.16
6,Antwerp,2025-03-26,0.7334,7.31
6,Antwerp,2025-03-27,0.7664,4.33
6,Antwerp,2025-03-28,0.7616,13.73
6,Antwerp,2025-03-29,0.6606,1.18
6,Antwerp,2025-03-30,0.6298,1.59
6,Antwerp,2025-03-31,0.6173,9.0
6,Antwerp,2025-04-01,0.5189,3.73
6,Antwerp,2025-04-02,0.5671,9.18
6,Antwerp,2025-04-03,0.5594,3.89
6,Antwerp,2025-04-04,0.5681,4.95
6,Antwerp,2025-04-05,0.6551,0.97
6,Antwerp,2025-04-06,0.6368,14.78
6,Antwerp,2025-04-07,0.7249,17.57
6,Antwerp,2025-04-08,0.6252,16.2
6,Antwerp,2025-04-09,0.5534,4.05
6,Antwerp,2025-04-10,0.5377,1.46
6,Antwerp,2025-04-11,0.5597,12.39
6,Antwerp,2025-04-12,0.5611,2.04
6,Antwerp,2025-04-13,0.6047,22.56
6,Antwerp,2025-04-14,0.84,18.09
6,Antwerp,2025-04-15,0.6931,7.04
6,Antwerp,2025-04-16,0.624,0.19
6,Antwerp,2025-04-17,0.6239,1.76
6,Antwerp,2025-04-18,0.747,6.71
6,Antwerp,2025-04-19,0.6945,16.87
6,Antwerp,2025-04-20,0.6606,5.99
6,Antwerp,2025-04-21,0.6474,12.61
6,Antwerp,2025-04-22,0.6521,1.81
6,Antwerp,2025-04-23,0.6228,24.87
6,Antwerp,2025-04-24,0.6477,3.28
6,Antwerp,2025-04-25,0.7241,50.75
6,Antwerp,2025-04-26,0.665,8.7
6,Antwerp,2025-04-27,0.6932,2.79
6,Antwerp,2025-04-28,0.6556,9.63
6,Antwerp,2025-04-29,0.6407,0.98
6,Antwerp,2025-04-30,0.5741,0.61
6,Antwerp,2025-05-01,0.4561,1.61
6,Antwerp,2025-05-02,0.5372,0.91
6,Antwerp,2025-05-03,0.4619,2.32
6,Antwerp,2025-05-04,0.4126,4.93
6,Antwerp,2025-05-05,0.4321,3.22
6,Antwerp,2025-05-06,0.5449,5.41
6,Antwerp,2025-05-07,0.6277,0.97
6,Antwerp,2025-05-08,0.5023,10.0
6,Antwerp,2025-05-09,0.4484,22.35
6,Antwerp,2025-05-10,0.558,6.82
6,Antwerp,2025-05-11,0.6729,19.15
6,Antwerp,2025-05-12,0.7117,8.72
6,Antwerp,2025-05-13,0.6853,19.79
6,Antwerp,2025-05-14,0.6501,8.29
6,Antwerp,2025-05-15,0.6097,7.64
6,Antwerp,2025-05-16,0.5425,5.08
6,Antwerp,2025-05-17,0.5778,19.94
6,Antwerp,2025-05-18,0.5027,0.65
6,Antwerp,2025-05-19,0.5723,3.23
6,Antwerp,2025-05-20,0.5565,7.7
6,Antwerp,2025-05-21,0.6062,0.65
6,Antwerp,2025-05-22,0.5431,8.0
6,Antwerp,2025-05-23,0.4821,13.62
6,Antwerp,2025-05-24,0.4144,0.24
6,Antwerp,2025-05-25,0.4142,0.2
6,Antwerp,2025-05-26,0.4459,18.9
6,Antwerp,2025-05-27,0.3663,1.46
6,Antwerp,2025-05-28,0.3411,5.44
6,Antwerp,2025-05-29,0.3557,2.14
6,Antwerp,2025-05-30,0.4362,1.95
6,Antwerp,2025-05-31,0.4333,5.37
6,Antwerp,2025-06-01,0.4742,4.28
6,Antwerp,2025-06-02,0.5106,2.83
6,Antwerp,2025-06-03,0.503,4.81
6,Antwerp,2025-06-04,0.5234,3.31
6,Antwerp,2025-06-05,0.4399,8.93
6,Antwerp,2025-06-06,0.5811,6.72
6,Antwerp,2025-06-07,0.5668,4.44
6,Antwerp,2025-06-08,0.5443,2.88
6,Antwerp,2025-06-09,0.5847,4.5
6,Antwerp,2025-06-10,0.6337,9.67
6,Antwerp,2025-06-11,0.6334,16.12
6,Antwerp,2025-06-12,0.6464,7.61
6,Antwerp,2025-06-13,0.6549,2.53
6,Antwerp,2025-06-14,0.5623,5.72
6,Antwerp,2025-06-15,0.3898,3.93
6,Antwerp,2025-06-16,0.4836,8.49
6,Antwerp,2025-06-17,0.5369,19.27
6,Antwerp,2025-06-18,0.4514,1.97
6,Antwerp,2025-06-19,0.369,0.67
6,Antwerp,2025-06-20,0.3353,1.5
6,Antwerp,2025-06-21,0.3073,0.36
6,Antwerp,2025-06-22,0.264,6.51
6,Antwerp,2025-06-23,0.3277,1.24
6,Antwerp,2025-06-24,0.3457,10.32
6,Antwerp,2025-06-25,0.3543,5.0
6,Antwerp,2025-06-26,0.3272,1.85
6,Antwerp,2025-06-27,0.31,8.47
6,Antwerp,2025-06-28,0.2305,0.57
6,Antwerp,2025-06-29,0.2147,1.06
6,Antwerp,2025-06-30,0.3129,0.84
6,Antwerp,2025-07-01,0.224,4.1
6,Antwerp,2025-07-02,0.2389,3.93
6,Antwerp,2025-07-03,0.1926,1.54
6,Antwerp,2025-07-04,0.1673,1.07
6,Antwerp,2025-07-05,0.2511,3.54
6,Antwerp,2025-07-06,0.3409,0.18
6,Antwerp,2025-07-07,0.416,5.9
6,Antwerp,2025-07-08,0.3408,1.37
6,Antwerp,2025-07-09,0.3962,0.62
6,Antwerp,2025-07-10,0.4394,4.68
6,Antwerp,2025-07-11,0.5828,8.45
6,Antwerp,2025-07-12,0.5272,3.2
6,Antwerp,2025-07-13,0.5328,3.86
6,Antwerp,2025-07-14,0.5018,3.47
6,Antwerp,2025-07-15,0.374,6.11
6,Antwerp,2025-07-16,0.2657,9.76
6,Antwerp,2025-07-17,0.2838,9.3
6,Antwerp,2025-07-18,0.2818,0.9
6,Antwerp,2025-07-19,0.3259,0.43
6,Antwerp,2025-07-20,0.3722,0.37
6,Antwerp,2025-07-21,0.4154,4.37
6,Antwerp,2025-07-22,0.3193,0.68
6,Antwerp,2025-07-23,0.2688,4.84
6,Antwerp,2025-07-24,0.2976,2.88
6,Antwerp,2025-07-25,0.359,1.86
6,Antwerp,2025-07-26,0.384,0.96
6,Antwerp,2025-07-27,0.4369,3.1
6,Antwerp,2025-07-28,0.457,1.62
6,Antwerp,2025-07-29,0.4617,1.92
6,Antwerp,2025-07-30,0.4868,7.89
6,Antwerp,2025-07-31,0.5335,0.56
6,Antwerp,2025-08-01,0.5457,2.32
6,Antwerp,2025-08-02,0.5243,4.87
6,Antwerp,2025-08-03,0.5269,14.56
6,Antwerp,2025-08-04,0.5535,13.54
6,Antwerp,2025-08-05,0.5177,5.45
6,Antwerp,2025-08-06,0.4646,1.28
6,Antwerp,2025-08-07,0.3528,1.26
6,Antwerp,2025-08-08,0.4195,2.28
6,Antwerp,2025-08-09,0.4441,4.12
6,Antwerp,2025-08-10,0.4537,5.31
6,Antwerp,2025-08-11,0.5109,3.74
6,Antwerp,2025-08-12,0.4866,17.17
6,Antwerp,2025-08-13,0.5875,2.02
6,Antwerp,2025-08-14,0.6172,6.76
6,Antwerp,2025-08-15,0.7369,16.6
6,Antwerp,2025-08-16,0.6559,1.25
6,Antwerp,2025-08-17,0.621,14.19
6,Antwerp,2025-08-18,0.6303,11.9
6,Antwerp,2025-08-19,0.6889,11.36
6,Antwerp,2025-08-20,0.5294,8.9
6,Antwerp,2025-08-21,0.5501,7.35
6,Antwerp,2025-08-22,0.5745,7.63
6,Antwerp,2025-08-23,0.619,2.72
6,Antwerp,2025-08-24,0.562,0.51
6,Antwerp,2025-08-25,0.4811,3.38
6,Antwerp,2025-08-26,0.5878,4.54
6,Antwerp,2025-08-27,0.5674,2.84
6,Antwerp,2025-08-28,0.6074,11.16
6,Antwerp,2025-08-29,0.5968,4.64
6,Antwerp,2025-08-30,0.6443,1.15
6,Antwerp,2025-08-31,0.6643,29.85
6,Antwerp,2025-09-01,0.7487,4.19
6,Antwerp,2025-09-02,0.69,20.41
6,Antwerp,2025-09-03,0.7393,6.07
6,Antwerp,2025-09-04,0.7332,4.2
6,Antwerp,2025-09-05,0.6173,10.26
6,Antwerp,2025-09-06,0.676,2.4
6,Antwerp,2025-09-07,0.6806,1.87
6,Antwerp,2025-09-08,0.6721,7.6
6,Antwerp,2025-09-09,0.6346,1.58
6,Antwerp,2025-09-10,0.5491,0.58
6,Antwerp,2025-09-11,0.5431,9.94
6,Antwerp,2025-09-12,0.5922,4.45
6,Antwerp,2025-09-13,0.5791,9.09
6,Antwerp,2025-09-14,0.5745,4.53
6,Antwerp,2025-09-15,0.5638,29.01
6,Antwerp,2025-09-16,0.492,2.52
6,Antwerp,2025-09-17,0.4859,8.9
6,Antwerp,2025-09-18,0.4942,1.28
6,Antwerp,2025-09-19,0.4913,0.6
6,Antwerp,2025-09-20,0.5117,10.41
6,Antwerp,2025-09-21,0.5532,2.14
6,Antwerp,2025-09-22,0.6362,11.81
6,Antwerp,2025-09-23,0.5817,14.68
6,Antwerp,2025-09-24,0.4632,5.19
6,Antwerp,2025-09-25,0.4845,1.37
6,Antwerp,2025-09-26,0.4901,4.35
6,Antwerp,2025-09-27,0.4837,0.08
6,Antwerp,2025-09-28,0.4476,2.15
6,Antwerp,2025-09-29,0.5829,22.01
6,Antwerp,2025-09-30,0.5389,3.39
6,Antwerp,2025-10-01,0.6375,9.57
6,Antwerp,2025-10-02,0.6587,26.83
6,Antwerp,2025-10-03,0.7237,13.97
6,Antwerp,2025-10-04,0.6799,12.14
6,Antwerp,2025-10-05,0.5993,0.49
6,Antwerp,2025-10-06,0.6604,8.29
6,Antwerp,2025-10-07,0.6526,16.8
6,Antwerp,2025-10-08,0.595,1.63
6,Antwerp,2025-10-09,0.6172,16.85
6,Antwerp,2025-10-10,0.6593,19.3
6,Antwerp,2025-10-11,0.5277,8.52
6,Antwerp,2025-10-12,0.5524,14.92
6,Antwerp,2025-10-13,0.6349,2.32
6,Antwerp,2025-10-14,0.5183,0.44
6,Antwerp,2025-10-15,0.6242,5.3
6,Antwerp,2025-10-16,0.6843,0.52
6,Antwerp,2025-10-17,0.5799,7.82
6,Antwerp,2025-10-18,0.5396,5.78
6,Antwerp,2025-10-19,0.4721,6.18
6,Antwerp,2025-10-20,0.4351,2.28
6,Antwerp,2025-10-21,0.4526,3.32
6,Antwerp,2025-10-22,0.458,1.97
6,Antwerp,2025-10-23,0.3993,0.51
6,Antwerp,2025-10-24,0.3845,2.9
6,Antwerp,2025-10-25,0.3899,1.86
6,Antwerp,2025-10-26,0.4186,3.45
6,Antwerp,2025-10-27,0.4096,16.47
6,Antwerp,2025-10-28,0.4155,7.75
6,Antwerp,2025-10-29,0.4496,7.03
6,Antwerp,2025-10-30,0.5014,4.05
6,Antwerp,2025-10-31,0.5397,10.37
6,Antwerp,2025-11-01,0.5354,3.08
6,Antwerp,2025-11-02,0.5076,4.05
6,Antwerp,2025-11-03,0.513,4.83
6,Antwerp,2025-11-04,0.513,2.17
6,Antwerp,2025-11-05,0.508,6.34
6,Antwerp,2025-11-06,0.5226,35.39
6,Antwerp,2025-11-07,0.4948,7.41
6,Antwerp,2025-11-08,0.5247,11.72
6,Antwerp,2025-11-09,0.4214,3.53
6,Antwerp,2025-11-10,0.5026,0.43
6,Antwerp,2025-11-11,0.4804,7.97
6,Antwerp,2025-11-12,0.4057,0.62
6,Antwerp,2025-11-13,0.3403,1.04
6,Antwerp,2025-11-14,0.4132,1.55
6,Antwerp,2025-11-15,0.4219,10.53
6,Antwerp,2025-11-16,0.4345,13.23
6,Antwerp,2025-11-17,0.4617,5.78
6,Antwerp,2025-11-18,0.4327,0.22
6,Antwerp,2025-11-19,0.4388,6.48
6,Antwerp,2025-11-20,0.4349,19.97
6,Antwerp,2025-11-21,0.4177,15.57
6,Antwerp,2025-11-22,0.3176,4.46
6,Antwerp,2025-11-23,0.2882,1.06
6,Antwerp,2025-11-24,0.3536,5.96
6,Antwerp,2025-11-25,0.4116,1.96
6,Antwerp,2025-11-26,0.293,4.06
6,Antwerp,2025-11-27,0.2785,0.27
6,Antwerp,2025-11-28,0.3385,0.24
6,Antwerp,2025-11-29,0.3558,0.81
6,Antwerp,2025-11-30,0.3669,8.85
6,Antwerp,2025-12-01,0.382,3.04
6,Antwerp,2025-12-02,0.3401,1.35
6,Antwerp,2025-12-03,0.3768,1.24
6,Antwerp,2025-12-04,0.3959,16.85
6,Antwerp,2025-12-05,0.4245,2.02
6,Antwerp,2025-12-06,0.5442,2.71
6,Antwerp,2025-12-07,0.6025,8.37
6,Antwerp,2025-12-08,0.6504,1.71
6,Antwerp,2025-12-09,0.6785,8.53
6,Antwerp,2025-12-10,0.6867,14.37
6,Antwerp,2025-12-11,0.6386,1.27
6,Antwerp,2025-12-12,0.5759,0.01
6,Antwerp,2025-12-13,0.6154,7.81
6,Antwerp,2025-12-14,0.5915,2.11
6,Antwerp,2025-12-15,0.6653,0.71
6,Antwerp,2025-12-16,0.6853,3.18
6,Antwerp,2025-12-17,0.5638,4.5
6,Antwerp,2025-12-18,0.5846,4.88
6,Antwerp,2025-12-19,0.6993,1.97
6,Antwerp,2025-12-20,0.6554,2.9
6,Antwerp,2025-12-21,0.6484,4.69
6,Antwerp,2025-12-22,0.7239,7.28
6,Antwerp,2025-12-23,0.6,4.89
6,Antwerp,2025-12-24,0.4567,2.73
6,Antwerp,2025-12-25,0.4434,0.47
6,Antwerp,2025-12-26,0.3771,6.81
6,Antwerp,2025-12-27,0.4635,0.79
6,Antwerp,2025-12-28,0.5103,25.77
6,Antwerp,2025-12-29,0.618,10.08
6,Antwerp,2025-12-30,0.592,0.2
6,Antwerp,2025-12-31,0.6391,13.85
7,Dubai,2023-01-01,0.5295,23.79
7,Dubai,2023-01-02,0.5993,9.57
7,Dubai,2023-01-03,0.5492,7.21
7,Dubai,2023-01-04,0.5222,0.85
7,Dubai,2023-01-05,0.442,1.97
7,Dubai,2023-01-06,0.3768,5.41
7,Dubai,2023-01-07,0.2786,3.41
7,Dubai,2023-01-08,0.2755,1.35
7,Dubai,2023-01-09,0.2723,1.17
7,Dubai,2023-01-10,0.2893,11.19
7,Dubai,2023-01-11,0.2612,4.9
7,Dubai,2023-01-12,0.224,0.64
7,Dubai,2023-01-13,0.2397,4.58
7,Dubai,2023-01-14,0.1075,0.45
7,Dubai,2023-01-15,0.174,0.43
7,Dubai,2023-01-16,0.1958,0.08
7,Dubai,2023-01-17,0.173,1.71
7,Dubai,2023-01-18,0.2721,1.81
7,Dubai,2023-01-19,0.2445,0.56
7,Dubai,2023-01-20,0.3047,3.8
7,Dubai,2023-01-21,0.1743,0.42
7,Dubai,2023-01-22,0.1396,1.34
7,Dubai,2023-01-23,0.2562,0.15
7,Dubai,2023-01-24,0.302,1.24
7,Dubai,2023-01-25,0.3305,0.31
7,Dubai,2023-01-26,0.2666,1.7
7,Dubai,2023-01-27,0.3028,3.54
7,Dubai,2023-01-28,0.2674,6.01
7,Dubai,2023-01-29,0.2805,0.65
7,Dubai,2023-01-30,0.3643,7.3
7,Dubai,2023-01-31,0.3567,1.77
7,Dubai,2023-02-01,0.4014,5.34
7,Dubai,2023-02-02,0.4443,0.17
7,Dubai,2023-02-03,0.3743,0.16
7,Dubai,2023-02-04,0.2377,3.08
7,Dubai,2023-02-05,0.2954,2.73
7,Dubai,2023-02-06,0.3293,0.71
7,Dubai,2023-02-07,0.399,3.1
7,Dubai,2023-02-08,0.3964,7.31
7,Dubai,2023-02-09,0.469,0.85
7,Dubai,2023-02-10,0.5132,6.08
7,Dubai,2023-02-11,0.4997,4.73
7,Dubai,2023-02-12,0.4403,5.74
7,Dubai,2023-02-13,0.4206,6.14
7,Dubai,2023-02-14,0.2878,1.97
7,Dubai,2023-02-15,0.3155,0.79
7,Dubai,2023-02-16,0.2524,1.75
7,Dubai,2023-02-17,0.2602,1.7
7,Dubai,2023-02-18,0.251,4.8
7,Dubai,2023-02-19,0.2122,0.36
7,Dubai,2023-02-20,0.262,0.43
7,Dubai,2023-02-21,0.1081,1.81
7,Dubai,2023-02-22,0.121,0.34
7,Dubai,2023-02-23,0.1706,1.39
7,Dubai,2023-02-24,0.0978,3.19
7,Dubai,2023-02-25,0.068,1.77
7,Dubai,2023-02-26,0.1683,3.77
7,Dubai,2023-02-27,0.2066,2.31
7,Dubai,2023-02-28,0.1628,0.97
7,Dubai,2023-03-01,0.2137,1.72
7,Dubai,2023-03-02,0.1434,1.13
7,Dubai,2023-03-03,0.117,0.92
7,Dubai,2023-03-04,0.0693,1.03
7,Dubai,2023-03-05,0.1698,0.44
7,Dubai,2023-03-06,0.1505,0.25
7,Dubai,2023-03-07,0.1522,0.89
7,Dubai,2023-03-08,0.2286,5.3
7,Dubai,2023-03-09,0.1634,0.75
7,Dubai,2023-03-10,0.0899,1.69
7,Dubai,2023-03-11,0.2335,1.3
7,Dubai,2023-03-12,0.2379,3.94
7,Dubai,2023-03-13,0.2341,2.23
7,Dubai,2023-03-14,0.2205,0.07
7,Dubai,2023-03-15,0.2644,0.32
7,Dubai,2023-03-16,0.1612,1.09
7,Dubai,2023-03-17,0.1672,0.07
7,Dubai,2023-03-18,0.2208,2.47
7,Dubai,2023-03-19,0.3093,0.56
7,Dubai,2023-03-20,0.4265,1.95
7,Dubai,2023-03-21,0.4065,2.52
7,Dubai,2023-03-22,0.4749,3.55
7,Dubai,2023-03-23,0.3377,1.23
7,Dubai,2023-03-24,0.3606,1.34
7,Dubai,2023-03-25,0.1802,3.51
7,Dubai,2023-03-26,0.2706,9.1
7,Dubai,2023-03-27,0.3297,1.29
7,Dubai,2023-03-28,0.4232,0.48
7,Dubai,2023-03-29,0.3598,4.06
7,Dubai,2023-03-30,0.2585,2.77
7,Dubai,2023-03-31,0.3306,1.81
7,Dubai,2023-04-01,0.3054,1.47
7,Dubai,2023-04-02,0.3601,1.36
7,Dubai,2023-04-03,0.429,1.29
7,Dubai,2023-04-04,0.3834,1.77
7,Dubai,2023-04-05,0.36,0.31
7,Dubai,2023-04-06,0.327,3.68
7,Dubai,2023-04-07,0.344,0.42
7,Dubai,2023-04-08,0.2964,3.49
7,Dubai,2023-04-09,0.3221,0.82
7,Dubai,2023-04-10,0.2435,0.98
7,Dubai,2023-04-11,0.1223,0.59
7,Dubai,2023-04-12,0.105,0.06
7,Dubai,2023-04-13,0.0789,0.43
7,Dubai,2023-04-14,0.0922,0.97
7,Dubai,2023-04-15,0.1801,0.77
7,Dubai,2023-04-16,0.1906,4.7
7,Dubai,2023-04-17,0.2787,0.76
7,Dubai,2023-04-18,0.3009,2.36
7,Dubai,2023-04-19,0.3798,3.16
7,Dubai,2023-04-20,0.3202,0.47
7,Dubai,2023-04-21,0.3706,0.86
7,Dubai,2023-04-22,0.3376,9.57
7,Dubai,2023-04-23,0.2549,5.43
7,Dubai,2023-04-24,0.2156,2.2
7,Dubai,2023-04-25,0.2008,3.57
7,Dubai,2023-04-26,0.2645,3.87
7,Dubai,2023-04-27,0.2221,3.52
7,Dubai,2023-04-28,0.2195,0.64
7,Dubai,2023-04-29,0.1759,0.36
7,Dubai,2023-04-30,0.1072,2.15
7,Dubai,2023-05-01,0.1296,1.41
7,Dubai,2023-05-02,0.2063,2.55
7,Dubai,2023-05-03,0.2218,5.52
7,Dubai,2023-05-04,0.1853,3.05
7,Dubai,2023-05-05,0.1947,1.38
7,Dubai,2023-05-06,0.2158,0.68
7,Dubai,2023-05-07,0.1781,0.68
7,Dubai,2023-05-08,0.2745,1.65
7,Dubai,2023-05-09,0.3404,6.99
7,Dubai,2023-05-10,0.2547,14.12
7,Dubai,2023-05-11,0.2304,0.09
7,Dubai,2023-05-12,0.2812,0.58
7,Dubai,2023-05-13,0.3501,0.48
7,Dubai,2023-05-14,0.1761,0.97
7,Dubai,2023-05-15,0.1812,0.2
7,Dubai,2023-05-16,0.0311,3.43
7,Dubai,2023-05-17,0.0973,0.73
7,Dubai,2023-05-18,0.1102,1.0
7,Dubai,2023-05-19,0.2131,0.97
7,Dubai,2023-05-20,0.1978,2.36
7,Dubai,2023-05-21,0.1849,0.95
7,Dubai,2023-05-22,0.2487,0.18
7,Dubai,2023-05-23,0.2482,1.0
7,Dubai,2023-05-24,0.2113,1.45
7,Dubai,2023-05-25,0.2629,0.3
7,Dubai,2023-05-26,0.3524,4.58
7,Dubai,2023-05-27,0.3539,2.82
7,Dubai,2023-05-28,0.4189,3.95
7,Dubai,2023-05-29,0.5216,1.7
7,Dubai,2023-05-30,0.4477,2.7
7,Dubai,2023-05-31,0.4194,3.91
7,Dubai,2023-06-01,0.4159,5.93
7,Dubai,2023-06-02,0.3244,1.47
7,Dubai,2023-06-03,0.3159,3.48
7,Dubai,2023-06-04,0.2944,0.8
7,Dubai,2023-06-05,0.2787,3.81
7,Dubai,2023-06-06,0.2842,5.79
7,Dubai,2023-06-07,0.2176,3.22
7,Dubai,2023-06-08,0.1224,1.16
7,Dubai,2023-06-09,0.0185,0.4
7,Dubai,2023-06-10,0.0,2.07
7,Dubai,2023-06-11,0.0,0.17
7,Dubai,2023-06-12,0.0655,0.26
7,Dubai,2023-06-13,0.101,0.12
7,Dubai,2023-06-14,0.0764,1.19
7,Dubai,2023-06-15,0.1272,2.99
7,Dubai,2023-06-16,0.1845,11.45
7,Dubai,2023-06-17,0.1319,2.79
7,Dubai,2023-06-18,0.0819,0.23
7,Dubai,2023-06-19,0.2092,8.12
7,Dubai,2023-06-20,0.1762,1.14
7,Dubai,2023-06-21,0.2828,3.06
7,Dubai,2023-06-22,0.1961,0.34
7,Dubai,2023-06-23,0.2106,4.99
7,Dubai,2023-06-24,0.1172,0.96
7,Dubai,2023-06-25,0.0067,3.37
7,Dubai,2023-06-26,0.0277,1.75
7,Dubai,2023-06-27,0.0903,3.85
7,Dubai,2023-06-28,0.0637,0.68
7,Dubai,2023-06-29,0.1136,6.17
7,Dubai,2023-06-30,0.0996,2.68
7,Dubai,2023-07-01,0.1913,1.24
7,Dubai,2023-07-02,0.1412,0.07
7,Dubai,2023-07-03,0.275,1.52
7,Dubai,2023-07-04,0.2675,1.41
7,Dubai,2023-07-05,0.1957,3.3
7,Dubai,2023-07-06,0.143,1.28
7,Dubai,2023-07-07,0.2013,0.66
7,Dubai,2023-07-08,0.1312,1.11
7,Dubai,2023-07-09,0.1543,0.99
7,Dubai,2023-07-10,0.1545,1.32
7,Dubai,2023-07-11,0.0928,0.6
7,Dubai,2023-07-12,0.0528,0.43
7,Dubai,2023-07-13,0.0,0.33
7,Dubai,2023-07-14,0.0593,1.44
7,Dubai,2023-07-15,0.0857,2.18
7,Dubai,2023-07-16,0.0511,1.12
7,Dubai,2023-07-17,0.0586,1.13
7,Dubai,2023-07-18,0.0,1.19
7,Dubai,2023-07-19,0.0,1.46
7,Dubai,2023-07-20,0.0476,1.07
7,Dubai,2023-07-21,0.0503,2.17
7,Dubai,2023-07-22,0.0793,0.25
7,Dubai,2023-07-23,0.1252,4.89
7,Dubai,2023-07-24,0.0988,0.14
7,Dubai,2023-07-25,0.2387,2.7
7,Dubai,2023-07-26,0.2852,0.25
7,Dubai,2023-07-27,0.2498,1.13
7,Dubai,2023-07-28,0.1648,0.64
7,Dubai,2023-07-29,0.1038,2.82
7,Dubai,2023-07-30,0.2288,1.56
7,Dubai,2023-07-31,0.2889,2.22
7,Dubai,2023-08-01,0.2419,6.65
7,Dubai,2023-08-02,0.2066,6.38
7,Dubai,2023-08-03,0.2866,0.31
7,Dubai,2023-08-04,0.3287,1.65
7,Dubai,2023-08-05,0.2863,0.4
7,Dubai,2023-08-06,0.1742,0.06
7,Dubai,2023-08-07,0.2027,0.62
7,Dubai,2023-08-08,0.235,0.4
7,Dubai,2023-08-09,0.2578,0.77
7,Dubai,2023-08-10,0.1869,2.6
7,Dubai,2023-08-11,0.2146,0.23
7,Dubai,2023-08-12,0.2439,4.15
7,Dubai,2023-08-13,0.3218,6.45
7,Dubai,2023-08-14,0.3228,1.24
7,Dubai,2023-08-15,0.4132,11.27
7,Dubai,2023-08-16,0.4156,2.23
7,Dubai,2023-08-17,0.3526,8.52
7,Dubai,2023-08-18,0.3014,6.65
7,Dubai,2023-08-19,0.156,2.03
7,Dubai,2023-08-20,0.0989,0.55
7,Dubai,2023-08-21,0.2392,0.33
7,Dubai,2023-08-22,0.2056,0.41
7,Dubai,2023-08-23,0.1051,0.32
7,Dubai,2023-08-24,0.064,1.15
7,Dubai,2023-08-25,0.1108,2.02
7,Dubai,2023-08-26,0.0988,1.34
7,Dubai,2023-08-27,0.1315,1.2
7,Dubai,2023-08-28,0.1576,1.98
7,Dubai,2023-08-29,0.1249,0.59
7,Dubai,2023-08-30,0.1278,0.95
7,Dubai,2023-08-31,0.0663,1.24
7,Dubai,2023-09-01,0.1205,1.03
7,Dubai,2023-09-02,0.0682,0.89
7,Dubai,2023-09-03,0.0705,2.25
7,Dubai,2023-09-04,0.1427,0.02
7,Dubai,2023-09-05,0.1252,2.98
7,Dubai,2023-09-06,0.1303,0.07
7,Dubai,2023-09-07,0.1776,1.43
7,Dubai,2023-09-08,0.1645,0.02
7,Dubai,2023-09-09,0.2672,0.4
7,Dubai,2023-09-10,0.1809,1.78
7,Dubai,2023-09-11,0.2945,0.37
7,Dubai,2023-09-12,0.3064,0.69
7,Dubai,2023-09-13,0.3193,0.84
7,Dubai,2023-09-14,0.3632,4.95
7,Dubai,2023-09-15,0.3724,5.49
7,Dubai,2023-09-16,0.3615,3.3
7,Dubai,2023-09-17,0.3451,1.54
7,Dubai,2023-09-18,0.4174,0.83
7,Dubai,2023-09-19,0.4519,6.11
7,Dubai,2023-09-20,0.4204,2.97
7,Dubai,2023-09-21,0.3716,2.11
7,Dubai,2023-09-22,0.3174,2.25
7,Dubai,2023-09-23,0.3142,8.73
7,Dubai,2023-09-24,0.2705,0.84
7,Dubai,2023-09-25,0.1944,4.44
7,Dubai,2023-09-26,0.1862,0.31
7,Dubai,2023-09-27,0.19,0.69
7,Dubai,2023-09-28,0.238,0.48
7,Dubai,2023-09-29,0.2608,5.98
7,Dubai,2023-09-30,0.1903,1.78
7,Dubai,2023-10-01,0.2513,8.18
7,Dubai,2023-10-02,0.159,4.56
7,Dubai,2023-10-03,0.07,0.76
7,Dubai,2023-10-04,0.068,1.01
7,Dubai,2023-10-05,0.0629,0.99
7,Dubai,2023-10-06,0.0922,2.31
7,Dubai,2023-10-07,0.0522,3.64
7,Dubai,2023-10-08,0.1237,0.64
7,Dubai,2023-10-09,0.1573,1.29
7,Dubai,2023-10-10,0.0763,0.16
7,Dubai,2023-10-11,0.1094,2.29
7,Dubai,2023-10-12,0.069,0.65
7,Dubai,2023-10-13,0.0533,0.78
7,Dubai,2023-10-14,0.0611,1.41
7,Dubai,2023-10-15,0.1695,4.7
7,Dubai,2023-10-16,0.0782,1.58
7,Dubai,2023-10-17,0.0,1.66
7,Dubai,2023-10-18,0.0,0.08
7,Dubai,2023-10-19,0.1181,1.42
7,Dubai,2023-10-20,0.085,0.01
7,Dubai,2023-10-21,0.1546,2.18
7,Dubai,2023-10-22,0.2055,0.72
7,Dubai,2023-10-23,0.3054,5.13
7,Dubai,2023-10-24,0.2313,0.41
7,Dubai,2023-10-25,0.2264,1.23
7,Dubai,2023-10-26,0.2586,0.27
7,Dubai,2023-10-27,0.2985,6.06
7,Dubai,2023-10-28,0.4504,7.36
7,Dubai,2023-10-29,0.5286,5.19
7,Dubai,2023-10-30,0.5934,1.03
7,Dubai,2023-10-31,0.5834,12.57
7,Dubai,2023-11-01,0.5793,16.26
7,Dubai,2023-11-02,0.5947,10.71
7,Dubai,2023-11-03,0.6793,13.33
7,Dubai,2023-11-04,0.5707,1.39
7,Dubai,2023-11-05,0.594,16.23
7,Dubai,2023-11-06,0.5998,1.8
7,Dubai,2023-11-07,0.6122,0.54
7,Dubai,2023-11-08,0.5654,2.88
7,Dubai,2023-11-09,0.4925,26.77
7,Dubai,2023-11-10,0.4593,5.56
7,Dubai,2023-11-11,0.4335,0.27
7,Dubai,2023-11-12,0.4354,2.45
7,Dubai,2023-11-13,0.4206,1.1
7,Dubai,2023-11-14,0.3051,0.03
7,Dubai,2023-11-15,0.3312,10.51
7,Dubai,2023-11-16,0.3073,3.25
7,Dubai,2023-11-17,0.1984,8.68
7,Dubai,2023-11-18,0.1013,0.29
7,Dubai,2023-11-19,0.1291,0.12
7,Dubai,2023-11-20,0.2159,9.74
7,Dubai,2023-11-21,0.2799,0.28
7,Dubai,2023-11-22,0.2383,2.06
7,Dubai,2023-11-23,0.1944,1.11
7,Dubai,2023-11-24,0.2573,3.88
7,Dubai,2023-11-25,0.1981,2.94
7,Dubai,2023-11-26,0.1481,0.2
7,Dubai,2023-11-27,0.2049,0.58
7,Dubai,2023-11-28,0.2198,4.48
7,Dubai,2023-11-29,0.2493,0.94
7,Dubai,2023-11-30,0.2492,0.73
7,Dubai,2023-12-01,0.2123,0.52
7,Dubai,2023-12-02,0.1884,1.97
7,Dubai,2023-12-03,0.1936,2.5
7,Dubai,2023-12-04,0.3094,5.34
7,Dubai,2023-12-05,0.3367,10.21
7,Dubai,2023-12-06,0.3294,9.45
7,Dubai,2023-12-07,0.3519,0.84
7,Dubai,2023-12-08,0.4403,0.96
7,Dubai,2023-12-09,0.3331,0.11
7,Dubai,2023-12-10,0.3184,3.63
7,Dubai,2023-12-11,0.2461,6.26
7,Dubai,2023-12-12,0.2408,0.04
7,Dubai,2023-12-13,0.2066,2.38
7,Dubai,2023-12-14,0.2865,0.69
7,Dubai,2023-12-15,0.3752,5.01
7,Dubai,2023-12-16,0.4768,6.82
7,Dubai,2023-12-17,0.427,0.29
7,Dubai,2023-12-18,0.4551,12.04
7,Dubai,2023-12-19,0.4217,1.26
7,Dubai,2023-12-20,0.4746,3.85
7,Dubai,2023-12-21,0.4405,4.1
7,Dubai,2023-12-22,0.3848,4.75
7,Dubai,2023-12-23,0.2612,1.54
7,Dubai,2023-12-24,0.3301,0.15
7,Dubai,2023-12-25,0.3748,3.84
7,Dubai,2023-12-26,0.366,1.12
7,Dubai,2023-12-27,0.4392,20.04
7,Dubai,2023-12-28,0.42,3.19
7,Dubai,2023-12-29,0.3353,2.34
7,Dubai,2023-12-30,0.2446,1.06
7,Dubai,2023-12-31,0.2762,0.3
7,Dubai,2024-01-01,0.3506,1.19
7,Dubai,2024-01-02,0.4673,1.97
7,Dubai,2024-01-03,0.4408,1.4
7,Dubai,2024-01-04,0.5271,1.82
7,Dubai,2024-01-05,0.4534,2.02
7,Dubai,2024-01-06,0.382,0.71
7,Dubai,2024-01-07,0.298,10.37
7,Dubai,2024-01-08,0.3432,0.66
7,Dubai,2024-01-09,0.4023,5.79
7,Dubai,2024-01-10,0.3718,2.84
7,Dubai,2024-01-11,0.2988,1.95
7,Dubai,2024-01-12,0.3591,0.69
7,Dubai,2024-01-13,0.3368,2.05
7,Dubai,2024-01-14,0.3637,2.46
7,Dubai,2024-01-15,0.3832,0.94
7,Dubai,2024-01-16,0.3601,0.77
7,Dubai,2024-01-17,0.467,0.77
7,Dubai,2024-01-18,0.3764,12.1
7,Dubai,2024-01-19,0.4147,1.35
7,Dubai,2024-01-20,0.4366,2.24
7,Dubai,2024-01-21,0.476,9.92
7,Dubai,2024-01-22,0.4215,0.86
7,Dubai,2024-01-23,0.4229,16.65
7,Dubai,2024-01-24,0.3719,1.35
7,Dubai,2024-01-25,0.351,2.86
7,Dubai,2024-01-26,0.3407,10.51
7,Dubai,2024-01-27,0.2963,0.79
7,Dubai,2024-01-28,0.3817,0.06
7,Dubai,2024-01-29,0.4646,0.41
7,Dubai,2024-01-30,0.353,5.27
7,Dubai,2024-01-31,0.3216,0.89
7,Dubai,2024-02-01,0.3027,10.08
7,Dubai,2024-02-02,0.4053,0.55
7,Dubai,2024-02-03,0.3143,0.19
7,Dubai,2024-02-04,0.262,0.41
7,Dubai,2024-02-05,0.2524,5.93
7,Dubai,2024-02-06,0.1306,3.78
7,Dubai,2024-02-07,0.0242,0.57
7,Dubai,2024-02-08,0.0624,0.05
7,Dubai,2024-02-09,0.0654,0.71
7,Dubai,2024-02-10,0.0966,0.47
7,Dubai,2024-02-11,0.0136,1.15
7,Dubai,2024-02-12,0.0085,0.39
7,Dubai,2024-02-13,0.0067,0.62
7,Dubai,2024-02-14,0.0,1.21
7,Dubai,2024-02-15,0.0065,0.74
7,Dubai,2024-02-16,0.0414,0.49
7,Dubai,2024-02-17,0.0368,1.82
7,Dubai,2024-02-18,0.0,0.12
7,Dubai,2024-02-19,0.1349,0.83
7,Dubai,2024-02-20,0.0705,0.02
7,Dubai,2024-02-21,0.0757,3.68
7,Dubai,2024-02-22,0.0806,0.61
7,Dubai,2024-02-23,0.1271,0.08
7,Dubai,2024-02-24,0.053,2.08
7,Dubai,2024-02-25,0.0872,0.81
7,Dubai,2024-02-26,0.0989,1.06
7,Dubai,2024-02-27,0.1431,3.26
7,Dubai,2024-02-28,0.2044,0.65
7,Dubai,2024-02-29,0.2069,5.38
7,Dubai,2024-03-01,0.202,0.74
7,Dubai,2024-03-02,0.2981,0.41
7,Dubai,2024-03-03,0.3114,3.87
7,Dubai,2024-03-04,0.2914,3.1
7,Dubai,2024-03-05,0.2122,1.76
7,Dubai,2024-03-06,0.2336,0.71
7,Dubai,2024-03-07,0.2099,0.87
7,Dubai,2024-03-08,0.1727,2.31
7,Dubai,2024-03-09,0.1812,0.24
7,Dubai,2024-03-10,0.1085,0.85
7,Dubai,2024-03-11,0.1647,3.89
7,Dubai,2024-03-12,0.1852,1.51
7,Dubai,2024-03-13,0.1362,1.27
7,Dubai,2024-03-14,0.1642,0.58
7,Dubai,2024-03-15,0.1529,0.02
7,Dubai,2024-03-16,0.1565,0.08
7,Dubai,2024-03-17,0.0681,0.61
7,Dubai,2024-03-18,0.1289,1.16
7,Dubai,2024-03-19,0.201,0.43
7,Dubai,2024-03-20,0.1106,1.53
7,Dubai,2024-03-21,0.1649,1.13
7,Dubai,2024-03-22,0.1649,0.49
7,Dubai,2024-03-23,0.2225,1.42
7,Dubai,2024-03-24,0.3237,2.51
7,Dubai,2024-03-25,0.354,1.37
7,Dubai,2024-03-26,0.3681,6.24
7,Dubai,2024-03-27,0.3701,5.16
7,Dubai,2024-03-28,0.4074,4.16
7,Dubai,2024-03-29,0.3992,6.15
7,Dubai,2024-03-30,0.4154,17.55
7,Dubai,2024-03-31,0.3474,0.27
7,Dubai,2024-04-01,0.4372,1.19
7,Dubai,2024-04-02,0.3453,1.14
7,Dubai,2024-04-03,0.3,5.2
7,Dubai,2024-04-04,0.25,4.75
7,Dubai,2024-04-05,0.2971,1.29
7,Dubai,2024-04-06,0.3317,1.51
7,Dubai,2024-04-07,0.3482,1.22
7,Dubai,2024-04-08,0.3389,9.47
7,Dubai,2024-04-09,0.4102,2.32
7,Dubai,2024-04-10,0.4554,32.48
7,Dubai,2024-04-11,0.4411,1.53
7,Dubai,2024-04-12,0.406,3.82
7,Dubai,2024-04-13,0.3005,0.38
7,Dubai,2024-04-14,0.3308,1.82
7,Dubai,2024-04-15,0.3368,0.33
7,Dubai,2024-04-16,0.3782,0.71
7,Dubai,2024-04-17,0.419,6.75
7,Dubai,2024-04-18,0.3666,3.88
7,Dubai,2024-04-19,0.3778,3.66
7,Dubai,2024-04-20,0.3551,1.25
7,Dubai,2024-04-21,0.4238,0.25
7,Dubai,2024-04-22,0.4153,1.21
7,Dubai,2024-04-23,0.4289,0.86
7,Dubai,2024-04-24,0.4062,0.8
7,Dubai,2024-04-25,0.4746,16.6
7,Dubai,2024-04-26,0.4323,6.37
7,Dubai,2024-04-27,0.3424,22.71
7,Dubai,2024-04-28,0.2129,5.48
7,Dubai,2024-04-29,0.2618,0.34
7,Dubai,2024-04-30,0.2691,2.44
7,Dubai,2024-05-01,0.2483,0.2
7,Dubai,2024-05-02,0.2974,4.52
7,Dubai,2024-05-03,0.4074,12.5
7,Dubai,2024-05-04,0.3365,1.6
7,Dubai,2024-05-05,0.3069,2.87
7,Dubai,2024-05-06,0.233,1.91
7,Dubai,2024-05-07,0.2331,0.0
7,Dubai,2024-05-08,0.1914,1.35
7,Dubai,2024-05-09,0.1671,5.73
7,Dubai,2024-05-10,0.1923,2.2
7,Dubai,2024-05-11,0.2225,0.72
7,Dubai,2024-05-12,0.2038,0.7
7,Dubai,2024-05-13,0.3617,2.02
7,Dubai,2024-05-14,0.3357,0.87
7,Dubai,2024-05-15,0.2334,2.51
7,Dubai,2024-05-16,0.1837,1.07
7,Dubai,2024-05-17,0.251,1.15
7,Dubai,2024-05-18,0.2828,1.85
7,Dubai,2024-05-19,0.2702,0.46
7,Dubai,2024-05-20,0.2993,2.56
7,Dubai,2024-05-21,0.2962,1.11
7,Dubai,2024-05-22,0.3222,7.65
7,Dubai,2024-05-23,0.3029,1.46
7,Dubai,2024-05-24,0.2428,1.06
7,Dubai,2024-05-25,0.1924,1.98
7,Dubai,2024-05-26,0.1552,1.09
7,Dubai,2024-05-27,0.1272,1.03
7,Dubai,2024-05-28,0.0597,0.29
7,Dubai,2024-05-29,0.093,1.0
7,Dubai,2024-05-30,0.0995,0.09
7,Dubai,2024-05-31,0.1789,7.89
7,Dubai,2024-06-01,0.2822,0.41
7,Dubai,2024-06-02,0.3144,2.33
7,Dubai,2024-06-03,0.3771,4.29
7,Dubai,2024-06-04,0.2633,0.09
7,Dubai,2024-06-05,0.2865,2.04
7,Dubai,2024-06-06,0.2701,0.37
7,Dubai,2024-06-07,0.3582,3.98
7,Dubai,2024-06-08,0.2604,1.52
7,Dubai,2024-06-09,0.3018,0.55
7,Dubai,2024-06-10,0.291,3.81
7,Dubai,2024-06-11,0.2163,0.17
7,Dubai,2024-06-12,0.3325,1.06
7,Dubai,2024-06-13,0.3177,4.55
7,Dubai,2024-06-14,0.3235,9.84
7,Dubai,2024-06-15,0.2731,1.79
7,Dubai,2024-06-16,0.242,1.05
7,Dubai,2024-06-17,0.2495,0.51
7,Dubai,2024-06-18,0.2255,4.05
7,Dubai,2024-06-19,0.2103,1.22
7,Dubai,2024-06-20,0.1903,0.05
7,Dubai,2024-06-21,0.1536,0.14
7,Dubai,2024-06-22,0.1566,0.21
7,Dubai,2024-06-23,0.1743,3.77
7,Dubai,2024-06-24,0.2603,0.85
7,Dubai,2024-06-25,0.3146,0.02
7,Dubai,2024-06-26,0.2779,2.95
7,Dubai,2024-06-27,0.2854,2.81
7,Dubai,2024-06-28,0.3462,2.73
7,Dubai,2024-06-29,0.2916,1.41
7,Dubai,2024-06-30,0.2899,7.32
7,Dubai,2024-07-01,0.3355,1.19
7,Dubai,2024-07-02,0.2079,1.11
7,Dubai,2024-07-03,0.203,0.96
7,Dubai,2024-07-04,0.2074,3.52
7,Dubai,2024-07-05,0.1918,1.52
7,Dubai,2024-07-06,0.2454,0.31
7,Dubai,2024-07-07,0.341,0.33
7,Dubai,2024-07-08,0.3822,9.08
7,Dubai,2024-07-09,0.2876,5.5
7,Dubai,2024-07-10,0.2618,2.57
7,Dubai,2024-07-11,0.1978,1.81
7,Dubai,2024-07-12,0.3469,3.07
7,Dubai,2024-07-13,0.2949,3.59
7,Dubai,2024-07-14,0.2918,1.16
7,Dubai,2024-07-15,0.3844,8.58
7,Dubai,2024-07-16,0.3099,0.08
7,Dubai,2024-07-17,0.2513,2.63
7,Dubai,2024-07-18,0.3166,5.18
7,Dubai,2024-07-19,0.4022,1.4
7,Dubai,2024-07-20,0.3184,2.11
7,Dubai,2024-07-21,0.2419,18.76
7,Dubai,2024-07-22,0.3097,0.74
7,Dubai,2024-07-23,0.3288,0.63
7,Dubai,2024-07-24,0.2777,1.44
7,Dubai,2024-07-25,0.2835,2.26
7,Dubai,2024-07-26,0.2356,0.45
7,Dubai,2024-07-27,0.2606,12.96
7,Dubai,2024-07-28,0.2666,5.56
7,Dubai,2024-07-29,0.1982,2.66
7,Dubai,2024-07-30,0.1751,1.2
7,Dubai,2024-07-31,0.1576,4.8
7,Dubai,2024-08-01,0.1989,1.44
7,Dubai,2024-08-02,0.1659,3.57
7,Dubai,2024-08-03,0.2351,0.5
7,Dubai,2024-08-04,0.2327,2.53
7,Dubai,2024-08-05,0.3302,1.36
7,Dubai,2024-08-06,0.231,2.67
7,Dubai,2024-08-07,0.2425,2.33
7,Dubai,2024-08-08,0.2464,2.98
7,Dubai,2024-08-09,0.2818,0.6
7,Dubai,2024-08-10,0.2916,3.21
7,Dubai,2024-08-11,0.2959,5.02
7,Dubai,2024-08-12,0.1902,3.12
7,Dubai,2024-08-13,0.2901,2.98
7,Dubai,2024-08-14,0.2404,0.07
7,Dubai,2024-08-15,0.2003,1.38
7,Dubai,2024-08-16,0.2342,0.45
7,Dubai,2024-08-17,0.259,0.43
7,Dubai,2024-08-18,0.1731,2.26
7,Dubai,2024-08-19,0.127,0.38
7,Dubai,2024-08-20,0.2247,5.93
7,Dubai,2024-08-21,0.2014,1.45
7,Dubai,2024-08-22,0.2195,2.15
7,Dubai,2024-08-23,0.1866,0.27
7,Dubai,2024-08-24,0.2853,0.45
7,Dubai,2024-08-25,0.3256,3.02
7,Dubai,2024-08-26,0.3174,10.29
7,Dubai,2024-08-27,0.3958,4.14
7,Dubai,2024-08-28,0.4128,1.76
7,Dubai,2024-08-29,0.4365,3.16
7,Dubai,2024-08-30,0.4918,4.69
7,Dubai,2024-08-31,0.435,1.38
7,Dubai,2024-09-01,0.5155,0.11
7,Dubai,2024-09-02,0.6234,17.79
7,Dubai,2024-09-03,0.6807,15.68
7,Dubai,2024-09-04,0.4849,2.44
7,Dubai,2024-09-05,0.4535,0.85
7,Dubai,2024-09-06,0.4755,1.49
7,Dubai,2024-09-07,0.4241,0.45
7,Dubai,2024-09-08,0.3985,5.14
7,Dubai,2024-09-09,0.4135,9.87
7,Dubai,2024-09-10,0.4693,11.45
7,Dubai,2024-09-11,0.5102,25.54
7,Dubai,2024-09-12,0.4946,0.95
7,Dubai,2024-09-13,0.5165,7.78
7,Dubai,2024-09-14,0.4811,3.75
7,Dubai,2024-09-15,0.5687,3.64
7,Dubai,2024-09-16,0.588,2.62
7,Dubai,2024-09-17,0.6471,11.91
7,Dubai,2024-09-18,0.6527,15.51
7,Dubai,2024-09-19,0.6348,4.28
7,Dubai,2024-09-20,0.5225,15.74
7,Dubai,2024-09-21,0.5587,9.03
7,Dubai,2024-09-22,0.413,3.19
7,Dubai,2024-09-23,0.417,11.16
7,Dubai,2024-09-24,0.31,3.49
7,Dubai,2024-09-25,0.3565,0.66
7,Dubai,2024-09-26,0.3142,1.36
7,Dubai,2024-09-27,0.3708,2.66
7,Dubai,2024-09-28,0.2254,7.16
7,Dubai,2024-09-29,0.2772,1.64
7,Dubai,2024-09-30,0.3591,1.46
7,Dubai,2024-10-01,0.2795,0.02
7,Dubai,2024-10-02,0.2383,0.8
7,Dubai,2024-10-03,0.3151,4.43
7,Dubai,2024-10-04,0.3489,0.97
7,Dubai,2024-10-05,0.3832,0.31
7,Dubai,2024-10-06,0.2562,0.85
7,Dubai,2024-10-07,0.2806,1.3
7,Dubai,2024-10-08,0.3338,4.33
7,Dubai,2024-10-09,0.2751,0.15
7,Dubai,2024-10-10,0.2282,1.3
7,Dubai,2024-10-11,0.2554,2.03
7,Dubai,2024-10-12,0.2039,2.53
7,Dubai,2024-10-13,0.2901,2.94
7,Dubai,2024-10-14,0.3639,4.7
7,Dubai,2024-10-15,0.3452,7.38
7,Dubai,2024-10-16,0.4555,5.55
7,Dubai,2024-10-17,0.4192,3.77
7,Dubai,2024-10-18,0.4545,11.11
7,Dubai,2024-10-19,0.3706,27.09
7,Dubai,2024-10-20,0.3494,2.21
7,Dubai,2024-10-21,0.4149,8.97
7,Dubai,2024-10-22,0.4305,6.53
7,Dubai,2024-10-23,0.3503,3.12
7,Dubai,2024-10-24,0.2558,0.95
7,Dubai,2024-10-25,0.2856,0.52
7,Dubai,2024-10-26,0.3006,1.74
7,Dubai,2024-10-27,0.1719,0.69
7,Dubai,2024-10-28,0.3464,9.59
7,Dubai,2024-10-29,0.3491,6.34
7,Dubai,2024-10-30,0.2112,4.3
7,Dubai,2024-10-31,0.2366,1.38
7,Dubai,2024-11-01,0.167,2.35
7,Dubai,2024-11-02,0.1108,2.8
7,Dubai,2024-11-03,0.1508,1.4
7,Dubai,2024-11-04,0.1225,1.26
7,Dubai,2024-11-05,0.0761,1.01
7,Dubai,2024-11-06,0.1435,0.48
7,Dubai,2024-11-07,0.1449,6.02
7,Dubai,2024-11-08,0.1556,0.22
7,Dubai,2024-11-09,0.1519,0.69
7,Dubai,2024-11-10,0.261,2.7
7,Dubai,2024-11-11,0.3455,2.94
7,Dubai,2024-11-12,0.2462,2.83
7,Dubai,2024-11-13,0.3319,2.26
7,Dubai,2024-11-14,0.2917,2.58
7,Dubai,2024-11-15,0.3066,6.2
7,Dubai,2024-11-16,0.2366,1.15
7,Dubai,2024-11-17,0.2053,1.03
7,Dubai,2024-11-18,0.2574,0.07
7,Dubai,2024-11-19,0.2558,1.83
7,Dubai,2024-11-20,0.3536,1.13
7,Dubai,2024-11-21,0.2679,2.13
7,Dubai,2024-11-22,0.2817,2.19
7,Dubai,2024-11-23,0.1471,0.21
7,Dubai,2024-11-24,0.1199,1.5
7,Dubai,2024-11-25,0.2326,0.6
7,Dubai,2024-11-26,0.3199,0.1
7,Dubai,2024-11-27,0.4017,2.72
7,Dubai,2024-11-28,0.3553,1.43
7,Dubai,2024-11-29,0.3487,1.88
7,Dubai,2024-11-30,0.2734,5.44
7,Dubai,2024-12-01,0.2535,0.01
7,Dubai,2024-12-02,0.3585,1.86
7,Dubai,2024-12-03,0.39,4.27
7,Dubai,2024-12-04,0.3373,4.58
7,Dubai,2024-12-05,0.302,1.73
7,Dubai,2024-12-06,0.3031,5.27
7,Dubai,2024-12-07,0.2585,5.28
7,Dubai,2024-12-08,0.266,0.87
7,Dubai,2024-12-09,0.3431,2.59
7,Dubai,2024-12-10,0.4646,0.74
7,Dubai,2024-12-11,0.4341,0.65
7,Dubai,2024-12-12,0.4483,16.14
7,Dubai,2024-12-13,0.3885,3.51
7,Dubai,2024-12-14,0.3728,6.71
7,Dubai,2024-12-15,0.3433,11.62
7,Dubai,2024-12-16,0.4066,2.04
7,Dubai,2024-12-17,0.4118,1.67
7,Dubai,2024-12-18,0.4283,6.68
7,Dubai,2024-12-19,0.3931,3.63
7,Dubai,2024-12-20,0.3799,0.93
7,Dubai,2024-12-21,0.2868,1.68
7,Dubai,2024-12-22,0.2894,1.49
7,Dubai,2024-12-23,0.3133,0.95
7,Dubai,2024-12-24,0.3823,0.15
7,Dubai,2024-12-25,0.3512,4.8
7,Dubai,2024-12-26,0.3013,1.7
7,Dubai,2024-12-27,0.3538,3.8
7,Dubai,2024-12-28,0.2536,1.84
7,Dubai,2024-12-29,0.2651,1.08
7,Dubai,2024-12-30,0.2605,2.23
7,Dubai,2024-12-31,0.1809,0.45
7,Dubai,2025-01-01,0.1916,2.12
7,Dubai,2025-01-02,0.0499,2.13
7,Dubai,2025-01-03,0.133,2.18
7,Dubai,2025-01-04,0.1468,2.78
7,Dubai,2025-01-05,0.1177,4.7
7,Dubai,2025-01-06,0.225,1.16
7,Dubai,2025-01-07,0.2531,1.5
7,Dubai,2025-01-08,0.171,2.14
7,Dubai,2025-01-09,0.2105,2.02
7,Dubai,2025-01-10,0.2704,2.06
7,Dubai,2025-01-11,0.2359,3.2
7,Dubai,2025-01-12,0.2188,2.06
7,Dubai,2025-01-13,0.3556,1.63
7,Dubai,2025-01-14,0.3622,2.93
7,Dubai,2025-01-15,0.2694,1.55
7,Dubai,2025-01-16,0.2693,0.34
7,Dubai,2025-01-17,0.1999,2.5
7,Dubai,2025-01-18,0.2315,8.85
7,Dubai,2025-01-19,0.1947,5.94
7,Dubai,2025-01-20,0.2081,0.24
7,Dubai,2025-01-21,0.1524,0.55
7,Dubai,2025-01-22,0.139,1.88
7,Dubai,2025-01-23,0.1612,0.25
7,Dubai,2025-01-24,0.158,0.12
7,Dubai,2025-01-25,0.1185,3.75
7,Dubai,2025-01-26,0.1338,0.46
7,Dubai,2025-01-27,0.1639,0.17
7,Dubai,2025-01-28,0.1544,0.48
7,Dubai,2025-01-29,0.1195,0.07
7,Dubai,2025-01-30,0.0729,0.87
7,Dubai,2025-01-31,0.1111,0.26
7,Dubai,2025-02-01,0.1658,0.72
7,Dubai,2025-02-02,0.1662,1.98
7,Dubai,2025-02-03,0.1927,1.32
7,Dubai,2025-02-04,0.1084,1.67
7,Dubai,2025-02-05,0.0914,0.27
7,Dubai,2025-02-06,0.0728,0.07
7,Dubai,2025-02-07,0.1238,3.67
7,Dubai,2025-02-08,0.1363,0.29
7,Dubai,2025-02-09,0.2841,2.94
7,Dubai,2025-02-10,0.2929,1.63
7,Dubai,2025-02-11,0.3306,0.27
7,Dubai,2025-02-12,0.3654,2.44
7,Dubai,2025-02-13,0.3838,0.3
7,Dubai,2025-02-14,0.3927,4.36
7,Dubai,2025-02-15,0.522,4.75
7,Dubai,2025-02-16,0.433,1.73
7,Dubai,2025-02-17,0.4747,5.14
7,Dubai,2025-02-18,0.4858,17.66
7,Dubai,2025-02-19,0.3535,0.56
7,Dubai,2025-02-20,0.2509,3.12
7,Dubai,2025-02-21,0.3495,1.53
7,Dubai,2025-02-22,0.3502,0.19
7,Dubai,2025-02-23,0.2638,0.69
7,Dubai,2025-02-24,0.3696,3.07
7,Dubai,2025-02-25,0.3391,0.39
7,Dubai,2025-02-26,0.3795,4.19
7,Dubai,2025-02-27,0.4603,7.97
7,Dubai,2025-02-28,0.4481,0.14
7,Dubai,2025-03-01,0.3028,5.72
7,Dubai,2025-03-02,0.2445,5.53
7,Dubai,2025-03-03,0.1593,2.46
7,Dubai,2025-03-04,0.1103,1.84
7,Dubai,2025-03-05,0.2044,0.1
7,Dubai,2025-03-06,0.1604,1.48
7,Dubai,2025-03-07,0.1289,1.67
7,Dubai,2025-03-08,0.2308,0.31
7,Dubai,2025-03-09,0.2157,4.79
7,Dubai,2025-03-10,0.2677,1.43
7,Dubai,2025-03-11,0.1943,1.56
7,Dubai,2025-03-12,0.2689,1.87
7,Dubai,2025-03-13,0.263,5.32
7,Dubai,2025-03-14,0.3327,5.46
7,Dubai,2025-03-15,0.2297,3.53
7,Dubai,2025-03-16,0.3039,3.62
7,Dubai,2025-03-17,0.3508,1.86
7,Dubai,2025-03-18,0.2887,3.53
7,Dubai,2025-03-19,0.2526,3.21
7,Dubai,2025-03-20,0.2144,1.35
7,Dubai,2025-03-21,0.2579,0.28
7,Dubai,2025-03-22,0.258,2.57
7,Dubai,2025-03-23,0.3465,9.8
7,Dubai,2025-03-24,0.2469,1.47
7,Dubai,2025-03-25,0.2775,10.56
7,Dubai,2025-03-26,0.171,1.76
7,Dubai,2025-03-27,0.3257,0.48
7,Dubai,2025-03-28,0.4304,0.88
7,Dubai,2025-03-29,0.4001,3.13
7,Dubai,2025-03-30,0.4014,5.21
7,Dubai,2025-03-31,0.4214,16.68
7,Dubai,2025-04-01,0.3577,1.52
7,Dubai,2025-04-02,0.2947,0.32
7,Dubai,2025-04-03,0.281,0.14
7,Dubai,2025-04-04,0.1412,0.39
7,Dubai,2025-04-05,0.2271,1.64
7,Dubai,2025-04-06,0.3264,1.24
7,Dubai,2025-04-07,0.3357,2.3
7,Dubai,2025-04-08,0.406,5.07
7,Dubai,2025-04-09,0.3507,1.62
7,Dubai,2025-04-10,0.2987,0.26
7,Dubai,2025-04-11,0.3291,8.02
7,Dubai,2025-04-12,0.345,2.0
7,Dubai,2025-04-13,0.2769,1.57
7,Dubai,2025-04-14,0.3279,3.68
7,Dubai,2025-04-15,0.3296,3.93
7,Dubai,2025-04-16,0.1788,1.72
7,Dubai,2025-04-17,0.1647,1.21
7,Dubai,2025-04-18,0.1855,1.14
7,Dubai,2025-04-19,0.1506,0.21
7,Dubai,2025-04-20,0.1201,0.51
7,Dubai,2025-04-21,0.1987,1.55
7,Dubai,2025-04-22,0.1031,0.33
7,Dubai,2025-04-23,0.1799,0.73
7,Dubai,2025-04-24,0.1748,2.85
7,Dubai,2025-04-25,0.2825,0.07
7,Dubai,2025-04-26,0.235,0.62
7,Dubai,2025-04-27,0.2893,0.53
7,Dubai,2025-04-28,0.3518,1.35
7,Dubai,2025-04-29,0.2268,2.72
7,Dubai,2025-04-30,0.2129,0.2
7,Dubai,2025-05-01,0.3638,4.77
7,Dubai,2025-05-02,0.4255,6.66
7,Dubai,2025-05-03,0.3327,6.21
7,Dubai,2025-05-04,0.289,0.79
7,Dubai,2025-05-05,0.3686,1.09
7,Dubai,2025-05-06,0.3692,0.58
7,Dubai,2025-05-07,0.2585,1.84
7,Dubai,2025-05-08,0.1464,2.07
7,Dubai,2025-05-09,0.2261,0.13
7,Dubai,2025-05-10,0.2066,6.89
7,Dubai,2025-05-11,0.2705,0.54
7,Dubai,2025-05-12,0.3231,1.08
7,Dubai,2025-05-13,0.2598,1.88
7,Dubai,2025-05-14,0.2508,0.81
7,Dubai,2025-05-15,0.2196,2.26
7,Dubai,2025-05-16,0.2651,0.26
7,Dubai,2025-05-17,0.204,4.43
7,Dubai,2025-05-18,0.1129,0.35
7,Dubai,2025-05-19,0.1543,0.01
7,Dubai,2025-05-20,0.1089,0.19
7,Dubai,2025-05-21,0.1771,0.55
7,Dubai,2025-05-22,0.166,4.72
7,Dubai,2025-05-23,0.2163,2.78
7,Dubai,2025-05-24,0.1923,0.59
7,Dubai,2025-05-25,0.2034,0.52
7,Dubai,2025-05-26,0.2799,0.24
7,Dubai,2025-05-27,0.2852,1.2
7,Dubai,2025-05-28,0.1774,0.61
7,Dubai,2025-05-29,0.154,0.31
7,Dubai,2025-05-30,0.3126,16.62
7,Dubai,2025-05-31,0.322,4.18
7,Dubai,2025-06-01,0.281,0.91
7,Dubai,2025-06-02,0.2812,2.88
7,Dubai,2025-06-03,0.3562,1.12
7,Dubai,2025-06-04,0.3697,5.5
7,Dubai,2025-06-05,0.274,0.52
7,Dubai,2025-06-06,0.4156,1.15
7,Dubai,2025-06-07,0.4073,0.89
7,Dubai,2025-06-08,0.3985,1.55
7,Dubai,2025-06-09,0.504,3.69
7,Dubai,2025-06-10,0.4778,9.29
7,Dubai,2025-06-11,0.4706,0.82
7,Dubai,2025-06-12,0.3475,4.12
7,Dubai,2025-06-13,0.355,4.28
7,Dubai,2025-06-14,0.2612,3.55
7,Dubai,2025-06-15,0.2233,0.01
7,Dubai,2025-06-16,0.276,4.38
7,Dubai,2025-06-17,0.133,0.91
7,Dubai,2025-06-18,0.161,0.12
7,Dubai,2025-06-19,0.2166,1.46
7,Dubai,2025-06-20,0.1352,3.23
7,Dubai,2025-06-21,0.1028,0.28
7,Dubai,2025-06-22,0.0242,0.35
7,Dubai,2025-06-23,0.117,0.37
7,Dubai,2025-06-24,0.0973,0.52
7,Dubai,2025-06-25,0.1776,1.56
7,Dubai,2025-06-26,0.1022,4.46
7,Dubai,2025-06-27,0.1563,0.0
7,Dubai,2025-06-28,0.112,3.92
7,Dubai,2025-06-29,0.1241,0.3
7,Dubai,2025-06-30,0.1541,5.01
7,Dubai,2025-07-01,0.2023,1.08
7,Dubai,2025-07-02,0.2199,2.0
7,Dubai,2025-07-03,0.2869,4.21
7,Dubai,2025-07-04,0.3012,0.13
7,Dubai,2025-07-05,0.2349,8.64
7,Dubai,2025-07-06,0.268,0.12
7,Dubai,2025-07-07,0.296,1.82
7,Dubai,2025-07-08,0.269,6.84
7,Dubai,2025-07-09,0.2817,0.33
7,Dubai,2025-07-10,0.227,0.37
7,Dubai,2025-07-11,0.3611,7.69
7,Dubai,2025-07-12,0.4054,1.33
7,Dubai,2025-07-13,0.4032,9.43
7,Dubai,2025-07-14,0.4347,1.56
7,Dubai,2025-07-15,0.4096,2.71
7,Dubai,2025-07-16,0.3539,2.73
7,Dubai,2025-07-17,0.3663,0.93
7,Dubai,2025-07-18,0.3515,0.04
7,Dubai,2025-07-19,0.4324,1.34
7,Dubai,2025-07-20,0.4912,0.63
7,Dubai,2025-07-21,0.51,12.66
7,Dubai,2025-07-22,0.5289,4.96
7,Dubai,2025-07-23,0.3997,3.44
7,Dubai,2025-07-24,0.3863,1.76
7,Dubai,2025-07-25,0.2893,1.76
7,Dubai,2025-07-26,0.2854,4.93
7,Dubai,2025-07-27,0.2274,3.52
7,Dubai,2025-07-28,0.3189,0.74
7,Dubai,2025-07-29,0.31,1.81
7,Dubai,2025-07-30,0.275,3.69
7,Dubai,2025-07-31,0.2451,1.84
7,Dubai,2025-08-01,0.1385,0.04
7,Dubai,2025-08-02,0.1994,4.37
7,Dubai,2025-08-03,0.2828,0.27
7,Dubai,2025-08-04,0.3602,2.72
7,Dubai,2025-08-05,0.3117,0.32
7,Dubai,2025-08-06,0.2467,1.19
7,Dubai,2025-08-07,0.1412,3.95
7,Dubai,2025-08-08,0.1556,0.06
7,Dubai,2025-08-09,0.0229,0.22
7,Dubai,2025-08-10,0.0,1.4
7,Dubai,2025-08-11,0.1226,0.61
7,Dubai,2025-08-12,0.2285,0.28
7,Dubai,2025-08-13,0.1883,0.51
7,Dubai,2025-08-14,0.2186,4.57
7,Dubai,2025-08-15,0.2173,0.03
7,Dubai,2025-08-16,0.2864,2.01
7,Dubai,2025-08-17,0.2902,0.83
7,Dubai,2025-08-18,0.3569,1.0
7,Dubai,2025-08-19,0.2296,1.84
7,Dubai,2025-08-20,0.221,6.85
7,Dubai,2025-08-21,0.1875,2.54
7,Dubai,2025-08-22,0.3018,2.14
7,Dubai,2025-08-23,0.2573,2.87
7,Dubai,2025-08-24,0.2361,1.72
7,Dubai,2025-08-25,0.1607,0.33
7,Dubai,2025-08-26,0.1752,8.08
7,Dubai,2025-08-27,0.1849,0.61
7,Dubai,2025-08-28,0.1699,0.03
7,Dubai,2025-08-29,0.2805,2.43
7,Dubai,2025-08-30,0.2726,6.31
7,Dubai,2025-08-31,0.2267,0.1
7,Dubai,2025-09-01,0.216,2.66
7,Dubai,2025-09-02,0.2596,0.49
7,Dubai,2025-09-03,0.1557,0.54
7,Dubai,2025-09-04,0.1218,0.59
7,Dubai,2025-09-05,0.1542,1.14
7,Dubai,2025-09-06,0.1356,0.36
7,Dubai,2025-09-07,0.1395,0.34
7,Dubai,2025-09-08,0.2552,1.14
7,Dubai,2025-09-09,0.2329,0.54
7,Dubai,2025-09-10,0.1697,3.53
7,Dubai,2025-09-11,0.2662,2.04
7,Dubai,2025-09-12,0.2722,0.04
7,Dubai,2025-09-13,0.2895,0.15
7,Dubai,2025-09-14,0.368,9.05
7,Dubai,2025-09-15,0.3452,1.99
7,Dubai,2025-09-16,0.4354,1.74
7,Dubai,2025-09-17,0.5147,1.51
7,Dubai,2025-09-18,0.4336,0.29
7,Dubai,2025-09-19,0.4018,0.54
7,Dubai,2025-09-20,0.4223,3.15
7,Dubai,2025-09-21,0.4831,3.49
7,Dubai,2025-09-22,0.5394,3.69
7,Dubai,2025-09-23,0.4968,3.51
7,Dubai,2025-09-24,0.4938,1.15
7,Dubai,2025-09-25,0.5019,4.61
7,Dubai,2025-09-26,0.5151,3.29
7,Dubai,2025-09-27,0.4508,1.23
7,Dubai,2025-09-28,0.4703,13.57
7,Dubai,2025-09-29,0.4627,4.3
7,Dubai,2025-09-30,0.3184,1.64
7,Dubai,2025-10-01,0.223,3.25
7,Dubai,2025-10-02,0.2986,2.01
7,Dubai,2025-10-03,0.2534,0.12
7,Dubai,2025-10-04,0.2541,2.39
7,Dubai,2025-10-05,0.325,0.66
7,Dubai,2025-10-06,0.3614,1.51
7,Dubai,2025-10-07,0.4809,3.65
7,Dubai,2025-10-08,0.4422,4.59
7,Dubai,2025-10-09,0.3645,2.22
7,Dubai,2025-10-10,0.2889,7.95
7,Dubai,2025-10-11,0.1678,0.19
7,Dubai,2025-10-12,0.2651,5.68
7,Dubai,2025-10-13,0.2311,2.37
7,Dubai,2025-10-14,0.1314,1.38
7,Dubai,2025-10-15,0.1188,0.31
7,Dubai,2025-10-16,0.0942,1.08
7,Dubai,2025-10-17,0.0977,2.32
7,Dubai,2025-10-18,0.1883,2.6
7,Dubai,2025-10-19,0.2039,4.34
7,Dubai,2025-10-20,0.2965,1.19
7,Dubai,2025-10-21,0.4232,2.59
7,Dubai,2025-10-22,0.3495,4.77
7,Dubai,2025-10-23,0.3461,0.5
7,Dubai,2025-10-24,0.2757,2.11
7,Dubai,2025-10-25,0.3597,7.43
7,Dubai,2025-10-26,0.3288,1.45
7,Dubai,2025-10-27,0.169,0.09
7,Dubai,2025-10-28,0.0935,0.61
7,Dubai,2025-10-29,0.1962,1.14
7,Dubai,2025-10-30,0.0878,0.52
7,Dubai,2025-10-31,0.1259,1.8
7,Dubai,2025-11-01,0.1651,3.82
7,Dubai,2025-11-02,0.2037,10.83
7,Dubai,2025-11-03,0.3974,0.19
7,Dubai,2025-11-04,0.3696,16.89
7,Dubai,2025-11-05,0.292,9.3
7,Dubai,2025-11-06,0.2289,4.64
7,Dubai,2025-11-07,0.3259,0.13
7,Dubai,2025-11-08,0.1641,0.92
7,Dubai,2025-11-09,0.183,1.83
7,Dubai,2025-11-10,0.3242,3.41
7,Dubai,2025-11-11,0.3153,10.88
7,Dubai,2025-11-12,0.381,7.27
7,Dubai,2025-11-13,0.2314,0.7
7,Dubai,2025-11-14,0.3348,0.61
7,Dubai,2025-11-15,0.3315,2.9
7,Dubai,2025-11-16,0.2838,1.02
7,Dubai,2025-11-17,0.2829,2.21
7,Dubai,2025-11-18,0.3781,5.25
7,Dubai,2025-11-19,0.3073,8.22
7,Dubai,2025-11-20,0.2481,2.49
7,Dubai,2025-11-21,0.3698,0.44
7,Dubai,2025-11-22,0.368,0.16
7,Dubai,2025-11-23,0.3782,1.48
7,Dubai,2025-11-24,0.3355,1.02
7,Dubai,2025-11-25,0.257,4.71
7,Dubai,2025-11-26,0.3563,0.56
7,Dubai,2025-11-27,0.3582,2.27
7,Dubai,2025-11-28,0.3681,1.11
7,Dubai,2025-11-29,0.3284,4.12
7,Dubai,2025-11-30,0.3039,0.39
7,Dubai,2025-12-01,0.2844,0.82
7,Dubai,2025-12-02,0.2979,6.06
7,Dubai,2025-12-03,0.2462,2.43
7,Dubai,2025-12-04,0.2155,0.82
7,Dubai,2025-12-05,0.2714,3.09
7,Dubai,2025-12-06,0.3476,0.77
7,Dubai,2025-12-07,0.4038,1.21
7,Dubai,2025-12-08,0.3801,1.67
7,Dubai,2025-12-09,0.3455,0.58
7,Dubai,2025-12-10,0.2259,4.65
7,Dubai,2025-12-11,0.2599,7.02
7,Dubai,2025-12-12,0.3266,3.69
7,Dubai,2025-12-13,0.3113,1.82
7,Dubai,2025-12-14,0.3734,3.84
7,Dubai,2025-12-15,0.3559,2.12
7,Dubai,2025-12-16,0.3419,8.12
7,Dubai,2025-12-17,0.2541,3.11
7,Dubai,2025-12-18,0.2384,1.09
7,Dubai,2025-12-19,0.234,2.06
7,Dubai,2025-12-20,0.265,4.57
7,Dubai,2025-12-21,0.2334,1.82
7,Dubai,2025-12-22,0.34,0.36
7,Dubai,2025-12-23,0.2201,1.67
7,Dubai,2025-12-24,0.2507,0.73
7,Dubai,2025-12-25,0.0781,1.77
7,Dubai,2025-12-26,0.115,3.22
7,Dubai,2025-12-27,0.1952,1.92
7,Dubai,2025-12-28,0.1884,3.52
7,Dubai,2025-12-29,0.302,1.15
7,Dubai,2025-12-30,0.229,1.77
7,Dubai,2025-12-31,0.2354,3.85
8,Busan,2023-01-01,0.6952,0.46
8,Busan,2023-01-02,0.7268,24.74
8,Busan,2023-01-03,0.6434,11.15
8,Busan,2023-01-04,0.4958,6.24
8,Busan,2023-01-05,0.5331,15.89
8,Busan,2023-01-06,0.59,17.36
8,Busan,2023-01-07,0.6365,4.68
8,Busan,2023-01-08,0.4824,0.68
8,Busan,2023-01-09,0.4881,0.45
8,Busan,2023-01-10,0.4392,5.99
8,Busan,2023-01-11,0.3626,4.38
8,Busan,2023-01-12,0.3649,3.2
8,Busan,2023-01-13,0.4056,3.59
8,Busan,2023-01-14,0.3757,5.27
8,Busan,2023-01-15,0.4651,4.94
8,Busan,2023-01-16,0.3654,2.05
8,Busan,2023-01-17,0.3834,1.97
8,Busan,2023-01-18,0.2947,0.24
8,Busan,2023-01-19,0.3021,2.52
8,Busan,2023-01-20,0.3583,0.66
8,Busan,2023-01-21,0.4308,5.74
8,Busan,2023-01-22,0.398,1.84
8,Busan,2023-01-23,0.4363,7.05
8,Busan,2023-01-24,0.285,6.91
8,Busan,2023-01-25,0.3562,9.04
8,Busan,2023-01-26,0.3855,6.05
8,Busan,2023-01-27,0.4155,20.03
8,Busan,2023-01-28,0.4121,0.73
8,Busan,2023-01-29,0.3599,0.43
8,Busan,2023-01-30,0.366,0.97
8,Busan,2023-01-31,0.3152,0.94
8,Busan,2023-02-01,0.2611,8.32
8,Busan,2023-02-02,0.2778,3.59
8,Busan,2023-02-03,0.3968,1.14
8,Busan,2023-02-04,0.3585,4.06
8,Busan,2023-02-05,0.3609,4.98
8,Busan,2023-02-06,0.3844,0.24
8,Busan,2023-02-07,0.3643,5.45
8,Busan,2023-02-08,0.341,9.09
8,Busan,2023-02-09,0.4323,2.29
8,Busan,2023-02-10,0.4424,4.77
8,Busan,2023-02-11,0.4814,3.55
8,Busan,2023-02-12,0.4587,11.32
8,Busan,2023-02-13,0.5852,13.2
8,Busan,2023-02-14,0.6307,1.02
8,Busan,2023-02-15,0.6414,9.17
8,Busan,2023-02-16,0.6458,25.8
8,Busan,2023-02-17,0.6745,2.08
8,Busan,2023-02-18,0.6029,6.53
8,Busan,2023-02-19,0.5838,18.81
8,Busan,2023-02-20,0.7326,42.12
8,Busan,2023-02-21,0.7092,5.93
8,Busan,2023-02-22,0.6266,16.26
8,Busan,2023-02-23,0.5021,0.26
8,Busan,2023-02-24,0.4813,2.3
8,Busan,2023-02-25,0.3926,6.53
8,Busan,2023-02-26,0.406,3.48
8,Busan,2023-02-27,0.3536,1.36
8,Busan,2023-02-28,0.2594,1.1
8,Busan,2023-03-01,0.2783,0.39
8,Busan,2023-03-02,0.1918,4.42
8,Busan,2023-03-03,0.2491,0.8
8,Busan,2023-03-04,0.3532,4.6
8,Busan,2023-03-05,0.3732,0.43
8,Busan,2023-03-06,0.449,3.48
8,Busan,2023-03-07,0.4692,1.35
8,Busan,2023-03-08,0.3358,3.77
8,Busan,2023-03-09,0.2014,2.03
8,Busan,2023-03-10,0.2719,7.65
8,Busan,2023-03-11,0.3184,3.22
8,Busan,2023-03-12,0.3463,6.4
8,Busan,2023-03-13,0.4009,0.01
8,Busan,2023-03-14,0.3499,1.72
8,Busan,2023-03-15,0.3699,0.52
8,Busan,2023-03-16,0.4169,5.63
8,Busan,2023-03-17,0.406,0.96
8,Busan,2023-03-18,0.347,6.48
8,Busan,2023-03-19,0.2618,2.12
8,Busan,2023-03-20,0.2296,10.1
8,Busan,2023-03-21,0.2145,5.02
8,Busan,2023-03-22,0.2375,0.52
8,Busan,2023-03-23,0.3313,3.49
8,Busan,2023-03-24,0.324,0.73
8,Busan,2023-03-25,0.2508,0.19
8,Busan,2023-03-26,0.2747,5.82
8,Busan,2023-03-27,0.2876,3.18
8,Busan,2023-03-28,0.3653,4.52
8,Busan,2023-03-29,0.4031,0.1
8,Busan,2023-03-30,0.4273,1.75
8,Busan,2023-03-31,0.3605,5.3
8,Busan,2023-04-01,0.319,1.36
8,Busan,2023-04-02,0.3796,4.79
8,Busan,2023-04-03,0.3983,0.59
8,Busan,2023-04-04,0.2556,15.69
8,Busan,2023-04-05,0.3632,4.27
8,Busan,2023-04-06,0.3392,0.77
8,Busan,2023-04-07,0.3854,8.62
8,Busan,2023-04-08,0.4023,1.95
8,Busan,2023-04-09,0.3846,5.21
8,Busan,2023-04-10,0.4879,7.42
8,Busan,2023-04-11,0.4577,5.2
8,Busan,2023-04-12,0.4218,0.47
8,Busan,2023-04-13,0.5567,1.7
8,Busan,2023-04-14,0.4605,27.94
8,Busan,2023-04-15,0.4533,13.75
8,Busan,2023-04-16,0.4601,0.89
8,Busan,2023-04-17,0.52,0.82
8,Busan,2023-04-18,0.613,12.09
8,Busan,2023-04-19,0.5862,10.78
8,Busan,2023-04-20,0.488,2.04
8,Busan,2023-04-21,0.5126,9.65
8,Busan,2023-04-22,0.4864,0.42
8,Busan,2023-04-23,0.5369,2.26
8,Busan,2023-04-24,0.5931,18.67
8,Busan,2023-04-25,0.548,2.74
8,Busan,2023-04-26,0.4928,1.29
8,Busan,2023-04-27,0.4964,9.23
8,Busan,2023-04-28,0.5219,2.59
8,Busan,2023-04-29,0.4022,7.62
8,Busan,2023-04-30,0.308,3.45
8,Busan,2023-05-01,0.3777,6.32
8,Busan,2023-05-02,0.3121,5.98
8,Busan,2023-05-03,0.2298,0.48
8,Busan,2023-05-04,0.2597,0.57
8,Busan,2023-05-05,0.2244,1.05
8,Busan,2023-05-06,0.2193,0.25
8,Busan,2023-05-07,0.2758,1.63
8,Busan,2023-05-08,0.2514,3.8
8,Busan,2023-05-09,0.2908,0.53
8,Busan,2023-05-10,0.3422,1.41
8,Busan,2023-05-11,0.2779,0.06
8,Busan,2023-05-12,0.4032,4.95
8,Busan,2023-05-13,0.346,0.05
8,Busan,2023-05-14,0.361,9.18
8,Busan,2023-05-15,0.3323,1.56
8,Busan,2023-05-16,0.2812,0.05
8,Busan,2023-05-17,0.372,0.21
8,Busan,2023-05-18,0.468,17.28
8,Busan,2023-05-19,0.536,8.08
8,Busan,2023-05-20,0.4802,3.86
8,Busan,2023-05-21,0.3979,3.4
8,Busan,2023-05-22,0.3185,16.97
8,Busan,2023-05-23,0.3295,7.68
8,Busan,2023-05-24,0.2214,7.3
8,Busan,2023-05-25,0.2105,10.01
8,Busan,2023-05-26,0.282,2.45
8,Busan,2023-05-27,0.2287,1.76
8,Busan,2023-05-28,0.2329,0.33
8,Busan,2023-05-29,0.2536,3.48
8,Busan,2023-05-30,0.289,7.59
8,Busan,2023-05-31,0.2908,0.24
8,Busan,2023-06-01,0.2516,2.08
8,Busan,2023-06-02,0.206,2.81
8,Busan,2023-06-03,0.3348,7.72
8,Busan,2023-06-04,0.2927,3.25
8,Busan,2023-06-05,0.2806,3.31
8,Busan,2023-06-06,0.3552,6.14
8,Busan,2023-06-07,0.3409,5.05
8,Busan,2023-06-08,0.3942,0.33
8,Busan,2023-06-09,0.4141,0.12
8,Busan,2023-06-10,0.4166,3.9
8,Busan,2023-06-11,0.433,9.73
8,Busan,2023-06-12,0.4557,0.99
8,Busan,2023-06-13,0.378,6.3
8,Busan,2023-06-14,0.343,0.34
8,Busan,2023-06-15,0.2094,3.67
8,Busan,2023-06-16,0.2916,0.85
8,Busan,2023-06-17,0.2493,4.35
8,Busan,2023-06-18,0.1825,1.11
8,Busan,2023-06-19,0.2763,0.56
8,Busan,2023-06-20,0.2796,1.19
8,Busan,2023-06-21,0.3517,1.18
8,Busan,2023-06-22,0.2198,2.81
8,Busan,2023-06-23,0.2397,12.56
8,Busan,2023-06-24,0.2129,1.0
8,Busan,2023-06-25,0.272,7.45
8,Busan,2023-06-26,0.3283,1.01
8,Busan,2023-06-27,0.4239,2.0
8,Busan,2023-06-28,0.5132,3.47
8,Busan,2023-06-29,0.5311,2.41
8,Busan,2023-06-30,0.5526,1.41
8,Busan,2023-07-01,0.4407,0.01
8,Busan,2023-07-02,0.461,5.99
8,Busan,2023-07-03,0.6113,3.1
8,Busan,2023-07-04,0.6545,0.62
8,Busan,2023-07-05,0.5814,12.14
8,Busan,2023-07-06,0.5329,0.84
8,Busan,2023-07-07,0.6445,14.62
8,Busan,2023-07-08,0.5378,23.93
8,Busan,2023-07-09,0.5275,0.84
8,Busan,2023-07-10,0.5029,3.38
8,Busan,2023-07-11,0.4528,1.46
8,Busan,2023-07-12,0.4611,0.59
8,Busan,2023-07-13,0.4795,11.6
8,Busan,2023-07-14,0.4615,0.56
8,Busan,2023-07-15,0.4968,0.92
8,Busan,2023-07-16,0.5195,9.65
8,Busan,2023-07-17,0.582,1.85
8,Busan,2023-07-18,0.5636,6.21
8,Busan,2023-07-19,0.6243,3.56
8,Busan,2023-07-20,0.5279,3.81
8,Busan,2023-07-21,0.5435,12.25
8,Busan,2023-07-22,0.4954,10.51
8,Busan,2023-07-23,0.4954,5.29
8,Busan,2023-07-24,0.5812,8.97
8,Busan,2023-07-25,0.4719,11.66
8,Busan,2023-07-26,0.4541,3.78
8,Busan,2023-07-27,0.4052,1.17
8,Busan,2023-07-28,0.4969,14.01
8,Busan,2023-07-29,0.5703,1.71
8,Busan,2023-07-30,0.4713,3.16
8,Busan,2023-07-31,0.5293,3.68
8,Busan,2023-08-01,0.7043,8.61
8,Busan,2023-08-02,0.6711,1.1
8,Busan,2023-08-03,0.6274,18.9
8,Busan,2023-08-04,0.6456,13.9
8,Busan,2023-08-05,0.6617,28.23
8,Busan,2023-08-06,0.7049,0.22
8,Busan,2023-08-07,0.793,9.52
8,Busan,2023-08-08,0.6771,23.39
8,Busan,2023-08-09,0.7053,43.28
8,Busan,2023-08-10,0.6561,11.57
8,Busan,2023-08-11,0.6354,0.56
8,Busan,2023-08-12,0.5819,5.65
8,Busan,2023-08-13,0.5954,17.19
8,Busan,2023-08-14,0.5716,0.02
8,Busan,2023-08-15,0.6232,5.31
8,Busan,2023-08-16,0.5779,0.68
8,Busan,2023-08-17,0.5959,17.11
8,Busan,2023-08-18,0.6268,19.99
8,Busan,2023-08-19,0.5299,7.24
8,Busan,2023-08-20,0.4508,0.72
8,Busan,2023-08-21,0.5152,0.78
8,Busan,2023-08-22,0.4099,1.15
8,Busan,2023-08-23,0.4079,2.46
8,Busan,2023-08-24,0.3692,7.91
8,Busan,2023-08-25,0.3686,4.49
8,Busan,2023-08-26,0.3856,0.27
8,Busan,2023-08-27,0.457,3.87
8,Busan,2023-08-28,0.513,18.82
8,Busan,2023-08-29,0.4081,2.67
8,Busan,2023-08-30,0.4005,12.98
8,Busan,2023-08-31,0.4416,3.39
8,Busan,2023-09-01,0.4374,0.46
8,Busan,2023-09-02,0.4172,3.06
8,Busan,2023-09-03,0.3727,0.2
8,Busan,2023-09-04,0.4731,0.94
8,Busan,2023-09-05,0.3942,6.66
8,Busan,2023-09-06,0.3604,2.51
8,Busan,2023-09-07,0.2924,0.56
8,Busan,2023-09-08,0.3731,8.86
8,Busan,2023-09-09,0.3049,1.66
8,Busan,2023-09-10,0.2621,4.44
8,Busan,2023-09-11,0.29,3.67
8,Busan,2023-09-12,0.3009,3.88
8,Busan,2023-09-13,0.2799,3.52
8,Busan,2023-09-14,0.285,3.1
8,Busan,2023-09-15,0.2039,0.67
8,Busan,2023-09-16,0.2586,2.73
8,Busan,2023-09-17,0.2851,0.1
8,Busan,2023-09-18,0.3334,1.03
8,Busan,2023-09-19,0.182,0.2
8,Busan,2023-09-20,0.2005,0.25
8,Busan,2023-09-21,0.1736,0.39
8,Busan,2023-09-22,0.1825,0.72
8,Busan,2023-09-23,0.1976,0.93
8,Busan,2023-09-24,0.2842,2.69
8,Busan,2023-09-25,0.4389,4.07
8,Busan,2023-09-26,0.4968,13.33
8,Busan,2023-09-27,0.4677,6.55
8,Busan,2023-09-28,0.5472,6.48
8,Busan,2023-09-29,0.6388,15.44
8,Busan,2023-09-30,0.6049,2.17
8,Busan,2023-10-01,0.4596,2.76
8,Busan,2023-10-02,0.4318,7.76
8,Busan,2023-10-03,0.2878,2.42
8,Busan,2023-10-04,0.2636,6.7
8,Busan,2023-10-05,0.2747,1.36
8,Busan,2023-10-06,0.2076,0.13
8,Busan,2023-10-07,0.2746,0.18
8,Busan,2023-10-08,0.2912,8.54
8,Busan,2023-10-09,0.2247,1.2
8,Busan,2023-10-10,0.2493,5.6
8,Busan,2023-10-11,0.1508,0.61
8,Busan,2023-10-12,0.2961,2.03
8,Busan,2023-10-13,0.2521,3.69
8,Busan,2023-10-14,0.2037,2.3
8,Busan,2023-10-15,0.1907,0.11
8,Busan,2023-10-16,0.253,1.64
8,Busan,2023-10-17,0.2362,1.02
8,Busan,2023-10-18,0.1514,2.32
8,Busan,2023-10-19,0.1763,2.21
8,Busan,2023-10-20,0.1882,1.21
8,Busan,2023-10-21,0.1675,0.26
8,Busan,2023-10-22,0.281,2.57
8,Busan,2023-10-23,0.301,2.82
8,Busan,2023-10-24,0.2827,0.59
8,Busan,2023-10-25,0.2957,0.67
8,Busan,2023-10-26,0.3278,4.54
8,Busan,2023-10-27,0.3727,7.7
8,Busan,2023-10-28,0.2239,0.01
8,Busan,2023-10-29,0.2166,1.72
8,Busan,2023-10-30,0.245,0.57
8,Busan,2023-10-31,0.1814,1.65
8,Busan,2023-11-01,0.1205,3.04
8,Busan,2023-11-02,0.2103,0.24
8,Busan,2023-11-03,0.2605,3.71
8,Busan,2023-11-04,0.2346,4.49
8,Busan,2023-11-05,0.2643,1.1
8,Busan,2023-11-06,0.3834,11.8
8,Busan,2023-11-07,0.4065,5.9
8,Busan,2023-11-08,0.4771,5.43
8,Busan,2023-11-09,0.4737,15.71
8,Busan,2023-11-10,0.526,2.18
8,Busan,2023-11-11,0.4874,3.78
8,Busan,2023-11-12,0.5391,11.84
8,Busan,2023-11-13,0.654,10.77
8,Busan,2023-11-14,0.6253,20.33
8,Busan,2023-11-15,0.5115,7.51
8,Busan,2023-11-16,0.496,4.29
8,Busan,2023-11-17,0.4994,3.21
8,Busan,2023-11-18,0.5183,28.1
8,Busan,2023-11-19,0.4733,5.45
8,Busan,2023-11-20,0.5011,11.17
8,Busan,2023-11-21,0.5154,1.38
8,Busan,2023-11-22,0.4526,4.81
8,Busan,2023-11-23,0.4558,6.7
8,Busan,2023-11-24,0.4837,0.88
8,Busan,2023-11-25,0.3311,6.22
8,Busan,2023-11-26,0.3214,10.66
8,Busan,2023-11-27,0.2728,3.36
8,Busan,2023-11-28,0.3616,6.47
8,Busan,2023-11-29,0.3205,2.56
8,Busan,2023-11-30,0.2929,1.84
8,Busan,2023-12-01,0.374,8.99
8,Busan,2023-12-02,0.2237,0.46
8,Busan,2023-12-03,0.1646,1.52
8,Busan,2023-12-04,0.2998,3.39
8,Busan,2023-12-05,0.2984,6.45
8,Busan,2023-12-06,0.2121,0.32
8,Busan,2023-12-07,0.1783,9.03
8,Busan,2023-12-08,0.1442,1.65
8,Busan,2023-12-09,0.1247,0.64
8,Busan,2023-12-10,0.1246,0.03
8,Busan,2023-12-11,0.2927,1.59
8,Busan,2023-12-12,0.2301,4.08
8,Busan,2023-12-13,0.1569,0.88
8,Busan,2023-12-14,0.1585,0.07
8,Busan,2023-12-15,0.2092,1.49
8,Busan,2023-12-16,0.2016,6.65
8,Busan,2023-12-17,0.2115,0.76
8,Busan,2023-12-18,0.3611,2.52
8,Busan,2023-12-19,0.2891,2.7
8,Busan,2023-12-20,0.2803,1.01
8,Busan,2023-12-21,0.3694,2.5
8,Busan,2023-12-22,0.4968,2.71
8,Busan,2023-12-23,0.4959,0.12
8,Busan,2023-12-24,0.3663,0.36
8,Busan,2023-12-25,0.4479,0.36
8,Busan,2023-12-26,0.4834,2.87
8,Busan,2023-12-27,0.4852,3.51
8,Busan,2023-12-28,0.4401,2.7
8,Busan,2023-12-29,0.4128,2.44
8,Busan,2023-12-30,0.4576,1.78
8,Busan,2023-12-31,0.4665,2.51
8,Busan,2024-01-01,0.5556,14.36
8,Busan,2024-01-02,0.5119,9.7
8,Busan,2024-01-03,0.5178,11.79
8,Busan,2024-01-04,0.4315,1.77
8,Busan,2024-01-05,0.5418,5.46
8,Busan,2024-01-06,0.6232,3.86
8,Busan,2024-01-07,0.5859,13.8
8,Busan,2024-01-08,0.4867,1.97
8,Busan,2024-01-09,0.5404,1.26
8,Busan,2024-01-10,0.6387,1.28
8,Busan,2024-01-11,0.5806,4.57
8,Busan,2024-01-12,0.5587,9.83
8,Busan,2024-01-13,0.5097,1.05
8,Busan,2024-01-14,0.4702,11.94
8,Busan,2024-01-15,0.5589,3.7
8,Busan,2024-01-16,0.5609,2.37
8,Busan,2024-01-17,0.4679,20.47
8,Busan,2024-01-18,0.4337,3.07
8,Busan,2024-01-19,0.4682,0.41
8,Busan,2024-01-20,0.4125,16.8
8,Busan,2024-01-21,0.4278,0.97
8,Busan,2024-01-22,0.4623,3.29
8,Busan,2024-01-23,0.5123,0.42
8,Busan,2024-01-24,0.5344,16.7
8,Busan,2024-01-25,0.4817,10.03
8,Busan,2024-01-26,0.4949,28.0
8,Busan,2024-01-27,0.428,4.28
8,Busan,2024-01-28,0.5389,19.77
8,Busan,2024-01-29,0.5934,0.62
8,Busan,2024-01-30,0.477,0.16
8,Busan,2024-01-31,0.4441,4.01
8,Busan,2024-02-01,0.3317,1.67
8,Busan,2024-02-02,0.3348,9.26
8,Busan,2024-02-03,0.3376,9.19
8,Busan,2024-02-04,0.3872,3.02
8,Busan,2024-02-05,0.4794,0.75
8,Busan,2024-02-06,0.3781,1.87
8,Busan,2024-02-07,0.3817,0.76
8,Busan,2024-02-08,0.3936,13.25
8,Busan,2024-02-09,0.4199,2.53
8,Busan,2024-02-10,0.3177,9.14
8,Busan,2024-02-11,0.2692,0.05
8,Busan,2024-02-12,0.3041,1.44
8,Busan,2024-02-13,0.3525,0.95
8,Busan,2024-02-14,0.2929,7.4
8,Busan,2024-02-15,0.2627,1.02
8,Busan,2024-02-16,0.2838,0.17
8,Busan,2024-02-17,0.1901,0.39
8,Busan,2024-02-18,0.182,2.59
8,Busan,2024-02-19,0.2613,0.14
8,Busan,2024-02-20,0.2098,0.37
8,Busan,2024-02-21,0.1939,0.44
8,Busan,2024-02-22,0.1735,0.21
8,Busan,2024-02-23,0.2593,2.26
8,Busan,2024-02-24,0.1667,3.8
8,Busan,2024-02-25,0.1514,4.52
8,Busan,2024-02-26,0.3027,1.54
8,Busan,2024-02-27,0.3718,1.45
8,Busan,2024-02-28,0.4282,11.0
8,Busan,2024-02-29,0.4968,4.3
8,Busan,2024-03-01,0.4473,1.69
8,Busan,2024-03-02,0.5083,37.09
8,Busan,2024-03-03,0.3597,0.26
8,Busan,2024-03-04,0.3614,1.62
8,Busan,2024-03-05,0.3939,9.39
8,Busan,2024-03-06,0.3964,7.09
8,Busan,2024-03-07,0.4005,8.42
8,Busan,2024-03-08,0.3626,7.55
8,Busan,2024-03-09,0.1876,0.53
8,Busan,2024-03-10,0.2263,0.46
8,Busan,2024-03-11,0.3379,3.05
8,Busan,2024-03-12,0.3419,1.09
8,Busan,2024-03-13,0.3536,0.34
8,Busan,2024-03-14,0.3714,11.9
8,Busan,2024-03-15,0.3441,4.51
8,Busan,2024-03-16,0.3314,2.93
8,Busan,2024-03-17,0.2582,0.34
8,Busan,2024-03-18,0.3666,4.64
8,Busan,2024-03-19,0.2212,2.21
8,Busan,2024-03-20,0.2163,1.07
8,Busan,2024-03-21,0.3323,0.55
8,Busan,2024-03-22,0.3886,7.44
8,Busan,2024-03-23,0.3114,3.24
8,Busan,2024-03-24,0.3376,3.48
8,Busan,2024-03-25,0.4232,3.05
8,Busan,2024-03-26,0.4202,2.01
8,Busan,2024-03-27,0.442,12.57
8,Busan,2024-03-28,0.3531,3.82
8,Busan,2024-03-29,0.337,3.45
8,Busan,2024-03-30,0.3547,4.92
8,Busan,2024-03-31,0.3307,1.19
8,Busan,2024-04-01,0.3426,0.92
8,Busan,2024-04-02,0.2785,0.47
8,Busan,2024-04-03,0.367,0.97
8,Busan,2024-04-04,0.3669,0.27
8,Busan,2024-04-05,0.4496,1.17
8,Busan,2024-04-06,0.3026,9.21
8,Busan,2024-04-07,0.3607,7.6
8,Busan,2024-04-08,0.3274,0.33
8,Busan,2024-04-09,0.3099,0.46
8,Busan,2024-04-10,0.3224,2.72
8,Busan,2024-04-11,0.4406,2.96
8,Busan,2024-04-12,0.5649,22.14
8,Busan,2024-04-13,0.5313,12.93
8,Busan,2024-04-14,0.5311,22.54
8,Busan,2024-04-15,0.5097,2.88
8,Busan,2024-04-16,0.4894,7.76
8,Busan,2024-04-17,0.4678,0.9
8,Busan,2024-04-18,0.4694,3.03
8,Busan,2024-04-19,0.4478,1.06
8,Busan,2024-04-20,0.462,3.44
8,Busan,2024-04-21,0.467,1.11
8,Busan,2024-04-22,0.425,21.04
8,Busan,2024-04-23,0.406,3.71
8,Busan,2024-04-24,0.3638,2.15
8,Busan,2024-04-25,0.4809,6.03
8,Busan,2024-04-26,0.5684,12.41
8,Busan,2024-04-27,0.5976,0.28
8,Busan,2024-04-28,0.5345,3.86
8,Busan,2024-04-29,0.6594,27.11
8,Busan,2024-04-30,0.5981,2.28
8,Busan,2024-05-01,0.5222,2.7
8,Busan,2024-05-02,0.634,24.76
8,Busan,2024-05-03,0.6664,24.18
8,Busan,2024-05-04,0.5778,5.42
8,Busan,2024-05-05,0.5237,7.18
8,Busan,2024-05-06,0.5861,5.99
8,Busan,2024-05-07,0.5361,2.89
8,Busan,2024-05-08,0.5049,0.84
8,Busan,2024-05-09,0.5837,2.5
8,Busan,2024-05-10,0.5425,4.97
8,Busan,2024-05-11,0.4879,7.84
8,Busan,2024-05-12,0.6357,9.35
8,Busan,2024-05-13,0.6665,3.95
8,Busan,2024-05-14,0.6553,26.78
8,Busan,2024-05-15,0.7078,1.51
8,Busan,2024-05-16,0.6961,14.11
8,Busan,2024-05-17,0.7606,0.16
8,Busan,2024-05-18,0.6237,3.72
8,Busan,2024-05-19,0.6171,22.92
8,Busan,2024-05-20,0.6119,0.83
8,Busan,2024-05-21,0.6081,1.52
8,Busan,2024-05-22,0.4419,4.92
8,Busan,2024-05-23,0.3417,2.76
8,Busan,2024-05-24,0.3667,0.1
8,Busan,2024-05-25,0.4063,0.32
8,Busan,2024-05-26,0.318,2.48
8,Busan,2024-05-27,0.3256,0.43
8,Busan,2024-05-28,0.3468,2.26
8,Busan,2024-05-29,0.3381,0.51
8,Busan,2024-05-30,0.3984,7.84
8,Busan,2024-05-31,0.4878,22.0
8,Busan,2024-06-01,0.4048,1.71
8,Busan,2024-06-02,0.3898,9.88
8,Busan,2024-06-03,0.3904,0.7
8,Busan,2024-06-04,0.4583,2.49
8,Busan,2024-06-05,0.4961,3.56
8,Busan,2024-06-06,0.4192,5.23
8,Busan,2024-06-07,0.5203,2.22
8,Busan,2024-06-08,0.4173,6.01
8,Busan,2024-06-09,0.3783,0.01
8,Busan,2024-06-10,0.3465,1.25
8,Busan,2024-06-11,0.3166,6.39
8,Busan,2024-06-12,0.1832,3.18
8,Busan,2024-06-13,0.1995,0.21
8,Busan,2024-06-14,0.1412,0.2
8,Busan,2024-06-15,0.1338,0.56
8,Busan,2024-06-16,0.2256,3.65
8,Busan,2024-06-17,0.2867,0.93
8,Busan,2024-06-18,0.4247,5.93
8,Busan,2024-06-19,0.477,9.09
8,Busan,2024-06-20,0.5215,3.54
8,Busan,2024-06-21,0.4944,3.76
8,Busan,2024-06-22,0.457,1.43
8,Busan,2024-06-23,0.4724,12.33
8,Busan,2024-06-24,0.4642,5.51
8,Busan,2024-06-25,0.4478,1.69
8,Busan,2024-06-26,0.5004,9.92
8,Busan,2024-06-27,0.4874,2.25
8,Busan,2024-06-28,0.4104,2.55
8,Busan,2024-06-29,0.4412,1.52
8,Busan,2024-06-30,0.4014,0.84
8,Busan,2024-07-01,0.4001,0.65
8,Busan,2024-07-02,0.5362,1.86
8,Busan,2024-07-03,0.5193,1.1
8,Busan,2024-07-04,0.6214,6.23
8,Busan,2024-07-05,0.5704,20.26
8,Busan,2024-07-06,0.5004,0.35
8,Busan,2024-07-07,0.4504,8.46
8,Busan,2024-07-08,0.4689,0.23
8,Busan,2024-07-09,0.4332,1.16
8,Busan,2024-07-10,0.3602,4.18
8,Busan,2024-07-11,0.4121,9.45
8,Busan,2024-07-12,0.4371,5.22
8,Busan,2024-07-13,0.4739,2.22
8,Busan,2024-07-14,0.475,1.21
8,Busan,2024-07-15,0.65,18.71
8,Busan,2024-07-16,0.6196,14.88
8,Busan,2024-07-17,0.6428,0.23
8,Busan,2024-07-18,0.6822,12.48
8,Busan,2024-07-19,0.5992,10.11
8,Busan,2024-07-20,0.503,16.2
8,Busan,2024-07-21,0.4217,7.03
8,Busan,2024-07-22,0.4279,2.21
8,Busan,2024-07-23,0.3972,5.86
8,Busan,2024-07-24,0.4027,0.61
8,Busan,2024-07-25,0.4891,1.15
8,Busan,2024-07-26,0.4035,1.71
8,Busan,2024-07-27,0.3014,2.12
8,Busan,2024-07-28,0.2694,3.49
8,Busan,2024-07-29,0.2574,1.36
8,Busan,2024-07-30,0.175,1.78
8,Busan,2024-07-31,0.1726,4.79
8,Busan,2024-08-01,0.2046,1.34
8,Busan,2024-08-02,0.2443,3.96
8,Busan,2024-08-03,0.2203,1.72
8,Busan,2024-08-04,0.2332,0.61
8,Busan,2024-08-05,0.1804,0.72
8,Busan,2024-08-06,0.2397,0.62
8,Busan,2024-08-07,0.2498,0.28
8,Busan,2024-08-08,0.2802,0.3
8,Busan,2024-08-09,0.3197,0.36
8,Busan,2024-08-10,0.2238,3.67
8,Busan,2024-08-11,0.2094,1.25
8,Busan,2024-08-12,0.3457,5.73
8,Busan,2024-08-13,0.3792,12.52
8,Busan,2024-08-14,0.3603,1.35
8,Busan,2024-08-15,0.4053,0.57
8,Busan,2024-08-16,0.4869,6.05
8,Busan,2024-08-17,0.551,3.19
8,Busan,2024-08-18,0.5719,14.78
8,Busan,2024-08-19,0.6712,3.76
8,Busan,2024-08-20,0.6335,7.92
8,Busan,2024-08-21,0.6527,9.68
8,Busan,2024-08-22,0.5532,15.11
8,Busan,2024-08-23,0.6034,11.12
8,Busan,2024-08-24,0.5823,7.21
8,Busan,2024-08-25,0.5882,20.18
8,Busan,2024-08-26,0.672,9.63
8,Busan,2024-08-27,0.5762,12.59
8,Busan,2024-08-28,0.6333,27.09
8,Busan,2024-08-29,0.6372,32.95
8,Busan,2024-08-30,0.6475,0.72
8,Busan,2024-08-31,0.5369,16.73
8,Busan,2024-09-01,0.4754,0.79
8,Busan,2024-09-02,0.554,10.41
8,Busan,2024-09-03,0.5267,8.09
8,Busan,2024-09-04,0.5732,4.66
8,Busan,2024-09-05,0.5932,6.84
8,Busan,2024-09-06,0.5465,0.52
8,Busan,2024-09-07,0.5183,0.88
8,Busan,2024-09-08,0.4893,2.16
8,Busan,2024-09-09,0.5637,5.27
8,Busan,2024-09-10,0.5402,9.16
8,Busan,2024-09-11,0.5116,5.26
8,Busan,2024-09-12,0.5167,0.71
8,Busan,2024-09-13,0.5086,5.54
8,Busan,2024-09-14,0.5361,6.45
8,Busan,2024-09-15,0.5219,15.31
8,Busan,2024-09-16,0.6137,0.23
8,Busan,2024-09-17,0.6272,9.85
8,Busan,2024-09-18,0.604,3.13
8,Busan,2024-09-19,0.6595,2.16
8,Busan,2024-09-20,0.616,28.64
8,Busan,2024-09-21,0.5924,0.11
8,Busan,2024-09-22,0.5695,2.4
8,Busan,2024-09-23,0.6059,13.75
8,Busan,2024-09-24,0.5406,3.95
8,Busan,2024-09-25,0.5241,5.58
8,Busan,2024-09-26,0.4666,9.29
8,Busan,2024-09-27,0.3958,5.44
8,Busan,2024-09-28,0.3796,2.91
8,Busan,2024-09-29,0.3903,0.36
8,Busan,2024-09-30,0.3619,6.66
8,Busan,2024-10-01,0.3373,0.14
8,Busan,2024-10-02,0.3692,1.05
8,Busan,2024-10-03,0.405,0.1
8,Busan,2024-10-04,0.4719,0.74
8,Busan,2024-10-05,0.3943,1.82
8,Busan,2024-10-06,0.5218,3.55
8,Busan,2024-10-07,0.4471,1.67
8,Busan,2024-10-08,0.4216,4.36
8,Busan,2024-10-09,0.2718,1.89
8,Busan,2024-10-10,0.2187,4.0
8,Busan,2024-10-11,0.2086,6.27
8,Busan,2024-10-12,0.2983,0.31
8,Busan,2024-10-13,0.4026,0.33
8,Busan,2024-10-14,0.4471,1.68
8,Busan,2024-10-15,0.4037,12.25
8,Busan,2024-10-16,0.2395,1.24
8,Busan,2024-10-17,0.2011,1.2
8,Busan,2024-10-18,0.1359,1.2
8,Busan,2024-10-19,0.118,0.65
8,Busan,2024-10-20,0.1231,0.86
8,Busan,2024-10-21,0.1996,0.25
8,Busan,2024-10-22,0.2027,1.13
8,Busan,2024-10-23,0.1894,1.62
8,Busan,2024-10-24,0.175,2.32
8,Busan,2024-10-25,0.214,1.07
8,Busan,2024-10-26,0.2922,0.35
8,Busan,2024-10-27,0.3365,0.1
8,Busan,2024-10-28,0.3347,0.29
8,Busan,2024-10-29,0.313,4.45
8,Busan,2024-10-30,0.4315,1.25
8,Busan,2024-10-31,0.3822,0.26
8,Busan,2024-11-01,0.4439,0.71
8,Busan,2024-11-02,0.4882,8.06
8,Busan,2024-11-03,0.4696,0.42
8,Busan,2024-11-04,0.4528,11.41
8,Busan,2024-11-05,0.3244,8.52
8,Busan,2024-11-06,0.3603,2.6
8,Busan,2024-11-07,0.3692,0.71
8,Busan,2024-11-08,0.3499,0.37
8,Busan,2024-11-09,0.3789,4.8
8,Busan,2024-11-10,0.3803,3.15
8,Busan,2024-11-11,0.3668,2.37
8,Busan,2024-11-12,0.2757,0.89
8,Busan,2024-11-13,0.2553,3.63
8,Busan,2024-11-14,0.349,1.95
8,Busan,2024-11-15,0.4162,9.26
8,Busan,2024-11-16,0.4278,2.4
8,Busan,2024-11-17,0.4407,5.19
8,Busan,2024-11-18,0.4154,0.17
8,Busan,2024-11-19,0.3752,2.81
8,Busan,2024-11-20,0.3725,1.59
8,Busan,2024-11-21,0.3626,6.65
8,Busan,2024-11-22,0.324,3.91
8,Busan,2024-11-23,0.2567,2.42
8,Busan,2024-11-24,0.2595,1.75
8,Busan,2024-11-25,0.2772,2.67
8,Busan,2024-11-26,0.2657,1.54
8,Busan,2024-11-27,0.2605,9.66
8,Busan,2024-11-28,0.3517,1.55
8,Busan,2024-11-29,0.3507,1.25
8,Busan,2024-11-30,0.3763,5.17
8,Busan,2024-12-01,0.3061,3.07
8,Busan,2024-12-02,0.4308,9.14
8,Busan,2024-12-03,0.523,18.61
8,Busan,2024-12-04,0.4752,6.92
8,Busan,2024-12-05,0.3814,5.31
8,Busan,2024-12-06,0.3004,3.35
8,Busan,2024-12-07,0.3138,5.92
8,Busan,2024-12-08,0.2966,0.28
8,Busan,2024-12-09,0.4236,11.4
8,Busan,2024-12-10,0.429,2.59
8,Busan,2024-12-11,0.3751,0.88
8,Busan,2024-12-12,0.4232,2.19
8,Busan,2024-12-13,0.3155,0.78
8,Busan,2024-12-14,0.3144,2.0
8,Busan,2024-12-15,0.3201,3.29
8,Busan,2024-12-16,0.3898,5.16
8,Busan,2024-12-17,0.3491,0.91
8,Busan,2024-12-18,0.3367,5.92
8,Busan,2024-12-19,0.3036,0.53
8,Busan,2024-12-20,0.366,0.42
8,Busan,2024-12-21,0.4052,2.47
8,Busan,2024-12-22,0.3444,6.31
8,Busan,2024-12-23,0.425,1.58
8,Busan,2024-12-24,0.3404,3.97
8,Busan,2024-12-25,0.3229,2.65
8,Busan,2024-12-26,0.3761,2.15
8,Busan,2024-12-27,0.3714,0.51
8,Busan,2024-12-28,0.3362,1.71
8,Busan,2024-12-29,0.3459,5.45
8,Busan,2024-12-30,0.2,0.64
8,Busan,2024-12-31,0.1721,0.04
8,Busan,2025-01-01,0.1665,0.92
8,Busan,2025-01-02,0.1715,0.55
8,Busan,2025-01-03,0.232,3.01
8,Busan,2025-01-04,0.24,2.76
8,Busan,2025-01-05,0.3229,0.26
8,Busan,2025-01-06,0.4675,2.7
8,Busan,2025-01-07,0.4435,14.27
8,Busan,2025-01-08,0.3892,16.45
8,Busan,2025-01-09,0.4558,2.03
8,Busan,2025-01-10,0.4539,2.1
8,Busan,2025-01-11,0.3996,6.94
8,Busan,2025-01-12,0.4386,4.05
8,Busan,2025-01-13,0.4654,5.71
8,Busan,2025-01-14,0.499,0.3
8,Busan,2025-01-15,0.435,15.15
8,Busan,2025-01-16,0.4043,3.2
8,Busan,2025-01-17,0.4748,4.7
8,Busan,2025-01-18,0.3237,6.4
8,Busan,2025-01-19,0.2952,2.2
8,Busan,2025-01-20,0.3989,2.98
8,Busan,2025-01-21,0.3744,2.22
8,Busan,2025-01-22,0.4322,0.36
8,Busan,2025-01-23,0.3745,1.46
8,Busan,2025-01-24,0.4127,8.23
8,Busan,2025-01-25,0.3839,5.46
8,Busan,2025-01-26,0.2781,0.2
8,Busan,2025-01-27,0.3032,4.22
8,Busan,2025-01-28,0.2775,1.18
8,Busan,2025-01-29,0.244,2.26
8,Busan,2025-01-30,0.2004,1.45
8,Busan,2025-01-31,0.3289,2.88
8,Busan,2025-02-01,0.287,0.41
8,Busan,2025-02-02,0.3106,6.88
8,Busan,2025-02-03,0.3442,0.71
8,Busan,2025-02-04,0.3912,9.63
8,Busan,2025-02-05,0.4867,2.04
8,Busan,2025-02-06,0.5595,8.58
8,Busan,2025-02-07,0.529,0.62
8,Busan,2025-02-08,0.5376,2.92
8,Busan,2025-02-09,0.5824,7.65
8,Busan,2025-02-10,0.5736,5.64
8,Busan,2025-02-11,0.6039,2.88
8,Busan,2025-02-12,0.5717,3.45
8,Busan,2025-02-13,0.4646,6.54
8,Busan,2025-02-14,0.5965,4.05
8,Busan,2025-02-15,0.4597,5.01
8,Busan,2025-02-16,0.3605,0.78
8,Busan,2025-02-17,0.3674,8.36
8,Busan,2025-02-18,0.4168,37.09
8,Busan,2025-02-19,0.4405,2.23
8,Busan,2025-02-20,0.5397,9.38
8,Busan,2025-02-21,0.6039,13.5
8,Busan,2025-02-22,0.5801,11.11
8,Busan,2025-02-23,0.6217,14.8
8,Busan,2025-02-24,0.6087,1.84
8,Busan,2025-02-25,0.5813,1.32
8,Busan,2025-02-26,0.5207,1.21
8,Busan,2025-02-27,0.561,23.08
8,Busan,2025-02-28,0.5407,1.08
8,Busan,2025-03-01,0.4347,10.54
8,Busan,2025-03-02,0.3409,8.59
8,Busan,2025-03-03,0.3113,4.29
8,Busan,2025-03-04,0.341,8.18
8,Busan,2025-03-05,0.3284,0.54
8,Busan,2025-03-06,0.3286,3.05
8,Busan,2025-03-07,0.3808,0.74
8,Busan,2025-03-08,0.4038,8.41
8,Busan,2025-03-09,0.3739,2.63
8,Busan,2025-03-10,0.4011,4.55
8,Busan,2025-03-11,0.3634,1.6
8,Busan,2025-03-12,0.3796,0.72
8,Busan,2025-03-13,0.3658,1.32
8,Busan,2025-03-14,0.337,2.34
8,Busan,2025-03-15,0.34,2.9
8,Busan,2025-03-16,0.3776,0.49
8,Busan,2025-03-17,0.5161,9.72
8,Busan,2025-03-18,0.4216,6.05
8,Busan,2025-03-19,0.3317,0.52
8,Busan,2025-03-20,0.244,0.35
8,Busan,2025-03-21,0.2447,1.15
8,Busan,2025-03-22,0.2419,4.41
8,Busan,2025-03-23,0.2238,5.4
8,Busan,2025-03-24,0.1886,3.08
8,Busan,2025-03-25,0.2901,0.31
8,Busan,2025-03-26,0.1815,2.8
8,Busan,2025-03-27,0.3043,0.34
8,Busan,2025-03-28,0.3699,1.62
8,Busan,2025-03-29,0.4495,5.59
8,Busan,2025-03-30,0.3744,1.6
8,Busan,2025-03-31,0.3863,0.48
8,Busan,2025-04-01,0.3658,1.08
8,Busan,2025-04-02,0.3331,9.32
8,Busan,2025-04-03,0.346,1.17
8,Busan,2025-04-04,0.3881,1.19
8,Busan,2025-04-05,0.3265,2.98
8,Busan,2025-04-06,0.4394,7.85
8,Busan,2025-04-07,0.3982,0.7
8,Busan,2025-04-08,0.4184,4.54
8,Busan,2025-04-09,0.4216,8.74
8,Busan,2025-04-10,0.4261,1.95
8,Busan,2025-04-11,0.2943,2.92
8,Busan,2025-04-12,0.2862,2.25
8,Busan,2025-04-13,0.2795,10.94
8,Busan,2025-04-14,0.347,0.4
8,Busan,2025-04-15,0.264,1.5
8,Busan,2025-04-16,0.2901,2.55
8,Busan,2025-04-17,0.3429,4.62
8,Busan,2025-04-18,0.4103,0.28
8,Busan,2025-04-19,0.402,1.93
8,Busan,2025-04-20,0.4637,0.94
8,Busan,2025-04-21,0.5404,19.68
8,Busan,2025-04-22,0.4723,2.69
8,Busan,2025-04-23,0.4661,4.04
8,Busan,2025-04-24,0.5083,15.0
8,Busan,2025-04-25,0.6143,15.24
8,Busan,2025-04-26,0.5422,9.01
8,Busan,2025-04-27,0.4641,17.46
8,Busan,2025-04-28,0.4254,7.55
8,Busan,2025-04-29,0.336,4.54
8,Busan,2025-04-30,0.3357,1.5
8,Busan,2025-05-01,0.2953,3.57
8,Busan,2025-05-02,0.3639,2.47
8,Busan,2025-05-03,0.3234,0.79
8,Busan,2025-05-04,0.2563,1.56
8,Busan,2025-05-05,0.3622,1.14
8,Busan,2025-05-06,0.355,6.13
8,Busan,2025-05-07,0.4023,5.3
8,Busan,2025-05-08,0.3628,10.54
8,Busan,2025-05-09,0.4925,10.35
8,Busan,2025-05-10,0.4941,1.82
8,Busan,2025-05-11,0.4073,1.46
8,Busan,2025-05-12,0.3391,0.68
8,Busan,2025-05-13,0.3555,0.41
8,Busan,2025-05-14,0.3777,16.74
8,Busan,2025-05-15,0.414,1.18
8,Busan,2025-05-16,0.326,0.44
8,Busan,2025-05-17,0.2202,2.78
8,Busan,2025-05-18,0.1242,0.54
8,Busan,2025-05-19,0.1323,3.43
8,Busan,2025-05-20,0.1917,0.29
8,Busan,2025-05-21,0.2085,2.05
8,Busan,2025-05-22,0.1201,0.99
8,Busan,2025-05-23,0.0833,0.5
8,Busan,2025-05-24,0.1323,1.45
8,Busan,2025-05-25,0.2239,4.06
8,Busan,2025-05-26,0.3065,0.62
8,Busan,2025-05-27,0.4018,9.25
8,Busan,2025-05-28,0.4164,0.26
8,Busan,2025-05-29,0.4973,6.11
8,Busan,2025-05-30,0.6518,14.87
8,Busan,2025-05-31,0.6002,0.05
8,Busan,2025-06-01,0.6098,3.47
8,Busan,2025-06-02,0.486,2.38
8,Busan,2025-06-03,0.5102,0.27
8,Busan,2025-06-04,0.4238,4.66
8,Busan,2025-06-05,0.4486,1.24
8,Busan,2025-06-06,0.4367,5.27
8,Busan,2025-06-07,0.4502,5.05
8,Busan,2025-06-08,0.3639,0.79
8,Busan,2025-06-09,0.3776,3.58
8,Busan,2025-06-10,0.4164,22.26
8,Busan,2025-06-11,0.4266,6.53
8,Busan,2025-06-12,0.2979,0.74
8,Busan,2025-06-13,0.3222,8.76
8,Busan,2025-06-14,0.2843,0.82
8,Busan,2025-06-15,0.2291,0.6
8,Busan,2025-06-16,0.2374,3.37
8,Busan,2025-06-17,0.2938,1.3
8,Busan,2025-06-18,0.391,4.85
8,Busan,2025-06-19,0.4195,4.75
8,Busan,2025-06-20,0.3997,0.27
8,Busan,2025-06-21,0.3931,1.22
8,Busan,2025-06-22,0.3871,8.54
8,Busan,2025-06-23,0.4741,4.85
8,Busan,2025-06-24,0.4572,1.33
8,Busan,2025-06-25,0.4778,8.12
8,Busan,2025-06-26,0.4628,16.91
8,Busan,2025-06-27,0.5079,0.62
8,Busan,2025-06-28,0.5394,1.0
8,Busan,2025-06-29,0.448,1.59
8,Busan,2025-06-30,0.4632,0.32
8,Busan,2025-07-01,0.4312,7.84
8,Busan,2025-07-02,0.4641,0.49
8,Busan,2025-07-03,0.4458,1.46
8,Busan,2025-07-04,0.4163,5.72
8,Busan,2025-07-05,0.3791,1.82
8,Busan,2025-07-06,0.3806,8.12
8,Busan,2025-07-07,0.4495,1.26
8,Busan,2025-07-08,0.3921,7.1
8,Busan,2025-07-09,0.3499,1.78
8,Busan,2025-07-10,0.3104,7.91
8,Busan,2025-07-11,0.3081,8.0
8,Busan,2025-07-12,0.2843,3.44
8,Busan,2025-07-13,0.3116,4.09
8,Busan,2025-07-14,0.4086,2.16
8,Busan,2025-07-15,0.3632,1.15
8,Busan,2025-07-16,0.2542,5.21
8,Busan,2025-07-17,0.2794,1.03
8,Busan,2025-07-18,0.2192,1.38
8,Busan,2025-07-19,0.3113,5.47
8,Busan,2025-07-20,0.3071,5.8
8,Busan,2025-07-21,0.3604,14.95
8,Busan,2025-07-22,0.4172,3.45
8,Busan,2025-07-23,0.3894,8.94
8,Busan,2025-07-24,0.4036,1.06
8,Busan,2025-07-25,0.4467,1.12
8,Busan,2025-07-26,0.533,3.13
8,Busan,2025-07-27,0.6304,7.73
8,Busan,2025-07-28,0.6298,1.22
8,Busan,2025-07-29,0.6823,22.04
8,Busan,2025-07-30,0.5127,1.24
8,Busan,2025-07-31,0.4741,4.52
8,Busan,2025-08-01,0.5236,9.01
8,Busan,2025-08-02,0.4139,0.0
8,Busan,2025-08-03,0.5317,10.68
8,Busan,2025-08-04,0.635,1.88
8,Busan,2025-08-05,0.5754,0.25
8,Busan,2025-08-06,0.6739,11.17
8,Busan,2025-08-07,0.6786,1.44
8,Busan,2025-08-08,0.68,8.19
8,Busan,2025-08-09,0.6635,20.7
8,Busan,2025-08-10,0.5766,1.78
8,Busan,2025-08-11,0.5959,2.65
8,Busan,2025-08-12,0.514,5.2
8,Busan,2025-08-13,0.4908,2.78
8,Busan,2025-08-14,0.4766,0.85
8,Busan,2025-08-15,0.5008,7.88
8,Busan,2025-08-16,0.4784,6.08
8,Busan,2025-08-17,0.6006,6.31
8,Busan,2025-08-18,0.5102,7.86
8,Busan,2025-08-19,0.3792,5.18
8,Busan,2025-08-20,0.3195,6.21
8,Busan,2025-08-21,0.3186,3.95
8,Busan,2025-08-22,0.3249,5.25
8,Busan,2025-08-23,0.2395,2.0
8,Busan,2025-08-24,0.3637,0.65
8,Busan,2025-08-25,0.4308,17.39
8,Busan,2025-08-26,0.3976,0.95
8,Busan,2025-08-27,0.3329,2.37
8,Busan,2025-08-28,0.3153,6.83
8,Busan,2025-08-29,0.3154,10.37
8,Busan,2025-08-30,0.339,0.23
8,Busan,2025-08-31,0.2587,1.51
8,Busan,2025-09-01,0.2591,3.83
8,Busan,2025-09-02,0.3176,5.32
8,Busan,2025-09-03,0.2816,5.78
8,Busan,2025-09-04,0.3241,1.08
8,Busan,2025-09-05,0.3493,2.31
8,Busan,2025-09-06,0.3298,2.53
8,Busan,2025-09-07,0.2863,2.66
8,Busan,2025-09-08,0.3344,0.81
8,Busan,2025-09-09,0.3203,1.88
8,Busan,2025-09-10,0.1759,0.64
8,Busan,2025-09-11,0.2602,0.4
8,Busan,2025-09-12,0.317,4.29
8,Busan,2025-09-13,0.2313,1.75
8,Busan,2025-09-14,0.2307,6.66
8,Busan,2025-09-15,0.2608,2.77
8,Busan,2025-09-16,0.2105,4.03
8,Busan,2025-09-17,0.2625,2.09
8,Busan,2025-09-18,0.354,2.24
8,Busan,2025-09-19,0.3527,0.24
8,Busan,2025-09-20,0.3234,2.26
8,Busan,2025-09-21,0.2663,0.82
8,Busan,2025-09-22,0.1792,5.05
8,Busan,2025-09-23,0.2214,2.93
8,Busan,2025-09-24,0.3473,2.18
8,Busan,2025-09-25,0.3346,0.2
8,Busan,2025-09-26,0.352,3.06
8,Busan,2025-09-27,0.3441,0.63
8,Busan,2025-09-28,0.3106,0.19
8,Busan,2025-09-29,0.2829,9.27
8,Busan,2025-09-30,0.4409,1.53
8,Busan,2025-10-01,0.4544,1.8
8,Busan,2025-10-02,0.4737,0.94
8,Busan,2025-10-03,0.6208,5.18
8,Busan,2025-10-04,0.5968,8.36
8,Busan,2025-10-05,0.5128,26.43
8,Busan,2025-10-06,0.4644,10.86
8,Busan,2025-10-07,0.5623,15.51
8,Busan,2025-10-08,0.5811,3.26
8,Busan,2025-10-09,0.5438,1.22
8,Busan,2025-10-10,0.5141,11.82
8,Busan,2025-10-11,0.4736,8.87
8,Busan,2025-10-12,0.4789,3.2
8,Busan,2025-10-13,0.6097,5.82
8,Busan,2025-10-14,0.571,1.37
8,Busan,2025-10-15,0.4894,0.67
8,Busan,2025-10-16,0.3922,2.86
8,Busan,2025-10-17,0.4514,0.08
8,Busan,2025-10-18,0.5005,19.84
8,Busan,2025-10-19,0.5892,10.91
8,Busan,2025-10-20,0.7584,19.06
8,Busan,2025-10-21,0.6155,0.92
8,Busan,2025-10-22,0.582,4.9
8,Busan,2025-10-23,0.5271,8.76
8,Busan,2025-10-24,0.5209,2.51
8,Busan,2025-10-25,0.447,1.97
8,Busan,2025-10-26,0.4523,9.89
8,Busan,2025-10-27,0.4008,1.82
8,Busan,2025-10-28,0.4203,1.05
8,Busan,2025-10-29,0.4784,12.75
8,Busan,2025-10-30,0.4287,9.72
8,Busan,2025-10-31,0.5138,11.29
8,Busan,2025-11-01,0.4987,0.82
8,Busan,2025-11-02,0.5341,2.51
8,Busan,2025-11-03,0.5673,2.97
8,Busan,2025-11-04,0.4821,1.91
8,Busan,2025-11-05,0.4612,2.71
8,Busan,2025-11-06,0.4179,9.16
8,Busan,2025-11-07,0.4867,1.21
8,Busan,2025-11-08,0.4526,1.78
8,Busan,2025-11-09,0.5,6.64
8,Busan,2025-11-10,0.5495,3.51
8,Busan,2025-11-11,0.5341,1.29
8,Busan,2025-11-12,0.5233,0.89
8,Busan,2025-11-13,0.558,2.76
8,Busan,2025-11-14,0.5995,3.97
8,Busan,2025-11-15,0.6233,3.22
8,Busan,2025-11-16,0.525,2.41
8,Busan,2025-11-17,0.5078,4.7
8,Busan,2025-11-18,0.4857,4.44
8,Busan,2025-11-19,0.4499,3.5
8,Busan,2025-11-20,0.3781,0.1
8,Busan,2025-11-21,0.4763,9.61
8,Busan,2025-11-22,0.3891,2.78
8,Busan,2025-11-23,0.4396,9.85
8,Busan,2025-11-24,0.5721,10.75
8,Busan,2025-11-25,0.5117,14.59
8,Busan,2025-11-26,0.3558,0.8
8,Busan,2025-11-27,0.3229,2.68
8,Busan,2025-11-28,0.3064,3.1
8,Busan,2025-11-29,0.2237,1.37
8,Busan,2025-11-30,0.2604,0.81
8,Busan,2025-12-01,0.334,1.23
8,Busan,2025-12-02,0.3602,11.99
8,Busan,2025-12-03,0.2997,0.47
8,Busan,2025-12-04,0.367,4.86
8,Busan,2025-12-05,0.352,1.07
8,Busan,2025-12-06,0.2851,0.72
8,Busan,2025-12-07,0.224,2.28
8,Busan,2025-12-08,0.231,0.95
8,Busan,2025-12-09,0.2483,8.27
8,Busan,2025-12-10,0.1938,0.09
8,Busan,2025-12-11,0.1602,11.52
8,Busan,2025-12-12,0.3046,3.43
8,Busan,2025-12-13,0.2679,1.68
8,Busan,2025-12-14,0.327,12.87
8,Busan,2025-12-15,0.3712,0.89
8,Busan,2025-12-16,0.4223,21.31
8,Busan,2025-12-17,0.4227,5.51
8,Busan,2025-12-18,0.4111,1.94
8,Busan,2025-12-19,0.4105,9.27
8,Busan,2025-12-20,0.3521,0.1
8,Busan,2025-12-21,0.3635,0.03
8,Busan,2025-12-22,0.3656,2.78
8,Busan,2025-12-23,0.2433,0.58
8,Busan,2025-12-24,0.2733,2.38
8,Busan,2025-12-25,0.2725,0.25
8,Busan,2025-12-26,0.331,0.43
8,Busan,2025-12-27,0.3297,1.4
8,Busan,2025-12-28,0.3756,21.28
8,Busan,2025-12-29,0.436,0.79
8,Busan,2025-12-30,0.4145,0.2
8,Busan,2025-12-31,0.4271,4.1
9,Hong_Kong,2023-01-01,0.6299,15.75
9,Hong_Kong,2023-01-02,0.7093,4.92
9,Hong_Kong,2023-01-03,0.6505,2.4
9,Hong_Kong,2023-01-04,0.5661,1.8
9,Hong_Kong,2023-01-05,0.6067,9.71
9,Hong_Kong,2023-01-06,0.6403,3.71
9,Hong_Kong,2023-01-07,0.7497,45.62
9,Hong_Kong,2023-01-08,0.6492,6.8
9,Hong_Kong,2023-01-09,0.7405,5.44
9,Hong_Kong,2023-01-10,0.6665,10.33
9,Hong_Kong,2023-01-11,0.6728,0.56
9,Hong_Kong,2023-01-12,0.7055,0.96
9,Hong_Kong,2023-01-13,0.7246,2.52
9,Hong_Kong,2023-01-14,0.7175,1.0
9,Hong_Kong,2023-01-15,0.6972,16.52
9,Hong_Kong,2023-01-16,0.7297,1.44
9,Hong_Kong,2023-01-17,0.6424,10.87
9,Hong_Kong,2023-01-18,0.5836,2.75
9,Hong_Kong,2023-01-19,0.5853,0.21
9,Hong_Kong,2023-01-20,0.6223,61.03
9,Hong_Kong,2023-01-21,0.6152,6.21
9,Hong_Kong,2023-01-22,0.5505,2.49
9,Hong_Kong,2023-01-23,0.6565,32.75
9,Hong_Kong,2023-01-24,0.67,9.62
9,Hong_Kong,2023-01-25,0.6797,3.5
9,Hong_Kong,2023-01-26,0.674,1.67
9,Hong_Kong,2023-01-27,0.6346,28.51
9,Hong_Kong,2023-01-28,0.5337,0.92
9,Hong_Kong,2023-01-29,0.5472,0.43
9,Hong_Kong,2023-01-30,0.5559,5.44
9,Hong_Kong,2023-01-31,0.5278,0.14
9,Hong_Kong,2023-02-01,0.5792,0.37
9,Hong_Kong,2023-02-02,0.5722,16.46
9,Hong_Kong,2023-02-03,0.6464,2.71
9,Hong_Kong,2023-02-04,0.6032,7.5
9,Hong_Kong,2023-02-05,0.5845,5.44
9,Hong_Kong,2023-02-06,0.6199,12.7
9,Hong_Kong,2023-02-07,0.5108,5.22
9,Hong_Kong,2023-02-08,0.4762,13.94
9,Hong_Kong,2023-02-09,0.574,8.59
9,Hong_Kong,2023-02-10,0.5687,0.83
9,Hong_Kong,2023-02-11,0.5836,0.66
9,Hong_Kong,2023-02-12,0.5426,1.01
9,Hong_Kong,2023-02-13,0.5475,11.99
9,Hong_Kong,2023-02-14,0.5685,37.44
9,Hong_Kong,2023-02-15,0.5025,9.37
9,Hong_Kong,2023-02-16,0.563,4.64
9,Hong_Kong,2023-02-17,0.6423,3.68
9,Hong_Kong,2023-02-18,0.6742,8.84
9,Hong_Kong,2023-02-19,0.5398,3.71
9,Hong_Kong,2023-02-20,0.5901,6.54
9,Hong_Kong,2023-02-21,0.7055,0.99
9,Hong_Kong,2023-02-22,0.5826,4.5
9,Hong_Kong,2023-02-23,0.6825,26.29
9,Hong_Kong,2023-02-24,0.5537,10.37
9,Hong_Kong,2023-02-25,0.5948,3.81
9,Hong_Kong,2023-02-26,0.498,10.35
9,Hong_Kong,2023-02-27,0.5631,7.16
9,Hong_Kong,2023-02-28,0.6361,18.35
9,Hong_Kong,2023-03-01,0.556,4.09
9,Hong_Kong,2023-03-02,0.6904,5.39
9,Hong_Kong,2023-03-03,0.6434,10.56
9,Hong_Kong,2023-03-04,0.6609,4.46
9,Hong_Kong,2023-03-05,0.5921,5.66
9,Hong_Kong,2023-03-06,0.7089,18.46
9,Hong_Kong,2023-03-07,0.8008,1.04
9,Hong_Kong,2023-03-08,0.7549,11.72
9,Hong_Kong,2023-03-09,0.8311,41.42
9,Hong_Kong,2023-03-10,0.8511,65.05
9,Hong_Kong,2023-03-11,0.8049,26.02
9,Hong_Kong,2023-03-12,0.7165,5.78
9,Hong_Kong,2023-03-13,0.6981,19.28
9,Hong_Kong,2023-03-14,0.7427,7.55
9,Hong_Kong,2023-03-15,0.6809,15.22
9,Hong_Kong,2023-03-16,0.7136,4.01
9,Hong_Kong,2023-03-17,0.7121,4.48
9,Hong_Kong,2023-03-18,0.7948,3.65
9,Hong_Kong,2023-03-19,0.7329,2.62
9,Hong_Kong,2023-03-20,0.66,6.41
9,Hong_Kong,2023-03-21,0.5782,2.4
9,Hong_Kong,2023-03-22,0.6111,12.33
9,Hong_Kong,2023-03-23,0.6084,4.98
9,Hong_Kong,2023-03-24,0.6401,3.2
9,Hong_Kong,2023-03-25,0.6771,21.44
9,Hong_Kong,2023-03-26,0.5976,5.63
9,Hong_Kong,2023-03-27,0.5996,1.95
9,Hong_Kong,2023-03-28,0.5753,1.92
9,Hong_Kong,2023-03-29,0.589,6.47
9,Hong_Kong,2023-03-30,0.5398,0.84
9,Hong_Kong,2023-03-31,0.5507,6.01
9,Hong_Kong,2023-04-01,0.5261,12.28
9,Hong_Kong,2023-04-02,0.4431,13.42
9,Hong_Kong,2023-04-03,0.4725,0.84
9,Hong_Kong,2023-04-04,0.514,0.74
9,Hong_Kong,2023-04-05,0.4565,5.75
9,Hong_Kong,2023-04-06,0.3873,9.91
9,Hong_Kong,2023-04-07,0.4229,1.0
9,Hong_Kong,2023-04-08,0.4037,7.24
9,Hong_Kong,2023-04-09,0.3146,12.26
9,Hong_Kong,2023-04-10,0.2746,0.79
9,Hong_Kong,2023-04-11,0.3718,0.12
9,Hong_Kong,2023-04-12,0.3538,5.82
9,Hong_Kong,2023-04-13,0.4358,3.59
9,Hong_Kong,2023-04-14,0.5228,3.15
9,Hong_Kong,2023-04-15,0.6318,3.62
9,Hong_Kong,2023-04-16,0.6443,14.34
9,Hong_Kong,2023-04-17,0.6414,4.22
9,Hong_Kong,2023-04-18,0.6763,15.64
9,Hong_Kong,2023-04-19,0.5383,0.87
9,Hong_Kong,2023-04-20,0.6025,8.35
9,Hong_Kong,2023-04-21,0.7425,3.14
9,Hong_Kong,2023-04-22,0.655,4.94
9,Hong_Kong,2023-04-23,0.6344,5.95
9,Hong_Kong,2023-04-24,0.6773,0.45
9,Hong_Kong,2023-04-25,0.6464,4.07
9,Hong_Kong,2023-04-26,0.6349,0.81
9,Hong_Kong,2023-04-27,0.5837,19.23
9,Hong_Kong,2023-04-28,0.5793,19.88
9,Hong_Kong,2023-04-29,0.7579,2.42
9,Hong_Kong,2023-04-30,0.7476,7.14
9,Hong_Kong,2023-05-01,0.6163,17.07
9,Hong_Kong,2023-05-02,0.581,0.21
9,Hong_Kong,2023-05-03,0.5585,4.26
9,Hong_Kong,2023-05-04,0.6625,6.41
9,Hong_Kong,2023-05-05,0.7742,4.31
9,Hong_Kong,2023-05-06,0.7609,12.1
9,Hong_Kong,2023-05-07,0.6743,19.7
9,Hong_Kong,2023-05-08,0.7201,5.45
9,Hong_Kong,2023-05-09,0.6539,19.67
9,Hong_Kong,2023-05-10,0.6668,5.81
9,Hong_Kong,2023-05-11,0.7193,12.99
9,Hong_Kong,2023-05-12,0.7008,7.71
9,Hong_Kong,2023-05-13,0.7016,4.42
9,Hong_Kong,2023-05-14,0.7362,6.04
9,Hong_Kong,2023-05-15,0.7915,15.85
9,Hong_Kong,2023-05-16,0.6707,7.54
9,Hong_Kong,2023-05-17,0.66,17.94
9,Hong_Kong,2023-05-18,0.477,6.87
9,Hong_Kong,2023-05-19,0.5418,5.84
9,Hong_Kong,2023-05-20,0.6011,2.49
9,Hong_Kong,2023-05-21,0.6288,18.17
9,Hong_Kong,2023-05-22,0.6864,16.1
9,Hong_Kong,2023-05-23,0.6954,1.1
9,Hong_Kong,2023-05-24,0.7204,0.97
9,Hong_Kong,2023-05-25,0.6537,16.87
9,Hong_Kong,2023-05-26,0.6401,9.78
9,Hong_Kong,2023-05-27,0.6443,9.78
9,Hong_Kong,2023-05-28,0.7156,10.48
9,Hong_Kong,2023-05-29,0.775,4.55
9,Hong_Kong,2023-05-30,0.7985,2.37
9,Hong_Kong,2023-05-31,0.7583,20.14
9,Hong_Kong,2023-06-01,0.7469,1.95
9,Hong_Kong,2023-06-02,0.7564,28.41
9,Hong_Kong,2023-06-03,0.664,23.42
9,Hong_Kong,2023-06-04,0.6762,15.0
9,Hong_Kong,2023-06-05,0.6982,0.84
9,Hong_Kong,2023-06-06,0.7408,1.25
9,Hong_Kong,2023-06-07,0.6351,0.65
9,Hong_Kong,2023-06-08,0.6037,14.8
9,Hong_Kong,2023-06-09,0.524,6.7
9,Hong_Kong,2023-06-10,0.5584,0.5
9,Hong_Kong,2023-06-11,0.6139,9.01
9,Hong_Kong,2023-06-12,0.6769,10.82
9,Hong_Kong,2023-06-13,0.7875,13.67
9,Hong_Kong,2023-06-14,0.7998,22.64
9,Hong_Kong,2023-06-15,0.725,12.08
9,Hong_Kong,2023-06-16,0.8148,21.79
9,Hong_Kong,2023-06-17,0.9143,32.02
9,Hong_Kong,2023-06-18,0.9194,100.37
9,Hong_Kong,2023-06-19,0.8787,27.21
9,Hong_Kong,2023-06-20,0.8082,85.97
9,Hong_Kong,2023-06-21,0.8063,10.81
9,Hong_Kong,2023-06-22,0.7592,5.13
9,Hong_Kong,2023-06-23,0.8371,23.46
9,Hong_Kong,2023-06-24,0.7967,4.93
9,Hong_Kong,2023-06-25,0.826,8.74
9,Hong_Kong,2023-06-26,0.8825,12.18
9,Hong_Kong,2023-06-27,0.7672,8.76
9,Hong_Kong,2023-06-28,0.7439,14.15
9,Hong_Kong,2023-06-29,0.7908,23.56
9,Hong_Kong,2023-06-30,0.7912,28.4
9,Hong_Kong,2023-07-01,0.7907,62.03
9,Hong_Kong,2023-07-02,0.7798,5.49
9,Hong_Kong,2023-07-03,0.7499,52.6
9,Hong_Kong,2023-07-04,0.8374,16.4
9,Hong_Kong,2023-07-05,0.7656,24.8
9,Hong_Kong,2023-07-06,0.6918,8.31
9,Hong_Kong,2023-07-07,0.7758,7.07
9,Hong_Kong,2023-07-08,0.7238,0.72
9,Hong_Kong,2023-07-09,0.7152,0.17
9,Hong_Kong,2023-07-10,0.7687,12.89
9,Hong_Kong,2023-07-11,0.8114,7.53
9,Hong_Kong,2023-07-12,0.6619,17.36
9,Hong_Kong,2023-07-13,0.6476,12.37
9,Hong_Kong,2023-07-14,0.6558,3.24
9,Hong_Kong,2023-07-15,0.6484,2.45
9,Hong_Kong,2023-07-16,0.6908,7.33
9,Hong_Kong,2023-07-17,0.8104,3.08
9,Hong_Kong,2023-07-18,0.799,4.39
9,Hong_Kong,2023-07-19,0.7305,30.84
9,Hong_Kong,2023-07-20,0.7304,4.82
9,Hong_Kong,2023-07-21,0.7813,11.1
9,Hong_Kong,2023-07-22,0.7782,13.58
9,Hong_Kong,2023-07-23,0.8222,0.1
9,Hong_Kong,2023-07-24,0.7967,33.5
9,Hong_Kong,2023-07-25,0.7377,17.55
9,Hong_Kong,2023-07-26,0.7335,23.4
9,Hong_Kong,2023-07-27,0.7885,21.63
9,Hong_Kong,2023-07-28,0.9013,102.48
9,Hong_Kong,2023-07-29,0.8993,5.49
9,Hong_Kong,2023-07-30,0.8848,63.3
9,Hong_Kong,2023-07-31,0.8357,18.17
9,Hong_Kong,2023-08-01,0.8529,25.58
9,Hong_Kong,2023-08-02,0.7567,3.72
9,Hong_Kong,2023-08-03,0.8045,33.04
9,Hong_Kong,2023-08-04,0.8222,3.68
9,Hong_Kong,2023-08-05,0.8059,2.52
9,Hong_Kong,2023-08-06,0.8614,26.62
9,Hong_Kong,2023-08-07,0.8804,50.31
9,Hong_Kong,2023-08-08,0.8271,3.42
9,Hong_Kong,2023-08-09,0.8186,3.48
9,Hong_Kong,2023-08-10,0.7435,3.49
9,Hong_Kong,2023-08-11,0.773,20.42
9,Hong_Kong,2023-08-12,0.7446,52.69
9,Hong_Kong,2023-08-13,0.6889,4.68
9,Hong_Kong,2023-08-14,0.864,5.97
9,Hong_Kong,2023-08-15,0.8231,8.08
9,Hong_Kong,2023-08-16,0.7633,8.3
9,Hong_Kong,2023-08-17,0.6443,4.17
9,Hong_Kong,2023-08-18,0.6265,10.94
9,Hong_Kong,2023-08-19,0.6707,6.78
9,Hong_Kong,2023-08-20,0.5718,2.54
9,Hong_Kong,2023-08-21,0.5482,10.03
9,Hong_Kong,2023-08-22,0.6149,3.13
9,Hong_Kong,2023-08-23,0.5931,3.09
9,Hong_Kong,2023-08-24,0.5672,7.42
9,Hong_Kong,2023-08-25,0.6075,6.31
9,Hong_Kong,2023-08-26,0.6802,20.6
9,Hong_Kong,2023-08-27,0.6153,0.09
9,Hong_Kong,2023-08-28,0.7727,26.01
9,Hong_Kong,2023-08-29,0.759,14.14
9,Hong_Kong,2023-08-30,0.7388,0.43
9,Hong_Kong,2023-08-31,0.762,23.71
9,Hong_Kong,2023-09-01,0.6444,32.49
9,Hong_Kong,2023-09-02,0.6579,12.18
9,Hong_Kong,2023-09-03,0.664,5.64
9,Hong_Kong,2023-09-04,0.8075,12.86
9,Hong_Kong,2023-09-05,0.9221,1.13
9,Hong_Kong,2023-09-06,0.8959,9.12
9,Hong_Kong,2023-09-07,0.8692,53.98
9,Hong_Kong,2023-09-08,0.8583,12.08
9,Hong_Kong,2023-09-09,0.8267,17.73
9,Hong_Kong,2023-09-10,0.7779,16.08
9,Hong_Kong,2023-09-11,0.8583,5.53
9,Hong_Kong,2023-09-12,0.9119,0.62
9,Hong_Kong,2023-09-13,0.9499,59.07
9,Hong_Kong,2023-09-14,0.9879,18.76
9,Hong_Kong,2023-09-15,1.0,123.36
9,Hong_Kong,2023-09-16,1.0,19.9
9,Hong_Kong,2023-09-17,0.9968,71.51
9,Hong_Kong,2023-09-18,0.9022,3.95
9,Hong_Kong,2023-09-19,0.8513,14.89
9,Hong_Kong,2023-09-20,0.7879,113.14
9,Hong_Kong,2023-09-21,0.7605,8.5
9,Hong_Kong,2023-09-22,0.7638,19.23
9,Hong_Kong,2023-09-23,0.783,1.37
9,Hong_Kong,2023-09-24,0.7367,15.51
9,Hong_Kong,2023-09-25,0.6242,12.83
9,Hong_Kong,2023-09-26,0.6424,10.32
9,Hong_Kong,2023-09-27,0.6233,23.91
9,Hong_Kong,2023-09-28,0.6505,8.44
9,Hong_Kong,2023-09-29,0.6056,4.33
9,Hong_Kong,2023-09-30,0.6333,0.02
9,Hong_Kong,2023-10-01,0.58,22.18
9,Hong_Kong,2023-10-02,0.5237,14.86
9,Hong_Kong,2023-10-03,0.5139,5.65
9,Hong_Kong,2023-10-04,0.4211,0.75
9,Hong_Kong,2023-10-05,0.4042,4.73
9,Hong_Kong,2023-10-06,0.4658,9.09
9,Hong_Kong,2023-10-07,0.4013,1.64
9,Hong_Kong,2023-10-08,0.445,3.03
9,Hong_Kong,2023-10-09,0.4224,1.94
9,Hong_Kong,2023-10-10,0.3873,1.85
9,Hong_Kong,2023-10-11,0.3499,0.95
9,Hong_Kong,2023-10-12,0.4177,1.42
9,Hong_Kong,2023-10-13,0.4825,1.73
9,Hong_Kong,2023-10-14,0.4686,4.14
9,Hong_Kong,2023-10-15,0.3554,2.67
9,Hong_Kong,2023-10-16,0.4211,11.61
9,Hong_Kong,2023-10-17,0.3711,3.18
9,Hong_Kong,2023-10-18,0.323,1.31
9,Hong_Kong,2023-10-19,0.3938,1.68
9,Hong_Kong,2023-10-20,0.3974,1.89
9,Hong_Kong,2023-10-21,0.4259,6.72
9,Hong_Kong,2023-10-22,0.3924,0.68
9,Hong_Kong,2023-10-23,0.5111,0.48
9,Hong_Kong,2023-10-24,0.5542,1.79
9,Hong_Kong,2023-10-25,0.6208,9.67
9,Hong_Kong,2023-10-26,0.6903,9.72
9,Hong_Kong,2023-10-27,0.6209,6.78
9,Hong_Kong,2023-10-28,0.738,4.0
9,Hong_Kong,2023-10-29,0.5743,1.13
9,Hong_Kong,2023-10-30,0.583,2.02
9,Hong_Kong,2023-10-31,0.5596,0.26
9,Hong_Kong,2023-11-01,0.4607,3.29
9,Hong_Kong,2023-11-02,0.4477,9.5
9,Hong_Kong,2023-11-03,0.5538,12.96
9,Hong_Kong,2023-11-04,0.5678,1.41
9,Hong_Kong,2023-11-05,0.4762,4.78
9,Hong_Kong,2023-11-06,0.5122,5.54
9,Hong_Kong,2023-11-07,0.579,2.08
9,Hong_Kong,2023-11-08,0.5345,8.91
9,Hong_Kong,2023-11-09,0.5199,7.44
9,Hong_Kong,2023-11-10,0.5879,14.37
9,Hong_Kong,2023-11-11,0.6369,12.0
9,Hong_Kong,2023-11-12,0.6726,3.82
9,Hong_Kong,2023-11-13,0.6836,26.9
9,Hong_Kong,2023-11-14,0.575,13.76
9,Hong_Kong,2023-11-15,0.595,4.06
9,Hong_Kong,2023-11-16,0.506,6.03
9,Hong_Kong,2023-11-17,0.5401,3.58
9,Hong_Kong,2023-11-18,0.4977,2.54
9,Hong_Kong,2023-11-19,0.4996,6.12
9,Hong_Kong,2023-11-20,0.6271,7.7
9,Hong_Kong,2023-11-21,0.6415,39.14
9,Hong_Kong,2023-11-22,0.7027,23.5
9,Hong_Kong,2023-11-23,0.6462,14.84
9,Hong_Kong,2023-11-24,0.6902,19.36
9,Hong_Kong,2023-11-25,0.6154,3.89
9,Hong_Kong,2023-11-26,0.6009,25.58
9,Hong_Kong,2023-11-27,0.6721,3.29
9,Hong_Kong,2023-11-28,0.5472,3.16
9,Hong_Kong,2023-11-29,0.5458,5.02
9,Hong_Kong,2023-11-30,0.583,6.4
9,Hong_Kong,2023-12-01,0.5882,15.05
9,Hong_Kong,2023-12-02,0.6393,1.85
9,Hong_Kong,2023-12-03,0.6291,1.59
9,Hong_Kong,2023-12-04,0.5814,2.9
9,Hong_Kong,2023-12-05,0.6028,3.63
9,Hong_Kong,2023-12-06,0.6072,0.95
9,Hong_Kong,2023-12-07,0.5974,2.1
9,Hong_Kong,2023-12-08,0.6254,2.25
9,Hong_Kong,2023-12-09,0.6673,1.69
9,Hong_Kong,2023-12-10,0.6591,5.32
9,Hong_Kong,2023-12-11,0.7289,17.85
9,Hong_Kong,2023-12-12,0.803,25.88
9,Hong_Kong,2023-12-13,0.8231,26.11
9,Hong_Kong,2023-12-14,0.7975,12.39
9,Hong_Kong,2023-12-15,0.8019,10.84
9,Hong_Kong,2023-12-16,0.7614,16.27
9,Hong_Kong,2023-12-17,0.7466,4.56
9,Hong_Kong,2023-12-18,0.7772,16.05
9,Hong_Kong,2023-12-19,0.7155,2.39
9,Hong_Kong,2023-12-20,0.6727,8.38
9,Hong_Kong,2023-12-21,0.612,11.02
9,Hong_Kong,2023-12-22,0.6859,9.53
9,Hong_Kong,2023-12-23,0.6904,0.44
9,Hong_Kong,2023-12-24,0.6791,5.65
9,Hong_Kong,2023-12-25,0.671,20.08
9,Hong_Kong,2023-12-26,0.6997,1.98
9,Hong_Kong,2023-12-27,0.6501,0.43
9,Hong_Kong,2023-12-28,0.6033,12.34
9,Hong_Kong,2023-12-29,0.6778,0.44
9,Hong_Kong,2023-12-30,0.6456,2.6
9,Hong_Kong,2023-12-31,0.6574,9.85
9,Hong_Kong,2024-01-01,0.6599,0.27
9,Hong_Kong,2024-01-02,0.6396,0.43
9,Hong_Kong,2024-01-03,0.6335,6.13
9,Hong_Kong,2024-01-04,0.693,2.1
9,Hong_Kong,2024-01-05,0.7356,3.73
9,Hong_Kong,2024-01-06,0.75,1.31
9,Hong_Kong,2024-01-07,0.7626,17.63
9,Hong_Kong,2024-01-08,0.8456,13.3
9,Hong_Kong,2024-01-09,0.9152,5.98
9,Hong_Kong,2024-01-10,0.9113,4.76
9,Hong_Kong,2024-01-11,0.8208,3.92
9,Hong_Kong,2024-01-12,0.8432,25.18
9,Hong_Kong,2024-01-13,0.8944,3.77
9,Hong_Kong,2024-01-14,0.7844,78.02
9,Hong_Kong,2024-01-15,0.9037,7.91
9,Hong_Kong,2024-01-16,0.9115,19.2
9,Hong_Kong,2024-01-17,0.8948,7.34
9,Hong_Kong,2024-01-18,0.844,3.11
9,Hong_Kong,2024-01-19,0.8146,13.57
9,Hong_Kong,2024-01-20,0.8516,5.81
9,Hong_Kong,2024-01-21,0.7453,0.86
9,Hong_Kong,2024-01-22,0.9017,6.15
9,Hong_Kong,2024-01-23,0.9223,39.37
9,Hong_Kong,2024-01-24,0.9177,25.23
9,Hong_Kong,2024-01-25,0.9045,3.43
9,Hong_Kong,2024-01-26,0.8587,4.14
9,Hong_Kong,2024-01-27,0.842,12.28
9,Hong_Kong,2024-01-28,0.7274,9.88
9,Hong_Kong,2024-01-29,0.6905,14.59
9,Hong_Kong,2024-01-30,0.5862,18.62
9,Hong_Kong,2024-01-31,0.5944,35.24
9,Hong_Kong,2024-02-01,0.5703,2.19
9,Hong_Kong,2024-02-02,0.5941,1.88
9,Hong_Kong,2024-02-03,0.6096,3.84
9,Hong_Kong,2024-02-04,0.685,35.81
9,Hong_Kong,2024-02-05,0.6258,39.33
9,Hong_Kong,2024-02-06,0.7099,22.15
9,Hong_Kong,2024-02-07,0.705,7.63
9,Hong_Kong,2024-02-08,0.6662,2.35
9,Hong_Kong,2024-02-09,0.7055,15.57
9,Hong_Kong,2024-02-10,0.7189,41.84
9,Hong_Kong,2024-02-11,0.7763,27.49
9,Hong_Kong,2024-02-12,0.7862,2.73
9,Hong_Kong,2024-02-13,0.6883,7.17
9,Hong_Kong,2024-02-14,0.5972,1.86
9,Hong_Kong,2024-02-15,0.6421,10.48
9,Hong_Kong,2024-02-16,0.6994,12.12
9,Hong_Kong,2024-02-17,0.7977,23.7
9,Hong_Kong,2024-02-18,0.6906,4.79
9,Hong_Kong,2024-02-19,0.7494,13.47
9,Hong_Kong,2024-02-20,0.7853,10.51
9,Hong_Kong,2024-02-21,0.7835,2.62
9,Hong_Kong,2024-02-22,0.7532,52.53
9,Hong_Kong,2024-02-23,0.7483,0.92
9,Hong_Kong,2024-02-24,0.7139,7.17
9,Hong_Kong,2024-02-25,0.7173,2.31
9,Hong_Kong,2024-02-26,0.8169,57.58
9,Hong_Kong,2024-02-27,0.7175,4.69
9,Hong_Kong,2024-02-28,0.6828,1.81
9,Hong_Kong,2024-02-29,0.7651,3.09
9,Hong_Kong,2024-03-01,0.6997,2.31
9,Hong_Kong,2024-03-02,0.7163,2.75
9,Hong_Kong,2024-03-03,0.5421,24.25
9,Hong_Kong,2024-03-04,0.562,1.67
9,Hong_Kong,2024-03-05,0.5136,2.18
9,Hong_Kong,2024-03-06,0.5934,25.75
9,Hong_Kong,2024-03-07,0.526,1.93
9,Hong_Kong,2024-03-08,0.5,3.95
9,Hong_Kong,2024-03-09,0.4608,6.26
9,Hong_Kong,2024-03-10,0.4475,0.62
9,Hong_Kong,2024-03-11,0.4816,36.66
9,Hong_Kong,2024-03-12,0.462,0.38
9,Hong_Kong,2024-03-13,0.4973,19.25
9,Hong_Kong,2024-03-14,0.4455,2.24
9,Hong_Kong,2024-03-15,0.5223,0.59
9,Hong_Kong,2024-03-16,0.4876,7.16
9,Hong_Kong,2024-03-17,0.3765,0.57
9,Hong_Kong,2024-03-18,0.4353,1.22
9,Hong_Kong,2024-03-19,0.4839,1.58
9,Hong_Kong,2024-03-20,0.442,9.3
9,Hong_Kong,2024-03-21,0.4677,7.39
9,Hong_Kong,2024-03-22,0.4861,2.43
9,Hong_Kong,2024-03-23,0.4663,11.32
9,Hong_Kong,2024-03-24,0.5199,3.17
9,Hong_Kong,2024-03-25,0.6096,8.47
9,Hong_Kong,2024-03-26,0.5408,7.61
9,Hong_Kong,2024-03-27,0.4903,0.92
9,Hong_Kong,2024-03-28,0.5476,2.09
9,Hong_Kong,2024-03-29,0.5212,5.9
9,Hong_Kong,2024-03-30,0.4775,7.42
9,Hong_Kong,2024-03-31,0.476,3.74
9,Hong_Kong,2024-04-01,0.4962,1.66
9,Hong_Kong,2024-04-02,0.4787,0.56
9,Hong_Kong,2024-04-03,0.4783,0.19
9,Hong_Kong,2024-04-04,0.4799,10.93
9,Hong_Kong,2024-04-05,0.5383,8.34
9,Hong_Kong,2024-04-06,0.5524,2.44
9,Hong_Kong,2024-04-07,0.6632,2.57
9,Hong_Kong,2024-04-08,0.7344,1.36
9,Hong_Kong,2024-04-09,0.7153,16.91
9,Hong_Kong,2024-04-10,0.8015,0.89
9,Hong_Kong,2024-04-11,0.7256,18.51
9,Hong_Kong,2024-04-12,0.8575,70.32
9,Hong_Kong,2024-04-13,0.9817,27.82
9,Hong_Kong,2024-04-14,0.9894,6.57
9,Hong_Kong,2024-04-15,0.9752,96.05
9,Hong_Kong,2024-04-16,0.99,8.88
9,Hong_Kong,2024-04-17,1.0,16.87
9,Hong_Kong,2024-04-18,0.8972,0.58
9,Hong_Kong,2024-04-19,0.9411,19.06
9,Hong_Kong,2024-04-20,0.8882,17.19
9,Hong_Kong,2024-04-21,0.8063,16.14
9,Hong_Kong,2024-04-22,0.8428,26.37
9,Hong_Kong,2024-04-23,0.8208,4.87
9,Hong_Kong,2024-04-24,0.7155,6.99
9,Hong_Kong,2024-04-25,0.7876,5.35
9,Hong_Kong,2024-04-26,0.8084,6.58
9,Hong_Kong,2024-04-27,0.8352,43.35
9,Hong_Kong,2024-04-28,0.8647,51.68
9,Hong_Kong,2024-04-29,0.8333,59.75
9,Hong_Kong,2024-04-30,0.9383,39.47
9,Hong_Kong,2024-05-01,1.0,13.58
9,Hong_Kong,2024-05-02,0.8965,36.71
9,Hong_Kong,2024-05-03,0.8959,3.15
9,Hong_Kong,2024-05-04,0.8751,21.91
9,Hong_Kong,2024-05-05,0.8066,5.32
9,Hong_Kong,2024-05-06,0.8021,14.24
9,Hong_Kong,2024-05-07,0.9247,1.03
9,Hong_Kong,2024-05-08,0.8597,0.62
9,Hong_Kong,2024-05-09,0.948,1.45
9,Hong_Kong,2024-05-10,1.0,31.35
9,Hong_Kong,2024-05-11,0.9827,43.39
9,Hong_Kong,2024-05-12,1.0,28.15
9,Hong_Kong,2024-05-13,1.0,54.66
9,Hong_Kong,2024-05-14,0.9917,8.23
9,Hong_Kong,2024-05-15,1.0,37.49
9,Hong_Kong,2024-05-16,0.9261,2.96
9,Hong_Kong,2024-05-17,0.9096,9.39
9,Hong_Kong,2024-05-18,0.793,1.82
9,Hong_Kong,2024-05-19,0.8185,20.5
9,Hong_Kong,2024-05-20,0.7988,36.67
9,Hong_Kong,2024-05-21,0.6904,4.09
9,Hong_Kong,2024-05-22,0.72,20.24
9,Hong_Kong,2024-05-23,0.6941,4.86
9,Hong_Kong,2024-05-24,0.8162,56.4
9,Hong_Kong,2024-05-25,0.8475,45.02
9,Hong_Kong,2024-05-26,0.9058,14.45
9,Hong_Kong,2024-05-27,0.9089,27.25
9,Hong_Kong,2024-05-28,0.895,22.01
9,Hong_Kong,2024-05-29,0.9217,5.66
9,Hong_Kong,2024-05-30,0.7393,0.51
9,Hong_Kong,2024-05-31,0.6624,4.57
9,Hong_Kong,2024-06-01,0.6554,15.17
9,Hong_Kong,2024-06-02,0.5518,1.62
9,Hong_Kong,2024-06-03,0.5537,0.67
9,Hong_Kong,2024-06-04,0.5992,1.6
9,Hong_Kong,2024-06-05,0.6251,2.96
9,Hong_Kong,2024-06-06,0.6677,3.38
9,Hong_Kong,2024-06-07,0.628,3.24
9,Hong_Kong,2024-06-08,0.6831,1.78
9,Hong_Kong,2024-06-09,0.6289,2.94
9,Hong_Kong,2024-06-10,0.7041,3.25
9,Hong_Kong,2024-06-11,0.7387,17.08
9,Hong_Kong,2024-06-12,0.854,16.63
9,Hong_Kong,2024-06-13,0.9324,9.99
9,Hong_Kong,2024-06-14,0.97,17.18
9,Hong_Kong,2024-06-15,0.9109,31.61
9,Hong_Kong,2024-06-16,0.8868,20.55
9,Hong_Kong,2024-06-17,0.9196,14.76
9,Hong_Kong,2024-06-18,0.8493,10.28
9,Hong_Kong,2024-06-19,0.8642,13.91
9,Hong_Kong,2024-06-20,0.8833,71.45
9,Hong_Kong,2024-06-21,0.9301,12.83
9,Hong_Kong,2024-06-22,0.8286,1.5
9,Hong_Kong,2024-06-23,0.8034,20.58
9,Hong_Kong,2024-06-24,0.8809,14.02
9,Hong_Kong,2024-06-25,0.8971,16.72
9,Hong_Kong,2024-06-26,0.856,14.53
9,Hong_Kong,2024-06-27,0.8263,10.72
9,Hong_Kong,2024-06-28,0.8085,2.17
9,Hong_Kong,2024-06-29,0.8229,1.78
9,Hong_Kong,2024-06-30,0.7015,12.93
9,Hong_Kong,2024-07-01,0.6754,19.66
9,Hong_Kong,2024-07-02,0.6354,3.67
9,Hong_Kong,2024-07-03,0.6678,3.59
9,Hong_Kong,2024-07-04,0.7502,37.88
9,Hong_Kong,2024-07-05,0.7877,36.65
9,Hong_Kong,2024-07-06,0.6973,3.74
9,Hong_Kong,2024-07-07,0.6757,16.11
9,Hong_Kong,2024-07-08,0.6534,3.67
9,Hong_Kong,2024-07-09,0.6343,18.49
9,Hong_Kong,2024-07-10,0.5773,9.04
9,Hong_Kong,2024-07-11,0.5605,17.45
9,Hong_Kong,2024-07-12,0.5478,13.75
9,Hong_Kong,2024-07-13,0.6793,5.11
9,Hong_Kong,2024-07-14,0.6966,11.99
9,Hong_Kong,2024-07-15,0.6751,9.4
9,Hong_Kong,2024-07-16,0.6659,1.39
9,Hong_Kong,2024-07-17,0.766,19.79
9,Hong_Kong,2024-07-18,0.8003,9.56
9,Hong_Kong,2024-07-19,0.7989,10.67
9,Hong_Kong,2024-07-20,0.7437,39.42
9,Hong_Kong,2024-07-21,0.7485,0.07
9,Hong_Kong,2024-07-22,0.7418,16.45
9,Hong_Kong,2024-07-23,0.7966,4.46
9,Hong_Kong,2024-07-24,0.9282,0.63
9,Hong_Kong,2024-07-25,0.9027,40.36
9,Hong_Kong,2024-07-26,0.9052,18.0
9,Hong_Kong,2024-07-27,0.8003,14.44
9,Hong_Kong,2024-07-28,0.8724,10.54
9,Hong_Kong,2024-07-29,0.9156,0.01
9,Hong_Kong,2024-07-30,0.7771,5.4
9,Hong_Kong,2024-07-31,0.7803,9.67
9,Hong_Kong,2024-08-01,0.7609,5.32
9,Hong_Kong,2024-08-02,0.7833,3.05
9,Hong_Kong,2024-08-03,0.7402,18.96
9,Hong_Kong,2024-08-04,0.7331,2.72
9,Hong_Kong,2024-08-05,0.696,28.79
9,Hong_Kong,2024-08-06,0.6937,32.95
9,Hong_Kong,2024-08-07,0.7346,23.12
9,Hong_Kong,2024-08-08,0.7105,46.83
9,Hong_Kong,2024-08-09,0.6881,47.0
9,Hong_Kong,2024-08-10,0.7666,3.49
9,Hong_Kong,2024-08-11,0.8184,1.96
9,Hong_Kong,2024-08-12,0.7735,6.18
9,Hong_Kong,2024-08-13,0.7314,7.53
9,Hong_Kong,2024-08-14,0.7213,1.35
9,Hong_Kong,2024-08-15,0.7278,34.41
9,Hong_Kong,2024-08-16,0.7838,55.42
9,Hong_Kong,2024-08-17,0.7475,30.65
9,Hong_Kong,2024-08-18,0.6767,14.29
9,Hong_Kong,2024-08-19,0.7274,18.55
9,Hong_Kong,2024-08-20,0.6716,0.5
9,Hong_Kong,2024-08-21,0.7018,14.59
9,Hong_Kong,2024-08-22,0.7261,0.3
9,Hong_Kong,2024-08-23,0.8519,15.1
9,Hong_Kong,2024-08-24,0.9055,5.87
9,Hong_Kong,2024-08-25,0.9138,31.76
9,Hong_Kong,2024-08-26,0.8982,60.91
9,Hong_Kong,2024-08-27,0.8164,44.54
9,Hong_Kong,2024-08-28,0.8589,3.46
9,Hong_Kong,2024-08-29,0.8564,26.08
9,Hong_Kong,2024-08-30,0.8122,23.58
9,Hong_Kong,2024-08-31,0.7998,16.27
9,Hong_Kong,2024-09-01,0.77,7.75
9,Hong_Kong,2024-09-02,0.7751,5.41
9,Hong_Kong,2024-09-03,0.7662,3.98
9,Hong_Kong,2024-09-04,0.7123,9.53
9,Hong_Kong,2024-09-05,0.6308,6.79
9,Hong_Kong,2024-09-06,0.7728,52.31
9,Hong_Kong,2024-09-07,0.7436,1.2
9,Hong_Kong,2024-09-08,0.7662,64.01
9,Hong_Kong,2024-09-09,0.6965,4.79
9,Hong_Kong,2024-09-10,0.6078,1.04
9,Hong_Kong,2024-09-11,0.5552,1.83
9,Hong_Kong,2024-09-12,0.5074,0.33
9,Hong_Kong,2024-09-13,0.4913,6.06
9,Hong_Kong,2024-09-14,0.4511,0.33
9,Hong_Kong,2024-09-15,0.5193,6.38
9,Hong_Kong,2024-09-16,0.5273,15.96
9,Hong_Kong,2024-09-17,0.4086,6.14
9,Hong_Kong,2024-09-18,0.4414,3.84
9,Hong_Kong,2024-09-19,0.4338,10.3
9,Hong_Kong,2024-09-20,0.5774,8.8
9,Hong_Kong,2024-09-21,0.5781,1.65
9,Hong_Kong,2024-09-22,0.6586,0.54
9,Hong_Kong,2024-09-23,0.6786,9.42
9,Hong_Kong,2024-09-24,0.635,0.75
9,Hong_Kong,2024-09-25,0.6684,19.75
9,Hong_Kong,2024-09-26,0.5877,0.4
9,Hong_Kong,2024-09-27,0.6885,0.15
9,Hong_Kong,2024-09-28,0.6567,5.68
9,Hong_Kong,2024-09-29,0.5584,9.58
9,Hong_Kong,2024-09-30,0.6363,2.75
9,Hong_Kong,2024-10-01,0.621,4.73
9,Hong_Kong,2024-10-02,0.548,0.11
9,Hong_Kong,2024-10-03,0.5804,13.74
9,Hong_Kong,2024-10-04,0.5846,3.05
9,Hong_Kong,2024-10-05,0.6308,40.96
9,Hong_Kong,2024-10-06,0.6207,11.5
9,Hong_Kong,2024-10-07,0.6872,21.2
9,Hong_Kong,2024-10-08,0.6611,3.08
9,Hong_Kong,2024-10-09,0.5645,10.17
9,Hong_Kong,2024-10-10,0.6223,7.15
9,Hong_Kong,2024-10-11,0.6066,0.79
9,Hong_Kong,2024-10-12,0.487,1.19
9,Hong_Kong,2024-10-13,0.4781,0.91
9,Hong_Kong,2024-10-14,0.4933,0.89
9,Hong_Kong,2024-10-15,0.5619,0.25
9,Hong_Kong,2024-10-16,0.5286,17.22
9,Hong_Kong,2024-10-17,0.5319,1.64
9,Hong_Kong,2024-10-18,0.6044,6.37
9,Hong_Kong,2024-10-19,0.6088,9.31
9,Hong_Kong,2024-10-20,0.6703,2.37
9,Hong_Kong,2024-10-21,0.7669,22.47
9,Hong_Kong,2024-10-22,0.6925,14.61
9,Hong_Kong,2024-10-23,0.705,12.4
9,Hong_Kong,2024-10-24,0.7916,9.76
9,Hong_Kong,2024-10-25,0.7491,1.73
9,Hong_Kong,2024-10-26,0.664,2.27
9,Hong_Kong,2024-10-27,0.6993,2.83
9,Hong_Kong,2024-10-28,0.6838,1.43
9,Hong_Kong,2024-10-29,0.7948,4.48
9,Hong_Kong,2024-10-30,0.7525,2.85
9,Hong_Kong,2024-10-31,0.681,1.83
9,Hong_Kong,2024-11-01,0.6712,29.41
9,Hong_Kong,2024-11-02,0.7504,8.95
9,Hong_Kong,2024-11-03,0.6574,1.15
9,Hong_Kong,2024-11-04,0.6715,8.31
9,Hong_Kong,2024-11-05,0.6493,5.07
9,Hong_Kong,2024-11-06,0.4915,8.81
9,Hong_Kong,2024-11-07,0.4774,10.35
9,Hong_Kong,2024-11-08,0.5125,3.52
9,Hong_Kong,2024-11-09,0.4727,0.72
9,Hong_Kong,2024-11-10,0.5332,0.99
9,Hong_Kong,2024-11-11,0.6306,22.7
9,Hong_Kong,2024-11-12,0.6371,20.74
9,Hong_Kong,2024-11-13,0.5648,1.26
9,Hong_Kong,2024-11-14,0.5166,9.31
9,Hong_Kong,2024-11-15,0.6229,8.6
9,Hong_Kong,2024-11-16,0.7612,8.9
9,Hong_Kong,2024-11-17,0.7993,1.06
9,Hong_Kong,2024-11-18,0.8451,9.85
9,Hong_Kong,2024-11-19,0.7588,10.67
9,Hong_Kong,2024-11-20,0.7473,61.1
9,Hong_Kong,2024-11-21,0.653,23.5
9,Hong_Kong,2024-11-22,0.7121,11.58
9,Hong_Kong,2024-11-23,0.6779,3.51
9,Hong_Kong,2024-11-24,0.5992,10.95
9,Hong_Kong,2024-11-25,0.6138,8.02
9,Hong_Kong,2024-11-26,0.6374,27.08
9,Hong_Kong,2024-11-27,0.6465,5.59
9,Hong_Kong,2024-11-28,0.6456,7.01
9,Hong_Kong,2024-11-29,0.6917,1.08
9,Hong_Kong,2024-11-30,0.6168,11.32
9,Hong_Kong,2024-12-01,0.5553,0.05
9,Hong_Kong,2024-12-02,0.5489,4.29
9,Hong_Kong,2024-12-03,0.4763,0.9
9,Hong_Kong,2024-12-04,0.4921,8.65
9,Hong_Kong,2024-12-05,0.4172,7.95
9,Hong_Kong,2024-12-06,0.4842,6.02
9,Hong_Kong,2024-12-07,0.4048,10.53
9,Hong_Kong,2024-12-08,0.4733,3.07
9,Hong_Kong,2024-12-09,0.5453,19.0
9,Hong_Kong,2024-12-10,0.4622,36.7
9,Hong_Kong,2024-12-11,0.5079,0.1
9,Hong_Kong,2024-12-12,0.5135,2.27
9,Hong_Kong,2024-12-13,0.6233,1.1
9,Hong_Kong,2024-12-14,0.6141,9.82
9,Hong_Kong,2024-12-15,0.5135,20.61
9,Hong_Kong,2024-12-16,0.5387,1.03
9,Hong_Kong,2024-12-17,0.5359,3.09
9,Hong_Kong,2024-12-18,0.5131,6.17
9,Hong_Kong,2024-12-19,0.5565,21.25
9,Hong_Kong,2024-12-20,0.6545,15.05
9,Hong_Kong,2024-12-21,0.6782,6.64
9,Hong_Kong,2024-12-22,0.6089,36.68
9,Hong_Kong,2024-12-23,0.6705,21.42
9,Hong_Kong,2024-12-24,0.659,7.79
9,Hong_Kong,2024-12-25,0.6062,30.15
9,Hong_Kong,2024-12-26,0.6934,9.11
9,Hong_Kong,2024-12-27,0.7188,5.21
9,Hong_Kong,2024-12-28,0.6579,9.26
9,Hong_Kong,2024-12-29,0.6449,8.93
9,Hong_Kong,2024-12-30,0.6942,13.25
9,Hong_Kong,2024-12-31,0.7849,9.94
9,Hong_Kong,2025-01-01,0.7955,27.57
9,Hong_Kong,2025-01-02,0.7347,33.0
9,Hong_Kong,2025-01-03,0.79,15.34
9,Hong_Kong,2025-01-04,0.7777,9.91
9,Hong_Kong,2025-01-05,0.6646,8.58
9,Hong_Kong,2025-01-06,0.618,9.82
9,Hong_Kong,2025-01-07,0.57,1.82
9,Hong_Kong,2025-01-08,0.5158,0.43
9,Hong_Kong,2025-01-09,0.4621,0.3
9,Hong_Kong,2025-01-10,0.5375,2.83
9,Hong_Kong,2025-01-11,0.6034,16.94
9,Hong_Kong,2025-01-12,0.527,8.94
9,Hong_Kong,2025-01-13,0.5688,36.03
9,Hong_Kong,2025-01-14,0.6463,9.5
9,Hong_Kong,2025-01-15,0.6952,8.64
9,Hong_Kong,2025-01-16,0.6664,14.92
9,Hong_Kong,2025-01-17,0.6612,0.12
9,Hong_Kong,2025-01-18,0.7467,23.24
9,Hong_Kong,2025-01-19,0.8133,0.82
9,Hong_Kong,2025-01-20,0.9196,46.83
9,Hong_Kong,2025-01-21,0.8701,19.45
9,Hong_Kong,2025-01-22,0.8262,16.57
9,Hong_Kong,2025-01-23,0.7344,3.87
9,Hong_Kong,2025-01-24,0.7656,4.86
9,Hong_Kong,2025-01-25,0.7218,31.43
9,Hong_Kong,2025-01-26,0.7092,3.62
9,Hong_Kong,2025-01-27,0.5994,5.55
9,Hong_Kong,2025-01-28,0.5766,16.09
9,Hong_Kong,2025-01-29,0.6604,3.55
9,Hong_Kong,2025-01-30,0.6643,16.83
9,Hong_Kong,2025-01-31,0.5234,2.03
9,Hong_Kong,2025-02-01,0.5753,5.86
9,Hong_Kong,2025-02-02,0.6553,1.76
9,Hong_Kong,2025-02-03,0.599,18.52
9,Hong_Kong,2025-02-04,0.6148,7.73
9,Hong_Kong,2025-02-05,0.5967,11.07
9,Hong_Kong,2025-02-06,0.628,2.61
9,Hong_Kong,2025-02-07,0.6984,28.73
9,Hong_Kong,2025-02-08,0.6783,8.26
9,Hong_Kong,2025-02-09,0.6748,9.57
9,Hong_Kong,2025-02-10,0.8158,53.06
9,Hong_Kong,2025-02-11,1.0,88.25
9,Hong_Kong,2025-02-12,1.0,21.25
9,Hong_Kong,2025-02-13,0.972,98.73
9,Hong_Kong,2025-02-14,0.9262,39.99
9,Hong_Kong,2025-02-15,0.8861,87.93
9,Hong_Kong,2025-02-16,0.8594,17.51
9,Hong_Kong,2025-02-17,0.8808,17.48
9,Hong_Kong,2025-02-18,0.7203,5.29
9,Hong_Kong,2025-02-19,0.6736,1.46
9,Hong_Kong,2025-02-20,0.6539,20.4
9,Hong_Kong,2025-02-21,0.6601,4.38
9,Hong_Kong,2025-02-22,0.6788,0.45
9,Hong_Kong,2025-02-23,0.7808,4.28
9,Hong_Kong,2025-02-24,0.8384,0.37
9,Hong_Kong,2025-02-25,0.8418,1.85
9,Hong_Kong,2025-02-26,0.8629,14.26
9,Hong_Kong,2025-02-27,0.9199,91.58
9,Hong_Kong,2025-02-28,1.0,0.86
9,Hong_Kong,2025-03-01,0.974,4.05
9,Hong_Kong,2025-03-02,0.9496,49.82
9,Hong_Kong,2025-03-03,0.9738,66.41
9,Hong_Kong,2025-03-04,0.9568,14.6
9,Hong_Kong,2025-03-05,0.8764,62.72
9,Hong_Kong,2025-03-06,0.854,12.23
9,Hong_Kong,2025-03-07,0.8153,4.92
9,Hong_Kong,2025-03-08,0.8549,1.15
9,Hong_Kong,2025-03-09,1.0,3.78
9,Hong_Kong,2025-03-10,1.0,76.97
9,Hong_Kong,2025-03-11,1.0,22.87
9,Hong_Kong,2025-03-12,1.0,17.7
9,Hong_Kong,2025-03-13,0.8948,22.84
9,Hong_Kong,2025-03-14,0.9422,4.98
9,Hong_Kong,2025-03-15,0.9321,8.38
9,Hong_Kong,2025-03-16,0.8074,1.16
9,Hong_Kong,2025-03-17,0.8172,27.53
9,Hong_Kong,2025-03-18,0.6385,11.43
9,Hong_Kong,2025-03-19,0.5343,1.57
9,Hong_Kong,2025-03-20,0.4692,0.14
9,Hong_Kong,2025-03-21,0.4309,0.09
9,Hong_Kong,2025-03-22,0.5392,2.13
9,Hong_Kong,2025-03-23,0.4775,4.54
9,Hong_Kong,2025-03-24,0.5515,0.79
9,Hong_Kong,2025-03-25,0.5528,4.24
9,Hong_Kong,2025-03-26,0.5526,1.54
9,Hong_Kong,2025-03-27,0.5324,11.08
9,Hong_Kong,2025-03-28,0.5297,23.5
9,Hong_Kong,2025-03-29,0.5852,9.17
9,Hong_Kong,2025-03-30,0.4409,5.35
9,Hong_Kong,2025-03-31,0.5636,0.85
9,Hong_Kong,2025-04-01,0.5437,5.7
9,Hong_Kong,2025-04-02,0.5653,5.61
9,Hong_Kong,2025-04-03,0.6116,11.98
9,Hong_Kong,2025-04-04,0.7204,8.93
9,Hong_Kong,2025-04-05,0.6632,5.86
9,Hong_Kong,2025-04-06,0.6316,19.75
9,Hong_Kong,2025-04-07,0.5752,2.48
9,Hong_Kong,2025-04-08,0.603,6.23
9,Hong_Kong,2025-04-09,0.7266,1.56
9,Hong_Kong,2025-04-10,0.6812,3.71
9,Hong_Kong,2025-04-11,0.6888,20.22
9,Hong_Kong,2025-04-12,0.7086,19.53
9,Hong_Kong,2025-04-13,0.6921,29.96
9,Hong_Kong,2025-04-14,0.7711,4.35
9,Hong_Kong,2025-04-15,0.7497,7.49
9,Hong_Kong,2025-04-16,0.7924,26.89
9,Hong_Kong,2025-04-17,0.7433,1.47
9,Hong_Kong,2025-04-18,0.7637,2.26
9,Hong_Kong,2025-04-19,0.6885,3.81
9,Hong_Kong,2025-04-20,0.6409,2.86
9,Hong_Kong,2025-04-21,0.6847,2.62
9,Hong_Kong,2025-04-22,0.6765,7.16
9,Hong_Kong,2025-04-23,0.728,47.41
9,Hong_Kong,2025-04-24,0.7345,8.63
9,Hong_Kong,2025-04-25,0.7431,3.78
9,Hong_Kong,2025-04-26,0.6994,11.96
9,Hong_Kong,2025-04-27,0.6985,5.71
9,Hong_Kong,2025-04-28,0.7846,1.49
9,Hong_Kong,2025-04-29,0.7237,16.4
9,Hong_Kong,2025-04-30,0.8768,6.01
9,Hong_Kong,2025-05-01,0.7639,1.76
9,Hong_Kong,2025-05-02,0.7275,0.39
9,Hong_Kong,2025-05-03,0.6863,8.04
9,Hong_Kong,2025-05-04,0.7339,4.67
9,Hong_Kong,2025-05-05,0.8472,4.88
9,Hong_Kong,2025-05-06,0.7994,4.78
9,Hong_Kong,2025-05-07,0.7251,26.4
9,Hong_Kong,2025-05-08,0.6575,4.4
9,Hong_Kong,2025-05-09,0.7397,3.57
9,Hong_Kong,2025-05-10,0.6512,22.48
9,Hong_Kong,2025-05-11,0.6648,0.87
9,Hong_Kong,2025-05-12,0.7221,8.51
9,Hong_Kong,2025-05-13,0.7302,13.32
9,Hong_Kong,2025-05-14,0.6691,1.31
9,Hong_Kong,2025-05-15,0.5874,1.57
9,Hong_Kong,2025-05-16,0.6209,9.39
9,Hong_Kong,2025-05-17,0.6574,9.7
9,Hong_Kong,2025-05-18,0.63,2.27
9,Hong_Kong,2025-05-19,0.7064,6.81
9,Hong_Kong,2025-05-20,0.6866,43.63
9,Hong_Kong,2025-05-21,0.7141,37.49
9,Hong_Kong,2025-05-22,0.6394,1.55
9,Hong_Kong,2025-05-23,0.6531,28.71
9,Hong_Kong,2025-05-24,0.7509,15.44
9,Hong_Kong,2025-05-25,0.6993,43.04
9,Hong_Kong,2025-05-26,0.7508,8.69
9,Hong_Kong,2025-05-27,0.7329,0.97
9,Hong_Kong,2025-05-28,0.6883,44.55
9,Hong_Kong,2025-05-29,0.7293,0.21
9,Hong_Kong,2025-05-30,0.705,20.01
9,Hong_Kong,2025-05-31,0.7595,26.87
9,Hong_Kong,2025-06-01,0.785,14.77
9,Hong_Kong,2025-06-02,0.7219,11.63
9,Hong_Kong,2025-06-03,0.7573,13.86
9,Hong_Kong,2025-06-04,0.7466,32.39
9,Hong_Kong,2025-06-05,0.6663,28.17
9,Hong_Kong,2025-06-06,0.658,0.86
9,Hong_Kong,2025-06-07,0.6037,9.79
9,Hong_Kong,2025-06-08,0.626,11.52
9,Hong_Kong,2025-06-09,0.7803,0.61
9,Hong_Kong,2025-06-10,0.7593,10.68
9,Hong_Kong,2025-06-11,0.7094,35.28
9,Hong_Kong,2025-06-12,0.6968,4.14
9,Hong_Kong,2025-06-13,0.71,4.15
9,Hong_Kong,2025-06-14,0.7314,32.5
9,Hong_Kong,2025-06-15,0.6912,5.26
9,Hong_Kong,2025-06-16,0.5474,17.65
9,Hong_Kong,2025-06-17,0.5611,7.54
9,Hong_Kong,2025-06-18,0.5493,8.03
9,Hong_Kong,2025-06-19,0.4911,11.85
9,Hong_Kong,2025-06-20,0.5201,6.02
9,Hong_Kong,2025-06-21,0.6052,5.46
9,Hong_Kong,2025-06-22,0.5542,7.25
9,Hong_Kong,2025-06-23,0.5939,0.29
9,Hong_Kong,2025-06-24,0.5702,4.6
9,Hong_Kong,2025-06-25,0.4926,10.12
9,Hong_Kong,2025-06-26,0.5226,7.71
9,Hong_Kong,2025-06-27,0.5598,15.0
9,Hong_Kong,2025-06-28,0.7021,2.61
9,Hong_Kong,2025-06-29,0.7341,1.36
9,Hong_Kong,2025-06-30,0.8088,10.15
9,Hong_Kong,2025-07-01,0.7354,13.51
9,Hong_Kong,2025-07-02,0.7655,18.62
9,Hong_Kong,2025-07-03,0.7807,7.44
9,Hong_Kong,2025-07-04,0.6456,0.77
9,Hong_Kong,2025-07-05,0.7098,15.49
9,Hong_Kong,2025-07-06,0.6917,1.28
9,Hong_Kong,2025-07-07,0.6684,12.44
9,Hong_Kong,2025-07-08,0.6558,13.0
9,Hong_Kong,2025-07-09,0.6136,5.96
9,Hong_Kong,2025-07-10,0.6341,38.02
9,Hong_Kong,2025-07-11,0.638,4.32
9,Hong_Kong,2025-07-12,0.7382,24.8
9,Hong_Kong,2025-07-13,0.8267,25.2
9,Hong_Kong,2025-07-14,0.8565,98.65
9,Hong_Kong,2025-07-15,0.8618,38.3
9,Hong_Kong,2025-07-16,0.9337,15.68
9,Hong_Kong,2025-07-17,0.8758,19.68
9,Hong_Kong,2025-07-18,0.864,30.98
9,Hong_Kong,2025-07-19,0.8705,71.02
9,Hong_Kong,2025-07-20,0.8367,1.22
9,Hong_Kong,2025-07-21,0.8661,7.94
9,Hong_Kong,2025-07-22,0.8161,5.65
9,Hong_Kong,2025-07-23,0.7328,8.94
9,Hong_Kong,2025-07-24,0.658,4.5
9,Hong_Kong,2025-07-25,0.7542,25.48
9,Hong_Kong,2025-07-26,0.7611,5.81
9,Hong_Kong,2025-07-27,0.7983,18.51
9,Hong_Kong,2025-07-28,0.7623,12.62
9,Hong_Kong,2025-07-29,0.7727,2.36
9,Hong_Kong,2025-07-30,0.7905,37.55
9,Hong_Kong,2025-07-31,0.7309,4.24
9,Hong_Kong,2025-08-01,0.7182,5.94
9,Hong_Kong,2025-08-02,0.7939,3.23
9,Hong_Kong,2025-08-03,0.7603,2.28
9,Hong_Kong,2025-08-04,0.826,10.46
9,Hong_Kong,2025-08-05,0.7512,15.96
9,Hong_Kong,2025-08-06,0.8216,16.38
9,Hong_Kong,2025-08-07,0.7745,0.71
9,Hong_Kong,2025-08-08,0.7765,22.64
9,Hong_Kong,2025-08-09,0.7861,36.95
9,Hong_Kong,2025-08-10,0.9341,53.64
9,Hong_Kong,2025-08-11,0.9072,1.8
9,Hong_Kong,2025-08-12,0.8757,11.71
9,Hong_Kong,2025-08-13,0.9211,34.01
9,Hong_Kong,2025-08-14,0.8935,3.03
9,Hong_Kong,2025-08-15,0.8969,8.72
9,Hong_Kong,2025-08-16,0.9928,1.78
9,Hong_Kong,2025-08-17,1.0,2.96
9,Hong_Kong,2025-08-18,1.0,65.99
9,Hong_Kong,2025-08-19,0.9214,8.87
9,Hong_Kong,2025-08-20,0.9413,39.78
9,Hong_Kong,2025-08-21,0.9101,4.69
9,Hong_Kong,2025-08-22,0.9026,26.45
9,Hong_Kong,2025-08-23,0.8722,31.16
9,Hong_Kong,2025-08-24,0.8893,14.11
9,Hong_Kong,2025-08-25,0.9036,1.52
9,Hong_Kong,2025-08-26,0.8232,13.84
9,Hong_Kong,2025-08-27,0.7533,31.11
9,Hong_Kong,2025-08-28,0.6721,27.65
9,Hong_Kong,2025-08-29,0.7001,38.08
9,Hong_Kong,2025-08-30,0.7325,9.29
9,Hong_Kong,2025-08-31,0.7896,3.8
9,Hong_Kong,2025-09-01,0.8423,16.39
9,Hong_Kong,2025-09-02,0.8338,43.38
9,Hong_Kong,2025-09-03,0.8813,33.08
9,Hong_Kong,2025-09-04,0.7698,3.83
9,Hong_Kong,2025-09-05,0.8171,24.56
9,Hong_Kong,2025-09-06,0.8233,6.17
9,Hong_Kong,2025-09-07,0.732,31.23
9,Hong_Kong,2025-09-08,0.6497,4.44
9,Hong_Kong,2025-09-09,0.6456,4.34
9,Hong_Kong,2025-09-10,0.6858,18.22
9,Hong_Kong,2025-09-11,0.5997,4.24
9,Hong_Kong,2025-09-12,0.5957,11.06
9,Hong_Kong,2025-09-13,0.5975,10.89
9,Hong_Kong,2025-09-14,0.6644,4.07
9,Hong_Kong,2025-09-15,0.7271,10.74
9,Hong_Kong,2025-09-16,0.7411,0.69
9,Hong_Kong,2025-09-17,0.7119,2.55
9,Hong_Kong,2025-09-18,0.7929,49.67
9,Hong_Kong,2025-09-19,0.828,5.45
9,Hong_Kong,2025-09-20,0.7715,1.94
9,Hong_Kong,2025-09-21,0.7287,3.49
9,Hong_Kong,2025-09-22,0.7485,1.16
9,Hong_Kong,2025-09-23,0.7171,14.37
9,Hong_Kong,2025-09-24,0.6041,9.82
9,Hong_Kong,2025-09-25,0.5745,8.21
9,Hong_Kong,2025-09-26,0.6385,13.99
9,Hong_Kong,2025-09-27,0.5898,5.91
9,Hong_Kong,2025-09-28,0.6007,2.37
9,Hong_Kong,2025-09-29,0.5768,1.78
9,Hong_Kong,2025-09-30,0.4541,5.38
9,Hong_Kong,2025-10-01,0.4561,0.08
9,Hong_Kong,2025-10-02,0.488,2.76
9,Hong_Kong,2025-10-03,0.5025,14.11
9,Hong_Kong,2025-10-04,0.4566,2.59
9,Hong_Kong,2025-10-05,0.5143,0.05
9,Hong_Kong,2025-10-06,0.5647,8.11
9,Hong_Kong,2025-10-07,0.6095,0.63
9,Hong_Kong,2025-10-08,0.7243,15.27
9,Hong_Kong,2025-10-09,0.7392,24.41
9,Hong_Kong,2025-10-10,0.7829,2.11
9,Hong_Kong,2025-10-11,0.7199,4.08
9,Hong_Kong,2025-10-12,0.706,29.69
9,Hong_Kong,2025-10-13,0.661,27.84
9,Hong_Kong,2025-10-14,0.5961,8.94
9,Hong_Kong,2025-10-15,0.6159,15.04
9,Hong_Kong,2025-10-16,0.5978,1.59
9,Hong_Kong,2025-10-17,0.5946,2.44
9,Hong_Kong,2025-10-18,0.6046,16.08
9,Hong_Kong,2025-10-19,0.5727,3.96
9,Hong_Kong,2025-10-20,0.6025,1.31
9,Hong_Kong,2025-10-21,0.6214,9.13
9,Hong_Kong,2025-10-22,0.5925,5.24
9,Hong_Kong,2025-10-23,0.5386,0.08
9,Hong_Kong,2025-10-24,0.6527,1.55
9,Hong_Kong,2025-10-25,0.7645,14.76
9,Hong_Kong,2025-10-26,0.7466,8.26
9,Hong_Kong,2025-10-27,0.7607,30.07
9,Hong_Kong,2025-10-28,0.7454,24.52
9,Hong_Kong,2025-10-29,0.6881,17.07
9,Hong_Kong,2025-10-30,0.7489,29.18
9,Hong_Kong,2025-10-31,0.8196,16.57
9,Hong_Kong,2025-11-01,0.7671,31.77
9,Hong_Kong,2025-11-02,0.729,8.76
9,Hong_Kong,2025-11-03,0.7783,36.62
9,Hong_Kong,2025-11-04,0.8294,0.19
9,Hong_Kong,2025-11-05,0.83,27.97
9,Hong_Kong,2025-11-06,0.8383,39.11
9,Hong_Kong,2025-11-07,0.867,4.76
9,Hong_Kong,2025-11-08,0.8493,32.85
9,Hong_Kong,2025-11-09,0.8444,20.03
9,Hong_Kong,2025-11-10,0.9048,2.21
9,Hong_Kong,2025-11-11,0.89,42.25
9,Hong_Kong,2025-11-12,0.8451,1.76
9,Hong_Kong,2025-11-13,0.9596,11.6
9,Hong_Kong,2025-11-14,0.8538,0.98
9,Hong_Kong,2025-11-15,0.8789,26.07
9,Hong_Kong,2025-11-16,0.8188,12.27
9,Hong_Kong,2025-11-17,0.7362,40.97
9,Hong_Kong,2025-11-18,0.5998,0.77
9,Hong_Kong,2025-11-19,0.5908,3.42
9,Hong_Kong,2025-11-20,0.7169,20.25
9,Hong_Kong,2025-11-21,0.8452,26.03
9,Hong_Kong,2025-11-22,0.7846,10.89
9,Hong_Kong,2025-11-23,0.7289,19.09
9,Hong_Kong,2025-11-24,0.7322,1.41
9,Hong_Kong,2025-11-25,0.7313,0.44
9,Hong_Kong,2025-11-26,0.834,5.22
9,Hong_Kong,2025-11-27,0.8656,17.25
9,Hong_Kong,2025-11-28,0.9055,1.24
9,Hong_Kong,2025-11-29,0.8869,31.16
9,Hong_Kong,2025-11-30,0.7404,20.49
9,Hong_Kong,2025-12-01,0.6503,18.54
9,Hong_Kong,2025-12-02,0.6005,8.61
9,Hong_Kong,2025-12-03,0.53,0.8
9,Hong_Kong,2025-12-04,0.4411,9.83
9,Hong_Kong,2025-12-05,0.5504,1.51
9,Hong_Kong,2025-12-06,0.5447,25.45
9,Hong_Kong,2025-12-07,0.5025,8.22
9,Hong_Kong,2025-12-08,0.4793,6.73
9,Hong_Kong,2025-12-09,0.5401,11.07
9,Hong_Kong,2025-12-10,0.5458,0.39
9,Hong_Kong,2025-12-11,0.4656,9.77
9,Hong_Kong,2025-12-12,0.4866,1.29
9,Hong_Kong,2025-12-13,0.6149,3.6
9,Hong_Kong,2025-12-14,0.6768,36.11
9,Hong_Kong,2025-12-15,0.713,16.65
9,Hong_Kong,2025-12-16,0.7239,5.47
9,Hong_Kong,2025-12-17,0.6842,1.61
9,Hong_Kong,2025-12-18,0.6598,10.51
9,Hong_Kong,2025-12-19,0.6164,4.37
9,Hong_Kong,2025-12-20,0.5752,3.76
9,Hong_Kong,2025-12-21,0.6095,6.68
9,Hong_Kong,2025-12-22,0.7359,4.84
9,Hong_Kong,2025-12-23,0.7424,1.64
9,Hong_Kong,2025-12-24,0.7856,15.64
9,Hong_Kong,2025-12-25,0.6419,6.59
9,Hong_Kong,2025-12-26,0.6975,7.93
9,Hong_Kong,2025-12-27,0.7079,2.69
9,Hong_Kong,2025-12-28,0.6503,9.94
9,Hong_Kong,2025-12-29,0.6822,10.92
9,Hong_Kong,2025-12-30,0.7542,0.81
9,Hong_Kong,2025-12-31,0.763,35.57
10,New_York,2023-01-01,0.6272,15.87
10,New_York,2023-01-02,0.5845,2.06
10,New_York,2023-01-03,0.61,5.44
10,New_York,2023-01-04,0.4844,0.91
10,New_York,2023-01-05,0.3918,4.95
10,New_York,2023-01-06,0.4626,5.31
10,New_York,2023-01-07,0.3695,1.66
10,New_York,2023-01-08,0.4748,4.41
10,New_York,2023-01-09,0.4167,15.34
10,New_York,2023-01-10,0.5047,5.41
10,New_York,2023-01-11,0.5457,3.68
10,New_York,2023-01-12,0.4313,0.58
10,New_York,2023-01-13,0.4585,0.74
10,New_York,2023-01-14,0.3653,0.97
10,New_York,2023-01-15,0.3188,0.33
10,New_York,2023-01-16,0.3392,9.49
10,New_York,2023-01-17,0.2213,1.86
10,New_York,2023-01-18,0.1985,1.11
10,New_York,2023-01-19,0.2068,3.04
10,New_York,2023-01-20,0.2445,0.05
10,New_York,2023-01-21,0.1768,0.36
10,New_York,2023-01-22,0.1729,0.49
10,New_York,2023-01-23,0.2496,4.46
10,New_York,2023-01-24,0.3097,3.29
10,New_York,2023-01-25,0.4695,7.6
10,New_York,2023-01-26,0.5266,0.58
10,New_York,2023-01-27,0.4845,9.54
10,New_York,2023-01-28,0.4408,3.78
10,New_York,2023-01-29,0.4567,8.75
10,New_York,2023-01-30,0.5648,1.85
10,New_York,2023-01-31,0.6483,29.93
10,New_York,2023-02-01,0.5135,16.79
10,New_York,2023-02-02,0.558,3.86
10,New_York,2023-02-03,0.4905,0.32
10,New_York,2023-02-04,0.4614,4.5
10,New_York,2023-02-05,0.5114,8.85
10,New_York,2023-02-06,0.4868,2.35
10,New_York,2023-02-07,0.4464,17.24
10,New_York,2023-02-08,0.5548,21.87
10,New_York,2023-02-09,0.6319,1.18
10,New_York,2023-02-10,0.6604,7.54
10,New_York,2023-02-11,0.5168,1.85
10,New_York,2023-02-12,0.4029,4.36
10,New_York,2023-02-13,0.4491,10.57
10,New_York,2023-02-14,0.47,16.43
10,New_York,2023-02-15,0.476,3.02
10,New_York,2023-02-16,0.4036,1.14
10,New_York,2023-02-17,0.4284,0.7
10,New_York,2023-02-18,0.4857,10.59
10,New_York,2023-02-19,0.4644,2.24
10,New_York,2023-02-20,0.4407,0.55
10,New_York,2023-02-21,0.4397,3.21
10,New_York,2023-02-22,0.4623,6.02
10,New_York,2023-02-23,0.4319,1.04
10,New_York,2023-02-24,0.4753,1.12
10,New_York,2023-02-25,0.4541,3.16
10,New_York,2023-02-26,0.3597,0.53
10,New_York,2023-02-27,0.3836,3.34
10,New_York,2023-02-28,0.4447,7.64
10,New_York,2023-03-01,0.4147,1.18
10,New_York,2023-03-02,0.533,16.33
10,New_York,2023-03-03,0.4336,16.44
10,New_York,2023-03-04,0.4538,3.86
10,New_York,2023-03-05,0.4818,1.27
10,New_York,2023-03-06,0.4443,7.81
10,New_York,2023-03-07,0.4348,7.44
10,New_York,2023-03-08,0.2965,1.33
10,New_York,2023-03-09,0.3109,1.4
10,New_York,2023-03-10,0.3238,0.93
10,New_York,2023-03-11,0.353,0.78
10,New_York,2023-03-12,0.3921,2.15
10,New_York,2023-03-13,0.4196,0.24
10,New_York,2023-03-14,0.3466,2.14
10,New_York,2023-03-15,0.2702,1.82
10,New_York,2023-03-16,0.2164,9.58
10,New_York,2023-03-17,0.2854,1.18
10,New_York,2023-03-18,0.3148,3.53
10,New_York,2023-03-19,0.1887,2.47
10,New_York,2023-03-20,0.3619,1.96
10,New_York,2023-03-21,0.3831,0.48
10,New_York,2023-03-22,0.3541,1.08
10,New_York,2023-03-23,0.3132,3.82
10,New_York,2023-03-24,0.3259,1.32
10,New_York,2023-03-25,0.4049,2.92
10,New_York,2023-03-26,0.4511,4.08
10,New_York,2023-03-27,0.4774,1.73
10,New_York,2023-03-28,0.5273,0.85
10,New_York,2023-03-29,0.5575,6.19
10,New_York,2023-03-30,0.5255,3.72
10,New_York,2023-03-31,0.6049,1.59
10,New_York,2023-04-01,0.6559,0.22
10,New_York,2023-04-02,0.6942,3.33
10,New_York,2023-04-03,0.731,5.47
10,New_York,2023-04-04,0.7213,4.11
10,New_York,2023-04-05,0.6293,6.08
10,New_York,2023-04-06,0.4841,5.82
10,New_York,2023-04-07,0.5188,1.32
10,New_York,2023-04-08,0.4892,1.84
10,New_York,2023-04-09,0.454,0.81
10,New_York,2023-04-10,0.4027,1.6
10,New_York,2023-04-11,0.4457,4.76
10,New_York,2023-04-12,0.4279,2.71
10,New_York,2023-04-13,0.3613,1.73
10,New_York,2023-04-14,0.3538,4.54
10,New_York,2023-04-15,0.293,1.67
10,New_York,2023-04-16,0.2854,0.24
10,New_York,2023-04-17,0.3371,6.22
10,New_York,2023-04-18,0.3721,8.93
10,New_York,2023-04-19,0.2645,1.09
10,New_York,2023-04-20,0.2877,0.81
10,New_York,2023-04-21,0.2368,2.37
10,New_York,2023-04-22,0.2295,2.21
10,New_York,2023-04-23,0.2736,0.89
10,New_York,2023-04-24,0.3136,3.64
10,New_York,2023-04-25,0.199,0.47
10,New_York,2023-04-26,0.1933,0.09
10,New_York,2023-04-27,0.3105,1.64
10,New_York,2023-04-28,0.4117,2.17
10,New_York,2023-04-29,0.5555,7.75
10,New_York,2023-04-30,0.5395,6.14
10,New_York,2023-05-01,0.518,2.52
10,New_York,2023-05-02,0.4782,6.2
10,New_York,2023-05-03,0.4772,2.97
10,New_York,2023-05-04,0.4484,9.56
10,New_York,2023-05-05,0.5135,3.95
10,New_York,2023-05-06,0.531,0.43
10,New_York,2023-05-07,0.4277,8.31
10,New_York,2023-05-08,0.5152,7.37
10,New_York,2023-05-09,0.51,10.15
10,New_York,2023-05-10,0.5904,5.75
10,New_York,2023-05-11,0.6271,0.5
10,New_York,2023-05-12,0.6954,6.49
10,New_York,2023-05-13,0.654,29.94
10,New_York,2023-05-14,0.5437,2.17
10,New_York,2023-05-15,0.6442,6.82
10,New_York,2023-05-16,0.6588,16.9
10,New_York,2023-05-17,0.7284,22.92
10,New_York,2023-05-18,0.6594,0.82
10,New_York,2023-05-19,0.6783,0.63
10,New_York,2023-05-20,0.6473,5.91
10,New_York,2023-05-21,0.5784,14.83
10,New_York,2023-05-22,0.4974,8.08
10,New_York,2023-05-23,0.4651,19.42
10,New_York,2023-05-24,0.409,12.97
10,New_York,2023-05-25,0.4826,1.84
10,New_York,2023-05-26,0.5234,14.14
10,New_York,2023-05-27,0.4783,1.09
10,New_York,2023-05-28,0.5399,1.56
10,New_York,2023-05-29,0.6165,1.77
10,New_York,2023-05-30,0.5999,7.09
10,New_York,2023-05-31,0.5755,1.85
10,New_York,2023-06-01,0.4973,4.76
10,New_York,2023-06-02,0.5285,2.99
10,New_York,2023-06-03,0.5042,3.52
10,New_York,2023-06-04,0.5633,4.7
10,New_York,2023-06-05,0.6115,0.8
10,New_York,2023-06-06,0.5677,11.87
10,New_York,2023-06-07,0.6263,6.65
10,New_York,2023-06-08,0.5656,1.89
10,New_York,2023-06-09,0.5509,1.15
10,New_York,2023-06-10,0.5404,2.06
10,New_York,2023-06-11,0.5629,8.53
10,New_York,2023-06-12,0.6099,17.6
10,New_York,2023-06-13,0.6958,11.22
10,New_York,2023-06-14,0.6973,3.85
10,New_York,2023-06-15,0.5553,0.09
10,New_York,2023-06-16,0.5813,28.74
10,New_York,2023-06-17,0.5667,11.67
10,New_York,2023-06-18,0.4957,5.72
10,New_York,2023-06-19,0.5148,4.53
10,New_York,2023-06-20,0.4241,3.3
10,New_York,2023-06-21,0.4394,1.18
10,New_York,2023-06-22,0.429,0.24
10,New_York,2023-06-23,0.3982,0.95
10,New_York,2023-06-24,0.3705,4.34
10,New_York,2023-06-25,0.4472,0.38
10,New_York,2023-06-26,0.4888,10.72
10,New_York,2023-06-27,0.4608,1.41
10,New_York,2023-06-28,0.4113,2.3
10,New_York,2023-06-29,0.4468,8.01
10,New_York,2023-06-30,0.5212,16.02
10,New_York,2023-07-01,0.5511,0.68
10,New_York,2023-07-02,0.5722,11.03
10,New_York,2023-07-03,0.655,35.24
10,New_York,2023-07-04,0.605,0.5
10,New_York,2023-07-05,0.5375,3.8
10,New_York,2023-07-06,0.543,2.37
10,New_York,2023-07-07,0.5633,0.23
10,New_York,2023-07-08,0.5296,0.31
10,New_York,2023-07-09,0.518,3.25
10,New_York,2023-07-10,0.6641,7.48
10,New_York,2023-07-11,0.654,1.73
10,New_York,2023-07-12,0.6689,5.92
10,New_York,2023-07-13,0.5509,0.67
10,New_York,2023-07-14,0.6344,14.91
10,New_York,2023-07-15,0.6102,9.77
10,New_York,2023-07-16,0.5944,0.15
10,New_York,2023-07-17,0.597,0.71
10,New_York,2023-07-18,0.5019,6.41
10,New_York,2023-07-19,0.3965,0.19
10,New_York,2023-07-20,0.3491,2.62
10,New_York,2023-07-21,0.5957,29.42
10,New_York,2023-07-22,0.6637,11.17
10,New_York,2023-07-23,0.6407,19.21
10,New_York,2023-07-24,0.6751,3.6
10,New_York,2023-07-25,0.732,0.19
10,New_York,2023-07-26,0.7051,12.61
10,New_York,2023-07-27,0.5539,2.66
10,New_York,2023-07-28,0.6415,8.95
10,New_York,2023-07-29,0.6155,0.97
10,New_York,2023-07-30,0.6026,0.17
10,New_York,2023-07-31,0.6159,0.87
10,New_York,2023-08-01,0.5765,27.79
10,New_York,2023-08-02,0.6027,2.91
10,New_York,2023-08-03,0.5868,1.89
10,New_York,2023-08-04,0.6076,6.86
10,New_York,2023-08-05,0.5311,11.61
10,New_York,2023-08-06,0.6544,4.0
10,New_York,2023-08-07,0.7426,5.79
10,New_York,2023-08-08,0.762,3.46
10,New_York,2023-08-09,0.8142,1.7
10,New_York,2023-08-10,0.7732,10.05
10,New_York,2023-08-11,0.8197,8.91
10,New_York,2023-08-12,0.8201,17.41
10,New_York,2023-08-13,0.7782,14.27
10,New_York,2023-08-14,0.7685,0.83
10,New_York,2023-08-15,0.7235,25.56
10,New_York,2023-08-16,0.6965,7.35
10,New_York,2023-08-17,0.5831,11.92
10,New_York,2023-08-18,0.6301,5.09
10,New_York,2023-08-19,0.674,2.58
10,New_York,2023-08-20,0.6078,0.99
10,New_York,2023-08-21,0.5929,10.21
10,New_York,2023-08-22,0.5295,2.24
10,New_York,2023-08-23,0.4929,10.12
10,New_York,2023-08-24,0.4132,0.75
10,New_York,2023-08-25,0.415,3.09
10,New_York,2023-08-26,0.4749,2.49
10,New_York,2023-08-27,0.4017,5.35
10,New_York,2023-08-28,0.4294,1.33
10,New_York,2023-08-29,0.47,1.8
10,New_York,2023-08-30,0.4844,0.29
10,New_York,2023-08-31,0.5095,1.17
10,New_York,2023-09-01,0.5585,3.68
10,New_York,2023-09-02,0.5513,0.46
10,New_York,2023-09-03,0.4651,3.72
10,New_York,2023-09-04,0.5024,0.17
10,New_York,2023-09-05,0.4523,0.1
10,New_York,2023-09-06,0.496,2.52
10,New_York,2023-09-07,0.4454,8.17
10,New_York,2023-09-08,0.5303,3.5
10,New_York,2023-09-09,0.5209,7.56
10,New_York,2023-09-10,0.5357,0.13
10,New_York,2023-09-11,0.5983,2.1
10,New_York,2023-09-12,0.6572,15.1
10,New_York,2023-09-13,0.6804,59.84
10,New_York,2023-09-14,0.6259,10.4
10,New_York,2023-09-15,0.6729,4.05
10,New_York,2023-09-16,0.6691,8.31
10,New_York,2023-09-17,0.6945,1.55
10,New_York,2023-09-18,0.7096,3.37
10,New_York,2023-09-19,0.7673,45.51
10,New_York,2023-09-20,0.7393,11.49
10,New_York,2023-09-21,0.6105,3.5
10,New_York,2023-09-22,0.6262,5.6
10,New_York,2023-09-23,0.5542,0.64
10,New_York,2023-09-24,0.5166,6.6
10,New_York,2023-09-25,0.542,27.51
10,New_York,2023-09-26,0.56,9.18
10,New_York,2023-09-27,0.5231,1.15
10,New_York,2023-09-28,0.6038,6.11
10,New_York,2023-09-29,0.6192,3.11
10,New_York,2023-09-30,0.5839,2.27
10,New_York,2023-10-01,0.6266,6.41
10,New_York,2023-10-02,0.6618,0.34
10,New_York,2023-10-03,0.5497,1.82
10,New_York,2023-10-04,0.4703,1.72
10,New_York,2023-10-05,0.5704,0.42
10,New_York,2023-10-06,0.5848,1.69
10,New_York,2023-10-07,0.5645,11.35
10,New_York,2023-10-08,0.6254,0.7
10,New_York,2023-10-09,0.6425,1.45
10,New_York,2023-10-10,0.597,2.53
10,New_York,2023-10-11,0.5791,0.5
10,New_York,2023-10-12,0.5415,4.2
10,New_York,2023-10-13,0.5538,1.61
10,New_York,2023-10-14,0.5464,4.7
10,New_York,2023-10-15,0.5591,0.98
10,New_York,2023-10-16,0.5712,1.86
10,New_York,2023-10-17,0.5524,1.87
10,New_York,2023-10-18,0.541,5.51
10,New_York,2023-10-19,0.6714,23.4
10,New_York,2023-10-20,0.7001,48.99
10,New_York,2023-10-21,0.5127,11.87
10,New_York,2023-10-22,0.4931,8.33
10,New_York,2023-10-23,0.4483,1.22
10,New_York,2023-10-24,0.4253,2.61
10,New_York,2023-10-25,0.4074,1.6
10,New_York,2023-10-26,0.3134,0.92
10,New_York,2023-10-27,0.4647,2.07
10,New_York,2023-10-28,0.4671,0.75
10,New_York,2023-10-29,0.5223,4.36
10,New_York,2023-10-30,0.5082,7.41
10,New_York,2023-10-31,0.4942,13.93
10,New_York,2023-11-01,0.5271,6.25
10,New_York,2023-11-02,0.4396,1.34
10,New_York,2023-11-03,0.6215,7.42
10,New_York,2023-11-04,0.6694,1.1
10,New_York,2023-11-05,0.6506,23.05
10,New_York,2023-11-06,0.626,12.1
10,New_York,2023-11-07,0.6126,13.46
10,New_York,2023-11-08,0.4583,0.63
10,New_York,2023-11-09,0.4746,0.5
10,New_York,2023-11-10,0.5858,7.53
10,New_York,2023-11-11,0.4777,0.52
10,New_York,2023-11-12,0.4347,5.13
10,New_York,2023-11-13,0.4177,13.95
10,New_York,2023-11-14,0.4851,2.57
10,New_York,2023-11-15,0.5066,13.61
10,New_York,2023-11-16,0.4591,2.77
10,New_York,2023-11-17,0.4812,1.32
10,New_York,2023-11-18,0.4818,6.4
10,New_York,2023-11-19,0.4023,0.34
10,New_York,2023-11-20,0.3778,2.88
10,New_York,2023-11-21,0.3517,0.8
10,New_York,2023-11-22,0.3046,2.05
10,New_York,2023-11-23,0.3088,2.57
10,New_York,2023-11-24,0.3016,0.61
10,New_York,2023-11-25,0.3228,1.74
10,New_York,2023-11-26,0.3279,1.76
10,New_York,2023-11-27,0.4143,1.06
10,New_York,2023-11-28,0.4291,5.81
10,New_York,2023-11-29,0.311,1.07
10,New_York,2023-11-30,0.2948,0.81
10,New_York,2023-12-01,0.367,1.27
10,New_York,2023-12-02,0.4449,3.36
10,New_York,2023-12-03,0.5104,0.64
10,New_York,2023-12-04,0.6151,3.07
10,New_York,2023-12-05,0.5965,1.26
10,New_York,2023-12-06,0.6404,22.44
10,New_York,2023-12-07,0.7243,12.8
10,New_York,2023-12-08,0.766,10.54
10,New_York,2023-12-09,0.7414,11.64
10,New_York,2023-12-10,0.7341,14.93
10,New_York,2023-12-11,0.6198,0.36
10,New_York,2023-12-12,0.5665,3.55
10,New_York,2023-12-13,0.3903,4.03
10,New_York,2023-12-14,0.3869,8.87
10,New_York,2023-12-15,0.3664,4.17
10,New_York,2023-12-16,0.2738,0.21
10,New_York,2023-12-17,0.3157,0.48
10,New_York,2023-12-18,0.323,4.11
10,New_York,2023-12-19,0.3216,4.47
10,New_York,2023-12-20,0.355,0.43
10,New_York,2023-12-21,0.2705,2.14
10,New_York,2023-12-22,0.3585,3.09
10,New_York,2023-12-23,0.3659,5.03
10,New_York,2023-12-24,0.3996,7.32
10,New_York,2023-12-25,0.3923,21.87
10,New_York,2023-12-26,0.4566,1.54
10,New_York,2023-12-27,0.4501,3.21
10,New_York,2023-12-28,0.4539,0.17
10,New_York,2023-12-29,0.4526,2.38
10,New_York,2023-12-30,0.3585,3.59
10,New_York,2023-12-31,0.3671,1.22
10,New_York,2024-01-01,0.4466,24.25
10,New_York,2024-01-02,0.4293,4.01
10,New_York,2024-01-03,0.368,0.73
10,New_York,2024-01-04,0.346,5.29
10,New_York,2024-01-05,0.4144,7.26
10,New_York,2024-01-06,0.4612,8.35
10,New_York,2024-01-07,0.5094,0.25
10,New_York,2024-01-08,0.5948,9.11
10,New_York,2024-01-09,0.5071,3.65
10,New_York,2024-01-10,0.5187,1.65
10,New_York,2024-01-11,0.5156,3.25
10,New_York,2024-01-12,0.5104,16.6
10,New_York,2024-01-13,0.3884,0.71
10,New_York,2024-01-14,0.3643,8.71
10,New_York,2024-01-15,0.5132,1.46
10,New_York,2024-01-16,0.5191,3.38
10,New_York,2024-01-17,0.4921,2.81
10,New_York,2024-01-18,0.4274,1.21
10,New_York,2024-01-19,0.4919,0.84
10,New_York,2024-01-20,0.5783,6.43
10,New_York,2024-01-21,0.592,10.12
10,New_York,2024-01-22,0.5362,1.23
10,New_York,2024-01-23,0.4612,4.68
10,New_York,2024-01-24,0.3836,5.35
10,New_York,2024-01-25,0.5113,3.13
10,New_York,2024-01-26,0.5428,4.01
10,New_York,2024-01-27,0.5679,5.9
10,New_York,2024-01-28,0.569,1.13
10,New_York,2024-01-29,0.6136,3.33
10,New_York,2024-01-30,0.5424,3.24
10,New_York,2024-01-31,0.4644,9.23
10,New_York,2024-02-01,0.386,7.88
10,New_York,2024-02-02,0.4155,5.37
10,New_York,2024-02-03,0.3835,4.59
10,New_York,2024-02-04,0.3531,2.09
10,New_York,2024-02-05,0.4038,0.85
10,New_York,2024-02-06,0.3034,0.92
10,New_York,2024-02-07,0.2403,0.57
10,New_York,2024-02-08,0.3253,0.56
10,New_York,2024-02-09,0.4444,8.9
10,New_York,2024-02-10,0.531,9.93
10,New_York,2024-02-11,0.4971,2.6
10,New_York,2024-02-12,0.5196,0.84
10,New_York,2024-02-13,0.5705,0.51
10,New_York,2024-02-14,0.4544,6.51
10,New_York,2024-02-15,0.4339,2.95
10,New_York,2024-02-16,0.4842,1.62
10,New_York,2024-02-17,0.4565,3.91
10,New_York,2024-02-18,0.5144,12.91
10,New_York,2024-02-19,0.5455,0.13
10,New_York,2024-02-20,0.4537,15.83
10,New_York,2024-02-21,0.4222,15.26
10,New_York,2024-02-22,0.3645,0.82
10,New_York,2024-02-23,0.4605,0.88
10,New_York,2024-02-24,0.5005,0.82
10,New_York,2024-02-25,0.5325,13.06
10,New_York,2024-02-26,0.6004,6.64
10,New_York,2024-02-27,0.6295,10.87
10,New_York,2024-02-28,0.7402,0.64
10,New_York,2024-02-29,0.6832,33.69
10,New_York,2024-03-01,0.6791,2.49
10,New_York,2024-03-02,0.6453,10.67
10,New_York,2024-03-03,0.6316,5.76
10,New_York,2024-03-04,0.6626,5.42
10,New_York,2024-03-05,0.7232,24.6
10,New_York,2024-03-06,0.7757,16.68
10,New_York,2024-03-07,0.7444,5.99
10,New_York,2024-03-08,0.7857,34.53
10,New_York,2024-03-09,0.6494,5.87
10,New_York,2024-03-10,0.6551,10.77
10,New_York,2024-03-11,0.7788,15.21
10,New_York,2024-03-12,0.5466,1.17
10,New_York,2024-03-13,0.5789,13.64
10,New_York,2024-03-14,0.6158,24.44
10,New_York,2024-03-15,0.6138,8.02
10,New_York,2024-03-16,0.634,0.11
10,New_York,2024-03-17,0.584,5.37
10,New_York,2024-03-18,0.7108,25.0
10,New_York,2024-03-19,0.736,1.43
10,New_York,2024-03-20,0.7202,21.45
10,New_York,2024-03-21,0.6045,3.7
10,New_York,2024-03-22,0.5706,11.14
10,New_York,2024-03-23,0.4197,8.21
10,New_York,2024-03-24,0.4178,2.05
10,New_York,2024-03-25,0.4775,0.61
10,New_York,2024-03-26,0.4539,6.5
10,New_York,2024-03-27,0.4316,0.57
10,New_York,2024-03-28,0.4061,14.18
10,New_York,2024-03-29,0.3858,2.87
10,New_York,2024-03-30,0.3731,6.04
10,New_York,2024-03-31,0.3942,2.27
10,New_York,2024-04-01,0.3347,3.39
10,New_York,2024-04-02,0.4356,9.88
10,New_York,2024-04-03,0.4097,0.31
10,New_York,2024-04-04,0.3699,0.49
10,New_York,2024-04-05,0.4584,0.38
10,New_York,2024-04-06,0.5219,4.33
10,New_York,2024-04-07,0.6163,40.18
10,New_York,2024-04-08,0.7149,51.02
10,New_York,2024-04-09,0.5994,18.72
10,New_York,2024-04-10,0.6016,1.19
10,New_York,2024-04-11,0.6364,5.76
10,New_York,2024-04-12,0.69,5.86
10,New_York,2024-04-13,0.5677,16.49
10,New_York,2024-04-14,0.504,2.63
10,New_York,2024-04-15,0.4925,0.85
10,New_York,2024-04-16,0.5305,31.35
10,New_York,2024-04-17,0.488,1.08
10,New_York,2024-04-18,0.514,0.36
10,New_York,2024-04-19,0.5218,25.97
10,New_York,2024-04-20,0.557,2.69
10,New_York,2024-04-21,0.5562,1.29
10,New_York,2024-04-22,0.6027,9.82
10,New_York,2024-04-23,0.4701,0.24
10,New_York,2024-04-24,0.4131,0.2
10,New_York,2024-04-25,0.4582,2.78
10,New_York,2024-04-26,0.4682,4.55
10,New_York,2024-04-27,0.4006,0.38
10,New_York,2024-04-28,0.3177,0.37
10,New_York,2024-04-29,0.2661,0.85
10,New_York,2024-04-30,0.3124,1.27
10,New_York,2024-05-01,0.4463,2.65
10,New_York,2024-05-02,0.3406,2.4
10,New_York,2024-05-03,0.4053,1.33
10,New_York,2024-05-04,0.3894,9.26
10,New_York,2024-05-05,0.3849,4.0
10,New_York,2024-05-06,0.443,20.09
10,New_York,2024-05-07,0.3491,2.13
10,New_York,2024-05-08,0.3628,2.8
10,New_York,2024-05-09,0.4759,6.77
10,New_York,2024-05-10,0.5168,5.9
10,New_York,2024-05-11,0.5136,2.43
10,New_York,2024-05-12,0.5118,6.57
10,New_York,2024-05-13,0.5317,6.31
10,New_York,2024-05-14,0.5671,13.56
10,New_York,2024-05-15,0.6216,29.21
10,New_York,2024-05-16,0.5818,0.6
10,New_York,2024-05-17,0.5069,6.97
10,New_York,2024-05-18,0.556,0.17
10,New_York,2024-05-19,0.5338,13.4
10,New_York,2024-05-20,0.5476,7.16
10,New_York,2024-05-21,0.5904,1.26
10,New_York,2024-05-22,0.5589,0.56
10,New_York,2024-05-23,0.6106,30.57
10,New_York,2024-05-24,0.6961,5.94
10,New_York,2024-05-25,0.731,5.32
10,New_York,2024-05-26,0.7215,9.19
10,New_York,2024-05-27,0.7277,0.95
10,New_York,2024-05-28,0.6676,5.56
10,New_York,2024-05-29,0.5774,3.54
10,New_York,2024-05-30,0.638,5.02
10,New_York,2024-05-31,0.6467,2.96
10,New_York,2024-06-01,0.5881,12.03
10,New_York,2024-06-02,0.6037,29.69
10,New_York,2024-06-03,0.7095,2.59
10,New_York,2024-06-04,0.6852,6.16
10,New_York,2024-06-05,0.7154,1.5
10,New_York,2024-06-06,0.7488,20.34
10,New_York,2024-06-07,0.7462,1.67
10,New_York,2024-06-08,0.6909,55.08
10,New_York,2024-06-09,0.7153,33.97
10,New_York,2024-06-10,0.7374,0.77
10,New_York,2024-06-11,0.7152,2.6
10,New_York,2024-06-12,0.6755,12.46
10,New_York,2024-06-13,0.6598,9.03
10,New_York,2024-06-14,0.6328,25.43
10,New_York,2024-06-15,0.5786,6.44
10,New_York,2024-06-16,0.6903,18.41
10,New_York,2024-06-17,0.6933,4.84
10,New_York,2024-06-18,0.7047,22.14
10,New_York,2024-06-19,0.6507,15.1
10,New_York,2024-06-20,0.7039,2.13
10,New_York,2024-06-21,0.7208,1.88
10,New_York,2024-06-22,0.675,5.1
10,New_York,2024-06-23,0.531,1.28
10,New_York,2024-06-24,0.5205,2.24
10,New_York,2024-06-25,0.5552,10.28
10,New_York,2024-06-26,0.4066,2.96
10,New_York,2024-06-27,0.3545,0.36
10,New_York,2024-06-28,0.1991,1.88
10,New_York,2024-06-29,0.0887,2.56
10,New_York,2024-06-30,0.1422,7.96
10,New_York,2024-07-01,0.1366,0.6
10,New_York,2024-07-02,0.1868,2.79
10,New_York,2024-07-03,0.2782,4.62
10,New_York,2024-07-04,0.2755,8.26
10,New_York,2024-07-05,0.3184,9.5
10,New_York,2024-07-06,0.2895,0.69
10,New_York,2024-07-07,0.3192,4.81
10,New_York,2024-07-08,0.3683,0.81
10,New_York,2024-07-09,0.2966,1.7
10,New_York,2024-07-10,0.2804,3.81
10,New_York,2024-07-11,0.3738,2.71
10,New_York,2024-07-12,0.4862,4.26
10,New_York,2024-07-13,0.4829,1.13
10,New_York,2024-07-14,0.308,2.3
10,New_York,2024-07-15,0.4119,2.13
10,New_York,2024-07-16,0.3305,5.58
10,New_York,2024-07-17,0.3038,5.37
10,New_York,2024-07-18,0.3173,0.84
10,New_York,2024-07-19,0.4473,3.91
10,New_York,2024-07-20,0.4256,12.81
10,New_York,2024-07-21,0.4594,28.03
10,New_York,2024-07-22,0.3886,3.34
10,New_York,2024-07-23,0.4036,1.92
10,New_York,2024-07-24,0.4633,5.79
10,New_York,2024-07-25,0.4311,7.87
10,New_York,2024-07-26,0.4476,3.69
10,New_York,2024-07-27,0.5287,6.52
10,New_York,2024-07-28,0.4906,6.25
10,New_York,2024-07-29,0.5452,6.73
10,New_York,2024-07-30,0.4788,8.74
10,New_York,2024-07-31,0.4642,4.43
10,New_York,2024-08-01,0.3921,5.07
10,New_York,2024-08-02,0.3287,3.63
10,New_York,2024-08-03,0.3075,3.79
10,New_York,2024-08-04,0.3888,5.33
10,New_York,2024-08-05,0.4448,2.66
10,New_York,2024-08-06,0.4842,2.5
10,New_York,2024-08-07,0.4057,1.48
10,New_York,2024-08-08,0.5312,7.36
10,New_York,2024-08-09,0.6021,1.09
10,New_York,2024-08-10,0.5178,3.54
10,New_York,2024-08-11,0.4747,1.21
10,New_York,2024-08-12,0.4126,1.82
10,New_York,2024-08-13,0.311,7.14
10,New_York,2024-08-14,0.3443,0.85
10,New_York,2024-08-15,0.2146,1.76
10,New_York,2024-08-16,0.2733,0.13
10,New_York,2024-08-17,0.2432,0.33
10,New_York,2024-08-18,0.2933,0.35
10,New_York,2024-08-19,0.3518,0.61
10,New_York,2024-08-20,0.2708,2.3
10,New_York,2024-08-21,0.2697,2.18
10,New_York,2024-08-22,0.292,0.25
10,New_York,2024-08-23,0.3378,2.47
10,New_York,2024-08-24,0.338,0.74
10,New_York,2024-08-25,0.4178,7.78
10,New_York,2024-08-26,0.5202,1.42
10,New_York,2024-08-27,0.4366,7.93
10,New_York,2024-08-28,0.3465,3.63
10,New_York,2024-08-29,0.2734,2.12
10,New_York,2024-08-30,0.3045,0.77
10,New_York,2024-08-31,0.3268,2.54
10,New_York,2024-09-01,0.4424,1.73
10,New_York,2024-09-02,0.4216,0.3
10,New_York,2024-09-03,0.4173,9.75
10,New_York,2024-09-04,0.3993,8.93
10,New_York,2024-09-05,0.4256,12.23
10,New_York,2024-09-06,0.447,11.55
10,New_York,2024-09-07,0.3882,3.24
10,New_York,2024-09-08,0.3964,5.59
10,New_York,2024-09-09,0.5383,0.76
10,New_York,2024-09-10,0.5164,8.41
10,New_York,2024-09-11,0.6009,25.0
10,New_York,2024-09-12,0.5689,14.8
10,New_York,2024-09-13,0.6486,3.89
10,New_York,2024-09-14,0.5825,1.11
10,New_York,2024-09-15,0.5885,3.01
10,New_York,2024-09-16,0.6727,5.63
10,New_York,2024-09-17,0.689,5.68
10,New_York,2024-09-18,0.7599,22.51
10,New_York,2024-09-19,0.8839,14.24
10,New_York,2024-09-20,0.765,2.44
10,New_York,2024-09-21,0.6507,0.47
10,New_York,2024-09-22,0.5329,0.77
10,New_York,2024-09-23,0.6715,6.7
10,New_York,2024-09-24,0.6012,2.39
10,New_York,2024-09-25,0.555,3.33
10,New_York,2024-09-26,0.5666,1.56
10,New_York,2024-09-27,0.5729,13.8
10,New_York,2024-09-28,0.5724,0.33
10,New_York,2024-09-29,0.5146,8.68
10,New_York,2024-09-30,0.6263,1.41
10,New_York,2024-10-01,0.532,6.1
10,New_York,2024-10-02,0.5087,0.09
10,New_York,2024-10-03,0.5104,5.69
10,New_York,2024-10-04,0.5655,3.7
10,New_York,2024-10-05,0.5675,0.04
10,New_York,2024-10-06,0.5274,8.07
10,New_York,2024-10-07,0.5085,8.24
10,New_York,2024-10-08,0.5989,14.6
10,New_York,2024-10-09,0.4954,6.51
10,New_York,2024-10-10,0.5329,0.39
10,New_York,2024-10-11,0.4713,2.14
10,New_York,2024-10-12,0.4891,10.24
10,New_York,2024-10-13,0.5342,5.71
10,New_York,2024-10-14,0.476,1.52
10,New_York,2024-10-15,0.506,12.95
10,New_York,2024-10-16,0.4533,9.79
10,New_York,2024-10-17,0.3065,1.77
10,New_York,2024-10-18,0.3946,0.88
10,New_York,2024-10-19,0.3303,1.75
10,New_York,2024-10-20,0.2965,2.21
10,New_York,2024-10-21,0.2589,2.04
10,New_York,2024-10-22,0.2315,1.38
10,New_York,2024-10-23,0.3349,0.64
10,New_York,2024-10-24,0.448,13.02
10,New_York,2024-10-25,0.4201,0.32
10,New_York,2024-10-26,0.4049,0.91
10,New_York,2024-10-27,0.4184,9.07
10,New_York,2024-10-28,0.391,1.01
10,New_York,2024-10-29,0.4283,5.38
10,New_York,2024-10-30,0.5084,0.13
10,New_York,2024-10-31,0.4201,1.6
10,New_York,2024-11-01,0.5275,0.15
10,New_York,2024-11-02,0.4382,0.93
10,New_York,2024-11-03,0.4142,7.16
10,New_York,2024-11-04,0.601,4.6
10,New_York,2024-11-05,0.6872,1.05
10,New_York,2024-11-06,0.5692,6.55
10,New_York,2024-11-07,0.5977,1.37
10,New_York,2024-11-08,0.5226,17.79
10,New_York,2024-11-09,0.5375,3.99
10,New_York,2024-11-10,0.4954,0.12
10,New_York,2024-11-11,0.5593,9.1
10,New_York,2024-11-12,0.5585,36.41
10,New_York,2024-11-13,0.5528,0.01
10,New_York,2024-11-14,0.5214,1.23
10,New_York,2024-11-15,0.6701,13.73
10,New_York,2024-11-16,0.607,1.21
10,New_York,2024-11-17,0.5412,4.01
10,New_York,2024-11-18,0.6571,3.22
10,New_York,2024-11-19,0.5625,0.18
10,New_York,2024-11-20,0.6027,0.38
10,New_York,2024-11-21,0.5582,12.12
10,New_York,2024-11-22,0.5168,10.97
10,New_York,2024-11-23,0.57,0.83
10,New_York,2024-11-24,0.5667,1.77
10,New_York,2024-11-25,0.5898,19.32
10,New_York,2024-11-26,0.5771,5.12
10,New_York,2024-11-27,0.5961,3.6
10,New_York,2024-11-28,0.4844,0.26
10,New_York,2024-11-29,0.5684,6.92
10,New_York,2024-11-30,0.4437,8.39
10,New_York,2024-12-01,0.3716,3.24
10,New_York,2024-12-02,0.4589,9.44
10,New_York,2024-12-03,0.5122,1.65
10,New_York,2024-12-04,0.4653,2.52
10,New_York,2024-12-05,0.507,4.97
10,New_York,2024-12-06,0.5031,7.06
10,New_York,2024-12-07,0.391,1.51
10,New_York,2024-12-08,0.3527,1.99
10,New_York,2024-12-09,0.3135,2.83
10,New_York,2024-12-10,0.3221,0.44
10,New_York,2024-12-11,0.3466,3.51
10,New_York,2024-12-12,0.3774,6.45
10,New_York,2024-12-13,0.3285,0.23
10,New_York,2024-12-14,0.3618,6.87
10,New_York,2024-12-15,0.3989,1.92
10,New_York,2024-12-16,0.5181,4.73
10,New_York,2024-12-17,0.4688,2.96
10,New_York,2024-12-18,0.3951,4.74
10,New_York,2024-12-19,0.346,4.16
10,New_York,2024-12-20,0.3927,1.13
10,New_York,2024-12-21,0.3903,2.82
10,New_York,2024-12-22,0.3792,2.87
10,New_York,2024-12-23,0.386,1.88
10,New_York,2024-12-24,0.4223,0.82
10,New_York,2024-12-25,0.4506,1.72
10,New_York,2024-12-26,0.4266,4.62
10,New_York,2024-12-27,0.5922,1.65
10,New_York,2024-12-28,0.4877,16.58
10,New_York,2024-12-29,0.4439,2.49
10,New_York,2024-12-30,0.4166,0.52
10,New_York,2024-12-31,0.3673,4.23
10,New_York,2025-01-01,0.355,0.84
10,New_York,2025-01-02,0.3781,0.89
10,New_York,2025-01-03,0.4109,8.08
10,New_York,2025-01-04,0.5768,6.8
10,New_York,2025-01-05,0.4567,7.75
10,New_York,2025-01-06,0.4669,1.97
10,New_York,2025-01-07,0.4957,1.06
10,New_York,2025-01-08,0.3147,1.07
10,New_York,2025-01-09,0.367,1.79
10,New_York,2025-01-10,0.4838,7.28
10,New_York,2025-01-11,0.4522,3.09
10,New_York,2025-01-12,0.4032,0.01
10,New_York,2025-01-13,0.4114,4.9
10,New_York,2025-01-14,0.4288,0.48
10,New_York,2025-01-15,0.4327,1.47
10,New_York,2025-01-16,0.4635,6.51
10,New_York,2025-01-17,0.4342,15.45
10,New_York,2025-01-18,0.4835,12.04
10,New_York,2025-01-19,0.4647,2.21
10,New_York,2025-01-20,0.6481,6.48
10,New_York,2025-01-21,0.5567,9.26
10,New_York,2025-01-22,0.6214,17.62
10,New_York,2025-01-23,0.5507,3.66
10,New_York,2025-01-24,0.4855,1.14
10,New_York,2025-01-25,0.4728,2.82
10,New_York,2025-01-26,0.3919,6.88
10,New_York,2025-01-27,0.4532,3.77
10,New_York,2025-01-28,0.5048,6.55
10,New_York,2025-01-29,0.4622,1.06
10,New_York,2025-01-30,0.4036,1.07
10,New_York,2025-01-31,0.4905,10.25
10,New_York,2025-02-01,0.4169,8.39
10,New_York,2025-02-02,0.3204,3.68
10,New_York,2025-02-03,0.4223,0.02
10,New_York,2025-02-04,0.4297,7.82
10,New_York,2025-02-05,0.422,0.83
10,New_York,2025-02-06,0.3622,4.99
10,New_York,2025-02-07,0.4351,2.77
10,New_York,2025-02-08,0.475,1.11
10,New_York,2025-02-09,0.3475,6.43
10,New_York,2025-02-10,0.5665,0.61
10,New_York,2025-02-11,0.4617,4.93
10,New_York,2025-02-12,0.4131,1.8
10,New_York,2025-02-13,0.3816,2.36
10,New_York,2025-02-14,0.2921,7.21
10,New_York,2025-02-15,0.2455,2.2
10,New_York,2025-02-16,0.2262,10.89
10,New_York,2025-02-17,0.2627,0.92
10,New_York,2025-02-18,0.2298,3.22
10,New_York,2025-02-19,0.318,14.58
10,New_York,2025-02-20,0.3458,5.86
10,New_York,2025-02-21,0.4366,5.91
10,New_York,2025-02-22,0.4109,7.91
10,New_York,2025-02-23,0.4487,5.93
10,New_York,2025-02-24,0.4934,13.73
10,New_York,2025-02-25,0.5263,0.45
10,New_York,2025-02-26,0.4469,2.84
10,New_York,2025-02-27,0.5108,0.15
10,New_York,2025-02-28,0.5375,1.17
10,New_York,2025-03-01,0.5219,30.46
10,New_York,2025-03-02,0.5892,18.91
10,New_York,2025-03-03,0.5883,10.98
10,New_York,2025-03-04,0.5426,0.41
10,New_York,2025-03-05,0.6036,0.3
10,New_York,2025-03-06,0.5545,5.94
10,New_York,2025-03-07,0.5525,1.4
10,New_York,2025-03-08,0.4424,1.9
10,New_York,2025-03-09,0.381,3.88
10,New_York,2025-03-10,0.4825,7.84
10,New_York,2025-03-11,0.4861,5.6
10,New_York,2025-03-12,0.4092,4.86
10,New_York,2025-03-13,0.3714,6.16
10,New_York,2025-03-14,0.3474,0.13
10,New_York,2025-03-15,0.374,0.85
10,New_York,2025-03-16,0.4038,1.04
10,New_York,2025-03-17,0.4056,11.36
10,New_York,2025-03-18,0.3401,2.07
10,New_York,2025-03-19,0.2455,4.21
10,New_York,2025-03-20,0.3496,6.12
10,New_York,2025-03-21,0.3677,3.34
10,New_York,2025-03-22,0.4036,3.26
10,New_York,2025-03-23,0.3383,2.9
10,New_York,2025-03-24,0.3625,3.29
10,New_York,2025-03-25,0.2964,0.54
10,New_York,2025-03-26,0.3459,6.44
10,New_York,2025-03-27,0.3975,0.91
10,New_York,2025-03-28,0.4749,2.56
10,New_York,2025-03-29,0.4164,3.16
10,New_York,2025-03-30,0.4193,9.89
10,New_York,2025-03-31,0.3826,1.05
10,New_York,2025-04-01,0.3909,1.65
10,New_York,2025-04-02,0.4371,11.14
10,New_York,2025-04-03,0.4078,0.08
10,New_York,2025-04-04,0.4263,20.15
10,New_York,2025-04-05,0.3645,12.47
10,New_York,2025-04-06,0.3174,3.77
10,New_York,2025-04-07,0.3169,3.54
10,New_York,2025-04-08,0.2825,2.3
10,New_York,2025-04-09,0.3529,7.58
10,New_York,2025-04-10,0.3143,1.67
10,New_York,2025-04-11,0.3519,1.74
10,New_York,2025-04-12,0.4052,1.16
10,New_York,2025-04-13,0.4217,10.41
10,New_York,2025-04-14,0.6126,4.28
10,New_York,2025-04-15,0.6265,5.19
10,New_York,2025-04-16,0.5789,7.42
10,New_York,2025-04-17,0.4704,1.63
10,New_York,2025-04-18,0.5619,1.14
10,New_York,2025-04-19,0.514,19.0
10,New_York,2025-04-20,0.4515,2.86
10,New_York,2025-04-21,0.4281,4.03
10,New_York,2025-04-22,0.3559,2.0
10,New_York,2025-04-23,0.3459,6.65
10,New_York,2025-04-24,0.3197,2.2
10,New_York,2025-04-25,0.3695,3.18
10,New_York,2025-04-26,0.5045,6.68
10,New_York,2025-04-27,0.4944,1.82
10,New_York,2025-04-28,0.6265,3.05
10,New_York,2025-04-29,0.5787,13.89
10,New_York,2025-04-30,0.5423,2.7
10,New_York,2025-05-01,0.385,1.25
10,New_York,2025-05-02,0.4885,0.58
10,New_York,2025-05-03,0.4247,11.22
10,New_York,2025-05-04,0.467,2.0
10,New_York,2025-05-05,0.3494,0.37
10,New_York,2025-05-06,0.3127,3.1
10,New_York,2025-05-07,0.329,3.08
10,New_York,2025-05-08,0.3231,5.4
10,New_York,2025-05-09,0.3101,5.92
10,New_York,2025-05-10,0.331,4.68
10,New_York,2025-05-11,0.3823,0.56
10,New_York,2025-05-12,0.3357,1.49
10,New_York,2025-05-13,0.3713,0.19
10,New_York,2025-05-14,0.4376,7.34
10,New_York,2025-05-15,0.4901,3.3
10,New_York,2025-05-16,0.5091,2.22
10,New_York,2025-05-17,0.4761,5.14
10,New_York,2025-05-18,0.5036,8.65
10,New_York,2025-05-19,0.5194,3.03
10,New_York,2025-05-20,0.5783,5.65
10,New_York,2025-05-21,0.6946,2.64
10,New_York,2025-05-22,0.5872,4.96
10,New_York,2025-05-23,0.614,5.86
10,New_York,2025-05-24,0.5816,3.54
10,New_York,2025-05-25,0.4379,4.43
10,New_York,2025-05-26,0.4957,10.57
10,New_York,2025-05-27,0.4745,7.32
10,New_York,2025-05-28,0.514,1.29
10,New_York,2025-05-29,0.5528,16.59
10,New_York,2025-05-30,0.5736,3.88
10,New_York,2025-05-31,0.6075,6.66
10,New_York,2025-06-01,0.5065,12.42
10,New_York,2025-06-02,0.5285,8.44
10,New_York,2025-06-03,0.582,1.85
10,New_York,2025-06-04,0.6094,4.81
10,New_York,2025-06-05,0.5727,5.41
10,New_York,2025-06-06,0.6066,15.52
10,New_York,2025-06-07,0.5321,3.92
10,New_York,2025-06-08,0.6075,3.67
10,New_York,2025-06-09,0.6777,10.87
10,New_York,2025-06-10,0.6506,1.64
10,New_York,2025-06-11,0.6425,7.24
10,New_York,2025-06-12,0.6406,11.06
10,New_York,2025-06-13,0.6777,2.18
10,New_York,2025-06-14,0.6267,22.33
10,New_York,2025-06-15,0.639,14.8
10,New_York,2025-06-16,0.7676,6.83
10,New_York,2025-06-17,0.775,24.62
10,New_York,2025-06-18,0.7089,14.42
10,New_York,2025-06-19,0.6502,8.05
10,New_York,2025-06-20,0.6628,5.5
10,New_York,2025-06-21,0.721,30.92
10,New_York,2025-06-22,0.7084,10.25
10,New_York,2025-06-23,0.6028,12.17
10,New_York,2025-06-24,0.5169,2.58
10,New_York,2025-06-25,0.4416,8.61
10,New_York,2025-06-26,0.4738,1.35
10,New_York,2025-06-27,0.4185,3.49
10,New_York,2025-06-28,0.4797,0.38
10,New_York,2025-06-29,0.5708,16.22
10,New_York,2025-06-30,0.6416,1.66
10,New_York,2025-07-01,0.4889,4.05
10,New_York,2025-07-02,0.4265,7.85
10,New_York,2025-07-03,0.4066,9.59
10,New_York,2025-07-04,0.4023,2.25
10,New_York,2025-07-05,0.3457,7.31
10,New_York,2025-07-06,0.303,9.29
10,New_York,2025-07-07,0.3589,4.9
10,New_York,2025-07-08,0.3315,0.06
10,New_York,2025-07-09,0.3196,3.8
10,New_York,2025-07-10,0.371,4.48
10,New_York,2025-07-11,0.2669,0.49
10,New_York,2025-07-12,0.1849,0.05
10,New_York,2025-07-13,0.1802,0.9
10,New_York,2025-07-14,0.2207,5.78
10,New_York,2025-07-15,0.2042,2.79
10,New_York,2025-07-16,0.2273,4.76
10,New_York,2025-07-17,0.2243,0.73
10,New_York,2025-07-18,0.3652,6.77
10,New_York,2025-07-19,0.3063,2.1
10,New_York,2025-07-20,0.3222,1.14
10,New_York,2025-07-21,0.3545,3.21
10,New_York,2025-07-22,0.3552,0.96
10,New_York,2025-07-23,0.3397,12.67
10,New_York,2025-07-24,0.3985,6.47
10,New_York,2025-07-25,0.4498,3.35
10,New_York,2025-07-26,0.375,1.33
10,New_York,2025-07-27,0.4502,0.32
10,New_York,2025-07-28,0.5132,34.04
10,New_York,2025-07-29,0.4772,4.42
10,New_York,2025-07-30,0.5131,3.99
10,New_York,2025-07-31,0.4604,12.13
10,New_York,2025-08-01,0.4932,1.05
10,New_York,2025-08-02,0.4138,3.76
10,New_York,2025-08-03,0.4574,2.44
10,New_York,2025-08-04,0.5117,4.04
10,New_York,2025-08-05,0.497,0.45
10,New_York,2025-08-06,0.516,9.75
10,New_York,2025-08-07,0.4082,4.02
10,New_York,2025-08-08,0.4849,1.87
10,New_York,2025-08-09,0.4275,4.56
10,New_York,2025-08-10,0.525,4.8
10,New_York,2025-08-11,0.546,15.94
10,New_York,2025-08-12,0.4503,0.27
10,New_York,2025-08-13,0.5781,2.49
10,New_York,2025-08-14,0.5966,11.67
10,New_York,2025-08-15,0.5396,7.02
10,New_York,2025-08-16,0.5374,2.07
10,New_York,2025-08-17,0.5806,2.2
10,New_York,2025-08-18,0.4122,3.23
10,New_York,2025-08-19,0.4197,5.9
10,New_York,2025-08-20,0.4167,13.21
10,New_York,2025-08-21,0.4162,1.45
10,New_York,2025-08-22,0.3476,3.18
10,New_York,2025-08-23,0.3368,0.28
10,New_York,2025-08-24,0.2524,4.91
10,New_York,2025-08-25,0.3304,8.88
10,New_York,2025-08-26,0.3032,7.74
10,New_York,2025-08-27,0.3245,4.41
10,New_York,2025-08-28,0.3323,5.21
10,New_York,2025-08-29,0.3815,1.12
10,New_York,2025-08-30,0.3533,6.01
10,New_York,2025-08-31,0.3576,0.19
10,New_York,2025-09-01,0.4119,3.02
10,New_York,2025-09-02,0.491,3.13
10,New_York,2025-09-03,0.4956,2.51
10,New_York,2025-09-04,0.5258,0.95
10,New_York,2025-09-05,0.5834,13.24
10,New_York,2025-09-06,0.5588,12.01
10,New_York,2025-09-07,0.5759,1.86
10,New_York,2025-09-08,0.6213,4.19
10,New_York,2025-09-09,0.4915,15.16
10,New_York,2025-09-10,0.5163,1.3
10,New_York,2025-09-11,0.564,1.34
10,New_York,2025-09-12,0.5988,3.01
10,New_York,2025-09-13,0.5128,26.66
10,New_York,2025-09-14,0.4475,1.04
10,New_York,2025-09-15,0.4329,1.76
10,New_York,2025-09-16,0.4469,4.73
10,New_York,2025-09-17,0.4892,0.56
10,New_York,2025-09-18,0.3542,3.12
10,New_York,2025-09-19,0.3632,8.75
10,New_York,2025-09-20,0.3653,7.52
10,New_York,2025-09-21,0.3802,1.15
10,New_York,2025-09-22,0.3699,3.47
10,New_York,2025-09-23,0.3697,12.25
10,New_York,2025-09-24,0.3788,7.56
10,New_York,2025-09-25,0.3735,19.23
10,New_York,2025-09-26,0.4226,2.61
10,New_York,2025-09-27,0.4089,4.68
10,New_York,2025-09-28,0.4215,4.1
10,New_York,2025-09-29,0.4126,1.32
10,New_York,2025-09-30,0.4067,0.56
10,New_York,2025-10-01,0.3747,1.86
10,New_York,2025-10-02,0.3812,5.63
10,New_York,2025-10-03,0.4116,6.84
10,New_York,2025-10-04,0.3763,1.65
10,New_York,2025-10-05,0.3561,1.62
10,New_York,2025-10-06,0.3836,3.04
10,New_York,2025-10-07,0.3657,0.04
10,New_York,2025-10-08,0.25,1.44
10,New_York,2025-10-09,0.3429,0.83
10,New_York,2025-10-10,0.3619,4.55
10,New_York,2025-10-11,0.3984,3.91
10,New_York,2025-10-12,0.2937,2.63
10,New_York,2025-10-13,0.355,0.58
10,New_York,2025-10-14,0.3469,1.0
10,New_York,2025-10-15,0.2555,2.1
10,New_York,2025-10-16,0.3642,3.44
10,New_York,2025-10-17,0.4778,6.57
10,New_York,2025-10-18,0.4912,2.12
10,New_York,2025-10-19,0.5288,8.26
10,New_York,2025-10-20,0.5776,0.81
10,New_York,2025-10-21,0.531,10.54
10,New_York,2025-10-22,0.4084,1.14
10,New_York,2025-10-23,0.3422,0.6
10,New_York,2025-10-24,0.3446,3.47
10,New_York,2025-10-25,0.4736,5.13
10,New_York,2025-10-26,0.4087,14.14
10,New_York,2025-10-27,0.4262,1.59
10,New_York,2025-10-28,0.4255,7.9
10,New_York,2025-10-29,0.4498,17.74
10,New_York,2025-10-30,0.4297,2.36
10,New_York,2025-10-31,0.4298,8.41
10,New_York,2025-11-01,0.5737,1.96
10,New_York,2025-11-02,0.5215,6.49
10,New_York,2025-11-03,0.6898,18.34
10,New_York,2025-11-04,0.6294,13.01
10,New_York,2025-11-05,0.6054,2.73
10,New_York,2025-11-06,0.6273,3.04
10,New_York,2025-11-07,0.6065,3.86
10,New_York,2025-11-08,0.5001,2.73
10,New_York,2025-11-09,0.503,13.76
10,New_York,2025-11-10,0.4534,7.95
10,New_York,2025-11-11,0.3037,2.93
10,New_York,2025-11-12,0.3397,1.28
10,New_York,2025-11-13,0.2798,3.92
10,New_York,2025-11-14,0.3759,1.97
10,New_York,2025-11-15,0.3921,11.96
10,New_York,2025-11-16,0.4348,6.65
10,New_York,2025-11-17,0.5491,0.61
10,New_York,2025-11-18,0.5728,3.15
10,New_York,2025-11-19,0.6148,9.19
10,New_York,2025-11-20,0.549,0.91
10,New_York,2025-11-21,0.6264,0.61
10,New_York,2025-11-22,0.6303,17.45
10,New_York,2025-11-23,0.6306,19.62
10,New_York,2025-11-24,0.7033,10.45
10,New_York,2025-11-25,0.7301,35.89
10,New_York,2025-11-26,0.708,0.79
10,New_York,2025-11-27,0.559,26.16
10,New_York,2025-11-28,0.6513,3.33
10,New_York,2025-11-29,0.5901,9.01
10,New_York,2025-11-30,0.5865,9.99
10,New_York,2025-12-01,0.6435,3.25
10,New_York,2025-12-02,0.4868,2.74
10,New_York,2025-12-03,0.455,2.91
10,New_York,2025-12-04,0.4578,1.58
10,New_York,2025-12-05,0.6602,1.04
10,New_York,2025-12-06,0.6824,14.35
10,New_York,2025-12-07,0.5929,2.25
10,New_York,2025-12-08,0.6806,2.78
10,New_York,2025-12-09,0.7342,8.83
10,New_York,2025-12-10,0.6786,3.82
10,New_York,2025-12-11,0.6478,7.85
10,New_York,2025-12-12,0.6782,0.73
10,New_York,2025-12-13,0.6753,10.5
10,New_York,2025-12-14,0.6394,1.07
10,New_York,2025-12-15,0.5851,19.38
10,New_York,2025-12-16,0.4626,0.01
10,New_York,2025-12-17,0.3965,1.14
10,New_York,2025-12-18,0.363,4.54
10,New_York,2025-12-19,0.3881,0.09
10,New_York,2025-12-20,0.4311,1.13
10,New_York,2025-12-21,0.3744,4.72
10,New_York,2025-12-22,0.3626,2.1
10,New_York,2025-12-23,0.3952,10.4
10,New_York,2025-12-24,0.3474,5.23
10,New_York,2025-12-25,0.3128,4.44
10,New_York,2025-12-26,0.3441,0.0
10,New_York,2025-12-27,0.3359,3.45
10,New_York,2025-12-28,0.2739,5.71
10,New_York,2025-12-29,0.3701,1.55
10,New_York,2025-12-30,0.4397,1.12
10,New_York,2025-12-31,0.407,1.57
11,Felixstowe,2023-01-01,0.3592,2.7
11,Felixstowe,2023-01-02,0.5203,33.39
11,Felixstowe,2023-01-03,0.4134,4.94
11,Felixstowe,2023-01-04,0.5311,1.25
11,Felixstowe,2023-01-05,0.4513,9.17
11,Felixstowe,2023-01-06,0.3587,18.64
11,Felixstowe,2023-01-07,0.2673,1.51
11,Felixstowe,2023-01-08,0.28,2.13
11,Felixstowe,2023-01-09,0.3019,0.45
11,Felixstowe,2023-01-10,0.3014,1.16
11,Felixstowe,2023-01-11,0.2733,0.34
11,Felixstowe,2023-01-12,0.2022,2.23
11,Felixstowe,2023-01-13,0.2893,0.91
11,Felixstowe,2023-01-14,0.2631,2.18
11,Felixstowe,2023-01-15,0.3401,4.62
11,Felixstowe,2023-01-16,0.4211,0.75
11,Felixstowe,2023-01-17,0.3899,4.6
11,Felixstowe,2023-01-18,0.3524,7.55
11,Felixstowe,2023-01-19,0.2229,0.91
11,Felixstowe,2023-01-20,0.3171,0.05
11,Felixstowe,2023-01-21,0.3309,1.32
11,Felixstowe,2023-01-22,0.3606,0.84
11,Felixstowe,2023-01-23,0.3431,2.25
11,Felixstowe,2023-01-24,0.3434,1.61
11,Felixstowe,2023-01-25,0.2684,2.27
11,Felixstowe,2023-01-26,0.2149,0.14
11,Felixstowe,2023-01-27,0.3391,0.62
11,Felixstowe,2023-01-28,0.3179,3.88
11,Felixstowe,2023-01-29,0.3117,4.71
11,Felixstowe,2023-01-30,0.2661,0.98
11,Felixstowe,2023-01-31,0.2164,2.71
11,Felixstowe,2023-02-01,0.1625,0.4
11,Felixstowe,2023-02-02,0.1655,0.82
11,Felixstowe,2023-02-03,0.1782,1.99
11,Felixstowe,2023-02-04,0.1768,3.23
11,Felixstowe,2023-02-05,0.2281,2.79
11,Felixstowe,2023-02-06,0.3675,2.74
11,Felixstowe,2023-02-07,0.3919,2.81
11,Felixstowe,2023-02-08,0.3228,1.1
11,Felixstowe,2023-02-09,0.246,1.05
11,Felixstowe,2023-02-10,0.2264,1.29
11,Felixstowe,2023-02-11,0.249,0.39
11,Felixstowe,2023-02-12,0.3204,5.78
11,Felixstowe,2023-02-13,0.4204,3.92
11,Felixstowe,2023-02-14,0.5353,1.75
11,Felixstowe,2023-02-15,0.5054,2.34
11,Felixstowe,2023-02-16,0.4533,15.04
11,Felixstowe,2023-02-17,0.4662,6.67
11,Felixstowe,2023-02-18,0.3417,6.83
11,Felixstowe,2023-02-19,0.3406,1.36
11,Felixstowe,2023-02-20,0.3589,1.31
11,Felixstowe,2023-02-21,0.2842,5.24
11,Felixstowe,2023-02-22,0.3681,3.17
11,Felixstowe,2023-02-23,0.3202,2.96
11,Felixstowe,2023-02-24,0.3229,5.22
11,Felixstowe,2023-02-25,0.2317,10.48
11,Felixstowe,2023-02-26,0.2539,2.31
11,Felixstowe,2023-02-27,0.4212,4.57
11,Felixstowe,2023-02-28,0.4238,2.43
11,Felixstowe,2023-03-01,0.4795,8.49
11,Felixstowe,2023-03-02,0.4231,4.51
11,Felixstowe,2023-03-03,0.4828,23.13
11,Felixstowe,2023-03-04,0.4203,2.7
11,Felixstowe,2023-03-05,0.3472,0.69
11,Felixstowe,2023-03-06,0.4121,1.49
11,Felixstowe,2023-03-07,0.4879,0.53
11,Felixstowe,2023-03-08,0.4181,1.71
11,Felixstowe,2023-03-09,0.4277,2.65
11,Felixstowe,2023-03-10,0.329,1.46
11,Felixstowe,2023-03-11,0.2653,3.3
11,Felixstowe,2023-03-12,0.4305,29.88
11,Felixstowe,2023-03-13,0.4311,0.28
11,Felixstowe,2023-03-14,0.3827,18.11
11,Felixstowe,2023-03-15,0.4153,2.42
11,Felixstowe,2023-03-16,0.3422,6.14
11,Felixstowe,2023-03-17,0.409,8.3
11,Felixstowe,2023-03-18,0.4384,0.52
11,Felixstowe,2023-03-19,0.4063,6.29
11,Felixstowe,2023-03-20,0.5254,16.16
11,Felixstowe,2023-03-21,0.408,0.32
11,Felixstowe,2023-03-22,0.3776,3.94
11,Felixstowe,2023-03-23,0.4526,14.93
11,Felixstowe,2023-03-24,0.5253,3.51
11,Felixstowe,2023-03-25,0.4754,3.92
11,Felixstowe,2023-03-26,0.4188,5.09
11,Felixstowe,2023-03-27,0.4634,4.65
11,Felixstowe,2023-03-28,0.33,1.59
11,Felixstowe,2023-03-29,0.3325,0.02
11,Felixstowe,2023-03-30,0.3503,8.76
11,Felixstowe,2023-03-31,0.3333,2.28
11,Felixstowe,2023-04-01,0.3338,1.2
11,Felixstowe,2023-04-02,0.3349,0.62
11,Felixstowe,2023-04-03,0.2862,5.06
11,Felixstowe,2023-04-04,0.2888,0.5
11,Felixstowe,2023-04-05,0.2103,0.83
11,Felixstowe,2023-04-06,0.1864,0.46
11,Felixstowe,2023-04-07,0.2039,3.54
11,Felixstowe,2023-04-08,0.3114,2.43
11,Felixstowe,2023-04-09,0.3666,5.22
11,Felixstowe,2023-04-10,0.4955,5.16
11,Felixstowe,2023-04-11,0.4408,2.96
11,Felixstowe,2023-04-12,0.4117,2.6
11,Felixstowe,2023-04-13,0.4192,2.84
11,Felixstowe,2023-04-14,0.4457,3.26
11,Felixstowe,2023-04-15,0.5003,13.92
11,Felixstowe,2023-04-16,0.5218,2.29
11,Felixstowe,2023-04-17,0.5953,9.03
11,Felixstowe,2023-04-18,0.5479,4.02
11,Felixstowe,2023-04-19,0.5689,5.45
11,Felixstowe,2023-04-20,0.5126,1.9
11,Felixstowe,2023-04-21,0.6658,2.08
11,Felixstowe,2023-04-22,0.6084,6.87
11,Felixstowe,2023-04-23,0.5851,16.05
11,Felixstowe,2023-04-24,0.6422,3.41
11,Felixstowe,2023-04-25,0.7504,45.85
11,Felixstowe,2023-04-26,0.766,6.19
11,Felixstowe,2023-04-27,0.6642,6.77
11,Felixstowe,2023-04-28,0.7198,32.3
11,Felixstowe,2023-04-29,0.579,9.16
11,Felixstowe,2023-04-30,0.5193,4.13
11,Felixstowe,2023-05-01,0.4919,6.56
11,Felixstowe,2023-05-02,0.4487,4.9
11,Felixstowe,2023-05-03,0.4825,9.57
11,Felixstowe,2023-05-04,0.5316,18.72
11,Felixstowe,2023-05-05,0.6141,1.76
11,Felixstowe,2023-05-06,0.5512,11.0
11,Felixstowe,2023-05-07,0.4393,1.39
11,Felixstowe,2023-05-08,0.4969,9.79
11,Felixstowe,2023-05-09,0.4917,1.9
11,Felixstowe,2023-05-10,0.3653,5.45
11,Felixstowe,2023-05-11,0.3409,0.86
11,Felixstowe,2023-05-12,0.3092,5.59
11,Felixstowe,2023-05-13,0.1848,1.35
11,Felixstowe,2023-05-14,0.2131,0.75
11,Felixstowe,2023-05-15,0.2297,1.38
11,Felixstowe,2023-05-16,0.2057,1.28
11,Felixstowe,2023-05-17,0.2265,2.15
11,Felixstowe,2023-05-18,0.1235,0.11
11,Felixstowe,2023-05-19,0.1126,1.44
11,Felixstowe,2023-05-20,0.1544,0.02
11,Felixstowe,2023-05-21,0.2096,2.97
11,Felixstowe,2023-05-22,0.3466,6.2
11,Felixstowe,2023-05-23,0.3585,1.88
11,Felixstowe,2023-05-24,0.3911,9.86
11,Felixstowe,2023-05-25,0.3908,1.97
11,Felixstowe,2023-05-26,0.4674,3.0
11,Felixstowe,2023-05-27,0.3833,1.56
11,Felixstowe,2023-05-28,0.3358,0.66
11,Felixstowe,2023-05-29,0.3701,8.68
11,Felixstowe,2023-05-30,0.3659,0.1
11,Felixstowe,2023-05-31,0.2882,1.56
11,Felixstowe,2023-06-01,0.1986,1.21
11,Felixstowe,2023-06-02,0.1904,3.74
11,Felixstowe,2023-06-03,0.164,2.01
11,Felixstowe,2023-06-04,0.2051,4.43
11,Felixstowe,2023-06-05,0.1368,4.19
11,Felixstowe,2023-06-06,0.2989,2.63
11,Felixstowe,2023-06-07,0.2508,3.74
11,Felixstowe,2023-06-08,0.1635,0.82
11,Felixstowe,2023-06-09,0.1331,2.32
11,Felixstowe,2023-06-10,0.1489,3.14
11,Felixstowe,2023-06-11,0.1147,0.8
11,Felixstowe,2023-06-12,0.1699,2.36
11,Felixstowe,2023-06-13,0.1657,7.93
11,Felixstowe,2023-06-14,0.1923,0.8
11,Felixstowe,2023-06-15,0.2026,0.07
11,Felixstowe,2023-06-16,0.2732,3.23
11,Felixstowe,2023-06-17,0.38,0.97
11,Felixstowe,2023-06-18,0.3508,5.71
11,Felixstowe,2023-06-19,0.3262,5.51
11,Felixstowe,2023-06-20,0.3827,2.12
11,Felixstowe,2023-06-21,0.4005,0.71
11,Felixstowe,2023-06-22,0.3861,0.82
11,Felixstowe,2023-06-23,0.4212,4.17
11,Felixstowe,2023-06-24,0.378,2.4
11,Felixstowe,2023-06-25,0.4537,5.64
11,Felixstowe,2023-06-26,0.5362,1.86
11,Felixstowe,2023-06-27,0.5279,2.82
11,Felixstowe,2023-06-28,0.4855,22.61
11,Felixstowe,2023-06-29,0.3622,3.08
11,Felixstowe,2023-06-30,0.4362,6.22
11,Felixstowe,2023-07-01,0.43,5.95
11,Felixstowe,2023-07-02,0.4779,3.79
11,Felixstowe,2023-07-03,0.4159,0.27
11,Felixstowe,2023-07-04,0.3972,3.37
11,Felixstowe,2023-07-05,0.3762,1.52
11,Felixstowe,2023-07-06,0.2595,0.56
11,Felixstowe,2023-07-07,0.2089,2.29
11,Felixstowe,2023-07-08,0.2407,7.51
11,Felixstowe,2023-07-09,0.4084,4.76
11,Felixstowe,2023-07-10,0.5176,1.44
11,Felixstowe,2023-07-11,0.3871,5.92
11,Felixstowe,2023-07-12,0.393,0.89
11,Felixstowe,2023-07-13,0.344,1.12
11,Felixstowe,2023-07-14,0.4128,3.43
11,Felixstowe,2023-07-15,0.4111,0.16
11,Felixstowe,2023-07-16,0.3647,4.96
11,Felixstowe,2023-07-17,0.4518,0.57
11,Felixstowe,2023-07-18,0.4422,1.33
11,Felixstowe,2023-07-19,0.4452,2.23
11,Felixstowe,2023-07-20,0.4326,1.14
11,Felixstowe,2023-07-21,0.4522,3.46
11,Felixstowe,2023-07-22,0.4447,0.89
11,Felixstowe,2023-07-23,0.5116,0.69
11,Felixstowe,2023-07-24,0.5848,7.08
11,Felixstowe,2023-07-25,0.6263,13.65
11,Felixstowe,2023-07-26,0.4701,1.0
11,Felixstowe,2023-07-27,0.4807,1.69
11,Felixstowe,2023-07-28,0.431,8.72
11,Felixstowe,2023-07-29,0.4315,14.42
11,Felixstowe,2023-07-30,0.4917,6.35
11,Felixstowe,2023-07-31,0.4491,2.78
11,Felixstowe,2023-08-01,0.4503,4.23
11,Felixstowe,2023-08-02,0.4043,6.11
11,Felixstowe,2023-08-03,0.457,5.96
11,Felixstowe,2023-08-04,0.4863,3.14
11,Felixstowe,2023-08-05,0.4501,7.89
11,Felixstowe,2023-08-06,0.4224,3.77
11,Felixstowe,2023-08-07,0.47,1.15
11,Felixstowe,2023-08-08,0.5585,3.59
11,Felixstowe,2023-08-09,0.5484,0.25
11,Felixstowe,2023-08-10,0.5538,2.16
11,Felixstowe,2023-08-11,0.6165,6.58
11,Felixstowe,2023-08-12,0.5733,0.99
11,Felixstowe,2023-08-13,0.4864,4.3
11,Felixstowe,2023-08-14,0.5158,5.76
11,Felixstowe,2023-08-15,0.5498,17.32
11,Felixstowe,2023-08-16,0.5205,0.25
11,Felixstowe,2023-08-17,0.4367,5.86
11,Felixstowe,2023-08-18,0.496,2.53
11,Felixstowe,2023-08-19,0.5841,14.06
11,Felixstowe,2023-08-20,0.5587,14.56
11,Felixstowe,2023-08-21,0.5246,1.92
11,Felixstowe,2023-08-22,0.566,7.44
11,Felixstowe,2023-08-23,0.5949,3.94
11,Felixstowe,2023-08-24,0.6,1.11
11,Felixstowe,2023-08-25,0.6137,4.4
11,Felixstowe,2023-08-26,0.5923,6.98
11,Felixstowe,2023-08-27,0.6557,0.21
11,Felixstowe,2023-08-28,0.7021,3.72
11,Felixstowe,2023-08-29,0.6557,1.86
11,Felixstowe,2023-08-30,0.6431,6.55
11,Felixstowe,2023-08-31,0.5974,11.32
11,Felixstowe,2023-09-01,0.5849,8.8
11,Felixstowe,2023-09-02,0.5424,4.31
11,Felixstowe,2023-09-03,0.5612,1.52
11,Felixstowe,2023-09-04,0.5632,1.12
11,Felixstowe,2023-09-05,0.5345,4.58
11,Felixstowe,2023-09-06,0.525,7.68
11,Felixstowe,2023-09-07,0.5504,9.88
11,Felixstowe,2023-09-08,0.6315,48.52
11,Felixstowe,2023-09-09,0.5598,17.6
11,Felixstowe,2023-09-10,0.5667,12.77
11,Felixstowe,2023-09-11,0.6156,5.14
11,Felixstowe,2023-09-12,0.5938,8.36
11,Felixstowe,2023-09-13,0.461,5.07
11,Felixstowe,2023-09-14,0.4454,0.66
11,Felixstowe,2023-09-15,0.4753,5.25
11,Felixstowe,2023-09-16,0.5375,15.89
11,Felixstowe,2023-09-17,0.5877,5.93
11,Felixstowe,2023-09-18,0.6374,13.19
11,Felixstowe,2023-09-19,0.7466,25.15
11,Felixstowe,2023-09-20,0.7318,3.16
11,Felixstowe,2023-09-21,0.6569,19.32
11,Felixstowe,2023-09-22,0.7067,4.46
11,Felixstowe,2023-09-23,0.6555,7.8
11,Felixstowe,2023-09-24,0.6441,3.38
11,Felixstowe,2023-09-25,0.5932,10.87
11,Felixstowe,2023-09-26,0.5315,22.05
11,Felixstowe,2023-09-27,0.4207,0.64
11,Felixstowe,2023-09-28,0.4127,13.32
11,Felixstowe,2023-09-29,0.3954,1.84
11,Felixstowe,2023-09-30,0.5264,2.56
11,Felixstowe,2023-10-01,0.5789,5.43
11,Felixstowe,2023-10-02,0.5639,4.49
11,Felixstowe,2023-10-03,0.4926,2.58
11,Felixstowe,2023-10-04,0.4335,3.7
11,Felixstowe,2023-10-05,0.3747,2.3
11,Felixstowe,2023-10-06,0.3449,0.64
11,Felixstowe,2023-10-07,0.3407,5.73
11,Felixstowe,2023-10-08,0.3019,4.77
11,Felixstowe,2023-10-09,0.2844,2.36
11,Felixstowe,2023-10-10,0.3671,3.3
11,Felixstowe,2023-10-11,0.3313,1.8
11,Felixstowe,2023-10-12,0.2986,4.99
11,Felixstowe,2023-10-13,0.4326,1.07
11,Felixstowe,2023-10-14,0.5336,31.83
11,Felixstowe,2023-10-15,0.5651,10.62
11,Felixstowe,2023-10-16,0.5923,1.02
11,Felixstowe,2023-10-17,0.52,7.57
11,Felixstowe,2023-10-18,0.562,14.94
11,Felixstowe,2023-10-19,0.5045,10.17
11,Felixstowe,2023-10-20,0.429,0.97
11,Felixstowe,2023-10-21,0.3933,0.45
11,Felixstowe,2023-10-22,0.3208,0.97
11,Felixstowe,2023-10-23,0.315,1.08
11,Felixstowe,2023-10-24,0.4023,5.92
11,Felixstowe,2023-10-25,0.4829,4.28
11,Felixstowe,2023-10-26,0.4242,0.57
11,Felixstowe,2023-10-27,0.4045,0.05
11,Felixstowe,2023-10-28,0.3452,1.55
11,Felixstowe,2023-10-29,0.4503,1.25
11,Felixstowe,2023-10-30,0.5706,11.2
11,Felixstowe,2023-10-31,0.5042,14.18
11,Felixstowe,2023-11-01,0.5507,16.92
11,Felixstowe,2023-11-02,0.5414,6.83
11,Felixstowe,2023-11-03,0.5729,7.7
11,Felixstowe,2023-11-04,0.583,21.21
11,Felixstowe,2023-11-05,0.5414,18.91
11,Felixstowe,2023-11-06,0.5396,2.93
11,Felixstowe,2023-11-07,0.6153,21.21
11,Felixstowe,2023-11-08,0.5834,0.06
11,Felixstowe,2023-11-09,0.5788,7.16
11,Felixstowe,2023-11-10,0.6935,8.86
11,Felixstowe,2023-11-11,0.6836,1.58
11,Felixstowe,2023-11-12,0.6488,0.6
11,Felixstowe,2023-11-13,0.6292,0.83
11,Felixstowe,2023-11-14,0.5527,3.89
11,Felixstowe,2023-11-15,0.545,2.04
11,Felixstowe,2023-11-16,0.4843,4.6
11,Felixstowe,2023-11-17,0.4807,0.05
11,Felixstowe,2023-11-18,0.3571,13.36
11,Felixstowe,2023-11-19,0.3829,0.17
11,Felixstowe,2023-11-20,0.3711,2.98
11,Felixstowe,2023-11-21,0.4866,6.56
11,Felixstowe,2023-11-22,0.423,2.49
11,Felixstowe,2023-11-23,0.3937,0.65
11,Felixstowe,2023-11-24,0.4156,0.56
11,Felixstowe,2023-11-25,0.385,2.59
11,Felixstowe,2023-11-26,0.2742,0.74
11,Felixstowe,2023-11-27,0.328,5.41
11,Felixstowe,2023-11-28,0.3607,0.54
11,Felixstowe,2023-11-29,0.3417,2.36
11,Felixstowe,2023-11-30,0.3292,2.44
11,Felixstowe,2023-12-01,0.3428,6.05
11,Felixstowe,2023-12-02,0.2954,4.11
11,Felixstowe,2023-12-03,0.2657,3.57
11,Felixstowe,2023-12-04,0.408,4.32
11,Felixstowe,2023-12-05,0.4299,1.46
11,Felixstowe,2023-12-06,0.4714,2.9
11,Felixstowe,2023-12-07,0.4266,13.29
11,Felixstowe,2023-12-08,0.5056,1.54
11,Felixstowe,2023-12-09,0.5578,15.97
11,Felixstowe,2023-12-10,0.5116,6.21
11,Felixstowe,2023-12-11,0.6877,17.64
11,Felixstowe,2023-12-12,0.5926,16.97
11,Felixstowe,2023-12-13,0.4949,13.22
11,Felixstowe,2023-12-14,0.43,3.5
11,Felixstowe,2023-12-15,0.4237,0.5
11,Felixstowe,2023-12-16,0.4604,3.44
11,Felixstowe,2023-12-17,0.407,2.04
11,Felixstowe,2023-12-18,0.323,5.01
11,Felixstowe,2023-12-19,0.2934,0.07
11,Felixstowe,2023-12-20,0.2815,3.09
11,Felixstowe,2023-12-21,0.3137,0.87
11,Felixstowe,2023-12-22,0.1981,3.89
11,Felixstowe,2023-12-23,0.1968,1.26
11,Felixstowe,2023-12-24,0.212,11.33
11,Felixstowe,2023-12-25,0.2715,3.1
11,Felixstowe,2023-12-26,0.3239,0.17
11,Felixstowe,2023-12-27,0.2706,1.4
11,Felixstowe,2023-12-28,0.2715,3.21
11,Felixstowe,2023-12-29,0.3155,1.24
11,Felixstowe,2023-12-30,0.3022,2.35
11,Felixstowe,2023-12-31,0.332,8.19
11,Felixstowe,2024-01-01,0.3174,1.53
11,Felixstowe,2024-01-02,0.3495,1.84
11,Felixstowe,2024-01-03,0.3342,1.74
11,Felixstowe,2024-01-04,0.3817,4.46
11,Felixstowe,2024-01-05,0.4765,13.98
11,Felixstowe,2024-01-06,0.5128,11.94
11,Felixstowe,2024-01-07,0.4142,1.57
11,Felixstowe,2024-01-08,0.407,5.69
11,Felixstowe,2024-01-09,0.4134,1.21
11,Felixstowe,2024-01-10,0.3845,5.45
11,Felixstowe,2024-01-11,0.3421,0.06
11,Felixstowe,2024-01-12,0.4237,11.97
11,Felixstowe,2024-01-13,0.3496,5.2
11,Felixstowe,2024-01-14,0.2512,1.57
11,Felixstowe,2024-01-15,0.2442,1.11
11,Felixstowe,2024-01-16,0.277,0.51
11,Felixstowe,2024-01-17,0.3722,1.93
11,Felixstowe,2024-01-18,0.4796,1.56
11,Felixstowe,2024-01-19,0.4778,0.24
11,Felixstowe,2024-01-20,0.4039,3.35
11,Felixstowe,2024-01-21,0.3981,2.79
11,Felixstowe,2024-01-22,0.4408,1.58
11,Felixstowe,2024-01-23,0.3267,2.97
11,Felixstowe,2024-01-24,0.2182,7.41
11,Felixstowe,2024-01-25,0.1557,2.22
11,Felixstowe,2024-01-26,0.2815,5.17
11,Felixstowe,2024-01-27,0.2735,3.12
11,Felixstowe,2024-01-28,0.2491,1.06
11,Felixstowe,2024-01-29,0.3304,0.03
11,Felixstowe,2024-01-30,0.3965,7.92
11,Felixstowe,2024-01-31,0.345,1.27
11,Felixstowe,2024-02-01,0.3527,1.68
11,Felixstowe,2024-02-02,0.3947,22.34
11,Felixstowe,2024-02-03,0.4406,10.44
11,Felixstowe,2024-02-04,0.4282,0.49
11,Felixstowe,2024-02-05,0.3704,2.9
11,Felixstowe,2024-02-06,0.3655,2.4
11,Felixstowe,2024-02-07,0.3836,0.47
11,Felixstowe,2024-02-08,0.3707,8.27
11,Felixstowe,2024-02-09,0.357,3.87
11,Felixstowe,2024-02-10,0.2762,4.89
11,Felixstowe,2024-02-11,0.3513,1.7
11,Felixstowe,2024-02-12,0.4335,13.2
11,Felixstowe,2024-02-13,0.4246,1.16
11,Felixstowe,2024-02-14,0.353,2.52
11,Felixstowe,2024-02-15,0.393,6.34
11,Felixstowe,2024-02-16,0.3831,4.75
11,Felixstowe,2024-02-17,0.2729,2.61
11,Felixstowe,2024-02-18,0.3355,0.4
11,Felixstowe,2024-02-19,0.2535,4.05
11,Felixstowe,2024-02-20,0.2496,2.47
11,Felixstowe,2024-02-21,0.3069,1.44
11,Felixstowe,2024-02-22,0.3202,9.12
11,Felixstowe,2024-02-23,0.3948,8.92
11,Felixstowe,2024-02-24,0.4529,2.95
11,Felixstowe,2024-02-25,0.3822,1.54
11,Felixstowe,2024-02-26,0.4173,0.5
11,Felixstowe,2024-02-27,0.4047,9.78
11,Felixstowe,2024-02-28,0.391,0.54
11,Felixstowe,2024-02-29,0.4251,1.04
11,Felixstowe,2024-03-01,0.4834,17.16
11,Felixstowe,2024-03-02,0.5264,1.42
11,Felixstowe,2024-03-03,0.4444,2.78
11,Felixstowe,2024-03-04,0.4905,2.55
11,Felixstowe,2024-03-05,0.4077,1.94
11,Felixstowe,2024-03-06,0.4248,13.07
11,Felixstowe,2024-03-07,0.5122,0.13
11,Felixstowe,2024-03-08,0.6121,15.89
11,Felixstowe,2024-03-09,0.5015,7.59
11,Felixstowe,2024-03-10,0.4152,5.98
11,Felixstowe,2024-03-11,0.4719,6.72
11,Felixstowe,2024-03-12,0.4219,1.14
11,Felixstowe,2024-03-13,0.4874,0.89
11,Felixstowe,2024-03-14,0.5151,0.35
11,Felixstowe,2024-03-15,0.5545,3.84
11,Felixstowe,2024-03-16,0.4656,1.18
11,Felixstowe,2024-03-17,0.4981,9.6
11,Felixstowe,2024-03-18,0.5541,6.82
11,Felixstowe,2024-03-19,0.5249,0.03
11,Felixstowe,2024-03-20,0.415,0.34
11,Felixstowe,2024-03-21,0.4955,6.81
11,Felixstowe,2024-03-22,0.4384,3.78
11,Felixstowe,2024-03-23,0.3371,0.42
11,Felixstowe,2024-03-24,0.3666,3.85
11,Felixstowe,2024-03-25,0.4651,0.27
11,Felixstowe,2024-03-26,0.4059,12.76
11,Felixstowe,2024-03-27,0.3412,7.17
11,Felixstowe,2024-03-28,0.3608,5.79
11,Felixstowe,2024-03-29,0.5019,1.09
11,Felixstowe,2024-03-30,0.586,2.39
11,Felixstowe,2024-03-31,0.6121,1.57
11,Felixstowe,2024-04-01,0.6378,5.86
11,Felixstowe,2024-04-02,0.5892,0.24
11,Felixstowe,2024-04-03,0.5442,7.98
11,Felixstowe,2024-04-04,0.5013,2.98
11,Felixstowe,2024-04-05,0.5228,21.27
11,Felixstowe,2024-04-06,0.4732,0.06
11,Felixstowe,2024-04-07,0.4409,1.5
11,Felixstowe,2024-04-08,0.4316,2.49
11,Felixstowe,2024-04-09,0.4103,8.3
11,Felixstowe,2024-04-10,0.3964,1.47
11,Felixstowe,2024-04-11,0.4043,1.35
11,Felixstowe,2024-04-12,0.4595,8.39
11,Felixstowe,2024-04-13,0.6215,4.81
11,Felixstowe,2024-04-14,0.6623,2.37
11,Felixstowe,2024-04-15,0.7323,36.24
11,Felixstowe,2024-04-16,0.7645,11.76
11,Felixstowe,2024-04-17,0.7439,1.4
11,Felixstowe,2024-04-18,0.6001,5.6
11,Felixstowe,2024-04-19,0.6308,0.79
11,Felixstowe,2024-04-20,0.5771,0.86
11,Felixstowe,2024-04-21,0.5163,0.2
11,Felixstowe,2024-04-22,0.4454,0.03
11,Felixstowe,2024-04-23,0.3493,4.22
11,Felixstowe,2024-04-24,0.3367,0.41
11,Felixstowe,2024-04-25,0.3545,7.34
11,Felixstowe,2024-04-26,0.3848,3.03
11,Felixstowe,2024-04-27,0.3541,3.71
11,Felixstowe,2024-04-28,0.3828,3.1
11,Felixstowe,2024-04-29,0.4608,1.63
11,Felixstowe,2024-04-30,0.479,14.88
11,Felixstowe,2024-05-01,0.4976,7.12
11,Felixstowe,2024-05-02,0.5254,4.23
11,Felixstowe,2024-05-03,0.4256,6.16
11,Felixstowe,2024-05-04,0.4381,8.38
11,Felixstowe,2024-05-05,0.3924,3.4
11,Felixstowe,2024-05-06,0.5365,5.34
11,Felixstowe,2024-05-07,0.5812,16.05
11,Felixstowe,2024-05-08,0.57,5.68
11,Felixstowe,2024-05-09,0.5308,11.07
11,Felixstowe,2024-05-10,0.4085,7.9
11,Felixstowe,2024-05-11,0.3316,1.42
11,Felixstowe,2024-05-12,0.3043,8.16
11,Felixstowe,2024-05-13,0.3712,3.18
11,Felixstowe,2024-05-14,0.3445,0.52
11,Felixstowe,2024-05-15,0.4327,2.44
11,Felixstowe,2024-05-16,0.3866,5.29
11,Felixstowe,2024-05-17,0.5502,6.57
11,Felixstowe,2024-05-18,0.4512,3.13
11,Felixstowe,2024-05-19,0.481,4.86
11,Felixstowe,2024-05-20,0.4977,9.59
11,Felixstowe,2024-05-21,0.4602,3.43
11,Felixstowe,2024-05-22,0.4421,7.08
11,Felixstowe,2024-05-23,0.382,0.53
11,Felixstowe,2024-05-24,0.4233,1.99
11,Felixstowe,2024-05-25,0.3682,6.6
11,Felixstowe,2024-05-26,0.3781,1.04
11,Felixstowe,2024-05-27,0.4375,6.95
11,Felixstowe,2024-05-28,0.4347,4.84
11,Felixstowe,2024-05-29,0.3926,4.11
11,Felixstowe,2024-05-30,0.4698,7.21
11,Felixstowe,2024-05-31,0.3802,1.56
11,Felixstowe,2024-06-01,0.4038,0.45
11,Felixstowe,2024-06-02,0.4993,4.19
11,Felixstowe,2024-06-03,0.5865,1.4
11,Felixstowe,2024-06-04,0.4908,0.21
11,Felixstowe,2024-06-05,0.43,2.27
11,Felixstowe,2024-06-06,0.4132,1.76
11,Felixstowe,2024-06-07,0.3658,0.88
11,Felixstowe,2024-06-08,0.3208,5.24
11,Felixstowe,2024-06-09,0.2347,4.49
11,Felixstowe,2024-06-10,0.3281,1.09
11,Felixstowe,2024-06-11,0.3943,2.39
11,Felixstowe,2024-06-12,0.3469,2.28
11,Felixstowe,2024-06-13,0.3255,0.73
11,Felixstowe,2024-06-14,0.2993,0.22
11,Felixstowe,2024-06-15,0.3381,12.3
11,Felixstowe,2024-06-16,0.2954,1.7
11,Felixstowe,2024-06-17,0.2839,0.43
11,Felixstowe,2024-06-18,0.3343,1.29
11,Felixstowe,2024-06-19,0.4066,5.69
11,Felixstowe,2024-06-20,0.4057,0.43
11,Felixstowe,2024-06-21,0.3274,1.32
11,Felixstowe,2024-06-22,0.396,3.05
11,Felixstowe,2024-06-23,0.2931,7.6
11,Felixstowe,2024-06-24,0.2635,2.4
11,Felixstowe,2024-06-25,0.2494,1.49
11,Felixstowe,2024-06-26,0.277,0.06
11,Felixstowe,2024-06-27,0.2581,0.7
11,Felixstowe,2024-06-28,0.3761,2.16
11,Felixstowe,2024-06-29,0.3869,5.76
11,Felixstowe,2024-06-30,0.3841,1.38
11,Felixstowe,2024-07-01,0.3386,3.97
11,Felixstowe,2024-07-02,0.419,1.97
11,Felixstowe,2024-07-03,0.4008,3.4
11,Felixstowe,2024-07-04,0.3326,0.32
11,Felixstowe,2024-07-05,0.3249,0.74
11,Felixstowe,2024-07-06,0.4097,1.59
11,Felixstowe,2024-07-07,0.4166,2.81
11,Felixstowe,2024-07-08,0.4349,7.84
11,Felixstowe,2024-07-09,0.3908,6.92
11,Felixstowe,2024-07-10,0.4145,4.76
11,Felixstowe,2024-07-11,0.3208,1.37
11,Felixstowe,2024-07-12,0.3622,2.28
11,Felixstowe,2024-07-13,0.3303,6.44
11,Felixstowe,2024-07-14,0.2472,0.67
11,Felixstowe,2024-07-15,0.2776,5.48
11,Felixstowe,2024-07-16,0.1973,1.06
11,Felixstowe,2024-07-17,0.1791,0.17
11,Felixstowe,2024-07-18,0.0666,0.91
11,Felixstowe,2024-07-19,0.0899,2.78
11,Felixstowe,2024-07-20,0.047,4.04
11,Felixstowe,2024-07-21,0.0779,0.31
11,Felixstowe,2024-07-22,0.1384,1.25
11,Felixstowe,2024-07-23,0.178,2.81
11,Felixstowe,2024-07-24,0.2692,3.45
11,Felixstowe,2024-07-25,0.3514,16.74
11,Felixstowe,2024-07-26,0.3575,0.06
11,Felixstowe,2024-07-27,0.3554,1.56
11,Felixstowe,2024-07-28,0.293,5.46
11,Felixstowe,2024-07-29,0.3278,0.4
11,Felixstowe,2024-07-30,0.4109,9.11
11,Felixstowe,2024-07-31,0.3472,1.51
11,Felixstowe,2024-08-01,0.464,0.25
11,Felixstowe,2024-08-02,0.3601,1.99
11,Felixstowe,2024-08-03,0.3678,4.05
11,Felixstowe,2024-08-04,0.3135,0.73
11,Felixstowe,2024-08-05,0.218,4.02
11,Felixstowe,2024-08-06,0.2888,0.76
11,Felixstowe,2024-08-07,0.2997,1.61
11,Felixstowe,2024-08-08,0.3302,1.03
11,Felixstowe,2024-08-09,0.3156,2.6
11,Felixstowe,2024-08-10,0.3656,5.52
11,Felixstowe,2024-08-11,0.3358,9.28
11,Felixstowe,2024-08-12,0.4338,6.42
11,Felixstowe,2024-08-13,0.3931,7.33
11,Felixstowe,2024-08-14,0.4441,15.02
11,Felixstowe,2024-08-15,0.4561,2.47
11,Felixstowe,2024-08-16,0.5636,3.33
11,Felixstowe,2024-08-17,0.5616,1.39
11,Felixstowe,2024-08-18,0.603,9.33
11,Felixstowe,2024-08-19,0.6317,9.56
11,Felixstowe,2024-08-20,0.651,26.55
11,Felixstowe,2024-08-21,0.6196,1.01
11,Felixstowe,2024-08-22,0.5915,9.35
11,Felixstowe,2024-08-23,0.6697,25.91
11,Felixstowe,2024-08-24,0.6358,52.82
11,Felixstowe,2024-08-25,0.5071,13.93
11,Felixstowe,2024-08-26,0.5508,10.97
11,Felixstowe,2024-08-27,0.6066,4.14
11,Felixstowe,2024-08-28,0.5791,15.11
11,Felixstowe,2024-08-29,0.5496,2.65
11,Felixstowe,2024-08-30,0.5245,6.97
11,Felixstowe,2024-08-31,0.4678,0.09
11,Felixstowe,2024-09-01,0.4018,0.42
11,Felixstowe,2024-09-02,0.4219,5.37
11,Felixstowe,2024-09-03,0.3298,0.59
11,Felixstowe,2024-09-04,0.2133,1.6
11,Felixstowe,2024-09-05,0.2241,2.27
11,Felixstowe,2024-09-06,0.3161,6.28
11,Felixstowe,2024-09-07,0.2254,2.57
11,Felixstowe,2024-09-08,0.3732,2.26
11,Felixstowe,2024-09-09,0.4633,0.61
11,Felixstowe,2024-09-10,0.4624,13.27
11,Felixstowe,2024-09-11,0.5426,1.03
11,Felixstowe,2024-09-12,0.494,0.28
11,Felixstowe,2024-09-13,0.5079,20.24
11,Felixstowe,2024-09-14,0.3928,1.34
11,Felixstowe,2024-09-15,0.3935,7.64
11,Felixstowe,2024-09-16,0.4629,3.19
11,Felixstowe,2024-09-17,0.4323,1.92
11,Felixstowe,2024-09-18,0.408,3.49
11,Felixstowe,2024-09-19,0.3303,3.66
11,Felixstowe,2024-09-20,0.453,5.12
11,Felixstowe,2024-09-21,0.331,0.31
11,Felixstowe,2024-09-22,0.4349,4.37
11,Felixstowe,2024-09-23,0.4165,4.03
11,Felixstowe,2024-09-24,0.3066,3.56
11,Felixstowe,2024-09-25,0.2979,3.88
11,Felixstowe,2024-09-26,0.2918,0.51
11,Felixstowe,2024-09-27,0.3343,0.14
11,Felixstowe,2024-09-28,0.2953,3.78
11,Felixstowe,2024-09-29,0.3947,1.31
11,Felixstowe,2024-09-30,0.4677,8.72
11,Felixstowe,2024-10-01,0.4573,24.35
11,Felixstowe,2024-10-02,0.4256,0.84
11,Felixstowe,2024-10-03,0.569,1.88
11,Felixstowe,2024-10-04,0.5538,2.24
11,Felixstowe,2024-10-05,0.5223,2.56
11,Felixstowe,2024-10-06,0.4767,2.16
11,Felixstowe,2024-10-07,0.5716,20.63
11,Felixstowe,2024-10-08,0.5491,5.96
11,Felixstowe,2024-10-09,0.4703,9.98
11,Felixstowe,2024-10-10,0.4852,6.84
11,Felixstowe,2024-10-11,0.5376,3.43
11,Felixstowe,2024-10-12,0.4758,8.24
11,Felixstowe,2024-10-13,0.4935,2.22
11,Felixstowe,2024-10-14,0.6444,2.04
11,Felixstowe,2024-10-15,0.7018,2.93
11,Felixstowe,2024-10-16,0.7296,2.04
11,Felixstowe,2024-10-17,0.6927,0.99
11,Felixstowe,2024-10-18,0.6871,0.45
11,Felixstowe,2024-10-19,0.7145,14.25
11,Felixstowe,2024-10-20,0.5644,13.52
11,Felixstowe,2024-10-21,0.5682,3.0
11,Felixstowe,2024-10-22,0.4973,2.72
11,Felixstowe,2024-10-23,0.4408,17.65
11,Felixstowe,2024-10-24,0.4513,24.11
11,Felixstowe,2024-10-25,0.5016,2.42
11,Felixstowe,2024-10-26,0.4338,10.84
11,Felixstowe,2024-10-27,0.3225,1.4
11,Felixstowe,2024-10-28,0.4302,6.58
11,Felixstowe,2024-10-29,0.4367,11.01
11,Felixstowe,2024-10-30,0.4132,3.3
11,Felixstowe,2024-10-31,0.3465,1.46
11,Felixstowe,2024-11-01,0.396,12.49
11,Felixstowe,2024-11-02,0.3399,2.04
11,Felixstowe,2024-11-03,0.3089,8.04
11,Felixstowe,2024-11-04,0.4058,2.69
11,Felixstowe,2024-11-05,0.4325,7.01
11,Felixstowe,2024-11-06,0.4489,8.07
11,Felixstowe,2024-11-07,0.4975,9.32
11,Felixstowe,2024-11-08,0.4424,0.63
11,Felixstowe,2024-11-09,0.485,0.87
11,Felixstowe,2024-11-10,0.5221,11.4
11,Felixstowe,2024-11-11,0.6119,17.66
11,Felixstowe,2024-11-12,0.6023,2.71
11,Felixstowe,2024-11-13,0.576,10.63
11,Felixstowe,2024-11-14,0.5839,20.91
11,Felixstowe,2024-11-15,0.6526,29.99
11,Felixstowe,2024-11-16,0.618,12.42
11,Felixstowe,2024-11-17,0.6397,31.62
11,Felixstowe,2024-11-18,0.45,9.3
11,Felixstowe,2024-11-19,0.3338,2.58
11,Felixstowe,2024-11-20,0.3957,3.11
11,Felixstowe,2024-11-21,0.4102,0.15
11,Felixstowe,2024-11-22,0.4583,0.69
11,Felixstowe,2024-11-23,0.4177,0.01
11,Felixstowe,2024-11-24,0.3058,2.48
11,Felixstowe,2024-11-25,0.4225,6.6
11,Felixstowe,2024-11-26,0.4563,1.38
11,Felixstowe,2024-11-27,0.5181,7.5
11,Felixstowe,2024-11-28,0.3731,4.81
11,Felixstowe,2024-11-29,0.462,0.26
11,Felixstowe,2024-11-30,0.5051,4.65
11,Felixstowe,2024-12-01,0.52,7.69
11,Felixstowe,2024-12-02,0.544,0.62
11,Felixstowe,2024-12-03,0.4814,0.49
11,Felixstowe,2024-12-04,0.4987,3.62
11,Felixstowe,2024-12-05,0.4541,9.4
11,Felixstowe,2024-12-06,0.5136,7.66
11,Felixstowe,2024-12-07,0.4659,7.2
11,Felixstowe,2024-12-08,0.436,2.92
11,Felixstowe,2024-12-09,0.4138,13.73
11,Felixstowe,2024-12-10,0.4039,6.17
11,Felixstowe,2024-12-11,0.3988,0.36
11,Felixstowe,2024-12-12,0.4676,0.57
11,Felixstowe,2024-12-13,0.4903,7.36
11,Felixstowe,2024-12-14,0.3044,7.71
11,Felixstowe,2024-12-15,0.459,6.22
11,Felixstowe,2024-12-16,0.4501,0.22
11,Felixstowe,2024-12-17,0.3378,4.98
11,Felixstowe,2024-12-18,0.4036,2.52
11,Felixstowe,2024-12-19,0.4481,12.63
11,Felixstowe,2024-12-20,0.446,1.67
11,Felixstowe,2024-12-21,0.3606,7.56
11,Felixstowe,2024-12-22,0.3742,9.17
11,Felixstowe,2024-12-23,0.3865,1.72
11,Felixstowe,2024-12-24,0.384,2.36
11,Felixstowe,2024-12-25,0.3833,1.33
11,Felixstowe,2024-12-26,0.2637,1.13
11,Felixstowe,2024-12-27,0.2692,2.52
11,Felixstowe,2024-12-28,0.2504,0.62
11,Felixstowe,2024-12-29,0.2563,4.31
11,Felixstowe,2024-12-30,0.3081,5.69
11,Felixstowe,2024-12-31,0.2137,0.32
11,Felixstowe,2025-01-01,0.192,1.9
11,Felixstowe,2025-01-02,0.194,0.59
11,Felixstowe,2025-01-03,0.2272,2.51
11,Felixstowe,2025-01-04,0.3037,0.7
11,Felixstowe,2025-01-05,0.3508,1.5
11,Felixstowe,2025-01-06,0.5563,7.71
11,Felixstowe,2025-01-07,0.4665,1.39
11,Felixstowe,2025-01-08,0.5067,8.49
11,Felixstowe,2025-01-09,0.5074,0.6
11,Felixstowe,2025-01-10,0.4986,4.71
11,Felixstowe,2025-01-11,0.5009,1.7
11,Felixstowe,2025-01-12,0.5528,17.52
11,Felixstowe,2025-01-13,0.5502,6.77
11,Felixstowe,2025-01-14,0.5871,2.19
11,Felixstowe,2025-01-15,0.5758,8.27
11,Felixstowe,2025-01-16,0.5526,0.61
11,Felixstowe,2025-01-17,0.6994,5.17
11,Felixstowe,2025-01-18,0.6027,2.95
11,Felixstowe,2025-01-19,0.6135,1.04
11,Felixstowe,2025-01-20,0.6879,5.74
11,Felixstowe,2025-01-21,0.6741,32.2
11,Felixstowe,2025-01-22,0.6178,7.27
11,Felixstowe,2025-01-23,0.5997,0.03
11,Felixstowe,2025-01-24,0.5173,1.07
11,Felixstowe,2025-01-25,0.4443,0.59
11,Felixstowe,2025-01-26,0.4837,4.73
11,Felixstowe,2025-01-27,0.4733,1.32
11,Felixstowe,2025-01-28,0.3926,0.39
11,Felixstowe,2025-01-29,0.4096,3.2
11,Felixstowe,2025-01-30,0.3725,2.32
11,Felixstowe,2025-01-31,0.4291,1.53
11,Felixstowe,2025-02-01,0.5321,0.56
11,Felixstowe,2025-02-02,0.5025,0.68
11,Felixstowe,2025-02-03,0.4978,9.46
11,Felixstowe,2025-02-04,0.4169,0.66
11,Felixstowe,2025-02-05,0.3606,0.59
11,Felixstowe,2025-02-06,0.334,0.33
11,Felixstowe,2025-02-07,0.2759,2.24
11,Felixstowe,2025-02-08,0.3422,11.06
11,Felixstowe,2025-02-09,0.3239,0.98
11,Felixstowe,2025-02-10,0.3993,0.63
11,Felixstowe,2025-02-11,0.4177,8.88
11,Felixstowe,2025-02-12,0.4381,3.22
11,Felixstowe,2025-02-13,0.4129,3.98
11,Felixstowe,2025-02-14,0.487,6.25
11,Felixstowe,2025-02-15,0.5283,8.45
11,Felixstowe,2025-02-16,0.5208,1.74
11,Felixstowe,2025-02-17,0.4675,0.1
11,Felixstowe,2025-02-18,0.5285,3.87
11,Felixstowe,2025-02-19,0.4727,6.06
11,Felixstowe,2025-02-20,0.517,1.84
11,Felixstowe,2025-02-21,0.5536,10.82
11,Felixstowe,2025-02-22,0.4746,1.69
11,Felixstowe,2025-02-23,0.481,4.44
11,Felixstowe,2025-02-24,0.4753,1.29
11,Felixstowe,2025-02-25,0.4279,0.61
11,Felixstowe,2025-02-26,0.5001,7.53
11,Felixstowe,2025-02-27,0.4079,6.93
11,Felixstowe,2025-02-28,0.4366,6.63
11,Felixstowe,2025-03-01,0.484,9.82
11,Felixstowe,2025-03-02,0.4726,1.29
11,Felixstowe,2025-03-03,0.4461,1.88
11,Felixstowe,2025-03-04,0.4684,0.67
11,Felixstowe,2025-03-05,0.4234,1.57
11,Felixstowe,2025-03-06,0.3936,16.03
11,Felixstowe,2025-03-07,0.2947,0.51
11,Felixstowe,2025-03-08,0.3601,0.02
11,Felixstowe,2025-03-09,0.3967,2.35
11,Felixstowe,2025-03-10,0.4706,2.54
11,Felixstowe,2025-03-11,0.4001,2.4
11,Felixstowe,2025-03-12,0.3265,5.85
11,Felixstowe,2025-03-13,0.3579,2.12
11,Felixstowe,2025-03-14,0.3975,17.42
11,Felixstowe,2025-03-15,0.5067,13.84
11,Felixstowe,2025-03-16,0.5251,1.5
11,Felixstowe,2025-03-17,0.49,0.46
11,Felixstowe,2025-03-18,0.4146,1.73
11,Felixstowe,2025-03-19,0.4231,2.78
11,Felixstowe,2025-03-20,0.4544,0.99
11,Felixstowe,2025-03-21,0.5388,1.37
11,Felixstowe,2025-03-22,0.5383,42.77
11,Felixstowe,2025-03-23,0.4774,10.05
11,Felixstowe,2025-03-24,0.4753,5.31
11,Felixstowe,2025-03-25,0.3866,4.14
11,Felixstowe,2025-03-26,0.4541,7.53
11,Felixstowe,2025-03-27,0.4442,1.08
11,Felixstowe,2025-03-28,0.2756,0.03
11,Felixstowe,2025-03-29,0.3187,0.72
11,Felixstowe,2025-03-30,0.3193,1.44
11,Felixstowe,2025-03-31,0.3305,1.77
11,Felixstowe,2025-04-01,0.3473,6.36
11,Felixstowe,2025-04-02,0.3614,2.58
11,Felixstowe,2025-04-03,0.401,8.55
11,Felixstowe,2025-04-04,0.4488,1.69
11,Felixstowe,2025-04-05,0.4554,1.02
11,Felixstowe,2025-04-06,0.4183,0.94
11,Felixstowe,2025-04-07,0.5064,2.47
11,Felixstowe,2025-04-08,0.3655,0.62
11,Felixstowe,2025-04-09,0.3792,1.15
11,Felixstowe,2025-04-10,0.3067,5.32
11,Felixstowe,2025-04-11,0.3266,3.71
11,Felixstowe,2025-04-12,0.3624,12.21
11,Felixstowe,2025-04-13,0.3386,2.23
11,Felixstowe,2025-04-14,0.3659,1.04
11,Felixstowe,2025-04-15,0.4124,4.03
11,Felixstowe,2025-04-16,0.3278,1.16
11,Felixstowe,2025-04-17,0.3747,16.93
11,Felixstowe,2025-04-18,0.3886,0.14
11,Felixstowe,2025-04-19,0.4646,8.28
11,Felixstowe,2025-04-20,0.4019,0.36
11,Felixstowe,2025-04-21,0.4673,5.92
11,Felixstowe,2025-04-22,0.4792,4.53
11,Felixstowe,2025-04-23,0.3534,0.23
11,Felixstowe,2025-04-24,0.3702,0.39
11,Felixstowe,2025-04-25,0.4348,15.36
11,Felixstowe,2025-04-26,0.3927,4.23
11,Felixstowe,2025-04-27,0.4668,3.63
11,Felixstowe,2025-04-28,0.4159,8.4
11,Felixstowe,2025-04-29,0.3358,5.42
11,Felixstowe,2025-04-30,0.3001,1.57
11,Felixstowe,2025-05-01,0.2549,0.58
11,Felixstowe,2025-05-02,0.3147,7.66
11,Felixstowe,2025-05-03,0.3627,1.26
11,Felixstowe,2025-05-04,0.2871,0.81
11,Felixstowe,2025-05-05,0.302,0.95
11,Felixstowe,2025-05-06,0.2865,4.25
11,Felixstowe,2025-05-07,0.3183,0.06
11,Felixstowe,2025-05-08,0.2478,4.98
11,Felixstowe,2025-05-09,0.2101,4.13
11,Felixstowe,2025-05-10,0.2245,2.2
11,Felixstowe,2025-05-11,0.2535,0.46
11,Felixstowe,2025-05-12,0.3544,1.99
11,Felixstowe,2025-05-13,0.5002,26.14
11,Felixstowe,2025-05-14,0.4432,2.41
11,Felixstowe,2025-05-15,0.3842,10.64
11,Felixstowe,2025-05-16,0.4363,2.73
11,Felixstowe,2025-05-17,0.4348,1.8
11,Felixstowe,2025-05-18,0.4854,5.19
11,Felixstowe,2025-05-19,0.4846,1.16
11,Felixstowe,2025-05-20,0.4177,5.71
11,Felixstowe,2025-05-21,0.4554,1.93
11,Felixstowe,2025-05-22,0.4461,1.03
11,Felixstowe,2025-05-23,0.5274,28.52
11,Felixstowe,2025-05-24,0.5081,2.31
11,Felixstowe,2025-05-25,0.497,0.54
11,Felixstowe,2025-05-26,0.4203,5.85
11,Felixstowe,2025-05-27,0.365,1.44
11,Felixstowe,2025-05-28,0.4124,12.5
11,Felixstowe,2025-05-29,0.5309,9.13
11,Felixstowe,2025-05-30,0.6265,6.41
11,Felixstowe,2025-05-31,0.6969,5.11
11,Felixstowe,2025-06-01,0.6443,15.57
11,Felixstowe,2025-06-02,0.676,28.2
11,Felixstowe,2025-06-03,0.6565,1.4
11,Felixstowe,2025-06-04,0.5889,4.6
11,Felixstowe,2025-06-05,0.5618,3.82
11,Felixstowe,2025-06-06,0.5807,0.19
11,Felixstowe,2025-06-07,0.5013,0.93
11,Felixstowe,2025-06-08,0.508,0.46
11,Felixstowe,2025-06-09,0.5582,2.47
11,Felixstowe,2025-06-10,0.4831,30.32
11,Felixstowe,2025-06-11,0.4151,1.2
11,Felixstowe,2025-06-12,0.4042,0.66
11,Felixstowe,2025-06-13,0.4382,4.4
11,Felixstowe,2025-06-14,0.3901,4.74
11,Felixstowe,2025-06-15,0.469,1.06
11,Felixstowe,2025-06-16,0.6598,3.41
11,Felixstowe,2025-06-17,0.8322,0.22
11,Felixstowe,2025-06-18,0.7494,11.15
11,Felixstowe,2025-06-19,0.6717,28.23
11,Felixstowe,2025-06-20,0.6146,12.0
11,Felixstowe,2025-06-21,0.6358,10.08
11,Felixstowe,2025-06-22,0.5499,2.92
11,Felixstowe,2025-06-23,0.601,15.0
11,Felixstowe,2025-06-24,0.6049,1.68
11,Felixstowe,2025-06-25,0.6441,5.73
11,Felixstowe,2025-06-26,0.6625,12.08
11,Felixstowe,2025-06-27,0.6763,0.3
11,Felixstowe,2025-06-28,0.6183,29.22
11,Felixstowe,2025-06-29,0.638,22.57
11,Felixstowe,2025-06-30,0.7343,3.73
11,Felixstowe,2025-07-01,0.7017,3.01
11,Felixstowe,2025-07-02,0.6777,27.62
11,Felixstowe,2025-07-03,0.5559,0.52
11,Felixstowe,2025-07-04,0.5174,0.45
11,Felixstowe,2025-07-05,0.4564,4.65
11,Felixstowe,2025-07-06,0.4132,9.75
11,Felixstowe,2025-07-07,0.5469,0.76
11,Felixstowe,2025-07-08,0.4979,6.88
11,Felixstowe,2025-07-09,0.4935,5.49
11,Felixstowe,2025-07-10,0.4718,6.71
11,Felixstowe,2025-07-11,0.5238,0.38
11,Felixstowe,2025-07-12,0.4721,2.24
11,Felixstowe,2025-07-13,0.3698,1.15
11,Felixstowe,2025-07-14,0.4706,0.29
11,Felixstowe,2025-07-15,0.4765,10.08
11,Felixstowe,2025-07-16,0.5195,5.34
11,Felixstowe,2025-07-17,0.5659,21.29
11,Felixstowe,2025-07-18,0.5221,0.64
11,Felixstowe,2025-07-19,0.5175,1.13
11,Felixstowe,2025-07-20,0.4523,6.8
11,Felixstowe,2025-07-21,0.3443,9.9
11,Felixstowe,2025-07-22,0.3115,0.77
11,Felixstowe,2025-07-23,0.272,0.66
11,Felixstowe,2025-07-24,0.3264,0.56
11,Felixstowe,2025-07-25,0.3453,0.6
11,Felixstowe,2025-07-26,0.3846,0.03
11,Felixstowe,2025-07-27,0.4178,0.38
11,Felixstowe,2025-07-28,0.3782,0.86
11,Felixstowe,2025-07-29,0.3108,1.34
11,Felixstowe,2025-07-30,0.3411,1.13
11,Felixstowe,2025-07-31,0.2645,6.18
11,Felixstowe,2025-08-01,0.2586,0.26
11,Felixstowe,2025-08-02,0.3351,7.6
11,Felixstowe,2025-08-03,0.327,11.61
11,Felixstowe,2025-08-04,0.2496,8.57
11,Felixstowe,2025-08-05,0.1757,2.59
11,Felixstowe,2025-08-06,0.2685,2.87
11,Felixstowe,2025-08-07,0.3169,3.69
11,Felixstowe,2025-08-08,0.318,1.59
11,Felixstowe,2025-08-09,0.3344,1.36
11,Felixstowe,2025-08-10,0.3905,2.95
11,Felixstowe,2025-08-11,0.3699,0.26
11,Felixstowe,2025-08-12,0.3949,1.7
11,Felixstowe,2025-08-13,0.3369,12.85
11,Felixstowe,2025-08-14,0.364,7.24
11,Felixstowe,2025-08-15,0.4558,3.97
11,Felixstowe,2025-08-16,0.5147,2.53
11,Felixstowe,2025-08-17,0.4821,0.22
11,Felixstowe,2025-08-18,0.5495,8.63
11,Felixstowe,2025-08-19,0.5537,0.41
11,Felixstowe,2025-08-20,0.4951,2.92
11,Felixstowe,2025-08-21,0.3992,5.83
11,Felixstowe,2025-08-22,0.4999,3.44
11,Felixstowe,2025-08-23,0.4797,0.65
11,Felixstowe,2025-08-24,0.4495,0.02
11,Felixstowe,2025-08-25,0.5084,4.0
11,Felixstowe,2025-08-26,0.616,7.2
11,Felixstowe,2025-08-27,0.4591,1.96
11,Felixstowe,2025-08-28,0.5592,6.5
11,Felixstowe,2025-08-29,0.5557,1.73
11,Felixstowe,2025-08-30,0.5364,5.79
11,Felixstowe,2025-08-31,0.4547,6.44
11,Felixstowe,2025-09-01,0.3865,3.97
11,Felixstowe,2025-09-02,0.4089,8.37
11,Felixstowe,2025-09-03,0.3802,5.63
11,Felixstowe,2025-09-04,0.34,0.93
11,Felixstowe,2025-09-05,0.3179,3.19
11,Felixstowe,2025-09-06,0.2109,2.05
11,Felixstowe,2025-09-07,0.2181,1.94
11,Felixstowe,2025-09-08,0.2809,2.37
11,Felixstowe,2025-09-09,0.3303,2.67
11,Felixstowe,2025-09-10,0.3455,3.59
11,Felixstowe,2025-09-11,0.3474,3.3
11,Felixstowe,2025-09-12,0.3113,1.75
11,Felixstowe,2025-09-13,0.3705,8.48
11,Felixstowe,2025-09-14,0.3457,3.34
11,Felixstowe,2025-09-15,0.3972,8.53
11,Felixstowe,2025-09-16,0.3469,3.2
11,Felixstowe,2025-09-17,0.3989,4.49
11,Felixstowe,2025-09-18,0.465,3.44
11,Felixstowe,2025-09-19,0.4451,3.16
11,Felixstowe,2025-09-20,0.5293,6.77
11,Felixstowe,2025-09-21,0.5667,2.97
11,Felixstowe,2025-09-22,0.7032,8.93
11,Felixstowe,2025-09-23,0.7413,29.75
11,Felixstowe,2025-09-24,0.6953,5.47
11,Felixstowe,2025-09-25,0.5802,5.11
11,Felixstowe,2025-09-26,0.6088,4.57
11,Felixstowe,2025-09-27,0.4815,7.44
11,Felixstowe,2025-09-28,0.5268,6.28
11,Felixstowe,2025-09-29,0.5607,4.59
11,Felixstowe,2025-09-30,0.503,7.41
11,Felixstowe,2025-10-01,0.4713,12.22
11,Felixstowe,2025-10-02,0.5372,2.62
11,Felixstowe,2025-10-03,0.5703,9.37
11,Felixstowe,2025-10-04,0.5419,3.94
11,Felixstowe,2025-10-05,0.4973,0.26
11,Felixstowe,2025-10-06,0.5302,0.86
11,Felixstowe,2025-10-07,0.5583,9.72
11,Felixstowe,2025-10-08,0.5649,0.66
11,Felixstowe,2025-10-09,0.4785,5.54
11,Felixstowe,2025-10-10,0.5246,11.49
11,Felixstowe,2025-10-11,0.4502,0.58
11,Felixstowe,2025-10-12,0.4421,3.94
11,Felixstowe,2025-10-13,0.3536,1.26
11,Felixstowe,2025-10-14,0.3344,5.96
11,Felixstowe,2025-10-15,0.3008,8.18
11,Felixstowe,2025-10-16,0.2386,4.28
11,Felixstowe,2025-10-17,0.2614,0.39
11,Felixstowe,2025-10-18,0.3288,1.79
11,Felixstowe,2025-10-19,0.2893,1.38
11,Felixstowe,2025-10-20,0.2528,6.6
11,Felixstowe,2025-10-21,0.3587,1.32
11,Felixstowe,2025-10-22,0.336,2.13
11,Felixstowe,2025-10-23,0.4148,0.71
11,Felixstowe,2025-10-24,0.3786,11.6
11,Felixstowe,2025-10-25,0.4401,7.49
11,Felixstowe,2025-10-26,0.4816,0.16
11,Felixstowe,2025-10-27,0.5573,3.12
11,Felixstowe,2025-10-28,0.5683,3.01
11,Felixstowe,2025-10-29,0.6062,13.57
11,Felixstowe,2025-10-30,0.5695,3.79
11,Felixstowe,2025-10-31,0.562,6.42
11,Felixstowe,2025-11-01,0.5831,24.04
11,Felixstowe,2025-11-02,0.6597,10.94
11,Felixstowe,2025-11-03,0.8408,11.39
11,Felixstowe,2025-11-04,0.7948,2.05
11,Felixstowe,2025-11-05,0.6982,12.38
11,Felixstowe,2025-11-06,0.6516,0.13
11,Felixstowe,2025-11-07,0.6033,6.23
11,Felixstowe,2025-11-08,0.5725,6.44
11,Felixstowe,2025-11-09,0.546,5.32
11,Felixstowe,2025-11-10,0.5819,2.87
11,Felixstowe,2025-11-11,0.5792,2.22
11,Felixstowe,2025-11-12,0.5727,4.59
11,Felixstowe,2025-11-13,0.4626,5.9
11,Felixstowe,2025-11-14,0.4357,6.3
11,Felixstowe,2025-11-15,0.3653,13.2
11,Felixstowe,2025-11-16,0.4043,3.74
11,Felixstowe,2025-11-17,0.3238,0.86
11,Felixstowe,2025-11-18,0.4053,4.51
11,Felixstowe,2025-11-19,0.438,1.47
11,Felixstowe,2025-11-20,0.4426,2.06
11,Felixstowe,2025-11-21,0.3973,9.96
11,Felixstowe,2025-11-22,0.3904,1.06
11,Felixstowe,2025-11-23,0.2968,0.27
11,Felixstowe,2025-11-24,0.3966,7.66
11,Felixstowe,2025-11-25,0.3935,2.82
11,Felixstowe,2025-11-26,0.4847,0.87
11,Felixstowe,2025-11-27,0.5596,5.19
11,Felixstowe,2025-11-28,0.581,27.57
11,Felixstowe,2025-11-29,0.6048,17.36
11,Felixstowe,2025-11-30,0.6752,3.02
11,Felixstowe,2025-12-01,0.5885,2.43
11,Felixstowe,2025-12-02,0.546,2.4
11,Felixstowe,2025-12-03,0.5171,0.62
11,Felixstowe,2025-12-04,0.5469,1.36
11,Felixstowe,2025-12-05,0.5698,11.51
11,Felixstowe,2025-12-06,0.5558,1.75
11,Felixstowe,2025-12-07,0.4516,1.1
11,Felixstowe,2025-12-08,0.4373,3.15
11,Felixstowe,2025-12-09,0.4668,1.57
11,Felixstowe,2025-12-10,0.4528,4.8
11,Felixstowe,2025-12-11,0.4189,1.38
11,Felixstowe,2025-12-12,0.4273,11.9
11,Felixstowe,2025-12-13,0.4743,6.96
11,Felixstowe,2025-12-14,0.4895,11.82
11,Felixstowe,2025-12-15,0.4774,0.03
11,Felixstowe,2025-12-16,0.5808,1.25
11,Felixstowe,2025-12-17,0.5554,6.23
11,Felixstowe,2025-12-18,0.4902,10.77
11,Felixstowe,2025-12-19,0.4593,9.18
11,Felixstowe,2025-12-20,0.4795,1.9
11,Felixstowe,2025-12-21,0.5232,3.72
11,Felixstowe,2025-12-22,0.6228,6.27
11,Felixstowe,2025-12-23,0.6418,15.04
11,Felixstowe,2025-12-24,0.6327,2.3
11,Felixstowe,2025-12-25,0.538,4.61
11,Felixstowe,2025-12-26,0.6045,2.43
11,Felixstowe,2025-12-27,0.5923,8.35
11,Felixstowe,2025-12-28,0.6125,12.53
11,Felixstowe,2025-12-29,0.6373,5.75
11,Felixstowe,2025-12-30,0.5952,14.26
11,Felixstowe,2025-12-31,0.5624,3.6
12,Guangzhou,2023-01-01,0.5174,3.13
12,Guangzhou,2023-01-02,0.5825,1.34
12,Guangzhou,2023-01-03,0.5333,7.47
12,Guangzhou,2023-01-04,0.5155,10.63
12,Guangzhou,2023-01-05,0.4986,3.57
12,Guangzhou,2023-01-06,0.5274,12.56
12,Guangzhou,2023-01-07,0.4991,4.32
12,Guangzhou,2023-01-08,0.5297,1.23
12,Guangzhou,2023-01-09,0.457,4.87
12,Guangzhou,2023-01-10,0.4673,2.2
12,Guangzhou,2023-01-11,0.4084,5.5
12,Guangzhou,2023-01-12,0.3884,8.7
12,Guangzhou,2023-01-13,0.5323,10.66
12,Guangzhou,2023-01-14,0.572,1.53
12,Guangzhou,2023-01-15,0.429,1.0
12,Guangzhou,2023-01-16,0.4179,2.13
12,Guangzhou,2023-01-17,0.3496,5.15
12,Guangzhou,2023-01-18,0.3724,3.11
12,Guangzhou,2023-01-19,0.4249,3.4
12,Guangzhou,2023-01-20,0.3688,0.68
12,Guangzhou,2023-01-21,0.3359,0.66
12,Guangzhou,2023-01-22,0.3285,4.33
12,Guangzhou,2023-01-23,0.318,1.79
12,Guangzhou,2023-01-24,0.3123,1.39
12,Guangzhou,2023-01-25,0.3473,0.68
12,Guangzhou,2023-01-26,0.361,10.0
12,Guangzhou,2023-01-27,0.3415,1.26
12,Guangzhou,2023-01-28,0.419,1.9
12,Guangzhou,2023-01-29,0.2615,5.7
12,Guangzhou,2023-01-30,0.1666,0.28
12,Guangzhou,2023-01-31,0.144,0.23
12,Guangzhou,2023-02-01,0.1718,4.41
12,Guangzhou,2023-02-02,0.1129,0.55
12,Guangzhou,2023-02-03,0.2999,7.95
12,Guangzhou,2023-02-04,0.2986,2.15
12,Guangzhou,2023-02-05,0.2783,2.97
12,Guangzhou,2023-02-06,0.3703,2.3
12,Guangzhou,2023-02-07,0.2584,1.7
12,Guangzhou,2023-02-08,0.3388,2.19
12,Guangzhou,2023-02-09,0.2517,3.04
12,Guangzhou,2023-02-10,0.2002,0.67
12,Guangzhou,2023-02-11,0.2089,1.61
12,Guangzhou,2023-02-12,0.1764,0.74
12,Guangzhou,2023-02-13,0.2665,10.09
12,Guangzhou,2023-02-14,0.2357,1.25
12,Guangzhou,2023-02-15,0.2861,3.12
12,Guangzhou,2023-02-16,0.315,3.73
12,Guangzhou,2023-02-17,0.3544,4.1
12,Guangzhou,2023-02-18,0.3383,1.92
12,Guangzhou,2023-02-19,0.299,0.46
12,Guangzhou,2023-02-20,0.3163,0.06
12,Guangzhou,2023-02-21,0.3063,6.33
12,Guangzhou,2023-02-22,0.3442,8.72
12,Guangzhou,2023-02-23,0.338,1.36
12,Guangzhou,2023-02-24,0.3147,6.21
12,Guangzhou,2023-02-25,0.347,3.89
12,Guangzhou,2023-02-26,0.3024,7.09
12,Guangzhou,2023-02-27,0.4188,25.18
12,Guangzhou,2023-02-28,0.4258,12.05
12,Guangzhou,2023-03-01,0.4834,0.79
12,Guangzhou,2023-03-02,0.4497,8.69
12,Guangzhou,2023-03-03,0.4902,7.67
12,Guangzhou,2023-03-04,0.4545,10.27
12,Guangzhou,2023-03-05,0.3897,0.48
12,Guangzhou,2023-03-06,0.4505,1.47
12,Guangzhou,2023-03-07,0.3873,0.62
12,Guangzhou,2023-03-08,0.3308,1.92
12,Guangzhou,2023-03-09,0.2135,0.68
12,Guangzhou,2023-03-10,0.3237,1.1
12,Guangzhou,2023-03-11,0.2879,0.41
12,Guangzhou,2023-03-12,0.2541,2.28
12,Guangzhou,2023-03-13,0.2551,0.97
12,Guangzhou,2023-03-14,0.2263,0.49
12,Guangzhou,2023-03-15,0.1823,2.32
12,Guangzhou,2023-03-16,0.1184,1.78
12,Guangzhou,2023-03-17,0.1961,1.07
12,Guangzhou,2023-03-18,0.1601,0.88
12,Guangzhou,2023-03-19,0.2255,2.56
12,Guangzhou,2023-03-20,0.2698,2.33
12,Guangzhou,2023-03-21,0.1384,2.06
12,Guangzhou,2023-03-22,0.1836,0.67
12,Guangzhou,2023-03-23,0.1876,1.19
12,Guangzhou,2023-03-24,0.2255,2.77
12,Guangzhou,2023-03-25,0.2648,0.79
12,Guangzhou,2023-03-26,0.2089,1.78
12,Guangzhou,2023-03-27,0.3255,1.81
12,Guangzhou,2023-03-28,0.2891,0.78
12,Guangzhou,2023-03-29,0.3794,8.92
12,Guangzhou,2023-03-30,0.2876,1.63
12,Guangzhou,2023-03-31,0.2463,5.5
12,Guangzhou,2023-04-01,0.2534,3.95
12,Guangzhou,2023-04-02,0.2704,3.4
12,Guangzhou,2023-04-03,0.2985,1.03
12,Guangzhou,2023-04-04,0.297,2.94
12,Guangzhou,2023-04-05,0.3425,3.2
12,Guangzhou,2023-04-06,0.31,2.95
12,Guangzhou,2023-04-07,0.2634,3.54
12,Guangzhou,2023-04-08,0.3404,3.6
12,Guangzhou,2023-04-09,0.3945,4.06
12,Guangzhou,2023-04-10,0.4735,6.06
12,Guangzhou,2023-04-11,0.3686,1.9
12,Guangzhou,2023-04-12,0.2981,1.41
12,Guangzhou,2023-04-13,0.3186,2.83
12,Guangzhou,2023-04-14,0.4431,3.84
12,Guangzhou,2023-04-15,0.5043,0.05
12,Guangzhou,2023-04-16,0.4591,5.09
12,Guangzhou,2023-04-17,0.4199,11.55
12,Guangzhou,2023-04-18,0.3306,1.3
12,Guangzhou,2023-04-19,0.2987,12.11
12,Guangzhou,2023-04-20,0.4535,0.33
12,Guangzhou,2023-04-21,0.3923,3.65
12,Guangzhou,2023-04-22,0.3709,0.1
12,Guangzhou,2023-04-23,0.3041,2.22
12,Guangzhou,2023-04-24,0.3497,3.98
12,Guangzhou,2023-04-25,0.2232,0.57
12,Guangzhou,2023-04-26,0.1515,1.05
12,Guangzhou,2023-04-27,0.0994,1.64
12,Guangzhou,2023-04-28,0.0698,4.07
12,Guangzhou,2023-04-29,0.0346,3.04
12,Guangzhou,2023-04-30,0.0558,4.31
12,Guangzhou,2023-05-01,0.1973,1.53
12,Guangzhou,2023-05-02,0.1845,0.22
12,Guangzhou,2023-05-03,0.1396,0.61
12,Guangzhou,2023-05-04,0.1769,0.12
12,Guangzhou,2023-05-05,0.2708,5.14
12,Guangzhou,2023-05-06,0.1915,1.86
12,Guangzhou,2023-05-07,0.1439,0.89
12,Guangzhou,2023-05-08,0.1477,2.0
12,Guangzhou,2023-05-09,0.137,4.27
12,Guangzhou,2023-05-10,0.1328,1.3
12,Guangzhou,2023-05-11,0.15,0.75
12,Guangzhou,2023-05-12,0.1653,0.56
12,Guangzhou,2023-05-13,0.2036,0.98
12,Guangzhou,2023-05-14,0.185,1.79
12,Guangzhou,2023-05-15,0.1321,0.63
12,Guangzhou,2023-05-16,0.1739,2.65
12,Guangzhou,2023-05-17,0.1259,1.14
12,Guangzhou,2023-05-18,0.1077,1.18
12,Guangzhou,2023-05-19,0.1957,0.6
12,Guangzhou,2023-05-20,0.22,3.02
12,Guangzhou,2023-05-21,0.1855,3.06
12,Guangzhou,2023-05-22,0.2975,0.91
12,Guangzhou,2023-05-23,0.3518,2.41
12,Guangzhou,2023-05-24,0.2551,8.86
12,Guangzhou,2023-05-25,0.0754,3.59
12,Guangzhou,2023-05-26,0.119,0.17
12,Guangzhou,2023-05-27,0.1182,0.61
12,Guangzhou,2023-05-28,0.1799,0.45
12,Guangzhou,2023-05-29,0.308,9.38
12,Guangzhou,2023-05-30,0.3895,3.41
12,Guangzhou,2023-05-31,0.4887,4.03
12,Guangzhou,2023-06-01,0.3904,1.19
12,Guangzhou,2023-06-02,0.4865,2.68
12,Guangzhou,2023-06-03,0.3534,0.06
12,Guangzhou,2023-06-04,0.1793,4.3
12,Guangzhou,2023-06-05,0.1457,0.61
12,Guangzhou,2023-06-06,0.1585,0.05
12,Guangzhou,2023-06-07,0.1889,0.1
12,Guangzhou,2023-06-08,0.1662,0.29
12,Guangzhou,2023-06-09,0.1955,9.68
12,Guangzhou,2023-06-10,0.2068,0.23
12,Guangzhou,2023-06-11,0.2056,6.45
12,Guangzhou,2023-06-12,0.1798,6.92
12,Guangzhou,2023-06-13,0.191,0.07
12,Guangzhou,2023-06-14,0.2821,4.01
12,Guangzhou,2023-06-15,0.2621,5.1
12,Guangzhou,2023-06-16,0.205,0.08
12,Guangzhou,2023-06-17,0.3102,4.19
12,Guangzhou,2023-06-18,0.3027,3.32
12,Guangzhou,2023-06-19,0.3162,4.01
12,Guangzhou,2023-06-20,0.3995,2.88
12,Guangzhou,2023-06-21,0.3276,1.21
12,Guangzhou,2023-06-22,0.3318,0.89
12,Guangzhou,2023-06-23,0.2428,4.56
12,Guangzhou,2023-06-24,0.1945,1.19
12,Guangzhou,2023-06-25,0.1084,1.99
12,Guangzhou,2023-06-26,0.1503,1.72
12,Guangzhou,2023-06-27,0.1886,1.16
12,Guangzhou,2023-06-28,0.1802,1.1
12,Guangzhou,2023-06-29,0.2166,2.39
12,Guangzhou,2023-06-30,0.2455,1.78
12,Guangzhou,2023-07-01,0.1802,0.11
12,Guangzhou,2023-07-02,0.2407,1.66
12,Guangzhou,2023-07-03,0.316,5.39
12,Guangzhou,2023-07-04,0.3437,11.3
12,Guangzhou,2023-07-05,0.2903,0.98
12,Guangzhou,2023-07-06,0.1846,1.25
12,Guangzhou,2023-07-07,0.2198,1.08
12,Guangzhou,2023-07-08,0.2747,3.66
12,Guangzhou,2023-07-09,0.2403,1.01
12,Guangzhou,2023-07-10,0.2368,0.01
12,Guangzhou,2023-07-11,0.2532,9.55
12,Guangzhou,2023-07-12,0.1452,0.03
12,Guangzhou,2023-07-13,0.0375,0.11
12,Guangzhou,2023-07-14,0.1324,1.88
12,Guangzhou,2023-07-15,0.1504,2.83
12,Guangzhou,2023-07-16,0.1825,2.41
12,Guangzhou,2023-07-17,0.2331,5.13
12,Guangzhou,2023-07-18,0.1431,0.24
12,Guangzhou,2023-07-19,0.1074,0.57
12,Guangzhou,2023-07-20,0.0993,5.23
12,Guangzhou,2023-07-21,0.1727,1.94
12,Guangzhou,2023-07-22,0.1477,0.03
12,Guangzhou,2023-07-23,0.1828,0.99
12,Guangzhou,2023-07-24,0.1774,1.42
12,Guangzhou,2023-07-25,0.2704,9.64
12,Guangzhou,2023-07-26,0.271,3.53
12,Guangzhou,2023-07-27,0.2869,0.43
12,Guangzhou,2023-07-28,0.3372,2.56
12,Guangzhou,2023-07-29,0.1713,0.72
12,Guangzhou,2023-07-30,0.1977,0.34
12,Guangzhou,2023-07-31,0.2327,3.55
12,Guangzhou,2023-08-01,0.2105,3.22
12,Guangzhou,2023-08-02,0.2318,0.78
12,Guangzhou,2023-08-03,0.2005,0.29
12,Guangzhou,2023-08-04,0.3094,3.78
12,Guangzhou,2023-08-05,0.405,6.46
12,Guangzhou,2023-08-06,0.3909,0.39
12,Guangzhou,2023-08-07,0.4552,3.32
12,Guangzhou,2023-08-08,0.4041,3.76
12,Guangzhou,2023-08-09,0.3131,0.42
12,Guangzhou,2023-08-10,0.3242,3.51
12,Guangzhou,2023-08-11,0.2746,0.01
12,Guangzhou,2023-08-12,0.225,2.34
12,Guangzhou,2023-08-13,0.2217,3.26
12,Guangzhou,2023-08-14,0.2529,4.9
12,Guangzhou,2023-08-15,0.2446,0.54
12,Guangzhou,2023-08-16,0.3059,2.59
12,Guangzhou,2023-08-17,0.3534,0.4
12,Guangzhou,2023-08-18,0.4243,0.18
12,Guangzhou,2023-08-19,0.4095,3.14
12,Guangzhou,2023-08-20,0.3091,0.67
12,Guangzhou,2023-08-21,0.3178,2.23
12,Guangzhou,2023-08-22,0.2662,4.0
12,Guangzhou,2023-08-23,0.2668,0.24
12,Guangzhou,2023-08-24,0.3271,4.27
12,Guangzhou,2023-08-25,0.3637,0.51
12,Guangzhou,2023-08-26,0.3365,0.18
12,Guangzhou,2023-08-27,0.3637,14.0
12,Guangzhou,2023-08-28,0.3809,6.1
12,Guangzhou,2023-08-29,0.35,0.96
12,Guangzhou,2023-08-30,0.3752,1.15
12,Guangzhou,2023-08-31,0.3828,1.16
12,Guangzhou,2023-09-01,0.3524,1.68
12,Guangzhou,2023-09-02,0.2499,7.73
12,Guangzhou,2023-09-03,0.2555,5.12
12,Guangzhou,2023-09-04,0.2697,0.12
12,Guangzhou,2023-09-05,0.2361,0.17
12,Guangzhou,2023-09-06,0.2014,0.6
12,Guangzhou,2023-09-07,0.1958,0.53
12,Guangzhou,2023-09-08,0.2298,1.11
12,Guangzhou,2023-09-09,0.1942,0.38
12,Guangzhou,2023-09-10,0.1464,1.13
12,Guangzhou,2023-09-11,0.0907,0.06
12,Guangzhou,2023-09-12,0.107,4.09
12,Guangzhou,2023-09-13,0.1636,0.05
12,Guangzhou,2023-09-14,0.1771,0.97
12,Guangzhou,2023-09-15,0.1249,0.26
12,Guangzhou,2023-09-16,0.0835,1.68
12,Guangzhou,2023-09-17,0.0355,0.53
12,Guangzhou,2023-09-18,0.042,0.88
12,Guangzhou,2023-09-19,0.0178,2.04
12,Guangzhou,2023-09-20,0.0012,0.43
12,Guangzhou,2023-09-21,0.1633,1.98
12,Guangzhou,2023-09-22,0.1652,1.62
12,Guangzhou,2023-09-23,0.0522,3.18
12,Guangzhou,2023-09-24,0.1313,1.29
12,Guangzhou,2023-09-25,0.1875,0.82
12,Guangzhou,2023-09-26,0.2407,6.61
12,Guangzhou,2023-09-27,0.2319,2.54
12,Guangzhou,2023-09-28,0.3091,11.82
12,Guangzhou,2023-09-29,0.3366,5.57
12,Guangzhou,2023-09-30,0.3787,1.72
12,Guangzhou,2023-10-01,0.4136,10.48
12,Guangzhou,2023-10-02,0.4066,3.63
12,Guangzhou,2023-10-03,0.3946,7.15
12,Guangzhou,2023-10-04,0.4422,21.84
12,Guangzhou,2023-10-05,0.4439,12.79
12,Guangzhou,2023-10-06,0.5066,0.14
12,Guangzhou,2023-10-07,0.6162,1.98
12,Guangzhou,2023-10-08,0.5379,3.73
12,Guangzhou,2023-10-09,0.5191,4.28
12,Guangzhou,2023-10-10,0.3888,2.69
12,Guangzhou,2023-10-11,0.3039,1.61
12,Guangzhou,2023-10-12,0.2497,2.7
12,Guangzhou,2023-10-13,0.2955,3.21
12,Guangzhou,2023-10-14,0.2709,2.63
12,Guangzhou,2023-10-15,0.2292,1.88
12,Guangzhou,2023-10-16,0.2553,0.13
12,Guangzhou,2023-10-17,0.2151,5.11
12,Guangzhou,2023-10-18,0.1966,2.34
12,Guangzhou,2023-10-19,0.1096,0.79
12,Guangzhou,2023-10-20,0.2338,0.27
12,Guangzhou,2023-10-21,0.216,3.05
12,Guangzhou,2023-10-22,0.1793,0.9
12,Guangzhou,2023-10-23,0.2078,0.14
12,Guangzhou,2023-10-24,0.155,2.39
12,Guangzhou,2023-10-25,0.2284,2.34
12,Guangzhou,2023-10-26,0.1405,2.08
12,Guangzhou,2023-10-27,0.1847,1.83
12,Guangzhou,2023-10-28,0.2844,2.62
12,Guangzhou,2023-10-29,0.2285,4.5
12,Guangzhou,2023-10-30,0.1388,2.69
12,Guangzhou,2023-10-31,0.1391,5.42
12,Guangzhou,2023-11-01,0.1357,0.15
12,Guangzhou,2023-11-02,0.1362,1.1
12,Guangzhou,2023-11-03,0.1367,1.24
12,Guangzhou,2023-11-04,0.1603,0.98
12,Guangzhou,2023-11-05,0.2161,0.2
12,Guangzhou,2023-11-06,0.22,1.23
12,Guangzhou,2023-11-07,0.2312,0.51
12,Guangzhou,2023-11-08,0.1851,0.44
12,Guangzhou,2023-11-09,0.314,2.95
12,Guangzhou,2023-11-10,0.3944,2.23
12,Guangzhou,2023-11-11,0.4869,0.2
12,Guangzhou,2023-11-12,0.5065,1.25
12,Guangzhou,2023-11-13,0.4333,5.92
12,Guangzhou,2023-11-14,0.3618,8.0
12,Guangzhou,2023-11-15,0.3841,0.66
12,Guangzhou,2023-11-16,0.3439,15.76
12,Guangzhou,2023-11-17,0.3983,6.9
12,Guangzhou,2023-11-18,0.3641,0.49
12,Guangzhou,2023-11-19,0.3939,16.34
12,Guangzhou,2023-11-20,0.5296,1.89
12,Guangzhou,2023-11-21,0.4117,0.26
12,Guangzhou,2023-11-22,0.2906,4.56
12,Guangzhou,2023-11-23,0.2645,0.34
12,Guangzhou,2023-11-24,0.2845,5.55
12,Guangzhou,2023-11-25,0.2438,1.36
12,Guangzhou,2023-11-26,0.2627,2.15
12,Guangzhou,2023-11-27,0.2761,1.83
12,Guangzhou,2023-11-28,0.22,0.78
12,Guangzhou,2023-11-29,0.2348,3.16
12,Guangzhou,2023-11-30,0.2792,4.24
12,Guangzhou,2023-12-01,0.3137,4.35
12,Guangzhou,2023-12-02,0.4155,0.32
12,Guangzhou,2023-12-03,0.3706,1.65
12,Guangzhou,2023-12-04,0.3376,4.7
12,Guangzhou,2023-12-05,0.3383,2.98
12,Guangzhou,2023-12-06,0.217,2.46
12,Guangzhou,2023-12-07,0.3349,0.39
12,Guangzhou,2023-12-08,0.4501,0.82
12,Guangzhou,2023-12-09,0.5011,8.44
12,Guangzhou,2023-12-10,0.3276,1.1
12,Guangzhou,2023-12-11,0.3284,0.98
12,Guangzhou,2023-12-12,0.3122,0.11
12,Guangzhou,2023-12-13,0.3051,2.57
12,Guangzhou,2023-12-14,0.3344,2.61
12,Guangzhou,2023-12-15,0.4132,8.8
12,Guangzhou,2023-12-16,0.4865,0.7
12,Guangzhou,2023-12-17,0.4985,1.68
12,Guangzhou,2023-12-18,0.4956,10.34
12,Guangzhou,2023-12-19,0.4589,1.12
12,Guangzhou,2023-12-20,0.4729,2.49
12,Guangzhou,2023-12-21,0.3697,0.32
12,Guangzhou,2023-12-22,0.3705,1.08
12,Guangzhou,2023-12-23,0.4492,0.1
12,Guangzhou,2023-12-24,0.4605,0.39
12,Guangzhou,2023-12-25,0.5344,4.19
12,Guangzhou,2023-12-26,0.5135,1.41
12,Guangzhou,2023-12-27,0.5368,0.48
12,Guangzhou,2023-12-28,0.529,20.75
12,Guangzhou,2023-12-29,0.6333,10.47
12,Guangzhou,2023-12-30,0.5573,30.31
12,Guangzhou,2023-12-31,0.4719,12.91
12,Guangzhou,2024-01-01,0.3765,12.62
12,Guangzhou,2024-01-02,0.3551,3.78
12,Guangzhou,2024-01-03,0.3929,2.77
12,Guangzhou,2024-01-04,0.4465,4.22
12,Guangzhou,2024-01-05,0.4508,6.66
12,Guangzhou,2024-01-06,0.5045,3.18
12,Guangzhou,2024-01-07,0.4876,2.47
12,Guangzhou,2024-01-08,0.4249,0.04
12,Guangzhou,2024-01-09,0.4535,2.95
12,Guangzhou,2024-01-10,0.3893,2.5
12,Guangzhou,2024-01-11,0.3418,1.44
12,Guangzhou,2024-01-12,0.4348,7.18
12,Guangzhou,2024-01-13,0.4869,9.15
12,Guangzhou,2024-01-14,0.4795,19.55
12,Guangzhou,2024-01-15,0.4431,4.5
12,Guangzhou,2024-01-16,0.3502,3.25
12,Guangzhou,2024-01-17,0.363,2.0
12,Guangzhou,2024-01-18,0.3613,0.07
12,Guangzhou,2024-01-19,0.3535,7.44
12,Guangzhou,2024-01-20,0.3683,0.33
12,Guangzhou,2024-01-21,0.3582,0.56
12,Guangzhou,2024-01-22,0.349,0.56
12,Guangzhou,2024-01-23,0.2687,1.33
12,Guangzhou,2024-01-24,0.259,3.42
12,Guangzhou,2024-01-25,0.2321,0.27
12,Guangzhou,2024-01-26,0.2393,0.15
12,Guangzhou,2024-01-27,0.2308,2.38
12,Guangzhou,2024-01-28,0.2289,0.65
12,Guangzhou,2024-01-29,0.2346,1.68
12,Guangzhou,2024-01-30,0.2698,4.09
12,Guangzhou,2024-01-31,0.2432,1.42
12,Guangzhou,2024-02-01,0.2589,4.31
12,Guangzhou,2024-02-02,0.2312,0.64
12,Guangzhou,2024-02-03,0.1991,0.26
12,Guangzhou,2024-02-04,0.2326,0.47
12,Guangzhou,2024-02-05,0.1892,3.72
12,Guangzhou,2024-02-06,0.2684,1.32
12,Guangzhou,2024-02-07,0.2961,5.98
12,Guangzhou,2024-02-08,0.2883,3.23
12,Guangzhou,2024-02-09,0.34,3.27
12,Guangzhou,2024-02-10,0.2522,3.03
12,Guangzhou,2024-02-11,0.2687,1.46
12,Guangzhou,2024-02-12,0.2,3.39
12,Guangzhou,2024-02-13,0.2568,4.01
12,Guangzhou,2024-02-14,0.1964,0.99
12,Guangzhou,2024-02-15,0.2467,2.98
12,Guangzhou,2024-02-16,0.214,2.3
12,Guangzhou,2024-02-17,0.2163,0.42
12,Guangzhou,2024-02-18,0.2206,1.14
12,Guangzhou,2024-02-19,0.2626,0.04
12,Guangzhou,2024-02-20,0.2914,3.33
12,Guangzhou,2024-02-21,0.2182,3.06
12,Guangzhou,2024-02-22,0.1068,1.02
12,Guangzhou,2024-02-23,0.1065,0.69
12,Guangzhou,2024-02-24,0.1829,1.48
12,Guangzhou,2024-02-25,0.163,2.52
12,Guangzhou,2024-02-26,0.1707,3.13
12,Guangzhou,2024-02-27,0.2841,0.6
12,Guangzhou,2024-02-28,0.2123,2.47
12,Guangzhou,2024-02-29,0.2674,2.52
12,Guangzhou,2024-03-01,0.2293,1.31
12,Guangzhou,2024-03-02,0.164,2.69
12,Guangzhou,2024-03-03,0.2213,0.66
12,Guangzhou,2024-03-04,0.2987,3.11
12,Guangzhou,2024-03-05,0.2383,1.7
12,Guangzhou,2024-03-06,0.1112,0.55
12,Guangzhou,2024-03-07,0.1146,1.17
12,Guangzhou,2024-03-08,0.146,1.27
12,Guangzhou,2024-03-09,0.2694,4.11
12,Guangzhou,2024-03-10,0.1878,1.13
12,Guangzhou,2024-03-11,0.2159,1.49
12,Guangzhou,2024-03-12,0.2087,0.64
12,Guangzhou,2024-03-13,0.2047,2.87
12,Guangzhou,2024-03-14,0.1678,2.23
12,Guangzhou,2024-03-15,0.1723,3.17
12,Guangzhou,2024-03-16,0.1666,0.1
12,Guangzhou,2024-03-17,0.1901,0.58
12,Guangzhou,2024-03-18,0.286,3.5
12,Guangzhou,2024-03-19,0.2954,7.53
12,Guangzhou,2024-03-20,0.252,1.26
12,Guangzhou,2024-03-21,0.3136,1.23
12,Guangzhou,2024-03-22,0.3493,11.29
12,Guangzhou,2024-03-23,0.3495,2.66
12,Guangzhou,2024-03-24,0.2844,0.01
12,Guangzhou,2024-03-25,0.3863,1.37
12,Guangzhou,2024-03-26,0.3696,5.87
12,Guangzhou,2024-03-27,0.403,0.09
12,Guangzhou,2024-03-28,0.3563,0.76
12,Guangzhou,2024-03-29,0.3237,1.97
12,Guangzhou,2024-03-30,0.2185,6.81
12,Guangzhou,2024-03-31,0.2234,2.6
12,Guangzhou,2024-04-01,0.2019,0.02
12,Guangzhou,2024-04-02,0.143,1.22
12,Guangzhou,2024-04-03,0.2033,1.17
12,Guangzhou,2024-04-04,0.2339,1.11
12,Guangzhou,2024-04-05,0.2085,2.07
12,Guangzhou,2024-04-06,0.0456,1.95
12,Guangzhou,2024-04-07,0.0,0.8
12,Guangzhou,2024-04-08,0.1922,0.61
12,Guangzhou,2024-04-09,0.2015,3.08
12,Guangzhou,2024-04-10,0.159,0.96
12,Guangzhou,2024-04-11,0.2118,1.64
12,Guangzhou,2024-04-12,0.1994,2.42
12,Guangzhou,2024-04-13,0.1402,0.24
12,Guangzhou,2024-04-14,0.1625,10.17
12,Guangzhou,2024-04-15,0.2138,9.42
12,Guangzhou,2024-04-16,0.1324,0.48
12,Guangzhou,2024-04-17,0.1219,1.63
12,Guangzhou,2024-04-18,0.0682,2.47
12,Guangzhou,2024-04-19,0.1342,10.77
12,Guangzhou,2024-04-20,0.1338,2.07
12,Guangzhou,2024-04-21,0.2053,0.8
12,Guangzhou,2024-04-22,0.1721,2.23
12,Guangzhou,2024-04-23,0.1949,3.42
12,Guangzhou,2024-04-24,0.1591,2.28
12,Guangzhou,2024-04-25,0.208,0.6
12,Guangzhou,2024-04-26,0.106,0.1
12,Guangzhou,2024-04-27,0.191,0.05
12,Guangzhou,2024-04-28,0.2468,5.47
12,Guangzhou,2024-04-29,0.2923,5.27
12,Guangzhou,2024-04-30,0.3781,0.74
12,Guangzhou,2024-05-01,0.3282,0.51
12,Guangzhou,2024-05-02,0.398,0.03
12,Guangzhou,2024-05-03,0.4475,2.55
12,Guangzhou,2024-05-04,0.4073,6.96
12,Guangzhou,2024-05-05,0.4795,11.07
12,Guangzhou,2024-05-06,0.5081,2.24
12,Guangzhou,2024-05-07,0.455,0.12
12,Guangzhou,2024-05-08,0.4758,1.19
12,Guangzhou,2024-05-09,0.4215,0.01
12,Guangzhou,2024-05-10,0.36,0.37
12,Guangzhou,2024-05-11,0.3638,1.29
12,Guangzhou,2024-05-12,0.3635,4.9
12,Guangzhou,2024-05-13,0.39,2.79
12,Guangzhou,2024-05-14,0.3664,9.1
12,Guangzhou,2024-05-15,0.3176,0.23
12,Guangzhou,2024-05-16,0.2564,0.89
12,Guangzhou,2024-05-17,0.3435,3.59
12,Guangzhou,2024-05-18,0.3374,5.02
12,Guangzhou,2024-05-19,0.3276,5.25
12,Guangzhou,2024-05-20,0.2697,0.19
12,Guangzhou,2024-05-21,0.3097,0.42
12,Guangzhou,2024-05-22,0.2572,0.94
12,Guangzhou,2024-05-23,0.221,3.59
12,Guangzhou,2024-05-24,0.2846,2.68
12,Guangzhou,2024-05-25,0.2329,1.45
12,Guangzhou,2024-05-26,0.23,0.93
12,Guangzhou,2024-05-27,0.2746,1.38
12,Guangzhou,2024-05-28,0.2792,0.49
12,Guangzhou,2024-05-29,0.2799,0.64
12,Guangzhou,2024-05-30,0.2904,2.75
12,Guangzhou,2024-05-31,0.3672,6.66
12,Guangzhou,2024-06-01,0.3648,2.44
12,Guangzhou,2024-06-02,0.4382,5.31
12,Guangzhou,2024-06-03,0.4367,1.17
12,Guangzhou,2024-06-04,0.4107,2.88
12,Guangzhou,2024-06-05,0.5228,4.91
12,Guangzhou,2024-06-06,0.4424,12.71
12,Guangzhou,2024-06-07,0.4107,8.27
12,Guangzhou,2024-06-08,0.367,13.39
12,Guangzhou,2024-06-09,0.4471,1.38
12,Guangzhou,2024-06-10,0.491,2.56
12,Guangzhou,2024-06-11,0.5091,2.33
12,Guangzhou,2024-06-12,0.4579,1.07
12,Guangzhou,2024-06-13,0.3781,3.31
12,Guangzhou,2024-06-14,0.3304,0.35
12,Guangzhou,2024-06-15,0.2981,3.37
12,Guangzhou,2024-06-16,0.3501,2.4
12,Guangzhou,2024-06-17,0.3647,2.9
12,Guangzhou,2024-06-18,0.3702,0.63
12,Guangzhou,2024-06-19,0.2324,1.54
12,Guangzhou,2024-06-20,0.2079,0.65
12,Guangzhou,2024-06-21,0.1999,0.51
12,Guangzhou,2024-06-22,0.216,3.96
12,Guangzhou,2024-06-23,0.3171,2.49
12,Guangzhou,2024-06-24,0.4048,4.99
12,Guangzhou,2024-06-25,0.3537,7.56
12,Guangzhou,2024-06-26,0.2579,1.98
12,Guangzhou,2024-06-27,0.2778,3.4
12,Guangzhou,2024-06-28,0.309,0.96
12,Guangzhou,2024-06-29,0.3099,0.28
12,Guangzhou,2024-06-30,0.2661,0.24
12,Guangzhou,2024-07-01,0.3433,2.04
12,Guangzhou,2024-07-02,0.3136,1.22
12,Guangzhou,2024-07-03,0.2251,0.67
12,Guangzhou,2024-07-04,0.3033,1.15
12,Guangzhou,2024-07-05,0.3403,1.35
12,Guangzhou,2024-07-06,0.3973,0.8
12,Guangzhou,2024-07-07,0.424,0.83
12,Guangzhou,2024-07-08,0.4853,3.8
12,Guangzhou,2024-07-09,0.5895,2.68
12,Guangzhou,2024-07-10,0.5914,2.58
12,Guangzhou,2024-07-11,0.4674,14.7
12,Guangzhou,2024-07-12,0.407,1.25
12,Guangzhou,2024-07-13,0.3664,1.2
12,Guangzhou,2024-07-14,0.2608,3.94
12,Guangzhou,2024-07-15,0.2212,3.17
12,Guangzhou,2024-07-16,0.2984,8.8
12,Guangzhou,2024-07-17,0.3383,1.2
12,Guangzhou,2024-07-18,0.372,0.83
12,Guangzhou,2024-07-19,0.3434,2.92
12,Guangzhou,2024-07-20,0.2738,11.91
12,Guangzhou,2024-07-21,0.2488,3.12
12,Guangzhou,2024-07-22,0.3438,3.08
12,Guangzhou,2024-07-23,0.3177,0.34
12,Guangzhou,2024-07-24,0.3509,0.94
12,Guangzhou,2024-07-25,0.433,0.38
12,Guangzhou,2024-07-26,0.4176,1.1
12,Guangzhou,2024-07-27,0.3243,1.36
12,Guangzhou,2024-07-28,0.4199,6.94
12,Guangzhou,2024-07-29,0.4656,9.6
12,Guangzhou,2024-07-30,0.3804,3.58
12,Guangzhou,2024-07-31,0.3141,1.04
12,Guangzhou,2024-08-01,0.3651,4.97
12,Guangzhou,2024-08-02,0.3644,0.54
12,Guangzhou,2024-08-03,0.2825,0.66
12,Guangzhou,2024-08-04,0.2044,0.64
12,Guangzhou,2024-08-05,0.2891,5.2
12,Guangzhou,2024-08-06,0.3144,2.07
12,Guangzhou,2024-08-07,0.4014,0.46
12,Guangzhou,2024-08-08,0.2271,3.39
12,Guangzhou,2024-08-09,0.2613,8.14
12,Guangzhou,2024-08-10,0.2056,0.71
12,Guangzhou,2024-08-11,0.1198,1.01
12,Guangzhou,2024-08-12,0.1611,0.71
12,Guangzhou,2024-08-13,0.1892,4.8
12,Guangzhou,2024-08-14,0.2539,0.05
12,Guangzhou,2024-08-15,0.3551,3.53
12,Guangzhou,2024-08-16,0.307,1.69
12,Guangzhou,2024-08-17,0.3109,1.89
12,Guangzhou,2024-08-18,0.2684,0.21
12,Guangzhou,2024-08-19,0.2232,0.32
12,Guangzhou,2024-08-20,0.293,0.92
12,Guangzhou,2024-08-21,0.3444,2.33
12,Guangzhou,2024-08-22,0.3499,3.76
12,Guangzhou,2024-08-23,0.3948,8.6
12,Guangzhou,2024-08-24,0.3498,4.87
12,Guangzhou,2024-08-25,0.3541,0.98
12,Guangzhou,2024-08-26,0.3873,1.85
12,Guangzhou,2024-08-27,0.3519,1.77
12,Guangzhou,2024-08-28,0.3805,4.2
12,Guangzhou,2024-08-29,0.3248,1.08
12,Guangzhou,2024-08-30,0.4037,2.26
12,Guangzhou,2024-08-31,0.4573,1.8
12,Guangzhou,2024-09-01,0.463,13.21
12,Guangzhou,2024-09-02,0.4818,1.06
12,Guangzhou,2024-09-03,0.4357,3.26
12,Guangzhou,2024-09-04,0.3844,0.06
12,Guangzhou,2024-09-05,0.3848,0.89
12,Guangzhou,2024-09-06,0.3408,3.41
12,Guangzhou,2024-09-07,0.267,0.1
12,Guangzhou,2024-09-08,0.2044,1.14
12,Guangzhou,2024-09-09,0.2217,1.75
12,Guangzhou,2024-09-10,0.1665,2.24
12,Guangzhou,2024-09-11,0.1012,0.85
12,Guangzhou,2024-09-12,0.071,0.72
12,Guangzhou,2024-09-13,0.1116,0.53
12,Guangzhou,2024-09-14,0.1059,2.73
12,Guangzhou,2024-09-15,0.1323,0.71
12,Guangzhou,2024-09-16,0.2421,3.7
12,Guangzhou,2024-09-17,0.2547,6.93
12,Guangzhou,2024-09-18,0.1835,0.74
12,Guangzhou,2024-09-19,0.2479,8.02
12,Guangzhou,2024-09-20,0.2668,3.41
12,Guangzhou,2024-09-21,0.2751,0.67
12,Guangzhou,2024-09-22,0.2898,4.45
12,Guangzhou,2024-09-23,0.3338,4.64
12,Guangzhou,2024-09-24,0.4269,7.22
12,Guangzhou,2024-09-25,0.3928,1.05
12,Guangzhou,2024-09-26,0.43,1.33
12,Guangzhou,2024-09-27,0.4352,1.57
12,Guangzhou,2024-09-28,0.4139,9.41
12,Guangzhou,2024-09-29,0.371,7.01
12,Guangzhou,2024-09-30,0.3014,1.61
12,Guangzhou,2024-10-01,0.3264,1.73
12,Guangzhou,2024-10-02,0.3552,8.99
12,Guangzhou,2024-10-03,0.1719,12.11
12,Guangzhou,2024-10-04,0.2042,3.68
12,Guangzhou,2024-10-05,0.2113,4.48
12,Guangzhou,2024-10-06,0.2104,1.92
12,Guangzhou,2024-10-07,0.2773,5.88
12,Guangzhou,2024-10-08,0.2457,0.73
12,Guangzhou,2024-10-09,0.2525,2.55
12,Guangzhou,2024-10-10,0.3521,0.05
12,Guangzhou,2024-10-11,0.2655,4.15
12,Guangzhou,2024-10-12,0.29,6.0
12,Guangzhou,2024-10-13,0.2607,4.15
12,Guangzhou,2024-10-14,0.2644,3.75
12,Guangzhou,2024-10-15,0.3365,2.5
12,Guangzhou,2024-10-16,0.3257,0.89
12,Guangzhou,2024-10-17,0.3003,0.76
12,Guangzhou,2024-10-18,0.3277,0.56
12,Guangzhou,2024-10-19,0.2471,0.28
12,Guangzhou,2024-10-20,0.3184,1.65
12,Guangzhou,2024-10-21,0.3782,19.63
12,Guangzhou,2024-10-22,0.3191,1.13
12,Guangzhou,2024-10-23,0.2773,3.65
12,Guangzhou,2024-10-24,0.2728,2.87
12,Guangzhou,2024-10-25,0.3485,3.13
12,Guangzhou,2024-10-26,0.278,0.78
12,Guangzhou,2024-10-27,0.2207,4.47
12,Guangzhou,2024-10-28,0.2931,0.17
12,Guangzhou,2024-10-29,0.2496,0.3
12,Guangzhou,2024-10-30,0.224,0.2
12,Guangzhou,2024-10-31,0.2418,5.3
12,Guangzhou,2024-11-01,0.1734,5.27
12,Guangzhou,2024-11-02,0.2286,2.07
12,Guangzhou,2024-11-03,0.1864,2.34
12,Guangzhou,2024-11-04,0.3457,1.74
12,Guangzhou,2024-11-05,0.441,1.73
12,Guangzhou,2024-11-06,0.4977,11.38
12,Guangzhou,2024-11-07,0.4171,0.55
12,Guangzhou,2024-11-08,0.3593,0.22
12,Guangzhou,2024-11-09,0.3273,1.01
12,Guangzhou,2024-11-10,0.364,9.12
12,Guangzhou,2024-11-11,0.4347,0.63
12,Guangzhou,2024-11-12,0.3974,0.69
12,Guangzhou,2024-11-13,0.2288,1.02
12,Guangzhou,2024-11-14,0.2355,0.58
12,Guangzhou,2024-11-15,0.1695,1.48
12,Guangzhou,2024-11-16,0.1908,4.63
12,Guangzhou,2024-11-17,0.1922,0.03
12,Guangzhou,2024-11-18,0.1729,0.39
12,Guangzhou,2024-11-19,0.2843,0.21
12,Guangzhou,2024-11-20,0.2806,3.74
12,Guangzhou,2024-11-21,0.3146,1.08
12,Guangzhou,2024-11-22,0.3958,3.42
12,Guangzhou,2024-11-23,0.3278,0.44
12,Guangzhou,2024-11-24,0.3296,1.14
12,Guangzhou,2024-11-25,0.2691,2.9
12,Guangzhou,2024-11-26,0.2553,4.17
12,Guangzhou,2024-11-27,0.2067,0.27
12,Guangzhou,2024-11-28,0.2015,0.61
12,Guangzhou,2024-11-29,0.2237,4.55
12,Guangzhou,2024-11-30,0.1747,1.07
12,Guangzhou,2024-12-01,0.2346,2.37
12,Guangzhou,2024-12-02,0.3021,1.21
12,Guangzhou,2024-12-03,0.2843,1.36
12,Guangzhou,2024-12-04,0.4288,9.52
12,Guangzhou,2024-12-05,0.3349,0.11
12,Guangzhou,2024-12-06,0.2746,0.38
12,Guangzhou,2024-12-07,0.3548,0.62
12,Guangzhou,2024-12-08,0.3922,3.43
12,Guangzhou,2024-12-09,0.4792,9.38
12,Guangzhou,2024-12-10,0.5339,6.92
12,Guangzhou,2024-12-11,0.5789,7.77
12,Guangzhou,2024-12-12,0.4862,27.65
12,Guangzhou,2024-12-13,0.4751,1.51
12,Guangzhou,2024-12-14,0.4863,0.2
12,Guangzhou,2024-12-15,0.3737,0.73
12,Guangzhou,2024-12-16,0.3524,0.62
12,Guangzhou,2024-12-17,0.4431,1.55
12,Guangzhou,2024-12-18,0.3455,3.96
12,Guangzhou,2024-12-19,0.36,2.3
12,Guangzhou,2024-12-20,0.3759,3.66
12,Guangzhou,2024-12-21,0.3841,1.49
12,Guangzhou,2024-12-22,0.2892,1.34
12,Guangzhou,2024-12-23,0.3501,2.3
12,Guangzhou,2024-12-24,0.2321,3.25
12,Guangzhou,2024-12-25,0.2101,5.27
12,Guangzhou,2024-12-26,0.2031,0.17
12,Guangzhou,2024-12-27,0.2484,2.05
12,Guangzhou,2024-12-28,0.3172,5.62
12,Guangzhou,2024-12-29,0.2527,3.1
12,Guangzhou,2024-12-30,0.3431,1.53
12,Guangzhou,2024-12-31,0.4128,2.08
12,Guangzhou,2025-01-01,0.3448,15.79
12,Guangzhou,2025-01-02,0.2296,0.35
12,Guangzhou,2025-01-03,0.238,1.6
12,Guangzhou,2025-01-04,0.3047,3.14
12,Guangzhou,2025-01-05,0.3693,1.29
12,Guangzhou,2025-01-06,0.3475,1.02
12,Guangzhou,2025-01-07,0.3407,7.75
12,Guangzhou,2025-01-08,0.3695,0.75
12,Guangzhou,2025-01-09,0.411,0.41
12,Guangzhou,2025-01-10,0.4616,0.97
12,Guangzhou,2025-01-11,0.5171,2.96
12,Guangzhou,2025-01-12,0.5285,5.0
12,Guangzhou,2025-01-13,0.5283,1.84
12,Guangzhou,2025-01-14,0.5064,0.56
12,Guangzhou,2025-01-15,0.485,3.47
12,Guangzhou,2025-01-16,0.4934,7.19
12,Guangzhou,2025-01-17,0.4046,3.87
12,Guangzhou,2025-01-18,0.3462,10.29
12,Guangzhou,2025-01-19,0.3516,0.7
12,Guangzhou,2025-01-20,0.4277,1.83
12,Guangzhou,2025-01-21,0.4586,4.5
12,Guangzhou,2025-01-22,0.2876,3.27
12,Guangzhou,2025-01-23,0.3516,0.62
12,Guangzhou,2025-01-24,0.3738,4.3
12,Guangzhou,2025-01-25,0.264,0.7
12,Guangzhou,2025-01-26,0.2175,2.86
12,Guangzhou,2025-01-27,0.1604,1.17
12,Guangzhou,2025-01-28,0.1873,0.51
12,Guangzhou,2025-01-29,0.1675,0.05
12,Guangzhou,2025-01-30,0.1433,0.74
12,Guangzhou,2025-01-31,0.3176,4.77
12,Guangzhou,2025-02-01,0.3394,1.67
12,Guangzhou,2025-02-02,0.3855,4.09
12,Guangzhou,2025-02-03,0.3911,3.98
12,Guangzhou,2025-02-04,0.3725,1.84
12,Guangzhou,2025-02-05,0.3492,0.78
12,Guangzhou,2025-02-06,0.3908,9.77
12,Guangzhou,2025-02-07,0.4567,5.11
12,Guangzhou,2025-02-08,0.4352,10.69
12,Guangzhou,2025-02-09,0.3574,3.51
12,Guangzhou,2025-02-10,0.4626,5.18
12,Guangzhou,2025-02-11,0.4405,1.67
12,Guangzhou,2025-02-12,0.3049,3.39
12,Guangzhou,2025-02-13,0.443,2.96
12,Guangzhou,2025-02-14,0.4681,1.37
12,Guangzhou,2025-02-15,0.4436,4.99
12,Guangzhou,2025-02-16,0.3051,3.17
12,Guangzhou,2025-02-17,0.3833,0.21
12,Guangzhou,2025-02-18,0.2799,2.7
12,Guangzhou,2025-02-19,0.3802,1.52
12,Guangzhou,2025-02-20,0.2262,0.13
12,Guangzhou,2025-02-21,0.3053,1.79
12,Guangzhou,2025-02-22,0.3859,0.23
12,Guangzhou,2025-02-23,0.3802,3.63
12,Guangzhou,2025-02-24,0.4081,0.45
12,Guangzhou,2025-02-25,0.4035,3.26
12,Guangzhou,2025-02-26,0.2752,0.19
12,Guangzhou,2025-02-27,0.2348,2.36
12,Guangzhou,2025-02-28,0.2797,1.54
12,Guangzhou,2025-03-01,0.3239,2.58
12,Guangzhou,2025-03-02,0.3636,1.68
12,Guangzhou,2025-03-03,0.3251,0.93
12,Guangzhou,2025-03-04,0.3584,1.52
12,Guangzhou,2025-03-05,0.3837,1.13
12,Guangzhou,2025-03-06,0.2405,0.35
12,Guangzhou,2025-03-07,0.175,0.45
12,Guangzhou,2025-03-08,0.2357,0.98
12,Guangzhou,2025-03-09,0.2333,2.69
12,Guangzhou,2025-03-10,0.3392,9.24
12,Guangzhou,2025-03-11,0.4416,0.73
12,Guangzhou,2025-03-12,0.4912,21.76
12,Guangzhou,2025-03-13,0.4281,1.68
12,Guangzhou,2025-03-14,0.4074,2.56
12,Guangzhou,2025-03-15,0.3785,11.19
12,Guangzhou,2025-03-16,0.3939,5.45
12,Guangzhou,2025-03-17,0.4856,2.43
12,Guangzhou,2025-03-18,0.3508,5.18
12,Guangzhou,2025-03-19,0.3426,1.35
12,Guangzhou,2025-03-20,0.3835,0.17
12,Guangzhou,2025-03-21,0.4705,10.03
12,Guangzhou,2025-03-22,0.5166,1.28
12,Guangzhou,2025-03-23,0.3781,4.79
12,Guangzhou,2025-03-24,0.2945,1.57
12,Guangzhou,2025-03-25,0.3146,11.24
12,Guangzhou,2025-03-26,0.4079,1.39
12,Guangzhou,2025-03-27,0.4014,3.74
12,Guangzhou,2025-03-28,0.4082,0.01
12,Guangzhou,2025-03-29,0.3138,4.34
12,Guangzhou,2025-03-30,0.2601,1.64
12,Guangzhou,2025-03-31,0.2396,0.53
12,Guangzhou,2025-04-01,0.2215,0.55
12,Guangzhou,2025-04-02,0.1831,0.44
12,Guangzhou,2025-04-03,0.2231,0.8
12,Guangzhou,2025-04-04,0.329,0.94
12,Guangzhou,2025-04-05,0.2986,3.16
12,Guangzhou,2025-04-06,0.2575,0.84
12,Guangzhou,2025-04-07,0.2576,0.64
12,Guangzhou,2025-04-08,0.3588,4.85
12,Guangzhou,2025-04-09,0.2751,1.03
12,Guangzhou,2025-04-10,0.2776,1.49
12,Guangzhou,2025-04-11,0.2328,0.16
12,Guangzhou,2025-04-12,0.1162,3.45
12,Guangzhou,2025-04-13,0.1027,2.8
12,Guangzhou,2025-04-14,0.1608,0.36
12,Guangzhou,2025-04-15,0.1124,0.84
12,Guangzhou,2025-04-16,0.0648,0.27
12,Guangzhou,2025-04-17,0.0096,0.87
12,Guangzhou,2025-04-18,0.0477,0.34
12,Guangzhou,2025-04-19,0.0563,1.71
12,Guangzhou,2025-04-20,0.1617,1.64
12,Guangzhou,2025-04-21,0.2606,0.27
12,Guangzhou,2025-04-22,0.2513,1.17
12,Guangzhou,2025-04-23,0.1691,0.67
12,Guangzhou,2025-04-24,0.1022,0.5
12,Guangzhou,2025-04-25,0.1754,3.59
12,Guangzhou,2025-04-26,0.3157,2.23
12,Guangzhou,2025-04-27,0.2895,3.44
12,Guangzhou,2025-04-28,0.216,0.3
12,Guangzhou,2025-04-29,0.2561,3.22
12,Guangzhou,2025-04-30,0.3207,0.77
12,Guangzhou,2025-05-01,0.3273,1.2
12,Guangzhou,2025-05-02,0.3397,3.78
12,Guangzhou,2025-05-03,0.2783,0.34
12,Guangzhou,2025-05-04,0.2153,4.01
12,Guangzhou,2025-05-05,0.2813,3.9
12,Guangzhou,2025-05-06,0.2186,0.07
12,Guangzhou,2025-05-07,0.2379,0.15
12,Guangzhou,2025-05-08,0.1861,1.33
12,Guangzhou,2025-05-09,0.2754,1.84
12,Guangzhou,2025-05-10,0.2433,2.55
12,Guangzhou,2025-05-11,0.2327,4.41
12,Guangzhou,2025-05-12,0.2972,1.61
12,Guangzhou,2025-05-13,0.3581,0.63
12,Guangzhou,2025-05-14,0.3865,4.95
12,Guangzhou,2025-05-15,0.3712,3.34
12,Guangzhou,2025-05-16,0.3851,7.94
12,Guangzhou,2025-05-17,0.2975,1.14
12,Guangzhou,2025-05-18,0.2719,7.62
12,Guangzhou,2025-05-19,0.3911,0.61
12,Guangzhou,2025-05-20,0.3771,1.0
12,Guangzhou,2025-05-21,0.3123,2.57
12,Guangzhou,2025-05-22,0.346,0.91
12,Guangzhou,2025-05-23,0.3708,2.52
12,Guangzhou,2025-05-24,0.2373,4.05
12,Guangzhou,2025-05-25,0.1827,1.06
12,Guangzhou,2025-05-26,0.1541,1.45
12,Guangzhou,2025-05-27,0.0988,1.65
12,Guangzhou,2025-05-28,0.0732,1.22
12,Guangzhou,2025-05-29,0.1275,1.65
12,Guangzhou,2025-05-30,0.1097,1.11
12,Guangzhou,2025-05-31,0.0415,0.78
12,Guangzhou,2025-06-01,0.1061,1.78
12,Guangzhou,2025-06-02,0.1512,0.47
12,Guangzhou,2025-06-03,0.2095,0.21
12,Guangzhou,2025-06-04,0.2174,4.46
12,Guangzhou,2025-06-05,0.4398,3.63
12,Guangzhou,2025-06-06,0.4329,2.91
12,Guangzhou,2025-06-07,0.3559,1.61
12,Guangzhou,2025-06-08,0.3532,7.64
12,Guangzhou,2025-06-09,0.3566,0.76
12,Guangzhou,2025-06-10,0.359,3.0
12,Guangzhou,2025-06-11,0.3222,2.15
12,Guangzhou,2025-06-12,0.3811,0.16
12,Guangzhou,2025-06-13,0.4661,0.53
12,Guangzhou,2025-06-14,0.3996,5.33
12,Guangzhou,2025-06-15,0.4196,8.76
12,Guangzhou,2025-06-16,0.488,1.21
12,Guangzhou,2025-06-17,0.5174,16.19
12,Guangzhou,2025-06-18,0.3977,9.39
12,Guangzhou,2025-06-19,0.4004,3.11
12,Guangzhou,2025-06-20,0.3452,0.51
12,Guangzhou,2025-06-21,0.2984,1.55
12,Guangzhou,2025-06-22,0.2936,2.43
12,Guangzhou,2025-06-23,0.2865,3.31
12,Guangzhou,2025-06-24,0.2782,0.9
12,Guangzhou,2025-06-25,0.3213,5.36
12,Guangzhou,2025-06-26,0.3263,1.31
12,Guangzhou,2025-06-27,0.3144,3.81
12,Guangzhou,2025-06-28,0.3127,0.08
12,Guangzhou,2025-06-29,0.3134,1.63
12,Guangzhou,2025-06-30,0.3755,0.25
12,Guangzhou,2025-07-01,0.2985,2.07
12,Guangzhou,2025-07-02,0.2714,0.57
12,Guangzhou,2025-07-03,0.2652,2.08
12,Guangzhou,2025-07-04,0.3836,0.18
12,Guangzhou,2025-07-05,0.316,7.25
12,Guangzhou,2025-07-06,0.3198,0.45
12,Guangzhou,2025-07-07,0.3169,13.41
12,Guangzhou,2025-07-08,0.2428,2.15
12,Guangzhou,2025-07-09,0.2636,1.77
12,Guangzhou,2025-07-10,0.2226,3.23
12,Guangzhou,2025-07-11,0.311,2.63
12,Guangzhou,2025-07-12,0.2507,2.47
12,Guangzhou,2025-07-13,0.2402,1.94
12,Guangzhou,2025-07-14,0.2923,5.68
12,Guangzhou,2025-07-15,0.2821,2.28
12,Guangzhou,2025-07-16,0.1891,3.69
12,Guangzhou,2025-07-17,0.1122,1.46
12,Guangzhou,2025-07-18,0.1833,0.3
12,Guangzhou,2025-07-19,0.2617,0.43
12,Guangzhou,2025-07-20,0.1806,0.13
12,Guangzhou,2025-07-21,0.0829,2.73
12,Guangzhou,2025-07-22,0.123,2.23
12,Guangzhou,2025-07-23,0.1678,0.19
12,Guangzhou,2025-07-24,0.2226,0.24
12,Guangzhou,2025-07-25,0.2748,1.28
12,Guangzhou,2025-07-26,0.3085,3.07
12,Guangzhou,2025-07-27,0.4138,0.16
12,Guangzhou,2025-07-28,0.3913,4.62
12,Guangzhou,2025-07-29,0.4394,1.05
12,Guangzhou,2025-07-30,0.5221,2.12
12,Guangzhou,2025-07-31,0.4911,14.19
12,Guangzhou,2025-08-01,0.4749,1.56
12,Guangzhou,2025-08-02,0.4082,3.05
12,Guangzhou,2025-08-03,0.305,2.58
12,Guangzhou,2025-08-04,0.1502,2.05
12,Guangzhou,2025-08-05,0.2259,1.65
12,Guangzhou,2025-08-06,0.1967,1.17
12,Guangzhou,2025-08-07,0.1886,1.41
12,Guangzhou,2025-08-08,0.1619,1.98
12,Guangzhou,2025-08-09,0.1583,1.6
12,Guangzhou,2025-08-10,0.2301,0.52
12,Guangzhou,2025-08-11,0.2292,0.35
12,Guangzhou,2025-08-12,0.3403,1.14
12,Guangzhou,2025-08-13,0.3117,1.07
12,Guangzhou,2025-08-14,0.3062,4.57
12,Guangzhou,2025-08-15,0.3853,0.25
12,Guangzhou,2025-08-16,0.4169,5.2
12,Guangzhou,2025-08-17,0.446,15.99
12,Guangzhou,2025-08-18,0.6115,6.91
12,Guangzhou,2025-08-19,0.6156,9.92
12,Guangzhou,2025-08-20,0.5764,5.43
12,Guangzhou,2025-08-21,0.5855,2.24
12,Guangzhou,2025-08-22,0.5214,3.33
12,Guangzhou,2025-08-23,0.4959,4.39
12,Guangzhou,2025-08-24,0.5951,1.29
12,Guangzhou,2025-08-25,0.5654,2.01
12,Guangzhou,2025-08-26,0.5679,10.73
12,Guangzhou,2025-08-27,0.4911,21.59
12,Guangzhou,2025-08-28,0.4059,1.6
12,Guangzhou,2025-08-29,0.3821,1.12
12,Guangzhou,2025-08-30,0.4638,4.63
12,Guangzhou,2025-08-31,0.4584,2.28
12,Guangzhou,2025-09-01,0.4533,2.41
12,Guangzhou,2025-09-02,0.4088,0.73
12,Guangzhou,2025-09-03,0.3708,8.71
12,Guangzhou,2025-09-04,0.3603,0.53
12,Guangzhou,2025-09-05,0.3206,12.25
12,Guangzhou,2025-09-06,0.3381,0.31
12,Guangzhou,2025-09-07,0.3875,6.92
12,Guangzhou,2025-09-08,0.4007,13.28
12,Guangzhou,2025-09-09,0.2989,3.46
12,Guangzhou,2025-09-10,0.3038,7.32
12,Guangzhou,2025-09-11,0.2186,1.22
12,Guangzhou,2025-09-12,0.161,3.12
12,Guangzhou,2025-09-13,0.2097,0.25
12,Guangzhou,2025-09-14,0.0682,1.4
12,Guangzhou,2025-09-15,0.1351,5.88
12,Guangzhou,2025-09-16,0.1962,0.21
12,Guangzhou,2025-09-17,0.3274,0.74
12,Guangzhou,2025-09-18,0.2124,0.63
12,Guangzhou,2025-09-19,0.2201,0.97
12,Guangzhou,2025-09-20,0.1704,0.2
12,Guangzhou,2025-09-21,0.205,0.36
12,Guangzhou,2025-09-22,0.1863,1.2
12,Guangzhou,2025-09-23,0.3224,2.54
12,Guangzhou,2025-09-24,0.2509,2.16
12,Guangzhou,2025-09-25,0.2519,9.21
12,Guangzhou,2025-09-26,0.3146,0.12
12,Guangzhou,2025-09-27,0.3347,2.02
12,Guangzhou,2025-09-28,0.3057,1.22
12,Guangzhou,2025-09-29,0.234,2.76
12,Guangzhou,2025-09-30,0.2155,0.51
12,Guangzhou,2025-10-01,0.121,1.8
12,Guangzhou,2025-10-02,0.1266,0.39
12,Guangzhou,2025-10-03,0.1851,2.37
12,Guangzhou,2025-10-04,0.157,2.13
12,Guangzhou,2025-10-05,0.1364,0.64
12,Guangzhou,2025-10-06,0.1172,0.49
12,Guangzhou,2025-10-07,0.2883,0.42
12,Guangzhou,2025-10-08,0.3125,4.09
12,Guangzhou,2025-10-09,0.2269,1.32
12,Guangzhou,2025-10-10,0.1903,0.46
12,Guangzhou,2025-10-11,0.2202,2.13
12,Guangzhou,2025-10-12,0.1021,1.53
12,Guangzhou,2025-10-13,0.1064,0.71
12,Guangzhou,2025-10-14,0.1704,0.57
12,Guangzhou,2025-10-15,0.2332,0.9
12,Guangzhou,2025-10-16,0.2476,4.88
12,Guangzhou,2025-10-17,0.2723,1.98
12,Guangzhou,2025-10-18,0.3603,1.32
12,Guangzhou,2025-10-19,0.2755,0.7
12,Guangzhou,2025-10-20,0.2667,1.03
12,Guangzhou,2025-10-21,0.3608,4.94
12,Guangzhou,2025-10-22,0.3366,0.51
12,Guangzhou,2025-10-23,0.3529,8.94
12,Guangzhou,2025-10-24,0.3725,0.79
12,Guangzhou,2025-10-25,0.5214,10.75
12,Guangzhou,2025-10-26,0.4529,5.52
12,Guangzhou,2025-10-27,0.5225,9.98
12,Guangzhou,2025-10-28,0.3793,0.98
12,Guangzhou,2025-10-29,0.3762,0.6
12,Guangzhou,2025-10-30,0.4263,11.26
12,Guangzhou,2025-10-31,0.4842,7.48
12,Guangzhou,2025-11-01,0.4837,17.43
12,Guangzhou,2025-11-02,0.4994,18.73
12,Guangzhou,2025-11-03,0.4658,3.18
12,Guangzhou,2025-11-04,0.4844,4.53
12,Guangzhou,2025-11-05,0.5712,6.72
12,Guangzhou,2025-11-06,0.4901,0.06
12,Guangzhou,2025-11-07,0.5865,3.3
12,Guangzhou,2025-11-08,0.5498,21.95
12,Guangzhou,2025-11-09,0.5348,4.74
12,Guangzhou,2025-11-10,0.3887,9.17
12,Guangzhou,2025-11-11,0.2951,1.51
12,Guangzhou,2025-11-12,0.2828,11.22
12,Guangzhou,2025-11-13,0.3446,1.3
12,Guangzhou,2025-11-14,0.3266,7.87
12,Guangzhou,2025-11-15,0.2692,4.06
12,Guangzhou,2025-11-16,0.2333,2.97
12,Guangzhou,2025-11-17,0.3952,0.97
12,Guangzhou,2025-11-18,0.4351,6.37
12,Guangzhou,2025-11-19,0.3944,14.22
12,Guangzhou,2025-11-20,0.3733,0.75
12,Guangzhou,2025-11-21,0.2532,0.06
12,Guangzhou,2025-11-22,0.1881,2.3
12,Guangzhou,2025-11-23,0.1315,0.21
12,Guangzhou,2025-11-24,0.1665,7.83
12,Guangzhou,2025-11-25,0.2474,3.67
12,Guangzhou,2025-11-26,0.2243,8.18
12,Guangzhou,2025-11-27,0.1537,0.56
12,Guangzhou,2025-11-28,0.1669,1.72
12,Guangzhou,2025-11-29,0.1537,0.8
12,Guangzhou,2025-11-30,0.1497,0.0
12,Guangzhou,2025-12-01,0.1916,0.37
12,Guangzhou,2025-12-02,0.2234,2.45
12,Guangzhou,2025-12-03,0.1611,0.44
12,Guangzhou,2025-12-04,0.2536,0.1
12,Guangzhou,2025-12-05,0.2271,2.46
12,Guangzhou,2025-12-06,0.249,0.29
12,Guangzhou,2025-12-07,0.1809,0.96
12,Guangzhou,2025-12-08,0.1638,0.3
12,Guangzhou,2025-12-09,0.237,0.9
12,Guangzhou,2025-12-10,0.2811,1.0
12,Guangzhou,2025-12-11,0.3455,5.4
12,Guangzhou,2025-12-12,0.4227,1.2
12,Guangzhou,2025-12-13,0.2798,1.98
12,Guangzhou,2025-12-14,0.3047,1.74
12,Guangzhou,2025-12-15,0.3435,3.76
12,Guangzhou,2025-12-16,0.2643,1.25
12,Guangzhou,2025-12-17,0.214,1.73
12,Guangzhou,2025-12-18,0.1506,1.87
12,Guangzhou,2025-12-19,0.2175,0.75
12,Guangzhou,2025-12-20,0.2781,1.67
12,Guangzhou,2025-12-21,0.2717,2.27
12,Guangzhou,2025-12-22,0.1934,0.45
12,Guangzhou,2025-12-23,0.1835,0.51
12,Guangzhou,2025-12-24,0.0907,3.33
12,Guangzhou,2025-12-25,0.2429,7.44
12,Guangzhou,2025-12-26,0.3318,0.43
12,Guangzhou,2025-12-27,0.3715,1.72
12,Guangzhou,2025-12-28,0.2619,5.16
12,Guangzhou,2025-12-29,0.3549,2.7
12,Guangzhou,2025-12-30,0.3525,1.12
12,Guangzhou,2025-12-31,0.323,1.43
13,Mumbai,2023-01-01,0.6417,4.54
13,Mumbai,2023-01-02,0.64,15.65
13,Mumbai,2023-01-03,0.6314,11.29
13,Mumbai,2023-01-04,0.6411,3.66
13,Mumbai,2023-01-05,0.6104,0.36
13,Mumbai,2023-01-06,0.6299,3.39
13,Mumbai,2023-01-07,0.5643,7.99
13,Mumbai,2023-01-08,0.4871,0.33
13,Mumbai,2023-01-09,0.5677,5.58
13,Mumbai,2023-01-10,0.4961,20.51
13,Mumbai,2023-01-11,0.5719,12.17
13,Mumbai,2023-01-12,0.4931,0.66
13,Mumbai,2023-01-13,0.5098,1.76
13,Mumbai,2023-01-14,0.5312,1.03
13,Mumbai,2023-01-15,0.581,4.96
13,Mumbai,2023-01-16,0.6065,5.99
13,Mumbai,2023-01-17,0.703,9.12
13,Mumbai,2023-01-18,0.5658,13.09
13,Mumbai,2023-01-19,0.4117,1.31
13,Mumbai,2023-01-20,0.3452,0.94
13,Mumbai,2023-01-21,0.2548,1.16
13,Mumbai,2023-01-22,0.1921,0.88
13,Mumbai,2023-01-23,0.2191,2.45
13,Mumbai,2023-01-24,0.2049,5.47
13,Mumbai,2023-01-25,0.1984,0.1
13,Mumbai,2023-01-26,0.1457,0.09
13,Mumbai,2023-01-27,0.2021,0.89
13,Mumbai,2023-01-28,0.2686,0.19
13,Mumbai,2023-01-29,0.251,0.36
13,Mumbai,2023-01-30,0.2876,2.33
13,Mumbai,2023-01-31,0.3551,4.55
13,Mumbai,2023-02-01,0.4054,2.02
13,Mumbai,2023-02-02,0.3717,5.8
13,Mumbai,2023-02-03,0.4731,1.42
13,Mumbai,2023-02-04,0.4411,5.88
13,Mumbai,2023-02-05,0.469,1.39
13,Mumbai,2023-02-06,0.4253,9.21
13,Mumbai,2023-02-07,0.3708,1.96
13,Mumbai,2023-02-08,0.2964,0.76
13,Mumbai,2023-02-09,0.3015,1.1
13,Mumbai,2023-02-10,0.3084,0.33
13,Mumbai,2023-02-11,0.268,4.58
13,Mumbai,2023-02-12,0.2946,1.36
13,Mumbai,2023-02-13,0.399,0.43
13,Mumbai,2023-02-14,0.3851,8.16
13,Mumbai,2023-02-15,0.3956,0.74
13,Mumbai,2023-02-16,0.3869,4.92
13,Mumbai,2023-02-17,0.3561,3.26
13,Mumbai,2023-02-18,0.3294,4.47
13,Mumbai,2023-02-19,0.4168,9.74
13,Mumbai,2023-02-20,0.4274,0.08
13,Mumbai,2023-02-21,0.5386,5.71
13,Mumbai,2023-02-22,0.4881,3.14
13,Mumbai,2023-02-23,0.4303,3.46
13,Mumbai,2023-02-24,0.5778,12.89
13,Mumbai,2023-02-25,0.6351,17.24
13,Mumbai,2023-02-26,0.5679,4.09
13,Mumbai,2023-02-27,0.5741,8.24
13,Mumbai,2023-02-28,0.4195,4.71
13,Mumbai,2023-03-01,0.4535,0.52
13,Mumbai,2023-03-02,0.4088,18.44
13,Mumbai,2023-03-03,0.427,3.08
13,Mumbai,2023-03-04,0.3478,4.39
13,Mumbai,2023-03-05,0.4209,0.18
13,Mumbai,2023-03-06,0.4108,2.36
13,Mumbai,2023-03-07,0.428,0.56
13,Mumbai,2023-03-08,0.4125,0.5
13,Mumbai,2023-03-09,0.4964,5.58
13,Mumbai,2023-03-10,0.56,6.07
13,Mumbai,2023-03-11,0.5426,5.77
13,Mumbai,2023-03-12,0.5085,4.21
13,Mumbai,2023-03-13,0.4654,4.45
13,Mumbai,2023-03-14,0.3522,2.47
13,Mumbai,2023-03-15,0.2733,3.04
13,Mumbai,2023-03-16,0.3022,7.45
13,Mumbai,2023-03-17,0.3879,1.29
13,Mumbai,2023-03-18,0.4537,1.88
13,Mumbai,2023-03-19,0.4408,6.0
13,Mumbai,2023-03-20,0.4747,10.61
13,Mumbai,2023-03-21,0.4329,20.27
13,Mumbai,2023-03-22,0.4016,0.12
13,Mumbai,2023-03-23,0.4371,3.0
13,Mumbai,2023-03-24,0.4152,0.3
13,Mumbai,2023-03-25,0.4217,1.28
13,Mumbai,2023-03-26,0.4228,13.15
13,Mumbai,2023-03-27,0.454,5.23
13,Mumbai,2023-03-28,0.4387,3.7
13,Mumbai,2023-03-29,0.4966,4.11
13,Mumbai,2023-03-30,0.5129,5.08
13,Mumbai,2023-03-31,0.5457,13.06
13,Mumbai,2023-04-01,0.566,0.23
13,Mumbai,2023-04-02,0.5157,3.19
13,Mumbai,2023-04-03,0.6028,1.49
13,Mumbai,2023-04-04,0.6394,23.23
13,Mumbai,2023-04-05,0.5782,3.68
13,Mumbai,2023-04-06,0.5584,6.99
13,Mumbai,2023-04-07,0.5519,2.51
13,Mumbai,2023-04-08,0.5706,9.52
13,Mumbai,2023-04-09,0.5695,6.52
13,Mumbai,2023-04-10,0.5243,1.17
13,Mumbai,2023-04-11,0.4978,6.14
13,Mumbai,2023-04-12,0.5647,3.61
13,Mumbai,2023-04-13,0.523,9.54
13,Mumbai,2023-04-14,0.5925,3.34
13,Mumbai,2023-04-15,0.662,10.82
13,Mumbai,2023-04-16,0.6261,0.57
13,Mumbai,2023-04-17,0.7143,35.98
13,Mumbai,2023-04-18,0.6077,9.65
13,Mumbai,2023-04-19,0.5914,1.63
13,Mumbai,2023-04-20,0.5904,8.16
13,Mumbai,2023-04-21,0.5628,14.06
13,Mumbai,2023-04-22,0.5144,6.59
13,Mumbai,2023-04-23,0.5292,0.11
13,Mumbai,2023-04-24,0.5602,10.01
13,Mumbai,2023-04-25,0.566,9.17
13,Mumbai,2023-04-26,0.7112,41.71
13,Mumbai,2023-04-27,0.6593,16.63
13,Mumbai,2023-04-28,0.577,1.35
13,Mumbai,2023-04-29,0.506,10.43
13,Mumbai,2023-04-30,0.4852,2.8
13,Mumbai,2023-05-01,0.4256,2.05
13,Mumbai,2023-05-02,0.4328,0.88
13,Mumbai,2023-05-03,0.5125,4.71
13,Mumbai,2023-05-04,0.5939,2.37
13,Mumbai,2023-05-05,0.5986,8.07
13,Mumbai,2023-05-06,0.6052,12.36
13,Mumbai,2023-05-07,0.6344,0.21
13,Mumbai,2023-05-08,0.809,8.35
13,Mumbai,2023-05-09,0.7608,5.21
13,Mumbai,2023-05-10,0.661,3.46
13,Mumbai,2023-05-11,0.6064,1.67
13,Mumbai,2023-05-12,0.5607,0.01
13,Mumbai,2023-05-13,0.5605,2.4
13,Mumbai,2023-05-14,0.5835,5.02
13,Mumbai,2023-05-15,0.6003,16.19
13,Mumbai,2023-05-16,0.5267,5.29
13,Mumbai,2023-05-17,0.4705,0.51
13,Mumbai,2023-05-18,0.5141,1.63
13,Mumbai,2023-05-19,0.4955,3.37
13,Mumbai,2023-05-20,0.6341,28.3
13,Mumbai,2023-05-21,0.5441,0.5
13,Mumbai,2023-05-22,0.5016,2.87
13,Mumbai,2023-05-23,0.4294,3.43
13,Mumbai,2023-05-24,0.496,0.96
13,Mumbai,2023-05-25,0.464,1.08
13,Mumbai,2023-05-26,0.4599,1.12
13,Mumbai,2023-05-27,0.5587,4.17
13,Mumbai,2023-05-28,0.381,4.78
13,Mumbai,2023-05-29,0.4379,3.97
13,Mumbai,2023-05-30,0.4136,4.8
13,Mumbai,2023-05-31,0.5581,2.06
13,Mumbai,2023-06-01,0.5058,3.21
13,Mumbai,2023-06-02,0.4727,2.73
13,Mumbai,2023-06-03,0.501,6.84
13,Mumbai,2023-06-04,0.505,3.33
13,Mumbai,2023-06-05,0.5635,2.26
13,Mumbai,2023-06-06,0.5163,5.83
13,Mumbai,2023-06-07,0.4622,0.95
13,Mumbai,2023-06-08,0.3951,2.32
13,Mumbai,2023-06-09,0.438,10.38
13,Mumbai,2023-06-10,0.4403,10.49
13,Mumbai,2023-06-11,0.4532,5.09
13,Mumbai,2023-06-12,0.63,6.22
13,Mumbai,2023-06-13,0.6916,2.59
13,Mumbai,2023-06-14,0.6504,0.07
13,Mumbai,2023-06-15,0.5892,9.16
13,Mumbai,2023-06-16,0.6672,4.43
13,Mumbai,2023-06-17,0.677,1.56
13,Mumbai,2023-06-18,0.6595,5.18
13,Mumbai,2023-06-19,0.7059,3.61
13,Mumbai,2023-06-20,0.6062,5.17
13,Mumbai,2023-06-21,0.6274,29.1
13,Mumbai,2023-06-22,0.564,8.09
13,Mumbai,2023-06-23,0.563,7.59
13,Mumbai,2023-06-24,0.5845,5.41
13,Mumbai,2023-06-25,0.6141,0.93
13,Mumbai,2023-06-26,0.4993,2.53
13,Mumbai,2023-06-27,0.5802,0.59
13,Mumbai,2023-06-28,0.6124,6.49
13,Mumbai,2023-06-29,0.5346,4.67
13,Mumbai,2023-06-30,0.5209,2.42
13,Mumbai,2023-07-01,0.517,7.79
13,Mumbai,2023-07-02,0.4777,13.28
13,Mumbai,2023-07-03,0.4275,2.06
13,Mumbai,2023-07-04,0.3688,4.41
13,Mumbai,2023-07-05,0.4103,1.33
13,Mumbai,2023-07-06,0.343,0.41
13,Mumbai,2023-07-07,0.3737,1.92
13,Mumbai,2023-07-08,0.4013,4.07
13,Mumbai,2023-07-09,0.4146,2.4
13,Mumbai,2023-07-10,0.4289,2.5
13,Mumbai,2023-07-11,0.3861,2.96
13,Mumbai,2023-07-12,0.3186,0.97
13,Mumbai,2023-07-13,0.3465,1.2
13,Mumbai,2023-07-14,0.3263,2.26
13,Mumbai,2023-07-15,0.4558,0.84
13,Mumbai,2023-07-16,0.4314,8.42
13,Mumbai,2023-07-17,0.4798,9.63
13,Mumbai,2023-07-18,0.4273,6.1
13,Mumbai,2023-07-19,0.4599,0.98
13,Mumbai,2023-07-20,0.3349,4.43
13,Mumbai,2023-07-21,0.3944,3.96
13,Mumbai,2023-07-22,0.3772,0.85
13,Mumbai,2023-07-23,0.5415,12.26
13,Mumbai,2023-07-24,0.5578,3.81
13,Mumbai,2023-07-25,0.4877,1.18
13,Mumbai,2023-07-26,0.5307,14.78
13,Mumbai,2023-07-27,0.5225,2.96
13,Mumbai,2023-07-28,0.4491,1.51
13,Mumbai,2023-07-29,0.5407,2.3
13,Mumbai,2023-07-30,0.4452,3.03
13,Mumbai,2023-07-31,0.452,7.0
13,Mumbai,2023-08-01,0.4615,0.53
13,Mumbai,2023-08-02,0.4572,0.35
13,Mumbai,2023-08-03,0.499,2.42
13,Mumbai,2023-08-04,0.4342,8.39
13,Mumbai,2023-08-05,0.4153,3.16
13,Mumbai,2023-08-06,0.3601,0.17
13,Mumbai,2023-08-07,0.4395,1.26
13,Mumbai,2023-08-08,0.4882,7.97
13,Mumbai,2023-08-09,0.4548,1.92
13,Mumbai,2023-08-10,0.4372,1.63
13,Mumbai,2023-08-11,0.4284,4.61
13,Mumbai,2023-08-12,0.3572,6.79
13,Mumbai,2023-08-13,0.3961,1.87
13,Mumbai,2023-08-14,0.3752,3.78
13,Mumbai,2023-08-15,0.3734,1.45
13,Mumbai,2023-08-16,0.4099,0.23
13,Mumbai,2023-08-17,0.3153,4.48
13,Mumbai,2023-08-18,0.3614,5.03
13,Mumbai,2023-08-19,0.2985,2.68
13,Mumbai,2023-08-20,0.3295,9.32
13,Mumbai,2023-08-21,0.3782,5.25
13,Mumbai,2023-08-22,0.3344,0.2
13,Mumbai,2023-08-23,0.356,1.31
13,Mumbai,2023-08-24,0.3885,0.02
13,Mumbai,2023-08-25,0.3432,2.0
13,Mumbai,2023-08-26,0.3529,1.1
13,Mumbai,2023-08-27,0.3131,0.83
13,Mumbai,2023-08-28,0.4036,2.01
13,Mumbai,2023-08-29,0.2632,3.89
13,Mumbai,2023-08-30,0.3017,1.25
13,Mumbai,2023-08-31,0.2314,8.99
13,Mumbai,2023-09-01,0.2501,0.67
13,Mumbai,2023-09-02,0.3463,0.37
13,Mumbai,2023-09-03,0.259,1.79
13,Mumbai,2023-09-04,0.3255,2.12
13,Mumbai,2023-09-05,0.2682,0.4
13,Mumbai,2023-09-06,0.3607,0.27
13,Mumbai,2023-09-07,0.3839,4.12
13,Mumbai,2023-09-08,0.5703,14.45
13,Mumbai,2023-09-09,0.5548,0.51
13,Mumbai,2023-09-10,0.5856,28.43
13,Mumbai,2023-09-11,0.5914,9.61
13,Mumbai,2023-09-12,0.6781,8.83
13,Mumbai,2023-09-13,0.6467,1.43
13,Mumbai,2023-09-14,0.6929,6.35
13,Mumbai,2023-09-15,0.578,0.79
13,Mumbai,2023-09-16,0.5578,0.03
13,Mumbai,2023-09-17,0.5077,1.88
13,Mumbai,2023-09-18,0.5754,2.05
13,Mumbai,2023-09-19,0.6244,20.48
13,Mumbai,2023-09-20,0.7079,19.47
13,Mumbai,2023-09-21,0.5966,1.72
13,Mumbai,2023-09-22,0.6703,10.35
13,Mumbai,2023-09-23,0.6158,9.54
13,Mumbai,2023-09-24,0.6647,3.47
13,Mumbai,2023-09-25,0.6724,14.8
13,Mumbai,2023-09-26,0.7307,19.31
13,Mumbai,2023-09-27,0.6483,0.71
13,Mumbai,2023-09-28,0.6728,4.51
13,Mumbai,2023-09-29,0.5928,16.31
13,Mumbai,2023-09-30,0.4901,0.14
13,Mumbai,2023-10-01,0.4045,5.15
13,Mumbai,2023-10-02,0.4301,0.33
13,Mumbai,2023-10-03,0.41,0.27
13,Mumbai,2023-10-04,0.4338,0.74
13,Mumbai,2023-10-05,0.4435,2.96
13,Mumbai,2023-10-06,0.4543,2.25
13,Mumbai,2023-10-07,0.4652,5.86
13,Mumbai,2023-10-08,0.4382,15.22
13,Mumbai,2023-10-09,0.5059,4.32
13,Mumbai,2023-10-10,0.4335,12.49
13,Mumbai,2023-10-11,0.4562,5.02
13,Mumbai,2023-10-12,0.3481,0.09
13,Mumbai,2023-10-13,0.4755,0.08
13,Mumbai,2023-10-14,0.3992,0.35
13,Mumbai,2023-10-15,0.3271,0.54
13,Mumbai,2023-10-16,0.4599,4.53
13,Mumbai,2023-10-17,0.417,2.4
13,Mumbai,2023-10-18,0.4924,0.46
13,Mumbai,2023-10-19,0.4811,11.57
13,Mumbai,2023-10-20,0.4,4.54
13,Mumbai,2023-10-21,0.3822,3.3
13,Mumbai,2023-10-22,0.2405,1.43
13,Mumbai,2023-10-23,0.3231,14.64
13,Mumbai,2023-10-24,0.3809,1.08
13,Mumbai,2023-10-25,0.4142,1.49
13,Mumbai,2023-10-26,0.3645,4.1
13,Mumbai,2023-10-27,0.4066,6.6
13,Mumbai,2023-10-28,0.321,0.94
13,Mumbai,2023-10-29,0.3581,1.66
13,Mumbai,2023-10-30,0.4356,1.84
13,Mumbai,2023-10-31,0.3893,3.81
13,Mumbai,2023-11-01,0.3405,1.17
13,Mumbai,2023-11-02,0.2826,0.14
13,Mumbai,2023-11-03,0.4149,1.55
13,Mumbai,2023-11-04,0.3643,2.66
13,Mumbai,2023-11-05,0.4363,5.08
13,Mumbai,2023-11-06,0.4582,2.48
13,Mumbai,2023-11-07,0.3615,4.17
13,Mumbai,2023-11-08,0.32,1.69
13,Mumbai,2023-11-09,0.3138,5.55
13,Mumbai,2023-11-10,0.3125,1.81
13,Mumbai,2023-11-11,0.3614,2.18
13,Mumbai,2023-11-12,0.3325,0.91
13,Mumbai,2023-11-13,0.3814,1.88
13,Mumbai,2023-11-14,0.361,0.82
13,Mumbai,2023-11-15,0.3419,5.86
13,Mumbai,2023-11-16,0.3103,8.37
13,Mumbai,2023-11-17,0.3256,2.34
13,Mumbai,2023-11-18,0.4079,10.62
13,Mumbai,2023-11-19,0.3945,6.79
13,Mumbai,2023-11-20,0.4605,0.17
13,Mumbai,2023-11-21,0.4883,7.0
13,Mumbai,2023-11-22,0.4126,10.92
13,Mumbai,2023-11-23,0.3384,1.79
13,Mumbai,2023-11-24,0.2822,5.9
13,Mumbai,2023-11-25,0.243,0.1
13,Mumbai,2023-11-26,0.2957,4.45
13,Mumbai,2023-11-27,0.2364,0.01
13,Mumbai,2023-11-28,0.2755,7.5
13,Mumbai,2023-11-29,0.2317,3.14
13,Mumbai,2023-11-30,0.2797,5.57
13,Mumbai,2023-12-01,0.2842,1.52
13,Mumbai,2023-12-02,0.3217,1.62
13,Mumbai,2023-12-03,0.3649,3.09
13,Mumbai,2023-12-04,0.3562,2.65
13,Mumbai,2023-12-05,0.3328,1.13
13,Mumbai,2023-12-06,0.2999,0.32
13,Mumbai,2023-12-07,0.2959,3.03
13,Mumbai,2023-12-08,0.324,0.65
13,Mumbai,2023-12-09,0.3578,2.84
13,Mumbai,2023-12-10,0.494,2.43
13,Mumbai,2023-12-11,0.5945,4.49
13,Mumbai,2023-12-12,0.4805,1.33
13,Mumbai,2023-12-13,0.4001,3.27
13,Mumbai,2023-12-14,0.425,2.04
13,Mumbai,2023-12-15,0.3948,5.36
13,Mumbai,2023-12-16,0.3494,0.54
13,Mumbai,2023-12-17,0.2825,6.1
13,Mumbai,2023-12-18,0.321,0.81
13,Mumbai,2023-12-19,0.2454,0.56
13,Mumbai,2023-12-20,0.3257,2.25
13,Mumbai,2023-12-21,0.3763,12.77
13,Mumbai,2023-12-22,0.3071,16.34
13,Mumbai,2023-12-23,0.3507,1.76
13,Mumbai,2023-12-24,0.3845,1.97
13,Mumbai,2023-12-25,0.4464,3.0
13,Mumbai,2023-12-26,0.4447,3.41
13,Mumbai,2023-12-27,0.4368,2.38
13,Mumbai,2023-12-28,0.4515,0.09
13,Mumbai,2023-12-29,0.4055,1.83
13,Mumbai,2023-12-30,0.369,1.97
13,Mumbai,2023-12-31,0.4558,3.02
13,Mumbai,2024-01-01,0.4868,8.19
13,Mumbai,2024-01-02,0.4886,3.22
13,Mumbai,2024-01-03,0.5726,7.42
13,Mumbai,2024-01-04,0.5944,6.6
13,Mumbai,2024-01-05,0.7255,9.87
13,Mumbai,2024-01-06,0.6691,8.05
13,Mumbai,2024-01-07,0.6131,11.52
13,Mumbai,2024-01-08,0.6116,4.3
13,Mumbai,2024-01-09,0.609,8.61
13,Mumbai,2024-01-10,0.6371,5.81
13,Mumbai,2024-01-11,0.6337,34.96
13,Mumbai,2024-01-12,0.6784,1.34
13,Mumbai,2024-01-13,0.5869,12.76
13,Mumbai,2024-01-14,0.5509,0.19
13,Mumbai,2024-01-15,0.6279,3.79
13,Mumbai,2024-01-16,0.5883,23.41
13,Mumbai,2024-01-17,0.4834,1.47
13,Mumbai,2024-01-18,0.5431,4.26
13,Mumbai,2024-01-19,0.499,0.65
13,Mumbai,2024-01-20,0.475,6.61
13,Mumbai,2024-01-21,0.465,4.51
13,Mumbai,2024-01-22,0.3858,3.59
13,Mumbai,2024-01-23,0.3225,0.02
13,Mumbai,2024-01-24,0.2993,0.88
13,Mumbai,2024-01-25,0.3633,1.26
13,Mumbai,2024-01-26,0.408,7.98
13,Mumbai,2024-01-27,0.5613,16.83
13,Mumbai,2024-01-28,0.6542,8.82
13,Mumbai,2024-01-29,0.6454,25.42
13,Mumbai,2024-01-30,0.6232,3.62
13,Mumbai,2024-01-31,0.537,0.08
13,Mumbai,2024-02-01,0.4705,5.18
13,Mumbai,2024-02-02,0.4347,2.49
13,Mumbai,2024-02-03,0.3208,6.87
13,Mumbai,2024-02-04,0.262,2.84
13,Mumbai,2024-02-05,0.4032,0.72
13,Mumbai,2024-02-06,0.4341,7.07
13,Mumbai,2024-02-07,0.306,6.08
13,Mumbai,2024-02-08,0.2848,3.78
13,Mumbai,2024-02-09,0.3703,0.99
13,Mumbai,2024-02-10,0.3287,0.53
13,Mumbai,2024-02-11,0.3522,1.0
13,Mumbai,2024-02-12,0.251,6.32
13,Mumbai,2024-02-13,0.1635,1.08
13,Mumbai,2024-02-14,0.1493,6.08
13,Mumbai,2024-02-15,0.1801,0.5
13,Mumbai,2024-02-16,0.2511,0.05
13,Mumbai,2024-02-17,0.1505,1.57
13,Mumbai,2024-02-18,0.1716,0.53
13,Mumbai,2024-02-19,0.2905,2.41
13,Mumbai,2024-02-20,0.2219,1.6
13,Mumbai,2024-02-21,0.2367,2.84
13,Mumbai,2024-02-22,0.2594,0.03
13,Mumbai,2024-02-23,0.345,0.47
13,Mumbai,2024-02-24,0.3662,11.16
13,Mumbai,2024-02-25,0.3636,2.58
13,Mumbai,2024-02-26,0.3822,2.08
13,Mumbai,2024-02-27,0.3777,4.44
13,Mumbai,2024-02-28,0.4835,0.54
13,Mumbai,2024-02-29,0.3984,3.92
13,Mumbai,2024-03-01,0.3601,1.81
13,Mumbai,2024-03-02,0.3736,0.64
13,Mumbai,2024-03-03,0.2921,0.22
13,Mumbai,2024-03-04,0.2544,0.48
13,Mumbai,2024-03-05,0.4124,1.74
13,Mumbai,2024-03-06,0.4151,2.46
13,Mumbai,2024-03-07,0.4392,2.3
13,Mumbai,2024-03-08,0.4527,6.42
13,Mumbai,2024-03-09,0.4952,13.97
13,Mumbai,2024-03-10,0.496,0.37
13,Mumbai,2024-03-11,0.4604,2.39
13,Mumbai,2024-03-12,0.4731,2.23
13,Mumbai,2024-03-13,0.4208,6.53
13,Mumbai,2024-03-14,0.393,2.25
13,Mumbai,2024-03-15,0.3819,3.99
13,Mumbai,2024-03-16,0.284,1.11
13,Mumbai,2024-03-17,0.3348,3.65
13,Mumbai,2024-03-18,0.292,1.8
13,Mumbai,2024-03-19,0.303,0.12
13,Mumbai,2024-03-20,0.1692,0.8
13,Mumbai,2024-03-21,0.2529,0.32
13,Mumbai,2024-03-22,0.302,6.3
13,Mumbai,2024-03-23,0.2949,2.47
13,Mumbai,2024-03-24,0.3003,2.26
13,Mumbai,2024-03-25,0.3662,6.81
13,Mumbai,2024-03-26,0.3984,3.23
13,Mumbai,2024-03-27,0.4428,0.49
13,Mumbai,2024-03-28,0.5018,7.6
13,Mumbai,2024-03-29,0.6303,18.21
13,Mumbai,2024-03-30,0.6108,1.7
13,Mumbai,2024-03-31,0.5378,6.45
13,Mumbai,2024-04-01,0.5616,6.2
13,Mumbai,2024-04-02,0.4014,0.63
13,Mumbai,2024-04-03,0.321,1.14
13,Mumbai,2024-04-04,0.3393,7.69
13,Mumbai,2024-04-05,0.34,5.99
13,Mumbai,2024-04-06,0.3767,2.27
13,Mumbai,2024-04-07,0.365,0.14
13,Mumbai,2024-04-08,0.412,3.08
13,Mumbai,2024-04-09,0.3841,2.14
13,Mumbai,2024-04-10,0.4072,10.15
13,Mumbai,2024-04-11,0.3678,1.31
13,Mumbai,2024-04-12,0.3171,3.86
13,Mumbai,2024-04-13,0.3844,5.41
13,Mumbai,2024-04-14,0.4142,2.22
13,Mumbai,2024-04-15,0.4811,5.55
13,Mumbai,2024-04-16,0.5747,0.64
13,Mumbai,2024-04-17,0.4809,8.97
13,Mumbai,2024-04-18,0.5224,7.34
13,Mumbai,2024-04-19,0.5456,1.2
13,Mumbai,2024-04-20,0.4287,12.63
13,Mumbai,2024-04-21,0.4358,9.41
13,Mumbai,2024-04-22,0.5059,5.71
13,Mumbai,2024-04-23,0.4257,9.16
13,Mumbai,2024-04-24,0.3849,0.75
13,Mumbai,2024-04-25,0.3583,5.95
13,Mumbai,2024-04-26,0.3314,14.58
13,Mumbai,2024-04-27,0.3853,0.84
13,Mumbai,2024-04-28,0.4783,4.02
13,Mumbai,2024-04-29,0.4741,2.86
13,Mumbai,2024-04-30,0.4511,4.03
13,Mumbai,2024-05-01,0.4572,0.62
13,Mumbai,2024-05-02,0.5125,5.84
13,Mumbai,2024-05-03,0.4329,0.12
13,Mumbai,2024-05-04,0.4367,1.3
13,Mumbai,2024-05-05,0.3869,2.52
13,Mumbai,2024-05-06,0.4236,2.8
13,Mumbai,2024-05-07,0.4069,1.51
13,Mumbai,2024-05-08,0.447,6.19
13,Mumbai,2024-05-09,0.4556,0.5
13,Mumbai,2024-05-10,0.4471,3.02
13,Mumbai,2024-05-11,0.4215,9.86
13,Mumbai,2024-05-12,0.4404,0.56
13,Mumbai,2024-05-13,0.4136,2.36
13,Mumbai,2024-05-14,0.4569,10.99
13,Mumbai,2024-05-15,0.347,2.14
13,Mumbai,2024-05-16,0.4889,4.33
13,Mumbai,2024-05-17,0.5921,0.94
13,Mumbai,2024-05-18,0.5708,26.43
13,Mumbai,2024-05-19,0.5766,28.56
13,Mumbai,2024-05-20,0.5689,18.27
13,Mumbai,2024-05-21,0.5345,2.6
13,Mumbai,2024-05-22,0.5383,0.45
13,Mumbai,2024-05-23,0.5079,1.11
13,Mumbai,2024-05-24,0.4934,0.47
13,Mumbai,2024-05-25,0.527,16.04
13,Mumbai,2024-05-26,0.4912,10.66
13,Mumbai,2024-05-27,0.5196,11.83
13,Mumbai,2024-05-28,0.4894,4.77
13,Mumbai,2024-05-29,0.4771,12.27
13,Mumbai,2024-05-30,0.465,3.29
13,Mumbai,2024-05-31,0.4136,0.93
13,Mumbai,2024-06-01,0.273,2.74
13,Mumbai,2024-06-02,0.2589,0.86
13,Mumbai,2024-06-03,0.3549,0.44
13,Mumbai,2024-06-04,0.4019,3.63
13,Mumbai,2024-06-05,0.4033,6.44
13,Mumbai,2024-06-06,0.3378,2.52
13,Mumbai,2024-06-07,0.2718,1.77
13,Mumbai,2024-06-08,0.3104,5.1
13,Mumbai,2024-06-09,0.3925,3.87
13,Mumbai,2024-06-10,0.4341,9.76
13,Mumbai,2024-06-11,0.5245,1.48
13,Mumbai,2024-06-12,0.549,8.51
13,Mumbai,2024-06-13,0.5128,1.65
13,Mumbai,2024-06-14,0.4545,7.5
13,Mumbai,2024-06-15,0.4051,2.91
13,Mumbai,2024-06-16,0.2654,1.43
13,Mumbai,2024-06-17,0.34,1.75
13,Mumbai,2024-06-18,0.3587,4.62
13,Mumbai,2024-06-19,0.4099,2.35
13,Mumbai,2024-06-20,0.392,1.06
13,Mumbai,2024-06-21,0.3825,9.3
13,Mumbai,2024-06-22,0.3837,0.0
13,Mumbai,2024-06-23,0.3601,1.03
13,Mumbai,2024-06-24,0.4461,4.67
13,Mumbai,2024-06-25,0.5166,4.1
13,Mumbai,2024-06-26,0.4624,10.41
13,Mumbai,2024-06-27,0.538,5.69
13,Mumbai,2024-06-28,0.6207,0.69
13,Mumbai,2024-06-29,0.568,4.31
13,Mumbai,2024-06-30,0.5566,4.18
13,Mumbai,2024-07-01,0.5493,11.91
13,Mumbai,2024-07-02,0.5099,2.12
13,Mumbai,2024-07-03,0.4365,0.69
13,Mumbai,2024-07-04,0.3684,2.02
13,Mumbai,2024-07-05,0.4097,0.95
13,Mumbai,2024-07-06,0.3505,0.76
13,Mumbai,2024-07-07,0.2961,1.06
13,Mumbai,2024-07-08,0.4048,3.37
13,Mumbai,2024-07-09,0.4575,0.13
13,Mumbai,2024-07-10,0.4547,1.28
13,Mumbai,2024-07-11,0.42,2.88
13,Mumbai,2024-07-12,0.5262,6.09
13,Mumbai,2024-07-13,0.4374,2.55
13,Mumbai,2024-07-14,0.441,3.21
13,Mumbai,2024-07-15,0.382,5.23
13,Mumbai,2024-07-16,0.336,2.89
13,Mumbai,2024-07-17,0.3,1.99
13,Mumbai,2024-07-18,0.3441,0.31
13,Mumbai,2024-07-19,0.3374,4.47
13,Mumbai,2024-07-20,0.3216,2.91
13,Mumbai,2024-07-21,0.2982,0.69
13,Mumbai,2024-07-22,0.3363,1.33
13,Mumbai,2024-07-23,0.3481,2.84
13,Mumbai,2024-07-24,0.3354,2.34
13,Mumbai,2024-07-25,0.3755,0.65
13,Mumbai,2024-07-26,0.502,9.87
13,Mumbai,2024-07-27,0.5617,8.43
13,Mumbai,2024-07-28,0.6559,1.0
13,Mumbai,2024-07-29,0.6331,20.54
13,Mumbai,2024-07-30,0.6348,1.56
13,Mumbai,2024-07-31,0.6082,6.0
13,Mumbai,2024-08-01,0.6946,5.04
13,Mumbai,2024-08-02,0.723,15.76
13,Mumbai,2024-08-03,0.7166,10.51
13,Mumbai,2024-08-04,0.6936,15.2
13,Mumbai,2024-08-05,0.6804,8.64
13,Mumbai,2024-08-06,0.7788,9.37
13,Mumbai,2024-08-07,0.6586,6.61
13,Mumbai,2024-08-08,0.6155,11.06
13,Mumbai,2024-08-09,0.6702,7.64
13,Mumbai,2024-08-10,0.5934,5.56
13,Mumbai,2024-08-11,0.5511,14.33
13,Mumbai,2024-08-12,0.6286,2.31
13,Mumbai,2024-08-13,0.5854,4.03
13,Mumbai,2024-08-14,0.4912,6.1
13,Mumbai,2024-08-15,0.5842,5.71
13,Mumbai,2024-08-16,0.5889,8.8
13,Mumbai,2024-08-17,0.5412,12.29
13,Mumbai,2024-08-18,0.595,1.24
13,Mumbai,2024-08-19,0.5528,4.72
13,Mumbai,2024-08-20,0.4477,3.98
13,Mumbai,2024-08-21,0.427,1.55
13,Mumbai,2024-08-22,0.4322,3.94
13,Mumbai,2024-08-23,0.3617,2.36
13,Mumbai,2024-08-24,0.3329,11.43
13,Mumbai,2024-08-25,0.3439,0.86
13,Mumbai,2024-08-26,0.3601,5.62
13,Mumbai,2024-08-27,0.3133,10.27
13,Mumbai,2024-08-28,0.2643,0.78
13,Mumbai,2024-08-29,0.267,2.23
13,Mumbai,2024-08-30,0.3336,0.13
13,Mumbai,2024-08-31,0.3255,0.43
13,Mumbai,2024-09-01,0.2513,5.53
13,Mumbai,2024-09-02,0.2696,6.9
13,Mumbai,2024-09-03,0.3169,1.1
13,Mumbai,2024-09-04,0.3242,6.45
13,Mumbai,2024-09-05,0.2342,1.76
13,Mumbai,2024-09-06,0.4009,2.24
13,Mumbai,2024-09-07,0.441,9.3
13,Mumbai,2024-09-08,0.4784,1.45
13,Mumbai,2024-09-09,0.4758,0.92
13,Mumbai,2024-09-10,0.4715,2.63
13,Mumbai,2024-09-11,0.4302,2.49
13,Mumbai,2024-09-12,0.4561,0.53
13,Mumbai,2024-09-13,0.5062,9.44
13,Mumbai,2024-09-14,0.3728,3.93
13,Mumbai,2024-09-15,0.4491,6.28
13,Mumbai,2024-09-16,0.5238,8.03
13,Mumbai,2024-09-17,0.5461,11.51
13,Mumbai,2024-09-18,0.4826,0.71
13,Mumbai,2024-09-19,0.4882,1.61
13,Mumbai,2024-09-20,0.3961,1.64
13,Mumbai,2024-09-21,0.4267,6.73
13,Mumbai,2024-09-22,0.413,5.93
13,Mumbai,2024-09-23,0.4865,0.21
13,Mumbai,2024-09-24,0.3937,5.91
13,Mumbai,2024-09-25,0.3463,2.96
13,Mumbai,2024-09-26,0.3291,5.25
13,Mumbai,2024-09-27,0.3702,5.75
13,Mumbai,2024-09-28,0.3912,5.2
13,Mumbai,2024-09-29,0.4788,10.81
13,Mumbai,2024-09-30,0.4853,9.09
13,Mumbai,2024-10-01,0.4353,7.34
13,Mumbai,2024-10-02,0.5074,7.04
13,Mumbai,2024-10-03,0.4551,3.68
13,Mumbai,2024-10-04,0.5151,6.28
13,Mumbai,2024-10-05,0.4393,7.88
13,Mumbai,2024-10-06,0.3856,0.21
13,Mumbai,2024-10-07,0.5199,9.46
13,Mumbai,2024-10-08,0.5535,8.09
13,Mumbai,2024-10-09,0.5614,1.67
13,Mumbai,2024-10-10,0.6067,1.75
13,Mumbai,2024-10-11,0.6236,22.12
13,Mumbai,2024-10-12,0.5727,12.04
13,Mumbai,2024-10-13,0.5218,15.43
13,Mumbai,2024-10-14,0.5692,12.96
13,Mumbai,2024-10-15,0.5363,2.6
13,Mumbai,2024-10-16,0.4963,1.66
13,Mumbai,2024-10-17,0.5828,0.75
13,Mumbai,2024-10-18,0.6261,15.36
13,Mumbai,2024-10-19,0.5418,3.04
13,Mumbai,2024-10-20,0.6142,5.98
13,Mumbai,2024-10-21,0.5807,15.08
13,Mumbai,2024-10-22,0.5481,8.61
13,Mumbai,2024-10-23,0.5281,9.33
13,Mumbai,2024-10-24,0.56,5.29
13,Mumbai,2024-10-25,0.6174,11.22
13,Mumbai,2024-10-26,0.52,3.57
13,Mumbai,2024-10-27,0.5394,4.51
13,Mumbai,2024-10-28,0.5175,1.4
13,Mumbai,2024-10-29,0.5171,21.72
13,Mumbai,2024-10-30,0.426,0.42
13,Mumbai,2024-10-31,0.4644,3.87
13,Mumbai,2024-11-01,0.434,2.5
13,Mumbai,2024-11-02,0.4618,12.35
13,Mumbai,2024-11-03,0.4453,2.2
13,Mumbai,2024-11-04,0.5283,6.45
13,Mumbai,2024-11-05,0.5159,17.68
13,Mumbai,2024-11-06,0.5165,4.07
13,Mumbai,2024-11-07,0.4586,1.16
13,Mumbai,2024-11-08,0.4864,0.81
13,Mumbai,2024-11-09,0.3633,3.74
13,Mumbai,2024-11-10,0.4119,4.12
13,Mumbai,2024-11-11,0.5741,28.47
13,Mumbai,2024-11-12,0.5589,1.79
13,Mumbai,2024-11-13,0.5944,7.84
13,Mumbai,2024-11-14,0.5198,21.27
13,Mumbai,2024-11-15,0.5734,3.06
13,Mumbai,2024-11-16,0.573,2.92
13,Mumbai,2024-11-17,0.5846,3.73
13,Mumbai,2024-11-18,0.6252,4.4
13,Mumbai,2024-11-19,0.596,5.85
13,Mumbai,2024-11-20,0.5552,18.73
13,Mumbai,2024-11-21,0.5031,3.48
13,Mumbai,2024-11-22,0.611,1.08
13,Mumbai,2024-11-23,0.5928,3.65
13,Mumbai,2024-11-24,0.5525,12.61
13,Mumbai,2024-11-25,0.6488,8.03
13,Mumbai,2024-11-26,0.6542,3.32
13,Mumbai,2024-11-27,0.661,5.38
13,Mumbai,2024-11-28,0.6434,34.85
13,Mumbai,2024-11-29,0.7358,4.67
13,Mumbai,2024-11-30,0.6673,19.29
13,Mumbai,2024-12-01,0.5967,2.39
13,Mumbai,2024-12-02,0.5568,9.72
13,Mumbai,2024-12-03,0.5468,5.85
13,Mumbai,2024-12-04,0.5579,1.77
13,Mumbai,2024-12-05,0.4845,4.91
13,Mumbai,2024-12-06,0.5438,18.5
13,Mumbai,2024-12-07,0.5432,4.7
13,Mumbai,2024-12-08,0.6032,3.29
13,Mumbai,2024-12-09,0.7195,32.16
13,Mumbai,2024-12-10,0.6405,1.03
13,Mumbai,2024-12-11,0.5769,10.28
13,Mumbai,2024-12-12,0.4843,1.48
13,Mumbai,2024-12-13,0.4889,7.52
13,Mumbai,2024-12-14,0.3563,0.71
13,Mumbai,2024-12-15,0.2943,1.43
13,Mumbai,2024-12-16,0.3928,7.17
13,Mumbai,2024-12-17,0.4332,10.81
13,Mumbai,2024-12-18,0.4768,19.16
13,Mumbai,2024-12-19,0.4801,0.87
13,Mumbai,2024-12-20,0.5264,2.19
13,Mumbai,2024-12-21,0.5646,3.15
13,Mumbai,2024-12-22,0.5166,6.65
13,Mumbai,2024-12-23,0.5739,1.76
13,Mumbai,2024-12-24,0.6046,14.16
13,Mumbai,2024-12-25,0.5964,11.02
13,Mumbai,2024-12-26,0.5662,5.69
13,Mumbai,2024-12-27,0.6379,1.84
13,Mumbai,2024-12-28,0.4701,1.35
13,Mumbai,2024-12-29,0.295,3.33
13,Mumbai,2024-12-30,0.3245,12.53
13,Mumbai,2024-12-31,0.2357,0.55
13,Mumbai,2025-01-01,0.3568,5.23
13,Mumbai,2025-01-02,0.4675,2.27
13,Mumbai,2025-01-03,0.4976,6.16
13,Mumbai,2025-01-04,0.3721,3.5
13,Mumbai,2025-01-05,0.3029,1.98
13,Mumbai,2025-01-06,0.2992,1.04
13,Mumbai,2025-01-07,0.2964,0.1
13,Mumbai,2025-01-08,0.1801,10.64
13,Mumbai,2025-01-09,0.2946,7.94
13,Mumbai,2025-01-10,0.3168,0.52
13,Mumbai,2025-01-11,0.2963,0.59
13,Mumbai,2025-01-12,0.3284,1.99
13,Mumbai,2025-01-13,0.362,0.4
13,Mumbai,2025-01-14,0.2706,2.98
13,Mumbai,2025-01-15,0.3627,0.8
13,Mumbai,2025-01-16,0.3189,3.82
13,Mumbai,2025-01-17,0.3297,1.37
13,Mumbai,2025-01-18,0.4015,2.04
13,Mumbai,2025-01-19,0.3107,0.58
13,Mumbai,2025-01-20,0.3292,4.94
13,Mumbai,2025-01-21,0.406,4.12
13,Mumbai,2025-01-22,0.4057,1.17
13,Mumbai,2025-01-23,0.337,1.54
13,Mumbai,2025-01-24,0.3469,12.12
13,Mumbai,2025-01-25,0.306,6.69
13,Mumbai,2025-01-26,0.215,1.18
13,Mumbai,2025-01-27,0.1795,1.14
13,Mumbai,2025-01-28,0.1887,3.47
13,Mumbai,2025-01-29,0.088,1.13
13,Mumbai,2025-01-30,0.0636,0.15
13,Mumbai,2025-01-31,0.0449,0.9
13,Mumbai,2025-02-01,0.0629,0.83
13,Mumbai,2025-02-02,0.1266,2.08
13,Mumbai,2025-02-03,0.1597,2.31
13,Mumbai,2025-02-04,0.1743,3.96
13,Mumbai,2025-02-05,0.2548,2.08
13,Mumbai,2025-02-06,0.2052,0.14
13,Mumbai,2025-02-07,0.2524,1.79
13,Mumbai,2025-02-08,0.3343,1.18
13,Mumbai,2025-02-09,0.4342,0.87
13,Mumbai,2025-02-10,0.5357,18.23
13,Mumbai,2025-02-11,0.4651,0.1
13,Mumbai,2025-02-12,0.406,1.34
13,Mumbai,2025-02-13,0.4419,0.84
13,Mumbai,2025-02-14,0.5164,1.59
13,Mumbai,2025-02-15,0.5482,9.38
13,Mumbai,2025-02-16,0.4029,10.62
13,Mumbai,2025-02-17,0.3384,4.85
13,Mumbai,2025-02-18,0.4102,0.11
13,Mumbai,2025-02-19,0.4202,5.17
13,Mumbai,2025-02-20,0.4219,8.75
13,Mumbai,2025-02-21,0.4185,8.09
13,Mumbai,2025-02-22,0.3584,0.96
13,Mumbai,2025-02-23,0.35,1.14
13,Mumbai,2025-02-24,0.3444,0.56
13,Mumbai,2025-02-25,0.3309,1.36
13,Mumbai,2025-02-26,0.47,3.2
13,Mumbai,2025-02-27,0.4709,1.4
13,Mumbai,2025-02-28,0.4468,2.67
13,Mumbai,2025-03-01,0.4001,7.94
13,Mumbai,2025-03-02,0.3878,1.93
13,Mumbai,2025-03-03,0.3139,7.77
13,Mumbai,2025-03-04,0.3528,3.05
13,Mumbai,2025-03-05,0.4576,1.95
13,Mumbai,2025-03-06,0.475,7.13
13,Mumbai,2025-03-07,0.4535,3.36
13,Mumbai,2025-03-08,0.4065,2.61
13,Mumbai,2025-03-09,0.3901,0.67
13,Mumbai,2025-03-10,0.433,18.93
13,Mumbai,2025-03-11,0.4203,0.08
13,Mumbai,2025-03-12,0.4323,3.58
13,Mumbai,2025-03-13,0.4092,0.73
13,Mumbai,2025-03-14,0.495,27.05
13,Mumbai,2025-03-15,0.358,0.15
13,Mumbai,2025-03-16,0.2841,0.33
13,Mumbai,2025-03-17,0.3955,3.75
13,Mumbai,2025-03-18,0.3678,0.42
13,Mumbai,2025-03-19,0.3684,8.88
13,Mumbai,2025-03-20,0.3404,0.94
13,Mumbai,2025-03-21,0.2867,1.48
13,Mumbai,2025-03-22,0.3137,0.79
13,Mumbai,2025-03-23,0.3261,3.75
13,Mumbai,2025-03-24,0.5399,27.43
13,Mumbai,2025-03-25,0.5251,18.96
13,Mumbai,2025-03-26,0.5849,6.64
13,Mumbai,2025-03-27,0.554,0.97
13,Mumbai,2025-03-28,0.6413,1.97
13,Mumbai,2025-03-29,0.5659,12.58
13,Mumbai,2025-03-30,0.4722,9.78
13,Mumbai,2025-03-31,0.4245,1.82
13,Mumbai,2025-04-01,0.3777,0.31
13,Mumbai,2025-04-02,0.3486,1.95
13,Mumbai,2025-04-03,0.2844,1.52
13,Mumbai,2025-04-04,0.3744,1.16
13,Mumbai,2025-04-05,0.1881,2.3
13,Mumbai,2025-04-06,0.243,0.02
13,Mumbai,2025-04-07,0.2788,2.23
13,Mumbai,2025-04-08,0.3845,7.02
13,Mumbai,2025-04-09,0.3727,5.44
13,Mumbai,2025-04-10,0.362,3.2
13,Mumbai,2025-04-11,0.4566,1.4
13,Mumbai,2025-04-12,0.3822,1.26
13,Mumbai,2025-04-13,0.3763,1.79
13,Mumbai,2025-04-14,0.4669,1.05
13,Mumbai,2025-04-15,0.4637,9.08
13,Mumbai,2025-04-16,0.5189,0.96
13,Mumbai,2025-04-17,0.4628,4.35
13,Mumbai,2025-04-18,0.4434,4.42
13,Mumbai,2025-04-19,0.4782,1.18
13,Mumbai,2025-04-20,0.4155,0.53
13,Mumbai,2025-04-21,0.406,17.5
13,Mumbai,2025-04-22,0.3998,4.71
13,Mumbai,2025-04-23,0.4236,1.21
13,Mumbai,2025-04-24,0.4726,2.4
13,Mumbai,2025-04-25,0.487,3.12
13,Mumbai,2025-04-26,0.5058,2.35
13,Mumbai,2025-04-27,0.58,2.1
13,Mumbai,2025-04-28,0.6515,2.0
13,Mumbai,2025-04-29,0.6043,7.17
13,Mumbai,2025-04-30,0.6032,1.15
13,Mumbai,2025-05-01,0.685,7.69
13,Mumbai,2025-05-02,0.7185,8.85
13,Mumbai,2025-05-03,0.6657,4.52
13,Mumbai,2025-05-04,0.7533,31.16
13,Mumbai,2025-05-05,0.829,6.93
13,Mumbai,2025-05-06,0.8471,6.69
13,Mumbai,2025-05-07,0.7678,61.54
13,Mumbai,2025-05-08,0.6718,18.51
13,Mumbai,2025-05-09,0.7394,23.95
13,Mumbai,2025-05-10,0.6478,10.54
13,Mumbai,2025-05-11,0.5212,0.83
13,Mumbai,2025-05-12,0.581,5.94
13,Mumbai,2025-05-13,0.6529,12.7
13,Mumbai,2025-05-14,0.5348,2.16
13,Mumbai,2025-05-15,0.6124,5.64
13,Mumbai,2025-05-16,0.5682,3.35
13,Mumbai,2025-05-17,0.571,6.64
13,Mumbai,2025-05-18,0.6173,8.87
13,Mumbai,2025-05-19,0.6248,7.24
13,Mumbai,2025-05-20,0.6358,8.96
13,Mumbai,2025-05-21,0.5851,4.62
13,Mumbai,2025-05-22,0.6199,14.84
13,Mumbai,2025-05-23,0.7088,29.49
13,Mumbai,2025-05-24,0.6545,3.81
13,Mumbai,2025-05-25,0.5844,15.37
13,Mumbai,2025-05-26,0.5704,12.97
13,Mumbai,2025-05-27,0.5752,1.61
13,Mumbai,2025-05-28,0.4829,7.35
13,Mumbai,2025-05-29,0.5041,3.04
13,Mumbai,2025-05-30,0.5274,6.61
13,Mumbai,2025-05-31,0.5327,5.31
13,Mumbai,2025-06-01,0.5139,3.34
13,Mumbai,2025-06-02,0.5791,7.28
13,Mumbai,2025-06-03,0.5012,3.16
13,Mumbai,2025-06-04,0.3283,1.69
13,Mumbai,2025-06-05,0.3738,1.76
13,Mumbai,2025-06-06,0.3252,0.61
13,Mumbai,2025-06-07,0.3433,3.9
13,Mumbai,2025-06-08,0.2805,2.97
13,Mumbai,2025-06-09,0.3854,4.54
13,Mumbai,2025-06-10,0.3404,4.82
13,Mumbai,2025-06-11,0.3002,0.84
13,Mumbai,2025-06-12,0.3569,0.03
13,Mumbai,2025-06-13,0.4235,3.79
13,Mumbai,2025-06-14,0.4592,2.32
13,Mumbai,2025-06-15,0.3873,1.96
13,Mumbai,2025-06-16,0.3612,0.38
13,Mumbai,2025-06-17,0.4008,0.6
13,Mumbai,2025-06-18,0.379,2.02
13,Mumbai,2025-06-19,0.3051,1.46
13,Mumbai,2025-06-20,0.3511,1.42
13,Mumbai,2025-06-21,0.5004,1.03
13,Mumbai,2025-06-22,0.4599,0.46
13,Mumbai,2025-06-23,0.4385,7.17
13,Mumbai,2025-06-24,0.3982,1.63
13,Mumbai,2025-06-25,0.3478,1.39
13,Mumbai,2025-06-26,0.4126,11.29
13,Mumbai,2025-06-27,0.5407,16.94
13,Mumbai,2025-06-28,0.5499,11.42
13,Mumbai,2025-06-29,0.5482,24.61
13,Mumbai,2025-06-30,0.5656,7.15
13,Mumbai,2025-07-01,0.653,5.96
13,Mumbai,2025-07-02,0.6789,0.65
13,Mumbai,2025-07-03,0.7412,0.87
13,Mumbai,2025-07-04,0.6381,10.75
13,Mumbai,2025-07-05,0.6928,6.39
13,Mumbai,2025-07-06,0.6953,4.67
13,Mumbai,2025-07-07,0.7723,23.53
13,Mumbai,2025-07-08,0.8266,8.88
13,Mumbai,2025-07-09,0.7222,5.7
13,Mumbai,2025-07-10,0.7004,27.04
13,Mumbai,2025-07-11,0.6272,16.46
13,Mumbai,2025-07-12,0.6886,1.4
13,Mumbai,2025-07-13,0.5964,15.31
13,Mumbai,2025-07-14,0.5058,31.76
13,Mumbai,2025-07-15,0.4275,6.88
13,Mumbai,2025-07-16,0.3818,0.28
13,Mumbai,2025-07-17,0.3282,2.0
13,Mumbai,2025-07-18,0.3719,0.22
13,Mumbai,2025-07-19,0.4229,1.98
13,Mumbai,2025-07-20,0.3372,4.08
13,Mumbai,2025-07-21,0.4556,0.22
13,Mumbai,2025-07-22,0.4649,2.39
13,Mumbai,2025-07-23,0.525,6.54
13,Mumbai,2025-07-24,0.5196,2.98
13,Mumbai,2025-07-25,0.5988,2.1
13,Mumbai,2025-07-26,0.5032,9.13
13,Mumbai,2025-07-27,0.4916,4.15
13,Mumbai,2025-07-28,0.4736,5.3
13,Mumbai,2025-07-29,0.4994,2.57
13,Mumbai,2025-07-30,0.5173,2.08
13,Mumbai,2025-07-31,0.5501,3.74
13,Mumbai,2025-08-01,0.5994,7.12
13,Mumbai,2025-08-02,0.6218,0.18
13,Mumbai,2025-08-03,0.6065,6.41
13,Mumbai,2025-08-04,0.5925,0.82
13,Mumbai,2025-08-05,0.6315,17.67
13,Mumbai,2025-08-06,0.5537,5.48
13,Mumbai,2025-08-07,0.5057,7.59
13,Mumbai,2025-08-08,0.5624,4.67
13,Mumbai,2025-08-09,0.5317,3.35
13,Mumbai,2025-08-10,0.491,0.66
13,Mumbai,2025-08-11,0.5976,4.67
13,Mumbai,2025-08-12,0.4108,2.54
13,Mumbai,2025-08-13,0.4589,2.85
13,Mumbai,2025-08-14,0.3214,7.07
13,Mumbai,2025-08-15,0.3559,0.43
13,Mumbai,2025-08-16,0.4142,2.93
13,Mumbai,2025-08-17,0.4419,2.81
13,Mumbai,2025-08-18,0.4341,13.34
13,Mumbai,2025-08-19,0.4542,1.74
13,Mumbai,2025-08-20,0.397,2.26
13,Mumbai,2025-08-21,0.3153,5.64
13,Mumbai,2025-08-22,0.2953,3.1
13,Mumbai,2025-08-23,0.2475,1.32
13,Mumbai,2025-08-24,0.3011,0.47
13,Mumbai,2025-08-25,0.5107,5.4
13,Mumbai,2025-08-26,0.515,4.39
13,Mumbai,2025-08-27,0.4665,3.02
13,Mumbai,2025-08-28,0.3768,1.47
13,Mumbai,2025-08-29,0.3651,2.92
13,Mumbai,2025-08-30,0.2967,0.96
13,Mumbai,2025-08-31,0.2412,1.02
13,Mumbai,2025-09-01,0.2565,2.76
13,Mumbai,2025-09-02,0.2612,0.32
13,Mumbai,2025-09-03,0.2176,1.65
13,Mumbai,2025-09-04,0.3056,2.52
13,Mumbai,2025-09-05,0.4187,2.59
13,Mumbai,2025-09-06,0.4065,5.46
13,Mumbai,2025-09-07,0.2829,1.86
13,Mumbai,2025-09-08,0.3518,6.19
13,Mumbai,2025-09-09,0.3984,1.46
13,Mumbai,2025-09-10,0.3346,0.6
13,Mumbai,2025-09-11,0.256,0.01
13,Mumbai,2025-09-12,0.3952,2.18
13,Mumbai,2025-09-13,0.3461,8.0
13,Mumbai,2025-09-14,0.3119,4.17
13,Mumbai,2025-09-15,0.3057,1.22
13,Mumbai,2025-09-16,0.2686,0.21
13,Mumbai,2025-09-17,0.2487,1.05
13,Mumbai,2025-09-18,0.2543,1.63
13,Mumbai,2025-09-19,0.2262,2.29
13,Mumbai,2025-09-20,0.0941,0.38
13,Mumbai,2025-09-21,0.1439,1.73
13,Mumbai,2025-09-22,0.1705,0.09
13,Mumbai,2025-09-23,0.1121,0.08
13,Mumbai,2025-09-24,0.1429,0.56
13,Mumbai,2025-09-25,0.1649,0.8
13,Mumbai,2025-09-26,0.2798,0.81
13,Mumbai,2025-09-27,0.1359,1.62
13,Mumbai,2025-09-28,0.1568,4.7
13,Mumbai,2025-09-29,0.1915,2.35
13,Mumbai,2025-09-30,0.1493,0.38
13,Mumbai,2025-10-01,0.2238,0.26
13,Mumbai,2025-10-02,0.2557,1.83
13,Mumbai,2025-10-03,0.2936,1.75
13,Mumbai,2025-10-04,0.2495,1.78
13,Mumbai,2025-10-05,0.316,0.3
13,Mumbai,2025-10-06,0.2497,0.78
13,Mumbai,2025-10-07,0.3222,0.31
13,Mumbai,2025-10-08,0.2744,2.76
13,Mumbai,2025-10-09,0.2638,2.57
13,Mumbai,2025-10-10,0.3845,0.23
13,Mumbai,2025-10-11,0.4577,0.46
13,Mumbai,2025-10-12,0.4653,5.25
13,Mumbai,2025-10-13,0.5127,3.13
13,Mumbai,2025-10-14,0.478,23.41
13,Mumbai,2025-10-15,0.5207,9.88
13,Mumbai,2025-10-16,0.5337,3.56
13,Mumbai,2025-10-17,0.5838,1.97
13,Mumbai,2025-10-18,0.4966,11.61
13,Mumbai,2025-10-19,0.491,4.69
13,Mumbai,2025-10-20,0.5078,1.33
13,Mumbai,2025-10-21,0.4429,1.72
13,Mumbai,2025-10-22,0.4329,2.85
13,Mumbai,2025-10-23,0.5125,4.02
13,Mumbai,2025-10-24,0.5557,0.21
13,Mumbai,2025-10-25,0.5255,1.0
13,Mumbai,2025-10-26,0.4829,4.59
13,Mumbai,2025-10-27,0.484,8.43
13,Mumbai,2025-10-28,0.4796,1.58
13,Mumbai,2025-10-29,0.4633,0.27
13,Mumbai,2025-10-30,0.5179,1.99
13,Mumbai,2025-10-31,0.5036,5.55
13,Mumbai,2025-11-01,0.5492,6.33
13,Mumbai,2025-11-02,0.4989,1.39
13,Mumbai,2025-11-03,0.5875,4.19
13,Mumbai,2025-11-04,0.6941,8.35
13,Mumbai,2025-11-05,0.7911,22.03
13,Mumbai,2025-11-06,0.8139,24.28
13,Mumbai,2025-11-07,0.9199,0.11
13,Mumbai,2025-11-08,0.796,85.63
13,Mumbai,2025-11-09,0.6901,0.18
13,Mumbai,2025-11-10,0.7007,17.63
13,Mumbai,2025-11-11,0.6983,35.82
13,Mumbai,2025-11-12,0.6553,3.79
13,Mumbai,2025-11-13,0.6291,34.58
13,Mumbai,2025-11-14,0.6855,15.13
13,Mumbai,2025-11-15,0.637,13.87
13,Mumbai,2025-11-16,0.5712,1.66
13,Mumbai,2025-11-17,0.6179,22.32
13,Mumbai,2025-11-18,0.6083,3.33
13,Mumbai,2025-11-19,0.5537,31.6
13,Mumbai,2025-11-20,0.5053,2.71
13,Mumbai,2025-11-21,0.5558,2.0
13,Mumbai,2025-11-22,0.4928,0.83
13,Mumbai,2025-11-23,0.3925,5.66
13,Mumbai,2025-11-24,0.349,3.65
13,Mumbai,2025-11-25,0.2782,0.13
13,Mumbai,2025-11-26,0.2171,1.63
13,Mumbai,2025-11-27,0.26,5.84
13,Mumbai,2025-11-28,0.2833,0.23
13,Mumbai,2025-11-29,0.3302,2.37
13,Mumbai,2025-11-30,0.3436,1.13
13,Mumbai,2025-12-01,0.384,4.22
13,Mumbai,2025-12-02,0.3934,1.83
13,Mumbai,2025-12-03,0.4351,7.36
13,Mumbai,2025-12-04,0.3843,8.97
13,Mumbai,2025-12-05,0.4435,6.75
13,Mumbai,2025-12-06,0.456,8.46
13,Mumbai,2025-12-07,0.5065,2.52
13,Mumbai,2025-12-08,0.4083,1.48
13,Mumbai,2025-12-09,0.4398,0.36
13,Mumbai,2025-12-10,0.461,5.94
13,Mumbai,2025-12-11,0.407,7.26
13,Mumbai,2025-12-12,0.4009,1.68
13,Mumbai,2025-12-13,0.3526,0.38
13,Mumbai,2025-12-14,0.3326,0.86
13,Mumbai,2025-12-15,0.4201,2.36
13,Mumbai,2025-12-16,0.3825,0.62
13,Mumbai,2025-12-17,0.4754,5.97
13,Mumbai,2025-12-18,0.4006,2.18
13,Mumbai,2025-12-19,0.3113,1.33
13,Mumbai,2025-12-20,0.2545,8.18
13,Mumbai,2025-12-21,0.2565,2.42
13,Mumbai,2025-12-22,0.324,0.85
13,Mumbai,2025-12-23,0.3503,9.64
13,Mumbai,2025-12-24,0.2826,0.45
13,Mumbai,2025-12-25,0.2866,1.27
13,Mumbai,2025-12-26,0.3033,4.33
13,Mumbai,2025-12-27,0.3889,0.96
13,Mumbai,2025-12-28,0.3559,0.58
13,Mumbai,2025-12-29,0.4229,6.85
13,Mumbai,2025-12-30,0.4273,11.92
13,Mumbai,2025-12-31,0.5026,1.65
14,Qingdao,2023-01-01,0.5073,2.51
14,Qingdao,2023-01-02,0.5066,0.32
14,Qingdao,2023-01-03,0.4482,5.05
14,Qingdao,2023-01-04,0.4074,8.31
14,Qingdao,2023-01-05,0.4131,4.24
14,Qingdao,2023-01-06,0.3845,1.33
14,Qingdao,2023-01-07,0.3281,6.37
14,Qingdao,2023-01-08,0.1948,0.56
14,Qingdao,2023-01-09,0.3108,1.1
14,Qingdao,2023-01-10,0.329,4.38
14,Qingdao,2023-01-11,0.3739,9.75
14,Qingdao,2023-01-12,0.3028,0.88
14,Qingdao,2023-01-13,0.3487,1.21
14,Qingdao,2023-01-14,0.3568,2.97
14,Qingdao,2023-01-15,0.3621,4.97
14,Qingdao,2023-01-16,0.3679,0.66
14,Qingdao,2023-01-17,0.3063,1.41
14,Qingdao,2023-01-18,0.3294,1.74
14,Qingdao,2023-01-19,0.3129,2.8
14,Qingdao,2023-01-20,0.3282,1.51
14,Qingdao,2023-01-21,0.2672,4.48
14,Qingdao,2023-01-22,0.2561,0.07
14,Qingdao,2023-01-23,0.3757,2.96
14,Qingdao,2023-01-24,0.4157,7.84
14,Qingdao,2023-01-25,0.4111,1.12
14,Qingdao,2023-01-26,0.4223,3.13
14,Qingdao,2023-01-27,0.3472,2.89
14,Qingdao,2023-01-28,0.457,3.05
14,Qingdao,2023-01-29,0.5666,5.12
14,Qingdao,2023-01-30,0.511,1.16
14,Qingdao,2023-01-31,0.4674,1.39
14,Qingdao,2023-02-01,0.4677,18.09
14,Qingdao,2023-02-02,0.4744,3.28
14,Qingdao,2023-02-03,0.4485,9.33
14,Qingdao,2023-02-04,0.4406,1.82
14,Qingdao,2023-02-05,0.4531,2.71
14,Qingdao,2023-02-06,0.4105,4.9
14,Qingdao,2023-02-07,0.3783,4.42
14,Qingdao,2023-02-08,0.4235,0.66
14,Qingdao,2023-02-09,0.4795,3.19
14,Qingdao,2023-02-10,0.5281,10.68
14,Qingdao,2023-02-11,0.5416,7.48
14,Qingdao,2023-02-12,0.4996,3.33
14,Qingdao,2023-02-13,0.5015,9.21
14,Qingdao,2023-02-14,0.4871,0.3
14,Qingdao,2023-02-15,0.4155,0.38
14,Qingdao,2023-02-16,0.3881,3.87
14,Qingdao,2023-02-17,0.4122,1.21
14,Qingdao,2023-02-18,0.4882,11.59
14,Qingdao,2023-02-19,0.5844,3.79
14,Qingdao,2023-02-20,0.7061,12.53
14,Qingdao,2023-02-21,0.5884,10.34
14,Qingdao,2023-02-22,0.6389,1.09
14,Qingdao,2023-02-23,0.6121,28.03
14,Qingdao,2023-02-24,0.5707,1.23
14,Qingdao,2023-02-25,0.5215,11.83
14,Qingdao,2023-02-26,0.414,2.74
14,Qingdao,2023-02-27,0.4394,2.67
14,Qingdao,2023-02-28,0.471,2.54
14,Qingdao,2023-03-01,0.3817,1.34
14,Qingdao,2023-03-02,0.3222,4.77
14,Qingdao,2023-03-03,0.334,0.54
14,Qingdao,2023-03-04,0.4248,16.79
14,Qingdao,2023-03-05,0.2761,2.52
14,Qingdao,2023-03-06,0.353,2.33
14,Qingdao,2023-03-07,0.3663,1.86
14,Qingdao,2023-03-08,0.3902,2.77
14,Qingdao,2023-03-09,0.2493,0.69
14,Qingdao,2023-03-10,0.2378,0.24
14,Qingdao,2023-03-11,0.2129,2.93
14,Qingdao,2023-03-12,0.1297,1.52
14,Qingdao,2023-03-13,0.3033,2.67
14,Qingdao,2023-03-14,0.3426,0.07
14,Qingdao,2023-03-15,0.3949,1.77
14,Qingdao,2023-03-16,0.4284,0.98
14,Qingdao,2023-03-17,0.3468,1.61
14,Qingdao,2023-03-18,0.2443,10.46
14,Qingdao,2023-03-19,0.3169,0.09
14,Qingdao,2023-03-20,0.2856,0.8
14,Qingdao,2023-03-21,0.31,4.84
14,Qingdao,2023-03-22,0.2451,0.24
14,Qingdao,2023-03-23,0.1991,0.25
14,Qingdao,2023-03-24,0.2345,2.52
14,Qingdao,2023-03-25,0.17,1.79
14,Qingdao,2023-03-26,0.0438,3.23
14,Qingdao,2023-03-27,0.1185,0.58
14,Qingdao,2023-03-28,0.2879,0.49
14,Qingdao,2023-03-29,0.3305,3.45
14,Qingdao,2023-03-30,0.2539,0.08
14,Qingdao,2023-03-31,0.2497,2.7
14,Qingdao,2023-04-01,0.2437,0.63
14,Qingdao,2023-04-02,0.2525,5.09
14,Qingdao,2023-04-03,0.2426,0.54
14,Qingdao,2023-04-04,0.3225,0.21
14,Qingdao,2023-04-05,0.2806,0.02
14,Qingdao,2023-04-06,0.2891,6.04
14,Qingdao,2023-04-07,0.422,8.18
14,Qingdao,2023-04-08,0.3954,10.96
14,Qingdao,2023-04-09,0.5117,5.26
14,Qingdao,2023-04-10,0.551,16.04
14,Qingdao,2023-04-11,0.4887,1.84
14,Qingdao,2023-04-12,0.4488,0.67
14,Qingdao,2023-04-13,0.3938,1.28
14,Qingdao,2023-04-14,0.3196,10.16
14,Qingdao,2023-04-15,0.0958,1.21
14,Qingdao,2023-04-16,0.0647,0.01
14,Qingdao,2023-04-17,0.0036,0.7
14,Qingdao,2023-04-18,0.0,1.71
14,Qingdao,2023-04-19,0.1055,0.15
14,Qingdao,2023-04-20,0.1008,1.82
14,Qingdao,2023-04-21,0.2522,0.39
14,Qingdao,2023-04-22,0.2234,0.4
14,Qingdao,2023-04-23,0.285,8.13
14,Qingdao,2023-04-24,0.3177,2.05
14,Qingdao,2023-04-25,0.2889,0.01
14,Qingdao,2023-04-26,0.3768,4.52
14,Qingdao,2023-04-27,0.4995,2.15
14,Qingdao,2023-04-28,0.4797,7.5
14,Qingdao,2023-04-29,0.391,7.05
14,Qingdao,2023-04-30,0.377,2.57
14,Qingdao,2023-05-01,0.4274,11.21
14,Qingdao,2023-05-02,0.4475,13.09
14,Qingdao,2023-05-03,0.4367,2.05
14,Qingdao,2023-05-04,0.3669,2.13
14,Qingdao,2023-05-05,0.511,0.1
14,Qingdao,2023-05-06,0.4322,1.41
14,Qingdao,2023-05-07,0.4052,0.18
14,Qingdao,2023-05-08,0.5015,8.68
14,Qingdao,2023-05-09,0.4145,1.19
14,Qingdao,2023-05-10,0.3996,2.48
14,Qingdao,2023-05-11,0.423,1.12
14,Qingdao,2023-05-12,0.4503,0.33
14,Qingdao,2023-05-13,0.4602,2.05
14,Qingdao,2023-05-14,0.4251,4.48
14,Qingdao,2023-05-15,0.4671,5.16
14,Qingdao,2023-05-16,0.4026,1.99
14,Qingdao,2023-05-17,0.2886,0.21
14,Qingdao,2023-05-18,0.2486,1.56
14,Qingdao,2023-05-19,0.2858,0.01
14,Qingdao,2023-05-20,0.321,1.56
14,Qingdao,2023-05-21,0.3931,9.81
14,Qingdao,2023-05-22,0.5161,3.75
14,Qingdao,2023-05-23,0.3998,6.55
14,Qingdao,2023-05-24,0.3261,4.34
14,Qingdao,2023-05-25,0.2947,8.03
14,Qingdao,2023-05-26,0.3442,2.99
14,Qingdao,2023-05-27,0.3338,2.43
14,Qingdao,2023-05-28,0.3718,0.69
14,Qingdao,2023-05-29,0.4244,0.96
14,Qingdao,2023-05-30,0.4516,1.16
14,Qingdao,2023-05-31,0.3456,3.23
14,Qingdao,2023-06-01,0.3461,4.55
14,Qingdao,2023-06-02,0.3816,9.58
14,Qingdao,2023-06-03,0.3842,12.99
14,Qingdao,2023-06-04,0.3718,2.73
14,Qingdao,2023-06-05,0.5005,12.96
14,Qingdao,2023-06-06,0.4774,2.78
14,Qingdao,2023-06-07,0.3873,1.89
14,Qingdao,2023-06-08,0.3081,0.1
14,Qingdao,2023-06-09,0.3041,4.4
14,Qingdao,2023-06-10,0.2346,3.49
14,Qingdao,2023-06-11,0.3468,4.07
14,Qingdao,2023-06-12,0.4702,2.81
14,Qingdao,2023-06-13,0.4161,0.01
14,Qingdao,2023-06-14,0.4275,2.34
14,Qingdao,2023-06-15,0.3926,0.64
14,Qingdao,2023-06-16,0.3975,6.36
14,Qingdao,2023-06-17,0.3455,15.45
14,Qingdao,2023-06-18,0.3742,2.57
14,Qingdao,2023-06-19,0.3946,1.64
14,Qingdao,2023-06-20,0.3597,4.68
14,Qingdao,2023-06-21,0.3276,1.11
14,Qingdao,2023-06-22,0.3883,7.9
14,Qingdao,2023-06-23,0.3556,2.37
14,Qingdao,2023-06-24,0.3126,4.72
14,Qingdao,2023-06-25,0.2707,0.33
14,Qingdao,2023-06-26,0.3579,0.5
14,Qingdao,2023-06-27,0.4489,1.43
14,Qingdao,2023-06-28,0.3894,2.24
14,Qingdao,2023-06-29,0.4654,1.56
14,Qingdao,2023-06-30,0.545,3.83
14,Qingdao,2023-07-01,0.4552,14.27
14,Qingdao,2023-07-02,0.4497,8.13
14,Qingdao,2023-07-03,0.4049,4.71
14,Qingdao,2023-07-04,0.3714,2.0
14,Qingdao,2023-07-05,0.2764,1.56
14,Qingdao,2023-07-06,0.2531,0.21
14,Qingdao,2023-07-07,0.2721,0.42
14,Qingdao,2023-07-08,0.2172,0.76
14,Qingdao,2023-07-09,0.2514,1.84
14,Qingdao,2023-07-10,0.3652,0.32
14,Qingdao,2023-07-11,0.3883,0.29
14,Qingdao,2023-07-12,0.3002,3.23
14,Qingdao,2023-07-13,0.3738,1.52
14,Qingdao,2023-07-14,0.4058,7.63
14,Qingdao,2023-07-15,0.343,3.7
14,Qingdao,2023-07-16,0.3262,2.6
14,Qingdao,2023-07-17,0.439,7.32
14,Qingdao,2023-07-18,0.4207,0.97
14,Qingdao,2023-07-19,0.3718,1.87
14,Qingdao,2023-07-20,0.3554,3.02
14,Qingdao,2023-07-21,0.2952,1.12
14,Qingdao,2023-07-22,0.2458,9.68
14,Qingdao,2023-07-23,0.2888,1.33
14,Qingdao,2023-07-24,0.3198,0.01
14,Qingdao,2023-07-25,0.2946,1.54
14,Qingdao,2023-07-26,0.2928,0.74
14,Qingdao,2023-07-27,0.3378,4.61
14,Qingdao,2023-07-28,0.5211,3.65
14,Qingdao,2023-07-29,0.3182,18.12
14,Qingdao,2023-07-30,0.3114,6.96
14,Qingdao,2023-07-31,0.3287,1.64
14,Qingdao,2023-08-01,0.4002,0.06
14,Qingdao,2023-08-02,0.3788,14.66
14,Qingdao,2023-08-03,0.3391,1.14
14,Qingdao,2023-08-04,0.3462,1.87
14,Qingdao,2023-08-05,0.4251,3.38
14,Qingdao,2023-08-06,0.3016,7.47
14,Qingdao,2023-08-07,0.356,6.48
14,Qingdao,2023-08-08,0.3724,6.14
14,Qingdao,2023-08-09,0.4612,16.77
14,Qingdao,2023-08-10,0.365,1.57
14,Qingdao,2023-08-11,0.3517,7.85
14,Qingdao,2023-08-12,0.3726,4.82
14,Qingdao,2023-08-13,0.3398,0.18
14,Qingdao,2023-08-14,0.2765,3.35
14,Qingdao,2023-08-15,0.3336,2.9
14,Qingdao,2023-08-16,0.3307,2.05
14,Qingdao,2023-08-17,0.2757,3.36
14,Qingdao,2023-08-18,0.2441,2.03
14,Qingdao,2023-08-19,0.2694,2.6
14,Qingdao,2023-08-20,0.1959,3.74
14,Qingdao,2023-08-21,0.2716,0.27
14,Qingdao,2023-08-22,0.453,1.19
14,Qingdao,2023-08-23,0.3615,2.57
14,Qingdao,2023-08-24,0.456,3.88
14,Qingdao,2023-08-25,0.5411,5.85
14,Qingdao,2023-08-26,0.4771,2.24
14,Qingdao,2023-08-27,0.4357,3.94
14,Qingdao,2023-08-28,0.4289,8.52
14,Qingdao,2023-08-29,0.4339,1.39
14,Qingdao,2023-08-30,0.4213,1.75
14,Qingdao,2023-08-31,0.3836,3.94
14,Qingdao,2023-09-01,0.3612,0.77
14,Qingdao,2023-09-02,0.3098,4.65
14,Qingdao,2023-09-03,0.3587,1.19
14,Qingdao,2023-09-04,0.3329,4.98
14,Qingdao,2023-09-05,0.2906,0.99
14,Qingdao,2023-09-06,0.3371,2.09
14,Qingdao,2023-09-07,0.3072,1.44
14,Qingdao,2023-09-08,0.2931,0.02
14,Qingdao,2023-09-09,0.2696,3.06
14,Qingdao,2023-09-10,0.3835,0.43
14,Qingdao,2023-09-11,0.3534,6.92
14,Qingdao,2023-09-12,0.419,12.45
14,Qingdao,2023-09-13,0.3674,1.62
14,Qingdao,2023-09-14,0.3817,4.51
14,Qingdao,2023-09-15,0.369,1.83
14,Qingdao,2023-09-16,0.4133,2.44
14,Qingdao,2023-09-17,0.3193,1.99
14,Qingdao,2023-09-18,0.3062,3.14
14,Qingdao,2023-09-19,0.2661,0.21
14,Qingdao,2023-09-20,0.2871,2.12
14,Qingdao,2023-09-21,0.2895,4.6
14,Qingdao,2023-09-22,0.2158,0.66
14,Qingdao,2023-09-23,0.1623,1.82
14,Qingdao,2023-09-24,0.2811,1.31
14,Qingdao,2023-09-25,0.3238,2.28
14,Qingdao,2023-09-26,0.1974,1.52
14,Qingdao,2023-09-27,0.2457,0.37
14,Qingdao,2023-09-28,0.2551,0.79
14,Qingdao,2023-09-29,0.3099,0.9
14,Qingdao,2023-09-30,0.3402,0.76
14,Qingdao,2023-10-01,0.276,0.09
14,Qingdao,2023-10-02,0.3435,4.92
14,Qingdao,2023-10-03,0.3917,5.82
14,Qingdao,2023-10-04,0.3617,3.6
14,Qingdao,2023-10-05,0.4271,1.69
14,Qingdao,2023-10-06,0.3377,1.39
14,Qingdao,2023-10-07,0.3721,6.31
14,Qingdao,2023-10-08,0.2971,1.84
14,Qingdao,2023-10-09,0.2034,0.95
14,Qingdao,2023-10-10,0.1364,1.21
14,Qingdao,2023-10-11,0.0447,0.27
14,Qingdao,2023-10-12,0.1601,5.46
14,Qingdao,2023-10-13,0.1594,1.29
14,Qingdao,2023-10-14,0.2024,0.83
14,Qingdao,2023-10-15,0.1781,1.44
14,Qingdao,2023-10-16,0.3317,0.18
14,Qingdao,2023-10-17,0.2947,0.81
14,Qingdao,2023-10-18,0.3112,1.41
14,Qingdao,2023-10-19,0.2608,6.95
14,Qingdao,2023-10-20,0.3374,1.05
14,Qingdao,2023-10-21,0.3213,2.33
14,Qingdao,2023-10-22,0.3517,5.89
14,Qingdao,2023-10-23,0.2919,2.86
14,Qingdao,2023-10-24,0.319,1.05
14,Qingdao,2023-10-25,0.3208,6.1
14,Qingdao,2023-10-26,0.2181,0.46
14,Qingdao,2023-10-27,0.1334,0.59
14,Qingdao,2023-10-28,0.233,0.48
14,Qingdao,2023-10-29,0.2701,0.16
14,Qingdao,2023-10-30,0.3435,0.96
14,Qingdao,2023-10-31,0.4313,1.82
14,Qingdao,2023-11-01,0.4654,0.54
14,Qingdao,2023-11-02,0.5254,1.83
14,Qingdao,2023-11-03,0.4603,8.39
14,Qingdao,2023-11-04,0.4409,4.84
14,Qingdao,2023-11-05,0.5817,11.63
14,Qingdao,2023-11-06,0.6262,15.26
14,Qingdao,2023-11-07,0.4049,1.05
14,Qingdao,2023-11-08,0.405,1.73
14,Qingdao,2023-11-09,0.3563,0.69
14,Qingdao,2023-11-10,0.324,4.26
14,Qingdao,2023-11-11,0.3915,5.25
14,Qingdao,2023-11-12,0.3515,0.21
14,Qingdao,2023-11-13,0.4022,0.36
14,Qingdao,2023-11-14,0.3451,0.12
14,Qingdao,2023-11-15,0.3568,2.52
14,Qingdao,2023-11-16,0.3885,9.82
14,Qingdao,2023-11-17,0.427,9.98
14,Qingdao,2023-11-18,0.3904,3.2
14,Qingdao,2023-11-19,0.3984,4.55
14,Qingdao,2023-11-20,0.5474,6.69
14,Qingdao,2023-11-21,0.5727,6.44
14,Qingdao,2023-11-22,0.5215,0.74
14,Qingdao,2023-11-23,0.4299,6.97
14,Qingdao,2023-11-24,0.3383,0.85
14,Qingdao,2023-11-25,0.2352,0.76
14,Qingdao,2023-11-26,0.141,1.57
14,Qingdao,2023-11-27,0.1025,2.91
14,Qingdao,2023-11-28,0.1515,0.79
14,Qingdao,2023-11-29,0.2289,4.29
14,Qingdao,2023-11-30,0.2077,6.44
14,Qingdao,2023-12-01,0.2532,2.02
14,Qingdao,2023-12-02,0.3026,0.98
14,Qingdao,2023-12-03,0.3369,0.95
14,Qingdao,2023-12-04,0.399,12.57
14,Qingdao,2023-12-05,0.4499,14.65
14,Qingdao,2023-12-06,0.4678,3.65
14,Qingdao,2023-12-07,0.3949,0.99
14,Qingdao,2023-12-08,0.4307,0.46
14,Qingdao,2023-12-09,0.5268,10.9
14,Qingdao,2023-12-10,0.4857,1.54
14,Qingdao,2023-12-11,0.5462,22.14
14,Qingdao,2023-12-12,0.6324,5.83
14,Qingdao,2023-12-13,0.5616,25.23
14,Qingdao,2023-12-14,0.4517,1.96
14,Qingdao,2023-12-15,0.4619,0.84
14,Qingdao,2023-12-16,0.4095,1.06
14,Qingdao,2023-12-17,0.4001,18.49
14,Qingdao,2023-12-18,0.3545,2.47
14,Qingdao,2023-12-19,0.2783,1.68
14,Qingdao,2023-12-20,0.2708,6.83
14,Qingdao,2023-12-21,0.2458,1.07
14,Qingdao,2023-12-22,0.3785,1.05
14,Qingdao,2023-12-23,0.3267,0.29
14,Qingdao,2023-12-24,0.2998,0.99
14,Qingdao,2023-12-25,0.3689,7.24
14,Qingdao,2023-12-26,0.5212,8.29
14,Qingdao,2023-12-27,0.4816,14.21
14,Qingdao,2023-12-28,0.5189,20.0
14,Qingdao,2023-12-29,0.4975,1.1
14,Qingdao,2023-12-30,0.3955,5.58
14,Qingdao,2023-12-31,0.3364,0.31
14,Qingdao,2024-01-01,0.3538,4.59
14,Qingdao,2024-01-02,0.451,0.58
14,Qingdao,2024-01-03,0.4848,1.84
14,Qingdao,2024-01-04,0.5087,1.38
14,Qingdao,2024-01-05,0.4876,3.01
14,Qingdao,2024-01-06,0.43,0.35
14,Qingdao,2024-01-07,0.3595,2.09
14,Qingdao,2024-01-08,0.4379,7.67
14,Qingdao,2024-01-09,0.4817,7.08
14,Qingdao,2024-01-10,0.516,17.24
14,Qingdao,2024-01-11,0.4109,2.03
14,Qingdao,2024-01-12,0.3769,0.1
14,Qingdao,2024-01-13,0.4916,9.36
14,Qingdao,2024-01-14,0.5124,3.65
14,Qingdao,2024-01-15,0.5929,18.2
14,Qingdao,2024-01-16,0.5497,0.13
14,Qingdao,2024-01-17,0.5719,4.9
14,Qingdao,2024-01-18,0.5153,3.63
14,Qingdao,2024-01-19,0.5579,2.54
14,Qingdao,2024-01-20,0.5206,14.58
14,Qingdao,2024-01-21,0.4881,1.55
14,Qingdao,2024-01-22,0.5065,37.86
14,Qingdao,2024-01-23,0.349,0.96
14,Qingdao,2024-01-24,0.2707,6.26
14,Qingdao,2024-01-25,0.3435,3.39
14,Qingdao,2024-01-26,0.4055,14.29
14,Qingdao,2024-01-27,0.4261,0.42
14,Qingdao,2024-01-28,0.3313,3.8
14,Qingdao,2024-01-29,0.3365,0.05
14,Qingdao,2024-01-30,0.3994,1.44
14,Qingdao,2024-01-31,0.3014,5.12
14,Qingdao,2024-02-01,0.2583,1.6
14,Qingdao,2024-02-02,0.203,3.38
14,Qingdao,2024-02-03,0.2507,0.95
14,Qingdao,2024-02-04,0.2153,6.97
14,Qingdao,2024-02-05,0.34,3.22
14,Qingdao,2024-02-06,0.3444,4.67
14,Qingdao,2024-02-07,0.3626,2.0
14,Qingdao,2024-02-08,0.3848,1.18
14,Qingdao,2024-02-09,0.4947,2.08
14,Qingdao,2024-02-10,0.5103,0.84
14,Qingdao,2024-02-11,0.5534,2.83
14,Qingdao,2024-02-12,0.5261,4.51
14,Qingdao,2024-02-13,0.4569,12.94
14,Qingdao,2024-02-14,0.3473,1.9
14,Qingdao,2024-02-15,0.373,0.85
14,Qingdao,2024-02-16,0.3696,0.62
14,Qingdao,2024-02-17,0.3542,2.69
14,Qingdao,2024-02-18,0.3488,0.02
14,Qingdao,2024-02-19,0.4118,0.38
14,Qingdao,2024-02-20,0.3643,3.07
14,Qingdao,2024-02-21,0.3766,3.97
14,Qingdao,2024-02-22,0.2942,0.69
14,Qingdao,2024-02-23,0.3972,0.77
14,Qingdao,2024-02-24,0.2521,1.24
14,Qingdao,2024-02-25,0.1925,0.82
14,Qingdao,2024-02-26,0.2853,2.48
14,Qingdao,2024-02-27,0.3226,6.82
14,Qingdao,2024-02-28,0.3566,2.7
14,Qingdao,2024-02-29,0.2712,4.29
14,Qingdao,2024-03-01,0.1243,1.49
14,Qingdao,2024-03-02,0.2273,0.21
14,Qingdao,2024-03-03,0.2369,0.17
14,Qingdao,2024-03-04,0.3206,0.36
14,Qingdao,2024-03-05,0.2652,1.01
14,Qingdao,2024-03-06,0.2672,3.28
14,Qingdao,2024-03-07,0.1745,0.81
14,Qingdao,2024-03-08,0.2019,0.77
14,Qingdao,2024-03-09,0.2653,0.18
14,Qingdao,2024-03-10,0.1412,1.34
14,Qingdao,2024-03-11,0.3311,0.17
14,Qingdao,2024-03-12,0.2451,5.74
14,Qingdao,2024-03-13,0.2144,0.21
14,Qingdao,2024-03-14,0.2037,1.0
14,Qingdao,2024-03-15,0.3742,1.95
14,Qingdao,2024-03-16,0.3509,5.07
14,Qingdao,2024-03-17,0.3812,8.93
14,Qingdao,2024-03-18,0.3417,0.58
14,Qingdao,2024-03-19,0.3041,9.63
14,Qingdao,2024-03-20,0.3062,1.17
14,Qingdao,2024-03-21,0.1932,3.19
14,Qingdao,2024-03-22,0.1631,0.17
14,Qingdao,2024-03-23,0.1464,1.09
14,Qingdao,2024-03-24,0.194,1.15
14,Qingdao,2024-03-25,0.2441,2.42
14,Qingdao,2024-03-26,0.2919,1.8
14,Qingdao,2024-03-27,0.2397,2.71
14,Qingdao,2024-03-28,0.3235,0.32
14,Qingdao,2024-03-29,0.3912,4.97
14,Qingdao,2024-03-30,0.3586,1.81
14,Qingdao,2024-03-31,0.3218,6.65
14,Qingdao,2024-04-01,0.3291,7.0
14,Qingdao,2024-04-02,0.27,1.83
14,Qingdao,2024-04-03,0.2419,1.51
14,Qingdao,2024-04-04,0.2431,1.12
14,Qingdao,2024-04-05,0.293,0.81
14,Qingdao,2024-04-06,0.3447,2.0
14,Qingdao,2024-04-07,0.3511,5.05
14,Qingdao,2024-04-08,0.3036,3.6
14,Qingdao,2024-04-09,0.2941,3.69
14,Qingdao,2024-04-10,0.3362,3.05
14,Qingdao,2024-04-11,0.4439,2.86
14,Qingdao,2024-04-12,0.4531,0.89
14,Qingdao,2024-04-13,0.4315,3.84
14,Qingdao,2024-04-14,0.4066,0.68
14,Qingdao,2024-04-15,0.4478,1.31
14,Qingdao,2024-04-16,0.3827,6.61
14,Qingdao,2024-04-17,0.4298,5.27
14,Qingdao,2024-04-18,0.429,6.25
14,Qingdao,2024-04-19,0.5805,0.91
14,Qingdao,2024-04-20,0.543,0.34
14,Qingdao,2024-04-21,0.5624,1.42
14,Qingdao,2024-04-22,0.5446,3.57
14,Qingdao,2024-04-23,0.5329,2.71
14,Qingdao,2024-04-24,0.54,15.74
14,Qingdao,2024-04-25,0.6213,1.85
14,Qingdao,2024-04-26,0.5898,25.6
14,Qingdao,2024-04-27,0.5298,0.57
14,Qingdao,2024-04-28,0.5039,9.94
14,Qingdao,2024-04-29,0.4156,0.9
14,Qingdao,2024-04-30,0.4528,0.62
14,Qingdao,2024-05-01,0.4309,1.06
14,Qingdao,2024-05-02,0.4424,3.16
14,Qingdao,2024-05-03,0.4268,2.4
14,Qingdao,2024-05-04,0.4053,10.54
14,Qingdao,2024-05-05,0.4303,0.66
14,Qingdao,2024-05-06,0.4827,3.98
14,Qingdao,2024-05-07,0.4007,2.05
14,Qingdao,2024-05-08,0.4401,4.93
14,Qingdao,2024-05-09,0.436,6.5
14,Qingdao,2024-05-10,0.4337,0.44
14,Qingdao,2024-05-11,0.3923,4.72
14,Qingdao,2024-05-12,0.4163,1.88
14,Qingdao,2024-05-13,0.3783,1.07
14,Qingdao,2024-05-14,0.3,2.05
14,Qingdao,2024-05-15,0.3655,1.65
14,Qingdao,2024-05-16,0.3745,3.59
14,Qingdao,2024-05-17,0.4247,0.69
14,Qingdao,2024-05-18,0.3949,0.69
14,Qingdao,2024-05-19,0.4165,4.74
14,Qingdao,2024-05-20,0.4004,1.93
14,Qingdao,2024-05-21,0.4155,2.27
14,Qingdao,2024-05-22,0.3364,1.24
14,Qingdao,2024-05-23,0.3942,3.61
14,Qingdao,2024-05-24,0.4697,3.9
14,Qingdao,2024-05-25,0.4308,4.18
14,Qingdao,2024-05-26,0.387,1.34
14,Qingdao,2024-05-27,0.4515,1.18
14,Qingdao,2024-05-28,0.3746,2.11
14,Qingdao,2024-05-29,0.3274,1.38
14,Qingdao,2024-05-30,0.3935,5.75
14,Qingdao,2024-05-31,0.3962,2.29
14,Qingdao,2024-06-01,0.4001,3.56
14,Qingdao,2024-06-02,0.3084,1.45
14,Qingdao,2024-06-03,0.3783,2.59
14,Qingdao,2024-06-04,0.4608,7.72
14,Qingdao,2024-06-05,0.4577,3.45
14,Qingdao,2024-06-06,0.5141,1.43
14,Qingdao,2024-06-07,0.478,11.57
14,Qingdao,2024-06-08,0.5885,0.42
14,Qingdao,2024-06-09,0.5492,0.14
14,Qingdao,2024-06-10,0.5018,13.44
14,Qingdao,2024-06-11,0.379,0.64
14,Qingdao,2024-06-12,0.4106,1.54
14,Qingdao,2024-06-13,0.4672,11.56
14,Qingdao,2024-06-14,0.372,0.59
14,Qingdao,2024-06-15,0.3957,0.96
14,Qingdao,2024-06-16,0.3704,4.84
14,Qingdao,2024-06-17,0.4663,0.0
14,Qingdao,2024-06-18,0.4018,8.88
14,Qingdao,2024-06-19,0.4307,0.78
14,Qingdao,2024-06-20,0.5305,14.71
14,Qingdao,2024-06-21,0.5003,1.42
14,Qingdao,2024-06-22,0.4228,0.17
14,Qingdao,2024-06-23,0.5236,0.88
14,Qingdao,2024-06-24,0.5428,2.17
14,Qingdao,2024-06-25,0.5032,9.67
14,Qingdao,2024-06-26,0.4393,3.04
14,Qingdao,2024-06-27,0.4941,4.21
14,Qingdao,2024-06-28,0.488,2.68
14,Qingdao,2024-06-29,0.4548,1.16
14,Qingdao,2024-06-30,0.4057,2.62
14,Qingdao,2024-07-01,0.4359,1.7
14,Qingdao,2024-07-02,0.4407,12.73
14,Qingdao,2024-07-03,0.4982,1.57
14,Qingdao,2024-07-04,0.4041,2.24
14,Qingdao,2024-07-05,0.3968,5.29
14,Qingdao,2024-07-06,0.492,0.81
14,Qingdao,2024-07-07,0.4754,9.31
14,Qingdao,2024-07-08,0.5325,0.85
14,Qingdao,2024-07-09,0.4855,1.96
14,Qingdao,2024-07-10,0.4456,4.79
14,Qingdao,2024-07-11,0.4793,2.17
14,Qingdao,2024-07-12,0.4696,4.98
14,Qingdao,2024-07-13,0.4902,2.91
14,Qingdao,2024-07-14,0.5308,8.77
14,Qingdao,2024-07-15,0.4523,1.19
14,Qingdao,2024-07-16,0.4385,4.73
14,Qingdao,2024-07-17,0.4181,4.89
14,Qingdao,2024-07-18,0.4372,0.42
14,Qingdao,2024-07-19,0.5234,1.81
14,Qingdao,2024-07-20,0.4688,1.62
14,Qingdao,2024-07-21,0.5053,3.33
14,Qingdao,2024-07-22,0.5752,1.0
14,Qingdao,2024-07-23,0.5515,23.37
14,Qingdao,2024-07-24,0.5378,0.27
14,Qingdao,2024-07-25,0.4976,8.95
14,Qingdao,2024-07-26,0.4549,5.78
14,Qingdao,2024-07-27,0.48,2.75
14,Qingdao,2024-07-28,0.4769,0.41
14,Qingdao,2024-07-29,0.5132,3.77
14,Qingdao,2024-07-30,0.5628,0.33
14,Qingdao,2024-07-31,0.4946,7.33
14,Qingdao,2024-08-01,0.4554,9.46
14,Qingdao,2024-08-02,0.3236,5.61
14,Qingdao,2024-08-03,0.3494,9.53
14,Qingdao,2024-08-04,0.2839,5.45
14,Qingdao,2024-08-05,0.3361,0.48
14,Qingdao,2024-08-06,0.236,0.32
14,Qingdao,2024-08-07,0.2524,0.35
14,Qingdao,2024-08-08,0.2718,3.62
14,Qingdao,2024-08-09,0.2964,4.2
14,Qingdao,2024-08-10,0.2829,1.02
14,Qingdao,2024-08-11,0.2478,0.47
14,Qingdao,2024-08-12,0.3804,1.03
14,Qingdao,2024-08-13,0.3121,0.45
14,Qingdao,2024-08-14,0.4144,5.16
14,Qingdao,2024-08-15,0.385,4.13
14,Qingdao,2024-08-16,0.4945,2.0
14,Qingdao,2024-08-17,0.4772,11.0
14,Qingdao,2024-08-18,0.5054,0.4
14,Qingdao,2024-08-19,0.4531,12.65
14,Qingdao,2024-08-20,0.3328,1.14
14,Qingdao,2024-08-21,0.4093,9.53
14,Qingdao,2024-08-22,0.4877,15.77
14,Qingdao,2024-08-23,0.4498,10.44
14,Qingdao,2024-08-24,0.5393,1.62
14,Qingdao,2024-08-25,0.3957,2.23
14,Qingdao,2024-08-26,0.4235,1.0
14,Qingdao,2024-08-27,0.3744,1.13
14,Qingdao,2024-08-28,0.358,0.82
14,Qingdao,2024-08-29,0.4282,1.59
14,Qingdao,2024-08-30,0.3412,4.95
14,Qingdao,2024-08-31,0.3505,1.03
14,Qingdao,2024-09-01,0.2496,6.7
14,Qingdao,2024-09-02,0.2453,0.92
14,Qingdao,2024-09-03,0.2791,1.46
14,Qingdao,2024-09-04,0.2832,15.76
14,Qingdao,2024-09-05,0.2958,0.97
14,Qingdao,2024-09-06,0.2463,0.03
14,Qingdao,2024-09-07,0.3245,1.15
14,Qingdao,2024-09-08,0.2745,4.84
14,Qingdao,2024-09-09,0.3751,0.45
14,Qingdao,2024-09-10,0.3584,1.81
14,Qingdao,2024-09-11,0.4066,4.2
14,Qingdao,2024-09-12,0.5021,3.21
14,Qingdao,2024-09-13,0.4986,0.6
14,Qingdao,2024-09-14,0.5905,1.43
14,Qingdao,2024-09-15,0.5958,23.66
14,Qingdao,2024-09-16,0.6168,4.92
14,Qingdao,2024-09-17,0.5083,4.23
14,Qingdao,2024-09-18,0.4525,1.81
14,Qingdao,2024-09-19,0.4568,2.35
14,Qingdao,2024-09-20,0.4507,5.62
14,Qingdao,2024-09-21,0.4565,6.87
14,Qingdao,2024-09-22,0.4582,0.32
14,Qingdao,2024-09-23,0.4131,2.63
14,Qingdao,2024-09-24,0.3695,5.69
14,Qingdao,2024-09-25,0.4422,13.99
14,Qingdao,2024-09-26,0.395,0.63
14,Qingdao,2024-09-27,0.3375,1.98
14,Qingdao,2024-09-28,0.2823,5.15
14,Qingdao,2024-09-29,0.3315,6.9
14,Qingdao,2024-09-30,0.3368,2.61
14,Qingdao,2024-10-01,0.251,1.54
14,Qingdao,2024-10-02,0.2356,2.07
14,Qingdao,2024-10-03,0.2775,1.26
14,Qingdao,2024-10-04,0.2648,1.59
14,Qingdao,2024-10-05,0.2981,4.91
14,Qingdao,2024-10-06,0.3181,0.5
14,Qingdao,2024-10-07,0.3675,6.77
14,Qingdao,2024-10-08,0.305,0.26
14,Qingdao,2024-10-09,0.2349,1.1
14,Qingdao,2024-10-10,0.3107,0.12
14,Qingdao,2024-10-11,0.3798,1.66
14,Qingdao,2024-10-12,0.3903,3.96
14,Qingdao,2024-10-13,0.4011,2.49
14,Qingdao,2024-10-14,0.4725,3.97
14,Qingdao,2024-10-15,0.4175,6.25
14,Qingdao,2024-10-16,0.4618,1.39
14,Qingdao,2024-10-17,0.4244,1.59
14,Qingdao,2024-10-18,0.4268,0.46
14,Qingdao,2024-10-19,0.5075,15.8
14,Qingdao,2024-10-20,0.5217,11.98
14,Qingdao,2024-10-21,0.4946,3.33
14,Qingdao,2024-10-22,0.5024,5.5
14,Qingdao,2024-10-23,0.4571,2.28
14,Qingdao,2024-10-24,0.4385,9.28
14,Qingdao,2024-10-25,0.4692,0.39
14,Qingdao,2024-10-26,0.3487,12.05
14,Qingdao,2024-10-27,0.3159,0.78
14,Qingdao,2024-10-28,0.3341,0.65
14,Qingdao,2024-10-29,0.3393,6.46
14,Qingdao,2024-10-30,0.2514,4.15
14,Qingdao,2024-10-31,0.1641,2.96
14,Qingdao,2024-11-01,0.2197,1.56
14,Qingdao,2024-11-02,0.2998,0.29
14,Qingdao,2024-11-03,0.3169,0.74
14,Qingdao,2024-11-04,0.5085,11.48
14,Qingdao,2024-11-05,0.4737,1.44
14,Qingdao,2024-11-06,0.4472,6.6
14,Qingdao,2024-11-07,0.3845,1.97
14,Qingdao,2024-11-08,0.4882,14.83
14,Qingdao,2024-11-09,0.4224,1.3
14,Qingdao,2024-11-10,0.4137,8.9
14,Qingdao,2024-11-11,0.3007,5.81
14,Qingdao,2024-11-12,0.3808,2.61
14,Qingdao,2024-11-13,0.4184,9.62
14,Qingdao,2024-11-14,0.3918,11.4
14,Qingdao,2024-11-15,0.4006,0.33
14,Qingdao,2024-11-16,0.4073,0.54
14,Qingdao,2024-11-17,0.5176,5.63
14,Qingdao,2024-11-18,0.5041,6.45
14,Qingdao,2024-11-19,0.5007,6.27
14,Qingdao,2024-11-20,0.4005,5.01
14,Qingdao,2024-11-21,0.4475,2.39
14,Qingdao,2024-11-22,0.5329,2.42
14,Qingdao,2024-11-23,0.4536,12.95
14,Qingdao,2024-11-24,0.4163,14.71
14,Qingdao,2024-11-25,0.5205,2.46
14,Qingdao,2024-11-26,0.5075,5.1
14,Qingdao,2024-11-27,0.3946,5.74
14,Qingdao,2024-11-28,0.4493,1.53
14,Qingdao,2024-11-29,0.4391,2.59
14,Qingdao,2024-11-30,0.3573,3.74
14,Qingdao,2024-12-01,0.3923,9.53
14,Qingdao,2024-12-02,0.5596,6.51
14,Qingdao,2024-12-03,0.5354,8.35
14,Qingdao,2024-12-04,0.4963,1.67
14,Qingdao,2024-12-05,0.3755,4.09
14,Qingdao,2024-12-06,0.3168,0.14
14,Qingdao,2024-12-07,0.1879,0.98
14,Qingdao,2024-12-08,0.1484,0.98
14,Qingdao,2024-12-09,0.1592,4.09
14,Qingdao,2024-12-10,0.1258,1.11
14,Qingdao,2024-12-11,0.1307,1.0
14,Qingdao,2024-12-12,0.1472,0.28
14,Qingdao,2024-12-13,0.1296,0.45
14,Qingdao,2024-12-14,0.1426,3.57
14,Qingdao,2024-12-15,0.1987,1.81
14,Qingdao,2024-12-16,0.3113,4.28
14,Qingdao,2024-12-17,0.3372,0.55
14,Qingdao,2024-12-18,0.4141,2.24
14,Qingdao,2024-12-19,0.3108,1.57
14,Qingdao,2024-12-20,0.1611,0.04
14,Qingdao,2024-12-21,0.2098,3.15
14,Qingdao,2024-12-22,0.314,4.68
14,Qingdao,2024-12-23,0.2616,0.22
14,Qingdao,2024-12-24,0.251,0.92
14,Qingdao,2024-12-25,0.2293,2.74
14,Qingdao,2024-12-26,0.3394,7.77
14,Qingdao,2024-12-27,0.3946,5.12
14,Qingdao,2024-12-28,0.3727,3.85
14,Qingdao,2024-12-29,0.431,9.79
14,Qingdao,2024-12-30,0.4658,1.76
14,Qingdao,2024-12-31,0.3986,0.28
14,Qingdao,2025-01-01,0.4551,0.04
14,Qingdao,2025-01-02,0.3439,7.75
14,Qingdao,2025-01-03,0.3526,1.95
14,Qingdao,2025-01-04,0.3261,3.05
14,Qingdao,2025-01-05,0.4683,2.68
14,Qingdao,2025-01-06,0.3919,2.16
14,Qingdao,2025-01-07,0.3172,2.63
14,Qingdao,2025-01-08,0.3659,3.12
14,Qingdao,2025-01-09,0.3094,5.99
14,Qingdao,2025-01-10,0.3575,9.5
14,Qingdao,2025-01-11,0.3328,4.4
14,Qingdao,2025-01-12,0.2847,4.79
14,Qingdao,2025-01-13,0.3335,1.95
14,Qingdao,2025-01-14,0.365,0.86
14,Qingdao,2025-01-15,0.304,3.02
14,Qingdao,2025-01-16,0.2307,2.36
14,Qingdao,2025-01-17,0.251,0.35
14,Qingdao,2025-01-18,0.222,0.02
14,Qingdao,2025-01-19,0.265,0.96
14,Qingdao,2025-01-20,0.316,0.93
14,Qingdao,2025-01-21,0.336,1.85
14,Qingdao,2025-01-22,0.3286,1.25
14,Qingdao,2025-01-23,0.2892,0.51
14,Qingdao,2025-01-24,0.41,1.76
14,Qingdao,2025-01-25,0.4131,0.5
14,Qingdao,2025-01-26,0.3022,8.41
14,Qingdao,2025-01-27,0.3671,0.43
14,Qingdao,2025-01-28,0.275,1.81
14,Qingdao,2025-01-29,0.3016,0.14
14,Qingdao,2025-01-30,0.3813,3.9
14,Qingdao,2025-01-31,0.4111,0.55
14,Qingdao,2025-02-01,0.5268,1.13
14,Qingdao,2025-02-02,0.4163,2.63
14,Qingdao,2025-02-03,0.4935,4.31
14,Qingdao,2025-02-04,0.4522,3.32
14,Qingdao,2025-02-05,0.3694,2.44
14,Qingdao,2025-02-06,0.4534,2.62
14,Qingdao,2025-02-07,0.4511,1.71
14,Qingdao,2025-02-08,0.4336,0.38
14,Qingdao,2025-02-09,0.4154,11.72
14,Qingdao,2025-02-10,0.5954,17.93
14,Qingdao,2025-02-11,0.602,2.71
14,Qingdao,2025-02-12,0.6362,8.58
14,Qingdao,2025-02-13,0.5446,7.76
14,Qingdao,2025-02-14,0.4886,12.37
14,Qingdao,2025-02-15,0.4232,2.63
14,Qingdao,2025-02-16,0.3831,6.08
14,Qingdao,2025-02-17,0.3501,6.37
14,Qingdao,2025-02-18,0.3257,0.51
14,Qingdao,2025-02-19,0.3987,1.08
14,Qingdao,2025-02-20,0.3908,1.6
14,Qingdao,2025-02-21,0.2928,3.26
14,Qingdao,2025-02-22,0.3799,1.01
14,Qingdao,2025-02-23,0.275,4.37
14,Qingdao,2025-02-24,0.3906,13.09
14,Qingdao,2025-02-25,0.3741,3.94
14,Qingdao,2025-02-26,0.5232,0.8
14,Qingdao,2025-02-27,0.5976,13.14
14,Qingdao,2025-02-28,0.6313,1.85
14,Qingdao,2025-03-01,0.5892,11.91
14,Qingdao,2025-03-02,0.6435,8.07
14,Qingdao,2025-03-03,0.6508,10.34
14,Qingdao,2025-03-04,0.6428,2.85
14,Qingdao,2025-03-05,0.6132,6.09
14,Qingdao,2025-03-06,0.5349,11.31
14,Qingdao,2025-03-07,0.5576,4.1
14,Qingdao,2025-03-08,0.4792,2.79
14,Qingdao,2025-03-09,0.5031,2.4
14,Qingdao,2025-03-10,0.5187,4.91
14,Qingdao,2025-03-11,0.4598,6.37
14,Qingdao,2025-03-12,0.3997,2.11
14,Qingdao,2025-03-13,0.4907,3.24
14,Qingdao,2025-03-14,0.4322,3.39
14,Qingdao,2025-03-15,0.4354,5.84
14,Qingdao,2025-03-16,0.3484,1.51
14,Qingdao,2025-03-17,0.4092,3.28
14,Qingdao,2025-03-18,0.376,10.1
14,Qingdao,2025-03-19,0.3721,0.71
14,Qingdao,2025-03-20,0.3382,0.5
14,Qingdao,2025-03-21,0.2386,11.2
14,Qingdao,2025-03-22,0.267,3.29
14,Qingdao,2025-03-23,0.2875,5.76
14,Qingdao,2025-03-24,0.2647,4.92
14,Qingdao,2025-03-25,0.2726,3.37
14,Qingdao,2025-03-26,0.293,0.54
14,Qingdao,2025-03-27,0.3171,4.2
14,Qingdao,2025-03-28,0.3489,7.59
14,Qingdao,2025-03-29,0.3004,0.53
14,Qingdao,2025-03-30,0.348,3.59
14,Qingdao,2025-03-31,0.4022,6.86
14,Qingdao,2025-04-01,0.2733,0.42
14,Qingdao,2025-04-02,0.2494,0.53
14,Qingdao,2025-04-03,0.2946,0.81
14,Qingdao,2025-04-04,0.4277,1.41
14,Qingdao,2025-04-05,0.4248,2.44
14,Qingdao,2025-04-06,0.3328,0.65
14,Qingdao,2025-04-07,0.2682,0.7
14,Qingdao,2025-04-08,0.2768,16.19
14,Qingdao,2025-04-09,0.2694,1.47
14,Qingdao,2025-04-10,0.2949,1.34
14,Qingdao,2025-04-11,0.2587,0.14
14,Qingdao,2025-04-12,0.2773,6.6
14,Qingdao,2025-04-13,0.2746,0.36
14,Qingdao,2025-04-14,0.2612,2.88
14,Qingdao,2025-04-15,0.3611,3.41
14,Qingdao,2025-04-16,0.4054,13.93
14,Qingdao,2025-04-17,0.3849,1.35
14,Qingdao,2025-04-18,0.3238,2.22
14,Qingdao,2025-04-19,0.3503,3.13
14,Qingdao,2025-04-20,0.3032,0.57
14,Qingdao,2025-04-21,0.3827,0.11
14,Qingdao,2025-04-22,0.3972,1.48
14,Qingdao,2025-04-23,0.3238,0.1
14,Qingdao,2025-04-24,0.3191,4.4
14,Qingdao,2025-04-25,0.4054,11.53
14,Qingdao,2025-04-26,0.2982,1.73
14,Qingdao,2025-04-27,0.3187,0.72
14,Qingdao,2025-04-28,0.4567,17.73
14,Qingdao,2025-04-29,0.3726,1.67
14,Qingdao,2025-04-30,0.2594,2.63
14,Qingdao,2025-05-01,0.4263,4.39
14,Qingdao,2025-05-02,0.3016,1.89
14,Qingdao,2025-05-03,0.2968,6.84
14,Qingdao,2025-05-04,0.3686,8.61
14,Qingdao,2025-05-05,0.4811,1.89
14,Qingdao,2025-05-06,0.4773,5.91
14,Qingdao,2025-05-07,0.546,4.0
14,Qingdao,2025-05-08,0.5026,1.26
14,Qingdao,2025-05-09,0.48,1.45
14,Qingdao,2025-05-10,0.4665,0.83
14,Qingdao,2025-05-11,0.4709,2.32
14,Qingdao,2025-05-12,0.5176,3.5
14,Qingdao,2025-05-13,0.4341,0.14
14,Qingdao,2025-05-14,0.4233,4.35
14,Qingdao,2025-05-15,0.345,7.53
14,Qingdao,2025-05-16,0.3599,3.16
14,Qingdao,2025-05-17,0.3882,0.49
14,Qingdao,2025-05-18,0.4099,14.23
14,Qingdao,2025-05-19,0.554,0.88
14,Qingdao,2025-05-20,0.4925,0.93
14,Qingdao,2025-05-21,0.5327,3.34
14,Qingdao,2025-05-22,0.6259,27.05
14,Qingdao,2025-05-23,0.7554,5.22
14,Qingdao,2025-05-24,0.7639,30.52
14,Qingdao,2025-05-25,0.6245,8.75
14,Qingdao,2025-05-26,0.5661,4.75
14,Qingdao,2025-05-27,0.4823,10.19
14,Qingdao,2025-05-28,0.4685,3.59
14,Qingdao,2025-05-29,0.5634,3.99
14,Qingdao,2025-05-30,0.5533,2.86
14,Qingdao,2025-05-31,0.4774,5.12
14,Qingdao,2025-06-01,0.53,11.52
14,Qingdao,2025-06-02,0.5136,1.04
14,Qingdao,2025-06-03,0.5491,7.62
14,Qingdao,2025-06-04,0.4976,15.34
14,Qingdao,2025-06-05,0.5286,2.8
14,Qingdao,2025-06-06,0.5474,8.78
14,Qingdao,2025-06-07,0.5002,18.6
14,Qingdao,2025-06-08,0.3906,4.0
14,Qingdao,2025-06-09,0.4227,0.52
14,Qingdao,2025-06-10,0.3314,0.98
14,Qingdao,2025-06-11,0.35,3.74
14,Qingdao,2025-06-12,0.4005,1.75
14,Qingdao,2025-06-13,0.4526,1.94
14,Qingdao,2025-06-14,0.4317,8.57
14,Qingdao,2025-06-15,0.4125,13.11
14,Qingdao,2025-06-16,0.4825,0.23
14,Qingdao,2025-06-17,0.4242,0.19
14,Qingdao,2025-06-18,0.4206,0.06
14,Qingdao,2025-06-19,0.3231,1.49
14,Qingdao,2025-06-20,0.3065,1.24
14,Qingdao,2025-06-21,0.3208,1.3
14,Qingdao,2025-06-22,0.2379,0.6
14,Qingdao,2025-06-23,0.2973,0.02
14,Qingdao,2025-06-24,0.3366,2.35
14,Qingdao,2025-06-25,0.2901,3.47
14,Qingdao,2025-06-26,0.3117,2.36
14,Qingdao,2025-06-27,0.259,1.55
14,Qingdao,2025-06-28,0.291,1.33
14,Qingdao,2025-06-29,0.2645,0.02
14,Qingdao,2025-06-30,0.2507,12.21
14,Qingdao,2025-07-01,0.2349,3.48
14,Qingdao,2025-07-02,0.1712,1.84
14,Qingdao,2025-07-03,0.2327,1.38
14,Qingdao,2025-07-04,0.2783,1.21
14,Qingdao,2025-07-05,0.3432,3.11
14,Qingdao,2025-07-06,0.2295,0.33
14,Qingdao,2025-07-07,0.3315,1.0
14,Qingdao,2025-07-08,0.2295,1.29
14,Qingdao,2025-07-09,0.2346,5.36
14,Qingdao,2025-07-10,0.3861,10.06
14,Qingdao,2025-07-11,0.31,1.0
14,Qingdao,2025-07-12,0.3087,0.37
14,Qingdao,2025-07-13,0.2442,10.9
14,Qingdao,2025-07-14,0.2555,0.49
14,Qingdao,2025-07-15,0.2006,1.1
14,Qingdao,2025-07-16,0.0528,0.97
14,Qingdao,2025-07-17,0.1133,2.4
14,Qingdao,2025-07-18,0.1667,0.1
14,Qingdao,2025-07-19,0.126,4.18
14,Qingdao,2025-07-20,0.2218,1.53
14,Qingdao,2025-07-21,0.3033,0.16
14,Qingdao,2025-07-22,0.3031,0.67
14,Qingdao,2025-07-23,0.3347,0.13
14,Qingdao,2025-07-24,0.363,1.75
14,Qingdao,2025-07-25,0.383,0.64
14,Qingdao,2025-07-26,0.3997,0.12
14,Qingdao,2025-07-27,0.4021,0.28
14,Qingdao,2025-07-28,0.4071,1.63
14,Qingdao,2025-07-29,0.3514,2.51
14,Qingdao,2025-07-30,0.304,3.36
14,Qingdao,2025-07-31,0.2488,0.11
14,Qingdao,2025-08-01,0.2752,0.27
14,Qingdao,2025-08-02,0.3088,3.1
14,Qingdao,2025-08-03,0.3619,8.91
14,Qingdao,2025-08-04,0.407,1.27
14,Qingdao,2025-08-05,0.4599,1.05
14,Qingdao,2025-08-06,0.3715,2.23
14,Qingdao,2025-08-07,0.4263,0.11
14,Qingdao,2025-08-08,0.4999,0.27
14,Qingdao,2025-08-09,0.3913,1.19
14,Qingdao,2025-08-10,0.31,2.16
14,Qingdao,2025-08-11,0.3084,0.6
14,Qingdao,2025-08-12,0.3361,3.2
14,Qingdao,2025-08-13,0.1953,0.35
14,Qingdao,2025-08-14,0.2233,2.28
14,Qingdao,2025-08-15,0.296,1.35
14,Qingdao,2025-08-16,0.4066,7.19
14,Qingdao,2025-08-17,0.4824,1.29
14,Qingdao,2025-08-18,0.4752,3.26
14,Qingdao,2025-08-19,0.4169,3.14
14,Qingdao,2025-08-20,0.4705,0.43
14,Qingdao,2025-08-21,0.5259,3.64
14,Qingdao,2025-08-22,0.5609,4.91
14,Qingdao,2025-08-23,0.4563,2.54
14,Qingdao,2025-08-24,0.4352,1.06
14,Qingdao,2025-08-25,0.4252,0.75
14,Qingdao,2025-08-26,0.3363,5.64
14,Qingdao,2025-08-27,0.3489,3.2
14,Qingdao,2025-08-28,0.289,4.9
14,Qingdao,2025-08-29,0.457,1.82
14,Qingdao,2025-08-30,0.3753,1.81
14,Qingdao,2025-08-31,0.2231,2.74
14,Qingdao,2025-09-01,0.2838,3.6
14,Qingdao,2025-09-02,0.3773,4.82
14,Qingdao,2025-09-03,0.3776,0.21
14,Qingdao,2025-09-04,0.3364,0.57
14,Qingdao,2025-09-05,0.2978,0.0
14,Qingdao,2025-09-06,0.2113,2.45
14,Qingdao,2025-09-07,0.1863,0.62
14,Qingdao,2025-09-08,0.1782,0.11
14,Qingdao,2025-09-09,0.2037,1.45
14,Qingdao,2025-09-10,0.206,0.71
14,Qingdao,2025-09-11,0.2215,0.04
14,Qingdao,2025-09-12,0.2071,1.18
14,Qingdao,2025-09-13,0.2068,2.32
14,Qingdao,2025-09-14,0.2756,1.31
14,Qingdao,2025-09-15,0.2111,0.1
14,Qingdao,2025-09-16,0.1707,0.69
14,Qingdao,2025-09-17,0.1671,1.48
14,Qingdao,2025-09-18,0.1556,3.31
14,Qingdao,2025-09-19,0.2931,9.62
14,Qingdao,2025-09-20,0.195,2.62
14,Qingdao,2025-09-21,0.0321,3.09
14,Qingdao,2025-09-22,0.1739,4.81
14,Qingdao,2025-09-23,0.0999,1.35
14,Qingdao,2025-09-24,0.076,1.14
14,Qingdao,2025-09-25,0.1216,2.25
14,Qingdao,2025-09-26,0.2484,0.06
14,Qingdao,2025-09-27,0.2115,6.02
14,Qingdao,2025-09-28,0.1841,2.56
14,Qingdao,2025-09-29,0.164,0.78
14,Qingdao,2025-09-30,0.1817,2.24
14,Qingdao,2025-10-01,0.2861,3.68
14,Qingdao,2025-10-02,0.2493,0.9
14,Qingdao,2025-10-03,0.2308,0.02
14,Qingdao,2025-10-04,0.2308,2.31
14,Qingdao,2025-10-05,0.2725,2.44
14,Qingdao,2025-10-06,0.3646,4.37
14,Qingdao,2025-10-07,0.3457,1.09
14,Qingdao,2025-10-08,0.4347,0.51
14,Qingdao,2025-10-09,0.4551,0.18
14,Qingdao,2025-10-10,0.4671,2.34
14,Qingdao,2025-10-11,0.4452,3.3
14,Qingdao,2025-10-12,0.3012,5.39
14,Qingdao,2025-10-13,0.3045,6.66
14,Qingdao,2025-10-14,0.2413,0.11
14,Qingdao,2025-10-15,0.2323,0.56
14,Qingdao,2025-10-16,0.1874,2.56
14,Qingdao,2025-10-17,0.1455,4.28
14,Qingdao,2025-10-18,0.2158,0.18
14,Qingdao,2025-10-19,0.1224,2.37
14,Qingdao,2025-10-20,0.328,1.52
14,Qingdao,2025-10-21,0.2586,9.95
14,Qingdao,2025-10-22,0.2584,0.57
14,Qingdao,2025-10-23,0.1784,2.0
14,Qingdao,2025-10-24,0.164,1.39
14,Qingdao,2025-10-25,0.2283,3.05
14,Qingdao,2025-10-26,0.1915,1.0
14,Qingdao,2025-10-27,0.2038,6.95
14,Qingdao,2025-10-28,0.2736,3.62
14,Qingdao,2025-10-29,0.3916,0.54
14,Qingdao,2025-10-30,0.3556,1.64
14,Qingdao,2025-10-31,0.2629,1.84
14,Qingdao,2025-11-01,0.2459,1.25
14,Qingdao,2025-11-02,0.2361,4.5
14,Qingdao,2025-11-03,0.2812,4.88
14,Qingdao,2025-11-04,0.3202,3.02
14,Qingdao,2025-11-05,0.3666,4.03
14,Qingdao,2025-11-06,0.3091,5.12
14,Qingdao,2025-11-07,0.344,0.09
14,Qingdao,2025-11-08,0.3478,4.23
14,Qingdao,2025-11-09,0.4482,1.01
14,Qingdao,2025-11-10,0.5238,1.88
14,Qingdao,2025-11-11,0.4578,1.33
14,Qingdao,2025-11-12,0.3641,4.75
14,Qingdao,2025-11-13,0.3279,0.65
14,Qingdao,2025-11-14,0.3576,6.12
14,Qingdao,2025-11-15,0.3343,0.74
14,Qingdao,2025-11-16,0.2753,1.99
14,Qingdao,2025-11-17,0.2657,0.28
14,Qingdao,2025-11-18,0.3247,2.2
14,Qingdao,2025-11-19,0.2082,3.87
14,Qingdao,2025-11-20,0.2932,0.95
14,Qingdao,2025-11-21,0.3259,0.9
14,Qingdao,2025-11-22,0.2728,0.25
14,Qingdao,2025-11-23,0.2776,11.14
14,Qingdao,2025-11-24,0.3776,0.65
14,Qingdao,2025-11-25,0.3837,2.39
14,Qingdao,2025-11-26,0.3382,2.64
14,Qingdao,2025-11-27,0.3057,2.23
14,Qingdao,2025-11-28,0.321,2.63
14,Qingdao,2025-11-29,0.3456,0.58
14,Qingdao,2025-11-30,0.2436,0.95
14,Qingdao,2025-12-01,0.2579,0.31
14,Qingdao,2025-12-02,0.2582,0.3
14,Qingdao,2025-12-03,0.2615,4.39
14,Qingdao,2025-12-04,0.2421,0.76
14,Qingdao,2025-12-05,0.2849,1.25
14,Qingdao,2025-12-06,0.1659,2.4
14,Qingdao,2025-12-07,0.0744,1.15
14,Qingdao,2025-12-08,0.2265,1.11
14,Qingdao,2025-12-09,0.2321,0.04
14,Qingdao,2025-12-10,0.2296,0.87
14,Qingdao,2025-12-11,0.1312,0.7
14,Qingdao,2025-12-12,0.0563,0.01
14,Qingdao,2025-12-13,0.1077,1.33
14,Qingdao,2025-12-14,0.2083,0.19
14,Qingdao,2025-12-15,0.202,2.95
14,Qingdao,2025-12-16,0.2299,2.02
14,Qingdao,2025-12-17,0.3032,0.77
14,Qingdao,2025-12-18,0.283,2.24
14,Qingdao,2025-12-19,0.3891,3.61
14,Qingdao,2025-12-20,0.3559,8.69
14,Qingdao,2025-12-21,0.3642,2.92
14,Qingdao,2025-12-22,0.5015,10.99
14,Qingdao,2025-12-23,0.5202,25.19
14,Qingdao,2025-12-24,0.485,1.87
14,Qingdao,2025-12-25,0.4249,1.38
14,Qingdao,2025-12-26,0.5048,9.26
14,Qingdao,2025-12-27,0.5156,1.05
14,Qingdao,2025-12-28,0.5297,0.09
14,Qingdao,2025-12-29,0.5507,0.47
14,Qingdao,2025-12-30,0.5713,5.55
14,Qingdao,2025-12-31,0.4834,2.77
15,Ningbo,2023-01-01,0.4989,0.85
15,Ningbo,2023-01-02,0.5998,32.79
15,Ningbo,2023-01-03,0.5636,7.37
15,Ningbo,2023-01-04,0.4702,8.5
15,Ningbo,2023-01-05,0.4795,1.04
15,Ningbo,2023-01-06,0.5506,1.18
15,Ningbo,2023-01-07,0.5165,24.57
15,Ningbo,2023-01-08,0.5454,3.52
15,Ningbo,2023-01-09,0.6574,10.08
15,Ningbo,2023-01-10,0.6505,5.34
15,Ningbo,2023-01-11,0.5472,5.41
15,Ningbo,2023-01-12,0.5322,8.89
15,Ningbo,2023-01-13,0.5212,23.15
15,Ningbo,2023-01-14,0.3945,10.12
15,Ningbo,2023-01-15,0.317,0.02
15,Ningbo,2023-01-16,0.4798,0.39
15,Ningbo,2023-01-17,0.4518,0.07
15,Ningbo,2023-01-18,0.438,4.21
15,Ningbo,2023-01-19,0.3639,0.74
15,Ningbo,2023-01-20,0.5229,3.41
15,Ningbo,2023-01-21,0.5363,7.63
15,Ningbo,2023-01-22,0.5036,3.57
15,Ningbo,2023-01-23,0.5826,5.19
15,Ningbo,2023-01-24,0.6426,10.33
15,Ningbo,2023-01-25,0.4935,6.42
15,Ningbo,2023-01-26,0.5601,15.27
15,Ningbo,2023-01-27,0.5217,1.89
15,Ningbo,2023-01-28,0.4125,6.42
15,Ningbo,2023-01-29,0.5377,0.59
15,Ningbo,2023-01-30,0.5859,17.24
15,Ningbo,2023-01-31,0.5282,0.79
15,Ningbo,2023-02-01,0.6289,8.33
15,Ningbo,2023-02-02,0.5772,0.44
15,Ningbo,2023-02-03,0.5293,2.88
15,Ningbo,2023-02-04,0.5712,0.26
15,Ningbo,2023-02-05,0.4596,0.33
15,Ningbo,2023-02-06,0.4991,10.21
15,Ningbo,2023-02-07,0.4051,13.31
15,Ningbo,2023-02-08,0.3417,1.55
15,Ningbo,2023-02-09,0.3879,0.09
15,Ningbo,2023-02-10,0.3654,5.98
15,Ningbo,2023-02-11,0.422,5.21
15,Ningbo,2023-02-12,0.2937,3.94
15,Ningbo,2023-02-13,0.3373,3.3
15,Ningbo,2023-02-14,0.3157,2.98
15,Ningbo,2023-02-15,0.3151,3.21
15,Ningbo,2023-02-16,0.3032,4.37
15,Ningbo,2023-02-17,0.3711,3.3
15,Ningbo,2023-02-18,0.4036,3.64
15,Ningbo,2023-02-19,0.383,0.22
15,Ningbo,2023-02-20,0.3978,0.83
15,Ningbo,2023-02-21,0.4267,12.13
15,Ningbo,2023-02-22,0.4593,0.87
15,Ningbo,2023-02-23,0.3232,4.87
15,Ningbo,2023-02-24,0.2834,3.44
15,Ningbo,2023-02-25,0.2264,0.35
15,Ningbo,2023-02-26,0.2231,4.06
15,Ningbo,2023-02-27,0.1706,0.98
15,Ningbo,2023-02-28,0.2289,1.94
15,Ningbo,2023-03-01,0.1937,0.24
15,Ningbo,2023-03-02,0.2644,0.89
15,Ningbo,2023-03-03,0.2733,0.87
15,Ningbo,2023-03-04,0.3443,0.07
15,Ningbo,2023-03-05,0.3324,5.35
15,Ningbo,2023-03-06,0.371,2.91
15,Ningbo,2023-03-07,0.4176,1.41
15,Ningbo,2023-03-08,0.389,5.41
15,Ningbo,2023-03-09,0.2937,0.55
15,Ningbo,2023-03-10,0.2408,7.5
15,Ningbo,2023-03-11,0.3209,1.65
15,Ningbo,2023-03-12,0.2563,4.18
15,Ningbo,2023-03-13,0.2903,3.48
15,Ningbo,2023-03-14,0.3905,3.43
15,Ningbo,2023-03-15,0.3585,2.7
15,Ningbo,2023-03-16,0.3202,0.64
15,Ningbo,2023-03-17,0.3763,2.83
15,Ningbo,2023-03-18,0.4616,5.57
15,Ningbo,2023-03-19,0.5564,7.72
15,Ningbo,2023-03-20,0.5333,0.19
15,Ningbo,2023-03-21,0.5536,4.04
15,Ningbo,2023-03-22,0.5305,8.94
15,Ningbo,2023-03-23,0.5127,0.73
15,Ningbo,2023-03-24,0.5592,9.13
15,Ningbo,2023-03-25,0.5626,3.05
15,Ningbo,2023-03-26,0.4831,2.97
15,Ningbo,2023-03-27,0.4535,1.88
15,Ningbo,2023-03-28,0.5475,3.46
15,Ningbo,2023-03-29,0.4998,2.74
15,Ningbo,2023-03-30,0.5252,2.45
15,Ningbo,2023-03-31,0.6327,3.42
15,Ningbo,2023-04-01,0.5966,9.96
15,Ningbo,2023-04-02,0.6602,5.85
15,Ningbo,2023-04-03,0.6323,0.24
15,Ningbo,2023-04-04,0.6705,4.59
15,Ningbo,2023-04-05,0.6477,7.85
15,Ningbo,2023-04-06,0.6063,0.98
15,Ningbo,2023-04-07,0.6621,28.4
15,Ningbo,2023-04-08,0.6201,4.58
15,Ningbo,2023-04-09,0.5546,1.59
15,Ningbo,2023-04-10,0.4788,3.14
15,Ningbo,2023-04-11,0.5075,7.09
15,Ningbo,2023-04-12,0.5383,7.58
15,Ningbo,2023-04-13,0.6325,8.71
15,Ningbo,2023-04-14,0.6646,20.54
15,Ningbo,2023-04-15,0.5875,7.94
15,Ningbo,2023-04-16,0.5755,11.3
15,Ningbo,2023-04-17,0.5887,3.07
15,Ningbo,2023-04-18,0.6382,36.44
15,Ningbo,2023-04-19,0.6841,1.32
15,Ningbo,2023-04-20,0.7975,39.82
15,Ningbo,2023-04-21,0.7739,8.48
15,Ningbo,2023-04-22,0.8042,0.47
15,Ningbo,2023-04-23,0.849,30.44
15,Ningbo,2023-04-24,0.8844,15.67
15,Ningbo,2023-04-25,0.8007,2.67
15,Ningbo,2023-04-26,0.7333,14.63
15,Ningbo,2023-04-27,0.745,12.85
15,Ningbo,2023-04-28,0.7729,4.87
15,Ningbo,2023-04-29,0.6578,0.08
15,Ningbo,2023-04-30,0.5651,1.73
15,Ningbo,2023-05-01,0.6199,13.92
15,Ningbo,2023-05-02,0.4612,0.27
15,Ningbo,2023-05-03,0.4692,4.8
15,Ningbo,2023-05-04,0.4284,0.81
15,Ningbo,2023-05-05,0.4045,1.66
15,Ningbo,2023-05-06,0.3765,0.89
15,Ningbo,2023-05-07,0.3946,3.93
15,Ningbo,2023-05-08,0.437,7.49
15,Ningbo,2023-05-09,0.3597,9.95
15,Ningbo,2023-05-10,0.2604,1.07
15,Ningbo,2023-05-11,0.2904,0.6
15,Ningbo,2023-05-12,0.3648,0.17
15,Ningbo,2023-05-13,0.4155,12.73
15,Ningbo,2023-05-14,0.3158,6.49
15,Ningbo,2023-05-15,0.3844,4.23
15,Ningbo,2023-05-16,0.4243,1.73
15,Ningbo,2023-05-17,0.3919,12.94
15,Ningbo,2023-05-18,0.3713,1.01
15,Ningbo,2023-05-19,0.3779,0.3
15,Ningbo,2023-05-20,0.3474,0.65
15,Ningbo,2023-05-21,0.431,3.52
15,Ningbo,2023-05-22,0.4329,0.34
15,Ningbo,2023-05-23,0.3841,0.11
15,Ningbo,2023-05-24,0.2537,3.81
15,Ningbo,2023-05-25,0.3113,7.64
15,Ningbo,2023-05-26,0.3033,1.39
15,Ningbo,2023-05-27,0.266,4.86
15,Ningbo,2023-05-28,0.3751,1.18
15,Ningbo,2023-05-29,0.346,0.11
15,Ningbo,2023-05-30,0.2629,0.14
15,Ningbo,2023-05-31,0.1905,0.87
15,Ningbo,2023-06-01,0.1267,1.87
15,Ningbo,2023-06-02,0.1458,0.16
15,Ningbo,2023-06-03,0.1701,4.07
15,Ningbo,2023-06-04,0.1772,2.6
15,Ningbo,2023-06-05,0.2953,4.72
15,Ningbo,2023-06-06,0.3338,1.05
15,Ningbo,2023-06-07,0.354,2.19
15,Ningbo,2023-06-08,0.3795,2.36
15,Ningbo,2023-06-09,0.4465,2.56
15,Ningbo,2023-06-10,0.4313,8.76
15,Ningbo,2023-06-11,0.5236,6.85
15,Ningbo,2023-06-12,0.5087,12.69
15,Ningbo,2023-06-13,0.4603,6.47
15,Ningbo,2023-06-14,0.3996,2.96
15,Ningbo,2023-06-15,0.3493,10.47
15,Ningbo,2023-06-16,0.3122,5.15
15,Ningbo,2023-06-17,0.2521,1.03
15,Ningbo,2023-06-18,0.2575,1.62
15,Ningbo,2023-06-19,0.3009,0.31
15,Ningbo,2023-06-20,0.282,5.76
15,Ningbo,2023-06-21,0.2452,0.59
15,Ningbo,2023-06-22,0.3411,0.9
15,Ningbo,2023-06-23,0.4688,8.75
15,Ningbo,2023-06-24,0.5021,0.37
15,Ningbo,2023-06-25,0.5078,0.37
15,Ningbo,2023-06-26,0.6257,5.63
15,Ningbo,2023-06-27,0.6174,1.98
15,Ningbo,2023-06-28,0.5091,3.88
15,Ningbo,2023-06-29,0.4372,4.34
15,Ningbo,2023-06-30,0.4683,7.12
15,Ningbo,2023-07-01,0.5002,4.16
15,Ningbo,2023-07-02,0.5683,0.06
15,Ningbo,2023-07-03,0.6667,10.88
15,Ningbo,2023-07-04,0.6906,38.07
15,Ningbo,2023-07-05,0.7189,10.08
15,Ningbo,2023-07-06,0.6627,15.02
15,Ningbo,2023-07-07,0.6403,15.43
15,Ningbo,2023-07-08,0.5867,2.12
15,Ningbo,2023-07-09,0.5708,4.31
15,Ningbo,2023-07-10,0.6395,9.26
15,Ningbo,2023-07-11,0.8059,11.8
15,Ningbo,2023-07-12,0.7353,0.07
15,Ningbo,2023-07-13,0.6603,7.38
15,Ningbo,2023-07-14,0.7019,0.18
15,Ningbo,2023-07-15,0.6437,3.07
15,Ningbo,2023-07-16,0.6963,26.3
15,Ningbo,2023-07-17,0.7912,4.81
15,Ningbo,2023-07-18,0.862,13.37
15,Ningbo,2023-07-19,0.8393,26.51
15,Ningbo,2023-07-20,0.8863,1.53
15,Ningbo,2023-07-21,0.7858,7.65
15,Ningbo,2023-07-22,0.8232,2.71
15,Ningbo,2023-07-23,0.8262,17.32
15,Ningbo,2023-07-24,0.8347,1.2
15,Ningbo,2023-07-25,0.7767,6.48
15,Ningbo,2023-07-26,0.5644,24.69
15,Ningbo,2023-07-27,0.593,3.06
15,Ningbo,2023-07-28,0.5724,12.21
15,Ningbo,2023-07-29,0.5366,3.46
15,Ningbo,2023-07-30,0.5396,10.55
15,Ningbo,2023-07-31,0.5889,1.35
15,Ningbo,2023-08-01,0.5248,4.86
15,Ningbo,2023-08-02,0.465,1.34
15,Ningbo,2023-08-03,0.4051,2.69
15,Ningbo,2023-08-04,0.4449,1.12
15,Ningbo,2023-08-05,0.5158,0.31
15,Ningbo,2023-08-06,0.5174,0.85
15,Ningbo,2023-08-07,0.5669,0.79
15,Ningbo,2023-08-08,0.5385,9.37
15,Ningbo,2023-08-09,0.4986,2.54
15,Ningbo,2023-08-10,0.4527,8.81
15,Ningbo,2023-08-11,0.4572,9.32
15,Ningbo,2023-08-12,0.3697,8.71
15,Ningbo,2023-08-13,0.4569,1.27
15,Ningbo,2023-08-14,0.5109,4.71
15,Ningbo,2023-08-15,0.5146,0.09
15,Ningbo,2023-08-16,0.5284,0.48
15,Ningbo,2023-08-17,0.4925,1.52
15,Ningbo,2023-08-18,0.535,4.05
15,Ningbo,2023-08-19,0.4844,4.92
15,Ningbo,2023-08-20,0.4476,1.49
15,Ningbo,2023-08-21,0.4847,6.1
15,Ningbo,2023-08-22,0.483,4.24
15,Ningbo,2023-08-23,0.5664,7.57
15,Ningbo,2023-08-24,0.4957,0.13
15,Ningbo,2023-08-25,0.4607,1.95
15,Ningbo,2023-08-26,0.4314,0.43
15,Ningbo,2023-08-27,0.494,2.63
15,Ningbo,2023-08-28,0.5445,11.0
15,Ningbo,2023-08-29,0.6668,13.24
15,Ningbo,2023-08-30,0.635,15.32
15,Ningbo,2023-08-31,0.6335,4.54
15,Ningbo,2023-09-01,0.6449,6.35
15,Ningbo,2023-09-02,0.6364,15.27
15,Ningbo,2023-09-03,0.5667,0.41
15,Ningbo,2023-09-04,0.5962,7.04
15,Ningbo,2023-09-05,0.5093,3.09
15,Ningbo,2023-09-06,0.5211,5.78
15,Ningbo,2023-09-07,0.5373,5.03
15,Ningbo,2023-09-08,0.543,3.87
15,Ningbo,2023-09-09,0.4904,0.35
15,Ningbo,2023-09-10,0.4387,2.0
15,Ningbo,2023-09-11,0.4217,1.78
15,Ningbo,2023-09-12,0.3796,6.86
15,Ningbo,2023-09-13,0.5361,0.21
15,Ningbo,2023-09-14,0.5411,18.39
15,Ningbo,2023-09-15,0.5435,3.21
15,Ningbo,2023-09-16,0.4868,4.2
15,Ningbo,2023-09-17,0.4715,10.65
15,Ningbo,2023-09-18,0.5424,6.41
15,Ningbo,2023-09-19,0.5613,1.83
15,Ningbo,2023-09-20,0.604,7.99
15,Ningbo,2023-09-21,0.6444,17.66
15,Ningbo,2023-09-22,0.648,7.52
15,Ningbo,2023-09-23,0.5804,16.58
15,Ningbo,2023-09-24,0.5485,0.24
15,Ningbo,2023-09-25,0.622,5.52
15,Ningbo,2023-09-26,0.5602,2.1
15,Ningbo,2023-09-27,0.6713,10.78
15,Ningbo,2023-09-28,0.6017,9.17
15,Ningbo,2023-09-29,0.642,13.11
15,Ningbo,2023-09-30,0.6347,13.51
15,Ningbo,2023-10-01,0.6585,5.98
15,Ningbo,2023-10-02,0.5484,11.32
15,Ningbo,2023-10-03,0.5918,8.4
15,Ningbo,2023-10-04,0.551,9.99
15,Ningbo,2023-10-05,0.486,1.06
15,Ningbo,2023-10-06,0.5679,45.97
15,Ningbo,2023-10-07,0.4431,0.85
15,Ningbo,2023-10-08,0.5572,0.16
15,Ningbo,2023-10-09,0.5949,0.98
15,Ningbo,2023-10-10,0.5668,7.22
15,Ningbo,2023-10-11,0.4751,7.77
15,Ningbo,2023-10-12,0.4541,2.71
15,Ningbo,2023-10-13,0.5521,8.94
15,Ningbo,2023-10-14,0.5536,10.57
15,Ningbo,2023-10-15,0.573,22.14
15,Ningbo,2023-10-16,0.657,4.55
15,Ningbo,2023-10-17,0.5792,6.15
15,Ningbo,2023-10-18,0.4645,0.68
15,Ningbo,2023-10-19,0.4009,7.29
15,Ningbo,2023-10-20,0.4331,3.42
15,Ningbo,2023-10-21,0.419,0.13
15,Ningbo,2023-10-22,0.4055,8.17
15,Ningbo,2023-10-23,0.4799,1.4
15,Ningbo,2023-10-24,0.4486,5.28
15,Ningbo,2023-10-25,0.3832,3.85
15,Ningbo,2023-10-26,0.3303,5.7
15,Ningbo,2023-10-27,0.4096,14.4
15,Ningbo,2023-10-28,0.4768,6.86
15,Ningbo,2023-10-29,0.5559,2.31
15,Ningbo,2023-10-30,0.5528,9.73
15,Ningbo,2023-10-31,0.5492,3.18
15,Ningbo,2023-11-01,0.5637,13.6
15,Ningbo,2023-11-02,0.5656,33.31
15,Ningbo,2023-11-03,0.6135,24.14
15,Ningbo,2023-11-04,0.6337,2.95
15,Ningbo,2023-11-05,0.5639,28.99
15,Ningbo,2023-11-06,0.5511,4.45
15,Ningbo,2023-11-07,0.5627,1.75
15,Ningbo,2023-11-08,0.4878,3.74
15,Ningbo,2023-11-09,0.444,6.45
15,Ningbo,2023-11-10,0.4822,3.34
15,Ningbo,2023-11-11,0.4469,1.07
15,Ningbo,2023-11-12,0.4667,3.44
15,Ningbo,2023-11-13,0.4607,3.88
15,Ningbo,2023-11-14,0.3146,8.84
15,Ningbo,2023-11-15,0.3466,1.23
15,Ningbo,2023-11-16,0.3527,0.59
15,Ningbo,2023-11-17,0.4679,12.04
15,Ningbo,2023-11-18,0.4415,8.66
15,Ningbo,2023-11-19,0.4456,1.77
15,Ningbo,2023-11-20,0.46,0.16
15,Ningbo,2023-11-21,0.4145,6.8
15,Ningbo,2023-11-22,0.3878,10.01
15,Ningbo,2023-11-23,0.3345,1.81
15,Ningbo,2023-11-24,0.3838,1.49
15,Ningbo,2023-11-25,0.396,3.55
15,Ningbo,2023-11-26,0.3427,6.24
15,Ningbo,2023-11-27,0.444,3.6
15,Ningbo,2023-11-28,0.399,0.49
15,Ningbo,2023-11-29,0.4017,5.33
15,Ningbo,2023-11-30,0.4553,4.52
15,Ningbo,2023-12-01,0.56,5.99
15,Ningbo,2023-12-02,0.4028,2.37
15,Ningbo,2023-12-03,0.4581,2.42
15,Ningbo,2023-12-04,0.5094,1.34
15,Ningbo,2023-12-05,0.5291,3.38
15,Ningbo,2023-12-06,0.488,14.36
15,Ningbo,2023-12-07,0.5235,1.78
15,Ningbo,2023-12-08,0.6056,6.2
15,Ningbo,2023-12-09,0.6186,8.59
15,Ningbo,2023-12-10,0.6463,57.23
15,Ningbo,2023-12-11,0.7729,2.64
15,Ningbo,2023-12-12,0.8151,5.13
15,Ningbo,2023-12-13,0.7288,3.04
15,Ningbo,2023-12-14,0.7348,29.64
15,Ningbo,2023-12-15,0.7942,0.75
15,Ningbo,2023-12-16,0.7688,21.62
15,Ningbo,2023-12-17,0.7666,19.14
15,Ningbo,2023-12-18,0.6736,4.19
15,Ningbo,2023-12-19,0.6404,14.99
15,Ningbo,2023-12-20,0.5985,6.74
15,Ningbo,2023-12-21,0.5201,31.2
15,Ningbo,2023-12-22,0.5967,11.33
15,Ningbo,2023-12-23,0.5046,6.0
15,Ningbo,2023-12-24,0.551,8.54
15,Ningbo,2023-12-25,0.567,0.3
15,Ningbo,2023-12-26,0.6188,2.18
15,Ningbo,2023-12-27,0.619,7.11
15,Ningbo,2023-12-28,0.6049,13.21
15,Ningbo,2023-12-29,0.6113,17.41
15,Ningbo,2023-12-30,0.5616,13.36
15,Ningbo,2023-12-31,0.5593,1.49
15,Ningbo,2024-01-01,0.46,1.3
15,Ningbo,2024-01-02,0.4381,0.59
15,Ningbo,2024-01-03,0.4751,2.65
15,Ningbo,2024-01-04,0.4641,4.6
15,Ningbo,2024-01-05,0.5435,9.67
15,Ningbo,2024-01-06,0.4821,3.14
15,Ningbo,2024-01-07,0.4156,1.68
15,Ningbo,2024-01-08,0.4651,9.71
15,Ningbo,2024-01-09,0.4249,3.64
15,Ningbo,2024-01-10,0.4598,2.17
15,Ningbo,2024-01-11,0.4278,1.6
15,Ningbo,2024-01-12,0.4707,3.77
15,Ningbo,2024-01-13,0.3218,9.23
15,Ningbo,2024-01-14,0.3161,6.98
15,Ningbo,2024-01-15,0.3516,1.14
15,Ningbo,2024-01-16,0.2568,1.45
15,Ningbo,2024-01-17,0.2918,1.11
15,Ningbo,2024-01-18,0.3011,3.3
15,Ningbo,2024-01-19,0.2968,0.47
15,Ningbo,2024-01-20,0.3904,0.68
15,Ningbo,2024-01-21,0.336,0.68
15,Ningbo,2024-01-22,0.4422,1.18
15,Ningbo,2024-01-23,0.4347,9.46
15,Ningbo,2024-01-24,0.491,1.78
15,Ningbo,2024-01-25,0.5179,7.5
15,Ningbo,2024-01-26,0.4207,2.47
15,Ningbo,2024-01-27,0.3607,0.78
15,Ningbo,2024-01-28,0.3196,1.79
15,Ningbo,2024-01-29,0.5135,11.46
15,Ningbo,2024-01-30,0.5655,9.41
15,Ningbo,2024-01-31,0.6383,10.21
15,Ningbo,2024-02-01,0.5461,0.07
15,Ningbo,2024-02-02,0.5749,3.0
15,Ningbo,2024-02-03,0.5141,6.4
15,Ningbo,2024-02-04,0.5996,0.94
15,Ningbo,2024-02-05,0.6497,6.01
15,Ningbo,2024-02-06,0.6101,15.66
15,Ningbo,2024-02-07,0.5495,3.7
15,Ningbo,2024-02-08,0.576,0.73
15,Ningbo,2024-02-09,0.6106,4.85
15,Ningbo,2024-02-10,0.5701,0.05
15,Ningbo,2024-02-11,0.5087,5.25
15,Ningbo,2024-02-12,0.5797,4.38
15,Ningbo,2024-02-13,0.56,1.25
15,Ningbo,2024-02-14,0.5057,22.62
15,Ningbo,2024-02-15,0.5105,15.41
15,Ningbo,2024-02-16,0.576,18.89
15,Ningbo,2024-02-17,0.5597,3.04
15,Ningbo,2024-02-18,0.5839,1.5
15,Ningbo,2024-02-19,0.5534,9.0
15,Ningbo,2024-02-20,0.6281,4.2
15,Ningbo,2024-02-21,0.5545,7.51
15,Ningbo,2024-02-22,0.5738,7.37
15,Ningbo,2024-02-23,0.5798,5.37
15,Ningbo,2024-02-24,0.5063,2.37
15,Ningbo,2024-02-25,0.4758,9.17
15,Ningbo,2024-02-26,0.616,13.03
15,Ningbo,2024-02-27,0.5361,3.6
15,Ningbo,2024-02-28,0.4661,6.31
15,Ningbo,2024-02-29,0.4101,0.42
15,Ningbo,2024-03-01,0.5026,9.19
15,Ningbo,2024-03-02,0.5053,8.55
15,Ningbo,2024-03-03,0.4726,0.45
15,Ningbo,2024-03-04,0.4907,3.63
15,Ningbo,2024-03-05,0.4572,9.0
15,Ningbo,2024-03-06,0.4427,7.08
15,Ningbo,2024-03-07,0.3776,7.96
15,Ningbo,2024-03-08,0.3322,7.52
15,Ningbo,2024-03-09,0.3583,9.86
15,Ningbo,2024-03-10,0.3303,0.16
15,Ningbo,2024-03-11,0.4076,11.81
15,Ningbo,2024-03-12,0.4209,11.84
15,Ningbo,2024-03-13,0.4924,6.27
15,Ningbo,2024-03-14,0.4948,4.78
15,Ningbo,2024-03-15,0.553,9.8
15,Ningbo,2024-03-16,0.5055,17.34
15,Ningbo,2024-03-17,0.3955,13.09
15,Ningbo,2024-03-18,0.4245,12.72
15,Ningbo,2024-03-19,0.394,2.36
15,Ningbo,2024-03-20,0.3405,1.18
15,Ningbo,2024-03-21,0.402,12.84
15,Ningbo,2024-03-22,0.4165,10.88
15,Ningbo,2024-03-23,0.4387,1.62
15,Ningbo,2024-03-24,0.3693,4.94
15,Ningbo,2024-03-25,0.4284,5.07
15,Ningbo,2024-03-26,0.4864,0.38
15,Ningbo,2024-03-27,0.5996,1.16
15,Ningbo,2024-03-28,0.4965,2.9
15,Ningbo,2024-03-29,0.5368,2.01
15,Ningbo,2024-03-30,0.4394,2.2
15,Ningbo,2024-03-31,0.3648,4.59
15,Ningbo,2024-04-01,0.4299,0.5
15,Ningbo,2024-04-02,0.4548,0.88
15,Ningbo,2024-04-03,0.4979,2.53
15,Ningbo,2024-04-04,0.482,0.01
15,Ningbo,2024-04-05,0.5776,3.92
15,Ningbo,2024-04-06,0.6058,0.47
15,Ningbo,2024-04-07,0.5807,2.82
15,Ningbo,2024-04-08,0.646,8.31
15,Ningbo,2024-04-09,0.5992,3.94
15,Ningbo,2024-04-10,0.6447,0.57
15,Ningbo,2024-04-11,0.635,13.35
15,Ningbo,2024-04-12,0.626,2.85
15,Ningbo,2024-04-13,0.5599,2.74
15,Ningbo,2024-04-14,0.5318,12.9
15,Ningbo,2024-04-15,0.5791,0.33
15,Ningbo,2024-04-16,0.5618,0.01
15,Ningbo,2024-04-17,0.5894,8.29
15,Ningbo,2024-04-18,0.5516,1.54
15,Ningbo,2024-04-19,0.5999,12.39
15,Ningbo,2024-04-20,0.4379,15.04
15,Ningbo,2024-04-21,0.4211,4.14
15,Ningbo,2024-04-22,0.4423,3.67
15,Ningbo,2024-04-23,0.3215,4.94
15,Ningbo,2024-04-24,0.3937,2.53
15,Ningbo,2024-04-25,0.3966,0.61
15,Ningbo,2024-04-26,0.4599,7.04
15,Ningbo,2024-04-27,0.4326,5.54
15,Ningbo,2024-04-28,0.4812,6.07
15,Ningbo,2024-04-29,0.5211,13.46
15,Ningbo,2024-04-30,0.5481,2.01
15,Ningbo,2024-05-01,0.5435,5.1
15,Ningbo,2024-05-02,0.5592,3.97
15,Ningbo,2024-05-03,0.5804,7.09
15,Ningbo,2024-05-04,0.5862,12.13
15,Ningbo,2024-05-05,0.5725,6.42
15,Ningbo,2024-05-06,0.5025,0.72
15,Ningbo,2024-05-07,0.4071,1.86
15,Ningbo,2024-05-08,0.3799,1.13
15,Ningbo,2024-05-09,0.4525,6.17
15,Ningbo,2024-05-10,0.4799,3.12
15,Ningbo,2024-05-11,0.3942,2.78
15,Ningbo,2024-05-12,0.3815,9.25
15,Ningbo,2024-05-13,0.4017,0.74
15,Ningbo,2024-05-14,0.3922,0.2
15,Ningbo,2024-05-15,0.4409,11.18
15,Ningbo,2024-05-16,0.4711,0.17
15,Ningbo,2024-05-17,0.5587,11.67
15,Ningbo,2024-05-18,0.5286,2.43
15,Ningbo,2024-05-19,0.5403,2.93
15,Ningbo,2024-05-20,0.6267,5.29
15,Ningbo,2024-05-21,0.5994,29.18
15,Ningbo,2024-05-22,0.4607,1.08
15,Ningbo,2024-05-23,0.4379,0.05
15,Ningbo,2024-05-24,0.5721,4.62
15,Ningbo,2024-05-25,0.5737,0.71
15,Ningbo,2024-05-26,0.5603,7.45
15,Ningbo,2024-05-27,0.5489,4.8
15,Ningbo,2024-05-28,0.5053,18.01
15,Ningbo,2024-05-29,0.5048,1.99
15,Ningbo,2024-05-30,0.5452,1.67
15,Ningbo,2024-05-31,0.4746,1.42
15,Ningbo,2024-06-01,0.4072,17.23
15,Ningbo,2024-06-02,0.4287,1.02
15,Ningbo,2024-06-03,0.4742,8.65
15,Ningbo,2024-06-04,0.3572,14.16
15,Ningbo,2024-06-05,0.3426,4.7
15,Ningbo,2024-06-06,0.4317,1.58
15,Ningbo,2024-06-07,0.4595,6.84
15,Ningbo,2024-06-08,0.4035,3.24
15,Ningbo,2024-06-09,0.3976,1.52
15,Ningbo,2024-06-10,0.5187,3.48
15,Ningbo,2024-06-11,0.5401,4.92
15,Ningbo,2024-06-12,0.4828,7.8
15,Ningbo,2024-06-13,0.5065,2.62
15,Ningbo,2024-06-14,0.5072,1.42
15,Ningbo,2024-06-15,0.4253,1.37
15,Ningbo,2024-06-16,0.4838,8.11
15,Ningbo,2024-06-17,0.5477,18.77
15,Ningbo,2024-06-18,0.4795,7.84
15,Ningbo,2024-06-19,0.5287,13.91
15,Ningbo,2024-06-20,0.3838,2.52
15,Ningbo,2024-06-21,0.4182,1.13
15,Ningbo,2024-06-22,0.5512,7.06
15,Ningbo,2024-06-23,0.6575,1.96
15,Ningbo,2024-06-24,0.6523,5.85
15,Ningbo,2024-06-25,0.7847,3.09
15,Ningbo,2024-06-26,0.7779,31.72
15,Ningbo,2024-06-27,0.7247,6.62
15,Ningbo,2024-06-28,0.7329,1.15
15,Ningbo,2024-06-29,0.6705,15.88
15,Ningbo,2024-06-30,0.6905,32.61
15,Ningbo,2024-07-01,0.6812,27.45
15,Ningbo,2024-07-02,0.6692,4.53
15,Ningbo,2024-07-03,0.6266,0.57
15,Ningbo,2024-07-04,0.5045,15.29
15,Ningbo,2024-07-05,0.49,5.67
15,Ningbo,2024-07-06,0.478,1.38
15,Ningbo,2024-07-07,0.4685,12.59
15,Ningbo,2024-07-08,0.5558,15.4
15,Ningbo,2024-07-09,0.5772,7.53
15,Ningbo,2024-07-10,0.5396,8.51
15,Ningbo,2024-07-11,0.5026,7.06
15,Ningbo,2024-07-12,0.5372,7.95
15,Ningbo,2024-07-13,0.5092,3.42
15,Ningbo,2024-07-14,0.4743,2.28
15,Ningbo,2024-07-15,0.4625,2.42
15,Ningbo,2024-07-16,0.4387,2.52
15,Ningbo,2024-07-17,0.471,3.04
15,Ningbo,2024-07-18,0.4075,1.74
15,Ningbo,2024-07-19,0.4721,0.77
15,Ningbo,2024-07-20,0.6316,14.92
15,Ningbo,2024-07-21,0.5787,1.88
15,Ningbo,2024-07-22,0.588,0.06
15,Ningbo,2024-07-23,0.5443,11.14
15,Ningbo,2024-07-24,0.5517,3.92
15,Ningbo,2024-07-25,0.52,22.87
15,Ningbo,2024-07-26,0.5263,5.51
15,Ningbo,2024-07-27,0.4239,0.16
15,Ningbo,2024-07-28,0.4109,0.91
15,Ningbo,2024-07-29,0.3839,8.78
15,Ningbo,2024-07-30,0.3458,7.1
15,Ningbo,2024-07-31,0.428,1.62
15,Ningbo,2024-08-01,0.3769,5.12
15,Ningbo,2024-08-02,0.392,6.11
15,Ningbo,2024-08-03,0.4324,0.18
15,Ningbo,2024-08-04,0.4165,1.76
15,Ningbo,2024-08-05,0.4934,4.74
15,Ningbo,2024-08-06,0.5883,5.17
15,Ningbo,2024-08-07,0.5972,8.18
15,Ningbo,2024-08-08,0.5029,3.05
15,Ningbo,2024-08-09,0.5837,17.45
15,Ningbo,2024-08-10,0.5452,3.01
15,Ningbo,2024-08-11,0.4203,0.89
15,Ningbo,2024-08-12,0.3926,3.67
15,Ningbo,2024-08-13,0.3845,0.88
15,Ningbo,2024-08-14,0.4308,6.29
15,Ningbo,2024-08-15,0.4088,0.27
15,Ningbo,2024-08-16,0.4578,8.14
15,Ningbo,2024-08-17,0.4282,0.96
15,Ningbo,2024-08-18,0.5402,1.86
15,Ningbo,2024-08-19,0.525,9.21
15,Ningbo,2024-08-20,0.5968,0.23
15,Ningbo,2024-08-21,0.5758,33.69
15,Ningbo,2024-08-22,0.583,11.45
15,Ningbo,2024-08-23,0.4428,2.85
15,Ningbo,2024-08-24,0.5375,4.46
15,Ningbo,2024-08-25,0.4672,2.32
15,Ningbo,2024-08-26,0.5444,3.62
15,Ningbo,2024-08-27,0.4923,0.12
15,Ningbo,2024-08-28,0.4039,10.03
15,Ningbo,2024-08-29,0.4617,8.2
15,Ningbo,2024-08-30,0.4558,0.89
15,Ningbo,2024-08-31,0.4463,5.92
15,Ningbo,2024-09-01,0.4267,6.64
15,Ningbo,2024-09-02,0.3583,5.16
15,Ningbo,2024-09-03,0.2947,0.6
15,Ningbo,2024-09-04,0.1878,3.43
15,Ningbo,2024-09-05,0.1618,2.25
15,Ningbo,2024-09-06,0.3182,0.99
15,Ningbo,2024-09-07,0.4048,5.43
15,Ningbo,2024-09-08,0.5228,3.55
15,Ningbo,2024-09-09,0.6115,26.57
15,Ningbo,2024-09-10,0.6091,3.04
15,Ningbo,2024-09-11,0.6775,3.8
15,Ningbo,2024-09-12,0.6196,4.53
15,Ningbo,2024-09-13,0.7182,10.09
15,Ningbo,2024-09-14,0.6888,3.14
15,Ningbo,2024-09-15,0.6597,0.24
15,Ningbo,2024-09-16,0.6756,3.4
15,Ningbo,2024-09-17,0.7293,38.74
15,Ningbo,2024-09-18,0.8174,14.55
15,Ningbo,2024-09-19,0.6957,26.2
15,Ningbo,2024-09-20,0.7547,6.64
15,Ningbo,2024-09-21,0.701,12.14
15,Ningbo,2024-09-22,0.6671,12.22
15,Ningbo,2024-09-23,0.6833,16.23
15,Ningbo,2024-09-24,0.713,13.23
15,Ningbo,2024-09-25,0.5992,2.48
15,Ningbo,2024-09-26,0.4981,1.88
15,Ningbo,2024-09-27,0.5251,1.53
15,Ningbo,2024-09-28,0.4265,2.34
15,Ningbo,2024-09-29,0.4387,0.49
15,Ningbo,2024-09-30,0.5384,6.82
15,Ningbo,2024-10-01,0.5517,0.67
15,Ningbo,2024-10-02,0.5608,2.58
15,Ningbo,2024-10-03,0.4958,17.1
15,Ningbo,2024-10-04,0.6176,4.24
15,Ningbo,2024-10-05,0.6733,45.7
15,Ningbo,2024-10-06,0.7245,22.17
15,Ningbo,2024-10-07,0.765,0.81
15,Ningbo,2024-10-08,0.6665,6.01
15,Ningbo,2024-10-09,0.5614,16.3
15,Ningbo,2024-10-10,0.6183,5.45
15,Ningbo,2024-10-11,0.5972,12.99
15,Ningbo,2024-10-12,0.4935,1.11
15,Ningbo,2024-10-13,0.3397,1.2
15,Ningbo,2024-10-14,0.4552,6.97
15,Ningbo,2024-10-15,0.5199,4.48
15,Ningbo,2024-10-16,0.6431,16.8
15,Ningbo,2024-10-17,0.6312,9.41
15,Ningbo,2024-10-18,0.6437,5.51
15,Ningbo,2024-10-19,0.4973,6.14
15,Ningbo,2024-10-20,0.5536,9.82
15,Ningbo,2024-10-21,0.5678,7.02
15,Ningbo,2024-10-22,0.5494,25.57
15,Ningbo,2024-10-23,0.4867,11.21
15,Ningbo,2024-10-24,0.4755,2.78
15,Ningbo,2024-10-25,0.5202,0.42
15,Ningbo,2024-10-26,0.4889,3.66
15,Ningbo,2024-10-27,0.3974,5.59
15,Ningbo,2024-10-28,0.4913,1.67
15,Ningbo,2024-10-29,0.5127,0.17
15,Ningbo,2024-10-30,0.4864,4.63
15,Ningbo,2024-10-31,0.5651,5.94
15,Ningbo,2024-11-01,0.5648,3.67
15,Ningbo,2024-11-02,0.5612,2.89
15,Ningbo,2024-11-03,0.4131,5.7
15,Ningbo,2024-11-04,0.4066,0.9
15,Ningbo,2024-11-05,0.4346,1.13
15,Ningbo,2024-11-06,0.4178,10.88
15,Ningbo,2024-11-07,0.4552,2.81
15,Ningbo,2024-11-08,0.3528,5.53
15,Ningbo,2024-11-09,0.4006,6.9
15,Ningbo,2024-11-10,0.3952,3.17
15,Ningbo,2024-11-11,0.5227,1.58
15,Ningbo,2024-11-12,0.5049,0.49
15,Ningbo,2024-11-13,0.5326,5.85
15,Ningbo,2024-11-14,0.556,4.24
15,Ningbo,2024-11-15,0.6285,2.51
15,Ningbo,2024-11-16,0.6247,1.74
15,Ningbo,2024-11-17,0.603,14.62
15,Ningbo,2024-11-18,0.6113,11.23
15,Ningbo,2024-11-19,0.6542,4.3
15,Ningbo,2024-11-20,0.6095,7.33
15,Ningbo,2024-11-21,0.5546,1.31
15,Ningbo,2024-11-22,0.6155,10.9
15,Ningbo,2024-11-23,0.6621,30.35
15,Ningbo,2024-11-24,0.7286,5.65
15,Ningbo,2024-11-25,0.8332,6.9
15,Ningbo,2024-11-26,0.7967,7.22
15,Ningbo,2024-11-27,0.7927,2.78
15,Ningbo,2024-11-28,0.8773,52.63
15,Ningbo,2024-11-29,0.9164,1.89
15,Ningbo,2024-11-30,0.9564,41.13
15,Ningbo,2024-12-01,0.9525,7.92
15,Ningbo,2024-12-02,0.8847,21.85
15,Ningbo,2024-12-03,0.8172,3.99
15,Ningbo,2024-12-04,0.6757,20.86
15,Ningbo,2024-12-05,0.6338,17.79
15,Ningbo,2024-12-06,0.6059,20.39
15,Ningbo,2024-12-07,0.5461,6.47
15,Ningbo,2024-12-08,0.5197,8.57
15,Ningbo,2024-12-09,0.4988,7.21
15,Ningbo,2024-12-10,0.4202,2.9
15,Ningbo,2024-12-11,0.4833,3.54
15,Ningbo,2024-12-12,0.4416,5.44
15,Ningbo,2024-12-13,0.4553,13.49
15,Ningbo,2024-12-14,0.527,14.06
15,Ningbo,2024-12-15,0.4705,28.09
15,Ningbo,2024-12-16,0.5524,1.88
15,Ningbo,2024-12-17,0.4627,6.18
15,Ningbo,2024-12-18,0.467,0.19
15,Ningbo,2024-12-19,0.5018,1.5
15,Ningbo,2024-12-20,0.4882,3.15
15,Ningbo,2024-12-21,0.5442,14.47
15,Ningbo,2024-12-22,0.5624,10.25
15,Ningbo,2024-12-23,0.6084,6.81
15,Ningbo,2024-12-24,0.6545,3.4
15,Ningbo,2024-12-25,0.6795,7.72
15,Ningbo,2024-12-26,0.6493,24.14
15,Ningbo,2024-12-27,0.5632,10.23
15,Ningbo,2024-12-28,0.6632,5.51
15,Ningbo,2024-12-29,0.6048,2.42
15,Ningbo,2024-12-30,0.484,5.32
15,Ningbo,2024-12-31,0.5776,9.83
15,Ningbo,2025-01-01,0.5978,10.26
15,Ningbo,2025-01-02,0.5805,21.17
15,Ningbo,2025-01-03,0.5896,1.13
15,Ningbo,2025-01-04,0.625,1.38
15,Ningbo,2025-01-05,0.7362,2.62
15,Ningbo,2025-01-06,0.7174,0.67
15,Ningbo,2025-01-07,0.6349,3.29
15,Ningbo,2025-01-08,0.5977,3.73
15,Ningbo,2025-01-09,0.4957,0.32
15,Ningbo,2025-01-10,0.51,2.13
15,Ningbo,2025-01-11,0.5764,0.05
15,Ningbo,2025-01-12,0.5708,1.96
15,Ningbo,2025-01-13,0.6215,14.29
15,Ningbo,2025-01-14,0.66,11.23
15,Ningbo,2025-01-15,0.6164,0.08
15,Ningbo,2025-01-16,0.5258,2.03
15,Ningbo,2025-01-17,0.5344,3.57
15,Ningbo,2025-01-18,0.5145,5.59
15,Ningbo,2025-01-19,0.554,7.77
15,Ningbo,2025-01-20,0.6251,8.59
15,Ningbo,2025-01-21,0.4793,0.3
15,Ningbo,2025-01-22,0.3804,8.39
15,Ningbo,2025-01-23,0.456,17.53
15,Ningbo,2025-01-24,0.4132,1.65
15,Ningbo,2025-01-25,0.4775,3.88
15,Ningbo,2025-01-26,0.319,1.06
15,Ningbo,2025-01-27,0.4805,5.16
15,Ningbo,2025-01-28,0.4789,8.31
15,Ningbo,2025-01-29,0.5433,3.34
15,Ningbo,2025-01-30,0.5413,9.89
15,Ningbo,2025-01-31,0.6508,0.77
15,Ningbo,2025-02-01,0.7144,20.46
15,Ningbo,2025-02-02,0.6748,20.16
15,Ningbo,2025-02-03,0.5986,5.15
15,Ningbo,2025-02-04,0.4767,9.32
15,Ningbo,2025-02-05,0.4154,1.81
15,Ningbo,2025-02-06,0.365,5.57
15,Ningbo,2025-02-07,0.496,3.37
15,Ningbo,2025-02-08,0.4575,1.06
15,Ningbo,2025-02-09,0.4775,4.59
15,Ningbo,2025-02-10,0.4234,4.36
15,Ningbo,2025-02-11,0.4062,23.65
15,Ningbo,2025-02-12,0.4128,6.08
15,Ningbo,2025-02-13,0.4145,1.61
15,Ningbo,2025-02-14,0.3698,3.79
15,Ningbo,2025-02-15,0.4181,2.0
15,Ningbo,2025-02-16,0.47,1.83
15,Ningbo,2025-02-17,0.4896,2.27
15,Ningbo,2025-02-18,0.356,3.21
15,Ningbo,2025-02-19,0.4035,0.89
15,Ningbo,2025-02-20,0.4248,4.47
15,Ningbo,2025-02-21,0.5386,1.45
15,Ningbo,2025-02-22,0.4628,4.25
15,Ningbo,2025-02-23,0.5656,1.87
15,Ningbo,2025-02-24,0.5587,5.97
15,Ningbo,2025-02-25,0.6786,4.57
15,Ningbo,2025-02-26,0.6061,17.1
15,Ningbo,2025-02-27,0.6102,23.96
15,Ningbo,2025-02-28,0.5133,12.29
15,Ningbo,2025-03-01,0.4899,3.26
15,Ningbo,2025-03-02,0.4726,11.11
15,Ningbo,2025-03-03,0.5325,3.9
15,Ningbo,2025-03-04,0.4992,15.09
15,Ningbo,2025-03-05,0.4805,0.55
15,Ningbo,2025-03-06,0.5427,0.45
15,Ningbo,2025-03-07,0.5189,8.96
15,Ningbo,2025-03-08,0.4832,4.19
15,Ningbo,2025-03-09,0.5021,0.17
15,Ningbo,2025-03-10,0.5392,2.33
15,Ningbo,2025-03-11,0.5176,2.18
15,Ningbo,2025-03-12,0.5115,8.62
15,Ningbo,2025-03-13,0.421,0.13
15,Ningbo,2025-03-14,0.57,8.84
15,Ningbo,2025-03-15,0.5219,1.02
15,Ningbo,2025-03-16,0.4565,3.63
15,Ningbo,2025-03-17,0.5073,7.89
15,Ningbo,2025-03-18,0.4285,7.75
15,Ningbo,2025-03-19,0.4059,0.33
15,Ningbo,2025-03-20,0.4826,0.04
15,Ningbo,2025-03-21,0.5083,0.35
15,Ningbo,2025-03-22,0.4547,9.51
15,Ningbo,2025-03-23,0.3822,0.34
15,Ningbo,2025-03-24,0.4487,6.43
15,Ningbo,2025-03-25,0.3922,0.49
15,Ningbo,2025-03-26,0.34,2.12
15,Ningbo,2025-03-27,0.3714,13.11
15,Ningbo,2025-03-28,0.4599,2.44
15,Ningbo,2025-03-29,0.4125,0.24
15,Ningbo,2025-03-30,0.3226,1.19
15,Ningbo,2025-03-31,0.3536,1.66
15,Ningbo,2025-04-01,0.3999,18.0
15,Ningbo,2025-04-02,0.424,3.49
15,Ningbo,2025-04-03,0.3834,2.99
15,Ningbo,2025-04-04,0.4416,2.47
15,Ningbo,2025-04-05,0.3985,5.29
15,Ningbo,2025-04-06,0.3369,4.08
15,Ningbo,2025-04-07,0.4754,0.69
15,Ningbo,2025-04-08,0.5406,2.53
15,Ningbo,2025-04-09,0.4724,13.71
15,Ningbo,2025-04-10,0.4983,8.3
15,Ningbo,2025-04-11,0.4387,1.82
15,Ningbo,2025-04-12,0.525,0.41
15,Ningbo,2025-04-13,0.5526,2.41
15,Ningbo,2025-04-14,0.5911,10.56
15,Ningbo,2025-04-15,0.4913,0.33
15,Ningbo,2025-04-16,0.5494,1.19
15,Ningbo,2025-04-17,0.5554,2.8
15,Ningbo,2025-04-18,0.6018,22.9
15,Ningbo,2025-04-19,0.6522,8.22
15,Ningbo,2025-04-20,0.662,4.16
15,Ningbo,2025-04-21,0.5999,3.96
15,Ningbo,2025-04-22,0.6478,16.49
15,Ningbo,2025-04-23,0.5757,13.11
15,Ningbo,2025-04-24,0.5399,0.72
15,Ningbo,2025-04-25,0.5366,1.5
15,Ningbo,2025-04-26,0.4442,3.54
15,Ningbo,2025-04-27,0.3962,1.31
15,Ningbo,2025-04-28,0.3748,2.15
15,Ningbo,2025-04-29,0.319,0.5
15,Ningbo,2025-04-30,0.326,5.14
15,Ningbo,2025-05-01,0.3868,0.13
15,Ningbo,2025-05-02,0.5353,11.62
15,Ningbo,2025-05-03,0.5565,0.22
15,Ningbo,2025-05-04,0.6429,9.38
15,Ningbo,2025-05-05,0.5866,7.0
15,Ningbo,2025-05-06,0.6742,7.26
15,Ningbo,2025-05-07,0.6264,1.95
15,Ningbo,2025-05-08,0.7367,9.98
15,Ningbo,2025-05-09,0.6723,2.69
15,Ningbo,2025-05-10,0.708,26.71
15,Ningbo,2025-05-11,0.6031,0.73
15,Ningbo,2025-05-12,0.555,11.21
15,Ningbo,2025-05-13,0.6745,6.72
15,Ningbo,2025-05-14,0.5943,0.05
15,Ningbo,2025-05-15,0.59,4.24
15,Ningbo,2025-05-16,0.531,16.25
15,Ningbo,2025-05-17,0.5215,2.37
15,Ningbo,2025-05-18,0.6329,8.97
15,Ningbo,2025-05-19,0.6661,14.22
15,Ningbo,2025-05-20,0.6063,13.83
15,Ningbo,2025-05-21,0.562,1.17
15,Ningbo,2025-05-22,0.5394,4.89
15,Ningbo,2025-05-23,0.5596,2.5
15,Ningbo,2025-05-24,0.5688,0.22
15,Ningbo,2025-05-25,0.6005,5.04
15,Ningbo,2025-05-26,0.5829,1.1
15,Ningbo,2025-05-27,0.6011,0.67
15,Ningbo,2025-05-28,0.4805,4.27
15,Ningbo,2025-05-29,0.4869,18.3
15,Ningbo,2025-05-30,0.4655,5.04
15,Ningbo,2025-05-31,0.4516,7.88
15,Ningbo,2025-06-01,0.4805,0.33
15,Ningbo,2025-06-02,0.5976,2.1
15,Ningbo,2025-06-03,0.5615,13.29
15,Ningbo,2025-06-04,0.5673,4.65
15,Ningbo,2025-06-05,0.5633,10.0
15,Ningbo,2025-06-06,0.4714,0.35
15,Ningbo,2025-06-07,0.4828,1.03
15,Ningbo,2025-06-08,0.5994,7.18
15,Ningbo,2025-06-09,0.6765,12.74
15,Ningbo,2025-06-10,0.6238,2.41
15,Ningbo,2025-06-11,0.5762,1.93
15,Ningbo,2025-06-12,0.5253,4.64
15,Ningbo,2025-06-13,0.5835,0.31
15,Ningbo,2025-06-14,0.5698,4.91
15,Ningbo,2025-06-15,0.4655,4.2
15,Ningbo,2025-06-16,0.5429,13.01
15,Ningbo,2025-06-17,0.5636,7.98
15,Ningbo,2025-06-18,0.5484,6.22
15,Ningbo,2025-06-19,0.5478,0.07
15,Ningbo,2025-06-20,0.5137,11.33
15,Ningbo,2025-06-21,0.5948,25.8
15,Ningbo,2025-06-22,0.4883,1.32
15,Ningbo,2025-06-23,0.5189,4.55
15,Ningbo,2025-06-24,0.5101,7.07
15,Ningbo,2025-06-25,0.4781,5.71
15,Ningbo,2025-06-26,0.4768,5.71
15,Ningbo,2025-06-27,0.4424,0.45
15,Ningbo,2025-06-28,0.4079,1.89
15,Ningbo,2025-06-29,0.3529,1.56
15,Ningbo,2025-06-30,0.3919,6.57
15,Ningbo,2025-07-01,0.4822,9.04
15,Ningbo,2025-07-02,0.5079,13.09
15,Ningbo,2025-07-03,0.4231,1.78
15,Ningbo,2025-07-04,0.4392,0.01
15,Ningbo,2025-07-05,0.4369,2.29
15,Ningbo,2025-07-06,0.3968,3.13
15,Ningbo,2025-07-07,0.414,7.29
15,Ningbo,2025-07-08,0.4941,1.76
15,Ningbo,2025-07-09,0.3852,2.66
15,Ningbo,2025-07-10,0.4166,1.64
15,Ningbo,2025-07-11,0.3399,2.87
15,Ningbo,2025-07-12,0.3689,6.53
15,Ningbo,2025-07-13,0.325,0.53
15,Ningbo,2025-07-14,0.4167,13.64
15,Ningbo,2025-07-15,0.5366,12.4
15,Ningbo,2025-07-16,0.5211,0.58
15,Ningbo,2025-07-17,0.5908,11.82
15,Ningbo,2025-07-18,0.6436,11.32
15,Ningbo,2025-07-19,0.6461,3.91
15,Ningbo,2025-07-20,0.5578,0.88
15,Ningbo,2025-07-21,0.6496,0.61
15,Ningbo,2025-07-22,0.6493,13.52
15,Ningbo,2025-07-23,0.5611,8.15
15,Ningbo,2025-07-24,0.4907,5.95
15,Ningbo,2025-07-25,0.4807,5.61
15,Ningbo,2025-07-26,0.4231,7.26
15,Ningbo,2025-07-27,0.4161,23.03
15,Ningbo,2025-07-28,0.4928,0.28
15,Ningbo,2025-07-29,0.4724,11.17
15,Ningbo,2025-07-30,0.4809,5.25
15,Ningbo,2025-07-31,0.4007,4.21
15,Ningbo,2025-08-01,0.4973,6.15
15,Ningbo,2025-08-02,0.5425,2.94
15,Ningbo,2025-08-03,0.6553,8.74
15,Ningbo,2025-08-04,0.6065,23.78
15,Ningbo,2025-08-05,0.5166,2.03
15,Ningbo,2025-08-06,0.4276,6.82
15,Ningbo,2025-08-07,0.5022,0.4
15,Ningbo,2025-08-08,0.4399,0.03
15,Ningbo,2025-08-09,0.4127,16.18
15,Ningbo,2025-08-10,0.3206,1.25
15,Ningbo,2025-08-11,0.3789,0.95
15,Ningbo,2025-08-12,0.3989,6.52
15,Ningbo,2025-08-13,0.431,3.83
15,Ningbo,2025-08-14,0.4255,0.86
15,Ningbo,2025-08-15,0.3879,8.86
15,Ningbo,2025-08-16,0.424,8.11
15,Ningbo,2025-08-17,0.429,4.53
15,Ningbo,2025-08-18,0.4725,3.21
15,Ningbo,2025-08-19,0.4151,3.73
15,Ningbo,2025-08-20,0.4415,2.56
15,Ningbo,2025-08-21,0.4906,0.28
15,Ningbo,2025-08-22,0.4637,1.51
15,Ningbo,2025-08-23,0.3793,0.28
15,Ningbo,2025-08-24,0.4307,5.9
15,Ningbo,2025-08-25,0.3634,5.3
15,Ningbo,2025-08-26,0.3116,1.19
15,Ningbo,2025-08-27,0.2806,0.81
15,Ningbo,2025-08-28,0.2476,1.68
15,Ningbo,2025-08-29,0.3441,3.7
15,Ningbo,2025-08-30,0.4242,1.07
15,Ningbo,2025-08-31,0.4856,6.79
15,Ningbo,2025-09-01,0.4632,4.85
15,Ningbo,2025-09-02,0.5492,4.37
15,Ningbo,2025-09-03,0.4584,1.27
15,Ningbo,2025-09-04,0.4702,5.9
15,Ningbo,2025-09-05,0.507,0.38
15,Ningbo,2025-09-06,0.5892,11.85
15,Ningbo,2025-09-07,0.6009,15.25
15,Ningbo,2025-09-08,0.7223,0.79
15,Ningbo,2025-09-09,0.6355,35.6
15,Ningbo,2025-09-10,0.6628,22.04
15,Ningbo,2025-09-11,0.7037,10.83
15,Ningbo,2025-09-12,0.7341,13.97
15,Ningbo,2025-09-13,0.6488,7.0
15,Ningbo,2025-09-14,0.6067,2.38
15,Ningbo,2025-09-15,0.6639,5.16
15,Ningbo,2025-09-16,0.6826,6.18
15,Ningbo,2025-09-17,0.5955,5.34
15,Ningbo,2025-09-18,0.508,12.34
15,Ningbo,2025-09-19,0.6056,14.07
15,Ningbo,2025-09-20,0.6444,5.73
15,Ningbo,2025-09-21,0.6962,0.44
15,Ningbo,2025-09-22,0.815,16.33
15,Ningbo,2025-09-23,0.779,4.13
15,Ningbo,2025-09-24,0.6447,3.34
15,Ningbo,2025-09-25,0.7068,0.28
15,Ningbo,2025-09-26,0.6961,13.87
15,Ningbo,2025-09-27,0.7685,22.17
15,Ningbo,2025-09-28,0.6791,1.02
15,Ningbo,2025-09-29,0.7482,18.58
15,Ningbo,2025-09-30,0.6479,14.42
15,Ningbo,2025-10-01,0.712,16.54
15,Ningbo,2025-10-02,0.5864,0.29
15,Ningbo,2025-10-03,0.6026,3.24
15,Ningbo,2025-10-04,0.5762,12.33
15,Ningbo,2025-10-05,0.5206,1.31
15,Ningbo,2025-10-06,0.5497,14.87
15,Ningbo,2025-10-07,0.4914,0.9
15,Ningbo,2025-10-08,0.467,1.95
15,Ningbo,2025-10-09,0.4719,0.73
15,Ningbo,2025-10-10,0.4462,0.23
15,Ningbo,2025-10-11,0.4385,1.24
15,Ningbo,2025-10-12,0.481,12.05
15,Ningbo,2025-10-13,0.4619,5.17
15,Ningbo,2025-10-14,0.4641,6.78
15,Ningbo,2025-10-15,0.3953,2.46
15,Ningbo,2025-10-16,0.4977,2.61
15,Ningbo,2025-10-17,0.5448,9.46
15,Ningbo,2025-10-18,0.4516,5.08
15,Ningbo,2025-10-19,0.5598,2.02
15,Ningbo,2025-10-20,0.6065,3.75
15,Ningbo,2025-10-21,0.5334,8.03
15,Ningbo,2025-10-22,0.6683,7.1
15,Ningbo,2025-10-23,0.6309,2.45
15,Ningbo,2025-10-24,0.5406,11.33
15,Ningbo,2025-10-25,0.6023,9.41
15,Ningbo,2025-10-26,0.6001,30.77
15,Ningbo,2025-10-27,0.7021,8.15
15,Ningbo,2025-10-28,0.6777,35.53
15,Ningbo,2025-10-29,0.6063,1.63
15,Ningbo,2025-10-30,0.5139,32.52
15,Ningbo,2025-10-31,0.4878,2.01
15,Ningbo,2025-11-01,0.4395,0.63
15,Ningbo,2025-11-02,0.3421,6.25
15,Ningbo,2025-11-03,0.3471,5.18
15,Ningbo,2025-11-04,0.3466,14.53
15,Ningbo,2025-11-05,0.3392,1.17
15,Ningbo,2025-11-06,0.1578,1.47
15,Ningbo,2025-11-07,0.1543,0.03
15,Ningbo,2025-11-08,0.1778,1.67
15,Ningbo,2025-11-09,0.1675,3.49
15,Ningbo,2025-11-10,0.2705,0.31
15,Ningbo,2025-11-11,0.2549,0.24
15,Ningbo,2025-11-12,0.2693,0.75
15,Ningbo,2025-11-13,0.3119,9.9
15,Ningbo,2025-11-14,0.4145,0.96
15,Ningbo,2025-11-15,0.4202,2.07
15,Ningbo,2025-11-16,0.317,1.33
15,Ningbo,2025-11-17,0.4538,1.39
15,Ningbo,2025-11-18,0.5109,11.61
15,Ningbo,2025-11-19,0.44,5.16
15,Ningbo,2025-11-20,0.4547,0.83
15,Ningbo,2025-11-21,0.426,1.15
15,Ningbo,2025-11-22,0.3956,0.6
15,Ningbo,2025-11-23,0.4424,9.26
15,Ningbo,2025-11-24,0.4928,0.98
15,Ningbo,2025-11-25,0.5052,0.2
15,Ningbo,2025-11-26,0.5226,1.58
15,Ningbo,2025-11-27,0.5961,1.1
15,Ningbo,2025-11-28,0.6465,2.13
15,Ningbo,2025-11-29,0.6225,11.98
15,Ningbo,2025-11-30,0.5797,0.13
15,Ningbo,2025-12-01,0.5925,18.58
15,Ningbo,2025-12-02,0.5536,6.25
15,Ningbo,2025-12-03,0.5443,0.26
15,Ningbo,2025-12-04,0.4523,1.48
15,Ningbo,2025-12-05,0.4815,5.34
15,Ningbo,2025-12-06,0.5505,1.41
15,Ningbo,2025-12-07,0.5384,8.87
15,Ningbo,2025-12-08,0.5626,0.55
15,Ningbo,2025-12-09,0.4443,0.12
15,Ningbo,2025-12-10,0.3587,12.08
15,Ningbo,2025-12-11,0.2899,5.67
15,Ningbo,2025-12-12,0.3159,2.75
15,Ningbo,2025-12-13,0.306,0.66
15,Ningbo,2025-12-14,0.2907,1.55
15,Ningbo,2025-12-15,0.3506,4.22
15,Ningbo,2025-12-16,0.4297,11.21
15,Ningbo,2025-12-17,0.4681,0.41
15,Ningbo,2025-12-18,0.5627,5.26
15,Ningbo,2025-12-19,0.4802,7.52
15,Ningbo,2025-12-20,0.4879,0.81
15,Ningbo,2025-12-21,0.4644,0.53
15,Ningbo,2025-12-22,0.5383,0.12
15,Ningbo,2025-12-23,0.4825,19.74
15,Ningbo,2025-12-24,0.484,6.14
15,Ningbo,2025-12-25,0.4494,5.12
15,Ningbo,2025-12-26,0.5027,3.11
15,Ningbo,2025-12-27,0.5688,5.35
15,Ningbo,2025-12-28,0.4315,0.04
15,Ningbo,2025-12-29,0.4474,3.35
15,Ningbo,2025-12-30,0.5485,3.78
15,Ningbo,2025-12-31,0.5939,4.44
16,Tianjin,2023-01-01,0.5801,14.91
16,Tianjin,2023-01-02,0.6938,4.74
16,Tianjin,2023-01-03,0.6948,18.42
16,Tianjin,2023-01-04,0.7086,63.72
16,Tianjin,2023-01-05,0.7219,1.71
16,Tianjin,2023-01-06,0.7392,22.35
16,Tianjin,2023-01-07,0.8218,31.18
16,Tianjin,2023-01-08,0.7888,44.2
16,Tianjin,2023-01-09,0.7911,1.37
16,Tianjin,2023-01-10,0.8102,49.4
16,Tianjin,2023-01-11,0.7872,1.39
16,Tianjin,2023-01-12,0.8705,39.79
16,Tianjin,2023-01-13,0.9769,14.35
16,Tianjin,2023-01-14,0.8642,5.76
16,Tianjin,2023-01-15,0.8709,51.24
16,Tianjin,2023-01-16,0.8705,26.32
16,Tianjin,2023-01-17,0.8478,7.85
16,Tianjin,2023-01-18,0.8779,52.26
16,Tianjin,2023-01-19,0.8176,8.6
16,Tianjin,2023-01-20,0.7621,11.24
16,Tianjin,2023-01-21,0.6974,4.82
16,Tianjin,2023-01-22,0.6664,2.63
16,Tianjin,2023-01-23,0.5676,3.4
16,Tianjin,2023-01-24,0.5393,2.62
16,Tianjin,2023-01-25,0.5349,9.07
16,Tianjin,2023-01-26,0.5857,17.95
16,Tianjin,2023-01-27,0.5703,2.1
16,Tianjin,2023-01-28,0.5877,0.39
16,Tianjin,2023-01-29,0.5827,5.38
16,Tianjin,2023-01-30,0.6649,9.24
16,Tianjin,2023-01-31,0.7163,11.3
16,Tianjin,2023-02-01,0.6664,12.52
16,Tianjin,2023-02-02,0.7178,8.03
16,Tianjin,2023-02-03,0.7818,1.95
16,Tianjin,2023-02-04,0.729,7.93
16,Tianjin,2023-02-05,0.7666,12.15
16,Tianjin,2023-02-06,0.7914,26.5
16,Tianjin,2023-02-07,0.8006,8.02
16,Tianjin,2023-02-08,0.8003,7.42
16,Tianjin,2023-02-09,0.7343,6.37
16,Tianjin,2023-02-10,0.7008,19.78
16,Tianjin,2023-02-11,0.7571,9.13
16,Tianjin,2023-02-12,0.7002,13.29
16,Tianjin,2023-02-13,0.5969,1.01
16,Tianjin,2023-02-14,0.544,11.27
16,Tianjin,2023-02-15,0.6138,3.42
16,Tianjin,2023-02-16,0.6894,4.72
16,Tianjin,2023-02-17,0.7665,1.26
16,Tianjin,2023-02-18,0.7125,4.55
16,Tianjin,2023-02-19,0.6682,5.19
16,Tianjin,2023-02-20,0.7128,0.59
16,Tianjin,2023-02-21,0.7242,18.21
16,Tianjin,2023-02-22,0.5775,6.38
16,Tianjin,2023-02-23,0.5158,1.25
16,Tianjin,2023-02-24,0.5518,3.86
16,Tianjin,2023-02-25,0.53,0.57
16,Tianjin,2023-02-26,0.4805,1.87
16,Tianjin,2023-02-27,0.5509,1.42
16,Tianjin,2023-02-28,0.5128,28.16
16,Tianjin,2023-03-01,0.4003,0.7
16,Tianjin,2023-03-02,0.4733,0.48
16,Tianjin,2023-03-03,0.5018,11.76
16,Tianjin,2023-03-04,0.5231,13.13
16,Tianjin,2023-03-05,0.4561,13.85
16,Tianjin,2023-03-06,0.4441,0.82
16,Tianjin,2023-03-07,0.3477,4.24
16,Tianjin,2023-03-08,0.3905,2.46
16,Tianjin,2023-03-09,0.3924,9.36
16,Tianjin,2023-03-10,0.508,16.04
16,Tianjin,2023-03-11,0.4706,1.73
16,Tianjin,2023-03-12,0.4162,8.44
16,Tianjin,2023-03-13,0.4065,14.68
16,Tianjin,2023-03-14,0.4641,1.21
16,Tianjin,2023-03-15,0.6088,15.49
16,Tianjin,2023-03-16,0.5753,19.97
16,Tianjin,2023-03-17,0.6338,2.1
16,Tianjin,2023-03-18,0.5875,21.66
16,Tianjin,2023-03-19,0.5542,1.69
16,Tianjin,2023-03-20,0.5188,3.03
16,Tianjin,2023-03-21,0.5246,0.88
16,Tianjin,2023-03-22,0.4847,2.38
16,Tianjin,2023-03-23,0.4322,2.38
16,Tianjin,2023-03-24,0.5416,1.01
16,Tianjin,2023-03-25,0.5902,20.07
16,Tianjin,2023-03-26,0.6524,9.35
16,Tianjin,2023-03-27,0.6904,1.61
16,Tianjin,2023-03-28,0.6215,20.07
16,Tianjin,2023-03-29,0.6292,16.58
16,Tianjin,2023-03-30,0.6313,0.4
16,Tianjin,2023-03-31,0.5956,16.95
16,Tianjin,2023-04-01,0.6981,0.19
16,Tianjin,2023-04-02,0.6756,6.05
16,Tianjin,2023-04-03,0.7064,5.08
16,Tianjin,2023-04-04,0.6935,9.13
16,Tianjin,2023-04-05,0.7009,7.77
16,Tianjin,2023-04-06,0.6627,10.47
16,Tianjin,2023-04-07,0.7504,7.92
16,Tianjin,2023-04-08,0.8088,23.39
16,Tianjin,2023-04-09,0.6579,12.37
16,Tianjin,2023-04-10,0.6669,12.15
16,Tianjin,2023-04-11,0.7152,8.73
16,Tianjin,2023-04-12,0.7182,30.6
16,Tianjin,2023-04-13,0.6285,1.42
16,Tianjin,2023-04-14,0.621,13.21
16,Tianjin,2023-04-15,0.6987,18.88
16,Tianjin,2023-04-16,0.5809,0.29
16,Tianjin,2023-04-17,0.6202,1.62
16,Tianjin,2023-04-18,0.6014,8.51
16,Tianjin,2023-04-19,0.5673,13.34
16,Tianjin,2023-04-20,0.5416,3.4
16,Tianjin,2023-04-21,0.6058,6.11
16,Tianjin,2023-04-22,0.6362,10.55
16,Tianjin,2023-04-23,0.6405,13.18
16,Tianjin,2023-04-24,0.7024,14.27
16,Tianjin,2023-04-25,0.6712,0.68
16,Tianjin,2023-04-26,0.7352,12.15
16,Tianjin,2023-04-27,0.7516,11.39
16,Tianjin,2023-04-28,0.7186,8.56
16,Tianjin,2023-04-29,0.724,0.58
16,Tianjin,2023-04-30,0.7614,4.39
16,Tianjin,2023-05-01,0.7841,18.21
16,Tianjin,2023-05-02,0.6938,14.38
16,Tianjin,2023-05-03,0.5628,2.7
16,Tianjin,2023-05-04,0.5958,0.29
16,Tianjin,2023-05-05,0.5507,1.23
16,Tianjin,2023-05-06,0.4962,7.43
16,Tianjin,2023-05-07,0.4502,1.94
16,Tianjin,2023-05-08,0.439,0.22
16,Tianjin,2023-05-09,0.4274,2.09
16,Tianjin,2023-05-10,0.4424,3.29
16,Tianjin,2023-05-11,0.4067,2.13
16,Tianjin,2023-05-12,0.3977,22.48
16,Tianjin,2023-05-13,0.3896,1.62
16,Tianjin,2023-05-14,0.3906,3.11
16,Tianjin,2023-05-15,0.4613,7.75
16,Tianjin,2023-05-16,0.4805,2.1
16,Tianjin,2023-05-17,0.4103,4.03
16,Tianjin,2023-05-18,0.4739,0.99
16,Tianjin,2023-05-19,0.426,2.54
16,Tianjin,2023-05-20,0.4511,1.59
16,Tianjin,2023-05-21,0.4502,4.08
16,Tianjin,2023-05-22,0.5984,15.13
16,Tianjin,2023-05-23,0.5605,3.9
16,Tianjin,2023-05-24,0.5574,13.86
16,Tianjin,2023-05-25,0.5561,8.06
16,Tianjin,2023-05-26,0.6167,4.67
16,Tianjin,2023-05-27,0.675,15.06
16,Tianjin,2023-05-28,0.6713,13.13
16,Tianjin,2023-05-29,0.8308,21.77
16,Tianjin,2023-05-30,0.7771,4.69
16,Tianjin,2023-05-31,0.8173,32.43
16,Tianjin,2023-06-01,0.7949,77.02
16,Tianjin,2023-06-02,0.7993,15.93
16,Tianjin,2023-06-03,0.6922,4.63
16,Tianjin,2023-06-04,0.7058,5.86
16,Tianjin,2023-06-05,0.7091,74.45
16,Tianjin,2023-06-06,0.6838,33.51
16,Tianjin,2023-06-07,0.6623,3.77
16,Tianjin,2023-06-08,0.6769,1.72
16,Tianjin,2023-06-09,0.7574,14.07
16,Tianjin,2023-06-10,0.7166,15.62
16,Tianjin,2023-06-11,0.6724,3.02
16,Tianjin,2023-06-12,0.7079,1.36
16,Tianjin,2023-06-13,0.6213,16.09
16,Tianjin,2023-06-14,0.5566,14.63
16,Tianjin,2023-06-15,0.5826,9.33
16,Tianjin,2023-06-16,0.57,19.45
16,Tianjin,2023-06-17,0.6107,5.29
16,Tianjin,2023-06-18,0.5926,33.81
16,Tianjin,2023-06-19,0.602,6.68
16,Tianjin,2023-06-20,0.6596,13.92
16,Tianjin,2023-06-21,0.6022,21.81
16,Tianjin,2023-06-22,0.5914,4.95
16,Tianjin,2023-06-23,0.5739,2.18
16,Tianjin,2023-06-24,0.5656,8.41
16,Tianjin,2023-06-25,0.5975,2.19
16,Tianjin,2023-06-26,0.6364,0.09
16,Tianjin,2023-06-27,0.619,1.33
16,Tianjin,2023-06-28,0.5982,1.81
16,Tianjin,2023-06-29,0.6039,0.01
16,Tianjin,2023-06-30,0.6496,6.81
16,Tianjin,2023-07-01,0.659,1.72
16,Tianjin,2023-07-02,0.6517,11.12
16,Tianjin,2023-07-03,0.6399,14.45
16,Tianjin,2023-07-04,0.6163,48.43
16,Tianjin,2023-07-05,0.5772,9.38
16,Tianjin,2023-07-06,0.5922,14.66
16,Tianjin,2023-07-07,0.5968,4.18
16,Tianjin,2023-07-08,0.5725,7.07
16,Tianjin,2023-07-09,0.6516,1.42
16,Tianjin,2023-07-10,0.6693,23.77
16,Tianjin,2023-07-11,0.542,7.83
16,Tianjin,2023-07-12,0.638,12.96
16,Tianjin,2023-07-13,0.6227,9.25
16,Tianjin,2023-07-14,0.6206,5.13
16,Tianjin,2023-07-15,0.5885,4.38
16,Tianjin,2023-07-16,0.5592,18.29
16,Tianjin,2023-07-17,0.6673,2.16
16,Tianjin,2023-07-18,0.6146,0.26
16,Tianjin,2023-07-19,0.5681,3.75
16,Tianjin,2023-07-20,0.5511,0.11
16,Tianjin,2023-07-21,0.4833,1.71
16,Tianjin,2023-07-22,0.4618,1.55
16,Tianjin,2023-07-23,0.5262,5.58
16,Tianjin,2023-07-24,0.5828,8.63
16,Tianjin,2023-07-25,0.6066,4.14
16,Tianjin,2023-07-26,0.5597,1.71
16,Tianjin,2023-07-27,0.4584,1.41
16,Tianjin,2023-07-28,0.5333,0.12
16,Tianjin,2023-07-29,0.4729,3.99
16,Tianjin,2023-07-30,0.3862,6.71
16,Tianjin,2023-07-31,0.3961,0.36
16,Tianjin,2023-08-01,0.3712,1.0
16,Tianjin,2023-08-02,0.322,3.43
16,Tianjin,2023-08-03,0.3464,1.63
16,Tianjin,2023-08-04,0.5241,3.27
16,Tianjin,2023-08-05,0.5199,5.65
16,Tianjin,2023-08-06,0.4814,0.61
16,Tianjin,2023-08-07,0.5286,1.02
16,Tianjin,2023-08-08,0.5822,8.75
16,Tianjin,2023-08-09,0.4451,1.32
16,Tianjin,2023-08-10,0.4283,5.56
16,Tianjin,2023-08-11,0.4834,4.86
16,Tianjin,2023-08-12,0.5077,5.6
16,Tianjin,2023-08-13,0.48,4.22
16,Tianjin,2023-08-14,0.4448,0.73
16,Tianjin,2023-08-15,0.4644,1.06
16,Tianjin,2023-08-16,0.4245,4.82
16,Tianjin,2023-08-17,0.2758,2.0
16,Tianjin,2023-08-18,0.3407,3.55
16,Tianjin,2023-08-19,0.3755,5.92
16,Tianjin,2023-08-20,0.379,1.25
16,Tianjin,2023-08-21,0.5355,2.73
16,Tianjin,2023-08-22,0.5602,14.72
16,Tianjin,2023-08-23,0.5622,3.11
16,Tianjin,2023-08-24,0.6443,9.89
16,Tianjin,2023-08-25,0.7686,12.22
16,Tianjin,2023-08-26,0.7904,13.25
16,Tianjin,2023-08-27,0.7301,11.52
16,Tianjin,2023-08-28,0.7693,37.03
16,Tianjin,2023-08-29,0.7866,1.3
16,Tianjin,2023-08-30,0.6104,9.28
16,Tianjin,2023-08-31,0.5278,4.16
16,Tianjin,2023-09-01,0.5893,9.12
16,Tianjin,2023-09-02,0.5736,0.95
16,Tianjin,2023-09-03,0.5973,2.15
16,Tianjin,2023-09-04,0.6673,16.28
16,Tianjin,2023-09-05,0.595,3.3
16,Tianjin,2023-09-06,0.5728,6.9
16,Tianjin,2023-09-07,0.5735,1.06
16,Tianjin,2023-09-08,0.6467,3.26
16,Tianjin,2023-09-09,0.6811,15.91
16,Tianjin,2023-09-10,0.5636,5.27
16,Tianjin,2023-09-11,0.4697,0.38
16,Tianjin,2023-09-12,0.4406,4.73
16,Tianjin,2023-09-13,0.5174,14.01
16,Tianjin,2023-09-14,0.4831,1.89
16,Tianjin,2023-09-15,0.6462,0.05
16,Tianjin,2023-09-16,0.5519,8.52
16,Tianjin,2023-09-17,0.4861,8.67
16,Tianjin,2023-09-18,0.4885,5.56
16,Tianjin,2023-09-19,0.4333,8.73
16,Tianjin,2023-09-20,0.391,3.28
16,Tianjin,2023-09-21,0.4195,2.75
16,Tianjin,2023-09-22,0.4621,10.39
16,Tianjin,2023-09-23,0.4075,0.91
16,Tianjin,2023-09-24,0.4243,7.47
16,Tianjin,2023-09-25,0.4351,6.77
16,Tianjin,2023-09-26,0.4876,1.38
16,Tianjin,2023-09-27,0.5077,0.25
16,Tianjin,2023-09-28,0.5395,0.05
16,Tianjin,2023-09-29,0.5696,6.4
16,Tianjin,2023-09-30,0.5547,12.11
16,Tianjin,2023-10-01,0.5607,4.19
16,Tianjin,2023-10-02,0.7534,2.33
16,Tianjin,2023-10-03,0.6935,14.55
16,Tianjin,2023-10-04,0.7104,1.16
16,Tianjin,2023-10-05,0.7248,1.07
16,Tianjin,2023-10-06,0.8709,32.11
16,Tianjin,2023-10-07,0.8993,9.24
16,Tianjin,2023-10-08,0.7466,11.89
16,Tianjin,2023-10-09,0.7378,1.11
16,Tianjin,2023-10-10,0.5809,25.12
16,Tianjin,2023-10-11,0.5941,6.72
16,Tianjin,2023-10-12,0.5996,1.35
16,Tianjin,2023-10-13,0.6,7.14
16,Tianjin,2023-10-14,0.6067,23.93
16,Tianjin,2023-10-15,0.6387,2.36
16,Tianjin,2023-10-16,0.6306,11.07
16,Tianjin,2023-10-17,0.5542,6.55
16,Tianjin,2023-10-18,0.5148,1.78
16,Tianjin,2023-10-19,0.5434,2.73
16,Tianjin,2023-10-20,0.5693,13.82
16,Tianjin,2023-10-21,0.6138,1.78
16,Tianjin,2023-10-22,0.5225,1.61
16,Tianjin,2023-10-23,0.6139,14.56
16,Tianjin,2023-10-24,0.6779,5.68
16,Tianjin,2023-10-25,0.7737,9.16
16,Tianjin,2023-10-26,0.76,25.92
16,Tianjin,2023-10-27,0.7693,15.56
16,Tianjin,2023-10-28,0.7848,3.81
16,Tianjin,2023-10-29,0.7497,13.26
16,Tianjin,2023-10-30,0.7113,9.04
16,Tianjin,2023-10-31,0.6004,2.92
16,Tianjin,2023-11-01,0.5453,20.73
16,Tianjin,2023-11-02,0.6281,18.1
16,Tianjin,2023-11-03,0.6627,15.12
16,Tianjin,2023-11-04,0.5602,10.5
16,Tianjin,2023-11-05,0.5578,4.71
16,Tianjin,2023-11-06,0.6226,5.77
16,Tianjin,2023-11-07,0.666,8.14
16,Tianjin,2023-11-08,0.6006,0.56
16,Tianjin,2023-11-09,0.5834,1.25
16,Tianjin,2023-11-10,0.5065,6.31
16,Tianjin,2023-11-11,0.5379,0.04
16,Tianjin,2023-11-12,0.3999,5.61
16,Tianjin,2023-11-13,0.4362,4.19
16,Tianjin,2023-11-14,0.4101,3.97
16,Tianjin,2023-11-15,0.5247,0.49
16,Tianjin,2023-11-16,0.6028,12.2
16,Tianjin,2023-11-17,0.5647,3.59
16,Tianjin,2023-11-18,0.5408,23.1
16,Tianjin,2023-11-19,0.4187,9.14
16,Tianjin,2023-11-20,0.4113,2.31
16,Tianjin,2023-11-21,0.3595,0.07
16,Tianjin,2023-11-22,0.3974,13.19
16,Tianjin,2023-11-23,0.4473,0.02
16,Tianjin,2023-11-24,0.4204,10.53
16,Tianjin,2023-11-25,0.5097,1.15
16,Tianjin,2023-11-26,0.6254,25.44
16,Tianjin,2023-11-27,0.6118,0.16
16,Tianjin,2023-11-28,0.5548,0.11
16,Tianjin,2023-11-29,0.6051,9.76
16,Tianjin,2023-11-30,0.5835,1.57
16,Tianjin,2023-12-01,0.6038,9.25
16,Tianjin,2023-12-02,0.6018,21.51
16,Tianjin,2023-12-03,0.6183,6.79
16,Tianjin,2023-12-04,0.7949,29.45
16,Tianjin,2023-12-05,0.7386,5.78
16,Tianjin,2023-12-06,0.7395,12.2
16,Tianjin,2023-12-07,0.6338,7.4
16,Tianjin,2023-12-08,0.5319,5.47
16,Tianjin,2023-12-09,0.5953,4.77
16,Tianjin,2023-12-10,0.5542,2.02
16,Tianjin,2023-12-11,0.6276,33.57
16,Tianjin,2023-12-12,0.6441,2.55
16,Tianjin,2023-12-13,0.6731,4.78
16,Tianjin,2023-12-14,0.6237,1.15
16,Tianjin,2023-12-15,0.6761,10.11
16,Tianjin,2023-12-16,0.7573,5.21
16,Tianjin,2023-12-17,0.7374,26.3
16,Tianjin,2023-12-18,0.8146,2.43
16,Tianjin,2023-12-19,0.7555,15.31
16,Tianjin,2023-12-20,0.7127,4.51
16,Tianjin,2023-12-21,0.7673,12.86
16,Tianjin,2023-12-22,0.7361,3.37
16,Tianjin,2023-12-23,0.6833,8.12
16,Tianjin,2023-12-24,0.6323,3.73
16,Tianjin,2023-12-25,0.6043,16.88
16,Tianjin,2023-12-26,0.6273,0.67
16,Tianjin,2023-12-27,0.6068,1.89
16,Tianjin,2023-12-28,0.6165,37.92
16,Tianjin,2023-12-29,0.5796,14.17
16,Tianjin,2023-12-30,0.5372,14.77
16,Tianjin,2023-12-31,0.5735,2.31
16,Tianjin,2024-01-01,0.574,32.43
16,Tianjin,2024-01-02,0.6074,1.76
16,Tianjin,2024-01-03,0.5896,11.48
16,Tianjin,2024-01-04,0.5993,2.94
16,Tianjin,2024-01-05,0.7531,48.46
16,Tianjin,2024-01-06,0.7745,2.48
16,Tianjin,2024-01-07,0.8259,13.17
16,Tianjin,2024-01-08,0.7689,16.02
16,Tianjin,2024-01-09,0.7642,10.67
16,Tianjin,2024-01-10,0.8248,8.43
16,Tianjin,2024-01-11,0.8219,15.5
16,Tianjin,2024-01-12,0.8062,0.59
16,Tianjin,2024-01-13,0.7601,8.73
16,Tianjin,2024-01-14,0.6799,11.05
16,Tianjin,2024-01-15,0.6801,36.54
16,Tianjin,2024-01-16,0.6218,12.1
16,Tianjin,2024-01-17,0.5669,0.79
16,Tianjin,2024-01-18,0.5951,12.49
16,Tianjin,2024-01-19,0.5906,1.62
16,Tianjin,2024-01-20,0.6159,24.21
16,Tianjin,2024-01-21,0.6083,15.56
16,Tianjin,2024-01-22,0.7633,1.86
16,Tianjin,2024-01-23,0.7213,2.26
16,Tianjin,2024-01-24,0.7333,2.54
16,Tianjin,2024-01-25,0.6673,8.0
16,Tianjin,2024-01-26,0.6581,11.81
16,Tianjin,2024-01-27,0.6365,26.06
16,Tianjin,2024-01-28,0.6355,0.74
16,Tianjin,2024-01-29,0.6553,2.09
16,Tianjin,2024-01-30,0.5918,3.39
16,Tianjin,2024-01-31,0.6322,10.83
16,Tianjin,2024-02-01,0.6474,12.25
16,Tianjin,2024-02-02,0.7224,12.97
16,Tianjin,2024-02-03,0.6986,14.2
16,Tianjin,2024-02-04,0.7581,13.83
16,Tianjin,2024-02-05,0.7597,5.4
16,Tianjin,2024-02-06,0.6419,18.54
16,Tianjin,2024-02-07,0.6341,8.42
16,Tianjin,2024-02-08,0.4861,4.19
16,Tianjin,2024-02-09,0.5331,1.4
16,Tianjin,2024-02-10,0.5469,3.25
16,Tianjin,2024-02-11,0.4189,2.85
16,Tianjin,2024-02-12,0.3532,0.38
16,Tianjin,2024-02-13,0.3109,0.9
16,Tianjin,2024-02-14,0.3307,6.29
16,Tianjin,2024-02-15,0.2744,0.16
16,Tianjin,2024-02-16,0.4089,2.24
16,Tianjin,2024-02-17,0.3534,0.48
16,Tianjin,2024-02-18,0.4236,12.72
16,Tianjin,2024-02-19,0.3511,2.93
16,Tianjin,2024-02-20,0.4524,0.3
16,Tianjin,2024-02-21,0.5068,2.99
16,Tianjin,2024-02-22,0.4072,1.25
16,Tianjin,2024-02-23,0.4553,2.03
16,Tianjin,2024-02-24,0.4949,14.87
16,Tianjin,2024-02-25,0.5853,1.16
16,Tianjin,2024-02-26,0.5259,2.14
16,Tianjin,2024-02-27,0.6258,36.02
16,Tianjin,2024-02-28,0.5974,8.99
16,Tianjin,2024-02-29,0.7226,4.87
16,Tianjin,2024-03-01,0.8255,8.99
16,Tianjin,2024-03-02,0.5852,4.33
16,Tianjin,2024-03-03,0.6163,3.3
16,Tianjin,2024-03-04,0.6325,3.49
16,Tianjin,2024-03-05,0.6725,13.06
16,Tianjin,2024-03-06,0.6876,20.66
16,Tianjin,2024-03-07,0.6851,28.06
16,Tianjin,2024-03-08,0.7373,5.28
16,Tianjin,2024-03-09,0.6502,8.14
16,Tianjin,2024-03-10,0.5228,6.47
16,Tianjin,2024-03-11,0.5995,12.46
16,Tianjin,2024-03-12,0.6068,0.21
16,Tianjin,2024-03-13,0.6673,1.38
16,Tianjin,2024-03-14,0.6836,37.38
16,Tianjin,2024-03-15,0.6654,21.23
16,Tianjin,2024-03-16,0.6661,1.62
16,Tianjin,2024-03-17,0.7297,10.66
16,Tianjin,2024-03-18,0.7552,69.79
16,Tianjin,2024-03-19,0.6009,0.13
16,Tianjin,2024-03-20,0.6765,4.46
16,Tianjin,2024-03-21,0.5935,0.12
16,Tianjin,2024-03-22,0.5779,17.52
16,Tianjin,2024-03-23,0.5073,23.87
16,Tianjin,2024-03-24,0.5195,0.58
16,Tianjin,2024-03-25,0.5352,6.23
16,Tianjin,2024-03-26,0.5716,1.84
16,Tianjin,2024-03-27,0.6177,1.89
16,Tianjin,2024-03-28,0.5093,20.92
16,Tianjin,2024-03-29,0.4075,7.56
16,Tianjin,2024-03-30,0.3834,1.93
16,Tianjin,2024-03-31,0.454,0.27
16,Tianjin,2024-04-01,0.5225,9.89
16,Tianjin,2024-04-02,0.5658,6.41
16,Tianjin,2024-04-03,0.4849,22.81
16,Tianjin,2024-04-04,0.414,11.97
16,Tianjin,2024-04-05,0.4996,5.98
16,Tianjin,2024-04-06,0.432,0.56
16,Tianjin,2024-04-07,0.4605,4.26
16,Tianjin,2024-04-08,0.4106,6.24
16,Tianjin,2024-04-09,0.4092,0.71
16,Tianjin,2024-04-10,0.377,0.38
16,Tianjin,2024-04-11,0.4286,0.66
16,Tianjin,2024-04-12,0.3688,0.32
16,Tianjin,2024-04-13,0.4402,3.24
16,Tianjin,2024-04-14,0.455,6.36
16,Tianjin,2024-04-15,0.5532,4.69
16,Tianjin,2024-04-16,0.5014,9.44
16,Tianjin,2024-04-17,0.5509,2.17
16,Tianjin,2024-04-18,0.5115,2.67
16,Tianjin,2024-04-19,0.6269,1.33
16,Tianjin,2024-04-20,0.5149,5.67
16,Tianjin,2024-04-21,0.4174,2.03
16,Tianjin,2024-04-22,0.4639,3.96
16,Tianjin,2024-04-23,0.4786,0.98
16,Tianjin,2024-04-24,0.4935,0.82
16,Tianjin,2024-04-25,0.5311,3.81
16,Tianjin,2024-04-26,0.4743,9.81
16,Tianjin,2024-04-27,0.5824,11.62
16,Tianjin,2024-04-28,0.5678,5.55
16,Tianjin,2024-04-29,0.6462,7.78
16,Tianjin,2024-04-30,0.6342,32.93
16,Tianjin,2024-05-01,0.6774,2.47
16,Tianjin,2024-05-02,0.8759,21.98
16,Tianjin,2024-05-03,0.8013,31.19
16,Tianjin,2024-05-04,0.7718,6.66
16,Tianjin,2024-05-05,0.7293,9.23
16,Tianjin,2024-05-06,0.8208,84.54
16,Tianjin,2024-05-07,0.8249,0.91
16,Tianjin,2024-05-08,0.8486,8.94
16,Tianjin,2024-05-09,0.7825,45.54
16,Tianjin,2024-05-10,0.8256,32.95
16,Tianjin,2024-05-11,0.7345,15.91
16,Tianjin,2024-05-12,0.6745,26.88
16,Tianjin,2024-05-13,0.7619,8.6
16,Tianjin,2024-05-14,0.7877,25.5
16,Tianjin,2024-05-15,0.8167,10.35
16,Tianjin,2024-05-16,0.7283,63.41
16,Tianjin,2024-05-17,0.7764,54.15
16,Tianjin,2024-05-18,0.6852,7.69
16,Tianjin,2024-05-19,0.6678,16.22
16,Tianjin,2024-05-20,0.738,13.66
16,Tianjin,2024-05-21,0.7321,25.88
16,Tianjin,2024-05-22,0.7781,12.66
16,Tianjin,2024-05-23,0.653,11.78
16,Tianjin,2024-05-24,0.64,6.37
16,Tianjin,2024-05-25,0.546,2.11
16,Tianjin,2024-05-26,0.5181,4.75
16,Tianjin,2024-05-27,0.5563,10.93
16,Tianjin,2024-05-28,0.5529,13.04
16,Tianjin,2024-05-29,0.6003,7.54
16,Tianjin,2024-05-30,0.6458,11.57
16,Tianjin,2024-05-31,0.6296,84.7
16,Tianjin,2024-06-01,0.6427,13.38
16,Tianjin,2024-06-02,0.727,3.48
16,Tianjin,2024-06-03,0.8378,47.61
16,Tianjin,2024-06-04,0.8006,18.83
16,Tianjin,2024-06-05,0.7999,6.69
16,Tianjin,2024-06-06,0.7635,6.84
16,Tianjin,2024-06-07,0.6246,2.01
16,Tianjin,2024-06-08,0.5353,13.1
16,Tianjin,2024-06-09,0.5022,14.81
16,Tianjin,2024-06-10,0.5171,0.73
16,Tianjin,2024-06-11,0.4932,1.94
16,Tianjin,2024-06-12,0.451,4.27
16,Tianjin,2024-06-13,0.4558,2.75
16,Tianjin,2024-06-14,0.4783,0.66
16,Tianjin,2024-06-15,0.4391,3.4
16,Tianjin,2024-06-16,0.4096,4.31
16,Tianjin,2024-06-17,0.421,5.93
16,Tianjin,2024-06-18,0.4995,2.4
16,Tianjin,2024-06-19,0.5328,3.31
16,Tianjin,2024-06-20,0.5046,5.55
16,Tianjin,2024-06-21,0.58,1.58
16,Tianjin,2024-06-22,0.5439,6.12
16,Tianjin,2024-06-23,0.5261,0.03
16,Tianjin,2024-06-24,0.5477,3.2
16,Tianjin,2024-06-25,0.6121,11.31
16,Tianjin,2024-06-26,0.6162,5.33
16,Tianjin,2024-06-27,0.5791,0.47
16,Tianjin,2024-06-28,0.6817,1.97
16,Tianjin,2024-06-29,0.6503,12.88
16,Tianjin,2024-06-30,0.5701,0.88
16,Tianjin,2024-07-01,0.5624,1.69
16,Tianjin,2024-07-02,0.4614,2.97
16,Tianjin,2024-07-03,0.4249,1.54
16,Tianjin,2024-07-04,0.4088,0.09
16,Tianjin,2024-07-05,0.3837,12.9
16,Tianjin,2024-07-06,0.3551,3.42
16,Tianjin,2024-07-07,0.3109,0.29
16,Tianjin,2024-07-08,0.431,2.18
16,Tianjin,2024-07-09,0.3431,0.17
16,Tianjin,2024-07-10,0.2876,4.28
16,Tianjin,2024-07-11,0.3175,5.22
16,Tianjin,2024-07-12,0.2737,2.37
16,Tianjin,2024-07-13,0.3102,12.42
16,Tianjin,2024-07-14,0.2643,1.92
16,Tianjin,2024-07-15,0.3601,8.85
16,Tianjin,2024-07-16,0.3409,2.63
16,Tianjin,2024-07-17,0.333,1.52
16,Tianjin,2024-07-18,0.3954,0.63
16,Tianjin,2024-07-19,0.4414,3.98
16,Tianjin,2024-07-20,0.3488,3.04
16,Tianjin,2024-07-21,0.3724,2.51
16,Tianjin,2024-07-22,0.4135,1.91
16,Tianjin,2024-07-23,0.4044,3.49
16,Tianjin,2024-07-24,0.3884,1.23
16,Tianjin,2024-07-25,0.349,0.35
16,Tianjin,2024-07-26,0.4115,5.7
16,Tianjin,2024-07-27,0.3839,0.58
16,Tianjin,2024-07-28,0.5063,0.57
16,Tianjin,2024-07-29,0.6495,8.44
16,Tianjin,2024-07-30,0.6289,6.54
16,Tianjin,2024-07-31,0.6644,9.47
16,Tianjin,2024-08-01,0.6305,15.53
16,Tianjin,2024-08-02,0.6193,14.8
16,Tianjin,2024-08-03,0.6069,10.92
16,Tianjin,2024-08-04,0.5392,3.88
16,Tianjin,2024-08-05,0.5234,0.99
16,Tianjin,2024-08-06,0.6418,5.57
16,Tianjin,2024-08-07,0.6222,10.89
16,Tianjin,2024-08-08,0.6397,4.63
16,Tianjin,2024-08-09,0.6974,12.88
16,Tianjin,2024-08-10,0.622,16.27
16,Tianjin,2024-08-11,0.5248,10.8
16,Tianjin,2024-08-12,0.6582,1.01
16,Tianjin,2024-08-13,0.6531,0.88
16,Tianjin,2024-08-14,0.6367,0.91
16,Tianjin,2024-08-15,0.6459,10.65
16,Tianjin,2024-08-16,0.6843,28.3
16,Tianjin,2024-08-17,0.7238,34.3
16,Tianjin,2024-08-18,0.7501,1.69
16,Tianjin,2024-08-19,0.7609,1.62
16,Tianjin,2024-08-20,0.7314,8.22
16,Tianjin,2024-08-21,0.7863,21.86
16,Tianjin,2024-08-22,0.6607,1.69
16,Tianjin,2024-08-23,0.6787,8.97
16,Tianjin,2024-08-24,0.5886,1.59
16,Tianjin,2024-08-25,0.4797,8.78
16,Tianjin,2024-08-26,0.479,7.79
16,Tianjin,2024-08-27,0.4152,0.36
16,Tianjin,2024-08-28,0.4608,14.0
16,Tianjin,2024-08-29,0.3516,3.0
16,Tianjin,2024-08-30,0.4722,9.56
16,Tianjin,2024-08-31,0.454,0.3
16,Tianjin,2024-09-01,0.5091,5.93
16,Tianjin,2024-09-02,0.5101,0.14
16,Tianjin,2024-09-03,0.4654,3.97
16,Tianjin,2024-09-04,0.4481,3.32
16,Tianjin,2024-09-05,0.4303,4.89
16,Tianjin,2024-09-06,0.4486,6.72
16,Tianjin,2024-09-07,0.407,0.28
16,Tianjin,2024-09-08,0.4133,7.15
16,Tianjin,2024-09-09,0.479,8.44
16,Tianjin,2024-09-10,0.5095,1.09
16,Tianjin,2024-09-11,0.5822,23.84
16,Tianjin,2024-09-12,0.5801,1.27
16,Tianjin,2024-09-13,0.6392,3.78
16,Tianjin,2024-09-14,0.7089,2.39
16,Tianjin,2024-09-15,0.639,27.23
16,Tianjin,2024-09-16,0.7011,2.65
16,Tianjin,2024-09-17,0.6359,4.01
16,Tianjin,2024-09-18,0.5798,8.65
16,Tianjin,2024-09-19,0.5758,0.59
16,Tianjin,2024-09-20,0.4254,0.4
16,Tianjin,2024-09-21,0.4189,1.21
16,Tianjin,2024-09-22,0.3838,0.82
16,Tianjin,2024-09-23,0.3506,3.54
16,Tianjin,2024-09-24,0.41,8.32
16,Tianjin,2024-09-25,0.378,2.37
16,Tianjin,2024-09-26,0.4242,16.15
16,Tianjin,2024-09-27,0.5098,2.35
16,Tianjin,2024-09-28,0.5606,2.03
16,Tianjin,2024-09-29,0.6952,6.14
16,Tianjin,2024-09-30,0.6754,2.43
16,Tianjin,2024-10-01,0.5844,4.72
16,Tianjin,2024-10-02,0.7037,11.57
16,Tianjin,2024-10-03,0.6631,20.36
16,Tianjin,2024-10-04,0.6626,12.43
16,Tianjin,2024-10-05,0.6965,2.88
16,Tianjin,2024-10-06,0.6718,1.87
16,Tianjin,2024-10-07,0.6795,2.55
16,Tianjin,2024-10-08,0.7131,29.94
16,Tianjin,2024-10-09,0.6125,48.86
16,Tianjin,2024-10-10,0.5301,8.98
16,Tianjin,2024-10-11,0.5568,19.92
16,Tianjin,2024-10-12,0.4368,4.83
16,Tianjin,2024-10-13,0.3436,3.19
16,Tianjin,2024-10-14,0.5033,0.06
16,Tianjin,2024-10-15,0.4087,2.3
16,Tianjin,2024-10-16,0.3891,0.09
16,Tianjin,2024-10-17,0.4508,2.73
16,Tianjin,2024-10-18,0.5456,6.02
16,Tianjin,2024-10-19,0.5656,11.96
16,Tianjin,2024-10-20,0.5275,0.67
16,Tianjin,2024-10-21,0.5132,1.01
16,Tianjin,2024-10-22,0.4948,0.25
16,Tianjin,2024-10-23,0.5131,1.17
16,Tianjin,2024-10-24,0.4302,6.3
16,Tianjin,2024-10-25,0.5044,5.88
16,Tianjin,2024-10-26,0.5055,5.18
16,Tianjin,2024-10-27,0.4662,5.31
16,Tianjin,2024-10-28,0.5469,1.02
16,Tianjin,2024-10-29,0.6224,10.19
16,Tianjin,2024-10-30,0.6179,2.91
16,Tianjin,2024-10-31,0.6107,9.72
16,Tianjin,2024-11-01,0.6046,9.76
16,Tianjin,2024-11-02,0.4929,3.11
16,Tianjin,2024-11-03,0.4412,4.56
16,Tianjin,2024-11-04,0.4867,6.97
16,Tianjin,2024-11-05,0.4049,0.28
16,Tianjin,2024-11-06,0.3777,0.6
16,Tianjin,2024-11-07,0.3249,2.44
16,Tianjin,2024-11-08,0.3814,8.77
16,Tianjin,2024-11-09,0.4347,1.84
16,Tianjin,2024-11-10,0.4837,1.01
16,Tianjin,2024-11-11,0.6129,5.8
16,Tianjin,2024-11-12,0.5259,1.73
16,Tianjin,2024-11-13,0.5776,33.73
16,Tianjin,2024-11-14,0.5846,4.51
16,Tianjin,2024-11-15,0.6283,4.18
16,Tianjin,2024-11-16,0.7039,1.32
16,Tianjin,2024-11-17,0.5753,1.2
16,Tianjin,2024-11-18,0.598,7.61
16,Tianjin,2024-11-19,0.5589,0.92
16,Tianjin,2024-11-20,0.4952,6.05
16,Tianjin,2024-11-21,0.4849,5.87
16,Tianjin,2024-11-22,0.5415,11.08
16,Tianjin,2024-11-23,0.5362,10.6
16,Tianjin,2024-11-24,0.43,3.91
16,Tianjin,2024-11-25,0.4648,15.64
16,Tianjin,2024-11-26,0.4001,0.52
16,Tianjin,2024-11-27,0.3598,2.67
16,Tianjin,2024-11-28,0.3219,0.68
16,Tianjin,2024-11-29,0.4786,0.59
16,Tianjin,2024-11-30,0.4542,6.06
16,Tianjin,2024-12-01,0.4314,2.26
16,Tianjin,2024-12-02,0.4795,2.64
16,Tianjin,2024-12-03,0.445,8.35
16,Tianjin,2024-12-04,0.5119,1.95
16,Tianjin,2024-12-05,0.5483,2.25
16,Tianjin,2024-12-06,0.5964,1.45
16,Tianjin,2024-12-07,0.5812,5.95
16,Tianjin,2024-12-08,0.6099,9.09
16,Tianjin,2024-12-09,0.6285,19.21
16,Tianjin,2024-12-10,0.6634,0.28
16,Tianjin,2024-12-11,0.6599,29.42
16,Tianjin,2024-12-12,0.6052,3.69
16,Tianjin,2024-12-13,0.6198,14.51
16,Tianjin,2024-12-14,0.6526,15.91
16,Tianjin,2024-12-15,0.6428,4.07
16,Tianjin,2024-12-16,0.6162,24.89
16,Tianjin,2024-12-17,0.7235,45.11
16,Tianjin,2024-12-18,0.6716,35.37
16,Tianjin,2024-12-19,0.6551,3.93
16,Tianjin,2024-12-20,0.6649,9.92
16,Tianjin,2024-12-21,0.7703,62.65
16,Tianjin,2024-12-22,0.7318,5.24
16,Tianjin,2024-12-23,0.7963,12.41
16,Tianjin,2024-12-24,0.8144,2.3
16,Tianjin,2024-12-25,0.7079,32.99
16,Tianjin,2024-12-26,0.781,34.01
16,Tianjin,2024-12-27,0.789,2.71
16,Tianjin,2024-12-28,0.7569,2.34
16,Tianjin,2024-12-29,0.7477,12.73
16,Tianjin,2024-12-30,0.8891,10.25
16,Tianjin,2024-12-31,0.8445,7.51
16,Tianjin,2025-01-01,0.8177,54.41
16,Tianjin,2025-01-02,0.8301,14.27
16,Tianjin,2025-01-03,0.8385,2.28
16,Tianjin,2025-01-04,0.8687,9.14
16,Tianjin,2025-01-05,0.8522,2.15
16,Tianjin,2025-01-06,0.9207,58.47
16,Tianjin,2025-01-07,0.911,21.16
16,Tianjin,2025-01-08,0.8736,35.67
16,Tianjin,2025-01-09,0.8953,23.5
16,Tianjin,2025-01-10,0.9279,33.09
16,Tianjin,2025-01-11,0.8697,20.13
16,Tianjin,2025-01-12,0.7857,10.3
16,Tianjin,2025-01-13,0.8058,19.01
16,Tianjin,2025-01-14,0.8443,0.06
16,Tianjin,2025-01-15,0.7437,2.74
16,Tianjin,2025-01-16,0.7074,0.5
16,Tianjin,2025-01-17,0.7108,14.53
16,Tianjin,2025-01-18,0.7493,9.71
16,Tianjin,2025-01-19,0.6553,8.95
16,Tianjin,2025-01-20,0.7403,9.49
16,Tianjin,2025-01-21,0.6737,0.13
16,Tianjin,2025-01-22,0.6573,1.51
16,Tianjin,2025-01-23,0.6916,14.85
16,Tianjin,2025-01-24,0.7922,21.01
16,Tianjin,2025-01-25,0.8293,11.82
16,Tianjin,2025-01-26,0.7589,23.01
16,Tianjin,2025-01-27,0.7144,9.11
16,Tianjin,2025-01-28,0.8043,2.49
16,Tianjin,2025-01-29,0.6941,18.26
16,Tianjin,2025-01-30,0.7763,30.42
16,Tianjin,2025-01-31,0.8337,10.83
16,Tianjin,2025-02-01,0.849,0.58
16,Tianjin,2025-02-02,0.8545,15.67
16,Tianjin,2025-02-03,0.8003,8.87
16,Tianjin,2025-02-04,0.7474,8.85
16,Tianjin,2025-02-05,0.833,25.56
16,Tianjin,2025-02-06,0.7204,6.01
16,Tianjin,2025-02-07,0.8191,33.58
16,Tianjin,2025-02-08,0.8911,21.61
16,Tianjin,2025-02-09,0.7936,3.08
16,Tianjin,2025-02-10,0.8579,27.87
16,Tianjin,2025-02-11,0.9301,15.39
16,Tianjin,2025-02-12,0.9984,66.2
16,Tianjin,2025-02-13,0.8177,1.58
16,Tianjin,2025-02-14,0.8764,28.96
16,Tianjin,2025-02-15,0.8526,36.22
16,Tianjin,2025-02-16,0.8948,13.63
16,Tianjin,2025-02-17,0.9209,3.1
16,Tianjin,2025-02-18,0.8803,0.45
16,Tianjin,2025-02-19,0.9667,1.71
16,Tianjin,2025-02-20,0.929,1.93
16,Tianjin,2025-02-21,1.0,7.05
16,Tianjin,2025-02-22,0.9886,11.79
16,Tianjin,2025-02-23,0.8723,30.55
16,Tianjin,2025-02-24,0.9011,17.81
16,Tianjin,2025-02-25,0.9549,13.2
16,Tianjin,2025-02-26,0.8493,5.45
16,Tianjin,2025-02-27,0.8278,16.57
16,Tianjin,2025-02-28,0.6687,14.07
16,Tianjin,2025-03-01,0.5981,30.34
16,Tianjin,2025-03-02,0.5118,16.62
16,Tianjin,2025-03-03,0.4825,12.01
16,Tianjin,2025-03-04,0.5639,2.29
16,Tianjin,2025-03-05,0.5329,8.94
16,Tianjin,2025-03-06,0.5034,5.03
16,Tianjin,2025-03-07,0.4905,1.73
16,Tianjin,2025-03-08,0.5346,1.64
16,Tianjin,2025-03-09,0.6348,2.74
16,Tianjin,2025-03-10,0.6989,23.81
16,Tianjin,2025-03-11,0.7259,13.07
16,Tianjin,2025-03-12,0.7671,23.35
16,Tianjin,2025-03-13,0.7496,34.44
16,Tianjin,2025-03-14,0.6501,1.71
16,Tianjin,2025-03-15,0.7051,6.97
16,Tianjin,2025-03-16,0.667,2.15
16,Tianjin,2025-03-17,0.5804,1.57
16,Tianjin,2025-03-18,0.6057,14.93
16,Tianjin,2025-03-19,0.719,9.25
16,Tianjin,2025-03-20,0.7722,3.21
16,Tianjin,2025-03-21,0.6812,4.64
16,Tianjin,2025-03-22,0.6559,5.63
16,Tianjin,2025-03-23,0.6001,13.64
16,Tianjin,2025-03-24,0.5534,24.95
16,Tianjin,2025-03-25,0.5409,5.29
16,Tianjin,2025-03-26,0.5278,10.95
16,Tianjin,2025-03-27,0.4569,12.1
16,Tianjin,2025-03-28,0.4691,12.74
16,Tianjin,2025-03-29,0.4585,0.47
16,Tianjin,2025-03-30,0.4067,1.02
16,Tianjin,2025-03-31,0.3508,2.44
16,Tianjin,2025-04-01,0.3214,0.71
16,Tianjin,2025-04-02,0.246,0.31
16,Tianjin,2025-04-03,0.2972,4.63
16,Tianjin,2025-04-04,0.3522,5.57
16,Tianjin,2025-04-05,0.4469,1.79
16,Tianjin,2025-04-06,0.3161,4.44
16,Tianjin,2025-04-07,0.4588,2.64
16,Tianjin,2025-04-08,0.3902,17.44
16,Tianjin,2025-04-09,0.3999,1.02
16,Tianjin,2025-04-10,0.393,0.84
16,Tianjin,2025-04-11,0.3559,2.42
16,Tianjin,2025-04-12,0.3903,0.68
16,Tianjin,2025-04-13,0.4082,2.35
16,Tianjin,2025-04-14,0.5781,2.3
16,Tianjin,2025-04-15,0.5779,5.76
16,Tianjin,2025-04-16,0.5504,1.79
16,Tianjin,2025-04-17,0.4999,8.49
16,Tianjin,2025-04-18,0.4905,7.33
16,Tianjin,2025-04-19,0.3608,0.99
16,Tianjin,2025-04-20,0.3411,3.33
16,Tianjin,2025-04-21,0.4303,1.51
16,Tianjin,2025-04-22,0.3908,3.88
16,Tianjin,2025-04-23,0.4644,0.61
16,Tianjin,2025-04-24,0.4684,6.87
16,Tianjin,2025-04-25,0.5474,5.49
16,Tianjin,2025-04-26,0.5247,3.72
16,Tianjin,2025-04-27,0.4766,12.5
16,Tianjin,2025-04-28,0.5975,3.94
16,Tianjin,2025-04-29,0.5845,5.02
16,Tianjin,2025-04-30,0.6438,11.26
16,Tianjin,2025-05-01,0.6022,8.28
16,Tianjin,2025-05-02,0.401,5.16
16,Tianjin,2025-05-03,0.5179,11.55
16,Tianjin,2025-05-04,0.4627,3.75
16,Tianjin,2025-05-05,0.4261,0.61
16,Tianjin,2025-05-06,0.483,14.02
16,Tianjin,2025-05-07,0.3759,15.31
16,Tianjin,2025-05-08,0.4505,1.49
16,Tianjin,2025-05-09,0.4916,20.54
16,Tianjin,2025-05-10,0.5097,9.77
16,Tianjin,2025-05-11,0.5365,27.99
16,Tianjin,2025-05-12,0.507,18.55
16,Tianjin,2025-05-13,0.4417,3.56
16,Tianjin,2025-05-14,0.5044,3.69
16,Tianjin,2025-05-15,0.4672,8.71
16,Tianjin,2025-05-16,0.4855,2.3
16,Tianjin,2025-05-17,0.4971,3.75
16,Tianjin,2025-05-18,0.5405,2.95
16,Tianjin,2025-05-19,0.4763,4.63
16,Tianjin,2025-05-20,0.5089,6.0
16,Tianjin,2025-05-21,0.5724,1.59
16,Tianjin,2025-05-22,0.5924,8.14
16,Tianjin,2025-05-23,0.695,2.18
16,Tianjin,2025-05-24,0.6549,19.32
16,Tianjin,2025-05-25,0.5456,4.98
16,Tianjin,2025-05-26,0.614,2.93
16,Tianjin,2025-05-27,0.6028,11.33
16,Tianjin,2025-05-28,0.7036,10.36
16,Tianjin,2025-05-29,0.6968,12.86
16,Tianjin,2025-05-30,0.7572,27.43
16,Tianjin,2025-05-31,0.7084,0.04
16,Tianjin,2025-06-01,0.6875,7.21
16,Tianjin,2025-06-02,0.7804,1.2
16,Tianjin,2025-06-03,0.7874,41.27
16,Tianjin,2025-06-04,0.9244,13.89
16,Tianjin,2025-06-05,0.9321,28.33
16,Tianjin,2025-06-06,0.9166,58.73
16,Tianjin,2025-06-07,0.8849,0.33
16,Tianjin,2025-06-08,0.8819,7.56
16,Tianjin,2025-06-09,0.9612,25.44
16,Tianjin,2025-06-10,0.8983,24.19
16,Tianjin,2025-06-11,0.75,7.05
16,Tianjin,2025-06-12,0.772,26.52
16,Tianjin,2025-06-13,0.8371,23.29
16,Tianjin,2025-06-14,0.7745,9.91
16,Tianjin,2025-06-15,0.8302,0.82
16,Tianjin,2025-06-16,0.8856,26.0
16,Tianjin,2025-06-17,0.8604,10.96
16,Tianjin,2025-06-18,0.7919,3.86
16,Tianjin,2025-06-19,0.7064,17.61
16,Tianjin,2025-06-20,0.7511,10.65
16,Tianjin,2025-06-21,0.7453,7.86
16,Tianjin,2025-06-22,0.7011,16.19
16,Tianjin,2025-06-23,0.6199,9.59
16,Tianjin,2025-06-24,0.6456,3.98
16,Tianjin,2025-06-25,0.671,6.59
16,Tianjin,2025-06-26,0.6672,9.7
16,Tianjin,2025-06-27,0.6739,3.03
16,Tianjin,2025-06-28,0.5938,0.21
16,Tianjin,2025-06-29,0.6273,6.65
16,Tianjin,2025-06-30,0.7654,7.91
16,Tianjin,2025-07-01,0.684,17.37
16,Tianjin,2025-07-02,0.6171,10.42
16,Tianjin,2025-07-03,0.5827,7.89
16,Tianjin,2025-07-04,0.682,22.07
16,Tianjin,2025-07-05,0.7509,14.03
16,Tianjin,2025-07-06,0.7193,11.88
16,Tianjin,2025-07-07,0.7347,13.92
16,Tianjin,2025-07-08,0.7114,1.96
16,Tianjin,2025-07-09,0.6023,3.31
16,Tianjin,2025-07-10,0.497,2.89
16,Tianjin,2025-07-11,0.5534,13.39
16,Tianjin,2025-07-12,0.6714,6.05
16,Tianjin,2025-07-13,0.8069,4.36
16,Tianjin,2025-07-14,0.7979,19.89
16,Tianjin,2025-07-15,0.7157,9.57
16,Tianjin,2025-07-16,0.6309,10.35
16,Tianjin,2025-07-17,0.7494,27.24
16,Tianjin,2025-07-18,0.6831,1.29
16,Tianjin,2025-07-19,0.6633,2.94
16,Tianjin,2025-07-20,0.7084,2.37
16,Tianjin,2025-07-21,0.7251,62.84
16,Tianjin,2025-07-22,0.7904,47.77
16,Tianjin,2025-07-23,0.6746,2.96
16,Tianjin,2025-07-24,0.6115,31.91
16,Tianjin,2025-07-25,0.5997,7.58
16,Tianjin,2025-07-26,0.5813,5.01
16,Tianjin,2025-07-27,0.6359,31.52
16,Tianjin,2025-07-28,0.5326,2.49
16,Tianjin,2025-07-29,0.5194,3.07
16,Tianjin,2025-07-30,0.5428,9.8
16,Tianjin,2025-07-31,0.5928,4.23
16,Tianjin,2025-08-01,0.5785,5.4
16,Tianjin,2025-08-02,0.5648,22.15
16,Tianjin,2025-08-03,0.5697,4.84
16,Tianjin,2025-08-04,0.6403,6.68
16,Tianjin,2025-08-05,0.7253,11.81
16,Tianjin,2025-08-06,0.6974,5.85
16,Tianjin,2025-08-07,0.712,0.72
16,Tianjin,2025-08-08,0.5992,16.76
16,Tianjin,2025-08-09,0.5749,8.43
16,Tianjin,2025-08-10,0.6102,0.58
16,Tianjin,2025-08-11,0.7066,1.27
16,Tianjin,2025-08-12,0.5811,6.84
16,Tianjin,2025-08-13,0.5689,1.0
16,Tianjin,2025-08-14,0.5327,2.25
16,Tianjin,2025-08-15,0.6332,1.13
16,Tianjin,2025-08-16,0.5258,12.17
16,Tianjin,2025-08-17,0.561,38.62
16,Tianjin,2025-08-18,0.6188,3.86
16,Tianjin,2025-08-19,0.6522,2.28
16,Tianjin,2025-08-20,0.6442,21.39
16,Tianjin,2025-08-21,0.6622,5.26
16,Tianjin,2025-08-22,0.7216,7.75
16,Tianjin,2025-08-23,0.6593,2.48
16,Tianjin,2025-08-24,0.633,1.19
16,Tianjin,2025-08-25,0.7112,7.3
16,Tianjin,2025-08-26,0.702,43.7
16,Tianjin,2025-08-27,0.5584,4.26
16,Tianjin,2025-08-28,0.4616,0.03
16,Tianjin,2025-08-29,0.5852,19.81
16,Tianjin,2025-08-30,0.5498,3.87
16,Tianjin,2025-08-31,0.4138,5.58
16,Tianjin,2025-09-01,0.4338,0.79
16,Tianjin,2025-09-02,0.4923,8.62
16,Tianjin,2025-09-03,0.4619,1.0
16,Tianjin,2025-09-04,0.5521,18.7
16,Tianjin,2025-09-05,0.5143,7.67
16,Tianjin,2025-09-06,0.5437,5.16
16,Tianjin,2025-09-07,0.5911,0.01
16,Tianjin,2025-09-08,0.6396,0.5
16,Tianjin,2025-09-09,0.6648,47.54
16,Tianjin,2025-09-10,0.7534,9.08
16,Tianjin,2025-09-11,0.7597,8.28
16,Tianjin,2025-09-12,0.6502,10.51
16,Tianjin,2025-09-13,0.6312,2.65
16,Tianjin,2025-09-14,0.6478,1.57
16,Tianjin,2025-09-15,0.7459,12.35
16,Tianjin,2025-09-16,0.7416,6.45
16,Tianjin,2025-09-17,0.7316,13.33
16,Tianjin,2025-09-18,0.7485,7.79
16,Tianjin,2025-09-19,0.771,5.88
16,Tianjin,2025-09-20,0.686,2.01
16,Tianjin,2025-09-21,0.7356,7.81
16,Tianjin,2025-09-22,0.705,43.55
16,Tianjin,2025-09-23,0.5854,0.06
16,Tianjin,2025-09-24,0.5957,1.89
16,Tianjin,2025-09-25,0.5428,12.97
16,Tianjin,2025-09-26,0.5785,6.47
16,Tianjin,2025-09-27,0.4854,0.39
16,Tianjin,2025-09-28,0.4965,2.48
16,Tianjin,2025-09-29,0.5165,2.45
16,Tianjin,2025-09-30,0.5073,1.51
16,Tianjin,2025-10-01,0.5161,2.71
16,Tianjin,2025-10-02,0.5023,19.0
16,Tianjin,2025-10-03,0.4904,9.1
16,Tianjin,2025-10-04,0.4184,1.14
16,Tianjin,2025-10-05,0.4569,10.71
16,Tianjin,2025-10-06,0.4613,14.12
16,Tianjin,2025-10-07,0.375,0.44
16,Tianjin,2025-10-08,0.3623,0.87
16,Tianjin,2025-10-09,0.339,6.99
16,Tianjin,2025-10-10,0.3561,1.86
16,Tianjin,2025-10-11,0.4315,10.56
16,Tianjin,2025-10-12,0.3848,5.75
16,Tianjin,2025-10-13,0.5442,0.7
16,Tianjin,2025-10-14,0.5395,5.61
16,Tianjin,2025-10-15,0.5108,11.98
16,Tianjin,2025-10-16,0.5858,12.08
16,Tianjin,2025-10-17,0.5975,1.16
16,Tianjin,2025-10-18,0.5582,3.82
16,Tianjin,2025-10-19,0.5407,8.91
16,Tianjin,2025-10-20,0.7998,33.85
16,Tianjin,2025-10-21,0.6024,3.12
16,Tianjin,2025-10-22,0.5922,10.87
16,Tianjin,2025-10-23,0.6493,7.96
16,Tianjin,2025-10-24,0.6886,9.7
16,Tianjin,2025-10-25,0.6929,17.88
16,Tianjin,2025-10-26,0.7213,6.37
16,Tianjin,2025-10-27,0.7823,25.77
16,Tianjin,2025-10-28,0.7358,0.78
16,Tianjin,2025-10-29,0.7577,1.02
16,Tianjin,2025-10-30,0.7345,4.3
16,Tianjin,2025-10-31,0.7561,9.74
16,Tianjin,2025-11-01,0.6701,3.11
16,Tianjin,2025-11-02,0.6103,7.75
16,Tianjin,2025-11-03,0.6057,9.8
16,Tianjin,2025-11-04,0.5444,8.41
16,Tianjin,2025-11-05,0.4737,2.37
16,Tianjin,2025-11-06,0.5316,7.05
16,Tianjin,2025-11-07,0.5163,6.72
16,Tianjin,2025-11-08,0.4488,1.1
16,Tianjin,2025-11-09,0.4677,4.34
16,Tianjin,2025-11-10,0.4584,6.55
16,Tianjin,2025-11-11,0.5006,1.98
16,Tianjin,2025-11-12,0.5208,22.41
16,Tianjin,2025-11-13,0.5459,21.81
16,Tianjin,2025-11-14,0.5177,4.97
16,Tianjin,2025-11-15,0.4857,2.65
16,Tianjin,2025-11-16,0.5194,7.21
16,Tianjin,2025-11-17,0.4625,0.53
16,Tianjin,2025-11-18,0.4885,3.16
16,Tianjin,2025-11-19,0.4925,0.12
16,Tianjin,2025-11-20,0.5715,7.28
16,Tianjin,2025-11-21,0.4984,5.0
16,Tianjin,2025-11-22,0.4699,4.85
16,Tianjin,2025-11-23,0.4826,2.02
16,Tianjin,2025-11-24,0.6029,1.24
16,Tianjin,2025-11-25,0.6379,2.55
16,Tianjin,2025-11-26,0.5843,3.01
16,Tianjin,2025-11-27,0.5867,16.84
16,Tianjin,2025-11-28,0.6609,12.26
16,Tianjin,2025-11-29,0.6925,3.43
16,Tianjin,2025-11-30,0.7434,0.84
16,Tianjin,2025-12-01,0.6895,0.34
16,Tianjin,2025-12-02,0.7816,2.98
16,Tianjin,2025-12-03,0.6947,1.53
16,Tianjin,2025-12-04,0.6866,5.34
16,Tianjin,2025-12-05,0.662,4.48
16,Tianjin,2025-12-06,0.6399,2.22
16,Tianjin,2025-12-07,0.605,13.31
16,Tianjin,2025-12-08,0.7369,26.73
16,Tianjin,2025-12-09,0.6352,8.32
16,Tianjin,2025-12-10,0.512,3.41
16,Tianjin,2025-12-11,0.4502,0.07
16,Tianjin,2025-12-12,0.4255,1.86
16,Tianjin,2025-12-13,0.4671,3.96
16,Tianjin,2025-12-14,0.4609,2.59
16,Tianjin,2025-12-15,0.5278,2.7
16,Tianjin,2025-12-16,0.5426,16.97
16,Tianjin,2025-12-17,0.489,7.09
16,Tianjin,2025-12-18,0.4508,25.16
16,Tianjin,2025-12-19,0.4206,0.22
16,Tianjin,2025-12-20,0.4738,2.11
16,Tianjin,2025-12-21,0.3993,3.34
16,Tianjin,2025-12-22,0.3274,3.46
16,Tianjin,2025-12-23,0.3031,1.61
16,Tianjin,2025-12-24,0.4142,0.25
16,Tianjin,2025-12-25,0.3721,0.45
16,Tianjin,2025-12-26,0.4053,1.98
16,Tianjin,2025-12-27,0.3489,6.78
16,Tianjin,2025-12-28,0.2795,1.3
16,Tianjin,2025-12-29,0.2929,4.58
16,Tianjin,2025-12-30,0.3468,4.98
16,Tianjin,2025-12-31,0.2579,3.24
17,Kaohsiung,2023-01-01,0.5365,5.23
17,Kaohsiung,2023-01-02,0.543,14.47
17,Kaohsiung,2023-01-03,0.4153,0.67
17,Kaohsiung,2023-01-04,0.4543,0.55
17,Kaohsiung,2023-01-05,0.5398,5.4
17,Kaohsiung,2023-01-06,0.6052,1.96
17,Kaohsiung,2023-01-07,0.4272,1.63
17,Kaohsiung,2023-01-08,0.4779,11.38
17,Kaohsiung,2023-01-09,0.5284,5.5
17,Kaohsiung,2023-01-10,0.4958,1.89
17,Kaohsiung,2023-01-11,0.3849,7.24
17,Kaohsiung,2023-01-12,0.3202,1.76
17,Kaohsiung,2023-01-13,0.3668,3.77
17,Kaohsiung,2023-01-14,0.3239,0.94
17,Kaohsiung,2023-01-15,0.4359,1.72
17,Kaohsiung,2023-01-16,0.355,0.91
17,Kaohsiung,2023-01-17,0.334,8.18
17,Kaohsiung,2023-01-18,0.2241,1.35
17,Kaohsiung,2023-01-19,0.126,7.06
17,Kaohsiung,2023-01-20,0.1001,0.76
17,Kaohsiung,2023-01-21,0.0086,1.51
17,Kaohsiung,2023-01-22,0.0681,0.38
17,Kaohsiung,2023-01-23,0.0791,2.2
17,Kaohsiung,2023-01-24,0.0312,0.14
17,Kaohsiung,2023-01-25,0.0527,1.14
17,Kaohsiung,2023-01-26,0.0611,0.83
17,Kaohsiung,2023-01-27,0.0961,2.33
17,Kaohsiung,2023-01-28,0.087,2.16
17,Kaohsiung,2023-01-29,0.1262,0.85
17,Kaohsiung,2023-01-30,0.2153,1.17
17,Kaohsiung,2023-01-31,0.1548,0.52
17,Kaohsiung,2023-02-01,0.2621,1.61
17,Kaohsiung,2023-02-02,0.257,1.66
17,Kaohsiung,2023-02-03,0.353,0.23
17,Kaohsiung,2023-02-04,0.344,1.43
17,Kaohsiung,2023-02-05,0.3795,1.57
17,Kaohsiung,2023-02-06,0.3109,1.76
17,Kaohsiung,2023-02-07,0.2316,2.22
17,Kaohsiung,2023-02-08,0.1946,2.54
17,Kaohsiung,2023-02-09,0.1215,0.3
17,Kaohsiung,2023-02-10,0.1805,1.2
17,Kaohsiung,2023-02-11,0.1848,1.57
17,Kaohsiung,2023-02-12,0.1294,0.42
17,Kaohsiung,2023-02-13,0.2133,1.09
17,Kaohsiung,2023-02-14,0.2621,0.63
17,Kaohsiung,2023-02-15,0.1322,0.35
17,Kaohsiung,2023-02-16,0.2052,0.23
17,Kaohsiung,2023-02-17,0.2757,0.44
17,Kaohsiung,2023-02-18,0.1747,1.45
17,Kaohsiung,2023-02-19,0.1389,3.78
17,Kaohsiung,2023-02-20,0.1493,0.95
17,Kaohsiung,2023-02-21,0.1005,0.17
17,Kaohsiung,2023-02-22,0.2071,0.51
17,Kaohsiung,2023-02-23,0.1785,1.38
17,Kaohsiung,2023-02-24,0.0759,0.2
17,Kaohsiung,2023-02-25,0.0753,1.44
17,Kaohsiung,2023-02-26,0.0569,0.71
17,Kaohsiung,2023-02-27,0.0741,0.07
17,Kaohsiung,2023-02-28,0.1116,0.48
17,Kaohsiung,2023-03-01,0.0404,0.62
17,Kaohsiung,2023-03-02,0.1694,2.51
17,Kaohsiung,2023-03-03,0.1987,3.46
17,Kaohsiung,2023-03-04,0.2041,4.52
17,Kaohsiung,2023-03-05,0.1802,0.94
17,Kaohsiung,2023-03-06,0.3192,0.56
17,Kaohsiung,2023-03-07,0.2667,1.32
17,Kaohsiung,2023-03-08,0.2747,3.88
17,Kaohsiung,2023-03-09,0.2902,2.99
17,Kaohsiung,2023-03-10,0.2992,4.02
17,Kaohsiung,2023-03-11,0.3245,0.46
17,Kaohsiung,2023-03-12,0.3651,4.99
17,Kaohsiung,2023-03-13,0.4325,2.68
17,Kaohsiung,2023-03-14,0.4016,3.9
17,Kaohsiung,2023-03-15,0.3652,1.21
17,Kaohsiung,2023-03-16,0.3566,3.23
17,Kaohsiung,2023-03-17,0.3468,0.02
17,Kaohsiung,2023-03-18,0.2694,0.26
17,Kaohsiung,2023-03-19,0.2738,0.63
17,Kaohsiung,2023-03-20,0.3966,10.58
17,Kaohsiung,2023-03-21,0.4067,3.08
17,Kaohsiung,2023-03-22,0.3055,0.93
17,Kaohsiung,2023-03-23,0.3014,1.19
17,Kaohsiung,2023-03-24,0.3776,7.8
17,Kaohsiung,2023-03-25,0.3493,0.05
17,Kaohsiung,2023-03-26,0.3454,4.77
17,Kaohsiung,2023-03-27,0.5845,3.96
17,Kaohsiung,2023-03-28,0.6539,1.35
17,Kaohsiung,2023-03-29,0.6035,1.79
17,Kaohsiung,2023-03-30,0.6028,7.86
17,Kaohsiung,2023-03-31,0.5752,9.21
17,Kaohsiung,2023-04-01,0.5168,18.24
17,Kaohsiung,2023-04-02,0.5414,0.72
17,Kaohsiung,2023-04-03,0.6018,7.43
17,Kaohsiung,2023-04-04,0.5987,10.5
17,Kaohsiung,2023-04-05,0.5431,1.1
17,Kaohsiung,2023-04-06,0.6179,16.15
17,Kaohsiung,2023-04-07,0.5375,2.84
17,Kaohsiung,2023-04-08,0.5087,2.29
17,Kaohsiung,2023-04-09,0.4083,8.56
17,Kaohsiung,2023-04-10,0.4359,1.48
17,Kaohsiung,2023-04-11,0.3959,2.44
17,Kaohsiung,2023-04-12,0.4602,3.61
17,Kaohsiung,2023-04-13,0.4347,8.96
17,Kaohsiung,2023-04-14,0.5263,15.93
17,Kaohsiung,2023-04-15,0.4821,4.62
17,Kaohsiung,2023-04-16,0.4252,2.79
17,Kaohsiung,2023-04-17,0.4698,0.23
17,Kaohsiung,2023-04-18,0.3173,0.04
17,Kaohsiung,2023-04-19,0.289,3.26
17,Kaohsiung,2023-04-20,0.2975,2.98
17,Kaohsiung,2023-04-21,0.4584,1.19
17,Kaohsiung,2023-04-22,0.472,1.2
17,Kaohsiung,2023-04-23,0.3374,1.79
17,Kaohsiung,2023-04-24,0.3265,1.76
17,Kaohsiung,2023-04-25,0.2501,0.57
17,Kaohsiung,2023-04-26,0.2778,6.68
17,Kaohsiung,2023-04-27,0.3307,1.49
17,Kaohsiung,2023-04-28,0.2616,0.63
17,Kaohsiung,2023-04-29,0.3299,6.81
17,Kaohsiung,2023-04-30,0.2666,1.25
17,Kaohsiung,2023-05-01,0.252,6.01
17,Kaohsiung,2023-05-02,0.1794,2.07
17,Kaohsiung,2023-05-03,0.1535,0.8
17,Kaohsiung,2023-05-04,0.1665,0.25
17,Kaohsiung,2023-05-05,0.2782,5.62
17,Kaohsiung,2023-05-06,0.1977,2.44
17,Kaohsiung,2023-05-07,0.1297,0.13
17,Kaohsiung,2023-05-08,0.238,0.88
17,Kaohsiung,2023-05-09,0.2198,0.84
17,Kaohsiung,2023-05-10,0.1825,1.81
17,Kaohsiung,2023-05-11,0.2042,3.65
17,Kaohsiung,2023-05-12,0.2065,9.56
17,Kaohsiung,2023-05-13,0.1554,0.38
17,Kaohsiung,2023-05-14,0.1482,3.2
17,Kaohsiung,2023-05-15,0.2141,0.11
17,Kaohsiung,2023-05-16,0.1509,2.32
17,Kaohsiung,2023-05-17,0.2225,1.75
17,Kaohsiung,2023-05-18,0.2154,0.32
17,Kaohsiung,2023-05-19,0.2375,0.28
17,Kaohsiung,2023-05-20,0.2027,4.16
17,Kaohsiung,2023-05-21,0.1825,3.75
17,Kaohsiung,2023-05-22,0.1836,1.87
17,Kaohsiung,2023-05-23,0.2579,1.25
17,Kaohsiung,2023-05-24,0.2646,2.03
17,Kaohsiung,2023-05-25,0.2318,0.04
17,Kaohsiung,2023-05-26,0.2111,1.78
17,Kaohsiung,2023-05-27,0.1856,0.92
17,Kaohsiung,2023-05-28,0.2203,1.47
17,Kaohsiung,2023-05-29,0.2402,2.85
17,Kaohsiung,2023-05-30,0.2255,6.87
17,Kaohsiung,2023-05-31,0.2332,0.46
17,Kaohsiung,2023-06-01,0.1991,0.93
17,Kaohsiung,2023-06-02,0.2265,2.29
17,Kaohsiung,2023-06-03,0.3501,2.13
17,Kaohsiung,2023-06-04,0.3466,5.51
17,Kaohsiung,2023-06-05,0.3857,15.45
17,Kaohsiung,2023-06-06,0.3226,1.79
17,Kaohsiung,2023-06-07,0.3633,0.16
17,Kaohsiung,2023-06-08,0.3084,20.91
17,Kaohsiung,2023-06-09,0.3484,8.8
17,Kaohsiung,2023-06-10,0.2097,0.51
17,Kaohsiung,2023-06-11,0.1641,2.05
17,Kaohsiung,2023-06-12,0.1783,0.47
17,Kaohsiung,2023-06-13,0.1658,2.55
17,Kaohsiung,2023-06-14,0.1484,0.89
17,Kaohsiung,2023-06-15,0.2307,1.02
17,Kaohsiung,2023-06-16,0.2564,0.67
17,Kaohsiung,2023-06-17,0.3263,0.33
17,Kaohsiung,2023-06-18,0.2582,3.4
17,Kaohsiung,2023-06-19,0.2216,0.32
17,Kaohsiung,2023-06-20,0.3121,6.13
17,Kaohsiung,2023-06-21,0.2476,0.82
17,Kaohsiung,2023-06-22,0.2623,0.06
17,Kaohsiung,2023-06-23,0.2726,2.02
17,Kaohsiung,2023-06-24,0.1991,0.32
17,Kaohsiung,2023-06-25,0.1204,0.59
17,Kaohsiung,2023-06-26,0.1238,0.64
17,Kaohsiung,2023-06-27,0.1101,0.76
17,Kaohsiung,2023-06-28,0.1489,2.09
17,Kaohsiung,2023-06-29,0.1626,1.5
17,Kaohsiung,2023-06-30,0.1799,0.4
17,Kaohsiung,2023-07-01,0.2477,3.93
17,Kaohsiung,2023-07-02,0.3247,2.74
17,Kaohsiung,2023-07-03,0.3625,1.71
17,Kaohsiung,2023-07-04,0.3175,1.96
17,Kaohsiung,2023-07-05,0.3058,5.79
17,Kaohsiung,2023-07-06,0.3118,8.17
17,Kaohsiung,2023-07-07,0.2443,2.08
17,Kaohsiung,2023-07-08,0.2382,0.47
17,Kaohsiung,2023-07-09,0.239,0.01
17,Kaohsiung,2023-07-10,0.2176,0.07
17,Kaohsiung,2023-07-11,0.1854,0.05
17,Kaohsiung,2023-07-12,0.1454,1.55
17,Kaohsiung,2023-07-13,0.2278,0.95
17,Kaohsiung,2023-07-14,0.1842,2.57
17,Kaohsiung,2023-07-15,0.2121,0.66
17,Kaohsiung,2023-07-16,0.3115,4.21
17,Kaohsiung,2023-07-17,0.3358,1.04
17,Kaohsiung,2023-07-18,0.4062,4.99
17,Kaohsiung,2023-07-19,0.3908,0.99
17,Kaohsiung,2023-07-20,0.4004,1.14
17,Kaohsiung,2023-07-21,0.3268,3.75
17,Kaohsiung,2023-07-22,0.3919,6.4
17,Kaohsiung,2023-07-23,0.3541,0.24
17,Kaohsiung,2023-07-24,0.3746,4.55
17,Kaohsiung,2023-07-25,0.3358,2.97
17,Kaohsiung,2023-07-26,0.2772,0.7
17,Kaohsiung,2023-07-27,0.3201,0.22
17,Kaohsiung,2023-07-28,0.3165,3.19
17,Kaohsiung,2023-07-29,0.2581,16.53
17,Kaohsiung,2023-07-30,0.2101,6.07
17,Kaohsiung,2023-07-31,0.1951,0.52
17,Kaohsiung,2023-08-01,0.2889,3.16
17,Kaohsiung,2023-08-02,0.2892,1.22
17,Kaohsiung,2023-08-03,0.2339,1.33
17,Kaohsiung,2023-08-04,0.2139,0.17
17,Kaohsiung,2023-08-05,0.2776,1.22
17,Kaohsiung,2023-08-06,0.2877,6.81
17,Kaohsiung,2023-08-07,0.2309,0.72
17,Kaohsiung,2023-08-08,0.051,0.83
17,Kaohsiung,2023-08-09,0.0807,0.52
17,Kaohsiung,2023-08-10,0.1805,1.39
17,Kaohsiung,2023-08-11,0.1693,0.7
17,Kaohsiung,2023-08-12,0.2129,0.11
17,Kaohsiung,2023-08-13,0.3214,1.84
17,Kaohsiung,2023-08-14,0.2717,0.07
17,Kaohsiung,2023-08-15,0.2084,6.54
17,Kaohsiung,2023-08-16,0.1896,0.05
17,Kaohsiung,2023-08-17,0.217,0.3
17,Kaohsiung,2023-08-18,0.2688,3.0
17,Kaohsiung,2023-08-19,0.2565,3.58
17,Kaohsiung,2023-08-20,0.4076,1.24
17,Kaohsiung,2023-08-21,0.4753,3.74
17,Kaohsiung,2023-08-22,0.4253,0.3
17,Kaohsiung,2023-08-23,0.3903,4.56
17,Kaohsiung,2023-08-24,0.3484,2.25
17,Kaohsiung,2023-08-25,0.439,4.59
17,Kaohsiung,2023-08-26,0.3226,2.4
17,Kaohsiung,2023-08-27,0.297,0.75
17,Kaohsiung,2023-08-28,0.2154,2.69
17,Kaohsiung,2023-08-29,0.2353,1.62
17,Kaohsiung,2023-08-30,0.265,4.33
17,Kaohsiung,2023-08-31,0.1749,18.88
17,Kaohsiung,2023-09-01,0.1153,1.96
17,Kaohsiung,2023-09-02,0.1301,2.02
17,Kaohsiung,2023-09-03,0.1629,2.36
17,Kaohsiung,2023-09-04,0.1237,1.04
17,Kaohsiung,2023-09-05,0.1199,1.33
17,Kaohsiung,2023-09-06,0.1725,1.11
17,Kaohsiung,2023-09-07,0.208,3.37
17,Kaohsiung,2023-09-08,0.2154,2.27
17,Kaohsiung,2023-09-09,0.1753,2.55
17,Kaohsiung,2023-09-10,0.0329,1.84
17,Kaohsiung,2023-09-11,0.0502,0.27
17,Kaohsiung,2023-09-12,0.0911,2.26
17,Kaohsiung,2023-09-13,0.1049,0.66
17,Kaohsiung,2023-09-14,0.1646,1.79
17,Kaohsiung,2023-09-15,0.3149,0.76
17,Kaohsiung,2023-09-16,0.3044,4.78
17,Kaohsiung,2023-09-17,0.172,0.15
17,Kaohsiung,2023-09-18,0.1884,2.85
17,Kaohsiung,2023-09-19,0.2623,0.32
17,Kaohsiung,2023-09-20,0.3311,1.2
17,Kaohsiung,2023-09-21,0.2193,0.21
17,Kaohsiung,2023-09-22,0.1984,5.0
17,Kaohsiung,2023-09-23,0.1892,2.27
17,Kaohsiung,2023-09-24,0.2485,0.15
17,Kaohsiung,2023-09-25,0.2322,3.7
17,Kaohsiung,2023-09-26,0.2667,3.14
17,Kaohsiung,2023-09-27,0.0974,0.8
17,Kaohsiung,2023-09-28,0.1036,1.77
17,Kaohsiung,2023-09-29,0.0767,0.99
17,Kaohsiung,2023-09-30,0.0774,1.45
17,Kaohsiung,2023-10-01,0.0029,3.18
17,Kaohsiung,2023-10-02,0.0712,2.95
17,Kaohsiung,2023-10-03,0.1231,2.39
17,Kaohsiung,2023-10-04,0.1484,3.93
17,Kaohsiung,2023-10-05,0.2249,0.1
17,Kaohsiung,2023-10-06,0.2625,0.32
17,Kaohsiung,2023-10-07,0.2679,0.42
17,Kaohsiung,2023-10-08,0.2274,1.24
17,Kaohsiung,2023-10-09,0.2922,3.66
17,Kaohsiung,2023-10-10,0.2528,0.14
17,Kaohsiung,2023-10-11,0.2303,4.72
17,Kaohsiung,2023-10-12,0.2944,3.31
17,Kaohsiung,2023-10-13,0.4187,3.31
17,Kaohsiung,2023-10-14,0.3756,2.44
17,Kaohsiung,2023-10-15,0.3816,3.99
17,Kaohsiung,2023-10-16,0.3574,0.2
17,Kaohsiung,2023-10-17,0.3027,1.81
17,Kaohsiung,2023-10-18,0.1457,0.33
17,Kaohsiung,2023-10-19,0.1893,4.31
17,Kaohsiung,2023-10-20,0.1966,1.6
17,Kaohsiung,2023-10-21,0.3003,0.39
17,Kaohsiung,2023-10-22,0.2474,2.34
17,Kaohsiung,2023-10-23,0.2842,8.87
17,Kaohsiung,2023-10-24,0.3216,1.52
17,Kaohsiung,2023-10-25,0.4604,3.35
17,Kaohsiung,2023-10-26,0.3806,2.83
17,Kaohsiung,2023-10-27,0.3637,0.32
17,Kaohsiung,2023-10-28,0.3571,1.98
17,Kaohsiung,2023-10-29,0.3224,0.24
17,Kaohsiung,2023-10-30,0.3927,2.24
17,Kaohsiung,2023-10-31,0.3827,0.86
17,Kaohsiung,2023-11-01,0.4394,10.35
17,Kaohsiung,2023-11-02,0.3989,0.26
17,Kaohsiung,2023-11-03,0.4595,2.88
17,Kaohsiung,2023-11-04,0.43,5.47
17,Kaohsiung,2023-11-05,0.4398,6.75
17,Kaohsiung,2023-11-06,0.4681,4.96
17,Kaohsiung,2023-11-07,0.4353,2.29
17,Kaohsiung,2023-11-08,0.3662,2.2
17,Kaohsiung,2023-11-09,0.4005,2.74
17,Kaohsiung,2023-11-10,0.347,4.62
17,Kaohsiung,2023-11-11,0.3711,9.52
17,Kaohsiung,2023-11-12,0.3908,0.87
17,Kaohsiung,2023-11-13,0.5435,1.2
17,Kaohsiung,2023-11-14,0.5565,0.94
17,Kaohsiung,2023-11-15,0.4049,1.14
17,Kaohsiung,2023-11-16,0.3262,3.13
17,Kaohsiung,2023-11-17,0.343,4.37
17,Kaohsiung,2023-11-18,0.3046,1.61
17,Kaohsiung,2023-11-19,0.3167,0.28
17,Kaohsiung,2023-11-20,0.2708,3.18
17,Kaohsiung,2023-11-21,0.1583,0.0
17,Kaohsiung,2023-11-22,0.1096,1.17
17,Kaohsiung,2023-11-23,0.2525,2.58
17,Kaohsiung,2023-11-24,0.3447,1.26
17,Kaohsiung,2023-11-25,0.2969,1.92
17,Kaohsiung,2023-11-26,0.2992,11.45
17,Kaohsiung,2023-11-27,0.2711,5.86
17,Kaohsiung,2023-11-28,0.3167,7.17
17,Kaohsiung,2023-11-29,0.2428,3.55
17,Kaohsiung,2023-11-30,0.2175,1.32
17,Kaohsiung,2023-12-01,0.203,2.24
17,Kaohsiung,2023-12-02,0.1914,0.32
17,Kaohsiung,2023-12-03,0.213,0.28
17,Kaohsiung,2023-12-04,0.2535,4.33
17,Kaohsiung,2023-12-05,0.3099,4.64
17,Kaohsiung,2023-12-06,0.2402,0.83
17,Kaohsiung,2023-12-07,0.0892,1.06
17,Kaohsiung,2023-12-08,0.1461,2.52
17,Kaohsiung,2023-12-09,0.2531,2.78
17,Kaohsiung,2023-12-10,0.189,4.38
17,Kaohsiung,2023-12-11,0.2683,1.27
17,Kaohsiung,2023-12-12,0.236,4.37
17,Kaohsiung,2023-12-13,0.1876,1.97
17,Kaohsiung,2023-12-14,0.145,1.01
17,Kaohsiung,2023-12-15,0.2149,1.59
17,Kaohsiung,2023-12-16,0.2973,0.66
17,Kaohsiung,2023-12-17,0.3604,2.45
17,Kaohsiung,2023-12-18,0.4361,0.3
17,Kaohsiung,2023-12-19,0.4194,2.23
17,Kaohsiung,2023-12-20,0.3578,0.1
17,Kaohsiung,2023-12-21,0.3981,4.81
17,Kaohsiung,2023-12-22,0.4878,3.82
17,Kaohsiung,2023-12-23,0.431,0.66
17,Kaohsiung,2023-12-24,0.38,0.5
17,Kaohsiung,2023-12-25,0.4271,2.34
17,Kaohsiung,2023-12-26,0.3423,0.01
17,Kaohsiung,2023-12-27,0.3421,2.64
17,Kaohsiung,2023-12-28,0.2091,0.08
17,Kaohsiung,2023-12-29,0.3031,1.17
17,Kaohsiung,2023-12-30,0.3014,0.39
17,Kaohsiung,2023-12-31,0.3004,0.44
17,Kaohsiung,2024-01-01,0.3633,1.31
17,Kaohsiung,2024-01-02,0.3183,5.56
17,Kaohsiung,2024-01-03,0.3651,0.23
17,Kaohsiung,2024-01-04,0.4197,8.77
17,Kaohsiung,2024-01-05,0.4716,7.35
17,Kaohsiung,2024-01-06,0.4879,9.77
17,Kaohsiung,2024-01-07,0.648,0.63
17,Kaohsiung,2024-01-08,0.734,11.08
17,Kaohsiung,2024-01-09,0.6361,15.97
17,Kaohsiung,2024-01-10,0.5979,18.91
17,Kaohsiung,2024-01-11,0.452,1.15
17,Kaohsiung,2024-01-12,0.4984,1.34
17,Kaohsiung,2024-01-13,0.433,6.57
17,Kaohsiung,2024-01-14,0.5148,2.44
17,Kaohsiung,2024-01-15,0.5617,17.4
17,Kaohsiung,2024-01-16,0.4931,5.95
17,Kaohsiung,2024-01-17,0.4665,7.25
17,Kaohsiung,2024-01-18,0.5034,4.53
17,Kaohsiung,2024-01-19,0.5483,6.03
17,Kaohsiung,2024-01-20,0.468,2.11
17,Kaohsiung,2024-01-21,0.5236,4.53
17,Kaohsiung,2024-01-22,0.3948,2.76
17,Kaohsiung,2024-01-23,0.2916,0.71
17,Kaohsiung,2024-01-24,0.2804,8.99
17,Kaohsiung,2024-01-25,0.2497,4.6
17,Kaohsiung,2024-01-26,0.294,3.44
17,Kaohsiung,2024-01-27,0.2176,0.47
17,Kaohsiung,2024-01-28,0.1748,0.28
17,Kaohsiung,2024-01-29,0.1563,0.49
17,Kaohsiung,2024-01-30,0.0954,3.59
17,Kaohsiung,2024-01-31,0.1056,2.16
17,Kaohsiung,2024-02-01,0.0567,5.55
17,Kaohsiung,2024-02-02,0.0785,3.82
17,Kaohsiung,2024-02-03,0.0698,1.45
17,Kaohsiung,2024-02-04,0.0876,1.09
17,Kaohsiung,2024-02-05,0.0422,2.42
17,Kaohsiung,2024-02-06,0.0887,0.12
17,Kaohsiung,2024-02-07,0.0666,0.42
17,Kaohsiung,2024-02-08,0.1038,1.68
17,Kaohsiung,2024-02-09,0.1389,0.16
17,Kaohsiung,2024-02-10,0.1683,4.58
17,Kaohsiung,2024-02-11,0.1875,0.43
17,Kaohsiung,2024-02-12,0.337,20.42
17,Kaohsiung,2024-02-13,0.2348,9.36
17,Kaohsiung,2024-02-14,0.3371,3.78
17,Kaohsiung,2024-02-15,0.3972,2.23
17,Kaohsiung,2024-02-16,0.386,2.8
17,Kaohsiung,2024-02-17,0.4131,3.3
17,Kaohsiung,2024-02-18,0.5223,2.99
17,Kaohsiung,2024-02-19,0.4425,5.75
17,Kaohsiung,2024-02-20,0.4301,2.14
17,Kaohsiung,2024-02-21,0.3381,1.03
17,Kaohsiung,2024-02-22,0.3471,0.86
17,Kaohsiung,2024-02-23,0.4216,6.3
17,Kaohsiung,2024-02-24,0.339,0.91
17,Kaohsiung,2024-02-25,0.2923,3.16
17,Kaohsiung,2024-02-26,0.3224,0.58
17,Kaohsiung,2024-02-27,0.3673,0.04
17,Kaohsiung,2024-02-28,0.4158,5.31
17,Kaohsiung,2024-02-29,0.4249,0.63
17,Kaohsiung,2024-03-01,0.4506,0.34
17,Kaohsiung,2024-03-02,0.4269,8.71
17,Kaohsiung,2024-03-03,0.4605,8.23
17,Kaohsiung,2024-03-04,0.5068,15.08
17,Kaohsiung,2024-03-05,0.5208,2.2
17,Kaohsiung,2024-03-06,0.5007,11.32
17,Kaohsiung,2024-03-07,0.3937,3.71
17,Kaohsiung,2024-03-08,0.3367,6.41
17,Kaohsiung,2024-03-09,0.3552,0.39
17,Kaohsiung,2024-03-10,0.3134,0.58
17,Kaohsiung,2024-03-11,0.3735,0.2
17,Kaohsiung,2024-03-12,0.3313,2.08
17,Kaohsiung,2024-03-13,0.2738,2.21
17,Kaohsiung,2024-03-14,0.3125,1.22
17,Kaohsiung,2024-03-15,0.2546,3.14
17,Kaohsiung,2024-03-16,0.2874,1.26
17,Kaohsiung,2024-03-17,0.2592,1.09
17,Kaohsiung,2024-03-18,0.2512,6.16
17,Kaohsiung,2024-03-19,0.2253,4.01
17,Kaohsiung,2024-03-20,0.2349,0.58
17,Kaohsiung,2024-03-21,0.3406,0.87
17,Kaohsiung,2024-03-22,0.3871,0.69
17,Kaohsiung,2024-03-23,0.4348,2.64
17,Kaohsiung,2024-03-24,0.4539,0.78
17,Kaohsiung,2024-03-25,0.4796,0.79
17,Kaohsiung,2024-03-26,0.4256,13.13
17,Kaohsiung,2024-03-27,0.378,1.58
17,Kaohsiung,2024-03-28,0.3493,9.18
17,Kaohsiung,2024-03-29,0.4284,0.53
17,Kaohsiung,2024-03-30,0.5444,5.68
17,Kaohsiung,2024-03-31,0.4874,0.52
17,Kaohsiung,2024-04-01,0.5099,2.49
17,Kaohsiung,2024-04-02,0.4818,6.79
17,Kaohsiung,2024-04-03,0.4277,5.86
17,Kaohsiung,2024-04-04,0.286,4.38
17,Kaohsiung,2024-04-05,0.3947,3.55
17,Kaohsiung,2024-04-06,0.408,1.72
17,Kaohsiung,2024-04-07,0.4226,1.74
17,Kaohsiung,2024-04-08,0.4093,1.7
17,Kaohsiung,2024-04-09,0.4278,3.51
17,Kaohsiung,2024-04-10,0.3361,1.22
17,Kaohsiung,2024-04-11,0.3425,1.0
17,Kaohsiung,2024-04-12,0.2984,4.73
17,Kaohsiung,2024-04-13,0.232,2.46
17,Kaohsiung,2024-04-14,0.229,3.42
17,Kaohsiung,2024-04-15,0.2506,0.23
17,Kaohsiung,2024-04-16,0.3454,2.16
17,Kaohsiung,2024-04-17,0.2296,2.77
17,Kaohsiung,2024-04-18,0.2616,2.02
17,Kaohsiung,2024-04-19,0.3522,0.76
17,Kaohsiung,2024-04-20,0.2972,0.5
17,Kaohsiung,2024-04-21,0.2723,2.49
17,Kaohsiung,2024-04-22,0.3505,0.04
17,Kaohsiung,2024-04-23,0.281,8.1
17,Kaohsiung,2024-04-24,0.2761,3.49
17,Kaohsiung,2024-04-25,0.2628,10.02
17,Kaohsiung,2024-04-26,0.3116,1.17
17,Kaohsiung,2024-04-27,0.3116,2.48
17,Kaohsiung,2024-04-28,0.2958,0.41
17,Kaohsiung,2024-04-29,0.3255,0.02
17,Kaohsiung,2024-04-30,0.2876,0.95
17,Kaohsiung,2024-05-01,0.3284,7.49
17,Kaohsiung,2024-05-02,0.3287,0.17
17,Kaohsiung,2024-05-03,0.3547,0.23
17,Kaohsiung,2024-05-04,0.4319,2.26
17,Kaohsiung,2024-05-05,0.4569,5.16
17,Kaohsiung,2024-05-06,0.4383,3.02
17,Kaohsiung,2024-05-07,0.5446,6.92
17,Kaohsiung,2024-05-08,0.4837,19.25
17,Kaohsiung,2024-05-09,0.6095,0.29
17,Kaohsiung,2024-05-10,0.388,7.15
17,Kaohsiung,2024-05-11,0.3394,0.22
17,Kaohsiung,2024-05-12,0.3199,5.07
17,Kaohsiung,2024-05-13,0.3387,7.68
17,Kaohsiung,2024-05-14,0.3085,3.19
17,Kaohsiung,2024-05-15,0.3299,3.65
17,Kaohsiung,2024-05-16,0.2867,1.92
17,Kaohsiung,2024-05-17,0.3151,1.16
17,Kaohsiung,2024-05-18,0.3239,4.54
17,Kaohsiung,2024-05-19,0.506,13.24
17,Kaohsiung,2024-05-20,0.609,0.05
17,Kaohsiung,2024-05-21,0.6009,1.87
17,Kaohsiung,2024-05-22,0.6454,16.61
17,Kaohsiung,2024-05-23,0.4647,8.35
17,Kaohsiung,2024-05-24,0.378,2.77
17,Kaohsiung,2024-05-25,0.3479,2.28
17,Kaohsiung,2024-05-26,0.2697,1.27
17,Kaohsiung,2024-05-27,0.3385,1.18
17,Kaohsiung,2024-05-28,0.3793,1.08
17,Kaohsiung,2024-05-29,0.3492,3.17
17,Kaohsiung,2024-05-30,0.2887,1.02
17,Kaohsiung,2024-05-31,0.3949,2.77
17,Kaohsiung,2024-06-01,0.2635,8.74
17,Kaohsiung,2024-06-02,0.242,1.45
17,Kaohsiung,2024-06-03,0.2204,4.09
17,Kaohsiung,2024-06-04,0.2186,0.04
17,Kaohsiung,2024-06-05,0.199,5.61
17,Kaohsiung,2024-06-06,0.1908,1.54
17,Kaohsiung,2024-06-07,0.2423,2.79
17,Kaohsiung,2024-06-08,0.357,0.25
17,Kaohsiung,2024-06-09,0.4068,0.19
17,Kaohsiung,2024-06-10,0.4075,2.55
17,Kaohsiung,2024-06-11,0.3543,2.31
17,Kaohsiung,2024-06-12,0.3651,0.16
17,Kaohsiung,2024-06-13,0.2571,2.68
17,Kaohsiung,2024-06-14,0.1562,5.1
17,Kaohsiung,2024-06-15,0.1738,0.11
17,Kaohsiung,2024-06-16,0.1744,2.51
17,Kaohsiung,2024-06-17,0.3059,0.29
17,Kaohsiung,2024-06-18,0.2879,0.09
17,Kaohsiung,2024-06-19,0.3291,0.31
17,Kaohsiung,2024-06-20,0.346,8.0
17,Kaohsiung,2024-06-21,0.3607,9.49
17,Kaohsiung,2024-06-22,0.2779,1.81
17,Kaohsiung,2024-06-23,0.2684,8.67
17,Kaohsiung,2024-06-24,0.2333,1.52
17,Kaohsiung,2024-06-25,0.1906,2.04
17,Kaohsiung,2024-06-26,0.1173,2.44
17,Kaohsiung,2024-06-27,0.2036,0.72
17,Kaohsiung,2024-06-28,0.2296,0.26
17,Kaohsiung,2024-06-29,0.169,3.03
17,Kaohsiung,2024-06-30,0.1018,2.86
17,Kaohsiung,2024-07-01,0.2163,2.73
17,Kaohsiung,2024-07-02,0.2632,3.14
17,Kaohsiung,2024-07-03,0.1816,0.25
17,Kaohsiung,2024-07-04,0.2219,2.23
17,Kaohsiung,2024-07-05,0.2151,0.95
17,Kaohsiung,2024-07-06,0.2632,1.47
17,Kaohsiung,2024-07-07,0.1657,0.7
17,Kaohsiung,2024-07-08,0.2134,4.55
17,Kaohsiung,2024-07-09,0.2353,1.41
17,Kaohsiung,2024-07-10,0.3263,1.78
17,Kaohsiung,2024-07-11,0.2713,1.79
17,Kaohsiung,2024-07-12,0.2363,0.08
17,Kaohsiung,2024-07-13,0.1625,0.82
17,Kaohsiung,2024-07-14,0.1159,1.5
17,Kaohsiung,2024-07-15,0.2465,0.7
17,Kaohsiung,2024-07-16,0.1833,2.98
17,Kaohsiung,2024-07-17,0.2038,4.3
17,Kaohsiung,2024-07-18,0.2211,0.55
17,Kaohsiung,2024-07-19,0.1815,1.07
17,Kaohsiung,2024-07-20,0.2178,0.57
17,Kaohsiung,2024-07-21,0.2729,2.94
17,Kaohsiung,2024-07-22,0.2738,1.07
17,Kaohsiung,2024-07-23,0.2556,0.03
17,Kaohsiung,2024-07-24,0.2286,3.55
17,Kaohsiung,2024-07-25,0.1569,2.87
17,Kaohsiung,2024-07-26,0.2195,1.0
17,Kaohsiung,2024-07-27,0.2169,1.37
17,Kaohsiung,2024-07-28,0.2298,0.7
17,Kaohsiung,2024-07-29,0.138,0.19
17,Kaohsiung,2024-07-30,0.1691,0.11
17,Kaohsiung,2024-07-31,0.2525,9.15
17,Kaohsiung,2024-08-01,0.2127,3.13
17,Kaohsiung,2024-08-02,0.1907,1.46
17,Kaohsiung,2024-08-03,0.2377,2.08
17,Kaohsiung,2024-08-04,0.1612,1.07
17,Kaohsiung,2024-08-05,0.0604,0.69
17,Kaohsiung,2024-08-06,0.0897,0.01
17,Kaohsiung,2024-08-07,0.0696,0.38
17,Kaohsiung,2024-08-08,0.1257,1.62
17,Kaohsiung,2024-08-09,0.1711,2.53
17,Kaohsiung,2024-08-10,0.2166,2.93
17,Kaohsiung,2024-08-11,0.2254,0.93
17,Kaohsiung,2024-08-12,0.3154,5.59
17,Kaohsiung,2024-08-13,0.4928,14.59
17,Kaohsiung,2024-08-14,0.4353,2.46
17,Kaohsiung,2024-08-15,0.3985,5.85
17,Kaohsiung,2024-08-16,0.3404,1.41
17,Kaohsiung,2024-08-17,0.3112,1.53
17,Kaohsiung,2024-08-18,0.3008,3.06
17,Kaohsiung,2024-08-19,0.3072,11.6
17,Kaohsiung,2024-08-20,0.3025,1.3
17,Kaohsiung,2024-08-21,0.3003,3.38
17,Kaohsiung,2024-08-22,0.3054,2.26
17,Kaohsiung,2024-08-23,0.3005,1.66
17,Kaohsiung,2024-08-24,0.1947,1.76
17,Kaohsiung,2024-08-25,0.2389,4.79
17,Kaohsiung,2024-08-26,0.2574,1.16
17,Kaohsiung,2024-08-27,0.2993,0.03
17,Kaohsiung,2024-08-28,0.2672,0.86
17,Kaohsiung,2024-08-29,0.1775,0.31
17,Kaohsiung,2024-08-30,0.1936,1.95
17,Kaohsiung,2024-08-31,0.0832,0.48
17,Kaohsiung,2024-09-01,0.0418,0.66
17,Kaohsiung,2024-09-02,0.0848,0.1
17,Kaohsiung,2024-09-03,0.0274,8.13
17,Kaohsiung,2024-09-04,0.0368,0.03
17,Kaohsiung,2024-09-05,0.0015,0.71
17,Kaohsiung,2024-09-06,0.0918,0.73
17,Kaohsiung,2024-09-07,0.0,0.1
17,Kaohsiung,2024-09-08,0.0421,1.2
17,Kaohsiung,2024-09-09,0.0954,3.04
17,Kaohsiung,2024-09-10,0.067,0.09
17,Kaohsiung,2024-09-11,0.074,0.97
17,Kaohsiung,2024-09-12,0.1135,0.2
17,Kaohsiung,2024-09-13,0.0117,9.57
17,Kaohsiung,2024-09-14,0.0726,4.32
17,Kaohsiung,2024-09-15,0.1866,2.47
17,Kaohsiung,2024-09-16,0.1485,0.32
17,Kaohsiung,2024-09-17,0.2637,0.56
17,Kaohsiung,2024-09-18,0.3131,13.63
17,Kaohsiung,2024-09-19,0.2572,3.53
17,Kaohsiung,2024-09-20,0.2895,6.81
17,Kaohsiung,2024-09-21,0.2455,0.03
17,Kaohsiung,2024-09-22,0.2514,2.34
17,Kaohsiung,2024-09-23,0.3892,2.19
17,Kaohsiung,2024-09-24,0.4021,0.12
17,Kaohsiung,2024-09-25,0.3622,0.48
17,Kaohsiung,2024-09-26,0.3693,1.99
17,Kaohsiung,2024-09-27,0.298,0.31
17,Kaohsiung,2024-09-28,0.3848,0.02
17,Kaohsiung,2024-09-29,0.3522,2.48
17,Kaohsiung,2024-09-30,0.3627,1.29
17,Kaohsiung,2024-10-01,0.3593,2.26
17,Kaohsiung,2024-10-02,0.3137,2.25
17,Kaohsiung,2024-10-03,0.2523,0.99
17,Kaohsiung,2024-10-04,0.299,0.24
17,Kaohsiung,2024-10-05,0.2696,2.02
17,Kaohsiung,2024-10-06,0.1954,0.32
17,Kaohsiung,2024-10-07,0.2985,3.61
17,Kaohsiung,2024-10-08,0.1416,0.32
17,Kaohsiung,2024-10-09,0.0795,2.45
17,Kaohsiung,2024-10-10,0.145,6.05
17,Kaohsiung,2024-10-11,0.1673,0.58
17,Kaohsiung,2024-10-12,0.2479,0.33
17,Kaohsiung,2024-10-13,0.3136,1.28
17,Kaohsiung,2024-10-14,0.4002,5.96
17,Kaohsiung,2024-10-15,0.4697,5.44
17,Kaohsiung,2024-10-16,0.4255,15.96
17,Kaohsiung,2024-10-17,0.394,6.4
17,Kaohsiung,2024-10-18,0.4062,1.88
17,Kaohsiung,2024-10-19,0.4451,3.61
17,Kaohsiung,2024-10-20,0.385,2.33
17,Kaohsiung,2024-10-21,0.4603,13.38
17,Kaohsiung,2024-10-22,0.4371,5.73
17,Kaohsiung,2024-10-23,0.4723,0.88
17,Kaohsiung,2024-10-24,0.4974,0.87
17,Kaohsiung,2024-10-25,0.4865,2.74
17,Kaohsiung,2024-10-26,0.5542,5.72
17,Kaohsiung,2024-10-27,0.5711,8.43
17,Kaohsiung,2024-10-28,0.4621,1.75
17,Kaohsiung,2024-10-29,0.3095,0.73
17,Kaohsiung,2024-10-30,0.239,0.33
17,Kaohsiung,2024-10-31,0.236,3.46
17,Kaohsiung,2024-11-01,0.333,0.36
17,Kaohsiung,2024-11-02,0.3,2.59
17,Kaohsiung,2024-11-03,0.2716,4.51
17,Kaohsiung,2024-11-04,0.3233,1.64
17,Kaohsiung,2024-11-05,0.4006,0.21
17,Kaohsiung,2024-11-06,0.402,0.15
17,Kaohsiung,2024-11-07,0.3662,9.15
17,Kaohsiung,2024-11-08,0.3122,5.63
17,Kaohsiung,2024-11-09,0.2258,2.86
17,Kaohsiung,2024-11-10,0.1364,0.19
17,Kaohsiung,2024-11-11,0.2171,4.91
17,Kaohsiung,2024-11-12,0.2377,0.98
17,Kaohsiung,2024-11-13,0.2722,3.51
17,Kaohsiung,2024-11-14,0.3198,1.84
17,Kaohsiung,2024-11-15,0.3488,0.26
17,Kaohsiung,2024-11-16,0.2775,11.87
17,Kaohsiung,2024-11-17,0.2316,7.0
17,Kaohsiung,2024-11-18,0.2779,8.07
17,Kaohsiung,2024-11-19,0.2485,2.36
17,Kaohsiung,2024-11-20,0.136,4.65
17,Kaohsiung,2024-11-21,0.1043,1.15
17,Kaohsiung,2024-11-22,0.2334,0.27
17,Kaohsiung,2024-11-23,0.246,3.48
17,Kaohsiung,2024-11-24,0.2504,2.51
17,Kaohsiung,2024-11-25,0.2392,2.89
17,Kaohsiung,2024-11-26,0.1515,0.35
17,Kaohsiung,2024-11-27,0.1645,0.55
17,Kaohsiung,2024-11-28,0.1942,1.8
17,Kaohsiung,2024-11-29,0.1419,1.49
17,Kaohsiung,2024-11-30,0.2032,3.98
17,Kaohsiung,2024-12-01,0.177,1.36
17,Kaohsiung,2024-12-02,0.2439,2.08
17,Kaohsiung,2024-12-03,0.2445,0.32
17,Kaohsiung,2024-12-04,0.2371,2.47
17,Kaohsiung,2024-12-05,0.3951,0.17
17,Kaohsiung,2024-12-06,0.4385,5.55
17,Kaohsiung,2024-12-07,0.4151,8.41
17,Kaohsiung,2024-12-08,0.4305,5.94
17,Kaohsiung,2024-12-09,0.4222,1.15
17,Kaohsiung,2024-12-10,0.4475,4.32
17,Kaohsiung,2024-12-11,0.4375,0.26
17,Kaohsiung,2024-12-12,0.4035,5.32
17,Kaohsiung,2024-12-13,0.3954,9.46
17,Kaohsiung,2024-12-14,0.3658,2.25
17,Kaohsiung,2024-12-15,0.3499,22.27
17,Kaohsiung,2024-12-16,0.4475,6.12
17,Kaohsiung,2024-12-17,0.4468,2.5
17,Kaohsiung,2024-12-18,0.2945,0.4
17,Kaohsiung,2024-12-19,0.3857,2.41
17,Kaohsiung,2024-12-20,0.4298,2.64
17,Kaohsiung,2024-12-21,0.556,3.95
17,Kaohsiung,2024-12-22,0.5132,4.66
17,Kaohsiung,2024-12-23,0.5883,10.7
17,Kaohsiung,2024-12-24,0.5907,1.59
17,Kaohsiung,2024-12-25,0.5586,2.18
17,Kaohsiung,2024-12-26,0.5992,5.69
17,Kaohsiung,2024-12-27,0.5738,4.28
17,Kaohsiung,2024-12-28,0.5404,0.02
17,Kaohsiung,2024-12-29,0.4379,7.27
17,Kaohsiung,2024-12-30,0.4397,4.6
17,Kaohsiung,2024-12-31,0.3608,3.37
17,Kaohsiung,2025-01-01,0.3477,1.9
17,Kaohsiung,2025-01-02,0.3707,8.72
17,Kaohsiung,2025-01-03,0.4075,7.32
17,Kaohsiung,2025-01-04,0.3994,3.03
17,Kaohsiung,2025-01-05,0.4227,6.31
17,Kaohsiung,2025-01-06,0.5865,4.93
17,Kaohsiung,2025-01-07,0.517,3.57
17,Kaohsiung,2025-01-08,0.6286,0.69
17,Kaohsiung,2025-01-09,0.497,2.02
17,Kaohsiung,2025-01-10,0.3549,1.3
17,Kaohsiung,2025-01-11,0.413,9.54
17,Kaohsiung,2025-01-12,0.3959,3.67
17,Kaohsiung,2025-01-13,0.3231,8.83
17,Kaohsiung,2025-01-14,0.3147,3.09
17,Kaohsiung,2025-01-15,0.2797,0.42
17,Kaohsiung,2025-01-16,0.2978,0.26
17,Kaohsiung,2025-01-17,0.3045,1.15
17,Kaohsiung,2025-01-18,0.3735,1.81
17,Kaohsiung,2025-01-19,0.3663,4.59
17,Kaohsiung,2025-01-20,0.4067,1.08
17,Kaohsiung,2025-01-21,0.3742,4.03
17,Kaohsiung,2025-01-22,0.3984,1.36
17,Kaohsiung,2025-01-23,0.3713,2.47
17,Kaohsiung,2025-01-24,0.4447,2.95
17,Kaohsiung,2025-01-25,0.3354,12.2
17,Kaohsiung,2025-01-26,0.3299,0.91
17,Kaohsiung,2025-01-27,0.3228,2.18
17,Kaohsiung,2025-01-28,0.2524,0.47
17,Kaohsiung,2025-01-29,0.1702,0.05
17,Kaohsiung,2025-01-30,0.1255,1.07
17,Kaohsiung,2025-01-31,0.1895,3.05
17,Kaohsiung,2025-02-01,0.2214,0.55
17,Kaohsiung,2025-02-02,0.2705,1.65
17,Kaohsiung,2025-02-03,0.2786,1.88
17,Kaohsiung,2025-02-04,0.3341,9.48
17,Kaohsiung,2025-02-05,0.3177,3.06
17,Kaohsiung,2025-02-06,0.3472,2.39
17,Kaohsiung,2025-02-07,0.3696,0.42
17,Kaohsiung,2025-02-08,0.3086,0.09
17,Kaohsiung,2025-02-09,0.2145,0.14
17,Kaohsiung,2025-02-10,0.1844,1.29
17,Kaohsiung,2025-02-11,0.1319,2.23
17,Kaohsiung,2025-02-12,0.1139,0.78
17,Kaohsiung,2025-02-13,0.1663,1.14
17,Kaohsiung,2025-02-14,0.2633,0.73
17,Kaohsiung,2025-02-15,0.323,1.2
17,Kaohsiung,2025-02-16,0.1239,8.12
17,Kaohsiung,2025-02-17,0.1485,2.09
17,Kaohsiung,2025-02-18,0.1421,0.2
17,Kaohsiung,2025-02-19,0.1274,1.82
17,Kaohsiung,2025-02-20,0.0364,0.3
17,Kaohsiung,2025-02-21,0.1509,0.01
17,Kaohsiung,2025-02-22,0.2693,2.05
17,Kaohsiung,2025-02-23,0.2438,3.28
17,Kaohsiung,2025-02-24,0.4146,2.82
17,Kaohsiung,2025-02-25,0.253,2.75
17,Kaohsiung,2025-02-26,0.1837,1.59
17,Kaohsiung,2025-02-27,0.173,5.31
17,Kaohsiung,2025-02-28,0.2485,0.04
17,Kaohsiung,2025-03-01,0.2509,2.06
17,Kaohsiung,2025-03-02,0.1825,0.65
17,Kaohsiung,2025-03-03,0.2722,4.46
17,Kaohsiung,2025-03-04,0.3018,7.03
17,Kaohsiung,2025-03-05,0.2604,14.12
17,Kaohsiung,2025-03-06,0.2339,1.78
17,Kaohsiung,2025-03-07,0.1955,2.92
17,Kaohsiung,2025-03-08,0.2314,0.02
17,Kaohsiung,2025-03-09,0.1597,0.37
17,Kaohsiung,2025-03-10,0.1296,1.39
17,Kaohsiung,2025-03-11,0.2389,4.11
17,Kaohsiung,2025-03-12,0.2431,0.04
17,Kaohsiung,2025-03-13,0.198,0.92
17,Kaohsiung,2025-03-14,0.116,0.65
17,Kaohsiung,2025-03-15,0.1363,1.69
17,Kaohsiung,2025-03-16,0.1481,1.29
17,Kaohsiung,2025-03-17,0.2643,0.39
17,Kaohsiung,2025-03-18,0.1187,4.4
17,Kaohsiung,2025-03-19,0.0866,1.44
17,Kaohsiung,2025-03-20,0.1365,0.05
17,Kaohsiung,2025-03-21,0.1675,0.53
17,Kaohsiung,2025-03-22,0.2176,0.64
17,Kaohsiung,2025-03-23,0.2349,2.59
17,Kaohsiung,2025-03-24,0.2869,7.33
17,Kaohsiung,2025-03-25,0.3165,1.4
17,Kaohsiung,2025-03-26,0.2323,0.12
17,Kaohsiung,2025-03-27,0.2522,2.96
17,Kaohsiung,2025-03-28,0.3025,1.94
17,Kaohsiung,2025-03-29,0.4198,13.37
17,Kaohsiung,2025-03-30,0.2715,1.6
17,Kaohsiung,2025-03-31,0.2825,0.47
17,Kaohsiung,2025-04-01,0.3085,1.56
17,Kaohsiung,2025-04-02,0.3518,3.88
17,Kaohsiung,2025-04-03,0.3242,3.42
17,Kaohsiung,2025-04-04,0.3224,2.44
17,Kaohsiung,2025-04-05,0.2974,15.62
17,Kaohsiung,2025-04-06,0.374,2.93
17,Kaohsiung,2025-04-07,0.3937,0.9
17,Kaohsiung,2025-04-08,0.3309,1.87
17,Kaohsiung,2025-04-09,0.2819,1.54
17,Kaohsiung,2025-04-10,0.2307,3.15
17,Kaohsiung,2025-04-11,0.3105,2.36
17,Kaohsiung,2025-04-12,0.3661,5.68
17,Kaohsiung,2025-04-13,0.2476,2.05
17,Kaohsiung,2025-04-14,0.2547,1.51
17,Kaohsiung,2025-04-15,0.2853,1.01
17,Kaohsiung,2025-04-16,0.2938,1.76
17,Kaohsiung,2025-04-17,0.268,2.88
17,Kaohsiung,2025-04-18,0.3436,3.56
17,Kaohsiung,2025-04-19,0.4137,7.69
17,Kaohsiung,2025-04-20,0.3486,2.15
17,Kaohsiung,2025-04-21,0.2788,11.59
17,Kaohsiung,2025-04-22,0.2671,0.86
17,Kaohsiung,2025-04-23,0.1972,0.47
17,Kaohsiung,2025-04-24,0.2438,1.25
17,Kaohsiung,2025-04-25,0.21,1.05
17,Kaohsiung,2025-04-26,0.3302,0.37
17,Kaohsiung,2025-04-27,0.2488,4.1
17,Kaohsiung,2025-04-28,0.2791,1.15
17,Kaohsiung,2025-04-29,0.2851,0.28
17,Kaohsiung,2025-04-30,0.2392,2.49
17,Kaohsiung,2025-05-01,0.2271,3.88
17,Kaohsiung,2025-05-02,0.2692,1.48
17,Kaohsiung,2025-05-03,0.3802,4.26
17,Kaohsiung,2025-05-04,0.383,7.07
17,Kaohsiung,2025-05-05,0.4086,3.57
17,Kaohsiung,2025-05-06,0.4622,9.09
17,Kaohsiung,2025-05-07,0.4751,1.53
17,Kaohsiung,2025-05-08,0.52,0.52
17,Kaohsiung,2025-05-09,0.4646,1.32
17,Kaohsiung,2025-05-10,0.35,2.19
17,Kaohsiung,2025-05-11,0.4387,7.32
17,Kaohsiung,2025-05-12,0.4838,2.95
17,Kaohsiung,2025-05-13,0.4206,5.76
17,Kaohsiung,2025-05-14,0.3321,1.29
17,Kaohsiung,2025-05-15,0.2946,0.75
17,Kaohsiung,2025-05-16,0.43,4.89
17,Kaohsiung,2025-05-17,0.332,7.02
17,Kaohsiung,2025-05-18,0.4308,0.09
17,Kaohsiung,2025-05-19,0.4111,6.78
17,Kaohsiung,2025-05-20,0.3886,0.39
17,Kaohsiung,2025-05-21,0.3705,13.26
17,Kaohsiung,2025-05-22,0.3624,3.51
17,Kaohsiung,2025-05-23,0.2856,7.73
17,Kaohsiung,2025-05-24,0.4283,0.08
17,Kaohsiung,2025-05-25,0.4481,2.91
17,Kaohsiung,2025-05-26,0.5116,1.12
17,Kaohsiung,2025-05-27,0.4841,1.89
17,Kaohsiung,2025-05-28,0.4693,3.93
17,Kaohsiung,2025-05-29,0.4687,2.1
17,Kaohsiung,2025-05-30,0.4913,10.29
17,Kaohsiung,2025-05-31,0.4069,2.99
17,Kaohsiung,2025-06-01,0.3466,0.01
17,Kaohsiung,2025-06-02,0.4316,3.89
17,Kaohsiung,2025-06-03,0.4922,8.64
17,Kaohsiung,2025-06-04,0.4132,3.46
17,Kaohsiung,2025-06-05,0.3773,8.32
17,Kaohsiung,2025-06-06,0.3738,1.38
17,Kaohsiung,2025-06-07,0.4099,1.14
17,Kaohsiung,2025-06-08,0.3804,0.26
17,Kaohsiung,2025-06-09,0.3829,4.88
17,Kaohsiung,2025-06-10,0.3173,1.55
17,Kaohsiung,2025-06-11,0.3637,5.13
17,Kaohsiung,2025-06-12,0.344,4.32
17,Kaohsiung,2025-06-13,0.3414,2.6
17,Kaohsiung,2025-06-14,0.3235,4.08
17,Kaohsiung,2025-06-15,0.409,3.06
17,Kaohsiung,2025-06-16,0.4447,2.95
17,Kaohsiung,2025-06-17,0.51,6.18
17,Kaohsiung,2025-06-18,0.42,0.29
17,Kaohsiung,2025-06-19,0.4064,1.56
17,Kaohsiung,2025-06-20,0.4095,0.61
17,Kaohsiung,2025-06-21,0.5487,4.38
17,Kaohsiung,2025-06-22,0.512,4.8
17,Kaohsiung,2025-06-23,0.4672,1.34
17,Kaohsiung,2025-06-24,0.4608,7.53
17,Kaohsiung,2025-06-25,0.4669,12.56
17,Kaohsiung,2025-06-26,0.5327,6.13
17,Kaohsiung,2025-06-27,0.5041,8.95
17,Kaohsiung,2025-06-28,0.5522,15.8
17,Kaohsiung,2025-06-29,0.525,10.03
17,Kaohsiung,2025-06-30,0.5619,6.65
17,Kaohsiung,2025-07-01,0.5646,9.2
17,Kaohsiung,2025-07-02,0.522,0.03
17,Kaohsiung,2025-07-03,0.4026,2.11
17,Kaohsiung,2025-07-04,0.4266,7.21
17,Kaohsiung,2025-07-05,0.3752,1.76
17,Kaohsiung,2025-07-06,0.2908,4.98
17,Kaohsiung,2025-07-07,0.3363,0.96
17,Kaohsiung,2025-07-08,0.2687,1.39
17,Kaohsiung,2025-07-09,0.276,0.37
17,Kaohsiung,2025-07-10,0.2755,0.62
17,Kaohsiung,2025-07-11,0.2912,0.64
17,Kaohsiung,2025-07-12,0.2285,1.53
17,Kaohsiung,2025-07-13,0.1465,0.51
17,Kaohsiung,2025-07-14,0.2096,1.48
17,Kaohsiung,2025-07-15,0.2884,0.75
17,Kaohsiung,2025-07-16,0.3299,12.24
17,Kaohsiung,2025-07-17,0.2432,0.41
17,Kaohsiung,2025-07-18,0.2492,2.55
17,Kaohsiung,2025-07-19,0.2323,0.07
17,Kaohsiung,2025-07-20,0.158,0.72
17,Kaohsiung,2025-07-21,0.1728,1.44
17,Kaohsiung,2025-07-22,0.123,3.27
17,Kaohsiung,2025-07-23,0.2313,1.78
17,Kaohsiung,2025-07-24,0.2439,0.16
17,Kaohsiung,2025-07-25,0.3617,0.58
17,Kaohsiung,2025-07-26,0.363,0.21
17,Kaohsiung,2025-07-27,0.4339,2.81
17,Kaohsiung,2025-07-28,0.3668,6.69
17,Kaohsiung,2025-07-29,0.4279,2.04
17,Kaohsiung,2025-07-30,0.3989,1.1
17,Kaohsiung,2025-07-31,0.3722,2.48
17,Kaohsiung,2025-08-01,0.447,0.25
17,Kaohsiung,2025-08-02,0.4179,0.24
17,Kaohsiung,2025-08-03,0.4258,0.63
17,Kaohsiung,2025-08-04,0.3887,0.11
17,Kaohsiung,2025-08-05,0.4852,6.27
17,Kaohsiung,2025-08-06,0.4071,5.25
17,Kaohsiung,2025-08-07,0.3221,4.37
17,Kaohsiung,2025-08-08,0.2886,11.03
17,Kaohsiung,2025-08-09,0.2076,5.13
17,Kaohsiung,2025-08-10,0.1015,2.18
17,Kaohsiung,2025-08-11,0.1624,0.14
17,Kaohsiung,2025-08-12,0.0979,1.3
17,Kaohsiung,2025-08-13,0.0722,0.61
17,Kaohsiung,2025-08-14,0.0,1.89
17,Kaohsiung,2025-08-15,0.1522,0.66
17,Kaohsiung,2025-08-16,0.1921,1.42
17,Kaohsiung,2025-08-17,0.0714,0.93
17,Kaohsiung,2025-08-18,0.1196,1.23
17,Kaohsiung,2025-08-19,0.1212,0.89
17,Kaohsiung,2025-08-20,0.1246,1.48
17,Kaohsiung,2025-08-21,0.1587,1.5
17,Kaohsiung,2025-08-22,0.1062,8.03
17,Kaohsiung,2025-08-23,0.062,3.79
17,Kaohsiung,2025-08-24,0.0509,0.45
17,Kaohsiung,2025-08-25,0.1434,2.29
17,Kaohsiung,2025-08-26,0.132,1.39
17,Kaohsiung,2025-08-27,0.1559,1.56
17,Kaohsiung,2025-08-28,0.0893,0.69
17,Kaohsiung,2025-08-29,0.0917,0.05
17,Kaohsiung,2025-08-30,0.1505,2.2
17,Kaohsiung,2025-08-31,0.1921,1.5
17,Kaohsiung,2025-09-01,0.2542,1.97
17,Kaohsiung,2025-09-02,0.298,0.88
17,Kaohsiung,2025-09-03,0.3245,1.75
17,Kaohsiung,2025-09-04,0.2819,2.83
17,Kaohsiung,2025-09-05,0.3388,2.06
17,Kaohsiung,2025-09-06,0.333,5.33
17,Kaohsiung,2025-09-07,0.3046,0.94
17,Kaohsiung,2025-09-08,0.3122,1.19
17,Kaohsiung,2025-09-09,0.3656,6.58
17,Kaohsiung,2025-09-10,0.3937,0.4
17,Kaohsiung,2025-09-11,0.3457,0.36
17,Kaohsiung,2025-09-12,0.321,2.98
17,Kaohsiung,2025-09-13,0.2782,2.36
17,Kaohsiung,2025-09-14,0.3171,6.24
17,Kaohsiung,2025-09-15,0.2873,8.18
17,Kaohsiung,2025-09-16,0.2737,4.43
17,Kaohsiung,2025-09-17,0.3069,0.3
17,Kaohsiung,2025-09-18,0.323,0.61
17,Kaohsiung,2025-09-19,0.3695,5.24
17,Kaohsiung,2025-09-20,0.2626,2.74
17,Kaohsiung,2025-09-21,0.2822,1.24
17,Kaohsiung,2025-09-22,0.2706,2.59
17,Kaohsiung,2025-09-23,0.2385,2.16
17,Kaohsiung,2025-09-24,0.1431,2.95
17,Kaohsiung,2025-09-25,0.2125,0.66
17,Kaohsiung,2025-09-26,0.2777,0.43
17,Kaohsiung,2025-09-27,0.2318,0.14
17,Kaohsiung,2025-09-28,0.2553,0.07
17,Kaohsiung,2025-09-29,0.3395,0.92
17,Kaohsiung,2025-09-30,0.4016,5.89
17,Kaohsiung,2025-10-01,0.4139,6.53
17,Kaohsiung,2025-10-02,0.3636,0.99
17,Kaohsiung,2025-10-03,0.3133,0.18
17,Kaohsiung,2025-10-04,0.4327,18.21
17,Kaohsiung,2025-10-05,0.3879,0.34
17,Kaohsiung,2025-10-06,0.4077,0.89
17,Kaohsiung,2025-10-07,0.4116,6.31
17,Kaohsiung,2025-10-08,0.4433,6.03
17,Kaohsiung,2025-10-09,0.4079,0.77
17,Kaohsiung,2025-10-10,0.4753,5.54
17,Kaohsiung,2025-10-11,0.6008,3.79
17,Kaohsiung,2025-10-12,0.5415,5.56
17,Kaohsiung,2025-10-13,0.5804,2.95
17,Kaohsiung,2025-10-14,0.4855,10.44
17,Kaohsiung,2025-10-15,0.4345,2.65
17,Kaohsiung,2025-10-16,0.3656,5.04
17,Kaohsiung,2025-10-17,0.3194,3.56
17,Kaohsiung,2025-10-18,0.2495,0.47
17,Kaohsiung,2025-10-19,0.3318,3.23
17,Kaohsiung,2025-10-20,0.4648,4.34
17,Kaohsiung,2025-10-21,0.5164,16.07
17,Kaohsiung,2025-10-22,0.4776,1.34
17,Kaohsiung,2025-10-23,0.5007,4.75
17,Kaohsiung,2025-10-24,0.4185,0.69
17,Kaohsiung,2025-10-25,0.2351,1.42
17,Kaohsiung,2025-10-26,0.2169,0.75
17,Kaohsiung,2025-10-27,0.2724,0.3
17,Kaohsiung,2025-10-28,0.2531,1.61
17,Kaohsiung,2025-10-29,0.2651,0.22
17,Kaohsiung,2025-10-30,0.267,1.5
17,Kaohsiung,2025-10-31,0.2667,2.24
17,Kaohsiung,2025-11-01,0.2379,2.5
17,Kaohsiung,2025-11-02,0.2613,0.49
17,Kaohsiung,2025-11-03,0.4068,5.71
17,Kaohsiung,2025-11-04,0.3642,2.17
17,Kaohsiung,2025-11-05,0.4284,1.97
17,Kaohsiung,2025-11-06,0.3666,2.12
17,Kaohsiung,2025-11-07,0.339,0.95
17,Kaohsiung,2025-11-08,0.3806,1.01
17,Kaohsiung,2025-11-09,0.4601,7.32
17,Kaohsiung,2025-11-10,0.4149,1.54
17,Kaohsiung,2025-11-11,0.2798,2.56
17,Kaohsiung,2025-11-12,0.2526,2.3
17,Kaohsiung,2025-11-13,0.3284,5.98
17,Kaohsiung,2025-11-14,0.3708,0.9
17,Kaohsiung,2025-11-15,0.2543,2.87
17,Kaohsiung,2025-11-16,0.2163,9.08
17,Kaohsiung,2025-11-17,0.2748,0.98
17,Kaohsiung,2025-11-18,0.3383,0.7
17,Kaohsiung,2025-11-19,0.3093,1.0
17,Kaohsiung,2025-11-20,0.3404,6.98
17,Kaohsiung,2025-11-21,0.403,8.28
17,Kaohsiung,2025-11-22,0.3907,3.08
17,Kaohsiung,2025-11-23,0.3592,8.1
17,Kaohsiung,2025-11-24,0.4266,1.24
17,Kaohsiung,2025-11-25,0.3792,2.82
17,Kaohsiung,2025-11-26,0.3269,8.86
17,Kaohsiung,2025-11-27,0.2282,0.5
17,Kaohsiung,2025-11-28,0.113,4.01
17,Kaohsiung,2025-11-29,0.0458,2.19
17,Kaohsiung,2025-11-30,0.0658,1.03
17,Kaohsiung,2025-12-01,0.2027,0.91
17,Kaohsiung,2025-12-02,0.2307,0.5
17,Kaohsiung,2025-12-03,0.3077,9.05
17,Kaohsiung,2025-12-04,0.2864,1.97
17,Kaohsiung,2025-12-05,0.3291,3.61
17,Kaohsiung,2025-12-06,0.2872,0.04
17,Kaohsiung,2025-12-07,0.1523,2.52
17,Kaohsiung,2025-12-08,0.1273,1.18
17,Kaohsiung,2025-12-09,0.1035,0.33
17,Kaohsiung,2025-12-10,0.135,6.51
17,Kaohsiung,2025-12-11,0.0583,0.98
17,Kaohsiung,2025-12-12,0.1301,0.95
17,Kaohsiung,2025-12-13,0.1659,2.99
17,Kaohsiung,2025-12-14,0.0842,1.84
17,Kaohsiung,2025-12-15,0.1821,4.82
17,Kaohsiung,2025-12-16,0.1758,5.0
17,Kaohsiung,2025-12-17,0.0961,0.22
17,Kaohsiung,2025-12-18,0.1104,0.01
17,Kaohsiung,2025-12-19,0.0833,0.52
17,Kaohsiung,2025-12-20,0.1689,3.44
17,Kaohsiung,2025-12-21,0.0659,2.37
17,Kaohsiung,2025-12-22,0.182,1.8
17,Kaohsiung,2025-12-23,0.2848,1.07
17,Kaohsiung,2025-12-24,0.3622,6.94
17,Kaohsiung,2025-12-25,0.4185,6.34
17,Kaohsiung,2025-12-26,0.3984,1.8
17,Kaohsiung,2025-12-27,0.3753,2.14
17,Kaohsiung,2025-12-28,0.3667,0.56
17,Kaohsiung,2025-12-29,0.3142,3.53
17,Kaohsiung,2025-12-30,0.3498,0.17
17,Kaohsiung,2025-12-31,0.3735,0.81
18,Tokyo,2023-01-01,0.4262,6.35
18,Tokyo,2023-01-02,0.4652,0.86
18,Tokyo,2023-01-03,0.5815,4.99
18,Tokyo,2023-01-04,0.546,2.02
18,Tokyo,2023-01-05,0.5311,0.85
18,Tokyo,2023-01-06,0.515,12.1
18,Tokyo,2023-01-07,0.5232,1.47
18,Tokyo,2023-01-08,0.4805,10.2
18,Tokyo,2023-01-09,0.479,0.22
18,Tokyo,2023-01-10,0.4533,5.46
18,Tokyo,2023-01-11,0.4653,4.26
18,Tokyo,2023-01-12,0.4598,5.55
18,Tokyo,2023-01-13,0.4925,6.34
18,Tokyo,2023-01-14,0.5452,2.33
18,Tokyo,2023-01-15,0.4658,3.31
18,Tokyo,2023-01-16,0.5207,9.64
18,Tokyo,2023-01-17,0.5893,0.33
18,Tokyo,2023-01-18,0.6462,16.76
18,Tokyo,2023-01-19,0.6396,6.59
18,Tokyo,2023-01-20,0.6928,11.32
18,Tokyo,2023-01-21,0.7449,25.25
18,Tokyo,2023-01-22,0.6705,5.51
18,Tokyo,2023-01-23,0.6689,4.17
18,Tokyo,2023-01-24,0.6147,22.04
18,Tokyo,2023-01-25,0.5888,1.47
18,Tokyo,2023-01-26,0.529,2.84
18,Tokyo,2023-01-27,0.5305,7.26
18,Tokyo,2023-01-28,0.5599,2.57
18,Tokyo,2023-01-29,0.5307,0.21
18,Tokyo,2023-01-30,0.5772,3.12
18,Tokyo,2023-01-31,0.5237,3.35
18,Tokyo,2023-02-01,0.5701,38.29
18,Tokyo,2023-02-02,0.4709,1.59
18,Tokyo,2023-02-03,0.4921,4.7
18,Tokyo,2023-02-04,0.552,12.27
18,Tokyo,2023-02-05,0.5278,14.67
18,Tokyo,2023-02-06,0.5152,11.51
18,Tokyo,2023-02-07,0.5822,4.74
18,Tokyo,2023-02-08,0.5299,7.28
18,Tokyo,2023-02-09,0.5107,1.77
18,Tokyo,2023-02-10,0.521,8.01
18,Tokyo,2023-02-11,0.4915,0.13
18,Tokyo,2023-02-12,0.562,2.18
18,Tokyo,2023-02-13,0.5062,0.53
18,Tokyo,2023-02-14,0.4667,3.83
18,Tokyo,2023-02-15,0.4658,1.46
18,Tokyo,2023-02-16,0.5028,0.52
18,Tokyo,2023-02-17,0.4661,9.81
18,Tokyo,2023-02-18,0.5097,5.49
18,Tokyo,2023-02-19,0.5356,7.21
18,Tokyo,2023-02-20,0.4928,14.33
18,Tokyo,2023-02-21,0.4601,6.76
18,Tokyo,2023-02-22,0.4517,2.19
18,Tokyo,2023-02-23,0.5272,11.63
18,Tokyo,2023-02-24,0.6325,2.66
18,Tokyo,2023-02-25,0.665,0.46
18,Tokyo,2023-02-26,0.6145,3.65
18,Tokyo,2023-02-27,0.6579,12.59
18,Tokyo,2023-02-28,0.6582,4.1
18,Tokyo,2023-03-01,0.5711,13.99
18,Tokyo,2023-03-02,0.5544,10.98
18,Tokyo,2023-03-03,0.671,7.98
18,Tokyo,2023-03-04,0.5857,0.8
18,Tokyo,2023-03-05,0.597,1.3
18,Tokyo,2023-03-06,0.6293,17.42
18,Tokyo,2023-03-07,0.5621,4.46
18,Tokyo,2023-03-08,0.6004,7.56
18,Tokyo,2023-03-09,0.5581,21.14
18,Tokyo,2023-03-10,0.656,5.34
18,Tokyo,2023-03-11,0.7782,8.14
18,Tokyo,2023-03-12,0.7508,19.32
18,Tokyo,2023-03-13,0.8722,20.21
18,Tokyo,2023-03-14,0.8374,35.06
18,Tokyo,2023-03-15,0.6697,7.56
18,Tokyo,2023-03-16,0.6338,0.07
18,Tokyo,2023-03-17,0.6467,1.09
18,Tokyo,2023-03-18,0.7371,10.18
18,Tokyo,2023-03-19,0.7177,20.36
18,Tokyo,2023-03-20,0.6031,13.28
18,Tokyo,2023-03-21,0.6191,1.76
18,Tokyo,2023-03-22,0.6134,5.53
18,Tokyo,2023-03-23,0.5914,27.81
18,Tokyo,2023-03-24,0.6125,0.02
18,Tokyo,2023-03-25,0.6706,13.79
18,Tokyo,2023-03-26,0.6621,1.02
18,Tokyo,2023-03-27,0.6967,10.33
18,Tokyo,2023-03-28,0.6455,5.61
18,Tokyo,2023-03-29,0.5546,3.44
18,Tokyo,2023-03-30,0.5619,17.33
18,Tokyo,2023-03-31,0.5532,5.73
18,Tokyo,2023-04-01,0.5582,10.13
18,Tokyo,2023-04-02,0.4326,12.97
18,Tokyo,2023-04-03,0.4895,3.31
18,Tokyo,2023-04-04,0.4898,17.16
18,Tokyo,2023-04-05,0.4973,0.12
18,Tokyo,2023-04-06,0.5141,4.22
18,Tokyo,2023-04-07,0.5736,2.14
18,Tokyo,2023-04-08,0.6007,6.27
18,Tokyo,2023-04-09,0.5798,2.92
18,Tokyo,2023-04-10,0.6691,15.84
18,Tokyo,2023-04-11,0.6464,2.95
18,Tokyo,2023-04-12,0.5502,2.47
18,Tokyo,2023-04-13,0.5888,4.84
18,Tokyo,2023-04-14,0.5988,5.29
18,Tokyo,2023-04-15,0.5672,12.0
18,Tokyo,2023-04-16,0.6502,23.45
18,Tokyo,2023-04-17,0.6614,17.73
18,Tokyo,2023-04-18,0.662,1.19
18,Tokyo,2023-04-19,0.7075,5.4
18,Tokyo,2023-04-20,0.6534,4.44
18,Tokyo,2023-04-21,0.7119,12.73
18,Tokyo,2023-04-22,0.6992,1.05
18,Tokyo,2023-04-23,0.7562,1.41
18,Tokyo,2023-04-24,0.7341,13.59
18,Tokyo,2023-04-25,0.6703,5.55
18,Tokyo,2023-04-26,0.6697,9.93
18,Tokyo,2023-04-27,0.5934,7.58
18,Tokyo,2023-04-28,0.6897,20.96
18,Tokyo,2023-04-29,0.6525,0.37
18,Tokyo,2023-04-30,0.7401,8.78
18,Tokyo,2023-05-01,0.694,18.48
18,Tokyo,2023-05-02,0.7358,1.7
18,Tokyo,2023-05-03,0.6951,14.21
18,Tokyo,2023-05-04,0.6381,4.23
18,Tokyo,2023-05-05,0.6806,3.73
18,Tokyo,2023-05-06,0.6698,2.54
18,Tokyo,2023-05-07,0.6856,4.32
18,Tokyo,2023-05-08,0.6636,1.19
18,Tokyo,2023-05-09,0.5534,16.58
18,Tokyo,2023-05-10,0.5885,28.32
18,Tokyo,2023-05-11,0.5401,1.3
18,Tokyo,2023-05-12,0.5708,0.83
18,Tokyo,2023-05-13,0.6017,8.58
18,Tokyo,2023-05-14,0.6013,10.79
18,Tokyo,2023-05-15,0.6197,5.28
18,Tokyo,2023-05-16,0.5743,14.58
18,Tokyo,2023-05-17,0.6335,9.74
18,Tokyo,2023-05-18,0.666,4.28
18,Tokyo,2023-05-19,0.7476,2.93
18,Tokyo,2023-05-20,0.6537,5.22
18,Tokyo,2023-05-21,0.5987,11.59
18,Tokyo,2023-05-22,0.6062,6.21
18,Tokyo,2023-05-23,0.6165,3.06
18,Tokyo,2023-05-24,0.7057,5.75
18,Tokyo,2023-05-25,0.6869,9.18
18,Tokyo,2023-05-26,0.6712,20.24
18,Tokyo,2023-05-27,0.668,12.42
18,Tokyo,2023-05-28,0.5684,4.25
18,Tokyo,2023-05-29,0.4759,2.92
18,Tokyo,2023-05-30,0.4102,1.32
18,Tokyo,2023-05-31,0.3984,9.87
18,Tokyo,2023-06-01,0.4387,2.13
18,Tokyo,2023-06-02,0.5455,15.85
18,Tokyo,2023-06-03,0.622,7.22
18,Tokyo,2023-06-04,0.6639,29.86
18,Tokyo,2023-06-05,0.6082,34.09
18,Tokyo,2023-06-06,0.5846,12.31
18,Tokyo,2023-06-07,0.6619,7.18
18,Tokyo,2023-06-08,0.5607,1.29
18,Tokyo,2023-06-09,0.5864,1.34
18,Tokyo,2023-06-10,0.5799,29.22
18,Tokyo,2023-06-11,0.6206,4.09
18,Tokyo,2023-06-12,0.4797,9.92
18,Tokyo,2023-06-13,0.5208,0.69
18,Tokyo,2023-06-14,0.4477,2.56
18,Tokyo,2023-06-15,0.5085,3.43
18,Tokyo,2023-06-16,0.4643,5.31
18,Tokyo,2023-06-17,0.4777,3.81
18,Tokyo,2023-06-18,0.365,11.03
18,Tokyo,2023-06-19,0.3616,12.7
18,Tokyo,2023-06-20,0.4091,3.81
18,Tokyo,2023-06-21,0.3817,5.05
18,Tokyo,2023-06-22,0.4341,3.0
18,Tokyo,2023-06-23,0.4926,10.86
18,Tokyo,2023-06-24,0.4863,6.57
18,Tokyo,2023-06-25,0.3603,0.24
18,Tokyo,2023-06-26,0.4289,1.46
18,Tokyo,2023-06-27,0.4818,1.11
18,Tokyo,2023-06-28,0.5166,5.45
18,Tokyo,2023-06-29,0.4658,6.06
18,Tokyo,2023-06-30,0.5159,7.66
18,Tokyo,2023-07-01,0.5041,0.8
18,Tokyo,2023-07-02,0.5141,14.68
18,Tokyo,2023-07-03,0.6271,23.95
18,Tokyo,2023-07-04,0.6305,0.37
18,Tokyo,2023-07-05,0.5853,2.02
18,Tokyo,2023-07-06,0.6088,1.45
18,Tokyo,2023-07-07,0.6332,2.66
18,Tokyo,2023-07-08,0.6789,13.76
18,Tokyo,2023-07-09,0.5927,0.32
18,Tokyo,2023-07-10,0.553,0.03
18,Tokyo,2023-07-11,0.534,16.14
18,Tokyo,2023-07-12,0.4277,4.36
18,Tokyo,2023-07-13,0.4128,1.29
18,Tokyo,2023-07-14,0.4665,24.65
18,Tokyo,2023-07-15,0.538,0.02
18,Tokyo,2023-07-16,0.513,4.22
18,Tokyo,2023-07-17,0.605,10.56
18,Tokyo,2023-07-18,0.607,7.88
18,Tokyo,2023-07-19,0.5877,1.73
18,Tokyo,2023-07-20,0.5199,6.06
18,Tokyo,2023-07-21,0.5139,2.09
18,Tokyo,2023-07-22,0.4812,16.91
18,Tokyo,2023-07-23,0.4662,21.06
18,Tokyo,2023-07-24,0.4796,4.29
18,Tokyo,2023-07-25,0.5343,3.34
18,Tokyo,2023-07-26,0.5232,18.19
18,Tokyo,2023-07-27,0.6198,15.44
18,Tokyo,2023-07-28,0.5826,2.06
18,Tokyo,2023-07-29,0.6219,0.72
18,Tokyo,2023-07-30,0.5403,1.4
18,Tokyo,2023-07-31,0.5618,1.11
18,Tokyo,2023-08-01,0.5413,21.34
18,Tokyo,2023-08-02,0.525,4.01
18,Tokyo,2023-08-03,0.5875,8.83
18,Tokyo,2023-08-04,0.614,1.93
18,Tokyo,2023-08-05,0.7018,0.86
18,Tokyo,2023-08-06,0.7541,5.56
18,Tokyo,2023-08-07,0.76,17.76
18,Tokyo,2023-08-08,0.7892,43.6
18,Tokyo,2023-08-09,0.6839,8.76
18,Tokyo,2023-08-10,0.6586,7.22
18,Tokyo,2023-08-11,0.661,15.77
18,Tokyo,2023-08-12,0.6683,3.01
18,Tokyo,2023-08-13,0.6851,11.9
18,Tokyo,2023-08-14,0.6535,19.6
18,Tokyo,2023-08-15,0.6597,0.14
18,Tokyo,2023-08-16,0.7157,9.69
18,Tokyo,2023-08-17,0.7322,16.62
18,Tokyo,2023-08-18,0.7576,28.4
18,Tokyo,2023-08-19,0.779,7.53
18,Tokyo,2023-08-20,0.613,0.89
18,Tokyo,2023-08-21,0.5337,14.88
18,Tokyo,2023-08-22,0.625,4.58
18,Tokyo,2023-08-23,0.6466,7.65
18,Tokyo,2023-08-24,0.6467,5.84
18,Tokyo,2023-08-25,0.6674,2.3
18,Tokyo,2023-08-26,0.6461,5.47
18,Tokyo,2023-08-27,0.6541,8.7
18,Tokyo,2023-08-28,0.6926,0.22
18,Tokyo,2023-08-29,0.6481,1.09
18,Tokyo,2023-08-30,0.645,5.4
18,Tokyo,2023-08-31,0.641,3.61
18,Tokyo,2023-09-01,0.6211,5.87
18,Tokyo,2023-09-02,0.6705,2.65
18,Tokyo,2023-09-03,0.6168,1.84
18,Tokyo,2023-09-04,0.6029,0.7
18,Tokyo,2023-09-05,0.5665,1.51
18,Tokyo,2023-09-06,0.4783,2.73
18,Tokyo,2023-09-07,0.4746,1.98
18,Tokyo,2023-09-08,0.4855,3.85
18,Tokyo,2023-09-09,0.5234,41.21
18,Tokyo,2023-09-10,0.5164,5.6
18,Tokyo,2023-09-11,0.463,1.47
18,Tokyo,2023-09-12,0.4436,2.68
18,Tokyo,2023-09-13,0.3723,2.04
18,Tokyo,2023-09-14,0.4457,1.82
18,Tokyo,2023-09-15,0.5431,10.13
18,Tokyo,2023-09-16,0.5612,0.83
18,Tokyo,2023-09-17,0.5956,7.16
18,Tokyo,2023-09-18,0.6312,0.18
18,Tokyo,2023-09-19,0.6327,3.02
18,Tokyo,2023-09-20,0.5835,1.31
18,Tokyo,2023-09-21,0.555,8.67
18,Tokyo,2023-09-22,0.6226,0.43
18,Tokyo,2023-09-23,0.559,4.68
18,Tokyo,2023-09-24,0.5621,0.44
18,Tokyo,2023-09-25,0.5619,6.16
18,Tokyo,2023-09-26,0.5192,6.07
18,Tokyo,2023-09-27,0.5806,1.34
18,Tokyo,2023-09-28,0.6025,10.49
18,Tokyo,2023-09-29,0.6373,0.66
18,Tokyo,2023-09-30,0.5679,4.79
18,Tokyo,2023-10-01,0.5623,5.17
18,Tokyo,2023-10-02,0.5796,12.55
18,Tokyo,2023-10-03,0.5037,0.19
18,Tokyo,2023-10-04,0.5354,3.39
18,Tokyo,2023-10-05,0.5591,13.93
18,Tokyo,2023-10-06,0.4721,1.59
18,Tokyo,2023-10-07,0.4669,6.35
18,Tokyo,2023-10-08,0.5666,33.83
18,Tokyo,2023-10-09,0.6137,24.69
18,Tokyo,2023-10-10,0.6955,8.85
18,Tokyo,2023-10-11,0.6939,1.89
18,Tokyo,2023-10-12,0.7032,0.05
18,Tokyo,2023-10-13,0.6999,12.63
18,Tokyo,2023-10-14,0.6301,1.08
18,Tokyo,2023-10-15,0.565,9.2
18,Tokyo,2023-10-16,0.6593,32.95
18,Tokyo,2023-10-17,0.6299,3.83
18,Tokyo,2023-10-18,0.5885,11.42
18,Tokyo,2023-10-19,0.6817,16.6
18,Tokyo,2023-10-20,0.8076,37.57
18,Tokyo,2023-10-21,0.7844,8.8
18,Tokyo,2023-10-22,0.6597,1.2
18,Tokyo,2023-10-23,0.6771,0.47
18,Tokyo,2023-10-24,0.6023,2.18
18,Tokyo,2023-10-25,0.5264,2.51
18,Tokyo,2023-10-26,0.6006,3.83
18,Tokyo,2023-10-27,0.5528,3.13
18,Tokyo,2023-10-28,0.5111,10.45
18,Tokyo,2023-10-29,0.5015,1.48
18,Tokyo,2023-10-30,0.4807,4.14
18,Tokyo,2023-10-31,0.4528,1.95
18,Tokyo,2023-11-01,0.4,2.35
18,Tokyo,2023-11-02,0.3445,1.6
18,Tokyo,2023-11-03,0.3886,5.21
18,Tokyo,2023-11-04,0.4018,6.15
18,Tokyo,2023-11-05,0.3398,7.14
18,Tokyo,2023-11-06,0.3288,0.43
18,Tokyo,2023-11-07,0.2801,1.99
18,Tokyo,2023-11-08,0.2364,0.21
18,Tokyo,2023-11-09,0.2625,3.09
18,Tokyo,2023-11-10,0.3378,0.94
18,Tokyo,2023-11-11,0.3326,0.9
18,Tokyo,2023-11-12,0.4258,3.16
18,Tokyo,2023-11-13,0.5522,0.03
18,Tokyo,2023-11-14,0.446,16.93
18,Tokyo,2023-11-15,0.4602,4.9
18,Tokyo,2023-11-16,0.3657,2.22
18,Tokyo,2023-11-17,0.4195,6.56
18,Tokyo,2023-11-18,0.4882,2.35
18,Tokyo,2023-11-19,0.5111,0.81
18,Tokyo,2023-11-20,0.5036,0.64
18,Tokyo,2023-11-21,0.5697,4.04
18,Tokyo,2023-11-22,0.5189,3.87
18,Tokyo,2023-11-23,0.5308,0.65
18,Tokyo,2023-11-24,0.5049,0.75
18,Tokyo,2023-11-25,0.5238,1.52
18,Tokyo,2023-11-26,0.5059,4.37
18,Tokyo,2023-11-27,0.4451,19.31
18,Tokyo,2023-11-28,0.4304,8.22
18,Tokyo,2023-11-29,0.4811,0.45
18,Tokyo,2023-11-30,0.556,1.32
18,Tokyo,2023-12-01,0.5584,1.9
18,Tokyo,2023-12-02,0.615,23.0
18,Tokyo,2023-12-03,0.5719,10.75
18,Tokyo,2023-12-04,0.729,12.46
18,Tokyo,2023-12-05,0.6613,8.05
18,Tokyo,2023-12-06,0.6478,26.19
18,Tokyo,2023-12-07,0.5602,2.71
18,Tokyo,2023-12-08,0.5724,11.52
18,Tokyo,2023-12-09,0.6018,0.07
18,Tokyo,2023-12-10,0.7608,2.49
18,Tokyo,2023-12-11,0.7316,0.16
18,Tokyo,2023-12-12,0.576,2.63
18,Tokyo,2023-12-13,0.6392,10.35
18,Tokyo,2023-12-14,0.6279,1.43
18,Tokyo,2023-12-15,0.7252,3.78
18,Tokyo,2023-12-16,0.6332,54.46
18,Tokyo,2023-12-17,0.7403,3.14
18,Tokyo,2023-12-18,0.7182,1.04
18,Tokyo,2023-12-19,0.6827,3.39
18,Tokyo,2023-12-20,0.6694,10.08
18,Tokyo,2023-12-21,0.5837,10.02
18,Tokyo,2023-12-22,0.5852,2.46
18,Tokyo,2023-12-23,0.4751,0.56
18,Tokyo,2023-12-24,0.5177,1.48
18,Tokyo,2023-12-25,0.5308,10.98
18,Tokyo,2023-12-26,0.3699,2.42
18,Tokyo,2023-12-27,0.365,6.2
18,Tokyo,2023-12-28,0.4009,5.84
18,Tokyo,2023-12-29,0.4642,2.05
18,Tokyo,2023-12-30,0.5738,8.77
18,Tokyo,2023-12-31,0.5783,5.61
18,Tokyo,2024-01-01,0.5964,0.25
18,Tokyo,2024-01-02,0.5792,12.82
18,Tokyo,2024-01-03,0.6701,25.63
18,Tokyo,2024-01-04,0.5961,10.5
18,Tokyo,2024-01-05,0.591,3.19
18,Tokyo,2024-01-06,0.6265,17.09
18,Tokyo,2024-01-07,0.6261,5.87
18,Tokyo,2024-01-08,0.588,0.52
18,Tokyo,2024-01-09,0.5944,0.1
18,Tokyo,2024-01-10,0.692,22.62
18,Tokyo,2024-01-11,0.6663,33.5
18,Tokyo,2024-01-12,0.6529,10.05
18,Tokyo,2024-01-13,0.6367,0.53
18,Tokyo,2024-01-14,0.611,1.97
18,Tokyo,2024-01-15,0.7718,34.17
18,Tokyo,2024-01-16,0.7943,9.21
18,Tokyo,2024-01-17,0.6357,5.66
18,Tokyo,2024-01-18,0.7012,12.92
18,Tokyo,2024-01-19,0.6812,1.16
18,Tokyo,2024-01-20,0.6762,15.06
18,Tokyo,2024-01-21,0.7153,2.98
18,Tokyo,2024-01-22,0.8198,11.82
18,Tokyo,2024-01-23,0.8088,0.5
18,Tokyo,2024-01-24,0.7766,13.08
18,Tokyo,2024-01-25,0.7233,18.86
18,Tokyo,2024-01-26,0.7297,25.27
18,Tokyo,2024-01-27,0.8152,4.07
18,Tokyo,2024-01-28,0.6925,13.18
18,Tokyo,2024-01-29,0.7015,7.67
18,Tokyo,2024-01-30,0.7244,0.04
18,Tokyo,2024-01-31,0.83,4.49
18,Tokyo,2024-02-01,0.9075,41.36
18,Tokyo,2024-02-02,0.9116,47.9
18,Tokyo,2024-02-03,0.9129,9.12
18,Tokyo,2024-02-04,0.9264,23.45
18,Tokyo,2024-02-05,0.9019,48.03
18,Tokyo,2024-02-06,0.9099,7.68
18,Tokyo,2024-02-07,0.8359,15.5
18,Tokyo,2024-02-08,0.7232,3.08
18,Tokyo,2024-02-09,0.7718,10.82
18,Tokyo,2024-02-10,0.7442,3.36
18,Tokyo,2024-02-11,0.7763,19.42
18,Tokyo,2024-02-12,0.8092,13.7
18,Tokyo,2024-02-13,0.731,3.91
18,Tokyo,2024-02-14,0.7904,7.82
18,Tokyo,2024-02-15,0.8038,1.66
18,Tokyo,2024-02-16,0.8511,0.27
18,Tokyo,2024-02-17,0.7492,28.17
18,Tokyo,2024-02-18,0.6855,56.56
18,Tokyo,2024-02-19,0.68,24.22
18,Tokyo,2024-02-20,0.6645,7.35
18,Tokyo,2024-02-21,0.7772,2.45
18,Tokyo,2024-02-22,0.6699,19.61
18,Tokyo,2024-02-23,0.6902,0.5
18,Tokyo,2024-02-24,0.6154,9.73
18,Tokyo,2024-02-25,0.5544,1.89
18,Tokyo,2024-02-26,0.5741,0.21
18,Tokyo,2024-02-27,0.5991,19.76
18,Tokyo,2024-02-28,0.4455,12.16
18,Tokyo,2024-02-29,0.3679,7.69
18,Tokyo,2024-03-01,0.3863,12.51
18,Tokyo,2024-03-02,0.3904,4.76
18,Tokyo,2024-03-03,0.3514,2.45
18,Tokyo,2024-03-04,0.3913,2.75
18,Tokyo,2024-03-05,0.3843,7.31
18,Tokyo,2024-03-06,0.4354,2.38
18,Tokyo,2024-03-07,0.4633,4.52
18,Tokyo,2024-03-08,0.4969,12.17
18,Tokyo,2024-03-09,0.5722,7.7
18,Tokyo,2024-03-10,0.6184,3.02
18,Tokyo,2024-03-11,0.6317,5.33
18,Tokyo,2024-03-12,0.5403,1.1
18,Tokyo,2024-03-13,0.5268,4.92
18,Tokyo,2024-03-14,0.44,4.13
18,Tokyo,2024-03-15,0.5154,6.29
18,Tokyo,2024-03-16,0.6329,24.34
18,Tokyo,2024-03-17,0.644,5.5
18,Tokyo,2024-03-18,0.7245,0.24
18,Tokyo,2024-03-19,0.6438,24.44
18,Tokyo,2024-03-20,0.6405,5.82
18,Tokyo,2024-03-21,0.6164,0.55
18,Tokyo,2024-03-22,0.5832,5.2
18,Tokyo,2024-03-23,0.5668,15.69
18,Tokyo,2024-03-24,0.4932,3.59
18,Tokyo,2024-03-25,0.5892,5.62
18,Tokyo,2024-03-26,0.5529,1.45
18,Tokyo,2024-03-27,0.498,13.26
18,Tokyo,2024-03-28,0.5127,2.53
18,Tokyo,2024-03-29,0.5866,2.89
18,Tokyo,2024-03-30,0.6397,0.65
18,Tokyo,2024-03-31,0.5838,13.69
18,Tokyo,2024-04-01,0.6168,5.97
18,Tokyo,2024-04-02,0.6691,2.06
18,Tokyo,2024-04-03,0.5892,25.46
18,Tokyo,2024-04-04,0.5859,11.36
18,Tokyo,2024-04-05,0.6128,0.3
18,Tokyo,2024-04-06,0.5427,3.76
18,Tokyo,2024-04-07,0.6078,5.69
18,Tokyo,2024-04-08,0.6196,29.48
18,Tokyo,2024-04-09,0.686,28.37
18,Tokyo,2024-04-10,0.603,9.62
18,Tokyo,2024-04-11,0.4466,3.06
18,Tokyo,2024-04-12,0.4523,7.17
18,Tokyo,2024-04-13,0.4859,3.58
18,Tokyo,2024-04-14,0.4601,1.83
18,Tokyo,2024-04-15,0.5135,4.06
18,Tokyo,2024-04-16,0.5128,10.71
18,Tokyo,2024-04-17,0.4601,4.88
18,Tokyo,2024-04-18,0.6354,2.05
18,Tokyo,2024-04-19,0.6452,6.24
18,Tokyo,2024-04-20,0.5916,7.49
18,Tokyo,2024-04-21,0.7431,3.95
18,Tokyo,2024-04-22,0.7015,1.28
18,Tokyo,2024-04-23,0.6876,5.17
18,Tokyo,2024-04-24,0.6342,25.49
18,Tokyo,2024-04-25,0.5487,6.56
18,Tokyo,2024-04-26,0.633,16.68
18,Tokyo,2024-04-27,0.6226,9.7
18,Tokyo,2024-04-28,0.5365,5.23
18,Tokyo,2024-04-29,0.6963,6.68
18,Tokyo,2024-04-30,0.6791,3.72
18,Tokyo,2024-05-01,0.7412,6.03
18,Tokyo,2024-05-02,0.8005,10.69
18,Tokyo,2024-05-03,0.7065,4.03
18,Tokyo,2024-05-04,0.7318,25.0
18,Tokyo,2024-05-05,0.7732,7.07
18,Tokyo,2024-05-06,0.7948,9.78
18,Tokyo,2024-05-07,0.8283,11.5
18,Tokyo,2024-05-08,0.7666,14.45
18,Tokyo,2024-05-09,0.837,1.65
18,Tokyo,2024-05-10,0.8026,3.63
18,Tokyo,2024-05-11,0.8678,5.94
18,Tokyo,2024-05-12,0.8583,9.3
18,Tokyo,2024-05-13,0.8862,43.99
18,Tokyo,2024-05-14,0.7685,7.32
18,Tokyo,2024-05-15,0.8331,6.99
18,Tokyo,2024-05-16,0.745,42.01
18,Tokyo,2024-05-17,0.8565,17.48
18,Tokyo,2024-05-18,0.8426,23.51
18,Tokyo,2024-05-19,0.8349,6.59
18,Tokyo,2024-05-20,0.8108,1.41
18,Tokyo,2024-05-21,0.7566,0.43
18,Tokyo,2024-05-22,0.6316,1.68
18,Tokyo,2024-05-23,0.6726,21.98
18,Tokyo,2024-05-24,0.7119,0.61
18,Tokyo,2024-05-25,0.7908,30.17
18,Tokyo,2024-05-26,0.7465,2.99
18,Tokyo,2024-05-27,0.888,17.37
18,Tokyo,2024-05-28,0.787,16.35
18,Tokyo,2024-05-29,0.7778,8.83
18,Tokyo,2024-05-30,0.794,22.22
18,Tokyo,2024-05-31,0.8272,21.74
18,Tokyo,2024-06-01,0.7724,9.0
18,Tokyo,2024-06-02,0.6654,1.7
18,Tokyo,2024-06-03,0.6949,29.84
18,Tokyo,2024-06-04,0.6466,25.14
18,Tokyo,2024-06-05,0.7508,5.51
18,Tokyo,2024-06-06,0.7611,38.12
18,Tokyo,2024-06-07,0.7753,12.11
18,Tokyo,2024-06-08,0.8373,49.64
18,Tokyo,2024-06-09,0.8508,23.51
18,Tokyo,2024-06-10,0.7419,33.75
18,Tokyo,2024-06-11,0.7809,0.77
18,Tokyo,2024-06-12,0.7826,13.63
18,Tokyo,2024-06-13,0.7812,0.12
18,Tokyo,2024-06-14,0.7842,14.94
18,Tokyo,2024-06-15,0.7268,6.73
18,Tokyo,2024-06-16,0.6438,13.52
18,Tokyo,2024-06-17,0.7231,2.28
18,Tokyo,2024-06-18,0.6745,8.62
18,Tokyo,2024-06-19,0.6196,14.72
18,Tokyo,2024-06-20,0.7965,4.48
18,Tokyo,2024-06-21,0.7694,35.92
18,Tokyo,2024-06-22,0.7051,0.04
18,Tokyo,2024-06-23,0.7241,19.75
18,Tokyo,2024-06-24,0.7244,0.23
18,Tokyo,2024-06-25,0.7922,0.11
18,Tokyo,2024-06-26,0.7947,31.32
18,Tokyo,2024-06-27,0.7742,1.85
18,Tokyo,2024-06-28,0.8237,26.66
18,Tokyo,2024-06-29,0.815,9.47
18,Tokyo,2024-06-30,0.7364,24.4
18,Tokyo,2024-07-01,0.7749,3.13
18,Tokyo,2024-07-02,0.6758,7.12
18,Tokyo,2024-07-03,0.5849,2.15
18,Tokyo,2024-07-04,0.5426,8.09
18,Tokyo,2024-07-05,0.5575,1.7
18,Tokyo,2024-07-06,0.561,8.0
18,Tokyo,2024-07-07,0.3911,2.24
18,Tokyo,2024-07-08,0.4221,0.0
18,Tokyo,2024-07-09,0.3427,4.9
18,Tokyo,2024-07-10,0.4007,1.95
18,Tokyo,2024-07-11,0.3884,1.67
18,Tokyo,2024-07-12,0.4213,0.92
18,Tokyo,2024-07-13,0.3701,2.66
18,Tokyo,2024-07-14,0.424,0.43
18,Tokyo,2024-07-15,0.3893,5.18
18,Tokyo,2024-07-16,0.3865,3.75
18,Tokyo,2024-07-17,0.3708,1.61
18,Tokyo,2024-07-18,0.492,5.28
18,Tokyo,2024-07-19,0.411,0.42
18,Tokyo,2024-07-20,0.5182,4.99
18,Tokyo,2024-07-21,0.4993,3.42
18,Tokyo,2024-07-22,0.5282,3.34
18,Tokyo,2024-07-23,0.6015,5.14
18,Tokyo,2024-07-24,0.6466,5.55
18,Tokyo,2024-07-25,0.644,3.06
18,Tokyo,2024-07-26,0.6939,5.16
18,Tokyo,2024-07-27,0.5677,2.04
18,Tokyo,2024-07-28,0.4957,1.33
18,Tokyo,2024-07-29,0.5713,4.77
18,Tokyo,2024-07-30,0.5033,1.71
18,Tokyo,2024-07-31,0.5086,14.18
18,Tokyo,2024-08-01,0.4877,4.34
18,Tokyo,2024-08-02,0.4431,1.72
18,Tokyo,2024-08-03,0.517,0.02
18,Tokyo,2024-08-04,0.5622,14.1
18,Tokyo,2024-08-05,0.5894,3.43
18,Tokyo,2024-08-06,0.6812,34.36
18,Tokyo,2024-08-07,0.5728,3.67
18,Tokyo,2024-08-08,0.5147,5.41
18,Tokyo,2024-08-09,0.5017,0.65
18,Tokyo,2024-08-10,0.4874,13.98
18,Tokyo,2024-08-11,0.4816,5.99
18,Tokyo,2024-08-12,0.5797,4.9
18,Tokyo,2024-08-13,0.7092,1.49
18,Tokyo,2024-08-14,0.725,49.19
18,Tokyo,2024-08-15,0.7043,0.44
18,Tokyo,2024-08-16,0.8026,10.56
18,Tokyo,2024-08-17,0.7812,3.02
18,Tokyo,2024-08-18,0.7552,10.96
18,Tokyo,2024-08-19,0.7879,10.83
18,Tokyo,2024-08-20,0.7776,26.72
18,Tokyo,2024-08-21,0.8043,4.79
18,Tokyo,2024-08-22,0.6443,10.03
18,Tokyo,2024-08-23,0.6931,6.39
18,Tokyo,2024-08-24,0.6865,4.94
18,Tokyo,2024-08-25,0.6554,21.08
18,Tokyo,2024-08-26,0.7379,24.75
18,Tokyo,2024-08-27,0.7613,25.74
18,Tokyo,2024-08-28,0.6999,13.24
18,Tokyo,2024-08-29,0.6836,3.26
18,Tokyo,2024-08-30,0.7313,2.25
18,Tokyo,2024-08-31,0.6981,5.38
18,Tokyo,2024-09-01,0.6255,9.8
18,Tokyo,2024-09-02,0.6619,1.8
18,Tokyo,2024-09-03,0.7331,10.6
18,Tokyo,2024-09-04,0.6958,15.96
18,Tokyo,2024-09-05,0.7079,7.91
18,Tokyo,2024-09-06,0.8604,16.45
18,Tokyo,2024-09-07,0.6894,2.16
18,Tokyo,2024-09-08,0.7214,4.46
18,Tokyo,2024-09-09,0.6899,4.99
18,Tokyo,2024-09-10,0.6316,5.89
18,Tokyo,2024-09-11,0.6017,8.8
18,Tokyo,2024-09-12,0.5477,1.19
18,Tokyo,2024-09-13,0.6116,8.34
18,Tokyo,2024-09-14,0.5267,4.32
18,Tokyo,2024-09-15,0.5749,2.02
18,Tokyo,2024-09-16,0.6732,4.02
18,Tokyo,2024-09-17,0.559,1.0
18,Tokyo,2024-09-18,0.4648,4.78
18,Tokyo,2024-09-19,0.4391,0.14
18,Tokyo,2024-09-20,0.5435,8.34
18,Tokyo,2024-09-21,0.4971,0.06
18,Tokyo,2024-09-22,0.5115,4.31
18,Tokyo,2024-09-23,0.464,0.63
18,Tokyo,2024-09-24,0.4219,6.37
18,Tokyo,2024-09-25,0.3706,1.89
18,Tokyo,2024-09-26,0.3409,1.92
18,Tokyo,2024-09-27,0.3862,1.13
18,Tokyo,2024-09-28,0.4126,3.98
18,Tokyo,2024-09-29,0.4444,1.04
18,Tokyo,2024-09-30,0.42,2.39
18,Tokyo,2024-10-01,0.5161,16.59
18,Tokyo,2024-10-02,0.4998,9.27
18,Tokyo,2024-10-03,0.5735,8.2
18,Tokyo,2024-10-04,0.6443,3.72
18,Tokyo,2024-10-05,0.6671,24.72
18,Tokyo,2024-10-06,0.7329,13.88
18,Tokyo,2024-10-07,0.7029,24.73
18,Tokyo,2024-10-08,0.7145,8.06
18,Tokyo,2024-10-09,0.5398,11.71
18,Tokyo,2024-10-10,0.555,8.02
18,Tokyo,2024-10-11,0.6109,2.14
18,Tokyo,2024-10-12,0.5526,18.5
18,Tokyo,2024-10-13,0.5566,0.64
18,Tokyo,2024-10-14,0.4872,7.82
18,Tokyo,2024-10-15,0.4252,1.69
18,Tokyo,2024-10-16,0.4357,1.95
18,Tokyo,2024-10-17,0.3694,1.14
18,Tokyo,2024-10-18,0.5361,2.59
18,Tokyo,2024-10-19,0.5675,3.54
18,Tokyo,2024-10-20,0.5568,1.67
18,Tokyo,2024-10-21,0.6065,2.98
18,Tokyo,2024-10-22,0.6209,15.73
18,Tokyo,2024-10-23,0.5395,7.74
18,Tokyo,2024-10-24,0.568,7.98
18,Tokyo,2024-10-25,0.6165,7.27
18,Tokyo,2024-10-26,0.5693,8.9
18,Tokyo,2024-10-27,0.5928,6.03
18,Tokyo,2024-10-28,0.6094,0.52
18,Tokyo,2024-10-29,0.6301,0.34
18,Tokyo,2024-10-30,0.6898,3.62
18,Tokyo,2024-10-31,0.6683,27.65
18,Tokyo,2024-11-01,0.7932,2.17
18,Tokyo,2024-11-02,0.7354,4.4
18,Tokyo,2024-11-03,0.6469,18.13
18,Tokyo,2024-11-04,0.6855,24.28
18,Tokyo,2024-11-05,0.604,22.48
18,Tokyo,2024-11-06,0.6199,15.93
18,Tokyo,2024-11-07,0.539,3.9
18,Tokyo,2024-11-08,0.6101,2.89
18,Tokyo,2024-11-09,0.5859,0.42
18,Tokyo,2024-11-10,0.6849,8.94
18,Tokyo,2024-11-11,0.8002,28.89
18,Tokyo,2024-11-12,0.832,12.69
18,Tokyo,2024-11-13,0.735,3.25
18,Tokyo,2024-11-14,0.6597,2.33
18,Tokyo,2024-11-15,0.6806,8.02
18,Tokyo,2024-11-16,0.6969,11.04
18,Tokyo,2024-11-17,0.6757,6.93
18,Tokyo,2024-11-18,0.6855,32.17
18,Tokyo,2024-11-19,0.6997,0.62
18,Tokyo,2024-11-20,0.7652,0.73
18,Tokyo,2024-11-21,0.8472,8.19
18,Tokyo,2024-11-22,0.9433,42.02
18,Tokyo,2024-11-23,0.7868,6.77
18,Tokyo,2024-11-24,0.5755,1.47
18,Tokyo,2024-11-25,0.648,11.73
18,Tokyo,2024-11-26,0.6965,1.9
18,Tokyo,2024-11-27,0.7355,8.64
18,Tokyo,2024-11-28,0.7682,13.47
18,Tokyo,2024-11-29,0.8326,3.16
18,Tokyo,2024-11-30,0.7964,12.51
18,Tokyo,2024-12-01,0.7874,5.29
18,Tokyo,2024-12-02,0.8375,9.42
18,Tokyo,2024-12-03,0.8446,4.39
18,Tokyo,2024-12-04,0.7898,13.67
18,Tokyo,2024-12-05,0.6964,28.34
18,Tokyo,2024-12-06,0.6137,13.82
18,Tokyo,2024-12-07,0.5793,4.02
18,Tokyo,2024-12-08,0.4987,10.04
18,Tokyo,2024-12-09,0.5401,9.31
18,Tokyo,2024-12-10,0.588,2.31
18,Tokyo,2024-12-11,0.5998,2.62
18,Tokyo,2024-12-12,0.5877,1.26
18,Tokyo,2024-12-13,0.6435,30.35
18,Tokyo,2024-12-14,0.5717,2.9
18,Tokyo,2024-12-15,0.6142,1.32
18,Tokyo,2024-12-16,0.6578,19.95
18,Tokyo,2024-12-17,0.6073,15.91
18,Tokyo,2024-12-18,0.6471,1.7
18,Tokyo,2024-12-19,0.4474,3.82
18,Tokyo,2024-12-20,0.4883,0.52
18,Tokyo,2024-12-21,0.4666,1.28
18,Tokyo,2024-12-22,0.4295,0.55
18,Tokyo,2024-12-23,0.4495,5.01
18,Tokyo,2024-12-24,0.4902,8.15
18,Tokyo,2024-12-25,0.4729,1.5
18,Tokyo,2024-12-26,0.5541,3.42
18,Tokyo,2024-12-27,0.5,7.03
18,Tokyo,2024-12-28,0.5113,13.89
18,Tokyo,2024-12-29,0.451,5.65
18,Tokyo,2024-12-30,0.5861,2.68
18,Tokyo,2024-12-31,0.6133,0.44
18,Tokyo,2025-01-01,0.5399,6.58
18,Tokyo,2025-01-02,0.5774,5.74
18,Tokyo,2025-01-03,0.6745,9.62
18,Tokyo,2025-01-04,0.6455,10.41
18,Tokyo,2025-01-05,0.6296,10.94
18,Tokyo,2025-01-06,0.6785,4.62
18,Tokyo,2025-01-07,0.6589,1.93
18,Tokyo,2025-01-08,0.7153,24.28
18,Tokyo,2025-01-09,0.7071,17.24
18,Tokyo,2025-01-10,0.7425,11.99
18,Tokyo,2025-01-11,0.7533,1.88
18,Tokyo,2025-01-12,0.7451,13.36
18,Tokyo,2025-01-13,0.7634,0.14
18,Tokyo,2025-01-14,0.7155,4.06
18,Tokyo,2025-01-15,0.7131,22.81
18,Tokyo,2025-01-16,0.7148,1.9
18,Tokyo,2025-01-17,0.7462,34.48
18,Tokyo,2025-01-18,0.6154,0.2
18,Tokyo,2025-01-19,0.6373,7.25
18,Tokyo,2025-01-20,0.6839,7.46
18,Tokyo,2025-01-21,0.7047,12.16
18,Tokyo,2025-01-22,0.6073,1.69
18,Tokyo,2025-01-23,0.5928,10.98
18,Tokyo,2025-01-24,0.6374,0.21
18,Tokyo,2025-01-25,0.6338,5.95
18,Tokyo,2025-01-26,0.6642,9.6
18,Tokyo,2025-01-27,0.6832,18.95
18,Tokyo,2025-01-28,0.577,0.12
18,Tokyo,2025-01-29,0.4102,4.85
18,Tokyo,2025-01-30,0.3628,3.01
18,Tokyo,2025-01-31,0.3564,4.15
18,Tokyo,2025-02-01,0.4404,14.1
18,Tokyo,2025-02-02,0.5187,1.48
18,Tokyo,2025-02-03,0.6156,4.71
18,Tokyo,2025-02-04,0.6004,19.26
18,Tokyo,2025-02-05,0.4945,4.54
18,Tokyo,2025-02-06,0.4679,1.12
18,Tokyo,2025-02-07,0.6072,0.79
18,Tokyo,2025-02-08,0.5372,11.49
18,Tokyo,2025-02-09,0.5687,1.43
18,Tokyo,2025-02-10,0.602,8.58
18,Tokyo,2025-02-11,0.5715,6.73
18,Tokyo,2025-02-12,0.5529,2.59
18,Tokyo,2025-02-13,0.6046,16.43
18,Tokyo,2025-02-14,0.5273,6.64
18,Tokyo,2025-02-15,0.5385,9.22
18,Tokyo,2025-02-16,0.4107,3.14
18,Tokyo,2025-02-17,0.4465,2.38
18,Tokyo,2025-02-18,0.4923,1.67
18,Tokyo,2025-02-19,0.5401,3.28
18,Tokyo,2025-02-20,0.5622,0.47
18,Tokyo,2025-02-21,0.5759,6.43
18,Tokyo,2025-02-22,0.6026,4.02
18,Tokyo,2025-02-23,0.6999,11.06
18,Tokyo,2025-02-24,0.75,0.49
18,Tokyo,2025-02-25,0.5843,26.02
18,Tokyo,2025-02-26,0.5976,0.44
18,Tokyo,2025-02-27,0.6543,23.61
18,Tokyo,2025-02-28,0.6789,5.82
18,Tokyo,2025-03-01,0.6172,7.86
18,Tokyo,2025-03-02,0.6805,15.15
18,Tokyo,2025-03-03,0.6945,10.95
18,Tokyo,2025-03-04,0.5985,1.88
18,Tokyo,2025-03-05,0.5889,7.12
18,Tokyo,2025-03-06,0.6352,7.49
18,Tokyo,2025-03-07,0.6529,8.93
18,Tokyo,2025-03-08,0.5995,3.01
18,Tokyo,2025-03-09,0.6264,8.25
18,Tokyo,2025-03-10,0.6934,0.52
18,Tokyo,2025-03-11,0.6161,10.66
18,Tokyo,2025-03-12,0.5834,6.97
18,Tokyo,2025-03-13,0.5276,4.27
18,Tokyo,2025-03-14,0.5683,1.33
18,Tokyo,2025-03-15,0.6634,14.74
18,Tokyo,2025-03-16,0.7331,11.75
18,Tokyo,2025-03-17,0.7509,12.53
18,Tokyo,2025-03-18,0.6292,14.78
18,Tokyo,2025-03-19,0.6187,2.1
18,Tokyo,2025-03-20,0.5932,3.01
18,Tokyo,2025-03-21,0.5549,26.05
18,Tokyo,2025-03-22,0.6099,0.39
18,Tokyo,2025-03-23,0.6559,10.87
18,Tokyo,2025-03-24,0.6827,1.34
18,Tokyo,2025-03-25,0.652,1.41
18,Tokyo,2025-03-26,0.5796,6.19
18,Tokyo,2025-03-27,0.5932,0.57
18,Tokyo,2025-03-28,0.6568,1.52
18,Tokyo,2025-03-29,0.6758,22.4
18,Tokyo,2025-03-30,0.6689,1.61
18,Tokyo,2025-03-31,0.7974,9.69
18,Tokyo,2025-04-01,0.789,0.07
18,Tokyo,2025-04-02,0.74,13.65
18,Tokyo,2025-04-03,0.6788,3.32
18,Tokyo,2025-04-04,0.6253,5.81
18,Tokyo,2025-04-05,0.7417,8.44
18,Tokyo,2025-04-06,0.7642,4.77
18,Tokyo,2025-04-07,0.8535,43.65
18,Tokyo,2025-04-08,0.8235,0.43
18,Tokyo,2025-04-09,0.8037,26.63
18,Tokyo,2025-04-10,0.7169,4.68
18,Tokyo,2025-04-11,0.7063,32.86
18,Tokyo,2025-04-12,0.6655,12.34
18,Tokyo,2025-04-13,0.588,14.2
18,Tokyo,2025-04-14,0.6505,13.0
18,Tokyo,2025-04-15,0.8534,36.82
18,Tokyo,2025-04-16,0.7365,9.47
18,Tokyo,2025-04-17,0.7431,6.48
18,Tokyo,2025-04-18,0.7152,11.16
18,Tokyo,2025-04-19,0.7088,2.84
18,Tokyo,2025-04-20,0.7868,25.42
18,Tokyo,2025-04-21,0.6921,5.48
18,Tokyo,2025-04-22,0.6033,12.02
18,Tokyo,2025-04-23,0.5747,4.6
18,Tokyo,2025-04-24,0.57,4.06
18,Tokyo,2025-04-25,0.555,6.31
18,Tokyo,2025-04-26,0.5349,0.67
18,Tokyo,2025-04-27,0.5881,9.72
18,Tokyo,2025-04-28,0.5508,2.88
18,Tokyo,2025-04-29,0.5103,6.43
18,Tokyo,2025-04-30,0.4682,2.9
18,Tokyo,2025-05-01,0.5452,29.74
18,Tokyo,2025-05-02,0.5505,5.44
18,Tokyo,2025-05-03,0.5131,2.76
18,Tokyo,2025-05-04,0.4987,5.65
18,Tokyo,2025-05-05,0.5434,17.0
18,Tokyo,2025-05-06,0.6175,7.04
18,Tokyo,2025-05-07,0.6324,1.71
18,Tokyo,2025-05-08,0.7348,6.46
18,Tokyo,2025-05-09,0.7081,17.24
18,Tokyo,2025-05-10,0.7386,18.82
18,Tokyo,2025-05-11,0.7978,8.94
18,Tokyo,2025-05-12,0.7294,34.21
18,Tokyo,2025-05-13,0.6203,5.59
18,Tokyo,2025-05-14,0.5828,3.93
18,Tokyo,2025-05-15,0.6842,0.18
18,Tokyo,2025-05-16,0.7054,2.51
18,Tokyo,2025-05-17,0.7013,29.14
18,Tokyo,2025-05-18,0.6651,7.78
18,Tokyo,2025-05-19,0.7166,10.48
18,Tokyo,2025-05-20,0.7017,19.06
18,Tokyo,2025-05-21,0.5979,4.3
18,Tokyo,2025-05-22,0.4524,2.37
18,Tokyo,2025-05-23,0.5668,5.0
18,Tokyo,2025-05-24,0.4169,4.9
18,Tokyo,2025-05-25,0.3994,1.27
18,Tokyo,2025-05-26,0.4189,4.54
18,Tokyo,2025-05-27,0.4173,1.11
18,Tokyo,2025-05-28,0.4255,0.07
18,Tokyo,2025-05-29,0.5189,15.02
18,Tokyo,2025-05-30,0.5692,3.3
18,Tokyo,2025-05-31,0.6422,19.22
18,Tokyo,2025-06-01,0.6018,1.72
18,Tokyo,2025-06-02,0.6216,21.38
18,Tokyo,2025-06-03,0.5384,10.98
18,Tokyo,2025-06-04,0.5105,1.17
18,Tokyo,2025-06-05,0.5382,0.75
18,Tokyo,2025-06-06,0.4439,1.34
18,Tokyo,2025-06-07,0.4728,2.16
18,Tokyo,2025-06-08,0.4004,0.4
18,Tokyo,2025-06-09,0.4111,0.48
18,Tokyo,2025-06-10,0.4862,4.15
18,Tokyo,2025-06-11,0.4298,2.47
18,Tokyo,2025-06-12,0.3909,3.39
18,Tokyo,2025-06-13,0.4821,12.33
18,Tokyo,2025-06-14,0.4935,3.16
18,Tokyo,2025-06-15,0.398,6.16
18,Tokyo,2025-06-16,0.4318,1.55
18,Tokyo,2025-06-17,0.4181,4.13
18,Tokyo,2025-06-18,0.4294,1.16
18,Tokyo,2025-06-19,0.4475,4.1
18,Tokyo,2025-06-20,0.4478,0.84
18,Tokyo,2025-06-21,0.6389,18.68
18,Tokyo,2025-06-22,0.6028,3.03
18,Tokyo,2025-06-23,0.6566,14.11
18,Tokyo,2025-06-24,0.5227,7.05
18,Tokyo,2025-06-25,0.485,7.2
18,Tokyo,2025-06-26,0.4908,21.63
18,Tokyo,2025-06-27,0.4479,11.97
18,Tokyo,2025-06-28,0.4315,4.51
18,Tokyo,2025-06-29,0.4547,5.33
18,Tokyo,2025-06-30,0.4191,2.91
18,Tokyo,2025-07-01,0.3909,0.6
18,Tokyo,2025-07-02,0.4075,4.7
18,Tokyo,2025-07-03,0.4599,6.39
18,Tokyo,2025-07-04,0.5355,10.63
18,Tokyo,2025-07-05,0.5335,5.82
18,Tokyo,2025-07-06,0.522,5.07
18,Tokyo,2025-07-07,0.6454,7.28
18,Tokyo,2025-07-08,0.7346,13.69
18,Tokyo,2025-07-09,0.8136,27.22
18,Tokyo,2025-07-10,0.7911,11.98
18,Tokyo,2025-07-11,0.774,0.26
18,Tokyo,2025-07-12,0.7485,0.47
18,Tokyo,2025-07-13,0.6555,1.25
18,Tokyo,2025-07-14,0.6416,1.11
18,Tokyo,2025-07-15,0.6091,3.54
18,Tokyo,2025-07-16,0.6191,4.1
18,Tokyo,2025-07-17,0.6532,2.88
18,Tokyo,2025-07-18,0.7533,21.34
18,Tokyo,2025-07-19,0.8249,33.86
18,Tokyo,2025-07-20,0.7663,2.08
18,Tokyo,2025-07-21,0.7868,17.8
18,Tokyo,2025-07-22,0.8311,2.11
18,Tokyo,2025-07-23,0.8042,14.32
18,Tokyo,2025-07-24,0.7043,16.78
18,Tokyo,2025-07-25,0.7726,6.21
18,Tokyo,2025-07-26,0.7104,1.06
18,Tokyo,2025-07-27,0.6041,1.97
18,Tokyo,2025-07-28,0.5859,4.23
18,Tokyo,2025-07-29,0.6075,16.22
18,Tokyo,2025-07-30,0.6111,5.69
18,Tokyo,2025-07-31,0.571,2.18
18,Tokyo,2025-08-01,0.7425,3.47
18,Tokyo,2025-08-02,0.646,17.46
18,Tokyo,2025-08-03,0.5949,14.15
18,Tokyo,2025-08-04,0.609,12.69
18,Tokyo,2025-08-05,0.517,2.02
18,Tokyo,2025-08-06,0.4951,7.56
18,Tokyo,2025-08-07,0.4031,0.58
18,Tokyo,2025-08-08,0.4851,1.34
18,Tokyo,2025-08-09,0.5025,11.97
18,Tokyo,2025-08-10,0.5167,1.47
18,Tokyo,2025-08-11,0.6342,17.14
18,Tokyo,2025-08-12,0.6182,20.65
18,Tokyo,2025-08-13,0.5083,5.2
18,Tokyo,2025-08-14,0.4858,11.34
18,Tokyo,2025-08-15,0.5665,3.52
18,Tokyo,2025-08-16,0.5124,1.14
18,Tokyo,2025-08-17,0.5216,13.83
18,Tokyo,2025-08-18,0.5148,23.36
18,Tokyo,2025-08-19,0.4648,2.61
18,Tokyo,2025-08-20,0.4747,0.28
18,Tokyo,2025-08-21,0.5429,7.92
18,Tokyo,2025-08-22,0.536,3.95
18,Tokyo,2025-08-23,0.6115,6.39
18,Tokyo,2025-08-24,0.5917,12.09
18,Tokyo,2025-08-25,0.5949,6.12
18,Tokyo,2025-08-26,0.5319,3.02
18,Tokyo,2025-08-27,0.535,1.03
18,Tokyo,2025-08-28,0.5357,0.69
18,Tokyo,2025-08-29,0.5398,2.03
18,Tokyo,2025-08-30,0.4768,13.7
18,Tokyo,2025-08-31,0.3501,1.93
18,Tokyo,2025-09-01,0.3909,3.67
18,Tokyo,2025-09-02,0.4047,5.62
18,Tokyo,2025-09-03,0.5043,0.41
18,Tokyo,2025-09-04,0.5074,0.97
18,Tokyo,2025-09-05,0.6033,1.16
18,Tokyo,2025-09-06,0.5555,13.2
18,Tokyo,2025-09-07,0.4939,5.34
18,Tokyo,2025-09-08,0.3499,9.26
18,Tokyo,2025-09-09,0.3508,6.63
18,Tokyo,2025-09-10,0.4331,14.93
18,Tokyo,2025-09-11,0.3152,0.43
18,Tokyo,2025-09-12,0.3637,2.05
18,Tokyo,2025-09-13,0.4233,0.75
18,Tokyo,2025-09-14,0.3628,11.37
18,Tokyo,2025-09-15,0.4535,7.83
18,Tokyo,2025-09-16,0.4167,2.44
18,Tokyo,2025-09-17,0.5277,9.66
18,Tokyo,2025-09-18,0.4549,10.29
18,Tokyo,2025-09-19,0.5483,7.02
18,Tokyo,2025-09-20,0.4156,11.5
18,Tokyo,2025-09-21,0.4811,4.14
18,Tokyo,2025-09-22,0.5125,0.16
18,Tokyo,2025-09-23,0.5379,0.65
18,Tokyo,2025-09-24,0.439,2.52
18,Tokyo,2025-09-25,0.4209,5.05
18,Tokyo,2025-09-26,0.5074,3.51
18,Tokyo,2025-09-27,0.503,0.56
18,Tokyo,2025-09-28,0.4616,0.01
18,Tokyo,2025-09-29,0.5939,6.42
18,Tokyo,2025-09-30,0.5872,20.13
18,Tokyo,2025-10-01,0.6289,3.63
18,Tokyo,2025-10-02,0.5242,6.01
18,Tokyo,2025-10-03,0.5375,2.77
18,Tokyo,2025-10-04,0.4854,13.77
18,Tokyo,2025-10-05,0.4569,3.68
18,Tokyo,2025-10-06,0.6427,17.72
18,Tokyo,2025-10-07,0.674,8.55
18,Tokyo,2025-10-08,0.6494,23.43
18,Tokyo,2025-10-09,0.6132,21.23
18,Tokyo,2025-10-10,0.5469,4.88
18,Tokyo,2025-10-11,0.4754,3.13
18,Tokyo,2025-10-12,0.5199,33.37
18,Tokyo,2025-10-13,0.5467,0.21
18,Tokyo,2025-10-14,0.5149,1.17
18,Tokyo,2025-10-15,0.371,0.69
18,Tokyo,2025-10-16,0.3756,4.0
18,Tokyo,2025-10-17,0.5805,5.19
18,Tokyo,2025-10-18,0.6107,6.62
18,Tokyo,2025-10-19,0.5713,28.38
18,Tokyo,2025-10-20,0.6156,3.4
18,Tokyo,2025-10-21,0.564,12.64
18,Tokyo,2025-10-22,0.6696,7.76
18,Tokyo,2025-10-23,0.7071,1.21
18,Tokyo,2025-10-24,0.7306,58.6
18,Tokyo,2025-10-25,0.6652,4.05
18,Tokyo,2025-10-26,0.6903,44.22
18,Tokyo,2025-10-27,0.7362,3.54
18,Tokyo,2025-10-28,0.7427,7.14
18,Tokyo,2025-10-29,0.7496,13.54
18,Tokyo,2025-10-30,0.7166,9.81
18,Tokyo,2025-10-31,0.6248,2.17
18,Tokyo,2025-11-01,0.6203,1.58
18,Tokyo,2025-11-02,0.5773,4.62
18,Tokyo,2025-11-03,0.5293,4.13
18,Tokyo,2025-11-04,0.4214,0.68
18,Tokyo,2025-11-05,0.4197,1.62
18,Tokyo,2025-11-06,0.3558,3.16
18,Tokyo,2025-11-07,0.3015,9.75
18,Tokyo,2025-11-08,0.3812,1.73
18,Tokyo,2025-11-09,0.4651,2.88
18,Tokyo,2025-11-10,0.5582,1.9
18,Tokyo,2025-11-11,0.6232,10.76
18,Tokyo,2025-11-12,0.5346,15.13
18,Tokyo,2025-11-13,0.5221,10.1
18,Tokyo,2025-11-14,0.5515,3.35
18,Tokyo,2025-11-15,0.5686,4.25
18,Tokyo,2025-11-16,0.5665,12.0
18,Tokyo,2025-11-17,0.5018,5.79
18,Tokyo,2025-11-18,0.4667,4.46
18,Tokyo,2025-11-19,0.4781,16.07
18,Tokyo,2025-11-20,0.4573,0.0
18,Tokyo,2025-11-21,0.5348,7.23
18,Tokyo,2025-11-22,0.5597,0.47
18,Tokyo,2025-11-23,0.6592,4.86
18,Tokyo,2025-11-24,0.7151,3.96
18,Tokyo,2025-11-25,0.7627,19.24
18,Tokyo,2025-11-26,0.6869,27.55
18,Tokyo,2025-11-27,0.7554,6.46
18,Tokyo,2025-11-28,0.8343,0.24
18,Tokyo,2025-11-29,0.782,12.09
18,Tokyo,2025-11-30,0.7256,8.87
18,Tokyo,2025-12-01,0.7232,21.07
18,Tokyo,2025-12-02,0.6052,8.09
18,Tokyo,2025-12-03,0.5398,0.64
18,Tokyo,2025-12-04,0.5669,0.65
18,Tokyo,2025-12-05,0.6644,1.72
18,Tokyo,2025-12-06,0.6978,27.24
18,Tokyo,2025-12-07,0.6171,6.76
18,Tokyo,2025-12-08,0.7181,5.76
18,Tokyo,2025-12-09,0.7536,9.9
18,Tokyo,2025-12-10,0.7416,3.81
18,Tokyo,2025-12-11,0.7914,7.06
18,Tokyo,2025-12-12,0.9329,55.43
18,Tokyo,2025-12-13,0.8712,116.59
18,Tokyo,2025-12-14,0.8068,56.92
18,Tokyo,2025-12-15,0.7795,11.46
18,Tokyo,2025-12-16,0.7256,1.92
18,Tokyo,2025-12-17,0.752,6.13
18,Tokyo,2025-12-18,0.6344,24.21
18,Tokyo,2025-12-19,0.5605,0.3
18,Tokyo,2025-12-20,0.5805,7.16
18,Tokyo,2025-12-21,0.5632,10.4
18,Tokyo,2025-12-22,0.6632,4.83
18,Tokyo,2025-12-23,0.5634,10.89
18,Tokyo,2025-12-24,0.5315,1.52
18,Tokyo,2025-12-25,0.517,2.21
18,Tokyo,2025-12-26,0.5905,8.67
18,Tokyo,2025-12-27,0.5736,18.92
18,Tokyo,2025-12-28,0.5161,7.68
18,Tokyo,2025-12-29,0.581,21.61
18,Tokyo,2025-12-30,0.5741,2.77
18,Tokyo,2025-12-31,0.5367,6.36
19,Tanjung_Pelepas,2023-01-01,0.2584,2.69
19,Tanjung_Pelepas,2023-01-02,0.2209,5.16
19,Tanjung_Pelepas,2023-01-03,0.3014,0.37
19,Tanjung_Pelepas,2023-01-04,0.249,2.42
19,Tanjung_Pelepas,2023-01-05,0.2347,2.97
19,Tanjung_Pelepas,2023-01-06,0.2465,2.82
19,Tanjung_Pelepas,2023-01-07,0.2023,0.34
19,Tanjung_Pelepas,2023-01-08,0.1657,7.24
19,Tanjung_Pelepas,2023-01-09,0.2309,3.71
19,Tanjung_Pelepas,2023-01-10,0.2567,3.79
19,Tanjung_Pelepas,2023-01-11,0.1794,0.12
19,Tanjung_Pelepas,2023-01-12,0.173,4.07
19,Tanjung_Pelepas,2023-01-13,0.144,0.88
19,Tanjung_Pelepas,2023-01-14,0.0882,0.45
19,Tanjung_Pelepas,2023-01-15,0.2005,0.44
19,Tanjung_Pelepas,2023-01-16,0.2234,1.19
19,Tanjung_Pelepas,2023-01-17,0.1454,0.49
19,Tanjung_Pelepas,2023-01-18,0.1743,2.62
19,Tanjung_Pelepas,2023-01-19,0.1487,0.75
19,Tanjung_Pelepas,2023-01-20,0.1871,0.25
19,Tanjung_Pelepas,2023-01-21,0.1257,0.61
19,Tanjung_Pelepas,2023-01-22,0.132,1.11
19,Tanjung_Pelepas,2023-01-23,0.2292,0.57
19,Tanjung_Pelepas,2023-01-24,0.2767,4.02
19,Tanjung_Pelepas,2023-01-25,0.3408,3.39
19,Tanjung_Pelepas,2023-01-26,0.3015,0.32
19,Tanjung_Pelepas,2023-01-27,0.2797,5.59
19,Tanjung_Pelepas,2023-01-28,0.2684,1.53
19,Tanjung_Pelepas,2023-01-29,0.2526,1.31
19,Tanjung_Pelepas,2023-01-30,0.267,2.71
19,Tanjung_Pelepas,2023-01-31,0.1958,1.81
19,Tanjung_Pelepas,2023-02-01,0.3127,7.56
19,Tanjung_Pelepas,2023-02-02,0.3133,1.04
19,Tanjung_Pelepas,2023-02-03,0.2258,7.43
19,Tanjung_Pelepas,2023-02-04,0.2216,0.41
19,Tanjung_Pelepas,2023-02-05,0.2724,1.89
19,Tanjung_Pelepas,2023-02-06,0.4549,1.05
19,Tanjung_Pelepas,2023-02-07,0.4337,12.77
19,Tanjung_Pelepas,2023-02-08,0.4541,1.75
19,Tanjung_Pelepas,2023-02-09,0.4488,17.37
19,Tanjung_Pelepas,2023-02-10,0.4137,3.72
19,Tanjung_Pelepas,2023-02-11,0.4103,0.01
19,Tanjung_Pelepas,2023-02-12,0.373,0.95
19,Tanjung_Pelepas,2023-02-13,0.3467,4.84
19,Tanjung_Pelepas,2023-02-14,0.3412,0.54
19,Tanjung_Pelepas,2023-02-15,0.3385,5.9
19,Tanjung_Pelepas,2023-02-16,0.3667,4.5
19,Tanjung_Pelepas,2023-02-17,0.4322,2.65
19,Tanjung_Pelepas,2023-02-18,0.2969,6.55
19,Tanjung_Pelepas,2023-02-19,0.231,1.64
19,Tanjung_Pelepas,2023-02-20,0.353,3.36
19,Tanjung_Pelepas,2023-02-21,0.297,5.62
19,Tanjung_Pelepas,2023-02-22,0.2211,6.34
19,Tanjung_Pelepas,2023-02-23,0.11,0.85
19,Tanjung_Pelepas,2023-02-24,0.2225,0.95
19,Tanjung_Pelepas,2023-02-25,0.2058,1.58
19,Tanjung_Pelepas,2023-02-26,0.1341,0.95
19,Tanjung_Pelepas,2023-02-27,0.1327,7.86
19,Tanjung_Pelepas,2023-02-28,0.0858,2.13
19,Tanjung_Pelepas,2023-03-01,0.2161,9.41
19,Tanjung_Pelepas,2023-03-02,0.2551,1.84
19,Tanjung_Pelepas,2023-03-03,0.3067,8.36
19,Tanjung_Pelepas,2023-03-04,0.3246,0.09
19,Tanjung_Pelepas,2023-03-05,0.3918,5.13
19,Tanjung_Pelepas,2023-03-06,0.5435,3.74
19,Tanjung_Pelepas,2023-03-07,0.5133,3.03
19,Tanjung_Pelepas,2023-03-08,0.4576,8.84
19,Tanjung_Pelepas,2023-03-09,0.5392,0.88
19,Tanjung_Pelepas,2023-03-10,0.4934,6.0
19,Tanjung_Pelepas,2023-03-11,0.5228,3.46
19,Tanjung_Pelepas,2023-03-12,0.4196,0.17
19,Tanjung_Pelepas,2023-03-13,0.4524,2.62
19,Tanjung_Pelepas,2023-03-14,0.4214,0.27
19,Tanjung_Pelepas,2023-03-15,0.3807,1.44
19,Tanjung_Pelepas,2023-03-16,0.3738,1.62
19,Tanjung_Pelepas,2023-03-17,0.3571,0.81
19,Tanjung_Pelepas,2023-03-18,0.2262,2.72
19,Tanjung_Pelepas,2023-03-19,0.2743,0.01
19,Tanjung_Pelepas,2023-03-20,0.287,4.02
19,Tanjung_Pelepas,2023-03-21,0.2707,0.06
19,Tanjung_Pelepas,2023-03-22,0.3607,0.93
19,Tanjung_Pelepas,2023-03-23,0.3283,0.5
19,Tanjung_Pelepas,2023-03-24,0.3659,3.91
19,Tanjung_Pelepas,2023-03-25,0.2973,4.12
19,Tanjung_Pelepas,2023-03-26,0.4208,0.28
19,Tanjung_Pelepas,2023-03-27,0.3962,3.15
19,Tanjung_Pelepas,2023-03-28,0.3077,0.23
19,Tanjung_Pelepas,2023-03-29,0.1362,0.34
19,Tanjung_Pelepas,2023-03-30,0.1827,1.6
19,Tanjung_Pelepas,2023-03-31,0.244,1.78
19,Tanjung_Pelepas,2023-04-01,0.2253,0.73
19,Tanjung_Pelepas,2023-04-02,0.2087,0.24
19,Tanjung_Pelepas,2023-04-03,0.2235,1.88
19,Tanjung_Pelepas,2023-04-04,0.3222,0.24
19,Tanjung_Pelepas,2023-04-05,0.2661,1.03
19,Tanjung_Pelepas,2023-04-06,0.2449,2.25
19,Tanjung_Pelepas,2023-04-07,0.1525,1.73
19,Tanjung_Pelepas,2023-04-08,0.1906,3.58
19,Tanjung_Pelepas,2023-04-09,0.1898,1.77
19,Tanjung_Pelepas,2023-04-10,0.2651,1.51
19,Tanjung_Pelepas,2023-04-11,0.2845,0.15
19,Tanjung_Pelepas,2023-04-12,0.2914,3.65
19,Tanjung_Pelepas,2023-04-13,0.2385,5.32
19,Tanjung_Pelepas,2023-04-14,0.2245,0.23
19,Tanjung_Pelepas,2023-04-15,0.2566,0.03
19,Tanjung_Pelepas,2023-04-16,0.2177,2.13
19,Tanjung_Pelepas,2023-04-17,0.2918,2.62
19,Tanjung_Pelepas,2023-04-18,0.2905,1.71
19,Tanjung_Pelepas,2023-04-19,0.3228,1.33
19,Tanjung_Pelepas,2023-04-20,0.2418,0.25
19,Tanjung_Pelepas,2023-04-21,0.2401,0.9
19,Tanjung_Pelepas,2023-04-22,0.2365,1.59
19,Tanjung_Pelepas,2023-04-23,0.186,2.57
19,Tanjung_Pelepas,2023-04-24,0.2039,1.39
19,Tanjung_Pelepas,2023-04-25,0.174,2.96
19,Tanjung_Pelepas,2023-04-26,0.1964,0.2
19,Tanjung_Pelepas,2023-04-27,0.2128,2.67
19,Tanjung_Pelepas,2023-04-28,0.2453,1.63
19,Tanjung_Pelepas,2023-04-29,0.1761,3.43
19,Tanjung_Pelepas,2023-04-30,0.14,3.2
19,Tanjung_Pelepas,2023-05-01,0.1422,0.72
19,Tanjung_Pelepas,2023-05-02,0.2387,2.35
19,Tanjung_Pelepas,2023-05-03,0.149,8.29
19,Tanjung_Pelepas,2023-05-04,0.0891,1.16
19,Tanjung_Pelepas,2023-05-05,0.1306,0.58
19,Tanjung_Pelepas,2023-05-06,0.0773,1.7
19,Tanjung_Pelepas,2023-05-07,0.0532,2.71
19,Tanjung_Pelepas,2023-05-08,0.0663,2.12
19,Tanjung_Pelepas,2023-05-09,0.0,3.3
19,Tanjung_Pelepas,2023-05-10,0.0251,0.65
19,Tanjung_Pelepas,2023-05-11,0.0,0.2
19,Tanjung_Pelepas,2023-05-12,0.179,2.88
19,Tanjung_Pelepas,2023-05-13,0.1499,4.99
19,Tanjung_Pelepas,2023-05-14,0.1334,1.15
19,Tanjung_Pelepas,2023-05-15,0.1277,1.25
19,Tanjung_Pelepas,2023-05-16,0.1386,1.63
19,Tanjung_Pelepas,2023-05-17,0.1637,2.78
19,Tanjung_Pelepas,2023-05-18,0.0609,1.05
19,Tanjung_Pelepas,2023-05-19,0.1259,1.36
19,Tanjung_Pelepas,2023-05-20,0.153,4.53
19,Tanjung_Pelepas,2023-05-21,0.0676,1.28
19,Tanjung_Pelepas,2023-05-22,0.1477,9.38
19,Tanjung_Pelepas,2023-05-23,0.0775,1.75
19,Tanjung_Pelepas,2023-05-24,0.0612,0.41
19,Tanjung_Pelepas,2023-05-25,0.0441,1.74
19,Tanjung_Pelepas,2023-05-26,0.0139,0.52
19,Tanjung_Pelepas,2023-05-27,0.0,0.43
19,Tanjung_Pelepas,2023-05-28,0.155,0.61
19,Tanjung_Pelepas,2023-05-29,0.0931,3.16
19,Tanjung_Pelepas,2023-05-30,0.1586,2.34
19,Tanjung_Pelepas,2023-05-31,0.1537,0.86
19,Tanjung_Pelepas,2023-06-01,0.2541,6.12
19,Tanjung_Pelepas,2023-06-02,0.347,3.06
19,Tanjung_Pelepas,2023-06-03,0.2531,3.56
19,Tanjung_Pelepas,2023-06-04,0.2047,1.0
19,Tanjung_Pelepas,2023-06-05,0.2977,4.27
19,Tanjung_Pelepas,2023-06-06,0.2849,2.7
19,Tanjung_Pelepas,2023-06-07,0.2152,1.02
19,Tanjung_Pelepas,2023-06-08,0.1657,0.33
19,Tanjung_Pelepas,2023-06-09,0.3306,1.08
19,Tanjung_Pelepas,2023-06-10,0.312,4.86
19,Tanjung_Pelepas,2023-06-11,0.2977,1.36
19,Tanjung_Pelepas,2023-06-12,0.3671,2.63
19,Tanjung_Pelepas,2023-06-13,0.2698,1.04
19,Tanjung_Pelepas,2023-06-14,0.3544,8.27
19,Tanjung_Pelepas,2023-06-15,0.2058,0.03
19,Tanjung_Pelepas,2023-06-16,0.3173,1.14
19,Tanjung_Pelepas,2023-06-17,0.3351,2.74
19,Tanjung_Pelepas,2023-06-18,0.368,1.21
19,Tanjung_Pelepas,2023-06-19,0.3542,3.44
19,Tanjung_Pelepas,2023-06-20,0.2949,0.88
19,Tanjung_Pelepas,2023-06-21,0.3814,4.46
19,Tanjung_Pelepas,2023-06-22,0.5269,3.23
19,Tanjung_Pelepas,2023-06-23,0.5302,6.56
19,Tanjung_Pelepas,2023-06-24,0.5693,0.79
19,Tanjung_Pelepas,2023-06-25,0.5428,6.54
19,Tanjung_Pelepas,2023-06-26,0.5048,8.97
19,Tanjung_Pelepas,2023-06-27,0.5796,8.02
19,Tanjung_Pelepas,2023-06-28,0.5201,3.67
19,Tanjung_Pelepas,2023-06-29,0.5236,1.48
19,Tanjung_Pelepas,2023-06-30,0.5258,3.46
19,Tanjung_Pelepas,2023-07-01,0.5181,2.67
19,Tanjung_Pelepas,2023-07-02,0.4555,0.46
19,Tanjung_Pelepas,2023-07-03,0.4811,0.34
19,Tanjung_Pelepas,2023-07-04,0.3922,1.52
19,Tanjung_Pelepas,2023-07-05,0.477,2.47
19,Tanjung_Pelepas,2023-07-06,0.4647,9.75
19,Tanjung_Pelepas,2023-07-07,0.461,8.87
19,Tanjung_Pelepas,2023-07-08,0.4672,6.15
19,Tanjung_Pelepas,2023-07-09,0.478,0.24
19,Tanjung_Pelepas,2023-07-10,0.448,0.14
19,Tanjung_Pelepas,2023-07-11,0.3478,4.5
19,Tanjung_Pelepas,2023-07-12,0.3027,0.33
19,Tanjung_Pelepas,2023-07-13,0.3433,0.55
19,Tanjung_Pelepas,2023-07-14,0.3416,4.54
19,Tanjung_Pelepas,2023-07-15,0.2565,3.9
19,Tanjung_Pelepas,2023-07-16,0.2605,1.28
19,Tanjung_Pelepas,2023-07-17,0.3952,9.41
19,Tanjung_Pelepas,2023-07-18,0.3688,2.72
19,Tanjung_Pelepas,2023-07-19,0.2497,4.63
19,Tanjung_Pelepas,2023-07-20,0.1928,4.08
19,Tanjung_Pelepas,2023-07-21,0.1923,0.35
19,Tanjung_Pelepas,2023-07-22,0.1942,8.24
19,Tanjung_Pelepas,2023-07-23,0.2271,1.26
19,Tanjung_Pelepas,2023-07-24,0.3113,6.32
19,Tanjung_Pelepas,2023-07-25,0.2915,1.97
19,Tanjung_Pelepas,2023-07-26,0.2258,1.05
19,Tanjung_Pelepas,2023-07-27,0.1222,0.59
19,Tanjung_Pelepas,2023-07-28,0.1754,0.04
19,Tanjung_Pelepas,2023-07-29,0.0763,0.42
19,Tanjung_Pelepas,2023-07-30,0.1946,4.16
19,Tanjung_Pelepas,2023-07-31,0.3025,4.3
19,Tanjung_Pelepas,2023-08-01,0.377,12.75
19,Tanjung_Pelepas,2023-08-02,0.3422,0.9
19,Tanjung_Pelepas,2023-08-03,0.3292,4.85
19,Tanjung_Pelepas,2023-08-04,0.2709,2.28
19,Tanjung_Pelepas,2023-08-05,0.313,0.9
19,Tanjung_Pelepas,2023-08-06,0.2041,1.28
19,Tanjung_Pelepas,2023-08-07,0.2295,0.37
19,Tanjung_Pelepas,2023-08-08,0.1689,2.02
19,Tanjung_Pelepas,2023-08-09,0.2609,0.25
19,Tanjung_Pelepas,2023-08-10,0.2776,3.09
19,Tanjung_Pelepas,2023-08-11,0.3146,3.44
19,Tanjung_Pelepas,2023-08-12,0.2818,5.24
19,Tanjung_Pelepas,2023-08-13,0.3152,0.66
19,Tanjung_Pelepas,2023-08-14,0.433,4.51
19,Tanjung_Pelepas,2023-08-15,0.4989,9.07
19,Tanjung_Pelepas,2023-08-16,0.6187,5.74
19,Tanjung_Pelepas,2023-08-17,0.5078,3.42
19,Tanjung_Pelepas,2023-08-18,0.4651,5.55
19,Tanjung_Pelepas,2023-08-19,0.4801,1.06
19,Tanjung_Pelepas,2023-08-20,0.4482,2.98
19,Tanjung_Pelepas,2023-08-21,0.4779,5.17
19,Tanjung_Pelepas,2023-08-22,0.3553,2.12
19,Tanjung_Pelepas,2023-08-23,0.3863,13.91
19,Tanjung_Pelepas,2023-08-24,0.3356,0.36
19,Tanjung_Pelepas,2023-08-25,0.3754,0.79
19,Tanjung_Pelepas,2023-08-26,0.3439,1.58
19,Tanjung_Pelepas,2023-08-27,0.2618,3.45
19,Tanjung_Pelepas,2023-08-28,0.3972,10.0
19,Tanjung_Pelepas,2023-08-29,0.4109,0.5
19,Tanjung_Pelepas,2023-08-30,0.3857,2.19
19,Tanjung_Pelepas,2023-08-31,0.3045,6.34
19,Tanjung_Pelepas,2023-09-01,0.3677,18.19
19,Tanjung_Pelepas,2023-09-02,0.3768,0.75
19,Tanjung_Pelepas,2023-09-03,0.302,0.91
19,Tanjung_Pelepas,2023-09-04,0.3584,0.56
19,Tanjung_Pelepas,2023-09-05,0.3338,0.25
19,Tanjung_Pelepas,2023-09-06,0.3441,1.26
19,Tanjung_Pelepas,2023-09-07,0.3595,1.27
19,Tanjung_Pelepas,2023-09-08,0.3316,0.1
19,Tanjung_Pelepas,2023-09-09,0.3443,4.89
19,Tanjung_Pelepas,2023-09-10,0.4153,6.01
19,Tanjung_Pelepas,2023-09-11,0.4719,1.22
19,Tanjung_Pelepas,2023-09-12,0.4412,0.74
19,Tanjung_Pelepas,2023-09-13,0.4169,5.29
19,Tanjung_Pelepas,2023-09-14,0.4845,1.45
19,Tanjung_Pelepas,2023-09-15,0.5709,9.43
19,Tanjung_Pelepas,2023-09-16,0.4636,3.73
19,Tanjung_Pelepas,2023-09-17,0.4635,3.17
19,Tanjung_Pelepas,2023-09-18,0.4575,7.77
19,Tanjung_Pelepas,2023-09-19,0.353,2.28
19,Tanjung_Pelepas,2023-09-20,0.3857,1.77
19,Tanjung_Pelepas,2023-09-21,0.398,0.78
19,Tanjung_Pelepas,2023-09-22,0.37,3.65
19,Tanjung_Pelepas,2023-09-23,0.3354,1.37
19,Tanjung_Pelepas,2023-09-24,0.3907,5.2
19,Tanjung_Pelepas,2023-09-25,0.3847,1.65
19,Tanjung_Pelepas,2023-09-26,0.3279,2.22
19,Tanjung_Pelepas,2023-09-27,0.2458,4.29
19,Tanjung_Pelepas,2023-09-28,0.2756,2.77
19,Tanjung_Pelepas,2023-09-29,0.2108,0.66
19,Tanjung_Pelepas,2023-09-30,0.1236,1.29
19,Tanjung_Pelepas,2023-10-01,0.1198,1.95
19,Tanjung_Pelepas,2023-10-02,0.133,0.4
19,Tanjung_Pelepas,2023-10-03,0.0605,0.07
19,Tanjung_Pelepas,2023-10-04,0.0122,0.77
19,Tanjung_Pelepas,2023-10-05,0.0,1.14
19,Tanjung_Pelepas,2023-10-06,0.0644,1.66
19,Tanjung_Pelepas,2023-10-07,0.0031,0.14
19,Tanjung_Pelepas,2023-10-08,0.0,0.14
19,Tanjung_Pelepas,2023-10-09,0.0558,0.54
19,Tanjung_Pelepas,2023-10-10,0.0603,0.08
19,Tanjung_Pelepas,2023-10-11,0.0841,2.03
19,Tanjung_Pelepas,2023-10-12,0.2152,2.84
19,Tanjung_Pelepas,2023-10-13,0.2055,1.41
19,Tanjung_Pelepas,2023-10-14,0.0272,0.29
19,Tanjung_Pelepas,2023-10-15,0.101,1.43
19,Tanjung_Pelepas,2023-10-16,0.0764,3.0
19,Tanjung_Pelepas,2023-10-17,0.1349,0.08
19,Tanjung_Pelepas,2023-10-18,0.0877,0.89
19,Tanjung_Pelepas,2023-10-19,0.1037,0.73
19,Tanjung_Pelepas,2023-10-20,0.124,0.96
19,Tanjung_Pelepas,2023-10-21,0.1049,2.08
19,Tanjung_Pelepas,2023-10-22,0.0095,0.26
19,Tanjung_Pelepas,2023-10-23,0.0387,1.53
19,Tanjung_Pelepas,2023-10-24,0.0,0.41
19,Tanjung_Pelepas,2023-10-25,0.0442,0.36
19,Tanjung_Pelepas,2023-10-26,0.186,0.48
19,Tanjung_Pelepas,2023-10-27,0.2135,1.02
19,Tanjung_Pelepas,2023-10-28,0.3144,6.57
19,Tanjung_Pelepas,2023-10-29,0.1934,0.0
19,Tanjung_Pelepas,2023-10-30,0.2458,0.01
19,Tanjung_Pelepas,2023-10-31,0.2166,2.98
19,Tanjung_Pelepas,2023-11-01,0.1709,0.45
19,Tanjung_Pelepas,2023-11-02,0.0517,3.29
19,Tanjung_Pelepas,2023-11-03,0.1262,2.44
19,Tanjung_Pelepas,2023-11-04,0.1858,0.25
19,Tanjung_Pelepas,2023-11-05,0.193,0.2
19,Tanjung_Pelepas,2023-11-06,0.1392,2.28
19,Tanjung_Pelepas,2023-11-07,0.0891,2.71
19,Tanjung_Pelepas,2023-11-08,0.0745,1.13
19,Tanjung_Pelepas,2023-11-09,0.1582,1.45
19,Tanjung_Pelepas,2023-11-10,0.1169,1.57
19,Tanjung_Pelepas,2023-11-11,0.1669,5.94
19,Tanjung_Pelepas,2023-11-12,0.2475,8.32
19,Tanjung_Pelepas,2023-11-13,0.2764,2.67
19,Tanjung_Pelepas,2023-11-14,0.2824,3.73
19,Tanjung_Pelepas,2023-11-15,0.2599,4.36
19,Tanjung_Pelepas,2023-11-16,0.1729,0.03
19,Tanjung_Pelepas,2023-11-17,0.2096,1.99
19,Tanjung_Pelepas,2023-11-18,0.1545,1.11
19,Tanjung_Pelepas,2023-11-19,0.2158,2.86
19,Tanjung_Pelepas,2023-11-20,0.3088,0.19
19,Tanjung_Pelepas,2023-11-21,0.298,0.1
19,Tanjung_Pelepas,2023-11-22,0.2585,6.14
19,Tanjung_Pelepas,2023-11-23,0.2857,3.27
19,Tanjung_Pelepas,2023-11-24,0.2629,2.65
19,Tanjung_Pelepas,2023-11-25,0.0976,2.45
19,Tanjung_Pelepas,2023-11-26,0.0503,0.28
19,Tanjung_Pelepas,2023-11-27,0.0815,2.8
19,Tanjung_Pelepas,2023-11-28,0.0265,0.11
19,Tanjung_Pelepas,2023-11-29,0.1243,0.4
19,Tanjung_Pelepas,2023-11-30,0.0411,0.03
19,Tanjung_Pelepas,2023-12-01,0.1109,0.22
19,Tanjung_Pelepas,2023-12-02,0.1229,1.87
19,Tanjung_Pelepas,2023-12-03,0.0633,2.02
19,Tanjung_Pelepas,2023-12-04,0.1184,0.63
19,Tanjung_Pelepas,2023-12-05,0.0609,1.7
19,Tanjung_Pelepas,2023-12-06,0.0811,1.75
19,Tanjung_Pelepas,2023-12-07,0.0969,0.35
19,Tanjung_Pelepas,2023-12-08,0.028,1.34
19,Tanjung_Pelepas,2023-12-09,0.0,0.32
19,Tanjung_Pelepas,2023-12-10,0.1112,0.2
19,Tanjung_Pelepas,2023-12-11,0.1843,1.16
19,Tanjung_Pelepas,2023-12-12,0.1481,0.01
19,Tanjung_Pelepas,2023-12-13,0.1329,0.34
19,Tanjung_Pelepas,2023-12-14,0.1123,1.43
19,Tanjung_Pelepas,2023-12-15,0.209,1.87
19,Tanjung_Pelepas,2023-12-16,0.1808,0.43
19,Tanjung_Pelepas,2023-12-17,0.0946,0.62
19,Tanjung_Pelepas,2023-12-18,0.1168,1.29
19,Tanjung_Pelepas,2023-12-19,0.0767,0.57
19,Tanjung_Pelepas,2023-12-20,0.0785,1.84
19,Tanjung_Pelepas,2023-12-21,0.174,1.21
19,Tanjung_Pelepas,2023-12-22,0.1212,1.32
19,Tanjung_Pelepas,2023-12-23,0.0622,0.39
19,Tanjung_Pelepas,2023-12-24,0.1156,3.21
19,Tanjung_Pelepas,2023-12-25,0.111,0.89
19,Tanjung_Pelepas,2023-12-26,0.1856,1.5
19,Tanjung_Pelepas,2023-12-27,0.245,0.98
19,Tanjung_Pelepas,2023-12-28,0.2802,7.14
19,Tanjung_Pelepas,2023-12-29,0.3719,0.89
19,Tanjung_Pelepas,2023-12-30,0.4049,3.91
19,Tanjung_Pelepas,2023-12-31,0.3417,0.49
19,Tanjung_Pelepas,2024-01-01,0.5078,0.46
19,Tanjung_Pelepas,2024-01-02,0.3901,8.71
19,Tanjung_Pelepas,2024-01-03,0.366,1.45
19,Tanjung_Pelepas,2024-01-04,0.3286,3.44
19,Tanjung_Pelepas,2024-01-05,0.4381,4.33
19,Tanjung_Pelepas,2024-01-06,0.4474,6.03
19,Tanjung_Pelepas,2024-01-07,0.4609,2.48
19,Tanjung_Pelepas,2024-01-08,0.5072,27.14
19,Tanjung_Pelepas,2024-01-09,0.4249,3.55
19,Tanjung_Pelepas,2024-01-10,0.3521,0.18
19,Tanjung_Pelepas,2024-01-11,0.4487,1.14
19,Tanjung_Pelepas,2024-01-12,0.5386,6.18
19,Tanjung_Pelepas,2024-01-13,0.4905,5.05
19,Tanjung_Pelepas,2024-01-14,0.412,0.66
19,Tanjung_Pelepas,2024-01-15,0.4428,4.18
19,Tanjung_Pelepas,2024-01-16,0.4935,6.92
19,Tanjung_Pelepas,2024-01-17,0.4851,0.77
19,Tanjung_Pelepas,2024-01-18,0.4225,2.42
19,Tanjung_Pelepas,2024-01-19,0.4275,3.26
19,Tanjung_Pelepas,2024-01-20,0.4065,9.55
19,Tanjung_Pelepas,2024-01-21,0.4799,0.97
19,Tanjung_Pelepas,2024-01-22,0.4296,12.24
19,Tanjung_Pelepas,2024-01-23,0.4113,0.06
19,Tanjung_Pelepas,2024-01-24,0.4339,1.24
19,Tanjung_Pelepas,2024-01-25,0.3451,1.45
19,Tanjung_Pelepas,2024-01-26,0.327,0.95
19,Tanjung_Pelepas,2024-01-27,0.365,2.63
19,Tanjung_Pelepas,2024-01-28,0.3667,2.42
19,Tanjung_Pelepas,2024-01-29,0.4275,1.31
19,Tanjung_Pelepas,2024-01-30,0.4775,2.3
19,Tanjung_Pelepas,2024-01-31,0.4392,1.9
19,Tanjung_Pelepas,2024-02-01,0.5213,8.03
19,Tanjung_Pelepas,2024-02-02,0.6079,12.07
19,Tanjung_Pelepas,2024-02-03,0.5543,1.44
19,Tanjung_Pelepas,2024-02-04,0.5525,8.63
19,Tanjung_Pelepas,2024-02-05,0.5686,3.19
19,Tanjung_Pelepas,2024-02-06,0.4319,0.03
19,Tanjung_Pelepas,2024-02-07,0.5,2.93
19,Tanjung_Pelepas,2024-02-08,0.4073,8.74
19,Tanjung_Pelepas,2024-02-09,0.4664,0.81
19,Tanjung_Pelepas,2024-02-10,0.4324,0.02
19,Tanjung_Pelepas,2024-02-11,0.3343,2.23
19,Tanjung_Pelepas,2024-02-12,0.4243,1.29
19,Tanjung_Pelepas,2024-02-13,0.4384,8.55
19,Tanjung_Pelepas,2024-02-14,0.3682,3.7
19,Tanjung_Pelepas,2024-02-15,0.2752,1.05
19,Tanjung_Pelepas,2024-02-16,0.3043,1.16
19,Tanjung_Pelepas,2024-02-17,0.3075,1.83
19,Tanjung_Pelepas,2024-02-18,0.3386,6.94
19,Tanjung_Pelepas,2024-02-19,0.2293,2.97
19,Tanjung_Pelepas,2024-02-20,0.3073,1.35
19,Tanjung_Pelepas,2024-02-21,0.2832,2.79
19,Tanjung_Pelepas,2024-02-22,0.3101,0.13
19,Tanjung_Pelepas,2024-02-23,0.3207,1.94
19,Tanjung_Pelepas,2024-02-24,0.3558,1.43
19,Tanjung_Pelepas,2024-02-25,0.2589,0.93
19,Tanjung_Pelepas,2024-02-26,0.2148,0.21
19,Tanjung_Pelepas,2024-02-27,0.248,3.11
19,Tanjung_Pelepas,2024-02-28,0.3211,0.59
19,Tanjung_Pelepas,2024-02-29,0.3329,8.19
19,Tanjung_Pelepas,2024-03-01,0.2897,0.39
19,Tanjung_Pelepas,2024-03-02,0.3558,2.06
19,Tanjung_Pelepas,2024-03-03,0.3428,0.76
19,Tanjung_Pelepas,2024-03-04,0.3469,0.99
19,Tanjung_Pelepas,2024-03-05,0.3577,0.46
19,Tanjung_Pelepas,2024-03-06,0.3391,7.76
19,Tanjung_Pelepas,2024-03-07,0.2663,0.96
19,Tanjung_Pelepas,2024-03-08,0.3131,16.42
19,Tanjung_Pelepas,2024-03-09,0.2459,18.63
19,Tanjung_Pelepas,2024-03-10,0.2887,5.6
19,Tanjung_Pelepas,2024-03-11,0.3164,0.74
19,Tanjung_Pelepas,2024-03-12,0.3022,1.93
19,Tanjung_Pelepas,2024-03-13,0.3419,0.63
19,Tanjung_Pelepas,2024-03-14,0.2605,4.37
19,Tanjung_Pelepas,2024-03-15,0.2715,0.66
19,Tanjung_Pelepas,2024-03-16,0.3164,1.15
19,Tanjung_Pelepas,2024-03-17,0.286,6.64
19,Tanjung_Pelepas,2024-03-18,0.0924,2.83
19,Tanjung_Pelepas,2024-03-19,0.1166,0.66
19,Tanjung_Pelepas,2024-03-20,0.1699,0.78
19,Tanjung_Pelepas,2024-03-21,0.2049,1.47
19,Tanjung_Pelepas,2024-03-22,0.2654,8.64
19,Tanjung_Pelepas,2024-03-23,0.2342,0.02
19,Tanjung_Pelepas,2024-03-24,0.1836,1.52
19,Tanjung_Pelepas,2024-03-25,0.2598,11.84
19,Tanjung_Pelepas,2024-03-26,0.2552,5.45
19,Tanjung_Pelepas,2024-03-27,0.2294,0.94
19,Tanjung_Pelepas,2024-03-28,0.201,2.98
19,Tanjung_Pelepas,2024-03-29,0.2391,2.28
19,Tanjung_Pelepas,2024-03-30,0.251,1.54
19,Tanjung_Pelepas,2024-03-31,0.2095,0.82
19,Tanjung_Pelepas,2024-04-01,0.2503,1.44
19,Tanjung_Pelepas,2024-04-02,0.1548,0.1
19,Tanjung_Pelepas,2024-04-03,0.1968,3.61
19,Tanjung_Pelepas,2024-04-04,0.2151,6.11
19,Tanjung_Pelepas,2024-04-05,0.2552,5.52
19,Tanjung_Pelepas,2024-04-06,0.2317,0.96
19,Tanjung_Pelepas,2024-04-07,0.3192,8.4
19,Tanjung_Pelepas,2024-04-08,0.3156,1.0
19,Tanjung_Pelepas,2024-04-09,0.2129,1.72
19,Tanjung_Pelepas,2024-04-10,0.1859,1.42
19,Tanjung_Pelepas,2024-04-11,0.1148,1.69
19,Tanjung_Pelepas,2024-04-12,0.0,1.46
19,Tanjung_Pelepas,2024-04-13,0.1345,3.26
19,Tanjung_Pelepas,2024-04-14,0.1062,0.75
19,Tanjung_Pelepas,2024-04-15,0.2252,0.72
19,Tanjung_Pelepas,2024-04-16,0.2448,0.45
19,Tanjung_Pelepas,2024-04-17,0.3107,9.74
19,Tanjung_Pelepas,2024-04-18,0.2449,1.08
19,Tanjung_Pelepas,2024-04-19,0.3962,6.56
19,Tanjung_Pelepas,2024-04-20,0.3106,1.04
19,Tanjung_Pelepas,2024-04-21,0.3092,2.97
19,Tanjung_Pelepas,2024-04-22,0.311,0.12
19,Tanjung_Pelepas,2024-04-23,0.3674,1.47
19,Tanjung_Pelepas,2024-04-24,0.3801,4.15
19,Tanjung_Pelepas,2024-04-25,0.2415,0.6
19,Tanjung_Pelepas,2024-04-26,0.252,3.14
19,Tanjung_Pelepas,2024-04-27,0.3275,6.32
19,Tanjung_Pelepas,2024-04-28,0.2677,0.86
19,Tanjung_Pelepas,2024-04-29,0.2801,5.82
19,Tanjung_Pelepas,2024-04-30,0.2696,0.24
19,Tanjung_Pelepas,2024-05-01,0.2367,2.93
19,Tanjung_Pelepas,2024-05-02,0.3074,7.22
19,Tanjung_Pelepas,2024-05-03,0.2868,2.52
19,Tanjung_Pelepas,2024-05-04,0.2809,2.42
19,Tanjung_Pelepas,2024-05-05,0.32,3.79
19,Tanjung_Pelepas,2024-05-06,0.3647,4.65
19,Tanjung_Pelepas,2024-05-07,0.3974,5.6
19,Tanjung_Pelepas,2024-05-08,0.3522,10.96
19,Tanjung_Pelepas,2024-05-09,0.3065,1.81
19,Tanjung_Pelepas,2024-05-10,0.3343,6.68
19,Tanjung_Pelepas,2024-05-11,0.3127,5.56
19,Tanjung_Pelepas,2024-05-12,0.3048,5.27
19,Tanjung_Pelepas,2024-05-13,0.3363,1.59
19,Tanjung_Pelepas,2024-05-14,0.3411,0.8
19,Tanjung_Pelepas,2024-05-15,0.3358,3.64
19,Tanjung_Pelepas,2024-05-16,0.3551,6.13
19,Tanjung_Pelepas,2024-05-17,0.3472,1.79
19,Tanjung_Pelepas,2024-05-18,0.3735,0.49
19,Tanjung_Pelepas,2024-05-19,0.3328,4.03
19,Tanjung_Pelepas,2024-05-20,0.4931,10.21
19,Tanjung_Pelepas,2024-05-21,0.5321,4.68
19,Tanjung_Pelepas,2024-05-22,0.6013,19.71
19,Tanjung_Pelepas,2024-05-23,0.5531,2.62
19,Tanjung_Pelepas,2024-05-24,0.4891,4.08
19,Tanjung_Pelepas,2024-05-25,0.295,3.52
19,Tanjung_Pelepas,2024-05-26,0.2226,0.14
19,Tanjung_Pelepas,2024-05-27,0.267,1.05
19,Tanjung_Pelepas,2024-05-28,0.3465,3.35
19,Tanjung_Pelepas,2024-05-29,0.2954,1.42
19,Tanjung_Pelepas,2024-05-30,0.2597,4.63
19,Tanjung_Pelepas,2024-05-31,0.3253,0.54
19,Tanjung_Pelepas,2024-06-01,0.19,4.49
19,Tanjung_Pelepas,2024-06-02,0.2388,2.53
19,Tanjung_Pelepas,2024-06-03,0.3457,2.31
19,Tanjung_Pelepas,2024-06-04,0.4305,5.06
19,Tanjung_Pelepas,2024-06-05,0.4167,0.94
19,Tanjung_Pelepas,2024-06-06,0.3939,5.12
19,Tanjung_Pelepas,2024-06-07,0.4299,0.84
19,Tanjung_Pelepas,2024-06-08,0.4575,12.34
19,Tanjung_Pelepas,2024-06-09,0.4898,6.56
19,Tanjung_Pelepas,2024-06-10,0.5011,6.69
19,Tanjung_Pelepas,2024-06-11,0.4358,0.73
19,Tanjung_Pelepas,2024-06-12,0.3586,0.12
19,Tanjung_Pelepas,2024-06-13,0.3654,2.04
19,Tanjung_Pelepas,2024-06-14,0.402,13.04
19,Tanjung_Pelepas,2024-06-15,0.339,19.64
19,Tanjung_Pelepas,2024-06-16,0.3194,1.01
19,Tanjung_Pelepas,2024-06-17,0.4891,1.52
19,Tanjung_Pelepas,2024-06-18,0.5409,2.04
19,Tanjung_Pelepas,2024-06-19,0.6231,5.72
19,Tanjung_Pelepas,2024-06-20,0.6225,2.64
19,Tanjung_Pelepas,2024-06-21,0.6962,1.47
19,Tanjung_Pelepas,2024-06-22,0.5983,19.58
19,Tanjung_Pelepas,2024-06-23,0.6207,24.07
19,Tanjung_Pelepas,2024-06-24,0.6397,2.74
19,Tanjung_Pelepas,2024-06-25,0.654,6.84
19,Tanjung_Pelepas,2024-06-26,0.6073,2.82
19,Tanjung_Pelepas,2024-06-27,0.4938,0.6
19,Tanjung_Pelepas,2024-06-28,0.4584,0.33
19,Tanjung_Pelepas,2024-06-29,0.5238,17.31
19,Tanjung_Pelepas,2024-06-30,0.4316,2.57
19,Tanjung_Pelepas,2024-07-01,0.4659,3.29
19,Tanjung_Pelepas,2024-07-02,0.4217,6.24
19,Tanjung_Pelepas,2024-07-03,0.4633,1.59
19,Tanjung_Pelepas,2024-07-04,0.3453,0.38
19,Tanjung_Pelepas,2024-07-05,0.3234,4.38
19,Tanjung_Pelepas,2024-07-06,0.22,1.07
19,Tanjung_Pelepas,2024-07-07,0.1843,0.59
19,Tanjung_Pelepas,2024-07-08,0.2762,1.32
19,Tanjung_Pelepas,2024-07-09,0.1641,0.06
19,Tanjung_Pelepas,2024-07-10,0.1126,1.09
19,Tanjung_Pelepas,2024-07-11,0.0763,3.64
19,Tanjung_Pelepas,2024-07-12,0.1039,1.88
19,Tanjung_Pelepas,2024-07-13,0.0872,1.4
19,Tanjung_Pelepas,2024-07-14,0.1096,0.85
19,Tanjung_Pelepas,2024-07-15,0.2069,1.73
19,Tanjung_Pelepas,2024-07-16,0.0983,0.3
19,Tanjung_Pelepas,2024-07-17,0.1359,0.08
19,Tanjung_Pelepas,2024-07-18,0.1305,0.31
19,Tanjung_Pelepas,2024-07-19,0.1873,0.14
19,Tanjung_Pelepas,2024-07-20,0.1673,0.75
19,Tanjung_Pelepas,2024-07-21,0.2395,2.47
19,Tanjung_Pelepas,2024-07-22,0.2598,1.65
19,Tanjung_Pelepas,2024-07-23,0.3388,0.61
19,Tanjung_Pelepas,2024-07-24,0.4156,3.47
19,Tanjung_Pelepas,2024-07-25,0.3765,15.91
19,Tanjung_Pelepas,2024-07-26,0.4139,3.16
19,Tanjung_Pelepas,2024-07-27,0.4029,7.32
19,Tanjung_Pelepas,2024-07-28,0.3948,12.27
19,Tanjung_Pelepas,2024-07-29,0.2892,9.46
19,Tanjung_Pelepas,2024-07-30,0.103,3.57
19,Tanjung_Pelepas,2024-07-31,0.124,5.82
19,Tanjung_Pelepas,2024-08-01,0.1962,0.33
19,Tanjung_Pelepas,2024-08-02,0.2527,4.08
19,Tanjung_Pelepas,2024-08-03,0.2825,1.29
19,Tanjung_Pelepas,2024-08-04,0.2914,5.54
19,Tanjung_Pelepas,2024-08-05,0.326,6.29
19,Tanjung_Pelepas,2024-08-06,0.3728,1.59
19,Tanjung_Pelepas,2024-08-07,0.3271,0.04
19,Tanjung_Pelepas,2024-08-08,0.3664,3.82
19,Tanjung_Pelepas,2024-08-09,0.3637,10.12
19,Tanjung_Pelepas,2024-08-10,0.3432,1.63
19,Tanjung_Pelepas,2024-08-11,0.4078,0.57
19,Tanjung_Pelepas,2024-08-12,0.4345,9.43
19,Tanjung_Pelepas,2024-08-13,0.4364,0.49
19,Tanjung_Pelepas,2024-08-14,0.4657,0.98
19,Tanjung_Pelepas,2024-08-15,0.2878,0.05
19,Tanjung_Pelepas,2024-08-16,0.3326,0.05
19,Tanjung_Pelepas,2024-08-17,0.3251,11.57
19,Tanjung_Pelepas,2024-08-18,0.2237,3.34
19,Tanjung_Pelepas,2024-08-19,0.2388,1.46
19,Tanjung_Pelepas,2024-08-20,0.2554,3.8
19,Tanjung_Pelepas,2024-08-21,0.1911,0.61
19,Tanjung_Pelepas,2024-08-22,0.2087,5.97
19,Tanjung_Pelepas,2024-08-23,0.1918,6.01
19,Tanjung_Pelepas,2024-08-24,0.1494,2.92
19,Tanjung_Pelepas,2024-08-25,0.1212,2.95
19,Tanjung_Pelepas,2024-08-26,0.2187,0.88
19,Tanjung_Pelepas,2024-08-27,0.3008,8.46
19,Tanjung_Pelepas,2024-08-28,0.325,2.51
19,Tanjung_Pelepas,2024-08-29,0.2796,1.23
19,Tanjung_Pelepas,2024-08-30,0.3318,0.67
19,Tanjung_Pelepas,2024-08-31,0.3634,1.23
19,Tanjung_Pelepas,2024-09-01,0.339,6.51
19,Tanjung_Pelepas,2024-09-02,0.3071,0.27
19,Tanjung_Pelepas,2024-09-03,0.4013,7.85
19,Tanjung_Pelepas,2024-09-04,0.3604,1.2
19,Tanjung_Pelepas,2024-09-05,0.3387,7.22
19,Tanjung_Pelepas,2024-09-06,0.3178,5.64
19,Tanjung_Pelepas,2024-09-07,0.4079,6.47
19,Tanjung_Pelepas,2024-09-08,0.463,3.76
19,Tanjung_Pelepas,2024-09-09,0.4948,9.65
19,Tanjung_Pelepas,2024-09-10,0.5218,13.85
19,Tanjung_Pelepas,2024-09-11,0.4763,4.89
19,Tanjung_Pelepas,2024-09-12,0.5065,8.53
19,Tanjung_Pelepas,2024-09-13,0.5009,0.35
19,Tanjung_Pelepas,2024-09-14,0.481,21.96
19,Tanjung_Pelepas,2024-09-15,0.4105,5.63
19,Tanjung_Pelepas,2024-09-16,0.3103,5.42
19,Tanjung_Pelepas,2024-09-17,0.2562,3.58
19,Tanjung_Pelepas,2024-09-18,0.2519,0.7
19,Tanjung_Pelepas,2024-09-19,0.2043,2.02
19,Tanjung_Pelepas,2024-09-20,0.384,6.15
19,Tanjung_Pelepas,2024-09-21,0.4175,6.99
19,Tanjung_Pelepas,2024-09-22,0.4139,1.51
19,Tanjung_Pelepas,2024-09-23,0.4356,3.98
19,Tanjung_Pelepas,2024-09-24,0.426,6.44
19,Tanjung_Pelepas,2024-09-25,0.4687,6.97
19,Tanjung_Pelepas,2024-09-26,0.439,6.67
19,Tanjung_Pelepas,2024-09-27,0.4066,3.55
19,Tanjung_Pelepas,2024-09-28,0.3562,3.19
19,Tanjung_Pelepas,2024-09-29,0.2686,3.75
19,Tanjung_Pelepas,2024-09-30,0.2495,0.85
19,Tanjung_Pelepas,2024-10-01,0.2944,5.53
19,Tanjung_Pelepas,2024-10-02,0.3299,1.56
19,Tanjung_Pelepas,2024-10-03,0.3654,11.22
19,Tanjung_Pelepas,2024-10-04,0.3088,0.33
19,Tanjung_Pelepas,2024-10-05,0.3591,0.14
19,Tanjung_Pelepas,2024-10-06,0.3178,1.31
19,Tanjung_Pelepas,2024-10-07,0.3224,7.42
19,Tanjung_Pelepas,2024-10-08,0.2525,4.53
19,Tanjung_Pelepas,2024-10-09,0.1647,0.72
19,Tanjung_Pelepas,2024-10-10,0.1106,0.99
19,Tanjung_Pelepas,2024-10-11,0.0993,0.13
19,Tanjung_Pelepas,2024-10-12,0.0843,1.21
19,Tanjung_Pelepas,2024-10-13,0.1533,0.22
19,Tanjung_Pelepas,2024-10-14,0.2513,0.18
19,Tanjung_Pelepas,2024-10-15,0.2964,15.37
19,Tanjung_Pelepas,2024-10-16,0.2565,7.04
19,Tanjung_Pelepas,2024-10-17,0.2195,2.49
19,Tanjung_Pelepas,2024-10-18,0.3102,0.69
19,Tanjung_Pelepas,2024-10-19,0.2074,2.27
19,Tanjung_Pelepas,2024-10-20,0.0837,0.55
19,Tanjung_Pelepas,2024-10-21,0.063,0.26
19,Tanjung_Pelepas,2024-10-22,0.0978,3.98
19,Tanjung_Pelepas,2024-10-23,0.108,0.18
19,Tanjung_Pelepas,2024-10-24,0.0442,2.12
19,Tanjung_Pelepas,2024-10-25,0.1032,2.42
19,Tanjung_Pelepas,2024-10-26,0.1539,3.82
19,Tanjung_Pelepas,2024-10-27,0.3146,0.68
19,Tanjung_Pelepas,2024-10-28,0.4219,2.16
19,Tanjung_Pelepas,2024-10-29,0.4133,1.01
19,Tanjung_Pelepas,2024-10-30,0.4437,7.21
19,Tanjung_Pelepas,2024-10-31,0.5689,1.3
19,Tanjung_Pelepas,2024-11-01,0.5042,3.91
19,Tanjung_Pelepas,2024-11-02,0.3852,6.29
19,Tanjung_Pelepas,2024-11-03,0.4336,13.45
19,Tanjung_Pelepas,2024-11-04,0.436,8.01
19,Tanjung_Pelepas,2024-11-05,0.3458,4.86
19,Tanjung_Pelepas,2024-11-06,0.3234,0.91
19,Tanjung_Pelepas,2024-11-07,0.2585,0.92
19,Tanjung_Pelepas,2024-11-08,0.2171,2.27
19,Tanjung_Pelepas,2024-11-09,0.2566,1.16
19,Tanjung_Pelepas,2024-11-10,0.2159,0.56
19,Tanjung_Pelepas,2024-11-11,0.1655,0.43
19,Tanjung_Pelepas,2024-11-12,0.1735,3.09
19,Tanjung_Pelepas,2024-11-13,0.1548,0.26
19,Tanjung_Pelepas,2024-11-14,0.1863,0.76
19,Tanjung_Pelepas,2024-11-15,0.2057,1.32
19,Tanjung_Pelepas,2024-11-16,0.1725,0.07
19,Tanjung_Pelepas,2024-11-17,0.2527,3.27
19,Tanjung_Pelepas,2024-11-18,0.22,0.32
19,Tanjung_Pelepas,2024-11-19,0.2856,1.56
19,Tanjung_Pelepas,2024-11-20,0.2795,2.02
19,Tanjung_Pelepas,2024-11-21,0.3311,2.2
19,Tanjung_Pelepas,2024-11-22,0.3483,3.1
19,Tanjung_Pelepas,2024-11-23,0.3514,0.37
19,Tanjung_Pelepas,2024-11-24,0.3568,6.8
19,Tanjung_Pelepas,2024-11-25,0.4649,6.59
19,Tanjung_Pelepas,2024-11-26,0.4556,3.47
19,Tanjung_Pelepas,2024-11-27,0.351,2.73
19,Tanjung_Pelepas,2024-11-28,0.3481,3.19
19,Tanjung_Pelepas,2024-11-29,0.4273,0.05
19,Tanjung_Pelepas,2024-11-30,0.472,9.2
19,Tanjung_Pelepas,2024-12-01,0.4185,10.18
19,Tanjung_Pelepas,2024-12-02,0.3988,5.71
19,Tanjung_Pelepas,2024-12-03,0.3077,1.99
19,Tanjung_Pelepas,2024-12-04,0.3485,5.55
19,Tanjung_Pelepas,2024-12-05,0.3791,0.28
19,Tanjung_Pelepas,2024-12-06,0.479,3.86
19,Tanjung_Pelepas,2024-12-07,0.4101,1.76
19,Tanjung_Pelepas,2024-12-08,0.3992,5.59
19,Tanjung_Pelepas,2024-12-09,0.4074,4.22
19,Tanjung_Pelepas,2024-12-10,0.3523,2.01
19,Tanjung_Pelepas,2024-12-11,0.3328,2.03
19,Tanjung_Pelepas,2024-12-12,0.2497,0.25
19,Tanjung_Pelepas,2024-12-13,0.3196,2.04
19,Tanjung_Pelepas,2024-12-14,0.3657,1.73
19,Tanjung_Pelepas,2024-12-15,0.3887,0.3
19,Tanjung_Pelepas,2024-12-16,0.4078,0.54
19,Tanjung_Pelepas,2024-12-17,0.437,1.36
19,Tanjung_Pelepas,2024-12-18,0.3872,1.77
19,Tanjung_Pelepas,2024-12-19,0.2833,0.43
19,Tanjung_Pelepas,2024-12-20,0.2869,13.87
19,Tanjung_Pelepas,2024-12-21,0.2428,3.18
19,Tanjung_Pelepas,2024-12-22,0.3834,3.45
19,Tanjung_Pelepas,2024-12-23,0.4505,12.13
19,Tanjung_Pelepas,2024-12-24,0.4236,1.32
19,Tanjung_Pelepas,2024-12-25,0.4684,5.7
19,Tanjung_Pelepas,2024-12-26,0.4782,1.36
19,Tanjung_Pelepas,2024-12-27,0.4827,1.7
19,Tanjung_Pelepas,2024-12-28,0.4425,0.24
19,Tanjung_Pelepas,2024-12-29,0.3662,6.49
19,Tanjung_Pelepas,2024-12-30,0.4111,4.16
19,Tanjung_Pelepas,2024-12-31,0.4435,4.13
19,Tanjung_Pelepas,2025-01-01,0.3375,4.3
19,Tanjung_Pelepas,2025-01-02,0.3519,3.82
19,Tanjung_Pelepas,2025-01-03,0.3909,5.27
19,Tanjung_Pelepas,2025-01-04,0.3227,13.53
19,Tanjung_Pelepas,2025-01-05,0.3104,2.21
19,Tanjung_Pelepas,2025-01-06,0.2516,3.5
19,Tanjung_Pelepas,2025-01-07,0.2599,3.63
19,Tanjung_Pelepas,2025-01-08,0.283,1.79
19,Tanjung_Pelepas,2025-01-09,0.3173,3.39
19,Tanjung_Pelepas,2025-01-10,0.36,1.93
19,Tanjung_Pelepas,2025-01-11,0.4071,5.62
19,Tanjung_Pelepas,2025-01-12,0.3437,1.01
19,Tanjung_Pelepas,2025-01-13,0.4113,0.65
19,Tanjung_Pelepas,2025-01-14,0.3667,0.11
19,Tanjung_Pelepas,2025-01-15,0.3,0.99
19,Tanjung_Pelepas,2025-01-16,0.2578,7.98
19,Tanjung_Pelepas,2025-01-17,0.2147,2.96
19,Tanjung_Pelepas,2025-01-18,0.2347,2.1
19,Tanjung_Pelepas,2025-01-19,0.1651,4.12
19,Tanjung_Pelepas,2025-01-20,0.263,3.06
19,Tanjung_Pelepas,2025-01-21,0.2802,2.09
19,Tanjung_Pelepas,2025-01-22,0.3005,1.73
19,Tanjung_Pelepas,2025-01-23,0.2763,2.12
19,Tanjung_Pelepas,2025-01-24,0.1736,1.95
19,Tanjung_Pelepas,2025-01-25,0.158,0.39
19,Tanjung_Pelepas,2025-01-26,0.1697,0.2
19,Tanjung_Pelepas,2025-01-27,0.1882,0.37
19,Tanjung_Pelepas,2025-01-28,0.2405,1.11
19,Tanjung_Pelepas,2025-01-29,0.2178,0.49
19,Tanjung_Pelepas,2025-01-30,0.2519,0.65
19,Tanjung_Pelepas,2025-01-31,0.2332,0.44
19,Tanjung_Pelepas,2025-02-01,0.2865,1.33
19,Tanjung_Pelepas,2025-02-02,0.3512,1.85
19,Tanjung_Pelepas,2025-02-03,0.3352,7.26
19,Tanjung_Pelepas,2025-02-04,0.378,2.44
19,Tanjung_Pelepas,2025-02-05,0.3737,0.77
19,Tanjung_Pelepas,2025-02-06,0.2965,0.18
19,Tanjung_Pelepas,2025-02-07,0.3262,1.14
19,Tanjung_Pelepas,2025-02-08,0.3401,7.16
19,Tanjung_Pelepas,2025-02-09,0.222,10.16
19,Tanjung_Pelepas,2025-02-10,0.2191,1.35
19,Tanjung_Pelepas,2025-02-11,0.2343,4.37
19,Tanjung_Pelepas,2025-02-12,0.1556,1.15
19,Tanjung_Pelepas,2025-02-13,0.0666,2.27
19,Tanjung_Pelepas,2025-02-14,0.1762,0.67
19,Tanjung_Pelepas,2025-02-15,0.3008,1.84
19,Tanjung_Pelepas,2025-02-16,0.3298,2.01
19,Tanjung_Pelepas,2025-02-17,0.3469,2.02
19,Tanjung_Pelepas,2025-02-18,0.3001,1.36
19,Tanjung_Pelepas,2025-02-19,0.3441,4.25
19,Tanjung_Pelepas,2025-02-20,0.2995,1.18
19,Tanjung_Pelepas,2025-02-21,0.4033,5.57
19,Tanjung_Pelepas,2025-02-22,0.4043,0.92
19,Tanjung_Pelepas,2025-02-23,0.4263,15.99
19,Tanjung_Pelepas,2025-02-24,0.4783,1.43
19,Tanjung_Pelepas,2025-02-25,0.4063,1.05
19,Tanjung_Pelepas,2025-02-26,0.456,0.57
19,Tanjung_Pelepas,2025-02-27,0.4604,1.23
19,Tanjung_Pelepas,2025-02-28,0.3857,19.29
19,Tanjung_Pelepas,2025-03-01,0.3,1.14
19,Tanjung_Pelepas,2025-03-02,0.1589,3.15
19,Tanjung_Pelepas,2025-03-03,0.2003,2.92
19,Tanjung_Pelepas,2025-03-04,0.192,3.45
19,Tanjung_Pelepas,2025-03-05,0.2519,0.49
19,Tanjung_Pelepas,2025-03-06,0.3511,10.89
19,Tanjung_Pelepas,2025-03-07,0.3987,0.45
19,Tanjung_Pelepas,2025-03-08,0.2692,3.58
19,Tanjung_Pelepas,2025-03-09,0.3002,0.73
19,Tanjung_Pelepas,2025-03-10,0.3004,0.94
19,Tanjung_Pelepas,2025-03-11,0.3012,2.51
19,Tanjung_Pelepas,2025-03-12,0.3761,3.72
19,Tanjung_Pelepas,2025-03-13,0.3107,5.55
19,Tanjung_Pelepas,2025-03-14,0.246,0.34
19,Tanjung_Pelepas,2025-03-15,0.2406,0.69
19,Tanjung_Pelepas,2025-03-16,0.1471,0.68
19,Tanjung_Pelepas,2025-03-17,0.1904,0.99
19,Tanjung_Pelepas,2025-03-18,0.1971,2.48
19,Tanjung_Pelepas,2025-03-19,0.0955,3.52
19,Tanjung_Pelepas,2025-03-20,0.0705,3.31
19,Tanjung_Pelepas,2025-03-21,0.1779,0.27
19,Tanjung_Pelepas,2025-03-22,0.2683,0.22
19,Tanjung_Pelepas,2025-03-23,0.3382,1.85
19,Tanjung_Pelepas,2025-03-24,0.4319,25.86
19,Tanjung_Pelepas,2025-03-25,0.4214,0.24
19,Tanjung_Pelepas,2025-03-26,0.3006,2.16
19,Tanjung_Pelepas,2025-03-27,0.3375,8.37
19,Tanjung_Pelepas,2025-03-28,0.3406,0.65
19,Tanjung_Pelepas,2025-03-29,0.1852,3.36
19,Tanjung_Pelepas,2025-03-30,0.2094,0.79
19,Tanjung_Pelepas,2025-03-31,0.2423,0.54
19,Tanjung_Pelepas,2025-04-01,0.2439,0.66
19,Tanjung_Pelepas,2025-04-02,0.1918,0.47
19,Tanjung_Pelepas,2025-04-03,0.1445,3.35
19,Tanjung_Pelepas,2025-04-04,0.1934,0.64
19,Tanjung_Pelepas,2025-04-05,0.1798,2.91
19,Tanjung_Pelepas,2025-04-06,0.1677,0.1
19,Tanjung_Pelepas,2025-04-07,0.1545,0.4
19,Tanjung_Pelepas,2025-04-08,0.0884,4.06
19,Tanjung_Pelepas,2025-04-09,0.0601,1.42
19,Tanjung_Pelepas,2025-04-10,0.1247,1.85
19,Tanjung_Pelepas,2025-04-11,0.2057,0.41
19,Tanjung_Pelepas,2025-04-12,0.1018,5.29
19,Tanjung_Pelepas,2025-04-13,0.1149,2.28
19,Tanjung_Pelepas,2025-04-14,0.1301,0.76
19,Tanjung_Pelepas,2025-04-15,0.2604,5.17
19,Tanjung_Pelepas,2025-04-16,0.2091,1.41
19,Tanjung_Pelepas,2025-04-17,0.1534,1.41
19,Tanjung_Pelepas,2025-04-18,0.1393,1.14
19,Tanjung_Pelepas,2025-04-19,0.2249,0.51
19,Tanjung_Pelepas,2025-04-20,0.1164,2.8
19,Tanjung_Pelepas,2025-04-21,0.1019,1.17
19,Tanjung_Pelepas,2025-04-22,0.1191,3.63
19,Tanjung_Pelepas,2025-04-23,0.1587,0.25
19,Tanjung_Pelepas,2025-04-24,0.198,3.44
19,Tanjung_Pelepas,2025-04-25,0.0896,1.39
19,Tanjung_Pelepas,2025-04-26,0.0588,0.25
19,Tanjung_Pelepas,2025-04-27,0.1055,1.4
19,Tanjung_Pelepas,2025-04-28,0.1081,1.42
19,Tanjung_Pelepas,2025-04-29,0.048,0.35
19,Tanjung_Pelepas,2025-04-30,0.1092,1.24
19,Tanjung_Pelepas,2025-05-01,0.1915,2.68
19,Tanjung_Pelepas,2025-05-02,0.1911,6.69
19,Tanjung_Pelepas,2025-05-03,0.1751,1.23
19,Tanjung_Pelepas,2025-05-04,0.1234,0.49
19,Tanjung_Pelepas,2025-05-05,0.219,1.75
19,Tanjung_Pelepas,2025-05-06,0.327,7.1
19,Tanjung_Pelepas,2025-05-07,0.3183,1.52
19,Tanjung_Pelepas,2025-05-08,0.297,3.21
19,Tanjung_Pelepas,2025-05-09,0.3105,1.71
19,Tanjung_Pelepas,2025-05-10,0.3056,0.67
19,Tanjung_Pelepas,2025-05-11,0.1434,4.3
19,Tanjung_Pelepas,2025-05-12,0.0904,0.6
19,Tanjung_Pelepas,2025-05-13,0.1872,1.57
19,Tanjung_Pelepas,2025-05-14,0.2987,0.78
19,Tanjung_Pelepas,2025-05-15,0.2636,5.36
19,Tanjung_Pelepas,2025-05-16,0.2389,1.69
19,Tanjung_Pelepas,2025-05-17,0.3049,1.32
19,Tanjung_Pelepas,2025-05-18,0.3494,0.14
19,Tanjung_Pelepas,2025-05-19,0.428,23.14
19,Tanjung_Pelepas,2025-05-20,0.3275,0.33
19,Tanjung_Pelepas,2025-05-21,0.2184,1.42
19,Tanjung_Pelepas,2025-05-22,0.1284,0.47
19,Tanjung_Pelepas,2025-05-23,0.1379,0.72
19,Tanjung_Pelepas,2025-05-24,0.1145,0.66
19,Tanjung_Pelepas,2025-05-25,0.1477,0.84
19,Tanjung_Pelepas,2025-05-26,0.2634,7.05
19,Tanjung_Pelepas,2025-05-27,0.1836,4.22
19,Tanjung_Pelepas,2025-05-28,0.2362,4.41
19,Tanjung_Pelepas,2025-05-29,0.3003,1.58
19,Tanjung_Pelepas,2025-05-30,0.4801,2.76
19,Tanjung_Pelepas,2025-05-31,0.458,5.13
19,Tanjung_Pelepas,2025-06-01,0.4279,2.64
19,Tanjung_Pelepas,2025-06-02,0.4276,0.72
19,Tanjung_Pelepas,2025-06-03,0.4108,5.23
19,Tanjung_Pelepas,2025-06-04,0.5188,4.41
19,Tanjung_Pelepas,2025-06-05,0.5304,10.12
19,Tanjung_Pelepas,2025-06-06,0.5338,1.69
19,Tanjung_Pelepas,2025-06-07,0.3942,3.05
19,Tanjung_Pelepas,2025-06-08,0.3958,2.37
19,Tanjung_Pelepas,2025-06-09,0.3505,0.62
19,Tanjung_Pelepas,2025-06-10,0.4148,3.77
19,Tanjung_Pelepas,2025-06-11,0.3734,7.98
19,Tanjung_Pelepas,2025-06-12,0.2435,0.59
19,Tanjung_Pelepas,2025-06-13,0.1873,1.1
19,Tanjung_Pelepas,2025-06-14,0.1485,0.27
19,Tanjung_Pelepas,2025-06-15,0.1509,0.77
19,Tanjung_Pelepas,2025-06-16,0.1803,0.03
19,Tanjung_Pelepas,2025-06-17,0.1574,5.8
19,Tanjung_Pelepas,2025-06-18,0.266,0.45
19,Tanjung_Pelepas,2025-06-19,0.2269,2.14
19,Tanjung_Pelepas,2025-06-20,0.2137,7.66
19,Tanjung_Pelepas,2025-06-21,0.2146,2.01
19,Tanjung_Pelepas,2025-06-22,0.1887,3.52
19,Tanjung_Pelepas,2025-06-23,0.2416,0.46
19,Tanjung_Pelepas,2025-06-24,0.1773,2.68
19,Tanjung_Pelepas,2025-06-25,0.1896,0.94
19,Tanjung_Pelepas,2025-06-26,0.0801,1.96
19,Tanjung_Pelepas,2025-06-27,0.0696,1.0
19,Tanjung_Pelepas,2025-06-28,0.0588,0.62
19,Tanjung_Pelepas,2025-06-29,0.0458,1.22
19,Tanjung_Pelepas,2025-06-30,0.1052,0.5
19,Tanjung_Pelepas,2025-07-01,0.057,0.29
19,Tanjung_Pelepas,2025-07-02,0.0728,2.33
19,Tanjung_Pelepas,2025-07-03,0.1107,1.9
19,Tanjung_Pelepas,2025-07-04,0.1339,1.6
19,Tanjung_Pelepas,2025-07-05,0.148,1.34
19,Tanjung_Pelepas,2025-07-06,0.129,0.05
19,Tanjung_Pelepas,2025-07-07,0.1701,2.46
19,Tanjung_Pelepas,2025-07-08,0.1515,0.86
19,Tanjung_Pelepas,2025-07-09,0.3192,0.1
19,Tanjung_Pelepas,2025-07-10,0.305,2.01
19,Tanjung_Pelepas,2025-07-11,0.2585,1.98
19,Tanjung_Pelepas,2025-07-12,0.2347,1.43
19,Tanjung_Pelepas,2025-07-13,0.1528,2.08
19,Tanjung_Pelepas,2025-07-14,0.0614,1.28
19,Tanjung_Pelepas,2025-07-15,0.0828,1.47
19,Tanjung_Pelepas,2025-07-16,0.1587,3.18
19,Tanjung_Pelepas,2025-07-17,0.1941,1.44
19,Tanjung_Pelepas,2025-07-18,0.232,3.78
19,Tanjung_Pelepas,2025-07-19,0.2815,1.48
19,Tanjung_Pelepas,2025-07-20,0.2447,2.83
19,Tanjung_Pelepas,2025-07-21,0.1312,7.86
19,Tanjung_Pelepas,2025-07-22,0.1695,0.59
19,Tanjung_Pelepas,2025-07-23,0.1528,8.46
19,Tanjung_Pelepas,2025-07-24,0.1884,1.73
19,Tanjung_Pelepas,2025-07-25,0.2493,5.38
19,Tanjung_Pelepas,2025-07-26,0.245,5.14
19,Tanjung_Pelepas,2025-07-27,0.2496,6.81
19,Tanjung_Pelepas,2025-07-28,0.3168,4.11
19,Tanjung_Pelepas,2025-07-29,0.2828,1.45
19,Tanjung_Pelepas,2025-07-30,0.3175,0.25
19,Tanjung_Pelepas,2025-07-31,0.4405,1.59
19,Tanjung_Pelepas,2025-08-01,0.4548,0.09
19,Tanjung_Pelepas,2025-08-02,0.4472,9.77
19,Tanjung_Pelepas,2025-08-03,0.4971,2.64
19,Tanjung_Pelepas,2025-08-04,0.5699,9.22
19,Tanjung_Pelepas,2025-08-05,0.5195,2.01
19,Tanjung_Pelepas,2025-08-06,0.378,7.02
19,Tanjung_Pelepas,2025-08-07,0.3015,4.04
19,Tanjung_Pelepas,2025-08-08,0.3333,2.97
19,Tanjung_Pelepas,2025-08-09,0.2937,0.91
19,Tanjung_Pelepas,2025-08-10,0.2354,3.86
19,Tanjung_Pelepas,2025-08-11,0.2927,0.08
19,Tanjung_Pelepas,2025-08-12,0.2421,5.93
19,Tanjung_Pelepas,2025-08-13,0.3171,1.49
19,Tanjung_Pelepas,2025-08-14,0.26,0.13
19,Tanjung_Pelepas,2025-08-15,0.2848,5.36
19,Tanjung_Pelepas,2025-08-16,0.2544,1.21
19,Tanjung_Pelepas,2025-08-17,0.2253,2.4
19,Tanjung_Pelepas,2025-08-18,0.2806,3.03
19,Tanjung_Pelepas,2025-08-19,0.124,0.94
19,Tanjung_Pelepas,2025-08-20,0.1337,0.72
19,Tanjung_Pelepas,2025-08-21,0.1908,0.58
19,Tanjung_Pelepas,2025-08-22,0.2749,2.02
19,Tanjung_Pelepas,2025-08-23,0.2947,6.2
19,Tanjung_Pelepas,2025-08-24,0.3162,2.18
19,Tanjung_Pelepas,2025-08-25,0.3743,16.43
19,Tanjung_Pelepas,2025-08-26,0.435,5.24
19,Tanjung_Pelepas,2025-08-27,0.4231,0.8
19,Tanjung_Pelepas,2025-08-28,0.388,0.83
19,Tanjung_Pelepas,2025-08-29,0.3517,3.63
19,Tanjung_Pelepas,2025-08-30,0.3194,9.24
19,Tanjung_Pelepas,2025-08-31,0.3424,3.67
19,Tanjung_Pelepas,2025-09-01,0.4137,2.21
19,Tanjung_Pelepas,2025-09-02,0.3606,6.22
19,Tanjung_Pelepas,2025-09-03,0.3133,2.06
19,Tanjung_Pelepas,2025-09-04,0.332,2.03
19,Tanjung_Pelepas,2025-09-05,0.42,9.36
19,Tanjung_Pelepas,2025-09-06,0.5286,2.14
19,Tanjung_Pelepas,2025-09-07,0.5234,1.24
19,Tanjung_Pelepas,2025-09-08,0.4934,5.81
19,Tanjung_Pelepas,2025-09-09,0.4031,10.73
19,Tanjung_Pelepas,2025-09-10,0.4788,10.1
19,Tanjung_Pelepas,2025-09-11,0.4687,5.82
19,Tanjung_Pelepas,2025-09-12,0.4496,0.8
19,Tanjung_Pelepas,2025-09-13,0.3887,5.57
19,Tanjung_Pelepas,2025-09-14,0.4583,0.48
19,Tanjung_Pelepas,2025-09-15,0.452,12.28
19,Tanjung_Pelepas,2025-09-16,0.4967,0.52
19,Tanjung_Pelepas,2025-09-17,0.5092,1.85
19,Tanjung_Pelepas,2025-09-18,0.4566,0.47
19,Tanjung_Pelepas,2025-09-19,0.5623,3.61
19,Tanjung_Pelepas,2025-09-20,0.52,3.47
19,Tanjung_Pelepas,2025-09-21,0.4562,27.58
19,Tanjung_Pelepas,2025-09-22,0.5525,2.66
19,Tanjung_Pelepas,2025-09-23,0.561,5.31
19,Tanjung_Pelepas,2025-09-24,0.4939,9.64
19,Tanjung_Pelepas,2025-09-25,0.5113,4.97
19,Tanjung_Pelepas,2025-09-26,0.5725,6.88
19,Tanjung_Pelepas,2025-09-27,0.5699,23.04
19,Tanjung_Pelepas,2025-09-28,0.4957,6.68
19,Tanjung_Pelepas,2025-09-29,0.521,4.07
19,Tanjung_Pelepas,2025-09-30,0.4209,0.82
19,Tanjung_Pelepas,2025-10-01,0.3743,1.02
19,Tanjung_Pelepas,2025-10-02,0.3358,8.68
19,Tanjung_Pelepas,2025-10-03,0.4005,1.17
19,Tanjung_Pelepas,2025-10-04,0.4343,13.6
19,Tanjung_Pelepas,2025-10-05,0.3266,1.3
19,Tanjung_Pelepas,2025-10-06,0.3796,0.11
19,Tanjung_Pelepas,2025-10-07,0.3566,0.67
19,Tanjung_Pelepas,2025-10-08,0.362,3.65
19,Tanjung_Pelepas,2025-10-09,0.4374,4.09
19,Tanjung_Pelepas,2025-10-10,0.4164,14.05
19,Tanjung_Pelepas,2025-10-11,0.376,2.79
19,Tanjung_Pelepas,2025-10-12,0.3996,17.02
19,Tanjung_Pelepas,2025-10-13,0.4228,3.8
19,Tanjung_Pelepas,2025-10-14,0.3069,2.77
19,Tanjung_Pelepas,2025-10-15,0.4006,4.7
19,Tanjung_Pelepas,2025-10-16,0.3947,2.39
19,Tanjung_Pelepas,2025-10-17,0.4621,0.27
19,Tanjung_Pelepas,2025-10-18,0.4075,2.22
19,Tanjung_Pelepas,2025-10-19,0.3025,2.21
19,Tanjung_Pelepas,2025-10-20,0.3276,5.75
19,Tanjung_Pelepas,2025-10-21,0.3292,0.31
19,Tanjung_Pelepas,2025-10-22,0.3879,0.22
19,Tanjung_Pelepas,2025-10-23,0.3414,2.51
19,Tanjung_Pelepas,2025-10-24,0.4175,14.74
19,Tanjung_Pelepas,2025-10-25,0.3148,6.05
19,Tanjung_Pelepas,2025-10-26,0.2828,2.05
19,Tanjung_Pelepas,2025-10-27,0.3298,0.3
19,Tanjung_Pelepas,2025-10-28,0.2515,1.56
19,Tanjung_Pelepas,2025-10-29,0.3425,3.66
19,Tanjung_Pelepas,2025-10-30,0.315,0.09
19,Tanjung_Pelepas,2025-10-31,0.2904,5.14
19,Tanjung_Pelepas,2025-11-01,0.2212,1.17
19,Tanjung_Pelepas,2025-11-02,0.1492,5.99
19,Tanjung_Pelepas,2025-11-03,0.2417,1.91
19,Tanjung_Pelepas,2025-11-04,0.1922,0.19
19,Tanjung_Pelepas,2025-11-05,0.2172,0.9
19,Tanjung_Pelepas,2025-11-06,0.1931,3.33
19,Tanjung_Pelepas,2025-11-07,0.2825,2.43
19,Tanjung_Pelepas,2025-11-08,0.2975,2.73
19,Tanjung_Pelepas,2025-11-09,0.3309,0.5
19,Tanjung_Pelepas,2025-11-10,0.51,0.41
19,Tanjung_Pelepas,2025-11-11,0.4495,18.55
19,Tanjung_Pelepas,2025-11-12,0.4318,4.63
19,Tanjung_Pelepas,2025-11-13,0.4181,0.33
19,Tanjung_Pelepas,2025-11-14,0.449,0.07
19,Tanjung_Pelepas,2025-11-15,0.3971,4.38
19,Tanjung_Pelepas,2025-11-16,0.4169,11.15
19,Tanjung_Pelepas,2025-11-17,0.5619,0.64
19,Tanjung_Pelepas,2025-11-18,0.5171,2.29
19,Tanjung_Pelepas,2025-11-19,0.482,9.98
19,Tanjung_Pelepas,2025-11-20,0.3935,1.31
19,Tanjung_Pelepas,2025-11-21,0.3061,0.5
19,Tanjung_Pelepas,2025-11-22,0.238,1.92
19,Tanjung_Pelepas,2025-11-23,0.158,1.29
19,Tanjung_Pelepas,2025-11-24,0.1338,0.37
19,Tanjung_Pelepas,2025-11-25,0.1053,0.11
19,Tanjung_Pelepas,2025-11-26,0.0599,1.17
19,Tanjung_Pelepas,2025-11-27,0.0268,0.49
19,Tanjung_Pelepas,2025-11-28,0.02,0.03
19,Tanjung_Pelepas,2025-11-29,0.0,0.73
19,Tanjung_Pelepas,2025-11-30,0.1657,4.95
19,Tanjung_Pelepas,2025-12-01,0.1622,0.11
19,Tanjung_Pelepas,2025-12-02,0.1348,1.22
19,Tanjung_Pelepas,2025-12-03,0.1678,0.58
19,Tanjung_Pelepas,2025-12-04,0.0956,1.27
19,Tanjung_Pelepas,2025-12-05,0.0419,0.72
19,Tanjung_Pelepas,2025-12-06,0.0,1.43
19,Tanjung_Pelepas,2025-12-07,0.0163,0.22
19,Tanjung_Pelepas,2025-12-08,0.086,4.3
19,Tanjung_Pelepas,2025-12-09,0.1393,1.84
19,Tanjung_Pelepas,2025-12-10,0.1735,7.56
19,Tanjung_Pelepas,2025-12-11,0.2767,2.52
19,Tanjung_Pelepas,2025-12-12,0.3023,1.58
19,Tanjung_Pelepas,2025-12-13,0.2933,2.22
19,Tanjung_Pelepas,2025-12-14,0.2285,3.1
19,Tanjung_Pelepas,2025-12-15,0.2661,2.06
19,Tanjung_Pelepas,2025-12-16,0.214,1.21
19,Tanjung_Pelepas,2025-12-17,0.1411,0.75
19,Tanjung_Pelepas,2025-12-18,0.2585,3.65
19,Tanjung_Pelepas,2025-12-19,0.2072,4.39
19,Tanjung_Pelepas,2025-12-20,0.3175,3.73
19,Tanjung_Pelepas,2025-12-21,0.3746,4.07
19,Tanjung_Pelepas,2025-12-22,0.3899,7.06
19,Tanjung_Pelepas,2025-12-23,0.2862,0.08
19,Tanjung_Pelepas,2025-12-24,0.2672,3.8
19,Tanjung_Pelepas,2025-12-25,0.2011,0.19
19,Tanjung_Pelepas,2025-12-26,0.329,9.72
19,Tanjung_Pelepas,2025-12-27,0.3527,1.3
19,Tanjung_Pelepas,2025-12-28,0.3968,3.01
19,Tanjung_Pelepas,2025-12-29,0.398,0.45
19,Tanjung_Pelepas,2025-12-30,0.3713,0.67
19,Tanjung_Pelepas,2025-12-31,0.3875,6.46
20,Port_Klang,2023-01-01,0.2931,0.79
20,Port_Klang,2023-01-02,0.3331,4.17
20,Port_Klang,2023-01-03,0.3678,2.11
20,Port_Klang,2023-01-04,0.3161,1.51
20,Port_Klang,2023-01-05,0.3946,3.57
20,Port_Klang,2023-01-06,0.5175,5.23
20,Port_Klang,2023-01-07,0.4988,10.99
20,Port_Klang,2023-01-08,0.5337,0.35
20,Port_Klang,2023-01-09,0.6963,33.45
20,Port_Klang,2023-01-10,0.6835,7.11
20,Port_Klang,2023-01-11,0.5868,21.19
20,Port_Klang,2023-01-12,0.5576,12.07
20,Port_Klang,2023-01-13,0.5426,7.46
20,Port_Klang,2023-01-14,0.552,4.55
20,Port_Klang,2023-01-15,0.6185,1.41
20,Port_Klang,2023-01-16,0.5385,6.43
20,Port_Klang,2023-01-17,0.6152,6.07
20,Port_Klang,2023-01-18,0.6175,20.08
20,Port_Klang,2023-01-19,0.6465,9.01
20,Port_Klang,2023-01-20,0.6858,8.34
20,Port_Klang,2023-01-21,0.6265,8.18
20,Port_Klang,2023-01-22,0.6412,0.38
20,Port_Klang,2023-01-23,0.7267,33.76
20,Port_Klang,2023-01-24,0.774,0.09
20,Port_Klang,2023-01-25,0.8091,24.15
20,Port_Klang,2023-01-26,0.7433,0.07
20,Port_Klang,2023-01-27,0.8247,2.13
20,Port_Klang,2023-01-28,0.8502,5.14
20,Port_Klang,2023-01-29,0.8646,10.2
20,Port_Klang,2023-01-30,0.791,67.26
20,Port_Klang,2023-01-31,0.7253,0.57
20,Port_Klang,2023-02-01,0.708,11.4
20,Port_Klang,2023-02-02,0.7356,20.68
20,Port_Klang,2023-02-03,0.6516,4.39
20,Port_Klang,2023-02-04,0.5663,10.0
20,Port_Klang,2023-02-05,0.5658,9.84
20,Port_Klang,2023-02-06,0.535,2.48
20,Port_Klang,2023-02-07,0.5091,5.57
20,Port_Klang,2023-02-08,0.5023,9.57
20,Port_Klang,2023-02-09,0.382,3.71
20,Port_Klang,2023-02-10,0.4408,15.93
20,Port_Klang,2023-02-11,0.438,15.34
20,Port_Klang,2023-02-12,0.3533,0.15
20,Port_Klang,2023-02-13,0.3757,2.54
20,Port_Klang,2023-02-14,0.437,3.55
20,Port_Klang,2023-02-15,0.4233,7.93
20,Port_Klang,2023-02-16,0.4325,3.04
20,Port_Klang,2023-02-17,0.4863,1.1
20,Port_Klang,2023-02-18,0.3742,1.05
20,Port_Klang,2023-02-19,0.4739,2.48
20,Port_Klang,2023-02-20,0.5438,10.51
20,Port_Klang,2023-02-21,0.5629,1.4
20,Port_Klang,2023-02-22,0.5933,14.73
20,Port_Klang,2023-02-23,0.5766,22.41
20,Port_Klang,2023-02-24,0.5959,10.88
20,Port_Klang,2023-02-25,0.7207,9.46
20,Port_Klang,2023-02-26,0.6075,1.07
20,Port_Klang,2023-02-27,0.6713,6.17
20,Port_Klang,2023-02-28,0.5881,10.55
20,Port_Klang,2023-03-01,0.6612,5.16
20,Port_Klang,2023-03-02,0.6471,0.91
20,Port_Klang,2023-03-03,0.5754,1.07
20,Port_Klang,2023-03-04,0.5983,0.97
20,Port_Klang,2023-03-05,0.6506,3.92
20,Port_Klang,2023-03-06,0.6933,0.59
20,Port_Klang,2023-03-07,0.7235,15.72
20,Port_Klang,2023-03-08,0.7827,18.06
20,Port_Klang,2023-03-09,0.7965,6.43
20,Port_Klang,2023-03-10,0.7657,9.84
20,Port_Klang,2023-03-11,0.8159,0.41
20,Port_Klang,2023-03-12,0.8066,18.23
20,Port_Klang,2023-03-13,0.7811,15.64
20,Port_Klang,2023-03-14,0.7745,6.33
20,Port_Klang,2023-03-15,0.7666,6.17
20,Port_Klang,2023-03-16,0.7436,4.23
20,Port_Klang,2023-03-17,0.665,12.23
20,Port_Klang,2023-03-18,0.7176,0.3
20,Port_Klang,2023-03-19,0.7376,1.23
20,Port_Klang,2023-03-20,0.7145,2.93
20,Port_Klang,2023-03-21,0.7201,39.9
20,Port_Klang,2023-03-22,0.715,12.92
20,Port_Klang,2023-03-23,0.5967,1.9
20,Port_Klang,2023-03-24,0.6113,8.14
20,Port_Klang,2023-03-25,0.6182,1.5
20,Port_Klang,2023-03-26,0.7042,5.54
20,Port_Klang,2023-03-27,0.7264,1.8
20,Port_Klang,2023-03-28,0.8023,3.8
20,Port_Klang,2023-03-29,0.751,7.25
20,Port_Klang,2023-03-30,0.7094,5.47
20,Port_Klang,2023-03-31,0.6172,6.68
20,Port_Klang,2023-04-01,0.6012,5.82
20,Port_Klang,2023-04-02,0.5671,7.6
20,Port_Klang,2023-04-03,0.5673,7.77
20,Port_Klang,2023-04-04,0.5297,2.27
20,Port_Klang,2023-04-05,0.4705,11.95
20,Port_Klang,2023-04-06,0.4213,1.46
20,Port_Klang,2023-04-07,0.463,2.88
20,Port_Klang,2023-04-08,0.5063,0.01
20,Port_Klang,2023-04-09,0.5896,18.52
20,Port_Klang,2023-04-10,0.643,3.44
20,Port_Klang,2023-04-11,0.5325,10.39
20,Port_Klang,2023-04-12,0.5485,19.3
20,Port_Klang,2023-04-13,0.6237,5.43
20,Port_Klang,2023-04-14,0.6572,19.37
20,Port_Klang,2023-04-15,0.713,9.83
20,Port_Klang,2023-04-16,0.669,20.04
20,Port_Klang,2023-04-17,0.6556,33.75
20,Port_Klang,2023-04-18,0.6063,11.89
20,Port_Klang,2023-04-19,0.626,25.46
20,Port_Klang,2023-04-20,0.5576,0.37
20,Port_Klang,2023-04-21,0.564,2.15
20,Port_Klang,2023-04-22,0.5811,9.29
20,Port_Klang,2023-04-23,0.6531,34.16
20,Port_Klang,2023-04-24,0.6257,10.83
20,Port_Klang,2023-04-25,0.6973,31.8
20,Port_Klang,2023-04-26,0.7643,30.49
20,Port_Klang,2023-04-27,0.6699,3.14
20,Port_Klang,2023-04-28,0.6524,11.36
20,Port_Klang,2023-04-29,0.6014,1.87
20,Port_Klang,2023-04-30,0.5308,3.91
20,Port_Klang,2023-05-01,0.5836,3.91
20,Port_Klang,2023-05-02,0.6267,3.8
20,Port_Klang,2023-05-03,0.6169,4.41
20,Port_Klang,2023-05-04,0.6008,30.67
20,Port_Klang,2023-05-05,0.7162,19.9
20,Port_Klang,2023-05-06,0.6606,10.87
20,Port_Klang,2023-05-07,0.6507,2.87
20,Port_Klang,2023-05-08,0.6678,11.19
20,Port_Klang,2023-05-09,0.6064,11.16
20,Port_Klang,2023-05-10,0.5476,13.59
20,Port_Klang,2023-05-11,0.5621,4.03
20,Port_Klang,2023-05-12,0.6824,3.55
20,Port_Klang,2023-05-13,0.6885,3.99
20,Port_Klang,2023-05-14,0.6062,11.03
20,Port_Klang,2023-05-15,0.593,7.8
20,Port_Klang,2023-05-16,0.5948,15.75
20,Port_Klang,2023-05-17,0.5454,18.23
20,Port_Klang,2023-05-18,0.5611,2.48
20,Port_Klang,2023-05-19,0.6179,4.9
20,Port_Klang,2023-05-20,0.5836,4.86
20,Port_Klang,2023-05-21,0.4422,0.28
20,Port_Klang,2023-05-22,0.488,4.47
20,Port_Klang,2023-05-23,0.5503,4.99
20,Port_Klang,2023-05-24,0.57,3.37
20,Port_Klang,2023-05-25,0.6565,15.6
20,Port_Klang,2023-05-26,0.7152,3.26
20,Port_Klang,2023-05-27,0.661,19.89
20,Port_Klang,2023-05-28,0.6096,5.25
20,Port_Klang,2023-05-29,0.6214,1.48
20,Port_Klang,2023-05-30,0.5844,0.18
20,Port_Klang,2023-05-31,0.5874,18.26
20,Port_Klang,2023-06-01,0.509,1.56
20,Port_Klang,2023-06-02,0.4952,2.96
20,Port_Klang,2023-06-03,0.4782,3.97
20,Port_Klang,2023-06-04,0.4829,4.12
20,Port_Klang,2023-06-05,0.5736,3.25
20,Port_Klang,2023-06-06,0.5386,10.89
20,Port_Klang,2023-06-07,0.4071,4.66
20,Port_Klang,2023-06-08,0.4789,26.66
20,Port_Klang,2023-06-09,0.4967,7.97
20,Port_Klang,2023-06-10,0.4847,5.1
20,Port_Klang,2023-06-11,0.5338,3.37
20,Port_Klang,2023-06-12,0.6367,6.61
20,Port_Klang,2023-06-13,0.6464,23.35
20,Port_Klang,2023-06-14,0.6312,0.19
20,Port_Klang,2023-06-15,0.6015,13.65
20,Port_Klang,2023-06-16,0.5587,6.65
20,Port_Klang,2023-06-17,0.5681,5.26
20,Port_Klang,2023-06-18,0.4904,2.44
20,Port_Klang,2023-06-19,0.5302,3.13
20,Port_Klang,2023-06-20,0.6416,18.29
20,Port_Klang,2023-06-21,0.5408,2.86
20,Port_Klang,2023-06-22,0.5621,9.28
20,Port_Klang,2023-06-23,0.5619,2.86
20,Port_Klang,2023-06-24,0.5098,0.93
20,Port_Klang,2023-06-25,0.4806,0.52
20,Port_Klang,2023-06-26,0.5305,7.32
20,Port_Klang,2023-06-27,0.6666,1.9
20,Port_Klang,2023-06-28,0.6969,1.32
20,Port_Klang,2023-06-29,0.7116,15.02
20,Port_Klang,2023-06-30,0.6858,17.92
20,Port_Klang,2023-07-01,0.601,0.55
20,Port_Klang,2023-07-02,0.5455,14.74
20,Port_Klang,2023-07-03,0.6557,12.28
20,Port_Klang,2023-07-04,0.6073,6.81
20,Port_Klang,2023-07-05,0.6102,7.04
20,Port_Klang,2023-07-06,0.6008,4.34
20,Port_Klang,2023-07-07,0.6286,12.24
20,Port_Klang,2023-07-08,0.6079,8.65
20,Port_Klang,2023-07-09,0.6266,1.3
20,Port_Klang,2023-07-10,0.6084,11.97
20,Port_Klang,2023-07-11,0.6347,2.38
20,Port_Klang,2023-07-12,0.7411,36.92
20,Port_Klang,2023-07-13,0.7156,41.48
20,Port_Klang,2023-07-14,0.7015,8.43
20,Port_Klang,2023-07-15,0.6695,10.01
20,Port_Klang,2023-07-16,0.6961,2.45
20,Port_Klang,2023-07-17,0.6422,21.84
20,Port_Klang,2023-07-18,0.7001,64.99
20,Port_Klang,2023-07-19,0.6843,19.45
20,Port_Klang,2023-07-20,0.6857,4.05
20,Port_Klang,2023-07-21,0.6892,8.99
20,Port_Klang,2023-07-22,0.6681,3.3
20,Port_Klang,2023-07-23,0.5953,6.59
20,Port_Klang,2023-07-24,0.571,0.41
20,Port_Klang,2023-07-25,0.4891,0.6
20,Port_Klang,2023-07-26,0.4068,0.91
20,Port_Klang,2023-07-27,0.4932,4.85
20,Port_Klang,2023-07-28,0.5162,5.08
20,Port_Klang,2023-07-29,0.5384,6.8
20,Port_Klang,2023-07-30,0.5593,6.22
20,Port_Klang,2023-07-31,0.6015,10.62
20,Port_Klang,2023-08-01,0.6341,5.66
20,Port_Klang,2023-08-02,0.6999,39.02
20,Port_Klang,2023-08-03,0.6849,4.04
20,Port_Klang,2023-08-04,0.6535,21.65
20,Port_Klang,2023-08-05,0.7083,10.67
20,Port_Klang,2023-08-06,0.598,5.18
20,Port_Klang,2023-08-07,0.6668,5.08
20,Port_Klang,2023-08-08,0.6568,6.0
20,Port_Klang,2023-08-09,0.6777,21.2
20,Port_Klang,2023-08-10,0.5928,5.82
20,Port_Klang,2023-08-11,0.6539,14.18
20,Port_Klang,2023-08-12,0.6185,10.72
20,Port_Klang,2023-08-13,0.5726,7.73
20,Port_Klang,2023-08-14,0.6979,1.92
20,Port_Klang,2023-08-15,0.7367,3.02
20,Port_Klang,2023-08-16,0.7373,0.84
20,Port_Klang,2023-08-17,0.7272,10.92
20,Port_Klang,2023-08-18,0.682,13.16
20,Port_Klang,2023-08-19,0.6161,7.71
20,Port_Klang,2023-08-20,0.6356,21.08
20,Port_Klang,2023-08-21,0.5909,19.78
20,Port_Klang,2023-08-22,0.6475,4.94
20,Port_Klang,2023-08-23,0.7057,6.19
20,Port_Klang,2023-08-24,0.7457,15.88
20,Port_Klang,2023-08-25,0.7844,6.02
20,Port_Klang,2023-08-26,0.6988,28.67
20,Port_Klang,2023-08-27,0.6209,4.29
20,Port_Klang,2023-08-28,0.7263,2.42
20,Port_Klang,2023-08-29,0.7234,3.48
20,Port_Klang,2023-08-30,0.7423,4.84
20,Port_Klang,2023-08-31,0.7904,43.3
20,Port_Klang,2023-09-01,0.9099,26.75
20,Port_Klang,2023-09-02,0.8136,17.69
20,Port_Klang,2023-09-03,0.8537,14.77
20,Port_Klang,2023-09-04,0.7542,10.02
20,Port_Klang,2023-09-05,0.7063,2.33
20,Port_Klang,2023-09-06,0.6116,8.69
20,Port_Klang,2023-09-07,0.6306,11.83
20,Port_Klang,2023-09-08,0.7533,7.39
20,Port_Klang,2023-09-09,0.6814,4.57
20,Port_Klang,2023-09-10,0.5584,6.94
20,Port_Klang,2023-09-11,0.5339,2.79
20,Port_Klang,2023-09-12,0.4586,2.77
20,Port_Klang,2023-09-13,0.3143,6.37
20,Port_Klang,2023-09-14,0.3687,5.11
20,Port_Klang,2023-09-15,0.4365,10.31
20,Port_Klang,2023-09-16,0.4097,5.74
20,Port_Klang,2023-09-17,0.4499,15.37
20,Port_Klang,2023-09-18,0.5364,3.26
20,Port_Klang,2023-09-19,0.6275,17.87
20,Port_Klang,2023-09-20,0.6315,2.68
20,Port_Klang,2023-09-21,0.5546,2.14
20,Port_Klang,2023-09-22,0.6236,4.15
20,Port_Klang,2023-09-23,0.5494,13.13
20,Port_Klang,2023-09-24,0.5653,11.06
20,Port_Klang,2023-09-25,0.6976,1.48
20,Port_Klang,2023-09-26,0.6895,0.68
20,Port_Klang,2023-09-27,0.7113,7.25
20,Port_Klang,2023-09-28,0.597,16.38
20,Port_Klang,2023-09-29,0.6974,3.26
20,Port_Klang,2023-09-30,0.5137,3.02
20,Port_Klang,2023-10-01,0.6176,3.31
20,Port_Klang,2023-10-02,0.7698,7.57
20,Port_Klang,2023-10-03,0.7213,13.0
20,Port_Klang,2023-10-04,0.6685,4.81
20,Port_Klang,2023-10-05,0.6412,5.73
20,Port_Klang,2023-10-06,0.7257,0.32
20,Port_Klang,2023-10-07,0.6055,13.73
20,Port_Klang,2023-10-08,0.5814,1.23
20,Port_Klang,2023-10-09,0.6334,2.24
20,Port_Klang,2023-10-10,0.7144,6.36
20,Port_Klang,2023-10-11,0.6307,10.35
20,Port_Klang,2023-10-12,0.6518,22.56
20,Port_Klang,2023-10-13,0.6809,0.57
20,Port_Klang,2023-10-14,0.7212,5.21
20,Port_Klang,2023-10-15,0.7525,28.44
20,Port_Klang,2023-10-16,0.7253,3.19
20,Port_Klang,2023-10-17,0.8838,71.48
20,Port_Klang,2023-10-18,0.9299,7.16
20,Port_Klang,2023-10-19,0.8139,1.99
20,Port_Klang,2023-10-20,0.7648,2.39
20,Port_Klang,2023-10-21,0.7791,64.39
20,Port_Klang,2023-10-22,0.718,3.3
20,Port_Klang,2023-10-23,0.7247,1.68
20,Port_Klang,2023-10-24,0.8024,9.35
20,Port_Klang,2023-10-25,0.836,46.34
20,Port_Klang,2023-10-26,0.7763,3.26
20,Port_Klang,2023-10-27,0.7608,23.7
20,Port_Klang,2023-10-28,0.6078,4.84
20,Port_Klang,2023-10-29,0.6233,1.33
20,Port_Klang,2023-10-30,0.5214,1.01
20,Port_Klang,2023-10-31,0.4578,17.67
20,Port_Klang,2023-11-01,0.3916,4.32
20,Port_Klang,2023-11-02,0.4677,2.3
20,Port_Klang,2023-11-03,0.5229,0.35
20,Port_Klang,2023-11-04,0.5576,3.28
20,Port_Klang,2023-11-05,0.4681,6.78
20,Port_Klang,2023-11-06,0.5908,15.08
20,Port_Klang,2023-11-07,0.5832,1.44
20,Port_Klang,2023-11-08,0.4984,5.2
20,Port_Klang,2023-11-09,0.4748,10.2
20,Port_Klang,2023-11-10,0.6146,17.52
20,Port_Klang,2023-11-11,0.5579,0.74
20,Port_Klang,2023-11-12,0.5729,3.98
20,Port_Klang,2023-11-13,0.6091,3.36
20,Port_Klang,2023-11-14,0.5563,23.2
20,Port_Klang,2023-11-15,0.5848,21.32
20,Port_Klang,2023-11-16,0.6046,2.6
20,Port_Klang,2023-11-17,0.6155,34.24
20,Port_Klang,2023-11-18,0.5927,0.94
20,Port_Klang,2023-11-19,0.5241,7.49
20,Port_Klang,2023-11-20,0.4662,0.92
20,Port_Klang,2023-11-21,0.5225,19.02
20,Port_Klang,2023-11-22,0.4806,9.48
20,Port_Klang,2023-11-23,0.5122,8.6
20,Port_Klang,2023-11-24,0.5616,2.88
20,Port_Klang,2023-11-25,0.5618,12.24
20,Port_Klang,2023-11-26,0.6758,5.78
20,Port_Klang,2023-11-27,0.6163,7.7
20,Port_Klang,2023-11-28,0.5879,0.73
20,Port_Klang,2023-11-29,0.5762,4.99
20,Port_Klang,2023-11-30,0.6005,4.33
20,Port_Klang,2023-12-01,0.6123,2.01
20,Port_Klang,2023-12-02,0.5541,22.15
20,Port_Klang,2023-12-03,0.4634,9.98
20,Port_Klang,2023-12-04,0.4896,1.18
20,Port_Klang,2023-12-05,0.4191,2.7
20,Port_Klang,2023-12-06,0.4765,0.73
20,Port_Klang,2023-12-07,0.3967,0.78
20,Port_Klang,2023-12-08,0.453,3.16
20,Port_Klang,2023-12-09,0.5518,4.8
20,Port_Klang,2023-12-10,0.6197,29.54
20,Port_Klang,2023-12-11,0.6631,8.19
20,Port_Klang,2023-12-12,0.6352,0.6
20,Port_Klang,2023-12-13,0.6712,7.62
20,Port_Klang,2023-12-14,0.7536,9.24
20,Port_Klang,2023-12-15,0.6956,3.82
20,Port_Klang,2023-12-16,0.589,12.87
20,Port_Klang,2023-12-17,0.5162,5.37
20,Port_Klang,2023-12-18,0.525,7.71
20,Port_Klang,2023-12-19,0.5084,1.3
20,Port_Klang,2023-12-20,0.6133,3.3
20,Port_Klang,2023-12-21,0.6121,15.46
20,Port_Klang,2023-12-22,0.6026,2.12
20,Port_Klang,2023-12-23,0.6918,24.97
20,Port_Klang,2023-12-24,0.661,1.19
20,Port_Klang,2023-12-25,0.7362,0.28
20,Port_Klang,2023-12-26,0.6532,4.34
20,Port_Klang,2023-12-27,0.711,6.78
20,Port_Klang,2023-12-28,0.6741,13.18
20,Port_Klang,2023-12-29,0.6669,4.6
20,Port_Klang,2023-12-30,0.5383,2.94
20,Port_Klang,2023-12-31,0.4991,2.04
20,Port_Klang,2024-01-01,0.4601,1.72
20,Port_Klang,2024-01-02,0.4769,0.07
20,Port_Klang,2024-01-03,0.4208,1.78
20,Port_Klang,2024-01-04,0.3303,4.8
20,Port_Klang,2024-01-05,0.4168,2.38
20,Port_Klang,2024-01-06,0.3826,6.55
20,Port_Klang,2024-01-07,0.3496,3.15
20,Port_Klang,2024-01-08,0.5613,8.65
20,Port_Klang,2024-01-09,0.516,15.26
20,Port_Klang,2024-01-10,0.5744,2.05
20,Port_Klang,2024-01-11,0.494,4.15
20,Port_Klang,2024-01-12,0.5431,0.05
20,Port_Klang,2024-01-13,0.5746,19.97
20,Port_Klang,2024-01-14,0.4579,0.98
20,Port_Klang,2024-01-15,0.4237,4.62
20,Port_Klang,2024-01-16,0.5051,14.18
20,Port_Klang,2024-01-17,0.4798,1.49
20,Port_Klang,2024-01-18,0.4874,3.04
20,Port_Klang,2024-01-19,0.584,2.33
20,Port_Klang,2024-01-20,0.6528,4.91
20,Port_Klang,2024-01-21,0.5975,5.96
20,Port_Klang,2024-01-22,0.6251,10.53
20,Port_Klang,2024-01-23,0.5792,4.42
20,Port_Klang,2024-01-24,0.5583,4.19
20,Port_Klang,2024-01-25,0.514,15.36
20,Port_Klang,2024-01-26,0.5173,9.21
20,Port_Klang,2024-01-27,0.6348,3.45
20,Port_Klang,2024-01-28,0.5877,17.6
20,Port_Klang,2024-01-29,0.4557,0.97
20,Port_Klang,2024-01-30,0.4459,1.59
20,Port_Klang,2024-01-31,0.3461,4.52
20,Port_Klang,2024-02-01,0.385,4.27
20,Port_Klang,2024-02-02,0.418,15.48
20,Port_Klang,2024-02-03,0.5551,7.47
20,Port_Klang,2024-02-04,0.6091,3.11
20,Port_Klang,2024-02-05,0.5074,9.17
20,Port_Klang,2024-02-06,0.4281,2.38
20,Port_Klang,2024-02-07,0.4182,3.16
20,Port_Klang,2024-02-08,0.4433,15.48
20,Port_Klang,2024-02-09,0.536,2.91
20,Port_Klang,2024-02-10,0.5663,7.02
20,Port_Klang,2024-02-11,0.5899,10.81
20,Port_Klang,2024-02-12,0.589,9.18
20,Port_Klang,2024-02-13,0.5571,2.12
20,Port_Klang,2024-02-14,0.5703,36.5
20,Port_Klang,2024-02-15,0.5817,9.21
20,Port_Klang,2024-02-16,0.6298,0.97
20,Port_Klang,2024-02-17,0.5616,5.84
20,Port_Klang,2024-02-18,0.551,0.14
20,Port_Klang,2024-02-19,0.6435,2.47
20,Port_Klang,2024-02-20,0.5906,17.35
20,Port_Klang,2024-02-21,0.6101,17.16
20,Port_Klang,2024-02-22,0.5438,0.04
20,Port_Klang,2024-02-23,0.5652,3.56
20,Port_Klang,2024-02-24,0.5952,1.37
20,Port_Klang,2024-02-25,0.6333,4.88
20,Port_Klang,2024-02-26,0.6054,4.56
20,Port_Klang,2024-02-27,0.4061,8.03
20,Port_Klang,2024-02-28,0.4996,1.09
20,Port_Klang,2024-02-29,0.5766,1.06
20,Port_Klang,2024-03-01,0.4807,8.51
20,Port_Klang,2024-03-02,0.5133,2.98
20,Port_Klang,2024-03-03,0.5183,7.72
20,Port_Klang,2024-03-04,0.6393,0.46
20,Port_Klang,2024-03-05,0.7,2.81
20,Port_Klang,2024-03-06,0.7328,19.99
20,Port_Klang,2024-03-07,0.6864,42.74
20,Port_Klang,2024-03-08,0.5506,0.34
20,Port_Klang,2024-03-09,0.5717,2.44
20,Port_Klang,2024-03-10,0.496,0.34
20,Port_Klang,2024-03-11,0.4289,0.13
20,Port_Klang,2024-03-12,0.612,4.02
20,Port_Klang,2024-03-13,0.5564,3.6
20,Port_Klang,2024-03-14,0.5823,8.0
20,Port_Klang,2024-03-15,0.6556,14.01
20,Port_Klang,2024-03-16,0.6642,0.29
20,Port_Klang,2024-03-17,0.4743,12.23
20,Port_Klang,2024-03-18,0.608,5.92
20,Port_Klang,2024-03-19,0.5932,6.3
20,Port_Klang,2024-03-20,0.6099,22.77
20,Port_Klang,2024-03-21,0.5537,7.73
20,Port_Klang,2024-03-22,0.5237,0.02
20,Port_Klang,2024-03-23,0.4707,1.72
20,Port_Klang,2024-03-24,0.4271,1.13
20,Port_Klang,2024-03-25,0.4399,0.23
20,Port_Klang,2024-03-26,0.5212,7.78
20,Port_Klang,2024-03-27,0.4936,0.95
20,Port_Klang,2024-03-28,0.5275,0.14
20,Port_Klang,2024-03-29,0.5198,9.57
20,Port_Klang,2024-03-30,0.5424,0.0
20,Port_Klang,2024-03-31,0.5358,0.76
20,Port_Klang,2024-04-01,0.5353,2.43
20,Port_Klang,2024-04-02,0.4476,9.82
20,Port_Klang,2024-04-03,0.4778,1.29
20,Port_Klang,2024-04-04,0.4221,0.41
20,Port_Klang,2024-04-05,0.492,1.73
20,Port_Klang,2024-04-06,0.3992,13.57
20,Port_Klang,2024-04-07,0.3691,5.82
20,Port_Klang,2024-04-08,0.2943,0.45
20,Port_Klang,2024-04-09,0.2583,2.15
20,Port_Klang,2024-04-10,0.2596,0.28
20,Port_Klang,2024-04-11,0.3684,10.23
20,Port_Klang,2024-04-12,0.5007,4.46
20,Port_Klang,2024-04-13,0.5619,0.35
20,Port_Klang,2024-04-14,0.5893,11.99
20,Port_Klang,2024-04-15,0.6297,8.12
20,Port_Klang,2024-04-16,0.5772,0.31
20,Port_Klang,2024-04-17,0.554,7.32
20,Port_Klang,2024-04-18,0.5064,4.4
20,Port_Klang,2024-04-19,0.5999,16.27
20,Port_Klang,2024-04-20,0.5628,8.17
20,Port_Klang,2024-04-21,0.6224,5.87
20,Port_Klang,2024-04-22,0.5642,14.45
20,Port_Klang,2024-04-23,0.6484,24.49
20,Port_Klang,2024-04-24,0.5864,15.5
20,Port_Klang,2024-04-25,0.5501,30.01
20,Port_Klang,2024-04-26,0.5901,2.3
20,Port_Klang,2024-04-27,0.4962,1.3
20,Port_Klang,2024-04-28,0.4959,4.06
20,Port_Klang,2024-04-29,0.5091,5.49
20,Port_Klang,2024-04-30,0.5798,5.28
20,Port_Klang,2024-05-01,0.5318,5.04
20,Port_Klang,2024-05-02,0.6126,11.35
20,Port_Klang,2024-05-03,0.6369,0.4
20,Port_Klang,2024-05-04,0.5729,10.47
20,Port_Klang,2024-05-05,0.5811,14.77
20,Port_Klang,2024-05-06,0.6208,1.49
20,Port_Klang,2024-05-07,0.5431,21.77
20,Port_Klang,2024-05-08,0.5109,4.64
20,Port_Klang,2024-05-09,0.515,3.06
20,Port_Klang,2024-05-10,0.6177,0.97
20,Port_Klang,2024-05-11,0.6849,3.26
20,Port_Klang,2024-05-12,0.6437,14.63
20,Port_Klang,2024-05-13,0.7199,0.27
20,Port_Klang,2024-05-14,0.7952,31.28
20,Port_Klang,2024-05-15,0.7332,10.64
20,Port_Klang,2024-05-16,0.6704,2.94
20,Port_Klang,2024-05-17,0.6706,2.63
20,Port_Klang,2024-05-18,0.7071,8.68
20,Port_Klang,2024-05-19,0.7221,9.32
20,Port_Klang,2024-05-20,0.7294,9.81
20,Port_Klang,2024-05-21,0.7367,8.79
20,Port_Klang,2024-05-22,0.6225,2.77
20,Port_Klang,2024-05-23,0.54,0.04
20,Port_Klang,2024-05-24,0.6096,1.84
20,Port_Klang,2024-05-25,0.4775,7.86
20,Port_Klang,2024-05-26,0.4368,15.61
20,Port_Klang,2024-05-27,0.556,1.57
20,Port_Klang,2024-05-28,0.5681,7.69
20,Port_Klang,2024-05-29,0.6144,3.52
20,Port_Klang,2024-05-30,0.5966,0.27
20,Port_Klang,2024-05-31,0.7655,3.74
20,Port_Klang,2024-06-01,0.8434,57.33
20,Port_Klang,2024-06-02,0.7699,0.92
20,Port_Klang,2024-06-03,0.6268,14.46
20,Port_Klang,2024-06-04,0.5813,2.47
20,Port_Klang,2024-06-05,0.7351,18.8
20,Port_Klang,2024-06-06,0.7111,1.62
20,Port_Klang,2024-06-07,0.6349,8.45
20,Port_Klang,2024-06-08,0.6372,0.77
20,Port_Klang,2024-06-09,0.5974,2.35
20,Port_Klang,2024-06-10,0.5612,21.48
20,Port_Klang,2024-06-11,0.4464,5.1
20,Port_Klang,2024-06-12,0.4194,6.94
20,Port_Klang,2024-06-13,0.4209,10.02
20,Port_Klang,2024-06-14,0.5231,5.34
20,Port_Klang,2024-06-15,0.5196,5.35
20,Port_Klang,2024-06-16,0.5283,3.08
20,Port_Klang,2024-06-17,0.4957,2.48
20,Port_Klang,2024-06-18,0.4673,8.43
20,Port_Klang,2024-06-19,0.4749,10.17
20,Port_Klang,2024-06-20,0.4653,13.85
20,Port_Klang,2024-06-21,0.5211,2.2
20,Port_Klang,2024-06-22,0.4704,0.81
20,Port_Klang,2024-06-23,0.5174,1.43
20,Port_Klang,2024-06-24,0.6399,3.63
20,Port_Klang,2024-06-25,0.5106,1.34
20,Port_Klang,2024-06-26,0.4996,0.14
20,Port_Klang,2024-06-27,0.6076,0.18
20,Port_Klang,2024-06-28,0.5168,3.73
20,Port_Klang,2024-06-29,0.4674,14.46
20,Port_Klang,2024-06-30,0.536,5.69
20,Port_Klang,2024-07-01,0.5835,3.04
20,Port_Klang,2024-07-02,0.5718,17.72
20,Port_Klang,2024-07-03,0.4828,16.94
20,Port_Klang,2024-07-04,0.5165,4.74
20,Port_Klang,2024-07-05,0.6168,1.05
20,Port_Klang,2024-07-06,0.6251,0.05
20,Port_Klang,2024-07-07,0.5765,18.1
20,Port_Klang,2024-07-08,0.5977,8.08
20,Port_Klang,2024-07-09,0.5326,4.91
20,Port_Klang,2024-07-10,0.5067,2.6
20,Port_Klang,2024-07-11,0.4127,11.17
20,Port_Klang,2024-07-12,0.4252,5.54
20,Port_Klang,2024-07-13,0.4809,3.09
20,Port_Klang,2024-07-14,0.4863,4.19
20,Port_Klang,2024-07-15,0.5176,9.57
20,Port_Klang,2024-07-16,0.4632,0.17
20,Port_Klang,2024-07-17,0.4757,3.29
20,Port_Klang,2024-07-18,0.4988,1.88
20,Port_Klang,2024-07-19,0.4838,6.28
20,Port_Klang,2024-07-20,0.4547,6.88
20,Port_Klang,2024-07-21,0.368,6.66
20,Port_Klang,2024-07-22,0.4729,0.72
20,Port_Klang,2024-07-23,0.5766,8.63
20,Port_Klang,2024-07-24,0.5368,35.69
20,Port_Klang,2024-07-25,0.5705,5.21
20,Port_Klang,2024-07-26,0.6532,1.79
20,Port_Klang,2024-07-27,0.6295,5.76
20,Port_Klang,2024-07-28,0.6435,8.61
20,Port_Klang,2024-07-29,0.6178,2.9
20,Port_Klang,2024-07-30,0.6531,4.12
20,Port_Klang,2024-07-31,0.5994,2.7
20,Port_Klang,2024-08-01,0.6051,0.17
20,Port_Klang,2024-08-02,0.6578,10.21
20,Port_Klang,2024-08-03,0.6544,9.57
20,Port_Klang,2024-08-04,0.6873,30.01
20,Port_Klang,2024-08-05,0.6324,20.21
20,Port_Klang,2024-08-06,0.6491,4.4
20,Port_Klang,2024-08-07,0.6211,5.37
20,Port_Klang,2024-08-08,0.6076,5.35
20,Port_Klang,2024-08-09,0.6201,8.72
20,Port_Klang,2024-08-10,0.5956,3.99
20,Port_Klang,2024-08-11,0.6703,16.77
20,Port_Klang,2024-08-12,0.7274,8.31
20,Port_Klang,2024-08-13,0.5469,4.05
20,Port_Klang,2024-08-14,0.587,2.72
20,Port_Klang,2024-08-15,0.6091,0.08
20,Port_Klang,2024-08-16,0.5834,6.16
20,Port_Klang,2024-08-17,0.5951,13.16
20,Port_Klang,2024-08-18,0.5831,18.42
20,Port_Klang,2024-08-19,0.6265,2.64
20,Port_Klang,2024-08-20,0.5652,36.09
20,Port_Klang,2024-08-21,0.4732,6.46
20,Port_Klang,2024-08-22,0.5563,4.46
20,Port_Klang,2024-08-23,0.5513,0.75
20,Port_Klang,2024-08-24,0.5061,3.12
20,Port_Klang,2024-08-25,0.5364,10.88
20,Port_Klang,2024-08-26,0.5459,0.45
20,Port_Klang,2024-08-27,0.5559,0.55
20,Port_Klang,2024-08-28,0.5037,7.25
20,Port_Klang,2024-08-29,0.5331,0.75
20,Port_Klang,2024-08-30,0.619,2.79
20,Port_Klang,2024-08-31,0.6172,1.83
20,Port_Klang,2024-09-01,0.5419,1.08
20,Port_Klang,2024-09-02,0.6015,0.47
20,Port_Klang,2024-09-03,0.5459,10.64
20,Port_Klang,2024-09-04,0.5546,4.68
20,Port_Klang,2024-09-05,0.4336,1.44
20,Port_Klang,2024-09-06,0.5284,14.54
20,Port_Klang,2024-09-07,0.5425,4.26
20,Port_Klang,2024-09-08,0.5504,8.33
20,Port_Klang,2024-09-09,0.6455,1.09
20,Port_Klang,2024-09-10,0.5277,3.16
20,Port_Klang,2024-09-11,0.4767,5.19
20,Port_Klang,2024-09-12,0.4574,2.47
20,Port_Klang,2024-09-13,0.357,0.6
20,Port_Klang,2024-09-14,0.3899,2.43
20,Port_Klang,2024-09-15,0.3397,2.19
20,Port_Klang,2024-09-16,0.4741,0.61
20,Port_Klang,2024-09-17,0.4253,5.61
20,Port_Klang,2024-09-18,0.5019,1.85
20,Port_Klang,2024-09-19,0.4432,0.6
20,Port_Klang,2024-09-20,0.5514,12.56
20,Port_Klang,2024-09-21,0.5312,0.73
20,Port_Klang,2024-09-22,0.4866,15.99
20,Port_Klang,2024-09-23,0.6365,10.85
20,Port_Klang,2024-09-24,0.6781,23.48
20,Port_Klang,2024-09-25,0.6477,18.65
20,Port_Klang,2024-09-26,0.5295,0.15
20,Port_Klang,2024-09-27,0.4988,3.8
20,Port_Klang,2024-09-28,0.507,5.38
20,Port_Klang,2024-09-29,0.4721,3.61
20,Port_Klang,2024-09-30,0.4583,7.67
20,Port_Klang,2024-10-01,0.4551,7.67
20,Port_Klang,2024-10-02,0.5143,0.17
20,Port_Klang,2024-10-03,0.6219,11.24
20,Port_Klang,2024-10-04,0.5837,5.75
20,Port_Klang,2024-10-05,0.5358,29.7
20,Port_Klang,2024-10-06,0.5961,5.04
20,Port_Klang,2024-10-07,0.5631,7.1
20,Port_Klang,2024-10-08,0.5247,11.33
20,Port_Klang,2024-10-09,0.5312,4.76
20,Port_Klang,2024-10-10,0.5962,14.66
20,Port_Klang,2024-10-11,0.5222,2.35
20,Port_Klang,2024-10-12,0.5095,4.64
20,Port_Klang,2024-10-13,0.4466,2.24
20,Port_Klang,2024-10-14,0.5645,5.34
20,Port_Klang,2024-10-15,0.581,0.28
20,Port_Klang,2024-10-16,0.5597,1.51
20,Port_Klang,2024-10-17,0.5395,7.87
20,Port_Klang,2024-10-18,0.5952,5.98
20,Port_Klang,2024-10-19,0.5421,14.04
20,Port_Klang,2024-10-20,0.5214,0.04
20,Port_Klang,2024-10-21,0.5329,1.03
20,Port_Klang,2024-10-22,0.5264,23.92
20,Port_Klang,2024-10-23,0.5864,1.76
20,Port_Klang,2024-10-24,0.5289,0.63
20,Port_Klang,2024-10-25,0.5959,13.55
20,Port_Klang,2024-10-26,0.5982,28.69
20,Port_Klang,2024-10-27,0.5744,6.34
20,Port_Klang,2024-10-28,0.6481,0.88
20,Port_Klang,2024-10-29,0.6316,19.09
20,Port_Klang,2024-10-30,0.6395,4.23
20,Port_Klang,2024-10-31,0.6918,36.3
20,Port_Klang,2024-11-01,0.6741,19.6
20,Port_Klang,2024-11-02,0.6257,16.4
20,Port_Klang,2024-11-03,0.6421,17.05
20,Port_Klang,2024-11-04,0.6609,8.66
20,Port_Klang,2024-11-05,0.7013,51.66
20,Port_Klang,2024-11-06,0.7997,14.26
20,Port_Klang,2024-11-07,0.8552,21.25
20,Port_Klang,2024-11-08,0.7869,7.04
20,Port_Klang,2024-11-09,0.7931,17.55
20,Port_Klang,2024-11-10,0.6502,2.25
20,Port_Klang,2024-11-11,0.6921,15.78
20,Port_Klang,2024-11-12,0.6549,6.88
20,Port_Klang,2024-11-13,0.6642,4.45
20,Port_Klang,2024-11-14,0.6427,17.26
20,Port_Klang,2024-11-15,0.6284,11.41
20,Port_Klang,2024-11-16,0.6237,23.26
20,Port_Klang,2024-11-17,0.6775,1.42
20,Port_Klang,2024-11-18,0.8307,2.46
20,Port_Klang,2024-11-19,0.8686,60.8
20,Port_Klang,2024-11-20,0.8723,11.33
20,Port_Klang,2024-11-21,0.8815,13.29
20,Port_Klang,2024-11-22,0.8566,17.39
20,Port_Klang,2024-11-23,0.8101,13.85
20,Port_Klang,2024-11-24,0.8162,7.7
20,Port_Klang,2024-11-25,0.7196,9.98
20,Port_Klang,2024-11-26,0.7184,8.41
20,Port_Klang,2024-11-27,0.6845,0.2
20,Port_Klang,2024-11-28,0.6491,0.73
20,Port_Klang,2024-11-29,0.5973,3.1
20,Port_Klang,2024-11-30,0.5981,4.06
20,Port_Klang,2024-12-01,0.5445,7.92
20,Port_Klang,2024-12-02,0.5922,0.93
20,Port_Klang,2024-12-03,0.5865,3.83
20,Port_Klang,2024-12-04,0.5382,7.51
20,Port_Klang,2024-12-05,0.5994,2.91
20,Port_Klang,2024-12-06,0.6047,8.57
20,Port_Klang,2024-12-07,0.6242,1.56
20,Port_Klang,2024-12-08,0.5482,1.87
20,Port_Klang,2024-12-09,0.5678,5.06
20,Port_Klang,2024-12-10,0.5029,11.66
20,Port_Klang,2024-12-11,0.505,5.66
20,Port_Klang,2024-12-12,0.5246,5.46
20,Port_Klang,2024-12-13,0.5713,1.59
20,Port_Klang,2024-12-14,0.6633,0.56
20,Port_Klang,2024-12-15,0.6984,7.28
20,Port_Klang,2024-12-16,0.6276,1.52
20,Port_Klang,2024-12-17,0.6615,16.63
20,Port_Klang,2024-12-18,0.6004,8.85
20,Port_Klang,2024-12-19,0.6357,16.9
20,Port_Klang,2024-12-20,0.5492,7.98
20,Port_Klang,2024-12-21,0.533,1.59
20,Port_Klang,2024-12-22,0.5506,6.54
20,Port_Klang,2024-12-23,0.5288,15.0
20,Port_Klang,2024-12-24,0.6053,4.98
20,Port_Klang,2024-12-25,0.7133,16.88
20,Port_Klang,2024-12-26,0.6839,13.71
20,Port_Klang,2024-12-27,0.7398,12.61
20,Port_Klang,2024-12-28,0.7652,8.33
20,Port_Klang,2024-12-29,0.6974,4.35
20,Port_Klang,2024-12-30,0.6763,6.65
20,Port_Klang,2024-12-31,0.6772,10.89
20,Port_Klang,2025-01-01,0.745,5.67
20,Port_Klang,2025-01-02,0.7772,18.1
20,Port_Klang,2025-01-03,0.685,3.71
20,Port_Klang,2025-01-04,0.7358,1.91
20,Port_Klang,2025-01-05,0.7782,11.2
20,Port_Klang,2025-01-06,0.6149,0.19
20,Port_Klang,2025-01-07,0.6473,0.21
20,Port_Klang,2025-01-08,0.6332,12.45
20,Port_Klang,2025-01-09,0.6969,14.1
20,Port_Klang,2025-01-10,0.7642,8.6
20,Port_Klang,2025-01-11,0.7676,9.05
20,Port_Klang,2025-01-12,0.7473,18.27
20,Port_Klang,2025-01-13,0.7812,24.57
20,Port_Klang,2025-01-14,0.6568,3.27
20,Port_Klang,2025-01-15,0.5425,0.03
20,Port_Klang,2025-01-16,0.5754,1.02
20,Port_Klang,2025-01-17,0.6048,0.2
20,Port_Klang,2025-01-18,0.6325,24.3
20,Port_Klang,2025-01-19,0.5908,6.83
20,Port_Klang,2025-01-20,0.5779,20.33
20,Port_Klang,2025-01-21,0.5407,4.58
20,Port_Klang,2025-01-22,0.4891,1.85
20,Port_Klang,2025-01-23,0.555,0.56
20,Port_Klang,2025-01-24,0.622,1.39
20,Port_Klang,2025-01-25,0.6416,13.38
20,Port_Klang,2025-01-26,0.7109,20.87
20,Port_Klang,2025-01-27,0.6806,25.75
20,Port_Klang,2025-01-28,0.5822,5.4
20,Port_Klang,2025-01-29,0.5596,7.21
20,Port_Klang,2025-01-30,0.578,1.51
20,Port_Klang,2025-01-31,0.5578,6.24
20,Port_Klang,2025-02-01,0.4869,1.22
20,Port_Klang,2025-02-02,0.4397,3.11
20,Port_Klang,2025-02-03,0.5372,2.8
20,Port_Klang,2025-02-04,0.5689,0.82
20,Port_Klang,2025-02-05,0.6459,6.14
20,Port_Klang,2025-02-06,0.7158,0.07
20,Port_Klang,2025-02-07,0.7387,4.93
20,Port_Klang,2025-02-08,0.5974,7.59
20,Port_Klang,2025-02-09,0.6028,7.79
20,Port_Klang,2025-02-10,0.6363,2.63
20,Port_Klang,2025-02-11,0.6376,11.25
20,Port_Klang,2025-02-12,0.5834,11.86
20,Port_Klang,2025-02-13,0.5032,19.44
20,Port_Klang,2025-02-14,0.5493,13.92
20,Port_Klang,2025-02-15,0.4534,1.4
20,Port_Klang,2025-02-16,0.5187,0.46
20,Port_Klang,2025-02-17,0.4727,30.18
20,Port_Klang,2025-02-18,0.3579,4.55
20,Port_Klang,2025-02-19,0.4008,0.29
20,Port_Klang,2025-02-20,0.3927,3.54
20,Port_Klang,2025-02-21,0.3213,4.19
20,Port_Klang,2025-02-22,0.3009,0.41
20,Port_Klang,2025-02-23,0.3663,1.34
20,Port_Klang,2025-02-24,0.4373,0.25
20,Port_Klang,2025-02-25,0.422,13.21
20,Port_Klang,2025-02-26,0.431,1.42
20,Port_Klang,2025-02-27,0.4274,0.25
20,Port_Klang,2025-02-28,0.3978,1.95
20,Port_Klang,2025-03-01,0.3163,1.73
20,Port_Klang,2025-03-02,0.328,1.2
20,Port_Klang,2025-03-03,0.4278,6.09
20,Port_Klang,2025-03-04,0.4172,7.11
20,Port_Klang,2025-03-05,0.4472,8.3
20,Port_Klang,2025-03-06,0.5202,8.45
20,Port_Klang,2025-03-07,0.4682,11.63
20,Port_Klang,2025-03-08,0.5161,9.89
20,Port_Klang,2025-03-09,0.4202,13.21
20,Port_Klang,2025-03-10,0.6007,3.37
20,Port_Klang,2025-03-11,0.5578,4.85
20,Port_Klang,2025-03-12,0.6174,10.26
20,Port_Klang,2025-03-13,0.6099,19.49
20,Port_Klang,2025-03-14,0.5686,4.16
20,Port_Klang,2025-03-15,0.4372,4.47
20,Port_Klang,2025-03-16,0.4621,0.81
20,Port_Klang,2025-03-17,0.5129,0.75
20,Port_Klang,2025-03-18,0.5279,0.32
20,Port_Klang,2025-03-19,0.4877,1.58
20,Port_Klang,2025-03-20,0.4916,1.09
20,Port_Klang,2025-03-21,0.5533,0.71
20,Port_Klang,2025-03-22,0.6029,0.71
20,Port_Klang,2025-03-23,0.5906,3.1
20,Port_Klang,2025-03-24,0.5084,5.36
20,Port_Klang,2025-03-25,0.4994,9.28
20,Port_Klang,2025-03-26,0.4625,7.77
20,Port_Klang,2025-03-27,0.4813,1.14
20,Port_Klang,2025-03-28,0.5235,1.67
20,Port_Klang,2025-03-29,0.5602,1.74
20,Port_Klang,2025-03-30,0.5112,5.83
20,Port_Klang,2025-03-31,0.5077,7.68
20,Port_Klang,2025-04-01,0.5674,7.77
20,Port_Klang,2025-04-02,0.4955,0.57
20,Port_Klang,2025-04-03,0.4885,1.77
20,Port_Klang,2025-04-04,0.521,17.17
20,Port_Klang,2025-04-05,0.3942,5.72
20,Port_Klang,2025-04-06,0.4099,1.15
20,Port_Klang,2025-04-07,0.4617,1.59
20,Port_Klang,2025-04-08,0.4713,0.21
20,Port_Klang,2025-04-09,0.4192,2.54
20,Port_Klang,2025-04-10,0.3585,1.35
20,Port_Klang,2025-04-11,0.3258,3.06
20,Port_Klang,2025-04-12,0.4153,0.54
20,Port_Klang,2025-04-13,0.4382,1.36
20,Port_Klang,2025-04-14,0.4443,0.11
20,Port_Klang,2025-04-15,0.3798,0.91
20,Port_Klang,2025-04-16,0.3159,3.66
20,Port_Klang,2025-04-17,0.3393,4.59
20,Port_Klang,2025-04-18,0.3833,6.45
20,Port_Klang,2025-04-19,0.2984,3.4
20,Port_Klang,2025-04-20,0.2526,4.58
20,Port_Klang,2025-04-21,0.2734,7.12
20,Port_Klang,2025-04-22,0.3503,0.08
20,Port_Klang,2025-04-23,0.3149,0.88
20,Port_Klang,2025-04-24,0.3305,1.82
20,Port_Klang,2025-04-25,0.4377,7.16
20,Port_Klang,2025-04-26,0.5002,2.14
20,Port_Klang,2025-04-27,0.5365,1.34
20,Port_Klang,2025-04-28,0.6576,1.66
20,Port_Klang,2025-04-29,0.6509,20.77
20,Port_Klang,2025-04-30,0.5847,6.91
20,Port_Klang,2025-05-01,0.6713,0.52
20,Port_Klang,2025-05-02,0.7095,7.02
20,Port_Klang,2025-05-03,0.637,4.52
20,Port_Klang,2025-05-04,0.6516,0.67
20,Port_Klang,2025-05-05,0.5578,3.55
20,Port_Klang,2025-05-06,0.5588,12.41
20,Port_Klang,2025-05-07,0.4201,0.79
20,Port_Klang,2025-05-08,0.3807,3.13
20,Port_Klang,2025-05-09,0.388,3.43
20,Port_Klang,2025-05-10,0.3316,8.34
20,Port_Klang,2025-05-11,0.35,11.49
20,Port_Klang,2025-05-12,0.3591,0.94
20,Port_Klang,2025-05-13,0.3756,1.78
20,Port_Klang,2025-05-14,0.4596,2.82
20,Port_Klang,2025-05-15,0.404,18.41
20,Port_Klang,2025-05-16,0.4857,6.93
20,Port_Klang,2025-05-17,0.6192,2.08
20,Port_Klang,2025-05-18,0.6076,9.47
20,Port_Klang,2025-05-19,0.5371,10.42
20,Port_Klang,2025-05-20,0.5535,6.55
20,Port_Klang,2025-05-21,0.5316,2.62
20,Port_Klang,2025-05-22,0.6099,15.36
20,Port_Klang,2025-05-23,0.5559,2.97
20,Port_Klang,2025-05-24,0.5355,4.51
20,Port_Klang,2025-05-25,0.5137,1.14
20,Port_Klang,2025-05-26,0.5409,1.57
20,Port_Klang,2025-05-27,0.4973,1.47
20,Port_Klang,2025-05-28,0.4959,2.12
20,Port_Klang,2025-05-29,0.5413,9.98
20,Port_Klang,2025-05-30,0.5642,18.9
20,Port_Klang,2025-05-31,0.5938,16.7
20,Port_Klang,2025-06-01,0.6435,7.99
20,Port_Klang,2025-06-02,0.6435,4.48
20,Port_Klang,2025-06-03,0.521,5.78
20,Port_Klang,2025-06-04,0.4927,10.48
20,Port_Klang,2025-06-05,0.419,2.63
20,Port_Klang,2025-06-06,0.5207,16.47
20,Port_Klang,2025-06-07,0.5175,6.16
20,Port_Klang,2025-06-08,0.5502,3.51
20,Port_Klang,2025-06-09,0.6187,10.38
20,Port_Klang,2025-06-10,0.6711,15.1
20,Port_Klang,2025-06-11,0.7064,10.9
20,Port_Klang,2025-06-12,0.6151,13.25
20,Port_Klang,2025-06-13,0.5797,12.51
20,Port_Klang,2025-06-14,0.5662,1.29
20,Port_Klang,2025-06-15,0.6501,10.55
20,Port_Klang,2025-06-16,0.5862,6.02
20,Port_Klang,2025-06-17,0.5747,29.97
20,Port_Klang,2025-06-18,0.6059,3.94
20,Port_Klang,2025-06-19,0.5712,21.75
20,Port_Klang,2025-06-20,0.6947,4.21
20,Port_Klang,2025-06-21,0.6274,0.94
20,Port_Klang,2025-06-22,0.5887,15.75
20,Port_Klang,2025-06-23,0.6546,5.54
20,Port_Klang,2025-06-24,0.6148,4.15
20,Port_Klang,2025-06-25,0.6316,13.54
20,Port_Klang,2025-06-26,0.6965,3.29
20,Port_Klang,2025-06-27,0.6798,5.04
20,Port_Klang,2025-06-28,0.5087,11.42
20,Port_Klang,2025-06-29,0.5883,11.46
20,Port_Klang,2025-06-30,0.6967,6.53
20,Port_Klang,2025-07-01,0.5617,5.08
20,Port_Klang,2025-07-02,0.5488,29.27
20,Port_Klang,2025-07-03,0.5451,7.44
20,Port_Klang,2025-07-04,0.5442,16.49
20,Port_Klang,2025-07-05,0.5602,0.46
20,Port_Klang,2025-07-06,0.5554,4.06
20,Port_Klang,2025-07-07,0.5821,6.43
20,Port_Klang,2025-07-08,0.5881,16.05
20,Port_Klang,2025-07-09,0.6888,7.9
20,Port_Klang,2025-07-10,0.6149,11.89
20,Port_Klang,2025-07-11,0.5842,1.27
20,Port_Klang,2025-07-12,0.6248,37.89
20,Port_Klang,2025-07-13,0.6557,18.23
20,Port_Klang,2025-07-14,0.6091,15.68
20,Port_Klang,2025-07-15,0.5519,2.16
20,Port_Klang,2025-07-16,0.5173,24.82
20,Port_Klang,2025-07-17,0.4793,24.34
20,Port_Klang,2025-07-18,0.446,0.16
20,Port_Klang,2025-07-19,0.5374,1.87
20,Port_Klang,2025-07-20,0.489,9.84
20,Port_Klang,2025-07-21,0.5481,0.04
20,Port_Klang,2025-07-22,0.5416,4.83
20,Port_Klang,2025-07-23,0.5413,4.72
20,Port_Klang,2025-07-24,0.5571,23.83
20,Port_Klang,2025-07-25,0.5424,3.61
20,Port_Klang,2025-07-26,0.5413,14.55
20,Port_Klang,2025-07-27,0.4022,3.82
20,Port_Klang,2025-07-28,0.3766,6.65
20,Port_Klang,2025-07-29,0.4022,0.97
20,Port_Klang,2025-07-30,0.3962,10.7
20,Port_Klang,2025-07-31,0.334,2.44
20,Port_Klang,2025-08-01,0.3591,3.62
20,Port_Klang,2025-08-02,0.4282,0.16
20,Port_Klang,2025-08-03,0.561,2.44
20,Port_Klang,2025-08-04,0.5042,0.82
20,Port_Klang,2025-08-05,0.4327,0.12
20,Port_Klang,2025-08-06,0.5555,4.78
20,Port_Klang,2025-08-07,0.5387,6.08
20,Port_Klang,2025-08-08,0.6014,4.28
20,Port_Klang,2025-08-09,0.6023,0.54
20,Port_Klang,2025-08-10,0.613,0.99
20,Port_Klang,2025-08-11,0.5806,2.41
20,Port_Klang,2025-08-12,0.5735,4.92
20,Port_Klang,2025-08-13,0.5491,0.13
20,Port_Klang,2025-08-14,0.5922,3.47
20,Port_Klang,2025-08-15,0.7053,8.55
20,Port_Klang,2025-08-16,0.6449,12.84
20,Port_Klang,2025-08-17,0.6494,1.14
20,Port_Klang,2025-08-18,0.6789,1.49
20,Port_Klang,2025-08-19,0.683,0.8
20,Port_Klang,2025-08-20,0.6839,1.22
20,Port_Klang,2025-08-21,0.7184,4.2
20,Port_Klang,2025-08-22,0.6889,27.08
20,Port_Klang,2025-08-23,0.5649,3.74
20,Port_Klang,2025-08-24,0.5158,9.74
20,Port_Klang,2025-08-25,0.5247,8.79
20,Port_Klang,2025-08-26,0.5931,1.98
20,Port_Klang,2025-08-27,0.6296,3.99
20,Port_Klang,2025-08-28,0.7162,0.65
20,Port_Klang,2025-08-29,0.7196,26.14
20,Port_Klang,2025-08-30,0.7487,15.45
20,Port_Klang,2025-08-31,0.7217,15.1
20,Port_Klang,2025-09-01,0.6818,8.19
20,Port_Klang,2025-09-02,0.6023,1.75
20,Port_Klang,2025-09-03,0.4059,3.33
20,Port_Klang,2025-09-04,0.4469,2.49
20,Port_Klang,2025-09-05,0.5762,7.35
20,Port_Klang,2025-09-06,0.6093,3.51
20,Port_Klang,2025-09-07,0.6182,7.45
20,Port_Klang,2025-09-08,0.7102,2.61
20,Port_Klang,2025-09-09,0.6287,2.66
20,Port_Klang,2025-09-10,0.6215,0.21
20,Port_Klang,2025-09-11,0.5921,1.74
20,Port_Klang,2025-09-12,0.645,5.14
20,Port_Klang,2025-09-13,0.6011,10.76
20,Port_Klang,2025-09-14,0.6973,14.38
20,Port_Klang,2025-09-15,0.8014,1.7
20,Port_Klang,2025-09-16,0.6745,8.35
20,Port_Klang,2025-09-17,0.7817,0.01
20,Port_Klang,2025-09-18,0.7627,11.37
20,Port_Klang,2025-09-19,0.7697,33.66
20,Port_Klang,2025-09-20,0.7749,4.39
20,Port_Klang,2025-09-21,0.7954,12.98
20,Port_Klang,2025-09-22,0.7205,16.02
20,Port_Klang,2025-09-23,0.7501,3.31
20,Port_Klang,2025-09-24,0.6993,15.28
20,Port_Klang,2025-09-25,0.8074,12.22
20,Port_Klang,2025-09-26,0.67,11.18
20,Port_Klang,2025-09-27,0.6359,5.43
20,Port_Klang,2025-09-28,0.5787,12.36
20,Port_Klang,2025-09-29,0.6224,0.05
20,Port_Klang,2025-09-30,0.5944,4.59
20,Port_Klang,2025-10-01,0.5555,7.39
20,Port_Klang,2025-10-02,0.4482,1.45
20,Port_Klang,2025-10-03,0.4593,3.06
20,Port_Klang,2025-10-04,0.5114,3.19
20,Port_Klang,2025-10-05,0.5345,18.18
20,Port_Klang,2025-10-06,0.5618,18.67
20,Port_Klang,2025-10-07,0.5141,4.71
20,Port_Klang,2025-10-08,0.4701,0.36
20,Port_Klang,2025-10-09,0.4172,1.06
20,Port_Klang,2025-10-10,0.4295,4.42
20,Port_Klang,2025-10-11,0.4584,0.29
20,Port_Klang,2025-10-12,0.4787,0.9
20,Port_Klang,2025-10-13,0.4811,2.67
20,Port_Klang,2025-10-14,0.4046,4.77
20,Port_Klang,2025-10-15,0.5071,0.48
20,Port_Klang,2025-10-16,0.4794,11.61
20,Port_Klang,2025-10-17,0.4567,6.77
20,Port_Klang,2025-10-18,0.4722,0.09
20,Port_Klang,2025-10-19,0.4528,2.91
20,Port_Klang,2025-10-20,0.5719,1.22
20,Port_Klang,2025-10-21,0.5197,1.26
20,Port_Klang,2025-10-22,0.4508,5.57
20,Port_Klang,2025-10-23,0.4546,3.98
20,Port_Klang,2025-10-24,0.482,2.1
20,Port_Klang,2025-10-25,0.4477,0.26
20,Port_Klang,2025-10-26,0.428,4.56
20,Port_Klang,2025-10-27,0.509,8.44
20,Port_Klang,2025-10-28,0.5794,4.36
20,Port_Klang,2025-10-29,0.4957,1.03
20,Port_Klang,2025-10-30,0.4814,3.05
20,Port_Klang,2025-10-31,0.553,20.77
20,Port_Klang,2025-11-01,0.6049,14.03
20,Port_Klang,2025-11-02,0.6671,4.42
20,Port_Klang,2025-11-03,0.6066,1.35
20,Port_Klang,2025-11-04,0.5802,7.32
20,Port_Klang,2025-11-05,0.5937,22.36
20,Port_Klang,2025-11-06,0.5174,5.17
20,Port_Klang,2025-11-07,0.5477,9.99
20,Port_Klang,2025-11-08,0.4409,4.75
20,Port_Klang,2025-11-09,0.388,0.56
20,Port_Klang,2025-11-10,0.3393,9.0
20,Port_Klang,2025-11-11,0.3147,5.82
20,Port_Klang,2025-11-12,0.1726,2.44
20,Port_Klang,2025-11-13,0.2588,1.53
20,Port_Klang,2025-11-14,0.3311,1.19
20,Port_Klang,2025-11-15,0.3426,6.83
20,Port_Klang,2025-11-16,0.2978,0.36
20,Port_Klang,2025-11-17,0.2342,0.74
20,Port_Klang,2025-11-18,0.2871,0.1
20,Port_Klang,2025-11-19,0.2512,3.72
20,Port_Klang,2025-11-20,0.2679,3.79
20,Port_Klang,2025-11-21,0.3698,4.5
20,Port_Klang,2025-11-22,0.2778,2.77
20,Port_Klang,2025-11-23,0.3101,1.88
20,Port_Klang,2025-11-24,0.3718,4.87
20,Port_Klang,2025-11-25,0.5989,6.85
20,Port_Klang,2025-11-26,0.5538,1.19
20,Port_Klang,2025-11-27,0.4204,18.2
20,Port_Klang,2025-11-28,0.4202,2.84
20,Port_Klang,2025-11-29,0.3262,6.63
20,Port_Klang,2025-11-30,0.4296,0.55
20,Port_Klang,2025-12-01,0.5734,6.59
20,Port_Klang,2025-12-02,0.5491,8.29
20,Port_Klang,2025-12-03,0.5748,10.92
20,Port_Klang,2025-12-04,0.5775,5.15
20,Port_Klang,2025-12-05,0.5875,3.63
20,Port_Klang,2025-12-06,0.5,8.57
20,Port_Klang,2025-12-07,0.5384,13.11
20,Port_Klang,2025-12-08,0.5844,0.52
20,Port_Klang,2025-12-09,0.7221,24.69
20,Port_Klang,2025-12-10,0.6918,15.08
20,Port_Klang,2025-12-11,0.6966,2.18
20,Port_Klang,2025-12-12,0.7151,3.61
20,Port_Klang,2025-12-13,0.6595,3.58
20,Port_Klang,2025-12-14,0.6513,7.99
20,Port_Klang,2025-12-15,0.6621,11.24
20,Port_Klang,2025-12-16,0.5688,0.72
20,Port_Klang,2025-12-17,0.6243,9.86
20,Port_Klang,2025-12-18,0.5755,14.64
20,Port_Klang,2025-12-19,0.6463,11.6
20,Port_Klang,2025-12-20,0.6299,5.49
20,Port_Klang,2025-12-21,0.6367,0.01
20,Port_Klang,2025-12-22,0.6706,15.72
20,Port_Klang,2025-12-23,0.7358,13.01
20,Port_Klang,2025-12-24,0.7859,28.04
20,Port_Klang,2025-12-25,0.7559,19.04
20,Port_Klang,2025-12-26,0.8116,15.45
20,Port_Klang,2025-12-27,0.7812,24.44
20,Port_Klang,2025-12-28,0.768,37.28
20,Port_Klang,2025-12-29,0.8953,31.4
20,Port_Klang,2025-12-30,0.8367,10.01
20,Port_Klang,2025-12-31,0.8588,98.89
