shipment_id,supplier_id,port_id,ship_date,expected_delivery_date,actual_delivery_date,distance_km,transport_mode,traffic_level,weather_severity,port_congestion,supplier_risk,delayed,delay_hours
1,24,15,2024-05-21,2024-06-18,2024-06-22,2875.68,ship,1,1,0.5994,0.0437,1,86.04
2,25,13,2025-11-13,2025-12-16,2025-12-20,4493.98,ship,1,1,0.6291,0.3294,1,90.66
3,25,16,2025-02-14,2025-03-09,2025-03-13,336.97,truck,4,0,0.8764,0.3294,1,90.59
4,16,9,2023-04-19,2023-05-16,2023-05-19,302.09,truck,2,1,0.5383,0.3266,1,74.91
5,14,6,2023-02-13,2023-03-13,2023-03-14,1079.6,truck,4,0,0.4536,0.2082,1,13.13
6,3,18,2024-01-14,2024-02-11,2024-02-11,1795.96,ship,2,0,0.611,0.2878,0,2.43
7,19,4,2023-07-25,2023-08-10,2023-08-13,418.39,truck,2,3,0.6084,0.2562,1,78.29
8,20,3,2024-09-01,2024-10-02,2024-10-02,1065.45,truck,3,0,0.6543,0.2853,0,2.76
9,40,7,2024-06-06,2024-06-30,2024-06-30,2806.64,air,3,0,0.2701,0.1206,0,2.32
10,4,15,2024-06-23,2024-08-01,2024-08-10,4056.14,truck,1,2,0.6575,0.2301,1,216.26
11,34,9,2023-07-22,2023-08-04,2023-08-04,11424.47,air,5,2,0.7782,0.0399,0,2.22
12,26,3,2023-11-21,2023-12-14,2023-12-15,1287.14,truck,2,2,0.5851,0.1577,1,30.39
13,44,20,2023-11-17,2023-12-02,2023-12-02,2146.45,truck,1,1,0.6155,0.0719,0,1.38
14,14,4,2023-10-25,2023-11-23,2023-11-23,2558.15,truck,1,0,0.6267,0.2082,0,1.23
15,45,11,2025-03-29,2025-04-15,2025-04-15,10289.33,air,5,0,0.3187,0.1051,0,2.07
16,35,10,2024-07-08,2024-08-04,2024-08-04,6175.95,air,3,2,0.3683,0.4038,0,2.76
17,32,6,2025-03-28,2025-04-20,2025-04-21,708.37,truck,1,0,0.7616,0.299,1,16.05
18,12,4,2025-05-17,2025-07-11,2025-07-12,7341.01,ship,3,1,0.5922,0.2771,1,28.06
19,15,2,2024-01-03,2024-02-08,2024-02-08,1685.19,truck,1,0,0.4761,0.1012,0,2.71
20,41,16,2025-03-24,2025-04-10,2025-04-10,405.56,truck,1,0,0.5534,0.5395,0,1.23
21,47,13,2023-02-07,2023-03-08,2023-03-10,1652.34,ship,4,1,0.3708,0.1768,1,43.24
22,50,12,2024-03-10,2024-03-29,2024-03-29,2583.08,air,1,0,0.1878,0.1476,0,2.58
23,45,8,2023-11-30,2023-12-16,2023-12-16,2182.36,air,2,0,0.2929,0.1051,0,2.15
24,9,14,2023-12-12,2023-12-31,2024-01-02,671.44,truck,5,0,0.6324,0.1382,1,57.73
25,48,20,2023-07-01,2023-07-23,2023-07-25,5524.21,air,3,0,0.601,0.5295,1,43.89
26,37,10,2023-12-22,2024-01-26,2024-01-26,1303.82,truck,4,0,0.3585,0.1502,0,1.98
27,32,9,2023-11-17,2023-12-12,2023-12-12,506.93,truck,2,0,0.5401,0.299,0,1.87
28,41,15,2024-09-28,2024-12-09,2024-12-10,20000.0,ship,5,1,0.4265,0.5395,1,25.76
29,37,20,2023-04-08,2023-05-20,2023-05-20,3938.01,ship,2,1,0.5063,0.1502,0,2.05
30,28,16,2023-09-28,2023-10-17,2023-10-17,8124.28,air,3,1,0.5395,0.183,0,3.27
31,20,20,2024-06-29,2024-08-01,2024-08-01,7592.84,air,1,0,0.4674,0.2853,0,2.46
32,26,16,2023-08-18,2023-09-21,2023-09-21,4221.71,ship,1,1,0.3407,0.1577,0,1.2
33,33,19,2024-11-03,2024-11-17,2024-11-17,838.45,truck,1,1,0.4336,0.1674,0,2.65
34,8,20,2023-05-16,2023-06-06,2023-06-06,523.48,truck,4,0,0.5948,0.1094,0,2.91
35,25,7,2024-12-08,2025-01-15,2025-01-19,5572.51,ship,4,1,0.266,0.3294,1,95.07
36,40,10,2024-09-05,2024-09-26,2024-09-26,1361.03,air,2,1,0.4256,0.1206,0,1.68
37,18,5,2023-01-25,2023-02-15,2023-02-15,4312.2,ship,4,0,0.5786,0.0465,0,2.88
38,13,11,2024-11-10,2024-11-25,2024-11-25,710.83,truck,3,0,0.5221,0.1757,0,3.55
39,48,15,2025-07-13,2025-09-03,2025-09-04,11958.83,ship,1,2,0.325,0.5295,1,26.21
40,13,13,2025-03-07,2025-03-20,2025-03-26,668.06,truck,3,2,0.4535,0.1757,1,147.87
41,39,19,2023-02-12,2023-03-08,2023-03-08,10052.05,air,4,1,0.373,0.2906,0,2.54
42,7,7,2023-05-09,2023-05-31,2023-06-02,3125.81,air,5,0,0.3404,0.2727,1,45.02
43,15,20,2024-06-04,2024-07-06,2024-07-06,407.12,truck,3,0,0.5813,0.1012,0,3.17
44,11,12,2023-02-13,2023-03-01,2023-03-01,1378.86,truck,2,0,0.2665,0.163,0,3.95
45,21,3,2024-09-08,2024-09-23,2024-09-23,2167.22,air,2,0,0.6557,0.1211,0,2.26
46,33,1,2024-11-29,2024-12-30,2024-12-31,7158.0,ship,4,0,0.7325,0.1674,1,26.93
47,50,15,2023-06-17,2023-07-08,2023-07-12,1850.43,truck,4,2,0.2521,0.1476,1,103.92
48,46,15,2025-06-07,2025-06-28,2025-06-28,7881.97,air,4,2,0.4828,0.0911,0,2.01
49,50,11,2025-11-24,2025-12-16,2025-12-20,2908.84,air,5,1,0.3966,0.1476,1,101.64
50,43,3,2024-06-19,2024-08-14,2024-08-14,12072.62,ship,5,0,0.5403,0.1166,0,1.4
51,19,8,2025-03-26,2025-04-15,2025-04-15,2257.64,truck,1,0,0.1815,0.2562,0,3.07
52,45,13,2024-03-17,2024-05-10,2024-05-11,14614.36,ship,3,1,0.3348,0.1051,1,19.57
53,49,13,2023-05-28,2023-06-16,2023-06-17,1754.93,truck,3,0,0.381,0.0836,1,16.93
54,21,17,2023-05-09,2023-05-27,2023-05-28,1518.06,truck,3,1,0.2198,0.1211,1,19.54
55,34,12,2024-06-15,2024-06-26,2024-06-26,4194.53,air,2,0,0.2981,0.0399,0,2.5
56,10,13,2023-07-22,2023-08-14,2023-08-15,3860.75,air,3,0,0.3772,0.335,1,22.0
57,41,9,2025-03-30,2025-04-23,2025-04-24,3955.92,ship,2,1,0.4409,0.5395,1,15.92
58,15,3,2025-04-16,2025-06-18,2025-06-18,10979.07,ship,2,0,0.4832,0.1012,0,2.94
59,46,16,2024-10-23,2025-01-06,2025-01-09,20000.0,ship,3,1,0.5131,0.0911,1,64.29
60,34,10,2023-10-28,2023-11-16,2023-11-22,3975.92,ship,5,1,0.4671,0.0399,1,134.84
61,10,1,2023-10-21,2023-11-18,2023-11-20,2883.01,ship,3,1,0.6394,0.335,1,40.25
62,28,10,2025-04-16,2025-05-05,2025-05-05,4513.87,air,4,1,0.5789,0.183,0,1.89
63,30,13,2024-05-17,2024-06-26,2024-06-29,7722.99,ship,5,1,0.5921,0.3611,1,78.91
64,28,11,2024-03-01,2024-03-20,2024-03-20,1633.41,truck,3,0,0.4834,0.183,0,2.43
65,41,4,2023-06-01,2023-06-17,2023-06-17,418.16,truck,1,1,0.5909,0.5395,0,4.0
66,40,7,2025-09-15,2025-10-06,2025-10-06,1964.08,air,2,0,0.3452,0.1206,0,1.98
67,30,16,2023-04-07,2023-04-26,2023-04-28,1087.29,truck,1,1,0.7504,0.3611,1,45.42
68,40,20,2024-07-01,2024-08-02,2024-08-03,3971.0,ship,2,0,0.5835,0.1206,1,34.44
69,19,2,2023-07-29,2023-08-14,2023-08-16,842.34,truck,2,0,0.0895,0.2562,1,45.34
70,31,7,2023-08-21,2023-10-17,2023-10-18,13326.31,ship,4,0,0.2392,0.2757,1,20.83
71,15,5,2025-09-02,2025-10-10,2025-10-12,3387.92,truck,5,1,0.4713,0.1012,1,55.53
72,30,2,2023-03-15,2023-04-03,2023-04-04,637.12,truck,4,0,0.3426,0.3611,1,30.0
73,46,17,2024-12-06,2024-12-26,2024-12-26,5069.16,air,3,0,0.4385,0.0911,0,1.28
74,32,17,2024-11-18,2024-12-14,2024-12-15,405.13,truck,4,0,0.2779,0.299,1,34.05
75,34,18,2023-08-27,2023-09-08,2023-09-15,313.83,truck,2,2,0.6541,0.0399,1,156.96
76,32,7,2024-04-01,2024-05-05,2024-05-05,2518.96,truck,5,1,0.4372,0.299,0,1.73
77,12,5,2024-03-09,2024-04-27,2024-04-27,7085.12,ship,4,0,0.3153,0.2771,1,10.84
78,16,3,2025-01-06,2025-03-21,2025-03-22,17059.85,ship,2,2,0.6418,0.3266,1,31.81
79,50,13,2023-04-09,2023-04-28,2023-04-28,404.07,truck,1,1,0.5695,0.1476,0,0.88
80,36,1,2024-09-27,2024-10-20,2024-10-25,1256.02,truck,4,1,0.8334,0.0168,1,119.38
81,32,16,2023-08-27,2023-09-22,2023-09-22,683.78,truck,1,1,0.7301,0.299,0,1.74
82,47,1,2024-03-28,2024-04-25,2024-04-26,352.23,truck,2,0,0.6492,0.1768,1,27.46
83,47,6,2024-11-02,2024-12-10,2024-12-10,3931.25,ship,1,0,0.5437,0.1768,1,9.69
84,10,9,2024-02-24,2024-03-21,2024-03-22,1584.2,truck,5,0,0.7139,0.335,1,22.41
85,1,9,2023-11-27,2023-12-22,2023-12-24,998.46,truck,3,1,0.6721,0.2492,1,55.07
86,7,18,2023-03-25,2023-04-15,2023-04-15,592.2,truck,4,1,0.6706,0.2727,0,7.9
87,49,14,2024-09-19,2024-10-06,2024-10-06,1604.7,truck,5,0,0.4568,0.0836,0,2.58
88,15,6,2023-03-19,2023-05-03,2023-05-05,5225.44,ship,5,0,0.6797,0.1012,1,48.16
89,38,10,2023-06-14,2023-06-29,2023-06-29,318.94,truck,3,1,0.6973,0.1178,0,2.09
90,22,12,2023-12-08,2023-12-24,2023-12-24,1415.15,air,1,0,0.4501,0.1904,0,1.68
91,32,12,2024-12-02,2024-12-29,2024-12-29,3561.09,air,1,0,0.3021,0.299,0,0.9
92,38,4,2025-11-20,2025-12-09,2025-12-10,1547.56,truck,4,0,0.5687,0.1178,1,32.9
93,31,3,2023-01-06,2023-02-01,2023-02-04,3334.64,ship,4,1,0.645,0.2757,1,61.2
94,50,12,2024-09-21,2024-10-11,2024-10-11,1350.85,truck,4,0,0.2751,0.1476,0,2.01
95,8,13,2023-12-03,2024-01-22,2024-01-22,9761.83,ship,1,0,0.3649,0.1094,0,3.03
96,18,17,2025-04-28,2025-05-15,2025-05-15,3186.38,truck,1,1,0.2791,0.0465,0,1.34
97,39,11,2024-05-17,2024-06-07,2024-06-08,850.73,truck,4,1,0.5502,0.2906,1,22.3
98,36,14,2024-07-29,2024-08-21,2024-08-21,342.44,truck,3,2,0.5132,0.0168,0,3.21
99,7,2,2023-02-25,2023-03-29,2023-03-29,4155.05,ship,1,0,0.3617,0.2727,0,3.22
100,45,10,2023-11-01,2023-11-16,2023-11-18,1194.99,truck,2,1,0.5271,0.1051,1,54.28
101,32,18,2025-04-30,2025-06-18,2025-06-21,8797.24,ship,5,1,0.4682,0.299,1,74.87
102,2,15,2024-07-22,2024-08-01,2024-08-03,365.73,truck,5,1,0.588,0.3485,1,50.28
103,23,17,2024-03-04,2024-04-17,2024-04-19,6647.5,ship,1,0,0.5068,0.2281,1,40.48
104,23,13,2023-03-01,2023-03-29,2023-04-01,2067.97,ship,5,1,0.4535,0.2281,1,77.12
105,42,2,2024-02-11,2024-02-29,2024-02-29,1424.16,truck,1,0,0.3526,0.2372,0,2.21
106,29,10,2023-02-03,2023-03-05,2023-03-05,3107.08,ship,2,0,0.4905,0.223,0,4.13
107,11,9,2024-02-21,2024-03-21,2024-03-21,5923.31,ship,4,0,0.7835,0.163,0,1.42
108,1,3,2024-09-30,2024-10-24,2024-10-25,507.0,truck,2,1,0.7524,0.2492,1,30.5
109,6,11,2024-03-16,2024-04-09,2024-04-09,503.54,truck,4,0,0.4656,0.3463,0,0.96
110,47,12,2023-10-05,2023-11-02,2023-11-02,3598.13,air,2,1,0.4439,0.1768,0,2.55
111,13,4,2025-03-11,2025-03-28,2025-03-28,2288.01,truck,2,0,0.6234,0.1757,0,2.24
112,35,2,2025-08-29,2025-09-24,2025-09-24,831.6,truck,3,0,0.4931,0.4038,0,2.3
113,14,1,2025-09-05,2025-11-28,2025-11-29,20000.0,ship,3,1,0.6369,0.2082,1,27.84
114,25,2,2023-05-30,2023-06-22,2023-06-22,4977.81,air,5,1,0.0312,0.3294,0,1.89
115,47,11,2024-08-19,2024-09-16,2024-09-16,1572.26,air,5,2,0.6317,0.1768,0,2.73
116,48,5,2024-05-14,2024-06-17,2024-06-18,5430.33,ship,1,1,0.4554,0.5295,1,31.97
117,20,17,2024-09-29,2024-12-08,2024-12-09,14998.09,ship,2,0,0.3522,0.2853,1,18.09
118,39,2,2025-07-24,2025-10-05,2025-10-07,20000.0,ship,5,1,0.4337,0.2906,1,42.88
119,32,13,2023-01-22,2023-02-19,2023-02-19,10390.7,air,2,1,0.1921,0.299,0,2.86
120,40,4,2023-12-09,2023-12-30,2023-12-30,3674.02,air,1,0,0.5198,0.1206,0,1.91
121,27,15,2023-05-28,2023-06-22,2023-06-26,1453.06,truck,1,2,0.3751,0.1179,1,91.14
122,37,12,2023-06-20,2023-08-16,2023-08-16,9269.36,ship,4,1,0.3995,0.1502,0,1.82
123,27,5,2024-09-27,2024-10-15,2024-10-16,303.87,truck,2,1,0.3801,0.1179,1,27.34
124,38,8,2025-07-12,2025-07-28,2025-07-28,1010.46,truck,5,2,0.2843,0.1178,0,1.7
125,40,11,2023-05-26,2023-06-14,2023-06-19,396.49,truck,4,1,0.4674,0.1206,1,120.16
126,43,13,2023-02-12,2023-03-08,2023-03-08,2549.17,air,2,2,0.2946,0.1166,0,1.54
127,23,19,2024-10-07,2024-10-31,2024-10-31,988.84,truck,2,1,0.3224,0.2281,0,1.81
128,27,3,2025-09-29,2025-10-22,2025-10-22,1194.33,truck,4,0,0.4632,0.1179,0,1.9
129,4,19,2023-03-25,2023-05-31,2023-06-02,12845.31,ship,1,0,0.2973,0.2301,1,42.5
130,5,15,2023-12-18,2024-01-13,2024-01-16,753.14,truck,3,0,0.6736,0.2606,1,72.52
131,50,5,2024-04-18,2024-05-21,2024-05-22,5829.8,ship,5,0,0.5402,0.1476,1,16.27
132,25,5,2023-03-18,2023-04-13,2023-04-14,1367.04,truck,4,0,0.4336,0.3294,1,34.64
133,7,17,2023-04-28,2023-05-19,2023-05-19,588.75,truck,2,0,0.2616,0.2727,0,2.23
134,36,16,2024-05-11,2024-06-01,2024-06-03,560.79,truck,3,1,0.7345,0.0168,1,41.82
135,14,9,2024-03-26,2024-04-25,2024-04-25,1722.76,truck,1,0,0.5408,0.2082,0,1.44
136,37,14,2023-11-30,2024-01-02,2024-01-03,1360.86,truck,5,1,0.2077,0.1502,1,33.04
137,50,11,2024-05-11,2024-06-05,2024-06-07,3636.76,ship,3,0,0.3316,0.1476,1,58.21
138,17,17,2023-06-02,2023-07-13,2023-07-14,589.12,truck,3,2,0.2265,0.1135,1,16.68
139,19,9,2024-03-23,2024-04-10,2024-04-13,306.75,truck,3,0,0.4663,0.2562,1,79.47
140,48,15,2023-07-10,2023-07-28,2023-07-28,2945.42,air,5,1,0.6395,0.5295,0,2.21
141,15,6,2025-06-28,2025-07-28,2025-07-28,612.16,truck,5,1,0.2305,0.1012,0,4.11
142,45,2,2024-08-19,2024-09-04,2024-09-04,7366.05,air,5,1,0.14,0.1051,0,3.02
143,2,2,2024-03-27,2024-04-09,2024-04-13,5028.82,air,2,1,0.4972,0.3485,1,94.31
144,23,16,2024-12-26,2025-02-28,2025-03-07,14818.75,ship,3,0,0.781,0.2281,1,161.19
145,26,4,2023-07-14,2023-09-09,2023-09-15,13221.54,ship,4,1,0.5024,0.1577,1,145.08
146,4,14,2025-11-14,2025-12-17,2025-12-18,610.17,truck,5,1,0.3576,0.2301,1,34.08
147,30,1,2024-05-11,2024-05-31,2024-06-01,644.54,truck,3,1,0.7269,0.3611,1,28.85
148,47,14,2025-06-20,2025-07-17,2025-07-17,410.29,truck,5,3,0.3065,0.1768,0,8.77
149,33,5,2025-01-18,2025-02-08,2025-02-08,3913.0,truck,1,0,0.721,0.1674,1,9.26
150,27,11,2025-03-15,2025-04-07,2025-04-09,959.68,truck,2,0,0.5067,0.1179,1,37.92
151,39,18,2024-07-06,2024-07-22,2024-07-25,374.99,truck,1,1,0.561,0.2906,1,80.89
152,37,13,2023-06-04,2023-07-04,2023-07-08,509.26,truck,3,0,0.505,0.1502,1,95.34
153,35,5,2024-12-30,2025-01-25,2025-01-25,3867.05,air,3,0,0.5213,0.4038,0,2.09
154,42,14,2023-02-28,2023-03-14,2023-03-14,964.36,truck,1,0,0.471,0.2372,0,3.43
155,12,12,2024-07-02,2024-08-04,2024-08-05,1088.67,truck,3,1,0.3136,0.2771,1,34.73
156,39,17,2024-08-10,2024-09-04,2024-09-05,3788.52,truck,2,1,0.2166,0.2906,1,14.07
157,26,1,2024-11-04,2024-11-21,2024-11-21,473.4,truck,1,0,0.5125,0.1577,0,2.44
158,11,6,2024-07-30,2024-08-18,2024-08-20,2191.54,ship,3,2,0.5194,0.163,1,51.18
159,20,11,2023-06-04,2023-07-14,2023-07-16,3274.38,ship,3,2,0.2051,0.2853,1,48.08
160,39,17,2025-04-22,2025-05-13,2025-05-15,548.88,truck,4,1,0.2671,0.2906,1,59.03
161,18,8,2024-02-17,2024-03-01,2024-03-01,1792.37,truck,5,1,0.1901,0.0465,0,2.07
162,34,11,2025-04-02,2025-05-02,2025-05-02,7515.99,ship,3,0,0.3614,0.0399,0,2.06
163,15,7,2023-06-20,2023-07-18,2023-07-18,367.12,truck,4,0,0.1762,0.1012,0,2.82
164,42,17,2025-01-12,2025-01-25,2025-01-25,627.43,truck,4,0,0.3959,0.2372,0,2.35
165,37,17,2025-04-03,2025-05-08,2025-05-08,2419.92,truck,1,1,0.3242,0.1502,0,1.92
166,27,8,2023-06-30,2023-07-22,2023-07-22,1073.64,truck,2,1,0.5526,0.1179,0,1.95
167,29,3,2023-04-02,2023-04-28,2023-04-30,2329.34,truck,2,1,0.3147,0.223,1,43.51
168,50,3,2023-06-29,2023-07-16,2023-07-17,411.91,truck,4,0,0.4181,0.1476,1,23.71
169,7,7,2023-03-04,2023-04-25,2023-04-25,10252.67,ship,2,2,0.0693,0.2727,0,2.36
170,45,2,2024-08-08,2024-08-22,2024-08-22,1406.04,truck,5,1,0.2953,0.1051,1,7.49
171,1,10,2024-10-26,2024-12-01,2024-12-01,4925.84,ship,1,0,0.4049,0.2492,0,1.96
172,7,18,2023-05-20,2023-06-11,2023-06-15,893.32,truck,2,2,0.6537,0.2727,1,90.43
173,49,7,2025-06-12,2025-07-01,2025-07-01,1550.31,truck,3,0,0.3475,0.0836,0,6.14
174,13,12,2025-03-31,2025-05-22,2025-05-23,12827.47,ship,5,1,0.2396,0.1757,1,19.77
175,37,18,2023-05-01,2023-06-01,2023-06-02,2393.73,air,4,2,0.694,0.1502,1,33.71
176,23,20,2025-11-14,2025-12-07,2025-12-07,1198.65,truck,4,1,0.3311,0.2281,0,1.61
177,8,4,2023-10-21,2023-11-30,2023-12-01,5957.18,ship,3,1,0.51,0.1094,1,25.15
178,11,20,2023-03-24,2023-04-12,2023-04-12,2399.5,truck,3,0,0.6113,0.163,0,2.77
179,47,7,2025-01-30,2025-02-26,2025-02-27,1171.73,truck,3,2,0.0729,0.1768,1,18.63
180,34,14,2023-03-27,2023-04-05,2023-04-05,471.37,truck,4,1,0.1185,0.0399,0,1.95
181,20,7,2023-05-22,2023-06-26,2023-06-27,1904.59,ship,3,1,0.2487,0.2853,1,26.67
182,14,16,2025-09-16,2025-10-16,2025-10-18,661.85,truck,4,0,0.7416,0.2082,1,49.36
183,25,14,2024-03-13,2024-04-03,2024-04-03,2965.7,air,1,0,0.2144,0.3294,0,3.58
184,21,3,2025-07-14,2025-07-27,2025-07-27,1584.21,air,4,0,0.7039,0.1211,0,1.35
185,39,17,2024-01-10,2024-02-02,2024-02-02,2285.28,truck,5,0,0.5979,0.2906,0,2.12
186,19,2,2023-05-07,2023-05-21,2023-05-21,842.73,truck,4,1,0.469,0.2562,0,2.61
187,5,16,2023-01-28,2023-02-26,2023-02-26,2220.64,truck,4,0,0.5877,0.2606,0,1.63
188,43,13,2023-05-06,2023-06-02,2023-06-05,871.99,truck,3,1,0.6052,0.1166,1,83.72
189,39,12,2023-04-13,2023-05-31,2023-06-01,10030.92,ship,4,0,0.3186,0.2906,1,35.77
190,32,10,2023-06-04,2023-07-07,2023-07-09,3714.78,truck,4,1,0.5633,0.299,1,44.95
191,50,3,2024-07-11,2024-07-31,2024-08-02,977.22,truck,5,0,0.3885,0.1476,1,50.89
192,36,10,2023-06-05,2023-06-30,2023-06-30,1248.67,truck,2,2,0.6115,0.0168,0,5.51
193,34,8,2024-10-01,2024-10-12,2024-10-16,618.5,truck,5,1,0.3373,0.0399,1,94.83
194,47,18,2023-12-22,2024-01-19,2024-01-19,1504.19,ship,1,0,0.5852,0.1768,0,1.63
195,23,20,2024-11-27,2024-12-19,2024-12-19,405.81,truck,1,1,0.6845,0.2281,0,3.17
196,33,1,2025-08-21,2025-09-05,2025-09-05,701.85,truck,5,1,0.64,0.1674,0,1.86
197,28,9,2024-07-15,2024-08-05,2024-08-06,6694.55,air,4,1,0.6751,0.183,1,25.18
198,1,17,2023-11-28,2023-12-23,2023-12-23,631.39,truck,4,0,0.3167,0.2492,0,2.71
199,1,5,2024-02-13,2024-03-15,2024-03-17,3118.11,ship,4,0,0.508,0.2492,1,46.37
200,46,19,2023-07-26,2023-08-12,2023-08-12,372.22,truck,3,1,0.2258,0.0911,0,1.39
201,37,3,2024-12-26,2025-01-30,2025-01-31,7139.76,air,3,1,0.6683,0.1502,1,35.66
202,45,2,2023-09-19,2023-10-02,2023-10-03,418.1,truck,4,1,0.4967,0.1051,1,17.81
203,26,6,2024-09-03,2024-09-25,2024-09-27,718.29,truck,4,0,0.531,0.1577,1,52.96
204,47,7,2025-01-09,2025-02-06,2025-02-06,6384.97,air,1,1,0.2105,0.1768,0,2.42
205,9,7,2025-09-06,2025-09-26,2025-09-26,807.59,truck,1,0,0.1356,0.1382,0,1.83
206,18,19,2024-08-12,2024-08-26,2024-08-26,7331.71,air,3,0,0.4345,0.0465,0,2.3
207,43,15,2024-05-21,2024-07-01,2024-07-02,5969.27,ship,5,1,0.5994,0.1166,1,23.9
208,2,8,2025-02-15,2025-02-25,2025-02-25,635.79,truck,1,0,0.4597,0.3485,0,2.34
209,43,6,2023-06-07,2023-07-16,2023-07-16,4872.65,ship,3,2,0.2703,0.1166,0,3.25
210,27,14,2024-03-03,2024-03-31,2024-04-02,3871.09,truck,4,0,0.2369,0.1179,1,58.46
211,6,13,2023-03-24,2023-04-19,2023-04-19,2664.9,air,4,1,0.4152,0.3463,0,2.13
212,39,8,2023-08-22,2023-09-08,2023-09-08,1598.03,air,4,1,0.4099,0.2906,0,2.16
213,22,2,2024-08-14,2024-08-30,2024-08-30,5908.44,air,5,1,0.2164,0.1904,0,1.88
214,44,4,2024-10-11,2024-10-28,2024-10-28,8332.99,air,2,1,0.3579,0.0719,0,4.34
215,6,16,2023-08-01,2023-08-28,2023-08-28,1127.43,truck,3,2,0.3712,0.3463,1,10.71
216,3,20,2024-11-04,2024-12-01,2024-12-03,1755.35,truck,2,2,0.6609,0.2878,1,51.99
217,34,19,2025-11-21,2025-12-07,2025-12-07,3173.96,truck,1,2,0.3061,0.0399,0,2.27
218,27,12,2025-08-15,2025-09-07,2025-09-07,2130.98,truck,2,0,0.3853,0.1179,0,1.45
219,12,7,2024-03-07,2024-04-07,2024-04-11,1595.88,air,1,1,0.2099,0.2771,1,84.62
220,8,16,2023-07-14,2023-08-05,2023-08-05,452.3,truck,3,2,0.6206,0.1094,0,1.31
221,36,2,2023-03-30,2023-04-21,2023-04-21,2377.73,truck,3,0,0.4628,0.0168,0,2.12
222,49,5,2024-06-22,2024-07-08,2024-07-08,680.12,truck,1,0,0.4868,0.0836,0,2.24
223,1,16,2025-02-21,2025-03-18,2025-03-18,1845.36,truck,3,0,1.0,0.2492,0,2.99
224,22,6,2024-03-10,2024-03-31,2024-03-31,13493.16,air,1,0,0.2939,0.1904,0,5.93
225,50,15,2023-09-06,2023-10-09,2023-10-09,5844.41,ship,2,1,0.5211,0.1476,0,2.35
226,13,12,2025-02-02,2025-03-16,2025-03-21,9008.41,ship,5,0,0.3855,0.1757,1,118.83
227,37,15,2024-02-17,2024-03-19,2024-03-19,345.16,truck,3,0,0.5597,0.1502,0,2.61
228,40,17,2024-12-06,2024-12-31,2025-01-02,1642.76,truck,1,0,0.4385,0.1206,1,59.33
229,48,7,2024-08-14,2024-09-02,2024-09-07,1699.7,truck,1,1,0.2404,0.5295,1,120.87
230,47,6,2024-08-12,2024-09-08,2024-09-08,435.68,truck,3,2,0.5326,0.1768,0,2.19
231,27,11,2024-05-30,2024-06-23,2024-06-24,2066.03,truck,5,1,0.4698,0.1179,1,21.23
232,50,5,2024-08-03,2024-08-24,2024-09-06,1853.0,truck,5,1,0.6742,0.1476,1,306.01
233,21,12,2023-09-07,2023-11-11,2023-11-13,18880.06,ship,5,1,0.1958,0.1211,1,51.1
234,27,18,2024-12-26,2025-01-17,2025-01-17,358.97,truck,5,0,0.5541,0.1179,0,1.85
235,47,19,2024-06-01,2024-06-26,2024-06-27,528.5,truck,3,0,0.19,0.1768,1,18.28
236,12,19,2024-09-04,2024-10-06,2024-10-06,926.17,truck,1,1,0.3604,0.2771,0,1.85
237,26,15,2025-04-16,2025-05-17,2025-05-17,5125.71,ship,3,1,0.5494,0.1577,0,1.83
238,12,18,2023-04-24,2023-05-24,2023-05-24,1980.54,truck,2,0,0.7341,0.2771,0,2.64
239,50,19,2025-07-29,2025-08-19,2025-08-19,1026.85,truck,2,1,0.2828,0.1476,0,3.93
240,46,17,2024-03-01,2024-04-23,2024-04-25,12916.82,ship,2,1,0.4506,0.0911,1,57.01
241,35,10,2024-08-11,2024-09-04,2024-09-05,320.64,truck,3,1,0.4747,0.4038,1,32.99
242,15,4,2024-06-05,2024-07-05,2024-07-09,356.45,truck,4,2,0.5394,0.1012,1,87.58
243,20,3,2023-08-20,2023-09-21,2023-09-21,681.81,truck,3,0,0.6919,0.2853,0,2.4
244,31,16,2023-04-13,2023-06-03,2023-06-06,11451.46,ship,1,1,0.6285,0.2757,1,63.99
245,35,7,2025-11-06,2025-12-07,2025-12-11,2885.07,truck,4,1,0.2289,0.4038,1,90.87
246,20,7,2024-07-20,2024-08-21,2024-08-21,1455.28,truck,1,0,0.3184,0.2853,0,3.85
247,12,1,2023-12-08,2024-01-29,2024-02-01,7614.12,ship,5,0,0.4742,0.2771,1,76.8
248,6,10,2023-05-08,2023-06-03,2023-06-04,749.17,truck,2,1,0.5152,0.3463,1,31.88
249,30,19,2023-09-06,2023-09-25,2023-09-25,2575.15,air,4,1,0.3441,0.3611,0,1.71
250,4,18,2023-06-29,2023-07-30,2023-08-01,549.94,truck,4,2,0.4658,0.2301,1,59.88
251,24,9,2024-02-05,2024-02-25,2024-02-25,8745.48,air,2,0,0.6258,0.0437,0,2.45
252,48,10,2025-11-29,2025-12-15,2025-12-17,353.11,truck,5,0,0.5901,0.5295,1,59.09
253,30,18,2024-12-16,2025-01-07,2025-01-07,1199.83,truck,4,0,0.6578,0.3611,0,1.97
254,7,6,2023-12-16,2024-01-04,2024-01-04,346.85,truck,1,0,0.563,0.2727,0,1.25
255,36,16,2024-09-25,2024-10-21,2024-10-25,2057.97,truck,4,1,0.378,0.0168,1,90.56
256,38,15,2025-07-16,2025-07-31,2025-08-04,9150.58,air,5,2,0.5211,0.1178,1,98.7
257,4,11,2025-09-06,2025-10-31,2025-11-03,8991.31,ship,5,1,0.2109,0.2301,1,70.6
258,48,2,2025-05-29,2025-06-20,2025-06-20,9156.8,air,1,1,0.2786,0.5295,0,2.73
259,19,1,2024-11-21,2024-12-07,2024-12-08,571.94,truck,5,0,0.6269,0.2562,1,25.06
260,47,3,2025-02-04,2025-03-05,2025-03-19,1604.09,truck,5,1,0.7013,0.1768,1,325.63
261,45,3,2025-05-21,2025-06-04,2025-06-05,516.45,truck,4,0,0.5944,0.1051,1,18.93
262,16,6,2024-04-05,2024-05-05,2024-05-06,1222.79,truck,1,0,0.5387,0.3266,1,31.91
263,48,14,2023-11-21,2023-12-07,2023-12-07,787.39,truck,2,0,0.5727,0.5295,0,2.54
264,21,16,2025-06-03,2025-06-20,2025-06-21,1338.33,truck,3,1,0.7874,0.1211,1,28.05
265,28,19,2023-11-14,2024-01-24,2024-01-25,20000.0,ship,4,0,0.2824,0.183,1,18.85
266,35,4,2025-06-02,2025-06-28,2025-07-01,768.21,truck,1,2,0.5871,0.4038,1,77.06
267,50,20,2023-03-24,2023-04-11,2023-04-11,520.01,truck,5,0,0.6113,0.1476,0,2.83
268,35,1,2023-07-18,2023-08-13,2023-08-14,364.67,truck,2,2,0.6286,0.4038,1,24.45
269,46,13,2024-02-12,2024-03-07,2024-03-08,15188.46,air,3,1,0.251,0.0911,1,12.76
270,11,17,2023-10-17,2023-11-10,2023-11-11,3959.38,ship,4,1,0.3027,0.163,1,14.97
271,14,8,2024-09-10,2024-12-01,2024-12-01,20000.0,ship,2,0,0.5402,0.2082,0,1.85
272,5,13,2024-04-21,2024-05-25,2024-05-27,2303.81,ship,5,1,0.4358,0.2606,1,56.82
273,46,16,2025-04-05,2025-05-13,2025-05-13,7588.9,ship,3,0,0.4469,0.0911,0,1.41
274,6,20,2025-08-06,2025-08-30,2025-08-30,825.78,truck,4,0,0.5555,0.3463,0,2.23
275,6,18,2023-01-10,2023-02-04,2023-02-11,571.62,truck,5,0,0.4533,0.3463,1,156.8
276,13,3,2023-09-04,2023-10-04,2023-10-04,5509.25,ship,1,1,0.5875,0.1757,0,1.59
277,14,9,2024-10-04,2024-11-04,2024-11-05,1938.25,ship,3,0,0.5846,0.2082,1,12.24
278,36,15,2024-04-02,2024-04-24,2024-04-24,5853.91,air,1,1,0.4548,0.0168,0,1.75
279,15,4,2025-08-21,2025-09-20,2025-10-02,837.25,truck,5,2,0.4728,0.1012,1,295.39
280,5,10,2024-01-09,2024-03-31,2024-04-01,20000.0,ship,2,0,0.5071,0.2606,1,28.58
281,18,20,2024-08-17,2024-08-29,2024-09-15,1739.0,truck,5,0,0.5951,0.0465,1,406.3
282,39,19,2024-11-26,2024-12-16,2024-12-17,416.17,truck,1,1,0.4556,0.2906,1,24.25
283,37,5,2024-05-05,2024-06-05,2024-06-05,707.61,truck,1,1,0.5656,0.1502,0,2.79
284,6,17,2024-09-19,2024-10-14,2024-10-14,528.74,truck,1,1,0.2572,0.3463,0,2.6
285,40,13,2024-09-20,2024-10-28,2024-10-29,7758.28,ship,4,1,0.3961,0.1206,1,13.88
286,13,1,2024-12-29,2025-02-12,2025-02-14,10400.51,ship,5,0,0.5913,0.1757,1,37.53
287,26,19,2023-08-08,2023-08-29,2023-08-31,537.75,truck,4,0,0.1689,0.1577,1,48.03
288,27,10,2023-08-11,2023-09-05,2023-09-07,1247.04,truck,4,1,0.8197,0.1179,1,44.59
289,30,5,2024-01-06,2024-01-27,2024-01-27,11069.23,air,5,0,0.4016,0.3611,0,4.22
290,10,13,2024-08-26,2024-09-16,2024-09-19,331.52,truck,4,0,0.3601,0.335,1,72.62
291,15,6,2025-04-27,2025-05-28,2025-05-28,451.71,truck,5,1,0.6932,0.1012,0,1.67
292,49,20,2023-08-03,2023-08-22,2023-08-22,1838.25,truck,4,0,0.6849,0.0836,0,1.72
293,5,7,2024-09-15,2024-10-18,2024-10-22,2943.98,ship,2,1,0.5687,0.2606,1,85.57
294,6,13,2024-05-07,2024-06-02,2024-06-02,594.5,truck,4,0,0.4069,0.3463,0,2.13
295,10,16,2025-02-03,2025-02-28,2025-03-03,1611.36,truck,4,1,0.8003,0.335,1,65.74
296,25,11,2025-09-10,2025-10-09,2025-10-13,3423.04,truck,1,1,0.3455,0.3294,1,106.95
297,10,9,2024-12-18,2025-01-12,2025-01-12,908.27,truck,1,1,0.5131,0.335,1,10.58
298,29,8,2024-07-11,2024-08-01,2024-08-08,797.73,truck,5,2,0.4121,0.223,1,163.7
299,31,14,2024-08-12,2024-08-30,2024-09-03,353.8,truck,3,1,0.3804,0.2757,1,94.18
300,50,8,2024-02-15,2024-03-08,2024-03-13,428.85,truck,4,1,0.2627,0.1476,1,124.39
301,2,12,2024-03-20,2024-04-01,2024-04-03,662.3,truck,5,0,0.252,0.3485,1,59.2
302,42,6,2024-12-27,2025-01-11,2025-01-16,355.2,truck,2,1,0.4272,0.2372,1,130.97
303,39,19,2025-02-21,2025-03-14,2025-03-14,1197.01,truck,4,1,0.4033,0.2906,0,3.18
304,21,2,2024-05-23,2024-06-08,2024-06-08,1779.7,air,3,2,0.4739,0.1211,0,1.55
305,26,18,2025-09-27,2025-10-19,2025-10-21,1468.6,truck,1,0,0.503,0.1577,1,36.82
306,15,2,2025-03-04,2025-04-18,2025-04-18,5501.67,ship,1,0,0.4196,0.1012,0,2.57
307,30,20,2024-07-30,2024-08-18,2024-08-20,675.85,truck,1,0,0.6531,0.3611,1,39.72
308,31,18,2025-04-04,2025-04-25,2025-04-25,2015.44,ship,3,0,0.6253,0.2757,0,2.78
309,7,16,2024-01-07,2024-01-29,2024-02-04,1300.53,truck,4,0,0.8259,0.2727,1,154.16
310,2,8,2025-03-02,2025-03-17,2025-03-20,561.07,truck,3,0,0.3409,0.3485,1,71.09
311,22,15,2024-12-21,2025-01-09,2025-01-09,2033.5,truck,2,0,0.5442,0.1904,0,4.83
312,13,8,2024-06-05,2024-06-20,2024-06-22,374.61,truck,4,1,0.4961,0.1757,1,55.7
313,38,9,2024-11-26,2024-12-21,2024-12-21,3808.48,ship,5,0,0.6374,0.1178,0,2.87
314,12,7,2023-10-23,2023-11-25,2023-11-26,2232.48,truck,5,1,0.3054,0.2771,1,27.33
315,31,6,2025-11-23,2025-12-22,2025-12-22,4445.56,ship,2,0,0.2882,0.2757,0,2.52
316,31,15,2025-02-08,2025-02-28,2025-03-02,1392.73,truck,2,0,0.4575,0.2757,1,48.42
317,32,8,2023-11-25,2024-02-01,2024-02-01,15153.67,ship,5,0,0.3311,0.299,0,1.06
318,38,18,2023-02-01,2023-02-17,2023-02-17,387.92,truck,3,0,0.5701,0.1178,0,1.95
319,32,7,2023-06-10,2023-07-08,2023-07-08,2504.15,truck,4,1,0.0,0.299,0,3.93
320,38,7,2025-06-24,2025-07-10,2025-07-12,444.06,truck,1,0,0.0973,0.1178,1,44.69
321,42,12,2024-02-04,2024-02-25,2024-02-27,2391.67,truck,4,0,0.2326,0.2372,1,48.9
322,16,5,2025-07-13,2025-08-22,2025-08-24,5208.05,ship,3,1,0.4858,0.3266,1,49.95
323,8,1,2024-06-15,2024-07-05,2024-07-06,335.52,truck,3,1,0.9137,0.1094,1,29.61
324,10,13,2024-02-24,2024-03-24,2024-03-24,3970.13,truck,3,1,0.3662,0.335,0,2.41
325,38,15,2023-12-08,2023-12-22,2023-12-22,522.19,truck,3,0,0.6056,0.1178,0,3.22
326,43,17,2023-12-31,2024-01-27,2024-01-27,1596.8,ship,2,0,0.3004,0.1166,0,1.02
327,38,4,2024-02-23,2024-03-13,2024-03-16,1030.34,truck,4,1,0.6403,0.1178,1,67.84
328,14,13,2023-07-06,2023-08-06,2023-08-09,2662.51,ship,5,1,0.343,0.2082,1,78.23
329,10,9,2024-06-19,2024-07-20,2024-07-24,2340.62,ship,5,2,0.8642,0.335,1,103.07
330,42,11,2025-06-24,2025-07-11,2025-07-13,866.92,truck,3,2,0.6049,0.2372,1,41.72
331,10,20,2024-09-06,2024-10-02,2024-10-04,1169.88,truck,2,0,0.5284,0.335,1,43.67
332,27,16,2023-02-09,2023-04-08,2023-04-08,13141.98,ship,2,0,0.7343,0.1179,0,1.99
333,2,10,2023-08-31,2023-09-13,2023-09-13,2412.01,truck,2,0,0.5095,0.3485,0,2.17
334,5,17,2024-03-17,2024-05-05,2024-05-10,8871.18,ship,2,1,0.2592,0.2606,1,116.49
335,5,20,2024-03-31,2024-05-29,2024-05-29,11621.63,ship,2,0,0.5358,0.2606,0,1.79
336,12,11,2024-07-23,2024-08-24,2024-08-27,729.26,truck,3,2,0.178,0.2771,1,74.74
337,40,2,2024-10-30,2024-11-19,2024-11-19,1779.53,air,5,1,0.2208,0.1206,0,2.09
338,2,11,2024-03-21,2024-04-02,2024-04-04,628.15,truck,3,1,0.4955,0.3485,1,44.94
339,17,4,2024-09-11,2024-12-18,2024-12-19,20000.0,ship,1,0,0.492,0.1135,1,29.58
340,11,8,2025-06-21,2025-07-10,2025-07-10,1235.25,truck,3,2,0.3931,0.163,0,2.11
341,13,13,2025-06-05,2025-06-20,2025-07-02,771.62,truck,5,0,0.3738,0.1757,1,291.11
342,13,3,2023-06-08,2023-06-25,2023-06-27,2155.93,truck,5,0,0.4982,0.1757,1,43.11
343,4,18,2023-04-15,2023-05-16,2023-05-17,750.08,truck,3,1,0.5672,0.2301,1,34.61
344,7,4,2023-11-19,2023-12-20,2023-12-22,3699.1,ship,4,1,0.398,0.2727,1,51.73
345,28,7,2023-11-17,2023-12-05,2023-12-05,2592.15,air,1,2,0.1984,0.183,0,1.97
346,29,5,2025-03-22,2025-04-14,2025-04-14,458.9,truck,4,1,0.7258,0.223,1,11.04
347,8,15,2024-04-28,2024-07-18,2024-07-19,20000.0,ship,1,1,0.4812,0.1094,1,18.98
348,5,13,2023-08-08,2023-09-06,2023-09-08,1135.59,truck,2,0,0.4882,0.2606,1,43.09
349,5,15,2024-04-27,2024-05-24,2024-05-24,980.21,truck,2,1,0.4326,0.2606,0,3.55
350,44,8,2023-10-31,2023-12-06,2023-12-06,8312.79,ship,3,0,0.1814,0.0719,0,3.49
351,4,13,2024-05-11,2024-06-16,2024-06-17,1723.89,truck,2,0,0.4215,0.2301,1,27.6
352,33,10,2025-07-15,2025-08-22,2025-08-24,9545.23,ship,5,2,0.2042,0.1674,1,50.73
353,31,18,2024-11-11,2024-12-02,2024-12-02,1854.07,ship,3,0,0.8002,0.2757,0,2.13
354,6,5,2023-07-11,2023-08-06,2023-08-06,546.94,truck,4,1,0.5278,0.3463,0,2.41
355,16,5,2024-03-02,2024-03-29,2024-03-30,3352.99,air,5,1,0.6502,0.3266,1,24.09
356,6,5,2023-01-13,2023-02-17,2023-02-17,3202.09,ship,2,0,0.3532,0.3463,0,3.23
357,37,14,2025-11-26,2025-12-25,2025-12-25,398.66,truck,3,0,0.3382,0.1502,0,2.65
358,38,13,2023-06-21,2023-07-10,2023-07-10,2066.59,truck,1,1,0.6274,0.1178,0,2.45
359,14,9,2024-10-31,2024-12-19,2024-12-20,8506.04,ship,5,1,0.681,0.2082,1,34.39
360,1,20,2024-09-21,2024-10-14,2024-10-14,4127.91,air,5,0,0.5312,0.2492,0,2.4
361,31,16,2024-09-09,2024-10-24,2024-10-26,9726.73,ship,3,2,0.479,0.2757,1,37.22
362,26,1,2023-03-19,2023-04-21,2023-04-21,5564.32,ship,2,0,0.4428,0.1577,0,1.57
363,9,13,2023-07-16,2023-08-23,2023-08-30,7100.37,ship,5,0,0.4314,0.1382,1,174.14
364,48,8,2025-08-06,2025-08-22,2025-08-22,2026.15,air,4,0,0.6739,0.5295,0,5.95
365,8,2,2024-11-30,2024-12-22,2024-12-22,354.87,truck,2,0,0.3164,0.1094,0,2.58
366,36,11,2023-12-11,2023-12-31,2024-01-01,337.46,truck,2,0,0.6877,0.0168,1,34.17
367,14,17,2024-06-27,2024-08-10,2024-08-10,6490.98,ship,2,1,0.2036,0.2082,0,1.55
368,13,16,2024-08-19,2024-09-02,2024-09-04,3681.23,air,1,1,0.7609,0.1757,1,42.02
369,41,12,2023-03-19,2023-04-13,2023-04-18,20000.0,air,3,0,0.2255,0.5395,1,125.2
370,35,12,2024-09-19,2024-10-12,2024-10-15,1012.08,truck,1,1,0.2479,0.4038,1,68.79
371,10,3,2024-05-10,2024-06-03,2024-06-06,838.36,truck,4,0,0.4625,0.335,1,63.37
372,49,12,2024-09-02,2024-10-11,2024-10-19,9342.29,ship,1,1,0.4818,0.0836,1,186.29
373,45,13,2024-12-12,2024-12-25,2024-12-25,396.32,truck,3,2,0.4843,0.1051,0,3.92
374,4,4,2025-08-10,2025-09-12,2025-09-15,1434.7,truck,4,1,0.4548,0.2301,1,64.74
375,16,9,2025-07-09,2025-08-08,2025-08-10,7628.09,air,2,1,0.6136,0.3266,1,59.05
376,23,4,2025-07-02,2025-08-03,2025-08-03,18655.73,air,2,1,0.2918,0.2281,0,2.24
377,22,2,2025-06-20,2025-08-17,2025-08-17,15167.14,ship,3,1,0.3075,0.1904,0,4.2
378,30,3,2024-11-02,2024-11-20,2024-11-25,1031.81,air,5,1,0.6179,0.3611,1,115.14
379,44,16,2023-09-30,2023-11-15,2023-11-21,12344.33,ship,3,2,0.5547,0.0719,1,138.39
380,22,20,2023-03-23,2023-04-24,2023-04-27,6138.2,ship,3,0,0.5967,0.1904,1,78.02
381,1,17,2023-06-24,2023-08-23,2023-08-25,13819.43,ship,3,1,0.1991,0.2492,1,36.07
382,4,2,2023-04-03,2023-05-02,2023-05-02,1263.23,truck,2,1,0.5241,0.2301,0,3.18
383,16,19,2024-12-27,2025-01-27,2025-01-28,7669.15,air,2,1,0.4827,0.3266,1,35.49
384,9,7,2025-03-03,2025-03-21,2025-03-21,456.19,truck,5,1,0.1593,0.1382,0,2.88
385,44,13,2025-09-17,2025-11-04,2025-11-04,13039.24,ship,1,1,0.2487,0.0719,0,1.45
386,39,9,2024-10-04,2024-12-06,2024-12-09,15870.38,ship,4,0,0.5846,0.2906,1,61.35
387,19,19,2024-04-03,2024-04-21,2024-04-21,1974.3,truck,2,0,0.1968,0.2562,0,1.69
388,8,5,2025-09-08,2025-11-02,2025-11-02,12793.02,ship,4,0,0.4022,0.1094,1,8.51
389,46,8,2025-04-03,2025-05-05,2025-05-05,5706.37,ship,4,1,0.346,0.0911,0,2.77
390,29,11,2023-04-04,2023-04-26,2023-04-26,1210.96,truck,2,0,0.2888,0.223,0,2.36
391,39,5,2024-05-07,2024-05-30,2024-05-31,2278.26,ship,2,1,0.667,0.2906,1,31.99
392,48,16,2025-01-17,2025-02-05,2025-02-05,1019.9,truck,4,1,0.7108,0.5295,0,2.73
393,17,6,2025-01-18,2025-02-28,2025-02-28,5667.21,air,3,0,0.5675,0.1135,0,2.41
394,44,20,2024-04-24,2024-05-08,2024-05-09,1053.45,truck,1,0,0.5864,0.0719,1,17.66
395,23,2,2025-04-12,2025-05-09,2025-05-10,1970.88,truck,2,1,0.3488,0.2281,1,34.17
396,35,3,2023-06-29,2023-07-25,2023-07-25,505.68,truck,1,0,0.4181,0.4038,0,1.18
397,49,14,2025-01-02,2025-01-19,2025-01-19,774.29,truck,1,0,0.3439,0.0836,0,2.24
398,5,14,2024-04-03,2024-05-14,2024-05-14,5443.41,ship,3,1,0.2419,0.2606,0,3.99
399,9,2,2025-07-20,2025-08-06,2025-08-06,411.97,truck,2,1,0.2677,0.1382,0,4.25
400,15,5,2023-03-02,2023-04-04,2023-04-04,4381.79,air,2,0,0.3665,0.1012,0,2.24
401,26,4,2025-03-28,2025-05-14,2025-05-17,9687.24,ship,1,1,0.7787,0.1577,1,75.97
402,33,19,2023-04-18,2023-05-02,2023-05-02,1276.17,truck,3,0,0.2905,0.1674,0,1.98
403,28,15,2025-03-13,2025-04-02,2025-04-02,779.42,truck,2,1,0.421,0.183,0,1.54
404,12,12,2024-11-29,2025-01-06,2025-01-07,2966.75,truck,2,0,0.2237,0.2771,1,13.84
405,37,11,2024-09-10,2024-10-12,2024-10-13,312.96,truck,1,1,0.4624,0.1502,1,17.43
406,32,8,2024-06-08,2024-07-04,2024-07-05,1075.82,truck,3,1,0.4173,0.299,1,23.75
407,26,18,2023-11-27,2023-12-23,2023-12-23,2296.35,truck,3,0,0.4451,0.1577,0,2.78
408,21,2,2024-11-19,2024-12-16,2024-12-16,5298.59,ship,4,1,0.5482,0.1211,1,10.94
409,29,20,2024-10-29,2024-11-18,2024-11-19,1026.78,truck,1,2,0.6316,0.223,1,31.58
410,25,20,2024-11-27,2024-12-22,2024-12-24,6746.16,air,1,1,0.6845,0.3294,1,49.01
411,27,20,2023-10-21,2023-11-12,2023-11-12,1114.87,truck,1,1,0.7791,0.1179,0,1.49
412,7,16,2025-09-29,2025-10-20,2025-10-22,438.59,truck,4,0,0.5165,0.2727,1,36.33
413,40,15,2025-03-22,2025-04-17,2025-04-17,2347.48,ship,2,0,0.4547,0.1206,0,1.88
414,47,13,2023-02-01,2023-03-18,2023-03-19,6942.55,ship,5,1,0.4054,0.1768,1,27.06
415,42,16,2025-05-03,2025-05-15,2025-05-15,372.15,truck,2,1,0.5179,0.2372,0,3.67
416,48,4,2023-11-16,2023-12-14,2023-12-25,4080.55,ship,5,1,0.5433,0.5295,1,262.15
417,22,9,2025-06-28,2025-07-14,2025-07-14,852.45,truck,1,1,0.7021,0.1904,0,3.82
418,35,13,2024-11-04,2024-12-01,2024-12-01,501.31,truck,2,1,0.5283,0.4038,0,1.61
419,14,7,2025-03-29,2025-04-23,2025-04-25,4614.61,air,5,1,0.4001,0.2082,1,41.11
420,22,1,2025-02-17,2025-03-08,2025-03-08,5874.85,air,2,0,0.6473,0.1904,0,3.59
421,42,15,2023-02-11,2023-02-27,2023-03-01,332.17,truck,4,0,0.422,0.2372,1,40.11
422,34,6,2023-03-22,2023-04-23,2023-04-24,8810.3,ship,1,1,0.7815,0.0399,1,30.63
423,35,13,2023-06-08,2023-07-03,2023-07-04,306.13,truck,2,0,0.3951,0.4038,1,32.98
424,33,20,2023-12-30,2024-01-13,2024-01-15,352.72,truck,5,1,0.5383,0.1674,1,59.03
425,28,12,2023-10-13,2023-10-29,2023-10-29,1592.82,air,2,0,0.2955,0.183,0,0.88
426,28,19,2024-08-08,2024-08-25,2024-08-26,520.39,truck,5,0,0.3664,0.183,1,29.05
427,39,18,2023-05-09,2023-06-05,2023-06-05,1985.86,ship,2,0,0.5534,0.2906,0,1.73
428,20,9,2024-06-30,2024-07-31,2024-08-03,499.6,truck,5,1,0.7015,0.2853,1,65.18
429,6,16,2023-07-10,2023-08-07,2023-08-10,1712.13,truck,2,1,0.6693,0.3463,1,66.3
430,41,17,2025-09-03,2025-10-10,2025-10-13,7703.42,ship,4,2,0.3245,0.5395,1,81.9
431,45,15,2023-05-14,2023-06-06,2023-06-06,2910.25,ship,3,1,0.3158,0.1051,0,3.06
432,43,5,2025-11-06,2025-12-06,2025-12-06,2520.26,truck,2,1,0.4877,0.1166,0,1.03
433,35,10,2024-04-24,2024-05-21,2024-05-22,1535.21,truck,3,1,0.4131,0.4038,1,23.66
434,11,13,2024-08-12,2024-09-04,2024-09-05,3640.6,ship,4,0,0.6286,0.163,1,15.0
435,37,9,2025-05-24,2025-08-19,2025-08-20,20000.0,ship,4,1,0.7509,0.1502,1,15.98
436,22,4,2023-07-22,2023-08-31,2023-09-01,7982.69,ship,4,2,0.54,0.1904,1,26.36
437,9,16,2024-08-21,2024-09-09,2024-09-09,467.81,truck,1,1,0.7863,0.1382,0,1.03
438,2,4,2024-06-07,2024-07-21,2024-07-24,11613.9,ship,4,2,0.5474,0.3485,1,61.81
439,16,2,2023-11-21,2023-12-16,2023-12-18,585.17,truck,3,1,0.2485,0.3266,1,36.34
440,29,18,2025-08-04,2025-08-28,2025-08-31,457.71,truck,5,2,0.609,0.223,1,79.93
441,43,17,2025-06-25,2025-08-15,2025-08-15,9155.58,ship,2,1,0.4669,0.1166,0,1.13
442,23,14,2024-06-16,2024-07-10,2024-07-10,484.66,truck,2,2,0.3704,0.2281,0,2.72
443,28,12,2025-02-21,2025-05-05,2025-05-07,20000.0,ship,4,0,0.3053,0.183,1,54.28
444,35,13,2024-01-07,2024-03-26,2024-03-28,19417.3,ship,1,2,0.6131,0.4038,1,50.03
445,41,12,2024-08-05,2024-10-21,2024-10-22,20000.0,ship,4,2,0.2891,0.5395,1,32.45
446,1,20,2023-10-14,2023-11-06,2023-11-06,1080.35,truck,3,1,0.7212,0.2492,0,0.83
447,27,12,2024-10-29,2024-11-19,2024-11-22,419.12,truck,5,0,0.2496,0.1179,1,65.22
448,11,9,2023-04-08,2023-06-15,2023-06-15,20000.0,ship,1,1,0.4037,0.163,0,2.3
449,16,14,2025-10-22,2025-11-18,2025-11-18,1194.53,air,2,0,0.2584,0.3266,0,4.16
450,39,2,2024-05-31,2024-06-19,2024-06-19,2733.6,air,2,0,0.4526,0.2906,0,3.52
451,18,4,2024-10-21,2024-11-20,2024-11-20,7294.82,ship,2,1,0.6309,0.0465,0,1.51
452,20,1,2025-01-06,2025-02-07,2025-02-10,728.82,truck,5,0,0.6742,0.2853,1,65.41
453,39,15,2025-03-14,2025-04-07,2025-04-07,8378.48,air,5,1,0.57,0.2906,0,1.53
454,27,5,2023-01-02,2023-01-28,2023-01-28,2506.43,ship,3,0,0.2117,0.1179,0,2.2
455,30,2,2024-03-08,2024-03-28,2024-03-31,1995.69,truck,4,1,0.2731,0.3611,1,65.73
456,21,5,2023-02-11,2023-04-17,2023-04-18,18808.69,ship,3,0,0.5469,0.1211,1,24.29
457,2,7,2025-03-21,2025-03-29,2025-03-30,469.55,truck,2,0,0.2579,0.3485,1,34.29
458,3,5,2024-01-20,2024-02-16,2024-02-16,404.38,truck,4,0,0.5894,0.2878,0,2.27
459,17,20,2023-09-09,2023-10-21,2023-10-23,454.94,truck,3,0,0.6814,0.1135,1,45.28
460,3,13,2023-10-05,2023-10-30,2023-10-30,1523.74,ship,4,1,0.4435,0.2878,0,3.06
461,14,5,2023-08-20,2023-10-01,2023-10-07,5561.19,ship,3,1,0.4287,0.2082,1,153.23
462,49,14,2025-11-26,2026-01-15,2026-01-16,12931.67,ship,3,0,0.3382,0.0836,1,31.94
463,43,15,2024-04-03,2024-04-29,2024-05-09,1527.2,truck,4,1,0.4979,0.1166,1,230.48
464,4,17,2024-02-09,2024-03-12,2024-03-14,575.63,truck,3,0,0.1389,0.2301,1,39.98
465,47,12,2024-12-18,2025-01-19,2025-01-19,2483.44,truck,3,0,0.3455,0.1768,0,4.83
466,38,2,2024-06-27,2024-07-15,2024-07-15,873.05,truck,4,1,0.3714,0.1178,0,3.37
467,29,4,2025-10-18,2025-12-01,2025-12-01,7990.12,ship,2,0,0.498,0.223,0,1.4
468,8,18,2025-08-27,2025-09-19,2025-09-20,664.77,truck,1,1,0.535,0.1094,1,14.6
469,30,20,2024-09-18,2024-10-09,2024-10-09,1748.93,truck,5,0,0.5019,0.3611,1,9.08
470,13,11,2024-12-29,2025-01-17,2025-01-17,1668.11,truck,2,0,0.2563,0.1757,1,9.51
471,26,5,2023-06-30,2023-07-23,2023-07-23,1503.77,truck,2,1,0.5202,0.1577,0,3.47
472,14,15,2025-01-31,2025-03-10,2025-03-10,4705.9,ship,1,0,0.6508,0.2082,0,2.09
473,37,16,2024-06-29,2024-07-30,2024-07-30,417.15,truck,1,1,0.6503,0.1502,0,1.02
474,26,14,2024-04-11,2024-05-04,2024-05-04,444.19,truck,1,1,0.4439,0.1577,0,3.23
475,33,6,2025-06-04,2025-07-24,2025-07-24,13351.48,ship,1,1,0.5234,0.1674,0,1.48
476,41,11,2024-01-09,2024-01-29,2024-01-29,9395.29,air,3,0,0.4134,0.5395,0,1.97
477,43,3,2024-12-28,2025-01-26,2025-01-28,1553.71,truck,4,1,0.5263,0.1166,1,46.43
478,32,4,2025-08-11,2025-09-09,2025-09-09,5549.7,air,2,1,0.4898,0.299,0,5.0
479,10,17,2025-03-05,2025-03-30,2025-03-31,829.67,truck,5,0,0.2604,0.335,1,34.82
480,21,19,2024-02-25,2024-03-09,2024-03-09,517.5,truck,2,1,0.2589,0.1211,0,1.97
481,14,5,2024-08-24,2024-11-11,2024-11-11,18079.94,ship,1,1,0.4903,0.2082,0,1.74
482,13,6,2023-05-04,2023-05-21,2023-06-02,429.06,truck,5,1,0.3058,0.1757,1,286.53
483,39,16,2024-08-02,2024-09-14,2024-09-18,8903.36,ship,1,1,0.6193,0.2906,1,93.77
484,22,15,2023-05-12,2023-07-04,2023-07-08,13928.33,ship,4,2,0.3648,0.1904,1,100.58
485,47,6,2024-01-28,2024-02-27,2024-02-27,2792.61,air,4,0,0.5255,0.1768,0,2.19
486,50,10,2025-11-27,2025-12-18,2025-12-18,464.46,truck,4,0,0.559,0.1476,0,3.13
487,23,8,2025-07-27,2025-08-19,2025-08-19,474.66,truck,5,1,0.6304,0.2281,0,4.02
488,15,11,2025-04-24,2025-05-24,2025-05-24,491.68,truck,2,0,0.3702,0.1012,0,2.79
489,7,1,2025-11-27,2026-01-02,2026-01-03,6094.8,ship,3,0,0.5859,0.2727,1,19.47
490,8,1,2024-08-21,2024-09-16,2024-09-21,2680.56,ship,2,1,0.6624,0.1094,1,124.77
491,29,12,2024-11-14,2024-12-26,2024-12-29,7886.34,ship,3,0,0.2355,0.223,1,78.13
492,29,13,2024-10-29,2024-11-20,2024-11-20,766.61,truck,3,1,0.5171,0.223,0,1.66
493,7,6,2023-06-12,2023-07-06,2023-07-06,785.4,truck,2,1,0.1619,0.2727,0,1.77
494,6,1,2023-08-23,2023-09-14,2023-09-16,632.24,truck,5,2,0.7062,0.3463,1,41.09
495,5,1,2025-10-12,2025-11-07,2025-11-13,595.42,truck,5,1,0.7567,0.2606,1,143.59
496,23,15,2025-02-04,2025-03-04,2025-03-05,1627.45,ship,2,0,0.4767,0.2281,1,30.42
497,31,17,2023-03-10,2023-04-03,2023-04-03,2291.88,ship,1,1,0.2992,0.2757,0,1.98
498,1,14,2025-07-11,2025-08-05,2025-08-05,3607.28,air,4,2,0.31,0.2492,0,2.32
499,6,1,2024-08-01,2024-10-17,2024-10-19,17800.37,ship,5,1,0.4536,0.3463,1,37.68
500,2,7,2023-01-09,2023-01-18,2023-01-20,457.59,truck,5,1,0.2723,0.3485,1,42.1
501,14,15,2024-07-30,2024-08-27,2024-08-27,523.94,truck,1,1,0.3458,0.2082,0,3.4
502,1,16,2023-06-05,2023-06-30,2023-07-01,725.44,truck,5,1,0.7091,0.2492,1,27.66
503,12,10,2024-01-18,2024-02-26,2024-02-26,2879.93,ship,4,0,0.4274,0.2771,0,2.03
504,11,18,2025-11-09,2025-12-08,2025-12-09,5845.54,ship,2,1,0.4651,0.163,1,31.71
505,49,8,2024-10-30,2024-11-20,2024-11-20,3178.6,ship,2,0,0.4315,0.0836,0,3.72
506,27,2,2025-10-24,2025-11-17,2025-11-17,5302.68,air,1,0,0.3569,0.1179,0,2.66
507,12,17,2023-01-08,2023-02-23,2023-02-23,5672.73,ship,3,0,0.4779,0.2771,0,2.45
508,6,17,2025-03-12,2025-04-06,2025-04-06,597.38,truck,3,0,0.2431,0.3463,0,4.92
509,35,14,2024-10-13,2024-11-08,2024-11-08,867.71,truck,1,0,0.4011,0.4038,0,1.13
510,43,19,2023-02-21,2023-03-20,2023-03-21,7317.01,air,5,1,0.297,0.1166,1,25.69
511,28,1,2025-06-17,2025-07-22,2025-07-24,7315.53,ship,4,2,0.5714,0.183,1,49.97
512,27,15,2025-04-03,2025-04-23,2025-04-23,1106.79,truck,1,1,0.3834,0.1179,0,1.68
513,10,16,2025-02-02,2025-02-27,2025-03-03,1131.84,truck,2,0,0.8545,0.335,1,94.46
514,15,9,2023-05-20,2023-06-19,2023-06-20,771.83,truck,4,1,0.6011,0.1012,1,31.64
515,22,8,2024-06-16,2024-07-01,2024-07-01,450.56,truck,5,1,0.2256,0.1904,0,1.65
516,3,5,2025-01-04,2025-02-04,2025-02-07,9801.5,air,3,0,0.3976,0.2878,1,79.4
517,5,9,2023-12-10,2024-01-06,2024-01-06,1637.32,truck,2,0,0.6591,0.2606,0,1.82
518,24,12,2023-02-27,2023-03-23,2023-03-23,11644.26,air,1,0,0.4188,0.0437,0,2.52
519,8,14,2024-05-03,2024-05-25,2024-05-27,455.21,truck,2,1,0.4268,0.1094,1,58.01
520,1,3,2023-05-19,2023-06-12,2023-06-12,429.56,truck,1,0,0.6764,0.2492,0,4.04
521,37,2,2023-02-14,2023-03-16,2023-03-16,1889.28,air,5,0,0.238,0.1502,0,0.97
522,33,19,2025-05-06,2025-05-22,2025-05-22,1813.7,truck,4,1,0.327,0.1674,0,1.62
523,25,10,2024-11-17,2024-12-15,2024-12-17,3319.27,ship,3,0,0.5412,0.3294,1,46.96
524,43,6,2024-08-02,2024-08-26,2024-08-30,402.5,truck,3,1,0.4593,0.1166,1,88.1
525,40,14,2023-11-12,2023-12-04,2023-12-09,818.37,truck,3,0,0.3515,0.1206,1,116.74
526,6,6,2023-08-24,2023-09-19,2023-09-19,4029.95,air,2,1,0.4281,0.3463,0,2.39
527,30,17,2023-02-19,2023-03-13,2023-03-13,2822.58,truck,1,0,0.1389,0.3611,0,2.6
528,7,6,2024-02-18,2024-03-11,2024-03-11,588.38,truck,2,0,0.4872,0.2727,0,1.93
529,49,6,2025-10-17,2025-11-07,2025-11-07,9997.21,air,3,0,0.5799,0.0836,0,5.57
530,30,7,2024-09-13,2024-11-25,2024-11-27,20000.0,ship,5,0,0.5165,0.3611,1,45.06
531,47,17,2024-04-05,2024-05-17,2024-05-17,5659.55,ship,1,1,0.3947,0.1768,0,3.09
532,25,16,2023-05-13,2023-06-04,2023-06-04,439.3,truck,3,2,0.3896,0.3294,0,1.05
533,27,14,2025-03-01,2025-04-02,2025-04-02,5481.44,truck,4,1,0.5892,0.1179,0,2.76
534,18,6,2023-07-30,2023-08-07,2023-08-10,467.83,truck,3,1,0.5645,0.0465,1,69.59
535,29,15,2023-04-06,2023-04-30,2023-05-01,1584.56,truck,3,0,0.6063,0.223,1,28.92
536,5,20,2024-12-22,2025-01-19,2025-01-20,1985.9,truck,3,1,0.5506,0.2606,1,34.78
537,10,5,2025-03-29,2025-04-20,2025-04-20,310.41,truck,5,0,0.7605,0.335,0,1.82
538,31,17,2025-07-07,2025-07-27,2025-07-27,5572.85,air,1,2,0.3363,0.2757,0,3.05
539,9,14,2023-10-08,2023-10-28,2023-10-28,1568.6,air,1,1,0.2971,0.1382,0,1.8
540,8,5,2024-02-17,2024-03-12,2024-03-13,937.58,truck,5,0,0.4959,0.1094,1,22.24
541,33,6,2025-03-31,2025-04-15,2025-04-15,1549.92,truck,3,0,0.6173,0.1674,0,1.35
542,25,14,2025-07-27,2025-08-28,2025-08-28,19265.03,air,3,2,0.4021,0.3294,0,1.63
543,4,3,2025-05-27,2025-06-26,2025-06-26,462.14,truck,1,0,0.5889,0.2301,0,1.82
544,29,20,2023-12-20,2024-01-08,2024-01-12,342.94,truck,4,1,0.6133,0.223,1,95.92
545,25,3,2024-09-28,2024-10-26,2024-10-28,1662.51,truck,3,1,0.7423,0.3294,1,47.21
546,42,11,2025-08-02,2025-08-19,2025-08-19,1756.18,truck,2,2,0.3351,0.2372,0,3.63
547,13,9,2023-09-26,2023-10-20,2023-10-20,3257.47,ship,5,1,0.6424,0.1757,0,2.16
548,45,17,2024-01-25,2024-02-08,2024-02-08,430.73,truck,3,0,0.2497,0.1051,0,2.21
549,19,13,2025-11-24,2025-12-13,2025-12-13,1544.46,air,5,1,0.349,0.2562,0,2.55
550,36,5,2024-04-14,2024-05-09,2024-05-09,861.4,truck,2,1,0.4882,0.0168,0,1.12
551,17,19,2023-03-01,2023-04-11,2023-04-11,316.63,truck,1,0,0.2161,0.1135,0,3.05
552,47,17,2023-05-05,2023-07-06,2023-07-08,12920.77,ship,1,1,0.2782,0.1768,1,54.15
553,12,8,2025-01-18,2025-02-28,2025-03-04,4235.94,ship,1,0,0.3237,0.2771,1,104.06
554,43,17,2024-07-12,2024-08-29,2024-08-29,8424.81,ship,2,1,0.2363,0.1166,0,7.23
555,19,17,2025-10-29,2025-12-07,2025-12-09,7837.01,ship,3,0,0.2651,0.2562,1,46.45
556,13,12,2025-10-18,2025-12-13,2025-12-15,15306.8,ship,5,0,0.3603,0.1757,1,58.16
557,16,6,2024-04-02,2024-05-10,2024-05-10,3964.74,ship,3,0,0.6054,0.3266,1,8.45
558,34,4,2023-12-07,2023-12-18,2023-12-20,885.25,truck,3,0,0.6023,0.0399,1,36.68
559,25,4,2024-09-21,2024-10-13,2024-10-13,543.04,truck,1,1,0.4215,0.3294,0,3.52
560,47,7,2025-01-04,2025-02-04,2025-02-04,1949.51,ship,4,2,0.1468,0.1768,0,3.15
561,25,9,2023-05-03,2023-05-26,2023-05-29,545.45,truck,3,1,0.5585,0.3294,1,62.18
562,49,19,2025-09-16,2025-10-02,2025-10-02,3241.27,air,2,0,0.4967,0.0836,0,3.2
563,3,14,2025-03-03,2025-03-30,2025-03-30,4945.1,air,1,0,0.6508,0.2878,0,2.08
564,18,11,2024-12-22,2025-01-05,2025-01-05,1290.49,truck,2,0,0.3742,0.0465,0,1.6
565,7,6,2025-11-19,2025-12-12,2025-12-12,1060.39,truck,4,0,0.4388,0.2727,0,1.92
566,6,15,2024-07-26,2024-08-22,2024-08-23,658.22,truck,1,1,0.5263,0.3463,1,34.06
567,33,7,2024-04-25,2024-05-30,2024-05-30,8368.04,ship,3,0,0.4746,0.1674,0,3.84
568,24,1,2025-11-14,2025-12-12,2025-12-12,2272.69,ship,2,0,0.6478,0.0437,0,2.06
569,7,20,2025-02-26,2025-03-24,2025-03-27,2542.73,truck,3,1,0.431,0.2727,1,80.98
570,44,15,2023-07-19,2023-08-04,2023-08-08,518.37,truck,3,1,0.8393,0.0719,1,92.1
571,32,8,2023-04-24,2023-06-03,2023-06-06,5493.95,ship,4,1,0.5931,0.299,1,80.61
572,31,10,2023-01-31,2023-02-19,2023-02-20,746.26,truck,2,0,0.6483,0.2757,1,32.86
573,4,9,2023-02-18,2023-04-19,2023-04-26,10538.46,ship,2,1,0.6742,0.2301,1,157.28
574,29,2,2024-08-21,2024-09-15,2024-09-16,10852.66,air,5,1,0.1088,0.223,1,30.76
575,31,15,2023-04-23,2023-05-13,2023-05-24,871.53,truck,4,1,0.849,0.2757,1,257.39
576,3,4,2023-10-24,2023-12-02,2023-12-09,5682.67,ship,4,0,0.68,0.2878,1,171.57
577,28,4,2024-09-18,2024-10-16,2024-10-16,4164.08,ship,3,1,0.265,0.183,0,1.42
578,26,11,2024-11-04,2024-11-25,2024-11-25,1395.21,air,3,1,0.4058,0.1577,0,2.96
579,1,6,2024-08-25,2024-10-27,2024-10-27,14462.88,ship,2,1,0.4148,0.2492,0,2.14
580,33,5,2023-01-25,2023-02-13,2023-02-13,9685.34,air,3,0,0.5786,0.1674,0,1.6
581,19,10,2023-05-29,2023-06-15,2023-06-19,755.66,truck,5,1,0.6165,0.2562,1,92.69
582,18,10,2023-09-30,2023-10-13,2023-10-15,5572.62,air,5,0,0.5839,0.0465,1,51.75
583,21,1,2024-09-06,2024-09-18,2024-09-18,401.06,truck,2,1,0.4764,0.1211,0,1.5
584,24,16,2025-01-28,2025-02-21,2025-02-21,1265.41,truck,2,1,0.8043,0.0437,0,2.15
585,34,5,2025-08-14,2025-08-25,2025-08-26,785.61,truck,1,1,0.5073,0.0399,1,22.57
586,6,6,2025-09-15,2025-10-11,2025-10-12,488.5,truck,2,0,0.5638,0.3463,1,21.28
587,10,17,2023-11-25,2024-01-13,2024-01-13,9832.98,ship,3,0,0.2969,0.335,0,2.96
588,34,16,2024-01-05,2024-01-17,2024-01-17,984.73,truck,3,0,0.7531,0.0399,0,2.53
589,37,4,2025-01-25,2025-02-23,2025-02-23,554.15,truck,3,0,0.8038,0.1502,1,10.64
590,46,2,2023-07-01,2023-07-22,2023-07-22,5904.1,air,4,1,0.3928,0.0911,0,3.77
591,23,12,2025-01-03,2025-02-13,2025-02-15,6767.92,ship,5,0,0.238,0.2281,1,41.93
592,23,15,2024-08-04,2024-09-04,2024-09-06,3458.6,ship,5,1,0.4165,0.2281,1,41.61
593,15,5,2024-08-16,2024-09-18,2024-09-26,1445.47,truck,4,1,0.5012,0.1012,1,196.57
594,21,3,2023-10-02,2023-10-25,2023-10-26,3586.97,ship,3,0,0.857,0.1211,1,12.74
595,11,1,2024-04-29,2024-06-23,2024-06-24,13924.85,ship,3,1,0.6365,0.163,1,18.71
596,9,17,2025-02-03,2025-02-23,2025-02-23,881.82,truck,1,1,0.2786,0.1382,0,1.39
597,27,2,2023-04-06,2023-04-27,2023-04-29,343.49,truck,5,1,0.4529,0.1179,1,40.68
598,14,14,2023-03-26,2023-05-04,2023-05-07,4822.21,ship,4,1,0.0438,0.2082,1,64.68
599,18,14,2023-02-14,2023-02-28,2023-02-28,1640.24,ship,5,0,0.4871,0.0465,0,2.96
600,46,20,2023-08-21,2023-10-01,2023-10-01,8087.81,ship,4,0,0.5909,0.0911,0,1.9
601,36,7,2023-02-27,2023-03-23,2023-03-23,3924.08,air,5,1,0.2066,0.0168,0,1.53
602,48,18,2024-09-23,2024-10-08,2024-10-09,405.37,truck,1,1,0.464,0.5295,1,17.58
603,20,16,2023-06-17,2023-07-21,2023-07-21,4232.9,air,4,1,0.6107,0.2853,0,4.84
604,40,17,2023-06-30,2023-07-21,2023-07-27,1675.85,truck,3,2,0.1799,0.1206,1,142.31
605,11,19,2023-12-16,2024-01-12,2024-01-18,4299.16,ship,5,2,0.1808,0.163,1,143.29
606,16,19,2023-09-30,2023-10-28,2023-10-29,1515.59,ship,2,1,0.1236,0.3266,1,23.23
607,21,10,2023-11-19,2023-12-06,2023-12-06,1905.98,truck,3,0,0.4023,0.1211,0,1.51
608,17,6,2024-12-21,2025-03-07,2025-03-07,12392.0,ship,1,0,0.4614,0.1135,0,1.91
609,32,6,2025-06-10,2025-07-07,2025-07-08,5563.33,air,2,2,0.6337,0.299,1,12.36
610,24,11,2024-05-24,2024-06-20,2024-06-25,3277.87,truck,5,1,0.4233,0.0437,1,119.3
611,37,5,2024-12-19,2025-01-21,2025-01-24,2263.83,truck,4,0,0.3704,0.1502,1,63.07
612,34,6,2023-12-10,2023-12-31,2024-01-02,3764.49,ship,4,0,0.4755,0.0399,1,42.16
613,39,2,2025-07-11,2025-08-12,2025-08-13,4862.8,ship,2,2,0.355,0.2906,1,17.48
614,32,5,2023-03-20,2023-04-21,2023-04-23,2430.36,ship,1,1,0.492,0.299,1,47.08
615,15,2,2025-03-01,2025-04-02,2025-04-02,1082.47,truck,1,1,0.4743,0.1012,0,1.7
616,27,18,2025-02-04,2025-02-25,2025-02-25,372.0,truck,1,0,0.6004,0.1179,0,2.81
617,46,16,2023-09-15,2023-10-03,2023-10-03,1282.07,truck,2,1,0.6462,0.0911,0,3.17
618,3,11,2025-03-16,2025-04-27,2025-04-28,7836.15,ship,4,1,0.5251,0.2878,1,18.21
619,34,16,2024-05-28,2024-06-20,2024-06-21,4712.41,ship,3,0,0.5529,0.0399,1,13.81
620,10,19,2023-03-29,2023-04-23,2023-04-26,495.48,truck,3,1,0.1362,0.335,1,83.93
621,14,10,2024-05-18,2024-07-04,2024-07-04,7203.43,ship,1,1,0.556,0.2082,0,2.19
622,49,11,2023-04-25,2023-05-10,2023-05-10,551.1,truck,1,2,0.7504,0.0836,0,1.48
623,21,16,2024-02-14,2024-03-01,2024-03-01,2004.51,truck,4,0,0.3307,0.1211,0,2.0
624,46,12,2024-02-15,2024-03-18,2024-03-18,4918.55,ship,4,0,0.2467,0.0911,0,2.31
625,6,15,2025-10-31,2025-12-01,2025-12-01,11249.5,air,5,0,0.4878,0.3463,0,3.41
626,43,17,2023-10-25,2023-11-25,2023-11-27,1462.82,truck,1,2,0.4604,0.1166,1,37.59
627,13,14,2023-07-17,2023-08-03,2023-08-05,1317.34,truck,2,1,0.439,0.1757,1,41.07
628,16,4,2025-09-16,2025-10-15,2025-10-15,2587.47,truck,1,1,0.475,0.3266,0,2.28
629,46,7,2024-06-30,2024-07-23,2024-07-24,2132.0,truck,2,0,0.2899,0.0911,1,17.98
630,28,12,2025-05-25,2025-06-13,2025-06-13,917.84,truck,2,1,0.1827,0.183,0,1.62
631,28,14,2023-05-20,2023-06-21,2023-06-23,6327.91,ship,4,1,0.321,0.183,1,41.66
632,30,13,2024-03-29,2024-04-18,2024-04-18,3843.95,air,3,1,0.6303,0.3611,0,3.58
633,39,4,2024-05-27,2024-06-12,2024-06-12,2337.59,air,5,1,0.7166,0.2906,0,2.48
634,27,2,2025-03-20,2025-04-14,2025-04-14,1806.99,truck,3,1,0.1865,0.1179,0,1.62
635,8,11,2025-08-30,2025-09-18,2025-09-18,1623.32,air,1,1,0.5364,0.1094,0,2.29
636,5,17,2023-11-23,2023-12-18,2023-12-18,346.22,truck,4,0,0.2525,0.2606,0,2.09
637,24,19,2025-02-07,2025-02-27,2025-02-27,429.19,truck,2,1,0.3262,0.0437,0,1.67
638,39,2,2025-09-27,2025-10-19,2025-10-22,986.53,truck,5,0,0.3136,0.2906,1,66.19
639,18,19,2023-04-30,2023-05-10,2023-05-11,704.15,truck,1,0,0.14,0.0465,1,13.62
640,33,18,2023-09-03,2023-10-19,2023-10-20,11901.35,ship,5,1,0.6168,0.1674,1,25.33
641,5,12,2024-01-24,2024-02-20,2024-02-20,982.43,truck,5,0,0.259,0.2606,0,3.13
642,41,6,2025-06-14,2025-06-28,2025-07-09,503.57,truck,5,2,0.5623,0.5395,1,252.45
643,20,10,2024-11-16,2024-12-18,2024-12-18,538.6,truck,2,0,0.607,0.2853,0,3.02
644,10,6,2024-04-07,2024-05-06,2024-05-07,2235.38,ship,2,0,0.6406,0.335,1,33.57
645,42,11,2025-02-09,2025-02-24,2025-02-24,546.99,truck,3,0,0.3239,0.2372,0,1.59
646,18,8,2023-12-03,2023-12-15,2023-12-15,804.57,truck,2,0,0.1646,0.0465,0,2.02
647,50,17,2024-04-08,2024-05-01,2024-05-02,1895.9,ship,2,1,0.4093,0.1476,1,33.66
648,41,13,2025-03-06,2025-03-27,2025-03-30,2012.57,truck,2,1,0.475,0.5395,1,76.35
649,29,10,2024-05-31,2024-06-21,2024-06-25,337.6,truck,5,1,0.6467,0.223,1,88.31
650,2,2,2023-01-28,2023-02-08,2023-02-09,768.75,truck,4,0,0.2743,0.3485,1,26.57
651,47,14,2025-01-21,2025-02-21,2025-02-21,2218.23,truck,1,0,0.336,0.1768,0,1.24
652,16,11,2025-08-29,2025-10-14,2025-10-16,6847.05,ship,1,1,0.5557,0.3266,1,50.44
653,36,13,2023-03-02,2023-04-02,2023-04-02,4710.32,ship,3,1,0.4088,0.0168,1,11.29
654,35,11,2024-06-15,2024-07-11,2024-07-17,4379.0,air,4,2,0.3381,0.4038,1,139.2
655,29,5,2024-05-16,2024-07-01,2024-07-02,8570.22,ship,3,1,0.5614,0.223,1,32.86
656,5,15,2024-09-29,2024-10-25,2024-10-26,444.23,truck,1,1,0.4387,0.2606,1,16.27
657,27,1,2024-03-13,2024-04-04,2024-04-04,446.34,truck,3,0,0.4642,0.1179,0,2.41
658,41,16,2023-12-07,2023-12-23,2023-12-25,460.45,truck,4,1,0.6338,0.5395,1,53.96
659,34,9,2024-04-27,2024-05-19,2024-05-22,4533.89,ship,1,1,0.8352,0.0399,1,75.3
660,40,11,2025-06-19,2025-07-17,2025-07-19,3458.13,ship,4,2,0.6717,0.1206,1,51.34
661,40,19,2024-08-22,2024-09-16,2024-09-16,2196.48,truck,4,1,0.2087,0.1206,0,4.02
662,5,12,2023-08-23,2023-09-19,2023-09-19,5200.86,air,1,1,0.2668,0.2606,0,2.12
663,18,6,2024-01-26,2024-02-20,2024-02-21,5144.51,ship,3,0,0.5451,0.0465,1,25.66
664,26,10,2023-07-30,2023-08-23,2023-08-23,1885.06,ship,1,1,0.6026,0.1577,0,2.98
665,50,17,2023-10-30,2023-11-17,2023-11-20,351.94,truck,4,1,0.3927,0.1476,1,79.26
666,39,8,2025-06-26,2025-07-21,2025-07-21,2078.48,truck,3,1,0.4628,0.2906,0,1.43
667,29,6,2024-02-02,2024-02-24,2024-02-24,2138.82,air,2,0,0.5507,0.223,0,2.04
668,35,13,2025-09-14,2025-10-13,2025-10-17,2546.82,truck,2,1,0.3119,0.4038,1,84.11
669,9,3,2023-02-23,2023-03-23,2023-03-23,2452.26,ship,5,0,0.5517,0.1382,0,0.86
670,33,5,2025-02-13,2025-02-26,2025-02-26,491.29,truck,3,0,0.3891,0.1674,0,1.06
671,26,8,2023-11-24,2023-12-15,2023-12-16,431.39,truck,2,0,0.4837,0.1577,1,20.99
672,3,15,2023-07-05,2023-08-01,2023-08-01,1450.93,truck,3,1,0.7189,0.2878,0,4.55
673,40,18,2024-07-10,2024-08-03,2024-08-03,2657.54,truck,3,0,0.4007,0.1206,0,2.61
674,46,12,2023-04-05,2023-04-24,2023-04-24,872.57,truck,2,0,0.3425,0.0911,0,2.86
675,28,6,2023-09-08,2023-09-27,2023-09-30,2003.94,truck,3,1,0.41,0.183,1,82.78
676,26,9,2025-06-10,2025-07-08,2025-07-08,15219.31,air,2,1,0.7593,0.1577,0,2.2
677,2,2,2023-12-15,2024-01-23,2024-01-24,9809.8,ship,3,0,0.3407,0.3485,1,20.52
678,38,4,2024-01-22,2024-02-07,2024-02-09,3211.89,air,5,0,0.5831,0.1178,1,42.8
679,20,16,2023-01-16,2023-02-13,2023-02-13,391.43,truck,4,1,0.8705,0.2853,0,0.97
680,34,19,2025-05-07,2025-05-15,2025-05-15,2199.31,air,2,0,0.3183,0.0399,0,2.91
681,35,10,2025-10-21,2025-11-16,2025-11-17,431.52,truck,3,1,0.531,0.4038,1,34.06
682,5,15,2024-07-16,2024-09-11,2024-09-12,10351.77,ship,5,2,0.4387,0.2606,1,23.94
683,42,7,2024-07-23,2024-08-09,2024-08-09,1284.92,truck,1,0,0.3288,0.2372,0,1.2
684,45,15,2024-03-24,2024-04-09,2024-04-09,3432.79,air,4,1,0.3693,0.1051,0,2.49
685,13,6,2023-07-27,2023-08-15,2023-08-16,2479.67,truck,3,0,0.5931,0.1757,1,25.12
686,50,14,2024-09-28,2024-10-19,2024-10-19,9167.01,air,3,0,0.2823,0.1476,0,1.7
687,8,8,2025-10-05,2025-11-02,2025-11-02,14456.92,air,5,1,0.5128,0.1094,0,1.41
688,5,18,2024-06-08,2024-07-14,2024-07-16,3791.23,ship,3,2,0.8373,0.2606,1,58.27
689,5,3,2025-08-18,2025-09-14,2025-09-15,1234.4,truck,2,0,0.6644,0.2606,1,26.23
690,10,14,2025-06-14,2025-07-07,2025-07-08,486.51,truck,1,1,0.4317,0.335,1,16.35
691,40,6,2024-06-11,2024-07-03,2024-07-05,367.95,truck,3,0,0.3352,0.1206,1,50.28
692,19,15,2023-09-24,2023-10-14,2023-10-16,1555.52,truck,3,0,0.5485,0.2562,1,49.2
693,30,5,2025-05-09,2025-06-02,2025-06-05,1797.89,ship,5,1,0.7151,0.3611,1,79.59
694,26,14,2023-01-18,2023-02-09,2023-02-09,6079.87,air,5,0,0.3294,0.1577,0,3.0
695,4,19,2023-10-01,2023-11-01,2023-11-01,445.35,truck,5,1,0.1198,0.2301,0,2.2
696,31,19,2023-01-03,2023-01-25,2023-01-25,3141.09,air,4,2,0.3014,0.2757,0,3.18
697,49,9,2024-05-02,2024-05-23,2024-06-03,2059.56,truck,5,1,0.8965,0.0836,1,264.8
698,34,15,2025-06-11,2025-06-26,2025-06-27,2035.4,truck,4,2,0.5762,0.0399,1,35.21
699,27,17,2024-07-21,2024-08-17,2024-08-21,3229.31,ship,4,2,0.2729,0.1179,1,88.79
700,29,14,2025-01-09,2025-01-30,2025-02-03,302.27,truck,1,1,0.3094,0.223,1,89.68
701,49,19,2023-12-13,2023-12-30,2023-12-30,2879.27,air,2,1,0.1329,0.0836,1,11.96
702,6,8,2023-01-27,2023-02-23,2023-02-23,1839.77,truck,4,0,0.4155,0.3463,0,1.2
703,16,7,2023-04-22,2023-05-18,2023-05-21,1391.59,truck,4,1,0.3376,0.3266,1,64.27
704,30,5,2025-06-02,2025-06-30,2025-07-01,2947.15,ship,1,1,0.3035,0.3611,1,22.39
705,30,20,2025-11-24,2025-12-11,2025-12-11,1045.4,truck,5,0,0.3718,0.3611,0,1.7
706,20,9,2025-05-14,2025-06-13,2025-06-14,673.97,truck,4,1,0.6691,0.2853,1,13.22
707,40,3,2024-06-27,2024-07-16,2024-07-16,949.71,truck,1,1,0.4716,0.1206,0,1.27
708,3,3,2024-03-31,2024-05-07,2024-05-07,5165.64,ship,1,1,0.6774,0.2878,0,1.28
709,26,19,2023-06-29,2023-07-18,2023-07-20,1306.07,truck,1,1,0.5236,0.1577,1,47.1
710,10,5,2024-02-24,2024-03-20,2024-03-22,450.42,truck,4,0,0.4219,0.335,1,38.97
711,28,8,2024-05-16,2024-06-05,2024-06-10,1794.06,truck,4,1,0.6961,0.183,1,120.29
712,20,18,2023-01-29,2023-03-10,2023-03-12,3169.59,ship,2,0,0.5307,0.2853,1,39.89
713,37,10,2023-07-27,2023-08-31,2023-08-31,8225.81,air,5,1,0.5539,0.1502,0,3.27
714,13,15,2025-09-13,2025-09-30,2025-10-02,592.6,truck,5,0,0.6488,0.1757,1,53.57
715,29,1,2024-07-26,2024-08-24,2024-08-24,4382.63,truck,2,1,0.4746,0.223,0,2.91
716,40,11,2024-01-22,2024-03-12,2024-03-12,11268.81,ship,2,1,0.4408,0.1206,0,1.99
717,18,11,2023-10-09,2023-10-23,2023-10-23,398.88,truck,5,1,0.2844,0.0465,0,1.59
718,26,4,2025-09-13,2025-10-03,2025-10-06,324.94,truck,5,1,0.5389,0.1577,1,69.37
719,33,1,2024-06-25,2024-07-14,2024-07-16,17725.12,air,1,2,0.5198,0.1674,1,55.19
720,13,2,2025-03-22,2025-04-08,2025-04-08,598.89,truck,1,0,0.2844,0.1757,0,1.58
721,8,12,2024-03-06,2024-04-02,2024-04-02,1505.12,truck,5,0,0.1112,0.1094,0,1.78
722,15,20,2024-12-24,2025-02-06,2025-02-08,5039.65,ship,2,2,0.6053,0.1012,1,59.59
723,30,13,2023-08-02,2023-09-26,2023-09-27,13454.18,ship,2,0,0.4572,0.3611,1,15.77
724,27,10,2023-08-04,2023-09-04,2023-09-04,4298.94,truck,1,1,0.6076,0.1179,0,1.89
725,21,7,2023-07-05,2023-07-23,2023-07-25,13054.19,air,4,0,0.1957,0.1211,1,37.69
726,19,17,2024-12-19,2025-01-15,2025-01-19,4478.43,ship,5,0,0.3857,0.2562,1,94.04
727,27,9,2024-01-20,2024-02-13,2024-02-14,1082.42,truck,1,0,0.8516,0.1179,1,24.65
728,33,12,2023-07-19,2023-08-02,2023-08-02,873.12,truck,1,2,0.1074,0.1674,0,2.65
729,42,2,2023-05-25,2023-06-13,2023-06-13,1275.02,truck,5,0,0.1127,0.2372,0,2.91
730,36,9,2023-08-14,2023-09-05,2023-09-11,318.93,truck,1,1,0.864,0.0168,1,133.57
731,43,6,2023-09-30,2023-10-26,2023-10-27,636.85,truck,5,0,0.4203,0.1166,1,35.4
732,17,7,2025-05-19,2025-07-13,2025-07-13,5368.75,ship,2,0,0.1543,0.1135,0,2.07
733,13,20,2024-01-07,2024-01-25,2024-01-27,8562.04,air,2,1,0.3496,0.1757,1,46.5
734,32,5,2023-01-29,2023-02-23,2023-02-25,685.53,truck,2,0,0.5366,0.299,1,49.06
735,1,12,2024-10-18,2024-11-12,2024-11-13,1227.76,truck,1,0,0.3277,0.2492,1,16.97
736,39,11,2024-06-19,2024-07-20,2024-07-25,4161.73,ship,4,1,0.4066,0.2906,1,114.54
737,25,4,2023-06-02,2023-06-29,2023-07-03,1595.77,truck,2,2,0.6499,0.3294,1,101.02
738,5,4,2023-11-16,2024-01-26,2024-01-31,16397.89,ship,1,1,0.5433,0.2606,1,116.76
739,38,14,2023-03-23,2023-04-09,2023-04-09,895.79,truck,1,0,0.1991,0.1178,0,1.99
740,29,14,2023-10-28,2023-11-20,2023-11-23,1385.3,truck,5,1,0.233,0.223,1,71.31
741,14,14,2024-03-04,2024-05-16,2024-05-18,17536.33,ship,5,0,0.3206,0.2082,1,56.17
742,40,20,2023-10-01,2023-11-10,2023-11-11,6716.17,ship,1,1,0.6176,0.1206,1,27.89
743,7,13,2024-11-26,2024-12-18,2024-12-22,443.61,truck,4,1,0.6542,0.2727,1,105.99
744,37,14,2024-08-11,2024-09-20,2024-09-21,4133.71,truck,2,2,0.2478,0.1502,1,27.15
745,46,12,2025-06-07,2025-08-06,2025-08-07,14800.7,ship,2,0,0.3559,0.0911,1,30.69
746,48,5,2023-12-31,2024-02-06,2024-02-13,7796.33,ship,4,0,0.4127,0.5295,1,169.07
747,44,3,2025-01-30,2025-02-11,2025-02-13,604.44,truck,2,1,0.8084,0.0719,1,38.21
748,11,19,2023-09-21,2023-10-08,2023-10-10,1514.53,ship,4,1,0.398,0.163,1,38.41
749,37,2,2024-04-25,2024-05-31,2024-06-04,2399.92,truck,4,1,0.521,0.1502,1,90.87
750,23,10,2024-02-29,2024-03-27,2024-04-02,897.52,truck,5,1,0.6832,0.2281,1,132.54
751,43,13,2024-07-05,2024-07-31,2024-08-02,1304.38,truck,5,0,0.4097,0.1166,1,44.63
752,27,18,2024-08-07,2024-09-03,2024-09-03,2849.23,ship,2,0,0.5728,0.1179,0,1.03
753,17,15,2024-03-08,2024-04-21,2024-04-21,1134.98,truck,1,0,0.3322,0.1135,0,1.68
754,8,7,2024-12-09,2025-01-01,2025-01-06,556.27,truck,5,1,0.3431,0.1094,1,111.48
755,16,8,2024-03-23,2024-04-22,2024-04-23,2757.99,truck,2,0,0.3114,0.3266,1,14.88
756,11,9,2023-05-26,2023-06-14,2023-06-14,10665.23,air,3,1,0.6401,0.163,0,2.34
757,47,5,2024-05-10,2024-06-09,2024-06-09,1117.68,truck,5,1,0.5047,0.1768,0,3.65
758,36,3,2023-03-29,2023-04-21,2023-04-21,4863.93,air,1,1,0.4004,0.0168,0,2.81
759,49,15,2024-03-06,2024-03-23,2024-03-23,1061.97,truck,3,1,0.4427,0.0836,0,1.5
760,42,2,2025-07-24,2025-08-07,2025-08-07,365.44,truck,1,1,0.4337,0.2372,0,3.94
761,26,3,2023-04-15,2023-05-05,2023-05-05,557.2,truck,3,0,0.6526,0.1577,0,1.72
762,6,4,2023-12-08,2024-01-08,2024-01-10,2836.6,truck,1,1,0.6052,0.3463,1,54.64
763,7,12,2025-01-21,2025-03-20,2025-03-20,14006.96,ship,2,0,0.4586,0.2727,0,2.1
764,12,18,2024-03-11,2024-04-13,2024-04-13,1248.66,truck,3,0,0.6317,0.2771,0,3.48
765,37,13,2024-12-16,2025-01-18,2025-01-18,1657.21,truck,5,1,0.3928,0.1502,0,2.43
766,36,6,2025-08-18,2025-09-08,2025-09-08,314.46,truck,3,1,0.6303,0.0168,0,2.71
767,40,17,2024-12-25,2025-01-15,2025-01-19,429.41,truck,3,0,0.5586,0.1206,1,91.4
768,2,16,2024-09-24,2024-10-06,2024-10-07,645.63,truck,3,1,0.41,0.3485,1,25.21
769,40,18,2023-01-14,2023-02-12,2023-02-13,2792.99,ship,5,0,0.5452,0.1206,1,27.0
770,17,9,2025-10-12,2025-11-20,2025-11-24,983.14,truck,2,0,0.706,0.1135,1,106.22
771,25,12,2024-03-28,2024-04-18,2024-04-18,1684.64,air,2,0,0.3563,0.3294,0,1.16
772,42,6,2025-07-17,2025-08-02,2025-08-02,1288.42,truck,2,0,0.2838,0.2372,0,3.57
773,17,5,2024-04-23,2024-06-04,2024-06-04,361.98,truck,1,0,0.3861,0.1135,0,2.87
774,39,12,2024-06-01,2024-07-12,2024-07-15,7981.98,ship,2,1,0.3648,0.2906,1,75.18
775,15,18,2025-11-06,2025-12-07,2025-12-07,2187.85,truck,1,1,0.3558,0.1012,0,3.66
776,20,20,2025-04-09,2025-05-17,2025-05-17,3087.22,ship,3,0,0.4192,0.2853,0,1.15
777,20,10,2024-12-23,2025-01-25,2025-01-25,6352.8,air,2,0,0.386,0.2853,0,2.87
778,10,12,2023-05-22,2023-06-26,2023-06-27,4574.3,ship,4,1,0.2975,0.335,1,35.94
779,41,6,2025-08-17,2025-09-07,2025-09-07,1761.6,ship,1,0,0.621,0.5395,0,1.97
780,29,18,2024-04-02,2024-05-17,2024-05-17,8962.02,ship,1,0,0.6691,0.223,0,1.66
781,19,10,2025-01-19,2025-02-09,2025-02-09,2602.69,truck,4,0,0.4647,0.2562,0,3.27
782,16,10,2024-04-26,2024-06-03,2024-06-04,3856.76,ship,4,0,0.4682,0.3266,1,26.01
783,49,8,2025-02-21,2025-03-19,2025-03-19,5690.67,truck,2,0,0.6039,0.0836,0,2.32
784,28,9,2023-05-22,2023-06-07,2023-06-08,339.72,truck,2,1,0.6864,0.183,1,22.63
785,27,7,2025-01-25,2025-02-26,2025-02-28,3592.32,ship,3,2,0.1185,0.1179,1,47.23
786,8,15,2024-06-22,2024-07-18,2024-07-24,2411.3,truck,2,2,0.5512,0.1094,1,138.87
787,20,8,2025-03-07,2025-04-06,2025-04-07,774.56,truck,5,1,0.3808,0.2853,1,34.82
788,10,8,2025-09-22,2025-12-10,2025-12-13,20000.0,ship,3,1,0.1792,0.335,1,64.08
789,3,9,2024-09-27,2024-10-24,2024-10-24,1720.14,ship,4,0,0.6885,0.2878,0,2.08
790,34,19,2023-07-10,2023-09-11,2023-09-12,18771.35,ship,1,0,0.448,0.0399,1,13.99
791,20,12,2023-09-01,2023-10-16,2023-10-16,4714.61,ship,1,0,0.3524,0.2853,0,4.64
792,30,18,2024-10-23,2024-11-13,2024-11-13,1361.58,truck,1,0,0.5395,0.3611,0,2.25
793,5,10,2025-06-26,2025-07-23,2025-07-27,403.36,truck,4,1,0.4738,0.2606,1,86.21
794,21,11,2024-11-03,2025-01-10,2025-01-12,20000.0,ship,4,1,0.3089,0.1211,1,36.9
795,41,8,2025-11-27,2025-12-22,2025-12-22,2610.77,ship,3,0,0.3229,0.5395,0,2.19
796,46,9,2024-12-15,2025-01-05,2025-01-05,555.74,truck,5,0,0.5135,0.0911,0,1.46
797,33,11,2025-11-09,2025-11-24,2025-11-25,1289.67,truck,1,0,0.546,0.1674,1,34.47
798,23,1,2023-07-23,2023-08-17,2023-08-18,851.14,truck,2,1,0.6088,0.2281,1,26.66
799,48,18,2024-05-24,2024-06-13,2024-06-13,1802.85,truck,3,1,0.7119,0.5295,1,10.02
800,10,6,2023-03-25,2023-05-18,2023-05-18,11171.19,ship,2,0,0.6516,0.335,0,1.2
801,25,4,2025-01-22,2025-03-29,2025-03-30,14972.48,ship,4,0,0.594,0.3294,1,35.79
802,42,5,2024-06-27,2024-08-27,2024-08-29,16031.08,ship,5,1,0.5686,0.2372,1,54.46
803,37,15,2025-05-29,2025-06-28,2025-06-29,353.67,truck,5,2,0.4869,0.1502,1,26.07
804,48,19,2023-09-01,2023-09-17,2023-09-17,7496.69,air,2,0,0.3677,0.5295,0,2.28
805,28,15,2023-11-12,2023-12-12,2023-12-12,5510.09,ship,2,0,0.4667,0.183,0,1.83
806,43,7,2023-01-25,2023-02-20,2023-02-20,633.02,truck,1,0,0.3305,0.1166,0,1.58
807,16,17,2025-04-23,2025-05-23,2025-05-26,2227.48,truck,4,1,0.1972,0.3266,1,61.36
808,39,5,2023-09-15,2023-10-06,2023-10-08,855.11,truck,4,1,0.4955,0.2906,1,55.84
809,21,14,2025-09-05,2025-09-18,2025-09-18,532.65,truck,4,1,0.2978,0.1211,0,1.54
810,47,20,2024-04-22,2024-06-30,2024-06-30,15675.38,ship,1,0,0.5642,0.1768,1,8.94
811,10,14,2025-07-18,2025-08-10,2025-08-13,1184.96,truck,4,2,0.1667,0.335,1,75.64
812,14,14,2024-06-06,2024-07-20,2024-07-20,7068.36,ship,3,1,0.5141,0.2082,0,1.03
813,43,18,2025-06-12,2025-07-13,2025-07-13,2311.11,ship,3,1,0.3909,0.1166,0,1.31
814,8,2,2024-03-22,2024-04-18,2024-04-18,16023.53,air,1,0,0.7118,0.1094,0,3.37
815,33,10,2024-09-13,2024-09-26,2024-09-26,3480.16,air,2,1,0.6486,0.1674,0,1.23
816,38,10,2023-08-20,2023-09-20,2023-09-20,6567.2,ship,1,1,0.6078,0.1178,0,1.88
817,50,10,2023-03-03,2023-03-30,2023-03-30,3086.87,ship,4,0,0.4336,0.1476,0,1.77
818,43,16,2024-09-14,2024-10-12,2024-10-17,9014.84,air,4,1,0.7089,0.1166,1,127.31
819,48,16,2024-10-01,2024-10-20,2024-10-22,2002.57,truck,2,1,0.5844,0.5295,1,47.42
820,50,5,2023-12-09,2024-01-07,2024-01-07,20000.0,air,1,0,0.4981,0.1476,0,2.83
821,46,1,2025-05-15,2025-06-07,2025-06-07,1861.01,truck,1,0,0.7871,0.0911,0,1.15
822,22,16,2024-04-08,2024-04-22,2024-04-22,350.47,truck,1,0,0.4106,0.1904,0,1.59
823,28,5,2024-09-06,2024-09-23,2024-09-23,2610.73,air,3,0,0.5138,0.183,0,5.42
824,18,6,2025-07-04,2025-07-22,2025-07-22,3329.23,ship,2,1,0.1673,0.0465,0,1.69
825,17,10,2024-08-27,2024-10-19,2024-10-19,4383.83,ship,2,2,0.4366,0.1135,0,3.95
826,34,16,2024-05-16,2024-05-25,2024-05-29,682.53,truck,5,1,0.7283,0.0399,1,100.75
827,10,9,2023-01-13,2023-02-12,2023-02-12,20000.0,air,4,0,0.7246,0.335,0,1.45
828,9,17,2023-07-10,2023-09-01,2023-09-02,12547.52,ship,4,1,0.2176,0.1382,1,20.38
829,37,3,2025-07-07,2025-08-07,2025-08-07,459.98,truck,3,0,0.6731,0.1502,0,1.59
830,1,2,2025-08-01,2025-08-27,2025-08-27,5018.21,air,1,2,0.5441,0.2492,0,2.96
831,4,8,2025-11-05,2025-12-07,2025-12-07,389.7,truck,3,0,0.4612,0.2301,0,1.98
832,27,1,2024-12-12,2025-02-08,2025-02-08,12941.42,ship,4,0,0.6302,0.1179,0,6.97
833,36,1,2023-06-30,2023-07-25,2023-07-28,2208.97,ship,3,1,0.6182,0.0168,1,80.86
834,32,17,2023-01-17,2023-03-11,2023-03-15,9383.86,ship,4,0,0.334,0.299,1,97.11
835,22,11,2024-05-26,2024-07-05,2024-07-06,8301.65,ship,4,1,0.3781,0.1904,1,26.46
836,26,12,2025-04-04,2025-04-27,2025-04-27,1170.8,truck,4,0,0.329,0.1577,0,2.24
837,49,8,2023-01-15,2023-02-08,2023-02-08,3881.61,ship,2,0,0.4651,0.0836,0,2.16
838,10,18,2023-06-11,2023-07-03,2023-07-05,429.13,truck,3,1,0.6206,0.335,1,40.95
839,16,1,2023-02-05,2023-03-11,2023-03-12,20000.0,air,3,0,0.6615,0.3266,1,17.79
840,32,17,2025-06-20,2025-07-18,2025-07-18,589.04,truck,4,1,0.4095,0.299,0,2.42
841,17,17,2024-06-14,2024-08-02,2024-08-05,2818.92,ship,1,2,0.1562,0.1135,1,63.04
842,13,19,2025-11-14,2025-12-02,2025-12-12,975.05,truck,3,1,0.449,0.1757,1,232.77
843,22,12,2024-02-11,2024-02-25,2024-02-25,3184.28,air,4,0,0.2687,0.1904,0,2.52
844,21,10,2025-07-10,2025-07-26,2025-07-26,5052.62,air,2,2,0.371,0.1211,0,1.57
845,33,20,2025-02-23,2025-03-12,2025-03-12,6480.0,air,5,1,0.3663,0.1674,0,2.49
846,16,19,2025-11-21,2025-12-30,2026-01-03,3450.14,ship,5,2,0.3061,0.3266,1,93.09
847,26,6,2024-01-01,2024-02-09,2024-02-09,6724.87,ship,5,0,0.5189,0.1577,0,2.52
848,7,9,2025-01-20,2025-02-19,2025-02-19,3623.95,ship,4,0,0.9196,0.2727,0,4.56
849,40,2,2024-08-30,2024-09-20,2024-09-20,1344.03,air,1,1,0.1842,0.1206,0,2.35
850,43,6,2023-09-15,2023-10-12,2023-10-12,467.53,truck,1,0,0.3535,0.1166,0,2.5
851,21,15,2025-07-30,2025-08-11,2025-08-11,480.19,truck,4,2,0.4809,0.1211,0,2.49
852,31,16,2023-07-23,2023-08-23,2023-08-25,4653.23,ship,4,1,0.5262,0.2757,1,52.95
853,37,10,2025-05-30,2025-07-15,2025-07-20,6175.02,ship,3,2,0.5736,0.1502,1,115.37
854,33,18,2025-01-29,2025-02-10,2025-02-10,342.52,truck,1,0,0.4102,0.1674,0,0.87
855,47,12,2023-09-06,2023-10-06,2023-10-06,6969.54,air,2,0,0.2014,0.1768,0,1.63
856,49,17,2023-07-07,2023-07-22,2023-07-24,648.37,truck,4,2,0.2443,0.0836,1,49.5
857,28,1,2024-07-07,2024-08-01,2024-08-04,3991.84,ship,1,2,0.6309,0.183,1,82.71
858,3,19,2023-12-13,2024-01-10,2024-01-12,2158.32,truck,4,1,0.1329,0.2878,1,43.59
859,11,13,2023-01-25,2023-02-26,2023-02-27,7047.33,ship,5,1,0.1984,0.163,1,26.22
860,12,14,2024-03-17,2024-04-16,2024-04-16,870.82,truck,4,1,0.3812,0.2771,0,2.6
861,34,17,2024-09-03,2024-09-13,2024-09-13,681.26,truck,2,0,0.0274,0.0399,0,2.49
862,11,18,2024-07-12,2024-07-26,2024-07-26,1821.33,truck,1,1,0.4213,0.163,0,1.56
863,27,11,2023-04-17,2023-05-09,2023-05-12,3780.4,air,3,1,0.5953,0.1179,1,64.65
864,43,8,2024-06-27,2024-07-23,2024-07-23,682.85,truck,5,1,0.4874,0.1166,0,1.91
865,44,19,2025-09-04,2025-09-19,2025-09-19,2628.2,truck,2,1,0.332,0.0719,0,2.72
866,32,2,2023-10-19,2023-11-28,2023-11-29,4132.35,ship,2,0,0.4595,0.299,1,31.48
867,24,10,2025-05-03,2025-05-23,2025-05-23,520.61,truck,4,1,0.4247,0.0437,0,1.91
868,20,20,2025-02-17,2025-03-20,2025-03-20,668.45,truck,1,1,0.4727,0.2853,0,0.99
869,8,8,2025-09-05,2025-11-05,2025-11-05,14832.16,ship,1,1,0.3493,0.1094,0,1.19
870,10,20,2025-11-02,2025-11-25,2025-12-03,1568.22,truck,5,2,0.6671,0.335,1,196.51
871,38,4,2024-01-22,2024-02-08,2024-02-10,600.85,truck,2,0,0.5831,0.1178,1,51.8
872,43,10,2025-09-17,2025-12-11,2025-12-12,20000.0,ship,3,0,0.4892,0.1166,1,32.19
873,23,12,2023-10-23,2023-11-21,2023-11-23,1676.65,ship,4,0,0.2078,0.2281,1,53.84
874,43,15,2023-05-21,2023-06-16,2023-06-21,819.38,truck,4,1,0.431,0.1166,1,119.32
875,24,10,2024-07-17,2024-08-10,2024-08-10,1842.89,ship,3,2,0.3038,0.0437,0,2.46
876,25,14,2025-08-21,2025-09-15,2025-09-16,6367.66,air,4,1,0.5259,0.3294,1,25.87
877,45,4,2023-07-16,2023-08-09,2023-08-09,20000.0,air,2,1,0.3549,0.1051,0,2.06
878,46,6,2023-05-15,2023-06-24,2023-06-24,7479.23,ship,5,0,0.5439,0.0911,0,2.04
879,33,15,2024-12-25,2025-01-06,2025-01-06,333.81,truck,2,0,0.6795,0.1674,0,5.19
880,29,2,2023-07-22,2023-08-16,2023-08-16,1785.48,truck,2,2,0.2425,0.223,0,2.61
881,43,5,2024-08-03,2024-08-30,2024-08-30,1054.79,truck,5,1,0.6742,0.1166,0,4.04
882,27,5,2023-06-10,2023-06-30,2023-06-30,3076.02,air,5,2,0.5302,0.1179,0,2.54
883,23,3,2024-07-27,2024-08-21,2024-08-21,1759.78,truck,1,1,0.4597,0.2281,0,1.85
884,12,16,2023-03-21,2023-04-22,2023-04-23,2409.67,truck,5,0,0.5246,0.2771,1,28.69
885,48,7,2024-04-29,2024-05-17,2024-05-17,678.61,truck,1,1,0.2618,0.5295,0,3.13
886,4,6,2024-12-29,2025-02-06,2025-02-06,3682.34,ship,1,0,0.4459,0.2301,0,1.75
887,1,11,2025-04-07,2025-05-06,2025-05-09,3053.05,ship,4,1,0.5064,0.2492,1,75.1
888,24,5,2023-08-25,2023-09-13,2023-09-18,517.24,truck,5,0,0.5224,0.0437,1,110.85
889,4,13,2024-04-28,2024-06-08,2024-06-10,4943.83,ship,2,0,0.4783,0.2301,1,47.38
890,28,12,2023-11-23,2023-12-16,2023-12-16,2193.36,ship,1,0,0.2645,0.183,0,1.56
891,31,16,2023-01-03,2023-01-27,2023-01-27,2454.01,ship,4,0,0.6948,0.2757,0,2.79
892,28,6,2024-04-10,2024-04-24,2024-04-24,1695.97,air,3,0,0.4975,0.183,0,2.48
893,47,11,2024-10-21,2024-11-20,2024-11-20,9072.41,air,4,1,0.5682,0.1768,0,1.62
894,39,13,2024-08-26,2024-09-19,2024-09-19,1517.42,truck,5,0,0.3601,0.2906,0,2.65
895,27,18,2025-01-25,2025-02-17,2025-02-17,837.61,truck,4,0,0.6338,0.1179,0,1.9
896,27,20,2023-09-21,2023-10-19,2023-10-19,18893.43,air,4,0,0.5546,0.1179,0,4.02
897,30,11,2025-03-18,2025-04-08,2025-04-09,1435.51,truck,1,1,0.4146,0.3611,1,27.49
898,44,6,2023-03-08,2023-03-23,2023-03-23,505.8,truck,4,0,0.4298,0.0719,0,2.6
899,24,4,2024-10-29,2024-11-25,2024-11-25,2426.76,truck,2,0,0.5484,0.0437,0,4.18
900,9,4,2023-08-08,2023-08-27,2023-08-27,1261.34,truck,2,1,0.4974,0.1382,0,4.31
901,2,10,2023-10-03,2023-10-13,2023-10-13,1428.91,truck,1,0,0.5497,0.3485,0,4.44
902,36,4,2024-10-06,2024-11-04,2024-11-04,3922.48,ship,3,0,0.4105,0.0168,0,6.38
903,17,8,2023-12-13,2024-03-21,2024-03-21,20000.0,ship,5,0,0.1569,0.1135,0,3.38
904,25,10,2023-03-19,2023-04-19,2023-04-19,3061.43,ship,1,0,0.1887,0.3294,0,3.23
905,44,16,2025-07-25,2025-08-08,2025-08-08,974.25,truck,1,1,0.5997,0.0719,0,2.93
906,45,3,2025-08-24,2025-09-11,2025-09-14,601.77,truck,5,0,0.7357,0.1051,1,64.55
907,30,9,2024-04-18,2024-06-06,2024-06-08,12437.16,ship,4,1,0.8972,0.3611,1,49.3
908,23,16,2025-10-21,2025-11-15,2025-11-15,9695.18,air,1,1,0.6024,0.2281,0,2.12
909,16,18,2025-05-16,2025-06-17,2025-06-18,3859.93,ship,4,1,0.7054,0.3266,1,18.59
910,38,6,2024-02-27,2024-03-15,2024-03-15,677.71,truck,4,0,0.4004,0.1178,0,5.11
911,33,19,2024-02-14,2024-02-28,2024-02-28,1113.64,truck,3,1,0.3682,0.1674,0,2.48
912,22,10,2023-12-02,2024-01-04,2024-01-04,5608.66,ship,2,0,0.4449,0.1904,0,3.42
913,29,15,2025-04-26,2025-05-17,2025-05-17,768.18,truck,4,1,0.4442,0.223,0,2.56
914,42,7,2023-04-14,2023-05-03,2023-05-03,1827.4,ship,3,1,0.0922,0.2372,0,3.23
915,16,1,2024-01-26,2024-02-24,2024-02-24,1423.85,truck,1,0,0.8857,0.3266,0,3.68
916,37,8,2024-08-09,2024-09-10,2024-09-10,1311.66,truck,4,1,0.3197,0.1502,0,1.19
917,25,12,2023-08-26,2023-09-21,2023-09-21,1423.94,truck,4,1,0.3365,0.3294,0,5.19
918,36,17,2025-10-09,2025-10-30,2025-10-31,512.13,truck,1,1,0.4079,0.0168,1,25.26
919,31,12,2023-10-12,2023-10-30,2023-10-30,1275.12,truck,2,0,0.2497,0.2757,0,3.58
920,21,9,2023-05-04,2023-06-06,2023-06-06,7379.45,ship,3,1,0.6625,0.1211,0,1.54
921,1,4,2023-10-17,2023-11-13,2023-11-15,2967.11,truck,3,1,0.4318,0.2492,1,51.88
922,1,8,2023-01-10,2023-02-04,2023-02-04,548.39,truck,5,0,0.4392,0.2492,0,5.39
923,4,9,2023-04-01,2023-05-03,2023-05-05,938.91,truck,4,1,0.5261,0.2301,1,36.1
924,42,18,2023-06-07,2023-06-28,2023-06-28,1910.18,ship,2,1,0.6619,0.2372,0,3.54
925,24,4,2024-07-19,2024-08-11,2024-08-11,597.19,truck,5,1,0.5476,0.0437,0,1.5
926,31,14,2024-04-13,2024-05-01,2024-05-02,802.62,truck,2,1,0.4315,0.2757,1,29.28
927,17,16,2025-10-20,2025-12-03,2025-12-05,324.98,truck,4,1,0.7998,0.1135,1,56.39
928,31,6,2023-12-30,2024-01-24,2024-01-26,3180.28,ship,3,0,0.5649,0.2757,1,45.6
929,2,15,2025-02-27,2025-03-15,2025-03-15,2409.89,truck,2,1,0.6102,0.3485,0,1.94
930,12,11,2023-04-06,2023-05-10,2023-05-11,450.69,truck,5,0,0.1864,0.2771,1,29.78
931,49,9,2024-01-19,2024-02-03,2024-02-04,603.69,truck,5,0,0.8146,0.0836,1,26.65
932,16,17,2025-08-06,2025-09-01,2025-09-01,1411.5,truck,1,1,0.4071,0.3266,0,2.13
933,36,16,2024-11-23,2024-12-14,2024-12-14,535.51,truck,1,0,0.5362,0.0168,0,2.71
934,43,5,2025-05-24,2025-06-16,2025-06-17,588.3,truck,3,2,0.4669,0.1166,1,15.74
935,25,6,2023-03-15,2023-04-19,2023-04-19,4211.41,ship,1,0,0.6834,0.3294,0,3.35
936,49,19,2023-11-28,2023-12-19,2023-12-19,2164.43,ship,1,1,0.0265,0.0836,0,1.28
937,29,9,2024-09-09,2024-10-02,2024-10-02,1271.85,truck,2,0,0.6965,0.223,1,8.19
938,16,11,2025-11-24,2026-01-02,2026-01-05,3792.27,ship,1,1,0.3966,0.3266,1,83.01
939,31,9,2024-02-14,2024-03-04,2024-03-09,6183.44,air,5,0,0.5972,0.2757,1,119.79
940,49,9,2023-07-27,2023-08-14,2023-08-22,865.59,truck,5,1,0.7885,0.0836,1,185.18
941,28,18,2025-06-08,2025-06-25,2025-06-25,3350.91,air,3,2,0.4004,0.183,0,3.89
942,23,8,2023-03-24,2023-04-21,2023-04-21,2676.86,truck,2,0,0.324,0.2281,0,3.65
943,25,9,2023-09-05,2023-10-24,2023-10-28,9486.46,ship,3,1,0.9221,0.3294,1,106.22
944,4,17,2024-09-16,2024-10-20,2024-10-21,3034.49,truck,5,1,0.1485,0.2301,1,16.2
945,23,12,2025-07-09,2025-08-01,2025-08-01,922.04,truck,1,1,0.2636,0.2281,1,9.37
946,34,5,2025-11-27,2025-12-24,2025-12-26,6287.58,ship,1,0,0.6292,0.0399,1,36.03
947,48,4,2024-09-20,2024-10-08,2024-10-09,630.96,truck,1,1,0.2194,0.5295,1,25.06
948,18,2,2024-04-18,2024-05-02,2024-05-02,2109.03,ship,2,1,0.4862,0.0465,0,1.68
949,44,13,2024-06-14,2024-07-07,2024-07-07,20000.0,air,5,0,0.4545,0.0719,0,1.87
950,2,12,2025-10-09,2025-10-24,2025-10-24,2100.14,ship,2,0,0.2269,0.3485,0,2.59
951,9,9,2025-07-18,2025-08-27,2025-08-29,7820.74,ship,3,1,0.864,0.1382,1,58.07
952,15,5,2025-05-23,2025-06-23,2025-06-29,789.78,truck,5,2,0.5407,0.1012,1,153.53
953,39,17,2025-10-22,2025-11-10,2025-11-11,751.29,truck,2,1,0.4776,0.2906,1,29.01
954,9,11,2025-01-03,2025-03-18,2025-03-18,20000.0,ship,4,0,0.2272,0.1382,0,1.3
955,27,16,2024-11-03,2024-11-28,2024-11-28,1127.96,truck,2,0,0.4412,0.1179,0,2.6
956,36,6,2025-07-29,2025-08-24,2025-08-24,1868.4,truck,4,2,0.4617,0.0168,0,3.0
957,35,2,2024-10-07,2024-11-05,2024-11-06,2298.06,truck,2,0,0.5338,0.4038,1,32.71
958,43,13,2025-07-07,2025-09-19,2025-09-19,16622.81,ship,2,0,0.7723,0.1166,0,2.12
959,26,3,2024-02-18,2024-03-09,2024-03-09,404.38,truck,3,1,0.4681,0.1577,0,2.23
960,47,20,2023-06-29,2023-07-26,2023-07-26,4262.17,air,2,0,0.7116,0.1768,0,5.62
961,24,13,2024-06-23,2024-07-14,2024-07-14,643.91,truck,3,0,0.3601,0.0437,0,1.12
962,29,8,2024-11-05,2024-12-15,2024-12-15,6692.12,ship,2,0,0.3244,0.223,0,3.87
963,22,20,2025-03-25,2025-04-13,2025-04-14,7983.17,air,4,0,0.4994,0.1904,1,27.62
964,18,13,2024-11-27,2024-12-08,2024-12-09,1205.89,truck,1,1,0.661,0.0465,1,20.89
965,35,9,2024-06-13,2024-07-08,2024-07-15,555.47,truck,5,1,0.9324,0.4038,1,163.75
966,27,3,2024-05-21,2024-06-09,2024-06-09,314.6,truck,2,0,0.3428,0.1179,0,1.12
967,35,9,2025-06-03,2025-07-03,2025-07-04,5634.99,air,4,0,0.7573,0.4038,1,23.29
968,16,15,2023-10-24,2023-11-27,2023-11-27,3018.04,ship,3,0,0.4486,0.3266,0,2.3
969,35,10,2024-02-12,2024-03-10,2024-03-11,947.17,truck,3,0,0.5196,0.4038,1,23.99
970,22,16,2024-01-20,2024-02-06,2024-02-06,829.09,truck,5,0,0.6159,0.1904,0,0.98
971,9,7,2024-08-31,2024-09-29,2024-09-29,5788.9,truck,2,0,0.435,0.1382,0,1.74
972,50,11,2023-05-25,2023-06-18,2023-06-18,2792.11,ship,1,1,0.3908,0.1476,0,2.86
973,4,6,2023-08-09,2023-09-10,2023-09-11,1574.69,ship,5,0,0.2808,0.2301,1,34.74
974,45,16,2025-06-17,2025-07-13,2025-07-17,4112.53,ship,3,2,0.8604,0.1051,1,102.91
975,41,20,2023-10-10,2023-11-04,2023-11-08,3441.74,ship,4,0,0.7144,0.5395,1,86.46
976,17,7,2025-03-29,2025-05-10,2025-05-19,398.88,truck,4,1,0.4001,0.1135,1,216.14
977,26,12,2023-04-23,2023-05-13,2023-05-13,1103.99,truck,3,0,0.3041,0.1577,0,2.73
978,2,18,2024-10-06,2024-10-17,2024-10-17,1094.46,truck,3,1,0.7329,0.3485,0,3.69
979,35,11,2024-12-10,2025-01-22,2025-01-24,7191.39,ship,5,0,0.4039,0.4038,1,42.21
980,11,18,2023-09-27,2023-10-13,2023-10-14,10297.45,air,2,0,0.5806,0.163,1,20.37
981,42,14,2023-02-03,2023-02-17,2023-02-18,313.8,truck,3,0,0.4485,0.2372,1,19.75
982,37,12,2023-07-20,2023-09-12,2023-09-14,8944.85,ship,5,2,0.0993,0.1502,1,37.46
983,36,7,2025-06-03,2025-07-13,2025-07-13,6109.51,ship,3,0,0.3562,0.0168,0,1.72
984,3,14,2024-10-03,2024-10-29,2024-10-29,866.09,truck,1,1,0.2775,0.2878,0,4.14
985,20,12,2023-04-25,2023-05-26,2023-05-28,367.41,truck,2,1,0.2232,0.2853,1,48.65
986,21,20,2023-05-19,2023-06-13,2023-06-13,4814.97,ship,1,0,0.6179,0.1211,0,1.84
987,45,10,2025-02-18,2025-03-04,2025-03-06,324.63,truck,3,0,0.2298,0.1051,1,57.72
988,21,20,2024-09-13,2024-09-26,2024-09-26,2675.62,air,3,0,0.357,0.1211,0,3.71
989,16,15,2023-06-13,2023-07-10,2023-07-10,957.46,truck,2,2,0.4603,0.3266,0,1.83
990,30,15,2023-01-08,2023-01-26,2023-01-26,811.52,truck,2,0,0.5454,0.3611,0,1.26
991,50,14,2024-12-27,2025-02-04,2025-02-06,6513.28,ship,2,0,0.3946,0.1476,1,44.2
992,24,10,2024-10-30,2024-11-22,2024-11-22,1541.24,truck,4,1,0.5084,0.0437,0,2.67
993,34,6,2024-03-22,2024-04-08,2024-04-08,18107.96,air,3,0,0.6807,0.0399,0,2.01
994,7,4,2023-11-06,2023-11-27,2023-11-29,409.02,truck,1,1,0.7123,0.2727,1,48.77
995,22,3,2025-09-01,2025-10-20,2025-10-20,11950.62,ship,2,0,0.6691,0.1904,0,1.72
996,3,20,2025-03-30,2025-05-11,2025-05-13,6135.74,ship,3,1,0.5112,0.2878,1,59.73
997,15,9,2025-09-22,2025-10-21,2025-10-21,670.65,truck,3,1,0.7485,0.1012,0,0.8
998,17,16,2024-04-11,2024-05-28,2024-06-01,3673.93,truck,3,0,0.4286,0.1135,1,97.67
999,39,15,2024-01-16,2024-02-04,2024-02-05,706.0,truck,4,0,0.2568,0.2906,1,34.07
1000,30,3,2023-08-10,2023-10-18,2023-10-23,17785.02,ship,5,0,0.6603,0.3611,1,110.87
1001,22,14,2025-01-24,2025-02-08,2025-02-09,540.02,truck,5,0,0.41,0.1904,1,17.5
1002,46,9,2023-12-23,2024-01-10,2024-01-11,488.0,truck,5,0,0.6904,0.0911,1,35.25
1003,12,18,2025-02-19,2025-03-24,2025-03-24,1242.78,truck,2,1,0.5401,0.2771,0,1.46
1004,34,8,2025-11-14,2025-11-27,2025-11-27,5737.85,air,5,0,0.5995,0.0399,0,1.3
1005,8,12,2025-08-30,2025-10-06,2025-10-08,4519.97,ship,1,1,0.4638,0.1094,1,39.02
1006,44,8,2024-12-12,2024-12-26,2024-12-28,8058.0,air,5,0,0.4232,0.0719,1,37.48
1007,18,8,2023-09-09,2023-09-21,2023-09-21,777.42,truck,3,1,0.3049,0.0465,0,1.63
1008,12,13,2025-06-23,2025-08-01,2025-08-03,14005.9,air,4,0,0.4385,0.2771,1,39.79
1009,24,4,2023-09-25,2023-11-04,2023-11-04,7701.11,ship,1,1,0.3164,0.0437,0,1.36
1010,11,11,2023-11-11,2023-11-24,2023-11-26,1010.74,truck,3,0,0.6836,0.163,1,40.26
1011,39,16,2025-07-16,2025-09-16,2025-09-18,16130.86,ship,5,1,0.6309,0.2906,1,46.99
1012,32,5,2025-04-24,2025-06-02,2025-06-03,5101.82,ship,3,1,0.5076,0.299,1,22.74
1013,39,19,2023-09-04,2023-10-13,2023-10-13,7164.4,ship,5,0,0.3584,0.2906,0,3.09
1014,3,11,2025-03-13,2025-04-07,2025-04-08,1234.9,truck,3,0,0.3579,0.2878,1,23.22
1015,16,2,2025-07-18,2025-08-16,2025-08-16,1985.55,truck,4,0,0.313,0.3266,0,1.54
1016,48,19,2023-03-20,2023-04-06,2023-04-07,392.45,truck,1,1,0.287,0.5295,1,25.59
1017,33,20,2025-04-18,2025-04-30,2025-04-30,1361.86,air,3,0,0.3833,0.1674,0,2.28
1018,42,14,2024-03-24,2024-04-16,2024-04-19,3652.89,ship,5,0,0.194,0.2372,1,73.08
1019,12,20,2024-05-26,2024-06-30,2024-06-30,2174.16,air,3,1,0.4368,0.2771,0,2.91
1020,30,17,2024-09-19,2024-10-07,2024-10-07,679.85,truck,2,1,0.2572,0.3611,0,2.41
1021,10,3,2025-08-13,2025-09-05,2025-09-08,854.64,truck,4,0,0.8047,0.335,1,78.02
1022,27,1,2023-10-07,2023-10-29,2023-10-31,431.03,truck,3,0,0.6094,0.1179,1,55.0
1023,9,6,2023-02-06,2023-03-07,2023-03-07,2985.08,ship,2,0,0.576,0.1382,0,2.32
1024,19,17,2024-11-10,2024-12-24,2024-12-24,9801.15,ship,1,1,0.1364,0.2562,0,1.91
1025,35,14,2025-10-02,2025-10-29,2025-10-29,5122.39,air,1,1,0.2493,0.4038,0,1.43
1026,15,16,2024-01-07,2024-02-07,2024-02-09,1339.59,truck,1,0,0.8259,0.1012,1,49.98
1027,29,6,2025-02-06,2025-03-03,2025-03-07,2227.81,ship,3,0,0.4212,0.223,1,103.29
1028,15,14,2025-07-20,2025-08-22,2025-08-22,6559.53,air,3,2,0.2218,0.1012,0,1.92
1029,2,20,2024-03-29,2024-04-15,2024-04-17,4198.19,truck,5,1,0.5198,0.3485,1,53.31
1030,23,15,2025-03-30,2025-04-21,2025-04-21,505.08,truck,1,1,0.3226,0.2281,0,1.83
1031,38,11,2025-07-24,2025-08-10,2025-08-11,763.33,truck,1,2,0.3264,0.1178,1,27.21
1032,19,15,2023-09-03,2023-09-26,2023-09-28,2084.34,ship,5,2,0.5667,0.2562,1,43.48
1033,18,9,2025-05-30,2025-06-14,2025-06-15,3009.26,ship,4,1,0.705,0.0465,1,14.31
1034,26,9,2025-03-31,2025-06-13,2025-06-18,18449.19,ship,3,1,0.5636,0.1577,1,131.35
1035,24,17,2025-09-20,2025-10-15,2025-10-15,7626.52,air,2,0,0.2626,0.0437,0,1.77
1036,17,1,2024-04-18,2024-06-09,2024-06-09,4790.47,ship,4,1,0.6998,0.1135,0,1.54
1037,41,6,2023-07-23,2023-08-11,2023-08-11,1175.7,truck,2,1,0.5723,0.5395,0,2.83
1038,48,14,2023-10-19,2023-11-07,2023-11-12,1038.76,truck,4,0,0.2608,0.5295,1,118.38
1039,29,9,2025-09-18,2025-10-09,2025-10-09,632.5,truck,2,1,0.7929,0.223,0,3.4
1040,16,2,2023-10-11,2023-11-10,2023-11-10,2674.67,truck,3,1,0.369,0.3266,0,1.36
1041,23,10,2024-10-19,2024-11-17,2024-11-17,16352.62,air,2,0,0.3303,0.2281,0,3.0
1042,14,14,2023-08-06,2023-08-31,2023-08-31,1596.11,air,1,2,0.3016,0.2082,0,3.18
1043,29,8,2023-02-05,2023-03-28,2023-03-31,11553.38,ship,5,0,0.3609,0.223,1,68.47
1044,36,16,2025-09-29,2025-10-20,2025-10-21,3006.7,air,5,0,0.5165,0.0168,1,33.18
1045,1,13,2023-07-17,2023-08-08,2023-08-08,476.16,truck,1,0,0.4798,0.2492,0,2.04
1046,5,16,2025-06-06,2025-07-16,2025-07-17,5326.55,ship,5,1,0.9166,0.2606,1,19.96
1047,36,5,2025-08-16,2025-09-18,2025-09-19,6697.28,truck,3,1,0.5539,0.0168,1,16.93
1048,39,12,2023-01-08,2023-01-28,2023-01-28,1372.96,truck,2,0,0.5297,0.2906,0,2.45
1049,44,16,2024-11-23,2024-12-06,2024-12-07,618.64,truck,2,0,0.5362,0.0719,1,31.68
1050,49,18,2023-02-04,2023-03-15,2023-03-15,7134.62,ship,2,0,0.552,0.0836,0,2.36
1051,37,16,2024-09-15,2024-10-12,2024-10-12,346.61,truck,1,1,0.639,0.1502,0,3.76
1052,21,18,2023-04-15,2023-04-30,2023-05-02,1325.01,truck,2,1,0.5672,0.1211,1,48.9
1053,21,1,2025-11-22,2025-12-08,2025-12-08,2033.02,truck,5,0,0.5856,0.1211,0,3.49
1054,17,7,2023-04-03,2023-05-14,2023-05-14,471.35,truck,1,2,0.429,0.1135,0,3.66
1055,24,18,2023-07-26,2023-08-15,2023-08-16,1206.7,truck,5,1,0.5232,0.0437,1,32.79
1056,37,16,2025-08-16,2025-11-09,2025-11-11,18687.61,ship,1,0,0.5258,0.1502,1,45.91
1057,6,20,2023-09-06,2023-10-05,2023-10-05,3805.91,truck,1,0,0.6116,0.3463,0,1.64
1058,12,7,2023-02-04,2023-03-10,2023-03-10,1033.68,truck,1,1,0.2377,0.2771,0,4.41
1059,45,11,2023-10-31,2023-11-14,2023-11-14,443.13,truck,4,0,0.5042,0.1051,0,3.56
1060,14,19,2025-03-18,2025-04-17,2025-04-17,1682.53,truck,2,1,0.1971,0.2082,0,1.05
1061,48,9,2024-05-03,2024-05-25,2024-06-02,2777.64,ship,5,1,0.8959,0.5295,1,193.83
1062,49,4,2023-09-21,2023-11-22,2023-11-22,16554.47,ship,1,1,0.2973,0.0836,0,3.05
1063,41,8,2024-02-17,2024-03-05,2024-03-05,387.16,truck,2,1,0.1901,0.5395,0,3.43
1064,25,19,2023-04-04,2023-04-26,2023-04-26,1177.72,air,3,0,0.3222,0.3294,0,2.63
1065,49,8,2023-11-20,2023-12-14,2023-12-14,2614.66,ship,1,0,0.5011,0.0836,0,1.67
1066,14,4,2024-06-24,2024-08-08,2024-08-08,6785.22,ship,4,1,0.3748,0.2082,0,2.83
1067,36,15,2023-12-29,2024-01-17,2024-01-17,1242.93,air,4,0,0.6113,0.0168,0,2.65
1068,12,18,2025-10-26,2025-11-28,2025-11-28,1844.71,truck,4,0,0.6903,0.2771,0,1.08
1069,29,5,2024-01-13,2024-02-04,2024-02-04,980.26,truck,2,0,0.5141,0.223,0,2.87
1070,37,7,2023-06-04,2023-07-06,2023-07-06,759.83,truck,5,0,0.2944,0.1502,0,2.28
1071,31,20,2024-08-12,2024-08-29,2024-08-29,612.0,truck,2,0,0.7274,0.2757,0,2.39
1072,37,4,2024-11-22,2024-12-21,2024-12-23,4603.94,air,4,0,0.7103,0.1502,1,46.45
1073,37,3,2024-07-22,2024-08-24,2024-08-24,366.91,truck,3,0,0.3974,0.1502,0,2.22
1074,8,9,2024-03-10,2024-04-02,2024-04-02,605.69,truck,2,0,0.4475,0.1094,0,3.75
1075,6,1,2024-07-28,2024-08-27,2024-08-29,2062.64,ship,5,1,0.3825,0.3463,1,41.09
1076,26,9,2024-04-27,2024-05-22,2024-05-23,1728.15,truck,2,1,0.8352,0.1577,1,31.64
1077,11,6,2023-05-21,2023-06-13,2023-06-15,2999.59,truck,5,2,0.2566,0.163,1,51.44
1078,49,4,2023-02-08,2023-02-26,2023-02-26,888.51,truck,1,0,0.6813,0.0836,0,3.36
1079,5,7,2023-08-18,2023-09-14,2023-09-14,3472.57,air,1,1,0.3014,0.2606,0,2.24
1080,35,13,2023-12-23,2024-01-24,2024-01-30,3607.62,truck,2,2,0.3507,0.4038,1,149.52
1081,22,4,2023-01-25,2023-02-11,2023-02-12,544.43,truck,5,0,0.5131,0.1904,1,18.62
1082,41,20,2023-11-16,2023-12-05,2023-12-06,6158.89,air,3,1,0.6046,0.5395,1,25.15
1083,46,7,2025-10-14,2025-11-02,2025-11-02,660.27,truck,4,1,0.1314,0.0911,0,1.4
1084,29,1,2024-09-29,2024-10-18,2024-10-20,2530.44,air,2,1,0.6888,0.223,1,55.86
1085,35,1,2023-05-31,2023-06-27,2023-07-13,959.6,truck,5,1,0.6601,0.4038,1,379.65
1086,6,18,2024-08-10,2024-09-05,2024-09-05,368.21,truck,5,1,0.4874,0.3463,0,2.06
1087,15,3,2025-08-14,2025-09-27,2025-09-27,5096.03,ship,3,0,0.6898,0.1012,0,3.1
1088,5,6,2025-05-18,2025-06-13,2025-06-14,349.27,truck,3,1,0.5027,0.2606,1,24.07
1089,11,3,2023-04-23,2023-05-07,2023-05-11,606.34,truck,2,1,0.5072,0.163,1,89.37
1090,34,14,2023-12-22,2024-01-02,2024-01-02,477.61,truck,4,0,0.3785,0.0399,0,1.73
1091,42,11,2023-11-19,2023-12-03,2023-12-03,541.4,truck,4,0,0.3829,0.2372,0,2.3
1092,38,14,2025-05-02,2025-05-17,2025-05-22,912.69,truck,4,2,0.3016,0.1178,1,131.65
1093,37,16,2024-01-29,2024-03-01,2024-03-03,1036.29,truck,5,0,0.6553,0.1502,1,42.09
1094,43,1,2025-02-21,2025-03-29,2025-03-30,3632.24,ship,3,0,0.5258,0.1166,1,17.62
1095,48,3,2025-01-29,2025-02-17,2025-02-17,1948.22,truck,2,1,0.8905,0.5295,0,4.05
1096,39,3,2023-03-23,2023-06-08,2023-06-10,20000.0,ship,1,0,0.4987,0.2906,1,52.76
1097,46,9,2023-05-20,2023-06-24,2023-06-26,5371.76,ship,5,1,0.6011,0.0911,1,54.4
1098,50,2,2023-09-08,2023-10-04,2023-10-05,3303.7,truck,1,1,0.4435,0.1476,1,31.39
1099,46,15,2024-04-01,2024-04-28,2024-04-28,2480.73,ship,1,1,0.4299,0.0911,0,1.36
1100,16,13,2024-03-15,2024-04-14,2024-04-23,2537.22,ship,4,1,0.3819,0.3266,1,204.36
1101,3,20,2023-07-06,2023-07-28,2023-07-28,508.22,truck,1,0,0.6008,0.2878,0,4.53
1102,36,12,2025-11-13,2025-12-06,2025-12-06,5043.22,air,1,0,0.3446,0.0168,0,4.35
1103,38,6,2023-03-05,2023-03-21,2023-03-21,946.54,truck,3,1,0.4106,0.1178,0,1.98
1104,2,9,2024-10-19,2024-11-01,2024-11-04,1587.03,truck,3,2,0.6088,0.3485,1,79.66
1105,40,18,2025-09-16,2025-10-11,2025-10-11,1291.79,truck,4,1,0.4167,0.1206,0,2.02
1106,9,14,2025-11-27,2025-12-17,2025-12-17,1144.68,truck,3,0,0.3057,0.1382,0,4.39
1107,21,8,2024-04-03,2024-04-21,2024-04-21,8569.56,air,4,0,0.367,0.1211,0,4.46
1108,6,14,2025-08-02,2025-08-26,2025-08-26,686.86,truck,1,1,0.3088,0.3463,0,3.47
1109,23,12,2024-08-31,2024-10-14,2024-10-15,7309.84,ship,4,1,0.4573,0.2281,1,18.57
1110,15,6,2024-02-15,2024-03-15,2024-03-15,380.93,truck,1,0,0.4647,0.1012,0,1.64
1111,28,19,2024-04-15,2024-05-02,2024-05-02,602.86,truck,1,0,0.2252,0.183,0,1.4
1112,23,8,2023-01-21,2023-02-17,2023-02-17,4761.96,air,2,0,0.4308,0.2281,0,1.33
1113,38,11,2024-01-15,2024-03-02,2024-03-02,10949.47,ship,2,0,0.2442,0.1178,1,8.93
1114,16,16,2025-02-03,2025-03-01,2025-03-01,328.83,truck,5,1,0.8003,0.3266,0,1.96
1115,2,17,2024-02-03,2024-02-17,2024-02-17,1502.29,truck,2,0,0.0698,0.3485,0,1.35
1116,34,12,2024-04-28,2024-05-08,2024-05-08,617.37,truck,1,1,0.2468,0.0399,0,5.36
1117,17,9,2024-11-29,2025-01-10,2025-01-12,330.53,truck,1,0,0.6917,0.1135,1,56.01
1118,3,6,2023-11-18,2023-12-12,2023-12-12,326.83,truck,1,0,0.3823,0.2878,0,2.37
1119,1,15,2023-04-23,2023-05-20,2023-05-24,6979.04,air,1,1,0.849,0.2492,1,105.78
1120,45,10,2024-04-16,2024-04-28,2024-04-30,1916.22,air,4,1,0.5305,0.1051,1,57.71
1121,16,8,2024-03-01,2024-03-31,2024-04-04,2069.48,truck,4,0,0.4473,0.3266,1,106.55
1122,44,9,2025-05-07,2025-05-25,2025-05-25,12018.82,air,3,1,0.7251,0.0719,0,1.27
1123,44,2,2025-06-14,2025-07-01,2025-07-03,2160.32,truck,3,2,0.2724,0.0719,1,38.81
1124,49,19,2024-11-04,2024-11-21,2024-11-23,596.93,truck,3,2,0.436,0.0836,1,48.4
1125,32,10,2025-02-26,2025-03-31,2025-04-02,3094.3,ship,1,0,0.4469,0.299,1,46.67
1126,47,13,2024-10-11,2024-11-08,2024-11-14,6061.57,air,4,1,0.6236,0.1768,1,139.1
1127,45,16,2023-02-17,2023-03-05,2023-03-05,567.72,truck,1,1,0.7665,0.1051,0,2.92
1128,49,19,2025-07-24,2025-08-13,2025-08-13,1364.03,truck,2,0,0.1884,0.0836,0,3.8
1129,16,17,2023-02-20,2023-03-17,2023-03-19,360.73,truck,2,0,0.1493,0.3266,1,54.68
1130,24,5,2023-06-10,2023-07-01,2023-07-02,1633.7,truck,3,2,0.5302,0.0437,1,22.56
1131,34,5,2024-04-08,2024-04-23,2024-04-26,4160.43,air,3,0,0.4596,0.0399,1,79.18
1132,46,17,2024-12-12,2025-01-07,2025-01-07,3602.58,truck,4,0,0.4035,0.0911,0,2.5
1133,26,20,2025-03-06,2025-04-01,2025-04-06,13680.53,air,5,1,0.5202,0.1577,1,120.26
1134,14,3,2023-06-27,2023-07-23,2023-07-25,1028.1,truck,3,0,0.4545,0.2082,1,56.98
1135,32,8,2025-03-17,2025-05-02,2025-05-04,6768.7,ship,5,0,0.5161,0.299,1,50.02
1136,25,11,2024-05-10,2024-06-02,2024-06-02,533.9,truck,5,0,0.4085,0.3294,0,2.32
1137,28,9,2025-05-27,2025-06-24,2025-06-27,4670.65,ship,4,2,0.7329,0.183,1,63.89
1138,8,17,2024-02-16,2024-03-14,2024-03-15,1038.71,truck,3,0,0.386,0.1094,1,31.0
1139,15,12,2024-07-22,2024-08-25,2024-08-25,2008.02,truck,3,2,0.3438,0.1012,0,1.59
1140,36,19,2024-03-11,2024-03-30,2024-03-30,367.16,truck,3,2,0.3164,0.0168,0,1.03
1141,10,4,2023-10-23,2023-11-16,2023-11-16,1112.84,truck,4,0,0.6085,0.335,0,3.79
1142,46,3,2024-03-08,2024-04-08,2024-04-11,3872.82,ship,5,1,0.5679,0.0911,1,83.87
1143,4,7,2025-10-09,2025-11-10,2025-11-12,773.04,truck,1,1,0.3645,0.2301,1,56.88
1144,34,11,2025-06-03,2025-06-17,2025-06-20,1496.59,truck,2,1,0.6565,0.0399,1,68.85
1145,13,6,2024-10-18,2024-12-14,2024-12-14,15625.17,ship,2,0,0.5844,0.1757,0,1.44
1146,24,6,2024-11-08,2024-12-03,2024-12-06,968.23,truck,4,1,0.4408,0.0437,1,69.17
1147,3,2,2023-05-17,2023-07-03,2023-07-05,7859.67,ship,1,1,0.3058,0.2878,1,39.69
1148,48,16,2025-07-25,2025-08-13,2025-08-15,385.01,truck,4,1,0.5997,0.5295,1,51.68
1149,36,5,2025-09-28,2025-10-20,2025-10-20,438.47,truck,1,0,0.4571,0.0168,0,2.26
1150,10,15,2025-06-12,2025-07-05,2025-07-09,1404.05,truck,1,2,0.5253,0.335,1,84.62
1151,38,6,2025-01-21,2025-02-04,2025-02-04,1001.79,truck,4,0,0.6815,0.1178,0,4.04
1152,50,20,2025-04-05,2025-04-23,2025-04-23,2807.82,air,1,1,0.3942,0.1476,0,2.07
1153,31,5,2023-03-26,2023-04-10,2023-04-11,498.7,truck,5,0,0.4917,0.2757,1,15.39
1154,6,1,2023-02-22,2023-03-20,2023-03-21,532.64,truck,5,0,0.4572,0.3463,1,20.84
1155,6,6,2023-03-23,2023-04-19,2023-04-19,963.36,truck,5,1,0.7939,0.3463,0,1.86
1156,18,14,2024-05-30,2024-06-13,2024-06-14,893.09,truck,4,1,0.3935,0.0465,1,31.93
1157,32,4,2024-03-06,2024-04-06,2024-04-07,2060.42,ship,4,1,0.3318,0.299,1,23.02
1158,8,3,2025-09-07,2025-11-12,2025-11-13,15493.63,ship,4,1,0.5285,0.1094,1,33.43
1159,11,12,2024-01-23,2024-02-09,2024-02-09,2725.15,truck,1,0,0.2687,0.163,1,8.96
1160,27,18,2025-02-23,2025-03-24,2025-03-30,3130.01,truck,2,1,0.6999,0.1179,1,153.69
1161,20,11,2025-01-20,2025-02-27,2025-02-27,2959.94,ship,1,1,0.6879,0.2853,0,1.8
1162,22,9,2023-11-02,2023-11-18,2023-11-24,872.25,truck,3,0,0.4477,0.1904,1,154.29
1163,12,9,2023-09-15,2023-10-20,2023-10-22,2970.99,truck,5,1,1.0,0.2771,1,59.01
1164,42,5,2023-03-05,2023-03-31,2023-04-02,4340.04,ship,3,0,0.3888,0.2372,1,38.26
1165,5,16,2024-04-22,2024-05-17,2024-05-17,1339.74,truck,1,1,0.4639,0.2606,0,2.21
1166,32,19,2024-05-22,2024-06-22,2024-06-23,3721.83,truck,3,0,0.6013,0.299,1,35.39
1167,39,13,2024-01-03,2024-01-23,2024-01-26,546.2,truck,2,2,0.5726,0.2906,1,63.22
1168,41,2,2024-12-07,2025-01-19,2025-01-20,9810.73,ship,1,0,0.2985,0.5395,1,21.51
1169,25,20,2025-10-29,2025-11-26,2025-11-28,2810.07,truck,2,2,0.4957,0.3294,1,37.87
1170,10,20,2023-04-30,2023-06-13,2023-06-15,8081.73,ship,2,0,0.5308,0.335,1,41.77
1171,40,20,2023-06-06,2023-06-28,2023-06-28,578.99,truck,5,0,0.5386,0.1206,0,3.71
1172,17,14,2024-02-06,2024-03-17,2024-03-17,418.13,truck,1,1,0.3444,0.1135,0,2.11
1173,15,8,2023-09-29,2023-11-02,2023-11-07,9542.74,air,3,1,0.6388,0.1012,1,128.08
1174,7,8,2024-06-14,2024-07-06,2024-07-06,1276.46,truck,2,1,0.1412,0.2727,0,2.33
1175,15,20,2023-03-25,2023-04-24,2023-05-01,446.73,truck,5,0,0.6182,0.1012,1,175.07
1176,10,2,2024-09-24,2024-10-27,2024-11-11,4102.2,ship,3,1,0.4382,0.335,1,359.25
1177,31,16,2024-11-16,2024-12-05,2024-12-11,955.03,truck,5,0,0.7039,0.2757,1,138.19
1178,9,7,2025-05-07,2025-05-27,2025-05-29,364.27,truck,1,1,0.2585,0.1382,1,44.14
1179,23,7,2024-07-12,2024-08-05,2024-08-05,1072.26,truck,1,0,0.3469,0.2281,0,2.66
1180,25,17,2025-11-07,2025-12-04,2025-12-04,9083.16,air,4,1,0.339,0.3294,0,2.44
1181,21,20,2024-12-21,2025-02-02,2025-02-03,10648.51,ship,1,1,0.533,0.1211,1,20.75
1182,26,9,2024-01-12,2024-02-10,2024-02-12,3594.45,ship,3,0,0.8432,0.1577,1,52.39
1183,30,1,2023-05-04,2023-05-28,2023-05-31,2201.13,ship,4,1,0.6106,0.3611,1,60.52
1184,30,5,2023-07-13,2023-08-02,2023-08-06,1283.54,truck,4,1,0.5959,0.3611,1,94.81
1185,4,18,2024-05-05,2024-06-07,2024-06-11,1730.12,air,1,2,0.7732,0.2301,1,89.84
1186,12,3,2024-02-16,2024-03-22,2024-03-22,1547.21,ship,2,1,0.3972,0.2771,0,3.7
1187,4,14,2023-10-22,2023-11-25,2023-11-25,3301.05,air,5,1,0.3517,0.2301,0,1.79
1188,33,3,2024-02-18,2024-03-04,2024-03-04,490.31,truck,5,1,0.4681,0.1674,0,1.73
1189,33,2,2024-05-24,2024-06-15,2024-06-16,4587.93,ship,4,2,0.5042,0.1674,1,31.92
1190,40,18,2024-01-21,2024-02-13,2024-02-14,631.46,truck,3,0,0.7153,0.1206,1,29.3
1191,31,11,2023-03-08,2023-03-26,2023-03-29,966.11,truck,3,0,0.4181,0.2757,1,82.33
1192,35,2,2023-07-06,2023-08-05,2023-08-06,3036.03,ship,1,1,0.3985,0.4038,1,21.95
1193,6,20,2023-05-13,2023-06-10,2023-06-11,695.78,truck,5,0,0.6885,0.3463,1,25.85
1194,13,13,2023-11-04,2023-11-18,2023-11-18,2747.52,air,2,1,0.3643,0.1757,0,3.68
1195,7,2,2025-07-22,2025-08-12,2025-08-14,564.15,truck,1,2,0.3838,0.2727,1,52.29
1196,15,13,2025-11-21,2025-12-30,2025-12-30,3184.74,ship,3,1,0.5558,0.1012,0,2.75
1197,37,20,2025-10-17,2025-11-15,2025-11-15,767.74,truck,2,0,0.4567,0.1502,0,2.81
1198,16,5,2025-09-27,2025-10-25,2025-10-25,582.56,truck,3,1,0.3691,0.3266,0,2.0
1199,23,15,2023-11-11,2023-12-05,2023-12-05,442.83,truck,3,0,0.4469,0.2281,0,2.63
1200,8,10,2025-01-04,2025-01-28,2025-01-28,3499.84,air,1,0,0.5768,0.1094,0,2.13
1201,21,5,2024-03-03,2024-04-19,2024-04-19,12511.11,ship,4,0,0.6364,0.1211,1,9.61
1202,42,11,2023-12-19,2024-01-03,2024-01-03,716.39,truck,1,0,0.2934,0.2372,0,1.76
1203,22,4,2023-01-20,2023-02-04,2023-02-07,982.51,truck,3,0,0.664,0.1904,1,70.95
1204,48,5,2025-03-27,2025-05-20,2025-05-21,13845.05,ship,3,0,0.7782,0.5295,1,22.74
1205,47,8,2023-01-01,2023-02-19,2023-02-21,8621.51,ship,4,0,0.6952,0.1768,1,54.58
1206,6,4,2025-05-12,2025-06-20,2025-06-21,4460.81,ship,1,1,0.3474,0.3463,1,31.14
1207,2,17,2023-10-10,2023-10-22,2023-10-24,1628.82,truck,3,0,0.2528,0.3485,1,42.21
1208,19,9,2023-06-09,2023-08-07,2023-08-10,15514.41,ship,2,1,0.524,0.2562,1,63.91
1209,16,20,2023-11-21,2023-12-18,2023-12-18,1009.38,truck,1,1,0.5225,0.3266,0,1.56
1210,41,7,2024-10-27,2024-11-15,2024-11-19,436.62,truck,5,1,0.1719,0.5395,1,99.09
1211,20,12,2025-03-02,2025-04-15,2025-04-18,5072.4,ship,2,0,0.3636,0.2853,1,74.07
1212,11,6,2025-11-29,2025-12-23,2025-12-27,3201.86,ship,3,0,0.3558,0.163,1,88.71
1213,21,12,2023-07-24,2023-08-21,2023-08-30,5725.22,ship,5,2,0.1774,0.1211,1,224.66
1214,22,12,2023-12-24,2024-01-10,2024-01-10,614.52,truck,3,0,0.4605,0.1904,0,1.48
1215,32,12,2025-03-01,2025-03-27,2025-03-29,802.78,truck,4,0,0.3239,0.299,1,38.13
1216,1,5,2023-02-07,2023-04-10,2023-04-14,14424.94,ship,3,0,0.5605,0.2492,1,96.15
1217,44,10,2024-04-24,2024-06-11,2024-06-13,13178.73,ship,3,1,0.4131,0.0719,1,39.19
1218,50,6,2025-06-15,2025-07-05,2025-07-05,471.51,truck,3,2,0.3898,0.1476,0,1.68
1219,17,15,2025-11-06,2025-12-19,2025-12-21,606.25,truck,1,1,0.1578,0.1135,1,51.17
1220,17,5,2024-10-14,2024-11-23,2024-11-23,505.36,truck,5,0,0.4959,0.1135,0,1.86
1221,44,3,2024-12-13,2024-12-27,2024-12-28,758.79,truck,3,2,0.2471,0.0719,1,25.87
1222,28,14,2025-06-10,2025-06-23,2025-06-25,331.07,truck,3,1,0.3314,0.183,1,53.84
1223,30,2,2025-11-20,2025-12-09,2025-12-10,1371.85,truck,3,1,0.3566,0.3611,1,14.04
1224,13,7,2023-03-05,2023-03-21,2023-03-21,513.08,truck,2,1,0.1698,0.1757,0,3.88
1225,27,4,2025-08-26,2025-09-15,2025-09-16,371.47,truck,4,1,0.6118,0.1179,1,25.67
1226,11,5,2024-04-16,2024-05-01,2024-05-01,361.9,truck,2,1,0.5205,0.163,0,4.12
1227,50,10,2023-02-20,2023-03-11,2023-03-12,621.24,truck,4,0,0.4407,0.1476,1,34.98
1228,30,13,2023-04-22,2023-05-10,2023-05-10,1009.86,truck,4,0,0.5144,0.3611,0,1.86
1229,29,12,2025-02-02,2025-04-04,2025-04-04,14658.34,ship,4,0,0.3855,0.223,0,2.78
1230,30,6,2024-09-27,2024-10-12,2024-10-17,322.61,truck,2,1,0.5172,0.3611,1,111.16
1231,17,18,2023-06-07,2023-07-19,2023-07-19,795.25,truck,5,1,0.6619,0.1135,0,2.99
1232,41,13,2023-10-08,2023-11-02,2023-11-05,3426.34,ship,5,1,0.4382,0.5395,1,71.2
1233,39,3,2023-04-24,2023-05-15,2023-05-16,1662.45,ship,3,0,0.5957,0.2906,1,25.39
1234,24,8,2025-11-20,2025-12-09,2025-12-09,300.45,truck,2,1,0.3781,0.0437,0,1.67
1235,28,11,2023-07-22,2023-08-09,2023-08-09,4583.52,air,3,1,0.4447,0.183,0,2.7
1236,6,8,2024-02-29,2024-03-27,2024-03-27,1006.77,truck,1,0,0.4968,0.3463,0,4.4
1237,45,11,2025-08-06,2025-08-28,2025-08-29,3113.31,ship,4,1,0.2685,0.1051,1,34.62
1238,30,4,2025-07-28,2025-08-14,2025-08-19,864.29,truck,4,2,0.4549,0.3611,1,123.09
1239,27,8,2024-06-08,2024-07-23,2024-07-24,8239.04,ship,2,1,0.4173,0.1179,1,17.04
1240,34,7,2025-05-25,2025-06-02,2025-06-02,591.76,truck,1,0,0.2034,0.0399,0,2.02
1241,29,6,2024-04-24,2024-05-19,2024-05-22,1613.24,ship,2,2,0.3595,0.223,1,73.43
1242,1,11,2023-05-23,2023-06-16,2023-06-18,1576.9,truck,4,1,0.3585,0.2492,1,45.04
1243,29,19,2024-07-30,2024-08-21,2024-08-23,430.91,truck,2,0,0.103,0.223,1,36.88
1244,28,7,2025-05-22,2025-06-07,2025-06-07,548.64,truck,4,0,0.166,0.183,0,2.82
1245,46,1,2025-02-02,2025-03-07,2025-03-08,5117.83,ship,3,0,0.8905,0.0911,1,32.16
1246,33,16,2025-06-27,2025-08-09,2025-08-10,10677.32,ship,4,0,0.6739,0.1674,1,18.51
1247,48,8,2025-07-27,2025-09-24,2025-09-26,16193.71,ship,5,1,0.6304,0.5295,1,49.39
1248,21,1,2023-03-27,2023-04-10,2023-04-11,718.29,truck,2,1,0.5175,0.1211,1,15.85
1249,29,1,2024-01-17,2024-02-24,2024-02-24,6247.24,ship,4,0,0.7971,0.223,0,1.46
1250,40,3,2024-09-12,2024-10-07,2024-10-07,1682.86,ship,3,0,0.4092,0.1206,0,2.78
1251,39,9,2024-02-13,2024-03-01,2024-03-04,673.17,truck,2,0,0.6883,0.2906,1,70.64
1252,14,6,2025-03-18,2025-04-13,2025-04-13,574.43,truck,4,0,0.3631,0.2082,0,1.95
1253,14,6,2023-02-23,2023-03-23,2023-03-23,7027.06,air,2,0,0.5592,0.2082,0,2.85
1254,7,18,2024-04-01,2024-04-26,2024-04-27,533.2,truck,1,0,0.6168,0.2727,1,13.66
1255,26,13,2024-07-14,2024-08-14,2024-08-14,4342.8,ship,1,0,0.441,0.1577,0,1.88
1256,45,14,2023-09-17,2023-10-28,2023-10-30,10440.33,ship,4,0,0.3193,0.1051,1,42.85
1257,40,3,2025-03-06,2025-03-27,2025-03-28,504.45,truck,4,1,0.8822,0.1206,1,33.72
1258,13,17,2023-07-24,2023-08-08,2023-08-08,2116.13,air,3,1,0.3746,0.1757,0,2.04
1259,39,3,2024-05-15,2024-06-02,2024-06-03,995.24,truck,3,0,0.5632,0.2906,1,34.65
1260,23,10,2024-08-13,2024-09-09,2024-09-09,2511.91,truck,2,0,0.311,0.2281,0,2.58
1261,2,8,2023-09-01,2023-09-12,2023-09-14,2838.46,air,2,1,0.4374,0.3485,1,42.03
1262,27,18,2023-03-20,2023-05-01,2023-05-05,7694.8,ship,1,1,0.6031,0.1179,1,103.4
1263,17,7,2025-09-21,2025-11-05,2025-11-05,1574.73,ship,3,0,0.4831,0.1135,0,2.12
1264,21,19,2024-01-14,2024-01-27,2024-01-29,1007.03,air,1,2,0.412,0.1211,1,41.65
1265,49,5,2023-10-24,2023-11-12,2023-11-17,1914.17,truck,4,1,0.6027,0.0836,1,130.31
1266,19,3,2024-08-25,2024-10-07,2024-10-09,9419.22,ship,2,0,0.6712,0.2562,1,49.0
1267,13,9,2024-02-29,2024-03-17,2024-03-17,514.36,truck,4,0,0.7651,0.1757,0,2.62
1268,29,7,2024-05-01,2024-05-22,2024-05-24,749.38,truck,5,1,0.2483,0.223,1,53.87
1269,28,7,2024-06-19,2024-07-07,2024-07-07,1634.2,truck,1,0,0.2103,0.183,0,1.65
1270,42,9,2025-06-29,2025-07-14,2025-07-14,471.05,truck,3,1,0.7341,0.2372,0,2.0
1271,15,10,2024-12-29,2025-01-31,2025-01-31,2522.0,air,2,0,0.4439,0.1012,0,4.35
1272,17,11,2025-06-24,2025-08-17,2025-08-20,5888.9,ship,3,2,0.6049,0.1135,1,64.89
1273,20,1,2024-08-04,2024-09-06,2024-09-06,5130.48,air,2,1,0.5069,0.2853,0,1.53
1274,21,7,2024-10-21,2024-10-31,2024-11-02,344.07,truck,4,0,0.4149,0.1211,1,42.3
1275,30,15,2024-01-21,2024-02-07,2024-02-07,663.59,truck,3,0,0.336,0.3611,0,1.98
1276,30,17,2024-01-05,2024-01-25,2024-01-26,1954.83,truck,4,0,0.4716,0.3611,1,17.9
1277,49,12,2024-11-18,2024-12-28,2024-12-28,7537.8,ship,1,0,0.1729,0.0836,0,2.37
1278,9,18,2023-11-13,2023-12-05,2023-12-06,993.84,truck,3,1,0.5522,0.1382,1,31.48
1279,9,10,2023-12-02,2023-12-22,2023-12-23,871.47,truck,2,0,0.4449,0.1382,1,18.15
1280,34,2,2023-10-14,2023-10-30,2023-10-30,2208.58,ship,4,1,0.2659,0.0399,0,1.64
1281,23,14,2023-12-11,2024-02-05,2024-02-05,12804.03,ship,2,0,0.5462,0.2281,0,2.9
1282,34,13,2024-10-25,2024-11-05,2024-11-05,1305.4,truck,4,2,0.6174,0.0399,0,2.35
1283,10,13,2023-11-17,2023-12-09,2023-12-11,707.27,truck,3,1,0.3256,0.335,1,40.19
1284,17,12,2025-05-04,2025-06-13,2025-06-13,600.05,truck,4,0,0.2153,0.1135,0,2.41
1285,14,6,2025-11-29,2025-12-27,2025-12-27,722.83,truck,1,0,0.3558,0.2082,0,1.77
1286,25,18,2024-07-01,2024-07-21,2024-07-21,305.7,truck,1,1,0.7749,0.3294,0,2.29
1287,10,16,2025-03-29,2025-05-10,2025-05-12,6711.55,ship,2,1,0.4585,0.335,1,42.42
1288,26,14,2025-01-05,2025-01-27,2025-01-27,564.26,truck,4,0,0.4683,0.1577,0,1.77
1289,40,5,2023-05-18,2023-06-10,2023-06-10,415.86,truck,2,1,0.4812,0.1206,0,1.16
1290,5,7,2024-11-16,2024-12-14,2024-12-14,843.69,truck,4,1,0.2366,0.2606,0,1.78
1291,34,12,2024-04-04,2024-04-13,2024-04-13,1704.15,truck,4,0,0.2339,0.0399,0,1.76
1292,1,11,2023-01-22,2023-02-15,2023-02-15,866.22,truck,1,0,0.3606,0.2492,1,9.96
1293,50,11,2025-05-05,2025-06-17,2025-06-17,9262.09,ship,1,1,0.302,0.1476,1,4.56
1294,10,14,2023-01-16,2023-02-08,2023-02-09,989.18,truck,4,0,0.3679,0.335,1,35.44
1295,44,19,2025-08-15,2025-08-28,2025-08-28,737.94,truck,3,0,0.2848,0.0719,0,0.97
1296,49,7,2024-10-26,2024-11-12,2024-11-12,1634.69,air,1,1,0.3006,0.0836,0,6.73
1297,9,8,2025-07-23,2025-08-14,2025-08-14,981.14,truck,3,1,0.3894,0.1382,0,2.79
1298,26,2,2024-10-22,2024-11-23,2024-11-24,3467.49,ship,3,0,0.2509,0.1577,1,19.41
1299,13,13,2023-07-20,2023-09-03,2023-09-03,10292.66,ship,5,0,0.3349,0.1757,0,1.86
1300,31,14,2025-09-16,2025-10-06,2025-10-06,996.42,truck,3,1,0.1707,0.2757,0,1.37
1301,9,12,2023-10-25,2023-11-16,2023-11-16,1501.21,ship,5,0,0.2284,0.1382,0,2.13
1302,9,12,2023-07-21,2023-08-23,2023-08-24,4113.77,ship,3,2,0.1727,0.1382,1,20.95
1303,31,2,2023-08-28,2023-09-29,2023-10-03,4941.03,ship,3,1,0.5065,0.2757,1,87.36
1304,3,17,2025-10-27,2025-11-28,2025-11-28,3165.42,ship,4,0,0.2724,0.2878,0,2.56
1305,37,5,2024-10-17,2024-12-25,2024-12-26,13129.88,ship,5,1,0.3857,0.1502,1,31.8
1306,26,2,2024-08-04,2024-09-01,2024-09-04,1653.82,ship,2,2,0.2177,0.1577,1,73.7
1307,16,3,2024-07-05,2024-07-29,2024-07-31,792.3,truck,2,0,0.4867,0.3266,1,58.19
1308,2,19,2024-09-23,2024-10-08,2024-10-11,927.35,truck,3,2,0.4356,0.3485,1,66.06
1309,30,15,2024-06-16,2024-07-17,2024-07-19,4278.5,ship,3,2,0.4838,0.3611,1,40.67
1310,48,6,2024-12-06,2024-12-30,2024-12-31,19715.54,air,3,1,0.565,0.5295,1,28.07
1311,50,6,2024-05-31,2024-06-23,2024-06-23,6776.0,air,4,1,0.2338,0.1476,0,1.49
1312,39,12,2025-05-15,2025-06-08,2025-06-08,3238.31,truck,3,0,0.3712,0.2906,0,3.12
1313,31,13,2023-11-15,2023-12-03,2023-12-05,419.07,truck,3,2,0.3419,0.2757,1,57.54
1314,38,8,2023-04-08,2023-05-29,2023-06-02,13367.28,ship,5,1,0.4023,0.1178,1,85.72
1315,47,8,2025-11-18,2026-01-20,2026-01-24,11965.66,ship,5,1,0.4857,0.1768,1,98.44
1316,30,5,2025-02-11,2025-04-02,2025-04-04,12463.55,ship,5,0,0.539,0.3611,1,38.1
1317,8,3,2025-09-24,2025-10-13,2025-10-13,574.94,truck,2,0,0.517,0.1094,0,2.84
1318,36,12,2025-04-13,2025-05-06,2025-05-06,1365.57,truck,5,1,0.1027,0.0168,0,2.63
1319,39,14,2024-01-13,2024-02-05,2024-02-05,8215.48,air,3,0,0.4916,0.2906,0,2.46
1320,27,12,2024-04-01,2024-04-28,2024-04-28,1912.0,ship,1,0,0.2019,0.1179,0,2.49
1321,36,10,2023-05-11,2023-06-16,2023-06-16,6491.63,ship,4,1,0.6271,0.0168,0,2.12
1322,5,3,2025-02-03,2025-02-27,2025-03-01,478.56,truck,2,1,0.776,0.2606,1,49.34
1323,14,10,2025-06-09,2025-07-11,2025-07-13,2894.11,truck,5,1,0.6777,0.2082,1,52.05
1324,31,4,2023-07-08,2023-07-28,2023-08-05,1906.01,ship,4,2,0.3381,0.2757,1,192.92
1325,5,17,2024-03-05,2024-04-09,2024-04-09,3754.69,ship,4,0,0.5208,0.2606,0,1.56
1326,42,10,2023-01-15,2023-02-07,2023-02-08,3054.03,ship,4,0,0.3188,0.2372,1,31.4
1327,1,3,2025-09-30,2025-10-27,2025-10-30,2463.7,truck,5,0,0.4176,0.2492,1,67.32
1328,26,4,2025-06-19,2025-07-15,2025-07-16,2008.65,truck,4,2,0.5046,0.1577,1,35.2
1329,32,4,2024-01-11,2024-02-24,2024-02-25,7226.61,ship,2,0,0.5451,0.299,1,17.35
1330,37,2,2025-11-10,2025-12-12,2025-12-14,302.4,truck,3,0,0.4913,0.1502,1,41.97
1331,30,10,2024-07-15,2024-08-07,2024-08-08,10838.82,air,1,1,0.4119,0.3611,1,26.3
1332,10,12,2025-10-28,2025-11-23,2025-11-23,1787.85,truck,5,0,0.3793,0.335,0,4.04
1333,38,11,2024-03-05,2024-03-29,2024-04-02,3581.92,ship,3,0,0.4077,0.1178,1,90.52
1334,38,3,2024-01-16,2024-02-06,2024-02-06,9855.48,air,5,1,0.5785,0.1178,0,3.46
1335,6,15,2024-01-13,2024-02-13,2024-02-13,2154.63,truck,5,0,0.3218,0.3463,0,5.22
1336,22,9,2024-12-06,2024-12-23,2024-12-23,426.7,truck,4,0,0.4842,0.1904,0,1.46
1337,27,15,2025-04-11,2025-05-03,2025-05-05,587.24,truck,2,2,0.4387,0.1179,1,57.49
1338,29,2,2023-10-01,2023-10-24,2023-10-29,944.26,truck,4,1,0.5833,0.223,1,130.6
1339,11,8,2024-03-14,2024-03-27,2024-03-27,727.91,truck,2,0,0.3714,0.163,0,2.49
1340,11,12,2023-06-18,2023-07-03,2023-07-04,1107.74,truck,3,1,0.3027,0.163,1,31.75
1341,14,6,2025-07-05,2025-07-30,2025-07-30,691.01,truck,1,1,0.2511,0.2082,1,4.91
1342,41,18,2025-01-12,2025-01-29,2025-01-29,618.47,truck,1,0,0.7451,0.5395,0,2.36
1343,9,18,2023-04-19,2023-05-08,2023-05-08,431.65,truck,5,1,0.7075,0.1382,0,0.79
1344,24,2,2023-09-05,2023-10-06,2023-10-06,4552.09,ship,1,1,0.3471,0.0437,0,2.03
1345,28,3,2025-07-19,2025-08-06,2025-08-06,610.68,truck,2,0,0.7102,0.183,0,4.2
1346,18,19,2023-09-27,2023-10-14,2023-10-15,2477.73,ship,1,1,0.2458,0.0465,1,23.71
1347,21,9,2023-02-18,2023-03-03,2023-03-03,376.64,truck,1,1,0.6742,0.1211,0,3.31
1348,6,15,2025-07-29,2025-08-28,2025-08-30,1448.52,truck,4,2,0.4724,0.3463,1,55.74
1349,24,13,2024-02-08,2024-03-16,2024-03-17,5303.99,ship,5,2,0.2848,0.0437,1,29.93
1350,49,18,2025-07-23,2025-08-07,2025-08-07,588.26,truck,1,1,0.8042,0.0836,0,1.71
1351,33,4,2023-12-30,2024-01-10,2024-01-10,594.0,truck,1,0,0.6229,0.1674,0,3.02
1352,4,18,2024-09-17,2024-10-26,2024-10-28,2336.99,ship,5,0,0.559,0.2301,1,50.37
1353,7,4,2025-08-22,2025-09-13,2025-09-13,1339.9,truck,1,1,0.4449,0.2727,0,1.12
1354,18,6,2025-07-23,2025-08-25,2025-08-30,9419.94,ship,3,1,0.2688,0.0465,1,116.87
1355,38,12,2025-03-16,2025-04-04,2025-04-04,922.78,truck,1,0,0.3939,0.1178,0,2.89
1356,10,1,2023-02-23,2023-03-21,2023-03-21,907.12,truck,4,0,0.3849,0.335,0,1.75
1357,32,6,2024-04-09,2024-05-05,2024-05-08,309.57,truck,3,0,0.5687,0.299,1,66.81
1358,36,17,2023-09-11,2023-10-02,2023-10-03,770.1,truck,2,1,0.0502,0.0168,1,21.25
1359,2,4,2023-05-22,2023-06-16,2023-06-17,5572.51,ship,3,1,0.5806,0.3485,1,20.69
1360,11,1,2023-03-10,2023-03-29,2023-03-29,1950.46,ship,2,0,0.4924,0.163,0,1.63
1361,17,14,2023-11-16,2023-12-27,2023-12-30,551.39,truck,4,0,0.3885,0.1135,1,65.11
1362,32,15,2023-12-10,2024-01-10,2024-01-13,1007.47,truck,5,0,0.6463,0.299,1,82.35
1363,34,15,2025-11-15,2025-11-28,2025-11-28,1565.66,ship,2,0,0.4202,0.0399,0,2.23
1364,32,9,2025-11-19,2025-12-22,2025-12-22,3033.9,truck,5,0,0.5908,0.299,0,4.35
1365,20,13,2024-11-24,2024-12-27,2024-12-29,7725.86,air,2,1,0.5525,0.2853,1,41.39
1366,29,13,2025-06-16,2025-07-13,2025-07-22,3057.76,ship,2,1,0.3612,0.223,1,212.75
1367,5,7,2024-12-12,2025-01-09,2025-01-11,520.34,truck,2,2,0.4483,0.2606,1,40.73
1368,7,4,2023-02-08,2023-03-13,2023-03-13,4837.7,ship,5,0,0.6813,0.2727,0,2.45
1369,33,16,2025-05-08,2025-05-21,2025-05-21,933.72,truck,4,1,0.4505,0.1674,0,1.72
1370,6,20,2023-01-18,2023-02-20,2023-02-28,2881.23,ship,5,1,0.6175,0.3463,1,196.94
1371,24,15,2023-08-22,2023-09-14,2023-09-16,934.25,truck,5,0,0.483,0.0437,1,43.24
1372,30,18,2024-10-17,2024-11-25,2024-11-28,8561.48,ship,1,0,0.3694,0.3611,1,68.63
1373,3,5,2023-07-22,2023-08-18,2023-08-24,1467.21,truck,4,1,0.4967,0.2878,1,154.42
1374,23,7,2024-06-06,2024-06-27,2024-06-27,1297.14,truck,4,0,0.2701,0.2281,0,1.26
1375,7,11,2025-10-20,2025-11-15,2025-11-15,1277.22,truck,4,0,0.2528,0.2727,0,1.9
1376,18,13,2024-11-30,2024-12-13,2024-12-13,2728.64,air,2,1,0.6673,0.0465,0,2.09
1377,34,17,2023-08-13,2023-08-21,2023-08-24,324.78,truck,4,1,0.3214,0.0399,1,80.18
1378,12,3,2023-10-12,2023-11-17,2023-11-20,2333.07,truck,1,1,0.6023,0.2771,1,66.19
1379,1,7,2023-12-08,2024-01-02,2024-01-07,621.17,truck,5,2,0.4403,0.2492,1,108.08
1380,14,1,2025-07-14,2025-08-08,2025-08-10,691.9,truck,4,2,0.7226,0.2082,1,42.28
1381,10,10,2024-03-28,2024-05-04,2024-05-08,6563.51,ship,5,1,0.4061,0.335,1,98.17
1382,16,19,2024-05-28,2024-06-30,2024-06-30,2181.64,ship,4,0,0.3465,0.3266,0,1.86
1383,6,16,2025-09-20,2025-10-17,2025-10-17,662.93,truck,1,0,0.686,0.3463,0,4.44
1384,27,2,2023-11-01,2023-11-22,2023-11-22,480.95,truck,4,0,0.3167,0.1179,0,2.57
1385,11,10,2024-11-23,2024-12-10,2024-12-11,1247.19,truck,2,0,0.57,0.163,1,24.22
1386,22,6,2025-01-15,2025-02-02,2025-02-02,887.92,truck,3,0,0.5287,0.1904,0,2.32
1387,39,6,2024-06-21,2024-07-14,2024-07-18,2336.27,truck,5,1,0.444,0.2906,1,106.19
1388,26,16,2025-07-11,2025-08-02,2025-08-07,807.78,truck,5,1,0.5534,0.1577,1,131.25
1389,17,14,2024-12-19,2025-01-27,2025-01-27,1498.82,air,2,1,0.3108,0.1135,0,9.21
1390,19,1,2024-01-18,2024-02-04,2024-02-04,537.52,truck,1,0,0.8692,0.2562,0,1.8
1391,36,13,2023-04-29,2023-05-22,2023-05-22,410.08,truck,4,1,0.506,0.0168,0,1.12
1392,47,18,2023-08-16,2023-09-20,2023-09-20,14903.41,air,5,1,0.7157,0.1768,0,4.92
1393,28,2,2025-05-14,2025-06-05,2025-06-10,4551.05,truck,1,2,0.2126,0.183,1,109.11
1394,3,19,2023-02-05,2023-03-08,2023-03-09,1704.11,truck,3,2,0.2724,0.2878,1,20.9
1395,11,8,2023-07-27,2023-09-27,2023-09-28,17096.86,ship,2,1,0.4052,0.163,1,22.88
1396,4,15,2023-11-27,2024-02-22,2024-02-24,19818.96,ship,5,0,0.444,0.2301,1,50.85
1397,16,12,2023-08-18,2023-09-18,2023-09-20,1623.4,truck,4,1,0.4243,0.3266,1,48.61
1398,25,5,2025-08-05,2025-08-31,2025-09-04,1477.22,truck,5,1,0.2684,0.3294,1,102.75
1399,27,16,2024-12-04,2025-01-13,2025-01-16,7290.56,ship,5,0,0.5119,0.1179,1,65.18
1400,17,15,2025-06-16,2025-08-20,2025-08-26,9077.1,ship,1,2,0.5429,0.1135,1,135.87
1401,43,9,2024-12-19,2025-01-16,2025-01-19,749.04,truck,2,0,0.5565,0.1166,1,71.98
1402,39,3,2024-11-16,2024-12-06,2024-12-08,1301.31,truck,4,1,0.4946,0.2906,1,52.5
1403,3,13,2023-05-29,2023-06-20,2023-06-20,1385.32,air,5,0,0.4379,0.2878,0,2.52
1404,22,4,2024-04-23,2024-05-20,2024-05-22,4096.29,ship,4,1,0.342,0.1904,1,45.19
1405,12,16,2023-11-21,2023-12-26,2023-12-26,10905.6,air,1,0,0.3595,0.2771,0,1.51
1406,18,18,2024-03-21,2024-04-01,2024-04-02,1886.37,truck,2,1,0.6164,0.0465,1,23.76
1407,7,4,2023-09-03,2023-09-23,2023-09-25,300.56,truck,4,1,0.3459,0.2727,1,42.25
1408,44,20,2023-12-25,2024-01-08,2024-01-08,556.77,truck,2,2,0.7362,0.0719,1,9.49
1409,50,3,2023-10-27,2023-12-09,2023-12-11,8640.96,ship,1,1,0.4454,0.1476,1,36.7
1410,27,1,2025-03-07,2025-03-28,2025-03-28,729.68,truck,3,1,0.6454,0.1179,0,1.45
1411,7,9,2025-04-11,2025-05-01,2025-05-01,535.36,truck,1,0,0.6888,0.2727,0,2.56
1412,48,3,2023-09-02,2023-09-18,2023-09-19,1288.85,truck,4,1,0.5123,0.5295,1,32.89
1413,12,18,2024-01-25,2024-02-26,2024-02-28,900.09,truck,3,0,0.7233,0.2771,1,51.37
1414,5,8,2025-02-18,2025-03-18,2025-03-18,807.66,truck,1,1,0.4168,0.2606,0,2.68
1415,49,5,2025-01-18,2025-02-03,2025-02-03,933.12,truck,5,0,0.721,0.0836,0,1.78
1416,18,4,2023-11-11,2023-11-27,2023-11-27,3137.88,truck,5,0,0.7598,0.0465,0,2.28
1417,7,2,2024-03-24,2024-04-19,2024-04-19,1961.34,truck,1,0,0.6724,0.2727,0,2.12
1418,13,9,2023-01-03,2023-01-19,2023-01-22,639.55,truck,3,0,0.6505,0.1757,1,70.16
1419,9,4,2025-04-23,2025-05-14,2025-05-15,1493.41,truck,4,1,0.678,0.1382,1,27.22
1420,25,7,2023-05-06,2023-05-30,2023-05-30,360.85,truck,2,0,0.2158,0.3294,0,2.14
1421,6,11,2024-09-03,2024-10-16,2024-10-21,5571.97,ship,3,1,0.3298,0.3463,1,115.29
1422,7,19,2024-02-17,2024-03-10,2024-03-14,1388.15,truck,5,1,0.3075,0.2727,1,84.7
1423,3,6,2024-05-02,2024-06-07,2024-06-07,4399.79,ship,2,1,0.3098,0.2878,1,8.25
1424,48,19,2023-11-27,2023-12-15,2023-12-15,603.41,truck,5,1,0.0815,0.5295,0,1.97
1425,22,15,2025-10-05,2025-11-01,2025-11-01,4903.14,ship,4,1,0.5206,0.1904,0,3.02
1426,29,9,2024-10-27,2024-11-20,2024-11-21,1332.68,truck,1,0,0.6993,0.223,1,32.38
1427,37,8,2024-07-22,2024-08-22,2024-08-22,965.88,truck,4,1,0.4279,0.1502,0,1.71
1428,1,6,2023-06-29,2023-07-22,2023-07-23,1135.15,truck,3,1,0.5378,0.2492,1,35.31
1429,42,11,2025-06-29,2025-07-13,2025-07-13,1520.34,air,4,1,0.638,0.2372,0,2.4
1430,12,13,2023-09-13,2023-10-15,2023-10-17,5634.41,air,4,1,0.6467,0.2771,1,37.86
1431,50,13,2024-06-05,2024-06-27,2024-06-27,381.28,truck,3,0,0.4033,0.1476,0,1.87
1432,11,3,2024-07-18,2024-08-08,2024-08-09,2855.8,truck,2,0,0.3585,0.163,1,14.59
1433,45,18,2024-01-29,2024-02-14,2024-02-14,4094.56,air,3,0,0.7015,0.1051,0,2.56
1434,2,13,2025-05-25,2025-06-05,2025-06-05,4838.58,air,4,0,0.5844,0.3485,0,1.55
1435,44,16,2023-09-24,2023-10-05,2023-10-05,2155.52,air,3,1,0.4243,0.0719,0,3.28
1436,34,6,2024-11-15,2024-11-28,2024-11-28,1745.47,truck,2,0,0.657,0.0399,0,2.6
1437,41,1,2025-09-11,2025-10-17,2025-10-23,6621.16,ship,4,1,0.7159,0.5395,1,137.21
1438,2,12,2025-03-25,2025-04-08,2025-04-08,8280.19,air,2,0,0.3146,0.3485,0,1.91
1439,5,13,2024-03-09,2024-04-04,2024-04-11,4563.09,air,4,1,0.4952,0.2606,1,166.9
1440,28,9,2024-06-16,2024-06-29,2024-07-02,350.04,truck,4,1,0.8868,0.183,1,61.59
1441,11,14,2025-11-17,2025-12-01,2025-12-01,1290.97,truck,1,0,0.2657,0.163,0,1.72
1442,21,10,2023-10-10,2023-11-26,2023-11-26,12391.4,ship,2,0,0.597,0.1211,0,3.96
1443,38,4,2025-08-08,2025-08-22,2025-08-23,887.54,truck,5,1,0.4808,0.1178,1,35.94
1444,4,6,2024-08-17,2024-09-22,2024-09-23,8381.32,air,4,0,0.2867,0.2301,1,12.52
1445,18,9,2025-09-20,2025-10-07,2025-10-11,2439.42,ship,2,1,0.7715,0.0465,1,95.47
1446,37,19,2023-11-13,2023-12-13,2023-12-13,1051.81,truck,2,1,0.2764,0.1502,0,5.49
1447,43,6,2025-07-16,2025-08-13,2025-08-14,1237.7,truck,4,0,0.2657,0.1166,1,29.01
1448,10,14,2025-10-28,2025-11-22,2025-11-22,1738.35,truck,2,0,0.2736,0.335,0,2.36
1449,34,5,2023-06-09,2023-06-22,2023-06-22,387.56,truck,1,1,0.5292,0.0399,0,1.86
1450,42,5,2023-11-11,2023-12-18,2023-12-20,8269.57,ship,1,0,0.367,0.2372,1,49.94
1451,5,7,2023-12-08,2024-01-04,2024-01-06,4968.74,air,3,2,0.4403,0.2606,1,40.55
1452,1,4,2024-12-04,2024-12-30,2024-12-31,9368.22,air,5,0,0.6794,0.2492,1,26.1
1453,39,15,2025-11-18,2025-12-09,2025-12-11,5323.6,air,1,1,0.5109,0.2906,1,37.93
1454,42,4,2024-02-08,2024-02-24,2024-02-24,1217.78,air,5,0,0.4718,0.2372,0,1.88
1455,21,19,2023-12-19,2024-01-07,2024-01-07,13797.22,air,1,1,0.0767,0.1211,0,1.3
1456,5,7,2024-09-10,2024-10-09,2024-10-09,1084.53,truck,4,1,0.4693,0.2606,0,1.57
1457,27,3,2023-05-01,2023-05-22,2023-05-23,454.16,truck,5,0,0.5997,0.1179,1,19.55
1458,45,10,2023-02-27,2023-03-14,2023-03-14,3020.62,air,3,1,0.3836,0.1051,0,0.92
1459,9,15,2023-11-26,2024-01-09,2024-01-11,7890.26,ship,4,0,0.3427,0.1382,1,42.13
1460,15,18,2023-04-12,2023-05-11,2023-05-13,384.94,truck,3,1,0.5502,0.1012,1,52.4
1461,24,5,2023-06-02,2023-06-23,2023-06-29,1701.42,truck,4,1,0.4764,0.0437,1,133.08
1462,43,19,2023-08-31,2023-09-24,2023-09-24,702.37,truck,3,0,0.3045,0.1166,0,2.99
1463,16,18,2023-03-05,2023-03-30,2023-04-02,1162.01,truck,4,0,0.597,0.3266,1,63.0
1464,14,5,2023-03-24,2023-04-24,2023-04-24,3962.75,truck,5,0,0.4064,0.2082,0,2.16
1465,9,14,2024-04-28,2024-05-20,2024-05-20,1672.9,truck,1,1,0.5039,0.1382,0,3.07
1466,47,13,2024-09-01,2024-09-28,2024-09-30,429.72,truck,2,1,0.2513,0.1768,1,36.85
1467,27,9,2023-02-08,2023-04-05,2023-04-06,12585.64,ship,3,0,0.4762,0.1179,1,30.2
1468,24,5,2024-11-15,2024-12-06,2024-12-06,1373.68,air,3,0,0.5917,0.0437,0,1.62
1469,1,6,2023-01-07,2023-01-29,2023-01-29,1491.72,truck,3,0,0.5687,0.2492,0,2.19
1470,15,5,2023-10-23,2023-12-02,2023-12-05,2990.26,ship,3,1,0.6922,0.1012,1,66.67
1471,3,1,2024-10-02,2024-10-26,2024-11-02,1663.92,air,4,1,0.8529,0.2878,1,171.28
1472,4,4,2024-03-02,2024-04-04,2024-04-05,1142.06,truck,4,0,0.4725,0.2301,1,15.27
1473,18,18,2025-01-23,2025-02-07,2025-02-13,1956.49,truck,4,0,0.5928,0.0465,1,151.96
1474,21,14,2023-10-27,2023-11-10,2023-11-10,1140.47,truck,2,0,0.1334,0.1211,0,3.62
1475,6,13,2023-10-17,2023-11-12,2023-11-12,430.35,truck,2,1,0.417,0.3463,0,4.27
1476,16,12,2025-09-29,2025-10-26,2025-10-26,2826.24,air,5,0,0.234,0.3266,0,2.86
1477,47,4,2023-11-05,2023-12-07,2023-12-07,2690.84,truck,1,1,0.8292,0.1768,0,2.0
1478,18,19,2025-05-02,2025-05-19,2025-05-19,1370.95,truck,2,0,0.1911,0.0465,0,1.8
1479,14,6,2023-09-23,2023-10-19,2023-10-20,583.0,truck,2,2,0.4002,0.2082,1,19.51
1480,50,13,2023-01-05,2023-01-28,2023-01-28,3896.36,air,4,2,0.6104,0.1476,0,2.58
1481,49,14,2024-09-21,2024-10-07,2024-10-07,657.12,truck,1,0,0.4565,0.0836,0,1.48
1482,8,6,2024-07-16,2024-08-06,2024-08-10,661.61,truck,3,0,0.5801,0.1094,1,97.82
1483,33,12,2024-09-15,2024-10-19,2024-10-20,6320.86,ship,4,1,0.1323,0.1674,1,29.8
1484,19,5,2024-04-10,2024-05-13,2024-05-19,5897.5,ship,3,0,0.4243,0.2562,1,139.34
1485,47,20,2023-08-04,2023-09-11,2023-09-12,4099.79,ship,1,0,0.6535,0.1768,1,12.88
1486,7,15,2024-08-12,2024-09-02,2024-09-02,321.95,truck,4,2,0.3926,0.2727,0,2.12
1487,30,19,2025-03-24,2025-04-15,2025-04-17,1977.22,ship,1,1,0.4319,0.3611,1,36.53
1488,43,6,2024-11-15,2024-12-11,2024-12-11,928.72,truck,5,0,0.657,0.1166,0,1.69
1489,46,20,2024-04-16,2024-05-04,2024-05-04,3325.92,air,3,0,0.5772,0.0911,0,1.68
1490,13,2,2023-07-15,2023-08-07,2023-08-07,3476.37,ship,3,0,0.5169,0.1757,0,1.32
1491,21,3,2024-11-05,2024-11-20,2024-11-28,410.68,truck,5,1,0.6454,0.1211,1,189.63
1492,43,4,2023-01-04,2023-02-16,2023-02-16,6573.72,ship,2,0,0.4913,0.1166,0,1.3
1493,15,1,2024-08-10,2024-09-11,2024-09-11,6045.86,air,1,2,0.5664,0.1012,0,2.22
1494,9,2,2024-11-04,2024-11-25,2024-11-27,1518.2,air,2,0,0.3428,0.1382,1,55.09
1495,36,16,2025-05-08,2025-05-29,2025-05-29,1542.88,air,3,1,0.4505,0.0168,0,2.18
1496,38,7,2024-01-22,2024-02-10,2024-02-10,1403.33,truck,1,2,0.4215,0.1178,0,2.69
1497,4,4,2023-01-22,2023-02-23,2023-02-24,1050.5,truck,3,0,0.5962,0.2301,1,18.47
1498,36,9,2023-06-12,2023-07-02,2023-07-02,379.01,truck,1,1,0.6769,0.0168,0,1.97
1499,49,16,2023-07-12,2023-07-30,2023-08-06,1153.95,truck,4,1,0.638,0.0836,1,164.03
1500,15,13,2024-04-03,2024-05-24,2024-05-28,7311.2,ship,5,1,0.321,0.1012,1,93.18
1501,39,17,2023-11-19,2023-12-17,2023-12-17,3512.07,ship,3,0,0.3167,0.2906,0,1.19
1502,39,1,2023-10-28,2023-11-19,2023-11-19,567.81,truck,2,0,0.4369,0.2906,0,2.45
1503,44,17,2023-12-08,2023-12-21,2023-12-21,4285.3,air,5,0,0.1461,0.0719,0,2.36
1504,46,12,2023-07-22,2023-08-11,2023-08-11,617.53,truck,4,2,0.1477,0.0911,0,1.43
1505,18,11,2025-05-19,2025-06-09,2025-06-09,3697.49,ship,2,1,0.4846,0.0465,0,2.87
1506,3,7,2025-11-22,2025-12-17,2025-12-18,525.77,truck,3,1,0.368,0.2878,1,25.73
1507,15,17,2024-04-05,2024-05-05,2024-05-05,383.85,truck,5,1,0.3947,0.1012,0,3.89
1508,4,18,2023-06-13,2023-07-13,2023-07-13,345.03,truck,4,1,0.5208,0.2301,0,2.08
1509,46,5,2025-05-23,2025-06-14,2025-06-15,1327.78,truck,4,2,0.5407,0.0911,1,26.72
1510,29,14,2024-08-07,2024-09-12,2024-09-14,5932.11,ship,2,2,0.2524,0.223,1,50.92
1511,33,16,2023-01-16,2023-02-03,2023-02-03,2408.43,truck,4,1,0.8705,0.1674,0,2.3
1512,4,12,2025-05-13,2025-06-22,2025-06-26,3651.22,ship,5,2,0.3581,0.2301,1,106.42
1513,3,2,2023-07-15,2023-08-07,2023-08-07,1089.57,air,1,0,0.5169,0.2878,0,1.72
1514,7,8,2024-08-25,2024-09-15,2024-09-15,749.87,truck,2,1,0.5882,0.2727,0,2.72
1515,21,7,2025-01-13,2025-01-26,2025-01-26,907.66,truck,1,2,0.3556,0.1211,0,3.98
1516,22,10,2025-11-06,2025-11-23,2025-11-23,2201.17,truck,2,1,0.6273,0.1904,0,2.1
1517,6,13,2023-09-11,2023-10-08,2023-10-10,690.72,truck,1,1,0.5914,0.3463,1,51.55
1518,24,1,2023-03-16,2023-04-04,2023-04-04,1436.76,air,4,0,0.5081,0.0437,0,2.41
1519,50,3,2024-11-29,2025-01-06,2025-01-11,6795.23,ship,4,1,0.3651,0.1476,1,112.89
1520,42,14,2024-02-16,2024-03-16,2024-03-17,5573.96,ship,2,1,0.3696,0.2372,1,15.18
1521,45,5,2024-05-18,2024-06-10,2024-06-16,3418.72,ship,5,1,0.5184,0.1051,1,154.67
1522,5,20,2023-04-20,2023-05-18,2023-05-19,1231.06,truck,4,1,0.5576,0.2606,1,35.48
1523,23,11,2024-06-05,2024-07-11,2024-07-14,4266.25,ship,2,1,0.43,0.2281,1,78.37
1524,30,20,2023-09-01,2023-09-20,2023-09-23,916.94,truck,4,0,0.9099,0.3611,1,65.0
1525,22,1,2025-07-01,2025-07-18,2025-07-21,1506.78,air,3,2,0.5158,0.1904,1,70.46
1526,6,9,2025-08-21,2025-09-14,2025-09-20,818.46,truck,4,2,0.9101,0.3463,1,133.63
1527,20,14,2023-12-30,2024-01-30,2024-01-30,2495.92,air,4,0,0.3955,0.2853,0,2.98
1528,14,15,2024-11-04,2024-12-16,2024-12-17,6644.94,ship,3,0,0.4066,0.2082,1,33.42
1529,19,1,2025-08-24,2025-09-08,2025-09-08,313.43,truck,4,1,0.8017,0.2562,0,2.47
1530,39,10,2024-03-22,2024-04-17,2024-04-18,2856.55,truck,4,1,0.5706,0.2906,1,19.34
1531,17,4,2023-03-23,2023-05-18,2023-05-18,5973.32,ship,1,1,0.4733,0.1135,0,2.15
1532,36,10,2024-05-27,2024-06-17,2024-06-17,305.03,truck,3,1,0.7277,0.0168,0,2.88
1533,43,10,2025-01-08,2025-02-08,2025-02-12,2450.67,truck,2,1,0.3147,0.1166,1,102.21
1534,18,6,2025-04-02,2025-05-11,2025-05-13,10650.39,ship,3,0,0.5671,0.0465,1,46.64
1535,50,19,2023-07-15,2023-08-03,2023-08-03,1620.37,truck,1,0,0.2565,0.1476,0,3.73
1536,48,15,2023-05-16,2023-06-10,2023-06-14,3075.91,ship,1,0,0.4243,0.5295,1,87.91
1537,2,9,2024-02-13,2024-02-23,2024-02-25,1045.88,truck,5,0,0.6883,0.3485,1,55.36
1538,19,15,2023-10-30,2023-11-15,2023-11-15,3824.74,air,1,0,0.5528,0.2562,0,2.03
1539,31,18,2025-10-09,2025-10-29,2025-10-29,1127.19,truck,1,1,0.6132,0.2757,0,1.87
1540,27,13,2025-11-05,2025-11-29,2025-11-29,1389.07,air,1,1,0.7911,0.1179,0,1.78
1541,38,13,2025-06-27,2025-07-12,2025-07-13,1185.42,truck,4,0,0.5407,0.1178,1,29.83
1542,45,14,2024-06-08,2024-06-23,2024-06-23,1049.77,truck,3,2,0.5885,0.1051,0,5.81
1543,38,17,2025-08-05,2025-08-18,2025-08-21,409.22,truck,4,1,0.4852,0.1178,1,60.15
1544,27,4,2025-02-04,2025-02-26,2025-02-28,543.96,truck,5,1,0.5198,0.1179,1,37.36
1545,8,5,2024-04-25,2024-06-11,2024-06-11,9801.84,ship,4,1,0.4826,0.1094,0,1.82
1546,12,12,2024-10-07,2024-11-07,2024-11-09,607.29,truck,4,0,0.2773,0.2771,1,46.47
1547,6,16,2023-05-27,2023-06-21,2023-06-23,633.81,truck,3,0,0.675,0.3463,1,51.86
1548,3,20,2023-07-29,2023-08-23,2023-08-23,1710.47,truck,1,0,0.5384,0.2878,0,3.2
1549,27,8,2025-08-18,2025-09-10,2025-09-10,1620.38,truck,3,1,0.5102,0.1179,0,1.38
1550,25,19,2023-11-30,2024-01-12,2024-01-13,7319.77,ship,1,2,0.0411,0.3294,1,21.47
1551,25,11,2023-01-03,2023-01-26,2023-01-26,724.95,truck,5,0,0.4134,0.3294,1,11.76
1552,12,8,2025-09-15,2025-10-22,2025-10-25,2889.86,truck,3,1,0.2608,0.2771,1,76.72
1553,10,13,2024-08-24,2024-10-02,2024-10-02,5560.32,ship,3,0,0.3329,0.335,0,4.16
1554,1,4,2024-11-02,2024-11-24,2024-11-25,488.96,truck,1,0,0.6819,0.2492,1,20.97
1555,30,4,2024-08-25,2024-09-10,2024-09-10,581.74,truck,3,2,0.7205,0.3611,0,1.45
1556,29,1,2024-08-12,2024-09-04,2024-09-04,486.03,truck,3,1,0.6484,0.223,0,1.99
1557,48,1,2025-06-19,2025-07-08,2025-07-15,1014.36,truck,3,1,0.5525,0.5295,1,174.45
1558,8,5,2023-04-07,2023-05-12,2023-05-14,4446.28,ship,1,0,0.5302,0.1094,1,49.7
1559,22,19,2024-08-09,2024-08-30,2024-09-06,2826.21,ship,5,0,0.3637,0.1904,1,168.81
1560,31,10,2023-08-01,2023-08-24,2023-08-24,2125.91,ship,4,1,0.5765,0.2757,0,1.05
1561,45,14,2025-02-15,2025-02-28,2025-02-28,2077.26,air,1,0,0.4232,0.1051,0,1.88
1562,45,4,2023-08-05,2023-09-03,2023-09-07,4921.68,ship,4,1,0.3943,0.1051,1,96.74
1563,46,9,2023-04-02,2023-04-22,2023-04-25,788.78,truck,5,1,0.4431,0.0911,1,68.48
1564,13,8,2023-05-07,2023-05-23,2023-05-23,1147.15,truck,5,1,0.2758,0.1757,0,1.86
1565,32,3,2024-02-05,2024-03-06,2024-03-25,1892.91,truck,5,3,0.4621,0.299,1,444.48
1566,49,13,2024-12-01,2024-12-19,2024-12-25,1058.9,truck,3,2,0.5967,0.0836,1,149.15
1567,22,11,2024-02-09,2024-02-27,2024-02-27,5372.85,air,2,0,0.357,0.1904,0,2.56
1568,18,10,2025-06-05,2025-06-16,2025-06-16,799.0,truck,1,1,0.5727,0.0465,0,2.84
1569,32,9,2024-12-27,2025-01-25,2025-01-25,8636.28,air,1,1,0.7188,0.299,0,2.94
1570,2,6,2025-05-23,2025-06-01,2025-06-03,381.93,truck,4,1,0.4821,0.3485,1,52.48
1571,9,13,2025-08-10,2025-08-31,2025-09-04,482.43,truck,4,0,0.491,0.1382,1,86.49
1572,19,7,2024-06-04,2024-06-24,2024-06-26,1709.93,truck,4,1,0.2633,0.2562,1,50.61
1573,21,2,2024-10-30,2024-11-17,2024-11-17,1501.06,truck,2,1,0.2208,0.1211,0,1.43
1574,37,12,2025-11-18,2026-01-01,2026-01-01,5100.6,ship,4,0,0.4351,0.1502,0,2.93
1575,24,10,2024-04-28,2024-06-01,2024-06-03,5278.5,ship,4,1,0.3177,0.0437,1,42.96
1576,19,14,2025-06-21,2025-07-08,2025-07-11,707.79,truck,4,2,0.3208,0.2562,1,61.27
1577,25,12,2025-02-02,2025-03-02,2025-03-02,1855.54,ship,2,0,0.3855,0.3294,0,2.1
1578,11,16,2023-08-23,2023-09-07,2023-09-09,1071.16,truck,5,1,0.5622,0.163,1,50.05
1579,2,2,2025-10-21,2025-11-04,2025-11-04,1212.91,truck,2,0,0.322,0.3485,0,2.15
1580,10,18,2024-06-05,2024-06-27,2024-07-05,455.1,truck,1,2,0.7508,0.335,1,198.93
1581,3,15,2025-07-28,2025-08-29,2025-08-31,4205.79,ship,5,2,0.4928,0.2878,1,49.89
1582,11,14,2025-04-17,2025-04-29,2025-04-30,1328.43,truck,2,1,0.3849,0.163,1,25.55
1583,4,8,2024-11-11,2024-12-14,2024-12-14,2678.31,air,5,0,0.3668,0.2301,0,2.01
1584,40,10,2023-10-13,2023-12-29,2024-01-02,20000.0,ship,4,1,0.5538,0.1206,1,89.18
1585,19,8,2023-08-08,2023-09-07,2023-09-12,5033.47,ship,2,1,0.6771,0.2562,1,113.95
1586,8,4,2023-04-20,2023-05-10,2023-05-10,1923.54,air,1,0,0.8835,0.1094,0,4.15
1587,26,1,2024-11-09,2024-12-01,2024-12-03,1508.28,truck,2,0,0.6536,0.1577,1,48.88
1588,33,20,2024-05-20,2024-06-11,2024-06-11,4426.84,truck,2,0,0.7294,0.1674,0,2.17
1589,46,3,2023-12-16,2024-01-23,2024-01-24,7709.12,ship,3,1,0.3543,0.0911,1,31.19
1590,30,11,2025-02-21,2025-03-13,2025-03-14,2218.31,truck,2,0,0.5536,0.3611,1,12.5
1591,22,15,2025-02-24,2025-03-12,2025-03-12,957.42,truck,3,1,0.5587,0.1904,0,1.53
1592,29,4,2023-09-21,2023-10-12,2023-10-12,664.62,truck,3,1,0.2973,0.223,0,1.97
1593,21,5,2023-09-23,2023-10-07,2023-10-09,397.18,truck,1,0,0.7166,0.1211,1,44.87
1594,31,14,2025-08-25,2025-09-13,2025-09-13,741.19,truck,1,2,0.4252,0.2757,0,3.62
1595,15,18,2023-01-04,2023-03-23,2023-03-28,18486.77,ship,5,0,0.546,0.1012,1,131.34
1596,13,5,2025-07-11,2025-08-01,2025-08-02,1054.16,truck,4,1,0.4844,0.1757,1,26.66
1597,28,12,2024-10-30,2024-11-18,2024-11-19,1982.57,truck,4,0,0.224,0.183,1,29.65
1598,27,8,2023-03-11,2023-04-03,2023-04-03,632.4,truck,5,0,0.3184,0.1179,1,11.31
1599,36,16,2025-05-02,2025-07-19,2025-07-19,20000.0,ship,1,1,0.401,0.0168,0,2.19
1600,11,20,2025-07-17,2025-08-04,2025-08-04,9447.09,air,2,0,0.4793,0.163,0,2.72
1601,20,19,2024-03-01,2024-04-06,2024-04-14,2228.43,ship,5,2,0.2897,0.2853,1,198.52
1602,7,5,2025-09-30,2025-10-26,2025-10-28,1746.61,truck,4,0,0.5428,0.2727,1,59.77
1603,45,13,2025-04-11,2025-04-25,2025-04-25,335.0,truck,5,0,0.4566,0.1051,0,2.75
1604,36,17,2025-04-05,2025-04-25,2025-04-28,875.83,truck,5,1,0.2974,0.0168,1,62.55
1605,4,18,2023-08-12,2023-09-14,2023-09-14,3642.13,air,4,1,0.6683,0.2301,0,2.62
1606,24,3,2024-06-14,2024-07-08,2024-07-10,2396.95,truck,2,0,0.4476,0.0437,1,42.79
1607,3,4,2024-03-25,2024-05-14,2024-05-16,9063.22,ship,1,0,0.5336,0.2878,1,38.7
1608,25,16,2024-05-07,2024-06-02,2024-06-04,1341.62,truck,4,1,0.8249,0.3294,1,45.34
1609,37,6,2024-02-20,2024-03-24,2024-03-24,511.06,truck,1,0,0.4391,0.1502,0,3.55
1610,1,8,2025-03-22,2025-04-17,2025-04-17,4012.31,air,2,0,0.2419,0.2492,0,1.03
1611,15,2,2023-08-12,2023-09-15,2023-09-15,1546.46,ship,5,1,0.2712,0.1012,0,2.03
1612,43,10,2024-04-12,2024-05-08,2024-05-08,1267.87,truck,1,1,0.69,0.1166,0,1.26
1613,8,4,2024-02-27,2024-03-26,2024-03-26,2487.63,ship,3,0,0.5156,0.1094,0,2.52
1614,2,17,2025-08-06,2025-09-21,2025-09-26,13643.15,ship,5,1,0.4071,0.3485,1,130.58
1615,41,18,2023-07-21,2023-08-02,2023-08-02,368.96,truck,3,1,0.5139,0.5395,0,1.17
1616,10,14,2024-04-06,2024-05-07,2024-05-08,3012.16,ship,4,1,0.3447,0.335,1,28.74
1617,10,11,2023-06-07,2023-06-29,2023-07-01,969.46,truck,4,1,0.2508,0.335,1,37.28
1618,32,11,2023-09-14,2023-10-10,2023-10-10,321.28,truck,4,0,0.4454,0.299,0,1.01
1619,41,4,2023-03-09,2023-03-28,2023-03-30,3024.94,truck,3,0,0.276,0.5395,1,45.97
1620,23,13,2025-06-06,2025-07-07,2025-07-07,3422.74,truck,1,0,0.3252,0.2281,0,3.04
1621,32,5,2024-05-03,2024-05-27,2024-05-28,362.78,truck,3,0,0.7012,0.299,1,22.7
1622,26,18,2025-06-30,2025-07-24,2025-07-25,397.8,truck,2,1,0.4191,0.1577,1,12.18
1623,31,18,2023-06-09,2023-07-11,2023-07-17,5081.26,ship,5,1,0.5864,0.2757,1,134.37
1624,39,18,2024-09-18,2024-10-07,2024-10-09,630.88,truck,4,0,0.4648,0.2906,1,52.55
1625,6,20,2024-05-24,2024-06-20,2024-06-20,1171.94,air,1,0,0.6096,0.3463,0,1.57
1626,28,6,2025-02-08,2025-02-25,2025-02-25,6560.2,air,2,0,0.3848,0.183,0,1.83
1627,45,19,2023-08-13,2023-09-12,2023-09-13,5212.27,ship,1,0,0.3152,0.1051,1,31.21
1628,30,18,2025-11-10,2025-11-28,2025-11-28,990.12,truck,2,0,0.5582,0.3611,0,2.2
1629,5,11,2025-06-08,2025-07-31,2025-07-31,9511.34,ship,4,2,0.508,0.2606,0,2.01
1630,39,1,2024-11-22,2024-12-13,2024-12-13,2386.85,air,1,0,0.6329,0.2906,0,2.13
1631,4,2,2024-05-16,2024-06-14,2024-06-14,616.45,truck,3,1,0.4053,0.2301,0,2.03
1632,43,9,2023-12-29,2024-02-20,2024-02-20,10346.35,ship,2,0,0.6778,0.1166,0,2.02
1633,41,11,2024-04-21,2024-05-07,2024-05-07,1364.54,air,1,1,0.5163,0.5395,0,2.65
1634,39,16,2025-05-01,2025-05-19,2025-05-19,443.1,truck,2,0,0.6022,0.2906,0,1.13
1635,13,12,2024-05-06,2024-06-12,2024-06-13,7497.59,ship,2,1,0.5081,0.1757,1,13.6
1636,8,18,2025-10-04,2025-10-27,2025-10-27,6923.05,air,3,0,0.4854,0.1094,0,1.95
1637,41,3,2025-02-21,2025-03-10,2025-03-13,1132.47,truck,2,1,0.6089,0.5395,1,80.65
1638,14,17,2024-02-18,2024-03-16,2024-03-16,819.3,truck,4,1,0.5223,0.2082,0,6.71
1639,28,14,2025-10-26,2025-11-15,2025-11-15,6083.86,air,4,0,0.1915,0.183,0,2.25
1640,22,5,2025-02-26,2025-03-17,2025-03-17,779.66,truck,5,0,0.5841,0.1904,0,4.37
1641,13,3,2025-02-19,2025-03-06,2025-03-13,817.13,truck,5,2,0.6139,0.1757,1,160.58
1642,47,12,2024-03-14,2024-04-13,2024-04-13,1549.88,truck,2,0,0.1678,0.1768,0,1.5
1643,11,13,2025-07-18,2025-08-01,2025-08-04,387.76,truck,2,0,0.3719,0.163,1,63.01
1644,20,11,2023-11-19,2023-12-19,2023-12-19,334.08,truck,3,0,0.3829,0.2853,0,2.19
1645,41,3,2023-03-15,2023-03-31,2023-04-02,352.62,truck,3,1,0.4627,0.5395,1,59.77
1646,12,19,2023-12-05,2024-01-04,2024-01-04,446.44,truck,3,1,0.0609,0.2771,0,2.17
1647,18,12,2025-01-11,2025-01-24,2025-01-24,1283.54,truck,2,0,0.5171,0.0465,0,1.72
1648,50,7,2023-10-08,2023-10-25,2023-10-25,828.97,truck,3,1,0.1237,0.1476,0,2.53
1649,18,10,2025-05-14,2025-05-26,2025-05-26,2075.73,truck,2,2,0.4376,0.0465,0,2.97
1650,42,19,2025-06-21,2025-07-02,2025-07-02,692.24,truck,3,0,0.2146,0.2372,0,2.04
1651,39,17,2024-02-24,2024-03-14,2024-03-19,543.49,truck,1,0,0.339,0.2906,1,111.38
1652,34,15,2025-06-25,2025-07-03,2025-07-03,2182.14,air,1,2,0.4781,0.0399,0,3.22
1653,13,4,2025-09-10,2025-09-26,2025-09-29,754.05,truck,1,2,0.601,0.1757,1,71.96
1654,13,5,2024-08-02,2024-09-21,2024-09-21,12845.56,ship,1,0,0.67,0.1757,0,2.23
1655,40,16,2023-11-20,2023-12-11,2023-12-11,525.19,truck,2,0,0.4113,0.1206,0,1.86
1656,37,10,2023-10-19,2023-11-20,2023-11-20,3614.56,air,1,0,0.6714,0.1502,0,1.57
1657,29,1,2025-03-22,2025-04-17,2025-04-18,2558.39,truck,1,0,0.6834,0.223,1,19.44
1658,45,13,2024-08-18,2024-09-02,2024-09-02,7161.16,air,2,0,0.595,0.1051,0,1.64
1659,5,20,2023-01-27,2023-02-23,2023-02-23,649.34,truck,2,1,0.8247,0.2606,0,2.88
1660,48,8,2023-11-17,2023-12-04,2023-12-08,379.45,truck,2,1,0.4994,0.5295,1,89.72
1661,29,9,2024-01-25,2024-02-17,2024-02-18,1210.31,truck,1,0,0.9045,0.223,1,23.57
1662,37,10,2023-08-28,2023-09-28,2023-09-29,1013.51,truck,5,2,0.4294,0.1502,1,29.11
1663,9,5,2025-10-12,2025-11-01,2025-11-01,430.92,truck,4,0,0.4571,0.1382,0,2.15
1664,29,1,2023-07-04,2023-07-28,2023-08-02,957.99,truck,1,1,0.7427,0.223,1,108.76
1665,19,2,2024-07-29,2024-08-18,2024-08-25,669.0,truck,1,2,0.5048,0.2562,1,166.47
1666,50,14,2024-04-21,2024-05-12,2024-05-13,621.65,truck,1,1,0.5624,0.1476,1,28.2
1667,17,8,2025-01-19,2025-03-01,2025-03-01,1250.23,truck,3,0,0.2952,0.1135,0,1.93
1668,40,15,2024-01-31,2024-02-26,2024-02-26,1889.45,air,3,1,0.6383,0.1206,0,3.37
1669,47,6,2023-05-24,2023-06-18,2023-06-23,786.96,truck,4,1,0.3607,0.1768,1,127.13
1670,15,20,2024-06-10,2024-07-11,2024-07-13,378.66,truck,5,0,0.5612,0.1012,1,41.51
1671,45,3,2024-09-28,2024-10-19,2024-10-21,2741.75,ship,3,1,0.7423,0.1051,1,50.1
1672,43,5,2025-06-25,2025-07-26,2025-07-28,2044.21,truck,2,2,0.6367,0.1166,1,43.38
1673,34,17,2024-01-26,2024-02-16,2024-02-16,5294.91,ship,3,0,0.294,0.0399,0,1.93
1674,39,3,2024-04-13,2024-05-08,2024-05-10,1804.94,truck,3,1,0.5822,0.2906,1,45.28
1675,9,3,2025-06-20,2025-07-09,2025-07-09,817.87,truck,5,0,0.6536,0.1382,0,3.16
1676,37,9,2024-08-25,2024-09-25,2024-09-25,4965.75,air,4,0,0.9138,0.1502,0,2.31
1677,29,16,2024-11-09,2024-12-07,2024-12-08,2078.07,ship,1,0,0.4347,0.223,1,26.41
1678,32,1,2025-04-26,2025-05-23,2025-05-23,1539.58,truck,4,1,0.5185,0.299,0,1.39
1679,34,14,2023-05-09,2023-05-19,2023-05-19,740.79,truck,1,1,0.4145,0.0399,0,1.24
1680,47,8,2025-06-08,2025-07-07,2025-07-07,4751.35,air,3,1,0.3639,0.1768,0,2.95
1681,27,19,2023-08-27,2023-09-23,2023-09-23,1758.4,ship,4,1,0.2618,0.1179,0,2.66
1682,22,7,2023-02-11,2023-03-09,2023-03-15,4403.97,ship,5,2,0.4997,0.1904,1,133.11
1683,43,5,2024-02-06,2024-03-20,2024-03-21,5202.43,ship,4,1,0.4412,0.1166,1,25.51
1684,41,12,2025-07-01,2025-07-21,2025-07-25,1426.73,truck,5,2,0.2985,0.5395,1,102.64
1685,37,15,2025-11-29,2025-12-31,2026-01-02,1404.16,truck,3,0,0.6225,0.1502,1,51.51
1686,46,11,2025-01-24,2025-02-22,2025-02-22,3406.68,ship,5,0,0.5173,0.0911,0,1.74
1687,9,5,2023-09-22,2023-10-18,2023-10-18,3916.28,truck,2,0,0.6713,0.1382,0,1.7
1688,33,18,2024-12-23,2025-01-08,2025-01-12,9929.68,air,5,0,0.4495,0.1674,1,94.64
1689,41,13,2024-06-04,2024-06-23,2024-06-23,1881.34,air,5,1,0.4019,0.5395,0,4.66
1690,12,14,2023-08-16,2023-09-22,2023-09-25,2136.17,truck,2,1,0.3307,0.2771,1,64.46
1691,37,3,2024-11-05,2024-12-12,2024-12-12,12949.37,air,4,1,0.6454,0.1502,0,1.12
1692,44,19,2024-12-18,2025-01-24,2025-01-24,8882.2,ship,3,1,0.3872,0.0719,0,1.69
1693,46,10,2025-11-20,2025-12-10,2025-12-10,498.91,truck,4,0,0.549,0.0911,0,2.96
1694,46,9,2024-04-27,2024-05-16,2024-05-16,1131.55,truck,4,1,0.8352,0.0911,0,1.54
1695,12,10,2025-06-28,2025-07-31,2025-07-31,3517.17,air,1,2,0.4797,0.2771,0,1.07
1696,35,16,2025-10-14,2025-11-10,2025-11-10,3371.48,air,1,1,0.5395,0.4038,0,1.63
1697,7,7,2025-07-25,2025-08-17,2025-08-17,927.62,truck,5,0,0.2893,0.2727,0,4.7
1698,50,11,2023-05-04,2023-05-30,2023-06-01,3750.93,ship,1,2,0.5316,0.1476,1,39.94
1699,29,1,2025-10-17,2025-11-13,2025-11-13,1907.66,ship,1,1,0.7371,0.223,0,2.86
1700,18,7,2025-08-16,2025-09-02,2025-09-02,3187.36,ship,1,1,0.2864,0.0465,0,1.78
1701,1,17,2023-02-06,2023-03-25,2023-03-30,7685.82,ship,3,0,0.3109,0.2492,1,127.37
1702,19,10,2025-07-14,2025-08-14,2025-08-14,5023.64,ship,1,2,0.2207,0.2562,0,2.41
1703,6,20,2024-11-26,2024-12-29,2025-01-08,3223.5,ship,3,1,0.7184,0.3463,1,249.96
1704,49,14,2023-04-10,2023-05-14,2023-05-16,6730.62,ship,4,1,0.551,0.0836,1,52.5
1705,19,5,2023-05-03,2023-05-22,2023-05-22,754.69,truck,2,1,0.4283,0.2562,0,1.89
1706,47,5,2023-04-15,2023-05-12,2023-05-12,350.21,truck,3,1,0.6478,0.1768,0,3.53
1707,16,19,2025-06-10,2025-07-15,2025-07-16,4765.4,ship,5,0,0.4148,0.3266,1,35.98
1708,23,12,2023-08-17,2023-09-14,2023-09-14,1425.5,truck,5,1,0.3534,0.2281,0,1.19
1709,17,7,2025-10-28,2025-12-16,2025-12-18,4039.41,truck,4,2,0.0935,0.1135,1,58.59
1710,5,19,2023-01-02,2023-01-27,2023-01-27,407.84,truck,4,1,0.2209,0.2606,0,2.19
1711,35,9,2025-09-22,2025-10-15,2025-11-04,1022.22,truck,5,1,0.7485,0.4038,1,471.54
1712,3,2,2023-09-06,2023-10-03,2023-10-06,760.39,truck,2,1,0.3914,0.2878,1,67.0
1713,22,15,2025-05-27,2025-06-14,2025-06-15,1702.75,truck,3,1,0.6011,0.1904,1,29.37
1714,9,14,2025-05-02,2025-05-22,2025-05-24,3673.07,air,5,2,0.3016,0.1382,1,55.04
1715,8,14,2023-03-18,2023-04-08,2023-04-08,775.68,truck,2,0,0.2443,0.1094,0,1.46
1716,6,12,2025-04-29,2025-05-24,2025-05-24,1101.05,truck,4,0,0.2561,0.3463,0,2.32
1717,9,19,2025-02-26,2025-03-20,2025-03-22,1117.47,truck,3,2,0.456,0.1382,1,55.43
1718,35,20,2023-05-04,2023-05-30,2023-05-30,503.85,truck,1,0,0.6008,0.4038,0,2.81
1719,6,13,2024-02-23,2024-03-20,2024-03-21,756.04,truck,3,1,0.345,0.3463,1,30.18
1720,4,17,2025-09-04,2025-10-07,2025-10-07,430.48,truck,2,2,0.2819,0.2301,0,1.54
1721,44,14,2025-09-03,2025-09-16,2025-09-16,504.77,truck,3,1,0.3776,0.0719,0,1.25
1722,40,19,2025-10-25,2025-11-14,2025-11-17,1142.56,truck,4,0,0.3148,0.1206,1,72.67
1723,20,4,2025-11-02,2025-12-14,2025-12-14,5070.01,ship,3,0,0.6345,0.2853,0,1.99
1724,5,18,2023-07-18,2023-08-15,2023-08-21,1941.83,truck,5,2,0.607,0.2606,1,132.93
1725,25,11,2023-09-26,2023-10-26,2023-10-26,2944.34,ship,1,0,0.5315,0.3294,0,2.0
1726,17,3,2024-10-05,2024-11-16,2024-11-16,690.83,truck,2,0,0.5373,0.1135,0,3.49
1727,29,19,2024-01-02,2024-01-25,2024-01-25,5671.32,air,5,1,0.3901,0.223,0,4.33
1728,18,7,2023-05-08,2023-05-22,2023-05-31,910.35,truck,5,1,0.2745,0.0465,1,206.55
1729,41,10,2025-01-25,2025-02-20,2025-02-21,3504.49,ship,5,0,0.4728,0.5395,1,30.58
1730,14,19,2024-06-24,2024-07-23,2024-07-23,1384.06,truck,2,1,0.6397,0.2082,0,2.1
1731,31,16,2024-12-30,2025-01-27,2025-01-28,5312.94,truck,5,0,0.8891,0.2757,1,22.51
1732,34,8,2024-07-21,2024-08-07,2024-08-11,2673.82,ship,3,1,0.4217,0.0399,1,87.56
1733,44,18,2023-02-21,2023-03-06,2023-03-06,1058.89,air,5,0,0.4601,0.0719,0,2.5
1734,29,15,2023-07-04,2023-07-27,2023-07-28,1315.66,truck,2,2,0.6906,0.223,1,28.82
1735,39,17,2025-07-23,2025-08-27,2025-08-27,5115.5,ship,2,2,0.2313,0.2906,0,1.43
1736,23,10,2025-06-21,2025-07-30,2025-08-02,6706.46,ship,4,1,0.721,0.2281,1,64.37
1737,35,7,2023-05-29,2023-07-01,2023-07-03,3093.55,ship,3,0,0.5216,0.4038,1,42.52
1738,10,7,2023-11-03,2023-11-26,2023-11-27,1159.74,truck,3,2,0.6793,0.335,1,25.72
1739,20,2,2025-11-04,2025-12-17,2025-12-22,5050.75,ship,5,1,0.5371,0.2853,1,122.22
1740,21,7,2023-04-15,2023-05-01,2023-05-01,7740.89,air,2,2,0.1801,0.1211,0,2.19
1741,43,7,2023-11-08,2023-12-04,2023-12-05,1038.51,truck,2,2,0.5654,0.1166,1,28.08
1742,37,7,2024-05-27,2024-07-06,2024-07-06,4307.44,ship,2,0,0.1272,0.1502,0,2.4
1743,50,10,2024-03-06,2024-03-29,2024-03-31,3666.01,truck,4,0,0.7757,0.1476,1,46.63
1744,29,2,2023-06-04,2023-06-29,2023-06-29,2021.71,ship,2,1,0.0,0.223,0,1.87
1745,21,16,2024-12-14,2024-12-31,2024-12-31,1309.69,truck,1,0,0.6526,0.1211,0,2.37
1746,3,14,2024-11-18,2024-12-14,2024-12-14,1389.92,truck,5,0,0.5041,0.2878,0,3.28
1747,48,3,2025-05-22,2025-07-30,2025-07-30,18106.37,ship,3,0,0.631,0.5295,0,4.59
1748,49,13,2024-04-16,2024-05-02,2024-05-02,1030.99,truck,2,1,0.5747,0.0836,0,3.39
1749,26,16,2023-11-16,2024-01-04,2024-01-05,9766.61,ship,4,0,0.6028,0.1577,1,17.4
1750,5,8,2025-04-07,2025-05-07,2025-05-07,7690.91,air,5,0,0.3982,0.2606,0,3.28
1751,50,15,2024-04-24,2024-05-16,2024-05-17,2022.93,truck,4,2,0.3937,0.1476,1,30.0
1752,1,7,2024-11-24,2024-12-18,2024-12-19,1405.14,air,2,2,0.1199,0.2492,1,22.2
1753,15,16,2024-11-06,2024-12-07,2024-12-08,442.42,truck,5,0,0.3777,0.1012,1,23.89
1754,10,8,2023-08-05,2023-08-27,2023-08-29,374.34,truck,4,1,0.6617,0.335,1,51.1
1755,6,19,2024-09-12,2024-10-17,2024-10-19,3107.19,ship,5,0,0.5065,0.3463,1,48.84
1756,47,18,2024-12-08,2025-01-14,2025-01-15,3885.7,ship,2,0,0.4987,0.1768,1,27.19
1757,27,12,2024-12-22,2025-01-17,2025-01-17,3762.19,truck,5,0,0.2892,0.1179,0,1.54
1758,21,3,2023-09-09,2023-10-19,2023-10-20,9478.03,ship,3,1,0.5859,0.1211,1,19.58
1759,32,9,2024-07-20,2024-08-27,2024-08-30,4636.23,ship,2,1,0.7437,0.299,1,67.9
1760,33,13,2024-03-14,2024-03-29,2024-03-29,1094.42,truck,4,0,0.393,0.1674,0,1.96
1761,48,8,2024-08-26,2024-09-14,2024-09-16,799.51,truck,2,0,0.672,0.5295,1,53.8
1762,12,2,2024-12-13,2025-02-04,2025-02-04,7298.59,ship,3,0,0.1978,0.2771,0,2.65
1763,8,8,2024-09-05,2024-10-06,2024-10-07,3486.48,ship,5,1,0.5932,0.1094,1,20.36
1764,23,19,2025-09-30,2025-10-26,2025-10-26,6486.83,air,3,0,0.4209,0.2281,0,1.64
1765,5,16,2025-05-26,2025-06-28,2025-06-28,1957.3,ship,2,1,0.614,0.2606,0,3.81
1766,31,6,2024-11-16,2024-12-13,2024-12-13,4571.22,truck,4,1,0.5325,0.2757,0,4.96
1767,45,18,2023-01-05,2023-01-22,2023-01-22,788.85,truck,3,0,0.5311,0.1051,0,2.68
1768,48,19,2023-08-20,2023-09-07,2023-09-07,753.34,truck,3,0,0.4482,0.5295,0,1.8
1769,29,10,2025-02-07,2025-03-11,2025-03-13,4770.94,ship,5,0,0.4351,0.223,1,54.44
1770,20,1,2023-11-17,2023-12-20,2023-12-22,1459.28,truck,4,0,0.6867,0.2853,1,49.91
1771,8,16,2025-06-14,2025-07-09,2025-07-09,1603.47,ship,3,1,0.7745,0.1094,0,1.57
1772,19,18,2023-07-13,2023-08-01,2023-08-02,850.28,truck,2,2,0.4128,0.2562,1,21.56
1773,8,1,2025-09-03,2025-09-25,2025-09-25,371.33,truck,4,1,0.7365,0.1094,0,1.07
1774,5,1,2024-03-25,2024-04-22,2024-04-22,2240.98,ship,3,0,0.3954,0.2606,1,9.34
1775,12,11,2023-05-16,2023-06-20,2023-06-20,6575.28,air,2,1,0.2057,0.2771,0,2.7
1776,40,9,2025-06-04,2025-06-27,2025-07-02,1248.55,truck,4,1,0.7466,0.1206,1,118.73
1777,46,20,2024-06-09,2024-07-01,2024-07-01,1836.82,truck,5,0,0.5974,0.0911,0,2.39
1778,48,11,2024-03-31,2024-04-19,2024-04-20,2885.02,air,2,0,0.6121,0.5295,1,31.16
1779,33,2,2023-06-23,2023-07-07,2023-07-09,843.01,truck,5,1,0.4155,0.1674,1,56.5
1780,1,20,2025-02-14,2025-03-21,2025-03-25,4919.1,ship,5,2,0.5493,0.2492,1,99.04
1781,19,14,2023-07-03,2023-07-25,2023-08-08,1744.93,ship,5,2,0.4049,0.2562,1,341.09
1782,42,15,2024-03-22,2024-04-05,2024-04-06,747.01,truck,1,0,0.4165,0.2372,1,30.14
1783,48,4,2023-03-19,2023-04-11,2023-04-12,2804.82,ship,1,0,0.4911,0.5295,1,24.68
1784,10,16,2023-01-22,2023-02-15,2023-02-15,4459.85,air,3,0,0.6664,0.335,0,1.87
1785,28,4,2023-08-05,2023-09-10,2023-09-13,7820.44,ship,4,1,0.3943,0.183,1,66.11
1786,47,7,2023-08-06,2023-09-03,2023-09-03,530.54,truck,4,1,0.1742,0.1768,0,1.6
1787,4,7,2025-06-09,2025-07-08,2025-07-08,307.61,truck,3,1,0.504,0.2301,0,3.39
1788,28,13,2024-09-17,2024-10-21,2024-10-28,6114.88,ship,2,1,0.5461,0.183,1,179.94
1789,18,3,2025-08-03,2025-08-22,2025-08-23,3936.41,ship,4,0,0.7614,0.0465,1,31.32
1790,43,8,2024-08-05,2024-09-01,2024-09-01,6656.45,air,2,1,0.1804,0.1166,0,2.18
1791,45,12,2025-02-22,2025-03-30,2025-03-30,8132.3,ship,5,0,0.3859,0.1051,0,2.19
1792,31,14,2024-03-04,2024-04-25,2024-04-26,11714.15,ship,1,0,0.3206,0.2757,1,34.23
1793,15,8,2023-03-16,2023-04-16,2023-04-16,1414.88,truck,1,1,0.4169,0.1012,0,2.32
1794,35,11,2023-09-07,2023-10-06,2023-10-08,1910.94,truck,3,1,0.5504,0.4038,1,57.29
1795,41,13,2024-10-08,2024-10-27,2024-11-02,6248.19,air,5,2,0.5535,0.5395,1,139.21
1796,46,19,2024-07-31,2024-08-20,2024-08-20,522.99,truck,5,0,0.124,0.0911,0,1.78
1797,21,6,2023-05-10,2023-05-25,2023-05-25,1090.98,truck,1,1,0.4171,0.1211,0,3.5
1798,14,4,2024-03-12,2024-05-04,2024-05-04,9472.78,ship,3,1,0.4917,0.2082,0,1.25
1799,6,19,2023-03-15,2023-04-12,2023-04-13,887.31,truck,2,0,0.3807,0.3463,1,17.97
1800,26,4,2025-07-30,2025-08-19,2025-08-28,351.63,truck,5,3,0.3799,0.1577,1,225.78
1801,3,12,2024-07-25,2024-08-20,2024-08-28,4287.23,air,5,1,0.433,0.2878,1,190.15
1802,45,5,2024-10-02,2024-10-17,2024-10-17,1493.87,air,5,0,0.4693,0.1051,0,1.58
1803,38,17,2025-11-17,2026-01-30,2026-01-30,20000.0,ship,3,0,0.2748,0.1178,0,1.58
1804,38,5,2023-11-09,2023-11-28,2023-12-01,1874.84,ship,4,0,0.2784,0.1178,1,67.05
1805,3,18,2025-04-04,2025-05-13,2025-05-15,5146.24,ship,5,0,0.6253,0.2878,1,37.04
1806,5,8,2025-05-12,2025-06-19,2025-06-21,4767.6,ship,4,2,0.3391,0.2606,1,56.48
1807,39,9,2025-10-31,2025-11-23,2025-11-23,2634.05,truck,2,0,0.8196,0.2906,0,2.24
1808,12,19,2024-12-19,2025-01-21,2025-01-21,1081.66,truck,1,1,0.2833,0.2771,0,1.97
1809,14,1,2025-11-07,2025-12-20,2025-12-20,6667.09,ship,1,0,0.4158,0.2082,0,1.38
1810,32,6,2025-05-05,2025-05-31,2025-06-02,1954.86,air,4,1,0.4321,0.299,1,43.18
1811,19,11,2023-09-24,2023-10-21,2023-10-25,4657.54,ship,5,0,0.6441,0.2562,1,88.34
1812,10,2,2024-03-26,2024-04-23,2024-04-23,2026.7,ship,5,0,0.6158,0.335,0,1.76
1813,40,17,2024-09-28,2024-11-24,2024-11-24,13544.53,ship,3,0,0.3848,0.1206,0,3.49
1814,14,10,2024-09-02,2024-10-06,2024-10-07,4198.59,ship,3,1,0.4216,0.2082,1,30.87
1815,6,14,2023-10-16,2023-11-12,2023-11-13,1109.22,truck,4,0,0.3317,0.3463,1,33.23
1816,14,2,2025-10-28,2025-11-23,2025-11-23,372.38,truck,4,1,0.3662,0.2082,0,3.29
1817,39,8,2024-11-04,2024-11-25,2024-11-25,5730.83,air,4,0,0.4528,0.2906,0,2.36
1818,11,5,2025-04-25,2025-05-09,2025-05-09,1657.53,truck,2,1,0.5906,0.163,0,1.82
1819,8,1,2025-01-07,2025-01-28,2025-01-30,1296.76,truck,4,0,0.7182,0.1094,1,48.15
1820,35,2,2024-11-14,2024-12-11,2024-12-15,449.37,truck,2,0,0.5708,0.4038,1,102.88
1821,34,12,2025-05-30,2025-06-11,2025-06-19,1284.38,truck,5,1,0.1097,0.0399,1,186.97
1822,15,13,2023-07-23,2023-08-22,2023-08-22,1593.92,truck,1,0,0.5415,0.1012,0,1.79
1823,49,20,2024-04-18,2024-05-06,2024-05-07,1150.16,truck,3,1,0.5064,0.0836,1,13.91
1824,43,17,2024-01-22,2024-02-20,2024-02-20,2126.73,truck,1,0,0.3948,0.1166,0,2.15
1825,5,1,2023-06-24,2023-07-24,2023-07-27,1187.68,truck,4,1,0.6581,0.2606,1,80.79
1826,50,5,2024-11-16,2024-12-04,2024-12-05,456.81,truck,3,0,0.3671,0.1476,1,17.6
1827,4,14,2024-02-10,2024-03-13,2024-03-13,877.03,truck,5,0,0.5103,0.2301,0,2.25
1828,20,10,2025-10-04,2025-11-06,2025-11-07,768.94,truck,5,0,0.3763,0.2853,1,22.28
1829,2,1,2025-02-02,2025-02-24,2025-02-24,3682.85,ship,3,0,0.8905,0.3485,0,2.57
1830,45,7,2025-07-16,2025-09-17,2025-09-17,16648.65,ship,2,0,0.3539,0.1051,0,2.4
1831,33,10,2024-09-22,2024-10-05,2024-10-06,732.4,truck,1,1,0.5329,0.1674,1,35.27
1832,26,4,2024-06-03,2024-07-01,2024-07-02,2068.63,ship,3,2,0.6034,0.1577,1,33.98
1833,41,11,2025-07-05,2025-07-24,2025-07-27,1240.46,truck,1,1,0.4564,0.5395,1,78.37
1834,33,1,2023-11-23,2023-12-27,2023-12-29,8283.59,ship,4,0,0.7555,0.1674,1,47.24
1835,33,20,2023-07-22,2023-08-05,2023-08-05,321.99,truck,5,0,0.6681,0.1674,0,2.54
1836,48,14,2023-09-07,2023-09-23,2023-09-24,536.26,truck,2,1,0.3072,0.5295,1,31.31
1837,24,13,2024-05-24,2024-06-11,2024-06-11,836.48,truck,3,0,0.4934,0.0437,1,10.69
1838,30,5,2025-06-23,2025-07-12,2025-07-14,1285.35,truck,3,1,0.5786,0.3611,1,57.7
1839,21,5,2024-08-20,2024-09-04,2024-09-04,1125.0,truck,1,1,0.4417,0.1211,0,1.41
1840,50,6,2024-09-27,2024-10-16,2024-10-17,381.39,truck,5,1,0.5172,0.1476,1,21.19
1841,38,19,2025-03-28,2025-04-20,2025-04-27,20000.0,air,4,1,0.3406,0.1178,1,159.13
1842,12,18,2024-11-25,2025-01-11,2025-01-14,5875.68,ship,3,0,0.648,0.2771,1,70.18
1843,24,14,2025-09-08,2025-09-27,2025-09-28,1611.33,truck,4,1,0.1782,0.0437,1,24.05
1844,50,9,2023-02-28,2023-03-23,2023-03-23,2121.9,ship,3,0,0.6361,0.1476,0,2.42
1845,35,2,2023-03-28,2023-06-19,2023-06-19,20000.0,ship,1,0,0.4684,0.4038,1,4.67
1846,9,9,2025-11-18,2025-12-08,2025-12-11,927.9,truck,2,0,0.5998,0.1382,1,74.77
1847,23,20,2024-12-26,2025-01-24,2025-01-24,1875.46,ship,4,1,0.6839,0.2281,0,1.6
1848,46,16,2023-07-14,2023-09-22,2023-09-24,17915.51,ship,3,2,0.6206,0.0911,1,39.46
1849,40,13,2024-09-02,2024-09-23,2024-09-23,4542.91,air,2,1,0.2696,0.1206,0,1.48
1850,35,17,2025-09-28,2025-12-10,2025-12-10,17132.32,ship,3,0,0.2553,0.4038,0,0.8
1851,3,12,2023-07-22,2023-08-14,2023-08-14,954.54,truck,1,2,0.1477,0.2878,0,1.75
1852,47,13,2025-03-30,2025-04-24,2025-04-24,380.42,truck,2,0,0.4722,0.1768,0,1.52
1853,26,8,2025-09-18,2025-10-12,2025-10-12,1849.19,truck,4,1,0.354,0.1577,0,1.7
1854,38,1,2025-08-05,2025-08-24,2025-08-27,1929.67,truck,5,1,0.6931,0.1178,1,74.72
1855,5,11,2024-08-13,2024-10-02,2024-10-04,9101.87,ship,1,2,0.3931,0.2606,1,43.53
1856,16,3,2023-11-16,2023-12-22,2023-12-25,3538.96,ship,2,0,0.5329,0.3266,1,64.67
1857,13,8,2023-05-10,2023-05-24,2023-05-25,673.51,truck,3,0,0.3422,0.1757,1,21.25
1858,9,12,2024-04-24,2024-05-12,2024-05-12,557.9,truck,3,0,0.1591,0.1382,0,1.82
1859,12,13,2024-05-22,2024-06-26,2024-06-30,929.62,truck,5,1,0.5383,0.2771,1,84.43
1860,50,7,2023-08-14,2023-10-27,2023-10-27,19110.64,ship,1,0,0.3228,0.1476,0,4.05
1861,36,18,2025-04-26,2025-05-13,2025-05-13,613.82,truck,1,0,0.5349,0.0168,0,2.29
1862,37,15,2025-06-08,2025-07-07,2025-07-08,551.56,truck,5,1,0.5994,0.1502,1,33.67
1863,39,5,2023-07-11,2023-08-01,2023-08-01,448.59,truck,2,1,0.5278,0.2906,0,1.61
1864,43,12,2025-01-23,2025-02-19,2025-02-19,563.6,truck,4,0,0.3516,0.1166,0,2.64
1865,18,15,2025-11-23,2025-12-05,2025-12-05,5379.89,air,5,0,0.4424,0.0465,0,3.38
1866,31,9,2023-04-02,2023-04-22,2023-04-22,393.91,truck,2,1,0.4431,0.2757,0,1.96
1867,42,19,2024-09-05,2024-09-19,2024-09-19,1286.38,truck,5,1,0.3387,0.2372,0,1.82
1868,1,17,2025-04-29,2025-05-22,2025-05-22,568.98,truck,3,2,0.2851,0.2492,0,3.22
1869,30,3,2024-07-22,2024-08-12,2024-08-12,4392.35,air,1,0,0.3974,0.3611,0,1.79
1870,45,10,2023-09-19,2023-10-04,2023-10-04,1186.96,truck,1,1,0.7673,0.1051,0,2.4
1871,34,4,2025-11-01,2025-11-26,2025-11-26,6055.71,ship,2,1,0.6033,0.0399,0,1.62
1872,35,13,2023-06-03,2023-06-27,2023-06-27,494.8,truck,2,0,0.501,0.4038,0,5.15
1873,50,19,2025-10-25,2025-11-14,2025-11-14,3559.1,air,4,0,0.3148,0.1476,0,1.6
1874,44,4,2025-08-17,2025-09-13,2025-09-14,5061.61,ship,3,2,0.4488,0.0719,1,31.89
1875,35,19,2023-07-21,2023-08-17,2023-08-17,859.14,truck,1,0,0.1923,0.4038,0,3.3
1876,16,6,2023-01-18,2023-02-21,2023-02-21,3273.83,ship,1,0,0.7119,0.3266,0,1.56
1877,48,4,2024-04-19,2024-05-11,2024-05-11,12392.02,air,3,1,0.2109,0.5295,0,3.11
1878,22,10,2025-03-05,2025-04-02,2025-04-03,4916.86,ship,3,0,0.6036,0.1904,1,28.73
1879,49,16,2023-03-17,2023-04-02,2023-04-02,1419.77,truck,1,0,0.6338,0.0836,0,2.51
1880,44,7,2023-01-14,2023-01-26,2023-01-26,654.54,truck,4,2,0.1075,0.0719,0,1.64
1881,8,20,2023-10-27,2023-11-27,2023-11-27,3144.99,ship,4,0,0.7608,0.1094,0,2.66
1882,44,18,2023-05-01,2023-05-23,2023-05-25,4076.54,ship,1,2,0.694,0.0719,1,39.23
1883,31,4,2025-03-24,2025-04-24,2025-04-25,4431.79,ship,3,0,0.8321,0.2757,1,23.85
1884,40,5,2023-04-04,2023-04-24,2023-04-26,654.64,truck,3,1,0.603,0.1206,1,55.34
1885,39,8,2025-01-17,2025-02-04,2025-02-04,1071.46,air,2,0,0.4748,0.2906,0,2.61
1886,20,18,2025-10-29,2025-12-05,2025-12-05,2771.12,ship,3,0,0.7496,0.2853,0,1.58
1887,8,19,2023-10-14,2023-11-08,2023-11-11,1583.81,truck,5,1,0.0272,0.1094,1,60.27
1888,40,5,2023-10-30,2023-11-25,2023-11-25,2742.4,truck,3,0,0.5135,0.1206,0,2.01
1889,29,16,2024-10-13,2024-11-02,2024-11-02,459.38,truck,5,0,0.3436,0.223,0,1.69
1890,24,7,2024-02-19,2024-03-09,2024-03-09,702.61,truck,5,1,0.1349,0.0437,0,4.37
1891,44,16,2025-10-10,2025-10-28,2025-10-28,4134.95,truck,1,0,0.3561,0.0719,0,3.07
1892,5,15,2023-06-02,2023-07-22,2023-07-23,8451.64,ship,5,1,0.1458,0.2606,1,22.18
1893,5,6,2023-08-04,2023-10-15,2023-10-17,16181.82,ship,5,1,0.5108,0.2606,1,40.66
1894,19,5,2024-03-27,2024-04-14,2024-04-14,774.96,truck,2,0,0.4059,0.2562,0,1.71
1895,18,15,2024-05-12,2024-05-23,2024-05-24,4631.29,air,5,2,0.3815,0.0465,1,32.8
1896,34,10,2024-04-27,2024-06-02,2024-06-02,8940.33,ship,2,1,0.4006,0.0399,0,2.85
1897,47,14,2024-12-30,2025-01-26,2025-01-26,519.01,truck,5,0,0.4658,0.1768,0,2.19
1898,36,6,2023-03-11,2023-04-13,2023-04-13,4658.33,ship,4,0,0.6871,0.0168,0,3.97
1899,39,20,2025-10-30,2025-11-19,2025-11-19,414.19,truck,4,1,0.4814,0.2906,0,1.61
1900,26,16,2025-07-04,2025-07-30,2025-07-31,1898.02,ship,4,2,0.682,0.1577,1,23.0
1901,31,2,2023-11-22,2023-12-11,2023-12-12,844.77,truck,3,0,0.2516,0.2757,1,28.54
1902,45,2,2025-05-01,2025-05-22,2025-05-22,3107.75,ship,1,2,0.6385,0.1051,0,2.38
1903,15,5,2025-07-11,2025-08-13,2025-08-13,4926.97,air,4,1,0.4844,0.1012,0,1.96
1904,27,2,2025-08-30,2025-09-21,2025-09-21,1167.77,truck,4,1,0.5184,0.1179,0,2.44
1905,31,2,2025-06-19,2025-07-08,2025-07-09,540.4,truck,3,0,0.3058,0.2757,1,25.75
1906,41,13,2024-10-24,2024-11-11,2024-11-13,860.72,truck,5,2,0.56,0.5395,1,57.61
1907,1,13,2025-05-07,2025-06-07,2025-06-09,20000.0,air,4,0,0.7678,0.2492,1,51.36
1908,46,12,2024-01-13,2024-02-01,2024-02-01,4269.53,air,5,0,0.4869,0.0911,0,1.79
1909,39,10,2024-08-28,2024-09-17,2024-09-19,467.97,truck,2,1,0.3465,0.2906,1,47.18
1910,10,9,2024-07-13,2024-08-04,2024-08-04,609.7,truck,1,1,0.6793,0.335,0,1.75
1911,4,12,2023-01-13,2023-02-13,2023-02-13,4233.91,air,1,0,0.5323,0.2301,0,1.11
1912,8,8,2025-10-16,2025-11-22,2025-11-22,4400.53,ship,1,0,0.3922,0.1094,0,1.98
1913,44,7,2024-07-21,2024-08-01,2024-08-01,315.2,truck,5,0,0.2419,0.0719,0,1.86
1914,43,18,2024-10-09,2024-11-03,2024-11-03,653.3,truck,3,0,0.5398,0.1166,0,3.02
1915,12,2,2024-03-19,2024-04-19,2024-04-20,1602.04,truck,4,1,0.7481,0.2771,1,32.59
1916,24,11,2024-06-04,2024-06-25,2024-06-25,429.56,truck,3,1,0.4908,0.0437,0,1.33
1917,9,8,2023-12-20,2024-02-06,2024-02-06,11544.78,ship,5,0,0.2803,0.1382,0,1.96
1918,6,14,2023-07-25,2023-08-19,2023-08-19,708.77,truck,2,2,0.2946,0.3463,0,2.53
1919,22,14,2025-03-14,2025-03-30,2025-03-30,465.96,truck,1,0,0.4322,0.1904,0,1.88
1920,1,17,2024-08-21,2024-09-14,2024-09-14,609.62,truck,4,1,0.3003,0.2492,0,2.69
1921,49,9,2025-02-20,2025-03-14,2025-03-18,2650.51,truck,4,1,0.6539,0.0836,1,91.0
1922,33,14,2025-02-19,2025-04-10,2025-04-14,13286.16,ship,2,0,0.3987,0.1674,1,89.93
1923,46,9,2024-08-15,2024-09-08,2024-09-08,2022.11,truck,1,0,0.7278,0.0911,0,1.46
1924,36,15,2023-03-29,2023-04-20,2023-04-20,2665.53,air,3,0,0.4998,0.0168,0,2.39
1925,48,9,2023-06-25,2023-07-10,2023-07-18,415.95,truck,4,2,0.826,0.5295,1,186.39
1926,2,3,2025-11-10,2025-11-25,2025-11-25,2722.62,truck,4,1,0.447,0.3485,0,2.62
1927,3,14,2025-06-10,2025-07-09,2025-07-09,2401.22,truck,5,1,0.3314,0.2878,1,9.66
1928,45,4,2025-06-08,2025-06-25,2025-06-26,1623.72,truck,2,2,0.5022,0.1051,1,20.0
1929,28,11,2024-06-23,2024-07-19,2024-07-19,16472.26,air,5,2,0.2931,0.183,0,1.88
1930,38,1,2025-09-09,2025-10-30,2025-11-03,12175.25,ship,3,1,0.7284,0.1178,1,107.35
1931,37,17,2023-02-26,2023-04-08,2023-04-08,3700.88,ship,2,1,0.0569,0.1502,0,1.38
1932,35,8,2023-12-12,2024-01-06,2024-01-06,717.08,truck,2,0,0.2301,0.4038,0,0.77
1933,13,2,2024-12-08,2024-12-22,2024-12-25,478.32,truck,4,0,0.299,0.1757,1,63.84
1934,43,4,2023-03-21,2023-04-17,2023-04-18,484.25,truck,1,1,0.4526,0.1166,1,12.07
1935,47,9,2023-12-29,2024-02-03,2024-02-08,3116.89,ship,5,0,0.6778,0.1768,1,114.65
1936,48,12,2023-04-25,2023-05-13,2023-05-13,2461.6,air,3,1,0.2232,0.5295,0,2.51
1937,15,11,2025-01-08,2025-03-05,2025-03-06,9045.55,ship,3,1,0.5067,0.1012,1,30.13
1938,49,7,2025-08-30,2025-09-21,2025-09-24,2788.2,ship,4,1,0.2726,0.0836,1,79.46
1939,35,6,2023-12-01,2024-02-02,2024-02-04,13003.67,ship,4,0,0.4948,0.4038,1,43.23
1940,40,1,2023-12-19,2024-01-11,2024-01-11,5387.29,air,2,0,0.5254,0.1206,0,1.37
1941,9,4,2024-02-28,2024-03-19,2024-03-21,958.07,truck,1,1,0.5944,0.1382,1,41.77
1942,11,19,2025-11-08,2026-01-16,2026-01-16,18127.39,ship,2,1,0.2975,0.163,0,2.13
1943,2,15,2024-03-06,2024-03-18,2024-03-18,1075.86,truck,1,1,0.4427,0.3485,0,4.42
1944,47,3,2023-08-22,2023-09-20,2023-09-21,1930.88,truck,1,0,0.7605,0.1768,1,12.67
1945,18,16,2024-04-08,2024-04-22,2024-04-22,2109.81,truck,1,0,0.4106,0.0465,0,2.34
1946,19,16,2023-12-05,2023-12-22,2023-12-28,391.19,truck,3,0,0.7386,0.2562,1,137.17
1947,2,2,2023-01-24,2023-02-07,2023-02-08,1191.65,truck,4,0,0.2965,0.3485,1,34.02
1948,23,9,2024-04-20,2024-05-12,2024-05-18,473.19,truck,2,0,0.8882,0.2281,1,146.99
1949,18,20,2023-01-23,2023-02-04,2023-02-06,1137.98,truck,2,2,0.7267,0.0465,1,41.84
1950,4,1,2024-01-05,2024-02-06,2024-02-06,6154.0,air,4,0,0.6948,0.2301,0,4.34
1951,23,1,2023-01-22,2023-03-09,2023-03-09,8382.21,ship,3,0,0.5801,0.2281,0,2.08
1952,36,4,2024-08-25,2024-09-14,2024-09-16,1461.74,air,4,2,0.7205,0.0168,1,40.69
1953,5,14,2025-04-14,2025-07-08,2025-07-09,20000.0,ship,2,1,0.2612,0.2606,1,21.94
1954,6,8,2025-07-24,2025-08-20,2025-08-20,755.14,truck,5,0,0.4036,0.3463,0,3.06
1955,38,14,2023-02-21,2023-03-13,2023-03-13,1427.89,truck,1,1,0.5884,0.1178,0,3.2
1956,47,13,2025-05-25,2025-06-23,2025-06-23,1790.26,truck,5,0,0.5844,0.1768,0,2.19
1957,23,19,2025-01-16,2025-04-05,2025-04-06,20000.0,ship,3,2,0.2578,0.2281,1,33.9
1958,17,7,2025-05-23,2025-07-01,2025-07-01,703.2,truck,2,0,0.2163,0.1135,0,3.07
1959,34,2,2025-09-08,2025-09-22,2025-09-26,1238.76,truck,1,1,0.3477,0.0399,1,93.61
1960,26,16,2025-09-26,2025-10-24,2025-10-26,4358.76,truck,4,0,0.5785,0.1577,1,45.4
1961,26,15,2025-07-10,2025-08-02,2025-08-02,329.84,truck,2,2,0.4166,0.1577,0,2.81
1962,40,4,2025-08-09,2025-08-30,2025-08-31,315.75,truck,4,1,0.4799,0.1206,1,20.62
1963,30,20,2023-06-06,2023-06-26,2023-06-29,1366.67,truck,1,0,0.5386,0.3611,1,78.21
1964,21,20,2025-04-29,2025-05-18,2025-05-18,8816.23,air,4,0,0.6509,0.1211,0,3.37
1965,8,6,2025-02-10,2025-04-15,2025-04-15,16059.19,ship,3,0,0.3765,0.1094,1,10.11
1966,1,15,2025-08-28,2025-09-20,2025-09-20,1089.01,truck,3,1,0.2476,0.2492,0,1.91
1967,37,1,2024-04-04,2024-05-06,2024-05-06,1878.39,air,1,1,0.5796,0.1502,0,2.52
1968,14,14,2024-02-25,2024-03-21,2024-03-21,592.34,truck,4,0,0.1925,0.2082,0,3.09
1969,21,7,2024-03-30,2024-04-11,2024-04-12,1475.87,air,4,1,0.4154,0.1211,1,25.09
1970,21,3,2025-01-01,2025-01-27,2025-01-27,5119.95,ship,1,1,0.5727,0.1211,0,1.62
1971,8,4,2024-07-25,2024-08-17,2024-08-17,489.18,truck,4,2,0.5256,0.1094,0,3.29
1972,40,9,2023-08-25,2023-10-23,2023-10-26,14274.37,ship,3,2,0.6075,0.1206,1,70.43
1973,47,15,2025-04-20,2025-05-17,2025-05-17,2078.4,air,3,1,0.662,0.1768,0,1.74
1974,33,11,2023-03-21,2023-04-05,2023-04-05,1397.97,truck,3,0,0.408,0.1674,0,3.03
1975,16,1,2023-10-01,2023-10-26,2023-10-26,344.25,truck,3,0,0.6144,0.3266,0,2.11
1976,34,16,2025-04-02,2025-04-14,2025-04-14,1199.77,truck,1,0,0.246,0.0399,0,2.56
1977,23,7,2025-02-03,2025-02-25,2025-03-01,739.8,truck,5,1,0.1927,0.2281,1,97.13
1978,2,15,2023-06-08,2023-06-20,2023-06-20,1031.39,truck,2,1,0.3795,0.3485,0,4.07
1979,49,14,2023-04-02,2023-04-30,2023-04-30,5121.34,ship,3,1,0.2525,0.0836,0,3.53
1980,48,18,2024-06-28,2024-07-13,2024-07-14,689.78,truck,1,1,0.8237,0.5295,1,33.66
1981,10,15,2023-01-29,2023-03-02,2023-03-02,4961.47,truck,4,0,0.5377,0.335,0,2.48
1982,5,16,2024-01-12,2024-02-09,2024-02-10,1247.83,truck,4,0,0.8062,0.2606,1,34.36
1983,18,6,2025-04-14,2025-04-26,2025-04-26,716.07,truck,1,0,0.84,0.0465,0,1.6
1984,24,11,2024-08-22,2024-09-12,2024-09-12,2283.9,truck,5,2,0.5915,0.0437,0,2.42
1985,38,2,2024-10-14,2024-11-07,2024-11-07,3155.2,ship,5,0,0.4751,0.1178,0,2.6
1986,6,5,2025-03-14,2025-04-10,2025-04-17,3447.07,air,5,0,0.7493,0.3463,1,164.94
1987,5,9,2024-04-19,2024-05-17,2024-05-17,1616.27,truck,4,1,0.9411,0.2606,0,1.64
1988,12,9,2025-07-07,2025-08-07,2025-08-08,481.63,truck,2,2,0.6684,0.2771,1,32.31
1989,38,19,2025-08-13,2025-09-03,2025-09-03,2387.12,truck,5,0,0.3171,0.1178,0,2.14
1990,13,18,2023-01-03,2023-01-19,2023-01-22,1607.25,air,2,1,0.5815,0.1757,1,76.13
1991,50,8,2023-08-17,2023-09-05,2023-09-05,545.95,truck,2,1,0.5959,0.1476,0,1.63
1992,1,16,2025-09-18,2025-10-12,2025-10-14,1590.32,truck,3,0,0.7485,0.2492,1,40.51
1993,34,15,2023-04-10,2023-04-21,2023-04-21,1437.95,truck,3,1,0.4788,0.0399,0,2.4
1994,33,7,2024-12-17,2025-01-28,2025-01-29,10727.81,ship,5,1,0.4118,0.1674,1,26.4
1995,18,17,2024-02-12,2024-02-26,2024-02-29,411.0,truck,5,0,0.337,0.0465,1,67.06
1996,28,1,2023-03-20,2023-04-02,2023-04-02,575.23,truck,3,0,0.3857,0.183,0,3.06
1997,38,13,2023-07-04,2023-08-03,2023-08-03,5982.0,ship,2,0,0.3688,0.1178,0,4.72
1998,25,19,2023-07-27,2023-08-31,2023-08-31,5447.33,ship,1,0,0.1222,0.3294,0,2.49
1999,35,11,2023-09-16,2023-10-25,2023-11-01,3815.52,ship,1,1,0.5375,0.4038,1,160.76
2000,23,1,2024-11-04,2024-11-27,2024-11-27,1017.17,air,2,0,0.5125,0.2281,0,1.43
2001,50,3,2023-05-03,2023-05-27,2023-05-27,2407.45,truck,1,0,0.608,0.1476,0,3.89
2002,43,9,2023-05-11,2023-06-06,2023-06-06,542.12,truck,2,1,0.7193,0.1166,0,2.24
2003,45,18,2023-01-11,2023-01-25,2023-01-25,515.69,truck,1,0,0.4653,0.1051,0,1.32
2004,16,11,2025-03-28,2025-04-25,2025-04-26,478.54,truck,4,1,0.2756,0.3266,1,22.17
2005,3,4,2024-09-27,2024-10-22,2024-10-22,1791.54,air,2,1,0.4845,0.2878,0,1.23
2006,9,9,2023-04-25,2023-05-14,2023-05-17,1151.05,truck,5,1,0.6464,0.1382,1,69.88
2007,28,1,2025-11-29,2025-12-18,2025-12-18,768.2,truck,2,0,0.5155,0.183,0,2.73
2008,42,5,2024-05-25,2024-06-17,2024-06-19,3850.38,truck,2,0,0.5119,0.2372,1,41.32
2009,39,19,2024-01-05,2024-01-26,2024-02-07,1308.78,truck,3,0,0.4381,0.2906,1,280.63
2010,42,14,2024-04-26,2024-05-11,2024-05-12,1767.55,truck,3,2,0.5898,0.2372,1,32.71
2011,10,7,2025-05-13,2025-07-02,2025-07-02,10739.15,ship,1,0,0.2598,0.335,0,3.39
2012,38,9,2024-04-09,2024-04-24,2024-04-25,528.65,truck,5,1,0.7153,0.1178,1,32.68
2013,4,10,2024-06-30,2024-08-04,2024-08-04,7383.44,air,1,1,0.1422,0.2301,0,1.68
2014,7,20,2023-09-12,2023-11-30,2023-12-01,20000.0,ship,2,0,0.4586,0.2727,1,29.58
2015,30,3,2023-05-10,2023-05-30,2023-06-01,1730.2,truck,5,0,0.544,0.3611,1,42.52
2016,3,9,2024-01-08,2024-02-05,2024-02-05,1551.56,truck,2,0,0.8456,0.2878,0,3.1
2017,39,9,2024-05-10,2024-05-29,2024-05-31,1011.77,truck,3,0,1.0,0.2906,1,41.79
2018,28,19,2024-12-24,2025-01-09,2025-01-09,7083.46,air,5,1,0.4236,0.183,0,2.61
2019,24,6,2023-07-12,2023-08-15,2023-08-20,4440.73,ship,4,1,0.832,0.0437,1,111.35
2020,10,3,2023-07-31,2023-08-29,2023-08-30,1868.55,truck,3,0,0.6762,0.335,1,23.24
2021,22,11,2025-08-17,2025-09-02,2025-09-10,1368.36,truck,4,1,0.4821,0.1904,1,192.13
2022,35,10,2025-09-12,2025-10-11,2025-10-12,846.61,truck,5,1,0.5988,0.4038,1,34.85
2023,48,1,2023-03-12,2023-03-29,2023-03-30,435.98,truck,4,0,0.4021,0.5295,1,25.08
2024,41,1,2024-07-16,2024-08-08,2024-08-13,2181.87,ship,3,2,0.5723,0.5395,1,117.75
2025,41,3,2024-11-02,2024-11-27,2024-12-01,3252.42,ship,1,1,0.6179,0.5395,1,85.64
2026,8,19,2025-10-28,2025-11-18,2025-11-18,381.64,truck,1,1,0.2515,0.1094,0,2.96
2027,40,6,2023-12-21,2024-02-08,2024-02-11,9394.03,ship,2,0,0.6514,0.1206,1,67.5
2028,23,6,2023-05-11,2023-06-06,2023-06-07,3288.43,air,5,1,0.5071,0.2281,1,23.84
2029,5,8,2023-10-28,2023-12-22,2023-12-22,9893.53,ship,5,0,0.2239,0.2606,0,2.65
2030,29,3,2023-11-13,2023-12-08,2023-12-12,2997.89,truck,3,1,0.6411,0.223,1,88.65
2031,20,20,2025-07-27,2025-09-04,2025-09-04,3546.56,ship,2,0,0.4022,0.2853,0,2.81
2032,23,19,2025-10-03,2025-10-30,2025-10-30,7426.16,air,4,1,0.4005,0.2281,0,1.08
2033,32,12,2023-05-08,2023-06-03,2023-06-03,591.25,truck,2,1,0.1477,0.299,0,2.04
2034,47,17,2024-12-20,2025-01-17,2025-01-19,415.36,truck,5,0,0.4298,0.1768,1,42.83
2035,29,2,2024-11-25,2024-12-17,2024-12-17,1227.44,truck,2,0,0.4902,0.223,0,2.75
2036,48,15,2024-12-20,2025-01-09,2025-01-09,2543.17,air,4,0,0.4882,0.5295,0,1.38
2037,27,15,2024-10-27,2024-11-17,2024-11-20,738.88,truck,5,0,0.3974,0.1179,1,61.72
2038,43,4,2023-04-17,2023-05-19,2023-05-19,2128.68,ship,3,1,0.9138,0.1166,0,1.66
2039,10,18,2024-03-24,2024-04-18,2024-04-21,1164.86,truck,3,1,0.4932,0.335,1,74.31
2040,4,9,2024-06-11,2024-07-12,2024-07-13,665.11,truck,1,2,0.7387,0.2301,1,33.43
2041,47,15,2023-08-29,2023-09-26,2023-09-26,5856.96,air,3,0,0.6668,0.1768,0,0.97
2042,48,17,2025-05-05,2025-06-07,2025-06-08,5829.81,ship,2,1,0.4086,0.5295,1,27.98
2043,40,18,2025-07-16,2025-08-05,2025-08-05,354.09,truck,4,2,0.6191,0.1206,0,2.15
2044,39,15,2023-01-12,2023-02-26,2023-02-27,8875.8,ship,4,0,0.5322,0.2906,1,33.2
2045,21,18,2023-11-10,2023-11-25,2023-11-28,1008.38,truck,5,2,0.3378,0.1211,1,70.85
2046,35,2,2023-11-13,2023-12-11,2023-12-12,9296.99,air,3,1,0.327,0.4038,1,20.89
2047,10,2,2025-09-03,2025-10-13,2025-10-14,6763.63,ship,1,1,0.315,0.335,1,18.36
2048,20,14,2023-07-10,2023-08-09,2023-08-11,374.74,truck,4,1,0.3652,0.2853,1,38.66
2049,2,6,2024-03-18,2024-03-31,2024-04-02,793.11,truck,3,1,0.6926,0.3485,1,44.66
2050,50,17,2023-06-06,2023-06-30,2023-06-30,2069.31,ship,1,1,0.3226,0.1476,0,2.88
2051,19,18,2025-01-17,2025-02-02,2025-02-02,533.86,truck,4,0,0.7462,0.2562,0,2.98
2052,5,1,2024-06-02,2024-07-06,2024-07-07,3491.06,ship,1,1,0.6991,0.2606,1,23.92
2053,5,5,2023-02-22,2023-03-21,2023-03-21,1067.0,truck,5,0,0.4766,0.2606,0,2.45
2054,46,15,2023-11-27,2023-12-21,2023-12-21,2272.91,truck,2,0,0.444,0.0911,0,1.21
2055,6,15,2024-03-05,2024-03-30,2024-03-30,385.89,truck,3,0,0.4572,0.3463,0,1.77
2056,47,19,2023-01-17,2023-02-17,2023-02-17,2519.75,truck,4,1,0.1454,0.1768,0,2.0
2057,45,3,2023-01-16,2023-02-02,2023-02-05,2074.69,ship,5,1,0.4967,0.1051,1,83.61
2058,30,10,2024-03-22,2024-04-10,2024-04-11,625.93,truck,2,1,0.5706,0.3611,1,22.24
2059,42,11,2024-02-23,2024-03-10,2024-03-10,5011.62,air,4,0,0.3948,0.2372,0,2.25
2060,35,15,2023-05-03,2023-05-28,2023-05-31,1016.88,truck,5,2,0.4692,0.4038,1,64.7
2061,46,1,2025-05-31,2025-06-26,2025-06-29,3162.51,ship,2,1,0.6454,0.0911,1,72.61
2062,13,6,2024-06-02,2024-06-22,2024-06-22,1889.96,truck,2,2,0.2545,0.1757,0,1.65
2063,35,11,2025-08-24,2025-09-20,2025-09-20,1254.51,air,1,0,0.4495,0.4038,0,3.03
2064,5,13,2025-02-25,2025-04-24,2025-04-26,11250.86,ship,3,1,0.3309,0.2606,1,40.37
2065,45,17,2025-10-18,2025-11-14,2025-11-15,5177.33,ship,1,0,0.2495,0.1051,1,19.46
2066,16,15,2024-12-13,2025-01-10,2025-01-10,1298.99,truck,3,0,0.4553,0.3266,0,3.81
2067,24,17,2025-01-11,2025-02-19,2025-02-19,6853.32,ship,3,0,0.413,0.0437,0,2.13
2068,42,13,2024-12-20,2025-01-07,2025-01-13,640.36,truck,4,1,0.5264,0.2372,1,149.02
2069,11,19,2023-05-12,2023-07-14,2023-07-14,17952.09,ship,3,0,0.179,0.163,0,1.0
2070,17,3,2025-10-20,2025-12-01,2025-12-01,533.73,truck,3,1,0.4902,0.1135,0,2.09
2071,50,19,2025-11-28,2025-12-19,2025-12-19,1125.77,truck,4,1,0.02,0.1476,0,2.56
2072,37,15,2023-07-31,2023-09-28,2023-09-28,10796.28,ship,3,1,0.5889,0.1502,0,3.04
2073,3,4,2023-08-19,2023-09-11,2023-09-11,1123.92,truck,4,2,0.43,0.2878,0,2.31
2074,1,15,2024-01-23,2024-03-24,2024-03-24,13731.64,ship,3,0,0.4347,0.2492,0,3.83
2075,39,2,2025-10-03,2025-10-24,2025-10-24,1537.53,truck,2,0,0.2932,0.2906,0,1.71
2076,44,18,2024-05-22,2024-06-06,2024-06-06,741.54,truck,1,0,0.6316,0.0719,0,2.74
2077,18,20,2024-06-08,2024-06-23,2024-06-23,2593.82,truck,1,0,0.6372,0.0465,0,2.08
2078,40,19,2024-09-13,2024-10-09,2024-10-09,2011.07,ship,1,1,0.5009,0.1206,0,2.07
2079,40,14,2024-07-13,2024-08-15,2024-08-15,4131.76,ship,1,1,0.4902,0.1206,0,3.2
2080,29,3,2025-08-30,2025-11-06,2025-11-07,17088.97,ship,5,0,0.6742,0.223,1,32.42
2081,18,15,2023-08-07,2023-09-01,2023-09-03,5942.43,ship,1,1,0.5669,0.0465,1,57.53
2082,28,13,2025-03-04,2025-03-16,2025-03-17,347.28,truck,2,2,0.3528,0.183,1,35.8
2083,43,7,2025-05-02,2025-05-30,2025-06-02,440.31,truck,1,1,0.4255,0.1166,1,76.97
2084,42,8,2024-09-12,2024-10-07,2024-10-09,3664.86,ship,3,0,0.5167,0.2372,1,36.91
2085,24,17,2024-04-24,2024-05-17,2024-05-18,2244.76,truck,5,0,0.2761,0.0437,1,33.29
2086,6,10,2025-09-09,2025-10-05,2025-10-06,471.71,truck,4,1,0.4915,0.3463,1,16.63
2087,17,18,2023-04-28,2023-06-06,2023-06-09,716.84,truck,3,0,0.6897,0.1135,1,76.55
2088,20,9,2024-11-03,2024-12-04,2024-12-04,708.65,truck,1,0,0.6574,0.2853,0,1.93
2089,39,3,2023-03-20,2023-04-07,2023-04-07,980.83,truck,2,0,0.3311,0.2906,0,2.38
2090,48,7,2024-08-26,2024-09-29,2024-10-01,6455.41,ship,5,1,0.3174,0.5295,1,46.37
2091,17,16,2023-08-26,2023-10-06,2023-10-06,2365.36,air,3,1,0.7904,0.1135,0,1.91
2092,17,15,2023-06-04,2023-07-17,2023-07-18,326.5,truck,3,2,0.1772,0.1135,1,14.04
2093,10,10,2023-01-14,2023-02-08,2023-02-10,1799.17,truck,1,0,0.3653,0.335,1,43.99
2094,46,18,2025-09-09,2025-10-01,2025-10-01,1734.88,truck,3,0,0.3508,0.0911,0,3.08
2095,24,18,2023-11-19,2023-12-12,2023-12-20,462.91,truck,5,0,0.5111,0.0437,1,203.76
2096,17,14,2025-03-05,2025-04-16,2025-04-16,1074.64,truck,1,0,0.6132,0.1135,0,2.27
2097,23,18,2025-05-25,2025-06-21,2025-06-21,8237.86,air,4,2,0.3994,0.2281,0,5.12
2098,40,3,2023-01-13,2023-02-07,2023-02-07,6556.62,air,4,1,0.6453,0.1206,0,2.39
2099,31,19,2024-04-04,2024-05-10,2024-05-10,6768.78,ship,1,1,0.2151,0.2757,0,3.4
2100,47,3,2025-01-05,2025-02-05,2025-02-05,2538.31,ship,1,1,0.6515,0.1768,0,2.35
2101,1,9,2024-08-17,2024-09-15,2024-09-17,2998.28,ship,3,0,0.7475,0.2492,1,37.46
2102,3,9,2023-09-17,2023-10-11,2023-10-16,767.08,truck,5,0,0.9968,0.2878,1,123.14
2103,35,20,2025-07-28,2025-08-23,2025-08-23,491.36,truck,1,0,0.3766,0.4038,0,2.52
2104,22,1,2023-05-20,2023-06-12,2023-06-12,2792.28,ship,3,0,0.6857,0.1904,0,1.65
2105,22,2,2025-11-24,2025-12-09,2025-12-21,1143.43,air,5,1,0.4404,0.1904,1,278.79
2106,3,17,2023-08-12,2023-09-03,2023-09-03,592.97,truck,1,1,0.2129,0.2878,0,2.59
2107,26,9,2024-10-18,2024-11-13,2024-11-15,2481.43,ship,2,1,0.6044,0.1577,1,45.78
2108,14,6,2023-08-10,2023-09-08,2023-09-08,2443.97,truck,1,1,0.3772,0.2082,0,2.37
2109,47,4,2024-10-14,2024-11-08,2024-11-08,1312.25,air,5,0,0.4785,0.1768,0,1.8
2110,47,11,2025-05-08,2025-06-10,2025-06-13,2616.22,ship,2,1,0.2478,0.1768,1,64.57
2111,18,12,2025-05-24,2025-06-04,2025-06-06,1043.33,truck,3,1,0.2373,0.0465,1,52.0
2112,35,20,2025-09-12,2025-11-16,2025-11-16,14045.77,ship,3,0,0.645,0.4038,0,1.66
2113,16,7,2024-10-19,2024-11-15,2024-11-16,4834.56,air,1,1,0.3706,0.3266,1,18.55
2114,29,7,2024-05-03,2024-05-26,2024-05-27,1234.99,truck,5,0,0.4074,0.223,1,31.86
2115,30,19,2025-07-08,2025-07-29,2025-07-29,1056.66,truck,3,0,0.1515,0.3611,0,2.98
2116,26,15,2023-06-12,2023-07-02,2023-07-02,707.9,truck,1,2,0.5087,0.1577,0,2.9
2117,38,16,2024-06-03,2024-06-20,2024-06-25,963.62,truck,3,1,0.8378,0.1178,1,127.03
2118,32,18,2025-10-18,2025-12-22,2025-12-25,14176.45,ship,2,0,0.6107,0.299,1,75.57
2119,31,10,2023-07-16,2023-08-05,2023-08-08,2324.76,truck,1,1,0.5944,0.2757,1,82.83
2120,43,8,2025-06-17,2025-07-15,2025-07-17,1757.18,truck,2,1,0.2938,0.1166,1,56.97
2121,7,19,2024-06-15,2024-07-06,2024-07-06,370.78,truck,1,0,0.339,0.2727,0,2.11
2122,42,7,2025-05-09,2025-05-22,2025-05-22,402.64,truck,2,0,0.2261,0.2372,0,5.04
2123,15,12,2024-08-02,2024-09-01,2024-09-01,449.34,truck,4,1,0.3644,0.1012,0,1.69
2124,48,15,2023-12-23,2024-01-24,2024-01-26,6303.77,ship,1,1,0.5046,0.5295,1,41.36
2125,44,15,2025-03-14,2025-03-29,2025-03-31,1570.04,ship,2,1,0.57,0.0719,1,51.72
2126,9,2,2024-06-04,2024-06-26,2024-06-28,1525.35,truck,5,1,0.4127,0.1382,1,52.18
2127,25,15,2024-08-16,2024-09-09,2024-09-11,546.68,truck,5,1,0.4578,0.3294,1,51.29
2128,5,1,2025-11-29,2025-12-29,2025-12-29,1747.21,truck,2,0,0.5155,0.2606,0,2.74
2129,13,4,2025-06-05,2025-06-24,2025-06-25,906.13,truck,1,2,0.3946,0.1757,1,25.13
2130,40,12,2023-10-11,2023-10-30,2023-10-30,336.41,truck,2,0,0.3039,0.1206,0,3.07
2131,29,5,2024-02-06,2024-03-06,2024-03-08,5139.33,truck,5,1,0.4412,0.223,1,48.8
2132,50,1,2025-08-24,2025-09-18,2025-09-20,2966.8,truck,4,1,0.8017,0.1476,1,51.41
2133,14,13,2025-04-20,2025-06-02,2025-06-02,6230.22,ship,2,0,0.4155,0.2082,0,1.19
2134,4,9,2024-03-05,2024-04-07,2024-04-10,1478.66,truck,2,0,0.5136,0.2301,1,65.49
2135,48,18,2023-09-21,2023-10-06,2023-10-08,855.85,truck,2,1,0.555,0.5295,1,56.99
2136,18,19,2024-07-16,2024-07-27,2024-07-31,1514.46,truck,5,1,0.0983,0.0465,1,91.43
2137,28,8,2024-10-26,2024-11-20,2024-11-24,3421.93,ship,2,0,0.2922,0.183,1,92.1
2138,14,3,2023-10-28,2023-11-24,2023-11-24,638.92,truck,2,0,0.4434,0.2082,0,1.44
2139,41,20,2023-02-19,2023-03-09,2023-03-11,937.07,truck,3,1,0.4739,0.5395,1,47.96
2140,9,12,2024-01-22,2024-02-13,2024-02-13,550.2,truck,3,0,0.349,0.1382,0,3.13
2141,40,13,2024-08-09,2024-09-06,2024-09-06,2930.23,ship,3,1,0.6702,0.1206,0,2.31
2142,13,1,2025-10-07,2025-11-29,2025-12-02,13920.39,ship,2,1,0.812,0.1757,1,62.22
2143,30,12,2023-03-30,2023-04-16,2023-04-16,1860.6,truck,4,0,0.2876,0.3611,0,3.74
2144,5,4,2024-12-24,2025-01-30,2025-02-02,4835.52,ship,5,0,0.5482,0.2606,1,60.71
2145,12,15,2024-12-12,2025-01-13,2025-01-13,461.2,truck,3,0,0.4416,0.2771,0,4.3
2146,39,12,2023-04-01,2023-05-24,2023-05-24,11694.91,ship,4,0,0.2534,0.2906,0,1.49
2147,23,18,2023-04-19,2023-06-09,2023-06-11,10253.07,ship,2,1,0.7075,0.2281,1,49.6
2148,48,11,2023-05-16,2023-06-05,2023-06-06,1786.54,truck,3,1,0.2057,0.5295,1,16.9
2149,17,10,2025-05-18,2025-07-04,2025-07-09,1946.34,ship,5,2,0.5036,0.1135,1,109.22
2150,4,13,2025-05-17,2025-06-23,2025-06-24,1721.78,ship,3,0,0.571,0.2301,1,32.48
2151,14,16,2024-02-26,2024-03-26,2024-03-26,812.63,truck,5,0,0.5259,0.2082,0,1.82
2152,38,6,2025-07-27,2025-08-17,2025-08-22,3290.98,ship,2,1,0.4369,0.1178,1,131.67
2153,28,7,2025-08-22,2025-09-10,2025-09-12,1842.11,truck,4,0,0.3018,0.183,1,48.09
2154,31,7,2025-09-03,2025-09-20,2025-09-21,410.76,truck,4,0,0.1557,0.2757,1,29.47
2155,6,1,2025-09-20,2025-11-15,2025-11-15,11363.94,ship,2,0,0.4508,0.3463,0,3.39
2156,21,18,2024-01-06,2024-01-27,2024-01-29,2993.55,ship,2,0,0.6265,0.1211,1,42.76
2157,3,9,2025-05-27,2025-06-22,2025-06-24,921.2,truck,4,2,0.7329,0.2878,1,39.25
2158,18,6,2025-03-25,2025-04-10,2025-04-10,2206.83,ship,1,0,0.7767,0.0465,0,2.55
2159,37,16,2023-10-11,2023-11-11,2023-11-11,1891.55,truck,1,1,0.5941,0.1502,0,1.96
2160,35,13,2023-03-18,2023-04-15,2023-04-15,648.47,truck,2,1,0.4537,0.4038,0,3.21
2161,1,11,2024-08-16,2024-10-14,2024-10-31,12728.49,ship,4,2,0.5636,0.2492,1,416.86
2162,3,5,2023-07-01,2023-07-24,2023-07-24,1063.1,truck,3,2,0.4729,0.2878,0,2.17
2163,1,13,2024-12-05,2024-12-27,2025-01-01,737.16,truck,3,2,0.4845,0.2492,1,122.27
2164,4,16,2023-01-29,2023-03-29,2023-04-01,9674.04,ship,2,0,0.5827,0.2301,1,64.26
2165,34,1,2023-01-20,2023-02-01,2023-02-01,1334.72,truck,4,0,0.6144,0.0399,0,3.55
2166,36,16,2024-06-11,2024-07-11,2024-07-14,4085.51,truck,5,1,0.4932,0.0168,1,80.06
2167,17,12,2024-10-20,2024-11-30,2024-11-30,311.11,truck,1,0,0.3184,0.1135,0,3.64
2168,37,18,2023-05-09,2023-07-21,2023-07-22,15471.62,ship,3,0,0.5534,0.1502,1,20.7
2169,2,14,2025-07-15,2025-07-27,2025-07-27,624.94,truck,1,1,0.2006,0.3485,0,1.29
2170,9,5,2024-06-28,2024-08-01,2024-08-03,5364.71,ship,4,1,0.5771,0.1382,1,37.71
2171,50,9,2024-04-08,2024-04-26,2024-04-26,893.32,truck,3,0,0.7344,0.1476,0,1.8
2172,20,11,2023-04-18,2023-05-26,2023-05-26,3357.64,ship,4,1,0.5479,0.2853,0,3.77
2173,14,18,2025-10-03,2025-10-28,2025-10-28,333.54,truck,3,0,0.5375,0.2082,0,2.45
2174,40,4,2023-07-26,2023-08-15,2023-08-19,934.77,truck,2,3,0.4721,0.1206,1,93.48
2175,4,20,2025-01-05,2025-02-06,2025-02-11,3961.03,air,2,2,0.7782,0.2301,1,114.29
2176,3,10,2023-02-28,2023-03-27,2023-03-27,2561.35,truck,3,0,0.4447,0.2878,0,2.24
2177,11,2,2024-10-16,2024-11-06,2024-11-06,3057.31,ship,4,1,0.2348,0.163,0,2.46
2178,22,14,2023-03-11,2023-03-29,2023-03-29,7292.01,air,5,1,0.2129,0.1904,0,3.12
2179,40,16,2025-10-16,2025-11-04,2025-11-04,1372.15,air,5,1,0.5858,0.1206,0,1.91
2180,26,4,2025-07-17,2025-08-10,2025-08-10,1730.25,truck,1,2,0.4755,0.1577,0,1.61
2181,45,13,2025-03-21,2025-04-03,2025-04-03,384.16,truck,5,0,0.2867,0.1051,0,2.09
2182,34,10,2024-11-03,2024-11-14,2024-11-15,583.83,truck,1,0,0.4142,0.0399,1,15.04
2183,49,19,2024-08-07,2024-09-07,2024-09-07,4860.62,ship,3,1,0.3271,0.0836,0,1.83
2184,32,20,2023-07-10,2023-08-09,2023-08-09,1947.03,truck,1,0,0.6084,0.299,0,2.85
2185,35,5,2023-04-15,2023-05-15,2023-05-15,1150.66,truck,4,1,0.6478,0.4038,0,3.33
2186,6,4,2024-08-12,2024-09-11,2024-09-13,1527.28,ship,1,1,0.5414,0.3463,1,40.48
2187,1,15,2025-10-26,2025-11-20,2025-11-21,1201.96,truck,4,1,0.6001,0.2492,1,17.01
2188,26,6,2025-01-29,2025-03-21,2025-03-23,10504.36,ship,1,0,0.3427,0.1577,1,50.22
2189,15,16,2024-04-02,2024-05-02,2024-05-02,2102.4,air,3,1,0.5658,0.1012,0,2.54
2190,43,6,2023-08-03,2023-08-28,2023-08-28,523.21,truck,5,1,0.5403,0.1166,0,1.59
2191,13,1,2025-05-01,2025-05-16,2025-05-16,381.8,truck,1,1,0.5142,0.1757,0,4.89
2192,36,16,2024-04-03,2024-04-24,2024-04-24,733.56,truck,3,0,0.4849,0.0168,0,3.58
2193,1,7,2023-05-16,2023-06-11,2023-06-12,1077.26,truck,1,1,0.0311,0.2492,1,17.72
2194,15,19,2024-12-16,2025-02-05,2025-02-08,6612.33,ship,5,2,0.4078,0.1012,1,77.2
2195,7,11,2023-12-17,2024-01-17,2024-01-17,3149.61,ship,5,0,0.407,0.2727,0,2.77
2196,13,16,2024-09-21,2024-10-29,2024-10-30,8211.81,ship,4,0,0.4189,0.1757,1,25.78
2197,42,16,2024-07-05,2024-07-23,2024-07-25,9043.42,air,3,1,0.3837,0.2372,1,54.6
2198,32,12,2024-08-29,2024-10-01,2024-10-04,19323.65,air,2,1,0.3248,0.299,1,67.06
2199,13,1,2025-01-03,2025-02-28,2025-03-01,14815.33,ship,5,0,0.6707,0.1757,1,16.43
2200,21,2,2025-10-05,2025-11-07,2025-11-09,8007.24,ship,5,0,0.259,0.1211,1,44.45
2201,40,2,2024-05-16,2024-06-09,2024-06-09,1925.75,truck,2,1,0.4053,0.1206,0,2.4
2202,9,8,2025-07-15,2025-08-04,2025-08-05,3576.18,air,4,1,0.3632,0.1382,1,30.66
2203,18,5,2024-06-07,2024-06-20,2024-06-20,860.97,truck,3,1,0.6594,0.0465,0,1.74
2204,1,5,2025-09-12,2025-10-04,2025-10-04,7994.62,air,3,0,0.4244,0.2492,0,1.25
2205,12,12,2025-05-01,2025-06-03,2025-06-03,2208.64,truck,1,0,0.3273,0.2771,0,1.33
2206,45,9,2025-01-26,2025-02-21,2025-02-22,5106.33,ship,3,0,0.7092,0.1051,1,17.48
2207,38,4,2024-08-14,2024-09-27,2024-10-03,10124.85,ship,4,1,0.5448,0.1178,1,142.49
2208,43,8,2024-10-16,2024-11-16,2024-11-16,1883.0,truck,2,0,0.2395,0.1166,0,2.92
2209,1,1,2025-07-16,2025-08-10,2025-08-11,6083.07,air,1,2,0.711,0.2492,1,32.16
2210,44,17,2023-09-01,2023-09-17,2023-09-17,2556.0,truck,4,1,0.1153,0.0719,0,1.72
2211,27,14,2023-03-31,2023-05-25,2023-05-30,11805.57,ship,2,1,0.2497,0.1179,1,114.86
2212,26,14,2025-08-18,2025-09-09,2025-09-09,1122.81,air,5,1,0.4752,0.1577,0,4.09
2213,32,3,2024-09-24,2024-10-19,2024-10-19,5743.24,air,5,1,0.601,0.299,0,1.32
2214,10,15,2024-04-08,2024-04-29,2024-04-29,1125.76,truck,1,0,0.646,0.335,0,0.84
2215,37,11,2025-10-14,2026-01-10,2026-01-13,20000.0,ship,3,2,0.3344,0.1502,1,66.04
2216,25,20,2023-10-02,2023-10-25,2023-10-26,599.15,truck,4,0,0.7698,0.3294,1,22.65
2217,5,4,2023-11-25,2024-02-14,2024-02-14,20000.0,ship,1,0,0.4786,0.2606,0,3.13
2218,22,12,2024-06-24,2024-07-09,2024-07-09,381.11,truck,4,1,0.4048,0.1904,0,1.81
2219,10,7,2024-04-13,2024-05-08,2024-05-08,2005.35,ship,1,1,0.3005,0.335,0,2.54
2220,33,16,2024-09-14,2024-09-26,2024-09-30,570.27,truck,4,1,0.7089,0.1674,1,92.91
2221,50,16,2023-06-16,2023-08-15,2023-08-16,14986.87,ship,1,1,0.57,0.1476,1,23.46
2222,50,3,2024-04-29,2024-05-16,2024-05-18,1020.03,truck,1,1,0.9921,0.1476,1,49.27
2223,40,15,2025-03-11,2025-04-02,2025-04-04,1153.54,truck,5,1,0.5176,0.1206,1,38.72
2224,11,2,2023-09-09,2023-10-24,2023-10-24,10973.04,ship,2,0,0.3967,0.163,0,4.32
2225,17,15,2025-04-21,2025-06-05,2025-06-05,2448.76,truck,1,1,0.5999,0.1135,0,3.02
2226,37,5,2023-04-25,2023-06-09,2023-06-09,4929.52,ship,4,1,0.2813,0.1502,0,1.93
2227,37,19,2023-09-15,2023-10-17,2023-10-17,967.9,truck,4,0,0.5709,0.1502,0,3.15
2228,24,14,2025-11-26,2026-01-19,2026-01-19,11385.7,ship,2,0,0.3382,0.0437,0,1.85
2229,15,3,2023-08-14,2023-09-30,2023-09-30,6168.84,ship,2,0,0.7756,0.1012,0,1.8
2230,39,7,2023-03-28,2023-04-17,2023-04-19,414.17,truck,4,1,0.4232,0.2906,1,40.94
2231,32,7,2024-02-09,2024-04-30,2024-05-02,20000.0,ship,2,1,0.0654,0.299,1,55.28
2232,8,19,2024-06-09,2024-07-02,2024-07-02,734.93,truck,5,0,0.4898,0.1094,0,2.39
2233,1,7,2024-04-10,2024-05-05,2024-05-05,5035.2,air,5,1,0.4554,0.2492,0,2.22
2234,23,3,2023-09-21,2023-10-17,2023-10-17,2933.29,air,5,1,0.5841,0.2281,0,4.1
2235,21,7,2023-12-06,2023-12-22,2023-12-22,794.03,truck,2,2,0.3294,0.1211,0,1.48
2236,17,9,2023-12-14,2024-01-24,2024-01-24,1388.06,air,3,0,0.7975,0.1135,0,3.69
2237,8,18,2024-01-19,2024-02-13,2024-02-13,936.41,truck,2,0,0.6812,0.1094,0,1.35
2238,23,7,2023-02-19,2023-03-12,2023-03-17,350.64,truck,4,2,0.2122,0.2281,1,118.09
2239,16,19,2024-09-17,2024-11-11,2024-11-11,10889.22,ship,4,0,0.2562,0.3266,0,1.75
2240,46,8,2024-07-10,2024-07-26,2024-07-26,637.44,truck,5,2,0.3602,0.0911,0,1.03
2241,11,13,2025-04-23,2025-05-30,2025-05-30,9203.13,ship,3,0,0.4236,0.163,0,3.64
2242,28,15,2025-02-17,2025-03-18,2025-03-20,4757.05,ship,5,0,0.4896,0.183,1,53.57
2243,11,8,2024-06-14,2024-06-27,2024-06-27,301.06,truck,3,1,0.1412,0.163,0,3.59
2244,28,11,2023-08-01,2023-08-20,2023-08-21,2002.17,truck,3,1,0.4503,0.183,1,32.6
2245,8,2,2023-08-19,2023-09-20,2023-09-21,3252.63,ship,1,1,0.4933,0.1094,1,25.01
2246,4,4,2024-09-18,2024-10-20,2024-10-22,857.71,truck,4,1,0.265,0.2301,1,50.78
2247,24,5,2024-01-29,2024-02-19,2024-02-19,742.67,truck,3,0,0.6844,0.0437,0,2.02
2248,25,2,2024-09-01,2024-09-25,2024-09-25,387.39,truck,2,1,0.2613,0.3294,0,2.6
2249,26,9,2024-12-15,2025-01-05,2025-01-05,415.46,truck,1,0,0.5135,0.1577,0,0.85
2250,34,7,2024-03-25,2024-04-04,2024-04-05,629.99,truck,4,1,0.354,0.0399,1,33.68
2251,13,19,2023-12-06,2023-12-19,2023-12-23,593.99,truck,5,1,0.0811,0.1757,1,87.56
2252,16,8,2025-07-15,2025-08-10,2025-08-10,385.36,truck,5,1,0.3632,0.3266,0,2.53
2253,15,15,2025-06-17,2025-09-12,2025-09-15,20000.0,ship,3,2,0.5636,0.1012,1,75.47
2254,48,20,2025-03-01,2025-03-25,2025-03-26,3232.45,ship,2,1,0.3163,0.5295,1,31.08
2255,12,17,2023-02-10,2023-03-24,2023-03-24,4127.25,ship,1,0,0.1805,0.2771,0,0.9
2256,41,8,2025-11-04,2025-11-20,2025-11-20,1250.01,truck,4,0,0.4821,0.5395,0,3.31
2257,17,13,2025-06-05,2025-07-15,2025-07-15,426.4,truck,1,0,0.3738,0.1135,0,1.55
2258,50,6,2023-07-16,2023-09-30,2023-10-04,20000.0,ship,1,1,0.6333,0.1476,1,87.22
2259,22,8,2025-01-16,2025-02-07,2025-02-07,2660.61,ship,1,0,0.4043,0.1904,0,2.14
2260,18,2,2024-08-04,2024-08-22,2024-08-23,2475.8,ship,5,2,0.2177,0.0465,1,21.6
2261,49,1,2024-08-07,2024-09-02,2024-09-02,14698.2,air,2,1,0.6162,0.0836,0,4.14
2262,27,11,2023-06-26,2023-07-18,2023-07-20,516.86,truck,3,2,0.5362,0.1179,1,56.44
2263,5,9,2025-01-27,2025-02-28,2025-03-03,1616.74,ship,5,0,0.5994,0.2606,1,71.05
2264,32,6,2025-05-14,2025-06-11,2025-06-14,1067.79,truck,2,1,0.6501,0.299,1,77.35
2265,9,13,2025-11-29,2025-12-18,2025-12-20,375.28,truck,1,2,0.3302,0.1382,1,43.36
2266,21,14,2024-01-28,2024-02-13,2024-02-15,1676.54,truck,5,1,0.3313,0.1211,1,56.09
2267,45,6,2024-09-27,2024-10-08,2024-10-09,958.89,truck,4,1,0.5172,0.1051,1,33.05
2268,12,3,2025-01-01,2025-02-01,2025-02-01,570.18,truck,1,1,0.5727,0.2771,0,2.05
2269,13,18,2023-04-09,2023-05-20,2023-05-21,9209.29,ship,5,1,0.5798,0.1757,1,35.84
2270,16,16,2023-01-29,2023-02-25,2023-02-25,722.04,truck,2,0,0.5827,0.3266,0,2.56
2271,34,17,2024-06-11,2024-06-18,2024-06-18,331.99,truck,1,1,0.3543,0.0399,0,3.68
2272,33,13,2023-06-12,2023-07-24,2023-07-26,10593.19,ship,3,0,0.63,0.1674,1,53.69
2273,6,12,2024-08-10,2024-09-07,2024-09-07,866.7,truck,3,1,0.2056,0.3463,0,3.91
2274,9,6,2023-08-23,2023-09-13,2023-09-17,697.14,truck,4,1,0.5665,0.1382,1,98.6
2275,40,6,2025-11-17,2025-12-12,2025-12-12,9071.55,air,2,0,0.4617,0.1206,0,4.98
2276,12,15,2025-03-20,2025-04-25,2025-04-25,460.39,truck,2,0,0.4826,0.2771,0,2.03
2277,38,17,2025-01-02,2025-01-19,2025-01-19,676.94,truck,1,0,0.3707,0.1178,0,2.83
2278,36,17,2023-05-07,2023-05-30,2023-05-30,616.65,truck,1,0,0.1297,0.0168,0,4.11
2279,3,8,2023-11-08,2023-12-06,2023-12-08,1669.7,truck,4,0,0.4771,0.2878,1,46.66
2280,6,16,2025-08-05,2025-09-03,2025-09-07,1065.18,truck,5,1,0.7253,0.3463,1,94.08
2281,38,6,2024-08-31,2024-09-20,2024-09-23,1753.86,ship,4,1,0.685,0.1178,1,81.58
2282,4,20,2024-09-08,2024-10-13,2024-10-14,1117.94,truck,1,0,0.5504,0.2301,1,19.45
2283,41,12,2024-02-11,2024-02-26,2024-02-27,605.65,truck,4,0,0.2687,0.5395,1,30.01
2284,23,15,2023-04-20,2023-05-14,2023-05-14,318.34,truck,1,1,0.7975,0.2281,0,3.14
2285,17,5,2023-09-03,2023-10-15,2023-10-15,565.27,truck,4,1,0.4866,0.1135,1,8.52
2286,28,8,2025-06-20,2025-07-09,2025-07-10,1501.22,ship,1,2,0.3997,0.183,1,30.36
2287,50,11,2025-10-27,2025-12-16,2025-12-22,10265.39,ship,5,0,0.5573,0.1476,1,150.9
2288,16,2,2024-05-24,2024-06-22,2024-06-23,4664.26,air,3,2,0.5042,0.3266,1,35.49
2289,29,6,2025-03-02,2025-03-23,2025-03-23,360.09,truck,2,0,0.4485,0.223,0,1.12
2290,10,14,2024-01-02,2024-01-25,2024-01-25,657.42,truck,3,0,0.451,0.335,0,1.52
2291,43,15,2024-06-20,2024-07-16,2024-07-21,931.16,truck,1,2,0.3838,0.1166,1,124.8
2292,38,15,2024-09-17,2024-10-01,2024-10-06,512.54,truck,4,1,0.7293,0.1178,1,112.68
2293,16,3,2023-01-27,2023-02-23,2023-02-23,6580.17,air,2,2,0.3653,0.3266,0,2.05
2294,43,10,2023-02-05,2023-02-28,2023-03-02,696.34,truck,2,0,0.5114,0.1166,1,40.93
2295,25,18,2025-02-13,2025-03-21,2025-03-23,5060.59,ship,4,0,0.6046,0.3294,1,53.76
2296,48,7,2024-11-24,2024-12-18,2024-12-19,3674.15,truck,2,2,0.1199,0.5295,1,24.26
2297,44,3,2023-01-04,2023-01-18,2023-01-20,744.62,truck,2,2,0.569,0.0719,1,48.43
2298,21,15,2025-09-10,2025-10-03,2025-10-04,3848.23,ship,3,1,0.6628,0.1211,1,15.97
2299,11,5,2025-11-25,2025-12-13,2025-12-13,2425.77,ship,1,0,0.575,0.163,0,2.31
2300,5,6,2024-12-02,2024-12-31,2025-01-03,303.08,truck,3,0,0.648,0.2606,1,76.07
2301,39,7,2023-06-13,2023-06-28,2023-06-28,4515.48,air,3,0,0.101,0.2906,0,2.27
2302,38,2,2024-03-12,2024-03-29,2024-03-29,4908.93,air,1,0,0.4106,0.1178,0,3.86
2303,16,18,2023-03-29,2023-06-24,2023-06-26,20000.0,ship,4,1,0.5546,0.3266,1,59.47
2304,49,6,2023-01-20,2023-02-06,2023-02-06,1714.23,air,2,0,0.5112,0.0836,0,1.08
2305,34,4,2023-01-05,2023-01-24,2023-01-24,3913.48,ship,5,0,0.6223,0.0399,0,2.74
2306,15,15,2024-05-15,2024-07-02,2024-07-02,6063.62,ship,3,1,0.4409,0.1012,0,1.39
2307,34,18,2023-03-14,2023-03-29,2023-03-29,2701.64,truck,1,0,0.8374,0.0399,0,2.0
2308,14,8,2024-05-18,2024-06-24,2024-06-29,3954.79,ship,4,1,0.6237,0.2082,1,109.91
2309,47,5,2025-05-12,2025-06-11,2025-06-11,448.65,truck,3,1,0.7883,0.1768,0,2.51
2310,9,5,2024-09-21,2024-10-12,2024-10-13,654.67,truck,2,1,0.591,0.1382,1,28.21
2311,30,3,2024-11-09,2024-11-29,2024-11-30,1521.72,truck,5,1,0.5369,0.3611,1,34.1
2312,2,10,2025-03-11,2025-05-05,2025-05-06,15596.29,ship,3,0,0.4861,0.3485,1,35.42
2313,19,17,2024-09-11,2024-10-28,2024-10-28,10921.61,ship,1,1,0.074,0.2562,0,1.46
2314,43,17,2023-07-31,2023-08-26,2023-08-26,1008.1,truck,5,2,0.1951,0.1166,0,1.84
2315,6,10,2024-02-20,2024-03-20,2024-03-20,1858.63,ship,2,0,0.4537,0.3463,0,1.03
2316,31,9,2025-04-07,2025-04-26,2025-05-03,427.69,truck,4,1,0.5752,0.2757,1,162.89
2317,23,20,2023-01-08,2023-02-24,2023-03-01,8154.28,ship,3,1,0.5337,0.2281,1,119.41
2318,2,12,2023-04-24,2023-05-28,2023-05-28,8806.44,ship,4,0,0.3497,0.3485,0,2.1
2319,45,4,2024-11-04,2024-11-21,2024-11-21,1016.25,truck,4,0,0.6489,0.1051,0,3.35
2320,10,10,2025-08-31,2025-09-23,2025-09-24,821.86,truck,3,1,0.3576,0.335,1,27.88
2321,26,13,2023-01-28,2023-02-19,2023-02-22,311.91,truck,5,1,0.2686,0.1577,1,75.47
2322,6,12,2025-01-03,2025-01-30,2025-02-06,1295.99,truck,5,0,0.238,0.3463,1,157.57
2323,16,4,2025-01-19,2025-02-22,2025-02-22,3145.99,ship,2,0,0.5286,0.3266,0,1.93
2324,9,15,2025-09-07,2025-10-05,2025-10-05,3539.32,ship,2,1,0.6009,0.1382,0,1.38
2325,33,1,2024-10-25,2024-11-08,2024-11-10,767.84,truck,1,0,0.529,0.1674,1,42.81
2326,7,18,2024-04-09,2024-05-20,2024-05-24,7356.63,ship,3,1,0.686,0.2727,1,99.9
2327,9,8,2024-10-11,2024-11-02,2024-11-02,6180.31,air,4,0,0.2086,0.1382,0,1.13
2328,18,8,2024-12-31,2025-01-11,2025-01-11,847.11,truck,2,1,0.1721,0.0465,0,2.62
2329,40,15,2023-10-11,2023-11-08,2023-11-09,2896.47,ship,4,0,0.4751,0.1206,1,12.87
2330,35,19,2025-06-21,2025-07-16,2025-07-16,2078.52,truck,1,0,0.2146,0.4038,0,1.94
2331,19,10,2023-05-12,2023-06-19,2023-06-22,7274.48,ship,2,1,0.6954,0.2562,1,71.19
2332,14,6,2023-06-17,2023-07-13,2023-07-16,578.33,truck,5,1,0.4031,0.2082,1,73.44
2333,28,11,2024-08-20,2024-09-04,2024-09-05,804.53,truck,1,1,0.651,0.183,1,20.2
2334,19,19,2025-04-20,2025-05-08,2025-05-08,1001.2,truck,2,1,0.1164,0.2562,0,1.51
2335,34,15,2025-06-02,2025-06-09,2025-06-10,403.81,truck,1,2,0.5976,0.0399,1,29.54
2336,7,5,2025-06-22,2025-07-14,2025-07-21,575.35,truck,4,1,0.5242,0.2727,1,176.71
2337,18,10,2025-05-07,2025-05-18,2025-05-18,793.02,truck,5,1,0.329,0.0465,0,1.17
2338,5,3,2025-08-04,2025-08-29,2025-08-30,313.45,truck,2,0,0.8425,0.2606,1,24.83
2339,36,5,2023-03-18,2023-05-17,2023-05-19,14507.91,ship,1,0,0.4336,0.0168,1,47.68
2340,20,13,2023-10-25,2023-11-24,2023-11-24,641.45,truck,5,1,0.4142,0.2853,0,3.26
2341,1,6,2023-01-09,2023-02-04,2023-02-05,618.68,truck,2,0,0.4501,0.2492,1,18.96
2342,24,18,2023-02-04,2023-03-11,2023-03-12,5326.12,ship,1,0,0.552,0.0437,1,12.99
2343,31,11,2024-09-23,2024-10-11,2024-10-11,756.77,truck,4,1,0.4165,0.2757,0,3.0
2344,37,19,2023-10-06,2023-11-06,2023-11-06,1816.54,truck,4,1,0.0644,0.1502,0,1.9
2345,9,8,2025-09-17,2025-10-06,2025-10-06,1358.66,truck,3,1,0.2625,0.1382,0,1.82
2346,9,17,2025-01-04,2025-01-26,2025-01-26,2161.25,truck,3,0,0.3994,0.1382,0,3.69
2347,33,2,2024-07-04,2024-07-18,2024-07-18,4300.99,air,3,2,0.1486,0.1674,0,1.63
2348,18,5,2023-07-29,2023-08-09,2023-08-09,2473.36,air,4,0,0.3506,0.0465,0,5.69
2349,23,2,2024-08-16,2024-09-07,2024-09-07,563.9,truck,1,1,0.1779,0.2281,0,2.7
2350,29,19,2024-05-03,2024-05-28,2024-05-28,2467.04,truck,2,0,0.2868,0.223,0,2.73
2351,23,8,2025-10-16,2025-11-12,2025-11-12,15808.92,air,3,0,0.3922,0.2281,0,1.52
2352,37,19,2024-03-25,2024-06-20,2024-06-20,20000.0,ship,5,1,0.2598,0.1502,0,3.61
2353,11,16,2024-07-25,2024-08-17,2024-08-17,3997.35,ship,2,1,0.349,0.163,0,2.75
2354,38,1,2024-08-13,2024-08-30,2024-08-31,1709.69,truck,2,1,0.757,0.1178,1,17.8
2355,5,5,2023-02-04,2023-03-11,2023-03-11,3737.39,ship,4,0,0.5226,0.2606,0,1.21
2356,42,5,2023-01-05,2023-01-24,2023-01-24,1345.76,truck,4,0,0.0331,0.2372,0,3.32
2357,9,10,2024-06-14,2024-07-08,2024-07-11,2831.09,ship,5,1,0.6328,0.1382,1,76.34
2358,45,4,2024-12-20,2025-01-06,2025-01-06,3270.44,air,3,0,0.5209,0.1051,0,2.46
2359,26,13,2024-08-18,2024-11-03,2024-11-03,20000.0,ship,1,0,0.595,0.1577,0,1.65
2360,28,17,2025-02-23,2025-03-11,2025-03-11,2600.57,air,2,0,0.2438,0.183,0,3.48
2361,40,2,2024-12-04,2024-12-23,2024-12-23,672.05,truck,1,0,0.1914,0.1206,0,1.75
2362,3,12,2023-01-03,2023-02-01,2023-02-01,11688.75,air,5,0,0.5333,0.2878,0,3.01
2363,29,4,2025-08-09,2025-09-12,2025-09-15,4674.37,ship,1,1,0.4799,0.223,1,65.67
2364,28,2,2025-07-30,2025-08-15,2025-08-17,1142.19,truck,4,2,0.6167,0.183,1,49.23
2365,3,3,2025-02-13,2025-03-18,2025-03-23,3417.53,ship,2,2,0.5344,0.2878,1,114.16
2366,5,6,2024-07-08,2024-08-03,2024-08-03,853.19,truck,2,1,0.4889,0.2606,0,3.77
2367,16,2,2023-01-20,2023-02-15,2023-02-15,1872.63,air,5,0,0.312,0.3266,0,2.78
2368,33,8,2025-06-13,2025-06-28,2025-06-30,667.45,truck,3,1,0.3222,0.1674,1,59.02
2369,27,7,2024-05-16,2024-06-14,2024-06-14,20000.0,air,1,0,0.1837,0.1179,0,1.55
2370,12,7,2024-11-10,2024-12-12,2024-12-12,705.1,truck,1,2,0.261,0.2771,0,2.31
2371,47,19,2024-07-11,2024-08-28,2024-09-02,8341.99,ship,1,1,0.0763,0.1768,1,118.22
2372,23,18,2025-03-15,2025-04-14,2025-04-19,2831.3,ship,2,0,0.6634,0.2281,1,130.67
2373,8,12,2023-10-03,2023-10-29,2023-11-03,2039.43,ship,5,1,0.3946,0.1094,1,129.25
2374,29,10,2024-08-11,2024-08-30,2024-09-02,479.11,truck,5,1,0.4747,0.223,1,69.87
2375,45,11,2024-04-26,2024-05-14,2024-05-14,1739.44,truck,3,1,0.3848,0.1051,0,2.55
2376,45,5,2025-02-23,2025-03-12,2025-03-13,2169.72,truck,5,0,0.429,0.1051,1,22.62
2377,31,15,2024-10-22,2024-11-11,2024-11-11,972.25,truck,5,0,0.5494,0.2757,0,1.67
2378,2,8,2023-06-21,2023-07-18,2023-07-22,6674.35,ship,4,2,0.3517,0.3485,1,101.85
2379,48,8,2023-09-28,2023-10-17,2023-10-17,925.6,truck,3,1,0.5472,0.5295,0,2.2
2380,14,5,2023-04-10,2023-05-14,2023-05-15,3123.83,ship,1,1,0.526,0.2082,1,19.61
2381,47,3,2024-10-10,2024-11-08,2024-11-09,2391.52,truck,3,1,0.5303,0.1768,1,25.47
2382,6,14,2025-07-01,2025-07-27,2025-07-31,458.16,truck,4,2,0.2349,0.3463,1,103.44
2383,39,12,2023-09-16,2023-10-09,2023-10-09,2373.91,truck,1,0,0.0835,0.2906,0,1.53
2384,36,6,2024-12-20,2025-01-11,2025-01-11,488.52,truck,3,0,0.4142,0.0168,0,3.01
2385,40,10,2023-05-30,2023-08-11,2023-08-14,18589.43,ship,4,1,0.5999,0.1206,1,81.97
2386,26,1,2023-04-01,2023-04-23,2023-04-26,309.68,truck,2,0,0.5474,0.1577,1,82.84
2387,44,1,2024-08-03,2024-09-17,2024-09-18,12548.19,ship,2,1,0.5278,0.0719,1,31.25
2388,19,11,2024-05-18,2024-06-07,2024-06-09,7926.66,air,3,1,0.4512,0.2562,1,41.48
2389,18,18,2023-05-09,2023-05-27,2023-05-29,2772.79,ship,5,0,0.5534,0.0465,1,54.65
2390,9,10,2023-10-08,2023-10-26,2023-10-26,1081.49,air,3,1,0.6254,0.1382,0,2.8
2391,4,20,2024-12-04,2025-01-15,2025-01-16,4029.36,ship,5,1,0.5382,0.2301,1,27.31
2392,41,9,2024-06-12,2024-07-27,2024-07-30,9308.33,ship,2,1,0.854,0.5395,1,80.33
2393,49,6,2025-02-10,2025-02-24,2025-02-24,601.23,truck,5,0,0.3765,0.0836,0,3.19
2394,36,13,2023-09-19,2023-10-14,2023-10-14,5952.68,air,2,0,0.6244,0.0168,0,2.24
2395,17,20,2024-09-23,2024-11-01,2024-11-01,447.72,truck,5,0,0.6365,0.1135,0,2.48
2396,7,10,2025-04-26,2025-05-16,2025-05-16,415.39,truck,1,1,0.5045,0.2727,0,3.55
2397,4,3,2023-12-25,2024-01-27,2024-01-28,810.32,truck,2,1,0.5054,0.2301,1,15.09
2398,24,15,2025-09-09,2025-09-29,2025-09-29,6782.39,air,3,1,0.6355,0.0437,0,1.41
2399,10,18,2025-11-25,2025-12-18,2025-12-18,1390.28,truck,1,0,0.7627,0.335,0,2.58
2400,40,12,2025-03-20,2025-04-20,2025-04-21,3938.77,ship,2,0,0.3835,0.1206,1,35.17
2401,8,1,2024-01-06,2024-01-30,2024-01-30,1129.72,truck,3,0,0.7451,0.1094,0,0.8
2402,4,3,2023-04-25,2023-05-24,2023-05-24,377.39,truck,4,0,0.5925,0.2301,0,2.03
2403,32,20,2023-06-23,2023-07-28,2023-07-29,2522.93,ship,1,0,0.5619,0.299,1,19.71
2404,33,9,2024-05-12,2024-06-29,2024-06-30,13773.16,ship,2,1,1.0,0.1674,1,33.39
2405,26,14,2023-10-15,2023-11-06,2023-11-06,835.01,truck,4,0,0.1781,0.1577,0,2.21
2406,32,11,2024-11-09,2024-12-07,2024-12-09,1389.49,truck,4,0,0.485,0.299,1,46.67
2407,41,12,2025-06-23,2025-07-14,2025-07-20,2286.98,truck,4,1,0.2865,0.5395,1,132.53
2408,24,15,2025-03-11,2025-05-25,2025-05-25,18181.61,ship,2,1,0.5176,0.0437,1,9.4
2409,17,19,2024-12-18,2025-02-09,2025-02-09,4077.83,ship,1,1,0.3872,0.1135,0,2.09
2410,28,6,2024-12-01,2025-01-07,2025-01-13,7760.35,ship,5,0,0.6897,0.183,1,151.91
2411,8,15,2025-11-13,2025-12-07,2025-12-07,2021.47,truck,5,0,0.3119,0.1094,0,1.41
2412,49,2,2023-10-20,2023-11-24,2023-11-27,6465.65,ship,3,0,0.3121,0.0836,1,73.84
2413,18,11,2023-12-01,2023-12-15,2023-12-17,2129.06,truck,5,0,0.3428,0.0465,1,56.76
2414,46,6,2024-02-10,2024-03-01,2024-03-01,606.37,truck,3,0,0.5068,0.0911,0,1.85
2415,13,6,2024-01-24,2024-02-14,2024-02-14,14182.56,air,5,0,0.6743,0.1757,0,2.28
2416,18,17,2023-04-02,2023-04-15,2023-04-15,1686.43,ship,3,1,0.5414,0.0465,0,2.68
2417,46,1,2025-03-19,2025-04-07,2025-04-07,855.75,truck,4,0,0.7251,0.0911,0,2.53
2418,21,16,2024-01-24,2024-02-06,2024-02-06,2561.43,air,5,0,0.7333,0.1211,0,3.12
2419,11,11,2023-03-05,2023-03-29,2023-03-29,2861.45,ship,2,0,0.3472,0.163,0,2.71
2420,2,2,2025-05-12,2025-05-25,2025-05-25,1030.94,truck,5,1,0.3711,0.3485,1,7.81
2421,32,6,2023-05-07,2023-06-03,2023-06-03,525.68,truck,2,1,0.3471,0.299,0,1.93
2422,16,2,2023-10-08,2023-11-02,2023-11-02,320.27,truck,2,1,0.3504,0.3266,0,5.36
2423,20,19,2023-04-02,2023-05-10,2023-05-12,2661.73,ship,5,0,0.2087,0.2853,1,54.46
2424,13,7,2024-06-28,2024-07-14,2024-07-14,1627.61,truck,3,0,0.3462,0.1757,0,2.26
2425,11,7,2025-11-13,2025-11-27,2025-11-29,1117.81,truck,5,1,0.2314,0.163,1,50.22
2426,50,8,2023-11-11,2023-12-28,2023-12-29,10635.51,ship,2,0,0.4874,0.1476,1,20.18
2427,7,17,2023-08-21,2023-09-12,2023-09-12,643.12,truck,1,0,0.4753,0.2727,0,2.73
2428,42,12,2024-04-18,2024-06-28,2024-06-28,20000.0,ship,4,1,0.0682,0.2372,0,2.95
2429,48,16,2023-08-28,2023-09-16,2023-09-20,1417.61,truck,2,2,0.7693,0.5295,1,95.13
2430,16,20,2024-10-16,2024-11-23,2024-11-23,4415.89,ship,1,1,0.5597,0.3266,1,11.9
2431,39,13,2025-02-21,2025-03-14,2025-03-20,352.32,truck,4,1,0.4185,0.2906,1,141.67
2432,17,18,2023-01-09,2023-02-24,2023-02-26,1696.79,ship,5,0,0.479,0.1135,1,40.38
2433,43,8,2023-10-11,2023-12-17,2023-12-17,14832.04,ship,4,1,0.1508,0.1166,0,2.3
2434,34,19,2024-07-29,2024-08-09,2024-08-09,934.21,truck,2,0,0.2892,0.0399,0,2.49
2435,33,7,2023-11-15,2023-12-01,2023-12-04,743.96,truck,5,1,0.3312,0.1674,1,60.72
2436,25,2,2025-01-30,2025-03-18,2025-03-22,8745.94,ship,4,0,0.5899,0.3294,1,107.92
2437,8,19,2023-09-22,2023-10-17,2023-10-17,2254.03,truck,5,0,0.37,0.1094,0,1.64
2438,49,14,2024-01-11,2024-01-28,2024-01-28,1498.45,truck,5,0,0.4109,0.0836,0,2.73
2439,35,4,2024-04-14,2024-05-12,2024-05-14,1441.51,truck,4,1,0.513,0.4038,1,47.31
2440,1,13,2023-08-09,2023-09-01,2023-09-01,506.05,truck,1,0,0.4548,0.2492,0,1.74
2441,30,15,2023-05-02,2023-05-24,2023-05-27,1571.52,ship,5,1,0.4612,0.3611,1,80.47
2442,37,20,2025-12-01,2026-01-01,2026-01-01,1743.42,truck,1,2,0.5734,0.1502,0,2.3
2443,29,5,2025-09-14,2025-10-13,2025-10-14,3012.22,ship,2,0,0.4634,0.223,1,18.55
2444,31,19,2024-04-17,2024-06-05,2024-06-06,11367.93,ship,2,0,0.3107,0.2757,1,15.8
2445,1,6,2025-09-04,2025-09-29,2025-09-29,1068.37,truck,3,0,0.7332,0.2492,0,1.28
2446,30,20,2024-06-29,2024-07-21,2024-07-21,1683.32,truck,1,0,0.4674,0.3611,0,1.74
2447,15,5,2024-04-20,2024-05-21,2024-05-21,1291.48,truck,3,0,0.5605,0.1012,0,2.01
2448,43,8,2023-09-08,2023-10-03,2023-10-03,836.78,truck,5,1,0.3731,0.1166,0,1.77
2449,48,18,2023-11-20,2023-12-08,2023-12-09,457.94,truck,3,0,0.5036,0.5295,1,23.8
2450,42,19,2025-05-17,2025-06-10,2025-06-12,3295.63,ship,4,0,0.3049,0.2372,1,39.84
2451,21,2,2024-05-14,2024-05-29,2024-06-01,412.2,truck,5,2,0.3927,0.1211,1,80.79
2452,11,3,2025-04-24,2025-05-09,2025-05-13,1295.5,truck,3,0,0.509,0.163,1,102.14
2453,49,15,2023-02-25,2023-03-12,2023-03-12,430.44,truck,3,0,0.2264,0.0836,0,2.05
2454,41,12,2023-06-13,2023-06-30,2023-07-02,394.84,truck,1,1,0.191,0.5395,1,41.89
2455,21,1,2023-11-21,2023-12-09,2023-12-09,3778.49,truck,1,0,0.7497,0.1211,0,2.26
2456,23,9,2024-07-23,2024-08-18,2024-08-20,8671.32,air,5,1,0.7966,0.2281,1,49.21
2457,33,1,2025-07-31,2025-08-14,2025-08-20,2537.81,air,4,1,0.6675,0.1674,1,135.54
2458,12,14,2025-03-27,2025-05-18,2025-05-19,6903.25,ship,2,0,0.3171,0.2771,1,15.4
2459,46,16,2024-12-16,2025-02-02,2025-02-02,11027.01,ship,4,0,0.6162,0.0911,0,2.3
2460,49,19,2024-01-20,2024-02-06,2024-02-06,6118.93,air,1,1,0.4065,0.0836,0,2.92
2461,13,20,2024-12-04,2024-12-16,2024-12-16,1020.19,truck,1,1,0.5382,0.1757,0,1.13
2462,27,3,2023-06-15,2023-07-18,2023-07-19,3773.4,ship,3,1,0.3314,0.1179,1,19.69
2463,17,10,2024-03-29,2024-05-11,2024-05-13,623.08,truck,5,1,0.3858,0.1135,1,43.29
2464,30,13,2024-09-24,2024-10-22,2024-10-23,4113.51,ship,1,0,0.3937,0.3611,1,28.26
2465,24,14,2023-04-10,2023-04-28,2023-04-28,829.8,truck,3,1,0.551,0.0437,0,2.11
2466,48,19,2025-02-14,2025-03-04,2025-03-04,351.81,truck,2,1,0.1762,0.5295,0,2.87
2467,29,18,2023-02-17,2023-04-01,2023-04-03,7336.41,ship,2,1,0.4661,0.223,1,36.81
2468,35,7,2024-03-26,2024-05-13,2024-05-14,8909.78,ship,3,1,0.3681,0.4038,1,25.9
2469,15,20,2024-07-18,2024-08-23,2024-08-23,1812.29,ship,5,1,0.4988,0.1012,0,1.79
2470,16,11,2025-02-16,2025-03-13,2025-03-14,582.8,truck,1,1,0.5208,0.3266,1,23.17
2471,2,1,2023-02-28,2023-03-17,2023-03-17,13132.32,air,3,0,0.4114,0.3485,0,1.54
2472,10,8,2024-12-10,2025-01-17,2025-01-18,6267.76,ship,4,0,0.429,0.335,1,24.81
2473,5,13,2023-04-02,2023-04-30,2023-05-01,1272.43,truck,1,1,0.5157,0.2606,1,12.9
2474,46,7,2023-08-29,2023-09-17,2023-09-17,2202.93,air,4,0,0.1249,0.0911,0,2.43
2475,22,15,2023-04-08,2023-04-24,2023-04-25,817.5,truck,2,1,0.6201,0.1904,1,18.77
2476,19,13,2025-08-27,2025-09-20,2025-09-20,3286.29,ship,4,0,0.4665,0.2562,0,3.84
2477,31,16,2024-07-28,2024-08-16,2024-08-18,335.06,truck,4,1,0.5063,0.2757,1,51.52
2478,27,20,2024-11-17,2024-12-10,2024-12-10,500.63,truck,5,0,0.6775,0.1179,0,1.82
2479,48,8,2024-04-20,2024-05-10,2024-05-10,602.57,truck,4,0,0.462,0.5295,0,1.31
2480,26,4,2025-10-04,2025-10-26,2025-10-26,790.69,truck,2,0,0.2797,0.1577,0,3.65
2481,8,1,2025-01-25,2025-02-25,2025-02-25,3553.82,ship,2,0,0.7706,0.1094,0,1.64
2482,24,1,2025-02-22,2025-04-08,2025-04-09,9668.99,ship,5,0,0.4684,0.0437,1,34.79
2483,42,3,2025-02-07,2025-03-06,2025-03-09,4613.92,ship,5,1,0.5559,0.2372,1,82.62
2484,34,10,2025-07-05,2025-07-13,2025-07-13,375.72,truck,1,1,0.3457,0.0399,0,1.95
2485,28,9,2023-09-12,2023-09-29,2023-10-05,1032.8,truck,5,0,0.9119,0.183,1,147.54
2486,17,16,2024-10-05,2024-11-13,2024-11-13,1121.69,truck,2,1,0.6965,0.1135,0,1.17
2487,47,15,2023-01-27,2023-02-23,2023-02-23,955.68,truck,2,0,0.5217,0.1768,0,1.96
2488,7,18,2025-10-14,2025-11-06,2025-11-07,1267.9,truck,3,1,0.5149,0.2727,1,34.49
2489,13,14,2024-07-24,2024-08-10,2024-08-12,609.38,truck,2,3,0.5378,0.1757,1,38.42
2490,6,20,2023-12-03,2024-01-02,2024-01-03,9974.91,air,3,2,0.4634,0.3463,1,20.58
2491,32,12,2025-05-23,2025-07-06,2025-07-08,6743.45,ship,4,2,0.3708,0.299,1,48.29
2492,35,19,2025-03-11,2025-04-06,2025-04-10,393.88,truck,5,2,0.3012,0.4038,1,89.39
2493,33,10,2023-12-08,2023-12-20,2023-12-27,419.56,truck,5,1,0.766,0.1674,1,166.5
2494,47,1,2025-09-17,2025-10-15,2025-10-16,733.66,truck,4,0,0.6302,0.1768,1,31.55
2495,40,15,2025-06-23,2025-07-16,2025-07-18,8733.8,air,2,2,0.5189,0.1206,1,48.98
2496,8,4,2024-02-07,2024-02-29,2024-02-29,868.64,truck,3,0,0.5628,0.1094,0,1.28
2497,20,5,2023-03-22,2023-05-01,2023-05-01,3256.79,ship,4,0,0.3498,0.2853,0,2.32
2498,6,17,2025-04-25,2025-05-23,2025-05-25,1214.62,truck,4,1,0.21,0.3463,1,47.87
2499,15,5,2024-12-22,2025-01-24,2025-01-24,918.17,truck,5,0,0.4617,0.1012,0,1.46
2500,14,1,2023-12-17,2024-01-14,2024-01-14,688.41,truck,1,0,0.5354,0.2082,0,4.54
2501,29,17,2025-06-10,2025-08-18,2025-08-22,16740.65,ship,5,2,0.3173,0.223,1,91.01
2502,19,13,2025-09-10,2025-10-01,2025-10-01,1622.18,ship,1,0,0.3346,0.2562,0,2.85
2503,27,16,2025-11-08,2025-12-13,2025-12-15,4873.31,ship,2,1,0.4488,0.1179,1,41.79
2504,41,10,2025-10-09,2025-10-26,2025-10-26,2321.65,air,2,1,0.3429,0.5395,0,1.76
2505,45,17,2025-03-03,2025-03-18,2025-03-18,952.81,truck,1,0,0.2722,0.1051,0,3.47
2506,37,6,2024-09-12,2024-10-11,2024-10-23,662.58,truck,4,1,0.4641,0.1502,1,282.91
2507,49,5,2023-10-23,2023-11-10,2023-11-13,1151.27,truck,2,1,0.6922,0.0836,1,68.98
2508,21,9,2025-07-31,2025-09-30,2025-10-04,17080.98,ship,4,2,0.7309,0.1211,1,102.74
2509,47,12,2023-06-10,2023-07-16,2023-07-21,3467.47,ship,3,2,0.2068,0.1768,1,109.49
2510,26,16,2024-05-25,2024-06-17,2024-06-19,574.59,truck,3,1,0.546,0.1577,1,45.36
2511,38,10,2024-05-10,2024-05-27,2024-05-31,675.58,truck,5,1,0.5168,0.1178,1,92.21
2512,48,8,2025-11-14,2025-11-30,2025-12-04,332.03,truck,4,0,0.5995,0.5295,1,85.5
2513,38,16,2024-08-23,2024-10-21,2024-11-01,14527.33,ship,5,1,0.6787,0.1178,1,270.11
2514,31,5,2024-10-24,2024-11-12,2024-11-12,4697.05,air,4,0,0.3943,0.2757,0,1.61
2515,14,15,2024-03-31,2024-04-27,2024-04-30,1125.18,air,3,0,0.3648,0.2082,1,68.72
2516,19,5,2024-05-30,2024-06-19,2024-06-21,1268.29,truck,4,1,0.5208,0.2562,1,49.92
2517,15,11,2025-05-08,2025-07-01,2025-07-02,7931.57,ship,5,1,0.2478,0.1012,1,26.73
2518,26,6,2023-12-04,2024-02-18,2024-02-20,18275.59,ship,2,0,0.4571,0.1577,1,44.72
2519,30,11,2025-08-08,2025-08-27,2025-08-27,1167.56,truck,3,1,0.318,0.3611,0,2.72
2520,44,5,2024-04-24,2024-05-06,2024-05-06,2756.04,air,3,0,0.4156,0.0719,0,2.55
2521,3,8,2023-10-02,2023-11-02,2023-11-02,2208.84,ship,1,1,0.4318,0.2878,0,5.54
2522,10,2,2023-08-09,2023-09-05,2023-09-05,1604.8,truck,2,1,0.2735,0.335,0,1.38
2523,46,15,2024-10-12,2024-10-31,2024-11-02,873.27,truck,2,1,0.4935,0.0911,1,54.23
2524,22,14,2023-03-16,2023-04-01,2023-04-01,815.09,truck,5,0,0.4284,0.1904,0,2.56
2525,44,5,2025-02-08,2025-03-10,2025-03-11,6027.24,ship,1,1,0.463,0.0719,1,25.18
2526,23,9,2024-10-24,2024-11-17,2024-11-17,682.14,truck,1,1,0.7916,0.2281,0,2.85
2527,25,4,2024-08-30,2024-09-25,2024-10-01,475.46,truck,2,2,0.6312,0.3294,1,138.05
2528,6,18,2023-07-21,2023-08-18,2023-08-18,844.28,truck,1,1,0.5139,0.3463,0,2.47
2529,30,6,2023-04-01,2023-04-17,2023-04-18,560.09,truck,1,0,0.5966,0.3611,1,21.76
2530,44,12,2023-03-14,2023-04-08,2023-04-15,4677.58,ship,5,0,0.2263,0.0719,1,164.31
2531,33,2,2023-05-16,2023-06-01,2023-06-03,2438.66,truck,3,1,0.4361,0.1674,1,49.08
2532,25,7,2025-05-09,2025-05-30,2025-05-30,360.45,truck,2,0,0.2261,0.3294,0,1.29
2533,35,9,2024-06-01,2024-06-25,2024-06-28,637.51,truck,2,2,0.6554,0.4038,1,69.28
2534,11,20,2023-05-27,2023-06-13,2023-06-13,888.16,truck,3,0,0.661,0.163,0,2.91
2535,16,8,2023-09-19,2023-10-17,2023-10-17,1024.55,truck,2,0,0.182,0.3266,0,3.14
2536,25,16,2023-08-20,2023-09-12,2023-09-17,946.82,truck,4,2,0.379,0.3294,1,112.28
2537,1,1,2024-05-27,2024-06-18,2024-06-20,789.01,truck,2,1,0.6913,0.2492,1,49.54
2538,4,6,2023-08-05,2023-09-08,2023-09-10,2010.08,truck,5,1,0.4578,0.2301,1,51.85
2539,40,18,2025-01-10,2025-02-01,2025-02-01,532.22,truck,1,0,0.7425,0.1206,0,2.21
2540,12,6,2025-05-06,2025-06-14,2025-06-17,2390.79,ship,5,1,0.5449,0.2771,1,72.27
2541,34,7,2023-04-24,2023-05-07,2023-05-07,967.92,truck,3,1,0.2156,0.0399,0,2.67
2542,2,20,2023-02-19,2023-03-02,2023-03-04,795.84,truck,1,1,0.4739,0.3485,1,41.34
2543,13,9,2023-05-14,2023-06-02,2023-06-05,2189.7,ship,5,1,0.7362,0.1757,1,72.52
2544,4,2,2025-08-21,2025-10-05,2025-10-09,4638.36,ship,4,1,0.4075,0.2301,1,93.36
2545,21,15,2024-09-27,2024-10-19,2024-10-21,2771.76,ship,4,0,0.5251,0.1211,1,50.21
2546,25,16,2025-10-04,2025-11-07,2025-11-08,16908.16,air,5,0,0.4184,0.3294,1,14.08
2547,6,8,2023-06-09,2023-07-06,2023-07-09,821.69,truck,4,2,0.4141,0.3463,1,66.67
2548,40,3,2024-04-14,2024-05-05,2024-05-08,322.65,truck,5,1,0.574,0.1206,1,80.85
2549,9,12,2023-07-14,2023-08-04,2023-08-04,2643.51,air,5,1,0.1324,0.1382,0,1.97
2550,14,18,2023-11-21,2023-12-19,2023-12-21,871.53,truck,3,0,0.5697,0.2082,1,40.73
2551,44,2,2023-08-05,2023-08-18,2023-08-18,1578.61,air,3,1,0.3314,0.0719,0,1.57
2552,37,13,2024-12-24,2025-01-29,2025-01-30,2981.6,ship,4,2,0.6046,0.1502,1,27.08
2553,50,20,2024-10-21,2024-11-10,2024-11-10,310.27,truck,4,1,0.5329,0.1476,0,1.86
2554,15,7,2025-08-11,2025-09-19,2025-09-19,2851.9,ship,4,0,0.1226,0.1012,0,2.92
2555,3,6,2023-11-07,2023-12-01,2023-12-02,328.52,truck,5,0,0.3397,0.2878,1,12.75
2556,37,2,2023-07-08,2023-09-05,2023-09-06,10320.39,ship,4,1,0.4505,0.1502,1,32.48
2557,27,20,2023-05-04,2023-05-26,2023-05-28,6670.62,air,4,0,0.6008,0.1179,1,38.42
2558,42,6,2023-11-09,2023-12-19,2023-12-19,9382.25,ship,3,0,0.471,0.2372,0,2.33
2559,48,4,2023-07-30,2023-08-19,2023-08-19,834.5,truck,1,1,0.4588,0.5295,0,2.96
2560,3,4,2023-07-09,2023-08-04,2023-08-06,757.13,truck,1,1,0.2915,0.2878,1,57.23
2561,40,14,2023-04-01,2023-04-22,2023-04-22,344.04,truck,1,0,0.2437,0.1206,0,1.83
2562,39,2,2023-06-23,2023-07-15,2023-07-15,2067.26,truck,2,1,0.4155,0.2906,0,2.65
2563,26,13,2025-08-15,2025-09-12,2025-09-13,3155.51,ship,2,0,0.3559,0.1577,1,20.89
2564,41,15,2024-01-15,2024-01-30,2024-01-30,552.91,truck,3,0,0.3516,0.5395,0,1.74
2565,47,7,2024-11-19,2024-12-17,2024-12-19,726.67,truck,2,2,0.2558,0.1768,1,57.9
2566,45,16,2023-06-12,2023-08-01,2023-08-04,12757.8,ship,4,1,0.7079,0.1051,1,62.13
2567,28,13,2023-12-19,2024-01-05,2024-01-08,775.86,truck,2,1,0.2454,0.183,1,75.5
2568,10,2,2025-08-02,2025-08-25,2025-08-31,619.4,truck,4,2,0.5128,0.335,1,149.94
2569,50,8,2025-09-30,2025-10-18,2025-10-18,1809.25,air,1,0,0.4409,0.1476,0,1.75
2570,43,3,2025-09-30,2025-10-25,2025-10-29,475.74,truck,1,0,0.4176,0.1166,1,104.4
2571,11,2,2024-10-17,2024-11-04,2024-11-05,1970.15,truck,5,1,0.216,0.163,1,19.11
2572,12,4,2024-03-15,2024-04-15,2024-04-15,2651.44,air,5,1,0.6385,0.2771,0,1.29
2573,1,18,2023-09-28,2023-10-20,2023-10-21,509.09,truck,5,1,0.6025,0.2492,1,25.1
2574,30,12,2024-11-06,2024-12-08,2024-12-12,5293.47,ship,4,0,0.4977,0.3611,1,87.12
2575,14,3,2024-01-31,2024-03-10,2024-03-12,5015.62,ship,3,1,0.4593,0.2082,1,49.43
2576,9,6,2025-01-31,2025-02-17,2025-02-17,324.52,truck,2,1,0.3999,0.1382,0,2.11
2577,40,4,2023-11-05,2023-11-27,2023-11-29,463.43,truck,3,1,0.8292,0.1206,1,59.65
2578,37,11,2025-01-21,2025-03-07,2025-03-08,5744.0,ship,1,0,0.6741,0.1502,1,13.2
2579,4,13,2025-01-09,2025-03-23,2025-03-30,14808.0,ship,1,2,0.2946,0.2301,1,163.19
2580,13,20,2024-12-24,2025-01-10,2025-01-15,2031.99,truck,1,2,0.6053,0.1757,1,123.54
2581,39,16,2023-03-25,2023-04-14,2023-04-14,1871.19,truck,4,0,0.5902,0.2906,1,9.49
2582,8,7,2023-12-30,2024-01-23,2024-01-26,506.46,truck,3,1,0.2446,0.1094,1,68.85
2583,31,5,2025-10-21,2025-11-09,2025-11-09,724.08,truck,4,0,0.4003,0.2757,0,1.97
2584,24,3,2024-04-08,2024-04-26,2024-04-28,1840.05,truck,4,0,0.6231,0.0437,1,48.58
2585,24,3,2023-06-07,2023-07-01,2023-07-01,5593.33,air,3,0,0.4891,0.0437,0,2.25
2586,9,1,2023-03-13,2023-05-05,2023-05-05,12922.72,ship,3,0,0.4477,0.1382,0,2.71
2587,36,9,2025-07-15,2025-08-05,2025-08-14,1038.55,truck,4,2,0.8618,0.0168,1,220.83
2588,2,9,2024-02-22,2024-03-05,2024-03-06,818.59,truck,3,0,0.7532,0.3485,1,26.38
2589,14,4,2023-11-29,2024-01-27,2024-01-28,11624.24,ship,1,0,0.6477,0.2082,1,24.09
2590,26,10,2023-11-28,2023-12-21,2023-12-24,442.35,truck,3,0,0.4291,0.1577,1,61.93
2591,46,3,2024-02-13,2024-03-04,2024-03-08,1517.15,truck,5,1,0.3368,0.0911,1,94.67
2592,39,4,2024-10-06,2024-11-06,2024-11-06,4042.44,ship,2,0,0.4105,0.2906,0,2.37
2593,20,17,2023-12-05,2024-01-17,2024-01-17,4231.23,ship,4,0,0.3099,0.2853,0,3.58
2594,35,10,2025-07-31,2025-08-28,2025-09-01,555.35,truck,4,1,0.4604,0.4038,1,99.42
2595,1,6,2023-05-23,2023-06-17,2023-06-17,1703.93,truck,3,1,0.3806,0.2492,0,2.6
2596,14,17,2023-10-31,2023-11-29,2023-11-30,1803.87,ship,3,1,0.3827,0.2082,1,22.51
2597,4,20,2025-06-21,2025-07-22,2025-07-22,1819.22,truck,4,0,0.6274,0.2301,0,4.36
2598,14,8,2024-09-18,2024-10-17,2024-10-18,557.98,truck,3,1,0.604,0.2082,1,14.43
2599,3,4,2024-08-28,2024-11-14,2024-11-16,19186.44,ship,1,1,0.5062,0.2878,1,36.54
2600,32,13,2025-10-25,2025-12-16,2025-12-18,9498.68,ship,4,1,0.5255,0.299,1,44.47
2601,29,3,2025-02-18,2025-03-30,2025-03-31,6720.15,ship,4,1,0.5935,0.223,1,29.79
2602,39,13,2024-05-22,2024-06-10,2024-06-10,381.05,truck,3,1,0.5383,0.2906,0,1.3
2603,21,3,2025-05-04,2025-05-19,2025-05-19,1058.19,truck,1,1,0.505,0.1211,0,1.99
2604,44,9,2024-03-02,2024-03-20,2024-03-20,2245.09,truck,5,0,0.7163,0.0719,0,1.43
2605,29,17,2025-01-01,2025-01-22,2025-01-22,515.81,truck,4,0,0.3477,0.223,0,3.32
2606,17,6,2024-08-12,2024-10-02,2024-10-06,4455.51,ship,3,2,0.5326,0.1135,1,92.44
2607,21,7,2023-04-15,2023-04-30,2023-05-02,1336.81,truck,3,2,0.1801,0.1211,1,43.48
2608,19,14,2025-08-24,2025-09-11,2025-09-11,2736.92,air,4,2,0.4352,0.2562,0,2.44
2609,49,11,2024-10-08,2024-10-24,2024-10-24,711.17,truck,4,0,0.5491,0.0836,1,10.57
2610,10,7,2023-03-11,2023-04-04,2023-04-05,490.17,truck,3,0,0.2335,0.335,1,20.64
2611,39,7,2023-10-01,2023-11-10,2023-11-11,7352.94,ship,3,1,0.2513,0.2906,1,35.0
2612,45,18,2024-08-16,2024-09-02,2024-09-03,1247.16,truck,4,1,0.8026,0.1051,1,25.1
2613,7,4,2024-10-08,2024-11-07,2024-11-07,15726.18,air,3,0,0.5058,0.2727,0,2.83
2614,27,13,2023-10-19,2023-12-10,2023-12-14,10342.05,ship,5,1,0.4811,0.1179,1,107.26
2615,36,9,2023-03-07,2023-04-02,2023-04-05,2259.81,truck,5,0,0.8008,0.0168,1,61.14
2616,26,1,2025-08-19,2025-09-13,2025-09-13,1767.95,truck,4,1,0.5691,0.1577,0,2.81
2617,10,9,2024-10-03,2024-11-03,2024-11-05,4065.72,ship,4,1,0.5804,0.335,1,48.8
2618,31,2,2023-07-16,2023-08-05,2023-08-05,2276.85,truck,2,0,0.464,0.2757,0,3.01
2619,40,13,2025-05-02,2025-05-22,2025-05-22,614.79,truck,1,0,0.7185,0.1206,0,2.4
2620,37,6,2024-01-18,2024-02-18,2024-02-19,916.08,truck,4,0,0.6319,0.1502,1,30.11
2621,47,6,2023-07-05,2023-08-08,2023-08-12,3040.16,ship,5,1,0.5413,0.1768,1,88.44
2622,39,9,2023-07-20,2023-08-22,2023-08-24,4577.51,ship,3,1,0.7304,0.2906,1,55.72
2623,21,19,2023-06-27,2023-07-10,2023-07-10,332.86,truck,1,0,0.5796,0.1211,0,2.87
2624,44,5,2023-10-12,2023-10-24,2023-10-24,499.23,truck,3,0,0.3664,0.0719,0,4.97
2625,27,13,2023-04-14,2023-05-12,2023-05-21,3530.09,ship,5,1,0.5925,0.1179,1,220.94
2626,5,19,2025-10-18,2025-11-12,2025-11-12,336.17,truck,3,1,0.4075,0.2606,0,2.24
2627,48,1,2023-01-01,2023-01-22,2023-01-22,4870.31,air,3,0,0.1928,0.5295,0,2.89
2628,48,3,2023-04-01,2023-04-21,2023-04-23,772.84,truck,3,1,0.3349,0.5295,1,51.13
2629,1,2,2023-09-23,2023-10-19,2023-10-19,1460.78,truck,3,1,0.4732,0.2492,0,1.7
2630,7,12,2024-08-25,2024-09-16,2024-09-19,610.66,truck,5,2,0.3541,0.2727,1,71.04
2631,36,8,2024-03-17,2024-04-10,2024-04-10,979.22,truck,1,0,0.2582,0.0168,0,5.59
2632,18,15,2023-01-07,2023-01-19,2023-01-21,954.05,truck,5,0,0.5165,0.0465,1,44.85
2633,33,1,2024-02-18,2024-03-02,2024-03-07,917.34,truck,4,0,0.3644,0.1674,1,112.15
2634,12,9,2024-04-13,2024-05-15,2024-05-16,1149.92,truck,1,1,0.9817,0.2771,1,19.02
2635,13,20,2025-03-15,2025-05-02,2025-05-02,12199.12,ship,1,0,0.4372,0.1757,0,1.89
2636,16,14,2023-08-18,2023-09-14,2023-09-14,421.6,truck,3,1,0.2441,0.3266,0,2.4
2637,2,13,2024-07-11,2024-08-28,2024-08-31,13202.14,ship,4,0,0.42,0.3485,1,73.07
2638,7,16,2025-07-16,2025-08-07,2025-08-08,566.43,truck,3,1,0.6309,0.2727,1,30.62
2639,33,2,2025-11-01,2025-11-26,2025-11-26,3593.54,ship,3,0,0.3324,0.1674,0,4.89
2640,2,3,2023-07-05,2023-08-04,2023-08-05,6979.34,ship,4,0,0.4304,0.3485,1,25.9
2641,28,12,2024-03-13,2024-03-30,2024-03-30,1001.31,truck,3,0,0.2047,0.183,0,1.37
2642,30,7,2024-03-24,2024-05-12,2024-05-14,12183.32,ship,5,0,0.3237,0.3611,1,57.04
2643,6,14,2025-09-08,2025-10-07,2025-10-07,1807.76,truck,3,1,0.1782,0.3463,0,1.81
2644,12,8,2025-08-19,2025-09-19,2025-09-19,437.22,truck,1,1,0.3792,0.2771,0,2.25
2645,15,14,2025-05-07,2025-06-08,2025-06-10,5540.08,air,3,1,0.546,0.1012,1,53.43
2646,4,13,2024-04-27,2024-05-26,2024-06-16,313.39,truck,2,1,0.3853,0.2301,1,500.0
2647,22,13,2024-04-26,2024-05-13,2024-05-16,2013.2,truck,1,1,0.3314,0.1904,1,79.4
2648,34,13,2025-03-07,2025-03-19,2025-03-24,410.07,truck,4,2,0.4535,0.0399,1,127.77
2649,37,14,2023-10-07,2023-11-27,2023-11-27,6972.22,ship,4,1,0.3721,0.1502,0,2.73
2650,6,1,2023-09-30,2023-10-25,2023-10-25,1295.39,air,5,0,0.6887,0.3463,0,2.4
2651,33,16,2024-02-25,2024-03-08,2024-03-08,478.78,truck,2,0,0.5853,0.1674,0,2.41
2652,44,18,2025-03-28,2025-06-04,2025-06-06,20000.0,ship,1,1,0.6568,0.0719,1,55.04
2653,11,8,2023-01-16,2023-02-04,2023-02-04,2098.04,truck,4,0,0.3654,0.163,0,2.53
2654,47,3,2024-10-29,2024-12-10,2024-12-10,6226.81,ship,1,1,0.5521,0.1768,0,1.96
2655,28,15,2023-03-20,2023-04-10,2023-04-10,10502.93,air,5,1,0.5333,0.183,0,4.23
2656,26,15,2024-07-06,2024-07-28,2024-07-31,516.73,truck,1,2,0.478,0.1577,1,70.98
2657,44,7,2023-06-13,2023-07-30,2023-07-31,12190.69,ship,4,0,0.101,0.0719,1,16.21
2658,3,3,2024-04-26,2024-05-21,2024-05-21,1215.04,truck,2,1,0.8008,0.2878,0,1.4
2659,47,12,2024-08-24,2024-09-21,2024-09-21,311.19,truck,1,2,0.3498,0.1768,0,2.1
2660,34,5,2025-01-30,2025-02-08,2025-02-08,672.12,truck,1,0,0.4597,0.0399,0,3.5
2661,1,16,2025-02-05,2025-03-01,2025-03-02,1292.18,truck,5,1,0.833,0.2492,1,29.86
2662,47,20,2023-04-07,2023-05-05,2023-05-10,1159.38,truck,2,1,0.463,0.1768,1,130.1
2663,4,17,2023-01-05,2023-02-13,2023-02-13,2694.67,ship,5,0,0.5398,0.2301,0,3.53
2664,1,10,2023-10-26,2023-11-18,2023-11-18,325.93,truck,3,0,0.3134,0.2492,0,2.32
2665,38,1,2024-09-03,2024-10-14,2024-10-16,9833.67,ship,3,1,0.6294,0.1178,1,57.8
2666,22,13,2023-10-28,2023-11-22,2023-11-22,4085.85,ship,1,1,0.321,0.1904,0,2.47
2667,45,15,2024-09-12,2024-11-10,2024-11-11,16383.64,ship,2,0,0.6196,0.1051,1,30.16
2668,5,14,2024-01-02,2024-02-08,2024-02-09,2569.53,ship,2,0,0.451,0.2606,1,33.3
2669,44,12,2025-10-24,2025-11-05,2025-11-05,7757.3,air,2,0,0.3725,0.0719,0,2.23
2670,2,1,2025-06-26,2025-07-12,2025-07-14,2589.89,ship,5,2,0.59,0.3485,1,57.86
2671,47,2,2023-11-18,2023-12-15,2023-12-15,1278.3,truck,2,0,0.253,0.1768,0,1.39
2672,49,20,2024-12-03,2024-12-18,2024-12-18,1016.37,air,2,1,0.5865,0.0836,0,2.11
2673,29,12,2023-05-29,2023-06-19,2023-06-19,1188.68,truck,1,1,0.308,0.223,0,0.75
2674,34,3,2025-10-30,2025-11-10,2025-11-10,396.17,truck,4,0,0.53,0.0399,0,1.71
2675,40,7,2024-12-17,2025-01-07,2025-01-08,796.76,truck,2,1,0.4118,0.1206,1,30.49
2676,2,15,2023-10-10,2023-10-26,2023-10-26,2512.26,truck,4,0,0.5668,0.3485,0,1.4
2677,8,2,2025-01-28,2025-02-22,2025-02-23,14756.31,air,1,0,0.5047,0.1094,1,15.46
2678,7,14,2025-10-05,2025-11-03,2025-11-07,3395.61,ship,3,0,0.2725,0.2727,1,87.42
2679,19,3,2025-03-07,2025-03-25,2025-03-27,1269.67,truck,3,1,0.8601,0.2562,1,49.73
2680,11,7,2023-11-23,2023-12-11,2023-12-11,1220.27,truck,1,1,0.1944,0.163,0,1.96
2681,19,20,2024-04-26,2024-05-17,2024-05-18,6011.12,air,5,0,0.5901,0.2562,1,17.22
2682,22,20,2023-10-07,2023-10-23,2023-10-24,3818.29,air,3,1,0.6055,0.1904,1,22.93
2683,9,14,2024-02-28,2024-03-19,2024-03-20,301.42,truck,5,0,0.3566,0.1382,1,24.1
2684,13,4,2024-03-23,2024-04-04,2024-04-04,331.45,truck,3,0,0.4624,0.1757,0,4.08
2685,29,6,2025-04-22,2025-05-14,2025-05-15,329.42,truck,2,1,0.6521,0.223,1,12.78
2686,17,14,2023-10-07,2023-11-17,2023-11-22,375.54,truck,5,1,0.3721,0.1135,1,112.36
2687,36,15,2024-03-29,2024-04-20,2024-04-23,536.38,truck,3,1,0.5368,0.0168,1,82.57
2688,18,1,2024-11-29,2024-12-10,2024-12-10,615.54,truck,2,0,0.7325,0.0465,0,3.25
2689,48,2,2025-05-01,2025-05-19,2025-05-20,574.2,truck,4,2,0.6385,0.5295,1,32.83
2690,44,8,2024-02-08,2024-02-21,2024-02-21,497.49,truck,4,0,0.3936,0.0719,0,3.34
2691,37,9,2023-10-19,2023-11-22,2023-11-22,2250.4,truck,1,0,0.3938,0.1502,0,5.18
2692,28,17,2025-02-27,2025-03-19,2025-03-21,2542.09,truck,3,0,0.173,0.183,1,38.32
2693,48,20,2025-07-04,2025-07-21,2025-07-21,748.65,truck,1,0,0.5442,0.5295,0,3.09
2694,15,17,2024-04-09,2024-05-10,2024-05-10,1219.66,truck,4,1,0.4278,0.1012,0,1.46
2695,10,9,2024-11-05,2024-12-03,2024-12-04,2546.13,ship,2,0,0.6493,0.335,1,34.57
2696,22,18,2025-06-23,2025-07-12,2025-07-17,1937.25,truck,2,1,0.6566,0.1904,1,109.04
2697,47,3,2025-11-15,2025-12-23,2025-12-23,3637.82,ship,5,1,0.4022,0.1768,0,2.2
2698,31,6,2024-11-05,2024-12-20,2024-12-21,9948.58,ship,5,0,0.4457,0.2757,1,35.82
2699,3,9,2024-12-03,2025-01-05,2025-01-11,4149.59,ship,4,0,0.4763,0.2878,1,138.81
2700,1,3,2023-04-04,2023-04-27,2023-04-27,5920.03,air,3,0,0.4677,0.2492,0,2.23
2701,35,20,2023-07-30,2023-08-29,2023-08-29,2824.32,ship,1,0,0.5593,0.4038,0,2.77
2702,22,1,2023-02-08,2023-02-28,2023-02-28,2681.48,truck,1,0,0.6164,0.1904,0,2.23
2703,4,3,2023-11-20,2023-12-21,2023-12-23,683.17,truck,2,2,0.4766,0.2301,1,59.76
2704,4,7,2023-12-22,2024-01-23,2024-01-24,347.46,truck,3,1,0.3848,0.2301,1,31.35
2705,6,3,2023-05-20,2023-06-15,2023-06-15,590.99,truck,3,0,0.7225,0.3463,0,2.04
2706,23,6,2023-04-23,2023-05-16,2023-05-20,308.53,truck,2,1,0.6183,0.2281,1,85.19
2707,26,19,2023-09-14,2023-10-09,2023-10-09,10517.3,air,2,0,0.4845,0.1577,0,3.12
2708,36,6,2025-07-02,2025-07-23,2025-07-23,426.73,truck,3,1,0.2389,0.0168,0,3.52
2709,7,5,2024-03-21,2024-04-13,2024-04-16,727.42,truck,5,1,0.4025,0.2727,1,75.05
2710,50,1,2024-12-22,2025-01-11,2025-01-11,354.07,truck,1,0,0.6966,0.1476,0,1.55
2711,36,5,2025-03-02,2025-03-24,2025-03-24,1432.35,truck,3,0,0.6838,0.0168,0,1.88
2712,45,11,2023-12-17,2024-01-02,2024-01-02,1187.22,truck,1,0,0.407,0.1051,0,2.05
2713,39,9,2025-09-17,2025-11-30,2025-12-03,20000.0,ship,2,1,0.7119,0.2906,1,66.92
2714,20,1,2024-12-14,2025-01-13,2025-01-13,423.22,truck,4,0,0.596,0.2853,0,2.04
2715,13,14,2024-07-29,2024-08-09,2024-08-09,1007.67,truck,3,2,0.5132,0.1757,0,2.81
2716,1,9,2025-07-23,2025-08-14,2025-08-19,742.6,truck,1,1,0.7328,0.2492,1,117.07
2717,7,8,2023-11-25,2024-01-01,2024-01-04,4996.03,ship,5,0,0.3311,0.2727,1,75.02
2718,42,2,2024-01-11,2024-01-23,2024-01-23,1528.07,truck,3,0,0.5796,0.2372,1,9.3
2719,3,13,2023-02-14,2023-03-13,2023-03-13,718.41,truck,2,1,0.3851,0.2878,0,1.45
2720,13,2,2025-03-14,2025-03-31,2025-04-01,492.52,truck,4,0,0.2494,0.1757,1,21.69
2721,21,6,2023-07-12,2023-08-11,2023-08-13,5953.37,ship,2,1,0.832,0.1211,1,59.77
2722,31,19,2023-09-04,2023-09-26,2023-09-26,1099.77,truck,5,0,0.3584,0.2757,0,1.8
2723,18,19,2023-03-17,2023-03-29,2023-03-31,1551.0,ship,5,1,0.3571,0.0465,1,50.94
2724,15,15,2024-07-30,2024-09-05,2024-09-07,3178.51,ship,4,1,0.3458,0.1012,1,48.7
2725,4,13,2023-08-23,2023-10-07,2023-10-08,4855.4,ship,3,0,0.356,0.2301,1,32.41
2726,26,13,2024-02-01,2024-02-23,2024-02-23,5571.72,air,2,1,0.4705,0.1577,0,2.61
2727,34,12,2025-01-11,2025-02-07,2025-02-08,7285.72,ship,5,0,0.5171,0.0399,1,22.57
2728,13,11,2024-07-07,2024-07-26,2024-07-26,5140.07,air,5,1,0.4166,0.1757,0,1.73
2729,19,5,2024-04-16,2024-05-10,2024-05-13,2667.93,ship,2,1,0.5205,0.2562,1,64.15
2730,43,20,2023-03-31,2023-05-25,2023-05-25,10888.96,ship,4,1,0.6172,0.1166,0,2.32
2731,9,10,2025-10-06,2025-11-15,2025-11-22,7577.5,ship,4,0,0.3836,0.1382,1,178.39
2732,46,19,2025-08-17,2025-09-08,2025-09-08,1767.43,truck,3,0,0.2253,0.0911,0,2.25
2733,9,15,2024-01-11,2024-02-01,2024-02-01,988.52,truck,5,0,0.4278,0.1382,0,2.37
2734,50,9,2025-06-30,2025-08-23,2025-08-26,12425.01,ship,4,1,0.8088,0.1476,1,60.65
2735,15,13,2024-07-26,2024-08-30,2024-08-30,2916.0,ship,4,0,0.502,0.1012,0,1.71
2736,30,5,2024-06-14,2024-07-05,2024-07-08,1572.31,truck,5,1,0.5702,0.3611,1,77.15
2737,38,18,2025-03-08,2025-03-23,2025-03-23,653.91,truck,3,0,0.5995,0.1178,0,1.64
2738,6,15,2023-07-26,2023-08-25,2023-08-26,1973.4,ship,1,1,0.5644,0.3463,1,35.39
2739,37,9,2025-06-21,2025-08-07,2025-08-07,5959.09,ship,3,1,0.6052,0.1502,1,8.62
2740,12,18,2023-02-24,2023-04-16,2023-04-16,7095.07,ship,1,0,0.6325,0.2771,0,3.65
2741,29,12,2024-12-07,2024-12-29,2024-12-29,1798.09,truck,4,0,0.3548,0.223,0,4.34
2742,20,3,2024-10-29,2024-12-06,2024-12-06,2666.65,ship,5,1,0.5521,0.2853,0,1.8
2743,13,3,2024-06-03,2024-06-21,2024-06-21,4686.59,air,4,0,0.3854,0.1757,0,2.12
2744,37,1,2024-07-08,2024-08-06,2024-08-09,419.64,truck,2,2,0.7124,0.1502,1,73.4
2745,36,6,2025-11-20,2025-12-31,2026-01-04,7976.13,ship,5,0,0.4349,0.0168,1,91.03
2746,7,2,2023-05-31,2023-06-20,2023-06-20,1347.71,air,1,1,0.0519,0.2727,0,1.56
2747,5,10,2023-08-19,2023-09-16,2023-09-17,948.4,truck,3,1,0.674,0.2606,1,27.68
2748,21,13,2023-10-19,2023-11-09,2023-11-09,20000.0,air,2,1,0.4811,0.1211,0,2.51
2749,12,12,2023-01-15,2023-02-16,2023-02-16,572.62,truck,1,0,0.429,0.2771,0,2.84
2750,16,11,2024-03-30,2024-04-29,2024-05-03,1069.88,truck,4,1,0.586,0.3266,1,88.91
2751,10,10,2024-07-04,2024-07-27,2024-07-30,344.11,truck,3,1,0.2755,0.335,1,75.33
2752,48,20,2025-03-19,2025-04-05,2025-04-11,469.86,truck,1,1,0.4877,0.5295,1,145.69
2753,2,7,2025-01-03,2025-01-12,2025-01-12,1207.37,air,4,1,0.133,0.3485,0,2.1
2754,33,19,2023-02-21,2023-03-13,2023-03-13,3076.54,truck,2,1,0.297,0.1674,0,1.99
2755,39,5,2025-04-04,2025-06-08,2025-06-09,16146.9,ship,5,0,0.5548,0.2906,1,27.79
2756,15,9,2024-08-12,2024-09-23,2024-09-24,4630.33,ship,3,0,0.7735,0.1012,1,12.94
2757,17,10,2023-05-19,2023-06-27,2023-06-27,332.22,truck,3,1,0.6783,0.1135,0,2.34
2758,14,2,2024-03-17,2024-04-14,2024-04-14,9551.69,air,4,1,0.7053,0.2082,0,3.4
2759,29,13,2025-11-15,2025-12-30,2025-12-30,8398.11,ship,2,1,0.637,0.223,0,1.81
2760,48,7,2025-10-17,2025-11-07,2025-11-07,11693.95,air,5,1,0.0977,0.5295,0,3.7
2761,45,19,2024-04-26,2024-05-12,2024-05-12,698.87,truck,1,0,0.252,0.1051,0,1.95
2762,33,15,2023-09-20,2023-10-02,2023-10-02,614.68,truck,2,0,0.604,0.1674,0,1.53
2763,11,6,2023-12-29,2024-01-15,2024-01-16,439.03,truck,3,0,0.5646,0.163,1,30.83
2764,31,5,2024-11-07,2024-11-24,2024-11-24,487.48,truck,4,0,0.3999,0.2757,0,2.3
2765,22,20,2025-02-26,2025-03-17,2025-03-25,2890.54,truck,4,1,0.431,0.1904,1,189.94
2766,7,1,2023-05-11,2023-06-05,2023-06-09,1834.03,truck,4,1,0.7638,0.2727,1,106.15
2767,19,19,2023-12-11,2024-01-06,2024-01-09,2931.89,ship,4,1,0.1843,0.2562,1,77.03
2768,13,4,2025-06-03,2025-06-17,2025-06-17,3306.24,air,5,2,0.4674,0.1757,0,2.05
2769,26,5,2024-04-10,2024-05-13,2024-05-13,5374.25,ship,2,0,0.4243,0.1577,0,2.45
2770,4,15,2023-04-20,2023-06-30,2023-06-30,13939.0,ship,2,1,0.7975,0.2301,0,2.63
2771,34,4,2025-01-19,2025-02-06,2025-02-07,3402.9,ship,3,0,0.5286,0.0399,1,20.55
2772,11,14,2025-07-21,2025-08-12,2025-08-14,17413.1,air,2,2,0.3033,0.163,1,50.75
2773,43,1,2023-05-18,2023-07-03,2023-07-03,6986.51,ship,4,0,0.7424,0.1166,0,1.23
2774,3,10,2023-10-20,2023-11-17,2023-11-21,1433.36,truck,5,1,0.7001,0.2878,1,101.74
2775,39,14,2025-01-05,2025-01-24,2025-01-25,922.73,truck,2,0,0.4683,0.2906,1,19.05
2776,50,9,2024-04-19,2024-05-12,2024-05-13,1509.03,truck,5,1,0.9411,0.1476,1,31.05
2777,23,9,2024-03-24,2024-04-16,2024-04-16,455.45,truck,4,0,0.5199,0.2281,0,1.83
2778,3,6,2023-07-03,2023-07-28,2023-07-28,1167.29,truck,4,1,0.5445,0.2878,0,1.2
2779,30,5,2025-04-01,2025-04-19,2025-04-19,1852.37,air,2,1,0.6396,0.3611,0,1.77
2780,20,8,2024-01-04,2024-02-07,2024-02-07,1873.13,truck,1,0,0.4315,0.2853,0,3.25
2781,46,20,2023-04-15,2023-05-06,2023-05-07,5079.31,air,5,1,0.713,0.0911,1,32.72
2782,21,8,2023-12-20,2024-01-05,2024-01-05,3738.19,air,1,0,0.2803,0.1211,0,2.06
2783,11,14,2023-07-25,2023-08-31,2023-08-31,8657.05,ship,4,2,0.2946,0.163,0,2.92
2784,29,3,2024-05-20,2024-06-18,2024-06-28,2977.38,truck,5,1,0.3652,0.223,1,228.83
2785,7,1,2025-10-11,2025-11-01,2025-11-09,672.78,truck,2,1,0.7967,0.2727,1,190.02
2786,4,8,2023-11-11,2023-12-15,2023-12-16,1078.16,truck,2,0,0.4874,0.2301,1,30.45
2787,6,15,2024-06-17,2024-07-13,2024-07-15,641.16,truck,1,2,0.5477,0.3463,1,44.05
2788,20,7,2023-05-28,2023-06-28,2023-06-28,673.2,truck,4,0,0.4189,0.2853,0,1.59
2789,41,12,2025-01-22,2025-02-08,2025-02-09,6504.97,air,3,0,0.2876,0.5395,1,35.87
2790,28,14,2024-04-30,2024-05-19,2024-05-19,6372.71,air,1,1,0.4528,0.183,0,3.95
2791,30,9,2024-08-25,2024-09-16,2024-09-18,1121.42,truck,2,0,0.9138,0.3611,1,37.3
2792,15,5,2023-02-01,2023-03-28,2023-03-29,9738.91,ship,2,0,0.5543,0.1012,1,13.47
2793,8,3,2025-04-02,2025-05-07,2025-05-09,4833.75,ship,3,0,0.5657,0.1094,1,59.99
2794,48,10,2023-01-14,2023-02-09,2023-02-12,3534.46,ship,5,0,0.3653,0.5295,1,69.37
2795,9,15,2024-08-01,2024-08-24,2024-08-24,1637.23,truck,4,1,0.3769,0.1382,0,2.97
2796,29,16,2025-01-12,2025-02-06,2025-02-06,4524.9,air,1,0,0.7857,0.223,0,2.0
2797,23,13,2024-02-28,2024-03-26,2024-03-26,10015.8,air,3,0,0.4835,0.2281,0,3.96
2798,13,2,2024-10-09,2024-10-24,2024-10-26,534.17,truck,1,0,0.4514,0.1757,1,48.58
2799,26,17,2025-10-07,2025-10-31,2025-11-01,835.49,truck,1,0,0.4116,0.1577,1,26.53
2800,19,6,2024-01-13,2024-02-03,2024-02-03,970.96,truck,5,0,0.5838,0.2562,0,2.1
2801,46,1,2023-04-16,2023-05-10,2023-05-10,4341.96,air,5,1,0.6463,0.0911,0,2.65
2802,50,15,2024-05-10,2024-06-02,2024-06-08,1994.58,ship,1,2,0.4799,0.1476,1,154.05
2803,24,15,2024-09-26,2024-10-19,2024-10-24,2414.96,truck,2,0,0.4981,0.0437,1,113.96
2804,39,13,2024-08-11,2024-09-03,2024-09-04,1547.22,truck,5,0,0.5511,0.2906,1,31.9
2805,10,15,2024-10-22,2024-11-20,2024-11-20,12872.11,air,2,0,0.5494,0.335,0,2.59
2806,13,1,2023-08-14,2023-08-30,2023-09-02,852.56,truck,4,0,0.9744,0.1757,1,68.08
2807,48,18,2025-01-04,2025-01-26,2025-01-28,1588.16,ship,4,0,0.6455,0.5295,1,53.73
2808,37,8,2025-06-18,2025-08-14,2025-08-15,10087.13,ship,5,1,0.391,0.1502,1,32.05
2809,32,14,2024-01-23,2024-02-24,2024-02-24,2692.41,ship,2,0,0.349,0.299,0,0.67
2810,26,10,2024-10-10,2024-11-01,2024-11-01,1161.58,truck,2,0,0.5329,0.1577,0,1.91
2811,50,8,2025-03-20,2025-05-17,2025-05-17,13924.02,ship,1,1,0.244,0.1476,0,3.27
2812,11,8,2024-07-22,2024-08-08,2024-08-08,4317.73,air,2,1,0.4279,0.163,0,1.61
2813,2,5,2025-10-30,2025-11-16,2025-11-18,13306.08,air,5,0,0.6267,0.3485,1,47.57
2814,6,13,2024-04-19,2024-05-17,2024-05-29,10061.51,air,4,1,0.5456,0.3463,1,280.56
2815,29,7,2023-11-09,2023-12-12,2023-12-14,3901.78,ship,3,1,0.4925,0.223,1,45.74
2816,23,8,2023-03-01,2023-03-25,2023-03-25,1682.38,air,2,0,0.2783,0.2281,0,3.19
2817,3,12,2023-10-06,2023-10-30,2023-10-30,319.66,truck,3,0,0.5066,0.2878,0,4.23
2818,44,3,2025-07-07,2025-07-19,2025-07-22,1039.04,truck,3,0,0.6731,0.0719,1,77.18
2819,4,8,2024-10-31,2024-12-09,2024-12-09,3164.0,ship,1,0,0.3822,0.2301,0,1.68
2820,5,1,2024-01-29,2024-03-03,2024-03-03,3360.13,ship,1,0,0.7818,0.2606,0,1.31
2821,16,14,2025-10-11,2025-11-19,2025-11-21,4279.87,ship,5,1,0.4452,0.3266,1,44.31
2822,10,15,2025-02-17,2025-03-16,2025-03-19,1875.02,truck,5,0,0.4896,0.335,1,78.4
2823,36,19,2024-01-08,2024-02-16,2024-02-21,6992.36,ship,5,1,0.5072,0.0168,1,113.1
2824,18,1,2025-04-05,2025-04-18,2025-04-20,749.41,truck,4,1,0.4384,0.0465,1,56.75
2825,33,8,2025-11-04,2025-11-22,2025-11-22,1926.55,ship,5,0,0.4821,0.1674,0,4.51
2826,18,17,2023-08-27,2023-09-06,2023-09-09,597.16,truck,2,1,0.297,0.0465,1,75.61
2827,43,15,2025-01-19,2025-03-20,2025-03-27,12133.37,ship,1,0,0.554,0.1166,1,169.28
2828,48,6,2024-11-04,2024-12-27,2025-01-03,12210.12,ship,3,0,0.485,0.5295,1,171.64
2829,25,5,2025-09-04,2025-09-29,2025-09-29,2123.89,truck,5,1,0.5202,0.3294,0,2.03
2830,9,18,2023-05-07,2023-06-09,2023-06-09,5209.38,ship,5,0,0.6856,0.1382,0,4.48
2831,46,8,2025-08-18,2025-10-21,2025-10-21,16398.71,ship,3,1,0.5102,0.0911,0,2.32
2832,14,8,2023-09-04,2023-10-01,2023-10-03,407.78,truck,4,1,0.4731,0.2082,1,59.47
2833,10,4,2024-07-04,2024-08-29,2024-09-01,12725.54,ship,3,1,0.5551,0.335,1,69.64
2834,43,11,2024-09-26,2024-11-04,2024-11-04,5256.05,ship,4,1,0.2918,0.1166,0,3.27
2835,10,14,2023-08-29,2023-10-03,2023-10-03,4841.76,ship,1,1,0.4339,0.335,1,5.86
2836,36,5,2025-02-20,2025-03-17,2025-03-17,1597.29,ship,3,0,0.5861,0.0168,0,2.97
2837,2,17,2024-02-01,2024-04-07,2024-04-11,20000.0,ship,4,0,0.0567,0.3485,1,89.63
2838,12,13,2023-08-20,2023-10-09,2023-10-10,6289.12,ship,5,1,0.3295,0.2771,1,23.5
2839,16,6,2024-08-31,2024-09-28,2024-09-29,1967.2,truck,1,1,0.685,0.3266,1,17.34
2840,4,16,2023-07-31,2023-09-19,2023-09-19,6102.48,ship,1,2,0.3961,0.2301,0,1.94
2841,18,12,2025-05-09,2025-06-13,2025-06-13,8647.42,ship,4,1,0.2754,0.0465,0,1.76
2842,15,7,2025-07-08,2025-08-09,2025-08-09,976.09,truck,1,1,0.269,0.1012,0,3.9
2843,18,19,2023-02-04,2023-02-15,2023-02-17,7457.81,air,4,1,0.2216,0.0465,1,51.65
2844,14,19,2025-01-05,2025-02-01,2025-02-04,996.47,truck,2,2,0.3104,0.2082,1,71.97
2845,30,8,2024-04-28,2024-05-21,2024-05-21,2298.96,truck,5,1,0.5345,0.3611,0,1.67
2846,24,2,2024-03-09,2024-03-30,2024-03-30,744.44,truck,2,1,0.2415,0.0437,0,1.98
2847,19,11,2023-02-23,2023-03-18,2023-03-18,11669.97,air,3,0,0.3202,0.2562,0,2.82
2848,49,4,2024-11-02,2024-12-04,2024-12-06,5662.15,ship,1,0,0.6819,0.0836,1,43.41
2849,24,18,2025-10-22,2025-11-14,2025-11-14,6770.14,air,2,0,0.6696,0.0437,0,2.42
2850,27,8,2025-09-24,2025-10-16,2025-10-16,5717.83,air,3,0,0.3473,0.1179,0,1.45
2851,45,4,2023-10-03,2023-10-16,2023-10-19,476.32,truck,3,0,0.5709,0.1051,1,78.31
2852,42,7,2025-10-16,2025-12-24,2025-12-24,20000.0,ship,4,1,0.0942,0.2372,0,2.36
2853,20,18,2023-04-12,2023-05-17,2023-05-17,3171.39,ship,3,1,0.5502,0.2853,1,10.19
2854,9,16,2023-07-03,2023-07-23,2023-07-25,1051.11,truck,4,1,0.6399,0.1382,1,56.77
2855,27,2,2023-03-24,2023-04-18,2023-04-18,9847.37,air,1,1,0.5178,0.1179,0,1.64
2856,23,3,2023-12-31,2024-01-30,2024-01-30,3658.11,truck,4,2,0.5087,0.2281,0,2.65
2857,11,7,2024-04-14,2024-04-29,2024-04-29,872.73,truck,2,0,0.3308,0.163,0,2.67
2858,9,12,2024-05-27,2024-06-13,2024-06-13,315.64,truck,1,1,0.2746,0.1382,0,2.51
2859,10,2,2024-02-22,2024-03-21,2024-03-22,3212.74,ship,4,2,0.43,0.335,1,22.48
2860,27,5,2025-07-17,2025-08-30,2025-08-30,8510.39,ship,1,2,0.5696,0.1179,0,1.96
2861,36,5,2025-06-09,2025-07-03,2025-07-06,1710.36,ship,5,1,0.5197,0.0168,1,78.99
2862,32,11,2023-08-23,2023-09-20,2023-09-22,538.05,truck,3,2,0.5949,0.299,1,45.5
2863,22,7,2024-01-13,2024-01-27,2024-01-28,593.68,truck,4,2,0.3368,0.1904,1,12.6
2864,2,8,2024-04-25,2024-05-07,2024-05-07,602.79,truck,1,1,0.4809,0.3485,0,2.65
2865,39,17,2024-02-06,2024-03-30,2024-03-30,12643.52,ship,4,0,0.0887,0.2906,0,1.67
2866,43,11,2023-03-13,2023-04-09,2023-04-12,1502.99,truck,2,1,0.4311,0.1166,1,79.8
2867,1,10,2025-09-08,2025-10-03,2025-10-04,2011.41,truck,1,1,0.6213,0.2492,1,31.73
2868,26,4,2023-12-20,2024-01-08,2024-01-11,655.84,truck,5,0,0.4726,0.1577,1,80.56
2869,14,7,2023-02-02,2023-02-28,2023-03-04,1220.98,truck,2,1,0.4443,0.2082,1,86.39
2870,40,13,2025-03-30,2025-04-21,2025-04-21,774.79,truck,4,0,0.4722,0.1206,0,2.24
2871,28,15,2024-05-21,2024-06-08,2024-06-14,5973.73,air,3,1,0.5994,0.183,1,133.54
2872,14,16,2025-07-29,2025-08-25,2025-08-25,2892.59,air,3,2,0.5194,0.2082,0,3.71
2873,39,11,2023-01-22,2023-02-11,2023-02-11,750.47,truck,3,0,0.3606,0.2906,0,1.72
2874,4,7,2023-09-02,2023-10-05,2023-10-05,673.91,truck,5,0,0.0682,0.2301,0,1.61
2875,4,2,2023-09-12,2023-10-22,2023-10-22,17435.12,air,1,1,0.3516,0.2301,0,1.12
2876,7,16,2024-04-19,2024-05-12,2024-05-12,1508.06,truck,4,1,0.6269,0.2727,0,1.61
2877,49,19,2023-11-13,2023-11-30,2023-12-03,1259.84,truck,4,1,0.2764,0.0836,1,83.45
2878,9,6,2024-06-29,2024-07-18,2024-07-18,1913.9,truck,1,2,0.5365,0.1382,0,2.1
2879,9,3,2025-02-07,2025-02-26,2025-02-27,617.82,truck,3,1,0.5559,0.1382,1,33.23
2880,43,15,2023-01-22,2023-02-16,2023-02-16,567.69,truck,5,0,0.5036,0.1166,0,1.2
2881,37,7,2024-09-29,2024-10-28,2024-10-28,349.06,truck,2,0,0.2772,0.1502,0,1.9
2882,6,13,2024-11-09,2024-12-20,2024-12-22,6144.14,ship,3,1,0.3633,0.3463,1,44.66
2883,34,9,2023-08-30,2023-10-07,2023-10-11,10227.99,ship,5,1,0.7388,0.0399,1,85.4
2884,23,10,2023-09-12,2023-10-04,2023-10-04,700.8,truck,2,0,0.6572,0.2281,0,1.4
2885,29,16,2023-12-30,2024-01-21,2024-01-22,3159.37,air,3,0,0.5372,0.223,1,34.9
2886,21,5,2024-09-06,2024-09-23,2024-09-24,1710.44,ship,3,0,0.5138,0.1211,1,14.23
2887,11,16,2024-10-19,2024-11-05,2024-11-05,2677.38,truck,4,1,0.5656,0.163,0,2.77
2888,47,7,2025-01-30,2025-02-24,2025-02-26,553.6,truck,1,2,0.0729,0.1768,1,53.5
2889,15,11,2023-11-14,2023-12-15,2023-12-20,753.9,truck,4,0,0.5527,0.1012,1,129.05
2890,19,1,2024-07-26,2024-08-11,2024-08-11,416.43,truck,5,1,0.4746,0.2562,0,2.75
2891,42,6,2024-11-23,2024-12-08,2024-12-08,1452.45,truck,2,0,0.2842,0.2372,0,2.13
2892,6,12,2023-06-19,2023-08-04,2023-08-04,7495.99,ship,1,1,0.3162,0.3463,1,9.46
2893,40,2,2025-10-17,2025-11-07,2025-11-10,976.39,truck,5,1,0.3741,0.1206,1,69.24
2894,40,7,2023-02-14,2023-03-19,2023-03-19,4834.44,ship,1,2,0.2878,0.1206,0,1.41
2895,36,10,2024-04-26,2024-05-31,2024-05-31,6622.92,truck,5,0,0.4682,0.0168,0,3.15
2896,10,4,2024-01-21,2024-02-21,2024-02-21,2918.97,ship,4,0,0.448,0.335,0,6.5
2897,16,2,2024-11-24,2024-12-19,2024-12-21,449.24,truck,3,0,0.4669,0.3266,1,51.92
2898,13,3,2023-08-14,2023-08-28,2023-08-30,411.84,truck,1,0,0.7756,0.1757,1,58.62
2899,4,12,2024-07-25,2024-09-11,2024-09-14,6536.4,ship,4,1,0.433,0.2301,1,67.01
2900,34,17,2023-08-08,2023-08-22,2023-08-23,2201.9,truck,3,0,0.051,0.0399,1,13.84
2901,31,3,2024-05-30,2024-06-18,2024-06-18,498.09,truck,1,0,0.3982,0.2757,0,3.75
2902,6,19,2025-07-09,2025-08-05,2025-08-06,552.26,truck,1,0,0.3192,0.3463,1,16.25
2903,30,15,2023-04-13,2023-05-04,2023-05-08,7738.58,air,3,1,0.6325,0.3611,1,88.69
2904,8,12,2024-09-25,2024-10-25,2024-10-25,3014.27,ship,2,0,0.3928,0.1094,0,1.81
2905,19,9,2023-06-21,2023-07-26,2023-07-29,6663.24,ship,1,1,0.8063,0.2562,1,78.78
2906,41,10,2024-04-17,2024-05-08,2024-05-11,1313.81,truck,3,1,0.488,0.5395,1,82.91
2907,17,19,2025-10-22,2025-12-01,2025-12-03,371.07,truck,2,1,0.3879,0.1135,1,44.4
2908,19,20,2024-10-09,2024-10-26,2024-10-28,949.09,truck,5,1,0.5312,0.2562,1,45.57
2909,21,5,2025-09-28,2025-10-28,2025-10-28,7119.72,ship,2,0,0.4571,0.1211,0,3.75
2910,3,7,2024-02-08,2024-03-04,2024-03-04,890.67,truck,2,2,0.0624,0.2878,0,1.81
2911,29,7,2023-03-25,2023-04-19,2023-04-20,1965.02,ship,3,1,0.1802,0.223,1,28.4
2912,48,20,2024-03-04,2024-05-03,2024-05-04,15130.87,ship,2,0,0.6393,0.5295,1,30.67
2913,21,8,2024-12-25,2025-01-10,2025-01-11,11580.77,air,3,0,0.3229,0.1211,1,22.44
2914,46,17,2023-07-04,2023-07-24,2023-07-28,366.18,truck,5,1,0.3175,0.0911,1,94.47
2915,39,6,2025-01-11,2025-02-01,2025-02-01,956.43,truck,1,0,0.5151,0.2906,0,2.72
2916,34,3,2024-10-25,2024-11-02,2024-11-04,451.83,truck,5,0,0.6656,0.0399,1,54.33
2917,3,7,2024-12-30,2025-01-27,2025-01-27,8215.75,air,2,1,0.2605,0.2878,0,2.31
2918,29,14,2023-12-14,2024-01-28,2024-02-01,7846.58,ship,5,1,0.4517,0.223,1,85.56
2919,46,8,2025-04-02,2025-04-20,2025-04-20,2660.21,air,1,1,0.3331,0.0911,0,2.55
2920,3,20,2023-05-15,2023-06-10,2023-06-10,691.48,truck,2,0,0.593,0.2878,0,2.55
2921,26,4,2025-02-27,2025-05-08,2025-05-08,17533.35,ship,2,0,0.4782,0.1577,0,2.7
2922,17,6,2023-07-24,2023-09-05,2023-09-05,791.62,truck,4,1,0.571,0.1135,0,2.2
2923,37,11,2023-07-30,2023-09-03,2023-09-03,11210.04,air,2,2,0.4917,0.1502,0,1.56
2924,10,8,2024-08-19,2024-09-15,2024-09-18,2076.74,ship,4,1,0.6712,0.335,1,62.29
2925,37,3,2024-10-14,2024-11-18,2024-11-18,2154.66,truck,4,1,0.7171,0.1502,0,1.9
2926,5,8,2024-06-21,2024-07-23,2024-08-09,2962.52,ship,5,1,0.4944,0.2606,1,406.61
2927,45,2,2025-07-01,2025-07-17,2025-07-21,1118.92,truck,5,2,0.3141,0.1051,1,102.33
2928,35,4,2023-04-11,2023-06-30,2023-07-05,19531.44,ship,4,0,0.6358,0.4038,1,108.09
2929,33,7,2024-10-14,2024-11-05,2024-11-05,3804.41,ship,1,1,0.3639,0.1674,0,2.34
2930,50,17,2024-05-10,2024-06-02,2024-06-02,2702.83,ship,3,1,0.388,0.1476,0,1.66
2931,15,8,2025-01-12,2025-02-10,2025-02-10,724.84,truck,3,0,0.4386,0.1012,0,1.95
2932,15,15,2024-03-13,2024-04-11,2024-04-11,407.75,truck,1,1,0.4924,0.1012,0,2.31
2933,13,19,2024-11-10,2024-11-26,2024-11-26,675.06,truck,3,1,0.2159,0.1757,0,2.61
2934,16,8,2025-08-02,2025-08-26,2025-08-29,401.69,truck,3,1,0.4139,0.3266,1,63.48
2935,6,14,2024-02-19,2024-03-24,2024-03-24,3631.47,ship,5,0,0.4118,0.3463,0,1.69
2936,30,12,2025-03-18,2025-04-04,2025-04-04,1677.09,truck,3,0,0.3508,0.3611,0,1.84
2937,30,13,2025-04-19,2025-05-30,2025-05-30,8943.41,ship,5,0,0.4782,0.3611,1,9.69
2938,8,16,2023-12-16,2024-01-16,2024-01-16,4489.8,ship,5,0,0.7573,0.1094,0,4.69
2939,38,12,2024-04-12,2024-05-14,2024-05-14,5759.11,ship,2,1,0.1994,0.1178,0,4.63
2940,37,6,2023-02-15,2023-03-21,2023-03-21,1637.82,ship,2,0,0.4583,0.1502,0,1.43
2941,12,18,2025-05-30,2025-07-03,2025-07-03,966.46,truck,4,2,0.5692,0.2771,0,2.25
2942,29,13,2024-10-15,2024-11-05,2024-11-06,685.84,truck,1,1,0.5363,0.223,1,28.1
2943,18,13,2024-08-19,2024-09-03,2024-09-03,7482.37,air,4,0,0.5528,0.0465,0,1.91
2944,49,16,2025-03-24,2025-04-11,2025-04-11,2791.37,truck,2,0,0.5534,0.0836,1,9.39
2945,25,6,2023-10-01,2023-10-30,2023-10-31,2883.04,truck,4,0,0.3238,0.3294,1,30.94
2946,35,20,2025-07-19,2025-08-14,2025-08-15,820.64,truck,4,0,0.5374,0.4038,1,30.36
2947,6,10,2023-09-15,2023-10-12,2023-10-23,1131.02,truck,3,1,0.6729,0.3463,1,262.16
2948,25,19,2025-02-11,2025-03-28,2025-04-03,8520.54,ship,1,1,0.2343,0.3294,1,147.99
2949,41,19,2023-01-15,2023-02-12,2023-02-13,4398.47,ship,5,1,0.2005,0.5395,1,32.61
2950,1,11,2025-10-23,2025-11-29,2025-12-06,4771.62,ship,4,1,0.4148,0.2492,1,163.79
2951,10,4,2024-03-28,2024-04-21,2024-04-23,2317.44,truck,5,0,0.5986,0.335,1,56.14
2952,36,1,2025-04-21,2025-06-01,2025-06-02,7832.28,ship,1,1,0.682,0.0168,1,24.32
2953,41,1,2023-02-26,2023-05-06,2023-05-07,18193.79,ship,3,0,0.3579,0.5395,1,32.79
2954,26,17,2024-03-15,2024-04-07,2024-04-08,1610.66,truck,4,1,0.2546,0.1577,1,27.59
2955,19,9,2024-02-29,2024-03-15,2024-03-16,520.02,truck,4,0,0.7651,0.2562,1,22.26
2956,3,20,2024-03-21,2024-06-08,2024-06-08,20000.0,ship,2,1,0.5537,0.2878,0,1.07
2957,16,8,2025-10-02,2025-10-29,2025-10-29,1394.95,truck,1,1,0.4737,0.3266,0,1.11
2958,14,1,2024-02-24,2024-04-04,2024-04-04,5238.84,ship,5,0,0.6241,0.2082,0,5.19
2959,24,18,2023-06-24,2023-07-20,2023-07-28,4008.11,truck,5,2,0.4863,0.0437,1,191.32
2960,21,9,2025-03-20,2025-04-03,2025-04-03,3128.53,air,4,1,0.4692,0.1211,0,4.74
2961,19,16,2025-11-15,2025-12-04,2025-12-04,744.54,truck,2,0,0.4857,0.2562,0,2.43
2962,36,4,2024-07-09,2024-08-02,2024-08-10,1685.25,truck,5,1,0.5391,0.0168,1,186.75
2963,7,8,2023-11-10,2023-12-29,2023-12-31,9795.91,ship,5,0,0.526,0.2727,1,50.69
2964,38,16,2023-10-20,2023-11-17,2023-11-17,4335.78,ship,5,0,0.5693,0.1178,0,3.55
2965,11,16,2024-03-26,2024-04-11,2024-04-22,6964.88,air,3,1,0.5716,0.163,1,252.29
2966,45,5,2025-05-25,2025-06-10,2025-06-15,1103.63,truck,3,2,0.449,0.1051,1,114.73
2967,41,6,2023-12-15,2024-01-01,2024-01-02,1139.6,truck,5,0,0.6359,0.5395,1,24.37
2968,1,10,2023-10-16,2023-11-05,2023-11-07,1392.58,air,4,1,0.5712,0.2492,1,45.04
2969,5,18,2024-01-10,2024-02-24,2024-02-27,7137.38,ship,5,0,0.692,0.2606,1,80.37
2970,29,13,2023-10-12,2023-11-03,2023-11-03,364.18,truck,5,0,0.3481,0.223,0,2.85
2971,1,3,2023-07-02,2023-07-26,2023-07-26,698.02,truck,3,0,0.3574,0.2492,0,2.23
2972,42,20,2023-07-25,2023-08-10,2023-08-10,2632.48,air,1,0,0.4891,0.2372,0,2.1
2973,15,15,2024-04-03,2024-05-01,2024-05-04,423.18,truck,1,1,0.4979,0.1012,1,72.81
2974,43,18,2025-10-07,2025-11-12,2025-11-12,5193.15,truck,4,0,0.674,0.1166,0,2.76
2975,40,12,2025-09-04,2025-09-29,2025-09-29,1485.65,truck,4,0,0.3603,0.1206,0,1.75
2976,34,10,2024-10-22,2024-11-01,2024-11-01,1281.45,truck,3,0,0.2315,0.0399,0,3.85
2977,9,14,2025-01-31,2025-02-19,2025-02-19,4782.94,air,1,0,0.4111,0.1382,0,2.14
2978,49,12,2023-03-14,2023-04-22,2023-04-22,7492.33,ship,4,0,0.2263,0.0836,0,1.56
2979,49,5,2023-05-04,2023-05-20,2023-05-20,1733.93,air,1,1,0.3421,0.0836,0,3.48
2980,45,2,2025-04-28,2025-05-14,2025-05-14,682.56,truck,2,1,0.5736,0.1051,0,3.39
2981,35,16,2023-04-02,2023-04-26,2023-04-27,332.98,truck,4,1,0.6756,0.4038,1,19.05
2982,17,1,2024-08-06,2024-10-05,2024-10-05,6207.11,ship,2,0,0.6076,0.1135,0,2.0
2983,36,16,2023-10-04,2023-10-25,2023-10-25,462.78,truck,3,0,0.7104,0.0168,0,1.33
2984,37,3,2023-10-12,2023-11-12,2023-11-13,1339.88,truck,5,1,0.6023,0.1502,1,18.12
2985,42,3,2025-02-22,2025-03-07,2025-03-07,3516.33,air,2,2,0.621,0.2372,0,1.85
2986,12,15,2024-03-06,2024-04-11,2024-04-11,4074.15,truck,2,1,0.4427,0.2771,0,1.31
2987,46,16,2023-12-13,2024-01-24,2024-01-25,7895.77,ship,3,0,0.6731,0.0911,1,34.01
2988,30,18,2025-09-07,2025-09-25,2025-10-03,1517.19,truck,2,1,0.4939,0.3611,1,202.87
2989,13,7,2024-11-14,2024-12-01,2024-12-02,866.82,truck,4,0,0.2917,0.1757,1,26.45
2990,11,13,2024-05-07,2024-06-07,2024-06-11,5746.51,ship,5,0,0.4069,0.163,1,88.4
2991,5,12,2023-06-17,2023-07-21,2023-07-31,2571.97,ship,4,1,0.3102,0.2606,1,251.5
2992,26,8,2025-03-30,2025-04-19,2025-04-20,422.88,truck,1,0,0.3744,0.1577,1,29.39
2993,6,5,2025-02-09,2025-03-05,2025-03-05,1964.1,air,5,1,0.4966,0.3463,0,2.4
2994,29,9,2024-11-09,2024-12-05,2024-12-05,9295.98,air,4,0,0.4727,0.223,0,2.8
2995,8,2,2025-08-09,2025-09-02,2025-09-02,1196.84,truck,2,1,0.2502,0.1094,0,4.53
2996,50,20,2024-08-05,2024-09-02,2024-09-02,16322.36,air,1,0,0.6324,0.1476,0,2.32
2997,13,10,2024-06-11,2024-06-25,2024-06-25,1073.38,truck,4,1,0.7152,0.1757,0,2.88
2998,8,12,2024-07-29,2024-08-21,2024-08-21,495.08,truck,2,1,0.4656,0.1094,0,3.63
2999,17,19,2024-11-24,2025-01-06,2025-01-06,319.84,truck,4,1,0.3568,0.1135,0,2.66
3000,23,14,2024-12-04,2025-01-20,2025-01-21,8912.47,ship,2,0,0.4963,0.2281,1,29.74
3001,28,13,2023-12-09,2024-01-10,2024-01-12,5037.71,ship,4,1,0.3578,0.183,1,47.27
3002,42,7,2025-09-01,2025-09-29,2025-09-29,5035.65,ship,4,0,0.216,0.2372,0,1.36
3003,42,4,2024-08-13,2024-08-30,2024-08-30,1472.81,truck,3,1,0.492,0.2372,0,1.8
3004,44,2,2023-07-11,2023-07-21,2023-07-23,382.1,truck,5,1,0.4243,0.0719,1,51.66
3005,19,8,2024-01-06,2024-01-24,2024-01-24,587.41,truck,4,0,0.6232,0.2562,0,2.93
3006,10,18,2023-08-17,2023-09-18,2023-09-26,3828.08,ship,2,1,0.7322,0.335,1,185.62
3007,25,15,2024-07-07,2024-08-04,2024-08-11,2245.64,truck,5,2,0.4685,0.3294,1,168.47
3008,2,9,2023-09-05,2023-09-16,2023-09-21,380.03,truck,2,1,0.9221,0.3485,1,119.5
3009,40,15,2024-07-08,2024-07-29,2024-08-01,704.91,truck,1,3,0.5558,0.1206,1,75.09
3010,1,3,2024-09-04,2024-10-09,2024-10-09,4124.27,ship,3,0,0.5743,0.2492,0,3.93
3011,28,10,2024-10-25,2024-11-08,2024-11-08,682.85,truck,1,0,0.4201,0.183,0,1.63
3012,45,5,2025-07-05,2025-07-19,2025-07-21,773.47,truck,5,2,0.6354,0.1051,1,52.27
3013,45,8,2024-05-30,2024-06-18,2024-06-19,2809.34,ship,1,1,0.3984,0.1051,1,31.24
3014,19,1,2024-12-04,2024-12-24,2024-12-24,4191.0,air,1,0,0.7055,0.2562,0,2.16
3015,7,14,2023-03-24,2023-04-14,2023-04-15,762.35,truck,2,0,0.2345,0.2727,1,35.22
3016,39,1,2024-03-01,2024-03-21,2024-03-21,3774.91,air,3,0,0.6877,0.2906,0,1.76
3017,18,6,2025-06-09,2025-06-23,2025-06-23,2756.46,air,2,2,0.5847,0.0465,0,1.63
3018,4,7,2023-02-05,2023-03-13,2023-03-13,8325.56,air,3,1,0.2954,0.2301,0,2.24
3019,26,9,2024-06-30,2024-08-19,2024-08-20,10189.78,ship,3,1,0.7015,0.1577,1,12.14
3020,8,13,2024-07-19,2024-08-08,2024-08-08,667.15,truck,1,0,0.3374,0.1094,0,2.37
3021,34,5,2025-10-27,2025-11-08,2025-11-08,1467.75,truck,3,0,0.6544,0.0399,0,2.45
3022,12,1,2024-07-02,2024-08-02,2024-08-05,672.83,truck,4,2,0.7631,0.2771,1,67.76
3023,25,2,2024-01-31,2024-02-19,2024-02-21,481.28,truck,1,1,0.3397,0.3294,1,40.59
3024,42,9,2024-04-05,2024-04-19,2024-04-19,587.41,truck,1,0,0.5383,0.2372,0,0.53
3025,50,4,2023-07-24,2023-08-14,2023-08-18,1112.84,truck,1,2,0.615,0.1476,1,103.16
3026,2,10,2024-11-27,2024-12-13,2024-12-20,3459.92,ship,4,0,0.5961,0.3485,1,176.56
3027,32,17,2024-09-27,2024-10-25,2024-10-28,1168.12,truck,4,0,0.298,0.299,1,77.93
3028,33,19,2023-05-02,2023-05-16,2023-05-20,502.76,truck,2,0,0.2387,0.1674,1,88.98
3029,3,7,2024-12-01,2025-01-02,2025-01-02,2390.4,ship,3,1,0.2535,0.2878,0,2.9
3030,20,5,2025-01-26,2025-02-27,2025-02-28,720.38,truck,3,0,0.6142,0.2853,1,30.52
3031,1,20,2025-08-08,2025-08-31,2025-08-31,983.68,truck,5,0,0.6014,0.2492,0,3.57
3032,36,6,2023-10-29,2023-11-25,2023-11-28,2597.96,ship,2,0,0.4565,0.0168,1,69.84
3033,35,20,2023-04-02,2023-04-26,2023-04-28,337.99,truck,4,1,0.5671,0.4038,1,41.57
3034,45,15,2024-10-08,2024-11-16,2024-11-16,8678.41,ship,4,1,0.6665,0.1051,0,1.25
3035,27,11,2023-01-17,2023-02-25,2023-02-25,6586.96,ship,1,0,0.3899,0.1179,0,1.69
3036,44,15,2025-05-28,2025-07-06,2025-07-06,9488.85,ship,1,2,0.4805,0.0719,0,1.86
3037,17,19,2025-01-09,2025-02-26,2025-02-26,2370.0,ship,3,1,0.3173,0.1135,0,1.9
3038,21,10,2023-07-17,2023-08-08,2023-08-10,4665.98,ship,2,1,0.597,0.1211,1,43.4
3039,28,20,2024-06-03,2024-06-23,2024-06-23,1672.28,ship,3,0,0.6268,0.183,0,2.46
3040,16,2,2024-03-11,2024-04-08,2024-04-08,944.17,truck,2,0,0.3534,0.3266,0,3.38
3041,41,6,2023-08-11,2023-09-03,2023-09-05,20000.0,air,5,0,0.4485,0.5395,1,47.29
3042,12,13,2024-11-12,2024-12-17,2024-12-20,1267.66,truck,1,2,0.5589,0.2771,1,65.56
3043,13,18,2025-08-25,2025-09-11,2025-09-11,1404.26,truck,3,1,0.5949,0.1757,1,7.63
3044,29,18,2024-11-13,2024-12-03,2024-12-05,379.48,truck,3,0,0.735,0.223,1,59.26
3045,35,5,2024-05-01,2024-05-28,2024-05-28,713.52,truck,2,0,0.8033,0.4038,1,10.12
3046,12,1,2025-06-15,2025-07-19,2025-07-21,1581.37,truck,3,2,0.498,0.2771,1,36.64
3047,36,5,2025-05-13,2025-06-07,2025-06-07,924.39,truck,4,1,0.7888,0.0168,0,1.51
3048,48,20,2024-07-13,2024-08-03,2024-08-03,1012.01,truck,5,0,0.4809,0.5295,0,2.99
3049,23,13,2023-07-09,2023-09-01,2023-09-03,9833.16,ship,3,0,0.4146,0.2281,1,47.15
3050,44,8,2025-01-17,2025-02-16,2025-02-16,7063.27,ship,3,0,0.4748,0.0719,0,2.56
3051,21,5,2024-10-01,2024-10-23,2024-10-24,3029.7,ship,1,1,0.4554,0.1211,1,22.13
3052,13,11,2023-02-04,2023-02-23,2023-02-23,1376.22,truck,5,0,0.1768,0.1757,0,2.4
3053,35,6,2024-11-09,2024-12-06,2024-12-06,2464.24,truck,2,0,0.4418,0.4038,0,1.69
3054,4,1,2023-06-28,2023-07-29,2023-07-30,1751.89,truck,3,1,0.5359,0.2301,1,24.61
3055,10,1,2024-06-11,2024-08-14,2024-08-17,14555.99,ship,3,1,0.8511,0.335,1,67.32
3056,43,14,2025-11-19,2025-12-22,2025-12-22,3587.46,ship,1,1,0.2082,0.1166,0,1.53
3057,35,20,2024-08-13,2024-09-14,2024-09-16,2439.74,truck,5,0,0.5469,0.4038,1,43.27
3058,10,19,2024-06-05,2024-07-11,2024-07-12,4966.3,ship,2,0,0.4167,0.335,1,20.08
3059,47,14,2025-05-16,2025-06-15,2025-06-17,2114.84,truck,1,2,0.3599,0.1768,1,56.33
3060,34,4,2023-02-03,2023-02-16,2023-02-17,1961.42,truck,2,0,0.5207,0.0399,1,20.12
3061,41,10,2023-07-11,2023-08-04,2023-08-08,3331.5,ship,3,2,0.654,0.5395,1,87.64
3062,8,3,2023-02-13,2023-03-26,2023-03-29,7455.6,ship,5,1,0.6524,0.1094,1,68.43
3063,16,16,2025-11-26,2025-12-29,2026-01-05,3019.51,ship,3,0,0.5843,0.3266,1,176.49
3064,24,8,2025-03-20,2025-04-09,2025-04-09,727.33,truck,2,1,0.244,0.0437,0,2.13
3065,43,3,2025-10-05,2025-11-03,2025-11-03,2027.0,truck,5,1,0.5099,0.1166,0,2.31
3066,31,20,2023-12-01,2024-01-01,2024-01-09,4792.96,ship,5,2,0.6123,0.2757,1,182.26
3067,3,19,2023-05-19,2023-07-04,2023-07-05,7092.6,ship,4,0,0.1259,0.2878,1,19.25
3068,44,18,2023-10-18,2023-10-31,2023-11-08,413.38,truck,3,1,0.5885,0.0719,1,197.18
3069,34,3,2024-04-18,2024-05-06,2024-05-07,3857.75,ship,3,0,0.7902,0.0399,1,32.98
3070,35,5,2025-06-27,2025-07-23,2025-08-07,917.48,truck,5,2,0.7296,0.4038,1,360.62
3071,10,13,2025-03-24,2025-04-15,2025-04-15,1230.67,truck,4,0,0.5399,0.335,0,1.78
3072,2,15,2025-03-19,2025-04-03,2025-04-03,2816.56,ship,2,1,0.4059,0.3485,0,2.48
3073,19,16,2024-10-07,2024-10-29,2024-10-29,1753.26,truck,2,0,0.6795,0.2562,0,1.43
3074,18,2,2024-03-06,2024-03-19,2024-03-19,10741.46,air,2,0,0.1713,0.0465,0,1.39
3075,9,17,2025-04-15,2025-06-18,2025-06-20,15980.63,ship,5,0,0.2853,0.1382,1,42.76
3076,24,3,2023-01-22,2023-02-12,2023-02-14,625.73,truck,2,2,0.4159,0.0437,1,37.13
3077,19,11,2023-03-03,2023-03-19,2023-03-19,1943.22,air,1,1,0.4828,0.2562,0,2.95
3078,2,8,2025-10-17,2025-10-27,2025-10-27,374.35,truck,3,1,0.4514,0.3485,0,3.27
3079,47,11,2023-11-28,2024-01-03,2024-01-03,3390.51,ship,5,0,0.3607,0.1768,0,0.94
3080,23,18,2025-08-24,2025-09-20,2025-09-20,1682.03,truck,5,1,0.5917,0.2281,0,2.33
3081,33,1,2025-01-29,2025-02-13,2025-02-19,687.25,truck,4,0,0.7578,0.1674,1,153.34
3082,37,3,2025-07-02,2025-08-01,2025-08-01,836.62,truck,1,0,0.6947,0.1502,0,1.26
3083,21,11,2023-09-20,2023-10-04,2023-10-04,3492.27,air,2,1,0.7318,0.1211,0,3.43
3084,1,4,2025-01-27,2025-02-20,2025-02-20,753.85,truck,3,0,0.9373,0.2492,0,2.9
3085,42,18,2023-08-26,2023-09-07,2023-09-08,647.68,truck,2,2,0.6461,0.2372,1,17.23
3086,14,17,2024-09-04,2024-10-03,2024-10-03,911.55,truck,4,0,0.0368,0.2082,0,4.11
3087,17,13,2023-12-31,2024-02-21,2024-02-22,15977.76,air,3,1,0.4558,0.1135,1,24.27
3088,34,1,2025-06-05,2025-06-17,2025-06-22,317.72,truck,2,1,0.6431,0.0399,1,109.63
3089,1,11,2025-12-01,2026-01-03,2026-01-03,4158.98,ship,1,0,0.5885,0.2492,0,3.72
3090,8,16,2024-03-17,2024-04-10,2024-04-12,1502.41,truck,1,0,0.7297,0.1094,1,58.95
3091,1,14,2024-12-05,2024-12-29,2024-12-29,6386.58,air,1,0,0.3755,0.2492,0,2.27
3092,11,14,2024-12-02,2024-12-19,2024-12-19,8629.97,air,4,0,0.5596,0.163,0,2.07
3093,31,4,2023-01-05,2023-01-23,2023-01-23,1719.87,air,2,0,0.6223,0.2757,0,3.51
3094,19,12,2023-10-19,2023-11-05,2023-11-05,616.39,truck,2,0,0.1096,0.2562,0,2.28
3095,37,8,2023-03-30,2023-06-13,2023-06-14,16608.79,ship,1,0,0.4273,0.1502,1,35.63
3096,13,10,2025-11-11,2025-11-27,2025-11-27,1589.68,truck,5,0,0.3037,0.1757,0,3.72
3097,14,10,2024-11-08,2024-12-09,2024-12-11,2534.22,truck,4,0,0.5226,0.2082,1,55.14
3098,9,9,2023-03-29,2023-05-06,2023-05-06,6036.7,ship,2,0,0.589,0.1382,0,2.06
3099,10,13,2023-07-07,2023-07-30,2023-07-30,2020.0,truck,1,0,0.3737,0.335,0,1.18
3100,18,14,2025-04-07,2025-05-06,2025-05-06,6893.71,ship,3,1,0.2682,0.0465,0,1.81
3101,33,4,2023-05-26,2023-06-15,2023-06-15,19533.2,air,5,1,0.4551,0.1674,0,2.3
3102,43,3,2023-10-14,2023-11-11,2023-11-11,2454.87,truck,4,0,0.6288,0.1166,0,4.14
3103,25,4,2025-05-11,2025-06-03,2025-06-03,983.76,truck,5,1,0.3583,0.3294,0,3.65
3104,32,6,2025-03-14,2025-04-10,2025-04-10,4596.87,air,1,1,0.3425,0.299,0,3.32
3105,35,12,2023-05-04,2023-06-01,2023-06-01,3894.07,air,3,0,0.1769,0.4038,0,0.88
3106,17,9,2023-12-13,2024-01-28,2024-01-30,17218.1,air,3,0,0.8231,0.1135,1,38.28
3107,9,18,2024-10-27,2024-11-14,2024-11-14,1157.67,air,3,0,0.5928,0.1382,0,1.92
3108,21,15,2023-10-25,2023-12-19,2023-12-19,15628.7,ship,2,1,0.3832,0.1211,0,3.46
3109,44,18,2025-09-30,2025-10-28,2025-10-28,5605.58,ship,1,0,0.5872,0.0719,0,2.05
3110,10,2,2025-06-16,2025-08-29,2025-09-03,18142.37,ship,2,1,0.4078,0.335,1,109.0
3111,22,12,2024-03-07,2024-04-06,2024-04-10,5444.62,ship,1,1,0.1146,0.1904,1,85.82
3112,34,20,2024-01-05,2024-01-14,2024-01-20,338.34,truck,1,1,0.4168,0.0399,1,136.35
3113,49,15,2025-11-14,2025-12-05,2025-12-05,10494.11,air,2,0,0.4145,0.0836,0,0.64
3114,42,20,2024-01-04,2024-01-21,2024-01-25,1272.89,truck,2,1,0.3303,0.2372,1,92.03
3115,49,10,2024-02-25,2024-03-16,2024-03-16,2666.94,truck,2,0,0.5325,0.0836,0,2.92
3116,50,9,2023-08-02,2023-08-21,2023-09-09,1349.07,truck,5,2,0.7567,0.1476,1,453.93
3117,50,10,2024-03-09,2024-04-01,2024-04-05,1982.37,ship,1,1,0.6494,0.1476,1,107.68
3118,5,13,2023-10-31,2023-12-02,2023-12-05,2268.26,ship,3,1,0.3893,0.2606,1,83.54
3119,9,19,2025-09-11,2025-10-02,2025-10-02,1087.57,truck,5,0,0.4687,0.1382,0,3.85
3120,43,11,2024-07-15,2024-08-12,2024-08-15,656.0,truck,1,2,0.2776,0.1166,1,67.65
3121,23,3,2024-08-15,2024-09-14,2024-09-17,3488.05,truck,3,0,0.7379,0.2281,1,74.16
3122,45,10,2024-11-11,2024-11-30,2024-11-30,5142.51,air,3,0,0.5593,0.1051,0,4.55
3123,7,5,2023-02-03,2023-02-25,2023-02-26,1162.22,truck,4,0,0.5317,0.2727,1,18.28
3124,31,4,2025-05-06,2025-05-29,2025-05-29,1324.43,truck,1,2,0.3236,0.2757,0,4.01
3125,21,16,2024-05-27,2024-06-09,2024-06-09,431.99,truck,4,0,0.5563,0.1211,0,2.28
3126,23,5,2023-09-05,2023-10-08,2023-10-10,3737.54,ship,4,1,0.5633,0.2281,1,49.78
3127,16,7,2025-08-25,2025-10-28,2025-10-30,13982.06,ship,4,1,0.1607,0.3266,1,38.48
3128,5,9,2023-11-22,2023-12-21,2023-12-21,1692.6,truck,5,0,0.7027,0.2606,0,2.98
3129,20,2,2024-01-31,2024-03-04,2024-03-04,2306.28,truck,1,1,0.3397,0.2853,0,1.89
3130,9,11,2024-10-02,2024-10-24,2024-10-24,3263.92,truck,1,0,0.4256,0.1382,0,3.16
3131,47,4,2024-04-10,2024-05-06,2024-05-08,936.0,truck,1,1,0.5135,0.1768,1,43.47
3132,45,15,2025-02-17,2025-04-03,2025-04-04,10433.7,ship,3,0,0.4896,0.1051,1,18.55
3133,44,14,2024-10-14,2024-10-30,2024-10-30,1895.67,truck,4,0,0.4725,0.0719,0,4.41
3134,24,4,2025-02-26,2025-03-20,2025-03-20,963.14,truck,4,0,0.5506,0.0437,0,1.94
3135,9,14,2025-06-15,2025-07-17,2025-07-21,4950.68,ship,4,1,0.4125,0.1382,1,98.72
3136,29,18,2023-12-14,2024-01-06,2024-01-09,470.74,truck,2,0,0.6279,0.223,1,67.61
3137,15,3,2023-01-22,2023-02-21,2023-02-22,638.46,truck,2,2,0.4159,0.1012,1,12.24
3138,14,5,2025-07-08,2025-08-21,2025-08-24,6386.22,ship,2,2,0.5212,0.2082,1,81.54
3139,50,5,2024-12-14,2025-01-04,2025-01-04,1271.77,truck,4,0,0.4798,0.1476,1,9.5
3140,25,2,2025-01-01,2025-01-31,2025-02-04,2584.19,truck,3,1,0.47,0.3294,1,96.82
3141,5,19,2023-03-09,2023-04-03,2023-04-06,307.27,truck,2,1,0.5392,0.2606,1,64.04
3142,49,6,2023-05-22,2023-06-15,2023-06-15,2642.54,ship,2,1,0.3662,0.0836,0,2.26
3143,8,19,2024-11-10,2024-12-04,2024-12-04,3349.17,air,4,1,0.2159,0.1094,0,2.81
3144,17,19,2025-01-24,2025-03-09,2025-03-09,351.51,truck,5,2,0.1736,0.1135,0,1.58
3145,25,20,2024-09-20,2024-10-15,2024-10-17,1526.91,air,4,0,0.5514,0.3294,1,44.89
3146,11,9,2025-02-25,2025-03-10,2025-03-10,2187.38,air,3,0,0.8418,0.163,0,2.75
3147,45,10,2025-02-16,2025-03-05,2025-03-05,2361.2,air,2,0,0.2262,0.1051,0,2.52
3148,5,8,2025-02-03,2025-03-03,2025-03-03,1916.92,truck,5,0,0.3442,0.2606,0,2.33
3149,5,19,2023-07-18,2023-08-12,2023-08-14,772.71,truck,4,0,0.3688,0.2606,1,56.09
3150,41,2,2024-03-10,2024-03-29,2024-03-30,1952.4,truck,3,0,0.2353,0.5395,1,22.3
3151,21,17,2025-01-03,2025-01-14,2025-01-14,928.1,truck,3,0,0.4075,0.1211,0,2.82
3152,21,1,2024-09-18,2024-10-05,2024-10-08,2195.93,truck,3,1,0.7253,0.1211,1,61.85
3153,11,13,2023-05-08,2023-06-14,2023-06-19,8816.3,ship,2,1,0.809,0.163,1,125.89
3154,4,4,2024-08-29,2024-09-30,2024-10-03,307.17,truck,4,2,0.5509,0.2301,1,74.53
3155,3,17,2023-11-27,2023-12-25,2023-12-26,2602.2,truck,2,0,0.2711,0.2878,1,19.22
3156,3,8,2023-01-15,2023-02-10,2023-02-15,1899.06,ship,4,0,0.4651,0.2878,1,116.69
3157,23,16,2023-02-07,2023-03-04,2023-03-06,3807.53,air,1,1,0.8006,0.2281,1,52.37
3158,14,19,2024-08-27,2024-09-22,2024-09-25,1048.77,air,5,0,0.3008,0.2082,1,70.47
3159,40,7,2024-12-07,2024-12-27,2024-12-27,2516.85,air,5,1,0.2585,0.1206,0,2.2
3160,40,9,2024-02-27,2024-03-19,2024-03-22,1133.17,truck,4,0,0.7175,0.1206,1,80.98
3161,32,2,2023-09-08,2023-10-03,2023-10-03,587.57,truck,1,1,0.4435,0.299,0,2.01
3162,13,2,2025-06-19,2025-07-04,2025-07-04,3718.61,air,1,0,0.3058,0.1757,0,1.85
3163,38,12,2025-06-27,2025-07-20,2025-07-20,1996.13,ship,3,1,0.3144,0.1178,1,8.98
3164,12,20,2025-01-23,2025-02-24,2025-02-24,465.16,truck,2,2,0.555,0.2771,0,1.71
3165,43,2,2024-03-30,2024-04-28,2024-05-02,384.11,truck,3,1,0.4664,0.1166,1,96.4
3166,20,12,2023-07-17,2023-08-21,2023-08-23,2096.95,ship,5,1,0.2331,0.2853,1,40.68
3167,12,14,2024-02-01,2024-03-04,2024-03-04,364.89,truck,3,0,0.2583,0.2771,0,3.78
3168,35,16,2023-06-11,2023-07-17,2023-07-21,4370.1,ship,3,2,0.6724,0.4038,1,101.4
3169,44,2,2023-08-13,2023-08-25,2023-08-27,648.55,truck,5,1,0.3103,0.0719,1,42.58
3170,27,7,2025-10-18,2025-11-10,2025-11-10,1166.04,air,1,1,0.1883,0.1179,0,2.1
3171,10,1,2025-07-15,2025-08-12,2025-08-12,2414.83,truck,1,1,0.7316,0.335,0,1.21
3172,30,4,2023-10-10,2023-11-02,2023-11-02,3417.65,truck,2,1,0.6124,0.3611,0,1.75
3173,46,14,2024-01-30,2024-02-19,2024-02-19,469.47,truck,4,1,0.3994,0.0911,0,3.16
3174,38,4,2024-07-16,2024-08-15,2024-08-15,6083.95,ship,4,0,0.631,0.1178,0,1.82
3175,35,2,2023-02-05,2023-03-11,2023-03-12,3581.99,ship,1,0,0.2416,0.4038,1,31.23
3176,30,2,2024-07-24,2024-09-12,2024-09-13,11385.53,ship,1,1,0.4062,0.3611,1,22.56
3177,16,19,2025-08-12,2025-09-09,2025-09-10,319.98,truck,5,0,0.2421,0.3266,1,30.52
3178,6,18,2025-08-25,2025-09-22,2025-09-22,424.34,truck,4,1,0.5949,0.3463,0,1.42
3179,28,17,2025-04-02,2025-05-05,2025-05-11,7015.07,ship,3,1,0.3518,0.183,1,132.06
3180,43,6,2023-10-19,2023-11-16,2023-11-16,5895.43,air,4,0,0.3344,0.1166,0,1.68
3181,11,17,2024-03-03,2024-03-29,2024-03-30,4342.22,ship,4,1,0.4605,0.163,1,35.15
3182,16,5,2024-07-03,2024-07-28,2024-07-29,361.22,truck,3,1,0.5512,0.3266,1,35.97
3183,43,13,2025-03-29,2025-04-23,2025-04-27,355.27,truck,4,0,0.5659,0.1166,1,92.81
3184,4,18,2023-10-31,2023-12-05,2023-12-05,2280.67,ship,4,1,0.4528,0.2301,0,2.58
3185,40,19,2024-06-08,2024-07-02,2024-07-02,2588.96,truck,1,0,0.4575,0.1206,0,1.84
3186,2,8,2025-02-14,2025-02-25,2025-02-25,1405.55,truck,5,0,0.5965,0.3485,0,3.32
3187,16,12,2024-06-21,2024-07-17,2024-07-19,491.33,truck,2,1,0.1999,0.3266,1,38.28
3188,12,6,2023-11-06,2023-12-06,2023-12-06,325.42,truck,2,0,0.3688,0.2771,0,1.43
3189,17,10,2023-03-25,2023-05-10,2023-05-12,1989.82,ship,2,0,0.4049,0.1135,1,55.79
3190,43,13,2025-03-21,2025-04-17,2025-04-17,7842.1,air,4,0,0.2867,0.1166,0,2.26
3191,39,2,2023-05-23,2023-06-12,2023-06-12,1257.15,truck,2,1,0.3095,0.2906,1,8.25
3192,12,7,2023-03-27,2023-05-01,2023-05-01,2839.45,truck,1,1,0.3297,0.2771,0,2.81
3193,8,5,2023-06-09,2023-07-14,2023-07-16,4290.93,ship,5,1,0.5292,0.1094,1,59.47
3194,22,13,2023-12-16,2023-12-31,2024-01-05,859.88,truck,3,1,0.3494,0.1904,1,111.53
3195,43,10,2025-05-05,2025-06-06,2025-06-08,3245.65,ship,2,1,0.3494,0.1166,1,53.07
3196,6,15,2024-05-15,2024-06-10,2024-06-16,1209.52,truck,2,1,0.4409,0.3463,1,139.25
3197,5,10,2024-11-10,2024-12-10,2024-12-10,1885.0,ship,1,0,0.4954,0.2606,0,1.9
3198,1,16,2024-07-05,2024-08-19,2024-08-21,7946.59,ship,1,1,0.3837,0.2492,1,47.16
3199,36,16,2024-05-11,2024-06-02,2024-06-02,1389.72,truck,2,1,0.7345,0.0168,0,2.33
3200,18,1,2024-01-07,2024-01-24,2024-01-26,2389.71,truck,4,0,0.6736,0.0465,1,58.51
3201,35,20,2025-09-05,2025-10-07,2025-10-10,2516.36,ship,3,0,0.5762,0.4038,1,78.21
3202,11,6,2024-08-27,2024-09-14,2024-09-14,1742.16,truck,3,1,0.5064,0.163,0,3.91
3203,1,6,2024-05-29,2024-06-23,2024-06-23,663.64,truck,1,0,0.2155,0.2492,0,1.4
3204,41,17,2023-09-14,2023-09-30,2023-10-02,1031.39,truck,4,1,0.1646,0.5395,1,49.81
3205,30,8,2023-09-26,2023-10-13,2023-10-14,489.31,truck,2,0,0.4968,0.3611,1,28.97
3206,36,17,2023-10-14,2023-11-07,2023-11-09,2347.95,truck,1,1,0.3756,0.0168,1,38.66
3207,39,7,2023-06-09,2023-06-29,2023-06-29,865.87,truck,3,1,0.0185,0.2906,0,1.71
3208,26,20,2023-11-27,2023-12-18,2023-12-19,837.18,truck,1,1,0.6163,0.1577,1,35.93
3209,42,20,2024-12-02,2024-12-19,2024-12-19,549.12,truck,1,1,0.5922,0.2372,0,1.47
3210,3,7,2024-07-22,2024-08-17,2024-08-17,361.56,truck,1,0,0.3097,0.2878,0,3.12
3211,26,9,2024-09-16,2024-10-20,2024-10-20,5228.1,ship,1,1,0.5273,0.1577,0,1.05
3212,46,18,2023-08-01,2023-08-23,2023-08-24,1275.0,truck,5,1,0.5413,0.0911,1,27.94
3213,20,2,2023-06-08,2023-07-11,2023-07-11,2242.18,truck,3,1,0.12,0.2853,0,2.02
3214,32,1,2024-07-22,2024-08-17,2024-08-17,308.0,truck,1,1,0.4242,0.299,0,1.65
3215,45,13,2025-09-01,2025-09-19,2025-09-19,2257.59,truck,3,1,0.2565,0.1051,0,2.01
3216,25,15,2024-05-01,2024-05-26,2024-05-29,965.2,truck,1,1,0.5435,0.3294,1,61.97
3217,47,3,2024-09-26,2024-10-22,2024-10-22,300.96,truck,1,1,0.6607,0.1768,0,4.05
3218,11,10,2024-05-08,2024-05-31,2024-05-31,3209.46,ship,1,1,0.3628,0.163,0,2.77
3219,7,13,2025-07-18,2025-08-08,2025-08-08,393.58,truck,1,0,0.3719,0.2727,0,1.31
3220,6,19,2024-03-18,2024-04-16,2024-04-17,1216.93,truck,4,1,0.0924,0.3463,1,34.72
3221,34,8,2023-11-14,2023-11-23,2023-11-29,730.68,truck,5,1,0.6253,0.0399,1,146.75
3222,36,13,2023-08-18,2023-09-29,2023-09-29,7624.44,ship,5,0,0.3614,0.0168,0,1.93
3223,4,1,2024-03-18,2024-04-25,2024-04-25,7644.56,air,4,0,0.4462,0.2301,0,1.93
3224,13,18,2024-11-26,2024-12-19,2024-12-19,2281.81,truck,2,0,0.6965,0.1757,0,2.72
3225,40,13,2024-04-12,2024-05-02,2024-05-02,518.39,truck,1,1,0.3171,0.1206,0,3.16
3226,2,20,2025-04-03,2025-04-12,2025-04-14,658.11,truck,2,1,0.4885,0.3485,1,50.01
3227,5,4,2025-09-17,2025-10-12,2025-10-14,705.34,truck,3,1,0.4369,0.2606,1,43.96
3228,48,18,2024-12-17,2025-01-04,2025-01-04,440.16,truck,4,0,0.6073,0.5295,0,2.21
3229,12,10,2024-10-20,2024-12-14,2024-12-15,8331.46,ship,3,0,0.2965,0.2771,1,27.16
3230,21,9,2023-09-26,2023-10-23,2023-10-27,4760.21,ship,5,1,0.6424,0.1211,1,90.65
3231,32,6,2025-03-08,2025-04-04,2025-04-04,855.74,truck,5,0,0.3658,0.299,0,1.25
3232,48,3,2024-12-11,2024-12-29,2024-12-29,4366.62,air,1,2,0.3907,0.5295,0,2.82
3233,41,12,2024-01-18,2024-02-07,2024-02-09,1636.32,truck,2,0,0.3613,0.5395,1,47.15
3234,36,3,2023-01-10,2023-02-24,2023-02-24,8536.75,ship,1,1,0.5721,0.0168,0,1.88
3235,43,20,2024-10-25,2024-11-19,2024-11-19,531.5,truck,2,2,0.5959,0.1166,0,2.04
3236,44,15,2023-05-16,2023-06-01,2023-06-01,1177.76,truck,3,0,0.4243,0.0719,0,2.16
3237,6,3,2023-02-24,2023-03-24,2023-03-25,577.98,truck,1,1,0.6593,0.3463,1,31.37
3238,8,7,2023-10-28,2023-11-19,2023-11-23,1908.13,truck,3,1,0.4504,0.1094,1,101.21
3239,34,11,2023-09-05,2023-09-14,2023-09-14,1592.91,air,1,1,0.5345,0.0399,0,1.72
3240,31,7,2024-10-02,2024-10-27,2024-10-27,2542.24,ship,1,1,0.2383,0.2757,0,2.66
3241,20,5,2025-03-12,2025-04-13,2025-04-13,371.67,truck,3,0,0.8135,0.2853,0,3.3
3242,27,8,2024-10-26,2024-11-20,2024-11-20,6339.03,air,2,0,0.2922,0.1179,0,6.11
3243,16,14,2023-06-26,2023-08-20,2023-08-23,10957.61,ship,1,2,0.3579,0.3266,1,79.34
3244,6,14,2023-07-19,2023-08-15,2023-08-19,1992.58,truck,1,1,0.3718,0.3463,1,103.5
3245,16,15,2024-12-20,2025-01-18,2025-01-18,1525.74,truck,1,0,0.4882,0.3266,0,2.75
3246,1,16,2025-03-21,2025-04-14,2025-04-17,870.13,truck,4,0,0.6812,0.2492,1,72.93
3247,11,16,2024-04-17,2024-04-30,2024-04-30,384.42,truck,4,1,0.5509,0.163,0,1.72
3248,20,9,2025-03-01,2025-04-07,2025-04-12,4210.62,truck,5,1,0.974,0.2853,1,112.69
3249,13,1,2025-09-22,2025-10-11,2025-10-12,680.2,truck,4,0,0.5916,0.1757,1,26.02
3250,42,5,2024-05-26,2024-06-14,2024-06-16,1809.72,ship,5,0,0.4681,0.2372,1,47.4
3251,27,12,2025-07-01,2025-07-30,2025-07-30,20000.0,air,5,2,0.2985,0.1179,0,1.97
3252,50,3,2025-04-28,2025-05-19,2025-05-19,359.55,truck,1,0,0.4157,0.1476,0,2.57
3253,38,15,2025-06-15,2025-07-02,2025-07-02,1599.46,ship,4,2,0.4655,0.1178,0,3.0
3254,42,11,2025-03-15,2025-03-30,2025-03-30,4446.07,air,2,0,0.5067,0.2372,0,2.42
3255,7,4,2024-05-29,2024-06-19,2024-06-19,528.47,truck,5,1,0.6004,0.2727,0,4.7
3256,29,16,2025-01-06,2025-01-28,2025-01-31,529.2,truck,4,0,0.9207,0.223,1,60.37
3257,18,13,2024-02-20,2024-03-02,2024-03-02,846.98,truck,4,2,0.2219,0.0465,0,3.01
3258,50,1,2025-08-19,2025-09-09,2025-09-10,1532.78,truck,1,1,0.5691,0.1476,1,27.42
3259,12,8,2023-09-23,2023-10-22,2023-10-23,404.71,truck,5,1,0.1976,0.2771,1,17.92
3260,38,12,2023-04-11,2023-04-29,2023-04-29,3260.31,air,4,1,0.3686,0.1178,0,2.1
3261,14,3,2025-05-06,2025-06-14,2025-06-25,4436.9,ship,5,1,0.4322,0.2082,1,258.16
3262,8,13,2023-06-19,2023-07-05,2023-07-05,440.27,truck,3,0,0.7059,0.1094,1,11.64
3263,50,6,2024-01-27,2024-02-19,2024-02-19,2440.01,ship,1,0,0.577,0.1476,0,1.13
3264,49,18,2024-05-03,2024-06-24,2024-06-24,13059.72,ship,5,2,0.7065,0.0836,0,3.33
3265,42,12,2024-01-20,2024-02-03,2024-02-03,701.54,truck,4,0,0.3683,0.2372,0,2.92
3266,47,5,2023-10-31,2023-11-28,2023-11-29,1441.07,truck,2,0,0.5417,0.1768,1,15.55
3267,7,1,2023-05-10,2023-06-15,2023-06-16,5025.7,ship,4,1,0.7693,0.2727,1,34.78
3268,46,4,2025-07-10,2025-08-01,2025-08-04,9358.74,air,4,1,0.4849,0.0911,1,83.82
3269,48,16,2023-10-06,2023-12-16,2023-12-21,20000.0,ship,3,0,0.8709,0.5295,1,121.89
3270,36,1,2024-09-17,2024-10-12,2024-10-14,1634.36,ship,4,1,0.6462,0.0168,1,53.05
3271,24,9,2025-01-10,2025-02-14,2025-02-14,5833.13,ship,5,0,0.5375,0.0437,0,2.04
3272,42,17,2024-12-25,2025-01-10,2025-01-13,892.63,truck,4,0,0.5586,0.2372,1,70.71
3273,48,12,2023-11-20,2024-01-25,2024-01-26,16890.13,ship,4,0,0.5296,0.5295,1,24.35
3274,50,7,2025-09-17,2025-10-03,2025-10-03,612.73,truck,3,0,0.5147,0.1476,0,1.29
3275,5,5,2025-07-19,2025-08-14,2025-08-15,314.79,truck,2,1,0.6695,0.2606,1,35.41
3276,5,7,2025-01-26,2025-03-08,2025-03-11,7118.94,ship,1,2,0.1338,0.2606,1,65.17
3277,15,12,2025-08-05,2025-09-05,2025-09-08,1475.0,truck,5,1,0.2259,0.1012,1,63.49
3278,50,20,2025-11-30,2026-01-15,2026-01-18,9473.04,ship,2,2,0.4296,0.1476,1,65.44
3279,21,3,2024-01-28,2024-02-12,2024-02-13,938.85,truck,4,2,0.4,0.1211,1,21.29
3280,30,20,2025-04-04,2025-04-26,2025-05-04,2036.54,ship,5,1,0.521,0.3611,1,185.79
3281,39,7,2023-12-11,2023-12-30,2024-01-03,456.73,truck,5,1,0.2461,0.2906,1,88.89
3282,33,9,2024-12-10,2024-12-23,2024-12-24,2565.3,air,4,0,0.4622,0.1674,1,13.57
3283,20,14,2025-09-07,2025-10-07,2025-10-07,630.34,truck,1,0,0.1863,0.2853,0,1.74
3284,11,8,2023-11-29,2023-12-24,2023-12-24,4489.79,ship,3,0,0.3205,0.163,0,2.92
3285,12,17,2025-03-12,2025-04-16,2025-04-16,1430.74,truck,5,0,0.2431,0.2771,0,2.56
3286,23,3,2025-03-11,2025-04-01,2025-04-01,511.05,truck,5,1,0.7808,0.2281,0,2.48
3287,29,15,2024-02-14,2024-03-07,2024-03-15,818.77,truck,3,0,0.5057,0.223,1,190.21
3288,41,11,2024-04-05,2024-04-24,2024-04-27,2299.11,ship,3,1,0.5228,0.5395,1,67.94
3289,49,19,2024-12-28,2025-01-15,2025-01-15,1125.02,truck,1,1,0.4425,0.0836,0,5.6
3290,15,8,2025-10-05,2025-11-05,2025-11-08,498.85,truck,5,1,0.5128,0.1012,1,64.0
3291,33,12,2024-06-14,2024-07-25,2024-07-25,10052.55,ship,1,1,0.3304,0.1674,0,2.32
3292,17,2,2025-07-14,2025-08-30,2025-08-30,4973.0,air,1,1,0.3484,0.1135,0,1.26
3293,19,9,2023-04-25,2023-05-31,2023-06-02,6312.13,ship,3,1,0.6464,0.2562,1,55.9
3294,27,14,2023-03-26,2023-05-07,2023-05-08,6435.33,ship,1,1,0.0438,0.1179,1,25.51
3295,38,11,2025-05-04,2025-05-29,2025-05-31,3944.22,ship,5,1,0.2871,0.1178,1,37.8
3296,13,4,2025-11-09,2025-11-22,2025-11-22,5000.43,air,3,1,0.7988,0.1757,0,1.7
3297,3,11,2024-08-05,2024-08-29,2024-09-01,1086.3,truck,5,1,0.218,0.2878,1,81.49
3298,31,11,2024-03-17,2024-04-15,2024-04-15,4005.1,ship,5,0,0.4981,0.2757,0,2.21
3299,3,9,2024-10-28,2024-12-11,2024-12-15,7477.56,ship,5,0,0.6838,0.2878,1,106.33
3300,49,10,2023-12-02,2023-12-20,2023-12-20,400.46,truck,2,0,0.4449,0.0836,0,2.42
3301,10,20,2023-04-05,2023-05-08,2023-05-09,3590.94,ship,5,1,0.4705,0.335,1,35.13
3302,25,8,2024-01-05,2024-01-30,2024-01-30,1080.35,truck,5,0,0.5418,0.3294,0,0.95
3303,21,12,2025-07-16,2025-08-04,2025-08-07,13293.71,air,3,1,0.1891,0.1211,1,62.54
3304,43,2,2023-08-06,2023-08-31,2023-08-31,1386.65,air,4,1,0.2944,0.1166,0,1.31
3305,40,14,2023-12-29,2024-01-18,2024-01-18,659.15,truck,1,0,0.4975,0.1206,0,3.41
3306,42,20,2024-02-22,2024-03-05,2024-03-07,304.27,truck,2,1,0.5438,0.2372,1,50.95
3307,47,14,2023-04-22,2023-05-19,2023-05-19,330.03,truck,5,1,0.2234,0.1768,0,3.47
3308,27,14,2025-08-31,2025-09-26,2025-09-27,3100.89,truck,3,1,0.2231,0.1179,1,13.12
3309,40,14,2025-04-04,2025-04-28,2025-04-28,626.26,truck,4,2,0.4277,0.1206,0,2.7
3310,32,2,2024-02-29,2024-03-24,2024-03-24,486.72,truck,5,1,0.3105,0.299,0,1.65
3311,28,19,2024-06-11,2024-06-25,2024-06-25,1171.85,truck,2,0,0.4358,0.183,0,2.42
3312,14,18,2025-11-26,2025-12-25,2025-12-28,653.25,truck,1,0,0.6869,0.2082,1,74.71
3313,40,9,2024-04-24,2024-05-23,2024-05-25,3056.67,ship,4,0,0.7155,0.1206,1,58.38
3314,23,3,2025-03-14,2025-04-12,2025-04-14,3694.22,truck,5,1,0.6089,0.2281,1,40.73
3315,1,8,2023-03-18,2023-05-02,2023-05-02,8630.9,ship,2,0,0.347,0.2492,0,5.22
3316,31,7,2024-10-05,2024-10-23,2024-10-23,1449.87,truck,3,0,0.3832,0.2757,0,2.55
3317,39,1,2025-10-16,2025-11-09,2025-11-11,2287.3,truck,3,0,0.7946,0.2906,1,58.62
3318,13,20,2023-09-16,2023-10-01,2023-10-01,446.74,truck,5,0,0.4097,0.1757,0,1.54
3319,34,12,2024-01-17,2024-01-28,2024-01-28,3284.33,air,2,0,0.363,0.0399,0,1.69
3320,43,14,2023-08-26,2023-10-28,2023-10-28,13229.44,ship,4,1,0.4771,0.1166,0,1.07
3321,20,13,2023-07-26,2023-08-28,2023-08-28,1770.47,ship,1,0,0.5307,0.2853,1,11.98
3322,38,3,2024-05-03,2024-05-30,2024-06-01,4901.02,ship,1,1,0.817,0.1178,1,44.21
3323,17,19,2025-09-13,2025-10-28,2025-10-28,2123.15,truck,1,0,0.3887,0.1135,0,2.75
3324,44,10,2024-07-27,2024-08-09,2024-08-09,1268.62,truck,5,1,0.5287,0.0719,0,1.91
3325,13,11,2025-08-15,2025-09-01,2025-09-01,798.67,truck,2,1,0.4558,0.1757,0,1.56
3326,7,14,2023-10-01,2023-10-22,2023-10-22,904.2,truck,5,0,0.276,0.2727,0,2.16
3327,40,14,2025-11-20,2026-01-07,2026-01-09,9467.65,ship,5,0,0.2932,0.1206,1,51.27
3328,24,13,2025-01-21,2025-03-03,2025-03-04,7770.42,ship,1,1,0.406,0.0437,1,13.46
3329,5,14,2024-10-11,2024-11-07,2024-11-08,565.35,truck,1,1,0.3798,0.2606,1,26.48
3330,16,9,2024-08-20,2024-09-17,2024-09-17,6100.84,air,1,0,0.6716,0.3266,0,3.08
3331,8,18,2025-01-16,2025-03-02,2025-03-06,8976.96,ship,4,0,0.7148,0.1094,1,101.13
3332,9,11,2024-01-27,2024-02-15,2024-02-16,352.82,truck,5,0,0.2735,0.1382,1,23.82
3333,29,7,2024-03-19,2024-04-08,2024-04-08,2728.22,air,2,0,0.201,0.223,0,1.28
3334,48,7,2023-09-02,2023-09-20,2023-09-20,482.69,truck,1,0,0.0682,0.5295,0,4.51
3335,23,12,2025-08-01,2025-08-25,2025-08-25,816.43,truck,5,1,0.4749,0.2281,0,1.71
3336,17,7,2024-05-28,2024-07-09,2024-07-09,780.53,truck,1,0,0.0597,0.1135,0,5.38
3337,27,9,2024-07-30,2024-08-22,2024-08-23,609.41,truck,1,1,0.7771,0.1179,1,30.06
3338,21,5,2025-10-02,2025-10-28,2025-10-28,4420.08,ship,1,0,0.5913,0.1211,0,3.38
3339,31,15,2023-09-23,2023-10-10,2023-10-10,404.73,truck,3,0,0.5804,0.2757,0,2.03
3340,43,6,2024-09-15,2024-10-25,2024-10-28,5406.14,ship,3,1,0.4074,0.1166,1,72.69
3341,41,10,2024-07-29,2024-08-19,2024-08-24,1464.23,truck,3,2,0.5452,0.5395,1,115.61
3342,49,14,2024-05-03,2024-05-20,2024-05-20,484.7,truck,4,1,0.4268,0.0836,0,2.63
3343,5,6,2025-11-05,2025-12-11,2025-12-16,3382.5,truck,4,0,0.508,0.2606,1,116.55
3344,12,19,2025-03-16,2025-04-19,2025-04-19,1087.52,truck,2,1,0.1471,0.2771,0,2.95
3345,47,12,2024-03-01,2024-04-15,2024-04-15,6176.43,ship,5,0,0.2293,0.1768,0,2.58
3346,19,11,2025-10-12,2025-10-28,2025-10-28,637.36,truck,3,1,0.4421,0.2562,0,3.6
3347,28,16,2023-05-08,2023-06-22,2023-06-23,10280.71,ship,2,0,0.439,0.183,1,22.32
3348,7,2,2024-06-08,2024-06-29,2024-06-29,405.97,truck,2,1,0.3252,0.2727,0,3.82
3349,46,4,2024-10-25,2024-11-10,2024-11-10,2098.31,air,4,0,0.691,0.0911,0,4.22
3350,48,12,2025-05-26,2025-06-10,2025-06-12,684.28,truck,2,1,0.1541,0.5295,1,40.53
3351,30,13,2025-10-14,2025-11-07,2025-11-11,2223.21,ship,1,1,0.478,0.3611,1,87.67
3352,37,20,2023-05-08,2023-07-04,2023-07-04,8944.8,ship,1,0,0.6678,0.1502,0,1.62
3353,23,15,2024-04-28,2024-05-23,2024-05-23,963.11,truck,4,1,0.4812,0.2281,0,0.82
3354,1,18,2024-06-15,2024-07-11,2024-07-11,3079.39,air,1,2,0.7268,0.2492,0,1.83
3355,29,15,2024-12-18,2025-01-09,2025-01-10,943.26,truck,3,0,0.467,0.223,1,25.42
3356,20,18,2025-08-27,2025-09-25,2025-09-25,522.33,truck,1,1,0.535,0.2853,0,1.51
3357,6,6,2025-05-21,2025-06-15,2025-06-15,552.2,truck,2,1,0.6062,0.3463,0,1.72
3358,4,17,2025-06-27,2025-08-02,2025-08-02,1515.57,truck,2,2,0.5041,0.2301,0,1.94
3359,13,4,2024-10-21,2024-11-20,2024-11-22,5316.67,ship,3,1,0.6309,0.1757,1,38.02
3360,34,6,2025-07-22,2025-08-06,2025-08-09,3424.11,truck,2,2,0.3193,0.0399,1,65.73
3361,30,14,2024-02-03,2024-02-22,2024-02-24,1258.54,truck,3,1,0.2507,0.3611,1,53.6
3362,2,20,2023-01-13,2023-01-27,2023-01-28,803.91,truck,1,1,0.5426,0.3485,1,31.44
3363,2,12,2024-12-05,2024-12-20,2024-12-24,1675.54,ship,3,0,0.3349,0.3485,1,92.58
3364,9,14,2023-12-21,2024-01-10,2024-01-10,4261.76,air,5,1,0.2458,0.1382,0,5.46
3365,18,9,2023-09-16,2023-09-26,2023-09-29,3639.42,air,5,1,1.0,0.0465,1,67.71
3366,5,13,2023-01-22,2023-03-22,2023-03-22,11904.55,ship,3,1,0.1921,0.2606,0,2.76
3367,23,5,2023-04-26,2023-05-19,2023-05-21,369.51,truck,5,1,0.3538,0.2281,1,54.15
3368,22,10,2025-06-18,2025-07-06,2025-07-08,4218.02,air,4,1,0.7089,0.1904,1,51.66
3369,28,17,2025-04-18,2025-05-19,2025-05-20,6367.86,ship,5,0,0.3436,0.183,1,18.47
3370,37,8,2024-06-05,2024-07-12,2024-07-14,2747.21,ship,5,1,0.4961,0.1502,1,41.32
3371,39,6,2024-04-04,2024-04-22,2024-04-22,2259.63,air,1,0,0.6279,0.2906,0,2.61
3372,18,5,2023-02-05,2023-02-16,2023-02-16,1514.92,truck,3,0,0.5016,0.0465,0,0.83
3373,26,15,2025-10-28,2025-11-21,2025-11-21,1059.01,truck,1,1,0.6777,0.1577,0,2.23
3374,9,12,2023-06-01,2023-06-22,2023-06-22,1558.41,truck,4,2,0.3904,0.1382,0,2.09
3375,15,1,2025-05-25,2025-06-23,2025-06-23,638.04,truck,5,1,0.7616,0.1012,0,2.3
3376,8,2,2025-09-04,2025-09-27,2025-09-27,1586.09,ship,2,1,0.2737,0.1094,0,1.99
3377,17,7,2025-10-29,2025-12-09,2025-12-11,464.46,truck,5,2,0.1962,0.1135,1,48.36
3378,8,17,2024-02-21,2024-03-17,2024-03-17,1719.31,ship,5,1,0.3381,0.1094,0,4.07
3379,47,1,2025-02-16,2025-03-17,2025-03-17,832.64,truck,2,0,0.6167,0.1768,0,1.42
3380,11,12,2023-09-13,2023-10-08,2023-10-08,3533.73,ship,3,0,0.1636,0.163,0,4.02
3381,2,8,2024-01-09,2024-01-20,2024-01-20,408.68,truck,2,0,0.5404,0.3485,0,1.62
3382,6,3,2023-08-24,2023-09-19,2023-09-19,4207.26,air,1,0,0.7493,0.3463,0,2.15
3383,48,6,2025-03-06,2025-03-24,2025-03-25,468.98,truck,3,0,0.3793,0.5295,1,26.06
3384,47,12,2024-03-21,2024-04-27,2024-04-27,3724.87,ship,1,1,0.3136,0.1768,0,3.42
3385,24,2,2025-06-05,2025-06-26,2025-06-26,3878.62,air,1,1,0.2253,0.0437,0,2.02
3386,7,16,2024-02-18,2024-03-12,2024-03-12,976.13,truck,1,0,0.4236,0.2727,0,2.32
3387,7,10,2025-01-24,2025-04-11,2025-04-13,20000.0,ship,5,0,0.4855,0.2727,1,42.6
3388,50,2,2023-03-19,2023-04-05,2023-04-08,454.82,truck,3,1,0.4094,0.1476,1,65.73
3389,20,1,2025-08-18,2025-09-19,2025-09-20,602.59,truck,4,1,0.4798,0.2853,1,28.28
3390,30,19,2023-11-26,2023-12-15,2023-12-17,438.99,truck,5,1,0.0503,0.3611,1,57.02
3391,1,9,2023-02-06,2023-03-06,2023-03-06,2063.91,truck,3,0,0.6199,0.2492,0,2.8
3392,29,13,2025-03-23,2025-04-14,2025-04-14,2185.64,truck,1,0,0.3261,0.223,0,2.55
3393,7,6,2024-01-23,2024-02-24,2024-02-24,3554.52,ship,4,0,0.6923,0.2727,0,2.79
3394,15,13,2025-07-09,2025-08-15,2025-08-17,2754.86,ship,5,0,0.7222,0.1012,1,44.1
3395,44,17,2025-04-26,2025-06-03,2025-06-05,9172.05,ship,3,1,0.3302,0.0719,1,39.3
3396,18,9,2024-05-07,2024-05-18,2024-05-18,736.63,truck,4,1,0.9247,0.0465,0,3.47
3397,27,9,2025-03-29,2025-05-15,2025-05-16,9326.23,ship,4,1,0.5852,0.1179,1,16.63
3398,45,15,2023-06-26,2023-08-01,2023-08-06,7011.25,ship,2,1,0.6257,0.1051,1,117.14
3399,11,13,2023-12-20,2024-01-25,2024-01-25,8317.45,ship,5,1,0.3257,0.163,0,3.16
3400,4,3,2024-04-29,2024-05-29,2024-06-07,695.39,truck,5,1,0.9921,0.2301,1,224.83
3401,12,7,2025-07-13,2025-08-12,2025-08-12,1503.0,air,4,0,0.4032,0.2771,0,1.52
3402,34,16,2023-09-25,2023-10-07,2023-10-09,1562.33,ship,1,1,0.4351,0.0399,1,44.9
3403,30,1,2024-07-13,2024-07-29,2024-07-31,545.0,truck,5,1,0.4809,0.3611,1,46.21
3404,14,15,2023-11-09,2023-12-08,2023-12-09,1232.91,truck,4,1,0.444,0.2082,1,24.52
3405,37,20,2023-04-09,2023-05-29,2023-05-29,7912.15,ship,1,1,0.5896,0.1502,0,3.14
3406,48,5,2023-01-03,2023-01-20,2023-01-21,2109.36,truck,5,0,0.1213,0.5295,1,29.71
3407,22,6,2025-04-26,2025-05-22,2025-05-27,3803.09,ship,5,1,0.665,0.1904,1,116.2
3408,47,18,2025-11-04,2025-12-01,2025-12-03,400.74,truck,3,1,0.4214,0.1768,1,42.29
3409,36,19,2024-07-15,2024-08-06,2024-08-08,1308.49,truck,4,1,0.2069,0.0168,1,37.0
3410,6,16,2023-03-05,2023-04-22,2023-04-23,8020.53,ship,1,1,0.4561,0.3463,1,31.84
3411,40,20,2025-10-21,2025-12-10,2025-12-12,11304.4,ship,3,0,0.5197,0.1206,1,59.49
3412,14,2,2023-05-11,2023-06-06,2023-06-06,738.15,truck,5,1,0.4184,0.2082,0,2.51
3413,18,12,2023-01-12,2023-01-22,2023-01-22,390.93,truck,1,0,0.3884,0.0465,0,3.01
3414,38,3,2024-05-24,2024-06-07,2024-06-07,1726.61,air,5,0,0.4048,0.1178,0,1.41
3415,24,7,2025-02-02,2025-02-25,2025-02-25,657.78,truck,5,1,0.1662,0.0437,0,1.82
3416,23,9,2024-03-12,2024-05-13,2024-05-13,13454.55,ship,3,0,0.462,0.2281,0,0.98
3417,24,12,2023-02-04,2023-02-28,2023-03-01,1772.49,truck,1,0,0.2986,0.0437,1,15.59
3418,41,6,2023-02-02,2023-03-21,2023-03-23,11045.24,ship,3,0,0.5484,0.5395,1,56.9
3419,36,12,2025-04-17,2025-05-08,2025-05-08,434.54,truck,2,1,0.0096,0.0168,0,3.26
3420,24,2,2025-03-08,2025-04-29,2025-04-29,11141.96,ship,4,0,0.5458,0.0437,0,2.0
3421,43,12,2025-07-26,2025-08-22,2025-08-24,1145.14,truck,4,1,0.3085,0.1166,1,36.43
3422,26,19,2025-11-21,2025-12-31,2025-12-31,6272.71,ship,1,2,0.3061,0.1577,0,1.39
3423,34,2,2025-07-13,2025-07-24,2025-07-26,1966.66,truck,1,1,0.3351,0.0399,1,37.36
3424,19,11,2023-03-17,2023-05-01,2023-05-03,9912.87,ship,2,1,0.409,0.2562,1,47.65
3425,48,6,2024-01-01,2024-01-19,2024-01-22,1193.76,truck,2,0,0.5189,0.5295,1,61.46
3426,33,13,2025-08-07,2025-08-21,2025-08-24,2240.32,truck,5,0,0.5057,0.1674,1,77.32
3427,1,5,2024-12-27,2025-01-19,2025-01-19,497.95,truck,3,0,0.3206,0.2492,0,1.79
3428,14,12,2024-10-19,2024-11-16,2024-11-16,6837.85,air,4,0,0.2471,0.2082,0,2.52
3429,36,18,2023-09-02,2023-09-25,2023-09-25,6357.13,air,5,1,0.6705,0.0168,0,2.3
3430,22,2,2024-07-27,2024-08-08,2024-08-09,441.1,truck,3,1,0.434,0.1904,1,33.13
3431,49,5,2024-06-23,2024-07-13,2024-07-13,1916.49,truck,2,1,0.5386,0.0836,0,2.15
3432,19,13,2025-08-23,2025-09-11,2025-09-19,1295.45,truck,1,0,0.2475,0.2562,1,185.51
3433,44,17,2023-08-13,2023-09-05,2023-09-05,3685.51,ship,2,1,0.3214,0.0719,0,4.97
3434,35,5,2024-09-01,2024-09-29,2024-10-11,8122.41,air,4,1,0.509,0.4038,1,279.08
3435,2,14,2023-11-01,2023-11-13,2023-11-13,4554.02,air,4,0,0.4654,0.3485,0,2.52
3436,33,8,2025-01-26,2025-02-07,2025-02-07,412.11,truck,3,0,0.2781,0.1674,0,3.08
3437,36,2,2025-04-13,2025-05-26,2025-05-26,8470.5,ship,3,1,0.2855,0.0168,0,2.43
3438,9,16,2024-11-23,2024-12-11,2024-12-13,1520.05,truck,4,0,0.5362,0.1382,1,46.54
3439,15,11,2023-02-02,2023-03-11,2023-03-11,16549.8,air,4,0,0.1655,0.1012,0,2.59
3440,16,16,2024-11-03,2024-12-01,2024-12-01,2215.81,truck,1,0,0.4412,0.3266,0,1.56
3441,10,16,2023-02-21,2023-03-31,2023-04-02,6143.91,ship,4,1,0.7242,0.335,1,52.06
3442,31,17,2025-04-26,2025-06-25,2025-06-25,15771.13,ship,2,1,0.3302,0.2757,0,1.91
3443,29,17,2023-08-22,2023-09-10,2023-09-13,1087.88,truck,2,1,0.4253,0.223,1,70.88
3444,31,5,2025-05-31,2025-06-18,2025-06-18,1339.04,truck,4,1,0.4547,0.2757,0,2.55
3445,27,6,2024-07-31,2024-08-22,2024-08-25,367.43,truck,3,2,0.5817,0.1179,1,82.71
3446,45,9,2023-05-23,2023-06-06,2023-06-06,603.55,truck,2,1,0.6954,0.1051,0,3.3
3447,33,4,2024-08-19,2024-09-02,2024-09-02,384.33,truck,4,1,0.7043,0.1674,0,2.81
3448,21,14,2024-01-19,2024-02-03,2024-02-03,7970.73,air,1,1,0.5579,0.1211,0,1.19
3449,22,20,2025-05-13,2025-05-30,2025-05-30,1912.4,truck,4,0,0.3756,0.1904,0,1.73
3450,7,15,2024-10-08,2024-11-13,2024-11-15,5306.21,ship,1,1,0.6665,0.2727,1,39.68
3451,38,2,2024-05-12,2024-05-29,2024-05-29,2074.42,air,2,1,0.4795,0.1178,0,2.67
3452,33,17,2024-07-07,2024-07-21,2024-07-24,1848.09,air,4,2,0.1657,0.1674,1,73.6
3453,20,16,2024-03-24,2024-04-25,2024-04-25,1036.45,truck,4,0,0.5195,0.2853,0,2.58
3454,44,16,2024-06-16,2024-06-29,2024-06-29,2419.01,air,3,1,0.4096,0.0719,0,1.55
3455,19,2,2023-08-27,2023-09-15,2023-09-15,824.71,truck,3,1,0.4498,0.2562,0,1.97
3456,16,6,2023-01-15,2023-02-16,2023-02-16,3689.86,truck,3,0,0.679,0.3266,0,2.59
3457,15,16,2024-01-27,2024-02-25,2024-02-25,367.16,truck,5,0,0.6365,0.1012,0,1.8
3458,38,19,2024-11-12,2024-11-27,2024-11-27,399.03,truck,4,2,0.1735,0.1178,0,2.76
3459,46,16,2025-08-06,2025-09-30,2025-10-02,13523.75,ship,3,1,0.6974,0.0911,1,49.16
3460,32,2,2023-08-08,2023-10-08,2023-10-08,12575.46,ship,1,1,0.2915,0.299,0,2.1
3461,34,12,2024-05-01,2024-05-14,2024-05-16,716.14,truck,5,1,0.3282,0.0399,1,55.95
3462,38,9,2023-03-16,2023-03-31,2023-04-01,512.97,truck,5,0,0.7136,0.1178,1,21.21
3463,12,16,2024-03-10,2024-04-10,2024-04-11,402.65,truck,5,1,0.5228,0.2771,1,13.76
3464,6,4,2025-05-03,2025-05-31,2025-05-31,637.5,truck,1,1,0.467,0.3463,0,3.5
3465,21,18,2023-03-15,2023-04-05,2023-04-06,4785.61,truck,3,0,0.6697,0.1211,1,17.42
3466,34,8,2023-07-19,2023-07-28,2023-07-28,3277.11,air,3,1,0.6243,0.0399,0,2.88
3467,43,7,2024-11-16,2024-12-21,2024-12-23,3048.13,ship,1,1,0.2366,0.1166,1,41.47
3468,31,15,2025-06-06,2025-06-25,2025-06-27,1107.45,air,5,2,0.4714,0.2757,1,59.5
3469,36,8,2024-02-11,2024-03-05,2024-03-05,6361.07,air,3,0,0.2692,0.0168,0,3.67
3470,43,5,2025-05-24,2025-06-19,2025-06-23,932.26,truck,4,2,0.4669,0.1166,1,99.2
3471,39,20,2024-12-28,2025-01-16,2025-01-16,1147.28,truck,3,2,0.7652,0.2906,0,2.27
3472,10,18,2025-05-25,2025-06-17,2025-06-19,520.53,truck,3,2,0.3994,0.335,1,47.29
3473,12,14,2023-02-17,2023-03-26,2023-03-27,3308.45,truck,2,0,0.4122,0.2771,1,28.56
3474,46,3,2023-04-09,2023-04-29,2023-04-29,324.09,truck,1,0,0.5131,0.0911,0,2.94
3475,21,12,2023-05-06,2023-05-20,2023-05-23,374.61,truck,5,1,0.1915,0.1211,1,61.37
3476,41,14,2023-05-01,2023-05-18,2023-05-18,1174.99,truck,2,2,0.4274,0.5395,0,2.15
3477,50,17,2025-03-28,2025-04-17,2025-04-17,3038.98,air,1,1,0.3025,0.1476,0,2.03
3478,14,12,2023-09-17,2023-11-06,2023-11-07,9012.38,ship,1,1,0.0355,0.2082,1,25.73
3479,23,17,2025-11-05,2025-12-27,2025-12-27,10942.52,ship,1,0,0.4284,0.2281,0,1.54
3480,46,3,2024-04-22,2024-06-08,2024-06-08,9444.41,ship,2,1,0.7497,0.0911,0,1.47
3481,21,9,2024-12-14,2025-01-02,2025-01-02,13751.05,air,1,0,0.6141,0.1211,0,2.19
3482,44,10,2025-01-04,2025-01-23,2025-01-23,3251.87,ship,3,0,0.5768,0.0719,0,1.99
3483,16,8,2023-09-23,2023-10-17,2023-10-19,2816.22,air,3,1,0.1976,0.3266,1,57.8
3484,49,20,2024-12-06,2024-12-25,2024-12-25,1227.86,truck,3,2,0.6047,0.0836,0,1.8
3485,50,9,2024-06-26,2024-07-23,2024-07-25,3138.63,ship,3,2,0.856,0.1476,1,39.74
3486,6,4,2023-03-19,2023-04-12,2023-04-12,2394.95,air,2,0,0.4911,0.3463,0,2.73
3487,38,14,2025-05-14,2025-05-28,2025-05-28,1872.38,air,2,2,0.4233,0.1178,0,1.37
3488,19,9,2023-01-05,2023-01-22,2023-01-22,966.13,truck,1,0,0.6067,0.2562,0,2.68
3489,7,6,2023-10-20,2023-11-10,2023-11-10,1781.65,truck,1,0,0.2599,0.2727,0,2.78
3490,36,15,2025-08-30,2025-09-24,2025-09-24,6904.13,air,2,1,0.4242,0.0168,0,3.05
3491,21,14,2024-02-22,2024-03-21,2024-03-21,5369.45,ship,2,1,0.2942,0.1211,0,2.35
3492,2,11,2024-07-25,2024-08-27,2024-08-31,8354.83,ship,1,1,0.3514,0.3485,1,97.11
3493,13,19,2024-10-22,2024-11-08,2024-11-08,1781.42,truck,5,0,0.0978,0.1757,0,3.03
3494,24,3,2025-02-06,2025-02-25,2025-02-25,506.11,truck,2,1,0.5083,0.0437,0,2.02
3495,41,15,2023-02-09,2023-03-07,2023-03-08,3963.18,ship,1,0,0.3879,0.5395,1,19.47
3496,15,8,2023-08-20,2023-10-23,2023-10-25,11717.74,ship,3,1,0.4508,0.1012,1,54.62
3497,23,17,2023-05-06,2023-05-31,2023-05-31,742.12,truck,3,0,0.1977,0.2281,0,4.19
3498,25,11,2025-07-22,2025-08-14,2025-08-14,4095.11,air,1,1,0.3115,0.3294,0,1.31
3499,16,18,2025-11-09,2025-12-06,2025-12-06,599.81,truck,5,1,0.4651,0.3266,0,2.03
3500,44,3,2025-09-07,2025-09-21,2025-09-21,2297.97,truck,1,1,0.5285,0.0719,0,2.47
3501,47,20,2025-01-03,2025-02-08,2025-02-08,3676.9,ship,5,1,0.685,0.1768,0,1.81
3502,8,9,2024-09-11,2024-10-06,2024-10-06,1574.23,ship,1,1,0.5552,0.1094,0,3.95
3503,9,4,2025-05-11,2025-05-26,2025-05-26,3184.98,air,2,1,0.3583,0.1382,0,5.84
3504,9,12,2025-07-30,2025-09-13,2025-09-16,8838.35,ship,5,1,0.5221,0.1382,1,81.55
3505,50,17,2025-09-06,2025-10-14,2025-10-17,7491.56,ship,5,1,0.333,0.1476,1,68.65
3506,20,2,2023-05-17,2023-06-18,2023-06-18,758.59,truck,3,1,0.3058,0.2853,0,1.76
3507,35,3,2025-06-03,2025-06-26,2025-06-26,416.12,truck,1,1,0.6507,0.4038,0,2.8
3508,1,2,2025-06-17,2025-07-15,2025-07-27,1625.26,ship,4,1,0.3231,0.2492,1,285.62
3509,14,17,2024-10-16,2024-11-20,2024-11-20,3863.9,ship,3,0,0.4255,0.2082,0,1.6
3510,2,12,2023-08-31,2023-09-13,2023-09-14,1191.14,truck,5,1,0.3828,0.3485,1,35.7
3511,42,9,2024-07-30,2024-09-05,2024-09-07,7238.76,ship,4,1,0.7771,0.2372,1,37.31
3512,42,5,2025-03-19,2025-04-02,2025-04-02,1917.21,air,3,0,0.5966,0.2372,0,3.22
3513,35,8,2023-09-15,2023-11-17,2023-11-21,12942.69,ship,4,0,0.2039,0.4038,1,85.56
3514,43,7,2025-04-01,2025-05-03,2025-05-03,3219.92,ship,4,1,0.3577,0.1166,0,1.69
3515,41,2,2025-08-02,2025-08-20,2025-08-27,2192.51,air,5,2,0.5128,0.5395,1,170.68
3516,42,5,2024-11-05,2024-11-20,2024-11-20,3514.18,air,1,0,0.4229,0.2372,0,0.86
3517,5,11,2024-07-08,2024-08-02,2024-08-03,344.65,truck,2,1,0.4349,0.2606,1,12.74
3518,14,19,2023-01-01,2023-02-09,2023-02-09,4494.47,ship,5,2,0.2584,0.2082,0,3.41
3519,9,3,2025-09-01,2025-10-14,2025-10-15,9134.56,ship,2,0,0.6691,0.1382,1,14.75
3520,41,7,2023-03-15,2023-05-08,2023-05-09,13541.24,ship,1,2,0.2644,0.5395,1,28.99
3521,1,12,2024-04-06,2024-05-02,2024-05-02,1830.24,truck,2,1,0.0456,0.2492,0,2.23
3522,49,11,2023-10-21,2023-12-12,2023-12-13,13133.1,ship,1,1,0.3933,0.0836,1,24.94
3523,39,6,2024-11-23,2025-01-25,2025-01-26,16303.68,ship,3,0,0.2842,0.2906,1,26.7
3524,18,6,2024-10-22,2024-11-02,2024-11-02,861.0,truck,3,0,0.8254,0.0465,0,2.97
3525,18,14,2023-03-05,2023-03-19,2023-03-19,1766.15,ship,2,0,0.2761,0.0465,0,5.79
3526,22,11,2023-05-28,2023-06-17,2023-06-17,1623.4,truck,5,1,0.3358,0.1904,0,1.54
3527,39,19,2025-08-25,2025-09-14,2025-09-14,640.18,truck,1,0,0.3743,0.2906,0,2.91
3528,15,20,2023-03-18,2023-04-19,2023-04-24,769.95,truck,5,1,0.7176,0.1012,1,125.85
3529,1,7,2024-09-13,2024-10-03,2024-10-05,376.7,truck,4,0,0.5165,0.2492,1,41.2
3530,28,2,2023-03-14,2023-03-28,2023-03-28,328.47,truck,3,0,0.419,0.183,0,2.76
3531,37,14,2023-03-15,2023-04-16,2023-04-16,1592.4,truck,4,0,0.3949,0.1502,0,1.71
3532,35,14,2025-01-17,2025-02-12,2025-02-12,1037.9,truck,3,1,0.251,0.4038,0,3.32
3533,30,12,2024-09-28,2024-10-21,2024-10-21,3261.86,truck,2,0,0.4139,0.3611,0,4.26
3534,44,8,2025-03-20,2025-05-22,2025-05-22,17905.87,ship,2,1,0.244,0.0719,0,1.81
3535,32,10,2025-02-17,2025-03-18,2025-03-18,1019.15,truck,4,0,0.2627,0.299,0,3.62
3536,25,9,2023-12-21,2024-01-13,2024-01-13,3005.5,air,4,0,0.612,0.3294,0,2.8
3537,39,1,2023-03-08,2023-03-27,2023-03-28,582.29,truck,3,0,0.5218,0.2906,1,20.06
3538,3,13,2025-05-31,2025-07-07,2025-07-09,4496.64,ship,4,0,0.5327,0.2878,1,39.17
3539,26,12,2024-08-17,2024-09-08,2024-09-08,1002.15,truck,5,1,0.3109,0.1577,0,2.43
3540,29,10,2024-09-24,2024-10-14,2024-10-18,2088.09,air,2,1,0.6012,0.223,1,103.23
3541,46,11,2024-09-13,2024-10-02,2024-10-07,1082.94,truck,2,1,0.5079,0.0911,1,111.87
3542,46,19,2023-06-29,2023-07-17,2023-07-17,319.05,truck,3,1,0.5236,0.0911,0,2.54
3543,41,5,2023-01-15,2023-02-02,2023-02-02,589.93,truck,3,0,0.4037,0.5395,0,1.77
3544,18,18,2024-09-16,2024-11-02,2024-11-04,12799.6,ship,4,0,0.6732,0.0465,1,53.64
3545,2,14,2024-01-25,2024-02-04,2024-02-04,618.53,truck,2,0,0.3435,0.3485,0,1.99
3546,4,1,2023-04-17,2023-05-19,2023-05-19,669.73,truck,4,1,0.6175,0.2301,0,8.24
3547,12,7,2024-06-06,2024-07-11,2024-07-11,1343.29,truck,4,0,0.2701,0.2771,0,1.92
3548,7,4,2025-06-05,2025-06-30,2025-07-04,1040.17,truck,2,2,0.3946,0.2727,1,93.24
3549,26,4,2025-07-11,2025-08-04,2025-08-06,693.17,truck,4,1,0.5585,0.1577,1,57.53
3550,20,2,2024-05-07,2024-06-08,2024-06-13,1062.0,truck,2,1,0.5488,0.2853,1,108.6
3551,10,13,2025-11-14,2025-12-05,2025-12-05,2353.76,air,2,1,0.6855,0.335,0,2.4
3552,30,2,2025-06-17,2025-07-07,2025-07-07,1905.29,truck,1,1,0.3231,0.3611,0,1.49
3553,39,9,2023-06-04,2023-06-27,2023-06-29,1778.54,truck,2,1,0.6762,0.2906,1,57.12
3554,32,2,2025-05-19,2025-06-16,2025-06-21,430.55,truck,2,0,0.3547,0.299,1,110.98
3555,11,3,2024-03-30,2024-04-13,2024-04-13,1953.84,truck,5,1,0.6252,0.163,0,2.34
3556,5,12,2023-11-02,2023-12-02,2023-12-02,2496.11,truck,4,0,0.1362,0.2606,0,2.25
3557,28,16,2024-11-06,2024-11-30,2024-11-30,2848.46,ship,1,0,0.3777,0.183,0,1.77
3558,25,10,2025-10-22,2025-11-14,2025-11-14,725.13,truck,2,1,0.4084,0.3294,0,2.42
3559,47,12,2024-08-25,2024-09-23,2024-09-25,418.39,truck,3,2,0.3541,0.1768,1,52.83
3560,35,15,2023-08-26,2023-10-27,2023-10-27,13646.95,ship,5,0,0.4314,0.4038,0,1.93
3561,26,15,2025-09-17,2025-10-06,2025-10-06,685.43,truck,5,1,0.5955,0.1577,0,2.23
3562,6,9,2024-08-17,2024-10-03,2024-10-05,6738.72,ship,3,0,0.7475,0.3463,1,50.64
3563,15,10,2023-02-09,2023-03-13,2023-03-17,310.87,truck,2,0,0.6319,0.1012,1,99.71
3564,9,14,2025-04-27,2025-05-18,2025-05-19,5836.76,air,2,2,0.3187,0.1382,1,27.54
3565,17,16,2024-06-06,2024-07-17,2024-07-17,931.32,truck,3,1,0.7635,0.1135,0,1.52
3566,3,15,2024-03-12,2024-04-05,2024-04-10,1199.84,truck,4,2,0.4209,0.2878,1,127.97
3567,24,6,2023-06-05,2023-06-29,2023-06-29,2433.86,truck,1,1,0.2905,0.0437,0,2.33
3568,5,3,2024-08-17,2024-09-15,2024-09-20,967.11,truck,3,0,0.6339,0.2606,1,115.62
3569,11,13,2024-12-01,2024-12-18,2024-12-18,1973.02,truck,2,2,0.5967,0.163,0,1.84
3570,24,20,2023-01-16,2023-02-07,2023-02-08,821.32,truck,5,0,0.5385,0.0437,1,21.79
3571,46,18,2023-05-14,2023-06-02,2023-06-06,755.69,truck,4,1,0.6013,0.0911,1,100.03
3572,45,13,2025-08-06,2025-08-22,2025-08-23,1861.17,truck,3,1,0.5537,0.1051,1,22.91
3573,27,5,2024-07-23,2024-08-21,2024-08-22,3807.07,ship,4,1,0.6254,0.1179,1,23.76
3574,49,18,2023-10-14,2023-10-31,2023-11-02,375.15,truck,2,0,0.6301,0.0836,1,36.37
3575,24,19,2023-09-23,2023-11-05,2023-11-05,7873.68,ship,1,1,0.3354,0.0437,0,1.73
3576,17,12,2025-03-03,2025-04-13,2025-04-13,1616.26,air,5,0,0.3251,0.1135,0,4.58
3577,49,3,2023-06-26,2023-07-15,2023-07-17,1560.61,truck,2,1,0.4014,0.0836,1,37.49
3578,31,18,2023-07-22,2023-08-09,2023-08-11,7124.97,air,3,1,0.4812,0.2757,1,43.08
3579,46,7,2025-11-24,2026-02-06,2026-02-06,20000.0,ship,3,1,0.3355,0.0911,0,2.24
3580,11,1,2023-03-28,2023-05-07,2023-05-07,9056.57,ship,1,1,0.479,0.163,0,4.02
3581,10,16,2024-09-25,2024-10-22,2024-10-22,5117.06,air,1,1,0.378,0.335,0,2.79
3582,44,13,2024-12-09,2024-12-23,2024-12-30,1265.31,truck,4,2,0.7195,0.0719,1,175.58
3583,18,2,2023-12-18,2023-12-28,2023-12-28,390.46,truck,2,0,0.3057,0.0465,0,1.77
3584,22,8,2025-03-27,2025-04-14,2025-04-17,2005.0,truck,4,0,0.3043,0.1904,1,80.12
3585,44,2,2023-10-21,2023-12-15,2023-12-22,15426.95,ship,5,0,0.2737,0.0719,1,168.01
3586,39,8,2024-04-22,2024-05-14,2024-05-14,948.29,truck,1,1,0.425,0.2906,0,1.42
3587,18,20,2025-10-07,2025-10-18,2025-10-18,415.9,truck,2,1,0.5141,0.0465,0,4.69
3588,5,13,2023-07-20,2023-09-11,2023-09-11,10382.96,ship,3,0,0.3349,0.2606,0,2.2
3589,42,3,2023-06-02,2023-06-22,2023-06-22,1858.74,ship,2,0,0.4011,0.2372,0,2.12
3590,3,18,2023-11-08,2023-12-03,2023-12-05,722.84,truck,1,1,0.2364,0.2878,1,50.75
3591,11,5,2023-09-09,2023-10-12,2023-10-14,5807.0,ship,3,1,0.4548,0.163,1,40.7
3592,46,19,2023-01-07,2023-02-01,2023-02-07,13631.45,air,4,1,0.2023,0.0911,1,137.97
3593,22,16,2025-01-12,2025-02-09,2025-02-09,4514.36,ship,5,0,0.7857,0.1904,0,3.26
3594,12,19,2024-08-15,2024-09-18,2024-09-20,2522.85,truck,3,0,0.2878,0.2771,1,41.18
3595,29,13,2025-08-27,2025-09-18,2025-09-18,461.64,truck,1,0,0.4665,0.223,0,3.42
3596,44,7,2025-08-31,2025-09-13,2025-09-13,604.62,truck,5,0,0.2267,0.0719,0,1.33
3597,14,10,2023-07-08,2023-08-07,2023-08-08,8134.52,air,2,2,0.5296,0.2082,1,21.1
3598,32,9,2023-03-22,2023-04-20,2023-04-25,1596.72,truck,1,1,0.6111,0.299,1,111.72
3599,48,19,2023-07-21,2023-08-21,2023-08-21,4941.41,ship,1,0,0.1923,0.5295,0,3.09
3600,49,4,2025-10-28,2025-11-14,2025-11-14,508.43,truck,2,0,0.4926,0.0836,0,2.24
3601,1,6,2024-12-23,2025-01-17,2025-01-19,901.94,truck,4,0,0.4714,0.2492,1,37.72
3602,38,6,2025-10-09,2025-10-27,2025-10-30,303.89,truck,5,1,0.6172,0.1178,1,66.6
3603,40,20,2024-10-25,2024-11-21,2024-11-22,1835.55,ship,5,2,0.5959,0.1206,1,18.12
3604,24,13,2023-11-25,2023-12-14,2023-12-18,339.0,truck,1,2,0.243,0.0437,1,86.08
3605,37,12,2025-03-29,2025-04-30,2025-04-30,583.86,truck,3,1,0.3138,0.1502,0,2.34
3606,7,12,2023-01-04,2023-01-28,2023-01-28,788.4,truck,2,0,0.5155,0.2727,0,1.83
3607,35,19,2025-09-17,2025-10-14,2025-10-15,966.42,truck,2,0,0.5092,0.4038,1,25.22
3608,22,17,2025-11-17,2025-12-05,2025-12-05,1448.93,truck,4,0,0.2748,0.1904,0,1.67
3609,3,19,2024-03-20,2024-04-30,2024-04-30,6578.6,ship,1,2,0.1699,0.2878,0,2.13
3610,10,10,2023-07-22,2023-08-14,2023-08-19,974.19,truck,1,1,0.6637,0.335,1,109.8
3611,43,18,2024-07-15,2024-08-12,2024-08-19,1858.92,truck,1,2,0.3893,0.1166,1,165.8
3612,21,2,2025-07-04,2025-07-19,2025-07-19,950.92,truck,4,2,0.2706,0.1211,0,1.52
3613,6,15,2023-01-14,2023-02-25,2023-02-26,5085.16,ship,3,0,0.3945,0.3463,1,32.73
3614,8,13,2025-08-27,2025-09-21,2025-09-24,2318.5,truck,3,0,0.4665,0.1094,1,83.65
3615,9,13,2023-02-26,2023-03-21,2023-03-24,1705.52,truck,1,1,0.5679,0.1382,1,71.57
3616,11,3,2023-03-24,2023-04-12,2023-04-12,2479.27,truck,4,1,0.4308,0.163,0,2.32
3617,45,10,2025-05-04,2025-05-18,2025-05-20,419.74,truck,3,2,0.467,0.1051,1,46.4
3618,4,11,2025-08-18,2025-09-19,2025-09-19,1497.81,air,5,1,0.5495,0.2301,0,3.69
3619,24,13,2025-01-09,2025-02-05,2025-02-05,3200.45,truck,3,2,0.2946,0.0437,0,2.85
3620,46,18,2025-11-29,2025-12-18,2025-12-18,592.12,truck,1,0,0.782,0.0911,0,4.72
3621,14,13,2024-05-21,2024-06-19,2024-06-21,1893.5,ship,1,1,0.5345,0.2082,1,41.66
3622,28,10,2024-08-24,2024-09-06,2024-09-06,1641.93,air,4,1,0.338,0.183,0,1.91
3623,34,14,2024-01-24,2024-02-15,2024-02-15,4764.03,ship,1,0,0.2707,0.0399,0,1.61
3624,6,2,2023-11-26,2023-12-24,2023-12-24,5276.14,air,4,0,0.0927,0.3463,0,3.22
3625,10,4,2023-12-08,2024-01-01,2024-01-04,608.5,truck,5,1,0.6052,0.335,1,68.18
3626,43,12,2024-03-13,2024-04-09,2024-04-09,3278.71,air,5,0,0.2047,0.1166,0,2.29
3627,24,1,2025-05-22,2025-06-18,2025-06-18,3003.92,ship,1,2,0.7265,0.0437,0,3.68
3628,49,1,2025-12-01,2026-01-06,2026-01-06,7135.1,ship,4,0,0.5247,0.0836,0,2.79
3629,14,15,2024-02-19,2024-03-20,2024-03-24,1299.6,truck,2,0,0.5534,0.2082,1,89.8
3630,5,7,2024-11-23,2025-01-16,2025-01-19,9013.94,ship,3,2,0.1471,0.2606,1,61.8
3631,17,19,2024-07-24,2024-09-09,2024-09-09,1644.75,truck,5,1,0.4156,0.1135,0,2.0
3632,46,2,2025-07-05,2025-07-27,2025-07-27,4897.42,air,3,1,0.2904,0.0911,0,1.96
3633,43,19,2024-05-29,2024-06-28,2024-06-30,2690.45,truck,4,0,0.2954,0.1166,1,49.58
3634,44,11,2025-01-27,2025-02-10,2025-02-10,441.28,truck,2,0,0.4733,0.0719,0,1.37
3635,11,14,2023-10-17,2023-10-31,2023-10-31,2178.28,air,1,0,0.2947,0.163,0,1.5
3636,8,20,2024-01-25,2024-02-21,2024-02-21,6125.48,air,3,2,0.514,0.1094,0,1.78
3637,43,6,2024-03-09,2024-04-10,2024-04-10,2303.95,ship,1,0,0.2598,0.1166,0,2.08
3638,20,5,2024-11-03,2024-12-05,2024-12-06,3240.26,air,4,0,0.2793,0.2853,1,17.76
3639,35,18,2024-01-12,2024-02-08,2024-02-08,2703.56,truck,5,0,0.6529,0.4038,0,1.29
3640,3,11,2023-03-28,2023-04-19,2023-04-21,511.47,truck,5,1,0.33,0.2878,1,56.02
3641,48,17,2025-10-08,2025-11-13,2025-11-15,6429.85,ship,3,1,0.4433,0.5295,1,57.46
3642,44,9,2025-03-03,2025-03-18,2025-03-23,1258.59,truck,1,0,0.9738,0.0719,1,121.86
3643,19,6,2024-07-30,2024-08-14,2024-08-17,474.17,truck,1,2,0.5194,0.2562,1,67.34
3644,36,16,2023-11-29,2023-12-22,2023-12-22,2997.14,air,1,0,0.6051,0.0168,0,1.92
3645,15,18,2024-08-17,2024-09-20,2024-09-22,1237.57,truck,5,1,0.7812,0.1012,1,49.47
3646,39,6,2023-12-24,2024-01-11,2024-01-12,798.92,truck,1,0,0.6619,0.2906,1,20.08
3647,43,7,2025-04-06,2025-05-06,2025-05-06,1338.71,truck,2,0,0.3264,0.1166,0,1.28
3648,31,13,2025-06-14,2025-07-09,2025-07-09,2452.94,ship,5,0,0.4592,0.2757,0,3.77
3649,33,8,2023-09-02,2023-09-16,2023-09-16,5065.79,air,3,1,0.4172,0.1674,0,3.51
3650,50,13,2024-01-04,2024-01-25,2024-01-25,7330.87,air,5,2,0.5944,0.1476,0,1.51
3651,31,13,2025-09-28,2025-10-22,2025-10-22,1681.87,ship,3,0,0.1568,0.2757,0,3.96
3652,27,5,2023-10-10,2023-11-02,2023-11-02,839.32,truck,3,0,0.4651,0.1179,0,2.65
3653,34,3,2024-01-14,2024-01-29,2024-02-01,3166.8,truck,2,1,0.4995,0.0399,1,83.68
3654,21,6,2023-04-13,2023-04-26,2023-04-26,946.31,truck,2,1,0.6876,0.1211,0,3.15
3655,15,11,2023-10-21,2023-11-26,2023-11-26,2614.96,truck,2,1,0.3933,0.1012,0,1.75
3656,36,18,2023-05-02,2023-06-04,2023-06-05,5197.49,ship,1,1,0.7358,0.0168,1,14.52
3657,40,20,2024-11-23,2024-12-17,2024-12-17,1933.23,air,3,0,0.8101,0.1206,0,2.4
3658,19,11,2025-07-14,2025-08-10,2025-08-10,14277.59,air,1,1,0.4706,0.2562,0,1.36
3659,39,6,2023-07-20,2023-08-15,2023-08-15,2064.91,ship,2,0,0.5336,0.2906,0,3.4
3660,4,18,2024-08-01,2024-09-06,2024-09-09,8810.59,air,2,1,0.4877,0.2301,1,68.0
3661,41,13,2024-05-06,2024-05-26,2024-05-26,11273.47,air,5,0,0.4236,0.5395,0,3.86
3662,29,14,2025-09-05,2025-09-26,2025-09-26,3888.08,air,5,1,0.2978,0.223,0,1.97
3663,11,14,2024-06-20,2024-07-07,2024-07-07,1784.03,truck,1,2,0.5305,0.163,0,2.51
3664,12,1,2025-10-14,2025-11-14,2025-11-14,894.17,truck,3,0,0.7962,0.2771,0,3.05
3665,20,3,2023-04-19,2023-05-26,2023-05-26,1560.6,ship,3,0,0.5627,0.2853,0,3.42
3666,44,2,2023-09-29,2023-10-18,2023-10-21,2096.55,ship,3,1,0.5581,0.0719,1,71.24
3667,45,3,2024-07-10,2024-07-25,2024-07-25,845.53,truck,5,0,0.4293,0.1051,0,2.48
3668,39,6,2025-07-09,2025-07-30,2025-08-01,1089.39,truck,2,1,0.3962,0.2906,1,55.2
3669,21,5,2025-03-29,2025-04-23,2025-04-27,4492.26,ship,4,0,0.7605,0.1211,1,90.4
3670,18,13,2024-04-22,2024-05-06,2024-05-08,1889.88,truck,3,1,0.5059,0.0465,1,53.21
3671,43,20,2024-10-14,2024-11-12,2024-11-12,1009.16,truck,1,0,0.5645,0.1166,0,1.99
3672,38,3,2024-12-30,2025-01-20,2025-01-20,2234.15,ship,3,1,0.632,0.1178,0,1.82
3673,2,3,2025-06-23,2025-07-05,2025-07-08,6294.92,air,5,1,0.4569,0.3485,1,74.85
3674,14,3,2024-10-06,2024-11-01,2024-11-01,732.72,truck,1,1,0.5004,0.2082,0,2.38
3675,6,7,2024-11-11,2024-12-15,2024-12-17,4676.34,truck,3,1,0.3455,0.3463,1,52.26
3676,32,3,2023-11-19,2023-12-23,2023-12-24,3094.03,ship,3,1,0.4881,0.299,1,35.13
3677,12,7,2024-09-25,2024-10-24,2024-10-29,929.14,truck,1,1,0.3565,0.2771,1,113.34
3678,7,17,2023-06-01,2023-06-24,2023-06-24,776.28,truck,4,1,0.1991,0.2727,0,1.83
3679,16,17,2024-10-08,2024-11-02,2024-11-02,764.7,truck,4,0,0.1416,0.3266,0,1.42
3680,40,3,2024-03-14,2024-04-13,2024-04-15,20000.0,air,5,2,0.5665,0.1206,1,59.61
3681,11,6,2025-02-24,2025-03-08,2025-03-08,463.74,truck,3,0,0.3866,0.163,0,2.77
3682,37,9,2023-07-28,2023-09-08,2023-09-17,4097.26,ship,5,1,0.9013,0.1502,1,205.93
3683,49,14,2023-01-03,2023-01-22,2023-01-22,1060.01,truck,3,0,0.4482,0.0836,0,2.97
3684,19,11,2023-04-25,2023-06-24,2023-07-08,15723.33,ship,2,2,0.7504,0.2562,1,342.36
3685,1,6,2025-02-27,2025-03-23,2025-03-24,1201.83,air,4,1,0.4084,0.2492,1,30.34
3686,28,7,2024-02-09,2024-02-26,2024-02-27,2284.9,truck,5,1,0.0654,0.183,1,30.08
3687,15,17,2024-01-23,2024-02-24,2024-02-24,367.67,truck,5,0,0.2916,0.1012,0,6.8
3688,13,9,2023-03-04,2023-03-19,2023-03-21,532.3,truck,5,0,0.6609,0.1757,1,41.24
3689,26,14,2023-03-12,2023-04-03,2023-04-03,2221.06,air,2,1,0.1297,0.1577,0,2.68
3690,41,19,2023-07-04,2023-07-23,2023-07-24,7301.22,air,1,1,0.3922,0.5395,1,27.61
3691,22,11,2023-05-22,2023-06-09,2023-06-09,1833.95,truck,1,1,0.3466,0.1904,0,4.67
3692,48,13,2023-05-06,2023-05-27,2023-05-27,7888.26,air,1,1,0.6052,0.5295,0,1.75
3693,31,15,2025-01-02,2025-01-22,2025-01-22,7523.47,air,3,1,0.5805,0.2757,0,1.27
3694,4,20,2025-01-10,2025-02-11,2025-02-12,340.53,truck,4,0,0.7642,0.2301,1,29.9
3695,37,1,2025-09-10,2025-10-11,2025-10-12,832.83,truck,1,1,0.7729,0.1502,1,35.51
3696,19,7,2023-04-01,2023-04-21,2023-04-21,767.76,truck,2,1,0.3054,0.2562,0,3.05
3697,10,11,2024-12-20,2025-01-14,2025-01-15,1609.73,ship,4,1,0.446,0.335,1,30.48
3698,47,9,2023-08-13,2023-09-12,2023-09-24,1480.95,truck,5,1,0.6889,0.1768,1,296.13
3699,47,7,2025-09-14,2025-10-12,2025-10-13,1408.9,truck,4,1,0.368,0.1768,1,18.67
3700,38,15,2025-09-27,2025-11-08,2025-11-11,9328.84,ship,5,2,0.7685,0.1178,1,67.17
3701,13,20,2024-03-01,2024-03-16,2024-03-17,885.27,truck,1,1,0.4807,0.1757,1,15.46
3702,30,13,2024-01-09,2024-01-24,2024-01-24,1300.6,air,2,2,0.609,0.3611,0,4.74
3703,13,12,2025-09-12,2025-10-01,2025-10-01,2379.69,truck,4,1,0.161,0.1757,0,1.39
3704,34,16,2025-09-09,2025-09-21,2025-09-21,2278.21,truck,4,1,0.6648,0.0399,0,3.26
3705,48,15,2024-11-09,2025-01-09,2025-01-23,15638.26,ship,3,1,0.4006,0.5295,1,342.35
3706,29,17,2023-08-28,2023-09-17,2023-09-17,353.44,truck,1,1,0.2154,0.223,0,1.42
3707,50,4,2025-05-10,2025-05-31,2025-06-02,2599.43,truck,3,1,0.335,0.1476,1,56.05
3708,9,8,2024-04-27,2024-06-13,2024-06-13,9105.48,ship,5,1,0.5976,0.1382,0,3.94
3709,17,11,2025-04-28,2025-06-09,2025-06-13,3845.6,air,4,1,0.4159,0.1135,1,96.3
3710,31,3,2024-11-09,2024-11-29,2024-12-04,1070.91,truck,1,1,0.5369,0.2757,1,125.37
3711,45,4,2024-01-13,2024-02-04,2024-02-04,3141.48,truck,5,0,0.4393,0.1051,0,1.98
3712,8,12,2024-04-12,2024-05-02,2024-05-02,1891.36,air,1,1,0.1994,0.1094,0,2.31
3713,28,2,2025-05-15,2025-06-03,2025-06-03,1987.41,ship,5,2,0.2214,0.183,0,1.55
3714,5,6,2023-05-24,2023-06-22,2023-06-22,493.35,truck,1,1,0.3607,0.2606,0,1.31
3715,5,1,2025-11-13,2025-12-09,2025-12-11,387.6,truck,5,0,0.5063,0.2606,1,54.95
3716,13,5,2023-01-15,2023-02-02,2023-02-02,1444.31,truck,4,0,0.4037,0.1757,0,4.66
3717,46,16,2023-08-27,2023-09-18,2023-09-23,8258.77,air,2,1,0.7301,0.0911,1,112.13
3718,31,3,2024-07-01,2024-07-20,2024-07-20,741.44,truck,3,0,0.7066,0.2757,0,1.52
3719,20,9,2023-06-08,2023-07-24,2023-07-31,5538.33,ship,2,2,0.6037,0.2853,1,166.56
3720,18,9,2023-08-29,2023-09-11,2023-09-14,1096.47,truck,1,2,0.759,0.0465,1,68.88
3721,26,3,2024-09-03,2024-09-22,2024-09-22,326.79,truck,1,0,0.6106,0.1577,0,1.47
3722,7,1,2025-10-09,2025-12-03,2025-12-04,11516.23,ship,2,1,0.8119,0.2727,1,31.34
3723,11,16,2024-05-13,2024-05-29,2024-05-29,6730.41,air,5,1,0.7619,0.163,0,2.48
3724,26,4,2023-08-23,2023-09-16,2023-09-16,1426.7,truck,3,1,0.4496,0.1577,0,3.22
3725,16,6,2023-11-21,2023-12-14,2023-12-19,315.63,truck,1,0,0.5293,0.3266,1,111.92
3726,8,10,2023-06-29,2023-07-25,2023-07-25,1997.33,ship,1,2,0.4468,0.1094,0,1.42
3727,6,18,2024-12-30,2025-02-19,2025-02-21,8586.06,ship,2,0,0.5861,0.3463,1,46.24
3728,28,16,2023-06-05,2023-07-18,2023-07-19,10223.96,ship,3,1,0.7091,0.183,1,30.12
3729,17,17,2025-07-22,2025-09-04,2025-09-05,763.23,truck,3,2,0.123,0.1135,1,18.19
3730,3,7,2024-12-10,2025-02-08,2025-02-08,13176.35,ship,2,3,0.4646,0.2878,0,2.05
3731,16,19,2025-10-25,2025-11-19,2025-11-19,520.04,truck,4,0,0.3148,0.3266,0,1.36
3732,5,6,2024-03-23,2024-04-20,2024-04-20,691.6,truck,4,0,0.643,0.2606,0,1.78
3733,10,18,2024-12-05,2025-02-22,2025-02-26,20000.0,ship,3,0,0.6964,0.335,1,94.35
3734,37,5,2023-05-23,2023-06-24,2023-06-24,408.72,truck,2,2,0.5542,0.1502,0,2.95
3735,49,4,2025-06-01,2025-06-17,2025-06-21,318.81,truck,3,2,0.5637,0.0836,1,96.81
3736,9,15,2023-03-17,2023-04-05,2023-04-07,1025.87,truck,1,0,0.3763,0.1382,1,37.72
3737,39,8,2024-07-15,2024-08-07,2024-08-08,1381.73,truck,1,1,0.65,0.2906,1,14.41
3738,21,2,2025-05-02,2025-05-22,2025-05-22,3449.31,truck,3,1,0.5397,0.1211,0,2.19
3739,41,11,2025-03-30,2025-04-16,2025-04-18,848.96,truck,2,0,0.3193,0.5395,1,57.25
3740,36,14,2024-03-03,2024-04-10,2024-04-10,6354.76,ship,1,0,0.2369,0.0168,0,1.52
3741,42,5,2024-03-28,2024-04-12,2024-04-12,328.67,truck,2,0,0.4464,0.2372,0,1.47
3742,40,5,2024-06-07,2024-06-28,2024-06-29,624.2,truck,1,1,0.6594,0.1206,1,28.79
3743,10,17,2023-10-17,2023-11-12,2023-11-12,10643.21,air,2,1,0.3027,0.335,0,3.5
3744,7,8,2023-09-26,2023-11-16,2023-11-17,10188.19,ship,3,0,0.4968,0.2727,1,12.97
3745,13,9,2024-01-24,2024-02-12,2024-02-12,1325.97,truck,4,0,0.9177,0.1757,0,1.9
3746,20,4,2023-07-17,2023-08-17,2023-08-17,2574.47,air,3,1,0.4357,0.2853,0,1.84
3747,32,12,2023-06-27,2023-08-07,2023-08-07,5643.59,ship,4,1,0.1886,0.299,0,1.93
3748,16,2,2023-03-21,2023-04-20,2023-04-21,9299.06,air,3,0,0.5909,0.3266,1,31.71
3749,2,6,2025-02-18,2025-02-28,2025-03-04,619.99,truck,5,0,0.4048,0.3485,1,86.68
3750,43,7,2023-01-11,2023-02-07,2023-02-10,858.92,truck,5,1,0.2612,0.1166,1,64.23
3751,5,20,2024-10-23,2024-11-28,2024-12-02,3565.96,ship,4,2,0.5864,0.2606,1,94.39
3752,3,8,2024-11-02,2024-11-27,2024-11-27,352.05,truck,1,0,0.4882,0.2878,0,1.66
3753,38,4,2023-08-19,2023-09-04,2023-09-06,539.64,truck,4,2,0.43,0.1178,1,46.14
3754,8,8,2023-06-24,2023-07-29,2023-07-30,5088.25,ship,4,2,0.2129,0.1094,1,35.68
3755,18,19,2025-02-21,2025-03-03,2025-03-05,1262.68,truck,3,1,0.4033,0.0465,1,55.4
3756,16,8,2025-04-16,2025-05-09,2025-05-09,413.38,truck,4,1,0.2901,0.3266,0,2.75
3757,19,19,2023-02-15,2023-03-06,2023-03-09,535.59,truck,1,1,0.3385,0.2562,1,69.8
3758,2,7,2023-01-07,2023-01-20,2023-01-20,755.89,truck,1,1,0.2786,0.3485,0,1.89
3759,5,8,2025-02-10,2025-04-29,2025-05-10,18305.98,ship,3,1,0.5736,0.2606,1,275.55
3760,5,1,2023-07-28,2023-08-26,2023-08-30,1634.87,truck,2,2,0.6996,0.2606,1,106.33
3761,40,1,2024-05-06,2024-05-25,2024-05-26,1007.8,truck,3,2,0.6579,0.1206,1,15.98
3762,25,20,2024-12-24,2025-02-07,2025-02-08,6789.87,ship,4,2,0.6053,0.3294,1,16.72
3763,2,13,2024-07-10,2024-07-26,2024-07-26,10279.51,air,4,0,0.4547,0.3485,0,5.45
3764,34,16,2025-02-02,2025-02-13,2025-02-13,1074.98,truck,4,0,0.8545,0.0399,0,2.15
3765,24,20,2023-08-04,2023-08-27,2023-08-27,925.52,truck,3,0,0.6535,0.0437,0,0.85
3766,16,19,2023-08-22,2023-10-04,2023-10-04,7345.98,ship,2,1,0.3553,0.3266,1,11.79
3767,29,10,2024-01-29,2024-02-29,2024-03-02,3892.99,ship,5,1,0.6136,0.223,1,50.75
3768,14,10,2023-05-15,2023-06-10,2023-06-12,531.7,truck,4,1,0.6442,0.2082,1,50.83
3769,25,2,2024-06-19,2024-07-11,2024-07-15,340.36,truck,4,2,0.3174,0.3294,1,105.3
3770,40,16,2025-09-19,2025-10-14,2025-10-14,778.03,truck,1,0,0.771,0.1206,0,3.11
3771,26,2,2024-05-13,2024-06-02,2024-06-06,496.72,truck,3,1,0.3901,0.1577,1,89.64
3772,44,19,2024-07-23,2024-08-05,2024-08-09,621.63,truck,3,1,0.3388,0.0719,1,100.88
3773,3,15,2024-07-29,2024-09-01,2024-09-02,2537.13,ship,1,1,0.3839,0.2878,1,19.94
3774,22,8,2023-05-05,2023-05-23,2023-05-24,803.5,truck,3,1,0.2244,0.1904,1,15.15
3775,26,2,2023-09-04,2023-09-25,2023-09-25,726.85,truck,1,1,0.4447,0.1577,0,2.62
3776,6,17,2024-02-24,2024-04-21,2024-04-22,11605.99,ship,1,0,0.339,0.3463,1,17.56
3777,38,12,2023-01-10,2023-01-26,2023-01-26,6083.12,air,4,0,0.4673,0.1178,0,2.35
3778,15,15,2025-06-13,2025-07-25,2025-07-30,3645.83,ship,4,2,0.5835,0.1012,1,121.65
3779,22,19,2023-05-24,2023-06-08,2023-06-12,364.58,truck,4,0,0.0612,0.1904,1,86.84
3780,20,6,2024-01-17,2024-02-24,2024-02-26,3855.88,ship,4,0,0.6068,0.2853,1,37.3
3781,8,19,2025-03-14,2025-04-05,2025-04-05,1268.43,truck,1,1,0.246,0.1094,0,0.63
3782,8,11,2023-06-26,2023-07-16,2023-07-16,790.24,truck,2,2,0.5362,0.1094,0,2.95
3783,36,8,2024-03-15,2024-04-18,2024-04-18,5670.6,ship,3,0,0.3441,0.0168,0,3.53
3784,35,10,2024-02-01,2024-02-28,2024-02-28,459.24,truck,4,0,0.386,0.4038,0,0.93
3785,39,10,2025-11-14,2025-12-03,2025-12-03,605.15,truck,2,0,0.3759,0.2906,0,2.03
3786,48,4,2025-08-18,2025-09-13,2025-09-15,4455.57,ship,3,1,0.4726,0.5295,1,38.13
3787,39,2,2023-08-05,2023-09-21,2023-09-21,9850.71,ship,1,1,0.3314,0.2906,0,3.28
3788,25,11,2025-02-07,2025-03-03,2025-03-03,1508.49,truck,4,0,0.2759,0.3294,0,2.05
3789,14,19,2024-09-28,2024-10-26,2024-10-26,1635.16,truck,2,1,0.3562,0.2082,0,2.27
3790,32,20,2024-07-06,2024-08-01,2024-08-01,915.97,truck,2,0,0.6251,0.299,0,3.37
3791,12,6,2025-06-12,2025-07-15,2025-07-15,1009.43,truck,2,1,0.6464,0.2771,0,1.46
3792,28,18,2025-11-15,2025-12-02,2025-12-02,661.73,truck,1,0,0.5686,0.183,0,3.39
3793,47,14,2023-10-14,2023-11-13,2023-11-13,1318.32,truck,5,0,0.2024,0.1768,0,3.69
3794,13,4,2023-12-10,2024-01-14,2024-01-16,6349.69,ship,3,1,0.6249,0.1757,1,48.77
3795,19,10,2025-05-30,2025-06-17,2025-06-17,1407.77,truck,5,2,0.5736,0.2562,0,2.61
3796,33,19,2024-08-28,2024-09-11,2024-09-11,1102.12,truck,2,0,0.325,0.1674,0,2.95
3797,43,2,2023-10-06,2023-11-01,2023-11-01,352.49,truck,5,1,0.4051,0.1166,0,1.72
3798,13,3,2024-06-01,2024-06-29,2024-07-02,4399.2,ship,4,0,0.4394,0.1757,1,76.95
3799,40,20,2024-02-16,2024-03-08,2024-03-08,2301.0,air,5,1,0.6298,0.1206,0,1.59
3800,42,2,2024-10-21,2024-11-05,2024-11-05,3078.96,air,3,0,0.1954,0.2372,0,2.73
3801,26,15,2025-05-10,2025-06-30,2025-07-02,10757.08,ship,3,1,0.708,0.1577,1,58.01
3802,13,6,2023-02-25,2023-03-14,2023-03-17,529.09,truck,5,0,0.5971,0.1757,1,80.43
3803,47,10,2024-09-05,2024-10-10,2024-10-13,3443.06,ship,1,1,0.4256,0.1768,1,64.23
3804,24,5,2025-06-13,2025-08-29,2025-08-30,20000.0,ship,4,1,0.4945,0.0437,1,18.25
3805,12,5,2024-10-08,2024-11-09,2024-11-11,344.23,truck,1,0,0.5251,0.2771,1,50.34
3806,19,13,2023-01-11,2023-01-26,2023-01-31,489.77,truck,5,1,0.5719,0.2562,1,120.41
3807,22,7,2025-05-04,2025-07-10,2025-07-12,18232.43,ship,4,1,0.289,0.1904,1,59.48
3808,1,9,2024-04-23,2024-05-16,2024-05-19,349.95,truck,3,1,0.8208,0.2492,1,63.44
3809,49,17,2025-03-03,2025-03-22,2025-03-22,925.58,truck,5,0,0.2722,0.0836,0,2.08
3810,22,16,2023-03-09,2023-03-27,2023-03-28,1488.81,truck,2,0,0.3924,0.1904,1,34.04
3811,27,16,2023-01-01,2023-01-20,2023-01-20,338.4,truck,2,0,0.5801,0.1179,0,1.67
3812,48,9,2023-08-10,2023-09-01,2023-09-02,1757.98,truck,5,2,0.7435,0.5295,1,34.99
3813,24,3,2023-05-01,2023-05-23,2023-05-25,1139.5,truck,5,0,0.5997,0.0437,1,43.26
3814,47,17,2024-12-30,2025-01-22,2025-01-22,378.29,truck,1,0,0.4397,0.1768,0,2.28
3815,25,4,2025-04-16,2025-05-09,2025-05-09,632.91,truck,3,0,0.6013,0.3294,0,1.56
3816,21,4,2025-03-26,2025-04-08,2025-04-12,807.25,truck,5,1,0.6401,0.1211,1,107.79
3817,43,4,2023-07-19,2023-09-03,2023-09-05,7937.81,ship,2,1,0.4778,0.1166,1,40.45
3818,4,8,2024-01-14,2024-02-16,2024-02-17,487.62,truck,1,0,0.4702,0.2301,1,18.13
3819,26,13,2025-03-03,2025-03-30,2025-03-30,2856.51,ship,2,1,0.3139,0.1577,0,2.41
3820,11,10,2025-10-14,2025-11-02,2025-11-02,3275.34,truck,1,1,0.3469,0.163,0,1.55
3821,45,3,2023-08-27,2023-09-15,2023-09-15,2359.26,truck,3,1,0.5707,0.1051,0,2.4
3822,20,6,2025-05-26,2025-06-25,2025-06-25,342.55,truck,2,1,0.4459,0.2853,0,2.79
3823,45,12,2025-06-26,2025-07-13,2025-07-14,2323.04,truck,3,1,0.3263,0.1051,1,27.52
3824,27,16,2024-08-04,2024-08-25,2024-08-29,548.14,truck,2,2,0.5392,0.1179,1,87.62
3825,6,4,2023-10-05,2023-11-01,2023-11-01,766.36,truck,1,0,0.6605,0.3463,0,2.26
3826,41,15,2025-07-08,2025-07-26,2025-07-30,926.94,truck,3,2,0.4941,0.5395,1,98.62
3827,25,14,2023-07-15,2023-08-20,2023-08-20,5033.19,ship,5,1,0.343,0.3294,0,2.49
3828,37,12,2024-11-10,2024-12-13,2024-12-13,8316.21,air,2,0,0.364,0.1502,0,3.51
3829,45,5,2023-12-28,2024-01-12,2024-01-12,627.72,truck,5,0,0.4105,0.1051,0,3.29
3830,8,10,2025-01-18,2025-02-11,2025-02-14,1479.81,truck,4,1,0.4835,0.1094,1,69.09
3831,5,15,2025-01-03,2025-01-31,2025-02-04,2117.56,ship,5,1,0.5896,0.2606,1,107.17
3832,43,10,2025-09-11,2025-10-30,2025-10-31,7947.19,ship,4,1,0.564,0.1166,1,12.94
3833,16,18,2025-06-09,2025-07-10,2025-07-12,2395.4,truck,1,2,0.4111,0.3266,1,42.64
3834,45,12,2025-08-25,2025-09-06,2025-09-09,343.48,truck,2,2,0.5654,0.1051,1,70.89
3835,20,18,2023-10-06,2023-11-06,2023-11-08,3711.39,air,1,1,0.4721,0.2853,1,39.31
3836,14,6,2025-08-27,2025-09-24,2025-09-24,696.33,truck,2,0,0.5674,0.2082,0,2.39
3837,27,13,2023-08-03,2023-08-23,2023-08-23,662.39,truck,1,0,0.499,0.1179,1,8.39
3838,46,8,2025-06-29,2025-07-20,2025-07-20,731.37,truck,3,1,0.448,0.0911,0,2.06
3839,38,9,2025-05-02,2025-05-29,2025-05-29,3990.34,ship,2,1,0.7275,0.1178,0,2.27
3840,40,3,2025-08-23,2025-11-07,2025-11-07,20000.0,ship,3,0,0.8655,0.1206,0,3.41
3841,44,13,2024-06-24,2024-07-13,2024-07-14,2037.17,ship,5,0,0.4461,0.0719,1,29.58
3842,6,15,2024-08-06,2024-09-06,2024-09-06,10061.37,air,1,0,0.5883,0.3463,0,1.23
3843,43,12,2023-06-16,2023-07-10,2023-07-10,1089.15,truck,1,1,0.205,0.1166,0,3.71
3844,29,17,2025-01-13,2025-02-02,2025-02-06,495.99,truck,1,1,0.3231,0.223,1,84.37
3845,11,2,2023-03-31,2023-04-15,2023-04-15,930.07,truck,5,1,0.3893,0.163,0,1.79
3846,41,6,2024-02-28,2024-03-18,2024-03-20,1153.54,truck,4,0,0.4113,0.5395,1,47.96
3847,49,6,2025-07-28,2025-08-15,2025-08-15,943.99,truck,5,2,0.457,0.0836,0,2.08
3848,8,18,2024-01-18,2024-02-10,2024-02-11,564.75,truck,3,0,0.7012,0.1094,1,17.32
3849,47,8,2025-09-24,2025-10-31,2025-11-02,3094.83,ship,5,0,0.3473,0.1768,1,47.81
3850,21,13,2023-02-17,2023-03-09,2023-03-18,2370.1,ship,4,2,0.3561,0.1211,1,225.82
3851,6,8,2023-03-26,2023-06-15,2023-06-17,20000.0,ship,2,0,0.2747,0.3463,1,50.35
3852,42,6,2025-03-05,2025-04-05,2025-04-08,6688.21,ship,5,0,0.3989,0.2372,1,61.12
3853,26,17,2024-10-17,2024-11-27,2024-11-27,8156.12,ship,1,0,0.394,0.1577,0,2.14
3854,5,18,2025-03-13,2025-04-11,2025-04-12,2140.0,truck,2,0,0.5276,0.2606,1,21.63
3855,23,1,2025-07-11,2025-08-10,2025-08-12,2105.35,ship,3,1,0.5724,0.2281,1,48.36
3856,48,10,2024-12-25,2025-01-13,2025-01-17,1382.63,truck,5,0,0.4506,0.5295,1,90.28
3857,1,8,2025-04-01,2025-05-10,2025-05-10,5511.57,ship,1,1,0.3658,0.2492,0,2.01
3858,49,9,2023-04-15,2023-04-30,2023-04-30,399.56,truck,1,0,0.6318,0.0836,0,2.87
3859,44,19,2025-08-29,2025-10-19,2025-10-19,13911.83,ship,5,0,0.3517,0.0719,0,2.23
3860,19,11,2025-03-22,2025-04-15,2025-04-15,11684.25,air,4,0,0.5383,0.2562,0,3.66
3861,39,2,2024-10-01,2024-10-22,2024-10-23,981.41,truck,4,1,0.3079,0.2906,1,26.76
3862,19,18,2025-07-12,2025-08-09,2025-08-12,3984.09,ship,3,2,0.7485,0.2562,1,66.67
3863,26,1,2025-01-25,2025-02-17,2025-02-17,1428.98,truck,1,0,0.7706,0.1577,0,2.7
3864,47,7,2025-07-28,2025-08-26,2025-08-26,1478.73,truck,5,0,0.3189,0.1768,0,3.5
3865,13,11,2023-05-07,2023-05-20,2023-05-21,926.25,truck,2,1,0.4393,0.1757,1,33.99
3866,41,12,2023-10-10,2023-11-02,2023-11-03,3105.3,ship,2,0,0.3888,0.5395,1,25.52
3867,16,15,2023-01-04,2023-02-02,2023-02-04,1246.25,truck,3,0,0.4702,0.3266,1,59.49
3868,19,11,2023-10-10,2023-11-02,2023-11-02,13936.07,air,4,0,0.3671,0.2562,0,1.14
3869,25,1,2025-05-17,2025-06-11,2025-06-13,893.14,truck,5,1,0.7082,0.3294,1,58.21
3870,12,18,2025-10-14,2025-11-29,2025-11-29,5582.79,ship,5,1,0.5149,0.2771,0,3.06
3871,5,9,2023-02-06,2023-03-04,2023-03-04,411.02,truck,1,0,0.6199,0.2606,0,2.7
3872,9,4,2023-07-12,2023-08-08,2023-08-14,4283.44,truck,4,1,0.4632,0.1382,1,148.53
3873,43,13,2024-10-16,2024-11-14,2024-11-14,1827.75,truck,3,0,0.4963,0.1166,0,1.38
3874,22,14,2024-12-20,2025-01-08,2025-01-27,1993.82,ship,3,1,0.1611,0.1904,1,446.13
3875,38,5,2024-01-24,2024-02-11,2024-02-12,4662.57,air,2,0,0.5785,0.1178,1,21.13
3876,2,14,2024-06-26,2024-07-12,2024-07-12,2036.3,ship,2,1,0.4393,0.3485,0,4.4
3877,31,5,2024-06-27,2024-07-14,2024-07-17,1917.88,truck,5,1,0.5686,0.2757,1,77.1
3878,25,2,2023-11-02,2023-11-28,2023-11-29,380.53,truck,3,0,0.2625,0.3294,1,28.05
3879,9,13,2024-03-09,2024-03-30,2024-03-30,403.53,truck,2,1,0.4952,0.1382,0,1.23
3880,10,13,2025-02-02,2025-02-25,2025-03-02,382.18,truck,5,1,0.1266,0.335,1,129.2
3881,3,15,2024-11-18,2024-12-11,2024-12-14,622.34,truck,1,1,0.6113,0.2878,1,76.23
3882,20,15,2023-12-01,2024-01-01,2024-01-01,304.17,truck,5,0,0.56,0.2853,0,1.63
3883,16,6,2024-07-07,2024-08-04,2024-08-05,604.25,truck,3,1,0.4267,0.3266,1,18.58
3884,12,14,2025-08-07,2025-10-21,2025-10-22,15009.51,ship,2,1,0.4263,0.2771,1,14.79
3885,40,17,2024-11-20,2024-12-12,2024-12-12,615.92,truck,2,0,0.136,0.1206,0,2.02
3886,8,8,2025-09-18,2025-10-11,2025-10-11,383.98,truck,3,1,0.354,0.1094,1,11.12
3887,2,16,2024-03-26,2024-04-10,2024-04-12,2383.44,truck,3,1,0.5716,0.3485,1,58.45
3888,39,13,2025-07-10,2025-07-31,2025-07-31,427.35,truck,3,0,0.7004,0.2906,0,1.71
3889,12,17,2023-08-21,2023-09-24,2023-09-26,379.62,truck,4,0,0.4753,0.2771,1,48.48
3890,31,1,2023-07-31,2023-08-18,2023-08-24,581.26,truck,5,2,0.6589,0.2757,1,140.73
3891,37,10,2025-03-11,2025-05-06,2025-05-06,9216.07,ship,2,0,0.4861,0.1502,0,2.55
3892,35,6,2025-11-04,2025-12-17,2025-12-17,6585.68,ship,1,0,0.513,0.4038,0,2.46
3893,1,11,2023-11-10,2023-12-03,2023-12-05,1890.65,truck,2,1,0.6935,0.2492,1,58.41
3894,29,9,2023-12-19,2024-02-18,2024-02-20,13932.63,ship,1,0,0.7155,0.223,1,46.38
3895,16,6,2025-07-16,2025-08-13,2025-08-13,890.85,truck,2,0,0.2657,0.3266,0,3.04
3896,41,9,2024-07-19,2024-08-14,2024-08-17,4177.47,ship,5,0,0.7989,0.5395,1,62.01
3897,18,17,2025-03-13,2025-03-28,2025-03-28,2623.99,truck,4,0,0.198,0.0465,0,2.31
3898,44,7,2025-07-11,2025-07-23,2025-07-23,1066.85,truck,3,0,0.3611,0.0719,0,2.07
3899,33,19,2023-07-26,2023-08-09,2023-08-11,596.34,truck,5,1,0.2258,0.1674,1,51.72
3900,31,19,2024-07-13,2024-08-01,2024-08-01,1223.5,truck,5,1,0.0872,0.2757,0,2.58
3901,12,1,2023-01-31,2023-02-28,2023-02-28,378.43,truck,2,0,0.5898,0.2771,0,3.43
3902,19,17,2023-11-10,2023-11-29,2023-11-29,681.78,truck,5,0,0.347,0.2562,0,3.25
3903,30,17,2023-11-04,2023-11-23,2023-11-23,6958.1,air,4,0,0.43,0.3611,0,3.92
3904,25,16,2023-10-20,2023-11-11,2023-11-11,359.12,truck,4,0,0.5693,0.3294,0,1.89
3905,48,14,2024-08-15,2024-08-31,2024-09-05,333.13,truck,3,1,0.385,0.5295,1,108.79
3906,48,15,2024-06-15,2024-07-22,2024-07-27,7021.07,ship,1,2,0.4253,0.5295,1,118.02
3907,4,11,2024-01-18,2024-02-21,2024-02-25,1920.22,truck,4,0,0.4796,0.2301,1,88.4
3908,50,9,2024-12-02,2024-12-22,2024-12-22,2262.11,air,1,0,0.5489,0.1476,0,1.07
3909,4,19,2024-11-12,2024-12-10,2024-12-10,369.97,truck,5,2,0.1735,0.2301,0,1.58
3910,34,9,2024-11-03,2024-11-17,2024-11-17,1437.33,truck,4,0,0.6574,0.0399,0,4.47
3911,26,3,2025-01-22,2025-02-12,2025-02-15,539.01,truck,5,1,0.6111,0.1577,1,68.25
3912,9,10,2023-01-02,2023-01-31,2023-01-31,3805.88,ship,4,0,0.5845,0.1382,0,1.35
3913,47,10,2023-04-23,2023-05-18,2023-05-18,320.89,truck,3,1,0.2736,0.1768,0,0.88
3914,40,12,2025-03-06,2025-03-27,2025-03-27,6546.05,air,2,0,0.2405,0.1206,0,3.44
3915,33,15,2025-01-31,2025-02-13,2025-02-13,369.93,truck,5,0,0.6508,0.1674,0,1.73
3916,11,13,2024-01-25,2024-02-11,2024-02-12,3531.25,air,4,2,0.3633,0.163,1,18.59
3917,8,2,2024-07-31,2024-08-21,2024-08-21,519.25,truck,2,1,0.3866,0.1094,0,2.68
3918,10,12,2025-11-30,2025-12-22,2025-12-22,577.56,truck,4,0,0.1497,0.335,0,2.36
3919,11,2,2024-04-19,2024-05-29,2024-05-30,9445.23,ship,2,2,0.5403,0.163,1,33.79
3920,46,15,2023-08-13,2023-09-03,2023-09-08,7957.88,air,1,1,0.4569,0.0911,1,110.2
3921,20,4,2023-05-10,2023-06-08,2023-06-10,427.15,truck,5,1,0.4715,0.2853,1,55.13
3922,5,13,2025-05-28,2025-06-22,2025-06-22,566.17,truck,1,0,0.4829,0.2606,0,2.94
3923,9,5,2025-11-22,2025-12-10,2025-12-10,452.06,truck,2,0,0.5833,0.1382,0,1.97
3924,23,17,2024-02-10,2024-03-07,2024-03-08,378.44,truck,1,0,0.1683,0.2281,1,19.7
3925,10,18,2023-11-14,2023-12-07,2023-12-07,923.19,truck,1,1,0.446,0.335,0,3.52
3926,40,5,2024-04-03,2024-04-21,2024-04-21,431.84,truck,4,0,0.5204,0.1206,0,2.71
3927,8,5,2023-01-06,2023-01-28,2023-01-28,679.39,truck,2,0,0.1374,0.1094,0,1.95
3928,31,19,2025-02-20,2025-03-12,2025-03-13,1192.02,truck,2,1,0.2995,0.2757,1,29.81
3929,17,19,2024-03-04,2024-05-21,2024-05-22,12483.2,ship,1,1,0.3469,0.1135,1,13.62
3930,46,10,2025-02-19,2025-03-09,2025-03-09,867.3,truck,4,0,0.318,0.0911,0,2.91
3931,22,18,2023-06-23,2023-07-09,2023-07-10,516.56,truck,3,1,0.4926,0.1904,1,30.23
3932,23,18,2024-06-27,2024-07-22,2024-07-22,483.25,truck,3,1,0.7742,0.2281,0,2.68
3933,41,8,2023-04-07,2023-04-24,2023-04-26,326.53,truck,3,1,0.3854,0.5395,1,47.43
3934,1,7,2023-08-22,2023-09-14,2023-09-14,1733.85,truck,2,0,0.2056,0.2492,0,2.17
3935,36,14,2023-04-06,2023-04-30,2023-05-01,938.33,truck,5,0,0.2891,0.0168,1,33.62
3936,1,2,2025-06-10,2025-07-01,2025-07-01,1796.81,air,5,2,0.3759,0.2492,0,2.95
3937,5,18,2023-03-05,2023-04-01,2023-04-01,1251.67,air,3,0,0.597,0.2606,0,1.85
3938,48,7,2025-01-17,2025-02-08,2025-02-09,1682.64,truck,2,1,0.1999,0.5295,1,15.19
3939,38,16,2023-05-31,2023-07-08,2023-07-08,8559.11,ship,2,0,0.8173,0.1178,0,1.75
3940,42,19,2025-09-23,2025-10-10,2025-10-10,344.64,truck,2,1,0.561,0.2372,1,8.45
3941,36,9,2024-07-13,2024-08-04,2024-08-04,363.66,truck,4,1,0.6793,0.0168,0,2.75
3942,17,10,2024-09-05,2024-10-16,2024-10-16,809.89,truck,1,1,0.4256,0.1135,0,1.44
3943,25,4,2025-04-22,2025-05-18,2025-05-18,2505.07,ship,3,1,0.7299,0.3294,0,3.13
3944,2,15,2023-11-28,2024-01-15,2024-01-20,13291.03,ship,4,0,0.399,0.3485,1,125.83
3945,30,7,2023-01-21,2023-02-07,2023-02-09,3174.75,air,3,1,0.1743,0.3611,1,36.57
3946,22,13,2025-07-08,2025-09-04,2025-09-04,15318.85,ship,2,0,0.8266,0.1904,0,7.39
3947,3,11,2023-10-15,2023-12-19,2023-12-21,14475.03,ship,3,0,0.5651,0.2878,1,51.23
3948,5,3,2023-01-15,2023-02-17,2023-02-19,2633.26,ship,5,1,0.5028,0.2606,1,38.27
3949,14,20,2024-06-10,2024-08-30,2024-08-31,20000.0,ship,4,0,0.5612,0.2082,1,21.33
3950,13,19,2024-06-24,2024-07-15,2024-07-15,2160.98,ship,3,1,0.6397,0.1757,0,2.48
3951,44,18,2023-03-01,2023-04-18,2023-04-18,13972.1,ship,3,0,0.5711,0.0719,0,3.59
3952,33,10,2024-11-26,2024-12-17,2024-12-17,2261.12,ship,2,0,0.5771,0.1674,0,1.67
3953,16,7,2024-07-17,2024-08-13,2024-08-13,1171.96,air,1,1,0.2513,0.3266,0,2.69
3954,42,20,2025-10-24,2025-11-11,2025-11-11,1028.09,truck,3,0,0.482,0.2372,0,2.18
3955,25,14,2023-01-19,2023-02-16,2023-02-16,2219.07,ship,2,0,0.3129,0.3294,0,1.89
3956,24,5,2024-08-14,2024-09-12,2024-09-12,2897.81,ship,4,2,0.3553,0.0437,0,3.43
3957,19,6,2025-05-11,2025-06-07,2025-06-09,2965.47,ship,5,1,0.6729,0.2562,1,40.36
3958,20,1,2024-07-31,2024-09-01,2024-09-01,4026.17,air,3,1,0.4214,0.2853,0,0.71
3959,2,6,2023-05-10,2023-06-03,2023-06-03,4470.19,ship,5,1,0.4171,0.3485,0,2.99
3960,44,13,2024-12-01,2024-12-20,2024-12-30,2098.68,truck,4,2,0.5967,0.0719,1,228.08
3961,15,5,2025-01-06,2025-02-12,2025-02-12,2568.76,ship,1,0,0.5471,0.1012,1,11.24
3962,3,16,2024-07-26,2024-09-17,2024-09-20,10410.23,ship,5,2,0.4115,0.2878,1,70.94
3963,12,1,2024-05-11,2024-06-13,2024-06-13,360.6,truck,1,1,0.7269,0.2771,0,1.57
3964,10,7,2024-02-16,2024-03-12,2024-03-12,4735.1,air,1,1,0.0414,0.335,0,2.43
3965,27,2,2025-07-21,2025-08-31,2025-08-31,7789.89,ship,2,1,0.3548,0.1179,0,1.81
3966,50,13,2024-03-18,2024-04-12,2024-04-14,3366.96,truck,3,1,0.292,0.1476,1,51.43
3967,50,11,2024-12-31,2025-01-19,2025-01-19,402.8,truck,2,0,0.2137,0.1476,0,3.95
3968,35,4,2023-03-04,2023-04-08,2023-04-10,20000.0,air,5,0,0.5378,0.4038,1,44.95
3969,32,5,2024-03-05,2024-04-03,2024-04-04,6478.24,air,4,1,0.4776,0.299,1,29.57
3970,17,12,2024-03-17,2024-04-28,2024-04-28,715.91,truck,3,0,0.1901,0.1135,0,3.26
3971,33,7,2023-03-14,2023-04-01,2023-04-05,2904.67,truck,1,1,0.2205,0.1674,1,89.13
3972,33,4,2023-06-27,2023-07-13,2023-07-16,1851.06,truck,2,2,0.3193,0.1674,1,72.61
3973,30,8,2024-09-06,2024-09-28,2024-09-28,2019.88,ship,1,1,0.5465,0.3611,0,2.45
3974,42,1,2024-11-29,2024-12-14,2024-12-14,323.13,truck,2,0,0.7325,0.2372,0,2.12
3975,42,4,2023-01-17,2023-02-04,2023-02-09,1109.48,truck,1,1,0.6963,0.2372,1,124.54
3976,38,6,2024-06-05,2024-06-24,2024-06-24,1294.61,truck,3,1,0.3173,0.1178,0,1.73
3977,12,17,2025-08-15,2025-09-16,2025-09-16,710.03,truck,2,1,0.1522,0.2771,0,2.32
3978,13,10,2023-06-06,2023-06-25,2023-06-26,1935.19,truck,3,1,0.5677,0.1757,1,14.71
3979,11,14,2024-08-28,2024-09-12,2024-09-12,1514.39,truck,4,1,0.358,0.163,0,1.28
3980,20,16,2023-10-23,2024-01-17,2024-01-18,20000.0,ship,3,0,0.6139,0.2853,1,19.23
3981,46,18,2023-04-21,2023-05-09,2023-05-09,1622.94,air,5,1,0.7119,0.0911,0,2.5
3982,9,9,2023-04-21,2023-05-15,2023-05-15,2498.15,truck,3,0,0.7425,0.1382,0,2.47
3983,21,14,2024-12-04,2024-12-25,2024-12-25,20000.0,air,3,0,0.4963,0.1211,0,2.26
3984,3,7,2024-02-22,2024-03-19,2024-03-19,1312.87,truck,2,0,0.0806,0.2878,0,2.31
3985,47,18,2024-11-08,2024-12-09,2024-12-09,10640.49,air,4,0,0.6101,0.1768,0,1.48
3986,49,13,2025-06-18,2025-07-06,2025-07-06,7404.73,air,4,1,0.379,0.0836,0,4.7
3987,43,1,2023-01-14,2023-02-05,2023-02-05,940.2,truck,3,0,0.4065,0.1166,0,1.91
3988,35,19,2025-08-21,2025-09-17,2025-09-17,974.74,truck,1,0,0.1908,0.4038,0,1.04
3989,25,17,2023-07-15,2023-08-12,2023-08-12,2529.71,truck,1,1,0.2121,0.3294,0,1.47
3990,31,20,2025-03-17,2025-04-24,2025-04-25,7059.27,ship,2,0,0.5129,0.2757,1,32.1
3991,3,10,2025-10-15,2025-11-08,2025-11-12,1735.31,truck,4,1,0.2555,0.2878,1,85.68
3992,17,6,2025-05-23,2025-07-11,2025-07-13,18189.47,air,4,1,0.4821,0.1135,1,37.92
3993,25,20,2025-05-03,2025-05-28,2025-05-28,1207.12,truck,2,0,0.637,0.3294,0,2.45
3994,31,13,2025-11-23,2025-12-17,2025-12-18,2625.71,ship,3,1,0.3925,0.2757,1,13.05
3995,8,20,2025-04-13,2025-05-05,2025-05-06,701.26,truck,3,0,0.4382,0.1094,1,16.89
3996,28,20,2024-12-19,2025-01-04,2025-01-04,2342.27,air,3,1,0.6357,0.183,0,4.35
3997,3,20,2023-12-12,2024-01-09,2024-01-12,1585.11,truck,1,0,0.6352,0.2878,1,70.33
3998,48,14,2023-02-20,2023-03-08,2023-03-11,430.36,truck,5,0,0.7061,0.5295,1,77.57
3999,35,18,2024-02-19,2024-04-10,2024-04-12,9719.77,ship,2,0,0.68,0.4038,1,48.81
4000,27,2,2023-09-18,2023-11-16,2023-11-18,13456.12,ship,3,1,0.4222,0.1179,1,42.41
4001,7,1,2024-05-15,2024-07-02,2024-07-06,9629.1,ship,2,2,0.8638,0.2727,1,94.02
4002,32,14,2024-02-19,2024-03-14,2024-03-18,512.19,truck,5,0,0.4118,0.299,1,96.89
4003,4,1,2023-04-28,2023-06-03,2023-06-08,1185.88,truck,4,1,0.8091,0.2301,1,119.21
4004,27,3,2023-11-03,2023-11-29,2023-11-29,3675.42,air,2,1,0.4675,0.1179,0,3.14
4005,12,1,2025-06-02,2025-07-05,2025-07-06,672.78,truck,5,1,0.6699,0.2771,1,19.9
4006,19,17,2023-09-19,2023-10-08,2023-10-09,367.35,truck,5,1,0.2623,0.2562,1,28.16
4007,32,7,2023-10-26,2023-11-21,2023-11-23,1678.92,truck,5,2,0.2586,0.299,1,36.8
4008,2,12,2024-09-23,2024-10-19,2024-10-21,5292.12,ship,1,0,0.3338,0.3485,1,54.81
4009,4,10,2024-11-21,2024-12-22,2024-12-25,1509.74,truck,2,0,0.5582,0.2301,1,67.95
4010,31,18,2023-01-21,2023-02-09,2023-02-22,1281.75,truck,5,0,0.7449,0.2757,1,301.71
4011,49,1,2024-06-26,2024-07-21,2024-07-21,3209.45,ship,3,1,0.5838,0.0836,0,1.5
4012,36,15,2023-10-22,2023-11-15,2023-11-17,1183.87,truck,1,1,0.4055,0.0168,1,42.36
4013,40,7,2024-10-24,2024-11-18,2024-11-22,2139.85,truck,4,1,0.2558,0.1206,1,89.07
4014,26,6,2024-01-27,2024-02-17,2024-02-17,2062.82,truck,5,0,0.577,0.1577,0,1.67
4015,9,7,2024-10-13,2024-11-15,2024-11-15,4960.21,ship,2,1,0.2901,0.1382,0,1.61
4016,35,16,2024-10-15,2024-11-12,2024-11-12,1090.91,truck,3,1,0.4087,0.4038,0,2.27
4017,48,11,2023-10-04,2023-10-18,2023-10-18,1883.58,air,1,0,0.4335,0.5295,0,2.99
4018,7,13,2023-04-15,2023-05-08,2023-05-11,1555.92,truck,5,0,0.662,0.2727,1,64.61
4019,50,4,2023-08-10,2023-09-29,2023-10-05,12025.85,ship,5,1,0.4204,0.1476,1,135.94
4020,14,13,2023-08-30,2023-09-25,2023-09-25,975.0,truck,1,0,0.3017,0.2082,0,1.33
4021,37,1,2023-10-14,2023-11-15,2023-11-15,6430.34,air,2,0,0.5176,0.1502,0,4.28
4022,46,18,2025-10-08,2025-10-30,2025-10-31,12682.6,air,3,1,0.6494,0.0911,1,19.5
4023,48,13,2023-10-20,2023-12-24,2023-12-27,17145.62,ship,1,1,0.4,0.5295,1,79.85
4024,50,9,2023-08-31,2023-09-18,2023-09-19,433.14,truck,1,1,0.762,0.1476,1,31.76
4025,9,4,2025-11-28,2025-12-21,2025-12-22,6481.65,air,4,0,0.4646,0.1382,1,21.54
4026,5,19,2025-01-26,2025-03-05,2025-03-06,4591.51,ship,5,1,0.1697,0.2606,1,18.86
4027,16,10,2023-11-17,2023-12-23,2023-12-27,4158.99,ship,5,0,0.4812,0.3266,1,95.61
4028,12,10,2025-05-18,2025-06-30,2025-07-03,4858.17,ship,1,2,0.5036,0.2771,1,70.07
4029,44,6,2023-05-28,2023-06-14,2023-06-20,2078.77,truck,4,1,0.3126,0.0719,1,143.84
4030,37,2,2025-02-24,2025-03-27,2025-03-27,694.31,truck,2,0,0.5044,0.1502,0,1.69
4031,7,7,2025-02-04,2025-02-26,2025-03-01,491.06,truck,3,1,0.1084,0.2727,1,74.68
4032,11,13,2023-08-27,2023-10-08,2023-10-08,9434.59,ship,2,0,0.3131,0.163,0,3.0
4033,18,16,2023-08-06,2023-08-23,2023-08-23,2304.03,ship,3,1,0.4814,0.0465,0,3.61
4034,44,4,2023-05-04,2023-05-18,2023-05-18,1262.76,air,1,1,0.6133,0.0719,0,2.5
4035,5,19,2023-10-09,2023-11-09,2023-11-09,13359.08,air,2,1,0.0558,0.2606,0,3.97
4036,10,12,2025-09-21,2025-10-15,2025-10-23,688.18,truck,1,1,0.205,0.335,1,200.15
4037,18,10,2024-05-01,2024-05-11,2024-05-11,2353.79,air,5,1,0.4463,0.0465,0,2.5
4038,46,6,2023-07-16,2023-08-01,2023-08-02,335.47,truck,3,1,0.6333,0.0911,1,25.6
4039,24,19,2024-04-18,2024-05-08,2024-05-08,1821.22,truck,3,0,0.2449,0.0437,0,3.28
4040,42,12,2023-01-01,2023-01-17,2023-01-21,816.37,truck,5,0,0.5174,0.2372,1,84.89
4041,42,14,2023-06-04,2023-06-20,2023-06-21,498.13,truck,1,1,0.3718,0.2372,1,29.27
4042,13,20,2023-02-05,2023-03-04,2023-03-04,5987.38,truck,3,1,0.5658,0.1757,0,4.27
4043,22,7,2023-02-22,2023-03-07,2023-03-07,380.58,truck,2,1,0.121,0.1904,0,1.3
4044,28,20,2025-09-17,2025-10-24,2025-10-25,7486.95,ship,4,0,0.7817,0.183,1,24.71
4045,22,20,2023-09-25,2023-10-07,2023-10-07,1306.67,air,3,1,0.6976,0.1904,0,3.54
4046,24,6,2025-06-28,2025-07-19,2025-07-21,1814.77,truck,2,1,0.2305,0.0437,1,40.44
4047,35,13,2023-07-13,2023-08-07,2023-08-07,1250.13,truck,5,0,0.3465,0.4038,0,1.51
4048,35,5,2023-04-22,2023-05-25,2023-05-27,3256.39,ship,2,2,0.5544,0.4038,1,57.0
4049,21,10,2023-07-22,2023-08-09,2023-08-11,1456.77,truck,3,1,0.6637,0.1211,1,56.63
4050,19,10,2025-11-16,2025-12-01,2025-12-01,345.98,truck,1,0,0.4348,0.2562,0,2.38
4051,20,11,2025-11-16,2025-12-18,2025-12-19,408.02,truck,5,1,0.4043,0.2853,1,21.45
4052,21,6,2023-08-24,2023-09-12,2023-09-15,2541.27,truck,5,1,0.4281,0.1211,1,80.87
4053,22,7,2025-02-07,2025-02-26,2025-02-26,6408.47,air,3,1,0.1238,0.1904,0,2.65
4054,30,14,2024-07-22,2024-08-12,2024-08-14,1436.03,truck,2,2,0.5752,0.3611,1,36.21
4055,17,12,2025-07-26,2025-10-19,2025-10-20,15226.27,ship,4,1,0.3085,0.1135,1,33.06
4056,24,6,2025-02-05,2025-04-18,2025-04-18,17489.65,ship,3,0,0.3906,0.0437,0,2.77
4057,14,4,2025-08-12,2025-09-05,2025-09-05,696.72,truck,2,1,0.5141,0.2082,0,3.8
4058,40,8,2024-06-19,2024-07-11,2024-07-11,1378.1,truck,1,1,0.477,0.1206,0,2.49
4059,46,13,2023-03-10,2023-04-19,2023-04-21,7173.62,ship,3,1,0.56,0.0911,1,49.92
4060,14,5,2024-07-27,2024-08-21,2024-08-21,1416.93,air,3,1,0.5059,0.2082,0,1.19
4061,17,19,2025-10-26,2025-12-07,2025-12-07,550.96,truck,2,1,0.2828,0.1135,0,0.52
4062,19,13,2025-07-09,2025-07-28,2025-07-30,1437.73,truck,1,0,0.7222,0.2562,1,52.11
4063,41,9,2023-05-16,2023-06-01,2023-06-07,429.22,truck,5,0,0.6707,0.5395,1,136.0
4064,46,8,2024-07-21,2024-08-13,2024-08-15,1095.61,truck,3,1,0.4217,0.0911,1,51.32
4065,16,15,2023-08-02,2023-09-03,2023-09-16,2666.4,ship,2,2,0.465,0.3266,1,321.25
4066,11,2,2023-10-19,2023-11-04,2023-11-07,4022.6,air,5,0,0.4595,0.163,1,62.12
4067,33,9,2024-09-11,2024-09-27,2024-09-27,1884.61,truck,2,1,0.5552,0.1674,0,2.52
4068,20,20,2025-08-09,2025-09-07,2025-09-13,454.01,truck,5,0,0.6023,0.2853,1,143.01
4069,37,12,2024-08-13,2024-10-11,2024-10-11,10870.15,ship,3,0,0.1892,0.1502,0,1.94
4070,12,1,2025-08-07,2025-09-10,2025-09-19,486.79,truck,5,1,0.602,0.2771,1,212.99
4071,43,1,2025-08-05,2025-09-06,2025-09-07,2385.02,truck,2,1,0.6931,0.1166,1,26.68
4072,10,11,2023-06-16,2023-07-21,2023-07-24,4878.02,ship,5,1,0.2732,0.335,1,61.44
4073,34,15,2023-03-15,2023-03-25,2023-03-25,1361.91,truck,1,1,0.3585,0.0399,0,3.1
4074,32,5,2023-03-01,2023-03-29,2023-03-29,1724.66,truck,3,0,0.357,0.299,1,9.13
4075,17,14,2025-04-13,2025-05-27,2025-05-28,1167.72,truck,2,1,0.2746,0.1135,1,34.38
4076,34,12,2025-10-10,2025-10-22,2025-10-22,335.81,truck,2,0,0.1903,0.0399,0,2.22
4077,8,2,2024-08-28,2024-09-16,2024-09-17,391.3,truck,2,1,0.2698,0.1094,1,32.24
4078,49,15,2023-09-09,2023-10-02,2023-10-05,2054.48,ship,4,1,0.4904,0.0836,1,66.99
4079,33,9,2024-06-07,2024-06-21,2024-06-21,758.65,truck,4,1,0.628,0.1674,0,2.4
4080,20,1,2025-04-21,2025-05-22,2025-06-03,994.85,truck,1,1,0.682,0.2853,1,289.0
4081,5,6,2023-03-26,2023-04-23,2023-04-25,1246.62,truck,5,0,0.6716,0.2606,1,54.24
4082,25,12,2025-07-29,2025-08-24,2025-08-24,725.85,truck,5,1,0.4394,0.3294,0,4.2
4083,17,16,2023-08-19,2023-09-30,2023-09-30,1018.25,truck,1,1,0.3755,0.1135,0,1.43
4084,28,11,2024-11-24,2024-12-17,2024-12-17,2518.53,ship,4,0,0.3058,0.183,0,2.25
4085,40,5,2024-05-04,2024-05-23,2024-05-23,609.76,truck,4,0,0.6054,0.1206,0,3.68
4086,14,9,2023-01-05,2023-02-04,2023-02-06,1920.18,ship,3,0,0.6067,0.2082,1,36.25
4087,28,17,2023-08-08,2023-09-04,2023-09-04,3970.96,ship,1,0,0.051,0.183,0,1.3
4088,35,13,2023-01-24,2023-02-20,2023-02-20,4152.28,air,5,1,0.2049,0.4038,0,1.93
4089,28,4,2025-05-06,2025-07-17,2025-07-19,20000.0,ship,3,2,0.3236,0.183,1,53.35
4090,49,20,2024-02-19,2024-03-06,2024-03-06,1594.94,air,4,1,0.6435,0.0836,0,2.52
4091,1,1,2024-03-16,2024-05-28,2024-05-29,17983.83,ship,5,0,0.3726,0.2492,1,25.24
4092,9,18,2023-10-25,2023-12-01,2023-12-01,6613.47,ship,1,1,0.5264,0.1382,0,3.06
4093,19,9,2023-11-16,2023-12-03,2023-12-03,629.69,truck,1,0,0.506,0.2562,0,1.74
4094,48,10,2023-03-30,2023-06-10,2023-06-10,20000.0,ship,4,0,0.5255,0.5295,0,1.41
4095,23,8,2023-02-21,2023-03-23,2023-03-26,2127.48,ship,5,0,0.7092,0.2281,1,67.99
4096,14,12,2023-03-18,2023-04-14,2023-04-15,452.76,truck,4,0,0.1601,0.2082,1,15.06
4097,47,14,2025-09-07,2025-10-07,2025-10-07,2441.82,air,2,0,0.1863,0.1768,0,2.1
4098,31,14,2024-10-14,2024-12-01,2024-12-08,10647.94,ship,1,0,0.4725,0.2757,1,177.86
4099,47,12,2024-07-06,2024-08-04,2024-08-04,6347.59,air,2,0,0.3973,0.1768,0,1.97
4100,24,19,2024-10-14,2024-11-04,2024-11-04,1502.33,air,3,2,0.2513,0.0437,0,1.82
4101,38,11,2023-01-27,2023-02-13,2023-02-14,2285.17,truck,3,0,0.3391,0.1178,1,22.05
4102,21,5,2024-12-29,2025-01-20,2025-01-21,3540.52,ship,4,0,0.3677,0.1211,1,31.06
4103,2,10,2025-10-15,2025-11-14,2025-11-14,7598.4,ship,1,1,0.2555,0.3485,0,1.67
4104,4,19,2025-11-20,2025-12-29,2025-12-30,3061.33,ship,5,2,0.3935,0.2301,1,35.0
4105,17,8,2024-08-11,2024-09-24,2024-09-24,1389.0,truck,2,0,0.2094,0.1135,0,3.13
4106,18,9,2023-01-06,2023-01-14,2023-01-14,313.47,truck,1,0,0.6403,0.0465,0,2.79
4107,13,7,2024-12-20,2025-03-02,2025-03-04,20000.0,ship,4,2,0.3799,0.1757,1,40.84
4108,7,19,2024-03-31,2024-04-22,2024-04-22,371.37,truck,1,1,0.2095,0.2727,0,1.86
4109,11,8,2023-05-10,2023-05-27,2023-05-27,3096.74,truck,1,0,0.3422,0.163,0,1.89
4110,41,7,2024-09-01,2024-09-26,2024-09-26,3631.97,ship,2,0,0.5155,0.5395,0,1.62
4111,4,20,2025-04-11,2025-05-14,2025-05-14,429.92,truck,3,1,0.3258,0.2301,0,5.06
4112,13,16,2023-12-03,2023-12-22,2023-12-24,1133.06,truck,3,1,0.6183,0.1757,1,55.34
4113,16,6,2025-10-28,2025-12-20,2025-12-22,9843.14,ship,4,0,0.4155,0.3266,1,51.31
4114,43,7,2025-07-04,2025-08-22,2025-08-22,8626.17,ship,2,0,0.3012,0.1166,0,1.77
4115,45,14,2024-09-18,2024-11-07,2024-11-09,13106.91,ship,5,0,0.4525,0.1051,1,48.91
4116,11,10,2023-04-02,2023-04-14,2023-04-15,354.85,truck,4,0,0.6942,0.163,1,33.76
4117,47,1,2024-05-18,2024-06-25,2024-06-28,3107.8,ship,3,0,0.9401,0.1768,1,73.84
4118,18,4,2025-09-30,2025-10-10,2025-10-10,491.66,truck,4,0,0.27,0.0465,0,3.33
4119,40,2,2024-06-18,2024-07-15,2024-07-15,3765.31,truck,1,2,0.314,0.1206,0,1.48
4120,1,12,2025-02-27,2025-05-01,2025-05-01,14992.61,ship,3,0,0.2348,0.2492,0,3.2
4121,49,20,2025-05-23,2025-06-08,2025-06-08,1892.53,truck,2,0,0.5559,0.0836,0,2.1
4122,40,19,2023-09-01,2023-09-23,2023-09-24,780.92,truck,5,0,0.3677,0.1206,1,28.91
4123,11,10,2024-06-13,2024-07-02,2024-07-09,3482.09,truck,4,1,0.6598,0.163,1,176.84
4124,44,18,2023-10-01,2023-10-15,2023-10-15,2607.26,air,5,1,0.5623,0.0719,0,1.56
4125,46,16,2024-07-02,2024-08-12,2024-08-18,7750.69,ship,5,2,0.4614,0.0911,1,145.52
4126,25,17,2023-01-08,2023-02-06,2023-02-06,2802.71,truck,2,0,0.4779,0.3294,0,3.02
4127,6,5,2023-03-16,2023-04-24,2023-04-24,4281.54,ship,1,0,0.4939,0.3463,0,1.29
4128,30,1,2025-09-05,2025-10-24,2025-10-26,11340.43,ship,2,1,0.6369,0.3611,1,37.14
4129,16,18,2025-03-22,2025-04-18,2025-04-18,395.06,truck,3,0,0.6099,0.3266,0,3.92
4130,9,6,2024-02-28,2024-03-21,2024-03-21,1756.48,truck,4,0,0.4113,0.1382,0,1.46
4131,8,18,2024-05-25,2024-07-23,2024-07-30,13802.24,ship,4,2,0.7908,0.1094,1,157.96
4132,19,19,2023-10-09,2023-10-28,2023-10-29,1437.19,truck,3,1,0.0558,0.2562,1,15.55
4133,45,13,2023-01-14,2023-02-26,2023-03-02,9782.16,ship,4,2,0.5312,0.1051,1,84.57
4134,2,14,2025-08-11,2025-08-26,2025-08-30,2286.34,ship,4,2,0.3084,0.3485,1,94.55
4135,30,16,2023-09-29,2023-10-15,2023-10-20,304.93,truck,1,1,0.5696,0.3611,1,118.36
4136,48,13,2024-02-23,2024-03-11,2024-03-15,467.5,truck,1,1,0.345,0.5295,1,92.33
4137,41,18,2023-09-06,2023-09-22,2023-09-23,1025.24,truck,2,1,0.4783,0.5395,1,28.63
4138,43,19,2024-05-19,2024-06-27,2024-06-27,5207.47,ship,3,0,0.3328,0.1166,0,1.83
4139,40,7,2023-08-11,2023-08-30,2023-08-30,487.06,truck,1,0,0.2146,0.1206,0,1.99
4140,43,9,2023-07-11,2023-08-17,2023-08-31,4302.23,ship,5,1,0.8114,0.1166,1,339.58
4141,32,7,2025-04-24,2025-05-24,2025-05-24,1852.85,truck,4,1,0.1748,0.299,0,1.5
4142,11,6,2025-06-17,2025-07-02,2025-07-02,1154.34,truck,5,1,0.5369,0.163,0,2.84
4143,23,2,2023-04-06,2023-05-19,2023-05-22,6624.59,ship,1,1,0.4529,0.2281,1,73.71
4144,26,9,2023-08-14,2023-09-06,2023-09-07,438.47,truck,5,1,0.864,0.1577,1,27.29
4145,1,15,2025-03-19,2025-04-12,2025-04-14,1435.92,truck,5,1,0.4059,0.2492,1,50.25
4146,16,9,2024-06-11,2024-08-13,2024-08-16,12527.52,ship,4,2,0.7387,0.3266,1,81.57
4147,28,1,2024-10-23,2024-11-13,2024-11-13,2202.08,truck,3,0,0.5129,0.183,0,4.16
4148,11,5,2025-07-19,2025-08-01,2025-08-05,413.07,truck,1,1,0.6695,0.163,1,102.25
4149,49,3,2025-05-10,2025-06-15,2025-06-20,7687.98,ship,5,0,0.3535,0.0836,1,131.0
4150,13,18,2025-01-31,2025-02-17,2025-02-17,331.58,truck,5,0,0.3564,0.1757,0,2.49
4151,38,1,2023-01-16,2023-02-01,2023-02-02,679.02,truck,1,0,0.4763,0.1178,1,21.89
4152,43,1,2025-04-12,2025-05-12,2025-05-12,7424.0,air,1,0,0.5021,0.1166,0,3.26
4153,44,17,2025-10-24,2025-11-08,2025-11-12,626.31,truck,4,0,0.4185,0.0719,1,107.1
4154,15,13,2024-07-14,2024-08-15,2024-08-15,1333.43,truck,2,0,0.441,0.1012,0,1.72
4155,23,10,2024-09-18,2024-10-12,2024-10-20,764.27,truck,5,1,0.7599,0.2281,1,184.26
4156,38,5,2024-03-15,2024-04-05,2024-04-08,2951.98,ship,3,1,0.454,0.1178,1,64.24
4157,6,9,2024-06-23,2024-07-21,2024-07-21,5424.34,air,5,2,0.8034,0.3463,0,1.35
4158,33,3,2025-08-07,2025-08-22,2025-08-22,1350.27,air,3,0,0.8727,0.1674,0,2.86
4159,47,5,2023-09-03,2023-10-02,2023-10-02,4217.64,air,3,1,0.4866,0.1768,0,2.43
4160,5,10,2023-12-19,2024-01-22,2024-01-22,19714.45,air,5,0,0.3216,0.2606,0,1.89
4161,14,7,2025-08-03,2025-08-29,2025-08-29,329.83,truck,3,0,0.2828,0.2082,0,5.1
4162,10,11,2024-02-09,2024-03-04,2024-03-06,1000.88,truck,3,0,0.357,0.335,1,57.79
4163,25,8,2024-11-15,2024-12-12,2024-12-15,2400.11,truck,5,0,0.4162,0.3294,1,76.78
4164,45,15,2024-11-26,2024-12-13,2024-12-15,2813.06,air,1,0,0.7967,0.1051,1,41.35
4165,44,11,2024-06-23,2024-07-05,2024-07-05,1068.2,air,1,2,0.2931,0.0719,0,3.07
4166,15,1,2023-09-30,2023-10-31,2023-11-02,1341.55,truck,4,0,0.6887,0.1012,1,56.63
4167,10,1,2023-11-19,2023-12-12,2023-12-12,1780.18,air,1,0,0.8356,0.335,0,2.45
4168,11,8,2024-08-21,2024-09-11,2024-09-13,2888.42,truck,3,1,0.6527,0.163,1,39.75
4169,43,1,2025-06-09,2025-08-18,2025-08-20,14896.9,ship,1,1,0.5843,0.1166,1,40.64
4170,23,2,2024-09-29,2024-12-05,2024-12-05,15373.86,ship,1,1,0.3026,0.2281,0,1.48
4171,33,20,2024-03-26,2024-04-08,2024-04-09,786.0,truck,2,0,0.5212,0.1674,1,14.63
4172,49,20,2024-06-30,2024-07-22,2024-07-22,2945.13,ship,1,0,0.536,0.0836,0,1.51
4173,9,6,2024-09-12,2024-10-03,2024-10-03,8315.3,air,4,1,0.4641,0.1382,0,2.13
4174,27,18,2024-08-30,2024-09-23,2024-09-23,1314.28,air,5,1,0.7313,0.1179,0,1.18
4175,43,16,2025-07-30,2025-09-09,2025-09-11,5095.86,ship,5,2,0.5428,0.1166,1,53.13
4176,7,20,2025-03-11,2025-04-04,2025-04-04,9918.48,air,2,0,0.5578,0.2727,0,3.07
4177,6,12,2024-05-28,2024-06-25,2024-06-25,3578.44,air,1,1,0.2792,0.3463,0,2.11
4178,10,9,2024-07-03,2024-07-26,2024-07-28,901.55,truck,3,2,0.6678,0.335,1,59.98
4179,47,2,2023-04-10,2023-05-10,2023-05-15,1108.28,truck,5,2,0.2972,0.1768,1,111.54
4180,1,5,2024-04-30,2024-05-29,2024-06-06,3486.96,truck,4,0,0.8372,0.2492,1,181.09
4181,38,19,2025-02-14,2025-03-03,2025-03-04,2041.1,truck,4,1,0.1762,0.1178,1,12.14
4182,24,3,2025-09-17,2025-10-10,2025-10-11,677.31,truck,5,0,0.2314,0.0437,1,27.27
4183,23,10,2025-07-25,2025-08-17,2025-08-17,455.58,truck,2,0,0.4498,0.2281,0,2.69
4184,19,16,2023-09-07,2023-10-05,2023-10-08,3426.63,ship,1,1,0.5735,0.2562,1,63.78
4185,27,18,2024-04-09,2024-05-03,2024-05-07,2363.23,truck,4,1,0.686,0.1179,1,99.8
4186,27,16,2023-03-14,2023-04-06,2023-04-06,1095.47,truck,2,0,0.4641,0.1179,0,1.95
4187,31,1,2025-11-04,2025-11-19,2025-11-21,521.31,truck,5,0,0.5262,0.2757,1,59.56
4188,9,5,2023-08-18,2023-09-07,2023-09-09,1925.46,truck,2,1,0.4748,0.1382,1,55.95
4189,27,9,2024-07-13,2024-08-10,2024-08-12,3038.55,ship,4,1,0.6793,0.1179,1,42.76
4190,8,20,2025-06-27,2025-07-17,2025-07-19,902.61,truck,3,0,0.6798,0.1094,1,50.54
4191,6,10,2024-02-26,2024-03-27,2024-03-27,1203.95,truck,2,0,0.6004,0.3463,1,10.21
4192,47,11,2023-10-02,2023-10-30,2023-11-05,927.95,truck,3,1,0.5639,0.1768,1,137.03
4193,17,16,2023-11-23,2024-01-14,2024-01-14,4328.5,ship,5,0,0.4473,0.1135,0,2.48
4194,29,4,2023-09-25,2023-10-17,2023-10-17,1165.14,truck,2,1,0.3164,0.223,0,3.75
4195,35,7,2025-04-13,2025-06-04,2025-06-06,9398.37,ship,2,0,0.2769,0.4038,1,39.46
4196,35,3,2024-01-05,2024-02-02,2024-02-03,5143.4,air,3,1,0.4856,0.4038,1,30.11
4197,9,4,2024-11-27,2024-12-22,2024-12-22,2168.74,truck,3,0,0.6093,0.1382,0,2.32
4198,23,5,2025-02-11,2025-03-09,2025-03-09,4616.42,air,1,0,0.539,0.2281,0,4.44
4199,30,17,2025-03-17,2025-04-08,2025-04-09,1921.73,ship,1,1,0.2643,0.3611,1,32.53
4200,20,15,2023-05-21,2023-06-24,2023-06-24,8660.13,air,5,1,0.431,0.2853,0,1.32
4201,21,5,2024-05-05,2024-05-19,2024-05-19,1540.89,air,3,1,0.5656,0.1211,0,1.85
4202,1,10,2024-12-26,2025-01-18,2025-01-18,878.92,truck,5,0,0.4266,0.2492,0,2.71
4203,47,13,2025-11-01,2025-11-28,2025-12-08,1011.6,truck,5,2,0.5492,0.1768,1,234.18
4204,16,1,2023-05-18,2023-06-14,2023-06-14,961.81,truck,1,0,0.7424,0.3266,0,7.58
4205,21,1,2025-09-22,2025-10-21,2025-10-21,5120.79,ship,4,0,0.5916,0.1211,0,2.18
4206,49,8,2023-04-17,2023-05-21,2023-05-22,6983.08,ship,1,0,0.52,0.0836,1,33.66
4207,44,17,2025-09-06,2025-09-20,2025-09-20,477.98,truck,5,1,0.333,0.0719,0,4.29
4208,9,17,2024-02-27,2024-04-02,2024-04-04,6301.01,ship,4,1,0.3673,0.1382,1,57.06
4209,22,8,2024-04-04,2024-05-12,2024-05-13,9124.36,ship,3,0,0.3669,0.1904,1,34.37
4210,31,4,2025-11-04,2025-12-01,2025-12-02,3358.36,truck,3,0,0.7254,0.2757,1,27.19
4211,13,4,2024-11-18,2024-12-04,2024-12-04,1525.62,truck,2,0,0.6837,0.1757,0,1.4
4212,11,12,2023-05-16,2023-05-31,2023-05-31,1077.52,air,4,1,0.1739,0.163,0,2.61
4213,31,2,2024-10-09,2024-10-29,2024-10-30,599.09,truck,5,0,0.4514,0.2757,1,23.61
4214,47,3,2023-07-01,2023-08-02,2023-08-06,1506.16,truck,1,1,0.3122,0.1768,1,94.38
4215,16,15,2024-09-25,2024-10-19,2024-10-21,472.46,truck,4,0,0.5992,0.3266,1,40.38
4216,5,7,2024-07-02,2024-08-14,2024-08-15,6716.89,ship,4,0,0.2079,0.2606,1,35.59
4217,48,8,2024-09-17,2024-10-04,2024-10-07,777.59,truck,2,0,0.6272,0.5295,1,68.44
4218,22,1,2025-01-30,2025-02-19,2025-02-19,3124.66,ship,3,0,0.8953,0.1904,0,4.32
4219,9,13,2025-06-04,2025-06-22,2025-06-22,386.34,truck,1,0,0.3283,0.1382,0,3.0
4220,1,14,2023-02-28,2023-04-13,2023-04-16,7339.42,ship,4,0,0.471,0.2492,1,72.9
4221,38,7,2023-11-17,2023-12-04,2023-12-04,376.33,truck,2,2,0.1984,0.1178,0,1.12
4222,8,9,2023-08-25,2023-09-29,2023-10-03,5175.94,ship,4,2,0.6075,0.1094,1,93.14
4223,40,5,2023-07-16,2023-09-02,2023-09-02,10506.35,ship,5,1,0.427,0.1206,0,1.86
4224,45,3,2025-06-18,2025-07-02,2025-07-04,1454.86,truck,5,0,0.6206,0.1051,1,44.4
4225,28,10,2023-05-06,2023-06-08,2023-06-08,6642.37,ship,2,1,0.531,0.183,0,1.96
4226,6,1,2024-09-10,2024-10-20,2024-10-22,4802.11,ship,1,1,0.7143,0.3463,1,49.72
4227,24,12,2025-03-15,2025-04-06,2025-04-06,1325.25,truck,5,0,0.3785,0.0437,0,1.95
4228,41,6,2023-01-16,2023-02-02,2023-02-05,481.54,truck,5,0,0.7632,0.5395,1,63.1
4229,41,2,2023-08-28,2023-09-15,2023-09-16,584.32,truck,1,1,0.5065,0.5395,1,32.55
4230,9,20,2025-04-23,2025-05-12,2025-05-12,2485.43,air,3,0,0.3149,0.1382,0,3.25
4231,28,3,2024-04-23,2024-05-13,2024-05-14,2924.59,truck,4,2,0.656,0.183,1,27.91
4232,8,16,2023-04-06,2023-04-29,2023-04-29,741.82,truck,2,1,0.6627,0.1094,0,2.13
4233,3,9,2023-09-10,2023-10-06,2023-10-09,511.6,truck,1,1,0.7779,0.2878,1,83.38
4234,46,9,2024-11-23,2024-12-11,2024-12-11,1437.65,truck,2,1,0.6779,0.0911,0,1.64
4235,33,12,2024-11-16,2024-12-01,2024-12-01,6194.73,air,4,0,0.1908,0.1674,0,2.09
4236,24,5,2024-07-05,2024-07-29,2024-07-31,2108.1,truck,5,1,0.613,0.0437,1,57.36
4237,11,17,2025-11-22,2025-12-05,2025-12-05,718.31,truck,1,0,0.3907,0.163,0,1.37
4238,16,16,2024-11-19,2024-12-19,2024-12-19,1437.8,truck,3,0,0.5589,0.3266,0,2.62
4239,6,13,2025-11-21,2025-12-20,2025-12-21,1662.79,ship,2,1,0.5558,0.3463,1,23.74
4240,47,6,2024-10-25,2024-12-09,2024-12-11,7303.16,ship,3,0,0.7653,0.1768,1,44.9
4241,18,2,2025-08-13,2025-08-25,2025-08-25,807.97,truck,2,1,0.2385,0.0465,0,2.26
4242,40,11,2024-05-11,2024-06-03,2024-06-05,1829.61,truck,3,0,0.3316,0.1206,1,56.17
4243,49,18,2025-01-18,2025-02-02,2025-02-02,614.07,truck,4,0,0.6154,0.0836,0,2.0
4244,30,12,2024-11-26,2024-12-16,2024-12-16,1362.31,truck,5,0,0.2553,0.3611,1,9.99
4245,35,9,2025-09-28,2025-10-23,2025-10-23,5367.96,air,3,0,0.6007,0.4038,0,2.47
4246,14,12,2025-04-29,2025-05-26,2025-05-26,1223.43,truck,5,0,0.2561,0.2082,0,1.58
4247,5,2,2024-10-28,2024-11-23,2024-11-23,1201.53,air,5,0,0.2631,0.2606,0,2.66
4248,47,6,2024-12-29,2025-02-07,2025-02-09,5152.65,ship,1,0,0.4459,0.1768,1,39.33
4249,36,9,2024-04-02,2024-04-25,2024-04-26,565.42,truck,5,1,0.4787,0.0168,1,30.24
4250,22,19,2023-07-17,2023-08-10,2023-08-10,2480.81,ship,5,0,0.3952,0.1904,0,5.9
4251,49,3,2023-02-04,2023-02-27,2023-03-03,2438.69,truck,2,3,0.5885,0.0836,1,96.24
4252,6,7,2025-08-04,2025-09-01,2025-09-01,2135.65,truck,3,0,0.3602,0.3463,0,1.82
4253,34,8,2023-04-03,2023-04-24,2023-04-24,4604.21,ship,1,0,0.3983,0.0399,0,3.15
4254,47,14,2025-04-06,2025-05-01,2025-05-04,496.61,truck,3,1,0.3328,0.1768,1,60.46
4255,38,4,2025-10-18,2025-11-02,2025-11-03,328.34,truck,1,0,0.498,0.1178,1,22.07
4256,33,9,2023-06-26,2023-07-07,2023-07-08,1010.17,air,1,1,0.8825,0.1674,1,26.78
4257,50,6,2024-06-15,2024-07-04,2024-07-06,1643.18,air,5,1,0.3354,0.1476,1,42.51
4258,46,18,2023-01-29,2023-02-20,2023-02-20,2294.13,ship,1,0,0.5307,0.0911,0,3.59
4259,39,16,2025-09-08,2025-10-01,2025-10-03,2460.8,ship,4,1,0.6396,0.2906,1,49.11
4260,25,6,2023-01-20,2023-03-16,2023-03-18,11667.08,ship,2,0,0.5112,0.3294,1,41.53
4261,47,6,2024-03-31,2024-05-17,2024-05-17,7422.65,ship,1,0,0.417,0.1768,0,1.95
4262,36,8,2023-07-29,2023-08-23,2023-08-24,3595.46,truck,1,1,0.5703,0.0168,1,17.6
4263,39,6,2024-01-25,2024-02-23,2024-02-25,3450.16,ship,5,0,0.5982,0.2906,1,44.82
4264,4,11,2024-11-04,2024-12-17,2024-12-17,3396.96,ship,2,1,0.4058,0.2301,0,1.95
4265,12,9,2025-09-13,2025-10-21,2025-10-21,1420.45,truck,4,0,0.5975,0.2771,0,1.14
4266,14,7,2023-03-16,2023-04-11,2023-04-11,2219.7,air,3,1,0.1612,0.2082,0,0.89
4267,38,11,2023-10-09,2023-10-25,2023-10-25,5026.73,air,1,1,0.2844,0.1178,0,2.25
4268,22,15,2024-10-02,2024-10-22,2024-10-23,1900.01,ship,2,0,0.5608,0.1904,1,31.0
4269,2,16,2024-07-15,2024-07-30,2024-07-31,1896.38,truck,4,1,0.3601,0.3485,1,13.76
4270,7,17,2024-10-26,2024-11-18,2024-11-18,1665.29,air,4,1,0.5542,0.2727,0,1.59
4271,20,8,2023-10-05,2023-11-23,2023-11-25,5922.92,ship,3,0,0.2747,0.2853,1,57.18
4272,46,19,2023-04-11,2023-04-30,2023-04-30,867.76,truck,2,0,0.2845,0.0911,0,1.46
4273,33,12,2025-01-25,2025-02-07,2025-02-07,538.91,truck,2,0,0.264,0.1674,0,0.63
4274,28,10,2023-09-05,2023-09-22,2023-09-22,1087.03,truck,1,1,0.4523,0.183,0,2.07
4275,18,10,2025-04-15,2025-05-05,2025-05-05,4667.26,ship,4,1,0.6265,0.0465,0,0.98
4276,13,9,2025-01-23,2025-03-06,2025-03-07,9885.75,ship,3,0,0.7344,0.1757,1,26.79
4277,12,15,2024-09-23,2024-10-25,2024-10-28,3766.75,air,4,0,0.6833,0.2771,1,67.4
4278,30,13,2024-01-14,2024-01-31,2024-02-03,507.61,truck,5,2,0.5509,0.3611,1,61.6
4279,46,18,2025-09-04,2025-09-24,2025-09-24,1874.23,air,4,0,0.5074,0.0911,0,1.93
4280,1,17,2023-11-22,2023-12-17,2023-12-17,934.0,truck,3,0,0.1096,0.2492,0,1.48
4281,8,12,2023-03-22,2023-04-16,2023-04-17,2772.53,air,5,0,0.1836,0.1094,1,30.34
4282,40,9,2024-10-13,2024-11-01,2024-11-02,524.02,truck,5,0,0.4781,0.1206,1,16.51
4283,6,19,2025-03-28,2025-04-23,2025-04-28,492.35,truck,2,1,0.3406,0.3463,1,117.6
4284,22,4,2023-07-25,2023-08-15,2023-08-20,2418.37,ship,3,3,0.6084,0.1904,1,122.29
4285,25,19,2025-06-09,2025-07-02,2025-07-02,325.5,truck,5,0,0.3505,0.3294,0,2.42
4286,9,3,2024-01-03,2024-01-24,2024-01-25,1730.3,truck,4,2,0.4246,0.1382,1,35.79
4287,48,10,2023-03-03,2023-03-20,2023-03-22,1074.41,truck,2,0,0.4336,0.5295,1,36.93
4288,42,3,2023-07-23,2023-08-08,2023-08-08,5081.32,air,3,0,0.7219,0.2372,0,1.24
4289,3,16,2025-11-09,2025-12-17,2025-12-20,5712.91,ship,4,1,0.4677,0.2878,1,61.17
4290,30,10,2025-03-03,2025-04-27,2025-04-28,13140.73,ship,5,1,0.5883,0.3611,1,15.12
4291,34,12,2025-04-02,2025-04-13,2025-04-13,4196.85,air,4,1,0.1831,0.0399,0,2.39
4292,5,4,2023-01-10,2023-02-06,2023-02-18,1578.31,ship,3,1,0.6711,0.2606,1,294.65
4293,29,18,2025-03-20,2025-04-22,2025-04-24,4866.99,ship,2,0,0.5932,0.223,1,38.42
4294,21,15,2024-05-20,2024-06-04,2024-06-05,1499.63,truck,4,1,0.6267,0.1211,1,17.5
4295,14,12,2024-03-29,2024-04-24,2024-04-24,946.27,truck,1,0,0.3237,0.2082,0,1.83
4296,41,2,2025-09-17,2025-10-06,2025-10-09,9962.44,air,4,1,0.2285,0.5395,1,81.27
4297,1,20,2023-08-20,2023-09-13,2023-09-13,1544.68,air,3,0,0.6356,0.2492,0,3.54
4298,14,13,2024-12-17,2025-01-12,2025-01-17,358.74,truck,5,1,0.4332,0.2082,1,108.86
4299,6,2,2023-10-01,2023-10-31,2023-11-01,2031.31,truck,4,1,0.5833,0.3463,1,19.83
4300,32,1,2024-06-26,2024-07-21,2024-07-23,809.18,truck,4,1,0.5838,0.299,1,38.64
4301,47,14,2025-01-29,2025-02-27,2025-03-01,735.51,truck,2,0,0.3016,0.1768,1,45.16
4302,4,3,2023-08-20,2023-09-20,2023-09-20,2584.15,air,5,0,0.6919,0.2301,0,1.6
4303,29,13,2025-02-23,2025-03-15,2025-03-16,4994.27,air,3,1,0.35,0.223,1,18.12
4304,5,1,2024-08-17,2024-10-27,2024-10-27,16066.8,ship,5,1,0.6688,0.2606,1,9.48
4305,27,1,2023-01-18,2023-02-08,2023-02-08,347.0,truck,5,0,0.492,0.1179,0,3.1
4306,27,19,2023-08-17,2023-09-06,2023-09-06,535.13,truck,5,0,0.5078,0.1179,0,1.7
4307,4,11,2025-06-23,2025-07-25,2025-07-27,625.16,truck,5,2,0.601,0.2301,1,45.1
4308,27,10,2025-07-22,2025-08-12,2025-08-12,1992.73,air,5,1,0.3552,0.1179,0,2.56
4309,37,16,2025-10-29,2025-11-30,2025-11-30,620.29,truck,3,0,0.7577,0.1502,0,3.56
4310,1,6,2025-07-22,2025-08-19,2025-08-23,3677.2,truck,2,2,0.3193,0.2492,1,102.29
4311,14,9,2025-02-21,2025-03-20,2025-03-20,3631.92,air,2,1,0.6601,0.2082,0,2.2
4312,49,19,2025-02-10,2025-02-24,2025-02-26,833.21,truck,3,2,0.2191,0.0836,1,37.12
4313,29,10,2024-09-11,2024-10-08,2024-10-08,9874.88,air,1,1,0.6009,0.223,0,1.63
4314,23,1,2023-02-03,2023-03-01,2023-03-01,1269.01,truck,1,0,0.6287,0.2281,0,2.22
4315,36,4,2024-08-24,2024-09-14,2024-09-14,643.5,truck,3,1,0.7334,0.0168,0,2.68
4316,11,19,2025-11-20,2025-12-17,2025-12-19,5284.4,ship,3,2,0.3935,0.163,1,45.83
4317,32,9,2023-04-06,2023-05-04,2023-05-12,1971.59,truck,5,1,0.3873,0.299,1,182.01
4318,49,16,2024-09-19,2024-10-05,2024-10-05,630.32,truck,1,1,0.5758,0.0836,0,1.2
4319,43,7,2023-04-04,2023-05-08,2023-05-08,3502.91,ship,2,1,0.3834,0.1166,0,2.76
4320,47,6,2025-09-09,2025-10-07,2025-10-07,1169.33,truck,3,1,0.6346,0.1768,0,2.2
4321,46,6,2024-09-12,2024-10-04,2024-10-04,1670.77,truck,4,1,0.4641,0.0911,0,3.5
4322,44,18,2025-01-01,2025-01-24,2025-01-24,20000.0,air,2,0,0.5399,0.0719,0,3.14
4323,34,13,2024-07-11,2024-07-22,2024-07-26,1402.39,truck,5,0,0.42,0.0399,1,100.56
4324,3,18,2023-07-22,2023-08-21,2023-08-24,4207.55,truck,5,1,0.4812,0.2878,1,79.6
4325,45,10,2025-01-02,2025-01-16,2025-01-16,460.02,truck,2,0,0.3781,0.1051,0,1.65
4326,11,19,2023-08-26,2023-09-21,2023-09-22,4331.9,ship,1,0,0.3439,0.163,1,18.88
4327,50,17,2024-06-10,2024-06-28,2024-06-28,5232.6,air,1,1,0.4075,0.1476,0,2.82
4328,15,17,2023-06-14,2023-07-14,2023-07-14,1008.56,truck,3,1,0.1484,0.1012,0,2.6
4329,42,8,2024-01-18,2024-02-03,2024-02-03,550.3,truck,1,0,0.4337,0.2372,0,2.68
4330,42,5,2024-08-29,2024-09-11,2024-09-11,449.8,truck,4,0,0.41,0.2372,0,1.52
4331,27,8,2025-10-23,2025-11-17,2025-11-17,1510.44,truck,3,1,0.5271,0.1179,0,3.0
4332,46,11,2023-08-24,2023-09-15,2023-09-15,732.84,truck,3,1,0.6,0.0911,0,2.83
4333,49,15,2024-04-11,2024-04-27,2024-04-27,1165.2,air,3,1,0.635,0.0836,0,3.69
4334,4,17,2023-02-20,2023-03-31,2023-03-31,2953.86,ship,3,0,0.1493,0.2301,0,2.82
4335,5,11,2025-09-05,2025-11-04,2025-11-04,11459.73,ship,5,1,0.3179,0.2606,0,1.22
4336,40,2,2025-10-30,2025-12-03,2025-12-08,5126.57,ship,5,1,0.3669,0.1206,1,109.31
4337,46,12,2024-08-13,2024-09-02,2024-09-02,416.59,truck,2,0,0.1892,0.0911,0,1.6
4338,3,13,2024-11-15,2024-12-09,2024-12-10,639.53,truck,3,1,0.5734,0.2878,1,25.69
4339,30,8,2025-08-31,2025-09-23,2025-09-23,1075.38,truck,5,1,0.2587,0.3611,0,5.06
4340,10,19,2024-07-23,2024-08-13,2024-08-13,358.65,truck,4,1,0.3388,0.335,0,1.54
4341,26,20,2024-12-20,2025-01-10,2025-01-10,599.16,truck,1,1,0.5492,0.1577,0,2.1
4342,8,14,2023-07-10,2023-08-18,2023-08-18,6839.53,ship,1,1,0.3652,0.1094,0,2.03
4343,28,10,2024-11-27,2024-12-15,2024-12-15,1241.56,truck,4,0,0.5961,0.183,0,2.02
4344,36,10,2025-07-09,2025-08-03,2025-08-03,7712.32,air,5,2,0.3196,0.0168,0,1.92
4345,29,11,2025-05-16,2025-06-07,2025-06-07,1363.03,truck,2,1,0.4363,0.223,0,3.91
4346,14,15,2024-12-02,2024-12-29,2025-01-02,1951.75,truck,4,0,0.8847,0.2082,1,100.19
4347,18,5,2023-08-01,2023-09-13,2023-09-20,12306.27,ship,3,1,0.3094,0.0465,1,177.75
4348,13,12,2025-10-18,2025-11-04,2025-11-04,1010.32,truck,5,0,0.3603,0.1757,0,2.18
4349,40,9,2023-04-20,2023-06-15,2023-06-16,12473.38,ship,1,1,0.6025,0.1206,1,20.17
4350,25,8,2023-11-17,2023-12-11,2023-12-21,694.08,truck,5,1,0.4994,0.3294,1,228.57
4351,28,17,2025-01-07,2025-03-10,2025-03-10,16528.48,ship,5,0,0.517,0.183,0,1.6
4352,28,5,2025-02-03,2025-03-02,2025-03-02,4246.74,ship,5,0,0.5203,0.183,0,2.31
4353,1,11,2025-04-15,2025-05-12,2025-05-22,2038.83,truck,2,1,0.4124,0.2492,1,230.8
4354,4,6,2023-01-13,2023-02-16,2023-02-16,4473.69,air,3,0,0.52,0.2301,0,3.38
4355,10,16,2024-08-26,2024-09-17,2024-09-17,317.32,truck,1,1,0.479,0.335,0,2.47
4356,12,16,2025-01-08,2025-02-09,2025-02-15,1452.17,air,4,0,0.8736,0.2771,1,154.09
4357,12,2,2025-10-19,2025-11-30,2025-12-01,3909.35,ship,5,1,0.2236,0.2771,1,30.26
4358,21,17,2023-03-04,2023-03-17,2023-03-17,810.25,truck,4,0,0.2041,0.1211,0,2.87
4359,9,7,2024-11-09,2024-11-29,2024-12-05,1334.71,truck,5,1,0.1519,0.1382,1,134.03
4360,40,10,2025-10-16,2025-11-07,2025-11-07,8698.88,air,3,1,0.3642,0.1206,0,1.22
4361,16,5,2025-08-16,2025-09-12,2025-09-12,1059.71,truck,2,1,0.5539,0.3266,0,2.19
4362,4,6,2024-02-05,2024-03-08,2024-03-11,747.97,truck,3,0,0.5124,0.2301,1,75.96
4363,36,17,2023-11-12,2023-12-04,2023-12-04,587.4,truck,5,0,0.3908,0.0168,0,1.03
4364,47,9,2025-09-03,2025-10-15,2025-10-20,6454.44,ship,5,1,0.8813,0.1768,1,131.56
4365,1,8,2023-03-24,2023-04-14,2023-04-14,736.17,truck,3,0,0.324,0.2492,0,3.26
4366,30,10,2024-06-10,2024-06-29,2024-06-30,471.43,truck,3,1,0.7374,0.3611,1,16.47
4367,18,1,2024-11-03,2024-11-17,2024-11-17,1361.22,truck,3,0,0.4061,0.0465,0,1.39
4368,24,3,2025-04-24,2025-05-13,2025-05-13,3155.17,air,2,0,0.509,0.0437,0,2.82
4369,44,10,2023-08-07,2023-08-20,2023-08-21,631.73,truck,5,1,0.7426,0.0719,1,29.37
4370,37,4,2024-05-29,2024-06-28,2024-06-30,1018.31,truck,3,1,0.6004,0.1502,1,45.81
4371,49,8,2025-10-20,2025-11-20,2025-11-23,4954.09,ship,1,1,0.7584,0.0836,1,71.1
4372,10,4,2024-08-16,2024-09-08,2024-09-17,407.77,truck,5,2,0.5628,0.335,1,218.09
4373,22,14,2025-11-21,2025-12-15,2025-12-15,20000.0,air,4,0,0.3259,0.1904,0,3.05
4374,2,7,2024-12-02,2024-12-23,2024-12-23,4326.43,ship,4,2,0.3585,0.3485,0,1.75
4375,32,17,2023-08-22,2023-09-19,2023-09-20,712.0,truck,5,1,0.4253,0.299,1,28.83
4376,43,1,2025-08-17,2025-11-03,2025-11-03,18242.89,ship,1,1,0.464,0.1166,1,6.15
4377,16,9,2025-06-09,2025-07-08,2025-07-08,786.46,truck,3,1,0.7803,0.3266,0,1.64
4378,27,14,2023-08-28,2023-09-22,2023-09-22,6633.74,air,4,1,0.4289,0.1179,0,1.76
4379,24,13,2025-08-16,2025-09-17,2025-09-21,4684.21,ship,5,1,0.4142,0.0437,1,93.85
4380,50,18,2024-11-12,2024-12-07,2024-12-08,3210.55,ship,4,0,0.832,0.1476,1,32.62
4381,40,11,2023-08-26,2023-09-16,2023-09-22,592.42,truck,5,2,0.5923,0.1206,1,139.27
4382,32,11,2025-01-05,2025-01-31,2025-02-01,1856.45,air,4,0,0.3508,0.299,1,19.6
4383,33,4,2023-03-27,2023-04-11,2023-04-12,1424.63,truck,4,1,0.4346,0.1674,1,20.88
4384,36,10,2023-12-13,2024-01-13,2024-01-15,4206.83,ship,1,1,0.3903,0.0168,1,41.37
4385,34,6,2025-08-19,2025-08-30,2025-08-30,1127.06,truck,1,1,0.6889,0.0399,0,1.45
4386,45,16,2023-12-02,2023-12-17,2023-12-17,821.02,truck,4,1,0.6018,0.1051,0,2.56
4387,3,17,2024-11-18,2024-12-27,2024-12-28,5971.63,ship,5,0,0.2779,0.2878,1,33.5
4388,36,7,2023-05-08,2023-06-01,2023-06-01,10396.94,air,1,1,0.2745,0.0168,0,1.03
4389,43,7,2023-12-18,2024-01-12,2024-01-15,781.24,truck,4,2,0.4551,0.1166,1,83.38
4390,20,10,2024-01-15,2024-02-14,2024-02-15,899.55,truck,3,0,0.5132,0.2853,1,26.78
4391,12,12,2023-02-25,2023-03-31,2023-03-31,328.34,truck,1,0,0.347,0.2771,0,1.55
4392,14,6,2024-03-06,2024-04-02,2024-04-02,1097.72,truck,5,0,0.4061,0.2082,0,4.15
4393,26,5,2024-01-24,2024-02-12,2024-02-12,767.81,truck,5,0,0.5785,0.1577,0,2.93
4394,24,1,2024-05-20,2024-06-16,2024-06-17,2254.95,ship,3,0,0.9133,0.0437,1,27.61
4395,49,7,2025-03-18,2025-04-07,2025-04-08,2173.75,ship,1,1,0.2887,0.0836,1,14.49
4396,24,17,2024-11-17,2024-12-07,2024-12-07,528.78,truck,3,0,0.2316,0.0437,0,3.81
4397,18,17,2025-06-05,2025-06-18,2025-06-23,858.85,truck,5,3,0.3773,0.0465,1,126.55
4398,23,12,2023-03-13,2023-04-09,2023-04-09,1758.22,truck,3,0,0.2551,0.2281,0,2.72
4399,44,15,2025-07-16,2025-07-31,2025-07-31,848.79,truck,5,2,0.5211,0.0719,0,3.77
4400,22,16,2023-01-16,2023-01-31,2023-02-03,1501.14,truck,4,1,0.8705,0.1904,1,68.26
4401,31,12,2025-05-18,2025-06-10,2025-06-10,2355.82,truck,1,1,0.2719,0.2757,0,2.55
4402,48,10,2023-07-29,2023-08-15,2023-08-17,1221.21,air,1,1,0.6155,0.5295,1,52.37
4403,6,18,2024-09-09,2024-10-07,2024-10-08,1110.91,truck,5,0,0.6899,0.3463,1,15.5
4404,34,17,2025-11-05,2025-11-21,2025-11-21,3435.26,ship,4,0,0.4284,0.0399,0,2.52
4405,1,1,2023-12-13,2024-01-06,2024-01-06,719.09,truck,4,0,0.4062,0.2492,0,1.87
4406,16,11,2025-11-28,2025-12-22,2025-12-27,660.06,truck,5,0,0.581,0.3266,1,114.3
4407,7,20,2025-02-05,2025-03-01,2025-03-01,5401.01,air,4,1,0.6459,0.2727,0,1.36
4408,44,9,2025-04-15,2025-05-11,2025-05-11,4749.99,ship,2,0,0.7497,0.0719,0,2.65
4409,23,13,2023-07-28,2023-08-27,2023-08-27,1795.91,truck,5,0,0.4491,0.2281,0,1.86
4410,42,4,2024-03-12,2024-03-27,2024-03-29,1292.99,truck,2,1,0.4917,0.2372,1,38.91
4411,39,12,2025-11-22,2025-12-11,2025-12-13,2195.75,truck,5,0,0.1881,0.2906,1,51.05
4412,14,15,2025-10-12,2025-11-05,2025-11-05,773.23,truck,5,1,0.481,0.2082,0,3.07
4413,17,10,2025-08-16,2025-09-30,2025-10-01,1672.36,truck,2,1,0.5374,0.1135,1,12.96
4414,36,14,2025-04-22,2025-05-10,2025-05-10,353.43,truck,4,2,0.3972,0.0168,0,1.35
4415,6,12,2025-01-04,2025-01-29,2025-01-29,388.25,truck,4,0,0.3047,0.3463,0,1.95
4416,29,18,2025-10-25,2025-11-16,2025-11-16,1259.04,truck,4,0,0.6652,0.223,0,3.56
4417,5,12,2023-06-27,2023-07-25,2023-07-25,316.34,truck,2,1,0.1886,0.2606,0,3.4
4418,19,2,2024-06-27,2024-07-14,2024-07-15,358.58,truck,2,1,0.3714,0.2562,1,26.16
4419,24,1,2024-03-31,2024-04-22,2024-04-24,786.16,truck,5,0,0.6714,0.0437,1,50.76
4420,22,5,2025-08-27,2025-09-12,2025-09-14,915.31,truck,2,1,0.65,0.1904,1,52.49
4421,26,6,2023-12-11,2024-02-26,2024-02-27,20000.0,ship,3,0,0.5467,0.1577,1,19.72
4422,31,1,2025-06-07,2025-06-27,2025-06-28,1659.41,truck,4,1,0.6485,0.2757,1,21.91
4423,48,7,2023-02-28,2023-03-23,2023-03-23,12502.46,air,4,2,0.1628,0.5295,1,8.03
4424,46,9,2025-01-18,2025-02-14,2025-02-14,19108.24,air,5,0,0.7467,0.0911,0,2.74
4425,48,17,2024-01-22,2024-02-27,2024-02-29,6657.62,ship,1,0,0.3948,0.5295,1,45.34
4426,33,10,2025-07-14,2025-07-27,2025-07-28,328.25,truck,3,2,0.2207,0.1674,1,30.55
4427,43,6,2025-03-02,2025-03-27,2025-03-28,524.74,truck,1,0,0.4485,0.1166,1,35.38
4428,48,7,2023-03-31,2023-04-17,2023-04-17,376.11,truck,5,1,0.3306,0.5295,0,1.9
4429,8,18,2023-01-16,2023-02-08,2023-02-08,3964.45,air,2,0,0.5207,0.1094,0,1.36
4430,31,4,2024-08-22,2024-09-14,2024-09-17,2467.71,truck,3,1,0.767,0.2757,1,72.68
4431,49,14,2024-04-28,2024-05-13,2024-05-14,757.02,truck,4,1,0.5039,0.0836,1,27.51
4432,39,3,2023-05-12,2023-06-10,2023-06-12,19748.26,air,2,0,0.6131,0.2906,1,49.21
4433,14,9,2023-03-11,2023-04-06,2023-04-06,783.65,truck,1,0,0.8049,0.2082,0,3.0
4434,39,17,2025-02-02,2025-03-27,2025-03-30,11373.33,ship,5,1,0.2705,0.2906,1,67.4
4435,1,10,2024-10-03,2024-10-30,2024-11-02,2442.16,truck,5,1,0.5104,0.2492,1,61.01
4436,45,13,2023-08-10,2023-08-23,2023-08-23,331.52,truck,3,0,0.4372,0.1051,0,1.88
4437,17,8,2024-03-24,2024-05-12,2024-05-12,3262.41,ship,1,1,0.3376,0.1135,0,1.16
4438,16,4,2024-01-12,2024-02-10,2024-02-10,4502.32,air,3,0,0.5894,0.3266,0,2.84
4439,33,10,2025-10-08,2025-10-27,2025-10-27,10655.23,air,3,1,0.25,0.1674,0,1.67
4440,18,13,2023-06-02,2023-06-15,2023-06-15,3178.91,air,1,0,0.4727,0.0465,0,1.84
4441,38,7,2023-04-16,2023-04-29,2023-05-02,564.33,truck,1,1,0.1906,0.1178,1,73.8
4442,24,3,2024-09-27,2024-10-16,2024-10-16,1715.64,air,3,1,0.7639,0.0437,0,1.54
4443,43,3,2023-09-10,2023-10-06,2023-10-06,785.72,truck,5,0,0.5998,0.1166,0,2.14
4444,24,9,2023-01-21,2023-02-14,2023-02-14,1512.84,truck,1,0,0.6152,0.0437,0,1.62
4445,23,2,2023-12-18,2024-01-16,2024-01-16,3872.81,truck,1,0,0.3057,0.2281,0,2.25
4446,36,5,2025-06-03,2025-07-11,2025-07-13,6312.36,ship,5,1,0.2587,0.0168,1,38.16
4447,3,1,2025-10-31,2025-11-24,2025-11-26,1432.25,truck,3,0,0.5941,0.2878,1,52.37
4448,10,20,2024-06-19,2024-07-11,2024-07-12,346.41,truck,5,0,0.4749,0.335,1,18.71
4449,24,17,2024-07-25,2024-08-16,2024-08-19,1263.86,truck,4,3,0.1569,0.0437,1,65.85
4450,10,11,2023-07-05,2023-07-29,2023-08-02,333.84,truck,5,2,0.3762,0.335,1,99.4
4451,46,10,2023-10-11,2023-10-31,2023-10-31,372.9,truck,5,0,0.5791,0.0911,0,2.4
4452,9,5,2024-07-07,2024-08-31,2024-09-01,13163.91,ship,4,1,0.5947,0.1382,1,22.31
4453,46,11,2023-01-02,2023-01-20,2023-01-22,1208.99,truck,4,0,0.5203,0.0911,1,56.44
4454,33,4,2025-01-16,2025-01-29,2025-01-30,3097.45,air,2,0,0.6491,0.1674,1,26.99
4455,6,17,2023-10-31,2023-11-24,2023-11-28,638.24,truck,2,1,0.3827,0.3463,1,89.0
4456,10,12,2024-12-14,2025-01-08,2025-01-08,1057.91,truck,3,0,0.4863,0.335,0,3.43
4457,17,16,2023-09-03,2023-10-16,2023-10-17,702.26,truck,4,1,0.5973,0.1135,1,33.61
4458,32,9,2024-12-05,2025-01-22,2025-01-23,7684.82,ship,2,0,0.4172,0.299,1,18.94
4459,39,13,2025-01-24,2025-02-16,2025-02-18,633.24,truck,5,2,0.3469,0.2906,1,56.99
4460,44,13,2024-11-23,2024-12-12,2024-12-12,3662.6,truck,5,1,0.5928,0.0719,0,1.37
4461,22,4,2024-06-15,2024-07-04,2024-07-05,600.67,truck,2,1,0.5082,0.1904,1,31.8
4462,29,1,2024-08-14,2024-09-07,2024-09-08,1840.91,ship,1,1,0.6879,0.223,1,24.65
4463,46,20,2025-07-31,2025-08-21,2025-08-21,4689.71,air,2,0,0.334,0.0911,0,2.37
4464,24,2,2023-12-05,2023-12-26,2023-12-26,1000.95,truck,5,0,0.2417,0.0437,0,3.24
4465,35,13,2023-10-11,2023-11-07,2023-11-14,1048.24,truck,5,0,0.4562,0.4038,1,162.11
4466,6,3,2024-05-25,2024-06-23,2024-06-23,8313.71,air,3,0,0.402,0.3463,0,6.26
4467,21,14,2023-10-22,2023-11-20,2023-11-20,6454.92,ship,1,1,0.3517,0.1211,0,1.3
4468,33,19,2025-05-13,2025-06-04,2025-06-04,2900.22,ship,5,0,0.1872,0.1674,0,1.62
4469,24,9,2024-07-06,2024-08-25,2024-08-28,11147.64,ship,2,1,0.6973,0.0437,1,63.2
4470,23,19,2025-05-28,2025-07-20,2025-07-21,9575.77,ship,1,0,0.2362,0.2281,1,14.42
4471,49,7,2023-12-04,2023-12-19,2023-12-22,418.41,truck,4,2,0.3094,0.0836,1,73.57
4472,25,16,2025-05-12,2025-06-07,2025-06-12,1455.04,truck,1,1,0.507,0.3294,1,126.1
4473,15,3,2023-10-09,2023-11-10,2023-11-10,633.48,truck,1,1,0.6258,0.1012,0,1.58
4474,26,3,2023-11-04,2023-12-03,2023-12-09,10684.07,air,4,1,0.5096,0.1577,1,148.9
4475,12,6,2023-05-13,2023-06-21,2023-06-29,4162.77,truck,5,0,0.5346,0.2771,1,190.84
4476,34,2,2025-08-16,2025-08-24,2025-08-24,786.48,truck,3,1,0.2912,0.0399,0,1.83
4477,35,2,2024-05-12,2024-06-06,2024-06-16,807.02,truck,5,1,0.4795,0.4038,1,242.35
4478,48,15,2024-03-20,2024-04-08,2024-04-11,921.47,truck,2,0,0.3405,0.5295,1,64.68
4479,13,16,2023-11-29,2023-12-23,2023-12-24,3403.47,ship,4,0,0.6051,0.1757,1,20.65
4480,15,15,2024-02-14,2024-03-26,2024-03-27,3449.22,ship,5,0,0.5057,0.1012,1,24.06
4481,19,14,2025-01-16,2025-02-02,2025-02-03,409.25,truck,5,0,0.2307,0.2562,1,14.88
4482,25,6,2025-09-17,2025-10-11,2025-10-14,2534.7,air,4,1,0.4859,0.3294,1,69.71
4483,27,19,2024-03-27,2024-04-20,2024-04-20,859.13,truck,2,1,0.2294,0.1179,1,10.54
4484,11,7,2024-11-23,2024-12-07,2024-12-07,329.31,truck,5,2,0.1471,0.163,0,2.08
4485,16,8,2025-03-10,2025-04-05,2025-04-08,1111.44,truck,3,0,0.4011,0.3266,1,78.61
4486,43,19,2025-10-06,2025-11-01,2025-11-02,511.47,truck,1,0,0.3796,0.1166,1,14.35
4487,13,13,2023-10-15,2023-11-01,2023-11-01,964.12,truck,2,0,0.3271,0.1757,0,1.21
4488,1,1,2023-04-14,2023-05-09,2023-05-09,2190.62,truck,1,0,0.8654,0.2492,1,5.03
4489,27,1,2025-01-24,2025-02-12,2025-02-12,330.87,truck,2,0,0.8932,0.1179,0,1.87
4490,13,10,2024-01-18,2024-02-11,2024-02-11,4118.93,ship,3,0,0.4274,0.1757,0,1.62
4491,23,9,2024-12-27,2025-01-22,2025-01-26,1639.79,ship,4,1,0.7188,0.2281,1,99.96
4492,48,17,2024-07-15,2024-08-16,2024-08-17,5212.05,ship,2,1,0.2465,0.5295,1,14.37
4493,28,19,2023-12-18,2024-01-02,2024-01-02,2005.58,air,5,2,0.1168,0.183,0,2.76
4494,11,1,2024-07-27,2024-08-09,2024-08-11,422.95,truck,2,1,0.525,0.163,1,38.78
4495,30,19,2024-02-06,2024-02-26,2024-02-26,1621.62,truck,3,0,0.4319,0.3611,0,3.32
4496,50,8,2025-04-02,2025-04-21,2025-04-21,899.91,truck,5,1,0.3331,0.1476,0,2.57
4497,30,15,2023-02-26,2023-03-25,2023-03-28,3880.56,ship,4,0,0.2231,0.3611,1,62.63
4498,20,13,2024-11-16,2024-12-19,2024-12-19,1612.0,air,1,1,0.573,0.2853,0,2.69
4499,27,16,2025-06-09,2025-07-03,2025-07-06,1230.27,truck,2,1,0.9612,0.1179,1,70.02
4500,20,20,2023-08-07,2023-09-17,2023-09-20,4247.4,ship,5,0,0.6668,0.2853,1,67.65
4501,24,17,2024-11-28,2024-12-22,2024-12-22,1823.66,air,5,0,0.1942,0.0437,0,4.39
4502,32,6,2025-04-18,2025-05-13,2025-05-13,408.03,truck,1,0,0.747,0.299,0,3.47
4503,44,6,2023-01-07,2023-01-22,2023-01-22,351.13,truck,4,0,0.5687,0.0719,0,1.59
4504,46,7,2025-03-04,2025-03-24,2025-03-25,2120.55,ship,5,1,0.1103,0.0911,1,25.19
4505,50,5,2024-10-04,2024-10-24,2024-10-24,1176.89,truck,1,0,0.6671,0.1476,0,2.18
4506,37,9,2023-09-19,2023-10-22,2023-10-22,5687.27,air,1,1,0.8513,0.1502,0,2.19
4507,45,10,2023-12-14,2023-12-31,2024-01-01,1876.66,truck,3,1,0.3869,0.1051,1,27.55
4508,21,13,2023-07-04,2023-07-15,2023-07-17,1617.72,truck,1,0,0.3688,0.1211,1,39.88
4509,5,5,2025-10-29,2025-11-28,2025-11-28,2531.92,truck,4,0,0.6446,0.2606,0,2.21
4510,30,20,2023-02-12,2023-03-22,2023-03-25,8329.81,ship,5,1,0.3533,0.3611,1,82.46
4511,44,4,2024-02-29,2024-03-30,2024-03-31,5713.19,ship,2,1,0.4982,0.0719,1,33.87
4512,8,17,2024-11-23,2024-12-18,2024-12-18,1702.15,truck,5,0,0.246,0.1094,0,2.62
4513,30,11,2023-09-12,2023-09-29,2023-09-29,407.05,truck,3,1,0.5938,0.3611,0,3.9
4514,22,15,2025-07-23,2025-08-08,2025-08-08,1879.78,air,1,2,0.5611,0.1904,0,2.59
4515,19,13,2024-10-29,2024-11-17,2024-11-23,1189.88,truck,5,1,0.5171,0.2562,1,132.91
4516,43,14,2024-11-15,2024-12-12,2024-12-12,1402.83,truck,4,0,0.4006,0.1166,0,1.96
4517,22,10,2025-08-28,2025-11-04,2025-11-05,18718.76,ship,2,1,0.3323,0.1904,1,34.23
4518,36,5,2023-05-20,2023-06-22,2023-06-22,4235.39,ship,4,2,0.4443,0.0168,0,3.02
4519,16,8,2025-01-25,2025-03-25,2025-04-02,11437.49,ship,5,0,0.3839,0.3266,1,183.98
4520,20,11,2025-09-11,2025-10-11,2025-10-11,6580.86,air,1,1,0.3474,0.2853,0,2.51
4521,14,5,2023-05-24,2023-06-18,2023-06-19,564.03,truck,2,2,0.564,0.2082,1,28.11
4522,49,4,2025-05-20,2025-06-05,2025-06-06,1695.79,truck,2,1,0.5426,0.0836,1,25.98
4523,39,1,2024-04-30,2024-06-25,2024-06-28,12855.36,ship,2,1,0.5457,0.2906,1,70.71
4524,10,19,2025-03-26,2025-04-22,2025-04-22,2479.4,truck,1,1,0.3006,0.335,0,2.28
4525,16,15,2023-01-31,2023-02-26,2023-02-26,392.75,truck,2,0,0.5282,0.3266,0,1.83
4526,48,4,2025-07-29,2025-08-14,2025-08-15,2276.19,air,2,2,0.4361,0.5295,1,30.22
4527,6,1,2024-09-22,2024-10-17,2024-10-17,1224.19,truck,2,0,0.8505,0.3463,0,1.24
4528,26,7,2024-02-18,2024-03-14,2024-03-14,2405.64,truck,2,1,0.0,0.1577,0,1.88
4529,9,11,2023-06-17,2023-07-11,2023-07-11,2425.97,truck,3,1,0.38,0.1382,0,2.44
4530,26,20,2023-06-27,2023-07-22,2023-07-23,1690.68,ship,5,0,0.6666,0.1577,1,34.13
4531,24,14,2025-07-10,2025-07-26,2025-07-31,463.19,truck,2,3,0.3861,0.0437,1,111.44
4532,40,15,2024-12-06,2024-12-28,2024-12-31,530.63,truck,5,0,0.6059,0.1206,1,83.78
4533,24,7,2025-03-26,2025-04-17,2025-04-17,1102.17,air,3,0,0.171,0.0437,0,1.4
4534,24,13,2025-09-06,2025-09-30,2025-09-30,1973.12,truck,1,0,0.4065,0.0437,0,2.1
4535,46,18,2023-09-07,2023-09-28,2023-09-29,2134.35,ship,5,1,0.4746,0.0911,1,27.46
4536,41,8,2023-08-23,2023-09-11,2023-09-11,1898.03,truck,3,1,0.4079,0.5395,0,3.11
4537,31,14,2024-06-21,2024-07-10,2024-07-11,489.76,truck,1,2,0.5003,0.2757,1,31.29
4538,41,17,2024-07-06,2024-07-28,2024-07-31,2906.51,ship,5,1,0.2632,0.5395,1,76.71
4539,4,5,2024-01-21,2024-02-21,2024-02-21,1101.05,truck,1,0,0.5157,0.2301,0,2.07
4540,34,1,2025-07-03,2025-07-14,2025-07-14,846.75,truck,4,1,0.5195,0.0399,1,11.56
4541,48,3,2024-07-28,2024-08-11,2024-08-13,386.6,truck,2,1,0.3602,0.5295,1,50.71
4542,12,18,2023-06-20,2023-07-23,2023-07-23,991.01,truck,2,1,0.4091,0.2771,0,2.29
4543,19,3,2024-05-27,2024-06-16,2024-06-16,1128.09,truck,3,0,0.4561,0.2562,0,1.5
4544,47,17,2024-01-13,2024-02-26,2024-02-26,6461.66,ship,1,0,0.433,0.1768,0,1.67
4545,22,9,2024-12-26,2025-01-11,2025-01-11,1420.93,air,5,0,0.6934,0.1904,0,0.93
4546,13,19,2025-05-17,2025-06-02,2025-06-03,488.45,truck,4,0,0.3049,0.1757,1,28.38
4547,34,10,2023-11-27,2023-12-08,2023-12-08,1335.05,truck,4,0,0.4143,0.0399,0,1.87
4548,21,2,2024-11-16,2024-12-02,2024-12-02,9559.3,air,5,0,0.591,0.1211,0,2.65
4549,38,18,2024-10-21,2024-11-24,2024-11-26,6572.8,ship,3,0,0.6065,0.1178,1,44.39
4550,42,16,2023-05-10,2023-06-12,2023-06-14,6548.76,ship,4,1,0.4424,0.2372,1,37.03
4551,39,7,2025-06-01,2025-06-22,2025-06-22,2649.39,air,2,0,0.281,0.2906,0,2.57
4552,42,1,2024-08-09,2024-10-21,2024-10-21,20000.0,ship,4,2,0.5381,0.2372,0,2.39
4553,12,12,2025-04-12,2025-05-15,2025-05-15,1901.4,air,4,1,0.1162,0.2771,0,2.69
4554,14,16,2024-01-21,2024-02-19,2024-02-21,1044.39,truck,5,0,0.6083,0.2082,1,39.7
4555,39,2,2025-04-29,2025-05-26,2025-05-30,16046.78,air,5,1,0.7101,0.2906,1,93.59
4556,24,6,2025-11-07,2025-11-26,2025-11-26,427.27,truck,2,0,0.4948,0.0437,0,2.93
4557,11,6,2023-05-31,2023-07-08,2023-07-08,8202.29,ship,4,1,0.1754,0.163,0,1.17
4558,2,1,2024-02-02,2024-02-10,2024-02-10,589.04,truck,1,0,0.6368,0.3485,0,3.64
4559,36,14,2024-05-31,2024-07-11,2024-07-14,7753.58,ship,5,1,0.3962,0.0168,1,81.21
4560,40,2,2024-12-17,2025-01-04,2025-01-04,2152.34,air,3,1,0.2133,0.1206,0,2.5
4561,28,19,2024-03-26,2024-04-10,2024-04-11,347.71,truck,5,1,0.2552,0.183,1,20.48
4562,11,19,2024-05-19,2024-06-08,2024-06-08,2383.44,ship,4,0,0.3328,0.163,0,2.62
4563,43,15,2023-06-15,2023-07-10,2023-07-10,310.24,truck,1,1,0.3493,0.1166,0,4.48
4564,12,3,2023-06-04,2023-07-05,2023-07-06,3916.09,air,2,0,0.2201,0.2771,1,30.49
4565,27,7,2025-01-12,2025-02-23,2025-02-24,7818.3,ship,4,1,0.2188,0.1179,1,23.09
4566,43,7,2024-01-13,2024-02-08,2024-02-11,499.18,truck,3,2,0.3368,0.1166,1,76.68
4567,21,7,2024-06-15,2024-07-05,2024-07-05,1769.03,ship,5,0,0.2731,0.1211,0,2.28
4568,9,14,2025-09-01,2025-09-19,2025-09-19,1054.22,truck,2,1,0.2838,0.1382,0,1.08
4569,23,9,2023-04-21,2023-05-16,2023-05-16,1494.27,truck,5,0,0.7425,0.2281,0,2.96
4570,26,2,2023-07-03,2023-07-26,2023-08-02,465.68,truck,3,1,0.3555,0.1577,1,173.63
4571,18,12,2024-05-25,2024-06-20,2024-06-20,5434.85,ship,4,0,0.2329,0.0465,0,1.18
4572,21,12,2023-11-26,2023-12-13,2023-12-13,2314.2,truck,5,0,0.2627,0.1211,0,1.54
4573,4,1,2023-07-26,2023-08-29,2023-08-31,725.65,truck,4,2,0.5785,0.2301,1,46.79
4574,22,13,2024-05-26,2024-06-14,2024-06-15,1839.22,truck,1,0,0.4912,0.1904,1,13.61
4575,44,3,2023-06-06,2023-06-22,2023-06-22,1561.5,ship,5,0,0.4809,0.0719,0,1.23
4576,10,8,2023-07-16,2023-08-13,2023-08-13,7257.46,air,5,1,0.5195,0.335,0,2.92
4577,44,18,2025-01-18,2025-02-02,2025-02-03,652.37,truck,4,0,0.6154,0.0719,1,15.7
4578,32,4,2024-06-23,2024-07-26,2024-07-31,16738.14,air,1,1,0.4871,0.299,1,113.8
4579,39,13,2025-09-26,2025-10-17,2025-10-17,1291.78,truck,5,1,0.2798,0.2906,0,2.31
4580,33,19,2023-03-18,2023-04-03,2023-04-03,869.72,truck,1,0,0.2262,0.1674,0,1.49
4581,36,4,2023-11-05,2023-12-02,2023-12-02,3356.07,truck,2,1,0.8292,0.0168,0,3.61
4582,16,9,2024-11-25,2024-12-22,2024-12-23,8978.68,air,5,0,0.6138,0.3266,1,16.69
4583,25,2,2025-05-15,2025-06-08,2025-06-08,1967.17,air,1,2,0.2214,0.3294,0,2.03
4584,41,15,2025-06-20,2025-07-13,2025-07-14,10420.89,air,3,1,0.5137,0.5395,1,28.36
4585,11,19,2025-03-08,2025-03-29,2025-03-31,2677.38,ship,5,1,0.2692,0.163,1,58.15
4586,35,1,2025-08-15,2025-10-08,2025-10-09,10232.88,ship,2,1,0.438,0.4038,1,23.31
4587,22,19,2024-02-06,2024-02-23,2024-02-23,1730.47,truck,3,0,0.4319,0.1904,0,1.57
4588,8,10,2023-08-30,2023-09-26,2023-09-27,1969.74,ship,5,1,0.4844,0.1094,1,26.05
4589,8,16,2025-09-03,2025-09-23,2025-09-24,849.33,truck,2,1,0.4619,0.1094,1,25.5
4590,41,19,2024-11-29,2025-01-23,2025-01-25,13146.14,ship,3,2,0.4273,0.5395,1,50.09
4591,40,19,2024-09-07,2024-10-10,2024-10-10,4479.39,ship,1,0,0.4079,0.1206,0,1.91
4592,3,9,2023-01-14,2023-02-07,2023-02-10,912.8,truck,5,0,0.7175,0.2878,1,82.69
4593,15,8,2023-09-05,2023-10-07,2023-10-07,1043.75,truck,4,1,0.3942,0.1012,0,1.44
4594,30,20,2024-11-17,2024-12-27,2024-12-28,7984.64,ship,5,0,0.6775,0.3611,1,31.58
4595,49,20,2024-04-24,2024-05-11,2024-05-11,402.38,truck,3,0,0.5864,0.0836,0,2.34
4596,9,9,2025-03-30,2025-04-21,2025-04-21,1726.31,truck,2,1,0.4409,0.1382,0,2.04
4597,34,17,2024-02-04,2024-02-18,2024-02-18,1433.01,truck,3,0,0.0876,0.0399,0,4.06
4598,15,5,2024-05-31,2024-07-04,2024-07-06,844.15,truck,5,1,0.583,0.1012,1,44.37
4599,28,11,2023-09-20,2023-10-09,2023-10-09,830.88,truck,5,1,0.7318,0.183,0,2.72
4600,43,20,2025-02-23,2025-04-04,2025-04-04,5033.12,ship,1,1,0.3663,0.1166,0,1.83
4601,50,14,2023-10-03,2023-10-23,2023-10-23,1600.87,ship,3,1,0.3917,0.1476,0,3.32
4602,7,10,2023-08-21,2023-09-16,2023-09-16,2743.75,truck,4,1,0.5929,0.2727,0,3.89
4603,50,17,2025-08-10,2025-08-29,2025-08-29,490.91,truck,4,1,0.1015,0.1476,0,2.15
4604,12,3,2023-11-10,2023-12-17,2023-12-17,2665.52,truck,3,1,0.4845,0.2771,0,3.3
4605,13,15,2024-08-18,2024-09-02,2024-09-02,926.19,truck,2,1,0.5402,0.1757,0,1.34
4606,17,7,2025-07-03,2025-08-11,2025-08-11,572.0,truck,4,0,0.2869,0.1135,0,2.4
4607,16,2,2023-01-01,2023-01-27,2023-01-27,535.2,truck,3,0,0.1891,0.3266,0,2.96
4608,27,15,2023-03-15,2023-04-16,2023-04-19,3851.19,ship,2,1,0.3585,0.1179,1,81.61
4609,27,7,2024-08-23,2024-09-16,2024-09-16,1476.67,truck,3,1,0.1866,0.1179,0,1.68
4610,15,16,2025-01-15,2025-02-15,2025-02-17,422.36,truck,5,1,0.7437,0.1012,1,48.99
4611,9,12,2025-08-20,2025-09-09,2025-09-09,428.0,truck,1,1,0.5764,0.1382,0,2.36
4612,36,16,2025-03-26,2025-04-22,2025-04-24,8122.26,air,3,0,0.5278,0.0168,1,45.23
4613,42,12,2023-09-11,2023-09-27,2023-09-27,549.91,truck,5,0,0.0907,0.2372,1,10.07
4614,19,18,2024-02-06,2024-02-25,2024-02-25,6108.68,air,5,0,0.9099,0.2562,0,1.93
4615,49,4,2024-07-29,2024-08-15,2024-08-17,357.95,truck,4,1,0.587,0.0836,1,36.71
4616,25,4,2024-07-02,2024-07-24,2024-07-25,1960.85,air,4,1,0.3566,0.3294,1,22.8
4617,17,15,2025-08-09,2025-09-19,2025-09-20,857.22,truck,3,2,0.4127,0.1135,1,20.85
4618,6,11,2024-11-21,2024-12-21,2024-12-21,6588.58,air,2,0,0.4102,0.3463,0,1.52
4619,12,9,2024-03-09,2024-04-11,2024-04-11,4551.0,air,5,0,0.4608,0.2771,0,3.99
4620,31,20,2023-04-22,2023-05-10,2023-05-10,429.52,truck,2,1,0.5811,0.2757,0,2.78
4621,23,6,2023-09-20,2023-10-16,2023-10-16,1445.88,truck,2,1,0.4502,0.2281,0,3.21
4622,39,6,2025-02-22,2025-03-14,2025-03-14,823.01,truck,3,0,0.3639,0.2906,0,4.93
4623,26,6,2023-10-22,2023-11-12,2023-11-13,2020.05,air,2,0,0.4573,0.1577,1,23.72
4624,5,20,2024-04-15,2024-05-13,2024-05-14,1907.87,truck,3,0,0.6297,0.2606,1,35.87
4625,25,14,2023-12-01,2023-12-23,2023-12-26,3844.63,air,5,1,0.2532,0.3294,1,79.24
4626,33,2,2025-05-19,2025-05-31,2025-06-02,518.11,truck,3,0,0.3547,0.1674,1,57.44
4627,38,4,2023-02-26,2023-03-19,2023-03-19,2486.39,truck,5,0,0.4598,0.1178,0,1.76
4628,35,9,2023-12-03,2023-12-29,2023-12-29,392.9,truck,1,0,0.6291,0.4038,0,1.71
4629,42,16,2024-01-05,2024-02-03,2024-02-03,4559.14,ship,2,0,0.7531,0.2372,0,1.6
4630,22,19,2023-10-14,2023-10-27,2023-10-27,341.64,truck,1,1,0.0272,0.1904,0,2.26
4631,47,17,2024-09-20,2024-10-20,2024-10-20,8188.13,air,4,1,0.2895,0.1768,0,2.84
4632,10,1,2025-02-08,2025-03-11,2025-03-15,3041.6,ship,5,0,0.6755,0.335,1,91.7
4633,28,12,2024-03-18,2024-04-03,2024-04-08,600.66,truck,4,0,0.286,0.183,1,114.35
4634,16,9,2025-01-02,2025-01-26,2025-01-28,5054.31,air,3,0,0.7347,0.3266,1,56.69
4635,47,17,2025-05-05,2025-06-02,2025-06-02,1673.66,air,3,1,0.4086,0.1768,0,1.97
4636,24,18,2025-02-17,2025-03-10,2025-03-10,807.45,truck,2,0,0.4465,0.0437,0,3.36
4637,47,2,2025-09-11,2025-10-09,2025-10-09,6327.18,air,1,1,0.0753,0.1768,0,4.74
4638,41,13,2023-12-06,2023-12-24,2023-12-24,1978.48,truck,1,2,0.2999,0.5395,0,2.12
4639,49,12,2024-01-14,2024-02-12,2024-02-16,4591.92,ship,3,0,0.4795,0.0836,1,92.45
4640,6,13,2025-10-26,2025-11-21,2025-11-28,673.56,truck,5,2,0.4829,0.3463,1,176.67
4641,47,10,2024-07-13,2024-08-21,2024-08-21,3141.49,ship,1,2,0.4829,0.1768,0,3.72
4642,11,5,2023-11-25,2023-12-10,2023-12-12,783.77,truck,4,0,0.6311,0.163,1,40.26
4643,10,4,2024-04-29,2024-05-23,2024-05-23,437.92,truck,2,0,0.4482,0.335,0,1.48
4644,33,13,2023-10-29,2023-11-16,2023-11-16,11453.18,air,2,1,0.3581,0.1674,0,1.4
4645,22,14,2025-05-14,2025-06-12,2025-06-13,5604.94,ship,4,2,0.4233,0.1904,1,34.52
4646,1,10,2024-02-07,2024-03-06,2024-03-07,1593.5,ship,3,0,0.2403,0.2492,1,26.89
4647,42,7,2024-08-30,2024-09-12,2024-09-20,387.96,truck,5,1,0.4918,0.2372,1,181.94
4648,29,2,2023-02-13,2023-03-10,2023-03-10,2179.49,ship,3,0,0.2718,0.223,0,1.59
4649,9,9,2023-05-02,2023-06-11,2023-06-16,7750.69,ship,2,1,0.581,0.1382,1,111.65
4650,14,3,2024-03-28,2024-05-29,2024-05-31,12817.3,ship,1,1,0.6096,0.2082,1,51.24
4651,45,13,2025-04-18,2025-05-01,2025-05-01,1080.85,truck,3,0,0.4434,0.1051,0,1.58
4652,46,19,2023-04-10,2023-05-03,2023-05-03,8372.26,air,3,0,0.2651,0.0911,0,1.14
4653,6,17,2025-03-04,2025-04-10,2025-04-10,4386.83,ship,1,0,0.3018,0.3463,0,2.95
4654,6,19,2023-09-14,2023-10-10,2023-10-10,344.74,truck,4,0,0.4845,0.3463,0,6.47
4655,23,19,2024-07-03,2024-07-28,2024-07-28,788.41,truck,3,0,0.4633,0.2281,1,6.23
4656,13,2,2023-10-18,2023-11-02,2023-11-02,985.95,truck,2,1,0.3276,0.1757,0,2.38
4657,36,2,2024-06-20,2024-07-15,2024-07-15,9851.05,air,1,2,0.3245,0.0168,0,2.0
4658,46,4,2023-07-17,2023-08-11,2023-08-11,16737.51,air,5,1,0.4357,0.0911,0,2.86
4659,16,4,2024-03-22,2024-05-31,2024-05-31,15342.26,ship,3,0,0.5073,0.3266,0,3.2
4660,28,1,2024-12-11,2024-12-27,2024-12-27,748.0,truck,2,0,0.6965,0.183,0,1.39
4661,19,9,2023-10-22,2023-11-10,2023-11-12,1277.78,truck,3,0,0.3924,0.2562,1,45.59
4662,40,5,2024-12-31,2025-01-19,2025-01-23,1291.15,truck,5,0,0.4696,0.1206,1,101.17
4663,30,11,2024-09-27,2024-10-16,2024-10-17,1029.84,truck,5,1,0.3343,0.3611,1,35.02
4664,7,11,2024-02-24,2024-03-22,2024-03-25,2215.91,truck,2,0,0.4529,0.2727,1,65.7
4665,18,14,2025-10-30,2025-11-18,2025-11-19,2824.73,ship,5,0,0.3556,0.0465,1,19.91
4666,43,3,2023-05-03,2023-07-18,2023-07-21,17960.73,ship,1,0,0.608,0.1166,1,60.62
4667,11,2,2024-01-05,2024-01-20,2024-01-22,670.03,truck,2,0,0.5823,0.163,1,57.33
4668,24,20,2025-05-15,2025-06-05,2025-06-05,381.26,truck,1,0,0.404,0.0437,0,4.31
4669,43,4,2025-02-13,2025-03-13,2025-03-13,4386.85,air,4,0,0.6204,0.1166,1,11.92
4670,30,6,2025-06-18,2025-07-07,2025-07-07,5888.75,air,3,1,0.4514,0.3611,0,3.58
4671,39,16,2024-03-27,2024-04-17,2024-04-20,1033.96,truck,4,1,0.6177,0.2906,1,75.6
4672,7,18,2025-11-17,2026-01-31,2026-01-31,20000.0,ship,4,0,0.5018,0.2727,0,2.88
4673,50,7,2024-03-08,2024-03-24,2024-03-24,471.18,truck,1,1,0.1727,0.1476,0,1.85
4674,48,14,2025-08-14,2025-09-04,2025-09-06,2999.88,truck,3,2,0.2233,0.5295,1,53.13
4675,42,10,2025-03-02,2025-03-20,2025-04-02,378.91,truck,4,1,0.5892,0.2372,1,301.76
4676,13,6,2024-09-04,2024-09-20,2024-09-22,1687.05,truck,1,1,0.7169,0.1757,1,42.33
4677,44,1,2024-11-10,2024-11-23,2024-11-23,1514.0,air,4,0,0.723,0.0719,0,1.03
4678,44,12,2024-01-14,2024-01-31,2024-01-31,672.74,truck,1,0,0.4795,0.0719,0,2.75
4679,23,10,2024-09-15,2024-10-09,2024-10-11,1100.57,truck,4,1,0.5885,0.2281,1,37.75
4680,18,3,2025-05-18,2025-06-01,2025-06-01,6622.55,air,3,1,0.4431,0.0465,0,2.37
4681,9,7,2025-05-04,2025-06-02,2025-06-03,3632.2,ship,3,1,0.289,0.1382,1,26.35
4682,8,16,2024-08-31,2024-09-23,2024-09-28,1627.65,truck,5,1,0.454,0.1094,1,127.76
4683,30,20,2025-10-23,2025-11-10,2025-11-11,360.72,truck,3,1,0.4546,0.3611,1,30.23
4684,11,12,2025-09-26,2025-11-06,2025-11-07,9694.52,ship,1,1,0.3146,0.163,1,26.86
4685,26,5,2024-06-04,2024-06-28,2024-06-28,2005.57,truck,3,1,0.4984,0.1577,0,6.59
4686,29,16,2025-01-31,2025-02-22,2025-02-24,1818.69,ship,1,0,0.8337,0.223,1,46.38
4687,31,19,2025-06-30,2025-07-16,2025-07-16,455.46,truck,4,0,0.1052,0.2757,0,3.33
4688,49,13,2023-10-02,2023-10-17,2023-10-18,350.12,truck,1,1,0.4301,0.0836,1,18.99
4689,48,16,2023-02-15,2023-03-06,2023-03-06,985.79,truck,1,0,0.6138,0.5295,0,2.29
4690,44,7,2024-01-08,2024-01-21,2024-01-21,560.21,truck,5,2,0.3432,0.0719,0,1.41
4691,30,9,2023-01-14,2023-02-01,2023-02-01,2331.91,air,1,0,0.7175,0.3611,0,1.57
4692,38,17,2025-05-19,2025-07-29,2025-08-01,20000.0,ship,4,1,0.4111,0.1178,1,78.56
4693,5,19,2023-05-15,2023-08-01,2023-08-02,18219.51,ship,5,0,0.1277,0.2606,1,26.03
4694,49,12,2025-11-07,2025-11-27,2025-11-27,1466.36,truck,2,0,0.5865,0.0836,0,2.31
4695,18,3,2025-05-25,2025-08-01,2025-08-01,20000.0,ship,5,0,0.6101,0.0465,0,2.73
4696,17,8,2024-05-25,2024-08-29,2024-08-29,20000.0,ship,2,0,0.4063,0.1135,0,1.32
4697,50,14,2023-02-28,2023-03-26,2023-03-26,2867.34,ship,5,0,0.471,0.1476,0,2.31
4698,31,10,2024-04-08,2024-05-01,2024-05-05,2210.28,truck,4,1,0.7149,0.2757,1,99.2
4699,36,20,2024-08-04,2024-08-27,2024-08-27,1153.36,truck,1,0,0.6873,0.0168,0,3.35
4700,24,18,2023-07-09,2023-08-04,2023-08-06,3863.41,truck,5,2,0.5927,0.0437,1,51.64
4701,34,9,2023-09-18,2023-09-28,2023-10-02,699.6,truck,5,0,0.9022,0.0399,1,101.17
4702,18,10,2024-11-13,2024-11-23,2024-11-23,4702.61,air,1,0,0.5528,0.0465,0,2.47
4703,37,20,2024-01-24,2024-02-23,2024-03-01,387.45,truck,1,1,0.5583,0.1502,1,171.55
4704,46,11,2023-03-03,2023-04-06,2023-04-11,5460.51,ship,3,1,0.4828,0.0911,1,128.37
4705,12,19,2023-08-28,2023-09-28,2023-10-03,2467.99,air,5,1,0.3972,0.2771,1,130.96
4706,1,2,2024-05-20,2024-07-02,2024-07-10,7074.45,ship,5,1,0.3281,0.2492,1,186.2
4707,31,9,2024-10-17,2024-11-05,2024-11-08,761.69,truck,2,1,0.5319,0.2757,1,60.62
4708,6,7,2024-09-09,2024-10-28,2024-10-31,7862.46,ship,5,2,0.4135,0.3463,1,73.21
4709,44,15,2023-02-28,2023-03-26,2023-03-26,4781.09,ship,2,0,0.2289,0.0719,0,1.43
4710,20,18,2023-08-21,2023-09-22,2023-09-23,722.5,truck,1,1,0.5337,0.2853,1,27.45
4711,48,2,2024-02-18,2024-03-07,2024-03-07,7032.88,air,4,1,0.3001,0.5295,0,2.27
4712,7,17,2024-05-17,2024-06-08,2024-06-08,989.49,truck,4,1,0.3151,0.2727,0,2.98
4713,22,10,2025-02-24,2025-03-15,2025-03-15,2010.53,truck,3,0,0.4934,0.1904,0,3.59
4714,24,7,2025-02-07,2025-03-02,2025-03-03,351.43,truck,5,1,0.1238,0.0437,1,30.31
4715,18,14,2024-06-02,2024-06-19,2024-06-19,2001.74,ship,1,1,0.3084,0.0465,0,1.49
4716,23,17,2024-10-22,2024-11-15,2024-11-16,705.52,truck,3,1,0.4371,0.2281,1,31.61
4717,9,6,2024-08-29,2024-10-10,2024-10-10,8654.57,ship,1,0,0.5678,0.1382,0,0.95
4718,11,17,2023-08-27,2023-09-14,2023-09-15,7027.79,air,5,1,0.297,0.163,1,33.15
4719,32,2,2023-12-25,2024-01-28,2024-01-28,3163.61,ship,1,0,0.3765,0.299,0,2.54
4720,37,1,2023-06-01,2023-07-06,2023-07-10,10394.62,air,5,1,0.7157,0.1502,1,86.05
4721,8,2,2024-11-22,2024-12-14,2024-12-16,770.52,truck,5,1,0.4007,0.1094,1,51.78
4722,30,15,2025-02-03,2025-02-25,2025-02-25,3189.36,truck,1,0,0.5986,0.3611,0,2.56
4723,18,19,2025-08-26,2025-09-06,2025-09-06,1335.09,truck,2,0,0.435,0.0465,0,1.48
4724,49,14,2024-08-05,2024-08-25,2024-08-26,1773.32,truck,3,2,0.3361,0.0836,1,22.66
4725,22,17,2025-01-04,2025-01-20,2025-01-20,405.17,truck,2,0,0.3994,0.1904,0,1.94
4726,42,15,2023-08-26,2023-09-12,2023-09-13,1792.59,truck,3,0,0.4314,0.2372,1,26.62
4727,44,8,2024-02-24,2024-03-11,2024-03-11,2160.82,truck,2,0,0.1667,0.0719,0,2.21
4728,46,6,2023-12-11,2023-12-30,2023-12-30,576.88,truck,4,0,0.5467,0.0911,0,4.95
4729,17,13,2023-03-03,2023-04-14,2023-04-16,758.01,truck,1,1,0.427,0.1135,1,44.45
4730,42,5,2025-02-28,2025-05-10,2025-05-17,20000.0,ship,5,0,0.6521,0.2372,1,157.16
4731,45,14,2024-04-10,2024-04-24,2024-04-24,482.35,truck,5,1,0.3362,0.1051,0,2.71
4732,26,13,2023-08-29,2023-09-20,2023-09-20,1300.35,truck,4,0,0.2632,0.1577,1,10.55
4733,26,19,2024-12-18,2025-02-13,2025-02-14,12645.08,ship,1,1,0.3872,0.1577,1,18.32
4734,4,11,2024-10-10,2024-11-17,2024-11-17,2350.53,truck,1,0,0.4852,0.2301,0,3.98
4735,28,19,2025-09-14,2025-10-01,2025-10-01,6502.75,air,3,0,0.4583,0.183,0,2.07
4736,8,12,2024-01-26,2024-02-15,2024-02-15,856.28,truck,2,0,0.2393,0.1094,0,1.85
4737,13,19,2023-08-30,2023-09-16,2023-09-18,6108.94,air,4,0,0.3857,0.1757,1,51.8
4738,38,3,2023-06-30,2023-07-16,2023-07-16,308.18,truck,1,0,0.3756,0.1178,1,9.17
4739,11,17,2025-04-17,2025-05-10,2025-05-11,3340.79,ship,1,0,0.268,0.163,1,24.69
4740,29,15,2023-02-03,2023-02-25,2023-02-25,483.82,truck,4,0,0.5293,0.223,0,4.26
4741,33,17,2024-10-31,2024-11-16,2024-11-16,2051.68,ship,1,0,0.236,0.1674,0,2.78
4742,4,15,2024-10-02,2024-11-05,2024-11-05,532.85,truck,3,0,0.5608,0.2301,0,2.05
4743,22,3,2023-02-20,2023-03-08,2023-03-08,494.87,truck,3,1,0.4725,0.1904,0,1.22
4744,40,8,2024-07-08,2024-07-29,2024-07-31,2042.46,truck,2,1,0.4689,0.1206,1,43.56
4745,46,11,2024-03-09,2024-04-03,2024-04-13,3213.72,ship,5,1,0.5015,0.0911,1,229.16
4746,15,14,2025-01-22,2025-02-21,2025-02-21,367.76,truck,2,0,0.3286,0.1012,0,3.97
4747,3,13,2023-07-09,2023-08-05,2023-08-07,6317.47,air,5,0,0.4146,0.2878,1,37.95
4748,1,9,2023-10-13,2023-11-07,2023-11-07,695.38,truck,3,1,0.4825,0.2492,0,1.72
4749,15,16,2025-04-09,2025-05-12,2025-05-12,522.47,truck,2,0,0.3999,0.1012,0,2.61
4750,13,15,2024-09-23,2024-10-17,2024-10-20,4259.8,ship,5,0,0.6833,0.1757,1,62.16
4751,46,4,2024-10-06,2024-10-28,2024-10-28,1695.46,truck,2,0,0.4105,0.0911,0,1.25
4752,44,19,2023-01-28,2023-03-21,2023-03-21,14160.45,ship,5,1,0.2684,0.0719,0,1.33
4753,14,11,2023-02-20,2023-03-18,2023-03-18,685.77,truck,5,0,0.3589,0.2082,0,2.03
4754,38,3,2025-07-14,2025-07-28,2025-07-28,2101.06,air,2,0,0.7039,0.1178,0,1.99
4755,3,10,2023-05-25,2023-06-14,2023-06-16,367.65,truck,2,2,0.4826,0.2878,1,36.78
4756,11,9,2024-11-20,2024-12-09,2024-12-10,1834.64,ship,5,0,0.7473,0.163,1,34.89
4757,20,4,2023-09-24,2023-10-25,2023-10-28,1224.34,truck,5,1,0.3448,0.2853,1,64.4
4758,44,8,2024-12-09,2024-12-21,2024-12-21,328.49,truck,4,0,0.4236,0.0719,0,3.78
4759,6,16,2024-01-18,2024-03-01,2024-03-03,5525.0,ship,1,0,0.5951,0.3463,1,45.59
4760,46,2,2024-02-24,2024-03-18,2024-03-18,9335.55,air,1,1,0.3172,0.0911,0,2.37
4761,8,7,2025-08-20,2025-09-10,2025-09-10,931.36,truck,1,0,0.221,0.1094,0,3.39
4762,10,2,2025-02-18,2025-03-16,2025-03-18,1751.83,truck,3,0,0.3662,0.335,1,43.86
4763,49,1,2024-07-21,2024-09-24,2024-09-25,17285.19,ship,2,2,0.4319,0.0836,1,34.79
4764,32,7,2023-07-21,2023-08-21,2023-08-22,1897.12,truck,3,1,0.0503,0.299,1,34.33
4765,39,16,2025-02-12,2025-04-15,2025-04-17,14850.24,ship,2,0,0.9984,0.2906,1,57.36
4766,41,14,2023-11-11,2023-11-30,2023-11-30,1966.75,truck,1,0,0.3915,0.5395,0,1.35
4767,23,13,2024-09-08,2024-10-05,2024-10-05,5449.19,air,3,0,0.4784,0.2281,0,3.15
4768,30,15,2023-05-13,2023-05-30,2023-05-31,1031.04,truck,4,1,0.4155,0.3611,1,20.87
4769,24,1,2025-03-04,2025-03-24,2025-03-24,2026.66,air,5,0,0.7351,0.0437,0,1.41
4770,18,20,2024-11-19,2024-12-07,2024-12-14,3014.78,ship,2,0,0.8686,0.0465,1,176.0
4771,41,14,2023-06-25,2023-07-13,2023-07-22,7092.67,air,1,2,0.2707,0.5395,1,204.06
4772,42,4,2023-11-15,2023-12-03,2023-12-03,2050.21,truck,3,1,0.6566,0.2372,0,2.06
4773,30,5,2023-07-26,2023-08-10,2023-08-10,378.34,truck,3,0,0.4201,0.3611,1,9.08
4774,38,9,2023-12-12,2023-12-28,2023-12-28,686.13,truck,3,0,0.803,0.1178,0,1.42
4775,3,16,2025-03-01,2025-03-26,2025-03-26,538.07,truck,1,1,0.5981,0.2878,0,2.61
4776,13,12,2024-07-31,2024-08-12,2024-08-12,1030.68,truck,3,1,0.3141,0.1757,0,2.33
4777,17,3,2024-02-06,2024-03-16,2024-03-19,362.28,truck,3,2,0.5276,0.1135,1,70.07
4778,1,4,2025-05-18,2025-06-23,2025-06-26,4656.5,ship,1,1,0.5558,0.2492,1,72.99
4779,43,4,2025-06-23,2025-07-21,2025-07-21,551.61,truck,3,2,0.2484,0.1166,0,1.67
4780,24,5,2025-09-16,2025-10-07,2025-10-07,1160.19,air,2,1,0.4647,0.0437,0,1.26
4781,11,19,2024-01-14,2024-02-12,2024-02-14,5865.58,ship,2,2,0.412,0.163,1,50.71
4782,24,9,2025-05-26,2025-06-18,2025-06-19,1523.6,ship,4,1,0.7508,0.0437,1,30.38
4783,47,8,2025-08-20,2025-09-20,2025-09-20,2384.78,ship,3,0,0.3195,0.1768,0,1.28
4784,49,6,2024-08-01,2024-08-16,2024-08-16,2124.85,air,3,1,0.5212,0.0836,0,2.91
4785,35,2,2023-05-20,2023-06-24,2023-06-25,3208.47,ship,1,1,0.3074,0.4038,1,28.91
4786,34,2,2025-09-27,2025-10-06,2025-10-06,517.56,truck,1,0,0.3136,0.0399,0,1.76
4787,15,1,2023-02-19,2023-03-20,2023-03-24,683.02,truck,5,0,0.5329,0.1012,1,92.6
4788,19,13,2024-04-26,2024-05-16,2024-05-20,419.43,truck,5,1,0.3314,0.2562,1,94.74
4789,18,15,2023-05-08,2023-05-17,2023-05-20,4779.97,air,3,2,0.437,0.0465,1,82.81
4790,10,17,2023-12-10,2024-01-23,2024-01-25,7892.98,ship,3,0,0.189,0.335,1,43.84
4791,39,3,2025-03-08,2025-03-30,2025-04-03,599.22,truck,5,1,0.8192,0.2906,1,93.51
4792,45,7,2023-10-25,2023-11-11,2023-11-11,3523.16,air,3,2,0.2264,0.1051,0,2.01
4793,14,4,2025-10-30,2025-11-27,2025-11-29,1058.27,truck,2,1,0.6321,0.2082,1,58.62
4794,20,4,2023-10-20,2023-11-23,2023-11-24,1358.9,truck,5,0,0.5041,0.2853,1,28.32
4795,17,9,2025-04-13,2025-07-18,2025-07-18,20000.0,ship,3,0,0.6921,0.1135,0,1.87
4796,3,18,2025-11-10,2025-12-03,2025-12-03,1582.07,air,1,0,0.5582,0.2878,0,1.52
4797,46,3,2025-10-07,2025-10-29,2025-10-30,1498.18,truck,4,1,0.5063,0.0911,1,17.85
4798,25,11,2025-05-26,2025-06-25,2025-06-25,2011.7,ship,2,0,0.4203,0.3294,0,1.53
4799,28,7,2024-12-18,2025-01-07,2025-01-08,1180.08,truck,4,1,0.4283,0.183,1,24.47
4800,46,19,2023-06-14,2023-07-31,2023-07-31,9781.02,ship,3,0,0.3544,0.0911,0,2.75
4801,17,18,2025-02-28,2025-04-12,2025-04-12,1502.39,truck,1,0,0.6789,0.1135,0,1.21
4802,48,13,2025-01-02,2025-01-26,2025-01-30,3690.63,truck,2,2,0.4675,0.5295,1,88.45
4803,37,2,2024-09-14,2024-10-13,2024-10-14,1029.67,truck,2,1,0.1887,0.1502,1,20.57
4804,7,18,2023-09-25,2023-10-16,2023-10-18,367.12,truck,3,1,0.5619,0.2727,1,46.78
4805,15,14,2023-05-15,2023-06-23,2023-06-23,3639.49,ship,1,1,0.4671,0.1012,0,2.05
4806,49,18,2023-07-10,2023-07-25,2023-07-26,607.3,truck,4,1,0.553,0.0836,1,17.65
4807,31,12,2025-08-08,2025-08-27,2025-08-27,390.89,truck,4,1,0.1619,0.2757,0,1.11
4808,44,19,2024-09-19,2024-10-09,2024-10-09,3007.19,ship,4,0,0.2043,0.0719,0,2.61
4809,10,7,2024-03-07,2024-04-03,2024-04-05,2886.49,air,3,1,0.2099,0.335,1,54.7
4810,1,1,2023-10-31,2023-11-24,2023-11-26,320.34,truck,4,1,0.5912,0.2492,1,45.96
4811,2,7,2024-08-01,2024-09-02,2024-09-03,7682.51,ship,5,0,0.1989,0.3485,1,18.06
4812,11,15,2025-05-13,2025-05-29,2025-06-02,407.87,truck,4,1,0.6745,0.163,1,98.85
4813,49,1,2025-02-14,2025-04-26,2025-05-04,20000.0,ship,4,0,0.6495,0.0836,1,197.94
4814,40,19,2023-03-07,2023-04-01,2023-04-05,2890.04,truck,5,1,0.5133,0.1206,1,99.15
4815,48,9,2024-09-08,2024-09-25,2024-09-28,441.05,truck,3,1,0.7662,0.5295,1,64.75
4816,40,20,2024-06-14,2024-07-08,2024-07-11,1905.84,ship,3,0,0.5231,0.1206,1,67.72
4817,3,5,2023-06-05,2023-08-04,2023-08-07,12906.36,ship,4,2,0.5525,0.2878,1,75.71
4818,19,20,2025-03-23,2025-04-18,2025-04-18,2754.07,ship,1,0,0.5906,0.2562,0,2.3
4819,38,17,2023-07-04,2023-08-02,2023-08-04,5588.0,ship,3,1,0.3175,0.1178,1,49.51
4820,8,10,2024-07-07,2024-07-28,2024-08-04,1123.57,air,1,2,0.3192,0.1094,1,169.86
4821,48,16,2025-09-22,2025-10-13,2025-10-18,592.13,truck,5,0,0.705,0.5295,1,111.81
4822,5,5,2025-06-08,2025-07-06,2025-07-06,313.25,truck,4,0,0.3992,0.2606,0,3.21
4823,6,17,2023-06-19,2023-07-19,2023-07-20,1686.68,truck,1,0,0.2216,0.3463,1,35.08
4824,20,18,2023-05-02,2023-06-02,2023-06-05,789.72,truck,1,1,0.7358,0.2853,1,65.94
4825,38,9,2024-12-20,2025-01-04,2025-01-04,5352.98,air,3,0,0.6545,0.1178,0,2.36
4826,18,7,2023-09-02,2023-09-13,2023-09-13,464.1,truck,4,0,0.0682,0.0465,0,1.45
4827,37,11,2024-07-03,2024-08-18,2024-08-18,5120.23,ship,5,1,0.4008,0.1502,0,2.82
4828,43,1,2023-01-14,2023-02-08,2023-02-08,346.76,truck,1,0,0.4065,0.1166,0,3.71
4829,19,17,2025-07-10,2025-07-25,2025-07-26,1557.61,air,1,1,0.2755,0.2562,1,33.29
4830,46,17,2025-07-04,2025-07-29,2025-08-02,2376.68,ship,5,1,0.4266,0.0911,1,96.73
4831,38,15,2023-04-16,2023-05-03,2023-05-03,656.89,truck,1,1,0.5755,0.1178,0,1.68
4832,32,13,2023-11-25,2023-12-23,2023-12-23,1660.18,truck,2,2,0.243,0.299,0,1.1
4833,8,2,2025-05-28,2025-07-14,2025-07-14,8354.64,ship,3,1,0.2273,0.1094,0,1.47
4834,12,20,2025-05-07,2025-06-12,2025-06-12,2240.0,ship,5,0,0.4201,0.2771,0,2.96
4835,22,7,2023-05-10,2023-05-29,2023-05-29,10983.91,air,4,1,0.2547,0.1904,0,2.63
4836,42,11,2023-05-27,2023-08-07,2023-08-10,20000.0,ship,2,1,0.3833,0.2372,1,78.57
4837,32,1,2024-07-16,2024-08-14,2024-08-17,6717.5,air,5,2,0.5723,0.299,1,67.11
4838,23,17,2024-03-30,2024-04-24,2024-04-24,318.66,truck,3,0,0.5444,0.2281,0,1.24
4839,14,16,2023-11-01,2023-11-27,2023-11-29,610.6,truck,5,0,0.5453,0.2082,1,40.55
4840,28,5,2023-11-27,2023-12-19,2023-12-19,10487.58,air,5,0,0.6509,0.183,0,2.67
4841,39,4,2023-02-16,2023-03-27,2023-03-27,6342.89,ship,4,0,0.42,0.2906,0,1.86
4842,46,2,2024-10-14,2024-11-03,2024-11-03,1246.5,truck,4,0,0.4751,0.0911,0,1.97
4843,15,18,2023-08-04,2023-09-22,2023-09-24,6225.4,ship,5,1,0.614,0.1012,1,49.76
4844,48,16,2025-07-05,2025-07-31,2025-08-01,2485.19,ship,3,1,0.7509,0.5295,1,27.32
4845,28,5,2024-12-22,2025-01-25,2025-01-25,5729.5,ship,4,0,0.4617,0.183,0,2.64
4846,18,18,2024-10-07,2024-10-23,2024-10-23,16750.93,air,4,0,0.7029,0.0465,0,1.53
4847,31,10,2023-10-12,2023-10-30,2023-10-30,505.38,truck,2,1,0.5415,0.2757,0,3.04
4848,46,19,2025-11-19,2025-12-10,2025-12-17,1576.2,truck,1,1,0.482,0.0911,1,160.7
4849,37,1,2025-05-08,2025-06-07,2025-06-11,528.77,truck,5,0,0.595,0.1502,1,90.8
4850,45,15,2023-08-20,2023-09-11,2023-09-11,3504.0,ship,2,0,0.4476,0.1051,0,2.2
4851,26,18,2023-04-11,2023-06-11,2023-06-11,14970.17,ship,4,1,0.6464,0.1577,0,2.11
4852,49,19,2024-08-27,2024-09-15,2024-09-15,1571.15,truck,3,0,0.3008,0.0836,0,2.74
4853,50,1,2023-01-24,2023-02-11,2023-02-13,384.95,truck,5,0,0.5193,0.1476,1,56.68
4854,32,15,2023-09-09,2023-10-06,2023-10-06,1425.78,truck,3,1,0.4904,0.299,0,1.61
4855,11,4,2023-05-23,2023-06-13,2023-06-21,3335.32,truck,3,1,0.5152,0.163,1,192.96
4856,14,3,2023-05-01,2023-05-29,2023-05-29,705.23,truck,5,0,0.5997,0.2082,0,1.59
4857,14,12,2024-09-10,2024-10-20,2024-10-20,4720.81,ship,2,1,0.1665,0.2082,0,1.78
4858,47,16,2024-04-01,2024-04-29,2024-04-29,537.71,truck,1,1,0.5225,0.1768,0,2.6
4859,44,11,2023-08-30,2023-10-19,2023-10-23,13287.84,ship,2,1,0.6431,0.0719,1,106.57
4860,21,3,2023-07-09,2023-07-30,2023-08-01,20000.0,air,3,0,0.5125,0.1211,1,49.82
4861,2,2,2025-05-24,2025-06-01,2025-06-01,1848.08,air,1,1,0.2159,0.3485,0,1.84
4862,37,1,2024-05-18,2024-06-21,2024-06-21,9137.72,air,1,0,0.9401,0.1502,0,5.52
4863,30,3,2023-06-27,2023-07-22,2023-07-25,5122.6,truck,3,0,0.4545,0.3611,1,63.02
4864,36,2,2023-08-24,2023-09-19,2023-09-21,2155.54,air,5,1,0.3865,0.0168,1,59.05
4865,16,15,2023-12-15,2024-02-05,2024-02-05,8840.24,ship,2,0,0.7942,0.3266,0,3.1
4866,31,1,2024-03-12,2024-05-02,2024-05-02,11598.34,ship,2,0,0.4532,0.2757,0,1.63
4867,19,5,2023-03-17,2023-04-07,2023-04-09,1667.98,ship,5,0,0.4957,0.2562,1,56.52
4868,25,17,2024-03-12,2024-06-01,2024-06-03,20000.0,ship,2,1,0.3313,0.3294,1,51.91
4869,38,19,2024-05-18,2024-06-07,2024-06-07,7921.27,air,3,0,0.3735,0.1178,0,2.62
4870,35,15,2023-08-24,2023-09-28,2023-09-29,4247.63,ship,4,0,0.4957,0.4038,1,21.23
4871,27,16,2023-10-06,2023-10-30,2023-11-01,384.11,truck,5,0,0.8709,0.1179,1,47.66
4872,46,9,2024-05-03,2024-05-20,2024-05-22,360.83,truck,2,1,0.8959,0.0911,1,53.43
4873,47,12,2023-07-16,2023-08-10,2023-08-10,689.51,truck,5,1,0.1825,0.1768,0,1.77
4874,6,16,2025-10-29,2025-12-08,2025-12-09,5006.77,ship,5,0,0.7577,0.3463,1,33.72
4875,27,7,2025-07-31,2025-08-18,2025-08-19,317.05,truck,1,0,0.2451,0.1179,1,31.16
4876,9,3,2024-07-08,2024-07-31,2024-08-02,4259.29,air,1,0,0.4256,0.1382,1,37.97
4877,42,20,2025-04-14,2025-05-19,2025-05-19,7269.21,ship,3,0,0.4443,0.2372,0,1.54
4878,31,20,2023-08-15,2023-09-04,2023-09-09,445.13,truck,2,0,0.7367,0.2757,1,117.13
4879,38,17,2023-06-05,2023-07-05,2023-07-07,6217.6,ship,3,2,0.3857,0.1178,1,53.06
4880,33,14,2023-06-06,2023-07-26,2023-07-27,12798.88,ship,2,1,0.4774,0.1674,1,16.52
4881,33,13,2023-07-31,2023-08-16,2023-08-18,1523.81,truck,1,0,0.452,0.1674,1,51.3
4882,38,19,2025-05-12,2025-05-29,2025-05-29,8319.35,air,3,0,0.0904,0.1178,0,2.64
4883,19,13,2023-02-18,2023-03-09,2023-03-17,1070.38,truck,2,2,0.3294,0.2562,1,200.09
4884,12,15,2023-03-09,2023-04-10,2023-04-10,402.17,truck,4,1,0.2937,0.2771,0,1.95
4885,36,7,2024-05-14,2024-07-13,2024-07-13,14296.36,ship,1,0,0.3357,0.0168,0,3.83
4886,9,10,2023-04-26,2023-05-16,2023-05-16,699.65,truck,2,1,0.1933,0.1382,0,0.88
4887,45,5,2023-12-25,2024-01-06,2024-01-06,1358.45,air,1,0,0.4174,0.1051,0,2.45
4888,7,6,2023-03-21,2023-04-11,2023-04-13,367.92,truck,1,1,0.6985,0.2727,1,48.5
4889,12,2,2024-04-18,2024-05-20,2024-05-21,2385.9,air,4,1,0.4862,0.2771,1,29.33
4890,36,9,2023-11-21,2023-12-12,2023-12-12,410.94,truck,1,0,0.6415,0.0168,0,2.76
4891,38,3,2023-03-16,2023-03-31,2023-04-02,813.74,truck,5,1,0.3848,0.1178,1,50.58
4892,46,20,2025-04-26,2025-05-14,2025-05-14,359.84,truck,1,0,0.5002,0.0911,0,1.76
4893,12,14,2023-03-03,2023-04-06,2023-04-06,1251.64,truck,4,0,0.334,0.2771,0,2.79
4894,12,13,2025-01-17,2025-02-17,2025-02-18,2201.59,air,2,1,0.3297,0.2771,1,23.41
4895,41,2,2025-09-21,2025-10-09,2025-10-09,1213.71,truck,3,0,0.303,0.5395,0,3.75
4896,43,6,2025-08-14,2025-09-14,2025-09-15,2868.04,ship,3,1,0.6172,0.1166,1,32.49
4897,22,3,2024-11-21,2024-12-06,2024-12-08,418.57,truck,5,1,0.5783,0.1904,1,46.44
4898,50,7,2024-10-20,2024-11-23,2024-11-24,4878.23,ship,5,0,0.3494,0.1476,1,18.17
4899,34,20,2025-01-14,2025-01-22,2025-01-27,611.47,truck,5,2,0.6568,0.0399,1,113.62
4900,4,8,2023-02-15,2023-04-08,2023-04-14,7374.08,ship,5,0,0.6414,0.2301,1,137.98
4901,11,14,2024-10-01,2024-10-15,2024-10-15,908.93,truck,5,1,0.251,0.163,0,1.55
4902,22,7,2023-08-24,2023-09-15,2023-09-15,11608.19,air,4,0,0.064,0.1904,0,1.72
4903,31,16,2025-07-27,2025-08-16,2025-08-16,658.14,truck,4,1,0.6359,0.2757,0,1.59
4904,18,4,2023-03-13,2023-03-26,2023-03-27,1058.71,truck,3,1,0.4335,0.0465,1,25.36
4905,35,3,2025-07-27,2025-09-23,2025-09-24,12015.04,ship,2,1,0.5127,0.4038,1,21.36
4906,28,10,2023-10-11,2023-11-20,2023-11-21,9122.05,ship,2,0,0.5791,0.183,1,21.78
4907,35,6,2025-01-10,2025-02-07,2025-02-07,772.02,truck,4,0,0.5856,0.4038,0,1.46
4908,39,5,2025-09-13,2025-10-09,2025-10-13,2552.85,ship,3,0,0.5292,0.2906,1,86.29
4909,35,18,2024-01-04,2024-01-30,2024-01-31,1429.38,truck,4,0,0.5961,0.4038,1,25.84
4910,11,10,2024-04-29,2024-05-14,2024-05-14,405.41,truck,4,1,0.2661,0.163,0,3.42
4911,47,16,2025-03-16,2025-04-12,2025-04-18,1043.65,truck,5,1,0.667,0.1768,1,135.0
4912,39,13,2023-05-03,2023-06-05,2023-06-10,5380.07,ship,5,0,0.5125,0.2906,1,125.32
4913,15,8,2023-07-17,2023-08-15,2023-08-20,430.77,truck,3,1,0.582,0.1012,1,116.61
4914,4,15,2024-07-24,2024-09-08,2024-09-11,5252.64,ship,5,1,0.5517,0.2301,1,61.99
4915,44,14,2025-11-06,2025-11-20,2025-11-20,4274.54,air,1,0,0.3091,0.0719,0,0.73
4916,50,9,2024-04-09,2024-05-03,2024-05-03,13870.93,air,2,1,0.7153,0.1476,0,1.87
4917,18,9,2024-10-07,2024-10-24,2024-10-24,12542.15,air,5,0,0.6872,0.0465,0,2.18
4918,24,5,2025-11-02,2025-12-08,2025-12-11,6291.84,ship,4,0,0.5085,0.0437,1,77.47
4919,16,19,2023-05-12,2023-06-05,2023-06-05,2385.71,air,2,0,0.179,0.3266,0,2.44
4920,49,2,2025-05-07,2025-07-20,2025-07-22,19924.95,ship,2,1,0.4657,0.0836,1,44.93
4921,31,12,2023-07-21,2023-08-27,2023-08-28,7067.51,ship,2,2,0.1727,0.2757,1,16.2
4922,37,6,2024-11-18,2024-12-17,2024-12-17,3114.12,air,1,0,0.5763,0.1502,0,1.42
4923,44,13,2024-02-29,2024-03-13,2024-03-13,892.17,truck,5,1,0.3984,0.0719,0,1.22
4924,11,5,2025-10-13,2025-10-27,2025-10-27,922.88,truck,1,0,0.5159,0.163,0,3.48
4925,23,12,2024-02-24,2024-03-22,2024-03-22,2058.71,air,3,0,0.1829,0.2281,0,3.1
4926,46,14,2023-10-08,2023-10-26,2023-10-26,746.49,truck,3,1,0.2971,0.0911,0,2.32
4927,22,11,2025-09-13,2025-11-22,2025-11-22,19180.96,ship,1,1,0.3705,0.1904,0,1.46
4928,28,6,2024-02-19,2024-03-05,2024-03-05,369.73,truck,4,0,0.4978,0.183,1,10.97
4929,22,7,2025-03-28,2025-04-17,2025-04-17,2642.86,truck,4,1,0.4304,0.1904,0,1.41
4930,45,18,2024-07-11,2024-07-24,2024-07-30,524.32,truck,4,1,0.3884,0.1051,1,144.81
4931,49,6,2025-06-03,2025-06-21,2025-06-21,4375.08,air,4,1,0.503,0.0836,0,1.17
4932,35,10,2025-09-06,2025-10-03,2025-10-05,1424.72,truck,4,1,0.5588,0.4038,1,45.63
4933,11,8,2023-06-22,2023-07-05,2023-07-09,484.48,truck,4,1,0.2198,0.163,1,96.0
4934,38,1,2023-01-28,2023-04-09,2023-04-13,20000.0,ship,4,0,0.4606,0.1178,1,90.69
4935,47,11,2024-04-09,2024-05-17,2024-05-17,3873.82,ship,2,1,0.4103,0.1768,0,2.42
4936,21,5,2025-11-06,2025-11-28,2025-12-01,3129.99,ship,4,1,0.4877,0.1211,1,76.84
4937,20,17,2023-07-28,2023-08-27,2023-09-06,529.99,truck,1,2,0.3165,0.2853,1,239.15
4938,28,10,2024-12-13,2025-01-15,2025-01-15,6228.95,ship,1,0,0.3285,0.183,0,1.46
4939,9,12,2023-02-17,2023-03-11,2023-03-11,5670.8,air,3,0,0.3544,0.1382,0,4.35
4940,39,4,2024-09-23,2024-10-29,2024-10-31,6341.95,ship,5,1,0.4465,0.2906,1,43.34
4941,34,1,2025-03-19,2025-03-28,2025-03-28,658.54,truck,1,0,0.7251,0.0399,0,1.63
4942,30,10,2023-07-29,2023-08-12,2023-08-16,650.99,truck,3,1,0.6155,0.3611,1,100.62
4943,50,7,2025-06-26,2025-07-15,2025-07-15,4079.24,air,1,0,0.1022,0.1476,0,3.92
4944,28,7,2024-05-11,2024-05-28,2024-05-28,447.0,truck,3,1,0.2225,0.183,0,3.78
4945,49,9,2025-11-10,2025-11-29,2025-12-02,4321.04,air,5,0,0.9048,0.0836,1,73.52
4946,33,9,2023-10-01,2023-10-15,2023-10-15,741.91,truck,2,0,0.58,0.1674,0,2.24
4947,12,3,2024-11-20,2025-01-07,2025-01-08,6707.15,ship,1,1,0.5852,0.2771,1,33.72
4948,31,20,2024-07-06,2024-08-10,2024-08-11,5946.3,ship,4,0,0.6251,0.2757,1,25.32
4949,18,20,2024-03-25,2024-04-06,2024-04-06,6733.41,air,3,0,0.4399,0.0465,0,1.39
4950,35,5,2025-02-25,2025-03-25,2025-03-27,834.7,truck,4,0,0.6404,0.4038,1,43.4
4951,30,16,2023-03-04,2023-03-22,2023-03-22,850.01,truck,1,1,0.5231,0.3611,0,3.69
4952,4,7,2025-07-12,2025-08-15,2025-08-19,1630.32,truck,4,0,0.4054,0.2301,1,95.66
4953,35,16,2025-12-01,2026-01-03,2026-01-04,3702.49,truck,5,0,0.6895,0.4038,1,28.15
4954,27,3,2024-03-10,2024-04-03,2024-04-05,758.47,truck,1,1,0.5232,0.1179,1,49.5
4955,18,3,2024-01-24,2024-02-07,2024-02-10,1382.34,truck,4,2,0.5014,0.0465,1,82.48
4956,22,10,2023-02-24,2023-03-13,2023-03-13,689.73,truck,2,1,0.4753,0.1904,0,1.67
4957,20,12,2024-01-20,2024-02-19,2024-02-22,413.72,truck,5,0,0.3683,0.2853,1,79.21
4958,30,6,2024-10-30,2024-11-17,2024-11-21,751.38,truck,4,0,0.5998,0.3611,1,85.63
4959,8,1,2024-09-09,2024-10-04,2024-10-06,2286.97,truck,4,1,0.6072,0.1094,1,49.59
4960,45,9,2023-12-12,2024-02-17,2024-02-19,20000.0,ship,2,0,0.803,0.1051,1,54.22
4961,22,14,2025-03-18,2025-04-02,2025-04-02,974.15,truck,5,0,0.376,0.1904,0,0.9
4962,10,12,2025-07-05,2025-07-26,2025-08-01,302.97,truck,1,1,0.316,0.335,1,155.02
4963,16,2,2025-10-19,2025-11-16,2025-11-17,854.81,truck,4,1,0.2236,0.3266,1,35.1
4964,11,13,2024-09-09,2024-09-28,2024-09-28,2529.32,truck,1,0,0.4758,0.163,0,3.4
4965,4,13,2023-06-07,2023-07-17,2023-07-18,2073.25,ship,2,1,0.4622,0.2301,1,30.43
4966,37,7,2024-06-22,2024-08-12,2024-08-12,7313.23,ship,2,0,0.1566,0.1502,0,2.69
4967,48,13,2025-03-20,2025-05-06,2025-05-10,11516.98,ship,5,0,0.3404,0.5295,1,107.31
4968,46,18,2023-04-26,2023-05-17,2023-05-19,364.4,truck,2,0,0.6697,0.0911,1,46.18
4969,31,11,2024-09-21,2024-10-12,2024-10-12,1126.8,truck,4,0,0.331,0.2757,0,3.63
4970,4,6,2024-11-02,2024-12-24,2024-12-24,7156.24,ship,1,0,0.5437,0.2301,0,1.52
4971,40,6,2025-04-03,2025-05-01,2025-05-01,3253.07,ship,5,1,0.5594,0.1206,0,4.63
4972,11,7,2023-03-27,2023-04-14,2023-04-14,1154.78,truck,5,1,0.3297,0.163,0,5.29
4973,6,16,2024-06-15,2024-07-13,2024-07-16,2998.72,air,1,1,0.4391,0.3463,1,66.48
4974,28,10,2025-03-13,2025-03-27,2025-03-30,706.51,truck,1,1,0.3714,0.183,1,81.3
4975,12,7,2025-11-02,2025-12-07,2025-12-07,714.14,truck,1,1,0.2037,0.2771,0,1.49
4976,9,20,2024-08-12,2024-09-02,2024-09-03,925.62,truck,3,0,0.7274,0.1382,1,17.31
4977,18,1,2024-07-15,2024-07-22,2024-07-28,971.65,truck,2,1,0.5162,0.0465,1,134.97
4978,9,16,2025-01-25,2025-03-12,2025-03-12,9090.66,ship,3,0,0.8293,0.1382,0,1.96
4979,42,20,2023-12-31,2024-02-01,2024-02-02,5718.74,ship,4,1,0.4991,0.2372,1,12.58
4980,22,15,2023-07-04,2023-07-23,2023-07-26,2109.86,truck,5,2,0.6906,0.1904,1,62.53
4981,2,19,2024-03-05,2024-03-15,2024-03-20,424.78,truck,1,2,0.3577,0.3485,1,124.58
4982,38,9,2025-07-05,2025-08-01,2025-08-02,4171.85,ship,4,1,0.7098,0.1178,1,27.69
4983,11,13,2025-07-11,2025-07-25,2025-07-25,1289.42,air,2,0,0.6272,0.163,0,2.28
4984,19,17,2024-12-12,2025-02-14,2025-02-20,15726.62,ship,1,0,0.4035,0.2562,1,134.84
4985,37,2,2025-01-10,2025-02-10,2025-02-13,353.09,truck,4,0,0.2543,0.1502,1,64.06
4986,10,12,2024-03-01,2024-03-26,2024-03-26,2666.48,truck,5,0,0.2293,0.335,0,2.93
4987,33,20,2025-09-11,2025-10-05,2025-10-05,4265.85,ship,1,0,0.5921,0.1674,0,2.0
4988,6,20,2023-05-19,2023-06-14,2023-06-14,1410.51,truck,2,0,0.6179,0.3463,0,1.46
4989,15,15,2023-08-16,2023-09-19,2023-09-19,1917.47,ship,1,1,0.5284,0.1012,0,1.74
4990,27,20,2024-06-12,2024-07-08,2024-07-08,1271.85,truck,1,0,0.4194,0.1179,0,2.29
4991,19,10,2024-01-25,2024-02-11,2024-02-12,363.15,truck,4,0,0.5113,0.2562,1,27.33
4992,29,14,2023-06-18,2023-07-18,2023-07-19,4858.8,truck,3,1,0.3742,0.223,1,19.05
4993,2,20,2023-04-11,2023-05-05,2023-05-05,5268.71,ship,1,0,0.5325,0.3485,0,1.82
4994,50,14,2024-10-06,2024-10-26,2024-10-26,415.16,truck,2,1,0.3181,0.1476,0,3.78
4995,25,11,2025-04-23,2025-05-14,2025-05-14,595.62,truck,1,1,0.3534,0.3294,0,1.35
4996,11,7,2024-01-08,2024-01-25,2024-01-25,1097.72,truck,2,2,0.3432,0.163,0,1.76
4997,31,11,2024-11-20,2024-12-10,2024-12-10,2941.07,air,5,0,0.3957,0.2757,0,2.78
4998,25,14,2025-09-07,2025-10-02,2025-10-02,539.5,truck,4,0,0.1863,0.3294,1,6.13
4999,44,2,2023-05-05,2023-06-08,2023-06-09,8096.62,ship,1,1,0.5376,0.0719,1,26.24
5000,15,5,2025-10-19,2025-11-20,2025-11-22,666.32,truck,2,0,0.3586,0.1012,1,52.47
5001,5,19,2024-06-13,2024-07-11,2024-07-11,4932.35,air,3,0,0.3654,0.2606,0,4.73
5002,25,13,2023-05-07,2023-06-14,2023-06-17,5403.75,ship,3,1,0.6344,0.3294,1,76.34
5003,23,10,2023-12-14,2024-02-05,2024-02-05,10512.03,ship,2,1,0.3869,0.2281,0,1.8
5004,48,11,2023-10-12,2023-10-31,2023-11-02,1444.79,truck,5,1,0.2986,0.5295,1,50.36
5005,4,8,2024-07-02,2024-08-19,2024-08-21,5729.74,ship,3,1,0.5362,0.2301,1,44.61
5006,7,18,2023-09-13,2023-10-05,2023-10-08,1620.63,ship,3,1,0.3723,0.2727,1,65.37
5007,47,16,2024-09-02,2024-09-30,2024-09-30,1619.54,truck,5,1,0.5101,0.1768,0,1.72
5008,5,12,2025-07-16,2025-08-11,2025-08-12,424.12,truck,4,1,0.1891,0.2606,1,35.78
5009,32,8,2023-04-07,2023-05-02,2023-05-03,522.89,truck,4,1,0.3854,0.299,1,20.95
5010,5,8,2024-02-02,2024-04-22,2024-04-22,18070.51,ship,4,1,0.3348,0.2606,0,1.83
5011,26,1,2024-10-02,2024-10-24,2024-10-24,5036.5,air,5,1,0.8529,0.1577,0,1.8
5012,16,5,2024-01-01,2024-02-04,2024-02-04,2239.51,ship,4,0,0.5339,0.3266,0,2.19
5013,36,19,2024-06-15,2024-07-11,2024-07-11,1638.1,truck,3,0,0.339,0.0168,0,2.49
5014,29,6,2025-09-18,2025-10-10,2025-10-19,489.95,truck,4,0,0.4942,0.223,1,220.45
5015,7,1,2025-07-04,2025-08-30,2025-08-31,12566.44,ship,3,1,0.5967,0.2727,1,29.7
5016,43,16,2023-04-17,2023-05-12,2023-05-15,437.81,truck,5,0,0.6202,0.1166,1,81.02
5017,44,15,2024-03-16,2024-03-29,2024-03-29,3052.99,air,1,0,0.5055,0.0719,0,1.73
5018,15,18,2025-04-21,2025-06-17,2025-06-18,9857.67,ship,5,1,0.6921,0.1012,1,22.22
5019,34,18,2025-10-26,2025-11-06,2025-11-06,424.76,truck,1,0,0.6903,0.0399,0,1.47
5020,39,17,2025-06-26,2025-07-17,2025-07-20,1666.82,truck,5,1,0.5327,0.2906,1,68.8
5021,42,2,2024-03-04,2024-03-18,2024-03-18,722.42,truck,5,0,0.1778,0.2372,0,1.48
5022,29,20,2024-03-04,2024-05-20,2024-05-20,19229.24,ship,5,0,0.6393,0.223,0,1.42
5023,48,16,2024-02-23,2024-03-11,2024-03-13,550.0,truck,4,1,0.4553,0.5295,1,45.14
5024,29,10,2023-02-25,2023-03-17,2023-03-17,560.48,truck,2,1,0.4541,0.223,0,1.49
5025,1,4,2025-01-28,2025-03-25,2025-03-27,12335.11,ship,1,0,0.8206,0.2492,1,48.03
5026,18,11,2025-05-26,2025-06-16,2025-06-16,3600.23,ship,1,0,0.4203,0.0465,0,2.43
5027,7,3,2023-04-27,2023-06-09,2023-06-09,7570.7,ship,2,0,0.6597,0.2727,0,3.19
5028,45,9,2023-06-30,2023-07-18,2023-07-19,6320.41,air,2,1,0.7912,0.1051,1,31.96
5029,16,17,2024-03-11,2024-04-06,2024-04-08,2011.33,air,5,1,0.3735,0.3266,1,54.13
5030,45,14,2024-06-08,2024-06-26,2024-07-01,3056.39,truck,1,2,0.5885,0.1051,1,121.82
5031,17,11,2024-12-17,2025-02-25,2025-02-25,10812.6,ship,2,0,0.3378,0.1135,0,2.6
5032,6,16,2024-02-12,2024-03-10,2024-03-16,466.38,truck,3,0,0.3532,0.3463,1,138.47
5033,48,2,2025-10-21,2025-11-18,2025-11-19,4182.07,ship,1,0,0.322,0.5295,1,32.07
5034,16,15,2025-11-11,2026-01-31,2026-01-31,20000.0,ship,1,1,0.2549,0.3266,1,10.03
5035,43,1,2025-10-14,2025-11-24,2025-11-25,5571.13,ship,1,0,0.7962,0.1166,1,14.81
5036,14,1,2024-10-15,2024-12-03,2024-12-05,9035.97,ship,4,1,0.5927,0.2082,1,40.85
5037,45,4,2025-08-05,2025-08-22,2025-08-26,2120.96,truck,5,2,0.3945,0.1051,1,104.54
5038,47,12,2025-08-06,2025-09-01,2025-09-01,671.78,truck,1,1,0.1967,0.1768,0,5.1
5039,11,19,2025-04-18,2025-05-07,2025-05-07,1413.72,truck,1,0,0.1393,0.163,0,2.14
5040,9,17,2024-10-17,2024-11-10,2024-11-10,3613.22,truck,5,0,0.394,0.1382,0,2.25
5041,34,2,2024-04-01,2024-04-28,2024-04-29,5258.36,ship,4,0,0.5361,0.0399,1,32.56
5042,40,13,2024-11-04,2024-11-25,2024-11-27,535.08,truck,4,1,0.5283,0.1206,1,41.53
5043,3,1,2024-10-21,2024-11-16,2024-11-19,463.5,truck,2,1,0.5029,0.2878,1,66.97
5044,5,20,2024-06-02,2024-07-03,2024-07-03,2755.83,ship,2,0,0.7699,0.2606,1,7.56
5045,42,7,2025-10-25,2026-01-06,2026-01-10,20000.0,ship,2,2,0.3597,0.2372,1,86.31
5046,13,1,2024-07-09,2024-07-24,2024-07-24,321.98,truck,4,2,0.7318,0.1757,0,2.4
5047,10,20,2023-05-19,2023-06-12,2023-06-12,2753.66,air,3,0,0.6179,0.335,0,1.7
5048,18,16,2024-08-31,2024-09-28,2024-09-28,6439.34,ship,3,1,0.454,0.0465,0,2.9
5049,34,7,2025-01-09,2025-01-20,2025-01-20,1966.69,truck,2,1,0.2105,0.0399,0,2.03
5050,17,3,2025-05-25,2025-07-07,2025-07-10,1220.62,truck,1,0,0.6101,0.1135,1,66.87
5051,25,10,2024-06-02,2024-06-24,2024-06-26,361.74,truck,3,1,0.6037,0.3294,1,39.63
5052,42,1,2025-05-23,2025-06-09,2025-06-12,1428.87,truck,1,2,0.7915,0.2372,1,68.1
5053,20,6,2023-08-15,2023-09-16,2023-09-16,3268.09,air,5,1,0.4002,0.2853,0,3.3
5054,18,14,2025-05-29,2025-06-07,2025-06-07,444.0,truck,2,1,0.5634,0.0465,0,4.61
5055,15,8,2023-01-17,2023-02-16,2023-02-16,3462.77,air,5,0,0.3834,0.1012,0,2.68
5056,40,4,2024-11-20,2024-12-30,2025-01-04,5951.64,ship,3,1,0.6383,0.1206,1,108.48
5057,41,12,2024-10-15,2024-11-02,2024-11-04,613.22,truck,5,0,0.3365,0.5395,1,36.68
5058,32,5,2023-07-18,2023-08-14,2023-08-16,601.59,truck,5,1,0.54,0.299,1,42.09
5059,44,8,2025-01-07,2025-01-19,2025-01-19,635.57,truck,4,0,0.4435,0.0719,0,2.23
5060,5,17,2025-10-29,2025-11-24,2025-11-24,2041.5,air,2,0,0.2651,0.2606,0,1.46
5061,46,3,2024-10-10,2024-12-02,2024-12-02,11314.9,ship,4,1,0.5303,0.0911,0,1.86
5062,44,19,2023-12-01,2023-12-20,2023-12-21,2317.58,ship,5,2,0.1109,0.0719,1,28.14
5063,1,7,2023-11-26,2023-12-20,2023-12-20,2233.76,air,4,1,0.1481,0.2492,0,2.17
5064,48,2,2025-08-22,2025-09-29,2025-09-30,7964.6,ship,1,1,0.4398,0.5295,1,14.48
5065,1,11,2024-09-05,2024-09-30,2024-10-02,985.33,truck,4,1,0.2241,0.2492,1,56.75
5066,37,14,2023-05-31,2023-07-06,2023-07-08,2989.81,ship,4,2,0.3456,0.1502,1,54.91
5067,8,12,2024-07-25,2024-08-13,2024-08-14,1186.19,truck,1,1,0.433,0.1094,1,31.54
5068,23,7,2025-05-10,2025-06-11,2025-06-11,20000.0,air,2,0,0.2066,0.2281,0,3.16
5069,17,17,2025-02-08,2025-04-03,2025-04-04,4513.93,ship,4,0,0.3086,0.1135,1,23.49
5070,22,5,2025-11-19,2025-12-07,2025-12-07,1093.19,truck,2,0,0.5519,0.1904,1,11.34
5071,7,20,2023-07-17,2023-09-25,2023-09-26,15994.15,ship,4,0,0.6422,0.2727,1,16.41
5072,3,3,2024-10-12,2024-11-11,2024-11-11,13684.62,air,3,1,0.6185,0.2878,0,1.95
5073,41,5,2024-01-14,2024-01-29,2024-01-31,366.28,truck,3,0,0.4461,0.5395,1,47.51
5074,27,11,2023-03-27,2023-04-19,2023-04-22,2594.75,air,4,1,0.4634,0.1179,1,68.49
5075,25,8,2025-01-26,2025-04-13,2025-04-13,20000.0,ship,1,0,0.2781,0.3294,0,1.76
5076,42,16,2024-02-05,2024-02-21,2024-02-21,1254.43,truck,3,0,0.7597,0.2372,0,1.38
5077,26,8,2023-09-12,2023-10-09,2023-10-09,20000.0,air,1,1,0.3009,0.1577,0,2.3
5078,23,20,2025-06-03,2025-06-27,2025-06-29,2387.22,air,3,0,0.521,0.2281,1,50.58
5079,13,19,2023-06-17,2023-07-10,2023-07-10,2201.11,ship,4,0,0.3351,0.1757,0,1.88
5080,11,2,2023-04-25,2023-06-01,2023-06-01,8468.03,ship,4,1,0.4607,0.163,0,3.18
5081,29,8,2023-12-01,2023-12-27,2023-12-27,2929.55,truck,1,0,0.374,0.223,0,1.62
5082,13,13,2025-09-07,2025-09-25,2025-09-25,1728.77,ship,4,0,0.2829,0.1757,0,2.04
5083,8,19,2023-10-26,2023-11-18,2023-11-20,750.75,truck,1,0,0.186,0.1094,1,40.85
5084,28,12,2024-06-05,2024-08-16,2024-08-17,20000.0,ship,3,1,0.5228,0.183,1,31.88
5085,35,16,2024-02-29,2024-05-10,2024-05-10,16684.19,ship,5,0,0.7226,0.4038,0,2.76
5086,13,10,2024-11-21,2024-12-12,2024-12-13,3067.82,ship,3,0,0.5582,0.1757,1,30.56
5087,19,15,2023-08-07,2023-08-25,2023-08-25,713.24,truck,3,1,0.5669,0.2562,0,2.1
5088,46,8,2023-12-18,2024-01-29,2024-01-29,7896.89,ship,1,0,0.3611,0.0911,0,1.75
5089,36,8,2023-12-03,2023-12-27,2023-12-27,603.9,truck,4,0,0.1646,0.0168,1,11.57
5090,29,8,2023-02-24,2023-03-25,2023-03-25,2175.35,ship,3,1,0.4813,0.223,0,3.18
5091,46,10,2023-08-05,2023-08-26,2023-08-26,1515.97,truck,2,1,0.5311,0.0911,0,2.04
5092,48,18,2023-05-31,2023-06-17,2023-06-17,1215.69,truck,1,1,0.3984,0.5295,1,7.05
5093,38,7,2023-09-09,2023-09-25,2023-09-25,488.66,truck,2,0,0.2672,0.1178,0,3.3
5094,45,19,2025-11-12,2025-11-26,2025-12-01,807.95,truck,5,1,0.4318,0.1051,1,123.32
5095,20,2,2024-08-21,2024-11-16,2024-11-18,20000.0,ship,5,1,0.1088,0.2853,1,48.12
5096,19,15,2025-09-30,2025-11-06,2025-11-06,6834.42,ship,2,1,0.6479,0.2562,0,1.81
5097,19,2,2025-02-03,2025-03-17,2025-03-19,9412.35,ship,3,1,0.4366,0.2562,1,57.45
5098,48,14,2025-09-22,2025-10-25,2025-10-30,5523.4,ship,3,2,0.1739,0.5295,1,116.15
5099,37,12,2023-04-26,2023-05-27,2023-05-27,779.04,truck,5,2,0.1515,0.1502,0,1.35
5100,34,4,2025-06-12,2025-07-06,2025-07-06,5280.84,ship,2,1,0.4649,0.0399,0,2.88
5101,35,15,2023-10-02,2023-10-27,2023-10-29,789.73,truck,2,1,0.5484,0.4038,1,36.05
5102,12,9,2025-11-03,2025-12-10,2025-12-11,2080.13,truck,4,0,0.7783,0.2771,1,24.19
5103,40,7,2024-12-04,2024-12-22,2024-12-22,790.94,truck,5,2,0.3373,0.1206,0,1.35
5104,42,6,2023-12-19,2024-01-04,2024-01-05,765.02,truck,3,0,0.5828,0.2372,1,28.96
5105,30,1,2024-11-03,2024-11-26,2024-11-27,2172.51,ship,2,0,0.4061,0.3611,1,18.39
5106,39,1,2025-11-17,2025-12-13,2025-12-13,2995.29,ship,5,0,0.7351,0.2906,0,2.68
5107,4,12,2023-03-10,2023-04-29,2023-04-29,6799.03,ship,2,0,0.3237,0.2301,1,8.67
5108,17,7,2025-07-20,2025-08-29,2025-08-29,893.53,truck,3,0,0.4912,0.1135,0,1.62
5109,5,20,2023-08-12,2023-09-05,2023-09-05,2135.26,air,2,0,0.6185,0.2606,0,2.21
5110,14,6,2023-02-13,2023-03-13,2023-03-13,6887.47,air,1,0,0.4536,0.2082,0,2.22
5111,15,19,2023-11-17,2023-12-17,2023-12-17,1210.61,truck,4,0,0.2096,0.1012,0,1.17
5112,18,18,2024-10-24,2024-11-20,2024-11-20,6476.77,ship,2,0,0.568,0.0465,0,4.02
5113,7,15,2023-07-25,2023-08-17,2023-08-18,575.63,truck,1,2,0.7767,0.2727,1,12.38
5114,18,12,2025-05-18,2025-05-31,2025-06-01,721.65,truck,5,1,0.2719,0.0465,1,21.77
5115,15,9,2024-07-28,2024-08-30,2024-08-30,10376.38,air,4,1,0.8724,0.1012,0,2.77
5116,32,3,2025-02-06,2025-03-02,2025-03-02,395.98,truck,1,1,0.5083,0.299,0,2.23
5117,33,5,2025-01-09,2025-01-18,2025-01-21,571.34,truck,4,0,0.5334,0.1674,1,61.06
5118,27,3,2024-09-20,2024-10-13,2024-10-20,1456.84,truck,5,0,0.5073,0.1179,1,179.83
5119,21,20,2024-03-20,2024-04-06,2024-04-09,1881.73,truck,3,1,0.6099,0.1211,1,78.76
5120,8,4,2024-07-02,2024-07-23,2024-07-25,475.07,truck,5,1,0.3566,0.1094,1,42.92
5121,10,4,2025-02-16,2025-03-20,2025-03-21,20000.0,air,4,0,0.5914,0.335,1,34.38
5122,49,18,2023-05-21,2023-06-07,2023-06-09,2514.67,air,4,2,0.5987,0.0836,1,38.6
5123,27,4,2024-01-07,2024-01-31,2024-01-31,893.51,truck,1,1,0.5436,0.1179,0,1.48
5124,34,17,2024-12-30,2025-01-08,2025-01-09,437.47,truck,5,0,0.4397,0.0399,1,35.71
5125,16,8,2023-05-08,2023-06-05,2023-06-05,4315.84,air,4,1,0.2514,0.3266,0,2.18
5126,17,3,2025-11-12,2025-12-28,2025-12-31,2405.62,ship,4,1,0.3395,0.1135,1,81.83
5127,23,13,2023-04-04,2023-04-28,2023-05-01,415.38,truck,4,1,0.6394,0.2281,1,64.57
5128,22,13,2025-03-26,2025-04-08,2025-04-08,337.39,truck,1,0,0.5849,0.1904,0,2.07
5129,2,4,2025-09-21,2025-10-06,2025-10-06,2019.28,ship,1,1,0.3095,0.3485,0,2.13
5130,18,12,2025-05-07,2025-05-24,2025-05-24,2902.3,ship,3,1,0.2379,0.0465,0,1.95
5131,8,17,2025-05-23,2025-06-15,2025-06-15,1421.47,air,3,2,0.2856,0.1094,0,3.06
5132,3,12,2024-07-21,2024-08-18,2024-08-25,565.21,truck,3,2,0.2488,0.2878,1,156.87
5133,44,10,2025-10-10,2025-10-25,2025-10-25,525.77,truck,1,1,0.3619,0.0719,0,2.28
5134,31,11,2024-07-28,2024-08-16,2024-08-17,309.27,truck,1,1,0.293,0.2757,1,30.49
5135,45,2,2025-04-02,2025-04-18,2025-04-22,1564.2,truck,2,0,0.2576,0.1051,1,103.78
5136,1,5,2024-11-03,2025-01-14,2025-01-16,17726.05,ship,5,0,0.2793,0.2492,1,48.89
5137,34,3,2024-03-11,2024-03-23,2024-03-26,1450.26,truck,5,1,0.5784,0.0399,1,71.68
5138,7,6,2023-12-18,2024-01-08,2024-01-10,664.06,truck,4,0,0.6107,0.2727,1,38.16
5139,46,10,2024-06-07,2024-07-02,2024-07-02,2837.11,truck,3,1,0.7462,0.0911,0,1.78
5140,8,1,2025-05-14,2025-06-10,2025-06-10,1859.13,ship,4,0,0.7495,0.1094,0,4.64
5141,27,7,2023-06-26,2023-07-16,2023-07-16,1116.01,truck,3,0,0.0277,0.1179,0,2.24
5142,4,7,2025-02-03,2025-03-09,2025-03-09,3707.12,air,3,1,0.1927,0.2301,0,2.69
5143,35,15,2023-05-04,2023-06-14,2023-06-14,5973.22,ship,3,2,0.4284,0.4038,0,1.15
5144,23,19,2024-07-02,2024-07-29,2024-07-30,2440.86,ship,5,0,0.4217,0.2281,1,32.28
5145,46,9,2025-04-10,2025-05-02,2025-05-02,1924.05,air,1,0,0.6812,0.0911,0,1.69
5146,17,15,2024-02-14,2024-05-20,2024-05-23,20000.0,ship,1,0,0.5057,0.1135,1,68.17
5147,5,17,2024-09-18,2024-10-21,2024-10-21,2458.86,truck,4,1,0.3131,0.2606,0,1.29
5148,10,15,2023-09-25,2023-10-22,2023-10-23,2217.99,ship,3,1,0.622,0.335,1,13.47
5149,47,17,2023-10-03,2023-10-29,2023-10-29,329.16,truck,1,0,0.1231,0.1768,0,1.5
5150,48,8,2023-10-03,2023-10-20,2023-10-20,889.21,truck,2,1,0.2878,0.5295,0,3.14
5151,42,7,2025-08-29,2025-09-14,2025-09-15,1291.01,truck,5,1,0.2805,0.2372,1,26.21
5152,5,10,2025-02-18,2025-03-18,2025-03-20,911.64,truck,1,0,0.2298,0.2606,1,52.25
5153,18,18,2023-09-03,2023-09-14,2023-09-14,1073.26,air,3,1,0.6168,0.0465,0,0.99
5154,8,3,2023-04-17,2023-05-08,2023-05-08,891.4,truck,1,0,0.5667,0.1094,0,2.17
5155,50,20,2023-12-26,2024-01-12,2024-01-14,503.01,truck,1,1,0.6532,0.1476,1,37.63
5156,5,16,2025-01-19,2025-02-16,2025-02-17,1030.83,truck,5,1,0.6553,0.2606,1,31.59
5157,46,7,2024-01-30,2024-03-05,2024-03-07,6132.76,ship,3,2,0.353,0.0911,1,59.48
5158,22,18,2023-04-18,2023-05-03,2023-05-03,3890.4,air,3,1,0.662,0.1904,0,2.17
5159,40,14,2023-02-07,2023-02-27,2023-02-28,315.67,truck,4,0,0.3783,0.1206,1,17.84
5160,47,2,2023-12-30,2024-01-25,2024-01-25,370.55,truck,4,0,0.3906,0.1768,0,3.06
5161,49,19,2024-12-15,2024-12-30,2024-12-30,968.24,truck,4,2,0.3887,0.0836,0,1.71
5162,14,12,2024-12-22,2025-02-19,2025-02-23,12035.29,ship,4,0,0.2892,0.2082,1,101.57
5163,2,15,2023-04-16,2023-05-31,2023-06-05,11798.59,ship,5,1,0.5755,0.3485,1,130.42
5164,34,3,2024-11-03,2024-11-13,2024-11-13,2037.13,truck,1,1,0.6716,0.0399,0,2.76
5165,43,11,2024-02-02,2024-03-31,2024-04-03,11733.92,ship,3,0,0.3947,0.1166,1,61.97
5166,37,4,2023-05-24,2023-06-28,2023-06-28,2033.4,ship,5,1,0.3948,0.1502,0,1.96
5167,8,10,2024-03-22,2024-04-15,2024-04-15,829.26,truck,1,1,0.5706,0.1094,0,1.99
5168,48,7,2024-10-21,2024-11-23,2024-11-24,5107.13,ship,3,0,0.4149,0.5295,1,27.07
5169,7,18,2023-07-12,2023-08-15,2023-08-20,4086.82,ship,4,1,0.4277,0.2727,1,126.0
5170,9,13,2025-05-14,2025-05-31,2025-06-02,492.96,truck,3,1,0.5348,0.1382,1,40.04
5171,4,8,2024-05-11,2024-06-11,2024-06-12,585.24,truck,1,1,0.4879,0.2301,1,23.76
5172,21,14,2025-09-12,2025-10-01,2025-10-01,2547.58,ship,5,2,0.2071,0.1211,0,1.48
5173,25,1,2024-04-06,2024-05-11,2024-05-12,3467.89,ship,2,1,0.5784,0.3294,1,32.35
5174,43,8,2025-01-03,2025-01-30,2025-01-30,2744.48,truck,5,0,0.232,0.1166,0,2.7
5175,43,18,2024-07-29,2024-08-25,2024-08-26,1145.46,truck,5,1,0.5713,0.1166,1,14.94
5176,8,3,2025-10-20,2025-11-12,2025-11-12,1321.29,air,4,1,0.4902,0.1094,0,2.16
5177,40,7,2025-10-10,2025-10-30,2025-10-30,1026.42,truck,2,1,0.2889,0.1206,0,3.02
5178,41,8,2024-10-30,2024-11-29,2024-11-29,4088.29,ship,3,0,0.4315,0.5395,0,2.77
5179,41,6,2024-04-29,2024-06-10,2024-06-12,9683.53,ship,3,1,0.3617,0.5395,1,46.74
5180,20,9,2023-06-08,2023-07-10,2023-07-24,968.67,truck,2,2,0.6037,0.2853,1,334.25
5181,8,19,2023-07-10,2023-08-03,2023-08-05,306.19,truck,3,0,0.448,0.1094,1,36.23
5182,19,4,2025-05-31,2025-06-26,2025-06-29,3123.61,ship,1,2,0.5474,0.2562,1,76.69
5183,13,1,2025-11-23,2026-01-01,2026-01-04,8868.59,ship,5,0,0.5013,0.1757,1,61.91
5184,20,16,2025-07-31,2025-09-08,2025-09-10,2472.82,ship,5,1,0.5928,0.2853,1,39.48
5185,41,18,2025-09-13,2025-10-02,2025-10-02,2235.5,air,3,1,0.4233,0.5395,0,3.14
5186,22,8,2024-09-16,2024-10-14,2024-10-14,4612.51,ship,1,0,0.6137,0.1904,0,3.55
5187,13,8,2023-02-10,2023-02-26,2023-02-26,2394.3,air,4,0,0.4424,0.1757,0,2.84
5188,2,13,2024-07-06,2024-07-25,2024-08-03,3815.0,ship,5,0,0.3505,0.3485,1,220.35
5189,18,4,2025-01-26,2025-02-14,2025-02-14,3737.36,truck,1,0,0.9109,0.0465,0,2.92
5190,2,19,2024-12-13,2024-12-21,2024-12-21,2576.36,air,2,2,0.3196,0.3485,0,1.79
5191,5,15,2024-07-02,2024-07-30,2024-07-30,5522.09,air,1,1,0.6692,0.2606,0,2.08
5192,41,5,2025-03-08,2025-03-27,2025-03-27,4551.9,air,1,0,0.7975,0.5395,0,1.8
5193,4,10,2025-03-10,2025-04-17,2025-04-18,2391.38,ship,1,1,0.4825,0.2301,1,16.53
5194,25,16,2023-07-04,2023-07-31,2023-07-31,2258.56,truck,1,1,0.6163,0.3294,0,2.83
5195,29,1,2024-03-13,2024-04-05,2024-04-10,2044.81,truck,3,0,0.4642,0.223,1,125.23
5196,43,14,2025-09-01,2025-09-29,2025-09-29,1189.37,truck,1,1,0.2838,0.1166,0,1.22
5197,11,10,2025-02-26,2025-03-24,2025-03-26,4105.54,ship,1,0,0.4469,0.163,1,54.27
5198,18,16,2024-08-25,2024-09-04,2024-09-04,656.96,truck,1,1,0.4797,0.0465,0,1.0
5199,41,3,2023-04-29,2023-05-20,2023-05-23,7920.59,air,4,0,0.6318,0.5395,1,83.42
5200,20,17,2023-06-13,2023-07-24,2023-07-27,3511.81,ship,4,2,0.1658,0.2853,1,62.59
5201,17,1,2023-10-19,2023-11-29,2023-11-29,701.85,truck,1,0,0.6047,0.1135,0,2.95
5202,49,8,2024-04-05,2024-04-23,2024-04-23,724.51,truck,4,0,0.4496,0.0836,0,1.1
5203,12,14,2024-12-03,2025-01-05,2025-01-05,1681.28,truck,4,0,0.5354,0.2771,0,2.26
5204,12,20,2025-10-12,2025-11-16,2025-11-19,9111.45,air,1,1,0.4787,0.2771,1,83.25
5205,30,7,2023-11-28,2023-12-15,2023-12-18,615.99,truck,5,1,0.2198,0.3611,1,69.37
5206,50,7,2025-03-05,2025-03-23,2025-03-23,1142.77,truck,3,2,0.2044,0.1476,0,4.09
5207,24,13,2025-11-22,2026-01-03,2026-01-05,8173.05,ship,5,1,0.4928,0.0437,1,40.64
5208,1,12,2023-01-23,2023-02-15,2023-02-15,1539.03,ship,1,0,0.318,0.2492,0,2.54
5209,31,2,2025-02-02,2025-02-21,2025-02-21,1160.65,truck,5,0,0.3696,0.2757,0,2.15
5210,30,7,2024-01-23,2024-02-19,2024-02-19,3302.58,ship,2,2,0.4229,0.3611,0,1.39
5211,15,11,2023-02-13,2023-03-16,2023-03-18,368.6,truck,2,1,0.4204,0.1012,1,37.78
5212,13,9,2024-04-05,2024-05-22,2024-05-28,11229.73,ship,4,0,0.5383,0.1757,1,133.9
5213,31,9,2023-10-14,2023-12-02,2023-12-04,11523.78,ship,1,1,0.4686,0.2757,1,50.96
5214,21,3,2023-01-17,2023-02-07,2023-02-08,2724.78,ship,4,1,0.5093,0.1211,1,28.22
5215,26,17,2025-03-11,2025-04-06,2025-04-06,3285.56,truck,1,0,0.2389,0.1577,0,1.56
5216,34,6,2024-08-18,2024-09-22,2024-09-23,9013.82,ship,1,1,0.3323,0.0399,1,16.6
5217,14,9,2025-10-30,2025-11-25,2025-11-25,1309.62,truck,1,0,0.7489,0.2082,0,2.72
5218,44,10,2025-09-01,2025-09-15,2025-09-15,982.03,truck,1,1,0.4119,0.0719,0,4.24
5219,25,4,2024-10-21,2024-11-16,2024-11-17,1951.88,truck,3,1,0.6309,0.3294,1,17.86
5220,10,7,2025-10-07,2025-10-30,2025-10-30,972.33,truck,1,1,0.4809,0.335,0,3.54
5221,9,3,2024-06-28,2024-07-17,2024-07-17,1819.69,air,4,1,0.5363,0.1382,0,1.54
5222,39,5,2023-12-28,2024-01-23,2024-01-26,10470.45,air,2,0,0.4105,0.2906,1,82.62
5223,22,12,2023-03-08,2023-03-26,2023-03-26,1241.1,truck,3,0,0.3308,0.1904,0,4.42
5224,18,10,2024-04-30,2024-05-09,2024-05-09,614.87,truck,5,0,0.3124,0.0465,0,6.42
5225,25,6,2025-03-05,2025-04-03,2025-04-03,2201.58,truck,2,0,0.3989,0.3294,0,1.81
5226,16,4,2025-03-05,2025-04-02,2025-04-02,1363.09,air,3,0,0.4128,0.3266,0,0.9
5227,21,19,2023-07-06,2023-07-19,2023-07-19,449.63,truck,5,0,0.4647,0.1211,0,2.37
5228,45,4,2023-01-14,2023-02-18,2023-02-18,7125.0,ship,4,0,0.7109,0.1051,0,1.24
5229,40,11,2025-02-26,2025-03-17,2025-03-17,588.28,truck,3,1,0.5001,0.1206,0,2.6
5230,18,15,2023-05-01,2023-05-15,2023-05-17,1753.76,ship,2,1,0.6199,0.0465,1,36.87
5231,12,6,2023-10-30,2023-12-14,2023-12-15,5203.92,ship,2,0,0.3036,0.2771,1,27.72
5232,13,18,2025-01-20,2025-02-05,2025-02-08,758.72,truck,1,0,0.6839,0.1757,1,69.38
5233,26,9,2023-06-25,2023-07-20,2023-07-22,1818.49,ship,1,2,0.826,0.1577,1,54.57
5234,26,13,2024-04-14,2024-05-07,2024-05-07,1859.24,ship,2,1,0.4142,0.1577,0,4.28
5235,9,9,2024-10-01,2024-10-27,2024-10-30,2589.95,truck,5,1,0.621,0.1382,1,61.98
5236,17,16,2023-05-22,2023-07-05,2023-07-05,3386.2,air,1,1,0.5984,0.1135,0,1.94
5237,33,7,2024-09-13,2024-09-29,2024-09-30,1065.97,truck,2,0,0.5165,0.1674,1,27.11
5238,30,18,2024-02-18,2024-03-12,2024-03-12,2477.81,truck,5,0,0.6855,0.3611,0,2.44
5239,8,14,2023-04-27,2023-06-15,2023-06-17,9817.03,ship,4,1,0.4995,0.1094,1,46.89
5240,11,16,2025-04-27,2025-05-17,2025-05-18,2642.66,ship,5,0,0.4766,0.163,1,23.97
5241,4,13,2023-03-03,2023-04-22,2023-04-22,6141.42,ship,2,1,0.427,0.2301,1,11.29
5242,12,20,2024-05-21,2024-06-29,2024-06-29,16328.61,air,2,0,0.7367,0.2771,0,2.85
5243,5,11,2024-10-30,2024-11-29,2024-12-02,1617.47,truck,4,1,0.4132,0.2606,1,63.37
5244,49,13,2023-02-11,2023-02-25,2023-02-25,1903.16,air,5,2,0.268,0.0836,0,2.09
5245,11,20,2024-06-22,2024-07-18,2024-07-19,4709.99,ship,1,0,0.4704,0.163,1,23.18
5246,39,1,2025-03-22,2025-05-13,2025-05-13,11565.6,ship,5,0,0.6834,0.2906,0,1.98
5247,15,1,2023-10-04,2023-11-05,2023-11-06,1153.95,truck,2,0,0.6717,0.1012,1,27.47
5248,29,4,2023-08-02,2023-08-22,2023-08-25,895.01,truck,3,1,0.2788,0.223,1,65.19
5249,34,19,2023-08-16,2023-08-25,2023-08-27,333.02,truck,4,0,0.6187,0.0399,1,39.59
5250,41,14,2025-01-13,2025-01-26,2025-01-26,2867.77,air,1,0,0.3335,0.5395,0,2.32
5251,40,2,2024-10-10,2024-11-06,2024-11-14,9581.9,air,5,1,0.4292,0.1206,1,194.66
5252,9,4,2023-04-25,2023-05-19,2023-05-25,1845.74,ship,5,1,0.8632,0.1382,1,138.15
5253,10,11,2025-10-17,2025-11-18,2025-11-24,3586.19,ship,5,1,0.2614,0.335,1,148.56
5254,36,12,2025-02-05,2025-02-26,2025-03-01,404.23,truck,4,0,0.3492,0.0168,1,80.24
5255,30,19,2025-05-29,2025-06-14,2025-06-14,758.55,truck,2,0,0.3003,0.3611,0,5.24
5256,28,6,2024-01-15,2024-02-03,2024-02-03,411.96,truck,1,0,0.5826,0.183,0,1.13
5257,3,2,2024-08-19,2024-09-12,2024-09-16,479.9,truck,5,1,0.14,0.2878,1,98.95
5258,48,7,2023-06-25,2023-07-19,2023-07-21,2836.75,ship,5,0,0.0067,0.5295,1,38.1
5259,32,18,2024-09-16,2024-10-14,2024-10-15,6621.1,air,5,0,0.6732,0.299,1,30.39
5260,22,4,2024-12-26,2025-01-13,2025-01-13,4981.45,air,3,1,0.4611,0.1904,0,3.62
5261,7,2,2023-05-26,2023-06-29,2023-06-29,4598.92,ship,4,0,0.1006,0.2727,0,1.95
5262,30,10,2025-04-17,2025-05-05,2025-05-08,385.86,truck,2,2,0.4704,0.3611,1,79.22
5263,3,11,2023-05-25,2023-06-29,2023-06-30,4080.92,ship,2,1,0.3908,0.2878,1,15.91
5264,22,14,2023-05-15,2023-06-06,2023-06-07,2932.79,ship,2,1,0.4671,0.1904,1,31.45
5265,27,20,2023-01-11,2023-02-05,2023-02-05,1009.26,truck,3,1,0.5868,0.1179,0,1.58
5266,16,12,2025-09-26,2025-11-06,2025-11-06,4601.84,ship,2,1,0.3146,0.3266,0,1.73
5267,47,13,2023-06-30,2023-08-28,2023-08-29,11400.31,ship,3,1,0.5209,0.1768,1,18.32
5268,40,17,2025-01-09,2025-01-28,2025-01-30,1416.8,truck,2,0,0.497,0.1206,1,44.03
5269,42,5,2024-05-01,2024-05-31,2024-06-01,4577.32,ship,2,0,0.8033,0.2372,1,34.42
5270,37,15,2023-12-15,2024-01-17,2024-01-17,1576.81,truck,3,0,0.7942,0.1502,0,3.03
5271,27,11,2025-07-05,2025-08-10,2025-08-12,4543.39,ship,5,1,0.4564,0.1179,1,58.71
5272,43,10,2023-09-11,2023-10-12,2023-10-22,10041.38,air,5,1,0.5983,0.1166,1,246.07
5273,15,14,2023-05-14,2023-06-19,2023-06-19,2022.57,ship,5,0,0.4251,0.1012,0,4.84
5274,35,8,2023-07-19,2023-08-26,2023-08-30,4750.97,ship,1,1,0.6243,0.4038,1,106.03
5275,3,9,2024-12-06,2024-12-30,2024-12-30,750.32,truck,1,0,0.4842,0.2878,0,2.69
5276,17,19,2023-06-20,2023-07-31,2023-08-01,526.96,truck,5,0,0.2949,0.1135,1,32.38
5277,49,12,2024-07-14,2024-08-02,2024-08-02,4920.86,air,2,2,0.2608,0.0836,0,1.2
5278,39,14,2025-03-05,2025-03-23,2025-03-23,1008.88,air,1,0,0.6132,0.2906,0,1.5
5279,38,12,2024-05-22,2024-06-08,2024-06-12,1266.02,truck,4,1,0.2572,0.1178,1,102.41
5280,50,19,2023-07-08,2023-08-02,2023-08-03,2109.39,truck,3,0,0.4672,0.1476,1,26.12
5281,5,4,2024-08-04,2024-08-30,2024-08-30,774.06,truck,1,1,0.5118,0.2606,0,2.76
5282,35,8,2023-01-06,2023-02-01,2023-02-04,621.19,truck,1,0,0.59,0.4038,1,60.82
5283,50,10,2025-08-12,2025-09-02,2025-09-02,3043.29,truck,2,1,0.4503,0.1476,0,1.92
5284,11,10,2023-08-30,2023-09-15,2023-09-15,510.11,truck,1,1,0.4844,0.163,0,1.67
5285,14,4,2023-11-01,2023-12-03,2023-12-05,2058.35,ship,1,0,0.6917,0.2082,1,57.01
5286,29,8,2024-10-04,2024-10-25,2024-10-25,1024.77,truck,1,1,0.4719,0.223,0,1.87
5287,24,4,2024-12-16,2025-01-04,2025-01-10,479.39,truck,1,0,0.8464,0.0437,1,141.84
5288,31,18,2025-01-09,2025-03-26,2025-03-31,20000.0,ship,1,0,0.7071,0.2757,1,120.56
5289,35,11,2025-02-02,2025-03-01,2025-03-01,4047.85,air,3,0,0.5025,0.4038,0,5.89
5290,15,7,2024-08-01,2024-09-01,2024-09-01,730.7,truck,5,0,0.1989,0.1012,0,1.69
5291,42,7,2024-08-10,2024-08-27,2024-08-27,3699.18,air,4,0,0.2916,0.2372,0,1.98
5292,14,9,2024-08-08,2024-09-09,2024-09-10,2706.41,truck,2,1,0.7105,0.2082,1,28.39
5293,20,9,2023-03-12,2023-05-14,2023-05-15,11873.58,ship,2,0,0.7165,0.2853,1,25.68
5294,41,8,2023-04-23,2023-05-11,2023-05-15,477.75,truck,2,1,0.5369,0.5395,1,104.04
5295,13,3,2025-05-14,2025-06-27,2025-06-29,9715.9,ship,2,1,0.3302,0.1757,1,54.37
5296,40,19,2025-05-18,2025-06-16,2025-06-16,3080.6,ship,3,1,0.3494,0.1206,0,2.58
5297,36,1,2025-03-03,2025-03-29,2025-03-29,2352.1,ship,3,0,0.7405,0.0168,0,2.04
5298,20,10,2024-05-25,2024-06-26,2024-06-28,2358.58,air,2,1,0.731,0.2853,1,52.68
5299,13,7,2024-03-08,2024-03-23,2024-03-23,1386.68,air,3,1,0.1727,0.1757,0,0.93
5300,8,12,2024-07-15,2024-08-10,2024-08-10,1980.33,ship,4,1,0.2212,0.1094,1,4.43
5301,32,11,2024-09-11,2024-11-25,2024-12-03,18345.64,ship,2,1,0.5426,0.299,1,196.18
5302,21,13,2023-03-14,2023-03-25,2023-03-30,455.26,truck,4,1,0.3522,0.1211,1,121.88
5303,9,13,2025-07-03,2025-07-26,2025-07-26,8642.87,air,3,0,0.7412,0.1382,0,3.67
5304,11,13,2024-05-26,2024-06-10,2024-06-10,638.47,truck,1,0,0.4912,0.163,0,4.86
5305,18,14,2024-04-07,2024-04-18,2024-04-18,1660.58,truck,5,1,0.3511,0.0465,0,2.78
5306,5,17,2025-07-10,2025-08-05,2025-08-09,416.33,truck,2,1,0.2755,0.2606,1,99.71
5307,27,10,2025-02-12,2025-03-08,2025-03-11,1629.91,ship,2,1,0.4131,0.1179,1,62.84
5308,7,7,2025-02-04,2025-02-23,2025-02-24,353.51,truck,3,1,0.1084,0.2727,1,23.78
5309,38,8,2024-12-30,2025-01-16,2025-01-16,418.0,truck,1,0,0.2,0.1178,0,1.39
5310,10,4,2023-10-28,2023-11-19,2023-11-24,305.31,truck,5,1,0.6149,0.335,1,130.93
5311,37,16,2025-05-15,2025-06-14,2025-06-18,616.58,truck,3,1,0.4672,0.1502,1,99.05
5312,40,11,2023-07-29,2023-09-05,2023-09-05,5539.36,ship,3,2,0.4315,0.1206,0,1.16
5313,47,12,2025-04-21,2025-06-16,2025-06-18,10498.08,ship,5,1,0.2606,0.1768,1,42.91
5314,31,20,2025-10-31,2025-11-16,2025-11-16,630.01,truck,1,1,0.553,0.2757,0,1.58
5315,17,6,2025-06-26,2025-08-08,2025-08-12,855.02,truck,2,1,0.3272,0.1135,1,105.59
5316,18,5,2025-08-12,2025-09-12,2025-09-12,7093.33,ship,1,1,0.5076,0.0465,0,3.47
5317,5,9,2024-04-07,2024-05-06,2024-05-06,1001.31,truck,1,1,0.6632,0.2606,0,2.1
5318,6,12,2023-10-11,2023-11-20,2023-11-20,5826.49,ship,3,0,0.3039,0.3463,0,1.24
5319,3,10,2025-09-20,2025-10-16,2025-10-17,1108.82,truck,4,1,0.3653,0.2878,1,30.5
5320,1,17,2025-08-01,2025-08-25,2025-08-27,5191.85,air,5,1,0.447,0.2492,1,48.29
5321,24,18,2023-05-08,2023-05-29,2023-05-29,386.93,truck,1,0,0.6636,0.0437,0,2.78
5322,40,10,2025-11-29,2025-12-18,2025-12-18,311.15,truck,3,0,0.5901,0.1206,0,1.86
5323,39,5,2023-11-29,2023-12-28,2023-12-30,4381.54,ship,3,0,0.4526,0.2906,1,59.0
5324,45,16,2025-07-17,2025-08-01,2025-08-05,372.3,truck,4,1,0.7494,0.1051,1,107.29
5325,14,19,2024-09-01,2024-09-30,2024-10-01,1762.22,truck,2,1,0.339,0.2082,1,28.3
5326,7,13,2025-02-20,2025-03-18,2025-03-18,2812.96,truck,5,1,0.4219,0.2727,0,1.3
5327,14,13,2025-07-04,2025-08-06,2025-08-06,15112.85,air,3,0,0.6381,0.2082,0,2.95
5328,4,7,2023-08-13,2023-09-14,2023-09-14,1040.73,truck,2,0,0.3218,0.2301,0,2.07
5329,23,7,2024-03-31,2024-04-28,2024-05-02,1531.78,ship,4,1,0.3474,0.2281,1,86.89
5330,37,19,2023-10-04,2023-11-04,2023-11-04,522.24,truck,1,1,0.0122,0.1502,0,3.31
5331,37,1,2023-06-29,2023-07-31,2023-08-01,824.32,truck,2,1,0.5141,0.1502,1,26.5
5332,36,6,2024-07-12,2024-08-04,2024-08-04,1102.23,truck,2,1,0.5166,0.0168,0,1.63
5333,33,14,2024-07-23,2024-08-16,2024-08-28,4173.22,ship,5,2,0.5515,0.1674,1,291.86
5334,37,10,2024-07-29,2024-09-01,2024-09-02,1869.86,truck,1,2,0.5452,0.1502,1,31.41
5335,7,1,2023-08-16,2023-09-08,2023-09-08,805.58,truck,5,1,0.8725,0.2727,0,1.22
5336,28,18,2024-02-11,2024-02-27,2024-02-29,2396.11,air,2,0,0.7763,0.183,1,59.72
5337,31,11,2025-07-30,2025-08-17,2025-08-21,622.23,truck,4,2,0.3411,0.2757,1,87.75
5338,49,10,2023-10-13,2023-10-30,2023-11-03,657.58,truck,2,1,0.5538,0.0836,1,92.16
5339,46,13,2025-04-11,2025-06-11,2025-06-14,14854.36,ship,5,0,0.4566,0.0911,1,69.09
5340,13,16,2023-04-16,2023-05-05,2023-05-07,1089.85,truck,1,1,0.5809,0.1757,1,44.98
5341,27,3,2025-08-18,2025-09-07,2025-09-07,356.33,truck,3,0,0.6644,0.1179,0,2.33
5342,36,9,2023-04-03,2023-04-26,2023-04-30,382.71,truck,2,1,0.4725,0.0168,1,100.6
5343,33,17,2024-04-13,2024-06-25,2024-06-26,20000.0,ship,3,1,0.232,0.1674,1,25.15
5344,23,11,2024-12-04,2025-01-06,2025-01-06,4174.73,truck,4,0,0.4987,0.2281,0,3.37
5345,8,11,2024-04-15,2024-05-11,2024-05-11,1098.55,truck,2,1,0.7323,0.1094,0,2.76
5346,40,17,2024-09-06,2024-10-04,2024-10-04,3473.4,ship,4,1,0.0918,0.1206,0,3.11
5347,20,5,2024-12-13,2025-01-14,2025-01-15,1134.32,truck,4,0,0.505,0.2853,1,30.66
5348,4,15,2025-10-16,2025-11-17,2025-11-17,594.45,truck,2,1,0.4977,0.2301,0,3.04
5349,13,4,2023-06-01,2023-06-21,2023-06-22,2042.4,ship,3,1,0.5909,0.1757,1,32.0
5350,48,18,2023-12-21,2024-01-06,2024-01-08,387.66,truck,1,0,0.5837,0.5295,1,50.71
5351,1,8,2024-04-13,2024-05-06,2024-05-08,532.9,truck,4,0,0.5313,0.2492,1,37.17
5352,20,9,2025-01-13,2025-02-17,2025-02-17,2951.12,truck,3,0,0.5688,0.2853,0,1.38
5353,2,9,2024-06-27,2024-07-12,2024-07-12,10266.1,air,1,1,0.8263,0.3485,0,2.92
5354,1,6,2023-01-04,2023-01-30,2023-01-31,3130.47,truck,3,0,0.3944,0.2492,1,33.0
5355,35,10,2024-05-14,2024-06-08,2024-06-14,501.29,truck,3,1,0.5671,0.4038,1,143.43
5356,50,19,2025-05-06,2025-05-26,2025-05-26,521.08,truck,1,1,0.327,0.1476,0,2.51
5357,2,5,2025-07-06,2025-07-18,2025-07-18,605.23,truck,3,2,0.6139,0.3485,0,3.28
5358,28,5,2023-09-28,2023-10-15,2023-10-18,522.62,truck,2,0,0.8431,0.183,1,72.38
5359,33,11,2024-12-14,2024-12-26,2024-12-26,380.27,truck,5,0,0.3044,0.1674,0,1.29
5360,50,2,2025-10-07,2025-11-10,2025-11-10,6452.99,ship,4,0,0.1787,0.1476,0,1.8
5361,22,11,2023-05-24,2023-06-07,2023-06-08,561.98,truck,3,1,0.3911,0.1904,1,32.83
5362,14,11,2023-01-03,2023-01-28,2023-01-28,1194.4,truck,3,0,0.4134,0.2082,0,3.19
5363,8,5,2024-01-10,2024-01-29,2024-01-29,324.64,truck,1,0,0.3075,0.1094,0,2.02
5364,22,13,2023-02-13,2023-03-08,2023-03-09,2951.17,ship,4,2,0.399,0.1904,1,31.85
5365,33,9,2024-01-23,2024-02-07,2024-02-13,724.85,truck,4,0,0.9223,0.1674,1,132.06
5366,1,2,2025-09-09,2025-09-30,2025-09-30,441.45,truck,4,1,0.2623,0.2492,0,3.61
5367,42,7,2024-03-07,2024-03-27,2024-03-31,4187.45,truck,5,1,0.2099,0.2372,1,104.98
5368,41,4,2025-10-06,2025-10-24,2025-10-24,1773.21,truck,2,1,0.3736,0.5395,0,2.61
5369,13,9,2024-07-24,2024-08-06,2024-08-06,1758.79,air,3,1,0.9282,0.1757,0,1.12
5370,19,1,2023-06-01,2023-06-18,2023-06-19,459.81,truck,3,1,0.7157,0.2562,1,14.56
5371,31,12,2024-06-09,2024-06-27,2024-07-01,317.09,truck,5,2,0.4471,0.2757,1,98.72
5372,30,18,2023-01-27,2023-02-13,2023-02-13,624.11,truck,5,0,0.5305,0.3611,0,1.63
5373,37,17,2024-02-15,2024-04-03,2024-04-07,5809.94,ship,1,1,0.3972,0.1502,1,101.35
5374,44,6,2025-10-17,2025-10-30,2025-10-31,442.46,truck,4,0,0.5799,0.0719,1,19.78
5375,3,17,2024-09-15,2024-11-02,2024-11-06,9843.14,ship,3,2,0.1866,0.2878,1,105.99
5376,30,20,2024-07-11,2024-07-31,2024-07-31,2244.26,air,5,0,0.4127,0.3611,0,1.87
5377,30,18,2025-04-10,2025-05-07,2025-05-14,3422.07,ship,1,1,0.7169,0.3611,1,159.89
5378,5,19,2024-12-13,2025-01-11,2025-01-13,570.83,truck,4,2,0.3196,0.2606,1,50.65
5379,40,5,2023-10-18,2023-11-08,2023-11-10,1036.66,truck,2,0,0.6047,0.1206,1,50.54
5380,15,19,2024-11-10,2024-12-20,2024-12-21,3113.14,ship,5,1,0.2159,0.1012,1,18.69
5381,41,10,2024-06-22,2024-07-08,2024-07-14,878.66,truck,5,1,0.675,0.5395,1,135.93
5382,34,17,2023-05-16,2023-05-25,2023-05-25,500.95,truck,4,0,0.1509,0.0399,0,1.87
5383,23,16,2025-09-09,2025-10-03,2025-10-07,346.48,truck,4,1,0.6648,0.2281,1,101.68
5384,13,1,2024-01-25,2024-03-22,2024-03-25,14919.63,ship,5,0,0.7749,0.1757,1,68.98
5385,39,8,2024-02-16,2024-03-08,2024-03-09,1159.73,truck,5,0,0.2838,0.2906,1,32.98
5386,32,17,2023-06-14,2023-07-09,2023-07-09,373.86,truck,1,1,0.1484,0.299,0,3.84
5387,19,9,2024-09-02,2024-11-02,2024-11-02,15043.37,ship,1,1,0.7751,0.2562,0,2.88
5388,23,3,2025-03-29,2025-05-05,2025-05-11,5482.67,ship,5,2,0.626,0.2281,1,136.7
5389,17,11,2025-11-28,2026-01-08,2026-01-08,737.06,truck,4,0,0.581,0.1135,0,1.64
5390,20,19,2023-09-03,2023-10-03,2023-10-03,827.55,truck,5,0,0.302,0.2853,0,2.19
5391,22,10,2023-11-15,2023-12-16,2023-12-18,8057.94,ship,4,0,0.5066,0.1904,1,40.52
5392,36,9,2025-03-08,2025-04-02,2025-04-04,1625.03,ship,1,0,0.8549,0.0168,1,45.37
5393,36,16,2024-04-21,2024-05-13,2024-05-13,498.93,truck,3,1,0.4174,0.0168,0,3.37
5394,39,7,2024-12-05,2024-12-28,2025-01-01,2051.18,ship,5,1,0.302,0.2906,1,105.73
5395,5,6,2023-07-22,2023-08-18,2023-08-19,1222.85,truck,3,1,0.5132,0.2606,1,23.09
5396,9,20,2023-09-03,2023-09-27,2023-09-27,1510.43,truck,1,0,0.8537,0.1382,0,1.61
5397,24,10,2024-09-06,2024-10-24,2024-10-24,10530.46,ship,4,1,0.447,0.0437,0,1.56
5398,42,9,2025-09-19,2025-10-06,2025-10-08,828.46,truck,5,0,0.828,0.2372,1,38.0
5399,35,10,2023-12-17,2024-01-15,2024-01-15,2243.47,air,4,0,0.3157,0.4038,0,3.34
5400,44,15,2023-09-21,2023-10-06,2023-10-07,561.12,truck,3,0,0.6444,0.0719,1,23.24
5401,27,6,2024-09-12,2024-10-18,2024-10-18,5197.71,ship,2,1,0.4641,0.1179,0,3.84
5402,12,2,2024-07-30,2024-09-03,2024-09-05,1015.39,truck,4,1,0.3726,0.2771,1,52.4
5403,29,10,2025-06-07,2025-07-05,2025-07-06,3910.25,truck,5,1,0.5321,0.223,1,32.59
5404,36,16,2023-11-17,2023-12-08,2023-12-08,731.83,truck,2,0,0.5647,0.0168,0,3.63
5405,10,9,2025-02-16,2025-03-14,2025-03-18,1584.01,ship,4,0,0.8594,0.335,1,89.9
5406,18,20,2025-08-11,2025-08-22,2025-08-22,654.44,truck,5,0,0.5806,0.0465,0,3.34
5407,1,17,2025-06-12,2025-07-05,2025-07-05,1541.97,air,5,2,0.344,0.2492,0,1.79
5408,46,8,2023-04-24,2023-05-15,2023-05-17,1277.93,air,3,1,0.5931,0.0911,1,36.78
5409,13,6,2025-07-22,2025-08-09,2025-08-09,2292.07,truck,2,2,0.3193,0.1757,0,1.73
5410,41,6,2023-07-18,2023-08-04,2023-08-10,742.27,truck,5,1,0.7355,0.5395,1,138.31
5411,27,6,2024-04-05,2024-05-08,2024-05-08,5029.92,ship,5,0,0.5387,0.1179,0,4.77
5412,43,8,2025-08-19,2025-09-18,2025-09-18,1841.07,truck,1,1,0.3792,0.1166,0,2.5
5413,33,3,2024-07-04,2024-07-23,2024-07-23,1961.3,ship,2,0,0.4306,0.1674,0,3.35
5414,6,3,2025-06-23,2025-07-21,2025-07-21,907.77,truck,3,1,0.4569,0.3463,0,2.43
5415,4,5,2025-01-01,2025-02-08,2025-02-09,2127.7,ship,1,0,0.4146,0.2301,1,13.32
5416,44,12,2025-03-10,2025-03-23,2025-03-23,6712.54,air,4,0,0.3392,0.0719,0,2.06
5417,24,11,2025-05-06,2025-06-14,2025-06-15,7087.54,ship,2,0,0.2865,0.0437,1,12.72
5418,13,6,2025-11-16,2025-12-03,2025-12-03,886.11,truck,2,0,0.4345,0.1757,0,2.04
5419,26,17,2024-06-23,2024-07-22,2024-07-24,2680.3,truck,4,1,0.2684,0.1577,1,38.43
5420,44,2,2023-04-26,2023-05-09,2023-05-12,441.16,truck,4,1,0.4652,0.0719,1,78.02
5421,33,11,2023-07-20,2023-08-06,2023-08-06,12756.9,air,1,1,0.4326,0.1674,0,2.21
5422,24,20,2023-06-01,2023-07-11,2023-07-11,7376.54,ship,1,0,0.509,0.0437,0,1.46
5423,22,3,2023-06-23,2023-07-11,2023-07-14,1680.05,truck,1,0,0.397,0.1904,1,82.7
5424,43,8,2023-02-24,2023-03-22,2023-03-22,392.85,truck,1,1,0.4813,0.1166,0,1.11
5425,45,12,2023-07-22,2023-08-06,2023-08-06,2166.03,truck,4,2,0.1477,0.1051,0,1.51
5426,41,1,2024-05-06,2024-05-22,2024-05-24,637.73,truck,1,2,0.6579,0.5395,1,48.57
5427,16,19,2025-01-11,2025-02-08,2025-02-09,941.16,truck,1,2,0.4071,0.3266,1,31.19
5428,3,2,2024-11-18,2024-12-13,2024-12-15,1083.45,truck,4,1,0.5516,0.2878,1,38.99
5429,38,9,2024-10-19,2024-11-06,2024-11-06,2225.56,truck,2,2,0.6088,0.1178,0,3.17
5430,29,16,2024-07-29,2024-08-21,2024-08-24,602.28,truck,4,2,0.6495,0.223,1,78.78
5431,17,5,2023-07-14,2023-08-25,2023-08-25,786.75,truck,4,1,0.5901,0.1135,0,2.41
5432,31,1,2023-01-13,2023-02-08,2023-02-09,2884.71,ship,1,0,0.4433,0.2757,1,18.13
5433,3,3,2024-07-21,2024-08-14,2024-08-14,483.41,truck,4,0,0.3885,0.2878,0,5.88
5434,18,19,2025-07-12,2025-07-25,2025-07-31,1765.38,truck,3,0,0.2347,0.0465,1,151.17
5435,43,13,2023-10-11,2023-11-08,2023-11-08,823.82,truck,1,0,0.4562,0.1166,0,3.02
5436,47,14,2024-08-03,2024-09-02,2024-09-02,5049.15,air,3,2,0.3494,0.1768,0,1.44
5437,48,8,2023-12-16,2024-01-08,2024-01-08,2834.62,ship,4,0,0.2016,0.5295,0,1.61
5438,4,20,2023-05-27,2023-07-24,2023-07-26,9249.5,ship,2,0,0.661,0.2301,1,59.88
5439,18,1,2023-12-08,2024-01-12,2024-01-12,8598.02,ship,4,0,0.4742,0.0465,0,1.61
5440,44,19,2023-08-19,2023-09-03,2023-09-04,1165.17,truck,4,0,0.4801,0.0719,1,22.21
5441,33,16,2023-05-09,2023-06-03,2023-06-03,4821.96,ship,2,1,0.4274,0.1674,0,1.78
5442,23,15,2024-04-23,2024-05-15,2024-05-15,1070.42,truck,3,2,0.3215,0.2281,0,2.22
5443,6,3,2023-04-15,2023-06-13,2023-06-13,12370.89,ship,2,0,0.6526,0.3463,0,2.22
5444,12,7,2024-06-03,2024-07-03,2024-07-06,389.99,truck,1,1,0.3771,0.2771,1,62.78
5445,27,19,2024-09-22,2024-10-16,2024-10-16,374.65,truck,4,1,0.4139,0.1179,0,1.75
5446,36,10,2024-12-06,2024-12-28,2024-12-28,2581.97,air,3,0,0.5031,0.0168,0,3.31
5447,30,11,2025-03-20,2025-04-25,2025-04-26,6749.76,ship,3,0,0.4544,0.3611,1,25.59
5448,27,13,2024-03-16,2024-04-05,2024-04-11,529.91,truck,5,1,0.284,0.1179,1,133.52
5449,34,8,2024-01-30,2024-02-20,2024-02-20,4512.74,ship,2,0,0.477,0.0399,0,3.53
5450,8,4,2025-07-09,2025-08-02,2025-08-09,5383.65,air,4,1,0.4686,0.1094,1,165.96
5451,19,20,2025-01-10,2025-01-28,2025-01-28,874.99,truck,1,0,0.7642,0.2562,0,1.66
5452,17,13,2025-02-27,2025-04-11,2025-04-13,945.09,truck,1,1,0.4709,0.1135,1,46.54
5453,15,3,2025-08-24,2025-09-26,2025-09-26,1679.1,truck,2,0,0.7357,0.1012,0,2.89
5454,16,13,2024-12-12,2025-01-07,2025-01-12,1108.67,truck,5,2,0.4843,0.3266,1,121.58
5455,18,4,2023-12-06,2023-12-15,2023-12-15,341.95,truck,1,0,0.5997,0.0465,0,1.6
5456,26,3,2025-08-01,2025-08-30,2025-08-30,2721.32,ship,2,0,0.6911,0.1577,0,4.6
5457,29,14,2023-07-09,2023-08-11,2023-08-13,4349.1,ship,1,2,0.2514,0.223,1,42.25
5458,17,14,2025-08-21,2025-10-01,2025-10-01,1252.57,truck,2,1,0.5259,0.1135,0,3.63
5459,37,19,2025-08-19,2025-09-23,2025-09-23,2172.45,truck,3,1,0.124,0.1502,0,2.6
5460,18,12,2025-04-13,2025-06-05,2025-06-06,14668.0,ship,4,1,0.1027,0.0465,1,27.03
5461,14,2,2024-05-24,2024-06-17,2024-06-19,673.74,truck,3,2,0.5042,0.2082,1,50.15
5462,2,9,2023-09-22,2023-10-05,2023-10-05,6611.92,air,4,1,0.7638,0.3485,0,3.72
5463,9,10,2025-05-13,2025-06-09,2025-06-11,2939.51,ship,5,1,0.3713,0.1382,1,59.9
5464,44,18,2023-08-07,2023-08-23,2023-09-07,1443.6,truck,4,2,0.76,0.0719,1,350.12
5465,29,6,2025-06-28,2025-07-23,2025-07-23,698.4,truck,5,1,0.2305,0.223,0,1.73
5466,4,19,2023-06-11,2023-07-12,2023-07-12,465.86,truck,3,0,0.2977,0.2301,0,3.56
5467,43,3,2023-11-18,2023-12-13,2023-12-13,706.43,truck,4,1,0.43,0.1166,0,1.43
5468,23,17,2023-09-20,2023-10-18,2023-11-05,2004.91,truck,5,1,0.3311,0.2281,1,442.28
5469,10,17,2025-01-10,2025-02-03,2025-02-03,488.4,truck,4,0,0.3549,0.335,0,3.21
5470,37,19,2025-10-27,2025-11-28,2025-11-28,12111.33,air,3,0,0.3298,0.1502,0,2.62
5471,10,16,2023-07-15,2023-08-12,2023-08-15,11403.57,air,5,2,0.5885,0.335,1,74.89
5472,16,16,2024-12-15,2025-01-08,2025-01-08,618.5,truck,1,0,0.6428,0.3266,0,0.92
5473,37,14,2023-06-14,2023-07-17,2023-07-17,1200.54,truck,4,2,0.4275,0.1502,0,2.14
5474,42,20,2023-11-23,2023-12-12,2023-12-14,1184.19,truck,1,1,0.5122,0.2372,1,52.04
5475,33,3,2023-02-03,2023-03-23,2023-03-23,12552.17,ship,4,2,0.6161,0.1674,0,2.94
5476,43,11,2024-08-24,2024-09-19,2024-09-21,3842.22,air,1,2,0.6358,0.1166,1,43.06
5477,50,19,2024-11-01,2024-11-23,2024-11-26,1411.67,truck,1,0,0.5042,0.1476,1,60.81
5478,22,5,2024-04-23,2024-05-11,2024-05-11,2906.03,air,4,0,0.3861,0.1904,0,3.46
5479,4,5,2025-11-28,2026-01-22,2026-01-22,8381.01,ship,2,0,0.6291,0.2301,0,3.04
5480,30,6,2024-08-27,2024-09-17,2024-09-20,1239.09,truck,2,1,0.5064,0.3611,1,64.63
5481,22,17,2024-09-15,2024-10-09,2024-10-12,3464.53,ship,4,2,0.1866,0.1904,1,79.2
5482,44,1,2024-03-21,2024-04-17,2024-04-17,4858.74,ship,1,0,0.4566,0.0719,0,3.8
5483,11,12,2023-11-10,2023-11-24,2023-11-24,1665.24,air,4,0,0.3944,0.163,0,2.08
5484,47,7,2024-12-13,2025-01-07,2025-01-09,529.71,truck,3,2,0.3885,0.1768,1,57.17
5485,32,18,2024-01-09,2024-02-10,2024-02-10,1977.33,ship,4,0,0.5944,0.299,0,1.74
5486,43,20,2025-07-26,2025-09-07,2025-09-09,6682.69,ship,2,0,0.5413,0.1166,1,44.71
5487,31,16,2023-08-01,2023-09-15,2023-09-16,9826.65,ship,2,2,0.3712,0.2757,1,35.04
5488,4,17,2025-08-08,2025-09-16,2025-09-19,15514.35,air,2,2,0.2886,0.2301,1,61.78
5489,3,10,2024-04-08,2024-05-02,2024-05-04,631.43,truck,1,1,0.7149,0.2878,1,41.8
5490,15,5,2025-06-23,2025-07-30,2025-08-03,13308.28,air,2,1,0.5786,0.1012,1,94.01
5491,3,12,2024-07-11,2024-08-10,2024-08-10,12084.74,air,4,1,0.4674,0.2878,0,2.06
5492,10,2,2023-11-21,2023-12-14,2023-12-16,1133.69,truck,5,1,0.2485,0.335,1,47.33
5493,29,6,2024-10-04,2024-10-26,2024-10-28,364.45,truck,4,0,0.6403,0.223,1,54.93
5494,48,16,2025-11-27,2025-12-18,2025-12-18,7427.9,air,3,0,0.5867,0.5295,0,2.55
5495,21,15,2025-06-19,2025-07-05,2025-07-06,2059.49,truck,5,1,0.5478,0.1211,1,35.53
5496,18,16,2025-04-10,2025-04-20,2025-04-20,302.49,truck,3,0,0.393,0.0465,0,4.11
5497,2,16,2024-07-03,2024-07-15,2024-07-15,377.43,truck,2,1,0.4249,0.3485,0,1.87
5498,24,19,2025-05-22,2025-06-11,2025-06-13,658.53,truck,4,0,0.1284,0.0437,1,43.97
5499,23,18,2025-10-28,2025-11-20,2025-11-20,1409.84,air,1,1,0.7427,0.2281,0,1.94
5500,8,14,2024-07-01,2024-07-29,2024-07-31,2769.78,truck,2,2,0.4359,0.1094,1,39.7
5501,37,2,2024-01-17,2024-02-28,2024-02-28,4021.02,ship,3,0,0.4239,0.1502,0,2.09
5502,16,2,2024-09-27,2024-10-26,2024-10-27,2204.33,truck,3,1,0.342,0.3266,1,26.49
5503,40,15,2023-05-03,2023-05-29,2023-05-29,1912.6,ship,1,2,0.4692,0.1206,0,2.37
5504,24,20,2025-06-09,2025-07-01,2025-07-01,509.43,truck,4,0,0.6187,0.0437,0,2.22
5505,9,12,2025-08-18,2025-09-09,2025-09-11,340.1,truck,4,1,0.6115,0.1382,1,59.9
5506,15,20,2023-06-05,2023-08-02,2023-08-04,9448.98,ship,3,0,0.5736,0.1012,1,39.74
5507,2,12,2025-09-14,2025-09-26,2025-09-26,899.35,truck,2,1,0.0682,0.3485,0,1.57
5508,44,5,2024-04-19,2024-05-02,2024-05-02,980.39,truck,1,0,0.6137,0.0719,0,2.03
5509,16,1,2023-05-21,2023-06-20,2023-06-20,6777.63,air,1,1,0.7973,0.3266,0,4.04
5510,8,2,2024-12-25,2025-01-14,2025-01-14,1217.46,truck,3,0,0.318,0.1094,0,2.78
5511,42,2,2025-08-10,2025-08-27,2025-08-28,820.23,truck,5,0,0.3131,0.2372,1,15.11
5512,47,17,2024-02-25,2024-03-23,2024-03-23,2346.87,air,1,1,0.2923,0.1768,0,2.45
5513,19,19,2025-08-30,2025-09-17,2025-09-17,696.68,truck,5,0,0.3194,0.2562,0,2.39
5514,46,11,2025-07-07,2025-07-27,2025-07-31,1779.53,truck,5,1,0.5469,0.0911,1,87.88
5515,17,4,2024-09-17,2024-10-30,2024-10-31,1353.31,truck,5,0,0.3024,0.1135,1,14.6
5516,17,4,2024-12-11,2025-01-30,2025-01-30,4110.6,ship,3,0,0.7242,0.1135,0,2.71
5517,2,18,2025-11-13,2025-11-22,2025-11-22,901.32,truck,1,1,0.5221,0.3485,0,2.1
5518,42,13,2025-06-02,2025-07-27,2025-07-27,14446.37,ship,5,0,0.5791,0.2372,1,8.65
5519,33,5,2023-08-11,2023-09-03,2023-09-03,20000.0,air,2,1,0.3667,0.1674,0,3.02
5520,46,4,2025-05-25,2025-07-02,2025-07-02,6854.82,ship,5,2,0.375,0.0911,0,3.04
5521,45,15,2024-12-28,2025-01-25,2025-01-25,4399.31,ship,2,0,0.6632,0.1051,0,1.7
5522,46,9,2024-09-22,2024-10-12,2024-10-13,1407.43,truck,3,1,0.6586,0.0911,1,14.28
5523,15,17,2025-05-09,2025-06-11,2025-06-19,3355.91,air,3,2,0.4646,0.1012,1,202.29
5524,26,19,2025-04-16,2025-05-07,2025-05-07,2456.24,air,4,1,0.2091,0.1577,0,0.9
5525,14,12,2024-01-06,2024-02-01,2024-02-02,528.74,truck,5,0,0.5045,0.2082,1,34.25
5526,22,7,2025-07-18,2025-08-11,2025-08-13,2447.94,ship,4,0,0.3515,0.1904,1,49.83
5527,50,1,2025-03-17,2025-04-05,2025-04-05,1663.59,air,3,0,0.5824,0.1476,0,2.29
5528,24,3,2025-11-23,2026-01-18,2026-01-18,12903.68,ship,3,1,0.4582,0.0437,0,3.81
5529,13,17,2023-04-18,2023-05-06,2023-05-10,1401.93,truck,3,2,0.3173,0.1757,1,107.13
5530,17,7,2025-03-20,2025-04-30,2025-04-30,4669.07,air,2,0,0.2144,0.1135,0,1.26
5531,23,1,2024-07-21,2024-08-15,2024-08-16,1714.5,air,4,2,0.4319,0.2281,1,19.74
5532,26,19,2024-09-10,2024-10-03,2024-10-03,724.03,truck,1,0,0.5218,0.1577,0,1.86
5533,37,16,2023-01-26,2023-02-26,2023-02-26,1004.74,truck,1,0,0.5857,0.1502,0,3.54
5534,41,18,2025-01-03,2025-01-20,2025-01-20,3807.65,air,1,0,0.6745,0.5395,0,5.39
5535,17,17,2025-06-11,2025-07-24,2025-07-25,1443.2,truck,3,2,0.3637,0.1135,1,24.89
5536,35,2,2024-08-31,2024-10-01,2024-10-02,2376.61,truck,3,1,0.2241,0.4038,1,33.09
5537,35,7,2024-04-21,2024-05-15,2024-05-16,327.62,truck,5,0,0.4238,0.4038,1,23.34
5538,46,3,2023-08-23,2023-09-13,2023-09-15,876.71,truck,3,0,0.7608,0.0911,1,38.22
5539,46,14,2024-01-21,2024-02-08,2024-02-08,6164.84,air,1,0,0.4881,0.0911,0,3.12
5540,10,2,2023-04-13,2023-05-06,2023-05-08,783.77,truck,5,1,0.398,0.335,1,37.89
5541,46,12,2024-07-01,2024-07-20,2024-07-20,369.38,truck,2,1,0.3433,0.0911,0,1.26
5542,28,20,2025-11-25,2026-01-03,2026-01-05,8920.18,ship,4,1,0.5989,0.183,1,49.01
5543,48,2,2023-02-04,2023-04-07,2023-04-07,15720.56,ship,2,0,0.2352,0.5295,1,10.01
5544,1,9,2025-10-30,2025-11-25,2025-11-26,1880.43,truck,4,0,0.7489,0.2492,1,30.17
5545,38,9,2023-11-27,2023-12-11,2023-12-11,2908.46,air,1,1,0.6721,0.1178,0,2.99
5546,13,1,2023-11-22,2023-12-06,2023-12-11,917.27,truck,4,0,0.6867,0.1757,1,122.94
5547,48,2,2024-03-07,2024-04-03,2024-04-04,3709.86,ship,1,1,0.2391,0.5295,1,25.5
5548,4,10,2024-12-31,2025-02-23,2025-02-24,7485.67,ship,4,0,0.3673,0.2301,1,26.86
5549,31,8,2025-06-04,2025-06-24,2025-06-26,1537.81,truck,2,1,0.4238,0.2757,1,53.56
5550,6,14,2024-04-13,2024-06-08,2024-06-11,10127.86,ship,3,1,0.4315,0.3463,1,60.96
5551,50,17,2024-06-02,2024-06-22,2024-06-22,790.4,truck,4,1,0.242,0.1476,0,2.09
5552,41,1,2023-05-08,2023-05-28,2023-05-31,2315.97,truck,1,1,0.7895,0.5395,1,81.97
5553,27,8,2023-11-11,2023-12-18,2023-12-20,6545.42,ship,3,0,0.4874,0.1179,1,55.05
5554,24,14,2025-07-20,2025-09-08,2025-09-08,10534.62,ship,1,2,0.2218,0.0437,0,2.94
5555,37,15,2025-07-01,2025-07-31,2025-07-31,415.28,truck,5,1,0.4822,0.1502,1,9.0
5556,30,12,2024-01-01,2024-01-18,2024-01-18,1466.17,air,2,0,0.3765,0.3611,0,1.35
5557,48,18,2024-11-06,2024-11-25,2024-11-25,4553.8,air,4,1,0.6199,0.5295,0,2.26
5558,25,18,2025-04-08,2025-05-06,2025-05-06,9745.05,air,3,1,0.8235,0.3294,0,3.79
5559,33,18,2024-06-11,2024-06-26,2024-06-26,4078.31,air,1,1,0.7809,0.1674,0,3.8
5560,37,14,2025-10-20,2025-11-22,2025-11-22,1786.34,ship,3,0,0.328,0.1502,0,0.93
5561,7,11,2024-03-29,2024-04-19,2024-04-21,713.83,truck,2,1,0.5019,0.2727,1,48.84
5562,18,16,2025-02-21,2025-03-02,2025-03-03,312.56,truck,5,0,1.0,0.0465,1,34.73
5563,6,5,2023-09-13,2023-10-12,2023-10-12,4837.65,air,4,0,0.5077,0.3463,0,3.29
5564,1,10,2023-10-18,2023-11-10,2023-11-10,480.56,truck,2,1,0.541,0.2492,0,2.02
5565,18,17,2025-09-08,2025-09-20,2025-09-20,625.25,truck,4,1,0.3122,0.0465,0,2.08
5566,34,3,2023-09-12,2023-09-22,2023-09-22,1131.54,air,2,0,0.597,0.0399,0,1.92
5567,11,13,2025-05-30,2025-06-17,2025-06-17,1844.77,truck,5,0,0.5274,0.163,0,2.11
5568,25,15,2025-02-04,2025-04-06,2025-04-07,13228.79,ship,4,0,0.4767,0.3294,1,35.88
5569,39,9,2025-03-06,2025-03-27,2025-03-28,770.46,truck,5,0,0.854,0.2906,1,24.48
5570,9,7,2024-01-09,2024-01-26,2024-01-28,474.68,truck,3,2,0.4023,0.1382,1,40.83
5571,23,1,2023-06-18,2023-09-07,2023-09-09,20000.0,ship,5,1,0.4561,0.2281,1,44.73
5572,16,20,2025-05-09,2025-06-11,2025-06-11,6864.76,air,4,0,0.388,0.3266,0,2.16
5573,40,18,2025-04-11,2025-05-02,2025-05-06,1603.14,truck,5,1,0.7063,0.1206,1,91.99
5574,38,19,2025-09-18,2025-10-03,2025-10-04,306.76,truck,3,0,0.4566,0.1178,1,26.09
5575,8,19,2024-06-07,2024-07-12,2024-07-12,5286.09,ship,3,0,0.4299,0.1094,0,3.61
5576,25,15,2025-02-15,2025-03-14,2025-03-16,667.46,truck,4,0,0.4181,0.3294,1,57.69
5577,38,3,2023-05-14,2023-06-19,2023-06-21,7172.51,ship,2,0,0.4452,0.1178,1,54.8
5578,35,4,2025-06-26,2025-07-18,2025-07-19,661.25,truck,3,2,0.219,0.4038,1,27.14
5579,20,18,2023-08-16,2023-09-15,2023-09-16,339.44,truck,3,1,0.7157,0.2853,1,31.29
5580,27,18,2025-11-20,2026-02-05,2026-02-08,20000.0,ship,1,0,0.4573,0.1179,1,79.18
5581,33,20,2023-07-14,2023-07-28,2023-07-29,436.83,truck,1,0,0.7015,0.1674,1,18.48
5582,14,4,2025-07-08,2025-08-08,2025-08-09,1597.25,ship,2,1,0.428,0.2082,1,18.95
5583,15,16,2025-10-21,2025-12-01,2025-12-08,3758.75,ship,2,1,0.6024,0.1012,1,174.03
5584,15,7,2024-09-25,2024-10-26,2024-10-26,388.09,truck,4,1,0.3565,0.1012,0,1.71
5585,16,6,2024-07-21,2024-08-21,2024-08-21,6331.21,air,5,0,0.5484,0.3266,0,1.72
5586,28,8,2023-06-04,2023-06-27,2023-06-28,3788.32,truck,1,1,0.2927,0.183,1,33.73
5587,19,1,2024-09-28,2024-10-16,2024-10-16,3329.32,air,2,1,0.7836,0.2562,0,1.74
5588,34,2,2023-12-16,2023-12-26,2023-12-26,540.11,truck,1,0,0.3079,0.0399,0,1.93
5589,50,19,2024-10-03,2024-10-23,2024-10-23,7883.74,air,4,1,0.3654,0.1476,0,5.73
5590,31,16,2023-11-17,2023-12-05,2023-12-05,3488.27,air,2,0,0.5647,0.2757,0,1.87
5591,44,15,2025-08-09,2025-08-24,2025-08-29,1195.29,truck,1,2,0.4127,0.0719,1,126.55
5592,30,3,2023-11-26,2023-12-19,2023-12-19,9035.94,air,1,1,0.4473,0.3611,0,1.59
5593,6,17,2024-11-18,2024-12-21,2024-12-21,3270.6,ship,2,0,0.2779,0.3463,0,2.96
5594,45,8,2025-02-09,2025-02-25,2025-02-27,931.49,truck,5,0,0.5824,0.1051,1,47.4
5595,5,10,2025-01-11,2025-02-08,2025-02-08,8923.51,air,4,1,0.4522,0.2606,0,2.7
5596,40,6,2023-07-29,2023-08-21,2023-08-21,316.64,truck,1,1,0.5888,0.1206,0,2.15
5597,30,19,2025-06-17,2025-07-05,2025-07-06,959.61,truck,2,0,0.1574,0.3611,1,18.45
5598,4,9,2025-11-19,2025-12-29,2025-12-30,3222.44,ship,1,0,0.5908,0.2301,1,19.41
5599,26,15,2024-07-20,2024-08-09,2024-08-09,778.93,truck,1,2,0.6316,0.1577,0,2.26
5600,24,4,2025-01-15,2025-03-05,2025-03-05,9928.66,ship,3,0,0.5935,0.0437,0,2.27
5601,21,16,2024-12-27,2025-01-17,2025-01-17,4800.59,truck,2,0,0.789,0.1211,0,1.67
5602,24,15,2023-07-01,2023-07-20,2023-07-20,422.78,truck,4,1,0.5002,0.0437,0,1.26
5603,29,9,2024-11-08,2024-12-10,2024-12-10,4290.29,ship,2,0,0.5125,0.223,0,2.8
5604,17,13,2024-04-09,2024-05-23,2024-05-23,2210.47,truck,4,1,0.3841,0.1135,0,2.03
5605,22,5,2025-10-20,2025-11-03,2025-11-03,1555.35,air,4,0,0.4381,0.1904,0,1.91
5606,4,17,2023-11-13,2023-12-13,2023-12-13,385.83,truck,2,0,0.5435,0.2301,0,5.24
5607,50,13,2024-12-20,2025-01-17,2025-01-23,3418.7,ship,5,1,0.5264,0.1476,1,139.72
5608,48,7,2023-05-09,2023-06-01,2023-06-01,2607.91,truck,1,0,0.3404,0.5295,0,3.92
5609,11,19,2023-05-04,2023-05-23,2023-05-23,1824.42,ship,1,0,0.0891,0.163,0,2.32
5610,47,4,2024-05-18,2024-06-16,2024-06-16,1096.7,truck,5,1,0.5246,0.1768,0,1.6
5611,30,17,2025-07-13,2025-08-17,2025-08-17,8855.25,truck,2,1,0.1465,0.3611,0,1.32
5612,8,2,2024-06-11,2024-08-02,2024-08-04,10720.77,ship,2,1,0.298,0.1094,1,40.12
5613,22,12,2023-09-07,2023-09-26,2023-09-27,703.71,truck,2,1,0.1958,0.1904,1,24.79
5614,1,19,2025-04-15,2025-05-12,2025-05-13,2912.03,truck,2,1,0.2604,0.2492,1,16.31
5615,14,19,2024-11-09,2024-12-06,2024-12-06,324.75,truck,2,2,0.2566,0.2082,0,1.67
5616,43,2,2023-09-26,2023-10-22,2023-10-22,5234.03,air,1,1,0.4896,0.1166,0,1.89
5617,34,1,2025-09-19,2025-09-30,2025-10-01,1122.75,truck,2,0,0.5899,0.0399,1,29.06
5618,36,17,2024-12-12,2025-01-08,2025-01-08,15773.73,air,1,0,0.4035,0.0168,0,0.78
5619,23,17,2025-01-25,2025-02-22,2025-02-22,8646.28,air,4,0,0.3354,0.2281,0,2.87
5620,39,15,2024-09-30,2024-10-19,2024-10-21,462.75,truck,4,1,0.5384,0.2906,1,56.13
5621,44,9,2023-09-06,2023-09-21,2023-09-25,2045.81,air,3,1,0.8959,0.0719,1,99.94
5622,29,3,2024-04-23,2024-05-15,2024-05-17,720.69,truck,4,2,0.656,0.223,1,46.96
5623,40,2,2025-03-20,2025-05-02,2025-05-02,7771.76,ship,1,1,0.1865,0.1206,0,2.2
5624,28,3,2025-10-09,2025-10-23,2025-10-23,596.95,truck,5,0,0.5038,0.183,0,1.27
5625,7,1,2024-07-03,2024-07-26,2024-07-28,401.92,truck,4,2,0.7364,0.2727,1,55.96
5626,1,8,2025-09-29,2025-10-24,2025-10-24,1208.52,truck,2,0,0.2829,0.2492,0,2.05
5627,4,10,2023-07-12,2023-08-15,2023-08-22,1288.47,truck,2,1,0.6689,0.2301,1,170.43
5628,37,15,2024-09-15,2024-10-19,2024-10-29,4530.26,air,3,2,0.6597,0.1502,1,240.75
5629,7,13,2024-06-01,2024-07-21,2024-07-21,10387.69,ship,2,0,0.273,0.2727,0,2.05
5630,36,7,2023-04-08,2023-05-12,2023-05-13,3774.43,ship,2,1,0.2964,0.0168,1,14.78
5631,37,1,2024-07-27,2024-09-04,2024-09-06,20000.0,air,1,1,0.525,0.1502,1,41.56
5632,43,14,2025-09-09,2025-10-06,2025-10-08,979.54,truck,5,2,0.2037,0.1166,1,48.63
5633,50,5,2025-10-22,2025-11-12,2025-11-12,1035.6,truck,3,0,0.3846,0.1476,0,1.82
5634,36,18,2024-02-24,2024-03-18,2024-03-18,7472.72,air,1,0,0.6154,0.0168,0,1.83
5635,50,3,2024-04-10,2024-05-08,2024-05-13,18396.21,air,4,1,0.7428,0.1476,1,116.6
5636,24,17,2025-06-10,2025-06-30,2025-06-30,316.31,truck,5,2,0.3173,0.0437,0,1.47
5637,12,9,2024-06-13,2024-07-23,2024-07-30,18263.23,air,5,1,0.9324,0.2771,1,166.15
5638,4,10,2025-02-03,2025-05-03,2025-05-03,20000.0,ship,2,0,0.4223,0.2301,0,2.77
5639,29,13,2024-08-11,2024-09-04,2024-09-04,951.99,truck,2,0,0.5511,0.223,0,4.63
5640,26,16,2023-04-28,2023-05-26,2023-05-26,3095.15,truck,1,0,0.7186,0.1577,0,4.94
5641,40,4,2024-07-27,2024-08-16,2024-08-16,2700.34,air,5,1,0.5602,0.1206,0,4.2
5642,33,2,2025-05-25,2025-06-07,2025-06-07,466.33,truck,1,1,0.1812,0.1674,0,3.71
5643,32,18,2023-12-14,2024-02-11,2024-02-13,10812.78,ship,5,0,0.6279,0.299,1,44.28
5644,1,20,2023-12-10,2024-01-18,2024-01-22,5863.29,ship,4,1,0.6197,0.2492,1,93.42
5645,30,7,2023-11-24,2023-12-20,2023-12-20,2907.4,ship,3,1,0.2573,0.3611,0,3.72
5646,41,5,2025-07-05,2025-07-21,2025-07-30,751.59,truck,4,2,0.6354,0.5395,1,226.81
5647,8,9,2025-11-25,2025-12-17,2025-12-18,1611.3,truck,2,0,0.7313,0.1094,1,15.4
5648,34,12,2025-03-28,2025-04-08,2025-04-14,653.54,truck,5,1,0.4082,0.0399,1,141.55
5649,20,12,2025-04-04,2025-04-30,2025-04-30,370.01,truck,3,0,0.329,0.2853,0,2.43
5650,42,1,2024-06-23,2024-07-09,2024-07-12,2343.86,air,5,1,0.534,0.2372,1,78.75
5651,21,4,2024-12-03,2025-01-12,2025-01-16,8657.19,ship,3,0,0.6543,0.1211,1,96.39
5652,48,10,2023-02-20,2023-04-01,2023-04-01,8417.0,ship,4,0,0.4407,0.5295,0,1.26
5653,35,7,2024-03-23,2024-04-24,2024-04-25,3173.49,truck,4,1,0.2225,0.4038,1,22.41
5654,41,7,2025-09-01,2025-09-17,2025-09-17,544.71,truck,1,0,0.216,0.5395,0,1.45
5655,44,19,2023-06-17,2023-06-30,2023-06-30,641.65,truck,3,0,0.3351,0.0719,0,2.51
5656,20,11,2025-09-02,2025-10-05,2025-10-05,1410.08,truck,1,2,0.4089,0.2853,0,1.89
5657,7,18,2025-06-08,2025-07-01,2025-07-02,791.51,truck,1,2,0.4004,0.2727,1,26.34
5658,4,8,2025-11-07,2025-12-09,2025-12-09,842.81,truck,5,0,0.4867,0.2301,0,1.26
5659,1,5,2023-04-09,2023-05-02,2023-05-02,7200.53,air,1,1,0.4747,0.2492,0,1.57
5660,5,2,2025-09-08,2025-10-05,2025-10-07,673.83,truck,5,1,0.3477,0.2606,1,48.14
5661,36,20,2024-11-03,2024-12-25,2024-12-27,10958.1,ship,3,2,0.6421,0.0168,1,55.65
5662,32,16,2024-05-20,2024-06-19,2024-06-22,2879.33,truck,3,1,0.738,0.299,1,74.27
5663,24,7,2025-04-30,2025-05-24,2025-05-28,479.62,truck,4,1,0.2129,0.0437,1,102.34
5664,36,10,2025-06-26,2025-07-16,2025-07-20,1258.72,truck,5,1,0.4738,0.0168,1,98.11
5665,26,18,2023-07-19,2023-08-13,2023-08-15,1967.62,ship,1,1,0.5877,0.1577,1,36.88
5666,39,7,2024-09-03,2024-09-23,2024-09-24,863.41,truck,5,0,0.6807,0.2906,1,35.98
5667,18,9,2023-08-11,2023-08-26,2023-08-30,2118.23,ship,1,1,0.773,0.0465,1,86.07
5668,49,5,2025-02-17,2025-03-06,2025-03-06,341.1,truck,1,0,0.5638,0.0836,0,1.62
5669,36,9,2024-08-10,2024-09-20,2024-09-23,7359.64,ship,4,1,0.7666,0.0168,1,68.37
5670,37,10,2023-04-19,2023-06-03,2023-06-03,5461.45,ship,1,1,0.2645,0.1502,0,1.29
5671,18,13,2025-09-15,2025-09-29,2025-09-30,1046.12,truck,5,1,0.3057,0.0465,1,22.64
5672,50,16,2025-01-23,2025-02-14,2025-02-14,719.36,truck,5,0,0.6916,0.1476,0,1.36
5673,6,2,2024-03-15,2024-04-11,2024-04-11,1525.55,air,4,0,0.6753,0.3463,0,3.48
5674,22,10,2023-05-31,2023-06-20,2023-06-21,1675.01,ship,1,1,0.5755,0.1904,1,22.45
5675,26,13,2023-12-29,2024-01-24,2024-01-26,1131.55,truck,2,1,0.4055,0.1577,1,44.4
5676,11,12,2023-10-03,2023-10-23,2023-10-23,4311.95,truck,2,1,0.3946,0.163,0,1.51
5677,50,8,2024-12-20,2025-01-14,2025-01-14,1756.41,ship,1,0,0.366,0.1476,0,3.39
5678,26,9,2023-10-26,2023-11-27,2023-11-28,3860.43,ship,2,0,0.6903,0.1577,1,25.82
5679,37,2,2024-06-24,2024-08-10,2024-08-12,6062.21,ship,5,2,0.2589,0.1502,1,37.54
5680,4,6,2023-10-05,2023-11-08,2023-11-08,1729.1,truck,2,0,0.4283,0.2301,0,3.69
5681,8,13,2023-02-21,2023-03-29,2023-03-29,5787.79,ship,1,1,0.5386,0.1094,0,3.05
5682,29,3,2023-04-11,2023-05-08,2023-05-08,2950.87,ship,4,1,0.56,0.223,0,1.53
5683,38,19,2023-11-23,2023-12-12,2023-12-14,2338.5,truck,4,1,0.2857,0.1178,1,54.18
5684,21,7,2024-05-06,2024-05-22,2024-05-23,3215.01,truck,4,0,0.233,0.1211,1,26.39
5685,13,10,2024-01-16,2024-01-31,2024-01-31,358.78,truck,5,0,0.5191,0.1757,0,0.75
5686,17,20,2025-04-11,2025-05-26,2025-05-27,2036.18,truck,2,1,0.3258,0.1135,1,18.36
5687,35,11,2025-01-14,2025-02-12,2025-02-14,1695.8,ship,1,0,0.5871,0.4038,1,57.96
5688,8,20,2025-03-04,2025-03-28,2025-04-03,574.54,truck,1,1,0.4172,0.1094,1,148.1
5689,48,10,2023-10-18,2023-11-10,2023-11-11,1731.29,ship,5,1,0.541,0.5295,1,35.28
5690,22,13,2023-09-08,2023-09-26,2023-09-28,1858.3,truck,4,0,0.5703,0.1904,1,40.88
5691,9,7,2024-05-30,2024-06-24,2024-06-24,1888.2,truck,5,1,0.0995,0.1382,0,1.33
5692,39,13,2024-01-31,2024-03-16,2024-03-20,9914.88,ship,3,1,0.537,0.2906,1,96.03
5693,11,19,2023-09-18,2023-10-03,2023-10-04,759.28,truck,3,1,0.4575,0.163,1,25.37
5694,24,10,2024-10-27,2024-11-15,2024-11-15,1355.73,truck,2,0,0.4184,0.0437,0,1.29
5695,34,20,2025-09-02,2025-09-12,2025-09-13,571.55,truck,1,0,0.6023,0.0399,1,16.17
5696,15,18,2024-09-21,2024-10-23,2024-10-24,1818.67,truck,1,1,0.4971,0.1012,1,16.0
5697,19,11,2024-06-21,2024-07-08,2024-07-08,953.26,truck,2,2,0.3274,0.2562,0,1.35
5698,45,5,2023-03-22,2023-04-04,2023-04-04,1143.58,air,2,0,0.3498,0.1051,0,1.87
5699,36,2,2025-11-30,2025-12-23,2025-12-23,1138.27,truck,5,1,0.4673,0.0168,0,1.63
5700,30,3,2023-06-06,2023-06-24,2023-06-24,686.54,truck,4,0,0.4809,0.3611,0,2.58
5701,6,12,2023-11-09,2023-12-09,2023-12-09,3615.64,truck,4,0,0.314,0.3463,0,2.05
5702,36,10,2024-08-20,2024-09-16,2024-09-16,2093.98,truck,2,1,0.2708,0.0168,0,2.5
5703,10,10,2025-08-13,2025-09-08,2025-09-10,1629.25,ship,2,1,0.5781,0.335,1,46.72
5704,2,4,2023-02-05,2023-02-17,2023-02-17,1314.96,truck,4,0,0.5225,0.3485,0,2.7
5705,44,7,2025-06-14,2025-08-23,2025-08-23,20000.0,ship,4,0,0.2612,0.0719,0,1.56
5706,34,19,2025-09-28,2025-10-08,2025-10-08,2138.46,truck,4,0,0.4957,0.0399,0,2.14
5707,8,14,2024-01-14,2024-02-08,2024-02-09,1006.7,truck,2,0,0.5124,0.1094,1,21.65
5708,19,20,2023-08-28,2023-09-22,2023-09-22,3527.14,ship,1,0,0.7263,0.2562,0,3.07
5709,36,15,2025-10-24,2025-12-13,2025-12-15,10887.02,ship,2,1,0.5406,0.0168,1,44.28
5710,37,13,2024-02-13,2024-03-16,2024-03-24,326.01,truck,5,1,0.1635,0.1502,1,184.76
5711,15,18,2023-03-25,2023-04-24,2023-04-24,313.86,truck,4,1,0.6706,0.1012,0,2.2
5712,31,10,2025-03-19,2025-04-12,2025-04-13,1748.33,ship,4,0,0.2455,0.2757,1,34.61
5713,28,20,2023-08-08,2023-08-31,2023-09-02,3700.03,truck,5,0,0.6568,0.183,1,40.05
5714,27,20,2024-02-04,2024-02-29,2024-02-29,1931.81,truck,2,1,0.6091,0.1179,0,1.27
5715,50,14,2024-09-03,2024-09-25,2024-09-25,2372.12,ship,1,1,0.2791,0.1476,0,2.48
5716,7,3,2023-12-07,2024-01-01,2024-01-06,2165.55,ship,5,2,0.5354,0.2727,1,113.57
5717,28,5,2023-11-02,2023-11-23,2023-11-23,6703.67,air,1,0,0.5354,0.183,0,2.13
5718,34,7,2023-01-15,2023-01-25,2023-01-25,325.19,truck,3,2,0.174,0.0399,0,2.49
5719,7,8,2023-10-01,2023-10-24,2023-10-24,4633.34,air,2,1,0.4596,0.2727,0,2.3
5720,1,14,2023-02-04,2023-03-20,2023-03-20,7582.81,ship,5,0,0.4406,0.2492,0,2.54
5721,15,10,2024-03-16,2024-04-17,2024-04-17,1411.42,truck,1,1,0.634,0.1012,0,2.46
5722,22,11,2023-07-01,2023-07-21,2023-07-21,6708.03,air,1,2,0.43,0.1904,0,1.51
5723,31,11,2024-04-21,2024-05-21,2024-05-26,4006.93,ship,1,1,0.5163,0.2757,1,122.81
5724,32,5,2023-01-28,2023-03-10,2023-03-10,5237.96,ship,2,0,0.5447,0.299,0,2.13
5725,6,5,2023-05-23,2023-06-19,2023-06-19,3383.03,air,2,2,0.5542,0.3463,0,1.34
5726,12,9,2025-09-24,2025-10-26,2025-10-26,963.4,truck,1,1,0.6041,0.2771,0,2.09
5727,46,13,2024-03-11,2024-03-30,2024-03-30,2258.84,air,3,0,0.4604,0.0911,0,1.56
5728,1,1,2025-07-31,2025-10-14,2025-10-21,18886.42,ship,4,1,0.6675,0.2492,1,167.23
5729,17,5,2023-08-26,2023-10-09,2023-10-09,7549.28,air,1,0,0.4185,0.1135,0,1.72
5730,14,16,2025-10-15,2025-11-12,2025-11-12,1124.19,truck,4,1,0.5108,0.2082,0,2.06
5731,15,6,2024-05-24,2024-07-04,2024-07-04,3963.96,ship,2,0,0.3263,0.1012,0,3.04
5732,19,18,2025-09-12,2025-10-23,2025-10-24,7499.28,ship,1,1,0.3637,0.2562,1,21.98
5733,4,2,2023-08-12,2023-11-11,2023-11-11,20000.0,ship,5,1,0.2712,0.2301,0,2.13
5734,26,19,2025-08-12,2025-09-05,2025-09-06,2933.47,truck,4,0,0.2421,0.1577,1,18.31
5735,35,8,2024-06-07,2024-07-02,2024-07-04,480.35,truck,5,1,0.5203,0.4038,1,56.21
5736,21,14,2024-10-19,2024-11-21,2024-11-21,8114.75,ship,1,1,0.5075,0.1211,0,2.66
5737,20,12,2024-01-08,2024-02-16,2024-02-16,4372.21,ship,4,0,0.4249,0.2853,0,1.56
5738,34,14,2025-02-08,2025-02-24,2025-02-24,1958.66,ship,1,0,0.4336,0.0399,0,1.95
5739,36,15,2023-02-26,2023-03-20,2023-03-25,470.56,truck,5,0,0.2231,0.0168,1,130.22
5740,29,17,2023-12-23,2024-03-01,2024-03-03,16350.75,ship,4,0,0.431,0.223,1,58.09
5741,29,2,2024-05-16,2024-06-06,2024-06-07,1102.25,truck,4,1,0.4053,0.223,1,27.63
5742,12,10,2023-03-01,2023-04-04,2023-04-04,4913.02,air,5,0,0.4147,0.2771,0,2.78
5743,42,12,2024-04-01,2024-04-29,2024-04-29,5065.72,ship,4,0,0.2019,0.2372,0,3.07
5744,2,16,2024-01-18,2024-01-27,2024-01-28,411.65,truck,1,0,0.5951,0.3485,1,30.76
5745,5,18,2024-11-18,2024-12-18,2024-12-18,8453.64,air,1,0,0.6855,0.2606,0,3.09
5746,21,10,2025-01-26,2025-02-11,2025-02-11,4860.8,air,2,0,0.3919,0.1211,0,2.37
5747,3,13,2025-10-04,2025-10-31,2025-10-31,1328.84,truck,2,1,0.2495,0.2878,0,2.51
5748,16,15,2024-09-10,2024-10-07,2024-10-07,795.65,truck,2,1,0.6091,0.3266,0,2.6
5749,38,19,2023-02-02,2023-02-18,2023-02-19,1647.06,ship,2,1,0.3133,0.1178,1,34.28
5750,18,15,2024-08-18,2024-08-30,2024-08-30,1743.04,ship,1,1,0.5402,0.0465,0,2.03
5751,42,13,2023-09-29,2023-10-15,2023-10-17,323.55,truck,1,1,0.5928,0.2372,1,47.6
5752,25,4,2025-05-28,2025-06-19,2025-06-21,375.5,truck,4,2,0.5313,0.3294,1,46.2
5753,29,3,2023-10-06,2023-10-28,2023-10-28,1145.5,truck,4,0,0.756,0.223,0,2.88
5754,39,8,2023-10-19,2023-11-05,2023-11-05,301.83,truck,2,0,0.1763,0.2906,0,1.33
5755,33,6,2025-10-29,2025-11-12,2025-11-12,996.82,truck,2,0,0.4496,0.1674,0,1.67
5756,3,1,2023-07-03,2023-07-28,2023-07-29,810.18,truck,1,2,0.7825,0.2878,1,31.92
5757,45,5,2025-06-25,2025-07-31,2025-08-03,8265.2,ship,2,2,0.6367,0.1051,1,71.18
5758,47,17,2025-01-16,2025-02-13,2025-02-13,903.63,truck,1,0,0.2978,0.1768,0,2.54
5759,41,16,2023-06-08,2023-06-27,2023-06-29,4894.88,air,5,2,0.6769,0.5395,1,53.19
5760,44,6,2024-04-15,2024-04-25,2024-04-25,814.66,truck,1,0,0.4208,0.0719,0,2.1
5761,36,6,2023-11-09,2023-12-02,2023-12-02,855.16,truck,1,0,0.471,0.0168,0,3.39
5762,38,6,2025-09-16,2025-10-11,2025-10-11,3441.32,ship,3,0,0.492,0.1178,0,2.28
5763,19,19,2023-12-14,2024-01-02,2024-01-03,1138.4,truck,2,2,0.1123,0.2562,1,22.91
5764,8,14,2024-04-11,2024-05-08,2024-05-08,1889.18,truck,5,1,0.4439,0.1094,0,2.34
5765,31,4,2023-10-12,2023-10-29,2023-11-03,377.24,truck,4,1,0.4251,0.2757,1,122.27
5766,48,16,2023-12-02,2023-12-22,2023-12-23,1492.27,truck,1,1,0.6018,0.5295,1,22.73
5767,16,18,2024-05-27,2024-07-05,2024-07-09,4089.8,ship,3,2,0.888,0.3266,1,84.3
5768,18,8,2025-04-10,2025-04-22,2025-04-24,423.43,truck,1,0,0.4261,0.0465,1,41.64
5769,7,3,2023-07-25,2023-08-19,2023-08-19,1152.02,truck,3,0,0.5538,0.2727,0,2.4
5770,39,3,2023-10-18,2023-11-06,2023-11-09,927.62,truck,3,1,0.4989,0.2906,1,62.22
5771,2,19,2024-01-03,2024-02-03,2024-02-03,7338.14,ship,5,1,0.366,0.3485,0,2.36
5772,8,11,2024-12-21,2025-01-18,2025-01-20,2095.27,ship,5,0,0.3606,0.1094,1,55.12
5773,9,4,2023-07-12,2023-07-30,2023-07-30,349.68,truck,2,1,0.4632,0.1382,1,11.82
5774,38,13,2024-07-23,2024-08-17,2024-08-17,3344.69,ship,4,0,0.3481,0.1178,0,3.33
5775,9,15,2025-01-18,2025-02-08,2025-02-08,7564.02,air,2,0,0.5145,0.1382,0,2.28
5776,22,20,2025-02-20,2025-03-06,2025-03-13,357.0,truck,3,1,0.3927,0.1904,1,156.06
5777,28,1,2023-01-08,2023-01-21,2023-01-21,5115.91,air,2,0,0.2851,0.183,0,1.47
5778,38,4,2025-08-05,2025-08-21,2025-08-25,1192.76,truck,5,2,0.3945,0.1178,1,88.85
5779,48,13,2024-07-17,2024-08-05,2024-08-10,1515.99,truck,5,0,0.3,0.5295,1,128.39
5780,1,19,2023-10-07,2023-11-28,2023-11-28,10257.28,ship,3,1,0.0031,0.2492,0,4.47
5781,27,7,2024-09-10,2024-10-05,2024-10-05,1707.61,truck,3,1,0.4693,0.1179,0,2.38
5782,11,10,2025-03-02,2025-03-17,2025-03-19,1015.13,truck,4,1,0.5892,0.163,1,51.37
5783,12,1,2023-12-11,2024-01-14,2024-01-17,696.12,truck,4,0,0.6005,0.2771,1,82.52
5784,35,14,2025-04-28,2025-07-18,2025-07-22,18700.98,ship,2,2,0.4567,0.4038,1,86.75
5785,39,2,2024-01-04,2024-01-27,2024-01-29,1631.27,ship,1,0,0.4221,0.2906,1,56.84
5786,24,8,2025-04-06,2025-04-26,2025-04-26,406.47,truck,4,0,0.4394,0.0437,0,2.17
5787,20,13,2024-04-06,2024-05-07,2024-05-07,4524.42,air,4,1,0.3767,0.2853,0,1.36
5788,5,8,2024-04-04,2024-06-26,2024-06-28,20000.0,ship,5,0,0.3669,0.2606,1,51.35
5789,43,12,2023-08-15,2023-09-25,2023-09-28,5509.16,ship,4,2,0.2446,0.1166,1,80.18
5790,50,15,2023-07-22,2023-08-13,2023-08-16,1605.64,truck,4,1,0.8232,0.1476,1,78.28
5791,32,3,2023-09-18,2023-10-14,2023-10-14,1221.37,truck,4,0,0.646,0.299,0,1.76
5792,9,14,2025-08-21,2025-09-10,2025-09-10,2053.63,air,2,1,0.5259,0.1382,0,2.56
5793,31,13,2023-06-13,2023-08-14,2023-08-14,15424.72,ship,3,0,0.6916,0.2757,1,11.07
5794,10,6,2024-09-30,2024-10-26,2024-10-27,6067.19,air,1,1,0.7276,0.335,1,20.54
5795,10,5,2024-02-07,2024-03-02,2024-03-02,1779.49,truck,1,0,0.443,0.335,0,3.04
5796,33,14,2023-06-30,2023-07-15,2023-07-17,601.05,truck,1,2,0.545,0.1674,1,54.59
5797,2,12,2024-09-15,2024-09-29,2024-09-30,2007.27,ship,3,1,0.1323,0.3485,1,29.29
5798,10,20,2024-12-29,2025-01-26,2025-02-01,11823.13,air,2,1,0.6974,0.335,1,134.97
5799,15,3,2023-08-07,2023-09-17,2023-09-21,4453.67,ship,4,0,0.6898,0.1012,1,95.31
5800,23,4,2024-09-01,2024-09-25,2024-09-25,2396.76,air,5,1,0.46,0.2281,0,1.46
5801,8,13,2024-03-04,2024-03-25,2024-03-26,458.17,truck,2,1,0.2544,0.1094,1,18.7
5802,46,10,2025-03-27,2025-04-18,2025-04-18,1049.37,truck,5,1,0.3975,0.0911,0,1.75
5803,13,5,2025-11-20,2025-12-11,2025-12-11,2393.36,ship,1,0,0.6055,0.1757,0,1.52
5804,19,5,2025-06-23,2025-07-09,2025-07-09,896.21,truck,5,1,0.5786,0.2562,0,3.07
5805,28,9,2023-12-21,2024-01-14,2024-01-15,2366.72,ship,4,0,0.612,0.183,1,33.91
5806,44,5,2024-07-07,2024-07-24,2024-07-24,1424.69,truck,1,1,0.5947,0.0719,0,3.08
5807,15,10,2024-08-16,2024-09-15,2024-09-15,790.99,truck,5,0,0.2733,0.1012,0,1.44
5808,48,5,2023-05-16,2023-06-05,2023-06-08,676.43,truck,3,1,0.286,0.5295,1,64.08
5809,39,7,2023-11-03,2023-11-24,2023-11-25,402.23,truck,3,2,0.6793,0.2906,1,14.89
5810,24,12,2025-01-13,2025-02-04,2025-02-04,1329.38,truck,3,0,0.5283,0.0437,0,5.3
5811,8,17,2023-07-08,2023-07-30,2023-07-30,599.43,truck,2,2,0.2382,0.1094,0,1.38
5812,36,5,2024-02-12,2024-04-30,2024-04-30,20000.0,ship,5,0,0.5913,0.0168,1,11.78
5813,10,20,2023-01-16,2023-02-07,2023-02-07,1867.19,truck,1,0,0.5385,0.335,0,3.84
5814,23,9,2024-01-20,2024-02-15,2024-02-15,1657.09,air,2,0,0.8516,0.2281,0,1.74
5815,27,16,2023-05-28,2023-06-22,2023-06-22,1902.65,ship,3,1,0.6713,0.1179,0,2.0
5816,21,17,2023-03-29,2023-04-12,2023-04-12,1180.78,truck,5,1,0.6035,0.1211,0,1.73
5817,1,10,2025-10-12,2025-11-05,2025-11-05,642.0,truck,2,1,0.2937,0.2492,0,1.08
5818,6,19,2025-05-14,2025-06-10,2025-06-10,1608.26,air,5,0,0.2987,0.3463,0,3.24
5819,10,8,2023-09-09,2023-11-11,2023-11-11,14928.82,ship,4,1,0.3049,0.335,0,1.85
5820,15,12,2023-05-22,2023-07-23,2023-07-23,10587.37,ship,3,1,0.2975,0.1012,0,2.15
5821,3,5,2024-12-22,2025-01-24,2025-01-26,3799.32,ship,5,0,0.4617,0.2878,1,43.74
5822,26,7,2024-10-29,2024-11-19,2024-11-22,367.64,truck,5,1,0.3491,0.1577,1,61.04
5823,33,1,2023-03-15,2023-03-30,2023-04-02,678.87,truck,1,0,0.4648,0.1674,1,63.28
5824,9,9,2023-05-06,2023-05-25,2023-06-02,630.95,truck,2,1,0.7609,0.1382,1,185.84
5825,44,18,2025-09-28,2025-10-20,2025-10-22,3388.67,ship,4,0,0.4616,0.0719,1,52.15
5826,9,5,2023-04-12,2023-05-01,2023-05-01,449.99,truck,2,1,0.48,0.1382,0,2.62
5827,39,6,2025-01-18,2025-02-08,2025-02-08,1562.58,truck,3,0,0.5675,0.2906,0,2.4
5828,19,4,2023-02-17,2023-03-08,2023-03-08,881.92,truck,1,0,0.4581,0.2562,0,1.52
5829,4,20,2024-02-03,2024-03-06,2024-03-06,744.52,truck,2,1,0.5551,0.2301,0,0.71
5830,12,2,2024-12-02,2025-01-03,2025-01-04,642.36,truck,2,0,0.189,0.2771,1,14.02
5831,50,13,2024-05-19,2024-06-30,2024-06-30,8391.61,ship,3,0,0.5766,0.1476,0,2.2
5832,15,3,2025-10-28,2025-11-25,2025-11-25,1467.89,air,5,1,0.5059,0.1012,0,3.15
5833,34,9,2023-04-11,2023-04-21,2023-04-21,576.54,truck,2,1,0.3718,0.0399,0,1.33
5834,8,6,2024-03-17,2024-04-15,2024-04-18,3522.78,ship,1,1,0.7295,0.1094,1,77.4
5835,4,10,2024-10-15,2024-12-04,2024-12-06,5807.08,ship,2,0,0.506,0.2301,1,43.32
5836,15,11,2025-05-20,2025-06-19,2025-06-19,2835.67,air,5,1,0.4177,0.1012,0,3.27
5837,4,1,2024-04-28,2024-05-30,2024-06-02,598.47,truck,2,1,0.655,0.2301,1,69.56
5838,43,6,2025-04-17,2025-05-16,2025-05-16,1698.72,truck,4,0,0.6239,0.1166,0,2.41
5839,5,14,2025-07-03,2025-08-03,2025-08-06,2588.18,ship,3,2,0.2327,0.2606,1,71.35
5840,34,17,2024-02-29,2024-03-13,2024-03-17,671.83,truck,3,1,0.4249,0.0399,1,99.88
5841,50,2,2023-07-29,2023-08-21,2023-08-21,5747.94,air,5,0,0.0895,0.1476,0,1.38
5842,12,4,2023-12-17,2024-01-19,2024-01-19,955.65,truck,5,0,0.5597,0.2771,0,1.95
5843,16,20,2025-03-30,2025-04-24,2025-04-28,399.33,truck,3,1,0.5112,0.3266,1,104.55
5844,13,20,2025-04-22,2025-05-12,2025-05-14,2461.57,ship,3,0,0.3503,0.1757,1,36.42
5845,7,16,2024-04-28,2024-05-18,2024-05-19,477.36,truck,1,1,0.5678,0.2727,1,18.71
5846,19,7,2025-11-21,2025-12-17,2025-12-17,3270.46,ship,3,1,0.3698,0.2562,0,4.1
5847,2,5,2024-05-14,2024-05-26,2024-05-26,989.72,truck,3,1,0.4554,0.3485,0,2.03
5848,16,14,2025-02-28,2025-03-31,2025-04-02,1940.82,ship,2,1,0.6313,0.3266,1,53.69
5849,9,19,2024-06-11,2024-06-29,2024-06-30,663.58,truck,3,0,0.4358,0.1382,1,24.1
5850,13,18,2025-08-20,2025-09-21,2025-09-22,6290.52,ship,3,2,0.4747,0.1757,1,33.02
5851,26,13,2025-11-04,2025-11-25,2025-11-27,1168.58,truck,2,2,0.6941,0.1577,1,41.7
5852,50,3,2024-06-25,2024-08-27,2024-08-29,15318.21,ship,4,0,0.4555,0.1476,1,41.47
5853,36,5,2023-01-26,2023-02-20,2023-02-20,7615.27,air,3,0,0.6475,0.0168,0,1.54
5854,17,2,2025-03-03,2025-04-11,2025-04-11,365.6,truck,1,1,0.4694,0.1135,0,2.86
5855,39,14,2025-01-22,2025-02-10,2025-02-10,786.54,truck,1,0,0.3286,0.2906,0,2.04
5856,15,10,2025-11-16,2025-12-20,2025-12-20,1813.98,truck,4,0,0.4348,0.1012,0,1.27
5857,4,5,2024-01-08,2024-02-12,2024-02-13,984.72,truck,2,0,0.428,0.2301,1,35.09
5858,13,1,2024-08-12,2024-09-14,2024-09-14,6444.49,ship,1,1,0.6484,0.1757,0,5.04
5859,5,11,2023-12-30,2024-01-27,2024-01-28,511.78,truck,5,0,0.3022,0.2606,1,19.88
5860,9,10,2023-11-02,2023-11-20,2023-11-20,329.37,truck,5,1,0.4396,0.1382,0,1.96
5861,10,11,2024-08-29,2024-09-22,2024-09-22,571.56,truck,1,1,0.5496,0.335,0,2.13
5862,12,16,2025-02-13,2025-05-14,2025-05-17,20000.0,ship,3,0,0.8177,0.2771,1,77.45
5863,19,5,2025-08-07,2025-09-08,2025-09-13,4641.66,ship,2,1,0.4207,0.2562,1,110.77
5864,28,17,2024-08-19,2024-10-28,2024-10-30,18947.09,ship,1,1,0.3072,0.183,1,47.86
5865,23,16,2024-07-18,2024-08-13,2024-08-19,324.14,truck,4,2,0.3954,0.2281,1,140.26
5866,37,10,2023-06-16,2023-07-20,2023-07-20,1927.04,truck,2,1,0.5813,0.1502,0,1.18
5867,46,16,2024-05-14,2024-06-01,2024-06-01,2230.27,air,3,1,0.7877,0.0911,0,1.04
5868,47,11,2025-08-29,2025-09-27,2025-09-27,5969.51,air,3,1,0.5557,0.1768,0,2.38
5869,38,12,2023-06-10,2023-06-23,2023-06-23,1221.43,air,3,2,0.2068,0.1178,0,1.03
5870,18,1,2024-05-03,2024-05-31,2024-06-04,6273.5,ship,1,1,0.7732,0.0465,1,98.71
5871,22,7,2023-02-23,2023-03-15,2023-03-15,2916.19,ship,1,1,0.1706,0.1904,0,2.0
5872,15,8,2023-03-17,2023-04-18,2023-04-18,2915.78,air,4,0,0.406,0.1012,1,10.72
5873,26,8,2025-02-24,2025-03-19,2025-03-19,861.66,truck,1,0,0.6087,0.1577,0,2.48
5874,26,1,2024-07-31,2024-08-19,2024-08-21,305.41,truck,2,1,0.4214,0.1577,1,46.46
5875,18,4,2025-02-23,2025-03-11,2025-03-11,12941.43,air,1,1,0.3817,0.0465,0,1.73
5876,4,15,2024-04-17,2024-05-18,2024-05-19,1200.87,truck,3,1,0.5894,0.2301,1,23.37
5877,5,11,2024-10-11,2024-11-03,2024-11-03,787.74,truck,4,0,0.5376,0.2606,0,1.48
5878,15,13,2025-05-06,2025-06-19,2025-06-23,4950.7,ship,4,0,0.8471,0.1012,1,85.23
5879,3,11,2023-09-29,2023-10-21,2023-10-21,748.17,truck,1,0,0.3954,0.2878,0,2.94
5880,47,18,2024-05-15,2024-06-12,2024-06-12,2534.94,air,2,1,0.8331,0.1768,0,1.45
5881,22,2,2023-02-08,2023-03-08,2023-03-08,5824.0,ship,5,1,0.1723,0.1904,0,2.06
5882,42,8,2023-02-28,2023-03-19,2023-03-19,1548.66,truck,5,0,0.2594,0.2372,1,8.81
5883,36,10,2024-07-03,2024-07-25,2024-07-25,562.85,truck,4,1,0.2782,0.0168,0,1.96
5884,17,20,2024-06-19,2024-08-01,2024-08-01,603.12,truck,5,0,0.4749,0.1135,0,4.37
5885,4,1,2024-10-16,2024-11-18,2024-11-22,473.71,truck,5,1,0.6118,0.2301,1,96.81
5886,28,14,2023-07-07,2023-07-26,2023-07-26,1604.57,truck,3,1,0.2721,0.183,0,2.43
5887,37,6,2024-03-29,2024-04-27,2024-04-27,1571.01,truck,3,0,0.2993,0.1502,0,1.51
5888,34,8,2024-03-31,2024-04-10,2024-04-10,1354.83,truck,2,1,0.3307,0.0399,0,1.47
5889,47,10,2023-06-08,2023-08-07,2023-08-07,12030.94,ship,2,1,0.5656,0.1768,0,3.14
5890,18,13,2025-05-16,2025-06-02,2025-06-02,1858.03,truck,2,0,0.5682,0.0465,0,3.21
5891,39,15,2024-04-25,2024-05-15,2024-05-15,1198.6,air,1,1,0.3966,0.2906,0,1.47
5892,2,18,2023-06-22,2023-07-07,2023-07-09,2271.75,ship,4,1,0.4341,0.3485,1,53.73
5893,41,7,2024-07-13,2024-07-28,2024-07-28,423.37,truck,2,0,0.2949,0.5395,0,2.57
5894,31,10,2023-06-18,2023-07-09,2023-07-11,1455.87,truck,2,1,0.4957,0.2757,1,43.93
5895,26,14,2025-01-04,2025-01-23,2025-01-23,3710.67,air,4,0,0.3261,0.1577,0,3.74
5896,41,1,2024-11-11,2024-12-20,2024-12-23,7929.47,ship,4,0,0.8435,0.5395,1,77.27
5897,43,10,2024-09-02,2024-11-22,2024-11-23,19578.97,ship,4,1,0.4216,0.1166,1,32.99
5898,44,2,2024-04-16,2024-04-29,2024-04-29,412.91,truck,1,0,0.4041,0.0719,0,2.15
5899,37,9,2025-08-09,2025-09-08,2025-09-08,3367.86,air,3,1,0.7861,0.1502,0,2.36
5900,7,16,2023-01-06,2023-01-26,2023-01-26,354.81,truck,1,0,0.7392,0.2727,0,6.09
5901,3,18,2023-04-11,2023-05-23,2023-05-23,6324.11,ship,3,1,0.6464,0.2878,0,3.97
5902,14,10,2024-04-12,2024-05-08,2024-05-09,1299.56,truck,1,1,0.69,0.2082,1,23.39
5903,17,8,2024-11-21,2025-01-20,2025-01-20,6035.75,ship,1,0,0.3626,0.1135,0,2.15
5904,9,19,2025-10-05,2025-11-06,2025-11-06,4044.85,ship,3,0,0.3266,0.1382,0,1.88
5905,49,9,2023-12-05,2023-12-21,2023-12-27,560.72,truck,5,0,0.6028,0.0836,1,139.43
5906,6,12,2024-05-22,2024-06-18,2024-06-18,688.11,truck,3,1,0.2572,0.3463,0,3.1
5907,44,12,2023-09-07,2023-09-19,2023-09-19,731.03,truck,4,1,0.1958,0.0719,1,10.41
5908,1,17,2023-04-30,2023-05-22,2023-05-22,798.73,truck,3,0,0.2666,0.2492,0,1.65
5909,10,20,2023-04-01,2023-04-22,2023-04-26,1139.9,truck,4,1,0.6012,0.335,1,101.73
5910,35,18,2025-01-10,2025-03-04,2025-03-06,9923.73,ship,2,0,0.7425,0.4038,1,49.16
5911,22,12,2023-09-12,2023-09-30,2023-09-30,4141.44,air,5,0,0.107,0.1904,0,3.32
5912,42,10,2024-05-13,2024-05-28,2024-05-30,856.99,truck,5,1,0.5317,0.2372,1,40.83
5913,17,11,2025-03-24,2025-05-06,2025-05-06,3214.35,air,1,0,0.4753,0.1135,0,2.71
5914,17,1,2025-03-31,2025-05-09,2025-05-09,418.12,truck,4,0,0.4576,0.1135,0,3.01
5915,38,6,2025-08-09,2025-09-23,2025-09-23,10807.93,ship,1,1,0.4441,0.1178,0,8.32
5916,46,2,2023-07-29,2023-08-19,2023-08-19,1754.71,air,1,0,0.0895,0.0911,0,3.71
5917,7,16,2025-01-25,2025-02-18,2025-02-19,12901.78,air,1,0,0.8293,0.2727,1,28.72
5918,48,11,2025-10-18,2025-11-07,2025-11-09,1774.6,ship,5,1,0.3288,0.5295,1,40.06
5919,43,15,2025-02-09,2025-03-09,2025-03-13,818.41,truck,5,0,0.4775,0.1166,1,89.53
5920,27,2,2023-01-03,2023-02-05,2023-02-05,4556.79,ship,1,0,0.2397,0.1179,0,1.19
5921,6,1,2023-12-07,2024-01-02,2024-01-03,3526.81,air,1,0,0.507,0.3463,1,32.67
5922,1,16,2025-07-27,2025-09-03,2025-09-19,5145.8,ship,5,1,0.6359,0.2492,1,392.08
5923,6,17,2023-12-24,2024-01-17,2024-01-17,846.18,truck,4,0,0.38,0.3463,0,3.44
5924,9,1,2023-03-08,2023-03-28,2023-03-28,501.04,truck,4,0,0.5218,0.1382,0,1.99
5925,10,18,2025-03-17,2025-04-11,2025-04-17,954.46,truck,5,0,0.7509,0.335,1,144.57
5926,31,10,2023-11-25,2023-12-18,2023-12-18,1034.98,truck,2,0,0.3228,0.2757,0,3.34
5927,20,11,2023-08-23,2023-10-05,2023-10-07,3821.21,ship,4,2,0.5949,0.2853,1,51.95
5928,27,16,2024-01-08,2024-02-09,2024-02-09,4020.63,ship,2,0,0.7689,0.1179,0,2.46
5929,18,18,2023-08-31,2023-09-20,2023-09-21,3968.58,ship,3,1,0.641,0.0465,1,25.11
5930,26,19,2025-07-03,2025-07-23,2025-07-23,545.15,truck,5,1,0.1107,0.1577,0,1.87
5931,21,16,2025-08-21,2025-09-18,2025-09-20,5651.1,ship,4,1,0.6622,0.1211,1,54.2
5932,31,15,2024-12-13,2025-01-19,2025-01-19,6925.1,ship,1,0,0.4553,0.2757,0,2.83
5933,32,17,2024-12-01,2024-12-29,2024-12-29,1874.42,truck,3,0,0.177,0.299,0,1.78
5934,34,16,2023-04-09,2023-04-24,2023-04-24,1903.51,truck,1,1,0.6579,0.0399,0,2.93
5935,19,1,2025-02-22,2025-03-19,2025-03-21,2590.8,ship,5,0,0.4684,0.2562,1,39.07
5936,15,12,2023-01-19,2023-02-26,2023-02-26,3551.8,ship,2,0,0.4249,0.1012,0,3.61
5937,3,14,2023-12-24,2024-01-17,2024-01-17,7410.98,air,5,0,0.2998,0.2878,0,2.43
5938,31,12,2023-05-15,2023-06-03,2023-06-03,5345.47,air,4,2,0.1321,0.2757,0,3.28
5939,46,2,2024-07-23,2024-08-14,2024-08-17,2121.69,truck,4,1,0.3525,0.0911,1,67.0
5940,49,17,2024-09-27,2024-10-16,2024-10-16,1307.79,truck,5,0,0.298,0.0836,0,1.65
5941,49,9,2023-06-25,2023-07-14,2023-07-17,1737.66,truck,2,2,0.826,0.0836,1,69.13
5942,9,13,2023-12-05,2023-12-24,2023-12-24,2332.25,air,3,1,0.3328,0.1382,0,3.45
5943,4,6,2023-09-15,2023-10-17,2023-10-17,1354.17,truck,1,0,0.3535,0.2301,0,2.47
5944,1,14,2025-11-18,2025-12-08,2025-12-10,1179.79,truck,5,0,0.3247,0.2492,1,38.18
5945,6,1,2023-05-29,2023-06-24,2023-06-24,389.55,truck,3,2,0.6978,0.3463,0,2.28
5946,2,16,2025-04-28,2025-05-09,2025-05-10,4387.6,air,5,0,0.5975,0.3485,1,18.25
5947,46,14,2023-10-11,2023-11-20,2023-11-26,7619.99,ship,5,1,0.0447,0.0911,1,152.87
5948,8,17,2023-05-18,2023-06-18,2023-06-18,20000.0,air,3,1,0.2154,0.1094,0,3.1
5949,23,10,2023-07-28,2023-08-20,2023-08-20,596.81,truck,4,1,0.6415,0.2281,0,2.88
5950,49,1,2023-01-22,2023-04-03,2023-04-03,19539.93,ship,4,0,0.5801,0.0836,0,3.64
5951,49,3,2023-08-22,2023-09-29,2023-09-30,7549.4,ship,2,0,0.7605,0.0836,1,26.72
5952,33,15,2024-02-02,2024-02-15,2024-02-15,608.33,truck,3,1,0.5749,0.1674,0,1.75
5953,4,12,2024-10-10,2024-11-09,2024-11-10,304.56,truck,2,0,0.3521,0.2301,1,33.51
5954,10,3,2025-01-11,2025-02-02,2025-02-17,634.78,truck,1,2,0.5939,0.335,1,371.57
5955,16,1,2025-10-16,2025-11-11,2025-11-19,872.53,truck,2,0,0.7946,0.3266,1,193.13
5956,44,3,2024-04-27,2024-05-14,2024-05-14,3098.54,truck,1,1,0.7361,0.0719,1,11.93
5957,48,3,2023-02-17,2023-03-06,2023-03-07,744.07,truck,3,2,0.3814,0.5295,1,20.88
5958,1,8,2023-01-27,2023-03-07,2023-03-11,5447.35,ship,5,0,0.4155,0.2492,1,95.89
5959,37,8,2025-06-15,2025-07-16,2025-07-16,1764.3,truck,1,2,0.2291,0.1502,0,3.02
5960,11,13,2023-08-13,2023-08-25,2023-08-25,442.36,truck,3,0,0.3961,0.163,0,2.15
5961,25,5,2023-06-01,2023-06-26,2023-06-30,849.56,truck,2,2,0.445,0.3294,1,103.15
5962,11,15,2023-10-29,2023-11-16,2023-11-16,1603.42,truck,4,0,0.5559,0.163,0,2.39
5963,37,9,2024-03-31,2024-05-05,2024-05-05,1002.51,truck,2,1,0.476,0.1502,0,1.53
5964,14,20,2025-03-17,2025-04-11,2025-04-11,502.98,truck,3,0,0.5129,0.2082,0,0.96
5965,50,11,2024-06-11,2024-08-02,2024-08-02,12343.99,ship,3,1,0.3943,0.1476,0,0.84
5966,41,16,2023-06-16,2023-07-28,2023-07-31,9053.22,ship,3,1,0.57,0.5395,1,69.54
5967,3,8,2023-07-28,2023-09-07,2023-09-07,6489.52,ship,1,0,0.4969,0.2878,0,1.44
5968,26,7,2023-11-22,2023-12-12,2023-12-14,595.77,truck,5,2,0.2383,0.1577,1,56.43
5969,17,1,2024-06-03,2024-08-27,2024-08-29,14293.13,ship,1,1,0.7113,0.1135,1,56.75
5970,30,16,2024-08-08,2024-08-27,2024-08-30,946.48,truck,5,2,0.6397,0.3611,1,68.25
5971,29,15,2025-07-21,2025-09-04,2025-09-05,8417.57,ship,5,2,0.6496,0.223,1,33.1
5972,34,14,2024-09-10,2024-10-25,2024-10-29,13077.55,ship,4,2,0.3584,0.0399,1,87.35
5973,33,4,2025-07-12,2025-08-30,2025-08-31,13092.71,ship,3,1,0.6142,0.1674,1,29.38
5974,40,18,2023-04-20,2023-05-10,2023-05-12,1128.82,truck,3,1,0.6534,0.1206,1,44.34
5975,35,7,2023-11-28,2023-12-26,2023-12-26,2404.9,truck,1,1,0.2198,0.4038,0,2.17
5976,20,12,2023-02-09,2023-05-05,2023-05-07,20000.0,ship,3,0,0.2517,0.2853,1,54.13
5977,16,2,2024-02-24,2024-03-27,2024-03-28,2123.87,ship,3,1,0.3172,0.3266,1,16.36
5978,8,6,2025-02-04,2025-02-26,2025-02-26,395.32,truck,5,0,0.3504,0.1094,0,2.91
5979,29,11,2025-09-24,2025-10-23,2025-10-24,20000.0,air,2,0,0.6953,0.223,1,21.74
5980,34,1,2024-02-24,2024-03-04,2024-03-04,3981.53,air,1,0,0.6241,0.0399,0,2.41
5981,5,18,2024-03-05,2024-04-07,2024-04-13,2127.36,truck,5,1,0.3843,0.2606,1,137.21
5982,36,12,2023-01-04,2023-02-16,2023-02-16,8105.39,ship,1,0,0.5155,0.0168,0,4.74
5983,10,18,2024-01-06,2024-02-22,2024-02-22,9330.41,ship,1,0,0.6265,0.335,0,1.04
5984,41,9,2025-07-10,2025-07-31,2025-08-02,1568.48,ship,4,1,0.6341,0.5395,1,50.44
5985,36,10,2025-03-26,2025-04-18,2025-04-18,602.47,truck,1,0,0.3459,0.0168,0,1.32
5986,5,14,2023-01-27,2023-03-16,2023-03-16,8475.99,ship,1,0,0.3472,0.2606,0,1.02
5987,40,18,2024-03-09,2024-04-01,2024-04-02,5222.81,air,1,0,0.5722,0.1206,1,16.19
5988,39,3,2024-01-16,2024-02-05,2024-02-06,458.2,truck,3,1,0.5785,0.2906,1,33.51
5989,19,11,2025-08-13,2025-09-05,2025-09-05,9982.99,air,4,1,0.3369,0.2562,0,2.28
5990,26,5,2025-09-17,2025-10-16,2025-10-18,2067.03,ship,1,1,0.4547,0.1577,1,42.18
5991,3,11,2024-08-08,2024-09-04,2024-09-08,419.36,truck,4,1,0.3302,0.2878,1,99.06
5992,12,5,2023-12-30,2024-02-03,2024-02-03,5643.35,air,2,0,0.3516,0.2771,0,3.76
5993,37,17,2025-09-14,2025-11-17,2025-11-20,12111.81,ship,4,1,0.3171,0.1502,1,80.95
5994,10,4,2024-11-16,2024-12-08,2024-12-08,573.82,truck,1,0,0.6679,0.335,0,2.13
5995,16,6,2024-10-22,2024-11-19,2024-11-22,751.01,truck,3,0,0.8254,0.3266,1,66.03
5996,22,16,2025-11-24,2025-12-13,2025-12-13,10027.39,air,4,0,0.6029,0.1904,0,2.12
5997,50,1,2024-04-11,2024-04-30,2024-04-30,1642.15,air,1,0,0.5286,0.1476,0,6.5
5998,11,8,2023-04-27,2023-05-16,2023-05-18,2514.06,truck,3,1,0.4964,0.163,1,51.48
5999,45,2,2025-06-06,2025-06-25,2025-06-28,1379.38,truck,3,1,0.3981,0.1051,1,77.15
6000,34,3,2024-02-25,2024-03-08,2024-03-09,1268.7,truck,1,1,0.3576,0.0399,1,16.34
6001,6,18,2023-08-18,2023-09-14,2023-09-17,569.8,truck,4,2,0.7576,0.3463,1,81.26
6002,23,2,2024-01-31,2024-02-28,2024-03-01,1725.72,ship,1,1,0.3397,0.2281,1,37.56
6003,25,3,2025-01-07,2025-01-30,2025-02-01,1576.75,truck,1,2,0.6662,0.3294,1,47.05
6004,19,14,2023-04-12,2023-05-01,2023-05-01,1747.65,truck,3,1,0.4488,0.2562,0,3.42
6005,1,11,2023-11-23,2023-12-14,2023-12-14,363.71,truck,2,0,0.3937,0.2492,0,1.24
6006,1,7,2023-12-28,2024-01-20,2024-01-23,489.19,truck,2,2,0.42,0.2492,1,63.76
6007,14,3,2025-10-28,2025-11-24,2025-11-28,1087.56,truck,4,1,0.5059,0.2082,1,90.86
6008,23,15,2024-01-31,2024-03-15,2024-03-18,7434.04,ship,3,1,0.6383,0.2281,1,61.22
6009,27,8,2023-07-05,2023-07-27,2023-07-27,1713.34,truck,4,1,0.5814,0.1179,0,1.67
6010,38,8,2025-10-24,2025-11-13,2025-11-15,1549.4,truck,2,1,0.5209,0.1178,1,49.39
6011,39,1,2024-06-15,2024-07-04,2024-07-06,1095.79,air,4,1,0.9137,0.2906,1,53.24
6012,44,12,2023-04-04,2023-04-18,2023-04-18,1586.26,air,5,0,0.297,0.0719,0,1.0
6013,17,19,2024-09-25,2024-11-06,2024-11-06,1142.89,truck,1,1,0.4687,0.1135,0,2.38
6014,24,18,2025-07-04,2025-08-08,2025-08-14,4242.1,ship,3,2,0.5355,0.0437,1,137.69
6015,34,15,2025-09-01,2025-09-10,2025-09-11,2038.07,truck,4,1,0.4632,0.0399,1,25.74
6016,18,14,2024-03-28,2024-04-10,2024-04-10,6184.4,air,1,0,0.3235,0.0465,0,3.11
6017,21,9,2025-04-13,2025-06-19,2025-06-27,20000.0,ship,4,0,0.6921,0.1211,1,194.92
6018,28,7,2023-01-07,2023-02-15,2023-02-19,8756.47,ship,5,1,0.2786,0.183,1,90.62
6019,33,12,2025-03-29,2025-05-21,2025-05-24,13655.92,ship,5,1,0.3138,0.1674,1,68.81
6020,18,17,2024-01-05,2024-02-01,2024-02-01,6511.29,ship,2,0,0.4716,0.0465,0,4.49
6021,26,6,2024-12-18,2025-01-13,2025-01-15,2819.37,truck,4,0,0.4269,0.1577,1,59.52
6022,19,5,2023-07-07,2023-07-26,2023-07-28,1395.78,truck,1,1,0.81,0.2562,1,52.19
6023,44,4,2024-09-18,2024-10-01,2024-10-01,619.52,truck,4,1,0.265,0.0719,0,4.5
6024,2,10,2024-01-24,2024-02-05,2024-02-05,761.1,truck,5,0,0.3836,0.3485,0,2.06
6025,44,9,2023-05-04,2023-05-21,2023-05-21,795.81,truck,3,1,0.6625,0.0719,0,2.06
6026,34,16,2025-04-07,2025-04-18,2025-04-18,1991.43,truck,2,0,0.4588,0.0399,0,1.94
6027,9,4,2025-05-28,2025-06-19,2025-06-20,575.52,truck,3,2,0.5313,0.1382,1,22.38
6028,30,18,2025-08-04,2025-08-27,2025-08-30,2046.41,ship,5,2,0.609,0.3611,1,66.89
6029,23,7,2023-11-25,2023-12-19,2023-12-19,716.05,truck,2,2,0.1981,0.2281,0,1.27
6030,36,12,2023-06-09,2023-07-02,2023-07-02,1070.12,truck,5,2,0.1955,0.0168,0,1.67
6031,44,5,2023-11-02,2023-11-30,2023-11-30,5945.93,ship,3,0,0.5354,0.0719,0,2.09
6032,22,1,2025-06-08,2025-06-26,2025-06-26,496.45,truck,4,1,0.564,0.1904,0,2.38
6033,35,1,2025-05-15,2025-06-13,2025-06-13,2008.47,truck,2,0,0.7871,0.4038,0,1.69
6034,2,4,2024-11-29,2024-12-09,2024-12-09,409.7,truck,4,0,0.6143,0.3485,0,3.02
6035,15,10,2023-12-08,2024-01-12,2024-01-23,1869.25,ship,5,1,0.766,0.1012,1,263.78
6036,22,11,2023-01-09,2023-01-23,2023-01-23,1381.44,air,4,0,0.3019,0.1904,0,3.08
6037,24,1,2023-09-18,2023-10-08,2023-10-08,716.7,truck,2,1,0.6597,0.0437,0,1.23
6038,16,8,2024-05-10,2024-06-04,2024-06-06,750.82,truck,4,1,0.5425,0.3266,1,56.55
6039,18,8,2025-01-01,2025-01-12,2025-01-12,1482.1,truck,3,0,0.1665,0.0465,0,2.84
6040,8,9,2025-04-28,2025-05-20,2025-05-20,338.96,truck,5,0,0.7846,0.1094,0,1.67
6041,6,6,2023-11-01,2023-11-28,2023-11-28,1394.65,truck,1,0,0.2139,0.3463,0,1.91
6042,36,7,2024-11-16,2024-12-07,2024-12-07,1139.45,truck,1,1,0.2366,0.0168,0,2.44
6043,29,1,2025-08-27,2025-09-18,2025-09-18,351.39,truck,1,1,0.7391,0.223,0,1.59
6044,45,3,2023-03-30,2023-04-14,2023-04-20,382.3,truck,3,1,0.2839,0.1051,1,143.6
6045,48,6,2024-02-29,2024-03-18,2024-03-20,472.34,truck,2,0,0.4271,0.5295,1,41.12
6046,42,2,2025-01-15,2025-02-05,2025-02-05,2304.56,ship,2,0,0.1838,0.2372,0,1.22
6047,16,8,2024-06-01,2024-07-02,2024-07-02,2112.28,truck,1,0,0.4048,0.3266,0,2.74
6048,47,8,2023-09-06,2023-09-30,2023-09-30,3260.7,air,3,1,0.3604,0.1768,0,2.54
6049,41,1,2023-05-02,2023-05-22,2023-05-22,7963.25,air,4,1,0.6541,0.5395,0,1.98
6050,26,3,2025-08-16,2025-09-08,2025-09-08,4050.18,air,1,0,0.5928,0.1577,0,2.13
6051,44,20,2023-04-15,2023-05-26,2023-05-28,9766.33,ship,2,1,0.713,0.0719,1,57.0
6052,12,12,2025-05-30,2025-07-01,2025-07-03,1636.52,truck,4,1,0.1097,0.2771,1,39.85
6053,45,3,2023-11-24,2023-12-12,2023-12-12,5652.05,air,5,1,0.4287,0.1051,0,3.48
6054,44,7,2023-08-19,2023-09-01,2023-09-01,583.49,truck,4,1,0.156,0.0719,0,2.42
6055,1,12,2025-04-29,2025-06-01,2025-06-01,4201.51,truck,4,0,0.2561,0.2492,0,2.61
6056,2,20,2025-10-14,2025-10-26,2025-10-26,314.5,truck,1,1,0.4046,0.3485,0,1.34
6057,41,16,2023-02-12,2023-03-03,2023-03-09,787.09,truck,3,0,0.7002,0.5395,1,154.24
6058,13,20,2025-03-11,2025-04-13,2025-04-13,6818.06,ship,2,0,0.5578,0.1757,0,2.81
6059,30,12,2025-07-30,2025-08-20,2025-08-20,4491.02,air,3,1,0.5221,0.3611,0,1.48
6060,45,6,2024-10-25,2024-11-10,2024-11-10,1676.57,ship,2,0,0.7653,0.1051,1,10.61
6061,25,19,2023-04-19,2023-05-16,2023-05-17,1146.8,truck,1,0,0.3228,0.3294,1,32.6
6062,33,11,2025-05-20,2025-06-01,2025-06-02,401.88,truck,2,1,0.4177,0.1674,1,13.68
6063,4,11,2025-08-17,2025-09-18,2025-09-19,470.27,truck,3,1,0.4821,0.2301,1,24.72
6064,43,2,2023-02-17,2023-03-18,2023-03-18,2278.95,truck,1,0,0.11,0.1166,0,3.02
6065,22,10,2023-11-06,2023-11-22,2023-11-22,849.13,truck,2,0,0.626,0.1904,0,1.68
6066,38,6,2023-03-24,2023-04-13,2023-04-13,2229.76,ship,4,0,0.6979,0.1178,0,3.64
6067,28,13,2025-06-01,2025-06-17,2025-06-18,657.7,truck,4,0,0.5139,0.183,1,18.75
6068,42,1,2025-02-05,2025-02-26,2025-02-26,2110.77,ship,2,0,0.8209,0.2372,0,2.02
6069,47,19,2023-07-20,2023-08-21,2023-08-21,2365.52,ship,4,0,0.1928,0.1768,0,1.63
6070,17,3,2023-05-10,2023-06-17,2023-06-17,497.76,truck,2,0,0.544,0.1135,0,3.12
6071,21,16,2025-03-01,2025-04-04,2025-04-08,7604.74,ship,4,1,0.5981,0.1211,1,92.89
6072,40,2,2025-01-01,2025-01-25,2025-01-25,2362.01,air,1,1,0.47,0.1206,0,1.06
6073,45,10,2023-04-23,2023-05-12,2023-05-12,11122.12,air,5,1,0.2736,0.1051,0,1.45
6074,2,5,2024-05-28,2024-06-11,2024-06-11,1174.53,truck,1,0,0.6418,0.3485,0,1.96
6075,12,1,2024-01-06,2024-02-27,2024-03-02,5970.46,ship,2,0,0.7451,0.2771,1,95.8
6076,13,17,2023-06-23,2023-07-10,2023-07-10,919.75,truck,3,1,0.2726,0.1757,0,2.51
6077,24,3,2024-01-28,2024-02-17,2024-02-17,515.4,truck,1,2,0.4,0.0437,0,1.17
6078,47,18,2023-01-11,2023-02-09,2023-02-09,2771.49,air,1,0,0.4653,0.1768,0,1.97
6079,43,10,2024-09-22,2024-10-17,2024-10-17,981.35,truck,1,1,0.5329,0.1166,0,1.78
6080,37,17,2023-11-19,2023-12-20,2023-12-20,716.81,truck,2,0,0.3167,0.1502,0,3.68
6081,25,13,2023-01-04,2023-01-26,2023-01-28,512.57,truck,2,2,0.6411,0.3294,1,38.29
6082,10,12,2023-03-26,2023-04-18,2023-04-18,4950.1,air,4,0,0.2089,0.335,0,2.07
6083,28,3,2025-02-04,2025-02-21,2025-02-22,788.72,truck,3,1,0.7013,0.183,1,25.13
6084,33,1,2024-04-13,2024-04-30,2024-04-30,1681.37,ship,2,1,0.601,0.1674,0,1.82
6085,38,6,2024-07-17,2024-08-29,2024-09-08,9465.87,ship,4,1,0.5123,0.1178,1,238.3
6086,21,1,2024-08-12,2024-08-26,2024-08-26,3024.67,air,5,1,0.6484,0.1211,0,2.09
6087,43,6,2024-10-22,2024-11-22,2024-11-24,3034.22,truck,2,0,0.8254,0.1166,1,41.25
6088,46,11,2025-08-23,2025-09-11,2025-09-11,2548.64,air,3,0,0.4797,0.0911,0,2.45
6089,24,6,2023-03-08,2023-04-03,2023-04-03,2236.15,truck,2,0,0.4298,0.0437,0,2.64
6090,28,1,2025-11-05,2025-11-27,2025-11-29,1847.62,ship,1,0,0.4332,0.183,1,40.98
6091,30,9,2024-08-23,2024-09-14,2024-09-14,2216.31,truck,5,0,0.8519,0.3611,0,1.64
6092,1,3,2023-06-07,2023-08-10,2023-08-15,14688.26,ship,3,0,0.4891,0.2492,1,119.76
6093,11,17,2025-05-20,2025-07-02,2025-07-02,9869.75,ship,1,1,0.3886,0.163,0,2.26
6094,41,2,2023-01-27,2023-02-14,2023-02-14,680.24,truck,3,0,0.2057,0.5395,0,3.26
6095,15,6,2025-08-13,2025-09-12,2025-09-19,635.47,truck,5,1,0.5875,0.1012,1,157.01
6096,45,10,2023-05-16,2023-06-01,2023-06-01,630.75,truck,2,1,0.6588,0.1051,0,3.76
6097,12,6,2024-05-15,2024-06-23,2024-06-23,18200.86,air,3,0,0.4152,0.2771,0,3.39
6098,28,18,2025-10-26,2025-11-12,2025-11-13,789.86,truck,1,0,0.6903,0.183,1,14.66
6099,5,4,2025-10-03,2025-11-04,2025-11-05,2788.43,truck,1,1,0.3588,0.2606,1,26.44
6100,47,18,2023-09-24,2023-10-27,2023-10-27,3232.01,ship,5,0,0.5621,0.1768,0,3.57
6101,15,8,2025-03-12,2025-04-16,2025-04-16,3745.2,truck,2,0,0.3796,0.1012,0,1.24
6102,15,16,2024-02-20,2024-04-26,2024-04-26,12198.01,ship,2,0,0.4524,0.1012,0,3.26
6103,44,2,2024-04-19,2024-05-15,2024-05-20,4344.71,ship,1,2,0.5403,0.0719,1,114.28
6104,39,10,2023-08-08,2023-08-26,2023-08-29,463.44,truck,4,1,0.762,0.2906,1,61.76
6105,2,9,2025-01-18,2025-01-28,2025-01-30,789.2,truck,2,0,0.7467,0.3485,1,37.68
6106,42,11,2024-07-20,2024-08-04,2024-08-05,872.32,truck,2,1,0.047,0.2372,1,15.44
6107,1,5,2023-06-12,2023-07-04,2023-07-06,502.78,truck,1,2,0.6524,0.2492,1,36.5
6108,37,12,2023-10-25,2023-11-26,2023-11-26,1318.7,truck,3,0,0.2284,0.1502,0,3.02
6109,20,5,2023-05-02,2023-05-30,2023-05-30,594.53,truck,2,1,0.4446,0.2853,0,4.14
6110,3,16,2025-05-27,2025-06-26,2025-06-29,3315.32,truck,5,1,0.6028,0.2878,1,60.9
6111,5,1,2024-12-03,2025-01-27,2025-01-27,9929.46,ship,1,0,0.6632,0.2606,0,2.99
6112,23,19,2024-05-26,2024-06-20,2024-06-20,4470.21,air,4,0,0.2226,0.2281,0,3.01
6113,48,1,2023-08-29,2023-09-17,2023-09-23,1133.98,truck,5,1,0.5417,0.5295,1,134.12
6114,32,13,2024-05-06,2024-07-02,2024-07-02,10553.83,ship,2,0,0.4236,0.299,0,1.92
6115,45,20,2023-01-31,2023-02-15,2023-02-16,1765.13,truck,3,1,0.7253,0.1051,1,29.75
6116,49,5,2023-05-25,2023-06-10,2023-06-12,620.35,truck,3,1,0.45,0.0836,1,43.99
6117,9,18,2024-01-17,2024-02-04,2024-02-04,1035.6,air,2,0,0.6357,0.1382,0,1.83
6118,42,9,2025-03-28,2025-04-13,2025-04-15,369.66,truck,5,1,0.5297,0.2372,1,58.25
6119,14,7,2025-08-07,2025-09-02,2025-09-08,848.27,truck,5,0,0.1412,0.2082,1,139.81
6120,45,2,2025-08-12,2025-09-20,2025-09-23,9291.71,ship,3,1,0.2217,0.1051,1,72.59
6121,1,10,2025-11-11,2025-12-05,2025-12-05,995.33,truck,3,0,0.3037,0.2492,0,2.98
6122,42,19,2023-05-24,2023-06-08,2023-06-08,366.82,truck,3,0,0.0612,0.2372,0,2.53
6123,37,19,2023-08-15,2023-09-18,2023-09-23,1820.36,ship,5,0,0.4989,0.1502,1,114.49
6124,21,15,2025-05-04,2025-05-19,2025-05-19,1953.2,air,1,1,0.6429,0.1211,0,2.84
6125,17,7,2025-08-07,2025-09-25,2025-09-26,3602.13,ship,4,0,0.1412,0.1135,1,26.39
6126,37,17,2023-07-05,2023-08-03,2023-08-03,627.06,truck,5,1,0.3058,0.1502,0,1.75
6127,4,18,2025-10-08,2025-11-09,2025-11-11,3307.46,air,4,1,0.6494,0.2301,1,46.22
6128,41,18,2024-07-16,2024-08-02,2024-08-02,2543.79,air,1,1,0.3865,0.5395,0,1.63
6129,9,8,2024-03-25,2024-06-07,2024-06-07,20000.0,ship,2,1,0.4232,0.1382,0,3.11
6130,37,8,2024-11-03,2024-12-06,2024-12-06,622.72,truck,3,0,0.4696,0.1502,0,2.9
6131,38,5,2024-04-30,2024-05-17,2024-05-18,423.03,truck,2,0,0.8372,0.1178,1,35.96
6132,18,9,2024-10-23,2024-11-22,2024-11-27,6236.68,ship,3,1,0.705,0.0465,1,115.52
6133,45,10,2024-06-25,2024-08-07,2024-08-07,10723.98,ship,1,1,0.5552,0.1051,0,2.7
6134,22,9,2023-06-14,2023-07-15,2023-07-19,6048.21,ship,1,1,0.7998,0.1904,1,85.01
6135,39,6,2024-11-22,2024-12-09,2024-12-09,636.8,truck,4,0,0.3218,0.2906,0,3.17
6136,8,6,2024-10-25,2024-11-16,2024-11-16,2075.98,air,2,0,0.7653,0.1094,0,2.02
6137,39,1,2024-04-14,2024-05-05,2024-05-08,7948.58,air,1,0,0.5801,0.2906,1,69.19
6138,8,19,2025-02-12,2025-03-10,2025-03-12,1431.74,truck,3,1,0.1556,0.1094,1,37.59
6139,14,2,2023-06-02,2023-06-28,2023-06-29,1034.08,truck,2,1,0.0,0.2082,1,16.82
6140,15,10,2025-05-11,2025-06-13,2025-06-13,5312.27,air,4,1,0.3823,0.1012,0,2.16
6141,13,2,2025-09-30,2025-10-20,2025-10-21,2233.63,truck,4,0,0.2529,0.1757,1,23.84
6142,45,14,2024-12-22,2025-01-08,2025-01-08,1871.79,truck,3,0,0.314,0.1051,0,2.99
6143,9,3,2023-09-02,2023-09-23,2023-09-23,683.44,truck,2,1,0.5123,0.1382,0,1.86
6144,7,17,2023-05-16,2023-06-09,2023-06-12,1705.34,truck,2,0,0.1509,0.2727,1,77.43
6145,27,17,2025-07-02,2025-07-26,2025-07-26,2314.98,truck,4,1,0.522,0.1179,0,2.65
6146,12,11,2023-07-10,2023-08-12,2023-08-12,571.96,truck,2,2,0.5176,0.2771,0,1.31
6147,10,13,2023-06-11,2023-08-07,2023-08-08,11656.95,ship,1,0,0.4532,0.335,1,29.76
6148,49,9,2023-06-28,2023-08-04,2023-08-17,8740.79,ship,4,1,0.7439,0.0836,1,303.88
6149,49,1,2023-05-31,2023-06-14,2023-06-14,656.23,truck,4,1,0.6601,0.0836,0,1.33
6150,31,9,2025-11-17,2025-12-05,2025-12-07,340.52,truck,5,1,0.7362,0.2757,1,40.25
6151,6,17,2025-09-15,2025-10-13,2025-10-17,1327.97,truck,1,2,0.2873,0.3463,1,90.03
6152,36,2,2024-02-06,2024-03-01,2024-03-01,3193.67,truck,1,0,0.5266,0.0168,1,10.92
6153,19,19,2025-08-09,2025-08-31,2025-08-31,6487.1,air,5,0,0.2937,0.2562,0,3.2
6154,5,16,2025-03-30,2025-04-27,2025-04-27,1097.74,truck,5,0,0.4067,0.2606,0,0.54
6155,35,18,2025-04-06,2025-05-04,2025-05-05,522.29,truck,1,0,0.7642,0.4038,1,30.67
6156,31,19,2024-08-19,2024-09-16,2024-09-16,3842.63,ship,3,0,0.2388,0.2757,0,1.84
6157,23,18,2025-06-02,2025-07-02,2025-07-03,3028.68,ship,2,2,0.6216,0.2281,1,22.48
6158,20,3,2023-11-29,2024-01-31,2024-01-31,11793.83,ship,5,1,0.4719,0.2853,0,1.87
6159,13,6,2023-11-25,2023-12-24,2023-12-27,5459.7,ship,4,0,0.5422,0.1757,1,60.53
6160,8,12,2023-01-09,2023-02-01,2023-02-03,4620.2,air,4,0,0.457,0.1094,1,45.25
6161,20,11,2024-12-25,2025-01-24,2025-01-24,1122.06,truck,4,0,0.3833,0.2853,0,1.14
6162,20,7,2025-08-25,2025-09-24,2025-09-24,1132.16,air,4,1,0.1607,0.2853,0,3.47
6163,9,2,2025-02-24,2025-03-16,2025-03-16,388.48,truck,5,0,0.5044,0.1382,1,10.93
6164,29,17,2025-04-18,2025-05-11,2025-05-11,5974.07,air,1,0,0.3436,0.223,0,4.15
6165,24,18,2023-07-20,2023-08-09,2023-08-12,598.51,truck,5,1,0.5199,0.0437,1,69.86
6166,36,12,2025-09-20,2025-10-17,2025-10-17,3250.27,truck,5,0,0.1704,0.0168,0,1.54
6167,9,13,2023-04-15,2023-06-28,2023-06-28,20000.0,ship,2,0,0.662,0.1382,0,1.59
6168,4,15,2024-05-08,2024-06-09,2024-06-09,1670.34,air,2,1,0.3799,0.2301,0,2.94
6169,41,12,2023-10-21,2023-11-10,2023-11-10,8304.28,air,2,0,0.216,0.5395,0,2.53
6170,17,17,2024-10-17,2024-12-05,2024-12-06,4068.97,ship,5,0,0.394,0.1135,1,19.19
6171,7,19,2024-11-01,2024-11-25,2024-11-29,1410.15,truck,4,0,0.5042,0.2727,1,93.2
6172,45,8,2025-04-11,2025-04-26,2025-04-30,2062.61,truck,4,1,0.2943,0.1051,1,92.12
6173,24,2,2025-07-23,2025-08-14,2025-08-14,712.2,truck,3,2,0.3994,0.0437,0,1.56
6174,49,7,2025-05-01,2025-06-30,2025-07-02,15418.6,ship,3,1,0.3638,0.0836,1,42.89
6175,17,18,2023-09-05,2023-10-28,2023-10-30,4156.54,ship,4,1,0.5665,0.1135,1,46.16
6176,39,14,2024-07-09,2024-08-24,2024-08-29,10119.84,ship,2,2,0.4855,0.2906,1,123.69
6177,9,7,2024-07-26,2024-08-13,2024-08-13,364.66,truck,1,0,0.2356,0.1382,0,2.92
6178,30,7,2023-03-18,2023-04-13,2023-04-18,2800.22,ship,2,2,0.2208,0.3611,1,124.43
6179,4,4,2024-10-19,2024-11-24,2024-11-24,10054.35,air,3,0,0.5463,0.2301,0,3.7
6180,13,14,2023-06-24,2023-07-14,2023-07-14,1936.83,truck,2,1,0.3126,0.1757,0,2.03
6181,29,9,2023-06-22,2023-07-23,2023-07-27,5049.06,truck,2,1,0.7592,0.223,1,87.4
6182,45,13,2025-09-01,2025-09-15,2025-09-15,429.92,truck,3,1,0.2565,0.1051,0,3.76
6183,50,19,2023-10-30,2023-11-16,2023-11-18,508.22,truck,4,2,0.2458,0.1476,1,54.69
6184,47,20,2023-03-25,2023-04-23,2023-04-23,3460.11,air,3,0,0.6182,0.1768,0,3.17
6185,29,8,2025-11-08,2025-12-10,2025-12-10,20000.0,air,1,0,0.4526,0.223,0,1.97
6186,50,8,2023-01-11,2023-02-03,2023-02-03,2057.03,truck,2,0,0.3626,0.1476,0,1.99
6187,15,17,2025-07-23,2025-08-25,2025-08-27,930.99,truck,5,2,0.2313,0.1012,1,54.99
6188,34,14,2025-03-09,2025-03-31,2025-03-31,5284.0,ship,4,0,0.5031,0.0399,0,2.87
6189,20,14,2023-12-07,2024-01-11,2024-01-14,1479.66,truck,2,1,0.3949,0.2853,1,64.46
6190,42,11,2023-01-02,2023-02-07,2023-02-10,7345.08,ship,1,0,0.5203,0.2372,1,60.57
6191,47,19,2025-02-12,2025-03-28,2025-03-28,5875.66,ship,1,1,0.1556,0.1768,0,4.15
6192,49,7,2023-07-20,2023-08-08,2023-08-08,10990.2,air,2,1,0.0476,0.0836,0,2.11
6193,43,8,2025-11-05,2025-12-03,2025-12-05,1288.48,truck,5,0,0.4612,0.1166,1,57.18
6194,33,15,2023-08-15,2023-09-03,2023-09-03,1704.2,truck,4,1,0.5146,0.1674,0,3.5
6195,19,19,2023-03-25,2023-04-11,2023-04-11,410.6,truck,5,0,0.2973,0.2562,0,2.19
6196,31,14,2025-01-15,2025-02-06,2025-02-08,1405.2,truck,3,0,0.304,0.2757,1,43.96
6197,36,3,2024-11-11,2024-12-04,2024-12-05,7307.37,air,2,2,0.6048,0.0168,1,18.6
6198,33,6,2023-02-24,2023-03-20,2023-03-20,3989.86,ship,5,0,0.6546,0.1674,0,5.14
6199,17,9,2024-09-09,2024-10-19,2024-10-19,1051.17,truck,5,0,0.6965,0.1135,0,1.9
6200,28,19,2023-05-16,2023-06-04,2023-06-04,3876.02,air,2,0,0.1386,0.183,0,1.47
6201,49,14,2024-09-30,2024-10-22,2024-10-22,2190.74,ship,1,0,0.3368,0.0836,0,1.94
6202,11,11,2023-07-18,2023-07-31,2023-08-03,423.56,truck,4,2,0.4422,0.163,1,73.38
6203,11,17,2025-11-26,2026-01-01,2026-01-05,7201.0,ship,3,0,0.3269,0.163,1,99.28
6204,23,10,2024-11-10,2024-12-05,2024-12-05,404.34,truck,2,0,0.4954,0.2281,0,1.66
6205,21,11,2023-12-12,2023-12-26,2023-12-27,387.68,truck,4,0,0.5926,0.1211,1,33.19
6206,35,15,2023-08-27,2023-09-20,2023-09-22,370.18,truck,2,1,0.494,0.4038,1,37.21
6207,35,1,2024-04-16,2024-05-24,2024-06-05,5388.84,ship,4,1,0.7452,0.4038,1,293.69
6208,37,18,2025-06-24,2025-07-31,2025-08-02,3160.89,truck,4,1,0.5227,0.1502,1,58.74
6209,1,13,2023-09-13,2023-10-07,2023-10-09,3183.44,air,1,1,0.6467,0.2492,1,45.93
6210,23,11,2024-02-17,2024-03-21,2024-03-21,20000.0,air,1,0,0.2729,0.2281,0,1.7
6211,18,13,2024-10-22,2024-11-08,2024-11-08,2281.93,ship,2,1,0.5481,0.0465,0,1.72
6212,48,7,2024-05-27,2024-06-13,2024-06-13,717.12,truck,2,0,0.1272,0.5295,0,1.85
6213,21,16,2023-12-11,2024-01-15,2024-01-15,8101.22,ship,1,0,0.6276,0.1211,0,2.25
6214,2,17,2024-02-05,2024-02-17,2024-02-18,2358.06,air,4,0,0.0422,0.3485,1,35.01
6215,16,8,2025-01-08,2025-02-05,2025-02-06,1958.94,ship,4,0,0.3892,0.3266,1,32.87
6216,38,5,2024-03-04,2024-03-21,2024-03-21,784.2,truck,3,1,0.6151,0.1178,0,3.51
6217,14,2,2023-10-26,2023-11-22,2023-11-22,1932.51,truck,2,1,0.1799,0.2082,0,1.46
6218,50,6,2024-04-28,2024-06-08,2024-06-10,8027.15,ship,4,1,0.3823,0.1476,1,57.8
6219,25,16,2023-09-10,2023-10-04,2023-10-04,642.74,truck,5,0,0.5636,0.3294,0,7.21
6220,45,4,2023-10-28,2023-11-13,2023-11-17,936.07,truck,3,1,0.6149,0.1051,1,104.29
6221,26,17,2025-09-08,2025-10-03,2025-10-03,2157.44,truck,1,1,0.3122,0.1577,0,3.6
6222,4,12,2024-06-14,2024-08-18,2024-08-20,11619.68,ship,1,1,0.3304,0.2301,1,46.23
6223,8,12,2025-05-17,2025-06-09,2025-06-20,9289.13,air,4,1,0.2975,0.1094,1,271.91
6224,43,10,2024-02-22,2024-03-23,2024-03-25,454.66,truck,1,0,0.3645,0.1166,1,43.75
6225,14,20,2025-09-19,2025-10-16,2025-10-16,8102.07,air,3,0,0.7697,0.2082,0,4.4
6226,45,4,2023-08-19,2023-09-10,2023-09-13,1969.18,ship,5,2,0.43,0.1051,1,79.12
6227,32,2,2025-11-26,2025-12-27,2025-12-30,1863.19,truck,2,1,0.4439,0.299,1,68.17
6228,10,8,2025-07-28,2025-09-25,2025-09-26,14001.64,ship,1,1,0.6298,0.335,1,16.75
6229,5,13,2024-05-30,2024-06-27,2024-07-04,829.8,truck,3,0,0.465,0.2606,1,167.49
6230,28,13,2023-05-05,2023-05-24,2023-05-24,1701.17,truck,1,1,0.5986,0.183,0,2.29
6231,26,20,2023-05-08,2023-06-05,2023-06-06,2488.37,truck,3,0,0.6678,0.1577,1,30.15
6232,22,9,2023-03-09,2023-03-27,2023-03-29,1147.9,truck,4,0,0.8311,0.1904,1,54.55
6233,31,12,2023-08-29,2023-09-17,2023-09-17,404.73,truck,5,2,0.35,0.2757,0,6.38
6234,32,15,2023-07-08,2023-08-03,2023-08-11,368.84,truck,5,2,0.5867,0.299,1,182.0
6235,34,20,2023-05-20,2023-06-04,2023-06-06,2771.86,ship,4,0,0.5836,0.0399,1,58.19
6236,49,17,2024-05-31,2024-06-25,2024-06-27,3504.7,ship,4,2,0.3949,0.0836,1,42.65
6237,48,9,2024-07-12,2024-07-29,2024-07-29,702.02,truck,2,1,0.5478,0.5295,0,1.35
6238,42,6,2023-11-09,2023-12-03,2023-12-03,2787.84,ship,2,0,0.471,0.2372,1,7.89
6239,20,7,2024-12-08,2025-01-10,2025-01-12,2095.04,truck,4,1,0.266,0.2853,1,51.43
6240,21,6,2025-11-08,2026-01-07,2026-01-08,17405.55,ship,4,0,0.5247,0.1211,1,24.8
6241,28,16,2024-06-01,2024-06-18,2024-06-22,1306.81,truck,1,2,0.6427,0.183,1,90.5
6242,8,8,2025-12-01,2025-12-25,2025-12-25,1647.78,truck,3,0,0.334,0.1094,0,1.32
6243,8,11,2024-08-19,2024-10-11,2024-10-14,10630.96,ship,5,2,0.6317,0.1094,1,63.4
6244,4,15,2024-12-10,2025-01-12,2025-01-12,321.05,truck,2,0,0.4202,0.2301,0,3.0
6245,46,11,2023-12-18,2024-01-21,2024-01-23,5450.74,ship,4,0,0.323,0.0911,1,44.52
6246,22,10,2024-12-14,2025-02-23,2025-02-23,20000.0,ship,5,0,0.3618,0.1904,0,4.32
6247,12,19,2024-04-14,2024-05-17,2024-05-17,3733.3,air,3,1,0.1062,0.2771,0,3.24
6248,17,7,2025-07-05,2025-09-09,2025-09-09,8857.35,ship,3,0,0.2349,0.1135,0,2.68
6249,37,13,2023-12-03,2024-01-01,2024-01-01,826.68,truck,2,0,0.3649,0.1502,0,2.87
6250,45,10,2023-04-18,2023-05-10,2023-05-10,3097.18,ship,5,0,0.3721,0.1051,0,2.75
6251,43,14,2025-02-23,2025-03-22,2025-03-22,3341.39,air,4,0,0.275,0.1166,0,3.16
6252,27,5,2025-11-11,2025-12-03,2025-12-05,541.53,truck,4,1,0.3608,0.1179,1,44.85
6253,19,15,2024-08-02,2024-08-25,2024-08-30,2368.14,truck,5,1,0.392,0.2562,1,130.33
6254,2,3,2024-12-09,2025-01-12,2025-01-17,8459.98,ship,4,2,0.3042,0.3485,1,124.72
6255,26,4,2023-01-24,2023-02-17,2023-02-19,1777.44,truck,5,0,0.5384,0.1577,1,48.57
6256,22,7,2024-11-01,2024-11-18,2024-11-18,692.98,truck,1,1,0.167,0.1904,0,2.34
6257,6,9,2025-09-01,2025-09-26,2025-09-29,382.89,truck,5,1,0.8423,0.3463,1,68.48
6258,24,3,2025-03-25,2025-04-17,2025-04-17,5031.14,air,4,1,0.5544,0.0437,0,1.43
6259,19,20,2025-02-14,2025-03-17,2025-03-18,4412.84,ship,5,2,0.5493,0.2562,1,20.13
6260,30,8,2023-06-05,2023-06-29,2023-06-29,10814.53,air,4,1,0.2806,0.3611,0,3.03
6261,37,4,2025-03-26,2025-05-23,2025-05-31,9773.07,ship,4,1,0.6401,0.1502,1,183.26
6262,1,8,2023-05-04,2023-06-04,2023-06-05,2817.78,ship,4,1,0.2597,0.2492,1,28.6
6263,27,18,2024-05-13,2024-06-06,2024-06-06,1911.55,truck,5,1,0.8862,0.1179,0,0.84
6264,19,19,2025-03-29,2025-04-15,2025-04-18,983.84,truck,4,1,0.1852,0.2562,1,69.38
6265,42,1,2024-06-24,2024-07-10,2024-07-10,1499.18,air,3,2,0.4604,0.2372,0,3.9
6266,19,20,2023-05-19,2023-06-22,2023-06-24,5810.84,ship,5,0,0.6179,0.2562,1,37.35
6267,21,3,2024-08-15,2024-08-30,2024-09-01,1055.98,truck,5,0,0.7379,0.1211,1,55.84
6268,13,4,2025-02-05,2025-02-20,2025-02-23,690.73,truck,4,1,0.4771,0.1757,1,61.46
6269,19,14,2023-01-17,2023-02-05,2023-02-07,774.24,truck,5,0,0.3063,0.2562,1,42.79
6270,20,10,2025-06-28,2025-08-17,2025-08-18,7137.73,ship,5,2,0.4797,0.2853,1,21.92
6271,47,15,2024-07-18,2024-08-17,2024-08-17,1774.3,truck,5,1,0.4075,0.1768,0,3.06
6272,42,7,2023-10-08,2023-10-27,2023-10-27,6037.33,air,2,1,0.1237,0.2372,0,1.28
6273,44,5,2024-02-14,2024-02-27,2024-02-28,546.65,truck,1,0,0.4887,0.0719,1,12.31
6274,22,6,2024-09-27,2024-10-15,2024-10-17,1481.25,truck,2,1,0.5172,0.1904,1,59.22
6275,30,10,2023-11-17,2023-12-05,2023-12-05,1239.4,truck,2,0,0.4812,0.3611,0,2.6
6276,49,6,2024-05-22,2024-06-08,2024-06-08,445.7,truck,3,0,0.3094,0.0836,1,8.84
6277,46,3,2024-01-04,2024-01-25,2024-01-28,1389.82,truck,1,1,0.4856,0.0911,1,77.41
6278,38,19,2025-04-13,2025-04-29,2025-04-29,1564.32,truck,1,0,0.1149,0.1178,0,3.89
6279,48,9,2024-10-18,2024-11-04,2024-11-04,1324.09,air,3,1,0.6044,0.5295,0,2.61
6280,15,13,2024-11-01,2024-12-30,2025-01-02,10081.75,ship,3,1,0.434,0.1012,1,61.02
6281,9,4,2024-10-29,2024-11-21,2024-11-21,659.95,truck,1,0,0.5484,0.1382,0,1.58
6282,18,18,2025-04-06,2025-04-17,2025-04-19,571.5,truck,1,0,0.7642,0.0465,1,40.24
6283,45,6,2025-07-11,2025-07-25,2025-07-26,631.81,truck,2,1,0.5828,0.1051,1,25.65
6284,3,8,2025-03-02,2025-03-30,2025-03-30,1870.53,truck,5,0,0.3409,0.2878,0,4.88
6285,29,4,2025-05-14,2025-06-01,2025-06-05,415.24,truck,3,1,0.4617,0.223,1,89.44
6286,1,6,2024-11-08,2024-12-03,2024-12-03,1144.79,truck,4,1,0.4408,0.2492,0,1.6
6287,44,2,2024-02-02,2024-02-12,2024-02-12,400.05,truck,3,0,0.3888,0.0719,0,1.76
6288,18,15,2024-01-17,2024-01-28,2024-01-28,501.74,truck,1,0,0.2918,0.0465,0,3.17
6289,49,5,2025-05-12,2025-05-27,2025-06-06,322.33,truck,2,1,0.7883,0.0836,1,245.65
6290,29,6,2024-08-09,2024-09-01,2024-09-03,861.26,truck,3,1,0.4709,0.223,1,39.16
6291,16,6,2024-12-20,2025-01-18,2025-01-18,963.79,truck,3,0,0.4142,0.3266,0,3.03
6292,3,8,2025-07-05,2025-07-29,2025-08-06,433.38,truck,5,1,0.3791,0.2878,1,192.91
6293,47,2,2024-01-14,2024-02-13,2024-02-13,1123.11,truck,3,0,0.4565,0.1768,0,1.83
6294,16,19,2025-06-18,2025-07-18,2025-07-19,1548.65,truck,5,0,0.266,0.3266,1,23.97
6295,7,12,2023-06-24,2023-07-15,2023-07-17,383.58,truck,3,2,0.1945,0.2727,1,49.0
6296,24,18,2024-08-08,2024-08-30,2024-08-30,1581.03,truck,2,1,0.5147,0.0437,0,1.61
6297,3,5,2024-12-17,2025-01-30,2025-01-31,7715.04,ship,2,0,0.4528,0.2878,1,13.04
6298,35,4,2023-04-20,2023-05-17,2023-05-20,7277.56,air,3,0,0.8835,0.4038,1,72.36
6299,38,12,2025-07-12,2025-07-31,2025-07-31,8304.32,air,4,1,0.2507,0.1178,0,2.15
6300,14,8,2023-03-16,2023-04-14,2023-04-16,965.74,truck,5,1,0.4169,0.2082,1,56.37
6301,42,20,2025-01-02,2025-01-22,2025-01-22,3345.71,ship,1,1,0.7772,0.2372,1,8.86
6302,35,9,2023-10-07,2023-11-02,2023-11-02,578.13,truck,2,0,0.4013,0.4038,0,1.99
6303,11,4,2024-10-12,2024-10-30,2024-11-01,2326.92,truck,2,1,0.4052,0.163,1,36.15
6304,47,13,2025-11-06,2025-11-30,2025-12-02,433.5,truck,5,1,0.8139,0.1768,1,51.43
6305,4,14,2024-04-14,2024-06-15,2024-06-17,10613.45,ship,2,0,0.4066,0.2301,1,58.68
6306,5,2,2023-01-17,2023-02-13,2023-02-13,3071.99,air,5,0,0.3633,0.2606,0,2.79
6307,19,12,2023-12-22,2024-01-09,2024-01-09,675.32,truck,4,0,0.3705,0.2562,1,11.73
6308,49,8,2025-07-17,2025-08-04,2025-08-07,1214.82,truck,3,2,0.2794,0.0836,1,63.07
6309,9,18,2024-11-04,2024-11-26,2024-11-29,1521.23,truck,4,0,0.6855,0.1382,1,70.9
6310,26,2,2025-11-02,2025-12-18,2025-12-18,9425.94,ship,4,0,0.3831,0.1577,0,2.87
6311,44,19,2024-09-25,2024-10-14,2024-10-17,1878.36,ship,3,1,0.4687,0.0719,1,63.55
6312,48,13,2023-07-10,2023-08-12,2023-08-14,6279.25,ship,5,0,0.4289,0.5295,1,37.62
6313,19,5,2025-05-23,2025-06-12,2025-06-13,1365.17,truck,3,2,0.5407,0.2562,1,34.12
6314,47,16,2024-01-01,2024-01-30,2024-01-30,625.54,truck,3,0,0.574,0.1768,0,2.3
6315,31,20,2023-05-08,2023-06-07,2023-06-09,4514.59,ship,4,0,0.6678,0.2757,1,41.31
6316,13,12,2025-09-20,2025-10-07,2025-10-07,580.34,truck,5,0,0.1704,0.1757,0,1.63
6317,5,8,2023-04-10,2023-05-08,2023-05-09,1398.37,truck,5,1,0.4879,0.2606,1,29.97
6318,44,10,2023-06-01,2023-06-17,2023-06-17,523.2,truck,5,1,0.4973,0.0719,0,3.11
6319,50,16,2025-05-02,2025-07-05,2025-07-15,16261.39,ship,3,1,0.401,0.1476,1,237.21
6320,30,7,2025-05-11,2025-05-27,2025-05-27,1872.52,air,3,0,0.2705,0.3611,0,3.75
6321,2,10,2025-10-19,2025-10-31,2025-10-31,1066.9,truck,3,0,0.5288,0.3485,0,1.8
6322,49,12,2024-11-05,2024-11-24,2024-11-24,3607.56,air,4,0,0.441,0.0836,0,1.5
6323,10,15,2025-10-03,2025-10-28,2025-10-29,1764.22,ship,1,0,0.6026,0.335,1,15.71
6324,43,10,2025-07-07,2025-08-04,2025-08-04,4785.69,air,2,2,0.3589,0.1166,0,1.67
6325,46,15,2023-01-28,2023-02-21,2023-02-21,2348.93,ship,2,0,0.4125,0.0911,0,5.34
6326,25,13,2024-01-18,2024-02-11,2024-02-11,872.21,truck,2,2,0.5431,0.3294,0,2.37
6327,25,15,2023-03-18,2023-04-29,2023-04-29,6841.87,ship,1,1,0.4616,0.3294,0,2.47
6328,1,5,2023-04-30,2023-05-28,2023-05-28,12443.46,air,3,2,0.3592,0.2492,0,1.9
6329,22,10,2024-11-14,2024-12-03,2024-12-06,2533.43,truck,1,0,0.5214,0.1904,1,68.75
6330,25,9,2024-10-13,2024-11-05,2024-11-05,1029.87,truck,4,0,0.4781,0.3294,0,1.65
6331,41,7,2024-12-11,2025-01-03,2025-01-06,3649.69,ship,5,3,0.4341,0.5395,1,82.13
6332,12,11,2025-02-15,2025-03-20,2025-03-20,3770.26,air,4,0,0.5283,0.2771,0,2.26
6333,9,9,2023-01-16,2023-02-10,2023-02-10,3898.98,truck,5,0,0.7297,0.1382,0,1.92
6334,5,16,2023-05-30,2023-06-27,2023-06-27,670.81,truck,3,0,0.7771,0.2606,0,3.35
6335,31,14,2024-07-02,2024-07-19,2024-07-19,4827.69,air,4,2,0.4407,0.2757,0,1.66
6336,24,20,2023-09-11,2023-10-01,2023-10-01,689.24,truck,1,0,0.5339,0.0437,0,1.7
6337,19,15,2023-09-13,2023-10-06,2023-10-06,2682.38,ship,4,1,0.5361,0.2562,0,2.32
6338,43,9,2024-04-17,2024-05-12,2024-05-17,755.57,truck,5,0,1.0,0.1166,1,117.61
6339,48,14,2023-07-31,2023-08-19,2023-08-19,308.93,truck,1,1,0.3287,0.5295,0,1.09
6340,31,14,2024-08-22,2024-09-11,2024-09-11,800.65,truck,1,2,0.4877,0.2757,0,1.61
6341,44,15,2023-07-13,2023-08-04,2023-08-08,3704.68,ship,5,2,0.6603,0.0719,1,97.0
6342,30,6,2024-02-25,2024-05-01,2024-05-01,17102.92,ship,2,0,0.5303,0.3611,0,2.52
6343,11,18,2025-02-28,2025-03-14,2025-03-14,491.91,truck,4,0,0.6789,0.163,0,1.72
6344,15,14,2024-09-23,2024-10-26,2024-10-26,4947.38,air,4,1,0.4131,0.1012,0,1.29
6345,49,2,2023-03-27,2023-04-17,2023-04-18,2573.0,ship,1,1,0.5104,0.0836,1,22.81
6346,24,3,2024-08-26,2024-10-17,2024-10-20,11705.57,ship,1,0,0.6895,0.0437,1,78.08
6347,17,16,2023-04-04,2023-05-13,2023-05-13,457.77,truck,2,1,0.6935,0.1135,0,2.69
6348,16,6,2023-03-22,2023-04-23,2023-04-26,3121.61,truck,3,1,0.7815,0.3266,1,67.62
6349,15,16,2025-01-03,2025-02-03,2025-02-03,440.52,truck,5,0,0.8385,0.1012,0,3.96
6350,17,10,2023-11-21,2024-01-10,2024-01-10,3293.33,ship,3,0,0.3517,0.1135,0,1.57
6351,17,7,2023-02-08,2023-03-29,2023-03-31,3464.63,ship,5,2,0.3964,0.1135,1,51.8
6352,30,7,2024-02-18,2024-03-06,2024-03-06,395.97,truck,2,1,0.0,0.3611,0,2.29
6353,41,3,2024-02-24,2024-03-12,2024-03-14,6415.17,air,2,2,0.4859,0.5395,1,56.22
6354,25,4,2024-08-07,2024-08-29,2024-08-29,439.1,truck,5,1,0.5489,0.3294,0,2.79
6355,32,17,2023-12-07,2024-01-03,2024-01-03,2182.49,truck,2,0,0.0892,0.299,0,2.43
6356,35,15,2025-06-09,2025-07-21,2025-07-23,5864.08,ship,2,1,0.6765,0.4038,1,47.97
6357,20,10,2023-02-28,2023-03-30,2023-03-31,843.67,truck,1,0,0.4447,0.2853,1,26.54
6358,20,12,2025-04-23,2025-05-25,2025-05-26,2001.82,truck,5,1,0.1691,0.2853,1,27.59
6359,17,5,2024-07-05,2024-08-16,2024-08-16,553.87,truck,1,1,0.613,0.1135,0,2.58
6360,32,19,2025-05-08,2025-06-15,2025-06-15,5127.14,ship,2,0,0.297,0.299,0,2.1
6361,5,6,2024-11-02,2024-12-02,2024-12-02,2357.83,truck,4,0,0.5437,0.2606,0,2.47
6362,48,1,2024-09-16,2024-10-06,2024-10-08,9373.84,air,4,1,0.5964,0.5295,1,52.36
6363,14,7,2023-08-20,2023-09-20,2023-09-20,4037.2,truck,2,0,0.0989,0.2082,0,1.12
6364,26,4,2024-09-06,2024-09-29,2024-10-03,1821.79,truck,3,1,0.539,0.1577,1,92.48
6365,21,18,2025-05-04,2025-05-26,2025-05-28,3130.18,ship,4,1,0.4987,0.1211,1,39.19
6366,46,11,2025-05-19,2025-06-11,2025-06-11,6042.01,air,5,1,0.4846,0.0911,0,1.74
6367,34,4,2023-08-06,2023-08-15,2023-08-16,515.64,truck,5,1,0.512,0.0399,1,33.82
6368,9,9,2023-07-30,2023-08-23,2023-08-23,2517.69,ship,4,0,0.8848,0.1382,0,2.97
6369,18,20,2023-01-07,2023-02-27,2023-03-01,13096.55,ship,4,1,0.4988,0.0465,1,43.46
6370,13,20,2023-06-10,2023-06-24,2023-06-25,303.06,truck,3,0,0.4847,0.1757,1,15.25
6371,22,8,2024-03-22,2024-04-08,2024-04-09,1256.49,truck,4,1,0.3886,0.1904,1,25.88
6372,38,12,2023-04-11,2023-04-27,2023-04-28,427.33,truck,5,1,0.3686,0.1178,1,24.03
6373,9,19,2024-08-04,2024-08-21,2024-08-22,480.51,truck,4,0,0.2914,0.1382,1,23.24
6374,50,2,2025-10-22,2025-11-18,2025-11-18,2637.57,ship,3,0,0.3237,0.1476,0,1.69
6375,20,7,2023-06-16,2023-07-24,2023-07-24,1887.72,ship,1,0,0.1845,0.2853,0,2.4
6376,44,9,2025-07-12,2025-07-30,2025-08-03,3210.46,truck,3,1,0.7382,0.0719,1,89.16
6377,50,4,2023-06-16,2023-08-05,2023-08-05,10839.3,ship,3,1,0.3662,0.1476,1,9.16
6378,40,4,2024-11-22,2024-12-13,2024-12-13,7095.4,air,2,0,0.7103,0.1206,0,2.18
6379,8,15,2025-09-08,2025-10-01,2025-10-03,690.53,truck,4,0,0.7223,0.1094,1,38.06
6380,45,5,2023-06-29,2023-07-12,2023-07-16,714.84,truck,1,1,0.4841,0.1051,1,103.05
6381,38,20,2024-07-06,2024-07-23,2024-07-24,435.58,truck,3,0,0.6251,0.1178,1,23.61
6382,26,7,2023-01-09,2023-02-11,2023-02-13,5083.6,ship,5,1,0.2723,0.1577,1,36.06
6383,48,13,2023-07-28,2023-08-30,2023-08-31,6493.66,ship,2,0,0.4491,0.5295,1,20.04
6384,39,16,2024-11-12,2024-12-10,2024-12-10,18975.33,air,1,1,0.5259,0.2906,0,2.56
6385,36,16,2025-09-15,2025-11-19,2025-11-22,16030.98,ship,2,0,0.7459,0.0168,1,69.99
6386,33,12,2025-01-27,2025-02-10,2025-02-12,1016.24,truck,5,0,0.1604,0.1674,1,37.47
6387,29,7,2023-05-11,2023-05-31,2023-06-02,401.58,truck,4,0,0.2304,0.223,1,38.3
6388,20,13,2025-01-27,2025-03-01,2025-03-01,7190.4,air,5,1,0.1795,0.2853,0,0.87
6389,34,15,2024-08-30,2024-09-12,2024-09-15,1230.31,truck,1,2,0.4558,0.0399,1,78.42
6390,3,8,2024-08-15,2024-09-08,2024-09-08,705.83,truck,2,1,0.4053,0.2878,0,0.91
6391,19,4,2023-05-13,2023-06-01,2023-06-01,706.57,truck,2,1,0.5587,0.2562,0,1.65
6392,35,15,2023-02-05,2023-03-03,2023-03-04,1003.2,truck,1,0,0.4596,0.4038,1,26.36
6393,5,17,2024-01-11,2024-02-05,2024-02-05,546.94,truck,4,0,0.452,0.2606,0,1.02
6394,44,16,2024-04-28,2024-05-15,2024-05-15,5458.42,air,5,1,0.5678,0.0719,0,2.74
6395,27,2,2024-01-08,2024-01-31,2024-02-01,820.09,truck,3,0,0.5872,0.1179,1,28.36
6396,27,9,2023-07-03,2023-07-27,2023-08-02,1302.54,truck,5,1,0.7499,0.1179,1,149.09
6397,1,16,2023-01-17,2023-02-10,2023-02-14,6866.72,air,2,1,0.8478,0.2492,1,101.37
6398,6,4,2023-12-12,2024-01-07,2024-01-12,366.4,truck,2,1,0.687,0.3463,1,110.51
6399,6,11,2025-07-13,2025-08-09,2025-08-19,603.65,truck,5,2,0.3698,0.3463,1,228.17
6400,20,19,2025-09-11,2025-10-14,2025-10-14,2635.63,air,5,0,0.4687,0.2853,0,2.38
6401,41,18,2025-01-07,2025-02-18,2025-02-22,9173.89,ship,4,0,0.6589,0.5395,1,93.15
6402,19,11,2024-02-11,2024-03-01,2024-03-01,696.83,truck,3,0,0.3513,0.2562,0,2.64
6403,26,16,2024-10-11,2024-10-31,2024-10-31,1299.98,truck,5,1,0.5568,0.1577,0,1.71
6404,31,7,2025-09-01,2025-10-07,2025-10-07,6693.54,ship,2,0,0.216,0.2757,0,1.26
6405,36,11,2023-07-16,2023-08-17,2023-08-17,3130.51,ship,3,2,0.3647,0.0168,0,1.4
6406,39,11,2023-10-27,2023-11-18,2023-11-18,1300.05,truck,3,0,0.4045,0.2906,0,3.24
6407,9,8,2023-09-01,2023-09-20,2023-09-20,1582.06,air,4,1,0.4374,0.1382,0,3.08
6408,24,15,2023-10-10,2023-12-17,2023-12-18,16369.68,ship,2,0,0.5668,0.0437,1,22.6
6409,32,12,2024-06-28,2024-08-24,2024-08-25,11720.76,ship,1,1,0.309,0.299,1,30.67
6410,21,16,2025-04-24,2025-05-08,2025-05-09,1048.84,truck,1,0,0.4684,0.1211,1,32.38
6411,18,14,2023-04-02,2023-04-13,2023-04-13,520.85,truck,2,1,0.2525,0.0465,0,2.84
6412,45,2,2023-11-10,2023-11-22,2023-11-22,4010.52,air,4,0,0.1663,0.1051,0,1.85
6413,34,9,2025-05-16,2025-05-26,2025-05-26,574.96,truck,4,2,0.6209,0.0399,0,2.27
6414,28,18,2023-09-21,2023-11-07,2023-11-08,10992.13,ship,5,1,0.555,0.183,1,24.95
6415,37,19,2024-03-05,2024-04-08,2024-04-08,9481.39,air,1,2,0.3577,0.1502,0,2.07
6416,14,17,2024-12-13,2025-01-15,2025-01-16,2768.71,ship,3,0,0.3954,0.2082,1,29.56
6417,31,1,2025-05-13,2025-06-09,2025-06-10,3217.8,ship,1,1,0.7016,0.2757,1,22.03
6418,41,17,2023-08-16,2023-09-03,2023-09-05,504.87,truck,4,1,0.1896,0.5395,1,53.46
6419,2,3,2025-05-31,2025-07-05,2025-07-05,9428.78,ship,5,0,0.5867,0.3485,0,1.39
6420,13,14,2025-06-04,2025-06-23,2025-06-26,2191.26,truck,2,2,0.4976,0.1757,1,77.36
6421,41,16,2023-06-21,2023-07-12,2023-07-16,2001.66,truck,4,2,0.6022,0.5395,1,90.08
6422,44,12,2025-01-10,2025-01-25,2025-01-25,4390.5,air,3,0,0.4616,0.0719,0,2.82
6423,19,7,2024-06-14,2024-07-01,2024-07-04,668.75,truck,3,0,0.3235,0.2562,1,60.71
6424,33,2,2023-12-18,2023-12-31,2023-12-31,408.73,truck,3,0,0.3057,0.1674,0,4.38
6425,32,4,2024-09-25,2024-10-24,2024-10-27,407.67,truck,5,1,0.3843,0.299,1,68.75
6426,3,14,2024-05-14,2024-06-27,2024-06-29,7646.42,ship,2,1,0.3,0.2878,1,44.99
6427,17,3,2025-02-03,2025-03-31,2025-04-02,5752.66,ship,1,1,0.776,0.1135,1,43.31
6428,39,8,2024-11-15,2024-12-17,2024-12-17,4866.96,ship,4,0,0.4162,0.2906,0,2.33
6429,41,18,2025-08-15,2025-08-31,2025-09-01,1268.99,air,1,1,0.5665,0.5395,1,33.62
6430,21,16,2025-01-24,2025-02-04,2025-02-05,373.26,truck,1,0,0.7922,0.1211,1,15.89
6431,42,5,2025-02-05,2025-02-26,2025-02-26,4931.93,truck,1,0,0.4248,0.2372,0,1.57
6432,7,17,2023-05-14,2023-06-11,2023-06-11,15076.37,air,1,0,0.1482,0.2727,0,1.72
6433,5,11,2025-02-27,2025-03-27,2025-03-28,390.78,truck,1,1,0.4079,0.2606,1,22.88
6434,24,13,2023-09-02,2023-09-19,2023-09-19,477.49,truck,5,1,0.3463,0.0437,0,3.23
6435,5,7,2025-08-07,2025-09-01,2025-09-01,4714.22,air,4,0,0.1412,0.2606,0,2.63
6436,28,13,2025-11-11,2025-11-28,2025-12-01,1263.34,truck,5,1,0.6983,0.183,1,81.4
6437,34,5,2023-09-02,2023-09-15,2023-09-17,2150.23,ship,5,0,0.5406,0.0399,1,39.78
6438,41,18,2023-09-04,2023-09-22,2023-09-23,1085.88,truck,1,1,0.6029,0.5395,1,34.36
6439,37,13,2023-07-23,2023-09-06,2023-09-10,5404.17,ship,3,0,0.5415,0.1502,1,106.31
6440,40,18,2023-06-25,2023-07-19,2023-07-21,12605.87,air,2,2,0.3603,0.1206,1,39.46
6441,45,18,2023-10-25,2023-11-09,2023-11-11,456.1,truck,2,1,0.5264,0.1051,1,37.31
6442,18,4,2024-02-19,2024-03-03,2024-03-03,699.04,truck,2,0,0.612,0.0465,0,3.88
6443,22,19,2025-03-08,2025-04-16,2025-04-20,8441.88,ship,5,1,0.2692,0.1904,1,88.75
6444,36,5,2025-03-13,2025-04-25,2025-04-25,8221.93,ship,5,0,0.7191,0.0168,0,2.4
6445,36,5,2024-04-12,2024-05-08,2024-05-08,11026.69,air,2,0,0.4814,0.0168,0,1.35
6446,27,8,2023-04-19,2023-07-04,2023-07-05,19846.13,ship,2,1,0.5862,0.1179,1,29.54
6447,28,7,2025-10-20,2025-12-16,2025-12-19,14014.94,ship,1,0,0.2965,0.183,1,65.23
6448,48,19,2024-01-01,2024-01-21,2024-01-21,1437.63,truck,4,1,0.5078,0.5295,1,11.09
6449,50,18,2023-06-23,2023-07-19,2023-07-19,11963.33,air,4,1,0.4926,0.1476,0,1.21
6450,50,17,2023-03-13,2023-04-02,2023-04-02,2816.63,air,5,1,0.4325,0.1476,0,4.28
6451,31,9,2025-01-22,2025-02-11,2025-02-13,2124.56,truck,2,0,0.8262,0.2757,1,39.15
6452,16,4,2023-07-14,2023-09-08,2023-09-12,11089.61,ship,5,1,0.5024,0.3266,1,92.74
6453,8,3,2025-08-07,2025-10-08,2025-10-09,14189.27,ship,2,0,0.8727,0.1094,1,27.13
6454,4,5,2025-10-27,2025-11-25,2025-11-25,496.7,truck,4,0,0.6544,0.2301,0,2.44
6455,41,14,2023-02-27,2023-03-18,2023-03-18,4416.55,air,4,0,0.4394,0.5395,0,2.4
6456,4,4,2024-07-08,2024-10-04,2024-10-05,20000.0,ship,4,1,0.5927,0.2301,1,30.4
6457,27,12,2025-03-05,2025-03-28,2025-03-29,2030.06,ship,5,0,0.3837,0.1179,1,18.94
6458,16,17,2025-10-16,2025-11-13,2025-11-13,2387.39,truck,4,0,0.3656,0.3266,0,3.25
6459,43,20,2023-04-16,2023-05-14,2023-05-15,1374.03,truck,5,1,0.669,0.1166,1,16.31
6460,27,7,2025-06-10,2025-07-02,2025-07-02,1633.63,air,2,1,0.4778,0.1179,0,2.48
6461,18,20,2024-02-20,2024-03-03,2024-03-03,1408.96,truck,3,1,0.5906,0.0465,0,2.62
6462,35,16,2025-11-16,2025-12-14,2025-12-14,9253.81,air,1,0,0.5194,0.4038,0,1.72
6463,35,1,2025-07-06,2025-08-03,2025-08-04,1679.47,ship,3,1,0.5323,0.4038,1,35.72
6464,44,2,2023-10-31,2023-11-10,2023-11-10,385.06,truck,1,0,0.2946,0.0719,0,2.36
6465,49,17,2024-12-16,2025-01-02,2025-01-02,401.09,truck,3,0,0.4475,0.0836,0,3.31
6466,11,19,2024-07-10,2024-08-13,2024-08-13,8446.51,ship,1,0,0.1126,0.163,0,2.91
6467,16,3,2025-10-20,2025-11-19,2025-11-22,1863.59,ship,5,1,0.4902,0.3266,1,63.81
6468,41,4,2024-07-06,2024-07-27,2024-07-28,1749.87,truck,2,1,0.52,0.5395,1,27.42
6469,10,19,2024-10-31,2024-11-21,2024-11-24,493.22,truck,4,1,0.5689,0.335,1,77.68
6470,6,4,2024-07-09,2024-08-04,2024-08-05,1521.12,ship,3,1,0.5391,0.3463,1,31.32
6471,24,12,2025-05-24,2025-07-11,2025-07-12,10411.61,ship,2,1,0.2373,0.0437,1,30.44
6472,3,10,2023-02-11,2023-04-10,2023-04-11,12415.85,ship,4,0,0.5168,0.2878,1,16.96
6473,15,5,2025-10-03,2025-11-06,2025-11-06,10104.96,air,4,0,0.5359,0.1012,0,2.64
6474,39,18,2024-10-11,2024-10-28,2024-10-28,763.61,truck,1,0,0.6109,0.2906,0,3.4
6475,15,4,2023-11-28,2023-12-29,2023-12-29,2342.66,air,5,1,0.6054,0.1012,0,1.94
6476,16,12,2025-01-21,2025-02-19,2025-02-19,2501.76,truck,5,0,0.4586,0.3266,0,2.37
6477,49,16,2024-05-25,2024-06-17,2024-06-18,14378.62,air,4,1,0.546,0.0836,1,23.86
6478,31,9,2025-08-09,2025-08-28,2025-08-31,891.87,truck,4,1,0.7861,0.2757,1,76.2
6479,23,18,2023-09-12,2023-10-07,2023-10-11,654.47,truck,2,2,0.4436,0.2281,1,105.54
6480,47,9,2025-04-29,2025-07-01,2025-07-03,13036.48,ship,2,0,0.7237,0.1768,1,44.99
6481,45,14,2023-09-06,2023-09-26,2023-09-28,2564.52,ship,1,1,0.3371,0.1051,1,53.37
6482,17,7,2024-01-30,2024-03-19,2024-03-21,3339.6,ship,5,2,0.353,0.1135,1,37.43
6483,31,14,2023-10-20,2023-11-05,2023-11-05,497.4,truck,5,0,0.3374,0.2757,0,1.1
6484,23,7,2023-10-20,2023-11-17,2023-11-18,1087.77,truck,4,0,0.085,0.2281,1,32.5
6485,30,15,2023-01-26,2023-02-13,2023-02-15,971.43,truck,2,0,0.5601,0.3611,1,36.11
6486,16,14,2024-09-10,2024-10-17,2024-10-18,3953.18,ship,5,2,0.3584,0.3266,1,32.63
6487,22,13,2023-07-23,2023-08-07,2023-08-07,397.08,truck,3,0,0.5415,0.1904,0,2.36
6488,19,11,2025-09-27,2025-10-15,2025-10-16,601.29,truck,2,1,0.4815,0.2562,1,17.24
6489,8,2,2025-05-23,2025-06-14,2025-06-14,470.11,truck,2,1,0.2597,0.1094,0,2.66
6490,36,19,2023-03-29,2023-04-21,2023-04-23,367.75,truck,3,1,0.1362,0.0168,1,40.78
6491,26,19,2023-04-22,2023-05-12,2023-05-12,488.52,truck,5,0,0.2365,0.1577,0,1.86
6492,40,8,2024-01-31,2024-02-22,2024-02-22,502.42,truck,2,0,0.4441,0.1206,0,2.96
6493,10,2,2025-01-16,2025-02-08,2025-02-08,642.51,truck,3,0,0.1486,0.335,0,4.01
6494,46,2,2024-10-02,2024-10-22,2024-10-25,2471.37,truck,5,1,0.3516,0.0911,1,65.31
6495,40,17,2023-07-09,2023-08-01,2023-08-02,1372.87,truck,5,1,0.239,0.1206,1,16.35
6496,13,7,2023-05-17,2023-06-05,2023-06-06,1548.62,truck,3,1,0.0973,0.1757,1,24.13
6497,24,12,2025-11-05,2025-11-27,2025-11-28,918.37,truck,3,0,0.5712,0.0437,1,30.28
6498,25,8,2025-02-22,2025-03-19,2025-03-19,2625.75,truck,3,0,0.5801,0.3294,0,3.03
6499,4,17,2025-02-16,2025-03-28,2025-03-28,3641.85,truck,3,0,0.1239,0.2301,0,1.31
6500,41,9,2025-03-13,2025-03-30,2025-03-30,402.53,truck,1,1,0.8948,0.5395,0,2.96
6501,4,1,2025-06-05,2025-07-05,2025-07-07,1916.3,air,3,1,0.6431,0.2301,1,44.07
6502,50,16,2024-08-29,2024-09-14,2024-09-15,587.45,truck,4,2,0.3516,0.1476,1,12.32
6503,8,19,2023-04-14,2023-06-27,2023-06-29,18481.25,ship,3,1,0.2245,0.1094,1,58.14
6504,27,9,2023-05-15,2023-06-07,2023-06-07,775.98,truck,1,1,0.7915,0.1179,0,2.56
6505,21,16,2023-10-21,2023-11-01,2023-11-01,811.0,truck,3,0,0.6138,0.1211,0,1.83
6506,25,8,2025-06-12,2025-07-12,2025-07-14,1973.81,ship,5,1,0.2979,0.3294,1,41.19
6507,8,3,2023-04-16,2023-05-06,2023-05-07,481.7,truck,3,0,0.6002,0.1094,1,28.02
6508,44,12,2023-03-13,2023-03-26,2023-03-27,612.25,truck,2,0,0.2551,0.0719,1,22.51
6509,8,1,2025-10-13,2025-11-03,2025-11-05,307.46,truck,5,1,0.8245,0.1094,1,45.7
6510,41,16,2025-11-20,2025-12-30,2025-12-30,8405.88,ship,1,1,0.5715,0.5395,1,11.51
6511,29,19,2025-06-17,2025-07-11,2025-07-11,1646.09,truck,4,0,0.1574,0.223,0,3.81
6512,28,16,2024-07-23,2024-08-07,2024-08-09,713.01,truck,1,1,0.4044,0.183,1,48.55
6513,19,13,2024-10-27,2024-11-17,2024-11-19,1258.08,truck,4,2,0.5394,0.2562,1,51.99
6514,8,15,2024-06-20,2024-08-01,2024-08-05,7245.16,ship,3,2,0.3838,0.1094,1,93.97
6515,32,1,2024-09-10,2024-10-06,2024-10-09,663.34,truck,5,1,0.7143,0.299,1,64.01
6516,46,17,2023-12-30,2024-01-21,2024-01-21,8447.25,air,5,0,0.3014,0.0911,0,2.67
6517,11,9,2025-02-10,2025-02-24,2025-03-01,969.66,truck,1,0,0.8158,0.163,1,111.76
6518,18,5,2024-08-06,2024-10-03,2024-10-04,17435.07,ship,3,1,0.5866,0.0465,1,34.65
6519,15,18,2023-08-18,2023-09-20,2023-09-23,1158.37,truck,2,2,0.7576,0.1012,1,81.96
6520,14,4,2025-07-24,2025-08-22,2025-08-27,724.09,truck,3,2,0.5366,0.2082,1,111.65
6521,32,10,2023-09-14,2023-10-11,2023-10-11,467.46,truck,4,0,0.6259,0.299,0,4.61
6522,30,7,2024-02-21,2024-03-11,2024-03-11,2146.36,truck,3,0,0.0757,0.3611,0,1.42
6523,6,16,2023-06-05,2023-06-30,2023-06-30,372.7,truck,2,1,0.7091,0.3463,0,1.62
6524,8,18,2024-02-01,2024-03-13,2024-03-13,7234.1,ship,2,0,0.9075,0.1094,0,1.72
6525,2,6,2024-12-11,2024-12-23,2024-12-23,1814.1,truck,4,0,0.5073,0.3485,0,1.99
6526,49,2,2025-08-05,2025-08-27,2025-08-30,2953.25,ship,1,2,0.4958,0.0836,1,68.78
6527,4,18,2023-01-06,2023-02-05,2023-02-06,750.36,truck,4,0,0.515,0.2301,1,23.16
6528,40,2,2023-10-21,2023-11-11,2023-11-11,1164.96,truck,4,0,0.2737,0.1206,0,1.9
6529,43,2,2023-04-17,2023-05-12,2023-05-17,575.67,truck,3,1,0.4997,0.1166,1,113.93
6530,13,13,2024-01-25,2024-02-13,2024-02-15,2775.41,ship,4,2,0.3633,0.1757,1,56.44
6531,1,3,2023-08-23,2023-09-17,2023-09-17,802.42,truck,3,0,0.7608,0.2492,0,1.68
6532,39,14,2023-03-13,2023-04-10,2023-04-11,4070.59,ship,4,0,0.3033,0.2906,1,14.88
6533,29,20,2024-08-03,2024-09-01,2024-09-01,2660.54,ship,5,0,0.6544,0.223,0,2.12
6534,49,13,2023-08-07,2023-08-22,2023-08-24,412.38,truck,4,1,0.4395,0.0836,1,40.31
6535,26,5,2024-05-17,2024-06-07,2024-06-13,386.47,truck,4,0,0.5528,0.1577,1,147.05
6536,3,6,2023-08-04,2023-09-13,2023-09-13,5793.3,ship,1,1,0.5108,0.2878,0,5.44
6537,49,1,2025-02-20,2025-03-17,2025-03-17,20000.0,air,5,0,0.6086,0.0836,0,2.81
6538,7,15,2025-05-24,2025-06-18,2025-06-24,711.71,truck,3,1,0.5688,0.2727,1,142.82
6539,24,10,2025-03-07,2025-04-24,2025-04-27,9727.45,ship,2,0,0.5525,0.0437,1,61.37
6540,12,18,2025-11-06,2025-12-21,2025-12-23,4968.53,ship,5,1,0.3558,0.2771,1,40.73
6541,19,5,2025-04-08,2025-05-27,2025-05-27,11449.38,ship,1,0,0.5192,0.2562,0,2.98
6542,49,12,2023-04-12,2023-05-13,2023-05-14,4457.94,ship,1,0,0.2981,0.0836,1,22.07
6543,30,13,2023-10-03,2023-10-21,2023-10-26,1566.29,truck,3,1,0.41,0.3611,1,117.61
6544,20,3,2023-11-23,2024-01-01,2024-01-02,3431.4,ship,4,1,0.4361,0.2853,1,21.21
6545,47,9,2024-12-09,2025-01-06,2025-01-06,765.21,truck,3,0,0.5453,0.1768,0,1.41
6546,36,15,2023-05-31,2023-06-22,2023-06-22,515.2,truck,3,1,0.1905,0.0168,0,1.94
6547,5,2,2023-05-16,2023-06-14,2023-06-14,1917.58,truck,3,1,0.4361,0.2606,0,2.77
6548,25,14,2025-02-09,2025-03-08,2025-03-08,9692.21,air,4,0,0.4154,0.3294,0,2.81
6549,1,18,2023-12-16,2024-01-10,2024-01-12,740.68,truck,2,0,0.6332,0.2492,1,51.31
6550,24,7,2024-04-23,2024-05-12,2024-05-14,395.45,truck,3,1,0.4289,0.0437,1,49.68
6551,40,15,2024-08-25,2024-09-14,2024-09-19,1087.35,truck,5,1,0.4672,0.1206,1,125.46
6552,43,7,2024-02-14,2024-03-13,2024-03-13,2448.53,truck,4,1,0.0,0.1166,0,1.89
6553,1,13,2024-07-08,2024-08-01,2024-08-01,5719.77,air,3,0,0.4048,0.2492,0,2.55
6554,12,20,2025-05-07,2025-06-09,2025-06-09,1609.72,truck,1,0,0.4201,0.2771,0,1.82
6555,6,17,2023-11-02,2023-11-28,2023-11-28,1750.02,air,2,0,0.3989,0.3463,0,2.06
6556,6,8,2024-11-05,2024-12-06,2024-12-06,2802.55,ship,2,0,0.3244,0.3463,0,2.65
6557,5,2,2024-04-19,2024-05-27,2024-06-01,3715.94,ship,3,2,0.5403,0.2606,1,113.03
6558,35,3,2024-06-12,2024-07-17,2024-07-17,3415.26,ship,1,0,0.5024,0.4038,0,4.48
6559,17,19,2024-09-15,2024-10-26,2024-10-27,336.17,truck,1,0,0.4105,0.1135,1,20.12
6560,37,6,2023-05-13,2023-06-15,2023-06-17,448.41,truck,1,0,0.5346,0.1502,1,46.17
6561,24,19,2024-01-31,2024-02-21,2024-02-23,1735.12,truck,2,2,0.4392,0.0437,1,56.5
6562,29,9,2024-01-31,2024-02-24,2024-02-26,1983.04,truck,4,0,0.5944,0.223,1,46.65
6563,49,10,2024-03-18,2024-04-05,2024-04-05,694.85,truck,3,0,0.7108,0.0836,0,1.16
6564,33,11,2023-02-07,2023-02-25,2023-02-25,2494.51,truck,4,0,0.3919,0.1674,0,2.41
6565,46,6,2023-10-25,2023-11-18,2023-11-18,12106.43,air,1,0,0.5431,0.0911,0,2.61
6566,13,10,2023-10-12,2023-11-12,2023-11-14,5829.58,ship,5,1,0.5415,0.1757,1,45.45
6567,44,13,2025-09-24,2025-10-11,2025-10-11,776.01,truck,4,1,0.1429,0.0719,0,2.8
6568,26,16,2025-09-03,2025-09-22,2025-09-22,355.73,truck,1,1,0.4619,0.1577,0,2.22
6569,25,4,2023-11-26,2023-12-21,2023-12-21,434.53,truck,2,0,0.4742,0.3294,0,2.03
6570,45,18,2023-11-18,2023-12-07,2023-12-07,11603.09,air,5,0,0.4882,0.1051,0,3.65
6571,11,10,2023-08-05,2023-08-28,2023-08-31,3999.37,ship,5,1,0.5311,0.163,1,60.75
6572,8,15,2024-10-21,2024-11-19,2024-11-19,2714.39,truck,3,1,0.5678,0.1094,0,1.21
6573,47,20,2023-06-27,2023-07-26,2023-07-27,443.62,truck,4,0,0.6666,0.1768,1,32.85
6574,6,8,2025-04-06,2025-05-03,2025-05-03,1009.56,air,2,0,0.4394,0.3463,0,4.29
6575,20,10,2025-08-20,2025-09-20,2025-09-22,435.43,truck,5,1,0.4167,0.2853,1,53.72
6576,28,6,2023-12-28,2024-02-06,2024-02-07,8581.83,ship,1,0,0.6354,0.183,1,23.28
6577,10,5,2024-05-30,2024-06-26,2024-06-28,8663.83,air,2,1,0.5208,0.335,1,36.28
6578,34,18,2023-06-05,2023-07-25,2023-07-25,14576.86,ship,1,1,0.6082,0.0399,0,3.12
6579,42,17,2023-05-16,2023-06-07,2023-06-07,13397.86,air,3,0,0.1509,0.2372,0,4.19
6580,39,11,2023-08-06,2023-08-26,2023-09-01,1078.01,truck,4,1,0.4224,0.2906,1,155.5
6581,21,13,2025-06-25,2025-07-08,2025-07-08,323.53,truck,5,0,0.3478,0.1211,0,2.15
6582,40,5,2024-08-08,2024-08-29,2024-08-31,459.79,truck,2,1,0.4198,0.1206,1,52.21
6583,4,12,2023-12-26,2024-01-28,2024-01-29,687.71,truck,4,0,0.5135,0.2301,1,19.58
6584,43,2,2023-03-05,2023-03-28,2023-03-29,632.84,truck,1,0,0.209,0.1166,1,26.26
6585,49,4,2023-07-04,2023-07-21,2023-07-21,475.73,truck,1,1,0.5719,0.0836,0,0.95
6586,40,6,2023-05-07,2023-06-07,2023-06-07,3988.99,ship,1,1,0.3471,0.1206,0,2.51
6587,40,20,2023-01-28,2023-04-15,2023-04-15,20000.0,ship,1,1,0.8502,0.1206,0,2.42
6588,9,19,2025-10-22,2025-11-12,2025-11-12,1092.12,truck,2,1,0.3879,0.1382,0,2.72
6589,19,3,2025-05-18,2025-06-03,2025-06-05,419.52,truck,5,1,0.4431,0.2562,1,36.26
6590,44,19,2024-08-21,2024-10-21,2024-10-21,17317.23,ship,1,1,0.1911,0.0719,0,1.92
6591,20,18,2025-09-07,2025-10-15,2025-10-17,3952.97,ship,3,1,0.4939,0.2853,1,45.88
6592,25,16,2023-09-13,2023-11-20,2023-11-22,15806.59,ship,5,1,0.5174,0.3294,1,37.1
6593,18,15,2025-03-23,2025-03-31,2025-03-31,2661.16,air,3,0,0.3822,0.0465,0,3.28
6594,28,13,2023-10-16,2023-11-13,2023-11-13,4600.81,ship,5,0,0.4599,0.183,0,1.68
6595,31,8,2024-02-09,2024-03-05,2024-03-05,1561.62,ship,5,1,0.4199,0.2757,0,3.56
6596,8,10,2025-11-27,2025-12-23,2025-12-23,2915.21,truck,5,0,0.559,0.1094,0,2.06
6597,37,7,2023-03-23,2023-04-22,2023-04-22,1666.05,air,5,1,0.3377,0.1502,0,1.2
6598,29,20,2024-07-15,2024-08-05,2024-08-05,559.08,truck,4,0,0.5176,0.223,0,1.76
6599,47,20,2023-10-22,2023-11-17,2023-11-18,318.28,truck,2,1,0.718,0.1768,1,27.29
6600,41,10,2023-05-06,2023-05-19,2023-05-22,375.04,truck,1,1,0.531,0.5395,1,82.82
6601,30,10,2023-06-16,2023-06-30,2023-06-30,431.14,truck,3,1,0.5813,0.3611,0,2.75
6602,12,17,2023-08-09,2023-09-13,2023-09-13,1880.61,truck,4,1,0.0807,0.2771,0,2.35
6603,13,4,2025-07-12,2025-08-09,2025-08-09,5053.0,ship,2,1,0.6142,0.1757,0,4.03
6604,45,9,2025-03-22,2025-04-09,2025-04-09,817.88,truck,5,0,0.5392,0.1051,0,3.54
6605,40,2,2025-08-27,2025-10-02,2025-10-05,5908.91,ship,2,1,0.454,0.1206,1,63.96
6606,7,19,2024-12-16,2025-01-17,2025-01-20,3804.58,ship,5,2,0.4078,0.2727,1,74.71
6607,34,19,2023-09-15,2023-09-27,2023-09-27,5963.79,air,1,0,0.5709,0.0399,0,1.72
6608,23,10,2024-05-15,2024-06-09,2024-06-09,978.36,truck,2,1,0.6216,0.2281,0,3.83
6609,34,14,2025-07-04,2025-07-13,2025-07-14,795.81,truck,3,2,0.2783,0.0399,1,28.75
6610,23,1,2023-11-30,2024-01-08,2024-01-11,5271.62,ship,5,0,0.7538,0.2281,1,70.53
6611,21,19,2023-09-26,2023-10-16,2023-10-16,3037.5,ship,1,1,0.3279,0.1211,0,2.31
6612,39,9,2025-02-10,2025-03-21,2025-03-22,7068.8,ship,3,0,0.8158,0.2906,1,22.46
6613,23,6,2024-03-05,2024-03-29,2024-03-29,355.02,truck,3,0,0.5073,0.2281,0,1.29
6614,34,15,2023-09-10,2023-09-22,2023-09-22,988.06,truck,2,1,0.4387,0.0399,0,2.43
6615,47,20,2025-11-25,2025-12-22,2025-12-24,910.63,truck,5,1,0.5989,0.1768,1,40.23
6616,23,8,2024-01-30,2024-02-25,2024-02-25,1434.49,truck,1,0,0.477,0.2281,0,3.79
6617,18,8,2024-03-22,2024-03-30,2024-03-30,1157.73,air,2,1,0.3886,0.0465,0,1.95
6618,42,11,2025-08-13,2025-08-31,2025-08-31,10912.93,air,4,1,0.3369,0.2372,0,2.17
6619,47,20,2025-07-30,2025-08-25,2025-08-25,301.34,truck,5,0,0.3962,0.1768,0,2.31
6620,44,5,2023-11-04,2023-11-17,2023-11-17,2216.73,truck,5,0,0.4558,0.0719,0,1.67
6621,27,16,2025-03-18,2025-04-08,2025-04-08,3217.1,air,5,1,0.6057,0.1179,0,1.49
6622,35,5,2024-06-16,2024-07-11,2024-07-11,930.53,truck,1,1,0.5425,0.4038,0,1.96
6623,6,8,2025-05-13,2025-06-17,2025-06-20,4833.67,truck,1,1,0.3555,0.3463,1,74.37
6624,48,16,2023-06-27,2023-07-25,2023-07-26,3296.78,ship,3,1,0.619,0.5295,1,16.61
6625,18,5,2023-09-21,2023-09-29,2023-09-29,430.46,truck,1,0,0.6029,0.0465,0,3.49
6626,36,17,2023-01-13,2023-02-05,2023-02-05,3970.76,air,3,0,0.3668,0.0168,0,2.54
6627,33,2,2024-05-11,2024-05-29,2024-05-29,1392.34,truck,3,2,0.5235,0.1674,0,2.1
6628,40,4,2024-03-20,2024-04-11,2024-04-11,965.11,truck,3,0,0.6565,0.1206,0,1.9
6629,49,18,2024-08-14,2024-09-02,2024-09-03,946.01,truck,2,2,0.725,0.0836,1,20.38
6630,23,13,2023-06-15,2023-07-09,2023-07-09,899.23,truck,3,0,0.5892,0.2281,0,2.76
6631,38,12,2024-09-24,2024-10-12,2024-10-12,2181.7,truck,3,0,0.4269,0.1178,0,1.89
6632,39,10,2025-04-13,2025-05-20,2025-05-22,6640.45,ship,2,1,0.4217,0.2906,1,48.45
6633,28,12,2025-06-02,2025-06-18,2025-06-18,304.1,truck,2,1,0.1512,0.183,0,1.35
6634,24,1,2023-05-01,2023-05-21,2023-05-23,563.22,truck,3,1,0.7174,0.0437,1,56.47
6635,6,10,2025-03-26,2025-04-21,2025-04-21,443.88,truck,3,0,0.3459,0.3463,0,3.8
6636,6,3,2025-08-16,2025-09-10,2025-09-11,338.74,truck,2,0,0.5928,0.3463,1,32.01
6637,27,9,2023-09-16,2023-10-07,2023-10-07,764.72,truck,3,1,1.0,0.1179,0,1.3
6638,9,7,2024-12-28,2025-01-18,2025-01-18,1910.68,truck,3,1,0.2536,0.1382,0,2.3
6639,25,15,2025-09-28,2025-10-22,2025-10-24,1441.08,truck,2,1,0.6791,0.3294,1,43.15
6640,42,12,2023-03-03,2023-03-17,2023-03-17,389.53,truck,3,0,0.4902,0.2372,0,2.26
6641,37,10,2025-05-18,2025-06-21,2025-06-21,1383.02,truck,1,2,0.5036,0.1502,0,2.4
6642,14,15,2023-11-17,2024-01-27,2024-02-05,15909.49,ship,2,0,0.4679,0.2082,1,208.73
6643,31,5,2025-09-22,2025-10-18,2025-10-18,3431.93,ship,4,2,0.5594,0.2757,0,1.56
6644,10,10,2023-08-23,2023-10-08,2023-10-08,8328.02,ship,4,1,0.4929,0.335,0,3.78
6645,4,3,2024-03-29,2024-05-01,2024-05-04,987.97,truck,3,1,0.6966,0.2301,1,76.91
6646,22,1,2025-11-27,2025-12-11,2025-12-11,440.05,truck,2,0,0.5859,0.1904,0,2.13
6647,13,7,2024-10-05,2024-10-22,2024-10-22,1845.0,truck,3,0,0.3832,0.1757,0,2.17
6648,32,14,2024-02-07,2024-03-04,2024-03-04,435.42,truck,4,0,0.3626,0.299,0,2.21
6649,6,7,2024-11-19,2024-12-14,2024-12-20,312.08,truck,5,2,0.2558,0.3463,1,134.9
6650,34,20,2023-04-21,2023-05-03,2023-05-05,1283.84,truck,2,1,0.564,0.0399,1,37.99
6651,1,13,2023-08-01,2023-08-29,2023-08-29,2264.86,truck,3,0,0.4615,0.2492,0,3.73
6652,46,10,2025-04-11,2025-04-29,2025-04-29,5139.78,air,5,0,0.3519,0.0911,0,1.57
6653,8,8,2023-04-20,2023-05-21,2023-05-21,3883.06,ship,2,0,0.488,0.1094,0,1.13
6654,3,14,2023-10-07,2023-11-08,2023-11-12,2346.23,ship,5,1,0.3721,0.2878,1,95.2
6655,30,7,2023-06-01,2023-06-28,2023-06-28,3734.69,ship,1,0,0.4159,0.3611,0,1.51
6656,27,7,2023-08-27,2023-09-18,2023-09-18,2949.39,air,2,0,0.1315,0.1179,0,3.62
6657,3,9,2023-11-11,2023-12-19,2023-12-21,5121.28,ship,5,0,0.6369,0.2878,1,57.98
6658,12,13,2023-05-03,2023-06-04,2023-06-04,888.86,truck,1,0,0.5125,0.2771,0,1.16
6659,22,12,2024-01-06,2024-02-02,2024-02-07,3967.51,ship,3,0,0.5045,0.1904,1,123.95
6660,16,16,2025-06-21,2025-07-17,2025-07-31,5614.2,air,1,2,0.7453,0.3266,1,337.56
6661,22,9,2025-01-07,2025-01-21,2025-01-23,320.87,truck,5,0,0.57,0.1904,1,43.94
6662,3,9,2024-03-01,2024-03-30,2024-03-31,2046.58,ship,5,0,0.6997,0.2878,1,34.18
6663,29,10,2024-03-27,2024-05-05,2024-05-05,5399.28,ship,5,1,0.4316,0.223,0,2.66
6664,34,15,2025-11-15,2025-11-24,2025-11-24,485.99,truck,1,0,0.4202,0.0399,0,3.2
6665,14,2,2024-05-14,2024-06-12,2024-06-12,8265.46,air,3,2,0.3927,0.2082,0,1.38
6666,49,14,2023-12-02,2023-12-19,2023-12-19,1127.31,truck,5,0,0.3026,0.0836,0,1.34
6667,23,15,2024-08-03,2024-09-18,2024-09-18,7495.18,ship,2,1,0.4324,0.2281,0,1.85
6668,6,10,2023-04-30,2023-05-28,2023-05-28,799.14,truck,4,1,0.5395,0.3463,0,1.15
6669,19,7,2024-03-26,2024-04-11,2024-04-11,321.3,truck,4,1,0.3681,0.2562,0,1.57
6670,5,18,2023-10-03,2023-11-02,2023-11-03,2424.89,truck,1,1,0.5037,0.2606,1,26.07
6671,45,18,2025-02-24,2025-03-12,2025-03-15,892.89,truck,1,1,0.75,0.1051,1,66.23
6672,38,1,2023-06-12,2023-07-04,2023-07-05,2385.82,ship,3,2,0.3739,0.1178,1,14.58
6673,9,9,2023-06-30,2023-07-28,2023-07-28,17968.38,air,5,1,0.7912,0.1382,0,2.14
6674,48,17,2023-12-15,2023-12-30,2024-01-03,568.45,truck,4,0,0.2149,0.5295,1,85.62
6675,40,2,2024-07-23,2024-08-19,2024-08-21,1999.98,ship,5,1,0.3525,0.1206,1,53.99
6676,21,15,2025-03-31,2025-04-18,2025-04-18,1493.22,truck,3,1,0.3536,0.1211,0,2.17
6677,13,10,2025-03-05,2025-03-19,2025-03-19,455.44,truck,4,0,0.6036,0.1757,0,2.37
6678,22,3,2025-05-23,2025-06-07,2025-06-07,2825.98,air,2,0,0.6459,0.1904,0,3.37
6679,48,14,2024-05-05,2024-05-23,2024-05-25,1772.67,truck,4,2,0.4303,0.5295,1,40.24
6680,46,7,2024-12-27,2025-01-16,2025-01-18,1892.61,truck,5,1,0.3538,0.0911,1,47.28
6681,3,6,2024-02-29,2024-03-25,2024-03-25,1348.14,truck,1,0,0.4271,0.2878,0,1.6
6682,18,7,2025-04-20,2025-05-02,2025-05-02,1425.48,truck,3,0,0.1201,0.0465,0,2.59
6683,39,10,2025-04-11,2025-05-02,2025-05-03,467.91,truck,2,0,0.3519,0.2906,1,19.47
6684,48,19,2024-04-21,2024-05-09,2024-05-09,2225.92,truck,1,0,0.3092,0.5295,0,2.94
6685,41,7,2023-05-28,2023-06-13,2023-06-14,968.17,truck,3,0,0.4189,0.5395,1,25.37
6686,17,12,2023-08-05,2023-10-14,2023-10-14,10164.08,ship,4,0,0.405,0.1135,0,2.33
6687,25,16,2024-09-28,2024-10-21,2024-10-28,4355.32,air,1,0,0.5606,0.3294,1,157.51
6688,4,1,2023-12-31,2024-01-31,2024-01-31,449.22,truck,1,0,0.6912,0.2301,0,2.53
6689,5,18,2023-03-03,2023-04-02,2023-04-02,1829.09,ship,1,0,0.671,0.2606,0,2.12
6690,36,17,2024-10-26,2024-12-28,2024-12-29,14990.76,ship,3,1,0.5542,0.0168,1,34.08
6691,44,19,2025-04-27,2025-05-21,2025-05-23,4379.15,ship,5,1,0.1055,0.0719,1,46.6
6692,45,13,2025-09-13,2025-09-30,2025-09-30,1400.65,truck,5,0,0.3461,0.1051,0,3.36
6693,18,20,2023-08-13,2023-09-01,2023-09-01,2865.55,ship,4,0,0.5726,0.0465,0,1.79
6694,7,2,2023-07-31,2023-08-30,2023-08-30,3373.35,ship,3,1,0.1885,0.2727,0,1.62
6695,45,17,2023-06-29,2023-07-15,2023-07-19,3897.31,air,5,2,0.1626,0.1051,1,104.89
6696,18,14,2024-12-02,2024-12-11,2024-12-11,2793.34,air,3,0,0.5596,0.0465,0,1.16
6697,37,8,2024-02-03,2024-03-04,2024-03-06,616.26,truck,2,1,0.3376,0.1502,1,38.65
6698,5,6,2025-10-02,2025-11-16,2025-11-21,6682.44,ship,4,1,0.6587,0.2606,1,123.97
6699,38,19,2025-02-14,2025-03-02,2025-03-02,361.64,truck,5,1,0.1762,0.1178,0,2.14
6700,5,13,2023-07-15,2023-08-11,2023-08-11,1164.16,truck,5,1,0.4558,0.2606,0,2.39
6701,36,1,2023-05-30,2023-06-20,2023-06-20,1265.03,truck,5,1,0.6004,0.0168,0,1.42
6702,12,15,2023-02-25,2023-04-18,2023-04-18,6794.31,ship,3,0,0.2264,0.2771,0,2.68
6703,35,17,2023-07-07,2023-08-05,2023-08-07,366.8,truck,4,2,0.2443,0.4038,1,45.5
6704,5,14,2024-03-29,2024-05-20,2024-05-20,9156.56,ship,3,2,0.3912,0.2606,0,2.42
6705,15,3,2023-01-03,2023-02-22,2023-02-25,6179.99,ship,3,2,0.6246,0.1012,1,82.35
6706,50,20,2023-03-25,2023-04-16,2023-04-16,2302.97,ship,2,0,0.6182,0.1476,0,2.91
6707,13,11,2025-04-05,2025-04-21,2025-04-23,972.16,truck,5,1,0.4554,0.1757,1,48.71
6708,6,13,2024-08-25,2024-09-18,2024-09-18,579.43,truck,2,0,0.3439,0.3463,0,2.82
6709,24,10,2024-05-07,2024-05-28,2024-05-28,358.53,truck,4,1,0.3491,0.0437,0,0.69
6710,38,1,2024-09-30,2024-10-31,2024-11-06,5265.72,ship,5,1,0.7538,0.1178,1,147.01
6711,27,3,2025-10-04,2025-10-27,2025-10-27,670.2,truck,4,1,0.6247,0.1179,0,2.87
6712,24,5,2025-07-30,2025-08-18,2025-08-22,596.51,truck,5,1,0.3682,0.0437,1,97.04
6713,47,15,2025-04-04,2025-05-15,2025-05-16,4977.47,ship,1,1,0.4416,0.1768,1,32.83
6714,50,2,2023-07-18,2023-08-12,2023-08-14,2650.41,ship,1,1,0.4058,0.1476,1,36.72
6715,28,2,2024-12-31,2025-01-16,2025-01-16,1375.49,truck,2,0,0.4601,0.183,0,2.79
6716,9,16,2025-05-21,2025-06-08,2025-06-08,451.5,truck,4,1,0.5724,0.1382,0,4.73
6717,30,19,2025-06-23,2025-07-10,2025-07-10,603.82,truck,3,0,0.2416,0.3611,0,2.27
6718,15,14,2023-10-07,2023-11-07,2023-11-08,5941.31,air,5,1,0.3721,0.1012,1,21.09
6719,10,16,2023-10-30,2023-11-24,2023-11-27,2846.43,truck,2,1,0.7113,0.335,1,78.24
6720,10,8,2025-04-08,2025-05-03,2025-05-03,488.35,truck,1,0,0.4184,0.335,0,1.67
6721,33,15,2025-04-09,2025-05-15,2025-05-17,8104.94,ship,2,1,0.4724,0.1674,1,39.06
6722,9,1,2023-12-20,2024-01-13,2024-01-17,2345.97,truck,4,0,0.5724,0.1382,1,87.43
6723,45,13,2024-05-22,2024-06-08,2024-06-11,1243.56,truck,4,1,0.5383,0.1051,1,82.18
6724,24,10,2025-11-23,2025-12-14,2025-12-14,507.13,truck,1,0,0.6306,0.0437,0,1.59
6725,36,19,2024-05-21,2024-06-09,2024-06-13,3828.81,air,4,1,0.5321,0.0168,1,107.76
6726,35,18,2025-01-06,2025-02-02,2025-02-02,6806.87,air,2,0,0.6785,0.4038,0,5.36
6727,45,12,2025-03-03,2025-03-17,2025-03-17,469.23,truck,3,0,0.3251,0.1051,0,1.27
6728,13,10,2025-11-11,2025-11-23,2025-11-23,603.78,truck,4,0,0.3037,0.1757,0,1.24
6729,33,7,2025-05-17,2025-06-10,2025-06-11,3403.82,ship,2,0,0.204,0.1674,1,25.57
6730,32,19,2025-05-27,2025-07-03,2025-07-06,4430.43,ship,1,0,0.1836,0.299,1,61.89
6731,39,9,2024-09-17,2024-10-12,2024-10-16,3191.18,truck,1,1,0.4086,0.2906,1,88.49
6732,46,18,2025-01-09,2025-01-29,2025-01-30,870.49,truck,2,0,0.7071,0.0911,1,25.94
6733,3,5,2025-01-04,2025-02-19,2025-02-19,7784.62,ship,3,0,0.3976,0.2878,0,1.79
6734,29,19,2025-06-28,2025-07-26,2025-07-26,4837.08,truck,1,0,0.0588,0.223,0,1.37
6735,33,6,2023-08-02,2023-08-17,2023-08-17,470.89,truck,1,2,0.5692,0.1674,0,2.11
6736,27,6,2024-08-11,2024-09-02,2024-09-02,497.42,truck,3,2,0.4981,0.1179,0,4.25
6737,45,20,2025-02-26,2025-04-08,2025-04-11,8868.54,ship,3,1,0.431,0.1051,1,83.23
6738,8,7,2023-10-31,2023-12-04,2023-12-08,4927.87,ship,5,2,0.5834,0.1094,1,89.98
6739,5,9,2023-03-19,2023-04-24,2023-04-24,3818.06,ship,1,1,0.7329,0.2606,0,2.8
6740,14,14,2024-10-31,2024-11-26,2024-11-26,321.52,truck,4,0,0.1641,0.2082,0,2.91
6741,44,15,2024-01-28,2024-02-13,2024-02-13,2062.25,ship,4,1,0.3196,0.0719,1,10.16
6742,22,13,2023-05-14,2023-06-21,2023-06-25,7742.43,ship,4,0,0.5835,0.1904,1,93.7
6743,35,16,2023-03-17,2023-04-19,2023-04-21,3087.47,ship,5,0,0.6338,0.4038,1,39.57
6744,35,14,2024-01-29,2024-02-24,2024-02-24,393.33,truck,2,0,0.3365,0.4038,0,0.93
6745,42,1,2024-09-12,2024-09-30,2024-10-01,1131.1,truck,3,1,0.6602,0.2372,1,24.96
6746,19,14,2025-07-16,2025-08-07,2025-08-07,2788.52,truck,5,1,0.0528,0.2562,0,4.15
6747,5,12,2025-09-20,2025-10-15,2025-10-15,726.27,truck,5,0,0.1704,0.2606,0,2.19
6748,27,10,2024-09-22,2024-10-15,2024-10-15,1094.95,truck,4,1,0.5329,0.1179,0,2.96
6749,44,5,2023-03-13,2023-03-27,2023-03-27,2962.31,air,3,0,0.4768,0.0719,0,1.86
6750,38,12,2025-06-06,2025-06-26,2025-06-30,1880.72,ship,5,1,0.4329,0.1178,1,96.97
6751,35,14,2023-10-30,2023-11-24,2023-11-24,444.2,truck,2,0,0.3435,0.4038,0,3.27
6752,9,8,2025-08-29,2025-09-17,2025-09-18,897.44,truck,5,2,0.3154,0.1382,1,25.95
6753,10,17,2023-02-11,2023-03-24,2023-03-25,7939.53,ship,4,0,0.1848,0.335,1,13.93
6754,14,10,2023-04-17,2023-05-14,2023-05-14,356.89,truck,5,0,0.3371,0.2082,0,5.35
6755,30,17,2024-05-04,2024-05-25,2024-05-28,1358.39,truck,1,0,0.4319,0.3611,1,66.6
6756,19,5,2024-03-07,2024-03-29,2024-03-29,1134.87,truck,5,0,0.4072,0.2562,0,3.82
6757,40,19,2024-07-25,2024-08-16,2024-08-16,704.58,truck,2,0,0.3765,0.1206,0,2.13
6758,36,4,2023-12-13,2024-01-02,2024-01-03,624.49,truck,3,1,0.5104,0.0168,1,25.55
6759,8,16,2023-04-01,2023-06-16,2023-06-18,20000.0,ship,3,1,0.6981,0.1094,1,44.63
6760,35,6,2024-12-28,2025-02-01,2025-02-01,3327.07,ship,3,0,0.5019,0.4038,0,1.61
6761,24,16,2023-07-17,2023-08-15,2023-08-20,2453.81,truck,3,2,0.6673,0.0437,1,112.02
6762,47,10,2023-12-28,2024-01-28,2024-01-30,1432.83,truck,1,0,0.4539,0.1768,1,57.8
6763,40,15,2025-05-04,2025-05-31,2025-05-31,2010.3,ship,4,1,0.6429,0.1206,0,1.49
6764,28,5,2024-08-26,2024-09-14,2024-09-14,3098.81,truck,1,1,0.4394,0.183,0,1.02
6765,25,1,2023-08-20,2023-09-17,2023-09-17,2372.68,ship,1,1,0.8324,0.3294,0,2.46
6766,27,8,2025-05-11,2025-06-03,2025-06-03,3350.04,air,4,1,0.4073,0.1179,0,1.3
6767,12,17,2023-09-20,2023-11-05,2023-11-07,5515.01,ship,4,1,0.3311,0.2771,1,40.7
6768,10,5,2024-08-24,2024-09-15,2024-09-17,1239.41,truck,3,1,0.4903,0.335,1,38.0
6769,32,13,2025-09-22,2025-10-26,2025-10-27,2874.65,ship,3,1,0.1705,0.299,1,31.66
6770,34,6,2024-04-27,2024-05-05,2024-05-06,432.89,truck,2,1,0.4174,0.0399,1,19.78
6771,24,16,2023-01-15,2023-02-03,2023-02-06,389.5,truck,3,1,0.8709,0.0437,1,72.79
6772,22,12,2023-07-13,2023-07-29,2023-07-29,1182.05,air,4,0,0.0375,0.1904,0,1.43
6773,21,9,2025-09-12,2025-10-07,2025-10-09,4329.0,ship,4,0,0.5957,0.1211,1,47.51
6774,38,5,2025-01-04,2025-02-08,2025-02-09,7003.18,ship,3,0,0.3976,0.1178,1,24.84
6775,11,15,2025-07-08,2025-07-21,2025-07-24,309.94,truck,4,2,0.4941,0.163,1,62.03
6776,20,8,2023-10-17,2023-11-25,2023-11-25,3154.7,ship,2,0,0.2362,0.2853,0,1.08
6777,5,16,2025-07-13,2025-09-07,2025-09-08,10601.79,ship,1,1,0.8069,0.2606,1,27.08
6778,41,20,2024-10-23,2024-11-09,2024-11-12,367.44,truck,3,2,0.5864,0.5395,1,68.95
6779,45,2,2025-01-13,2025-01-27,2025-01-27,516.29,truck,2,0,0.2872,0.1051,0,4.96
6780,31,13,2024-06-16,2024-07-11,2024-07-14,1627.01,ship,2,0,0.2654,0.2757,1,66.32
6781,27,18,2024-02-17,2024-03-13,2024-03-16,2815.73,truck,2,0,0.7492,0.1179,1,63.74
6782,5,13,2025-10-12,2025-11-07,2025-11-07,3396.81,air,5,0,0.4653,0.2606,0,2.01
6783,3,18,2023-01-28,2023-02-26,2023-03-02,1761.18,truck,4,0,0.5599,0.2878,1,92.41
6784,42,16,2023-04-15,2023-05-05,2023-05-08,1488.92,truck,2,1,0.6987,0.2372,1,63.87
6785,10,6,2025-03-10,2025-03-31,2025-03-31,1040.56,truck,4,0,0.3215,0.335,1,5.2
6786,22,15,2023-11-05,2023-12-08,2023-12-08,6361.98,ship,5,0,0.5639,0.1904,0,2.38
6787,11,11,2023-09-10,2023-09-26,2023-09-28,1365.33,truck,4,0,0.5667,0.163,1,49.08
6788,4,2,2024-04-24,2024-05-29,2024-05-29,2015.01,truck,2,2,0.544,0.2301,0,2.83
6789,28,1,2024-10-01,2024-10-17,2024-10-17,361.85,truck,1,1,0.8416,0.183,0,2.54
6790,32,3,2024-07-17,2024-08-20,2024-08-20,3334.3,ship,1,0,0.3693,0.299,0,2.69
6791,25,12,2024-01-05,2024-02-11,2024-02-12,5599.24,ship,1,0,0.4508,0.3294,1,28.08
6792,13,9,2023-07-14,2023-07-31,2023-08-01,4465.36,air,3,1,0.6558,0.1757,1,27.06
6793,16,14,2024-10-11,2024-11-05,2024-11-05,1284.03,air,1,1,0.3798,0.3266,0,1.58
6794,40,2,2024-04-09,2024-04-29,2024-04-29,804.03,truck,3,1,0.5586,0.1206,0,1.03
6795,5,6,2023-06-04,2023-06-30,2023-06-30,727.02,truck,4,2,0.2136,0.2606,0,0.9
6796,33,3,2025-09-11,2025-09-22,2025-09-22,388.07,truck,2,0,0.2872,0.1674,0,1.36
6797,5,13,2024-10-13,2024-11-07,2024-11-09,488.57,truck,1,1,0.5218,0.2606,1,58.16
6798,36,18,2025-06-18,2025-07-14,2025-07-14,9025.46,air,1,1,0.4294,0.0168,0,2.18
6799,8,2,2024-04-09,2024-04-29,2024-04-29,1413.68,air,4,1,0.5586,0.1094,0,2.76
6800,46,20,2023-08-08,2023-08-27,2023-08-27,610.38,truck,3,0,0.6568,0.0911,0,1.07
6801,23,11,2023-10-20,2023-11-13,2023-11-13,2605.53,air,5,1,0.429,0.2281,0,1.35
6802,14,16,2023-10-21,2023-12-12,2023-12-14,8105.48,ship,3,0,0.6138,0.2082,1,36.77
6803,7,14,2023-02-06,2023-04-05,2023-04-05,13111.29,ship,2,0,0.4105,0.2727,0,1.67
6804,8,2,2023-04-06,2023-04-27,2023-04-29,529.24,truck,1,1,0.4529,0.1094,1,36.77
6805,26,9,2024-04-01,2024-04-30,2024-04-30,19480.38,air,3,1,0.4962,0.1577,0,4.37
6806,38,3,2023-03-26,2023-04-10,2023-04-12,306.09,truck,2,1,0.3159,0.1178,1,53.65
6807,38,5,2024-07-02,2024-07-16,2024-07-16,3043.54,air,2,1,0.5851,0.1178,0,2.95
6808,45,15,2023-09-15,2023-10-02,2023-10-02,2875.39,air,3,1,0.5435,0.1051,0,1.0
6809,22,2,2025-07-27,2025-08-20,2025-08-21,3256.5,ship,3,2,0.5752,0.1904,1,33.78
6810,40,19,2023-07-13,2023-08-02,2023-08-02,311.73,truck,3,0,0.3433,0.1206,0,1.44
6811,14,2,2023-12-28,2024-02-08,2024-02-11,6164.63,ship,4,0,0.3561,0.2082,1,72.47
6812,1,15,2025-03-06,2025-04-06,2025-04-06,3413.26,ship,4,1,0.5427,0.2492,0,1.59
6813,49,4,2023-10-05,2023-10-20,2023-10-22,738.95,truck,4,0,0.6605,0.0836,1,43.27
6814,15,13,2025-06-25,2025-07-28,2025-07-28,686.58,truck,1,0,0.3478,0.1012,0,3.14
6815,29,10,2023-08-15,2023-09-07,2023-09-08,1737.11,truck,1,2,0.7235,0.223,1,29.49
6816,47,4,2025-02-17,2025-04-15,2025-04-15,10722.03,ship,4,0,0.5245,0.1768,0,2.02
6817,49,3,2024-04-27,2024-05-14,2024-05-16,508.28,truck,2,1,0.7361,0.0836,1,39.09
6818,48,14,2024-04-17,2024-05-05,2024-05-06,327.8,truck,3,1,0.4298,0.5295,1,20.39
6819,13,18,2024-04-23,2024-05-10,2024-05-10,4336.05,air,1,0,0.6876,0.1757,0,2.99
6820,27,19,2024-09-29,2024-11-09,2024-11-12,6648.57,ship,2,1,0.2686,0.1179,1,72.44
6821,1,15,2024-12-18,2025-01-10,2025-01-13,655.82,truck,3,0,0.467,0.2492,1,77.92
6822,27,6,2025-11-03,2026-01-11,2026-01-11,17626.25,ship,2,0,0.513,0.1179,0,3.11
6823,20,14,2023-02-22,2023-03-27,2023-03-27,2230.28,truck,2,0,0.6389,0.2853,0,1.36
6824,25,15,2024-04-14,2024-05-08,2024-05-08,614.78,truck,1,0,0.5318,0.3294,0,1.68
6825,14,3,2024-10-20,2024-11-15,2024-11-17,641.51,truck,5,1,0.6279,0.2082,1,36.57
6826,10,2,2023-09-16,2023-10-09,2023-10-09,1816.01,air,5,0,0.2773,0.335,0,2.88
6827,46,14,2024-05-14,2024-06-14,2024-06-18,4686.18,ship,2,1,0.3,0.0911,1,94.12
6828,8,12,2023-01-29,2023-04-19,2023-04-21,20000.0,ship,4,0,0.2615,0.1094,1,57.73
6829,14,16,2024-12-18,2025-03-08,2025-03-10,20000.0,ship,3,0,0.6716,0.2082,1,49.44
6830,41,17,2024-01-24,2024-03-11,2024-03-11,10541.24,ship,4,0,0.2804,0.5395,0,2.02
6831,41,15,2025-07-31,2025-08-24,2025-08-24,2622.41,ship,4,1,0.4007,0.5395,0,2.56
6832,4,5,2023-03-20,2023-04-30,2023-04-30,2927.28,ship,1,1,0.492,0.2301,0,2.82
6833,35,10,2024-11-02,2024-11-29,2024-11-30,1420.98,truck,5,0,0.4382,0.4038,1,23.54
6834,34,18,2023-10-23,2023-11-02,2023-11-17,716.76,truck,4,1,0.6771,0.0399,1,350.35
6835,15,19,2024-02-07,2024-03-09,2024-03-09,451.8,truck,2,1,0.5,0.1012,0,1.32
6836,42,7,2025-09-26,2025-10-10,2025-10-10,941.12,truck,1,0,0.5151,0.2372,0,2.63
6837,35,1,2023-03-02,2023-03-26,2023-03-30,761.26,truck,3,0,0.5076,0.4038,1,92.96
6838,41,4,2025-01-21,2025-02-08,2025-02-08,1110.91,truck,5,0,0.622,0.5395,1,11.0
6839,29,11,2025-11-08,2025-12-06,2025-12-07,2341.7,ship,1,0,0.5725,0.223,1,26.53
6840,48,4,2024-02-11,2024-03-01,2024-03-02,2620.7,truck,2,0,0.6137,0.5295,1,35.75
6841,3,4,2024-07-05,2024-08-01,2024-08-04,1450.62,truck,5,1,0.4884,0.2878,1,72.89
6842,8,7,2023-07-21,2023-09-25,2023-10-02,16762.78,ship,2,1,0.0503,0.1094,1,162.95
6843,7,11,2023-03-14,2023-04-07,2023-04-07,1620.32,truck,5,1,0.3827,0.2727,0,1.61
6844,48,14,2024-01-23,2024-02-09,2024-02-13,2853.63,air,4,0,0.349,0.5295,1,96.27
6845,5,2,2025-05-08,2025-06-08,2025-06-10,1022.93,truck,3,2,0.458,0.2606,1,58.85
6846,12,3,2025-11-14,2026-01-16,2026-01-19,11595.95,ship,4,1,0.4884,0.2771,1,76.93
6847,18,13,2023-02-09,2023-02-23,2023-02-23,1666.57,truck,5,1,0.3015,0.0465,0,2.29
6848,5,6,2025-11-02,2025-12-09,2025-12-09,3668.27,ship,2,0,0.5076,0.2606,0,2.53
6849,26,20,2024-09-23,2024-10-17,2024-10-17,11467.37,air,1,0,0.6365,0.1577,0,3.97
6850,28,20,2024-03-30,2024-04-15,2024-04-15,959.14,truck,3,0,0.5424,0.183,0,2.21
6851,3,10,2023-09-08,2023-10-04,2023-10-04,1990.42,air,2,1,0.5303,0.2878,0,2.37
6852,24,6,2025-04-10,2025-05-01,2025-05-03,1527.37,ship,1,1,0.5377,0.0437,1,51.14
6853,43,16,2023-09-15,2023-11-01,2023-11-06,7694.79,ship,2,1,0.6462,0.1166,1,125.12
6854,47,17,2023-05-29,2023-06-24,2023-06-30,388.42,truck,5,1,0.2402,0.1768,1,140.97
6855,27,18,2025-08-01,2025-09-25,2025-10-01,12496.83,ship,3,2,0.7425,0.1179,1,136.49
6856,41,5,2024-09-05,2024-09-25,2024-09-25,3192.4,truck,1,0,0.4848,0.5395,0,1.75
6857,7,7,2024-04-03,2024-05-06,2024-05-08,3736.9,ship,2,1,0.3,0.2727,1,54.71
6858,8,6,2023-08-20,2023-09-11,2023-09-11,361.4,truck,1,1,0.5092,0.1094,0,2.39
6859,4,11,2025-10-19,2025-11-19,2025-11-19,630.88,truck,1,1,0.2893,0.2301,0,0.96
6860,26,19,2023-02-13,2023-03-29,2023-03-29,8731.83,ship,5,0,0.3467,0.1577,0,2.15
6861,20,14,2025-05-26,2025-06-23,2025-06-26,500.55,truck,2,1,0.5661,0.2853,1,65.12
6862,48,8,2024-10-22,2024-11-07,2024-11-07,531.66,truck,2,0,0.2027,0.5295,0,4.02
6863,41,3,2023-01-21,2023-02-06,2023-02-06,323.04,truck,3,1,0.4356,0.5395,0,2.36
6864,42,11,2024-03-19,2024-04-02,2024-04-04,872.47,truck,1,1,0.5249,0.2372,1,42.34
6865,25,13,2024-03-22,2024-05-06,2024-05-08,8852.28,ship,2,1,0.302,0.3294,1,44.3
6866,40,11,2025-04-30,2025-05-27,2025-06-01,2439.04,ship,5,0,0.3001,0.1206,1,118.23
6867,16,9,2025-10-21,2025-11-17,2025-11-17,1210.9,truck,3,1,0.6214,0.3266,0,2.93
6868,29,17,2024-03-18,2024-04-17,2024-04-17,4455.97,truck,5,1,0.2512,0.223,0,2.43
6869,33,3,2024-05-11,2024-07-16,2024-07-16,18754.63,ship,4,0,0.4472,0.1674,0,4.02
6870,39,18,2023-01-03,2023-02-21,2023-02-26,10792.38,ship,4,1,0.5815,0.2906,1,127.11
6871,33,14,2024-10-17,2024-12-19,2024-12-20,17837.04,ship,4,1,0.4244,0.1674,1,29.76
6872,32,7,2023-11-20,2024-01-02,2024-01-03,6333.98,ship,5,1,0.2159,0.299,1,17.12
6873,22,1,2023-04-05,2023-04-29,2023-05-01,3131.13,ship,1,0,0.3963,0.1904,1,48.49
6874,50,6,2025-06-08,2025-06-26,2025-06-29,917.52,truck,4,1,0.5443,0.1476,1,61.51
6875,48,9,2024-09-26,2024-10-14,2024-10-15,680.07,truck,2,0,0.5877,0.5295,1,29.78
6876,7,9,2024-10-14,2024-11-07,2024-11-07,4919.46,air,4,0,0.4933,0.2727,0,1.53
6877,35,9,2023-06-25,2023-07-25,2023-07-27,2055.58,ship,1,2,0.826,0.4038,1,50.38
6878,27,1,2024-01-07,2024-02-08,2024-02-10,3808.11,ship,4,0,0.6736,0.1179,1,50.34
6879,8,15,2024-07-12,2024-08-05,2024-08-07,5070.52,air,3,2,0.5372,0.1094,1,57.03
6880,45,19,2023-10-10,2023-10-31,2023-10-31,4144.75,truck,3,1,0.0603,0.1051,0,1.2
6881,19,17,2025-01-08,2025-01-27,2025-01-27,1054.45,truck,3,0,0.6286,0.2562,0,2.17
6882,32,4,2024-11-06,2024-12-02,2024-12-02,575.4,truck,4,0,0.5759,0.299,0,2.41
6883,44,3,2023-10-09,2023-10-22,2023-10-23,907.94,truck,1,1,0.6258,0.0719,1,28.2
6884,47,3,2023-09-02,2023-10-23,2023-10-28,8758.02,ship,5,1,0.5123,0.1768,1,109.02
6885,19,20,2024-02-27,2024-03-17,2024-03-19,531.6,truck,2,1,0.4061,0.2562,1,39.67
6886,20,16,2025-03-06,2025-04-16,2025-04-18,4737.4,ship,3,0,0.5034,0.2853,1,42.9
6887,25,17,2025-07-08,2025-08-02,2025-08-05,705.16,truck,1,1,0.2687,0.3294,1,74.11
6888,37,18,2023-02-09,2023-03-12,2023-03-14,708.31,truck,1,0,0.5107,0.1502,1,54.56
6889,9,14,2023-08-30,2023-09-19,2023-09-19,1017.79,truck,3,1,0.4213,0.1382,0,2.52
6890,40,7,2025-08-18,2025-09-08,2025-09-08,459.15,truck,5,1,0.3569,0.1206,0,1.24
6891,48,11,2024-08-30,2024-09-20,2024-09-22,3213.77,truck,2,0,0.5245,0.5295,1,43.94
6892,28,17,2023-01-05,2023-01-19,2023-01-19,903.02,truck,1,0,0.5398,0.183,0,2.02
6893,15,8,2025-04-28,2025-07-07,2025-07-08,15691.53,ship,2,1,0.4254,0.1012,1,30.53
6894,14,19,2024-05-14,2024-06-30,2024-07-01,7279.71,ship,3,0,0.3411,0.2082,1,27.97
6895,25,8,2024-02-14,2024-03-13,2024-03-13,2957.71,truck,1,0,0.2929,0.3294,0,2.55
6896,48,6,2025-02-01,2025-02-18,2025-02-18,485.33,truck,4,0,0.2406,0.5295,0,2.0
6897,7,3,2024-01-28,2024-02-21,2024-02-22,765.77,truck,1,2,0.4,0.2727,1,22.38
6898,25,9,2025-01-06,2025-02-02,2025-02-02,9376.87,air,2,0,0.618,0.3294,0,2.09
6899,26,12,2025-01-10,2025-02-01,2025-02-01,533.43,truck,5,0,0.4616,0.1577,0,1.17
6900,19,9,2024-01-05,2024-01-22,2024-01-22,1157.69,truck,4,0,0.7356,0.2562,0,1.69
6901,40,7,2024-10-15,2024-11-07,2024-11-10,1382.38,truck,5,1,0.3452,0.1206,1,60.14
6902,18,19,2024-08-07,2024-10-12,2024-10-15,20000.0,ship,3,1,0.3271,0.0465,1,74.7
6903,28,8,2024-08-12,2024-09-25,2024-09-25,10144.49,ship,4,0,0.3457,0.183,0,2.26
6904,45,8,2024-06-10,2024-06-23,2024-06-26,464.51,truck,3,2,0.3465,0.1051,1,61.19
6905,47,9,2023-06-11,2023-07-12,2023-07-21,1800.15,truck,4,2,0.6139,0.1768,1,221.16
6906,44,1,2025-07-08,2025-09-03,2025-09-06,16151.6,ship,2,1,0.4955,0.0719,1,63.02
6907,31,9,2023-10-17,2023-11-15,2023-11-16,4590.75,ship,3,1,0.3711,0.2757,1,16.9
6908,23,3,2023-02-16,2023-04-14,2023-04-15,11641.81,ship,4,1,0.3786,0.2281,1,24.62
6909,29,6,2023-06-22,2023-07-13,2023-07-13,552.01,truck,3,1,0.6075,0.223,0,2.31
6910,15,4,2025-03-20,2025-04-23,2025-04-23,5386.04,air,3,1,0.7538,0.1012,0,1.83
6911,40,16,2024-11-04,2024-12-12,2024-12-13,6284.78,ship,2,1,0.4867,0.1206,1,30.54
6912,50,11,2024-02-12,2024-03-01,2024-03-03,432.74,truck,4,0,0.4335,0.1476,1,37.7
6913,33,9,2024-10-20,2024-11-13,2024-11-18,3554.91,ship,2,1,0.6703,0.1674,1,128.96
6914,9,3,2025-01-10,2025-02-02,2025-02-03,1882.1,ship,2,2,0.668,0.1382,1,18.89
6915,29,14,2025-10-28,2025-11-22,2025-11-22,9420.1,air,4,0,0.2736,0.223,0,1.58
6916,11,1,2025-08-11,2025-08-25,2025-08-25,5939.12,air,5,1,0.4296,0.163,0,2.21
6917,46,2,2023-09-09,2023-09-28,2023-09-28,360.51,truck,2,0,0.3967,0.0911,0,1.71
6918,31,17,2025-10-27,2025-11-17,2025-11-17,386.83,truck,2,0,0.2724,0.2757,0,1.09
6919,27,2,2025-05-27,2025-07-02,2025-07-02,4976.6,ship,3,1,0.2971,0.1179,0,2.64
6920,11,8,2023-10-01,2023-10-16,2023-10-16,3758.67,air,4,1,0.4596,0.163,0,2.22
6921,23,17,2025-01-08,2025-02-04,2025-02-04,1919.07,ship,3,0,0.6286,0.2281,0,2.21
6922,45,20,2023-01-15,2023-01-28,2023-02-16,993.33,truck,5,1,0.6185,0.1051,1,452.49
6923,46,8,2025-01-22,2025-02-15,2025-02-15,8861.3,air,5,0,0.4322,0.0911,0,0.95
6924,13,12,2023-01-29,2023-02-21,2023-02-21,16019.0,air,5,0,0.2615,0.1757,0,1.79
6925,13,4,2025-03-04,2025-03-20,2025-03-20,1075.14,truck,1,0,0.3996,0.1757,0,2.54
6926,13,7,2024-09-23,2024-10-15,2024-10-15,2497.08,ship,3,1,0.417,0.1757,0,2.01
6927,47,10,2024-04-07,2024-05-09,2024-05-12,8965.31,air,3,1,0.6163,0.1768,1,70.17
6928,30,7,2024-04-14,2024-05-30,2024-05-30,10371.08,ship,1,0,0.3308,0.3611,0,1.6
6929,2,7,2023-01-13,2023-02-14,2023-02-19,7672.5,ship,5,2,0.2397,0.3485,1,130.42
6930,24,20,2025-04-12,2025-05-05,2025-05-05,610.86,truck,2,1,0.4153,0.0437,0,5.09
6931,7,17,2024-01-30,2024-03-02,2024-03-02,2245.17,ship,2,0,0.0954,0.2727,0,1.36
6932,31,18,2025-07-12,2025-08-01,2025-08-03,2063.16,truck,3,2,0.7485,0.2757,1,51.7
6933,14,19,2025-08-23,2025-09-23,2025-09-26,8926.59,air,5,0,0.2947,0.2082,1,69.37
6934,15,5,2023-07-07,2023-08-06,2023-08-06,4172.01,air,5,1,0.81,0.1012,0,1.7
6935,8,17,2025-08-13,2025-09-04,2025-09-04,1472.85,truck,2,1,0.0722,0.1094,0,4.09
6936,32,17,2023-04-15,2023-05-12,2023-05-13,3932.82,air,1,2,0.4821,0.299,1,18.92
6937,2,9,2024-01-11,2024-03-17,2024-03-23,20000.0,ship,5,0,0.8208,0.3485,1,134.39
6938,1,15,2025-05-04,2025-05-27,2025-05-31,331.73,truck,1,1,0.6429,0.2492,1,85.51
6939,39,3,2024-06-20,2024-07-14,2024-07-17,2062.99,truck,3,0,0.4823,0.2906,1,60.13
6940,26,13,2025-05-24,2025-06-12,2025-06-12,1078.39,air,4,0,0.6545,0.1577,0,1.52
6941,32,3,2024-07-01,2024-08-01,2024-08-01,1564.63,ship,5,0,0.7066,0.299,0,2.5
6942,34,10,2024-01-01,2024-01-21,2024-01-21,3874.63,ship,1,0,0.4466,0.0399,0,2.51
6943,8,2,2025-11-19,2025-12-10,2025-12-10,313.35,truck,2,0,0.3085,0.1094,0,2.95
6944,27,7,2023-09-13,2023-10-13,2023-10-13,16926.38,air,1,1,0.3193,0.1179,0,1.22
6945,15,12,2023-07-04,2023-08-04,2023-08-06,595.66,truck,2,2,0.3437,0.1012,1,43.8
6946,20,7,2023-01-28,2023-03-02,2023-03-03,3526.9,truck,2,0,0.2674,0.2853,1,24.1
6947,48,1,2024-08-09,2024-08-27,2024-09-02,1738.77,truck,5,2,0.5381,0.5295,1,134.9
6948,15,3,2024-07-20,2024-08-20,2024-08-20,5689.94,air,1,0,0.4311,0.1012,0,4.72
6949,30,5,2025-07-23,2025-08-17,2025-08-19,11700.68,air,5,2,0.6815,0.3611,1,52.78
6950,19,16,2024-11-04,2024-11-20,2024-11-21,1172.06,truck,3,1,0.4867,0.2562,1,22.61
6951,1,18,2025-07-19,2025-08-26,2025-08-30,5970.83,ship,5,1,0.8249,0.2492,1,98.41
6952,31,10,2024-09-24,2024-10-15,2024-10-15,1365.39,truck,3,1,0.6012,0.2757,0,1.76
6953,2,19,2023-07-03,2023-08-02,2023-08-04,5818.34,ship,3,0,0.4811,0.3485,1,38.11
6954,5,9,2024-04-26,2024-06-12,2024-06-17,7897.29,ship,3,1,0.8084,0.2606,1,116.19
6955,37,15,2025-07-22,2025-08-26,2025-08-29,2086.88,ship,4,2,0.6493,0.1502,1,60.83
6956,47,3,2023-04-10,2023-06-12,2023-06-18,13414.45,ship,3,1,0.6219,0.1768,1,132.17
6957,10,20,2024-08-19,2024-09-14,2024-09-23,1661.17,truck,3,0,0.6265,0.335,1,209.65
6958,4,16,2024-07-22,2024-08-24,2024-08-24,3348.31,air,2,1,0.4135,0.2301,0,2.86
6959,15,19,2023-09-05,2023-10-07,2023-10-07,1493.05,truck,2,1,0.3338,0.1012,0,2.03
6960,13,13,2024-01-22,2024-02-19,2024-02-21,4701.85,ship,5,2,0.3858,0.1757,1,58.23
6961,22,2,2024-07-21,2024-08-07,2024-08-11,964.53,truck,4,2,0.3655,0.1904,1,103.99
6962,28,19,2025-01-25,2025-02-08,2025-02-09,540.37,truck,3,2,0.158,0.183,1,33.72
6963,33,2,2023-09-13,2023-10-02,2023-10-02,1645.91,truck,2,1,0.2827,0.1674,0,2.1
6964,42,8,2025-11-17,2025-12-05,2025-12-05,6209.54,air,4,0,0.5078,0.2372,0,2.19
6965,18,13,2025-09-26,2025-10-05,2025-10-05,690.52,truck,1,1,0.2798,0.0465,0,3.36
6966,49,18,2024-10-04,2024-10-20,2024-10-20,708.0,truck,4,1,0.6443,0.0836,0,1.04
6967,30,7,2023-01-04,2023-01-20,2023-01-21,2261.42,air,2,2,0.5222,0.3611,1,27.81
6968,36,3,2024-06-20,2024-08-10,2024-08-10,9856.46,ship,1,0,0.4823,0.0168,0,3.27
6969,50,19,2024-01-19,2024-02-11,2024-02-13,1663.59,truck,1,1,0.4275,0.1476,1,50.3
6970,35,10,2023-11-21,2023-12-21,2023-12-24,2930.31,truck,5,0,0.3517,0.4038,1,63.84
6971,16,9,2024-07-14,2024-08-23,2024-08-23,5493.09,ship,1,1,0.6966,0.3266,0,2.2
6972,6,1,2023-06-14,2023-07-19,2023-07-19,20000.0,air,2,1,0.3202,0.3463,0,1.19
6973,32,20,2024-01-05,2024-02-15,2024-02-19,5954.39,ship,2,1,0.4168,0.299,1,106.95
6974,49,15,2023-07-09,2023-07-28,2023-08-02,868.74,truck,4,2,0.5708,0.0836,1,114.36
6975,11,20,2024-08-27,2024-09-10,2024-09-14,340.72,truck,3,0,0.5559,0.163,1,89.91
6976,32,8,2023-05-12,2023-06-25,2023-06-26,6434.51,ship,3,1,0.4032,0.299,1,25.29
6977,49,15,2023-10-20,2023-11-07,2023-11-08,971.66,truck,5,0,0.4331,0.0836,1,12.71
6978,26,12,2024-11-13,2024-12-04,2024-12-05,1112.63,truck,1,0,0.2288,0.1577,1,13.28
6979,4,1,2023-02-02,2023-03-08,2023-03-08,693.99,truck,3,0,0.6314,0.2301,0,2.16
6980,38,8,2025-08-04,2025-08-20,2025-08-22,528.59,truck,5,1,0.635,0.1178,1,37.04
6981,34,16,2025-09-12,2025-09-21,2025-09-21,1980.6,air,3,0,0.6502,0.0399,0,2.97
6982,9,10,2023-09-17,2023-10-05,2023-10-05,377.8,truck,1,1,0.6945,0.1382,0,1.61
6983,13,14,2023-05-10,2023-05-25,2023-05-26,1137.84,truck,5,1,0.3996,0.1757,1,31.2
6984,6,5,2023-12-05,2024-01-01,2024-01-01,899.56,truck,4,0,0.433,0.3463,0,0.94
6985,27,19,2024-02-19,2024-03-09,2024-03-09,1963.46,air,2,0,0.2293,0.1179,0,2.94
6986,39,7,2025-05-09,2025-05-30,2025-05-31,1862.0,truck,5,0,0.2261,0.2906,1,35.37
6987,18,3,2025-08-04,2025-10-03,2025-10-06,18218.68,ship,5,0,0.8425,0.0465,1,69.65
6988,44,14,2025-07-18,2025-08-20,2025-08-24,6584.12,ship,4,2,0.1667,0.0719,1,84.37
6989,16,3,2024-09-15,2024-10-20,2024-10-22,3237.59,ship,5,0,0.3932,0.3266,1,45.45
6990,1,6,2024-07-01,2024-08-01,2024-08-03,15010.47,air,3,1,0.3632,0.2492,1,46.16
6991,43,12,2024-09-07,2024-10-04,2024-10-05,1247.01,truck,2,0,0.267,0.1166,1,28.32
6992,1,19,2024-05-28,2024-06-19,2024-06-20,1342.11,truck,2,0,0.3465,0.2492,1,27.01
6993,3,15,2023-07-12,2023-08-09,2023-08-09,2279.13,truck,2,2,0.7353,0.2878,0,2.19
6994,4,14,2023-05-16,2023-06-20,2023-06-21,887.8,truck,4,2,0.4026,0.2301,1,21.18
6995,49,3,2023-07-16,2023-08-05,2023-08-05,1904.48,ship,4,0,0.5392,0.0836,0,2.01
6996,25,5,2025-05-22,2025-06-19,2025-06-22,2671.26,truck,2,2,0.62,0.3294,1,81.62
6997,46,2,2025-09-22,2025-10-13,2025-10-13,1026.61,truck,4,0,0.3317,0.0911,0,0.83
6998,42,20,2023-10-13,2023-10-31,2023-10-31,1836.79,truck,2,0,0.6809,0.2372,0,1.49
6999,10,2,2025-01-23,2025-02-15,2025-02-16,339.93,truck,2,0,0.1392,0.335,1,32.6
7000,40,20,2024-08-26,2024-09-18,2024-09-18,4518.99,air,3,0,0.5459,0.1206,0,1.45
7001,23,15,2024-08-04,2024-08-27,2024-08-27,1192.59,air,3,1,0.4165,0.2281,0,1.63
7002,18,9,2025-03-10,2025-04-19,2025-04-20,10473.7,ship,2,0,1.0,0.0465,1,27.99
7003,13,19,2023-01-12,2023-01-27,2023-01-27,491.13,truck,3,1,0.173,0.1757,0,2.1
7004,12,5,2025-04-24,2025-06-03,2025-06-10,3609.84,truck,4,1,0.5076,0.2771,1,169.11
7005,39,18,2025-05-25,2025-07-24,2025-07-26,14563.4,ship,3,2,0.3994,0.2906,1,59.76
7006,37,14,2024-05-29,2024-06-28,2024-06-29,643.65,truck,4,1,0.3274,0.1502,1,31.24
7007,27,14,2024-10-31,2024-12-11,2024-12-12,7429.78,ship,4,0,0.1641,0.1179,1,13.58
7008,17,13,2023-08-17,2023-09-28,2023-09-29,1520.46,truck,3,0,0.3153,0.1135,1,29.24
7009,19,13,2023-03-24,2023-04-11,2023-04-11,1345.96,truck,2,1,0.4152,0.2562,0,5.07
7010,1,19,2023-09-22,2023-10-24,2023-10-24,2964.35,ship,4,0,0.37,0.2492,0,2.95
7011,3,12,2024-04-02,2024-04-29,2024-04-29,2758.44,truck,2,0,0.143,0.2878,0,1.63
7012,8,9,2023-07-31,2023-08-22,2023-08-22,826.59,truck,4,1,0.8357,0.1094,0,2.66
7013,9,15,2023-05-05,2023-05-27,2023-05-30,11473.94,air,4,2,0.4045,0.1382,1,65.08
7014,42,15,2024-07-05,2024-07-22,2024-07-25,1051.24,truck,5,1,0.49,0.2372,1,61.47
7015,20,17,2024-07-15,2024-08-16,2024-08-18,988.83,truck,2,1,0.2465,0.2853,1,49.27
7016,25,18,2024-06-11,2024-07-05,2024-07-06,365.55,truck,2,1,0.7809,0.3294,1,12.61
7017,10,6,2024-07-31,2024-09-02,2024-09-04,3963.75,ship,1,2,0.5817,0.335,1,59.88
7018,47,14,2025-03-25,2025-05-01,2025-05-01,4158.08,ship,5,1,0.2726,0.1768,0,1.47
7019,15,2,2024-02-13,2024-03-15,2024-03-16,337.53,truck,3,0,0.4054,0.1012,1,23.64
7020,10,9,2024-02-06,2024-02-29,2024-02-29,543.76,truck,1,0,0.7099,0.335,0,1.9
7021,14,5,2025-06-28,2025-09-04,2025-09-05,14766.78,ship,5,1,0.8085,0.2082,1,33.62
7022,13,16,2024-09-22,2024-11-11,2024-11-13,13135.49,ship,1,0,0.3838,0.1757,1,40.93
7023,39,7,2024-12-17,2025-01-04,2025-01-04,825.0,truck,1,1,0.4118,0.2906,0,1.04
7024,30,20,2023-12-19,2024-01-05,2024-01-09,1077.11,air,1,1,0.5084,0.3611,1,84.1
7025,11,12,2024-10-26,2024-11-11,2024-11-11,1367.75,truck,5,0,0.278,0.163,0,2.51
7026,35,6,2024-02-21,2024-03-17,2024-03-24,997.88,truck,5,0,0.4738,0.4038,1,169.82
7027,13,5,2025-07-30,2025-08-14,2025-08-19,816.42,truck,4,1,0.3682,0.1757,1,115.68
7028,30,15,2024-09-11,2024-10-10,2024-10-13,4048.65,ship,4,1,0.6775,0.3611,1,71.08
7029,11,9,2024-07-25,2024-08-10,2024-08-11,928.34,truck,3,1,0.9027,0.163,1,33.57
7030,11,15,2025-02-03,2025-02-16,2025-02-16,745.2,truck,1,0,0.5986,0.163,0,1.43
7031,45,15,2023-11-23,2023-12-07,2023-12-08,519.86,truck,3,1,0.3345,0.1051,1,26.69
7032,5,8,2024-11-03,2024-12-01,2024-12-01,573.67,truck,5,0,0.4696,0.2606,0,2.32
7033,50,20,2023-02-20,2023-03-19,2023-03-19,3172.2,ship,3,1,0.5438,0.1476,0,1.94
7034,22,4,2024-10-27,2024-11-13,2024-11-13,1798.45,truck,3,0,0.5103,0.1904,0,1.21
7035,26,13,2024-08-30,2024-09-25,2024-09-25,14287.55,air,1,1,0.3336,0.1577,0,4.45
7036,31,10,2025-08-05,2025-08-29,2025-09-02,2540.98,ship,2,2,0.497,0.2757,1,87.07
7037,16,16,2025-05-14,2025-06-09,2025-06-16,458.58,truck,5,1,0.5044,0.3266,1,168.06
7038,8,12,2023-02-23,2023-03-18,2023-03-19,866.74,truck,2,0,0.338,0.1094,1,31.39
7039,20,3,2024-03-28,2024-05-01,2024-05-05,681.02,truck,4,1,0.6096,0.2853,1,100.72
7040,23,7,2023-01-18,2023-02-10,2023-02-10,587.65,truck,4,1,0.2721,0.2281,0,2.73
7041,46,16,2025-01-02,2025-01-19,2025-01-21,323.65,truck,5,0,0.8301,0.0911,1,47.72
7042,42,10,2025-01-07,2025-02-06,2025-02-08,4908.47,ship,5,0,0.4957,0.2372,1,37.02
7043,43,12,2023-11-13,2023-12-10,2023-12-16,1424.03,truck,4,0,0.4333,0.1166,1,144.39
7044,28,11,2023-08-22,2023-09-08,2023-09-08,1008.25,truck,5,2,0.566,0.183,0,2.16
7045,40,4,2023-01-04,2023-01-25,2023-01-26,323.9,truck,5,0,0.4913,0.1206,1,13.78
7046,7,13,2025-05-02,2025-06-25,2025-06-26,11674.69,ship,1,0,0.7185,0.2727,1,26.4
7047,33,19,2024-11-11,2024-11-25,2024-11-25,496.5,truck,3,2,0.1655,0.1674,0,1.7
7048,49,14,2025-01-01,2025-01-19,2025-01-19,1722.52,air,5,0,0.4551,0.0836,0,4.56
7049,50,5,2023-02-23,2023-03-14,2023-03-16,418.1,truck,2,0,0.4382,0.1476,1,49.94
7050,7,18,2024-06-07,2024-06-30,2024-06-30,794.21,truck,5,1,0.7753,0.2727,0,2.14
7051,48,11,2025-11-29,2025-12-28,2025-12-28,3782.94,ship,2,0,0.6048,0.5295,0,2.75
7052,23,1,2024-03-19,2024-05-09,2024-05-09,10235.94,ship,1,0,0.4628,0.2281,0,1.72
7053,16,5,2023-11-13,2023-12-09,2023-12-10,1665.86,truck,4,0,0.3633,0.3266,1,23.38
7054,47,12,2023-08-22,2023-10-08,2023-10-08,7222.07,ship,5,1,0.2662,0.1768,0,1.65
7055,14,8,2025-01-14,2025-02-13,2025-02-13,1982.28,truck,1,0,0.499,0.2082,0,1.72
7056,5,8,2024-02-12,2024-03-09,2024-03-09,2395.88,truck,5,0,0.3041,0.2606,0,2.75
7057,13,4,2024-03-17,2024-04-03,2024-04-06,525.28,truck,4,0,0.6582,0.1757,1,74.68
7058,21,1,2023-08-10,2023-08-23,2023-08-23,1138.84,truck,5,0,0.7321,0.1211,0,2.13
7059,29,2,2024-08-02,2024-08-23,2024-08-23,376.74,truck,5,1,0.3392,0.223,0,0.9
7060,32,11,2024-01-22,2024-02-18,2024-02-21,593.29,truck,3,1,0.4408,0.299,1,69.4
7061,30,9,2023-08-25,2023-09-13,2023-09-15,5367.46,air,4,2,0.6075,0.3611,1,46.46
7062,1,7,2023-10-19,2023-11-10,2023-11-11,802.61,truck,2,1,0.1181,0.2492,1,18.38
7063,5,7,2024-12-11,2025-01-06,2025-01-13,428.4,truck,5,3,0.4341,0.2606,1,171.18
7064,35,19,2025-11-01,2025-12-20,2025-12-21,7495.86,ship,1,1,0.2212,0.4038,1,17.4
7065,32,4,2024-09-22,2024-10-16,2024-10-16,485.93,truck,5,0,0.4035,0.299,0,1.48
7066,18,2,2024-11-01,2024-11-10,2024-11-10,2665.65,air,1,0,0.3031,0.0465,0,1.68
7067,48,12,2024-08-23,2024-09-08,2024-09-15,941.46,truck,3,1,0.3948,0.5295,1,164.42
7068,5,3,2024-12-24,2025-01-19,2025-01-20,948.0,truck,5,2,0.6888,0.2606,1,28.58
7069,14,13,2023-03-22,2023-04-17,2023-04-18,496.4,truck,3,0,0.4016,0.2082,1,16.17
7070,30,20,2023-03-24,2023-04-18,2023-04-23,2554.05,truck,4,0,0.6113,0.3611,1,119.54
7071,13,14,2024-04-16,2024-05-03,2024-05-03,1028.94,truck,2,1,0.3827,0.1757,0,1.29
7072,12,5,2024-10-17,2024-11-19,2024-11-26,1327.65,truck,3,1,0.3857,0.2771,1,169.36
7073,36,19,2024-12-14,2025-01-06,2025-01-09,1241.74,truck,5,2,0.3657,0.0168,1,83.95
7074,10,2,2024-10-17,2024-11-28,2024-11-28,7154.89,ship,1,1,0.216,0.335,0,1.47
7075,35,4,2025-07-07,2025-08-05,2025-08-12,4504.15,air,1,1,0.3941,0.4038,1,156.0
7076,43,2,2024-01-16,2024-03-01,2024-03-01,6927.52,ship,2,0,0.4055,0.1166,0,1.93
7077,26,18,2025-10-07,2025-11-08,2025-11-09,4785.89,ship,5,0,0.674,0.1577,1,28.25
7078,21,5,2024-12-17,2024-12-31,2024-12-31,1917.16,air,4,0,0.4528,0.1211,0,3.4
7079,30,20,2023-01-16,2023-02-10,2023-02-13,4938.92,truck,5,0,0.5385,0.3611,1,66.42
7080,40,20,2023-02-11,2023-03-09,2023-03-12,2185.98,ship,5,1,0.438,0.1206,1,66.98
7081,44,13,2023-03-31,2023-04-13,2023-04-16,500.41,truck,4,0,0.5457,0.0719,1,70.49
7082,44,2,2025-06-02,2025-06-19,2025-06-19,9859.53,air,3,2,0.2832,0.0719,0,3.19
7083,14,18,2023-03-08,2023-04-05,2023-04-05,2884.85,air,1,0,0.6004,0.2082,0,1.34
7084,12,16,2023-12-14,2024-01-16,2024-01-16,760.74,truck,3,0,0.6237,0.2771,0,2.81
7085,28,16,2025-02-02,2025-02-24,2025-02-24,12466.24,air,1,0,0.8545,0.183,0,3.68
7086,48,4,2024-01-21,2024-02-06,2024-02-08,1774.62,truck,2,0,0.448,0.5295,1,52.88
7087,43,16,2024-10-19,2024-12-10,2024-12-11,9804.39,ship,4,1,0.5656,0.1166,1,25.6
7088,32,5,2024-12-01,2024-12-28,2024-12-28,1516.71,air,1,0,0.5513,0.299,0,2.15
7089,40,1,2025-06-03,2025-06-25,2025-07-01,2142.59,truck,5,1,0.6767,0.1206,1,142.69
7090,22,6,2023-12-31,2024-02-10,2024-02-11,9348.12,ship,3,0,0.5681,0.1904,1,25.65
7091,21,2,2023-11-24,2023-12-24,2023-12-25,6807.72,ship,4,0,0.3033,0.1211,1,15.57
7092,49,10,2024-05-29,2024-07-05,2024-07-05,7631.94,ship,3,1,0.5774,0.0836,0,1.72
7093,12,14,2023-10-14,2024-01-01,2024-01-01,16802.57,ship,1,0,0.2024,0.2771,0,1.18
7094,3,1,2025-11-03,2026-01-05,2026-01-05,13798.24,ship,4,0,0.6121,0.2878,0,2.8
7095,47,18,2023-10-03,2023-10-29,2023-10-30,438.66,truck,3,1,0.5037,0.1768,1,28.06
7096,19,8,2024-01-08,2024-01-23,2024-01-23,300.36,truck,1,0,0.4867,0.2562,0,3.16
7097,46,11,2025-03-31,2025-04-20,2025-04-20,335.61,truck,2,0,0.3305,0.0911,0,4.23
7098,1,7,2024-03-29,2024-05-10,2024-05-10,7412.07,ship,5,0,0.3992,0.2492,0,2.93
7099,5,10,2025-08-15,2025-09-28,2025-09-30,6663.23,ship,4,1,0.5396,0.2606,1,51.11
7100,45,8,2023-05-28,2023-06-12,2023-06-12,968.2,truck,1,1,0.2329,0.1051,0,2.49
7101,30,8,2024-03-14,2024-04-02,2024-04-03,1926.41,truck,3,0,0.3714,0.3611,1,15.25
7102,49,13,2025-10-11,2025-10-28,2025-10-28,1019.2,truck,5,0,0.4577,0.0836,0,1.46
7103,21,12,2023-07-31,2023-08-14,2023-08-17,312.02,truck,5,1,0.2327,0.1211,1,80.45
7104,39,7,2025-01-11,2025-02-03,2025-02-03,2372.09,truck,3,1,0.2359,0.2906,0,2.28
7105,14,6,2023-02-12,2023-03-10,2023-03-10,2532.98,air,1,0,0.4576,0.2082,0,1.48
7106,20,7,2024-04-16,2024-05-15,2024-05-15,405.32,truck,5,0,0.3782,0.2853,0,1.37
7107,10,11,2023-04-06,2023-06-23,2023-06-23,20000.0,ship,4,0,0.1864,0.335,1,10.92
7108,43,6,2024-08-13,2024-09-06,2024-09-08,499.08,truck,4,2,0.4078,0.1166,1,50.38
7109,50,4,2024-08-12,2024-09-05,2024-09-07,2215.22,truck,5,1,0.5414,0.1476,1,42.19
7110,33,5,2025-02-13,2025-03-01,2025-03-01,1606.33,truck,3,0,0.3891,0.1674,0,3.8
7111,9,13,2025-05-30,2025-06-20,2025-06-20,590.56,truck,2,0,0.5274,0.1382,0,2.31
7112,42,5,2024-01-27,2024-02-11,2024-02-11,423.54,truck,5,0,0.6041,0.2372,0,2.58
7113,48,7,2023-06-13,2023-07-02,2023-07-02,6019.07,air,3,0,0.101,0.5295,0,2.11
7114,27,5,2025-09-07,2025-10-01,2025-10-01,1489.97,truck,2,1,0.373,0.1179,1,5.86
7115,37,19,2023-05-22,2023-06-25,2023-06-25,413.08,truck,1,1,0.1477,0.1502,0,2.28
7116,13,5,2023-04-14,2023-04-29,2023-05-02,706.63,truck,1,1,0.5555,0.1757,1,74.34
7117,18,6,2025-07-12,2025-07-31,2025-07-31,17991.67,air,4,1,0.5272,0.0465,0,2.02
7118,44,14,2025-05-04,2025-05-23,2025-05-23,2586.87,truck,1,2,0.3686,0.0719,0,2.07
7119,12,2,2025-11-26,2025-12-29,2025-12-31,529.73,truck,4,1,0.4439,0.2771,1,36.49
7120,4,5,2023-10-28,2023-12-02,2023-12-02,1585.15,truck,2,0,0.5416,0.2301,0,2.58
7121,11,15,2024-04-16,2024-04-28,2024-04-30,303.41,truck,5,1,0.5618,0.163,1,37.6
7122,38,19,2023-01-10,2023-03-06,2023-03-06,14549.36,ship,5,1,0.2567,0.1178,0,1.51
7123,8,17,2025-08-22,2025-09-15,2025-09-15,1831.58,ship,1,1,0.1062,0.1094,0,2.12
7124,33,13,2025-04-19,2025-05-05,2025-05-05,1842.7,ship,1,0,0.4782,0.1674,0,1.96
7125,47,1,2023-01-23,2023-03-08,2023-03-10,6528.64,ship,2,0,0.6386,0.1768,1,42.89
7126,8,20,2023-04-06,2023-04-28,2023-04-29,842.15,truck,3,1,0.4213,0.1094,1,21.51
7127,48,10,2024-07-12,2024-07-31,2024-08-11,4769.27,air,4,2,0.4862,0.5295,1,271.85
7128,15,6,2024-03-03,2024-04-01,2024-04-01,1050.09,truck,3,0,0.4525,0.1012,0,1.19
7129,19,13,2025-04-14,2025-04-29,2025-04-29,759.56,truck,3,0,0.4669,0.2562,0,1.96
7130,18,11,2025-08-27,2025-09-10,2025-09-10,3039.8,air,4,1,0.4591,0.0465,0,2.0
7131,28,2,2024-01-06,2024-01-20,2024-01-20,1607.03,air,3,0,0.6406,0.183,0,1.94
7132,46,20,2025-03-29,2025-05-20,2025-05-24,11255.85,ship,5,1,0.5602,0.0911,1,100.15
7133,10,20,2024-11-09,2024-12-03,2024-12-10,1037.28,air,5,2,0.7931,0.335,1,179.55
7134,17,17,2024-05-28,2024-07-10,2024-07-13,304.31,truck,4,1,0.3793,0.1135,1,66.53
7135,15,5,2023-12-11,2024-01-13,2024-01-13,840.49,truck,4,1,0.4989,0.1012,0,2.54
7136,20,3,2024-01-17,2024-02-16,2024-02-19,306.19,truck,1,2,0.5624,0.2853,1,64.49
7137,50,11,2025-02-08,2025-02-26,2025-03-03,469.67,truck,4,0,0.3422,0.1476,1,114.11
7138,10,9,2023-09-14,2023-10-21,2023-10-22,5447.6,ship,2,1,0.9879,0.335,1,19.47
7139,35,10,2024-08-15,2024-09-15,2024-09-16,2748.08,ship,2,1,0.2146,0.4038,1,32.82
7140,26,5,2023-02-17,2023-03-14,2023-03-14,2223.51,truck,3,0,0.4669,0.1577,0,2.1
7141,16,6,2025-11-01,2025-11-26,2025-11-28,344.96,truck,3,0,0.5354,0.3266,1,54.68
7142,36,17,2024-02-19,2024-03-15,2024-03-15,830.27,truck,3,1,0.4425,0.0168,0,2.39
7143,29,13,2023-03-12,2023-04-24,2023-04-27,8229.24,ship,1,1,0.5085,0.223,1,71.08
7144,14,9,2024-06-04,2024-07-02,2024-07-10,881.98,truck,5,2,0.5992,0.2082,1,185.27
7145,5,2,2024-12-21,2025-01-17,2025-01-17,1174.44,truck,4,0,0.0,0.2606,0,2.76
7146,44,18,2023-08-28,2023-09-11,2023-09-15,1184.42,truck,2,2,0.6926,0.0719,1,90.45
7147,46,12,2024-09-01,2024-09-21,2024-09-21,1422.39,air,4,0,0.463,0.0911,0,1.53
7148,25,15,2023-11-25,2023-12-21,2023-12-21,8728.7,air,2,1,0.396,0.3294,0,2.17
7149,34,20,2024-04-02,2024-04-19,2024-04-19,20000.0,air,2,0,0.4476,0.0399,0,2.03
7150,11,9,2024-10-07,2024-10-22,2024-10-27,2233.94,air,5,0,0.6872,0.163,1,114.95
7151,17,2,2024-01-09,2024-02-19,2024-02-19,406.54,truck,3,0,0.6276,0.1135,0,0.75
7152,14,7,2024-04-24,2024-05-20,2024-05-20,508.7,truck,3,0,0.4062,0.2082,0,2.31
7153,20,14,2023-05-09,2023-07-13,2023-07-15,12366.79,ship,1,1,0.4145,0.2853,1,59.16
7154,9,19,2025-10-24,2025-11-14,2025-11-15,1584.72,truck,4,1,0.4175,0.1382,1,31.62
7155,12,7,2024-04-02,2024-05-04,2024-05-04,623.64,truck,1,1,0.3453,0.2771,0,1.66
7156,33,13,2023-04-13,2023-05-03,2023-05-06,2637.42,ship,1,1,0.523,0.1674,1,74.73
7157,11,14,2025-10-09,2025-11-07,2025-11-07,5300.16,ship,2,1,0.4551,0.163,0,1.76
7158,49,13,2024-07-20,2024-08-05,2024-08-05,1080.25,truck,3,0,0.3216,0.0836,0,3.02
7159,32,6,2023-01-23,2023-02-16,2023-02-16,704.82,truck,2,0,0.5472,0.299,0,3.62
7160,48,6,2024-05-18,2024-06-07,2024-06-09,8191.92,air,4,1,0.4786,0.5295,1,51.03
7161,48,10,2023-06-08,2023-06-26,2023-06-26,5573.51,air,1,1,0.5656,0.5295,0,1.36
7162,18,13,2025-04-22,2025-05-05,2025-05-05,5426.8,air,4,0,0.3998,0.0465,0,2.08
7163,47,15,2024-06-19,2024-07-19,2024-08-01,6501.95,air,4,2,0.5287,0.1768,1,308.39
7164,34,12,2025-09-06,2025-09-16,2025-09-16,5449.79,air,5,0,0.3381,0.0399,0,1.67
7165,31,7,2024-02-12,2024-03-04,2024-03-05,1122.18,truck,3,1,0.0085,0.2757,1,12.72
7166,45,3,2023-12-25,2024-02-10,2024-02-12,11317.25,ship,5,1,0.5054,0.1051,1,39.33
7167,34,3,2024-02-28,2024-03-12,2024-03-13,7029.93,air,5,1,0.4798,0.0399,1,21.17
7168,25,3,2025-05-12,2025-06-15,2025-06-16,4132.96,ship,5,1,0.3573,0.3294,1,34.21
7169,17,5,2023-01-25,2023-03-05,2023-03-05,444.24,truck,4,0,0.5786,0.1135,0,2.28
7170,8,12,2025-07-24,2025-08-18,2025-08-18,2211.29,truck,1,1,0.2226,0.1094,0,2.05
7171,37,7,2023-12-19,2024-01-19,2024-01-20,590.69,truck,2,1,0.4217,0.1502,1,27.09
7172,47,17,2024-08-13,2024-09-21,2024-09-22,4323.72,ship,2,0,0.4928,0.1768,1,26.2
7173,22,14,2024-08-24,2024-09-21,2024-09-21,4407.72,ship,2,1,0.5393,0.1904,0,1.25
7174,19,7,2025-04-05,2025-04-23,2025-04-27,752.58,truck,4,1,0.2271,0.2562,1,90.13
7175,8,5,2023-11-02,2023-11-25,2023-11-27,1498.14,truck,5,0,0.5354,0.1094,1,45.91
7176,14,11,2023-04-16,2023-05-13,2023-05-13,765.35,truck,1,1,0.5218,0.2082,0,6.12
7177,44,16,2024-08-11,2024-08-27,2024-08-29,1619.86,truck,5,2,0.5248,0.0719,1,38.7
7178,8,8,2025-07-20,2025-09-24,2025-09-25,15101.07,ship,1,2,0.3071,0.1094,1,13.16
7179,23,3,2023-09-29,2023-10-25,2023-10-27,7738.51,air,5,0,0.549,0.2281,1,40.57
7180,48,11,2025-10-21,2025-11-08,2025-11-09,526.78,truck,3,1,0.3587,0.5295,1,12.96
7181,26,5,2023-11-11,2023-12-05,2023-12-05,1757.67,truck,3,0,0.367,0.1577,0,1.96
7182,36,19,2025-06-04,2025-07-27,2025-07-28,11657.78,ship,4,0,0.5188,0.0168,1,31.99
7183,49,1,2023-01-26,2023-02-09,2023-02-10,483.27,truck,1,0,0.5039,0.0836,1,22.27
7184,13,17,2023-05-05,2023-05-22,2023-05-22,1063.96,truck,4,1,0.2782,0.1757,0,3.51
7185,14,16,2025-07-10,2025-08-03,2025-08-03,441.33,truck,1,1,0.497,0.2082,0,1.1
7186,38,19,2023-01-03,2023-01-18,2023-01-18,707.37,truck,1,2,0.3014,0.1178,0,3.35
7187,47,19,2024-01-16,2024-02-12,2024-02-12,2280.31,air,2,2,0.4935,0.1768,0,2.23
7188,40,5,2024-01-04,2024-02-02,2024-02-04,2427.97,ship,4,0,0.4265,0.1206,1,57.35
7189,22,9,2024-06-09,2024-06-28,2024-06-29,1923.68,truck,1,1,0.6289,0.1904,1,26.1
7190,50,11,2023-10-24,2023-11-10,2023-11-10,392.95,truck,3,0,0.4023,0.1476,0,3.03
7191,41,9,2024-04-21,2024-05-10,2024-05-12,1266.69,truck,2,1,0.8063,0.5395,1,51.4
7192,12,2,2024-09-03,2024-10-08,2024-10-11,1081.77,truck,5,1,0.1945,0.2771,1,66.73
7193,19,14,2024-04-13,2024-04-30,2024-05-01,642.18,truck,3,1,0.4315,0.2562,1,25.99
7194,20,1,2023-01-04,2023-02-10,2023-02-10,10005.83,air,2,0,0.2505,0.2853,0,1.1
7195,9,16,2024-11-13,2024-12-19,2024-12-19,6291.44,ship,3,0,0.5776,0.1382,0,2.23
7196,3,5,2024-07-21,2024-08-12,2024-08-12,2050.0,air,1,1,0.4731,0.2878,0,3.09
7197,30,4,2024-11-19,2024-12-13,2024-12-14,3335.47,ship,5,0,0.6946,0.3611,1,30.87
7198,16,1,2025-08-26,2025-09-20,2025-09-20,1788.32,air,2,1,0.7517,0.3266,0,2.14
7199,35,14,2023-07-26,2023-08-28,2023-08-30,2839.19,ship,2,2,0.2928,0.4038,1,54.6
7200,13,6,2024-07-04,2024-07-21,2024-07-22,1087.88,truck,4,0,0.401,0.1757,1,25.4
7201,22,19,2024-12-26,2025-02-09,2025-02-09,11070.85,ship,1,1,0.4782,0.1904,0,1.47
7202,15,12,2023-02-16,2023-05-12,2023-05-12,19585.54,ship,2,0,0.315,0.1012,0,2.41
7203,46,11,2023-10-24,2023-11-29,2023-11-29,6933.72,ship,2,0,0.4023,0.0911,0,1.25
7204,20,17,2024-06-05,2024-07-07,2024-07-07,1969.33,truck,4,1,0.199,0.2853,0,2.59
7205,40,20,2024-07-14,2024-09-11,2024-09-11,13882.07,ship,1,0,0.4863,0.1206,0,1.37
7206,34,1,2024-12-14,2024-12-24,2024-12-24,1024.63,truck,2,0,0.596,0.0399,0,3.63
7207,7,14,2025-08-10,2025-10-25,2025-10-29,20000.0,ship,5,1,0.31,0.2727,1,85.23
7208,31,2,2023-11-26,2023-12-15,2023-12-15,710.32,truck,3,0,0.0927,0.2757,0,3.34
7209,13,15,2023-05-31,2023-06-19,2023-06-19,2331.81,truck,1,1,0.1905,0.1757,0,1.79
7210,22,3,2025-09-07,2025-09-25,2025-09-25,772.96,truck,2,1,0.5285,0.1904,0,2.4
7211,3,19,2023-01-30,2023-03-15,2023-03-20,7770.29,ship,2,1,0.267,0.2878,1,128.77
7212,20,19,2025-10-10,2025-11-08,2025-11-09,864.07,truck,1,1,0.4164,0.2853,1,20.83
7213,17,7,2024-12-30,2025-02-15,2025-02-15,10400.2,air,2,1,0.2605,0.1135,0,1.81
7214,13,4,2025-01-24,2025-03-10,2025-03-10,10817.72,ship,2,0,0.65,0.1757,0,2.3
7215,36,19,2025-05-30,2025-06-24,2025-06-24,2253.71,truck,2,0,0.4801,0.0168,0,1.49
7216,6,18,2024-08-10,2024-09-14,2024-09-16,19593.7,air,5,1,0.4874,0.3463,1,52.91
7217,46,2,2023-01-29,2023-02-19,2023-02-19,3455.0,air,2,0,0.2697,0.0911,0,2.79
7218,32,17,2024-02-16,2024-03-15,2024-03-15,922.22,truck,5,0,0.386,0.299,0,3.39
7219,8,4,2024-11-08,2024-11-28,2024-11-30,599.48,truck,4,0,0.5467,0.1094,1,50.53
7220,43,6,2024-06-06,2024-07-09,2024-07-11,2614.24,ship,3,1,0.3521,0.1166,1,47.4
7221,13,3,2025-04-10,2025-05-27,2025-05-29,12195.85,ship,1,0,0.5181,0.1757,1,50.68
7222,32,15,2024-02-03,2024-03-03,2024-03-04,1162.81,truck,1,1,0.5141,0.299,1,22.42
7223,42,12,2024-10-15,2024-11-02,2024-11-04,1648.53,truck,4,0,0.3365,0.2372,1,58.25
7224,46,15,2024-09-14,2024-10-05,2024-10-05,1890.67,truck,1,1,0.6888,0.0911,0,2.02
7225,23,19,2024-02-25,2024-03-21,2024-03-21,1289.79,truck,3,1,0.2589,0.2281,0,1.94
7226,31,17,2023-08-23,2023-09-10,2023-09-12,1301.11,truck,2,1,0.3903,0.2757,1,52.02
7227,14,6,2024-09-27,2024-10-23,2024-10-23,644.75,truck,2,1,0.5172,0.2082,0,2.96
7228,17,4,2023-05-06,2023-06-15,2023-06-19,466.01,truck,5,1,0.5764,0.1135,1,90.76
7229,29,14,2024-02-23,2024-03-17,2024-03-17,1884.97,truck,2,1,0.3972,0.223,0,3.51
7230,48,5,2025-11-07,2025-11-26,2025-11-27,1036.82,truck,1,1,0.5999,0.5295,1,21.6
7231,33,19,2025-06-04,2025-06-20,2025-06-25,1958.83,truck,5,0,0.5188,0.1674,1,131.0
7232,5,8,2023-10-09,2023-11-28,2023-11-28,8238.18,ship,3,1,0.2247,0.2606,0,2.43
7233,31,6,2025-07-09,2025-07-28,2025-07-29,329.62,truck,4,1,0.3962,0.2757,1,26.25
7234,42,13,2024-09-21,2024-10-07,2024-10-07,763.45,truck,3,0,0.4267,0.2372,0,1.05
7235,1,14,2023-11-19,2024-02-05,2024-02-05,20000.0,ship,4,1,0.3984,0.2492,0,2.72
7236,32,14,2025-01-16,2025-02-17,2025-02-17,3053.2,truck,5,0,0.2307,0.299,0,2.71
7237,4,17,2025-07-04,2025-08-05,2025-08-05,1103.45,truck,1,1,0.4266,0.2301,0,1.58
7238,37,5,2024-09-12,2024-10-14,2024-10-16,1146.91,truck,5,0,0.5536,0.1502,1,43.36
7239,31,7,2024-12-13,2025-02-27,2025-03-01,20000.0,ship,3,2,0.3885,0.2757,1,52.84
7240,11,8,2025-01-29,2025-02-11,2025-02-11,565.69,truck,2,0,0.244,0.163,0,2.42
7241,8,20,2024-11-05,2024-11-30,2024-12-01,1679.97,truck,4,1,0.7013,0.1094,1,27.93
7242,42,16,2023-10-02,2023-10-18,2023-10-18,560.96,truck,1,0,0.7534,0.2372,0,1.68
7243,50,16,2023-12-11,2024-01-02,2024-01-02,5035.88,air,1,0,0.6276,0.1476,0,1.83
7244,8,10,2025-08-05,2025-08-30,2025-08-30,2489.92,truck,1,2,0.497,0.1094,0,1.42
7245,32,14,2025-09-11,2025-10-07,2025-10-09,1362.05,truck,1,2,0.2215,0.299,1,59.19
7246,46,13,2024-03-02,2024-03-22,2024-03-22,1275.36,truck,3,0,0.3736,0.0911,0,3.64
7247,10,20,2024-03-19,2024-05-01,2024-05-07,7563.63,ship,2,1,0.5932,0.335,1,147.71
7248,34,17,2024-08-25,2024-09-04,2024-09-04,1356.03,air,3,1,0.2389,0.0399,0,4.52
7249,20,8,2023-04-07,2023-05-04,2023-05-05,553.84,truck,1,1,0.3854,0.2853,1,23.63
7250,48,5,2023-07-03,2023-07-21,2023-07-26,521.62,truck,2,1,0.6626,0.5295,1,128.17
7251,36,14,2023-10-01,2023-10-27,2023-11-02,1211.04,truck,5,0,0.276,0.0168,1,155.9
7252,29,4,2024-03-08,2024-03-31,2024-04-02,1390.18,truck,5,1,0.3876,0.223,1,44.45
7253,35,11,2025-04-28,2025-06-29,2025-07-01,12065.73,ship,5,1,0.4159,0.4038,1,52.76
7254,9,9,2024-12-18,2025-01-11,2025-01-11,2392.61,truck,3,1,0.5131,0.1382,0,2.56
7255,31,14,2025-11-10,2025-11-27,2025-11-28,882.44,truck,2,1,0.5238,0.2757,1,31.31
7256,12,2,2024-09-30,2024-12-23,2024-12-26,18417.79,ship,4,1,0.2989,0.2771,1,61.75
7257,24,20,2024-12-27,2025-01-17,2025-01-17,898.95,truck,3,2,0.7398,0.0437,0,2.45
7258,26,11,2024-04-18,2024-05-10,2024-05-10,1535.51,truck,1,0,0.6001,0.1577,0,2.56
7259,30,9,2025-03-26,2025-04-18,2025-04-18,2324.49,truck,3,0,0.5526,0.3611,0,3.08
7260,29,14,2023-05-25,2023-07-29,2023-08-03,15350.48,ship,2,2,0.2947,0.223,1,125.65
7261,22,13,2023-02-18,2023-03-25,2023-03-27,7702.57,ship,2,2,0.3294,0.1904,1,44.24
7262,41,12,2023-08-02,2023-08-19,2023-08-20,448.58,truck,4,1,0.2318,0.5395,1,17.47
7263,47,9,2024-03-11,2024-04-06,2024-04-06,1305.46,truck,4,0,0.4816,0.1768,0,3.42
7264,45,18,2025-09-30,2025-10-24,2025-10-25,3408.51,ship,2,0,0.5872,0.1051,1,12.54
7265,15,14,2023-11-24,2024-02-13,2024-02-13,18129.49,ship,3,0,0.3383,0.1012,0,2.73
7266,37,6,2025-04-25,2025-05-25,2025-05-27,930.09,truck,1,1,0.7241,0.1502,1,45.03
7267,35,18,2025-06-01,2025-07-04,2025-07-15,3333.71,ship,2,2,0.6018,0.4038,1,261.31
7268,12,6,2024-03-31,2024-05-01,2024-05-01,1805.12,air,2,0,0.417,0.2771,0,1.51
7269,33,16,2024-05-20,2024-06-03,2024-06-03,414.09,truck,2,1,0.738,0.1674,0,2.3
7270,1,2,2025-08-18,2025-09-10,2025-09-13,744.1,truck,4,2,0.3271,0.2492,1,83.2
7271,41,7,2025-05-23,2025-07-23,2025-07-24,16045.67,ship,1,0,0.2163,0.5395,1,19.61
7272,23,2,2023-07-22,2023-08-17,2023-08-17,588.63,truck,3,2,0.2425,0.2281,0,1.75
7273,14,13,2024-01-27,2024-02-24,2024-02-24,484.43,truck,2,1,0.5613,0.2082,0,5.86
7274,4,11,2023-03-25,2023-05-12,2023-05-13,5377.44,ship,1,0,0.4754,0.2301,1,12.56
7275,12,8,2024-04-19,2024-05-20,2024-05-20,487.1,truck,2,1,0.4478,0.2771,0,1.34
7276,31,2,2025-11-30,2025-12-20,2026-01-04,783.33,truck,4,1,0.4673,0.2757,1,348.18
7277,49,11,2023-10-31,2023-11-17,2023-11-17,1619.86,air,2,0,0.5042,0.0836,0,3.41
7278,45,9,2024-07-18,2024-08-04,2024-08-05,1009.53,truck,1,1,0.8003,0.1051,1,26.72
7279,32,10,2023-05-20,2023-06-19,2023-06-21,1206.51,truck,4,1,0.6473,0.299,1,44.84
7280,27,5,2025-10-08,2025-11-02,2025-11-03,671.81,truck,1,0,0.3972,0.1179,1,16.2
7281,37,13,2025-10-04,2025-11-06,2025-11-06,2183.06,truck,5,1,0.2495,0.1502,0,2.86
7282,20,14,2024-07-30,2024-09-06,2024-09-06,3708.0,truck,5,2,0.5628,0.2853,0,2.95
7283,35,12,2025-04-24,2025-05-18,2025-05-20,336.05,truck,1,2,0.1022,0.4038,1,50.74
7284,33,10,2024-05-30,2024-06-24,2024-06-25,5377.76,ship,5,1,0.638,0.1674,1,21.64
7285,50,3,2024-03-26,2024-04-14,2024-04-16,3714.92,air,2,1,0.6912,0.1476,1,59.91
7286,37,10,2025-02-11,2025-03-20,2025-03-20,2699.23,truck,5,1,0.4617,0.1502,0,3.12
7287,7,11,2025-04-02,2025-05-13,2025-05-13,6998.73,ship,4,0,0.3614,0.2727,0,2.28
7288,43,19,2024-05-24,2024-06-24,2024-06-25,1573.89,ship,1,0,0.4891,0.1166,1,24.09
7289,18,7,2023-03-10,2023-03-25,2023-03-25,9623.95,air,3,1,0.0899,0.0465,0,2.93
7290,12,13,2024-05-06,2024-06-04,2024-06-04,1597.35,air,5,0,0.4236,0.2771,0,2.04
7291,42,20,2025-05-16,2025-06-14,2025-06-14,5493.3,ship,1,0,0.4857,0.2372,0,1.45
7292,23,8,2024-08-04,2024-08-30,2024-09-01,996.05,truck,1,1,0.2332,0.2281,1,54.18
7293,37,2,2024-11-03,2024-12-05,2024-12-05,3540.99,air,3,0,0.3249,0.1502,0,3.86
7294,20,16,2023-08-21,2023-09-24,2023-09-26,1945.01,truck,1,1,0.5355,0.2853,1,36.2
7295,26,13,2023-01-29,2023-02-22,2023-02-22,15415.19,air,2,1,0.251,0.1577,0,2.15
7296,19,14,2024-03-28,2024-04-14,2024-04-14,1203.01,truck,5,0,0.3235,0.2562,0,2.94
7297,38,8,2023-09-18,2023-10-19,2023-10-23,5805.47,ship,3,1,0.3334,0.1178,1,91.43
7298,12,17,2025-02-04,2025-04-27,2025-04-30,16782.02,ship,4,0,0.3341,0.2771,1,74.28
7299,8,19,2025-01-09,2025-01-31,2025-01-31,1358.3,truck,1,1,0.3173,0.1094,0,3.52
7300,39,15,2024-05-21,2024-06-10,2024-06-10,304.87,truck,2,1,0.5994,0.2906,0,1.5
7301,11,3,2024-10-06,2024-11-23,2024-11-24,12671.48,ship,1,1,0.5004,0.163,1,25.0
7302,6,5,2024-11-25,2024-12-24,2024-12-24,4070.74,air,4,0,0.5333,0.3463,0,2.62
7303,31,10,2023-04-24,2023-05-16,2023-05-16,9405.35,air,4,1,0.3136,0.2757,0,1.83
7304,29,19,2025-11-05,2025-11-28,2025-11-28,4414.58,air,4,1,0.2172,0.223,0,3.32
7305,2,19,2024-04-16,2024-05-06,2024-05-06,3591.37,ship,2,0,0.2448,0.3485,0,1.82
7306,18,6,2024-12-14,2024-12-28,2025-01-02,2811.03,ship,5,0,0.4933,0.0465,1,111.28
7307,14,8,2025-07-05,2025-08-01,2025-08-05,955.97,truck,4,1,0.3791,0.2082,1,96.66
7308,2,17,2024-06-15,2024-07-17,2024-07-17,8150.81,ship,3,1,0.1738,0.3485,0,1.45
7309,2,19,2025-08-01,2025-08-24,2025-08-25,4562.82,ship,2,0,0.4548,0.3485,1,14.53
7310,13,20,2025-08-31,2025-09-16,2025-09-16,1001.62,truck,4,0,0.7217,0.1757,0,1.91
7311,36,17,2023-11-17,2023-12-09,2023-12-09,844.64,truck,4,0,0.343,0.0168,0,3.78
7312,9,11,2025-05-10,2025-05-29,2025-05-29,785.83,truck,4,1,0.2245,0.1382,0,3.02
7313,8,15,2023-12-30,2024-01-23,2024-01-23,589.47,truck,4,1,0.5616,0.1094,0,1.47
7314,2,15,2024-03-09,2024-03-24,2024-03-25,1612.81,truck,2,1,0.3583,0.3485,1,15.86
7315,38,18,2023-07-30,2023-08-18,2023-08-18,1821.86,ship,3,1,0.5403,0.1178,0,1.93
7316,45,19,2025-01-19,2025-02-01,2025-02-01,3155.05,air,5,2,0.1651,0.1051,0,2.3
7317,16,8,2025-08-05,2025-09-22,2025-09-23,8046.0,ship,3,1,0.5754,0.3266,1,34.41
7318,1,14,2024-06-26,2024-07-26,2024-07-27,2256.34,ship,2,1,0.4393,0.2492,1,33.63
7319,36,5,2024-11-16,2024-12-15,2024-12-15,20000.0,air,4,0,0.3671,0.0168,0,1.68
7320,2,8,2024-10-17,2024-10-26,2024-10-26,3118.51,air,4,0,0.2011,0.3485,0,1.8
7321,48,8,2023-11-29,2023-12-19,2023-12-19,1812.2,truck,5,0,0.3205,0.5295,0,2.98
7322,21,4,2024-11-05,2024-11-21,2024-11-21,1245.54,truck,3,0,0.638,0.1211,0,2.62
7323,36,20,2025-11-11,2025-12-07,2025-12-07,599.48,truck,2,1,0.3147,0.0168,0,1.42
7324,23,7,2024-07-11,2024-08-05,2024-08-05,467.06,truck,3,1,0.1978,0.2281,0,2.59
7325,5,15,2023-07-21,2023-08-19,2023-08-19,4838.25,air,1,1,0.7858,0.2606,0,2.44
7326,48,9,2024-04-04,2024-06-05,2024-06-06,15400.49,ship,5,0,0.4799,0.5295,1,25.99
7327,18,1,2024-10-02,2024-10-16,2024-10-17,407.19,truck,3,1,0.8529,0.0465,1,32.38
7328,31,5,2023-11-18,2023-12-15,2023-12-18,4825.35,truck,2,0,0.3912,0.2757,1,71.94
7329,30,20,2024-07-01,2024-07-20,2024-07-20,1609.36,air,3,0,0.5835,0.3611,0,1.45
7330,10,13,2023-11-14,2023-12-06,2023-12-06,820.79,truck,3,1,0.361,0.335,0,1.54
7331,4,6,2025-01-23,2025-03-10,2025-03-14,4940.57,ship,5,0,0.521,0.2301,1,87.82
7332,33,8,2025-09-01,2025-10-05,2025-10-05,7769.79,ship,5,1,0.2591,0.1674,0,1.36
7333,14,4,2024-03-25,2024-04-20,2024-04-22,707.18,truck,5,0,0.5336,0.2082,1,39.38
7334,19,8,2023-12-31,2024-01-22,2024-01-22,3026.53,truck,2,0,0.4665,0.2562,0,1.08
7335,25,5,2023-03-19,2023-04-15,2023-04-18,2182.85,truck,3,1,0.4844,0.3294,1,68.27
7336,21,15,2024-07-26,2024-08-11,2024-08-12,2078.93,truck,3,1,0.5263,0.1211,1,14.56
7337,49,16,2024-12-22,2025-01-30,2025-01-30,8189.97,ship,4,0,0.7318,0.0836,0,2.22
7338,21,12,2023-01-12,2023-01-27,2023-01-27,605.2,truck,4,0,0.3884,0.1211,0,2.87
7339,30,17,2024-11-20,2024-12-07,2024-12-07,1269.36,truck,3,0,0.136,0.3611,0,1.94
7340,45,9,2025-05-29,2025-06-30,2025-07-02,6613.53,ship,4,1,0.7293,0.1051,1,46.09
7341,4,6,2024-11-12,2024-12-24,2024-12-24,3056.78,ship,5,0,0.5291,0.2301,0,2.08
7342,37,5,2025-11-06,2025-12-08,2025-12-08,5584.21,air,3,1,0.4877,0.1502,0,2.58
7343,3,16,2023-06-12,2023-07-24,2023-07-29,6321.36,ship,4,1,0.7079,0.2878,1,108.15
7344,11,14,2023-11-27,2023-12-27,2023-12-27,6141.05,ship,2,0,0.1025,0.163,0,3.86
7345,21,10,2023-05-20,2023-06-04,2023-06-04,1290.95,truck,3,1,0.6473,0.1211,0,2.05
7346,14,13,2025-03-10,2025-04-09,2025-04-09,1596.18,truck,4,0,0.433,0.2082,0,3.01
7347,38,8,2024-07-17,2024-08-02,2024-08-02,4526.93,air,5,1,0.6428,0.1178,0,4.75
7348,10,19,2025-05-26,2025-06-18,2025-06-19,602.12,truck,5,0,0.2634,0.335,1,18.74
7349,35,8,2024-03-26,2024-04-20,2024-04-20,992.36,truck,2,1,0.4202,0.4038,0,3.74
7350,35,10,2025-05-02,2025-05-28,2025-05-30,1052.85,truck,4,1,0.4885,0.4038,1,54.55
7351,46,8,2025-03-24,2025-04-17,2025-04-18,2259.66,ship,5,1,0.1886,0.0911,1,34.05
7352,27,5,2025-04-23,2025-05-13,2025-05-13,4209.97,air,4,1,0.5126,0.1179,0,1.45
7353,38,2,2024-02-26,2024-03-13,2024-03-13,624.47,truck,1,1,0.3276,0.1178,0,2.74
7354,46,1,2024-02-15,2024-03-11,2024-03-13,14713.99,air,5,0,0.3299,0.0911,1,51.49
7355,47,2,2024-02-18,2024-03-19,2024-03-23,6276.34,air,4,1,0.3001,0.1768,1,103.83
7356,15,15,2023-08-23,2023-09-24,2023-09-24,302.16,truck,1,1,0.5664,0.1012,0,2.12
7357,49,5,2025-07-26,2025-08-14,2025-08-18,6757.98,air,5,1,0.6379,0.0836,1,95.92
7358,45,3,2024-07-25,2024-08-08,2024-08-08,510.65,truck,1,0,0.3994,0.1051,0,3.73
7359,32,15,2025-12-01,2026-01-04,2026-01-04,18365.02,air,2,1,0.5925,0.299,0,2.77
7360,9,5,2025-07-11,2025-07-30,2025-07-31,1948.59,air,1,1,0.4844,0.1382,1,31.37
7361,2,18,2025-09-07,2025-09-21,2025-09-22,2137.83,air,1,1,0.4939,0.3485,1,22.59
7362,2,18,2024-07-03,2024-07-24,2024-07-25,3877.75,ship,3,2,0.5849,0.3485,1,18.09
7363,49,20,2024-01-23,2024-02-09,2024-02-09,996.33,truck,3,1,0.5792,0.0836,0,3.36
7364,2,13,2025-09-25,2025-10-05,2025-10-07,545.56,truck,4,0,0.1649,0.3485,1,46.92
7365,37,12,2024-04-19,2024-05-22,2024-05-26,1920.63,ship,3,1,0.1342,0.1502,1,84.45
7366,44,11,2023-05-14,2023-06-08,2023-06-10,4955.9,ship,3,1,0.2131,0.0719,1,49.67
7367,30,2,2024-04-06,2024-05-01,2024-05-02,2339.53,ship,1,1,0.4916,0.3611,1,33.91
7368,50,15,2023-11-11,2023-11-29,2023-11-29,1985.76,air,3,0,0.4469,0.1476,0,1.61
7369,17,20,2024-03-03,2024-04-15,2024-04-15,2048.01,air,4,1,0.5183,0.1135,0,1.71
7370,20,12,2025-07-14,2025-08-19,2025-08-19,1973.84,ship,1,2,0.2923,0.2853,0,1.82
7371,48,3,2025-07-05,2025-09-13,2025-09-13,20000.0,ship,5,0,0.5611,0.5295,0,1.07
7372,10,2,2025-11-01,2025-12-07,2025-12-13,4677.07,ship,2,0,0.3324,0.335,1,135.44
7373,5,11,2023-11-28,2023-12-29,2023-12-29,3120.39,truck,2,0,0.3607,0.2606,0,3.05
7374,23,10,2024-10-31,2024-11-27,2024-11-27,761.25,truck,2,1,0.4201,0.2281,0,2.0
7375,7,4,2024-08-25,2024-10-02,2024-10-03,5502.56,ship,2,2,0.7205,0.2727,1,24.79
7376,27,12,2024-08-06,2024-09-04,2024-09-09,16448.64,air,5,2,0.3144,0.1179,1,108.47
7377,25,1,2024-09-17,2024-10-11,2024-10-15,3386.69,air,4,1,0.6462,0.3294,1,100.3
7378,16,8,2024-06-12,2024-07-26,2024-07-31,6238.33,ship,4,1,0.1832,0.3266,1,113.22
7379,24,17,2025-04-13,2025-05-15,2025-05-15,3454.95,ship,3,0,0.2476,0.0437,0,0.85
7380,28,5,2023-04-10,2023-04-26,2023-04-26,644.01,truck,1,1,0.526,0.183,0,1.81
7381,45,7,2025-05-26,2025-06-17,2025-06-17,3606.87,ship,2,0,0.2799,0.1051,0,3.17
7382,35,13,2025-03-03,2025-04-02,2025-04-08,1806.76,ship,5,1,0.3139,0.4038,1,153.51
7383,41,7,2025-02-01,2025-03-19,2025-03-19,10757.98,ship,3,1,0.1658,0.5395,0,1.97
7384,35,4,2023-03-25,2023-05-25,2023-05-27,12555.91,ship,3,2,0.3799,0.4038,1,39.09
7385,13,2,2023-08-10,2023-08-29,2023-08-31,1529.34,ship,1,1,0.2516,0.1757,1,37.02
7386,23,18,2023-11-11,2023-12-10,2023-12-10,6259.59,air,4,2,0.3326,0.2281,0,2.22
7387,22,18,2023-04-16,2023-05-02,2023-05-02,1577.03,air,2,1,0.6502,0.1904,0,2.74
7388,14,5,2023-02-10,2023-03-26,2023-03-27,7094.4,ship,2,0,0.4811,0.2082,1,33.06
7389,9,2,2023-02-18,2023-03-12,2023-03-12,2197.21,truck,5,0,0.0841,0.1382,0,3.55
7390,12,15,2025-10-29,2025-12-04,2025-12-04,2336.0,truck,2,1,0.6063,0.2771,0,3.92
7391,28,3,2023-09-17,2023-10-02,2023-10-02,898.36,truck,3,0,0.6263,0.183,0,3.35
7392,24,18,2024-07-11,2024-08-02,2024-08-02,1065.95,truck,3,1,0.3884,0.0437,0,2.46
7393,32,13,2023-09-06,2023-10-03,2023-10-03,449.21,truck,3,1,0.3607,0.299,0,2.81
7394,45,17,2025-02-09,2025-02-25,2025-02-25,2548.16,air,1,0,0.2145,0.1051,0,2.92
7395,17,18,2024-04-05,2024-06-29,2024-07-04,16245.2,ship,2,1,0.6128,0.1135,1,108.52
7396,12,13,2024-02-12,2024-03-20,2024-03-28,1791.13,truck,4,1,0.251,0.2771,1,182.16
7397,23,2,2024-03-16,2024-04-09,2024-04-10,1065.28,air,4,0,0.7572,0.2281,1,22.75
7398,47,3,2024-06-03,2024-07-03,2024-07-03,904.82,truck,3,0,0.3854,0.1768,0,2.67
7399,48,17,2024-09-24,2024-10-17,2024-10-17,20000.0,air,1,0,0.4021,0.5295,0,1.26
7400,44,2,2025-10-26,2025-11-13,2025-11-14,2268.18,ship,3,1,0.4304,0.0719,1,26.88
7401,26,17,2025-08-24,2025-09-15,2025-09-15,1567.94,air,3,1,0.0509,0.1577,0,2.13
7402,26,17,2025-05-27,2025-06-27,2025-07-02,3323.5,ship,3,2,0.4841,0.1577,1,114.37
7403,30,9,2023-06-22,2023-07-15,2023-07-15,1622.6,ship,3,1,0.7592,0.3611,0,2.15
7404,35,7,2023-06-15,2023-07-10,2023-07-11,5339.56,air,4,0,0.1272,0.4038,1,13.02
7405,5,16,2024-05-27,2024-06-21,2024-06-22,368.23,truck,5,0,0.5563,0.2606,1,27.03
7406,19,4,2023-07-13,2023-07-31,2023-08-03,354.2,truck,2,1,0.5376,0.2562,1,61.7
7407,12,19,2025-03-23,2025-04-25,2025-04-30,1030.27,truck,5,1,0.3382,0.2771,1,124.2
7408,8,1,2025-03-10,2025-04-02,2025-04-07,587.41,truck,5,0,0.617,0.1094,1,129.22
7409,11,6,2025-01-13,2025-02-26,2025-02-26,10602.88,ship,1,0,0.5439,0.163,0,1.13
7410,29,14,2023-01-29,2023-03-08,2023-03-08,7593.63,ship,2,1,0.5666,0.223,0,6.15
7411,39,9,2023-09-29,2023-11-10,2023-11-18,7719.87,ship,5,1,0.6056,0.2906,1,195.04
7412,21,19,2024-02-03,2024-02-17,2024-02-20,1703.01,truck,3,2,0.5543,0.1211,1,64.2
7413,45,16,2024-07-30,2024-08-16,2024-08-21,1177.62,truck,5,1,0.6289,0.1051,1,116.38
7414,39,16,2025-04-01,2025-04-20,2025-04-20,2679.17,air,1,0,0.3214,0.2906,0,3.34
7415,43,16,2024-11-05,2024-12-03,2024-12-03,5929.43,air,4,1,0.4049,0.1166,0,2.07
7416,19,18,2023-03-17,2023-04-04,2023-04-08,975.98,truck,2,1,0.6467,0.2562,1,88.42
7417,46,3,2025-10-22,2025-11-15,2025-11-15,2138.18,truck,1,1,0.5381,0.0911,0,1.31
7418,28,1,2024-01-18,2024-02-23,2024-02-25,7467.84,ship,4,0,0.8692,0.183,1,44.45
7419,39,19,2023-09-13,2023-11-23,2023-11-23,18374.14,ship,1,0,0.4169,0.2906,0,4.1
7420,25,13,2025-09-25,2025-11-03,2025-11-03,5374.21,ship,3,0,0.1649,0.3294,0,1.85
7421,37,1,2023-06-18,2023-07-21,2023-07-21,4953.59,air,5,1,0.4561,0.1502,0,1.56
7422,4,6,2023-05-08,2023-06-11,2023-06-11,1080.47,truck,2,0,0.4051,0.2301,0,2.47
7423,33,5,2023-12-31,2024-01-24,2024-01-24,4322.25,ship,5,0,0.4127,0.1674,0,2.43
7424,35,8,2023-09-06,2023-10-09,2023-10-09,12303.56,air,1,1,0.3604,0.4038,0,0.91
7425,28,19,2023-04-03,2023-05-04,2023-05-04,6232.46,ship,2,0,0.2235,0.183,0,2.1
7426,37,1,2023-05-17,2023-06-21,2023-06-25,1602.92,truck,4,0,0.835,0.1502,1,92.53
7427,40,5,2024-03-20,2024-04-13,2024-04-13,702.91,truck,2,1,0.2914,0.1206,0,1.86
7428,3,16,2023-05-28,2023-06-18,2023-06-18,2354.69,air,3,1,0.6713,0.2878,0,1.25
7429,7,7,2023-01-08,2023-01-31,2023-02-02,1726.41,truck,3,2,0.2755,0.2727,1,43.25
7430,20,3,2023-07-17,2023-08-20,2023-08-20,2397.89,ship,5,0,0.5793,0.2853,1,11.84
7431,25,17,2025-02-25,2025-03-20,2025-03-20,775.16,truck,4,0,0.253,0.3294,0,2.17
7432,14,8,2025-09-25,2025-12-16,2025-12-16,20000.0,ship,3,0,0.3346,0.2082,0,3.7
7433,11,20,2023-10-05,2023-11-13,2023-11-13,9204.35,ship,3,0,0.6412,0.163,0,2.14
7434,17,2,2025-01-15,2025-02-26,2025-02-27,313.28,truck,2,0,0.1838,0.1135,1,21.94
7435,5,2,2023-01-26,2023-03-20,2023-03-22,9737.99,ship,5,0,0.2161,0.2606,1,41.89
7436,14,1,2025-06-16,2025-08-11,2025-08-11,10433.34,ship,3,2,0.515,0.2082,0,1.77
7437,44,11,2024-04-23,2024-05-08,2024-05-08,1016.13,truck,1,1,0.3493,0.0719,0,1.13
7438,16,15,2023-01-21,2023-03-11,2023-03-17,8170.95,ship,4,1,0.5363,0.3266,1,132.39
7439,45,4,2023-10-17,2023-11-18,2023-11-18,5998.85,ship,5,1,0.4318,0.1051,0,1.83
7440,15,5,2023-06-07,2023-07-09,2023-07-12,1818.22,truck,2,2,0.5242,0.1012,1,74.4
7441,7,7,2023-08-16,2023-10-09,2023-10-09,12378.29,ship,1,1,0.4156,0.2727,0,1.84
7442,24,2,2025-06-27,2025-07-23,2025-07-23,2057.69,ship,3,1,0.3136,0.0437,0,2.3
7443,25,18,2025-06-29,2025-08-05,2025-08-07,3595.16,ship,4,1,0.4547,0.3294,1,52.12
7444,48,7,2023-08-07,2023-08-26,2023-08-27,465.68,truck,4,0,0.2027,0.5295,1,30.82
7445,22,18,2025-11-23,2025-12-19,2025-12-25,3886.13,ship,2,0,0.6592,0.1904,1,132.71
7446,38,8,2023-03-31,2023-04-17,2023-04-20,717.7,truck,5,0,0.3605,0.1178,1,63.58
7447,9,10,2023-01-22,2023-02-12,2023-02-12,1837.68,truck,4,0,0.1729,0.1382,0,2.27
7448,12,20,2023-12-15,2024-01-28,2024-01-29,4204.86,ship,5,1,0.6956,0.2771,1,30.77
7449,32,11,2024-02-17,2024-03-14,2024-03-14,632.49,truck,5,0,0.2729,0.299,0,2.28
7450,18,19,2024-01-15,2024-03-03,2024-03-05,12744.83,ship,1,2,0.4428,0.0465,1,46.34
7451,22,15,2024-12-03,2024-12-17,2024-12-17,1250.6,air,4,0,0.8172,0.1904,0,1.81
7452,50,18,2024-10-02,2024-10-28,2024-10-29,1871.27,ship,2,0,0.4998,0.1476,1,34.97
7453,17,5,2024-06-05,2024-07-20,2024-07-20,2320.38,ship,2,1,0.5573,0.1135,0,2.0
7454,46,2,2024-04-05,2024-05-01,2024-05-01,2059.31,ship,5,1,0.6105,0.0911,0,3.82
7455,50,8,2024-12-25,2025-01-13,2025-01-13,868.52,truck,2,0,0.3229,0.1476,0,1.09
7456,11,9,2023-10-03,2023-10-30,2023-11-01,4581.69,ship,2,1,0.5139,0.163,1,46.82
7457,30,2,2023-06-18,2023-07-07,2023-07-07,4531.29,air,2,1,0.2939,0.3611,0,2.99
7458,23,16,2024-05-25,2024-06-23,2024-06-27,1717.97,ship,3,1,0.546,0.2281,1,99.92
7459,27,10,2024-07-18,2024-08-08,2024-08-08,881.28,truck,1,1,0.3173,0.1179,0,3.23
7460,26,2,2024-05-12,2024-06-04,2024-06-05,1651.42,ship,1,1,0.4795,0.1577,1,30.2
7461,24,11,2025-09-05,2025-09-29,2025-09-30,8624.99,air,1,1,0.3179,0.0437,1,34.14
7462,32,20,2024-01-01,2024-01-31,2024-02-06,3211.79,truck,4,1,0.4601,0.299,1,139.71
7463,14,2,2025-06-06,2025-07-02,2025-07-02,1033.04,truck,2,1,0.3981,0.2082,0,3.01
7464,25,15,2025-02-12,2025-03-13,2025-03-13,12015.32,air,3,0,0.4128,0.3294,0,6.1
7465,3,4,2024-01-16,2024-02-09,2024-02-09,647.73,truck,1,0,0.3573,0.2878,0,3.06
7466,7,18,2024-01-08,2024-02-04,2024-02-06,2424.2,truck,5,0,0.588,0.2727,1,38.49
7467,2,1,2024-10-23,2024-11-25,2024-11-25,8992.09,ship,5,0,0.5129,0.3485,0,2.97
7468,48,16,2024-04-03,2024-04-24,2024-04-26,3140.32,truck,3,0,0.4849,0.5295,1,40.51
7469,44,14,2023-06-25,2023-07-08,2023-07-17,381.69,truck,5,2,0.2707,0.0719,1,212.04
7470,15,14,2023-10-12,2023-11-19,2023-11-22,2704.91,ship,3,1,0.1601,0.1012,1,70.26
7471,9,13,2025-01-17,2025-02-03,2025-02-08,523.08,truck,5,1,0.3297,0.1382,1,130.91
7472,17,3,2024-05-11,2024-07-27,2024-07-29,12734.95,ship,2,0,0.4472,0.1135,1,40.94
7473,11,18,2023-07-14,2023-07-28,2023-07-29,829.0,truck,2,2,0.4665,0.163,1,20.01
7474,27,17,2023-12-22,2024-01-19,2024-01-19,1998.84,ship,3,0,0.4878,0.1179,0,1.92
7475,45,14,2024-01-14,2024-03-12,2024-03-15,15203.1,ship,4,0,0.5124,0.1051,1,63.36
7476,1,16,2024-03-21,2024-05-09,2024-05-14,9198.55,ship,3,1,0.5935,0.2492,1,109.54
7477,41,17,2024-03-25,2024-04-15,2024-04-15,2163.46,truck,2,1,0.4796,0.5395,0,1.54
7478,25,4,2024-02-05,2024-03-13,2024-03-14,5081.39,ship,2,0,0.7708,0.3294,1,22.72
7479,24,8,2023-12-14,2024-01-05,2024-01-05,1720.65,truck,4,0,0.1585,0.0437,0,1.6
7480,27,18,2024-08-25,2024-09-14,2024-09-16,495.52,truck,5,0,0.6554,0.1179,1,36.08
7481,50,4,2023-04-12,2023-05-24,2023-05-27,8580.3,ship,5,0,0.7117,0.1476,1,67.44
7482,25,2,2025-07-25,2025-08-18,2025-08-18,1912.49,air,5,1,0.5304,0.3294,0,2.12
7483,40,3,2023-12-09,2024-01-29,2024-01-29,11355.72,ship,4,1,0.6307,0.1206,1,10.46
7484,19,3,2025-04-15,2025-04-29,2025-04-29,642.98,truck,1,0,0.4201,0.2562,0,3.43
7485,22,17,2025-09-07,2025-09-24,2025-09-24,5943.63,air,3,1,0.3046,0.1904,0,1.57
7486,45,5,2024-12-14,2025-01-08,2025-01-08,3620.26,truck,2,0,0.4798,0.1051,0,1.92
7487,29,6,2024-05-23,2024-06-12,2024-06-12,1026.54,air,4,0,0.3339,0.223,0,1.6
7488,22,12,2024-12-11,2024-12-31,2024-12-31,2955.94,truck,1,0,0.5789,0.1904,0,2.74
7489,30,14,2025-03-19,2025-04-21,2025-04-24,5259.04,ship,5,0,0.3721,0.3611,1,62.5
7490,18,14,2024-02-27,2024-03-08,2024-03-08,3387.28,air,3,0,0.3226,0.0465,0,1.14
7491,30,14,2024-09-04,2024-09-22,2024-09-22,716.48,truck,3,1,0.2832,0.3611,0,2.54
7492,41,1,2025-11-23,2025-12-10,2025-12-10,503.21,truck,5,0,0.5013,0.5395,0,1.53
7493,41,16,2024-09-24,2024-10-23,2024-10-25,4483.62,ship,4,1,0.41,0.5395,1,56.92
7494,38,5,2023-12-15,2024-01-21,2024-01-22,7961.26,ship,4,0,0.5813,0.1178,1,14.16
7495,28,5,2025-01-30,2025-02-14,2025-02-14,445.81,truck,4,0,0.4597,0.183,0,1.47
7496,17,9,2023-04-03,2023-05-12,2023-05-14,526.04,truck,5,1,0.4725,0.1135,1,46.96
7497,43,5,2025-08-14,2025-09-10,2025-09-10,3436.12,air,1,1,0.5073,0.1166,0,2.54
7498,28,6,2025-05-24,2025-06-13,2025-06-17,2901.0,truck,2,1,0.4144,0.183,1,94.38
7499,34,3,2024-05-02,2024-05-13,2024-05-15,915.95,truck,2,1,0.8428,0.0399,1,46.6
7500,21,7,2025-03-06,2025-03-21,2025-03-25,1562.9,truck,5,1,0.1604,0.1211,1,107.13
7501,47,15,2025-02-07,2025-03-09,2025-03-11,1766.78,truck,4,1,0.496,0.1768,1,45.97
7502,28,9,2023-03-20,2023-04-05,2023-04-11,349.43,truck,5,1,0.66,0.183,1,139.49
7503,20,12,2024-05-25,2024-07-03,2024-07-03,2403.81,ship,4,0,0.2329,0.2853,0,3.51
7504,5,20,2024-08-02,2024-08-28,2024-08-28,2874.59,air,2,0,0.6578,0.2606,0,3.16
7505,39,13,2025-03-15,2025-04-25,2025-04-25,8153.98,ship,3,2,0.358,0.2906,0,1.33
7506,42,13,2023-01-28,2023-02-11,2023-02-11,1344.36,truck,3,1,0.2686,0.2372,0,1.96
7507,39,11,2024-12-31,2025-01-25,2025-01-26,2804.45,truck,5,0,0.2137,0.2906,1,31.43
7508,19,1,2025-05-29,2025-06-19,2025-06-22,7345.12,air,5,1,0.7149,0.2562,1,68.96
7509,29,16,2025-06-20,2025-07-16,2025-07-16,1625.21,ship,4,1,0.7511,0.223,0,2.97
7510,4,3,2023-06-04,2023-07-10,2023-07-10,1808.61,truck,2,0,0.2201,0.2301,0,3.05
7511,29,3,2024-04-22,2024-05-19,2024-05-19,13952.19,air,3,1,0.7497,0.223,0,5.51
7512,2,17,2023-08-31,2023-09-12,2023-09-16,344.97,truck,2,2,0.1749,0.3485,1,106.08
7513,32,6,2025-04-25,2025-05-21,2025-05-28,560.49,truck,5,1,0.7241,0.299,1,166.42
7514,38,1,2025-01-06,2025-01-25,2025-01-27,2472.44,truck,3,0,0.6742,0.1178,1,50.45
7515,37,1,2023-11-11,2024-01-09,2024-01-09,10750.47,ship,1,0,0.8194,0.1502,0,2.14
7516,30,7,2025-02-05,2025-03-01,2025-03-03,2558.53,truck,5,1,0.0914,0.3611,1,36.85
7517,29,12,2025-07-04,2025-07-29,2025-07-29,2227.94,truck,3,1,0.3836,0.223,0,2.66
7518,37,4,2023-12-09,2024-01-09,2024-01-09,913.43,truck,1,0,0.5198,0.1502,0,4.42
7519,9,8,2025-10-06,2025-12-07,2025-12-11,15272.73,ship,5,1,0.4644,0.1382,1,104.13
7520,36,19,2024-10-25,2024-11-18,2024-11-18,1035.64,truck,5,0,0.1032,0.0168,0,1.57
7521,48,3,2024-02-03,2024-02-21,2024-02-23,695.25,truck,2,2,0.4261,0.5295,1,50.43
7522,5,13,2023-02-01,2023-02-25,2023-02-25,353.44,truck,5,1,0.4054,0.2606,0,1.29
7523,1,18,2023-05-24,2023-06-18,2023-06-18,5583.6,air,4,2,0.7057,0.2492,0,1.22
7524,26,19,2025-11-26,2025-12-17,2025-12-19,303.8,truck,5,1,0.0599,0.1577,1,44.42
7525,7,5,2023-07-10,2023-08-02,2023-08-07,392.16,truck,3,1,0.6214,0.2727,1,131.08
7526,46,11,2023-10-10,2023-11-04,2023-11-04,11620.66,air,1,0,0.3671,0.0911,0,1.55
7527,14,7,2024-06-19,2024-08-23,2024-08-24,13417.07,ship,3,0,0.2103,0.2082,1,28.31
7528,41,15,2025-05-17,2025-06-03,2025-06-06,1644.23,truck,4,1,0.5215,0.5395,1,75.92
7529,16,8,2023-10-27,2023-11-24,2023-11-26,1819.9,truck,1,1,0.3727,0.3266,1,53.81
7530,16,11,2023-10-20,2023-11-21,2023-11-27,3851.76,truck,4,1,0.429,0.3266,1,133.98
7531,22,10,2023-05-09,2023-05-29,2023-05-30,1454.1,truck,5,1,0.51,0.1904,1,33.81
7532,29,10,2023-07-03,2023-08-18,2023-08-20,8821.09,ship,1,1,0.655,0.223,1,58.17
7533,28,12,2023-07-03,2023-07-27,2023-07-29,3117.79,truck,1,2,0.316,0.183,1,37.03
7534,24,6,2023-06-13,2023-07-06,2023-07-06,513.77,truck,2,1,0.1912,0.0437,0,1.44
7535,6,16,2025-01-12,2025-02-10,2025-02-12,2262.8,truck,3,0,0.7857,0.3463,1,54.11
7536,41,9,2025-11-15,2025-12-01,2025-12-03,607.02,truck,5,1,0.8789,0.5395,1,58.12
7537,40,11,2025-10-29,2025-11-18,2025-11-23,803.08,truck,4,0,0.6062,0.1206,1,130.7
7538,48,3,2023-06-26,2023-08-05,2023-08-07,8378.88,ship,1,1,0.4014,0.5295,1,43.82
7539,42,3,2024-01-26,2024-02-11,2024-02-12,2132.5,truck,1,2,0.4412,0.2372,1,35.27
7540,31,11,2024-07-13,2024-08-23,2024-08-29,8779.06,ship,5,1,0.3303,0.2757,1,139.63
7541,36,12,2024-11-17,2024-12-08,2024-12-08,2560.13,air,1,0,0.1922,0.0168,0,2.96
7542,19,11,2024-07-31,2024-09-07,2024-09-12,7373.42,ship,3,2,0.3472,0.2562,1,119.72
7543,24,6,2025-10-25,2025-11-13,2025-11-13,381.93,truck,5,0,0.3899,0.0437,0,2.32
7544,17,12,2024-08-29,2024-10-10,2024-10-11,1386.51,truck,1,1,0.3248,0.1135,1,15.92
7545,42,10,2023-02-17,2023-03-07,2023-03-07,1946.7,truck,1,0,0.4284,0.2372,0,1.92
7546,14,9,2024-08-28,2024-09-22,2024-09-22,1046.13,air,3,1,0.8589,0.2082,0,1.93
7547,23,11,2023-05-05,2023-07-24,2023-07-24,20000.0,ship,2,1,0.6141,0.2281,0,2.58
7548,14,7,2025-04-07,2025-06-04,2025-06-09,10317.25,ship,2,0,0.3357,0.2082,1,131.03
7549,15,17,2025-04-14,2025-05-14,2025-05-14,399.05,truck,1,0,0.2547,0.1012,0,1.91
7550,23,6,2023-03-09,2023-04-02,2023-04-02,5104.52,air,4,0,0.4704,0.2281,0,2.66
7551,25,7,2025-10-29,2025-11-30,2025-12-02,3141.62,ship,1,2,0.1962,0.3294,1,48.97
7552,3,5,2024-08-01,2024-09-24,2024-09-29,11300.82,ship,1,1,0.5771,0.2878,1,127.89
7553,46,5,2023-04-08,2023-04-26,2023-04-26,779.98,truck,5,0,0.5191,0.0911,0,2.89
7554,25,15,2024-04-24,2024-05-17,2024-05-19,984.53,truck,2,2,0.3937,0.3294,1,57.65
7555,24,6,2024-09-22,2024-10-10,2024-10-10,347.35,truck,1,0,0.4276,0.0437,0,1.77
7556,8,20,2023-05-31,2023-06-25,2023-06-26,1505.74,truck,5,0,0.5874,0.1094,1,24.42
7557,49,12,2025-05-29,2025-06-18,2025-06-19,1784.87,ship,4,1,0.1275,0.0836,1,20.04
7558,14,19,2025-09-30,2025-10-24,2025-10-24,545.83,truck,1,0,0.4209,0.2082,0,2.33
7559,49,1,2025-06-01,2025-06-28,2025-06-29,3484.16,ship,3,1,0.6618,0.0836,1,17.86
7560,43,13,2023-07-14,2023-08-17,2023-08-19,3607.06,ship,4,0,0.3263,0.1166,1,50.34
7561,21,20,2024-12-22,2025-01-14,2025-01-14,20000.0,air,1,1,0.5506,0.1211,0,1.46
7562,25,9,2024-10-23,2024-11-16,2024-11-18,530.75,truck,4,1,0.705,0.3294,1,39.87
7563,24,12,2023-08-06,2023-08-27,2023-08-27,781.67,truck,1,1,0.3909,0.0437,0,1.72
7564,29,15,2024-02-18,2024-03-10,2024-03-10,738.83,truck,4,0,0.5839,0.223,0,3.6
7565,41,19,2024-12-20,2025-01-07,2025-01-08,1106.19,truck,1,1,0.2869,0.5395,1,22.89
7566,38,15,2025-03-10,2025-04-23,2025-04-23,9874.4,ship,2,1,0.5392,0.1178,0,2.76
7567,1,7,2023-09-19,2023-10-13,2023-10-15,428.49,truck,5,0,0.4519,0.2492,1,37.18
7568,19,19,2025-08-21,2025-09-10,2025-09-12,2441.32,truck,2,0,0.1908,0.2562,1,43.04
7569,20,5,2024-02-24,2024-04-13,2024-04-15,6098.05,ship,3,0,0.4219,0.2853,1,44.12
7570,6,2,2023-05-07,2023-06-02,2023-06-06,499.23,truck,5,1,0.469,0.3463,1,100.66
7571,27,9,2025-08-24,2025-09-14,2025-09-14,3804.19,air,4,1,0.8893,0.1179,0,1.59
7572,12,11,2025-06-09,2025-07-12,2025-07-21,1600.76,truck,5,2,0.5582,0.2771,1,227.15
7573,6,6,2024-05-02,2024-05-30,2024-05-31,5963.03,air,1,1,0.3098,0.3463,1,13.24
7574,19,4,2024-01-03,2024-01-20,2024-01-20,667.57,truck,3,0,0.5519,0.2562,0,2.13
7575,26,5,2024-06-22,2024-07-10,2024-07-10,436.72,truck,5,0,0.4868,0.1577,0,5.92
7576,21,1,2023-05-24,2023-06-19,2023-06-25,5479.41,ship,5,1,0.8292,0.1211,1,143.61
7577,3,20,2024-07-24,2024-08-17,2024-08-17,1410.61,truck,2,0,0.5368,0.2878,0,2.59
7578,8,17,2024-09-21,2024-10-15,2024-10-16,904.57,truck,2,1,0.2455,0.1094,1,24.84
7579,10,19,2024-12-17,2025-01-07,2025-01-09,300.18,truck,4,1,0.437,0.335,1,42.12
7580,44,16,2025-08-03,2025-09-02,2025-09-02,6281.81,ship,3,1,0.5697,0.0719,0,1.84
7581,22,11,2025-03-16,2025-04-28,2025-04-30,9965.53,ship,4,1,0.5251,0.1904,1,53.17
7582,43,20,2024-08-19,2024-10-17,2024-10-17,11953.34,ship,5,0,0.6265,0.1166,0,1.08
7583,31,1,2024-10-16,2024-11-04,2024-11-06,636.28,truck,2,1,0.6118,0.2757,1,45.16
7584,7,19,2024-12-04,2024-12-29,2024-12-29,1799.04,truck,2,1,0.3485,0.2727,0,2.23
7585,48,15,2023-01-04,2023-01-21,2023-01-21,420.03,truck,3,0,0.4702,0.5295,0,2.65
7586,22,8,2023-12-24,2024-01-09,2024-01-09,460.86,truck,3,0,0.3663,0.1904,0,2.4
7587,18,12,2023-07-20,2023-08-25,2023-08-25,8827.02,ship,1,2,0.0993,0.0465,0,2.6
7588,10,8,2023-01-02,2023-01-25,2023-01-27,4595.54,air,5,1,0.7268,0.335,1,57.49
7589,34,16,2025-10-24,2025-11-03,2025-11-05,847.23,truck,4,1,0.6886,0.0399,1,52.34
7590,10,9,2023-03-05,2023-05-19,2023-05-20,20000.0,ship,5,0,0.5921,0.335,1,20.68
7591,4,3,2025-04-07,2025-05-08,2025-05-12,906.27,truck,1,1,0.561,0.2301,1,95.93
7592,49,20,2024-10-11,2024-10-30,2024-11-02,743.46,truck,1,0,0.5222,0.0836,1,70.77
7593,4,13,2024-11-19,2025-02-15,2025-02-27,19898.17,ship,3,2,0.596,0.2301,1,286.57
7594,10,2,2025-05-11,2025-06-09,2025-06-09,10827.64,air,2,1,0.3873,0.335,0,1.79
7595,47,3,2025-02-24,2025-03-27,2025-03-28,1424.58,truck,3,1,0.6562,0.1768,1,20.51
7596,20,1,2025-10-12,2025-11-13,2025-11-16,1679.33,truck,1,1,0.7567,0.2853,1,82.14
7597,35,4,2025-01-21,2025-03-16,2025-03-17,9413.91,ship,3,0,0.622,0.4038,1,20.67
7598,40,13,2024-08-06,2024-08-30,2024-08-30,2031.23,ship,3,0,0.7788,0.1206,0,1.34
7599,10,16,2024-06-22,2024-08-06,2024-08-06,7864.49,ship,5,0,0.5439,0.335,0,1.46
7600,4,8,2023-03-15,2023-05-02,2023-05-03,6902.32,ship,1,1,0.3699,0.2301,1,30.52
7601,43,8,2023-05-06,2023-06-04,2023-06-07,11938.7,air,5,1,0.2193,0.1166,1,61.58
7602,33,11,2023-03-18,2023-04-01,2023-04-06,887.25,truck,4,2,0.4384,0.1674,1,125.63
7603,1,13,2024-09-22,2024-10-18,2024-10-18,9014.07,air,5,0,0.413,0.2492,0,1.76
7604,34,11,2024-03-11,2024-03-23,2024-03-23,2539.46,truck,4,0,0.4719,0.0399,0,1.87
7605,23,12,2024-10-23,2024-11-29,2024-11-29,5172.01,ship,5,0,0.2773,0.2281,0,1.37
7606,42,2,2024-08-26,2024-09-13,2024-09-13,1321.57,truck,2,1,0.2147,0.2372,0,2.32
7607,41,3,2024-02-19,2024-03-08,2024-03-13,1152.02,truck,4,2,0.3959,0.5395,1,123.19
7608,19,7,2023-09-27,2023-10-22,2023-10-24,4391.83,truck,3,1,0.19,0.2562,1,57.42
7609,30,4,2025-08-07,2025-09-04,2025-09-07,4114.99,ship,5,1,0.4486,0.3611,1,82.42
7610,29,7,2024-04-13,2024-05-15,2024-05-15,4322.04,ship,1,1,0.3005,0.223,0,5.76
7611,4,3,2025-07-26,2025-08-29,2025-08-29,733.08,truck,2,1,0.5241,0.2301,0,2.47
7612,30,11,2025-08-12,2025-09-02,2025-09-04,2947.22,truck,5,1,0.3949,0.3611,1,46.28
7613,20,11,2025-01-17,2025-02-18,2025-02-18,4661.45,air,3,0,0.6994,0.2853,0,2.76
7614,33,20,2025-04-22,2025-05-06,2025-05-06,1166.55,truck,4,0,0.3503,0.1674,0,2.29
7615,36,20,2023-10-26,2023-11-15,2023-11-15,529.08,truck,4,1,0.7763,0.0168,0,1.82
7616,32,3,2025-10-07,2025-11-07,2025-11-07,2009.77,truck,4,1,0.5063,0.299,0,2.94
7617,2,20,2023-10-17,2023-11-01,2023-11-02,2476.17,truck,1,1,0.8838,0.3485,1,26.44
7618,40,18,2025-02-25,2025-03-19,2025-03-22,713.65,truck,5,1,0.5843,0.1206,1,61.21
7619,4,13,2025-08-05,2025-09-23,2025-09-27,6090.55,ship,3,1,0.6315,0.2301,1,85.37
7620,5,9,2023-02-01,2023-03-04,2023-03-07,8916.33,air,5,0,0.5792,0.2606,1,74.63
7621,16,5,2023-10-13,2023-11-07,2023-11-07,475.76,truck,2,0,0.3464,0.3266,0,1.23
7622,5,17,2024-02-18,2024-03-18,2024-03-18,1507.09,truck,2,1,0.5223,0.2606,0,1.65
7623,13,17,2023-08-31,2023-10-02,2023-10-04,5434.81,ship,3,2,0.1749,0.1757,1,58.42
7624,15,4,2024-04-08,2024-05-08,2024-05-08,1687.59,air,3,1,0.5652,0.1012,0,2.58
7625,30,16,2025-04-30,2025-05-16,2025-05-16,2966.87,air,1,0,0.6438,0.3611,0,2.76
7626,42,6,2024-03-30,2024-04-22,2024-04-22,2551.3,ship,2,0,0.312,0.2372,0,0.92
7627,45,20,2023-07-02,2023-07-27,2023-07-27,20000.0,air,3,0,0.5455,0.1051,0,3.52
7628,8,15,2023-08-23,2023-09-14,2023-09-14,791.12,truck,4,1,0.5664,0.1094,0,2.84
7629,25,16,2024-10-13,2024-11-05,2024-11-07,395.45,truck,5,0,0.3436,0.3294,1,40.79
7630,1,15,2024-08-28,2024-09-23,2024-09-25,1490.09,truck,2,1,0.4039,0.2492,1,42.45
7631,31,15,2023-08-11,2023-08-30,2023-09-01,1806.6,air,1,1,0.4572,0.2757,1,54.59
7632,21,11,2023-04-21,2023-05-08,2023-05-08,7826.31,air,4,1,0.6658,0.1211,0,3.61
7633,9,11,2025-07-21,2025-08-11,2025-08-13,5217.14,air,1,2,0.3443,0.1382,1,36.03
7634,9,5,2025-04-08,2025-04-25,2025-04-25,1296.51,truck,4,0,0.5192,0.1382,0,1.99
7635,13,6,2025-02-06,2025-02-23,2025-02-23,970.59,truck,1,0,0.4212,0.1757,0,4.37
7636,3,5,2023-09-10,2023-10-10,2023-10-12,15029.74,air,2,1,0.4113,0.2878,1,47.1
7637,3,1,2023-06-14,2023-07-24,2023-08-01,5798.52,ship,1,1,0.3202,0.2878,1,184.45
7638,31,3,2023-06-19,2023-07-07,2023-07-11,1258.81,truck,5,1,0.4501,0.2757,1,100.34
7639,40,20,2023-12-20,2024-01-15,2024-01-25,2213.03,ship,4,1,0.6133,0.1206,1,241.21
7640,16,17,2024-04-04,2024-05-03,2024-05-03,5338.26,air,1,1,0.286,0.3266,0,2.04
7641,40,8,2023-06-04,2023-07-18,2023-07-18,9121.55,ship,1,1,0.2927,0.1206,0,1.66
7642,20,7,2023-03-26,2023-04-28,2023-04-28,1041.92,truck,2,1,0.2706,0.2853,0,2.73
7643,36,7,2024-07-29,2024-08-22,2024-08-24,684.87,truck,3,0,0.1982,0.0168,1,37.45
7644,11,19,2024-10-16,2024-11-02,2024-11-02,7046.59,air,1,1,0.2565,0.163,0,2.62
7645,50,1,2024-09-11,2024-10-02,2024-10-04,1233.45,truck,4,1,0.778,0.1476,1,44.41
7646,36,1,2024-12-11,2024-12-31,2025-01-02,401.44,truck,2,0,0.6965,0.0168,1,44.32
7647,42,7,2024-02-07,2024-04-18,2024-04-19,19964.24,ship,4,2,0.0242,0.2372,1,20.57
7648,29,16,2023-10-12,2023-12-06,2023-12-10,11358.38,ship,4,1,0.5996,0.223,1,106.04
7649,47,15,2024-06-02,2024-06-30,2024-07-01,1169.22,truck,5,2,0.4287,0.1768,1,23.31
7650,18,14,2023-02-05,2023-02-19,2023-02-19,7483.33,air,1,0,0.4531,0.0465,0,3.37
7651,13,16,2023-02-23,2023-03-11,2023-03-11,731.84,truck,2,0,0.5158,0.1757,0,2.43
7652,42,16,2023-09-17,2023-10-01,2023-10-01,450.31,truck,1,0,0.4861,0.2372,0,2.02
7653,44,9,2023-12-29,2024-01-11,2024-01-12,1271.02,truck,5,0,0.6778,0.0719,1,14.71
7654,11,11,2025-01-02,2025-01-29,2025-01-29,5648.25,ship,2,0,0.194,0.163,0,2.03
7655,43,17,2025-05-19,2025-06-13,2025-06-13,436.5,truck,5,1,0.4111,0.1166,0,3.26
7656,23,3,2023-07-22,2023-08-14,2023-08-14,3206.47,air,5,0,0.6401,0.2281,0,3.8
7657,1,13,2025-09-27,2025-11-01,2025-11-03,4622.46,ship,2,1,0.1359,0.2492,1,40.51
7658,28,4,2023-02-16,2023-03-05,2023-03-05,1060.72,truck,2,0,0.42,0.183,0,1.58
7659,27,12,2023-05-18,2023-08-03,2023-08-03,20000.0,ship,1,2,0.1077,0.1179,0,2.15
7660,49,14,2025-04-19,2025-05-08,2025-05-08,379.47,truck,5,1,0.3503,0.0836,0,1.3
7661,2,8,2024-05-29,2024-06-22,2024-06-22,4706.92,ship,3,1,0.3381,0.3485,0,2.3
7662,20,17,2024-02-27,2024-05-04,2024-05-06,12582.86,ship,3,1,0.3673,0.2853,1,39.19
7663,2,1,2025-06-09,2025-07-05,2025-07-06,6458.45,ship,4,1,0.5843,0.3485,1,34.0
7664,35,20,2024-12-19,2025-03-09,2025-03-10,20000.0,ship,2,1,0.6357,0.4038,1,26.42
7665,6,14,2023-08-14,2023-09-15,2023-09-16,1532.42,truck,5,2,0.2765,0.3463,1,19.31
7666,16,17,2025-07-31,2025-09-19,2025-09-20,7927.02,ship,5,1,0.3722,0.3266,1,23.87
7667,44,12,2024-05-08,2024-05-22,2024-05-26,1081.39,truck,3,1,0.4758,0.0719,1,105.69
7668,1,15,2024-02-28,2024-03-23,2024-03-23,1788.69,truck,5,0,0.4661,0.2492,0,3.49
7669,39,14,2023-06-12,2023-07-01,2023-07-02,387.75,truck,4,1,0.4702,0.2906,1,25.94
7670,21,5,2024-03-02,2024-03-22,2024-03-23,16944.49,air,5,1,0.6502,0.1211,1,32.89
7671,44,6,2024-05-14,2024-06-13,2024-06-13,7225.61,ship,1,0,0.3718,0.0719,0,2.64
7672,17,9,2025-08-25,2025-10-02,2025-10-06,552.02,truck,1,2,0.9036,0.1135,1,85.16
7673,36,12,2023-09-10,2023-10-04,2023-10-04,1246.24,truck,5,0,0.1464,0.0168,0,2.5
7674,47,13,2024-10-17,2024-11-19,2024-11-19,13759.16,air,2,1,0.5828,0.1768,0,1.72
7675,41,1,2025-07-09,2025-08-14,2025-08-15,7141.07,ship,5,1,0.538,0.5395,1,17.51
7676,28,18,2023-04-19,2023-05-09,2023-05-12,2060.57,truck,4,1,0.7075,0.183,1,63.56
7677,22,18,2024-08-28,2024-09-25,2024-09-26,4119.8,ship,5,2,0.6999,0.1904,1,23.31
7678,8,2,2024-12-11,2025-01-02,2025-01-02,523.61,truck,1,0,0.2387,0.1094,0,2.95
7679,17,12,2024-12-30,2025-02-10,2025-02-10,656.34,truck,3,0,0.3431,0.1135,0,2.93
7680,29,8,2023-05-29,2023-07-11,2023-07-13,8002.55,ship,5,1,0.2536,0.223,1,52.28
7681,44,8,2025-01-13,2025-01-29,2025-01-29,1767.33,truck,1,0,0.4654,0.0719,0,3.42
7682,27,13,2023-12-07,2023-12-31,2024-01-02,587.95,truck,2,2,0.2959,0.1179,1,52.24
7683,32,8,2025-03-05,2025-03-30,2025-03-30,1231.05,air,2,1,0.3284,0.299,0,1.72
7684,31,15,2023-08-15,2023-09-06,2023-09-08,8021.88,air,4,1,0.5146,0.2757,1,50.45
7685,43,4,2025-01-26,2025-02-23,2025-02-23,4888.04,air,2,0,0.9109,0.1166,0,1.53
7686,47,6,2025-05-24,2025-06-22,2025-06-22,1521.61,truck,3,1,0.4144,0.1768,0,2.2
7687,34,11,2023-04-08,2023-04-20,2023-04-23,819.62,truck,5,1,0.3114,0.0399,1,83.84
7688,33,11,2024-12-20,2025-01-01,2025-01-01,354.57,truck,1,1,0.446,0.1674,0,3.07
7689,4,1,2024-11-10,2024-12-24,2024-12-27,4868.41,ship,5,0,0.723,0.2301,1,70.22
7690,28,2,2025-01-28,2025-02-17,2025-02-17,2082.95,truck,4,0,0.5047,0.183,0,2.75
7691,28,3,2025-03-31,2025-04-19,2025-04-19,1045.37,truck,1,0,0.52,0.183,0,2.38
7692,35,20,2023-04-21,2023-06-01,2023-06-01,6176.64,ship,3,1,0.564,0.4038,0,2.74
7693,37,15,2023-11-02,2024-01-14,2024-01-14,15923.79,ship,5,0,0.5656,0.1502,0,2.42
7694,31,16,2024-12-19,2025-01-06,2025-01-06,320.76,truck,4,0,0.6551,0.2757,0,3.53
7695,36,12,2024-05-01,2024-05-29,2024-05-31,2693.95,ship,5,1,0.3282,0.0168,1,38.97
7696,8,6,2023-11-29,2023-12-23,2023-12-23,955.32,truck,2,0,0.6648,0.1094,0,1.53
7697,6,14,2023-07-25,2023-08-25,2023-08-26,1381.59,truck,3,2,0.2946,0.3463,1,30.06
7698,50,12,2025-05-06,2025-06-03,2025-06-03,4386.63,truck,4,1,0.2186,0.1476,0,2.55
7699,41,10,2025-10-07,2025-10-24,2025-10-24,324.06,truck,4,0,0.3657,0.5395,0,2.6
7700,50,6,2023-10-02,2023-10-21,2023-10-23,1007.51,truck,5,0,0.3266,0.1476,1,50.59
7701,22,7,2023-09-30,2023-10-17,2023-10-17,1338.9,truck,3,1,0.1903,0.1904,0,2.46
7702,41,16,2025-11-17,2025-12-15,2025-12-20,5070.19,ship,1,0,0.4625,0.5395,1,110.72
7703,39,13,2023-12-15,2024-02-13,2024-02-15,14521.05,ship,5,1,0.3948,0.2906,1,40.93
7704,4,16,2024-01-16,2024-02-21,2024-02-21,1931.58,ship,5,0,0.6218,0.2301,0,2.51
7705,28,18,2023-12-29,2024-01-16,2024-01-18,857.38,truck,3,0,0.4642,0.183,1,42.64
7706,23,9,2023-09-06,2023-10-02,2023-10-02,968.42,truck,5,1,0.8959,0.2281,0,1.87
7707,33,18,2023-02-13,2023-02-26,2023-02-26,379.39,truck,2,1,0.5062,0.1674,0,3.56
7708,41,5,2023-12-06,2024-01-05,2024-01-06,5067.79,ship,4,0,0.4865,0.5395,1,21.71
7709,29,19,2025-07-01,2025-07-26,2025-07-27,2605.55,truck,4,0,0.057,0.223,1,12.94
7710,29,7,2025-08-31,2025-09-22,2025-09-24,1279.91,truck,2,0,0.2267,0.223,1,41.56
7711,26,13,2023-07-11,2023-07-31,2023-08-02,869.58,truck,3,0,0.3861,0.1577,1,41.27
7712,7,17,2025-11-11,2025-12-05,2025-12-07,612.44,truck,4,0,0.2798,0.2727,1,56.95
7713,14,15,2024-10-13,2024-11-11,2024-11-11,9048.49,air,1,1,0.3397,0.2082,0,6.22
7714,2,12,2025-02-27,2025-03-10,2025-03-10,1281.44,truck,3,0,0.2348,0.3485,0,1.23
7715,17,13,2023-07-02,2023-08-13,2023-08-13,847.78,truck,1,1,0.4777,0.1135,0,2.6
7716,18,20,2025-07-02,2025-07-24,2025-07-26,3901.13,ship,3,0,0.5488,0.0465,1,48.11
7717,44,1,2024-08-18,2024-10-01,2024-10-03,11346.75,ship,4,1,0.6508,0.0719,1,53.79
7718,12,1,2023-01-01,2023-02-01,2023-02-01,7527.69,air,3,0,0.1928,0.2771,0,2.18
7719,19,20,2023-03-06,2023-03-28,2023-03-28,2411.93,ship,3,1,0.6933,0.2562,0,1.75
7720,2,19,2025-03-23,2025-04-10,2025-04-14,16238.87,air,4,1,0.3382,0.3485,1,85.22
7721,12,3,2023-06-11,2023-07-12,2023-07-14,363.67,truck,2,0,0.5108,0.2771,1,56.86
7722,31,1,2023-11-14,2023-12-06,2023-12-06,1507.82,truck,3,0,0.7367,0.2757,0,2.33
7723,47,10,2025-06-15,2025-08-06,2025-08-08,9012.26,ship,1,2,0.639,0.1768,1,45.63
7724,35,9,2023-07-17,2023-08-10,2023-08-16,1053.77,truck,4,1,0.8104,0.4038,1,145.15
7725,26,6,2025-11-26,2025-12-16,2025-12-16,425.51,truck,1,0,0.293,0.1577,0,2.75
7726,38,10,2023-11-30,2023-12-18,2023-12-18,3242.71,air,1,0,0.2948,0.1178,0,1.49
7727,46,11,2024-02-13,2024-03-03,2024-03-03,3536.9,air,3,0,0.4246,0.0911,0,2.38
7728,23,17,2024-10-27,2024-12-06,2024-12-07,6498.33,ship,1,0,0.5711,0.2281,1,32.79
7729,19,2,2025-02-13,2025-03-03,2025-03-03,3729.41,air,2,1,0.2135,0.2562,0,2.59
7730,50,1,2023-12-14,2024-01-27,2024-01-30,8608.28,ship,5,0,0.5393,0.1476,1,73.73
7731,2,5,2023-08-11,2023-09-10,2023-09-14,7403.29,ship,4,1,0.3667,0.3485,1,104.61
7732,45,14,2025-08-09,2025-08-22,2025-08-22,1822.6,air,5,1,0.3913,0.1051,1,10.06
7733,39,19,2025-11-02,2025-11-26,2025-11-28,1439.87,truck,4,1,0.1492,0.2906,1,46.34
7734,35,12,2023-11-18,2023-12-14,2023-12-15,821.04,truck,4,0,0.3641,0.4038,1,16.97
7735,14,7,2024-03-25,2024-05-06,2024-05-06,5988.29,ship,5,1,0.354,0.2082,0,1.5
7736,7,19,2025-03-16,2025-04-05,2025-04-06,3368.46,air,2,1,0.1471,0.2727,1,30.36
7737,1,3,2023-12-08,2024-01-04,2024-01-06,2428.5,truck,5,1,0.5891,0.2492,1,42.47
7738,39,5,2025-11-27,2025-12-21,2025-12-25,3869.44,truck,5,0,0.6292,0.2906,1,97.08
7739,49,9,2023-01-06,2023-01-23,2023-01-23,1134.09,truck,5,0,0.6403,0.0836,0,3.25
7740,9,2,2025-07-24,2025-08-23,2025-08-23,3363.26,ship,2,1,0.4337,0.1382,0,1.47
7741,15,12,2023-04-18,2023-05-21,2023-05-30,2967.37,truck,4,1,0.3306,0.1012,1,209.22
7742,9,20,2024-09-28,2024-10-16,2024-10-16,719.88,truck,2,1,0.507,0.1382,0,2.47
7743,26,6,2024-07-30,2024-09-21,2024-09-23,10558.39,ship,1,2,0.5194,0.1577,1,52.8
7744,40,3,2025-09-09,2025-10-05,2025-10-06,3053.23,truck,3,1,0.4083,0.1206,1,20.85
7745,28,2,2024-02-05,2024-02-20,2024-02-20,3460.7,air,2,0,0.4547,0.183,0,1.79
7746,35,5,2025-04-22,2025-05-18,2025-05-18,541.95,truck,1,1,0.5488,0.4038,0,2.75
7747,30,16,2025-07-16,2025-08-17,2025-08-22,5502.42,ship,5,1,0.6309,0.3611,1,121.21
7748,15,9,2023-03-31,2023-04-30,2023-04-30,403.8,truck,2,1,0.5507,0.1012,0,2.07
7749,23,8,2023-01-29,2023-02-21,2023-02-22,5566.44,air,4,0,0.3599,0.2281,1,28.32
7750,17,19,2025-09-04,2025-11-21,2025-11-22,13077.94,ship,1,1,0.332,0.1135,1,20.76
7751,2,11,2025-08-20,2025-09-03,2025-09-03,9181.0,air,3,1,0.4951,0.3485,0,1.85
7752,18,7,2023-01-06,2023-01-19,2023-01-20,1295.53,truck,3,2,0.3768,0.0465,1,29.26
7753,31,10,2025-01-09,2025-01-27,2025-01-27,589.67,truck,2,1,0.367,0.2757,0,1.76
7754,43,9,2023-02-07,2023-03-04,2023-03-04,686.61,truck,4,0,0.5108,0.1166,0,2.23
7755,14,11,2025-08-10,2025-09-08,2025-09-08,12690.86,air,2,1,0.3905,0.2082,0,1.66
7756,2,6,2025-02-27,2025-03-17,2025-03-17,11545.97,air,3,1,0.4084,0.3485,0,2.19
7757,16,14,2023-06-20,2023-07-17,2023-07-22,1861.55,truck,3,2,0.3597,0.3266,1,114.27
7758,33,20,2024-12-01,2024-12-12,2024-12-13,684.41,truck,4,2,0.5445,0.1674,1,17.82
7759,50,15,2023-04-19,2023-05-15,2023-05-24,9510.03,air,2,1,0.6841,0.1476,1,222.48
7760,15,12,2025-10-03,2025-11-13,2025-11-13,4428.85,ship,5,0,0.1851,0.1012,0,2.25
7761,4,5,2024-07-20,2024-08-21,2024-08-24,1219.43,air,4,1,0.6266,0.2301,1,71.05
7762,4,20,2023-11-22,2023-12-23,2023-12-25,1671.92,truck,5,2,0.4806,0.2301,1,37.65
7763,36,2,2024-07-17,2024-08-12,2024-08-12,7891.76,air,2,0,0.5448,0.0168,0,2.09
7764,11,17,2025-02-03,2025-02-19,2025-02-19,1584.67,truck,1,1,0.2786,0.163,0,4.81
7765,43,20,2023-05-22,2023-06-18,2023-06-18,4031.13,air,2,0,0.488,0.1166,0,1.53
7766,23,20,2023-05-17,2023-06-10,2023-06-10,583.92,truck,1,0,0.5454,0.2281,0,2.22
7767,34,3,2023-01-09,2023-01-18,2023-01-22,521.15,truck,4,1,0.5984,0.0399,1,105.91
7768,1,9,2023-09-25,2023-10-17,2023-10-19,520.5,truck,5,0,0.6242,0.2492,1,40.97
7769,33,1,2024-01-01,2024-01-24,2024-01-29,4208.84,ship,4,0,0.6912,0.1674,1,109.37
7770,13,16,2023-09-22,2023-10-11,2023-10-11,1608.6,truck,3,1,0.4621,0.1757,0,1.63
7771,24,17,2025-05-02,2025-05-25,2025-05-27,452.31,truck,2,1,0.2692,0.0437,1,37.24
7772,50,17,2025-09-24,2025-11-10,2025-11-10,11346.44,ship,5,1,0.1431,0.1476,0,2.04
7773,4,16,2025-10-21,2025-11-23,2025-11-23,869.21,truck,4,1,0.6024,0.2301,0,2.14
7774,29,14,2025-04-08,2025-05-01,2025-05-06,626.86,truck,2,2,0.2768,0.223,1,113.05
7775,6,4,2025-07-18,2025-08-14,2025-08-17,440.71,truck,5,1,0.391,0.3463,1,61.98
7776,6,10,2025-07-06,2025-08-01,2025-08-09,356.3,truck,4,2,0.303,0.3463,1,189.2
7777,25,6,2024-02-09,2024-03-02,2024-03-02,303.49,truck,1,0,0.4917,0.3294,0,2.43
7778,36,17,2024-03-01,2024-03-25,2024-03-25,838.85,truck,2,1,0.4506,0.0168,0,2.95
7779,6,8,2024-02-02,2024-03-24,2024-03-25,10563.83,ship,3,1,0.3348,0.3463,1,21.25
7780,41,2,2025-02-25,2025-03-14,2025-03-15,555.01,truck,4,0,0.4522,0.5395,1,16.29
7781,20,16,2025-07-15,2025-09-10,2025-09-10,9627.42,ship,2,1,0.7157,0.2853,0,2.39
7782,25,6,2025-11-26,2025-12-22,2025-12-22,641.01,truck,4,0,0.293,0.3294,0,2.62
7783,12,12,2024-01-30,2024-03-01,2024-03-04,384.39,truck,4,0,0.2698,0.2771,1,66.48
7784,33,18,2024-02-17,2024-03-03,2024-03-03,485.93,truck,3,0,0.7492,0.1674,0,1.01
7785,42,17,2024-10-29,2024-11-15,2024-11-15,331.9,truck,2,0,0.3095,0.2372,0,2.25
7786,24,6,2023-05-04,2023-06-05,2023-06-06,4583.26,ship,2,1,0.3058,0.0437,1,32.41
7787,43,14,2023-07-12,2023-08-12,2023-08-13,2028.12,truck,2,2,0.3002,0.1166,1,12.21
7788,13,20,2025-10-21,2025-11-20,2025-11-20,5466.04,ship,5,0,0.5197,0.1757,0,3.0
7789,6,3,2024-12-21,2025-01-17,2025-01-24,1429.66,truck,2,2,0.5302,0.3463,1,162.04
7790,44,13,2024-07-28,2024-08-10,2024-08-10,365.98,truck,1,0,0.6559,0.0719,0,1.86
7791,31,14,2024-10-15,2024-11-04,2024-11-07,1786.2,air,4,0,0.4175,0.2757,1,65.63
7792,3,7,2025-01-10,2025-02-01,2025-02-01,1711.6,air,5,1,0.2704,0.2878,0,2.47
7793,46,14,2025-03-24,2025-04-15,2025-04-19,994.93,truck,4,1,0.2647,0.0911,1,96.02
7794,46,12,2023-10-19,2023-11-09,2023-11-09,1237.83,truck,2,0,0.1096,0.0911,0,1.58
7795,43,8,2024-04-03,2024-04-29,2024-04-30,1077.47,truck,3,0,0.367,0.1166,1,25.83
7796,43,13,2025-05-08,2025-06-06,2025-06-06,2072.19,ship,4,0,0.6718,0.1166,0,0.92
7797,44,9,2024-03-10,2024-03-23,2024-03-23,1092.37,truck,3,0,0.4475,0.0719,0,1.75
7798,1,13,2025-08-27,2025-09-22,2025-09-22,9121.96,air,5,0,0.4665,0.2492,0,1.72
7799,50,14,2025-09-25,2025-10-15,2025-10-15,377.43,truck,5,1,0.1216,0.1476,0,6.91
7800,32,16,2024-10-18,2024-11-15,2024-11-16,842.3,truck,1,1,0.5456,0.299,1,30.15
7801,32,19,2025-02-20,2025-03-18,2025-03-18,1029.07,air,5,1,0.2995,0.299,0,3.71
7802,44,3,2025-05-11,2025-06-02,2025-06-04,3572.16,ship,3,0,0.3416,0.0719,1,36.17
7803,39,2,2023-03-26,2023-04-16,2023-04-16,1613.21,truck,1,1,0.5463,0.2906,0,1.5
7804,27,8,2025-03-26,2025-04-14,2025-04-16,4995.5,air,5,0,0.1815,0.1179,1,46.67
7805,30,13,2025-03-08,2025-03-26,2025-03-29,351.04,truck,2,1,0.4065,0.3611,1,79.39
7806,38,16,2025-10-11,2025-10-26,2025-10-26,475.77,truck,1,0,0.4315,0.1178,0,2.96
7807,42,16,2023-02-05,2023-02-20,2023-02-22,615.18,truck,1,0,0.7666,0.2372,1,47.82
7808,29,3,2023-03-03,2023-03-24,2023-03-24,707.31,truck,1,1,0.5366,0.223,0,1.88
7809,4,2,2025-08-28,2025-10-04,2025-10-04,6680.99,air,3,1,0.454,0.2301,0,4.26
7810,3,3,2023-05-12,2023-06-08,2023-06-08,1039.04,truck,3,0,0.6131,0.2878,0,2.13
7811,7,7,2025-11-14,2026-01-01,2026-01-02,8965.54,ship,1,1,0.3348,0.2727,1,18.02
7812,12,11,2024-06-11,2024-07-18,2024-07-18,2864.99,ship,3,1,0.3943,0.2771,0,3.37
7813,34,5,2023-06-16,2023-06-28,2023-07-03,649.92,truck,5,1,0.4978,0.0399,1,119.21
7814,40,10,2025-03-08,2025-04-03,2025-04-03,2417.55,truck,4,0,0.4424,0.1206,0,2.61
7815,11,14,2023-02-18,2023-03-03,2023-03-03,518.34,truck,5,1,0.4882,0.163,0,4.26
7816,17,3,2023-10-27,2024-01-21,2024-01-26,15772.23,ship,4,1,0.4454,0.1135,1,119.22
7817,49,16,2024-01-01,2024-01-18,2024-01-19,1951.04,truck,3,0,0.574,0.0836,1,19.63
7818,42,14,2025-03-11,2025-03-25,2025-03-26,1050.73,truck,1,1,0.4598,0.2372,1,15.16
7819,7,2,2024-10-04,2024-10-29,2024-11-02,2428.17,truck,4,1,0.4418,0.2727,1,97.87
7820,9,8,2023-03-04,2023-03-21,2023-03-21,409.95,truck,2,0,0.3532,0.1382,0,2.3
7821,42,16,2023-10-07,2023-10-23,2023-10-23,1159.4,truck,1,0,0.8993,0.2372,0,2.29
7822,23,4,2023-10-29,2023-11-30,2023-12-01,17420.8,air,1,0,0.6357,0.2281,1,21.67
7823,49,6,2024-08-21,2024-09-14,2024-09-14,2886.05,ship,5,1,0.2793,0.0836,0,1.36
7824,6,7,2025-04-09,2025-05-10,2025-05-10,1632.88,ship,1,0,0.3507,0.3463,0,3.73
7825,38,6,2023-03-24,2023-04-09,2023-04-09,850.55,truck,4,0,0.6979,0.1178,0,1.96
7826,7,6,2024-07-21,2024-08-15,2024-08-16,1518.11,truck,2,0,0.5484,0.2727,1,22.48
7827,44,1,2023-08-15,2023-09-28,2023-09-30,11767.95,ship,5,1,0.871,0.0719,1,46.26
7828,33,14,2024-05-12,2024-05-31,2024-05-31,2979.73,truck,5,1,0.4163,0.1674,0,2.4
7829,21,6,2024-11-18,2024-12-07,2024-12-07,10578.54,air,2,0,0.5763,0.1211,0,2.77
7830,28,13,2024-06-26,2024-07-16,2024-07-16,2174.48,truck,3,0,0.4624,0.183,0,2.55
7831,50,1,2024-03-09,2024-03-28,2024-03-31,877.62,truck,5,0,0.5194,0.1476,1,71.49
7832,31,19,2024-03-03,2024-04-29,2024-05-04,14256.52,ship,3,1,0.3428,0.2757,1,109.73
7833,13,1,2023-04-15,2023-05-02,2023-05-02,8280.45,air,4,1,0.6817,0.1757,0,0.95
7834,29,7,2023-04-21,2023-05-16,2023-05-16,1932.84,ship,1,0,0.3706,0.223,0,2.43
7835,48,2,2023-06-14,2023-07-02,2023-07-02,5484.19,air,4,1,0.2978,0.5295,0,2.23
7836,42,19,2023-09-25,2023-10-11,2023-10-11,1313.09,truck,4,1,0.3847,0.2372,0,2.1
7837,49,7,2025-08-03,2025-08-20,2025-08-20,1410.82,truck,2,0,0.2828,0.0836,0,1.08
7838,36,10,2024-05-26,2024-06-26,2024-06-28,2981.49,ship,5,1,0.7215,0.0168,1,46.23
7839,46,6,2025-10-05,2025-10-24,2025-10-24,1451.98,air,4,1,0.5993,0.0911,0,2.11
7840,10,7,2025-03-17,2025-04-07,2025-04-08,617.9,truck,1,1,0.3508,0.335,1,33.17
7841,30,15,2024-01-23,2024-03-16,2024-03-16,12900.08,ship,5,0,0.4347,0.3611,0,4.24
7842,31,10,2023-07-10,2023-08-02,2023-08-04,781.88,truck,4,1,0.6641,0.2757,1,52.41
7843,46,14,2024-01-15,2024-02-19,2024-02-20,5744.56,ship,4,0,0.5929,0.0911,1,32.1
7844,6,20,2023-03-21,2023-04-17,2023-04-21,399.07,truck,4,0,0.7201,0.3463,1,104.96
7845,15,17,2024-08-14,2024-09-18,2024-09-18,1676.0,ship,2,1,0.4353,0.1012,0,1.2
7846,31,2,2025-05-26,2025-06-18,2025-06-18,1820.5,truck,5,1,0.2549,0.2757,0,2.15
7847,31,16,2025-10-03,2025-10-21,2025-10-21,494.6,truck,4,0,0.4904,0.2757,0,2.35
7848,13,1,2024-05-14,2024-05-31,2024-06-01,1557.91,truck,3,2,0.8997,0.1757,1,24.52
7849,38,5,2025-05-21,2025-06-17,2025-06-19,4092.55,ship,3,2,0.711,0.1178,1,55.65
7850,6,4,2024-06-26,2024-07-22,2024-07-24,1140.68,truck,1,2,0.3424,0.3463,1,36.63
7851,34,6,2025-10-29,2025-11-09,2025-11-09,380.02,truck,4,0,0.4496,0.0399,0,3.67
7852,26,17,2025-11-21,2025-12-15,2025-12-17,2524.4,truck,3,1,0.403,0.1577,1,41.45
7853,31,8,2024-01-29,2024-03-10,2024-03-12,8116.68,ship,5,0,0.5934,0.2757,1,41.29
7854,33,5,2023-04-07,2023-04-21,2023-04-22,454.77,truck,5,0,0.5302,0.1674,1,35.04
7855,23,19,2025-05-09,2025-06-06,2025-06-07,2448.43,ship,5,0,0.3105,0.2281,1,28.86
7856,46,5,2024-05-24,2024-06-15,2024-06-21,1690.55,truck,4,1,0.6482,0.0911,1,150.13
7857,26,18,2024-04-23,2024-05-15,2024-05-15,975.35,truck,1,0,0.6876,0.1577,0,2.67
7858,3,2,2023-12-24,2024-01-17,2024-01-17,940.32,truck,1,0,0.3059,0.2878,0,4.5
7859,49,20,2023-06-07,2023-06-25,2023-06-25,2422.27,truck,2,0,0.4071,0.0836,0,7.57
7860,33,2,2025-06-23,2025-07-08,2025-07-08,327.75,truck,3,1,0.4317,0.1674,0,3.01
7861,13,10,2024-09-23,2024-10-12,2024-10-13,363.81,truck,2,1,0.6715,0.1757,1,24.21
7862,35,16,2023-06-15,2023-07-09,2023-07-11,478.14,truck,4,2,0.5826,0.4038,1,55.9
7863,9,11,2025-10-20,2025-11-18,2025-11-20,3451.08,ship,2,0,0.2528,0.1382,1,43.95
7864,29,12,2025-10-14,2025-12-27,2025-12-27,18576.63,ship,1,1,0.1704,0.223,0,1.63
7865,10,6,2025-05-20,2025-06-15,2025-06-16,2092.5,truck,3,1,0.5565,0.335,1,34.71
7866,26,5,2025-09-26,2025-10-19,2025-10-22,1904.95,truck,5,1,0.27,0.1577,1,69.75
7867,5,16,2023-05-09,2023-06-05,2023-06-26,5727.91,air,4,1,0.4274,0.2606,1,500.0
7868,1,12,2024-01-20,2024-02-13,2024-02-13,981.05,truck,1,0,0.3683,0.2492,0,1.27
7869,39,18,2025-04-23,2025-05-14,2025-05-14,10389.0,air,2,1,0.5747,0.2906,0,2.5
7870,40,5,2023-04-05,2023-05-01,2023-05-04,2568.34,ship,4,0,0.5292,0.1206,1,70.98
7871,32,13,2023-03-23,2023-04-17,2023-04-21,531.3,truck,1,0,0.4371,0.299,1,99.46
7872,28,19,2025-05-31,2025-06-26,2025-06-26,3783.48,ship,3,0,0.458,0.183,0,2.81
7873,3,6,2023-08-15,2023-09-06,2023-09-08,583.61,truck,5,1,0.4002,0.2878,1,58.01
7874,22,3,2023-07-15,2023-07-30,2023-07-30,325.13,truck,3,0,0.601,0.1904,0,1.63
7875,36,19,2024-08-15,2024-10-30,2024-10-31,20000.0,ship,5,0,0.2878,0.0168,1,20.3
7876,34,16,2025-06-11,2025-06-28,2025-06-28,11631.22,air,3,0,0.75,0.0399,0,1.3
7877,11,15,2024-12-02,2024-12-23,2024-12-23,2265.57,ship,2,0,0.8847,0.163,0,3.61
7878,36,10,2025-10-02,2025-11-07,2025-11-08,4786.34,ship,1,0,0.3812,0.0168,1,26.24
7879,30,7,2023-06-11,2023-06-28,2023-06-29,866.71,truck,5,1,0.0,0.3611,1,29.01
7880,9,15,2024-06-11,2024-06-30,2024-06-30,302.02,truck,3,2,0.5401,0.1382,0,2.83
7881,1,9,2025-04-25,2025-05-17,2025-05-17,350.94,truck,2,1,0.7431,0.2492,0,1.92
7882,44,2,2023-04-25,2023-05-19,2023-05-19,4387.71,ship,1,1,0.4607,0.0719,0,1.04
7883,8,16,2024-04-26,2024-05-17,2024-05-17,513.02,truck,2,1,0.4743,0.1094,0,2.6
7884,16,3,2024-08-31,2024-10-08,2024-10-10,4057.67,ship,5,0,0.6873,0.3266,1,44.33
7885,49,4,2023-07-02,2023-07-18,2023-07-18,1448.44,truck,3,2,0.4859,0.0836,0,1.21
7886,28,16,2024-03-19,2024-04-07,2024-04-07,2147.64,ship,2,0,0.6009,0.183,0,2.3
7887,10,11,2023-07-09,2023-08-01,2023-08-01,1062.98,truck,3,2,0.4084,0.335,0,2.48
7888,50,16,2024-08-01,2024-09-06,2024-09-08,6345.15,ship,4,2,0.6305,0.1476,1,40.37
7889,48,18,2024-06-15,2024-07-10,2024-07-10,12867.62,air,5,2,0.7268,0.5295,0,2.11
7890,3,18,2024-07-04,2024-07-30,2024-08-01,1231.74,truck,3,1,0.5426,0.2878,1,40.29
7891,17,13,2024-05-24,2024-07-07,2024-07-07,1332.24,truck,3,0,0.4934,0.1135,0,2.63
7892,15,14,2025-02-04,2025-03-13,2025-03-13,2772.33,ship,2,0,0.4522,0.1012,0,1.53
7893,23,10,2023-09-30,2023-10-26,2023-10-29,563.92,truck,3,0,0.5839,0.2281,1,62.24
7894,34,15,2023-09-05,2023-09-18,2023-09-19,2775.44,truck,2,1,0.5093,0.0399,1,20.17
7895,44,9,2023-01-28,2023-02-18,2023-02-18,3635.22,ship,3,0,0.5337,0.0719,0,0.9
7896,34,10,2025-06-28,2025-07-10,2025-07-15,5948.83,air,2,2,0.4797,0.0399,1,131.9
7897,17,2,2024-04-08,2024-05-18,2024-05-18,1232.7,air,2,2,0.5649,0.1135,0,2.79
7898,4,1,2023-10-07,2023-11-10,2023-11-10,486.73,truck,5,0,0.6094,0.2301,0,1.28
7899,46,8,2025-09-13,2025-10-15,2025-10-18,7349.07,truck,2,1,0.2313,0.0911,1,69.83
7900,40,4,2025-10-10,2025-11-27,2025-11-27,9869.62,ship,1,1,0.4929,0.1206,0,3.73
7901,25,11,2025-01-23,2025-02-19,2025-02-20,10757.93,air,2,0,0.5997,0.3294,1,28.17
7902,25,1,2024-07-09,2024-08-04,2024-08-04,1380.0,truck,1,2,0.7318,0.3294,0,1.76
7903,19,19,2024-07-19,2024-08-06,2024-08-08,376.26,truck,4,1,0.1873,0.2562,1,47.75
7904,16,9,2024-10-03,2024-10-27,2024-10-30,441.99,truck,4,1,0.5804,0.3266,1,77.57
7905,33,20,2024-04-18,2024-05-02,2024-05-02,1814.76,air,3,1,0.5064,0.1674,0,1.01
7906,17,3,2023-11-15,2023-12-31,2024-01-01,2167.72,ship,2,0,0.5523,0.1135,1,35.21
7907,21,3,2024-02-08,2024-02-25,2024-03-03,1805.73,ship,5,1,0.4561,0.1211,1,171.44
7908,39,10,2024-06-17,2024-07-13,2024-07-15,3704.86,truck,3,1,0.6933,0.2906,1,53.73
7909,4,2,2024-05-20,2024-06-21,2024-06-22,2995.55,air,5,1,0.3281,0.2301,1,22.52
7910,27,10,2025-09-29,2025-11-18,2025-11-18,10661.78,ship,3,1,0.4126,0.1179,0,7.11
7911,49,11,2025-05-17,2025-06-02,2025-06-02,656.92,truck,5,1,0.4348,0.0836,0,1.7
7912,39,19,2023-07-04,2023-07-23,2023-07-24,878.81,truck,5,1,0.3922,0.2906,1,28.62
7913,27,14,2024-02-14,2024-03-05,2024-03-10,343.87,truck,4,1,0.3473,0.1179,1,108.13
7914,34,7,2024-06-27,2024-07-07,2024-07-08,652.67,truck,1,1,0.2854,0.0399,1,22.57
7915,10,18,2025-10-27,2025-11-28,2025-11-30,4208.05,ship,2,1,0.7362,0.335,1,59.27
7916,6,13,2024-11-04,2024-12-16,2024-12-16,5213.75,ship,1,1,0.5283,0.3463,0,1.32
7917,39,3,2023-10-28,2023-11-14,2023-11-14,603.5,truck,2,0,0.4434,0.2906,0,4.3
7918,1,15,2024-04-15,2024-05-31,2024-06-01,9228.04,ship,5,1,0.5791,0.2492,1,18.41
7919,36,13,2025-08-08,2025-08-28,2025-08-28,650.95,truck,2,0,0.5624,0.0168,0,1.17
7920,19,18,2023-05-17,2023-06-19,2023-06-21,5172.64,ship,4,1,0.6335,0.2562,1,51.07
7921,38,3,2023-03-20,2023-04-04,2023-04-05,760.11,truck,5,0,0.3311,0.1178,1,28.83
7922,49,1,2024-04-21,2024-05-09,2024-05-09,4195.34,air,1,1,0.6065,0.0836,0,3.12
7923,17,5,2025-03-10,2025-04-24,2025-04-24,1803.91,truck,3,0,0.7992,0.1135,0,2.41
7924,10,14,2025-03-14,2025-04-08,2025-04-08,1632.97,truck,3,0,0.4322,0.335,0,2.53
7925,49,17,2023-12-09,2023-12-26,2023-12-26,3676.01,air,1,0,0.2531,0.0836,0,2.08
7926,8,19,2024-08-17,2024-09-11,2024-09-12,780.52,truck,1,0,0.3251,0.1094,1,24.64
7927,45,17,2024-09-02,2024-09-20,2024-09-20,1901.44,truck,4,0,0.0848,0.1051,0,1.58
7928,15,15,2025-10-11,2025-11-11,2025-11-11,2687.54,air,4,1,0.4385,0.1012,0,2.76
7929,39,9,2023-10-17,2023-11-08,2023-11-09,2363.91,air,2,1,0.3711,0.2906,1,25.24
7930,37,10,2025-11-30,2026-01-01,2026-01-01,2608.0,air,4,0,0.5865,0.1502,0,1.46
7931,39,20,2024-09-17,2024-10-08,2024-10-12,1083.96,truck,1,0,0.4253,0.2906,1,101.6
7932,34,9,2024-04-03,2024-04-11,2024-04-12,1257.81,truck,4,1,0.4783,0.0399,1,35.84
7933,32,13,2025-10-18,2025-11-13,2025-11-14,380.37,truck,2,1,0.4966,0.299,1,31.04
7934,39,18,2025-04-01,2025-06-12,2025-06-12,19389.76,ship,2,0,0.789,0.2906,0,3.13
7935,28,14,2023-01-28,2023-02-14,2023-02-14,3900.3,air,4,0,0.457,0.183,0,2.13
7936,4,4,2025-06-14,2025-07-24,2025-07-27,16668.11,air,3,2,0.5448,0.2301,1,60.91
7937,32,2,2023-08-28,2023-10-01,2023-10-02,3328.78,ship,3,1,0.5065,0.299,1,20.95
7938,44,5,2025-08-08,2025-08-18,2025-08-22,906.36,truck,4,1,0.5473,0.0719,1,87.81
7939,15,6,2023-06-27,2023-07-25,2023-07-26,348.36,truck,5,1,0.6111,0.1012,1,24.72
7940,21,4,2023-04-18,2023-05-31,2023-06-01,10066.67,ship,1,1,0.9483,0.1211,1,13.38
7941,34,12,2023-11-25,2023-12-03,2023-12-03,2056.0,truck,2,0,0.2438,0.0399,0,2.12
7942,23,14,2024-06-16,2024-07-10,2024-07-15,392.13,truck,5,2,0.3704,0.2281,1,109.53
7943,15,12,2025-04-04,2025-05-04,2025-05-05,668.88,truck,5,0,0.329,0.1012,1,25.7
7944,42,3,2023-05-18,2023-06-05,2023-06-05,1958.99,truck,5,0,0.6848,0.2372,0,4.11
7945,32,5,2024-08-02,2024-08-30,2024-08-30,1086.1,truck,3,0,0.67,0.299,0,3.14
7946,48,1,2024-06-10,2024-06-27,2024-07-04,412.44,truck,5,1,0.8046,0.5295,1,162.12
7947,45,3,2024-01-04,2024-01-20,2024-01-20,2737.39,air,2,1,0.4856,0.1051,0,2.07
7948,4,12,2025-07-13,2025-09-02,2025-09-09,6333.54,ship,4,1,0.2402,0.2301,1,164.49
7949,50,4,2025-06-17,2025-07-30,2025-07-31,8748.5,ship,5,1,0.4435,0.1476,1,34.62
7950,13,19,2024-04-21,2024-05-05,2024-05-05,1298.06,truck,4,0,0.3092,0.1757,0,2.88
7951,9,11,2023-08-03,2023-08-25,2023-08-30,1884.5,ship,5,1,0.457,0.1382,1,130.38
7952,2,7,2025-02-12,2025-03-22,2025-04-01,9021.98,ship,3,2,0.3654,0.3485,1,248.94
7953,42,15,2024-03-28,2024-04-11,2024-04-11,396.02,truck,1,0,0.4965,0.2372,0,3.27
7954,7,9,2023-02-20,2023-03-17,2023-03-19,1313.15,truck,3,0,0.5901,0.2727,1,41.98
7955,45,8,2025-05-06,2025-05-29,2025-05-29,3643.86,ship,4,0,0.355,0.1051,0,3.9
7956,19,19,2023-01-21,2023-03-21,2023-03-25,15324.81,ship,5,1,0.1257,0.2562,1,102.84
7957,43,20,2025-08-04,2025-08-31,2025-08-31,896.28,truck,2,0,0.5042,0.1166,0,2.0
7958,6,18,2023-08-20,2023-09-19,2023-09-21,1201.71,truck,1,1,0.613,0.3463,1,47.54
7959,9,5,2024-05-26,2024-06-15,2024-06-17,450.46,truck,4,0,0.4681,0.1382,1,45.5
7960,11,10,2023-12-22,2024-01-11,2024-01-12,2408.01,ship,1,0,0.3585,0.163,1,31.16
7961,34,11,2023-09-18,2023-09-26,2023-09-26,537.18,truck,1,1,0.6374,0.0399,0,0.73
7962,37,9,2025-04-05,2025-05-09,2025-05-09,8367.07,air,2,0,0.6632,0.1502,0,1.51
7963,30,5,2025-03-28,2025-04-15,2025-04-17,3274.92,air,4,0,0.6998,0.3611,1,51.67
7964,43,1,2024-04-06,2024-05-01,2024-05-01,854.85,truck,3,1,0.5784,0.1166,0,4.2
7965,8,9,2024-07-09,2024-08-03,2024-08-05,1890.53,truck,3,1,0.6343,0.1094,1,37.28
7966,17,13,2024-12-09,2025-03-17,2025-03-22,20000.0,ship,5,2,0.7195,0.1135,1,108.29
7967,45,19,2025-08-06,2025-08-22,2025-08-22,1139.93,truck,2,0,0.378,0.1051,0,4.16
7968,24,3,2023-05-06,2023-07-03,2023-07-08,14603.29,ship,5,0,0.6449,0.0437,1,128.77
7969,43,20,2023-02-25,2023-03-25,2023-03-25,4963.5,air,3,0,0.7207,0.1166,0,2.86
7970,8,14,2024-04-27,2024-06-26,2024-07-13,13635.89,ship,5,2,0.5298,0.1094,1,397.62
7971,4,6,2024-07-12,2024-08-12,2024-08-13,327.36,truck,3,1,0.5166,0.2301,1,33.38
7972,13,7,2023-02-20,2023-04-30,2023-04-30,20000.0,ship,1,2,0.262,0.1757,0,4.1
7973,38,11,2023-02-14,2023-03-01,2023-03-01,2950.96,air,2,1,0.5353,0.1178,0,2.79
7974,17,17,2023-12-16,2024-01-27,2024-01-28,627.51,truck,3,0,0.2973,0.1135,1,33.06
7975,49,2,2025-05-08,2025-05-23,2025-05-23,1525.91,air,5,2,0.458,0.0836,0,2.11
7976,9,20,2023-01-07,2023-01-25,2023-01-25,2868.52,air,4,1,0.4988,0.1382,0,1.49
7977,13,20,2024-12-13,2025-01-06,2025-01-07,3335.4,ship,5,2,0.5713,0.1757,1,23.34
7978,36,6,2023-02-13,2023-03-08,2023-03-08,1337.81,truck,3,0,0.4536,0.0168,0,2.23
7979,17,10,2024-12-21,2025-02-01,2025-02-02,429.7,truck,3,0,0.3903,0.1135,1,16.29
7980,49,6,2023-09-17,2023-10-08,2023-10-08,2566.58,truck,3,0,0.3138,0.0836,0,2.06
7981,38,14,2025-07-11,2025-08-10,2025-08-13,5283.8,ship,2,2,0.31,0.1178,1,78.57
7982,45,16,2025-03-02,2025-03-18,2025-03-18,1654.8,truck,3,0,0.5118,0.1051,0,2.23
7983,13,11,2023-07-10,2023-07-29,2023-07-30,3167.67,truck,3,2,0.5176,0.1757,1,32.87
7984,8,13,2024-04-02,2024-04-24,2024-04-24,372.84,truck,4,1,0.4014,0.1094,0,1.3
7985,4,2,2024-02-01,2024-03-06,2024-03-06,823.96,truck,2,0,0.3273,0.2301,0,1.75
7986,50,9,2025-07-24,2025-08-14,2025-08-16,970.16,truck,4,1,0.658,0.1476,1,53.65
7987,44,14,2025-10-02,2025-10-17,2025-10-17,1885.86,truck,5,1,0.2493,0.0719,0,4.05
7988,2,10,2023-04-06,2023-04-21,2023-04-21,8392.49,air,2,0,0.4841,0.3485,0,1.16
7989,23,1,2025-06-17,2025-07-11,2025-07-13,2243.35,air,5,2,0.5714,0.2281,1,48.25
7990,4,11,2025-02-19,2025-03-26,2025-03-26,1597.96,ship,3,0,0.4727,0.2301,0,3.23
7991,24,13,2023-08-21,2023-10-19,2023-10-19,14794.28,ship,3,0,0.3782,0.0437,0,2.35
7992,41,10,2024-03-12,2024-04-06,2024-04-09,15476.47,air,1,0,0.5466,0.5395,1,63.1
7993,4,19,2025-01-09,2025-03-13,2025-03-17,11016.55,ship,4,1,0.3173,0.2301,1,95.31
7994,39,10,2024-04-04,2024-04-25,2024-04-25,3253.6,air,5,0,0.3699,0.2906,0,1.51
7995,12,3,2024-10-25,2024-12-23,2024-12-26,8859.34,ship,2,0,0.6656,0.2771,1,69.56
7996,48,17,2024-06-03,2024-06-19,2024-06-21,778.57,truck,5,1,0.2204,0.5295,1,49.16
7997,7,11,2025-10-31,2025-11-22,2025-11-23,502.95,truck,5,1,0.562,0.2727,1,34.91
7998,5,1,2024-04-08,2024-05-30,2024-05-31,9604.44,ship,4,0,0.5098,0.2606,1,21.38
7999,37,16,2023-08-31,2023-10-09,2023-10-09,3363.72,ship,2,1,0.5278,0.1502,1,8.53
8000,45,11,2025-05-22,2025-06-08,2025-06-08,4736.53,air,5,1,0.4461,0.1051,0,2.55
8001,1,3,2025-02-20,2025-03-18,2025-03-19,336.09,truck,2,1,0.5657,0.2492,1,23.3
8002,45,4,2023-11-19,2023-12-06,2023-12-07,2423.03,truck,3,1,0.398,0.1051,1,12.05
8003,30,20,2024-11-02,2024-11-20,2024-11-26,517.43,truck,3,2,0.6257,0.3611,1,137.07
8004,48,11,2023-11-04,2023-11-30,2023-12-07,3774.0,ship,5,0,0.583,0.5295,1,163.13
8005,43,16,2023-07-29,2023-08-28,2023-08-29,1619.11,ship,5,2,0.4729,0.1166,1,35.22
8006,45,16,2025-03-12,2025-04-04,2025-04-05,3220.06,ship,4,0,0.7671,0.1051,1,19.07
8007,11,16,2025-03-31,2025-04-13,2025-04-13,414.22,truck,2,0,0.3508,0.163,0,3.75
8008,4,4,2024-08-29,2024-09-30,2024-10-03,346.76,truck,1,2,0.5509,0.2301,1,82.49
8009,24,19,2024-02-17,2024-03-20,2024-03-20,4633.56,ship,2,1,0.3075,0.0437,0,2.2
8010,28,11,2024-11-24,2024-12-11,2024-12-11,501.35,truck,5,0,0.3058,0.183,0,2.13
8011,47,12,2025-02-26,2025-03-27,2025-03-27,1034.57,truck,3,0,0.2752,0.1768,0,1.83
8012,7,5,2023-05-07,2023-05-29,2023-05-29,1400.33,air,1,1,0.4403,0.2727,0,3.92
8013,46,10,2025-11-04,2025-11-26,2025-11-26,1083.35,truck,3,1,0.6294,0.0911,0,3.94
8014,24,14,2024-02-16,2024-03-10,2024-03-10,383.08,truck,4,1,0.3696,0.0437,1,10.71
8015,20,5,2024-02-26,2024-04-04,2024-04-05,2909.59,ship,3,0,0.459,0.2853,1,23.98
8016,7,10,2025-08-08,2025-08-29,2025-08-29,1893.13,air,1,2,0.4849,0.2727,0,2.54
8017,25,8,2025-09-05,2025-09-29,2025-09-29,1371.9,truck,1,1,0.3493,0.3294,0,2.96
8018,19,5,2024-10-25,2024-11-14,2024-11-17,1293.77,truck,5,0,0.4221,0.2562,1,76.46
8019,17,15,2023-04-15,2023-05-31,2023-06-04,1895.47,ship,5,1,0.5875,0.1135,1,94.26
8020,45,1,2024-04-15,2024-04-29,2024-05-04,865.09,truck,4,1,0.6536,0.1051,1,127.95
8021,3,13,2024-07-24,2024-08-18,2024-08-21,1659.64,air,2,0,0.3354,0.2878,1,79.53
8022,15,20,2025-07-08,2025-08-20,2025-08-24,4403.29,ship,1,0,0.5881,0.1012,1,90.28
8023,3,5,2023-09-25,2023-10-20,2023-10-20,357.14,truck,1,0,0.7371,0.2878,0,3.04
8024,12,10,2024-10-22,2024-11-27,2024-11-29,2645.73,truck,1,0,0.2315,0.2771,1,41.41
8025,31,5,2023-11-01,2023-12-03,2023-12-04,5092.93,ship,2,0,0.4903,0.2757,1,18.08
8026,26,12,2025-10-23,2025-11-17,2025-11-17,1860.32,truck,1,0,0.3529,0.1577,0,3.14
8027,7,17,2023-09-20,2023-10-14,2023-10-16,2015.23,truck,4,1,0.3311,0.2727,1,39.9
8028,21,19,2024-06-22,2024-07-19,2024-07-20,5341.96,ship,3,0,0.5983,0.1211,1,18.49
8029,9,12,2025-07-19,2025-08-07,2025-08-10,358.63,truck,5,1,0.2617,0.1382,1,74.45
8030,49,2,2023-05-17,2023-06-03,2023-06-03,497.01,truck,1,1,0.3058,0.0836,0,1.57
8031,47,18,2025-01-30,2025-02-28,2025-02-28,4552.61,air,3,0,0.3628,0.1768,1,9.85
8032,32,13,2024-03-30,2024-04-24,2024-04-30,553.87,truck,5,1,0.6108,0.299,1,151.27
8033,49,4,2025-10-07,2025-10-26,2025-10-26,1504.98,truck,1,1,0.3634,0.0836,0,3.57
8034,32,1,2024-10-24,2024-11-25,2024-11-25,2549.78,ship,2,0,0.4739,0.299,0,2.27
8035,43,14,2024-04-20,2024-05-17,2024-05-19,681.4,truck,4,2,0.543,0.1166,1,50.45
8036,13,17,2025-11-16,2025-12-05,2025-12-06,9132.94,air,3,0,0.2163,0.1757,1,19.48
8037,26,17,2023-12-28,2024-01-22,2024-01-22,1456.22,truck,2,0,0.2091,0.1577,0,2.65
8038,11,8,2023-11-09,2023-12-03,2023-12-03,3342.13,ship,4,0,0.4737,0.163,0,2.03
8039,11,3,2025-09-09,2025-09-29,2025-09-29,2406.26,ship,5,1,0.4083,0.163,0,3.37
8040,2,14,2023-12-24,2024-01-04,2024-01-05,1070.26,truck,4,0,0.2998,0.3485,1,20.83
8041,24,17,2024-02-05,2024-02-28,2024-03-02,1992.27,truck,5,0,0.0422,0.0437,1,62.56
8042,42,20,2025-03-11,2025-03-25,2025-03-26,439.17,truck,3,0,0.5578,0.2372,1,27.89
8043,12,16,2024-02-02,2024-03-05,2024-03-05,5321.79,air,1,0,0.7224,0.2771,0,1.2
8044,2,2,2024-10-25,2024-11-07,2024-11-07,1900.23,truck,1,0,0.2996,0.3485,0,2.58
8045,31,13,2024-06-17,2024-07-08,2024-07-08,4796.9,air,3,0,0.34,0.2757,0,2.78
8046,37,2,2024-10-01,2024-11-22,2024-11-22,6173.9,ship,1,1,0.3079,0.1502,0,2.16
8047,27,3,2025-03-10,2025-04-15,2025-04-19,5180.65,ship,5,1,0.798,0.1179,1,98.22
8048,27,13,2023-12-02,2024-02-17,2024-02-20,20000.0,ship,5,0,0.3217,0.1179,1,74.07
8049,41,6,2023-02-15,2023-03-07,2023-03-14,787.97,truck,4,0,0.4583,0.5395,1,158.77
8050,8,3,2023-07-26,2023-08-27,2023-08-27,17383.04,air,1,0,0.5414,0.1094,0,1.63
8051,35,16,2025-06-11,2025-07-12,2025-07-12,3800.3,truck,5,0,0.75,0.4038,0,1.89
8052,14,17,2023-03-22,2023-04-20,2023-04-20,2365.03,truck,3,0,0.3055,0.2082,0,1.81
8053,34,10,2024-10-19,2024-11-05,2024-11-05,2824.99,ship,1,0,0.3303,0.0399,0,2.7
8054,9,19,2024-04-03,2024-05-05,2024-05-06,5427.29,ship,3,0,0.1968,0.1382,1,16.78
8055,22,10,2024-02-14,2024-03-03,2024-03-03,1710.94,truck,3,0,0.4544,0.1904,0,1.34
8056,31,13,2023-08-04,2023-08-20,2023-08-20,1493.34,air,5,1,0.4342,0.2757,0,2.54
8057,38,17,2025-06-23,2025-07-08,2025-07-08,465.16,truck,1,2,0.4672,0.1178,0,2.57
8058,32,7,2025-04-08,2025-05-04,2025-05-04,493.07,truck,5,0,0.406,0.299,0,2.21
8059,41,12,2025-10-18,2025-11-03,2025-11-04,375.33,truck,1,0,0.3603,0.5395,1,13.88
8060,5,19,2023-08-18,2023-09-13,2023-09-16,565.28,truck,4,0,0.4651,0.2606,1,62.69
8061,3,19,2024-08-18,2024-09-20,2024-09-20,3490.41,ship,4,0,0.2237,0.2878,0,3.86
8062,15,6,2023-08-13,2023-09-11,2023-09-11,353.04,truck,3,1,0.2986,0.1012,0,2.77
8063,44,3,2025-03-09,2025-03-24,2025-03-24,1476.18,truck,1,1,0.7006,0.0719,0,1.67
8064,11,18,2024-11-17,2024-12-11,2024-12-11,3158.54,ship,4,0,0.6757,0.163,0,3.61
8065,4,8,2025-08-09,2025-09-12,2025-09-14,1006.79,truck,1,2,0.6635,0.2301,1,44.74
8066,43,10,2024-11-09,2024-12-08,2024-12-09,1332.59,truck,2,0,0.5375,0.1166,1,21.26
8067,41,18,2025-10-12,2025-10-29,2025-11-04,842.84,truck,4,1,0.5199,0.5395,1,142.59
8068,47,16,2023-02-28,2023-03-27,2023-03-27,333.99,truck,2,0,0.5128,0.1768,0,1.34
8069,9,12,2024-01-23,2024-02-14,2024-02-14,619.96,truck,2,0,0.2687,0.1382,0,3.59
8070,12,15,2025-06-01,2025-07-03,2025-07-03,983.31,truck,4,2,0.4805,0.2771,0,2.57
8071,29,7,2024-02-16,2024-03-09,2024-03-13,324.51,truck,3,1,0.0414,0.223,1,91.94
8072,38,12,2023-06-18,2023-07-03,2023-07-03,465.79,truck,2,1,0.3027,0.1178,0,2.13
8073,26,14,2025-11-22,2025-12-17,2025-12-17,1724.03,truck,2,0,0.2728,0.1577,0,1.79
8074,4,11,2023-06-05,2023-07-08,2023-07-08,466.6,truck,3,2,0.1368,0.2301,0,3.95
8075,18,12,2023-09-29,2023-10-11,2023-10-13,649.16,truck,4,1,0.3366,0.0465,1,55.72
8076,16,17,2024-01-03,2024-01-30,2024-01-30,714.45,truck,2,0,0.3651,0.3266,0,1.19
8077,5,8,2024-04-12,2024-05-18,2024-05-20,3277.21,ship,2,0,0.5649,0.2606,1,40.23
8078,16,4,2023-06-21,2023-07-29,2023-08-07,5180.9,ship,1,2,0.3776,0.3266,1,211.4
8079,24,20,2024-02-12,2024-03-04,2024-03-04,963.42,truck,3,1,0.589,0.0437,0,1.59
8080,39,20,2024-11-16,2024-12-17,2024-12-17,4463.07,ship,3,0,0.6237,0.2906,1,5.41
8081,45,3,2025-10-16,2025-10-30,2025-10-30,1006.66,truck,1,1,0.3743,0.1051,0,4.47
8082,9,15,2023-09-22,2023-10-13,2023-10-16,1021.48,truck,5,0,0.648,0.1382,1,63.36
8083,13,14,2024-04-30,2024-05-25,2024-05-30,4258.29,ship,5,1,0.4528,0.1757,1,108.51
8084,44,19,2023-01-01,2023-01-12,2023-01-12,554.35,truck,1,2,0.2584,0.0719,0,1.79
8085,33,16,2023-03-06,2023-03-27,2023-03-27,2571.16,ship,1,0,0.4441,0.1674,0,3.33
8086,43,14,2025-02-20,2025-03-17,2025-03-17,1006.99,truck,3,0,0.3908,0.1166,0,3.02
8087,8,6,2024-05-24,2024-06-19,2024-06-19,1621.94,truck,2,0,0.3263,0.1094,0,1.62
8088,43,10,2025-06-07,2025-07-05,2025-07-06,1779.77,ship,2,1,0.5321,0.1166,1,28.93
8089,41,10,2024-11-07,2024-11-23,2024-11-25,445.39,truck,4,0,0.5977,0.5395,1,49.33
8090,44,16,2025-05-11,2025-05-28,2025-05-29,2155.35,ship,3,1,0.5365,0.0719,1,33.43
8091,30,1,2025-05-22,2025-06-10,2025-06-21,1139.5,truck,4,2,0.7265,0.3611,1,275.35
8092,25,8,2023-02-11,2023-03-28,2023-03-29,7629.56,ship,3,0,0.4814,0.3294,1,12.14
8093,40,1,2024-01-23,2024-02-12,2024-02-13,645.59,truck,2,0,0.8573,0.1206,1,16.87
8094,12,4,2023-11-02,2023-12-06,2023-12-08,1575.2,truck,2,0,0.6564,0.2771,1,48.06
8095,31,5,2025-07-22,2025-08-10,2025-08-10,353.22,truck,3,2,0.704,0.2757,0,1.65
8096,48,5,2025-10-31,2025-11-18,2025-11-20,302.34,truck,1,0,0.6059,0.5295,1,42.97
8097,26,14,2025-09-20,2025-11-20,2025-11-21,14689.06,ship,5,1,0.195,0.1577,1,30.2
8098,7,2,2025-01-29,2025-03-22,2025-03-22,11664.15,ship,2,0,0.5179,0.2727,0,2.56
8099,39,5,2025-01-26,2025-02-18,2025-02-18,1426.11,truck,2,0,0.6142,0.2906,0,2.1
8100,34,16,2025-06-29,2025-07-21,2025-07-21,4965.27,ship,3,1,0.6273,0.0399,0,3.2
8101,16,5,2024-02-17,2024-03-29,2024-04-19,4730.47,ship,3,0,0.4959,0.3266,1,500.0
8102,13,10,2023-11-27,2023-12-25,2023-12-26,4638.68,ship,4,0,0.4143,0.1757,1,23.67
8103,30,17,2023-10-04,2023-10-20,2023-10-21,730.37,truck,5,0,0.1484,0.3611,1,21.14
8104,35,6,2023-01-30,2023-03-05,2023-03-06,3155.09,ship,1,0,0.6633,0.4038,1,29.67
8105,38,9,2024-06-09,2024-06-25,2024-06-25,7359.8,air,4,1,0.6289,0.1178,0,1.75
8106,46,10,2023-01-25,2023-02-12,2023-02-14,1306.2,truck,3,0,0.4695,0.0911,1,46.98
8107,41,4,2024-08-20,2024-09-12,2024-09-14,4514.99,truck,3,1,0.6853,0.5395,1,40.26
8108,20,18,2025-07-11,2025-08-18,2025-08-18,1975.33,ship,5,2,0.774,0.2853,0,2.81
8109,33,4,2023-03-04,2023-03-18,2023-03-18,11022.06,air,3,0,0.5378,0.1674,0,1.59
8110,40,19,2024-09-14,2024-10-06,2024-10-08,434.59,truck,5,1,0.481,0.1206,1,38.31
8111,25,17,2025-07-16,2025-08-06,2025-08-06,1665.11,air,1,2,0.3299,0.3294,0,1.85
8112,25,6,2025-05-29,2025-06-29,2025-06-29,3712.43,truck,2,0,0.3557,0.3294,0,0.92
8113,5,10,2024-09-23,2024-10-21,2024-10-24,669.09,truck,3,1,0.6715,0.2606,1,73.7
8114,40,10,2025-04-25,2025-05-20,2025-05-20,5372.04,air,2,1,0.3695,0.1206,0,3.69
8115,31,1,2023-12-31,2024-01-22,2024-01-22,1489.09,truck,1,0,0.6912,0.2757,0,3.75
8116,27,7,2024-08-06,2024-09-04,2024-09-04,2703.07,ship,5,0,0.231,0.1179,0,2.77
8117,29,18,2025-04-03,2025-04-25,2025-04-25,612.3,truck,4,0,0.6788,0.223,0,2.33
8118,18,11,2025-02-04,2025-02-18,2025-02-18,2771.82,truck,5,1,0.4169,0.0465,0,2.03
8119,5,20,2025-10-12,2025-11-05,2025-11-09,385.38,truck,1,1,0.4787,0.2606,1,102.72
8120,23,2,2025-08-24,2025-10-29,2025-10-31,14394.39,ship,5,2,0.4541,0.2281,1,48.29
8121,4,14,2025-09-23,2025-10-29,2025-10-29,10586.54,air,4,1,0.0999,0.2301,0,1.55
8122,16,11,2025-07-22,2025-08-18,2025-08-19,1414.71,truck,2,1,0.3115,0.3266,1,24.37
8123,16,15,2023-06-11,2023-07-22,2023-07-25,6395.23,ship,4,2,0.5236,0.3266,1,63.53
8124,33,12,2023-02-04,2023-02-17,2023-02-17,651.94,truck,4,0,0.2986,0.1674,0,2.87
8125,16,10,2025-08-21,2025-09-21,2025-09-25,7873.48,air,5,2,0.4162,0.3266,1,94.49
8126,49,16,2024-12-15,2024-12-30,2025-01-01,605.15,truck,2,0,0.6428,0.0836,1,52.87
8127,34,16,2025-05-27,2025-06-04,2025-06-04,657.34,truck,1,1,0.6028,0.0399,0,1.54
8128,21,11,2025-11-15,2025-11-29,2025-12-02,768.11,truck,3,0,0.3653,0.1211,1,67.23
8129,49,13,2023-12-06,2023-12-23,2023-12-27,1065.82,truck,4,2,0.2999,0.0836,1,91.51
8130,30,7,2025-01-31,2025-02-16,2025-02-16,6313.4,air,4,2,0.1111,0.3611,0,2.13
8131,36,16,2025-11-23,2025-12-19,2025-12-19,2951.91,truck,5,0,0.4826,0.0168,0,3.23
8132,11,19,2025-04-30,2025-05-16,2025-05-16,1163.55,truck,4,0,0.1092,0.163,0,2.68
8133,5,17,2025-11-21,2025-12-26,2025-12-30,20000.0,air,4,1,0.403,0.2606,1,101.42
8134,28,4,2023-05-18,2023-06-03,2023-06-03,530.01,truck,5,2,0.4054,0.183,0,3.26
8135,18,2,2025-04-25,2025-05-10,2025-05-10,1602.18,ship,4,1,0.4912,0.0465,0,2.33
8136,19,15,2025-07-10,2025-07-30,2025-08-02,2367.46,truck,4,2,0.4166,0.2562,1,76.7
8137,32,18,2024-05-12,2024-06-06,2024-06-06,764.58,truck,1,0,0.8583,0.299,0,2.06
8138,48,5,2023-10-11,2023-10-28,2023-10-28,570.49,truck,1,0,0.445,0.5295,0,1.88
8139,46,3,2023-08-04,2023-09-26,2023-09-26,13161.58,ship,5,0,0.6422,0.0911,0,2.41
8140,38,1,2024-02-25,2024-03-12,2024-03-12,4975.37,air,3,0,0.6134,0.1178,0,1.9
8141,44,14,2024-03-27,2024-04-25,2024-04-25,6286.38,ship,4,1,0.2397,0.0719,0,3.98
8142,31,2,2024-10-27,2024-11-14,2024-11-14,351.68,truck,4,0,0.2301,0.2757,0,1.31
8143,5,20,2023-08-08,2023-09-13,2023-09-18,4451.0,ship,4,0,0.6568,0.2606,1,123.84
8144,26,15,2023-09-17,2023-10-09,2023-10-11,877.93,truck,5,0,0.4715,0.1577,1,48.18
8145,7,5,2023-11-03,2023-11-23,2023-11-23,1096.33,truck,1,0,0.5227,0.2727,0,2.06
8146,28,15,2024-09-08,2024-09-24,2024-09-25,1941.4,ship,1,1,0.5228,0.183,1,27.46
8147,16,20,2024-02-02,2024-02-27,2024-02-27,1555.56,air,5,1,0.418,0.3266,0,2.48
8148,5,19,2025-10-25,2025-11-23,2025-11-23,8641.19,air,1,0,0.3148,0.2606,0,3.18
8149,48,8,2025-05-04,2025-05-25,2025-05-25,1589.92,truck,2,1,0.2563,0.5295,0,3.43
8150,2,8,2024-07-15,2024-08-11,2024-08-13,7367.36,ship,2,1,0.65,0.3485,1,56.06
8151,16,11,2023-05-22,2023-06-27,2023-06-27,3734.92,ship,1,1,0.3466,0.3266,0,2.94
8152,31,20,2024-02-26,2024-03-17,2024-03-20,422.78,truck,4,1,0.6054,0.2757,1,68.47
8153,41,17,2024-01-13,2024-01-30,2024-02-02,324.64,truck,3,0,0.433,0.5395,1,73.36
8154,31,1,2025-09-11,2025-10-02,2025-10-03,6769.15,air,4,1,0.7159,0.2757,1,33.35
8155,29,11,2025-09-09,2025-09-30,2025-09-30,1011.51,truck,4,1,0.3303,0.223,0,2.22
8156,12,6,2025-01-18,2025-02-19,2025-02-19,871.13,truck,2,0,0.5675,0.2771,0,1.81
8157,27,2,2023-02-21,2023-03-16,2023-03-16,5316.56,air,2,0,0.2947,0.1179,0,1.65
8158,40,18,2025-02-02,2025-03-16,2025-03-17,7596.07,ship,2,0,0.5187,0.1206,1,20.22
8159,31,8,2024-10-31,2024-11-18,2024-11-18,3049.91,air,5,0,0.3822,0.2757,0,1.44
8160,5,7,2023-09-25,2023-10-23,2023-10-28,707.13,truck,4,1,0.1944,0.2606,1,128.5
8161,17,7,2025-06-04,2025-07-17,2025-07-17,1519.71,truck,3,0,0.3697,0.1135,0,9.18
8162,37,15,2024-04-17,2024-06-11,2024-06-13,8905.13,ship,3,1,0.5894,0.1502,1,53.45
8163,4,1,2025-11-14,2025-12-23,2025-12-26,13607.25,air,1,0,0.6478,0.2301,1,62.8
8164,28,6,2023-07-16,2023-08-18,2023-08-20,6864.15,ship,4,1,0.6333,0.183,1,55.84
8165,33,1,2025-10-13,2025-10-27,2025-11-01,886.67,truck,2,1,0.8245,0.1674,1,110.42
8166,17,4,2024-05-01,2024-06-13,2024-06-13,1432.98,truck,1,0,0.4352,0.1135,0,1.44
8167,30,8,2023-11-06,2023-11-24,2023-11-26,652.01,truck,4,0,0.3834,0.3611,1,42.09
8168,45,6,2023-02-15,2023-03-14,2023-03-19,5666.71,ship,5,0,0.4583,0.1051,1,125.83
8169,6,16,2025-09-09,2025-10-08,2025-10-08,314.39,truck,5,1,0.6648,0.3463,0,2.47
8170,38,16,2024-02-05,2024-02-22,2024-02-22,1169.89,truck,3,0,0.7597,0.1178,0,2.25
8171,44,16,2024-09-29,2024-10-17,2024-10-17,10310.73,air,3,0,0.6952,0.0719,0,2.37
8172,48,11,2024-06-27,2024-07-28,2024-08-01,5090.45,ship,1,2,0.2581,0.5295,1,89.53
8173,40,6,2024-12-29,2025-01-18,2025-01-18,625.35,truck,4,0,0.4459,0.1206,0,2.84
8174,15,6,2023-03-05,2023-04-07,2023-04-09,1150.85,truck,4,1,0.4106,0.1012,1,52.32
8175,18,4,2024-09-11,2024-09-26,2024-09-26,1603.41,truck,3,0,0.492,0.0465,0,3.39
8176,32,17,2023-09-28,2023-10-24,2023-10-24,4815.14,air,1,1,0.1036,0.299,0,2.69
8177,42,19,2025-08-14,2025-09-01,2025-09-02,1462.52,truck,5,0,0.26,0.2372,1,35.06
8178,38,5,2024-06-11,2024-06-26,2024-07-01,722.31,truck,1,1,0.6286,0.1178,1,127.69
8179,37,17,2025-01-17,2025-02-17,2025-02-17,400.1,truck,5,0,0.3045,0.1502,0,1.98
8180,27,14,2023-04-04,2023-05-07,2023-05-07,5148.92,ship,4,1,0.3225,0.1179,0,2.05
8181,31,2,2023-06-11,2023-06-30,2023-06-30,2758.22,air,3,1,0.1865,0.2757,0,2.73
8182,45,4,2024-11-24,2025-01-01,2025-01-02,8591.7,ship,2,0,0.6634,0.1051,1,27.4
8183,36,18,2023-02-22,2023-03-14,2023-03-14,3926.67,air,2,1,0.4517,0.0168,0,4.74
8184,16,7,2023-04-17,2023-05-29,2023-06-06,5747.35,ship,5,1,0.2787,0.3266,1,203.38
8185,11,13,2025-03-06,2025-03-23,2025-03-23,4525.92,air,5,1,0.475,0.163,0,2.04
8186,33,6,2025-01-30,2025-02-12,2025-02-16,570.52,truck,5,0,0.3195,0.1674,1,104.54
8187,14,2,2025-02-12,2025-03-12,2025-03-12,1129.13,truck,4,1,0.2816,0.2082,0,2.4
8188,31,9,2023-01-15,2023-02-18,2023-02-19,5809.98,ship,4,0,0.6972,0.2757,1,25.02
8189,26,2,2025-02-01,2025-02-22,2025-02-23,304.12,truck,4,0,0.4097,0.1577,1,21.05
8190,33,10,2023-09-04,2023-09-21,2023-09-21,1576.68,ship,5,1,0.5024,0.1674,0,3.64
8191,5,13,2025-02-20,2025-03-21,2025-03-21,1919.92,truck,2,1,0.4219,0.2606,0,1.91
8192,26,16,2023-12-08,2023-12-29,2023-12-31,968.53,truck,1,0,0.5319,0.1577,1,47.58
8193,35,5,2025-01-19,2025-02-15,2025-02-26,609.78,truck,3,0,0.6667,0.4038,1,263.27
8194,39,10,2023-03-28,2023-04-20,2023-04-20,1500.04,truck,3,0,0.5273,0.2906,0,1.41
8195,32,8,2023-06-27,2023-09-07,2023-09-11,15344.04,ship,3,2,0.4239,0.299,1,105.24
8196,37,18,2023-06-02,2023-07-04,2023-07-05,782.18,truck,3,1,0.5455,0.1502,1,31.9
8197,25,17,2025-06-28,2025-07-26,2025-07-30,2511.01,ship,4,1,0.5522,0.3294,1,105.79
8198,29,19,2024-01-03,2024-01-29,2024-02-01,1584.05,truck,2,1,0.366,0.223,1,69.55
8199,50,4,2024-05-17,2024-06-10,2024-06-11,1200.05,truck,4,1,0.5226,0.1476,1,26.29
8200,2,12,2024-04-18,2024-04-28,2024-04-29,1517.0,truck,2,1,0.0682,0.3485,1,18.19
8201,20,15,2023-10-09,2023-11-07,2023-11-07,506.53,truck,3,0,0.5949,0.2853,0,2.67
8202,17,9,2024-07-23,2024-08-31,2024-08-31,2307.47,air,2,1,0.7966,0.1135,0,1.47
8203,34,15,2023-03-09,2023-05-10,2023-05-10,18409.85,ship,3,1,0.2937,0.0399,0,2.44
8204,9,8,2025-08-22,2025-09-26,2025-09-27,5801.55,ship,3,0,0.3249,0.1382,1,35.77
8205,41,13,2025-10-07,2025-10-29,2025-10-31,2460.22,ship,3,2,0.3222,0.5395,1,55.3
8206,3,14,2024-08-15,2024-09-07,2024-09-07,2599.97,air,3,1,0.385,0.2878,0,2.81
8207,21,11,2024-05-14,2024-06-30,2024-06-30,13005.91,ship,3,0,0.3445,0.1211,0,2.65
8208,42,6,2024-11-28,2024-12-13,2024-12-19,830.62,truck,5,0,0.5441,0.2372,1,132.79
8209,38,2,2023-05-15,2023-06-18,2023-06-22,5789.65,ship,1,1,0.3852,0.1178,1,99.18
8210,16,10,2025-03-24,2025-04-22,2025-04-23,759.15,truck,3,1,0.3625,0.3266,1,20.45
8211,39,6,2023-10-18,2023-11-11,2023-11-11,1768.67,truck,1,0,0.362,0.2906,0,1.64
8212,49,15,2024-11-04,2024-11-16,2024-11-16,2691.19,air,1,0,0.4066,0.0836,0,2.34
8213,16,6,2023-01-09,2023-02-05,2023-02-05,3073.89,air,5,0,0.4501,0.3266,0,2.25
8214,36,4,2025-06-03,2025-06-28,2025-06-30,477.89,truck,4,2,0.4674,0.0168,1,36.6
8215,45,5,2023-10-01,2023-10-16,2023-10-16,1387.64,truck,5,0,0.7287,0.1051,0,2.94
8216,5,2,2025-01-31,2025-03-02,2025-03-02,1555.37,ship,1,0,0.5902,0.2606,0,4.41
8217,21,3,2025-08-05,2025-08-29,2025-08-31,4107.16,ship,3,0,0.9242,0.1211,1,42.16
8218,10,10,2025-08-09,2025-09-15,2025-09-15,5224.16,ship,3,1,0.4275,0.335,1,9.9
8219,33,3,2024-06-13,2024-06-27,2024-06-29,687.25,truck,4,0,0.486,0.1674,1,54.08
8220,40,10,2025-03-18,2025-04-09,2025-04-10,449.94,truck,2,0,0.3401,0.1206,1,18.01
8221,15,20,2023-03-16,2023-04-17,2023-04-18,1689.41,truck,1,1,0.7436,0.1012,1,33.11
8222,26,18,2023-01-07,2023-01-28,2023-01-30,770.89,truck,4,0,0.5232,0.1577,1,55.71
8223,30,10,2025-11-12,2025-11-30,2025-11-30,6377.69,air,2,0,0.3397,0.3611,0,1.45
8224,3,7,2023-07-13,2023-08-06,2023-08-06,1100.99,truck,3,0,0.0,0.2878,0,3.12
8225,28,6,2023-12-12,2023-12-31,2023-12-31,1761.8,truck,5,0,0.4712,0.183,0,6.23
8226,20,2,2025-06-14,2025-07-17,2025-07-18,6097.05,air,2,2,0.2724,0.2853,1,18.15
8227,5,19,2024-05-31,2024-07-03,2024-07-03,2716.27,ship,5,0,0.3253,0.2606,0,2.1
8228,32,10,2025-06-29,2025-08-05,2025-08-07,4276.43,ship,4,1,0.5708,0.299,1,59.75
8229,2,13,2023-09-29,2023-10-11,2023-10-12,7330.86,air,1,1,0.5928,0.3485,1,34.36
8230,24,10,2024-05-30,2024-06-24,2024-06-24,3136.54,truck,2,1,0.638,0.0437,0,6.33
8231,14,5,2024-11-06,2024-12-02,2024-12-02,383.69,truck,5,0,0.3767,0.2082,0,2.34
8232,35,18,2023-09-10,2023-10-06,2023-10-07,409.31,truck,4,0,0.5164,0.4038,1,23.65
8233,30,6,2025-05-22,2025-06-11,2025-06-16,926.27,truck,3,1,0.5431,0.3611,1,131.05
8234,10,19,2023-07-09,2023-08-02,2023-08-05,1454.1,truck,1,1,0.478,0.335,1,63.37
8235,33,4,2024-06-02,2024-07-07,2024-07-13,8300.79,ship,3,2,0.4788,0.1674,1,146.43
8236,21,19,2025-09-14,2025-10-13,2025-10-13,5521.7,ship,5,0,0.4583,0.1211,0,1.54
8237,14,1,2025-09-14,2025-10-16,2025-10-16,2365.46,ship,4,1,0.6692,0.2082,0,3.4
8238,11,3,2024-11-23,2024-12-08,2024-12-08,4904.15,air,5,2,0.5294,0.163,0,2.26
8239,16,11,2025-07-29,2025-08-23,2025-08-25,309.03,truck,1,2,0.3108,0.3266,1,37.76
8240,25,3,2025-04-26,2025-05-20,2025-05-20,337.82,truck,1,0,0.4083,0.3294,0,2.43
8241,13,6,2025-07-01,2025-07-17,2025-07-17,336.33,truck,5,0,0.224,0.1757,0,1.09
8242,12,18,2025-01-21,2025-02-21,2025-02-23,393.36,truck,5,0,0.7047,0.2771,1,37.54
8243,27,17,2025-11-29,2025-12-20,2025-12-20,501.48,truck,2,0,0.0458,0.1179,0,1.97
8244,39,1,2023-04-16,2023-05-14,2023-05-21,3204.08,ship,2,1,0.6463,0.2906,1,159.4
8245,9,11,2025-05-17,2025-06-03,2025-06-06,686.73,truck,3,1,0.4348,0.1382,1,77.57
8246,1,3,2023-06-02,2023-07-01,2023-07-02,2089.14,truck,3,0,0.4011,0.2492,1,18.7
8247,36,14,2023-11-14,2023-12-08,2023-12-08,1793.66,ship,1,0,0.3451,0.0168,0,1.5
8248,50,20,2025-07-03,2025-07-25,2025-07-25,4028.51,air,3,0,0.5451,0.1476,0,3.75
8249,45,10,2025-10-10,2025-10-24,2025-10-24,2525.12,air,5,1,0.3619,0.1051,0,1.28
8250,6,5,2024-10-14,2024-11-11,2024-11-11,4287.36,air,5,0,0.4959,0.3463,0,2.51
8251,37,4,2023-09-30,2023-10-31,2023-10-31,680.86,truck,1,1,0.5913,0.1502,0,2.97
8252,37,18,2023-04-02,2023-05-02,2023-05-02,3449.36,air,2,1,0.4326,0.1502,0,2.72
8253,28,8,2023-10-14,2023-10-30,2023-10-30,573.56,truck,3,0,0.2037,0.183,0,2.76
8254,31,15,2024-09-26,2024-10-16,2024-10-18,838.94,truck,3,0,0.4981,0.2757,1,44.3
8255,40,15,2024-06-16,2024-07-12,2024-07-14,2443.95,truck,5,2,0.4838,0.1206,1,53.44
8256,41,6,2023-06-08,2023-07-03,2023-07-03,2969.37,ship,1,1,0.2625,0.5395,0,3.34
8257,11,8,2024-03-14,2024-03-28,2024-03-28,663.61,truck,1,0,0.3714,0.163,0,3.06
8258,46,8,2025-10-30,2025-11-19,2025-11-19,1440.84,truck,4,1,0.4287,0.0911,0,1.94
8259,12,1,2025-01-09,2025-02-10,2025-02-11,1391.18,truck,5,0,0.6915,0.2771,1,31.55
8260,31,5,2024-12-01,2024-12-19,2024-12-19,4129.83,air,4,0,0.5513,0.2757,0,3.89
8261,49,18,2025-06-16,2025-07-05,2025-07-06,762.21,truck,3,1,0.4318,0.0836,1,35.5
8262,14,19,2023-12-17,2024-01-14,2024-01-15,476.51,truck,3,2,0.0946,0.2082,1,27.17
8263,29,12,2025-01-01,2025-01-24,2025-01-24,2178.84,truck,3,0,0.3448,0.223,0,2.9
8264,15,8,2023-11-30,2024-01-12,2024-01-12,5966.9,ship,5,0,0.2929,0.1012,0,4.27
8265,33,17,2023-03-18,2023-05-01,2023-05-01,11945.77,ship,1,1,0.2694,0.1674,0,5.27
8266,20,17,2025-08-11,2025-09-10,2025-09-10,314.4,truck,2,1,0.1624,0.2853,0,1.21
8267,11,15,2023-10-08,2023-10-25,2023-10-27,1274.97,truck,3,0,0.5572,0.163,1,44.9
8268,21,10,2025-01-01,2025-01-16,2025-01-16,483.31,truck,1,0,0.355,0.1211,0,2.38
8269,27,7,2025-09-24,2025-10-16,2025-10-16,897.77,truck,4,0,0.4938,0.1179,0,2.52
8270,42,13,2024-10-02,2024-10-25,2024-10-28,3861.63,ship,5,0,0.5074,0.2372,1,82.57
8271,32,12,2023-08-08,2023-09-04,2023-09-09,653.91,truck,4,1,0.4041,0.299,1,117.93
8272,46,19,2024-03-19,2024-04-11,2024-04-11,2199.21,truck,3,1,0.1166,0.0911,0,2.75
8273,4,1,2023-07-24,2023-08-30,2023-09-02,1735.75,ship,5,1,0.7022,0.2301,1,74.41
8274,30,6,2024-08-21,2024-09-09,2024-09-13,1015.76,truck,5,1,0.2793,0.3611,1,107.49
8275,47,16,2023-10-31,2023-11-24,2023-11-28,884.06,truck,2,1,0.6004,0.1768,1,98.79
8276,15,12,2025-09-22,2025-10-19,2025-10-19,364.75,truck,5,1,0.1863,0.1012,1,9.12
8277,9,1,2023-07-24,2023-08-20,2023-08-20,2806.71,ship,2,1,0.7022,0.1382,0,2.03
8278,27,20,2025-08-11,2025-08-30,2025-08-30,680.92,truck,5,0,0.5806,0.1179,0,1.94
8279,7,6,2023-06-25,2023-07-17,2023-07-17,481.11,truck,1,1,0.4343,0.2727,0,1.3
8280,36,4,2023-07-28,2023-08-15,2023-08-15,978.95,truck,1,1,0.5175,0.0168,0,1.79
8281,12,12,2024-03-19,2024-05-05,2024-05-06,5162.96,ship,2,0,0.2954,0.2771,1,16.44
8282,48,4,2024-04-16,2024-05-07,2024-05-11,1503.13,truck,5,1,0.4405,0.5295,1,100.67
8283,22,4,2025-11-06,2025-12-21,2025-12-23,10041.01,ship,3,1,0.6019,0.1904,1,46.62
8284,19,4,2024-05-26,2024-08-08,2024-08-20,20000.0,ship,5,1,0.6118,0.2562,1,278.31
8285,4,13,2023-11-27,2023-12-30,2023-12-30,1771.62,air,3,1,0.2364,0.2301,0,3.53
8286,45,18,2025-01-23,2025-02-07,2025-02-08,1327.69,truck,4,0,0.5928,0.1051,1,35.41
8287,37,5,2024-08-09,2024-09-17,2024-09-17,3159.13,ship,2,1,0.4274,0.1502,0,2.5
8288,32,6,2023-01-28,2023-03-02,2023-03-04,20000.0,air,5,1,0.5942,0.299,1,59.32
8289,44,6,2023-09-07,2023-09-27,2023-09-27,3335.91,ship,1,0,0.4149,0.0719,0,2.27
8290,44,9,2023-10-25,2023-11-09,2023-11-09,727.13,truck,3,0,0.6208,0.0719,0,1.57
8291,39,18,2024-07-28,2024-08-21,2024-08-23,10320.09,air,4,2,0.4957,0.2906,1,58.01
8292,43,19,2023-12-19,2024-01-11,2024-01-11,1461.27,air,1,1,0.0767,0.1166,0,3.78
8293,19,19,2023-09-02,2023-09-24,2023-09-26,2094.54,ship,2,0,0.3768,0.2562,1,43.94
8294,15,14,2023-03-14,2023-04-14,2023-04-14,3315.61,air,3,0,0.3426,0.1012,0,3.11
8295,48,6,2024-08-13,2024-09-02,2024-09-02,1406.85,truck,1,2,0.4078,0.5295,0,2.47
8296,29,7,2024-10-06,2024-10-26,2024-10-26,707.68,truck,2,0,0.2562,0.223,0,2.12
8297,47,8,2025-03-07,2025-04-14,2025-04-14,4415.6,ship,2,1,0.3808,0.1768,0,1.86
8298,7,2,2024-01-16,2024-02-10,2024-02-10,5852.02,air,1,0,0.4055,0.2727,0,3.24
8299,22,15,2024-09-26,2024-10-12,2024-10-23,313.38,truck,5,0,0.4981,0.1904,1,254.25
8300,33,2,2025-11-12,2025-11-24,2025-11-24,763.2,truck,2,0,0.446,0.1674,0,3.17
8301,33,12,2025-07-10,2025-08-09,2025-08-12,6716.82,ship,4,1,0.2226,0.1674,1,80.58
8302,11,13,2024-06-02,2024-06-19,2024-06-19,6983.42,air,1,0,0.2589,0.163,0,2.2
8303,49,3,2023-10-02,2023-11-07,2023-11-07,7337.86,ship,4,0,0.857,0.0836,0,3.26
8304,12,5,2024-04-11,2024-05-13,2024-05-17,413.97,truck,3,0,0.4341,0.2771,1,93.07
8305,22,5,2025-05-24,2025-06-14,2025-06-17,1883.15,truck,1,2,0.4669,0.1904,1,61.78
8306,14,10,2025-01-05,2025-02-02,2025-02-06,359.32,truck,4,1,0.4567,0.2082,1,98.31
8307,16,10,2023-09-05,2023-10-04,2023-10-07,1195.61,truck,1,1,0.4523,0.3266,1,80.63
8308,50,17,2025-08-01,2025-08-19,2025-08-19,333.38,truck,1,1,0.447,0.1476,1,11.33
8309,2,9,2025-06-19,2025-08-03,2025-08-08,12452.62,ship,2,1,0.4911,0.3485,1,108.92
8310,26,11,2024-07-29,2024-08-20,2024-08-20,713.83,truck,3,2,0.3278,0.1577,0,2.64
8311,22,18,2025-06-01,2025-06-16,2025-06-18,1550.5,air,1,2,0.6018,0.1904,1,50.77
8312,18,3,2024-04-12,2024-04-23,2024-04-26,606.65,truck,4,1,0.6703,0.0465,1,81.95
8313,12,8,2025-02-04,2025-03-07,2025-03-08,416.19,truck,3,0,0.3912,0.2771,1,14.38
8314,25,18,2025-05-25,2025-06-27,2025-06-29,4171.52,ship,1,2,0.3994,0.3294,1,56.06
8315,22,12,2023-03-21,2023-04-05,2023-04-05,317.75,truck,2,0,0.1384,0.1904,0,2.38
8316,37,7,2024-04-05,2024-05-15,2024-05-16,3488.25,ship,5,1,0.2971,0.1502,1,21.86
8317,4,2,2023-07-29,2023-09-01,2023-09-01,1142.73,air,5,0,0.0895,0.2301,0,1.58
8318,26,18,2024-04-26,2024-05-19,2024-05-19,567.59,truck,5,1,0.633,0.1577,0,4.31
8319,22,1,2025-10-14,2025-10-29,2025-10-29,3417.9,air,5,0,0.7962,0.1904,0,2.4
8320,19,19,2024-01-25,2024-03-10,2024-03-13,10266.12,ship,5,2,0.3451,0.2562,1,73.23
8321,3,16,2024-10-25,2024-12-24,2024-12-26,12162.82,ship,2,0,0.5044,0.2878,1,56.56
8322,18,4,2025-04-01,2025-04-17,2025-04-18,2673.08,truck,4,1,0.5872,0.0465,1,19.54
8323,45,13,2025-03-23,2025-04-08,2025-04-08,770.81,truck,3,0,0.3261,0.1051,0,1.84
8324,23,20,2023-03-13,2023-04-05,2023-04-10,1038.32,truck,2,1,0.7811,0.2281,1,124.98
8325,15,13,2024-01-25,2024-02-26,2024-02-27,5121.25,air,1,2,0.3633,0.1012,1,26.97
8326,8,20,2023-03-02,2023-03-26,2023-03-28,1240.95,truck,3,1,0.6471,0.1094,1,36.7
8327,24,18,2023-06-30,2023-07-25,2023-07-25,1944.72,ship,4,2,0.5159,0.0437,0,2.96
8328,14,4,2023-11-08,2023-12-05,2023-12-05,307.83,truck,5,0,0.7487,0.2082,0,1.61
8329,8,3,2023-11-03,2023-11-23,2023-11-23,2051.59,air,2,1,0.4675,0.1094,0,1.52
8330,25,20,2023-01-27,2023-02-19,2023-02-27,729.98,truck,3,1,0.8247,0.3294,1,180.66
8331,36,18,2024-04-18,2024-05-13,2024-05-16,1898.16,ship,3,1,0.6354,0.0168,1,75.24
8332,11,19,2023-07-05,2023-07-21,2023-07-21,392.71,truck,2,0,0.477,0.163,0,1.6
8333,18,1,2025-06-10,2025-06-23,2025-06-27,1345.76,truck,3,2,0.6604,0.0465,1,90.81
8334,39,16,2024-02-22,2024-03-15,2024-03-16,963.18,truck,3,0,0.4072,0.2906,1,19.34
8335,1,4,2024-03-24,2024-04-17,2024-04-17,5861.07,air,5,0,0.5075,0.2492,0,5.38
8336,5,2,2023-04-29,2023-05-26,2023-05-26,1853.77,truck,3,1,0.4631,0.2606,0,0.75
8337,15,18,2023-05-18,2023-07-23,2023-07-24,13287.32,ship,3,2,0.666,0.1012,1,34.19
8338,39,20,2025-05-13,2025-06-11,2025-06-11,16938.42,air,4,0,0.3756,0.2906,0,1.96
8339,4,6,2024-05-28,2024-07-01,2024-07-01,659.29,truck,3,0,0.1782,0.2301,0,2.39
8340,38,3,2025-11-30,2025-12-21,2025-12-23,1993.74,ship,2,1,0.4937,0.1178,1,42.78
8341,28,9,2024-10-04,2024-10-20,2024-10-20,372.06,truck,5,0,0.5846,0.183,0,1.45
8342,46,9,2023-07-03,2023-07-24,2023-07-25,1381.71,truck,2,1,0.7499,0.0911,1,35.84
8343,49,2,2025-09-08,2025-09-28,2025-10-01,2110.98,ship,3,1,0.3477,0.0836,1,62.34
8344,23,10,2024-12-08,2025-01-06,2025-01-06,3190.71,truck,3,0,0.3527,0.2281,0,4.35
8345,35,5,2023-10-21,2023-12-05,2023-12-05,8046.84,ship,1,0,0.608,0.4038,0,3.8
8346,13,16,2025-03-31,2025-04-15,2025-04-16,682.08,truck,5,0,0.3508,0.1757,1,25.11
8347,24,2,2023-11-01,2023-12-05,2023-12-05,3696.21,ship,3,0,0.3167,0.0437,0,3.09
8348,34,13,2024-07-21,2024-08-06,2024-08-06,3799.33,truck,5,0,0.2982,0.0399,0,1.24
8349,7,4,2024-06-29,2024-07-29,2024-07-29,3261.71,ship,2,2,0.3982,0.2727,0,3.48
8350,45,17,2025-05-06,2025-05-31,2025-06-01,3781.28,ship,3,0,0.4622,0.1051,1,25.44
8351,16,14,2024-08-02,2024-08-27,2024-08-27,350.08,truck,2,1,0.3236,0.3266,0,2.04
8352,1,16,2024-07-02,2024-07-25,2024-07-29,1612.79,truck,3,2,0.4614,0.2492,1,102.63
8353,23,2,2025-06-13,2025-07-08,2025-07-08,1013.64,truck,1,2,0.2446,0.2281,0,3.81
8354,20,3,2024-09-14,2024-10-15,2024-10-20,474.23,truck,4,0,0.3723,0.2853,1,115.56
8355,27,9,2024-12-03,2024-12-24,2024-12-24,442.05,truck,5,0,0.4763,0.1179,0,2.19
8356,1,11,2023-05-07,2023-05-31,2023-06-02,2115.62,ship,2,1,0.4393,0.2492,1,53.16
8357,19,3,2025-02-18,2025-03-15,2025-03-15,2621.05,truck,4,1,0.5935,0.2562,0,1.55
8358,7,13,2024-11-08,2024-12-22,2024-12-23,6963.55,ship,1,0,0.4864,0.2727,1,18.31
8359,11,18,2023-01-13,2023-01-30,2023-01-30,945.85,truck,1,0,0.4925,0.163,0,1.71
8360,33,11,2023-05-25,2023-06-07,2023-06-07,1268.17,truck,4,1,0.3908,0.1674,0,3.63
8361,41,4,2025-11-13,2025-11-30,2025-12-02,1383.43,truck,1,1,0.592,0.5395,1,39.52
8362,35,10,2024-03-02,2024-04-01,2024-04-09,2250.0,ship,3,0,0.6453,0.4038,1,180.77
8363,23,16,2025-05-03,2025-07-11,2025-07-12,16604.96,ship,5,1,0.5179,0.2281,1,26.71
8364,37,17,2023-01-17,2023-02-13,2023-02-13,476.19,truck,2,0,0.334,0.1502,0,1.96
8365,12,18,2025-08-19,2025-09-24,2025-09-24,1975.03,ship,3,1,0.4648,0.2771,0,2.56
8366,45,19,2024-04-21,2024-05-12,2024-05-12,2599.95,ship,2,0,0.3092,0.1051,0,3.56
8367,39,15,2023-09-14,2023-10-03,2023-10-05,6184.04,air,5,1,0.5411,0.2906,1,36.88
8368,2,15,2024-06-29,2024-07-10,2024-07-15,438.16,truck,3,2,0.6705,0.3485,1,113.78
8369,38,3,2024-07-07,2024-08-10,2024-08-11,6750.29,ship,4,0,0.4275,0.1178,1,20.82
8370,36,19,2024-10-24,2024-11-16,2024-11-16,300.23,truck,3,0,0.0442,0.0168,0,1.75
8371,5,3,2024-02-08,2024-03-12,2024-03-15,2804.6,ship,4,1,0.4561,0.2606,1,80.09
8372,13,3,2025-07-06,2025-08-06,2025-08-06,4771.29,ship,5,0,0.542,0.1757,0,1.9
8373,45,18,2024-06-20,2024-07-07,2024-07-07,1809.82,truck,1,2,0.7965,0.1051,0,2.62
8374,39,20,2024-10-02,2024-10-23,2024-10-27,1402.02,truck,5,1,0.5143,0.2906,1,94.61
8375,37,9,2023-02-24,2023-03-29,2023-03-29,2018.32,air,3,0,0.5537,0.1502,0,2.02
8376,40,2,2024-08-24,2024-09-16,2024-09-16,1311.31,truck,5,1,0.1521,0.1206,0,2.04
8377,27,3,2025-07-12,2025-08-18,2025-08-18,5964.33,ship,1,0,0.6609,0.1179,0,2.22
8378,13,11,2024-05-06,2024-05-21,2024-05-22,438.07,truck,5,1,0.5365,0.1757,1,18.49
8379,32,11,2023-07-22,2023-09-10,2023-09-12,8240.7,ship,1,1,0.4447,0.299,1,46.34
8380,39,17,2024-05-05,2024-06-10,2024-06-14,5802.44,ship,1,1,0.4569,0.2906,1,91.76
8381,27,4,2023-03-30,2023-04-21,2023-04-22,547.0,truck,4,1,0.4126,0.1179,1,34.67
8382,3,16,2025-07-17,2025-08-14,2025-08-17,1791.58,truck,3,1,0.7494,0.2878,1,65.57
8383,43,18,2025-10-15,2025-11-08,2025-11-08,499.4,truck,4,1,0.371,0.1166,0,1.46
8384,48,18,2023-05-09,2023-06-05,2023-06-07,4240.92,ship,1,0,0.5534,0.5295,1,36.8
8385,10,20,2024-08-24,2024-09-18,2024-09-18,1222.26,truck,4,0,0.5061,0.335,0,3.5
8386,41,16,2024-01-02,2024-01-23,2024-01-27,5460.42,air,4,0,0.6074,0.5395,1,106.14
8387,49,1,2024-05-11,2024-05-30,2024-06-08,7631.92,air,1,1,0.7269,0.0836,1,224.54
8388,26,11,2024-06-29,2024-07-23,2024-07-23,1247.33,truck,4,1,0.3869,0.1577,0,1.95
8389,9,12,2025-10-23,2025-11-14,2025-11-14,1739.51,truck,1,0,0.3529,0.1382,1,4.78
8390,35,18,2024-10-16,2024-11-12,2024-11-15,504.96,truck,1,1,0.4357,0.4038,1,67.15
8391,38,12,2024-03-01,2024-03-19,2024-03-19,1547.7,ship,2,0,0.2293,0.1178,0,3.66
8392,38,19,2024-05-23,2024-07-24,2024-07-26,16042.14,ship,3,0,0.5531,0.1178,1,50.47
8393,10,9,2025-10-10,2025-11-08,2025-11-08,2983.38,ship,3,0,0.7829,0.335,0,1.34
8394,27,14,2025-01-31,2025-03-03,2025-03-03,3332.04,ship,4,0,0.4111,0.1179,0,1.5
8395,14,4,2024-12-29,2025-01-23,2025-01-23,965.83,truck,5,0,0.2545,0.2082,0,2.79
8396,3,17,2025-11-19,2025-12-13,2025-12-13,3244.39,air,3,0,0.3093,0.2878,0,2.64
8397,12,8,2025-05-09,2025-06-12,2025-06-12,5057.21,air,2,1,0.4925,0.2771,0,1.85
8398,37,17,2025-06-26,2025-07-24,2025-07-25,632.82,truck,1,1,0.5327,0.1502,1,23.13
8399,6,14,2023-04-05,2023-05-15,2023-05-15,6020.94,ship,2,0,0.2806,0.3463,0,1.9
8400,49,2,2025-07-21,2025-08-12,2025-08-12,2719.08,ship,2,1,0.3548,0.0836,0,2.46
8401,6,20,2024-03-30,2024-04-24,2024-04-25,356.67,truck,4,0,0.5424,0.3463,1,26.1
8402,1,18,2023-03-02,2023-03-26,2023-03-26,6402.09,air,4,0,0.5544,0.2492,0,3.62
8403,27,13,2025-08-17,2025-09-10,2025-09-11,2501.33,truck,3,1,0.4419,0.1179,1,22.21
8404,20,9,2023-12-26,2024-02-05,2024-02-05,4179.93,ship,2,0,0.6997,0.2853,0,3.83
8405,17,9,2023-08-19,2023-10-01,2023-10-05,1256.37,truck,5,1,0.6707,0.1135,1,84.96
8406,16,2,2025-03-28,2025-04-22,2025-04-22,385.94,truck,1,0,0.3239,0.3266,0,2.29
8407,37,3,2024-04-18,2024-05-21,2024-05-21,845.19,truck,2,0,0.7902,0.1502,0,1.11
8408,22,4,2024-10-14,2024-10-29,2024-10-29,477.42,truck,3,0,0.4785,0.1904,0,1.03
8409,43,9,2023-04-04,2023-05-01,2023-05-12,532.57,truck,5,1,0.514,0.1166,1,270.28
8410,30,6,2023-07-10,2023-07-26,2023-08-10,1402.27,air,5,1,0.8393,0.3611,1,362.24
8411,38,8,2025-10-31,2025-11-23,2025-11-25,3515.32,ship,4,0,0.5138,0.1178,1,54.99
8412,40,6,2023-01-13,2023-02-03,2023-02-03,1022.55,truck,4,0,0.52,0.1206,0,3.15
8413,46,3,2024-04-21,2024-05-15,2024-05-15,2989.97,ship,3,1,0.7237,0.0911,0,2.26
8414,22,18,2024-01-31,2024-02-18,2024-02-21,1312.38,truck,4,0,0.83,0.1904,1,61.53
8415,31,7,2024-06-20,2024-07-11,2024-07-13,2382.87,truck,5,0,0.1903,0.2757,1,41.11
8416,23,19,2024-08-15,2024-09-16,2024-09-16,2816.59,ship,5,0,0.2878,0.2281,0,4.23
8417,2,3,2025-09-26,2025-10-09,2025-10-12,1958.78,truck,4,1,0.4383,0.3485,1,71.76
8418,27,15,2023-05-13,2023-06-05,2023-06-07,842.95,truck,4,1,0.4155,0.1179,1,46.28
8419,31,18,2025-01-28,2025-02-18,2025-02-18,2344.6,truck,3,0,0.577,0.2757,0,1.59
8420,49,17,2025-01-05,2025-02-03,2025-02-03,4425.02,ship,3,0,0.4227,0.0836,0,2.97
8421,26,12,2025-08-31,2025-09-27,2025-09-28,2358.71,ship,3,1,0.4584,0.1577,1,34.33
8422,34,5,2024-05-24,2024-06-25,2024-06-26,7955.19,ship,4,1,0.6482,0.0399,1,31.43
8423,10,5,2023-03-29,2023-04-22,2023-04-22,441.47,truck,5,1,0.6043,0.335,0,2.53
8424,24,5,2025-08-19,2025-09-25,2025-09-30,5295.31,ship,4,1,0.5812,0.0437,1,118.61
8425,50,15,2025-08-02,2025-08-27,2025-08-30,2396.14,truck,1,2,0.5425,0.1476,1,62.85
8426,49,3,2023-02-27,2023-03-26,2023-03-28,3523.44,ship,4,1,0.6463,0.0836,1,36.55
8427,29,15,2023-11-26,2024-02-11,2024-02-11,19676.57,ship,2,0,0.3427,0.223,1,9.23
8428,49,10,2025-02-08,2025-03-03,2025-03-05,2291.87,ship,5,0,0.475,0.0836,1,42.51
8429,1,3,2024-03-13,2024-04-22,2024-04-22,6032.2,ship,4,2,0.5428,0.2492,0,1.53
8430,8,12,2024-11-20,2024-12-12,2024-12-20,2214.51,air,5,0,0.2806,0.1094,1,192.04
8431,15,20,2024-12-20,2025-01-21,2025-01-24,987.75,truck,3,1,0.5492,0.1012,1,69.98
8432,43,7,2023-09-28,2023-10-26,2023-10-27,492.36,truck,3,1,0.238,0.1166,1,32.89
8433,50,3,2024-12-04,2024-12-23,2024-12-24,410.78,truck,4,1,0.3933,0.1476,1,28.68
8434,47,7,2023-06-14,2023-08-01,2023-08-01,7927.85,ship,4,0,0.0764,0.1768,0,3.48
8435,2,7,2023-09-18,2023-10-11,2023-10-12,4121.68,ship,2,1,0.4174,0.3485,1,23.75
8436,44,11,2025-07-25,2025-08-14,2025-08-14,3464.89,ship,2,3,0.3453,0.0719,0,2.17
8437,42,16,2025-04-10,2025-05-01,2025-05-01,2537.02,ship,4,0,0.393,0.2372,0,4.12
8438,44,17,2024-01-29,2024-02-14,2024-02-14,2066.84,truck,4,0,0.1563,0.0719,0,3.51
8439,26,6,2024-09-20,2024-10-15,2024-10-15,1417.68,truck,2,1,0.3489,0.1577,0,1.78
8440,47,1,2023-01-29,2023-02-24,2023-02-24,1076.07,truck,1,0,0.4957,0.1768,0,2.79
8441,44,7,2024-08-20,2024-09-02,2024-09-02,541.2,truck,4,0,0.2247,0.0719,0,2.55
8442,11,11,2025-08-29,2025-09-13,2025-09-14,947.53,truck,3,1,0.5557,0.163,1,32.55
8443,28,18,2024-03-31,2024-04-18,2024-04-24,7976.08,air,5,0,0.5838,0.183,1,141.12
8444,19,13,2024-01-12,2024-01-29,2024-01-29,6625.13,air,1,1,0.6784,0.2562,0,3.28
8445,3,20,2025-06-24,2025-07-26,2025-07-26,3449.08,truck,3,0,0.6148,0.2878,0,2.63
8446,37,14,2024-01-02,2024-02-06,2024-02-06,2168.61,ship,3,0,0.451,0.1502,0,1.55
8447,34,2,2025-06-08,2025-06-27,2025-07-03,2603.13,ship,3,2,0.2849,0.0399,1,136.75
8448,11,6,2023-11-17,2023-12-02,2023-12-04,694.11,truck,3,0,0.3461,0.163,1,55.21
8449,9,3,2024-08-29,2024-09-20,2024-09-22,1557.79,ship,4,0,0.6791,0.1382,1,36.99
8450,14,11,2025-05-06,2025-06-01,2025-06-02,624.35,truck,3,0,0.2865,0.2082,1,17.56
8451,45,14,2023-03-05,2023-03-20,2023-03-20,1190.19,truck,3,0,0.2761,0.1051,0,3.24
8452,11,13,2024-09-16,2024-10-01,2024-10-01,783.84,truck,2,0,0.5238,0.163,0,2.72
8453,43,2,2023-04-08,2023-05-04,2023-05-04,470.0,truck,4,1,0.359,0.1166,0,1.55
8454,26,2,2025-09-09,2025-10-01,2025-10-02,965.82,truck,3,1,0.2623,0.1577,1,34.1
8455,25,2,2025-11-12,2025-12-07,2025-12-09,518.03,truck,5,0,0.446,0.3294,1,41.76
8456,36,2,2025-09-22,2025-10-12,2025-10-16,420.49,truck,4,0,0.3317,0.0168,1,98.99
8457,24,18,2024-08-14,2024-09-03,2024-09-08,986.46,truck,2,2,0.725,0.0437,1,117.5
8458,49,1,2025-07-23,2025-08-13,2025-08-13,10408.06,air,2,1,0.7054,0.0836,0,1.15
8459,23,8,2024-10-06,2024-11-09,2024-11-11,3919.17,ship,1,1,0.5218,0.2281,1,55.19
8460,7,4,2024-01-13,2024-04-02,2024-04-02,20000.0,ship,3,0,0.4393,0.2727,0,3.05
8461,31,20,2024-08-10,2024-09-25,2024-09-28,10464.26,ship,4,0,0.5956,0.2757,1,71.5
8462,1,2,2025-04-10,2025-05-16,2025-05-17,4792.6,ship,4,1,0.3273,0.2492,1,18.37
8463,19,10,2023-01-24,2023-04-07,2023-04-07,18956.51,ship,5,0,0.3097,0.2562,0,2.84
8464,19,9,2025-09-19,2025-10-08,2025-10-09,1785.95,truck,4,0,0.828,0.2562,1,31.41
8465,17,5,2023-09-07,2023-11-14,2023-11-14,10841.2,ship,5,1,0.4451,0.1135,0,1.78
8466,1,9,2024-02-01,2024-02-25,2024-02-25,2280.5,air,4,0,0.5703,0.2492,0,1.96
8467,37,3,2023-04-28,2023-05-28,2023-05-28,564.13,truck,2,0,0.6839,0.1502,0,2.1
8468,11,15,2023-06-09,2023-06-29,2023-06-29,1503.74,ship,4,1,0.4465,0.163,0,2.12
8469,10,16,2023-06-18,2023-07-10,2023-07-14,389.08,truck,1,2,0.5926,0.335,1,104.57
8470,14,17,2024-06-14,2024-07-11,2024-07-12,897.23,truck,2,2,0.1562,0.2082,1,16.75
8471,6,20,2023-05-21,2023-06-21,2023-06-22,2262.89,truck,4,0,0.4422,0.3463,1,20.73
8472,19,10,2025-10-19,2025-11-15,2025-11-15,3445.61,ship,2,0,0.5288,0.2562,0,1.91
8473,18,3,2024-09-14,2024-09-22,2024-09-22,2116.78,air,1,0,0.3723,0.0465,0,2.4
8474,6,6,2025-10-07,2025-11-05,2025-11-05,1121.97,truck,2,1,0.6526,0.3463,0,2.68
8475,47,8,2024-01-06,2024-02-18,2024-02-20,5334.22,ship,1,0,0.6232,0.1768,1,57.0
8476,10,18,2024-11-05,2024-12-04,2024-12-07,2472.77,ship,5,0,0.604,0.335,1,81.22
8477,14,19,2024-07-21,2024-08-19,2024-08-20,2010.63,truck,5,0,0.2395,0.2082,1,34.15
8478,40,19,2024-05-26,2024-06-14,2024-06-15,545.91,truck,4,0,0.2226,0.1206,1,18.93
8479,30,1,2023-11-28,2024-01-05,2024-01-05,7106.05,ship,1,0,0.7213,0.3611,0,3.67
8480,46,11,2023-12-14,2024-01-10,2024-01-10,20000.0,air,5,0,0.43,0.0911,0,3.15
8481,21,12,2024-11-19,2024-12-04,2024-12-04,1183.6,truck,1,0,0.2843,0.1211,0,5.03
8482,31,9,2023-08-25,2023-09-13,2023-09-15,2102.59,truck,2,2,0.6075,0.2757,1,49.32
8483,27,3,2025-10-01,2025-10-26,2025-11-02,1736.85,ship,1,1,0.4183,0.1179,1,165.63
8484,7,16,2025-04-05,2025-05-12,2025-05-12,4924.21,ship,3,0,0.4469,0.2727,0,3.49
8485,29,1,2023-03-15,2023-04-10,2023-04-10,10053.03,air,3,0,0.4648,0.223,0,1.68
8486,24,12,2024-04-06,2024-04-29,2024-05-01,849.35,truck,4,1,0.0456,0.0437,1,44.38
8487,46,5,2024-02-24,2024-03-14,2024-03-15,737.92,truck,1,0,0.4219,0.0911,1,27.3
8488,31,7,2023-06-24,2023-07-14,2023-07-16,804.09,truck,5,0,0.1172,0.2757,1,46.48
8489,14,15,2023-06-03,2023-07-01,2023-07-01,1018.15,truck,5,1,0.1701,0.2082,0,3.36
8490,50,6,2025-01-02,2025-01-18,2025-01-18,607.08,truck,2,0,0.4685,0.1476,0,4.84
8491,30,10,2024-10-11,2024-10-29,2024-10-29,1385.41,truck,1,0,0.4713,0.3611,0,1.44
8492,44,15,2025-09-30,2025-11-03,2025-11-03,8087.62,ship,2,1,0.6479,0.0719,0,3.67
8493,22,18,2024-12-19,2025-01-04,2025-01-04,1226.54,truck,1,0,0.4474,0.1904,0,5.81
8494,49,12,2024-01-07,2024-02-25,2024-02-25,11766.5,ship,2,0,0.4876,0.0836,0,2.57
8495,2,20,2024-05-12,2024-05-24,2024-05-24,1407.86,truck,2,0,0.6437,0.3485,0,3.39
8496,40,20,2025-01-08,2025-01-30,2025-02-02,1336.85,truck,2,1,0.6332,0.1206,1,72.16
8497,17,16,2024-04-07,2024-07-13,2024-07-16,20000.0,ship,3,0,0.4605,0.1135,1,76.92
8498,16,17,2023-09-07,2023-10-31,2023-11-02,11159.44,ship,4,1,0.208,0.3266,1,56.0
8499,32,4,2025-03-31,2025-05-01,2025-05-01,1714.52,ship,5,2,0.7275,0.299,0,2.65
8500,4,4,2023-02-25,2023-03-30,2023-03-30,6957.62,air,5,0,0.3653,0.2301,0,1.85
8501,21,13,2024-03-31,2024-04-19,2024-04-22,2549.81,ship,5,2,0.5378,0.1211,1,62.12
8502,27,20,2024-06-23,2024-07-23,2024-07-26,14374.16,air,5,0,0.5174,0.1179,1,63.87
8503,23,2,2023-06-14,2023-07-17,2023-07-17,5184.03,truck,2,1,0.2978,0.2281,0,3.9
8504,31,19,2025-01-20,2025-02-10,2025-02-15,1763.41,truck,4,2,0.263,0.2757,1,122.22
8505,6,14,2023-11-01,2023-11-25,2023-11-26,683.19,truck,3,0,0.4654,0.3463,1,16.02
8506,40,17,2023-01-25,2023-02-15,2023-02-15,1100.54,truck,5,0,0.0527,0.1206,1,11.23
8507,41,13,2024-11-19,2024-12-03,2024-12-07,337.93,truck,1,2,0.596,0.5395,1,87.05
8508,16,7,2025-10-22,2025-11-19,2025-11-19,1312.89,truck,3,2,0.3495,0.3266,0,2.81
8509,2,17,2023-09-04,2023-10-04,2023-10-05,6581.74,ship,5,1,0.1237,0.3485,1,23.43
8510,41,7,2025-02-15,2025-03-05,2025-03-15,1131.86,truck,5,1,0.522,0.5395,1,240.97
8511,44,11,2025-08-14,2025-08-29,2025-08-29,1366.66,truck,3,1,0.364,0.0719,0,3.16
8512,42,1,2024-08-01,2024-08-20,2024-08-20,1397.03,truck,2,1,0.4536,0.2372,0,1.94
8513,5,7,2023-05-24,2023-07-15,2023-07-22,9707.39,ship,5,1,0.2113,0.2606,1,172.56
8514,41,4,2025-10-21,2025-12-07,2025-12-10,10714.44,ship,2,0,0.3747,0.5395,1,67.47
8515,39,17,2024-05-20,2024-06-25,2024-06-26,6419.99,ship,2,1,0.609,0.2906,1,17.67
8516,6,10,2024-03-06,2024-04-27,2024-04-28,8540.93,ship,2,0,0.7757,0.3463,1,26.83
8517,43,18,2025-05-09,2025-06-20,2025-06-21,5980.79,ship,5,1,0.7081,0.1166,1,30.26
8518,38,4,2024-03-18,2024-04-01,2024-04-01,350.99,truck,3,0,0.6354,0.1178,0,2.24
8519,13,15,2023-10-12,2023-10-30,2023-10-30,1462.76,truck,3,0,0.4541,0.1757,0,1.41
8520,47,5,2023-06-18,2023-07-17,2023-07-18,564.01,truck,1,1,0.558,0.1768,1,20.68
8521,45,20,2025-05-15,2025-06-02,2025-06-02,1922.37,truck,3,0,0.404,0.1051,0,1.45
8522,50,9,2024-11-05,2024-11-29,2024-11-29,3169.54,truck,4,0,0.6493,0.1476,0,1.12
8523,16,3,2024-11-08,2025-01-03,2025-01-07,10339.95,ship,5,1,0.6588,0.3266,1,104.14
8524,14,13,2024-09-01,2024-10-04,2024-10-09,2667.18,truck,3,1,0.2513,0.2082,1,119.98
8525,44,7,2025-10-29,2025-11-09,2025-11-09,447.59,truck,5,2,0.1962,0.0719,0,1.95
8526,24,17,2023-12-30,2024-01-19,2024-01-19,594.77,truck,1,0,0.3014,0.0437,0,3.24
8527,45,5,2024-11-15,2024-11-26,2024-11-26,324.57,truck,3,0,0.5917,0.1051,0,1.21
8528,8,2,2023-11-13,2023-12-09,2023-12-09,6330.33,air,1,1,0.327,0.1094,0,1.52
8529,42,18,2023-08-04,2023-08-17,2023-08-17,803.96,truck,1,1,0.614,0.2372,0,1.59
8530,14,3,2025-03-21,2025-04-19,2025-04-19,7953.1,air,5,1,0.4198,0.2082,0,4.35
8531,29,13,2025-04-11,2025-05-02,2025-05-02,518.32,truck,2,0,0.4566,0.223,0,3.04
8532,40,5,2023-08-27,2023-11-14,2023-11-17,20000.0,ship,1,1,0.4378,0.1206,1,62.99
8533,39,1,2025-09-14,2025-10-05,2025-10-07,634.83,truck,1,1,0.6692,0.2906,1,46.28
8534,35,12,2023-08-24,2023-09-18,2023-09-19,610.42,truck,4,1,0.3271,0.4038,1,26.36
8535,50,5,2023-10-15,2023-12-05,2023-12-06,11235.08,ship,3,1,0.351,0.1476,1,34.23
8536,8,15,2023-09-15,2023-10-17,2023-10-19,3623.32,ship,3,1,0.5435,0.1094,1,50.32
8537,45,16,2025-03-15,2025-03-31,2025-03-31,7173.72,air,2,0,0.7051,0.1051,0,2.9
8538,48,18,2025-01-08,2025-01-24,2025-01-24,623.15,truck,5,0,0.7153,0.5295,0,6.03
8539,50,13,2023-11-28,2023-12-17,2023-12-17,742.49,truck,2,1,0.2755,0.1476,0,5.27
8540,33,14,2024-03-07,2024-03-19,2024-03-19,482.99,truck,2,0,0.1745,0.1674,0,2.49
8541,26,4,2025-10-11,2025-10-31,2025-10-31,749.63,truck,1,1,0.493,0.1577,0,3.08
8542,29,14,2025-05-09,2025-06-17,2025-06-21,6781.01,ship,1,1,0.48,0.223,1,105.36
8543,28,20,2025-07-19,2025-08-26,2025-08-26,8064.44,ship,2,0,0.5374,0.183,0,1.39
8544,9,19,2025-05-17,2025-07-16,2025-07-17,13849.38,ship,5,0,0.3049,0.1382,1,16.32
8545,21,11,2024-03-09,2024-03-26,2024-03-26,1103.36,truck,4,1,0.5015,0.1211,0,2.8
8546,11,15,2025-07-31,2025-08-13,2025-08-13,391.56,truck,5,1,0.4007,0.163,0,1.39
8547,47,3,2023-06-17,2023-07-14,2023-07-15,477.89,truck,4,0,0.3801,0.1768,1,32.26
8548,1,3,2023-04-09,2023-05-04,2023-05-18,1519.97,ship,5,0,0.5131,0.2492,1,331.12
8549,39,6,2023-12-30,2024-01-27,2024-01-27,5167.47,ship,2,0,0.5649,0.2906,0,2.36
8550,32,20,2024-06-26,2024-08-09,2024-08-11,7112.61,ship,1,0,0.4996,0.299,1,56.98
8551,16,6,2024-02-28,2024-05-10,2024-05-14,17060.49,ship,4,0,0.4113,0.3266,1,99.01
8552,49,16,2024-06-22,2024-07-06,2024-07-06,544.28,truck,3,0,0.5439,0.0836,0,4.41
8553,4,6,2023-08-26,2023-11-03,2023-11-03,13582.52,ship,2,1,0.4641,0.2301,0,3.91
8554,18,4,2023-05-16,2023-05-25,2023-05-25,978.75,truck,2,2,0.4937,0.0465,0,1.13
8555,9,16,2024-01-21,2024-02-10,2024-02-11,1265.6,truck,2,0,0.6083,0.1382,1,20.17
8556,23,14,2023-08-21,2023-09-15,2023-09-16,4809.29,air,3,2,0.2716,0.2281,1,17.87
8557,3,6,2023-06-04,2023-06-30,2023-07-09,1735.98,truck,3,2,0.2136,0.2878,1,224.21
8558,7,7,2024-04-12,2024-05-29,2024-06-02,9871.67,ship,4,1,0.406,0.2727,1,96.86
8559,6,8,2025-09-12,2025-10-09,2025-10-09,606.83,truck,4,1,0.317,0.3463,1,10.82
8560,4,14,2024-12-31,2025-02-04,2025-02-04,1064.51,truck,5,0,0.3986,0.2301,0,1.96
8561,49,3,2023-03-24,2023-04-13,2023-04-13,1743.72,ship,2,1,0.4308,0.0836,0,3.19
8562,17,18,2025-05-11,2025-06-20,2025-06-23,373.29,truck,2,1,0.7978,0.1135,1,79.69
8563,46,4,2024-09-07,2024-10-01,2024-10-01,2181.38,truck,4,0,0.5432,0.0911,0,2.16
8564,2,4,2023-10-07,2023-11-06,2023-11-07,7112.58,ship,1,0,0.5324,0.3485,1,19.89
8565,7,5,2025-04-01,2025-05-05,2025-05-06,4161.59,ship,1,1,0.6396,0.2727,1,26.19
8566,4,8,2024-01-22,2024-02-22,2024-02-22,1360.22,air,5,0,0.4623,0.2301,0,2.5
8567,13,19,2025-02-22,2025-03-07,2025-03-11,680.46,truck,5,0,0.4043,0.1757,1,102.74
8568,41,9,2025-04-11,2025-05-03,2025-05-03,9765.48,air,1,0,0.6888,0.5395,0,4.02
8569,22,5,2025-04-13,2025-04-28,2025-05-03,1158.61,truck,4,0,0.5053,0.1904,1,112.24
8570,9,6,2025-08-14,2025-09-06,2025-09-08,1775.92,truck,2,1,0.6172,0.1382,1,49.45
8571,26,9,2024-01-07,2024-01-28,2024-01-29,582.09,truck,5,0,0.7626,0.1577,1,30.32
8572,38,15,2025-05-13,2025-06-02,2025-06-06,892.11,truck,3,1,0.6745,0.1178,1,105.89
8573,44,10,2024-07-12,2024-08-03,2024-08-06,3962.95,ship,2,2,0.4862,0.0719,1,66.75
8574,32,1,2025-09-04,2025-09-29,2025-09-29,1661.1,air,4,1,0.7024,0.299,0,1.45
8575,17,14,2023-02-03,2023-03-17,2023-03-19,1126.8,truck,2,0,0.4485,0.1135,1,37.99
8576,8,1,2024-12-26,2025-03-14,2025-03-15,20000.0,ship,5,0,0.6289,0.1094,1,20.65
8577,9,13,2023-06-28,2023-07-17,2023-07-17,522.51,truck,3,0,0.6124,0.1382,0,3.23
8578,44,20,2024-09-19,2024-10-10,2024-10-10,3970.83,ship,4,0,0.4432,0.0719,0,1.17
8579,15,7,2024-10-24,2024-12-11,2024-12-12,5554.5,ship,4,1,0.2558,0.1012,1,30.05
8580,24,12,2024-10-28,2024-11-20,2024-11-20,990.73,truck,2,0,0.2931,0.0437,0,4.56
8581,36,10,2024-01-31,2024-02-22,2024-02-25,467.76,truck,2,1,0.4644,0.0168,1,81.33
8582,22,3,2025-08-21,2025-09-05,2025-09-10,364.87,truck,2,0,0.7229,0.1904,1,124.85
8583,1,19,2023-03-17,2023-04-15,2023-04-15,3275.57,truck,3,1,0.3571,0.2492,0,2.38
8584,6,8,2024-02-24,2024-04-08,2024-04-08,7230.71,ship,1,0,0.1667,0.3463,0,3.65
8585,46,14,2025-10-05,2025-10-28,2025-10-28,9625.16,air,4,0,0.2725,0.0911,0,2.3
8586,17,8,2023-04-27,2023-06-10,2023-06-10,1206.04,truck,1,1,0.4964,0.1135,0,2.19
8587,3,14,2023-01-31,2023-02-27,2023-02-27,1697.15,truck,5,0,0.4674,0.2878,0,1.91
8588,39,20,2024-05-24,2024-06-20,2024-06-20,3653.95,ship,5,0,0.6096,0.2906,0,2.33
8589,46,7,2023-09-15,2023-10-18,2023-10-21,4766.08,ship,4,1,0.3724,0.0911,1,77.59
8590,45,2,2025-12-01,2025-12-14,2025-12-14,593.94,truck,3,1,0.4485,0.1051,0,3.05
8591,6,10,2024-06-23,2024-07-19,2024-07-19,1658.0,air,1,1,0.531,0.3463,0,3.13
8592,21,1,2025-03-06,2025-03-20,2025-03-21,897.14,truck,5,1,0.6645,0.1211,1,32.4
8593,48,11,2023-04-14,2023-05-02,2023-05-02,1097.6,truck,2,1,0.4457,0.5295,0,3.34
8594,43,17,2024-11-04,2024-12-03,2024-12-03,5696.64,air,2,1,0.3233,0.1166,0,1.74
8595,45,18,2023-12-25,2024-01-07,2024-01-07,1014.89,truck,1,0,0.5308,0.1051,0,0.87
8596,41,10,2024-07-25,2024-08-13,2024-08-15,2144.09,truck,3,1,0.4311,0.5395,1,46.5
8597,46,2,2024-05-21,2024-06-08,2024-06-08,3091.08,air,1,2,0.3384,0.0911,0,2.99
8598,9,4,2023-07-01,2023-08-12,2023-08-16,8830.38,ship,5,2,0.5431,0.1382,1,95.44
8599,6,20,2023-03-22,2023-05-13,2023-05-15,10592.87,ship,5,1,0.715,0.3463,1,38.98
8600,12,6,2023-08-19,2023-09-22,2023-09-24,1183.58,truck,3,1,0.5224,0.2771,1,55.78
8601,14,15,2024-02-24,2024-03-18,2024-03-18,775.99,truck,2,0,0.5063,0.2082,0,2.64
8602,37,1,2023-09-15,2023-10-14,2023-10-14,519.38,truck,3,0,0.5206,0.1502,0,5.09
8603,26,6,2025-03-09,2025-04-03,2025-04-03,1832.06,truck,4,0,0.257,0.1577,0,3.02
8604,1,9,2024-07-22,2024-08-18,2024-08-21,1424.26,truck,1,1,0.7418,0.2492,1,64.11
8605,47,10,2025-04-18,2025-05-18,2025-05-19,549.94,truck,1,1,0.5619,0.1768,1,33.93
8606,28,13,2024-06-30,2024-07-18,2024-07-18,675.46,truck,1,0,0.5566,0.183,0,2.64
8607,45,5,2024-11-17,2024-12-25,2024-12-27,9323.55,ship,1,0,0.3963,0.1051,1,36.83
8608,16,16,2023-11-14,2023-12-12,2023-12-12,1484.45,truck,3,0,0.4101,0.3266,0,1.89
8609,30,2,2023-04-19,2023-05-08,2023-05-08,800.42,truck,1,1,0.3724,0.3611,0,1.88
8610,12,1,2024-08-15,2024-09-28,2024-09-30,5746.62,ship,5,1,0.6201,0.2771,1,56.59
8611,10,5,2023-05-06,2023-06-08,2023-06-10,4954.07,ship,4,1,0.3569,0.335,1,38.45
8612,24,7,2024-06-12,2024-07-08,2024-07-08,1728.78,truck,5,0,0.3325,0.0437,0,1.23
8613,24,8,2024-04-05,2024-04-26,2024-04-26,2345.39,truck,3,0,0.4496,0.0437,0,3.62
8614,43,11,2025-09-12,2025-10-30,2025-11-01,8023.85,ship,1,0,0.3113,0.1166,1,50.19
8615,1,14,2025-01-30,2025-02-27,2025-02-28,1178.42,truck,1,1,0.3813,0.2492,1,27.19
8616,26,18,2025-03-17,2025-05-17,2025-05-17,14708.85,ship,3,0,0.7509,0.1577,1,10.25
8617,38,19,2025-09-19,2025-10-22,2025-10-23,5551.25,ship,4,1,0.5623,0.1178,1,29.61
8618,48,1,2023-05-24,2023-06-24,2023-06-25,5329.35,ship,3,1,0.8292,0.5295,1,25.63
8619,30,17,2023-06-30,2023-07-17,2023-07-17,1183.67,truck,4,2,0.1799,0.3611,0,1.4
8620,47,2,2025-11-19,2025-12-16,2025-12-16,1276.71,air,3,0,0.3085,0.1768,0,1.81
8621,8,20,2025-06-10,2025-06-30,2025-06-30,320.64,truck,3,0,0.6711,0.1094,0,2.47
8622,11,1,2024-07-20,2024-08-06,2024-08-06,1964.64,truck,2,1,0.4553,0.163,0,1.36
8623,49,8,2023-04-19,2023-05-06,2023-05-12,1375.24,truck,3,1,0.5862,0.0836,1,150.06
8624,23,15,2025-10-06,2025-11-03,2025-11-08,1903.74,truck,4,1,0.5497,0.2281,1,114.58
8625,26,4,2025-01-25,2025-02-17,2025-02-18,1576.56,truck,5,0,0.8038,0.1577,1,28.46
8626,21,13,2025-09-24,2025-10-17,2025-10-18,3220.47,ship,3,1,0.1429,0.1211,1,35.83
8627,8,16,2025-04-16,2025-07-01,2025-07-03,19364.62,ship,1,0,0.5504,0.1094,1,51.21
8628,6,2,2025-10-27,2025-11-23,2025-11-23,489.04,truck,1,1,0.4444,0.3463,0,1.77
8629,42,7,2025-10-24,2025-11-09,2025-11-12,996.43,truck,4,2,0.2757,0.2372,1,60.66
8630,10,9,2024-07-23,2024-08-30,2024-09-02,6041.25,ship,2,1,0.7966,0.335,1,78.16
8631,24,10,2023-06-28,2023-08-08,2023-08-08,7416.59,ship,5,2,0.4113,0.0437,0,1.38
8632,27,9,2025-04-13,2025-05-08,2025-05-10,2232.07,truck,5,0,0.6921,0.1179,1,47.83
8633,41,2,2025-10-24,2025-11-09,2025-11-10,1920.16,air,2,0,0.3569,0.5395,1,25.99
8634,34,10,2025-07-30,2025-08-12,2025-08-13,1864.24,truck,4,1,0.5131,0.0399,1,34.41
8635,31,2,2025-04-22,2025-06-16,2025-06-16,13497.39,ship,3,1,0.4404,0.2757,0,2.2
8636,29,7,2025-07-01,2025-08-03,2025-08-03,5051.03,ship,4,0,0.2023,0.223,0,1.54
8637,1,1,2025-10-13,2025-11-28,2025-12-03,9328.73,ship,1,1,0.8245,0.2492,1,122.41
8638,21,6,2025-02-07,2025-02-19,2025-02-19,1463.09,air,4,0,0.3688,0.1211,0,2.4
8639,18,11,2023-07-13,2023-07-23,2023-07-26,953.61,truck,3,2,0.344,0.0465,1,63.39
8640,41,4,2025-08-18,2025-09-04,2025-09-04,977.27,truck,2,1,0.4726,0.5395,0,2.01
8641,35,12,2025-05-17,2025-06-15,2025-06-15,14383.63,air,1,1,0.2975,0.4038,0,2.66
8642,43,11,2024-09-16,2024-10-16,2024-10-16,1756.29,ship,1,0,0.4629,0.1166,0,4.06
8643,26,8,2025-07-17,2025-08-06,2025-08-06,1184.25,air,2,2,0.2794,0.1577,0,1.53
8644,34,13,2024-05-23,2024-06-05,2024-06-05,1384.17,truck,2,1,0.5079,0.0399,0,2.78
8645,7,12,2023-02-27,2023-03-24,2023-03-24,3219.99,air,5,0,0.4188,0.2727,0,1.94
8646,11,15,2024-01-07,2024-01-23,2024-01-29,617.61,truck,1,1,0.4156,0.163,1,146.08
8647,43,16,2023-10-07,2023-11-01,2023-11-01,959.63,truck,2,0,0.8993,0.1166,0,1.98
8648,18,7,2024-01-05,2024-01-13,2024-01-13,619.08,truck,5,1,0.4534,0.0465,0,1.87
8649,11,19,2024-05-16,2024-05-31,2024-05-31,5566.92,air,1,0,0.3551,0.163,1,10.34
8650,36,10,2023-06-08,2023-06-30,2023-07-05,693.88,truck,4,1,0.5656,0.0168,1,112.16
8651,14,10,2025-10-13,2025-11-25,2025-11-27,6214.93,ship,1,1,0.355,0.2082,1,44.55
8652,8,11,2025-04-02,2025-04-23,2025-04-27,339.03,truck,3,0,0.3614,0.1094,1,90.57
8653,50,9,2024-01-18,2024-02-06,2024-02-06,3260.08,air,1,0,0.844,0.1476,0,2.99
8654,2,7,2025-01-03,2025-01-17,2025-01-19,2682.95,truck,5,1,0.133,0.3485,1,54.02
8655,30,14,2025-01-04,2025-01-23,2025-01-23,752.96,truck,2,0,0.3261,0.3611,0,1.2
8656,36,19,2023-03-12,2023-04-25,2023-04-27,8697.78,ship,3,1,0.4196,0.0168,1,43.25
8657,49,2,2024-03-13,2024-04-14,2024-04-16,6568.01,ship,3,0,0.3838,0.0836,1,37.61
8658,46,15,2024-12-01,2024-12-23,2024-12-24,1937.31,truck,2,0,0.9525,0.0911,1,23.08
8659,4,8,2024-12-03,2025-01-08,2025-01-08,1685.6,truck,5,0,0.523,0.2301,0,2.03
8660,8,14,2024-12-13,2025-01-05,2025-01-05,1167.43,truck,1,1,0.1296,0.1094,0,1.88
8661,9,10,2024-06-17,2024-07-17,2024-07-17,3775.17,ship,2,1,0.6933,0.1382,0,1.88
8662,4,6,2023-05-28,2023-08-20,2023-08-21,18772.78,ship,5,1,0.3126,0.2301,1,16.64
8663,5,2,2023-05-22,2023-07-09,2023-07-09,8176.09,ship,4,0,0.3465,0.2606,0,2.9
8664,28,13,2025-04-24,2025-05-09,2025-05-09,341.02,truck,5,0,0.4726,0.183,0,2.89
8665,40,17,2024-02-02,2024-02-26,2024-02-26,369.71,truck,2,0,0.0785,0.1206,0,4.27
8666,47,17,2025-02-18,2025-03-18,2025-03-18,717.87,truck,1,0,0.1421,0.1768,0,3.32
8667,10,11,2024-03-08,2024-04-04,2024-04-04,3888.62,air,3,0,0.6121,0.335,0,1.18
8668,43,18,2023-12-23,2024-01-21,2024-01-21,960.64,truck,1,1,0.4751,0.1166,0,2.98
8669,4,15,2023-12-21,2024-03-20,2024-03-20,20000.0,ship,4,0,0.5201,0.2301,0,2.34
8670,3,1,2024-02-18,2024-03-15,2024-03-16,618.54,truck,3,0,0.3644,0.2878,1,31.42
8671,47,16,2023-03-30,2023-04-26,2023-04-29,668.14,truck,2,1,0.6313,0.1768,1,60.5
8672,6,13,2024-10-14,2024-11-11,2024-11-17,1242.86,truck,4,1,0.5692,0.3463,1,134.86
8673,14,3,2025-11-18,2025-12-15,2025-12-15,350.03,truck,4,1,0.3195,0.2082,0,2.44
8674,31,15,2024-06-26,2024-07-16,2024-07-16,2206.57,truck,1,1,0.7779,0.2757,0,2.84
8675,28,15,2024-01-25,2024-02-09,2024-02-09,387.63,truck,2,0,0.5179,0.183,0,1.91
8676,20,4,2023-12-18,2024-01-14,2024-01-15,339.69,truck,4,0,0.5499,0.2853,1,23.6
8677,4,5,2024-07-04,2024-08-07,2024-08-07,1613.16,truck,3,1,0.4981,0.2301,0,3.1
8678,7,14,2025-01-02,2025-01-25,2025-01-26,689.69,truck,3,0,0.3439,0.2727,1,29.74
8679,46,15,2024-09-16,2024-10-08,2024-10-08,4739.14,air,1,1,0.6756,0.0911,0,1.7
8680,20,10,2025-05-18,2025-06-19,2025-06-29,7898.22,air,4,2,0.5036,0.2853,1,248.71
8681,16,11,2025-01-27,2025-03-04,2025-03-06,4193.86,ship,5,0,0.4733,0.3266,1,38.98
8682,7,17,2023-06-27,2023-07-19,2023-07-21,618.41,truck,5,1,0.1101,0.2727,1,52.43
8683,12,16,2024-05-29,2024-07-02,2024-07-05,1198.47,truck,3,0,0.6003,0.2771,1,74.32
8684,6,1,2025-07-05,2025-08-25,2025-08-28,8228.17,ship,1,1,0.5462,0.3463,1,76.23
8685,48,6,2024-07-10,2024-07-28,2024-07-28,1869.7,air,4,1,0.4164,0.5295,0,3.02
8686,40,11,2025-04-21,2025-05-12,2025-05-13,1276.2,truck,4,1,0.4673,0.1206,1,32.53
8687,36,8,2023-03-14,2023-04-04,2023-04-05,1298.62,truck,4,0,0.3499,0.0168,1,20.93
8688,17,5,2023-07-28,2023-10-05,2023-10-07,9932.12,ship,2,1,0.379,0.1135,1,46.38
8689,37,17,2023-07-09,2023-09-20,2023-09-20,15045.37,ship,1,1,0.239,0.1502,0,2.13
8690,7,19,2023-05-04,2023-06-16,2023-06-16,7469.06,ship,5,0,0.0891,0.2727,0,1.25
8691,50,10,2023-10-14,2023-11-24,2023-11-24,8380.98,ship,1,1,0.5464,0.1476,0,2.33
8692,30,19,2023-09-27,2023-10-18,2023-10-21,1818.12,truck,2,1,0.2458,0.3611,1,61.94
8693,28,10,2025-08-12,2025-08-27,2025-08-30,2127.38,air,5,1,0.4503,0.183,1,62.36
8694,38,9,2025-08-30,2025-09-18,2025-09-18,1925.93,ship,5,1,0.7325,0.1178,0,1.83
8695,8,2,2025-01-12,2025-02-23,2025-02-24,6852.91,ship,2,0,0.2261,0.1094,1,22.03
8696,12,17,2023-04-20,2023-06-05,2023-06-05,5079.92,ship,4,1,0.2975,0.2771,0,1.8
8697,24,6,2024-12-03,2025-01-15,2025-01-15,8711.61,ship,3,0,0.7171,0.0437,0,4.26
8698,28,8,2025-05-11,2025-05-30,2025-05-30,6940.98,air,1,1,0.4073,0.183,0,2.14
8699,9,19,2024-04-06,2024-04-23,2024-04-23,819.67,truck,2,1,0.2317,0.1382,0,1.18
8700,1,16,2025-04-16,2025-05-09,2025-05-09,475.21,truck,5,0,0.5504,0.2492,0,1.24
8701,31,3,2024-01-30,2024-02-22,2024-02-24,4606.73,air,5,2,0.4188,0.2757,1,41.3
8702,20,5,2024-11-15,2024-12-15,2024-12-17,1392.8,truck,3,0,0.5917,0.2853,1,37.61
8703,25,2,2024-12-26,2025-01-17,2025-01-17,897.74,truck,1,0,0.3419,0.3294,0,7.31
8704,44,12,2023-05-07,2023-05-23,2023-05-23,2210.17,ship,4,1,0.1439,0.0719,0,2.3
8705,11,4,2024-05-13,2024-05-29,2024-05-30,406.4,truck,4,2,0.481,0.163,1,21.32
8706,42,18,2024-12-27,2025-01-13,2025-01-13,896.51,truck,5,0,0.5,0.2372,0,1.36
8707,36,3,2023-10-09,2023-10-29,2023-10-29,599.17,truck,1,1,0.6258,0.0168,0,2.36
8708,33,9,2023-08-16,2023-08-28,2023-08-28,391.18,truck,3,0,0.7633,0.1674,0,1.33
8709,40,2,2025-04-05,2025-04-25,2025-04-27,513.19,truck,4,1,0.3319,0.1206,1,50.73
8710,48,17,2024-08-19,2024-09-09,2024-09-12,1098.66,truck,2,1,0.3072,0.5295,1,69.38
8711,6,9,2023-08-06,2023-09-08,2023-09-10,2559.11,ship,4,1,0.8614,0.3463,1,54.24
8712,25,8,2025-08-24,2025-11-09,2025-11-09,20000.0,ship,5,1,0.3637,0.3294,0,3.29
8713,34,16,2025-11-21,2025-11-30,2025-11-30,467.99,truck,3,1,0.4984,0.0399,0,1.87
8714,20,6,2023-04-18,2023-05-28,2023-05-28,3298.86,ship,2,0,0.6285,0.2853,0,2.24
8715,13,4,2024-07-19,2024-09-29,2024-09-29,20000.0,ship,4,1,0.5476,0.1757,0,1.81
8716,17,19,2025-03-16,2025-04-26,2025-04-28,856.16,truck,3,1,0.1471,0.1135,1,57.59
8717,18,14,2025-03-13,2025-04-18,2025-04-19,9366.28,ship,1,0,0.4907,0.0465,1,16.61
8718,30,6,2025-11-17,2025-12-05,2025-12-05,3212.63,air,4,0,0.4617,0.3611,0,1.9
8719,15,5,2025-11-15,2025-12-17,2025-12-17,3869.12,air,1,0,0.5556,0.1012,0,3.5
8720,1,5,2024-09-04,2024-10-24,2024-10-24,8882.41,ship,3,0,0.5045,0.2492,0,1.54
8721,31,20,2023-01-09,2023-01-29,2023-02-03,1318.14,truck,5,1,0.6963,0.2757,1,117.97
8722,26,18,2025-06-19,2025-07-16,2025-07-18,2849.03,ship,2,1,0.4475,0.1577,1,42.22
8723,38,20,2025-11-13,2025-11-29,2025-11-30,612.72,truck,2,1,0.2588,0.1178,1,15.53
8724,15,19,2023-12-26,2024-01-26,2024-01-26,708.9,truck,3,2,0.1856,0.1012,0,3.34
8725,21,1,2024-12-14,2024-12-30,2024-12-30,1579.26,ship,5,0,0.596,0.1211,0,2.92
8726,14,14,2023-08-06,2023-09-03,2023-09-03,1656.67,truck,5,2,0.3016,0.2082,0,1.63
8727,27,5,2025-02-16,2025-03-31,2025-03-31,7302.83,ship,2,1,0.5029,0.1179,0,2.63
8728,28,18,2024-05-31,2024-06-18,2024-06-22,4156.73,air,4,1,0.8272,0.183,1,107.74
8729,18,12,2025-07-27,2025-09-04,2025-09-06,11017.57,ship,1,1,0.4138,0.0465,1,52.23
8730,6,6,2025-04-30,2025-05-30,2025-06-01,10267.83,air,5,1,0.5741,0.3463,1,36.72
8731,34,2,2024-04-29,2024-05-11,2024-05-14,1064.27,truck,5,1,0.5141,0.0399,1,64.12
8732,18,8,2024-11-25,2024-12-20,2024-12-21,4878.57,ship,1,0,0.2772,0.0465,1,14.88
8733,37,7,2023-08-02,2023-09-02,2023-09-02,684.53,truck,5,0,0.2066,0.1502,0,1.88
8734,30,19,2024-10-27,2024-11-25,2024-11-27,5118.43,ship,1,1,0.3146,0.3611,1,52.12
8735,10,18,2024-05-06,2024-05-28,2024-05-31,338.56,truck,2,1,0.7948,0.335,1,75.49
8736,34,20,2023-08-12,2023-08-25,2023-08-25,1641.38,truck,1,0,0.6185,0.0399,0,3.12
8737,35,9,2025-11-02,2025-11-29,2025-11-30,1281.96,truck,2,0,0.729,0.4038,1,27.63
8738,18,7,2025-03-15,2025-03-29,2025-03-29,5580.02,air,5,1,0.2297,0.0465,0,2.62
8739,27,3,2024-03-12,2024-04-30,2024-04-30,10360.29,ship,2,2,0.501,0.1179,0,3.84
8740,20,1,2024-04-20,2024-06-21,2024-06-23,11463.15,ship,4,1,0.6181,0.2853,1,38.63
8741,2,18,2023-09-07,2023-09-19,2023-09-21,877.56,truck,3,1,0.4746,0.3485,1,43.51
8742,44,7,2024-06-04,2024-06-18,2024-06-18,899.2,truck,2,1,0.2633,0.0719,0,2.6
8743,42,16,2025-11-04,2025-11-29,2025-12-02,3361.13,ship,5,0,0.5444,0.2372,1,77.2
8744,31,16,2024-10-31,2024-11-15,2024-11-17,413.82,truck,3,1,0.6107,0.2757,1,50.5
8745,30,6,2024-09-08,2024-09-24,2024-09-26,659.08,truck,3,1,0.546,0.3611,1,37.69
8746,43,11,2024-03-29,2024-04-25,2024-04-25,2514.65,air,2,1,0.5019,0.1166,0,1.69
8747,11,5,2024-12-15,2025-01-01,2025-01-02,1917.81,truck,5,0,0.4597,0.163,1,26.98
8748,22,12,2023-08-20,2023-09-03,2023-09-04,1052.89,truck,4,0,0.3091,0.1904,1,23.16
8749,2,13,2025-11-07,2025-12-26,2025-12-28,13744.97,ship,4,1,0.9199,0.3485,1,42.78
8750,16,2,2025-04-01,2025-04-27,2025-04-27,389.58,truck,2,0,0.3333,0.3266,0,1.73
8751,37,20,2023-02-02,2023-03-04,2023-03-05,706.11,truck,1,1,0.7356,0.1502,1,21.96
8752,38,10,2024-03-30,2024-04-17,2024-04-17,1696.49,truck,4,1,0.3731,0.1178,0,3.34
8753,27,1,2025-06-06,2025-07-02,2025-07-03,1783.66,ship,3,0,0.7276,0.1179,1,27.49
8754,38,18,2024-12-18,2025-01-01,2025-01-01,1562.93,air,1,0,0.6471,0.1178,0,1.71
8755,42,13,2024-11-08,2024-12-14,2024-12-14,8170.45,ship,5,0,0.4864,0.2372,0,4.69
8756,48,7,2025-10-07,2025-11-16,2025-11-24,8251.46,ship,2,1,0.4809,0.5295,1,183.39
8757,38,17,2023-09-06,2023-10-21,2023-10-22,11689.24,ship,1,1,0.1725,0.1178,1,25.64
8758,20,2,2025-01-30,2025-03-02,2025-03-02,417.81,truck,1,0,0.5899,0.2853,0,3.77
8759,6,18,2024-08-04,2024-09-01,2024-09-01,2298.98,ship,2,1,0.5622,0.3463,0,2.22
8760,37,7,2024-05-10,2024-06-09,2024-06-09,705.52,truck,5,1,0.1923,0.1502,0,1.34
8761,18,12,2023-09-26,2023-10-06,2023-10-07,564.93,truck,3,1,0.2407,0.0465,1,28.74
8762,38,5,2024-09-24,2024-10-10,2024-10-13,5173.67,air,5,1,0.5724,0.1178,1,75.87
8763,30,6,2024-08-05,2024-08-24,2024-08-28,1067.68,truck,4,1,0.4447,0.3611,1,88.43
8764,13,18,2023-12-04,2023-12-19,2023-12-22,755.92,truck,2,0,0.729,0.1757,1,72.95
8765,20,18,2023-10-01,2023-10-31,2023-11-02,1273.92,truck,4,1,0.5623,0.2853,1,56.45
8766,14,15,2024-10-26,2024-11-22,2024-11-22,878.57,truck,1,0,0.4889,0.2082,0,3.59
8767,15,8,2023-01-22,2023-03-11,2023-03-13,5840.87,ship,3,0,0.398,0.1012,1,43.84
8768,1,9,2024-03-08,2024-03-31,2024-03-31,633.61,truck,1,0,0.5,0.2492,0,2.22
8769,8,7,2023-04-12,2023-05-04,2023-05-04,1097.13,truck,3,1,0.105,0.1094,0,1.4
8770,11,11,2024-11-01,2024-11-19,2024-11-24,2261.56,truck,4,1,0.396,0.163,1,123.06
8771,9,12,2024-07-07,2024-07-27,2024-07-30,1122.06,truck,4,1,0.424,0.1382,1,78.47
8772,50,4,2024-09-27,2024-10-18,2024-10-18,7178.9,air,1,1,0.4845,0.1476,0,1.25
8773,41,6,2023-02-14,2023-03-05,2023-03-06,682.48,truck,1,0,0.5062,0.5395,1,23.09
8774,39,6,2024-06-02,2024-07-05,2024-07-06,3963.73,ship,2,2,0.2545,0.2906,1,25.42
8775,50,13,2024-07-31,2024-08-23,2024-08-25,1593.12,truck,3,0,0.6082,0.1476,1,41.17
8776,2,2,2025-10-29,2025-11-17,2025-11-19,2270.38,ship,5,1,0.3366,0.3485,1,58.79
8777,47,8,2025-04-25,2025-06-11,2025-06-12,7841.34,ship,5,1,0.6143,0.1768,1,30.76
8778,31,10,2025-06-10,2025-06-30,2025-07-03,1953.55,truck,1,1,0.6506,0.2757,1,77.95
8779,22,1,2024-04-25,2024-05-21,2024-05-29,3233.68,ship,4,0,0.6261,0.1904,1,202.69
8780,8,18,2023-12-29,2024-01-20,2024-01-20,1110.86,truck,2,0,0.4642,0.1094,0,1.35
8781,29,15,2023-05-20,2023-06-16,2023-06-16,1992.82,ship,1,1,0.3474,0.223,0,2.08
8782,25,14,2023-08-29,2023-09-20,2023-09-22,1167.79,air,5,1,0.4339,0.3294,1,59.01
8783,20,10,2023-09-16,2023-11-12,2023-11-12,9420.42,ship,1,1,0.6691,0.2853,0,0.96
8784,18,5,2025-09-15,2025-09-26,2025-09-26,1746.63,air,1,1,0.5059,0.0465,0,4.11
8785,9,6,2025-04-13,2025-05-05,2025-05-06,2166.95,ship,3,0,0.6047,0.1382,1,21.64
8786,49,8,2023-06-06,2023-06-22,2023-06-22,655.21,truck,1,1,0.3552,0.0836,0,3.33
8787,28,15,2024-03-12,2024-04-30,2024-05-06,12708.25,ship,1,2,0.4209,0.183,1,133.63
8788,27,12,2023-10-18,2023-11-16,2023-11-16,2492.81,ship,5,0,0.1966,0.1179,0,2.02
8789,11,5,2025-10-25,2025-11-12,2025-11-14,1905.51,truck,5,0,0.5132,0.163,1,44.34
8790,33,9,2025-11-26,2025-12-09,2025-12-09,377.44,truck,5,0,0.834,0.1674,0,1.49
8791,47,8,2024-06-08,2024-07-06,2024-07-06,779.93,truck,1,1,0.4173,0.1768,0,2.1
8792,37,18,2024-05-21,2024-06-24,2024-06-25,1536.02,ship,4,0,0.7566,0.1502,1,18.01
8793,41,11,2025-05-09,2025-05-27,2025-06-02,1308.86,truck,4,1,0.2101,0.5395,1,148.39
8794,47,9,2025-08-22,2025-10-22,2025-10-29,13123.66,ship,4,2,0.9026,0.1768,1,163.34
8795,32,4,2024-08-29,2024-09-24,2024-09-24,2871.76,air,3,2,0.5509,0.299,0,1.88
8796,31,8,2024-09-09,2024-09-29,2024-10-02,2274.24,truck,4,1,0.5637,0.2757,1,72.94
8797,11,11,2023-08-29,2023-09-12,2023-09-14,4482.86,air,3,2,0.6557,0.163,1,39.79
8798,24,6,2024-09-12,2024-10-24,2024-10-24,7422.73,ship,4,1,0.4641,0.0437,0,2.55
8799,49,20,2023-10-29,2023-11-17,2023-11-17,1135.87,air,4,0,0.6233,0.0836,0,3.71
8800,50,7,2023-05-14,2023-07-15,2023-07-18,15527.06,ship,3,1,0.1761,0.1476,1,71.76
8801,7,17,2025-10-16,2025-11-24,2025-11-25,6552.65,ship,1,0,0.3656,0.2727,1,26.87
8802,12,18,2023-01-31,2023-03-11,2023-03-11,3276.48,truck,5,0,0.5237,0.2771,0,2.61
8803,47,18,2023-10-28,2023-11-26,2023-11-26,2886.78,air,2,1,0.5111,0.1768,0,3.35
8804,50,18,2023-08-19,2023-09-06,2023-09-06,533.84,truck,3,1,0.779,0.1476,0,2.38
8805,28,4,2023-11-24,2023-12-11,2023-12-12,308.33,truck,5,0,0.4918,0.183,1,24.95
8806,45,18,2024-12-26,2025-01-11,2025-01-11,539.22,truck,4,0,0.5541,0.1051,0,2.27
8807,13,7,2025-10-27,2025-11-13,2025-11-13,1729.15,air,2,2,0.169,0.1757,0,2.74
8808,14,3,2025-10-15,2025-11-08,2025-11-10,381.15,truck,3,2,0.4658,0.2082,1,49.36
8809,30,9,2023-10-03,2023-10-26,2023-10-28,2467.8,ship,2,1,0.5139,0.3611,1,45.36
8810,10,5,2025-07-07,2025-07-29,2025-08-08,300.36,truck,3,2,0.585,0.335,1,228.49
8811,33,9,2024-12-01,2024-12-18,2024-12-18,2054.68,truck,3,0,0.5553,0.1674,0,0.53
8812,40,14,2023-06-27,2023-07-19,2023-07-19,3345.86,air,3,2,0.4489,0.1206,0,1.19
8813,49,4,2025-06-13,2025-07-03,2025-07-09,1931.14,truck,4,1,0.4962,0.0836,1,150.92
8814,16,16,2024-07-07,2024-08-02,2024-08-04,2851.04,air,3,2,0.3109,0.3266,1,42.24
8815,16,11,2025-11-12,2025-12-05,2025-12-07,700.84,truck,5,0,0.5727,0.3266,1,59.79
8816,22,5,2025-03-31,2025-04-15,2025-04-15,353.43,truck,3,0,0.6756,0.1904,0,1.66
8817,24,6,2023-12-05,2023-12-31,2024-01-01,2197.86,ship,2,0,0.4302,0.0437,1,19.26
8818,5,6,2024-05-06,2024-06-16,2024-06-16,4336.31,ship,1,1,0.2111,0.2606,0,2.97
8819,24,20,2023-11-29,2024-01-03,2024-01-05,5398.66,ship,3,1,0.5762,0.0437,1,38.56
8820,50,3,2023-07-31,2023-08-19,2023-08-19,1118.27,truck,3,0,0.6762,0.1476,0,2.85
8821,13,7,2025-11-14,2025-12-20,2025-12-20,6603.53,ship,3,1,0.3348,0.1757,0,3.28
8822,37,2,2024-08-22,2024-11-17,2024-11-21,20000.0,ship,4,2,0.175,0.1502,1,88.58
8823,48,4,2025-10-29,2025-11-17,2025-11-17,1150.81,air,2,0,0.5895,0.5295,0,2.78
8824,30,16,2025-10-25,2025-11-14,2025-11-15,1620.57,truck,4,0,0.6929,0.3611,1,16.11
8825,20,11,2023-07-26,2023-08-28,2023-09-03,4510.99,air,5,1,0.4701,0.2853,1,137.46
8826,26,18,2024-01-14,2024-02-08,2024-02-08,9086.27,air,2,0,0.611,0.1577,0,3.2
8827,15,9,2024-01-26,2024-02-28,2024-02-29,3783.8,air,3,0,0.8587,0.1012,1,16.12
8828,24,18,2024-11-02,2024-11-29,2024-11-29,14819.02,air,5,0,0.7354,0.0437,0,1.88
8829,46,18,2025-02-12,2025-03-02,2025-03-02,1073.03,truck,2,0,0.5529,0.0911,0,2.75
8830,25,1,2024-11-09,2024-12-08,2024-12-08,2020.79,ship,2,0,0.6536,0.3294,0,1.36
8831,35,5,2024-05-19,2024-06-13,2024-06-13,909.15,truck,3,1,0.5592,0.4038,0,1.49
8832,15,14,2024-01-27,2024-03-12,2024-03-12,5320.95,ship,2,0,0.4261,0.1012,0,1.85
8833,43,9,2025-03-10,2025-04-07,2025-04-07,2303.23,air,2,0,1.0,0.1166,0,1.67
8834,33,8,2024-10-21,2024-11-03,2024-11-04,1575.38,truck,4,0,0.1996,0.1674,1,25.46
8835,34,1,2025-07-16,2025-07-31,2025-08-01,2502.34,truck,4,2,0.711,0.0399,1,32.08
8836,43,16,2025-06-03,2025-07-03,2025-07-04,1913.39,truck,1,1,0.7874,0.1166,1,12.14
8837,47,1,2024-01-03,2024-02-02,2024-02-03,1836.33,truck,5,0,0.7264,0.1768,1,35.72
8838,12,14,2023-11-12,2023-12-14,2023-12-15,351.99,truck,1,0,0.3515,0.2771,1,14.57
8839,24,16,2025-11-02,2025-11-25,2025-11-25,1865.53,truck,4,0,0.6103,0.0437,0,4.13
8840,13,14,2024-05-28,2024-06-13,2024-06-18,1242.17,truck,4,1,0.3746,0.1757,1,111.4
8841,35,11,2025-08-24,2025-09-17,2025-09-18,778.87,truck,1,0,0.4495,0.4038,1,27.91
8842,17,3,2023-04-23,2023-07-26,2023-07-30,17912.86,ship,1,1,0.5072,0.1135,1,106.29
8843,41,19,2023-06-16,2023-07-05,2023-07-05,1689.2,truck,5,0,0.3173,0.5395,1,7.37
8844,47,19,2025-01-23,2025-03-23,2025-03-23,11908.9,ship,3,2,0.2763,0.1768,0,2.1
8845,17,9,2025-01-09,2025-02-22,2025-02-22,4775.21,air,3,0,0.4621,0.1135,0,2.82
8846,34,18,2023-10-27,2023-11-07,2023-11-07,994.45,truck,3,1,0.5528,0.0399,0,1.43
8847,18,6,2023-08-28,2023-09-10,2023-09-14,1133.19,truck,2,0,0.4869,0.0465,1,94.37
8848,24,8,2024-08-21,2024-09-10,2024-09-10,1404.72,air,3,1,0.6527,0.0437,0,2.11
8849,7,16,2024-05-07,2024-06-21,2024-06-21,8684.07,ship,2,1,0.8249,0.2727,0,1.0
8850,21,4,2024-04-04,2024-04-15,2024-04-15,575.83,truck,3,0,0.4955,0.1211,0,1.59
8851,5,15,2023-10-15,2023-11-09,2023-11-09,663.19,truck,3,0,0.573,0.2606,0,1.25
8852,7,2,2025-02-28,2025-03-25,2025-03-30,1995.91,truck,2,1,0.4575,0.2727,1,110.34
8853,37,2,2025-08-01,2025-08-30,2025-09-03,633.66,truck,2,2,0.5441,0.1502,1,102.37
8854,38,18,2023-10-27,2023-11-28,2023-11-28,6565.75,ship,4,1,0.5528,0.1178,0,4.84
8855,50,4,2024-11-30,2024-12-19,2024-12-19,2727.08,air,2,0,0.6131,0.1476,0,2.91
8856,38,10,2025-09-26,2025-10-11,2025-10-11,1419.76,air,2,1,0.4226,0.1178,0,1.89
8857,18,16,2025-08-27,2025-09-07,2025-09-11,674.46,truck,4,1,0.5584,0.0465,1,92.91
8858,15,10,2025-01-18,2025-03-03,2025-03-06,4949.78,ship,3,1,0.4835,0.1012,1,68.76
8859,22,7,2024-03-13,2024-04-01,2024-04-01,7244.46,air,5,2,0.1362,0.1904,1,10.7
8860,46,11,2024-12-10,2025-01-31,2025-01-31,11228.36,ship,1,0,0.4039,0.0911,0,2.07
8861,33,13,2025-10-19,2025-11-04,2025-11-05,1587.19,truck,1,0,0.491,0.1674,1,27.78
8862,29,2,2024-04-10,2024-05-11,2024-05-17,3387.34,ship,1,2,0.4726,0.223,1,144.69
8863,26,2,2025-08-27,2025-09-18,2025-09-18,498.86,truck,5,1,0.454,0.1577,0,1.11
8864,42,13,2023-04-22,2023-05-10,2023-05-10,1710.74,ship,1,0,0.5144,0.2372,0,2.58
8865,38,11,2024-05-11,2024-05-24,2024-05-24,379.3,truck,1,0,0.3316,0.1178,0,2.02
8866,46,16,2023-07-05,2023-07-25,2023-07-25,943.44,truck,3,1,0.5772,0.0911,0,1.45
8867,46,1,2025-01-02,2025-01-31,2025-02-03,3638.56,ship,5,0,0.6722,0.0911,1,69.59
8868,38,5,2023-10-23,2023-11-06,2023-11-06,331.12,truck,3,1,0.6922,0.1178,0,1.47
8869,17,4,2025-04-13,2025-05-24,2025-05-25,5614.48,air,3,0,0.6122,0.1135,1,33.68
8870,46,18,2023-03-08,2023-03-30,2023-03-30,2349.22,ship,1,0,0.6004,0.0911,0,1.07
8871,41,18,2024-05-30,2024-06-27,2024-07-01,4021.8,ship,3,1,0.794,0.5395,1,93.61
8872,22,3,2024-11-16,2025-01-28,2025-01-30,20000.0,ship,5,1,0.4946,0.1904,1,36.96
8873,23,15,2024-12-25,2025-01-22,2025-01-22,1121.18,truck,5,0,0.6795,0.2281,0,2.78
8874,42,20,2023-02-13,2023-03-06,2023-03-10,12059.87,air,3,1,0.3757,0.2372,1,84.54
8875,46,5,2024-02-08,2024-03-05,2024-03-05,2652.61,ship,3,0,0.4812,0.0911,1,9.74
8876,40,5,2024-04-19,2024-05-11,2024-05-11,5607.03,air,4,0,0.6137,0.1206,0,3.0
8877,9,7,2023-12-31,2024-01-29,2024-02-01,4037.91,ship,5,1,0.2762,0.1382,1,73.32
8878,40,5,2025-06-10,2025-08-17,2025-08-20,16597.49,ship,3,2,0.4665,0.1206,1,66.35
8879,38,2,2024-04-26,2024-05-13,2024-05-13,4387.71,air,1,1,0.5214,0.1178,0,2.73
8880,5,16,2023-05-20,2023-06-17,2023-06-21,446.98,truck,1,1,0.4511,0.2606,1,91.28
8881,12,17,2024-05-02,2024-06-04,2024-06-04,8665.5,air,1,1,0.3287,0.2771,0,2.1
8882,31,19,2025-08-10,2025-08-28,2025-08-28,544.55,truck,4,0,0.2354,0.2757,0,6.52
8883,10,16,2024-07-09,2024-07-31,2024-08-01,807.35,truck,3,1,0.3431,0.335,1,21.23
8884,3,20,2024-02-29,2024-04-04,2024-04-15,3051.92,ship,2,2,0.5766,0.2878,1,269.24
8885,17,6,2025-01-25,2025-03-10,2025-03-10,1197.18,truck,2,0,0.49,0.1135,0,1.21
8886,18,10,2024-11-24,2024-12-04,2024-12-04,1810.64,air,2,0,0.5667,0.0465,0,2.29
8887,34,11,2023-12-31,2024-01-11,2024-01-11,1480.04,truck,5,0,0.332,0.0399,0,2.71
8888,9,7,2024-10-08,2024-11-18,2024-11-19,8093.45,ship,5,0,0.3338,0.1382,1,29.68
8889,23,6,2023-04-17,2023-05-14,2023-05-18,1313.67,truck,5,0,0.6534,0.2281,1,84.82
8890,19,19,2024-02-15,2024-03-05,2024-03-05,1264.3,truck,4,1,0.2752,0.2562,0,2.34
8891,18,12,2023-12-22,2024-01-02,2024-01-02,882.31,truck,5,0,0.3705,0.0465,0,1.93
8892,31,20,2024-04-08,2024-05-06,2024-05-07,3676.66,ship,3,0,0.2943,0.2757,1,14.28
8893,9,16,2025-11-19,2025-12-12,2025-12-12,11667.36,air,2,1,0.4925,0.1382,0,1.34
8894,17,8,2023-06-22,2023-08-06,2023-08-06,2304.69,ship,1,1,0.2198,0.1135,0,2.26
8895,44,1,2023-11-10,2023-11-22,2023-11-26,609.98,truck,4,0,0.772,0.0719,1,105.76
8896,22,18,2025-11-09,2025-12-03,2025-12-06,3522.89,ship,1,1,0.4651,0.1904,1,74.19
8897,47,3,2025-07-05,2025-07-31,2025-07-31,1191.92,truck,3,0,0.5611,0.1768,0,1.71
8898,17,11,2023-09-24,2023-11-04,2023-11-04,472.85,truck,3,0,0.6441,0.1135,0,2.22
8899,42,16,2023-11-10,2023-11-30,2023-11-30,3099.12,truck,3,0,0.5065,0.2372,0,2.32
8900,6,20,2024-03-06,2024-04-04,2024-04-04,1128.74,truck,2,0,0.7328,0.3463,0,2.26
8901,28,16,2024-11-02,2024-11-22,2024-11-23,3408.91,air,2,1,0.4929,0.183,1,29.89
8902,44,19,2023-05-19,2023-06-21,2023-06-22,7655.24,ship,4,0,0.1259,0.0719,1,32.4
8903,22,5,2023-04-05,2023-04-24,2023-04-25,1183.52,truck,4,0,0.5292,0.1904,1,30.92
8904,29,19,2023-03-21,2023-04-11,2023-04-13,496.79,truck,1,1,0.2707,0.223,1,42.69
8905,32,4,2025-08-24,2025-10-23,2025-10-23,11697.39,ship,3,2,0.5696,0.299,0,1.9
8906,2,18,2023-01-25,2023-02-06,2023-02-06,1220.79,truck,2,0,0.5888,0.3485,0,1.65
8907,38,10,2025-09-09,2025-09-28,2025-09-28,6780.04,air,4,1,0.4915,0.1178,0,2.9
8908,40,13,2024-03-15,2024-04-25,2024-04-28,7113.49,ship,4,1,0.3819,0.1206,1,83.1
8909,27,7,2024-01-24,2024-02-14,2024-02-14,661.01,truck,3,1,0.3719,0.1179,0,1.27
8910,36,7,2023-02-04,2023-02-27,2023-02-27,1871.46,truck,5,1,0.2377,0.0168,0,1.55
8911,19,2,2023-01-05,2023-02-13,2023-02-13,8456.12,ship,3,0,0.3594,0.2562,0,4.26
8912,21,4,2024-05-24,2024-06-10,2024-06-10,12843.29,air,1,1,0.4481,0.1211,0,1.74
8913,13,15,2024-09-06,2024-10-09,2024-10-11,5036.29,ship,1,1,0.3182,0.1757,1,51.9
8914,24,20,2024-12-13,2025-01-06,2025-01-08,2322.09,truck,5,2,0.5713,0.0437,1,59.28
8915,23,20,2025-07-21,2025-08-18,2025-08-18,11531.53,air,4,0,0.5481,0.2281,0,3.93
8916,28,5,2023-10-10,2023-11-22,2023-11-30,9543.22,ship,4,0,0.4651,0.183,1,195.02
8917,40,7,2023-12-29,2024-01-19,2024-01-22,1044.64,truck,5,1,0.3353,0.1206,1,79.12
8918,3,12,2023-03-19,2023-04-10,2023-04-10,1067.21,truck,4,0,0.2255,0.2878,0,1.94
8919,44,13,2024-02-13,2024-02-27,2024-02-27,5217.32,air,4,1,0.1635,0.0719,0,1.45
8920,11,17,2024-08-27,2024-09-11,2024-09-11,362.59,truck,1,1,0.2993,0.163,0,0.99
8921,28,15,2025-11-09,2025-12-03,2025-12-03,3513.47,ship,2,0,0.1675,0.183,0,1.43
8922,4,16,2025-03-06,2025-04-07,2025-04-08,1143.14,truck,3,0,0.5034,0.2301,1,33.97
8923,39,14,2024-04-05,2024-04-23,2024-04-24,331.14,truck,4,0,0.293,0.2906,1,18.59
8924,26,9,2024-08-21,2024-09-12,2024-09-15,1029.11,truck,4,0,0.7018,0.1577,1,64.96
8925,44,2,2025-03-23,2025-06-03,2025-06-03,20000.0,ship,5,0,0.2543,0.0719,0,1.92
8926,6,16,2023-02-16,2023-04-15,2023-04-15,11184.96,ship,1,0,0.6894,0.3463,0,3.18
8927,47,2,2023-06-04,2023-07-03,2023-07-03,1999.15,truck,1,1,0.0,0.1768,0,1.14
8928,6,17,2025-06-05,2025-07-05,2025-07-09,1593.7,ship,4,3,0.3773,0.3463,1,85.51
8929,38,10,2025-03-10,2025-04-03,2025-04-03,3841.75,ship,1,1,0.4825,0.1178,0,2.8
8930,26,17,2024-02-26,2024-03-21,2024-03-21,1289.01,truck,5,0,0.3224,0.1577,0,1.22
8931,34,11,2025-11-15,2025-11-28,2025-11-28,7813.84,air,3,0,0.3653,0.0399,0,1.44
8932,16,1,2023-03-18,2023-04-18,2023-04-22,2136.24,ship,4,0,0.5936,0.3266,1,85.34
8933,36,11,2023-11-17,2023-12-09,2023-12-09,1838.67,air,3,0,0.4807,0.0168,0,1.48
8934,4,19,2025-05-13,2025-06-15,2025-06-16,514.0,truck,2,0,0.1872,0.2301,1,14.05
8935,16,5,2023-01-28,2023-03-12,2023-03-12,7086.07,ship,1,0,0.5447,0.3266,0,2.12
8936,30,13,2025-08-06,2025-09-29,2025-09-29,13508.36,ship,4,1,0.5537,0.3611,0,1.55
8937,34,7,2024-02-03,2024-02-13,2024-02-13,982.92,truck,4,1,0.3143,0.0399,0,1.68
8938,39,7,2024-12-10,2024-12-31,2025-01-07,580.11,truck,3,3,0.4646,0.2906,1,164.96
8939,42,1,2024-08-29,2024-10-05,2024-10-07,7774.85,ship,2,0,0.5449,0.2372,1,54.48
8940,40,8,2025-11-07,2025-12-23,2025-12-23,8891.46,ship,3,0,0.4867,0.1206,0,1.22
8941,35,4,2024-12-09,2025-01-06,2025-01-06,11107.29,air,2,0,0.6405,0.4038,0,2.68
8942,10,5,2024-04-20,2024-05-16,2024-05-16,1265.67,truck,1,0,0.5605,0.335,0,2.27
8943,35,10,2024-11-01,2024-12-05,2024-12-08,3225.64,ship,5,1,0.5275,0.4038,1,71.11
8944,5,1,2025-09-14,2025-10-09,2025-10-09,542.21,truck,3,1,0.6692,0.2606,0,1.68
8945,1,17,2024-03-04,2024-03-29,2024-03-29,8645.27,air,2,0,0.5068,0.2492,0,2.2
8946,7,12,2023-08-06,2023-08-27,2023-08-31,831.29,truck,5,1,0.3909,0.2727,1,106.3
8947,30,7,2024-10-17,2024-11-05,2024-11-08,368.37,truck,3,1,0.4192,0.3611,1,78.47
8948,39,12,2024-11-23,2024-12-11,2024-12-11,1060.76,truck,1,0,0.3278,0.2906,0,3.7
8949,45,10,2024-11-20,2024-12-07,2024-12-07,1582.81,truck,1,0,0.6027,0.1051,0,2.85
8950,22,14,2024-01-03,2024-01-19,2024-01-19,590.93,truck,5,0,0.4848,0.1904,0,1.79
8951,45,16,2023-01-12,2023-01-26,2023-01-26,530.96,truck,1,0,0.8705,0.1051,0,1.28
8952,23,13,2023-01-07,2023-02-01,2023-02-09,490.1,truck,2,2,0.5643,0.2281,1,201.96
8953,18,9,2025-05-08,2025-05-25,2025-05-25,1707.05,truck,4,1,0.6575,0.0465,0,1.48
8954,37,17,2024-04-08,2024-05-07,2024-05-07,898.13,truck,2,1,0.4093,0.1502,0,1.05
8955,9,9,2025-03-05,2025-04-13,2025-04-15,7241.92,ship,5,0,0.8764,0.1382,1,40.82
8956,29,5,2024-05-04,2024-05-24,2024-05-24,1532.44,truck,5,0,0.6054,0.223,0,1.29
8957,45,8,2025-08-04,2025-08-14,2025-08-14,1419.88,air,3,1,0.635,0.1051,0,2.18
8958,10,14,2023-01-02,2023-03-19,2023-03-19,19465.74,ship,3,0,0.5066,0.335,0,2.64
8959,41,12,2023-12-13,2024-01-26,2024-01-28,10141.11,ship,5,0,0.3051,0.5395,1,45.1
8960,44,18,2025-06-09,2025-06-30,2025-07-01,2766.1,ship,5,2,0.4111,0.0719,1,20.1
8961,6,10,2023-04-29,2023-05-26,2023-05-26,2073.58,air,3,1,0.5555,0.3463,0,3.93
8962,16,17,2024-12-01,2025-01-28,2025-01-29,12216.56,ship,3,0,0.177,0.3266,1,25.65
8963,4,11,2025-09-25,2025-11-04,2025-11-04,3002.07,ship,1,0,0.5802,0.2301,0,1.34
8964,11,11,2023-01-03,2023-01-28,2023-01-30,3738.04,ship,3,0,0.4134,0.163,1,53.85
8965,5,10,2024-10-24,2024-11-21,2024-11-23,454.0,truck,1,1,0.448,0.2606,1,37.41
8966,42,18,2023-03-15,2023-05-03,2023-05-03,11602.02,ship,2,0,0.6697,0.2372,0,1.77
8967,11,14,2023-06-30,2023-07-17,2023-07-17,4851.48,air,2,2,0.545,0.163,0,2.2
8968,39,7,2023-01-20,2023-02-09,2023-02-09,4342.04,air,1,1,0.3047,0.2906,0,3.61
8969,37,16,2024-01-04,2024-03-29,2024-04-04,20000.0,ship,2,0,0.5993,0.1502,1,141.75
8970,15,13,2023-05-22,2023-06-21,2023-06-21,3020.03,air,4,0,0.5016,0.1012,0,3.03
8971,4,4,2025-11-10,2025-12-16,2025-12-16,1875.51,truck,1,0,0.8076,0.2301,0,2.71
8972,35,18,2023-07-15,2023-09-14,2023-09-14,12246.8,ship,2,2,0.538,0.4038,0,3.7
8973,23,13,2024-06-05,2024-06-28,2024-06-28,539.99,truck,3,0,0.4033,0.2281,0,2.58
8974,31,19,2023-10-21,2023-11-08,2023-11-11,1074.65,truck,4,1,0.1049,0.2757,1,73.57
8975,18,19,2025-09-11,2025-09-26,2025-09-26,2756.11,truck,5,0,0.4687,0.0465,0,2.61
8976,3,3,2023-11-15,2023-12-25,2023-12-28,5494.48,ship,5,0,0.5523,0.2878,1,61.87
8977,29,1,2024-06-12,2024-07-02,2024-07-04,431.64,truck,5,1,0.8224,0.223,1,57.21
8978,21,3,2024-05-22,2024-06-03,2024-06-03,381.16,truck,2,0,0.3503,0.1211,0,2.73
8979,17,6,2023-01-05,2023-03-06,2023-03-06,6566.8,ship,2,0,0.4922,0.1135,0,2.0
8980,22,11,2024-06-01,2024-06-29,2024-06-30,4851.14,ship,2,2,0.4038,0.1904,1,20.03
8981,43,12,2024-06-08,2024-07-01,2024-07-01,371.8,truck,4,2,0.367,0.1166,1,10.44
8982,27,9,2025-09-21,2025-10-14,2025-10-15,393.05,truck,5,1,0.7287,0.1179,1,19.3
8983,38,8,2025-03-11,2025-03-28,2025-03-28,2858.54,air,2,0,0.3634,0.1178,0,1.66
8984,33,7,2023-06-13,2023-06-26,2023-06-26,1219.45,truck,3,0,0.101,0.1674,0,2.17
8985,34,4,2024-05-11,2024-05-19,2024-05-19,2131.8,air,2,1,0.4157,0.0399,0,2.09
8986,9,8,2025-04-05,2025-04-25,2025-04-27,531.67,truck,5,1,0.3265,0.1382,1,57.73
8987,22,10,2025-08-22,2025-09-25,2025-09-25,7875.95,ship,2,2,0.3476,0.1904,0,2.0
8988,25,8,2024-10-15,2024-11-08,2024-11-12,513.68,truck,4,0,0.4037,0.3294,1,89.3
8989,24,3,2025-04-29,2025-05-21,2025-05-21,1253.81,truck,1,0,0.3721,0.0437,0,2.35
8990,6,14,2024-09-25,2024-10-24,2024-10-24,1254.48,truck,1,1,0.4422,0.3463,0,2.21
8991,2,5,2025-01-16,2025-01-29,2025-02-01,1330.83,truck,4,0,0.7571,0.3485,1,61.72
8992,29,13,2025-09-28,2025-10-22,2025-10-22,1856.87,ship,1,0,0.1568,0.223,0,2.61
8993,38,2,2024-12-24,2025-01-14,2025-01-14,1699.71,ship,4,0,0.2615,0.1178,0,2.05
8994,26,8,2025-11-14,2025-12-03,2025-12-03,336.63,truck,4,0,0.5995,0.1577,0,4.35
8995,20,13,2025-08-12,2025-09-12,2025-09-17,2559.19,truck,5,0,0.4108,0.2853,1,130.41
8996,14,18,2025-06-27,2025-07-24,2025-07-24,4619.05,air,5,1,0.4479,0.2082,0,2.79
8997,7,7,2023-10-23,2023-11-12,2023-11-12,1214.74,air,5,1,0.3054,0.2727,0,2.21
8998,24,8,2024-09-19,2024-10-20,2024-10-21,4139.88,ship,1,1,0.6595,0.0437,1,34.89
8999,33,8,2025-04-20,2025-05-03,2025-05-03,324.52,truck,5,0,0.4637,0.1674,0,1.36
9000,38,1,2023-11-06,2023-12-18,2023-12-19,9967.7,ship,1,0,0.6918,0.1178,1,22.94
9001,28,4,2024-03-15,2024-03-29,2024-03-31,625.27,truck,5,1,0.6385,0.183,1,49.24
9002,17,3,2025-07-12,2025-08-26,2025-08-26,2763.43,truck,2,0,0.6609,0.1135,0,1.39
9003,17,3,2025-01-30,2025-03-17,2025-03-17,2824.73,truck,5,1,0.8084,0.1135,0,0.93
9004,17,2,2023-06-22,2023-09-17,2023-10-08,16656.76,ship,2,1,0.4378,0.1135,1,500.0
9005,38,20,2023-07-18,2023-08-19,2023-08-22,5480.98,ship,2,0,0.7001,0.1178,1,63.62
9006,33,10,2023-12-22,2024-01-10,2024-01-10,12644.5,air,2,0,0.3585,0.1674,0,1.7
9007,39,13,2023-08-06,2023-09-07,2023-09-08,4201.51,ship,1,1,0.3601,0.2906,1,27.22
9008,12,8,2025-08-17,2025-09-22,2025-09-24,1453.32,truck,2,1,0.6006,0.2771,1,42.57
9009,11,12,2024-01-02,2024-01-20,2024-01-20,2830.7,truck,2,0,0.3551,0.163,0,3.51
9010,29,4,2023-01-18,2023-03-27,2023-03-31,17747.99,ship,1,1,0.5805,0.223,1,103.54
9011,49,20,2024-06-12,2024-07-01,2024-07-01,952.61,truck,1,0,0.4194,0.0836,0,1.48
9012,3,13,2023-05-12,2023-06-08,2023-06-08,524.53,truck,2,0,0.5607,0.2878,0,1.33
9013,16,16,2024-01-09,2024-02-06,2024-02-06,774.8,truck,5,0,0.7642,0.3266,0,3.11
9014,37,9,2023-08-29,2023-10-02,2023-10-02,9183.45,air,3,2,0.759,0.1502,0,1.87
9015,39,2,2025-01-12,2025-01-30,2025-01-31,481.75,truck,3,0,0.2261,0.2906,1,27.1
9016,48,12,2025-10-29,2025-11-30,2025-12-03,5231.24,ship,5,0,0.3762,0.5295,1,62.48
9017,32,5,2024-12-07,2025-01-19,2025-01-25,6895.1,ship,1,1,0.3697,0.299,1,142.76
9018,14,2,2024-11-20,2025-01-29,2025-01-29,15916.86,ship,3,0,0.4636,0.2082,0,2.2
9019,9,19,2024-11-18,2024-12-07,2024-12-11,1729.46,truck,3,1,0.22,0.1382,1,92.43
9020,26,2,2024-12-08,2025-01-01,2025-01-02,2004.95,truck,5,0,0.299,0.1577,1,35.67
9021,49,4,2024-09-30,2024-10-21,2024-10-21,1446.65,truck,2,1,0.4339,0.0836,0,4.09
9022,5,16,2025-06-01,2025-06-26,2025-06-26,351.58,truck,3,0,0.6875,0.2606,1,8.28
9023,36,14,2025-03-24,2025-04-15,2025-04-15,1004.74,air,1,1,0.2647,0.0168,0,2.49
9024,6,20,2025-09-08,2025-10-04,2025-10-05,318.07,truck,4,0,0.7102,0.3463,1,28.1
9025,34,4,2025-08-26,2025-09-04,2025-09-04,858.63,truck,5,1,0.6118,0.0399,0,3.46
9026,23,13,2024-04-26,2024-05-22,2024-05-24,1331.75,truck,5,1,0.3314,0.2281,1,58.84
9027,37,9,2023-01-28,2023-03-18,2023-03-18,6671.46,ship,5,0,0.5337,0.1502,0,4.58
9028,9,6,2023-11-19,2023-12-11,2023-12-11,7471.41,air,1,0,0.4303,0.1382,0,2.24
9029,36,12,2024-04-18,2024-05-14,2024-05-15,2864.49,truck,4,1,0.0682,0.0168,1,18.04
9030,42,7,2023-01-21,2023-02-11,2023-02-13,3327.42,ship,3,1,0.1743,0.2372,1,49.24
9031,37,18,2023-08-03,2023-09-02,2023-09-04,587.82,truck,5,1,0.5875,0.1502,1,37.28
9032,50,2,2023-08-19,2023-10-18,2023-10-20,14870.08,ship,2,1,0.4933,0.1476,1,55.39
9033,3,14,2024-08-31,2024-09-26,2024-09-26,1800.21,truck,1,1,0.3505,0.2878,0,6.73
9034,37,20,2023-02-07,2023-03-06,2023-03-12,461.74,truck,5,1,0.5091,0.1502,1,134.58
9035,38,1,2023-02-20,2023-03-07,2023-03-07,1172.0,truck,1,0,0.5828,0.1178,0,1.66
9036,37,18,2025-05-12,2025-06-10,2025-06-21,329.23,truck,5,1,0.7294,0.1502,1,263.25
9037,32,1,2024-02-18,2024-03-23,2024-03-23,20000.0,air,5,0,0.3644,0.299,0,3.67
9038,43,13,2023-04-12,2023-05-27,2023-05-27,7638.0,ship,3,0,0.5647,0.1166,0,2.13
9039,7,17,2024-03-17,2024-04-09,2024-04-23,1783.21,truck,4,1,0.2592,0.2727,1,335.97
9040,16,1,2025-09-16,2025-10-12,2025-10-14,1067.3,truck,3,0,0.6409,0.3266,1,54.59
9041,44,3,2025-07-08,2025-07-25,2025-07-25,4822.51,air,1,0,0.6771,0.0719,0,4.32
9042,48,4,2024-05-15,2024-05-31,2024-05-31,3197.89,air,2,1,0.5077,0.5295,0,2.21
9043,16,17,2025-02-01,2025-02-27,2025-02-28,474.56,truck,5,1,0.2214,0.3266,1,25.82
9044,5,2,2023-11-28,2023-12-24,2023-12-24,600.61,truck,3,0,0.193,0.2606,0,2.81
9045,1,16,2023-02-18,2023-03-13,2023-03-15,813.55,truck,4,0,0.7125,0.2492,1,48.18
9046,30,15,2023-08-13,2023-09-15,2023-09-15,5004.15,ship,4,1,0.4569,0.3611,0,2.03
9047,41,12,2023-01-21,2023-02-09,2023-02-09,695.39,truck,2,0,0.3359,0.5395,0,2.84
9048,23,18,2025-08-24,2025-09-17,2025-09-17,492.39,truck,3,1,0.5917,0.2281,0,2.39
9049,13,11,2024-12-24,2025-01-09,2025-01-11,873.01,truck,4,0,0.384,0.1757,1,46.08
9050,17,11,2023-12-15,2024-01-25,2024-01-25,2022.17,air,5,0,0.4237,0.1135,0,2.33
9051,25,1,2024-09-02,2024-10-29,2024-11-03,11987.36,ship,5,1,0.6191,0.3294,1,122.83
9052,42,14,2023-04-23,2023-05-30,2023-06-06,8394.13,ship,2,1,0.285,0.2372,1,176.64
9053,33,3,2025-01-04,2025-01-18,2025-01-18,1061.3,truck,5,1,0.6077,0.1674,0,2.7
9054,8,16,2023-03-28,2023-04-21,2023-04-22,1591.4,truck,1,0,0.6215,0.1094,1,12.97
9055,13,12,2025-05-30,2025-06-17,2025-06-17,5972.96,air,4,1,0.1097,0.1757,0,1.18
9056,2,7,2024-11-24,2024-12-08,2024-12-09,9169.38,air,5,2,0.1199,0.3485,1,19.74
9057,32,14,2024-09-28,2024-10-27,2024-10-27,831.22,truck,1,0,0.2823,0.299,0,1.27
9058,30,20,2025-01-30,2025-02-17,2025-02-20,401.67,truck,2,1,0.578,0.3611,1,61.79
9059,34,9,2025-11-30,2025-12-14,2025-12-14,1914.1,ship,3,0,0.7404,0.0399,0,1.94
9060,46,10,2023-02-22,2023-03-24,2023-03-28,2447.81,ship,4,0,0.4623,0.0911,1,90.34
9061,8,17,2023-09-19,2023-10-16,2023-10-18,2122.35,truck,5,1,0.2623,0.1094,1,36.1
9062,39,17,2025-02-01,2025-03-13,2025-03-13,7243.1,ship,1,1,0.2214,0.2906,0,1.34
9063,7,6,2023-02-23,2023-04-19,2023-04-23,11733.27,ship,3,0,0.5592,0.2727,1,102.1
9064,40,1,2024-08-13,2024-09-05,2024-09-07,5041.12,air,4,1,0.757,0.1206,1,39.34
9065,47,19,2023-12-17,2024-01-19,2024-01-19,1747.25,ship,2,2,0.0946,0.1768,0,4.3
9066,30,3,2024-10-24,2024-11-13,2024-11-14,706.91,truck,1,0,0.7293,0.3611,1,33.44
9067,37,19,2023-12-23,2024-01-25,2024-01-25,9102.3,air,3,1,0.0622,0.1502,0,1.83
9068,30,5,2023-12-13,2023-12-29,2024-01-02,5220.03,air,1,0,0.4578,0.3611,1,91.44
9069,46,4,2024-05-17,2024-06-06,2024-06-06,1574.15,truck,1,1,0.5226,0.0911,0,1.33
9070,38,4,2024-12-05,2024-12-21,2024-12-21,836.21,truck,1,0,0.6091,0.1178,0,1.31
9071,6,9,2023-05-08,2023-06-09,2023-06-13,3268.47,truck,1,1,0.7201,0.3463,1,103.61
9072,45,20,2023-07-23,2023-09-15,2023-09-16,14131.02,ship,3,0,0.5953,0.1051,1,30.62
9073,15,1,2023-04-21,2023-05-22,2023-05-22,698.39,truck,5,1,0.6061,0.1012,0,1.66
9074,6,14,2023-08-23,2023-09-22,2023-09-23,1225.9,truck,1,2,0.3615,0.3463,1,19.47
9075,34,19,2024-04-15,2024-04-30,2024-04-30,13858.29,air,3,0,0.2252,0.0399,0,3.18
9076,10,13,2024-06-27,2024-07-22,2024-07-22,626.84,truck,5,0,0.538,0.335,0,5.06
9077,7,12,2023-08-28,2023-09-21,2023-09-21,6852.23,air,4,2,0.3809,0.2727,0,3.58
9078,34,11,2025-02-11,2025-02-26,2025-02-26,2748.94,truck,3,0,0.4177,0.0399,0,1.42
9079,4,9,2025-02-27,2025-04-24,2025-04-25,8423.33,ship,2,0,0.9199,0.2301,1,17.14
9080,50,19,2023-06-19,2023-08-16,2023-08-16,14248.52,ship,1,0,0.3542,0.1476,0,3.47
9081,37,15,2025-09-23,2025-10-25,2025-11-03,849.82,truck,1,2,0.779,0.1502,1,217.37
9082,44,10,2025-01-07,2025-02-07,2025-02-07,7106.21,ship,3,0,0.4957,0.0719,0,1.3
9083,29,5,2023-06-02,2023-06-22,2023-06-24,630.05,truck,1,1,0.4764,0.223,1,37.29
9084,41,10,2024-08-28,2024-10-07,2024-10-07,8678.28,ship,3,1,0.3465,0.5395,0,1.77
9085,31,8,2025-02-04,2025-03-05,2025-03-05,4811.79,ship,1,0,0.3912,0.2757,0,2.09
9086,16,1,2023-07-06,2023-08-02,2023-08-06,1040.8,truck,5,1,0.6484,0.3266,1,89.9
9087,24,10,2023-03-05,2023-03-27,2023-03-30,698.21,truck,1,1,0.4818,0.0437,1,61.14
9088,25,16,2025-06-12,2025-07-04,2025-07-04,468.39,truck,2,1,0.772,0.3294,0,1.93
9089,43,20,2023-11-12,2024-02-03,2024-02-05,20000.0,ship,2,1,0.5729,0.1166,1,56.87
9090,24,16,2023-09-03,2023-11-15,2023-11-16,18835.37,ship,1,1,0.5973,0.0437,1,30.17
9091,42,17,2023-09-22,2023-10-07,2023-10-07,394.1,truck,1,0,0.1984,0.2372,0,2.51
9092,32,1,2024-05-28,2024-06-27,2024-06-30,1430.94,truck,4,2,0.6904,0.299,1,82.58
9093,14,19,2024-05-09,2024-06-07,2024-06-07,555.29,truck,2,1,0.3065,0.2082,0,1.19
9094,22,11,2024-07-22,2024-08-06,2024-08-06,1161.44,truck,5,1,0.1384,0.1904,0,2.81
9095,17,11,2023-07-12,2023-08-25,2023-09-03,1443.21,truck,3,2,0.393,0.1135,1,227.54
9096,30,15,2023-11-24,2023-12-10,2023-12-11,905.61,truck,4,1,0.3838,0.3611,1,14.66
9097,41,3,2023-11-06,2023-12-21,2023-12-22,9865.52,ship,2,1,0.4317,0.5395,1,13.49
9098,45,4,2025-08-01,2025-08-16,2025-08-17,571.97,truck,5,2,0.4061,0.1051,1,13.74
9099,28,17,2024-11-29,2024-12-16,2024-12-16,1093.35,truck,3,0,0.1419,0.183,0,2.4
9100,22,18,2023-02-10,2023-02-22,2023-02-24,847.16,truck,1,0,0.521,0.1904,1,46.13
9101,40,4,2024-11-23,2025-01-16,2025-01-16,12153.84,ship,1,0,0.7334,0.1206,0,0.84
9102,3,8,2023-07-04,2023-08-01,2023-08-01,844.18,truck,2,1,0.6545,0.2878,0,3.01
9103,18,17,2023-04-20,2023-05-05,2023-05-06,2127.35,truck,1,1,0.2975,0.0465,1,30.68
9104,14,16,2025-09-25,2025-11-06,2025-11-06,5874.2,ship,4,0,0.5428,0.2082,0,0.87
9105,6,1,2023-04-26,2023-07-01,2023-07-06,13548.09,ship,5,0,0.8143,0.3463,1,110.03
9106,36,12,2025-03-28,2025-04-19,2025-04-22,672.44,truck,1,1,0.4082,0.0168,1,60.9
9107,20,11,2023-02-17,2023-03-22,2023-03-22,2589.12,truck,2,1,0.4662,0.2853,0,1.3
9108,45,12,2024-05-21,2024-06-04,2024-06-04,3759.39,air,1,1,0.3097,0.1051,0,1.28
9109,29,15,2023-01-28,2023-02-22,2023-02-22,1440.07,air,2,0,0.4125,0.223,0,1.24
9110,17,6,2024-12-25,2025-02-06,2025-02-10,1090.65,truck,5,1,0.3504,0.1135,1,84.84
9111,34,10,2023-09-25,2023-10-05,2023-10-05,633.59,truck,1,1,0.542,0.0399,0,2.13
9112,1,11,2024-09-26,2024-10-26,2024-10-29,3293.01,ship,5,1,0.2918,0.2492,1,74.34
9113,34,20,2024-12-06,2024-12-19,2024-12-21,1721.07,truck,3,2,0.6047,0.0399,1,41.88
9114,48,20,2023-02-07,2023-02-24,2023-03-10,865.79,truck,5,1,0.5091,0.5295,1,347.55
9115,9,14,2024-04-20,2024-05-13,2024-05-16,895.37,truck,3,2,0.543,0.1382,1,80.95
9116,48,6,2024-06-12,2024-07-01,2024-07-01,1378.32,truck,5,0,0.3066,0.5295,0,2.64
9117,44,5,2023-12-08,2023-12-24,2023-12-24,849.62,truck,3,0,0.4923,0.0719,0,2.41
9118,48,17,2024-01-10,2024-01-28,2024-01-28,919.61,truck,2,0,0.5979,0.5295,0,2.13
9119,30,2,2024-09-11,2024-09-30,2024-09-30,6321.93,air,1,1,0.2771,0.3611,0,1.89
9120,49,9,2024-02-11,2024-03-23,2024-03-24,9933.24,ship,3,0,0.7763,0.0836,1,28.79
9121,6,1,2023-03-08,2023-04-10,2023-04-10,2560.13,truck,3,0,0.5218,0.3463,0,1.78
9122,41,17,2024-09-29,2024-10-22,2024-10-27,3654.49,truck,3,0,0.3522,0.5395,1,130.58
9123,25,7,2025-04-12,2025-05-08,2025-05-08,3756.18,air,1,0,0.345,0.3294,0,1.49
9124,41,16,2023-07-21,2023-08-13,2023-08-19,2079.52,ship,4,1,0.4833,0.5395,1,153.3
9125,16,6,2024-02-25,2024-04-09,2024-04-10,6527.47,ship,5,0,0.5303,0.3266,1,13.91
9126,13,17,2023-11-05,2023-11-30,2023-11-30,2854.21,ship,1,0,0.4398,0.1757,0,3.02
9127,2,3,2024-03-07,2024-04-25,2024-04-29,13735.41,ship,5,0,0.4609,0.3485,1,87.65
9128,49,15,2023-05-27,2023-06-11,2023-06-11,1273.77,truck,3,2,0.266,0.0836,0,1.77
9129,28,14,2025-06-30,2025-07-15,2025-07-21,639.82,truck,4,2,0.2507,0.183,1,144.5
9130,35,10,2023-04-19,2023-05-19,2023-05-21,665.85,truck,3,1,0.2645,0.4038,1,58.35
9131,50,18,2024-01-07,2024-02-09,2024-02-09,5264.69,ship,1,0,0.6261,0.1476,0,2.26
9132,8,17,2025-01-10,2025-02-02,2025-02-02,586.41,truck,5,0,0.3549,0.1094,0,1.23
9133,44,8,2024-11-27,2025-01-09,2025-01-09,10491.35,ship,3,0,0.2605,0.0719,0,0.61
9134,42,6,2023-12-23,2024-01-08,2024-01-08,2000.27,truck,2,0,0.5995,0.2372,0,1.88
9135,25,19,2023-03-05,2023-03-29,2023-03-29,4041.01,air,4,1,0.3918,0.3294,0,2.93
9136,7,17,2023-07-01,2023-07-29,2023-07-31,2045.22,ship,2,2,0.2477,0.2727,1,47.75
9137,41,10,2023-09-26,2023-10-15,2023-10-16,988.62,truck,5,0,0.56,0.5395,1,30.87
9138,32,2,2024-02-03,2024-02-27,2024-02-27,351.18,truck,4,0,0.4689,0.299,1,11.79
9139,26,13,2023-10-05,2023-12-09,2023-12-12,15677.64,ship,4,1,0.4435,0.1577,1,69.27
9140,10,20,2024-09-26,2024-10-18,2024-10-18,1064.79,truck,2,0,0.5295,0.335,0,3.46
9141,9,15,2023-11-24,2023-12-11,2023-12-13,312.59,truck,5,1,0.3838,0.1382,1,39.29
9142,37,7,2023-12-08,2024-01-22,2024-01-25,6297.08,ship,4,2,0.4403,0.1502,1,68.12
9143,7,19,2024-11-07,2024-12-19,2024-12-19,6879.19,ship,2,1,0.2585,0.2727,0,1.55
9144,50,15,2024-03-17,2024-04-05,2024-04-08,593.65,truck,3,0,0.3955,0.1476,1,65.43
9145,15,9,2023-03-17,2023-05-03,2023-05-04,6683.47,ship,1,0,0.7121,0.1012,1,27.68
9146,23,19,2025-06-18,2025-07-15,2025-07-15,829.63,truck,5,0,0.266,0.2281,0,3.16
9147,7,11,2023-03-02,2023-03-22,2023-03-22,392.5,truck,2,0,0.4231,0.2727,0,2.75
9148,15,8,2025-09-08,2025-10-12,2025-10-14,2901.51,truck,3,0,0.3344,0.1012,1,41.71
9149,5,4,2024-11-24,2024-12-20,2024-12-22,1082.22,truck,5,0,0.6634,0.2606,1,39.18
9150,32,19,2025-04-12,2025-05-14,2025-05-14,2286.78,ship,4,1,0.1018,0.299,0,1.89
9151,47,17,2023-09-29,2023-11-05,2023-11-09,4843.19,truck,5,0,0.0767,0.1768,1,94.73
9152,36,17,2024-09-15,2024-10-08,2024-10-09,2233.89,truck,3,2,0.1866,0.0168,1,24.66
9153,26,7,2023-04-02,2023-04-23,2023-04-24,548.56,truck,3,1,0.3601,0.1577,1,14.84
9154,38,6,2024-01-06,2024-01-21,2024-01-21,1890.26,air,3,0,0.4716,0.1178,0,3.08
9155,14,20,2025-11-14,2025-12-09,2025-12-14,623.66,truck,5,1,0.3311,0.2082,1,123.91
9156,12,1,2025-09-26,2025-10-29,2025-10-29,392.43,truck,1,1,0.5229,0.2771,0,2.39
9157,9,11,2024-12-16,2025-01-01,2025-01-01,2380.07,air,3,0,0.4501,0.1382,0,2.34
9158,10,17,2025-08-03,2025-08-25,2025-08-29,885.3,truck,4,1,0.4258,0.335,1,101.36
9159,46,2,2024-08-13,2024-09-05,2024-09-09,2982.91,truck,1,1,0.3411,0.0911,1,98.61
9160,39,15,2024-12-30,2025-01-18,2025-01-18,619.13,truck,4,0,0.484,0.2906,0,2.81
9161,19,18,2025-01-18,2025-02-08,2025-02-09,986.33,truck,5,0,0.6154,0.2562,1,29.78
9162,22,1,2024-05-20,2024-06-08,2024-06-09,6775.68,air,1,0,0.9133,0.1904,1,27.39
9163,33,3,2024-03-24,2024-04-18,2024-04-21,5057.99,ship,1,1,0.7033,0.1674,1,72.68
9164,36,1,2023-06-04,2023-07-02,2023-07-02,4433.36,truck,4,1,0.6739,0.0168,0,1.55
9165,38,19,2025-07-30,2025-10-04,2025-10-05,17591.43,ship,1,1,0.3175,0.1178,1,23.71
9166,35,1,2023-10-22,2023-12-03,2023-12-03,6519.01,ship,1,0,0.6175,0.4038,0,1.59
9167,45,2,2024-02-23,2024-03-10,2024-03-13,2401.24,truck,1,1,0.3544,0.1051,1,68.78
9168,33,17,2023-05-14,2023-05-30,2023-06-01,1072.66,truck,2,0,0.1482,0.1674,1,39.11
9169,24,14,2024-10-13,2024-11-14,2024-11-15,4558.83,ship,5,0,0.4011,0.0437,1,24.08
9170,25,1,2023-01-12,2023-02-04,2023-02-04,873.33,truck,1,0,0.4683,0.3294,0,2.19
9171,26,16,2023-11-15,2024-01-29,2024-01-30,20000.0,ship,5,0,0.5247,0.1577,1,23.74
9172,9,14,2023-07-10,2023-08-01,2023-08-01,5582.14,air,1,1,0.3652,0.1382,0,2.55
9173,8,5,2023-04-04,2023-04-27,2023-04-30,928.53,truck,2,1,0.603,0.1094,1,65.82
9174,50,2,2023-10-11,2023-11-01,2023-11-01,482.6,truck,2,1,0.369,0.1476,0,2.51
9175,44,12,2025-04-14,2025-05-12,2025-05-12,5595.59,ship,2,1,0.1608,0.0719,0,3.4
9176,29,15,2023-04-02,2023-05-28,2023-05-30,11665.77,ship,2,1,0.6602,0.223,1,45.34
9177,22,1,2023-05-18,2023-06-25,2023-06-27,8649.09,ship,2,0,0.7424,0.1904,1,41.93
9178,33,5,2023-06-17,2023-06-29,2023-06-30,517.42,truck,4,1,0.5753,0.1674,1,27.82
9179,17,11,2024-05-14,2024-06-28,2024-06-28,8088.7,air,4,0,0.3445,0.1135,0,1.59
9180,43,9,2025-01-21,2025-02-18,2025-02-18,5875.51,air,1,0,0.8701,0.1166,0,2.15
9181,19,20,2023-05-18,2023-06-03,2023-06-03,441.27,truck,2,0,0.5611,0.2562,0,1.89
9182,5,18,2024-11-24,2025-01-04,2025-01-04,5625.04,ship,3,0,0.5755,0.2606,0,1.99
9183,32,9,2023-05-04,2023-05-31,2023-05-31,4100.52,air,5,1,0.6625,0.299,0,3.29
9184,10,1,2024-10-11,2024-11-03,2024-11-05,2899.92,air,3,0,0.7383,0.335,1,36.95
9185,40,16,2025-06-27,2025-07-18,2025-07-18,797.77,truck,3,0,0.6739,0.1206,0,4.82
9186,25,3,2024-08-11,2024-09-02,2024-09-02,4401.3,air,4,0,0.5005,0.3294,0,2.57
9187,13,7,2023-07-23,2023-08-07,2023-08-10,1312.84,truck,5,1,0.1252,0.1757,1,71.31
9188,14,5,2023-09-15,2023-10-10,2023-10-10,844.64,truck,1,1,0.4955,0.2082,0,1.32
9189,40,1,2024-09-23,2024-10-15,2024-10-16,519.64,truck,1,0,0.7947,0.1206,1,18.52
9190,14,2,2023-07-13,2023-09-02,2023-09-03,9810.12,ship,3,1,0.379,0.2082,1,21.84
9191,4,7,2023-03-19,2023-06-18,2023-06-21,20000.0,ship,4,2,0.3093,0.2301,1,62.2
9192,9,15,2023-06-03,2023-07-19,2023-07-20,10185.57,ship,2,1,0.1701,0.1382,1,25.12
9193,45,20,2024-05-20,2024-06-13,2024-06-15,3415.32,ship,5,0,0.7294,0.1051,1,42.82
9194,31,11,2024-09-21,2024-10-26,2024-10-27,5608.24,ship,3,0,0.331,0.2757,1,23.06
9195,20,18,2025-04-06,2025-05-08,2025-05-08,306.01,truck,1,0,0.7642,0.2853,0,2.77
9196,30,14,2023-05-12,2023-05-31,2023-06-02,785.59,truck,1,1,0.4503,0.3611,1,38.25
9197,47,6,2025-07-18,2025-08-15,2025-08-15,885.94,truck,5,0,0.2818,0.1768,0,2.11
9198,44,12,2024-08-30,2024-09-11,2024-09-11,1659.3,truck,1,1,0.4037,0.0719,0,1.14
9199,11,12,2023-01-30,2023-03-07,2023-03-07,7511.05,ship,5,0,0.1666,0.163,0,1.48
9200,27,5,2024-12-04,2025-01-04,2025-01-04,4127.91,ship,3,0,0.5161,0.1179,0,3.31
9201,21,10,2024-04-05,2024-04-18,2024-04-18,307.14,truck,5,0,0.4584,0.1211,0,1.86
9202,36,19,2024-06-06,2024-07-05,2024-07-07,3530.62,ship,4,0,0.3939,0.0168,1,36.51
9203,13,10,2024-03-24,2024-04-11,2024-04-11,1621.68,truck,3,1,0.4178,0.1757,0,2.03
9204,22,7,2023-05-06,2023-05-24,2023-05-24,1103.56,truck,4,0,0.2158,0.1904,0,2.02
9205,44,12,2024-07-25,2024-08-06,2024-08-08,430.76,truck,2,1,0.433,0.0719,1,36.72
9206,19,10,2023-01-18,2023-02-20,2023-02-21,5544.09,ship,3,0,0.1985,0.2562,1,31.1
9207,25,15,2025-06-16,2025-07-08,2025-07-09,404.24,truck,5,2,0.5429,0.3294,1,25.38
9208,44,7,2025-06-20,2025-07-01,2025-07-01,861.06,truck,5,0,0.1352,0.0719,0,2.74
9209,19,17,2023-03-13,2023-04-02,2023-04-07,5827.3,air,4,1,0.4325,0.2562,1,116.62
9210,50,4,2025-02-21,2025-03-17,2025-03-19,2074.43,ship,4,0,0.4681,0.1476,1,48.29
9211,7,15,2024-10-29,2024-11-19,2024-11-22,579.13,truck,1,0,0.5127,0.2727,1,67.5
9212,2,11,2025-04-25,2025-05-07,2025-05-08,420.53,truck,2,1,0.4348,0.3485,1,16.05
9213,30,14,2023-07-09,2023-08-03,2023-08-05,3748.35,ship,4,2,0.2514,0.3611,1,47.01
9214,33,2,2023-10-01,2023-10-14,2023-10-14,487.62,truck,3,1,0.5833,0.1674,0,1.37
9215,30,10,2024-10-01,2024-10-15,2024-10-15,384.51,truck,3,1,0.532,0.3611,0,3.11
9216,13,16,2024-10-29,2024-11-21,2024-11-21,4570.8,ship,1,1,0.6224,0.1757,0,2.45
9217,23,11,2023-02-25,2023-03-21,2023-03-21,522.62,truck,3,0,0.2317,0.2281,0,1.76
9218,13,8,2024-02-06,2024-02-24,2024-02-26,1227.28,truck,4,0,0.3781,0.1757,1,58.32
9219,16,2,2023-02-24,2023-03-21,2023-03-21,832.3,truck,1,0,0.3321,0.3266,0,1.97
9220,33,18,2024-05-27,2024-06-16,2024-06-19,3977.29,truck,3,2,0.888,0.1674,1,64.24
9221,29,7,2023-12-09,2023-12-28,2023-12-29,1863.65,air,1,1,0.3331,0.223,1,14.85
9222,6,1,2024-06-16,2024-07-26,2024-07-27,5412.05,ship,4,1,0.8315,0.3463,1,16.33
9223,3,8,2025-06-25,2025-07-21,2025-07-23,375.22,truck,1,1,0.4778,0.2878,1,44.24
9224,49,12,2024-03-31,2024-04-20,2024-04-20,5795.34,air,5,0,0.2234,0.0836,0,2.38
9225,8,15,2025-04-05,2025-04-28,2025-05-02,1239.21,truck,3,1,0.3985,0.1094,1,105.66
9226,50,13,2023-09-14,2023-10-03,2023-10-08,949.43,truck,1,1,0.6929,0.1476,1,129.08
9227,2,6,2024-10-04,2024-10-21,2024-10-23,2962.49,ship,4,0,0.6403,0.3485,1,55.24
9228,17,6,2023-10-30,2023-12-09,2023-12-09,2997.55,air,5,0,0.3036,0.1135,0,1.13
9229,42,14,2023-07-12,2023-07-27,2023-07-27,2964.56,air,1,2,0.3002,0.2372,0,1.83
9230,34,3,2023-05-18,2023-05-28,2023-05-28,647.69,truck,2,0,0.6848,0.0399,0,2.19
9231,48,14,2023-05-16,2023-06-03,2023-06-03,3787.25,air,5,2,0.4026,0.5295,0,1.73
9232,5,7,2024-08-06,2024-09-01,2024-09-01,641.25,truck,3,0,0.231,0.2606,0,1.86
9233,45,6,2025-05-04,2025-05-27,2025-06-01,4032.65,ship,5,1,0.4126,0.1051,1,122.77
9234,2,10,2025-11-10,2025-11-24,2025-11-24,1094.01,truck,4,0,0.4534,0.3485,0,1.51
9235,36,3,2023-12-14,2024-01-16,2024-01-16,5040.68,ship,2,2,0.4488,0.0168,0,3.13
9236,11,5,2024-03-18,2024-04-01,2024-04-01,5755.86,air,3,0,0.3757,0.163,0,2.45
9237,48,14,2024-12-03,2024-12-22,2024-12-22,2515.52,air,5,0,0.5354,0.5295,0,2.59
9238,4,19,2025-02-22,2025-04-27,2025-04-27,10524.1,ship,3,0,0.4043,0.2301,0,3.41
9239,36,19,2023-03-21,2023-04-09,2023-04-10,330.27,truck,1,1,0.2707,0.0168,1,12.49
9240,1,8,2023-09-28,2023-10-24,2023-10-24,2303.79,truck,4,1,0.5472,0.2492,0,2.32
9241,28,6,2024-11-22,2024-12-13,2024-12-14,2518.59,ship,4,0,0.3218,0.183,1,22.55
9242,6,8,2025-10-03,2025-11-06,2025-11-06,15311.57,air,1,1,0.6208,0.3463,0,4.35
9243,47,11,2023-04-20,2023-05-17,2023-05-17,636.54,truck,5,1,0.5126,0.1768,0,2.45
9244,1,14,2024-01-20,2024-02-19,2024-02-25,3858.64,truck,5,1,0.5206,0.2492,1,137.59
9245,44,6,2023-06-09,2023-06-26,2023-06-28,2922.08,truck,3,1,0.3245,0.0719,1,42.48
9246,13,20,2023-12-30,2024-01-17,2024-01-20,1061.85,truck,4,1,0.5383,0.1757,1,83.8
9247,11,12,2024-07-14,2024-07-28,2024-07-28,1051.19,truck,2,2,0.2608,0.163,0,1.85
9248,38,9,2023-11-01,2023-11-15,2023-11-20,853.15,truck,4,0,0.4607,0.1178,1,117.35
9249,29,17,2023-07-26,2023-08-19,2023-08-19,5314.51,air,2,1,0.2772,0.223,0,2.77
9250,39,20,2023-10-07,2023-10-27,2023-10-28,692.37,truck,4,1,0.6055,0.2906,1,14.34
9251,27,4,2023-07-14,2023-08-06,2023-08-06,2321.57,air,3,1,0.5024,0.1179,0,2.75
9252,11,4,2023-06-18,2023-07-03,2023-07-10,1093.04,truck,4,2,0.4968,0.163,1,165.02
9253,17,11,2024-08-15,2024-09-27,2024-09-27,4067.84,air,3,2,0.4561,0.1135,0,1.16
9254,12,14,2025-10-11,2025-11-14,2025-11-14,406.74,truck,5,1,0.4452,0.2771,0,1.7
9255,13,20,2024-06-30,2024-07-16,2024-07-16,645.43,truck,3,0,0.536,0.1757,1,11.63
9256,28,14,2024-03-08,2024-03-21,2024-03-21,335.07,truck,5,0,0.2019,0.183,1,10.94
9257,44,1,2025-01-03,2025-03-03,2025-03-06,16266.44,ship,1,0,0.6707,0.0719,1,62.74
9258,36,12,2025-04-24,2025-05-19,2025-05-23,1643.77,ship,5,2,0.1022,0.0168,1,99.8
9259,42,5,2025-07-25,2025-08-14,2025-08-16,1424.01,truck,4,1,0.7175,0.2372,1,47.89
9260,8,12,2025-04-09,2025-05-13,2025-05-13,5545.96,ship,1,1,0.2751,0.1094,0,2.35
9261,22,15,2023-09-23,2023-10-27,2023-10-27,6192.22,ship,1,0,0.5804,0.1904,0,3.34
9262,30,3,2023-11-10,2023-11-28,2023-11-28,417.49,truck,2,1,0.4845,0.3611,0,1.92
9263,16,1,2024-11-21,2025-02-11,2025-02-12,20000.0,ship,5,0,0.6269,0.3266,1,33.17
9264,3,20,2023-07-10,2023-08-10,2023-08-16,2741.28,ship,4,0,0.6084,0.2878,1,147.23
9265,43,2,2025-11-06,2025-12-17,2025-12-18,6120.23,ship,5,1,0.5395,0.1166,1,27.53
9266,11,6,2023-02-26,2023-03-14,2023-03-19,1088.72,truck,3,0,0.552,0.163,1,120.05
9267,49,3,2023-07-18,2023-08-02,2023-08-02,886.18,truck,1,0,0.5742,0.0836,0,2.64
9268,9,17,2025-07-02,2025-07-27,2025-08-06,2829.38,truck,4,1,0.522,0.1382,1,251.82
9269,40,3,2025-05-23,2025-06-21,2025-06-21,3408.31,truck,1,0,0.6459,0.1206,0,1.75
9270,16,19,2024-10-23,2024-11-17,2024-11-18,343.14,truck,2,0,0.108,0.3266,1,19.94
9271,38,11,2025-10-20,2025-11-05,2025-11-05,576.83,truck,5,0,0.2528,0.1178,0,1.56
9272,38,19,2024-10-15,2024-11-18,2024-11-18,6118.12,ship,3,1,0.2964,0.1178,0,1.85
9273,30,9,2024-03-21,2024-04-08,2024-04-08,771.44,truck,5,1,0.4677,0.3611,0,2.06
9274,26,5,2023-06-10,2023-07-06,2023-07-06,7959.13,air,5,2,0.5302,0.1577,0,1.85
9275,20,13,2025-02-21,2025-04-19,2025-04-20,9611.16,ship,2,1,0.4185,0.2853,1,26.3
9276,40,4,2023-05-16,2023-06-05,2023-06-08,305.09,truck,5,2,0.4937,0.1206,1,69.42
9277,25,1,2024-01-02,2024-01-26,2024-01-27,427.13,truck,4,0,0.7959,0.3294,1,25.03
9278,44,9,2025-03-22,2025-04-02,2025-04-02,1187.22,truck,4,0,0.5392,0.0719,0,2.03
9279,35,10,2023-01-08,2023-02-04,2023-02-04,2016.3,air,3,0,0.4748,0.4038,0,0.62
9280,30,2,2024-07-28,2024-08-24,2024-08-26,3844.58,ship,4,1,0.4316,0.3611,1,38.58
9281,24,8,2024-08-16,2024-09-14,2024-09-14,15824.64,air,1,1,0.4869,0.0437,0,3.23
9282,33,8,2024-10-24,2024-11-10,2024-11-10,1726.18,ship,1,0,0.175,0.1674,0,1.3
9283,47,11,2025-01-11,2025-02-09,2025-02-09,5500.57,air,1,1,0.5009,0.1768,0,2.33
9284,1,4,2024-04-12,2024-05-07,2024-05-07,1565.02,truck,1,1,0.6057,0.2492,0,1.93
9285,21,19,2023-11-05,2023-11-24,2023-11-24,795.49,truck,3,1,0.193,0.1211,0,3.57
9286,39,20,2025-05-10,2025-05-29,2025-05-31,395.57,truck,3,0,0.3316,0.2906,1,42.07
9287,20,13,2024-07-23,2024-09-17,2024-09-19,8660.46,ship,5,0,0.3481,0.2853,1,44.11
9288,14,20,2024-11-25,2024-12-26,2024-12-26,3102.23,air,3,1,0.7196,0.2082,0,1.85
9289,42,7,2023-12-17,2024-01-02,2024-01-03,5836.81,air,5,1,0.427,0.2372,1,25.7
9290,36,9,2024-12-28,2025-03-11,2025-03-16,19152.29,ship,2,0,0.6579,0.0168,1,130.49
9291,32,13,2023-07-23,2023-08-21,2023-08-23,1785.58,truck,1,0,0.5415,0.299,1,42.78
9292,35,20,2025-03-04,2025-04-02,2025-04-05,2065.0,ship,4,1,0.4172,0.4038,1,77.53
9293,41,18,2023-11-28,2023-12-17,2023-12-18,1825.31,truck,5,0,0.4304,0.5395,1,33.41
9294,6,2,2025-02-11,2025-03-27,2025-03-30,6654.09,ship,4,1,0.2801,0.3463,1,72.17
9295,15,14,2023-05-27,2023-06-25,2023-06-27,326.62,truck,1,2,0.3338,0.1012,1,38.52
9296,39,16,2023-05-24,2023-06-30,2023-07-05,6277.72,ship,1,1,0.5574,0.2906,1,123.46
9297,38,7,2024-09-04,2024-09-20,2024-09-20,905.85,truck,4,0,0.4849,0.1178,0,2.29
9298,33,3,2025-11-26,2025-12-11,2025-12-11,552.0,truck,3,2,0.4583,0.1674,0,1.15
9299,46,1,2025-03-23,2025-04-24,2025-04-24,4525.57,ship,5,0,0.7208,0.0911,0,3.19
9300,25,5,2023-09-02,2023-10-01,2023-10-01,2674.0,truck,3,0,0.5406,0.3294,0,1.8
9301,3,17,2025-04-03,2025-05-02,2025-05-07,6891.51,air,1,1,0.3242,0.2878,1,113.02
9302,43,6,2025-03-10,2025-05-09,2025-05-09,11817.68,ship,1,0,0.3215,0.1166,0,2.91
9303,13,10,2025-03-18,2025-04-03,2025-04-03,494.96,truck,2,0,0.3401,0.1757,0,1.14
9304,13,2,2024-07-07,2024-07-24,2024-07-26,433.57,truck,4,1,0.1861,0.1757,1,54.98
9305,40,20,2023-01-28,2023-02-21,2023-02-21,3264.35,truck,2,1,0.8502,0.1206,1,11.7
9306,26,16,2024-09-16,2024-10-05,2024-10-05,3368.27,air,1,1,0.7011,0.1577,0,5.29
9307,44,9,2025-09-16,2025-09-25,2025-09-25,487.43,truck,3,0,0.7411,0.0719,0,4.56
9308,11,19,2024-11-05,2024-11-20,2024-11-23,838.25,truck,5,2,0.3458,0.163,1,70.25
9309,37,8,2023-04-06,2023-06-15,2023-06-15,14338.7,ship,3,1,0.3392,0.1502,0,2.6
9310,35,9,2023-09-11,2023-10-23,2023-10-24,6685.16,ship,1,0,0.8583,0.4038,1,20.11
9311,36,19,2025-01-24,2025-03-25,2025-03-25,14174.72,ship,1,2,0.1736,0.0168,0,2.1
9312,49,8,2025-10-06,2025-10-24,2025-10-24,1025.74,truck,4,1,0.4644,0.0836,0,1.33
9313,45,13,2023-11-19,2023-12-28,2023-12-29,10010.86,ship,5,1,0.3945,0.1051,1,21.77
9314,2,5,2025-08-28,2025-09-08,2025-09-11,794.33,truck,2,1,0.6761,0.3485,1,60.03
9315,39,3,2025-09-03,2025-09-24,2025-09-24,573.55,truck,1,1,0.5823,0.2906,0,1.67
9316,14,1,2025-11-09,2025-12-07,2025-12-07,5973.27,air,3,0,0.3644,0.2082,0,2.73
9317,6,10,2023-03-19,2023-04-16,2023-04-16,1347.06,truck,2,0,0.1887,0.3463,0,2.31
9318,34,3,2024-07-17,2024-08-05,2024-08-05,2759.95,ship,2,0,0.3693,0.0399,0,1.86
9319,17,15,2024-05-04,2024-06-14,2024-06-14,1167.72,truck,2,1,0.5862,0.1135,0,8.48
9320,37,2,2025-11-11,2025-12-16,2025-12-16,1977.42,truck,3,1,0.4505,0.1502,0,1.32
9321,29,14,2023-03-15,2023-04-03,2023-04-03,640.4,truck,3,0,0.3949,0.223,0,1.31
9322,45,19,2024-08-22,2024-10-05,2024-10-05,11146.64,ship,1,1,0.2087,0.1051,0,1.9
9323,20,14,2023-12-10,2024-03-04,2024-03-05,20000.0,ship,3,0,0.4857,0.2853,1,22.01
9324,41,18,2023-03-15,2023-04-02,2023-04-02,386.63,truck,3,0,0.6697,0.5395,0,3.53
9325,48,4,2023-04-05,2023-04-22,2023-04-22,2626.86,air,2,1,0.4484,0.5295,0,2.37
9326,40,15,2025-03-28,2025-04-17,2025-04-17,447.63,truck,5,1,0.4599,0.1206,0,4.69
9327,14,8,2023-05-22,2023-06-19,2023-06-19,474.7,truck,1,0,0.3185,0.2082,0,2.2
9328,42,12,2025-03-14,2025-03-30,2025-03-31,997.11,truck,1,0,0.4074,0.2372,1,19.98
9329,10,12,2025-10-12,2025-11-07,2025-11-10,8523.75,air,4,1,0.1021,0.335,1,79.03
9330,24,19,2024-07-26,2024-09-08,2024-09-11,8658.09,ship,4,0,0.4139,0.0437,1,76.43
9331,23,12,2023-05-21,2023-06-15,2023-06-15,1246.13,truck,5,1,0.1855,0.2281,0,2.09
9332,25,9,2023-12-18,2024-01-19,2024-01-19,2962.38,ship,3,0,0.7772,0.3294,0,1.41
9333,37,18,2024-11-04,2024-12-06,2024-12-06,817.43,truck,4,0,0.6855,0.1502,0,1.79
9334,9,13,2024-12-22,2025-01-16,2025-01-18,1899.53,truck,3,2,0.5166,0.1382,1,55.39
9335,32,4,2025-11-24,2025-12-21,2025-12-21,316.62,truck,2,0,0.4007,0.299,0,1.69
9336,8,9,2025-01-03,2025-02-01,2025-02-06,2854.49,ship,3,0,0.79,0.1094,1,112.69
9337,37,6,2023-10-17,2023-12-03,2023-12-05,6639.75,ship,4,1,0.3838,0.1502,1,57.91
9338,48,19,2023-07-19,2023-08-07,2023-08-09,1190.69,truck,4,0,0.2497,0.5295,1,59.88
9339,40,17,2024-02-12,2024-03-05,2024-03-05,1266.32,truck,1,0,0.337,0.1206,0,1.85
9340,9,6,2025-06-20,2025-07-13,2025-07-14,2144.59,ship,4,1,0.3353,0.1382,1,15.37
9341,38,9,2023-11-24,2023-12-11,2023-12-15,603.6,truck,1,0,0.6902,0.1178,1,104.53
9342,11,14,2024-05-25,2024-06-09,2024-06-12,970.12,truck,1,1,0.4308,0.163,1,79.16
9343,33,3,2025-12-01,2025-12-14,2025-12-15,1069.71,truck,2,1,0.6798,0.1674,1,18.73
9344,9,13,2023-12-30,2024-01-30,2024-01-30,4048.86,ship,4,2,0.369,0.1382,0,1.77
9345,7,14,2025-05-16,2025-06-09,2025-06-09,1727.93,truck,2,2,0.3599,0.2727,0,2.89
9346,33,8,2023-07-11,2023-07-27,2023-07-28,4470.66,air,4,0,0.4528,0.1674,1,24.46
9347,25,15,2025-07-23,2025-08-14,2025-08-20,506.02,truck,1,2,0.5611,0.3294,1,132.71
9348,1,14,2024-07-02,2024-07-26,2024-07-29,1680.21,truck,5,2,0.4407,0.2492,1,60.79
9349,25,14,2023-07-17,2023-08-08,2023-08-10,620.53,truck,3,1,0.439,0.3294,1,47.26
9350,36,11,2025-10-18,2025-11-13,2025-11-13,5491.05,air,2,1,0.3288,0.0168,0,1.49
9351,46,13,2023-10-29,2023-11-21,2023-11-21,1263.61,truck,1,1,0.3581,0.0911,0,1.53
9352,44,1,2023-09-17,2023-10-11,2023-10-11,5387.11,ship,4,0,0.5195,0.0719,0,2.81
9353,18,14,2025-02-18,2025-02-27,2025-02-27,555.71,truck,4,0,0.3257,0.0465,0,2.92
9354,22,15,2023-12-12,2023-12-27,2023-12-29,587.15,truck,2,1,0.8151,0.1904,1,53.68
9355,45,18,2025-04-06,2025-04-22,2025-04-24,1479.7,truck,4,0,0.7642,0.1051,1,45.14
9356,25,5,2024-01-02,2024-02-08,2024-02-10,4827.17,ship,4,0,0.526,0.3294,1,51.73
9357,42,16,2025-01-20,2025-02-06,2025-02-06,1322.89,truck,2,0,0.7403,0.2372,0,0.67
9358,5,16,2025-06-19,2025-07-15,2025-07-18,535.17,truck,4,1,0.7064,0.2606,1,83.66
9359,36,11,2024-09-16,2024-11-09,2024-11-11,11695.38,ship,5,0,0.4629,0.0168,1,47.13
9360,4,5,2025-08-27,2025-09-27,2025-10-06,521.99,truck,2,1,0.65,0.2301,1,216.21
9361,2,11,2025-06-28,2025-07-11,2025-07-12,859.26,truck,4,1,0.6183,0.3485,1,17.69
9362,40,10,2024-05-11,2024-06-03,2024-06-04,527.18,truck,5,1,0.5136,0.1206,1,23.83
9363,34,17,2024-08-09,2024-08-15,2024-08-15,1772.98,air,3,1,0.1711,0.0399,0,3.92
9364,35,6,2024-10-01,2024-10-25,2024-10-30,672.47,truck,5,1,0.5877,0.4038,1,118.72
9365,38,12,2023-05-02,2023-05-26,2023-05-26,2791.54,ship,5,0,0.1845,0.1178,0,1.56
9366,37,3,2023-09-22,2023-10-28,2023-10-31,2748.99,ship,5,1,0.6365,0.1502,1,63.34
9367,44,8,2025-07-10,2025-07-22,2025-07-22,311.78,truck,3,1,0.3104,0.0719,0,2.91
9368,38,1,2025-06-30,2025-07-18,2025-07-20,1598.83,ship,5,2,0.6368,0.1178,1,54.83
9369,22,20,2025-09-18,2025-11-11,2025-11-13,14956.38,ship,5,0,0.7627,0.1904,1,36.57
9370,19,19,2025-01-02,2025-01-21,2025-01-24,1092.83,truck,4,1,0.3519,0.2562,1,76.42
9371,16,10,2023-05-16,2023-07-12,2023-07-14,10908.02,ship,2,1,0.6588,0.3266,1,39.08
9372,37,3,2025-03-03,2025-04-11,2025-04-11,16652.02,air,1,1,0.8474,0.1502,0,2.49
9373,50,9,2023-10-07,2023-12-01,2023-12-01,12843.56,ship,5,0,0.4013,0.1476,1,7.53
9374,21,10,2024-02-25,2024-03-12,2024-03-12,1347.24,truck,2,0,0.5325,0.1211,0,1.4
9375,29,19,2023-06-24,2023-07-18,2023-07-19,970.25,truck,2,0,0.5693,0.223,1,23.32
9376,2,2,2025-11-04,2025-11-24,2025-11-25,5982.55,truck,5,1,0.5371,0.3485,1,26.5
9377,48,10,2025-02-23,2025-03-14,2025-03-17,1840.84,truck,3,0,0.4487,0.5295,1,77.45
9378,11,18,2024-05-19,2024-06-08,2024-06-09,11050.17,air,4,1,0.8349,0.163,1,34.12
9379,13,1,2023-06-03,2023-06-20,2023-06-23,1101.52,truck,3,1,0.7153,0.1757,1,76.54
9380,19,12,2025-01-25,2025-03-12,2025-03-12,9159.24,ship,4,0,0.264,0.2562,0,1.77
9381,12,7,2025-04-25,2025-05-28,2025-05-31,1512.54,truck,4,1,0.2825,0.2771,1,63.43
9382,2,6,2023-06-23,2023-07-07,2023-07-07,1275.1,truck,2,1,0.5468,0.3485,0,1.7
9383,36,14,2023-10-17,2023-11-09,2023-11-10,1071.1,truck,4,0,0.2947,0.0168,1,32.53
9384,26,20,2025-04-12,2025-05-08,2025-05-10,2808.35,truck,4,1,0.4153,0.1577,1,53.54
9385,38,11,2023-04-24,2023-05-29,2023-05-29,5851.53,ship,5,1,0.6422,0.1178,0,1.47
9386,27,9,2023-02-16,2023-03-11,2023-03-12,1822.84,ship,2,1,0.563,0.1179,1,13.41
9387,34,4,2025-11-07,2025-11-16,2025-11-23,569.78,truck,3,1,0.7293,0.0399,1,172.5
9388,17,6,2025-06-27,2025-08-06,2025-08-08,909.65,truck,4,1,0.31,0.1135,1,46.19
9389,7,8,2025-08-20,2025-09-11,2025-09-11,393.73,truck,2,0,0.3195,0.2727,0,3.63
9390,32,17,2023-09-30,2023-10-27,2023-10-27,4189.25,air,5,0,0.0774,0.299,0,1.65
9391,37,9,2025-09-10,2025-10-14,2025-10-16,1810.36,truck,4,1,0.6858,0.1502,1,53.74
9392,18,16,2023-02-06,2023-02-20,2023-02-21,1760.41,ship,3,0,0.7914,0.0465,1,22.86
9393,41,14,2025-10-30,2025-11-17,2025-11-19,607.58,truck,5,0,0.3556,0.5395,1,49.98
9394,47,7,2025-06-25,2025-07-22,2025-07-22,1310.11,truck,5,0,0.1776,0.1768,0,1.52
9395,30,1,2025-05-09,2025-05-28,2025-05-28,544.98,truck,1,1,0.6209,0.3611,0,2.33
9396,48,5,2025-08-28,2025-09-11,2025-09-15,4309.19,air,5,1,0.6761,0.5295,1,95.68
9397,9,2,2025-05-08,2025-05-31,2025-06-02,1173.5,truck,4,2,0.458,0.1382,1,36.32
9398,26,20,2025-04-27,2025-05-18,2025-05-19,697.94,truck,1,0,0.5365,0.1577,1,15.98
9399,17,18,2025-02-23,2025-04-05,2025-04-13,531.19,truck,5,1,0.6999,0.1135,1,183.1
9400,5,14,2025-07-03,2025-09-20,2025-09-20,18607.32,ship,5,2,0.2327,0.2606,0,1.08
9401,23,7,2023-02-02,2023-03-05,2023-03-05,2723.27,ship,4,1,0.4443,0.2281,0,2.72
9402,14,12,2025-03-19,2025-04-14,2025-04-14,1381.78,truck,4,0,0.3426,0.2082,0,2.95
9403,15,2,2025-03-07,2025-04-08,2025-04-08,603.2,truck,2,1,0.4983,0.1012,0,1.79
9404,31,12,2024-04-08,2024-04-26,2024-04-26,1028.2,truck,3,0,0.1922,0.2757,0,2.37
9405,29,4,2024-12-19,2025-01-09,2025-01-12,3731.86,air,4,0,0.5182,0.223,1,64.54
9406,16,2,2025-11-11,2025-12-07,2025-12-12,402.49,truck,4,1,0.4505,0.3266,1,111.54
9407,20,4,2023-07-18,2023-08-17,2023-08-18,555.74,truck,2,1,0.4034,0.2853,1,24.61
9408,41,18,2025-06-09,2025-06-24,2025-06-24,2243.63,air,1,2,0.4111,0.5395,0,2.18
9409,16,8,2025-09-17,2025-10-15,2025-10-20,3466.99,air,5,1,0.2625,0.3266,1,116.81
9410,22,11,2023-10-04,2023-10-18,2023-10-18,6188.67,air,5,0,0.4335,0.1904,0,1.31
9411,41,1,2025-07-02,2025-08-05,2025-08-07,7576.34,ship,4,1,0.5298,0.5395,1,50.56
9412,17,15,2023-01-22,2023-03-01,2023-03-01,400.56,truck,2,0,0.5036,0.1135,0,3.35
9413,9,1,2023-01-11,2023-01-31,2023-01-31,883.07,truck,5,0,0.3879,0.1382,0,2.54
9414,31,4,2024-02-20,2024-03-09,2024-03-13,793.89,truck,2,0,0.616,0.2757,1,93.66
9415,17,14,2023-02-05,2023-03-20,2023-03-20,1142.21,truck,1,0,0.4531,0.1135,0,1.8
9416,38,20,2025-02-09,2025-02-26,2025-03-01,1703.61,truck,4,2,0.6028,0.1178,1,65.51
9417,30,17,2023-05-07,2023-06-12,2023-06-13,5584.01,ship,1,0,0.1297,0.3611,1,27.02
9418,13,10,2024-12-03,2024-12-16,2024-12-16,449.84,truck,1,0,0.5122,0.1757,0,2.78
9419,49,12,2025-03-19,2025-04-08,2025-04-08,2238.39,truck,3,0,0.3426,0.0836,0,0.72
9420,40,15,2023-07-03,2023-07-24,2023-07-24,4219.48,air,5,1,0.6667,0.1206,0,1.59
9421,21,3,2024-09-23,2024-10-11,2024-10-24,1916.29,ship,1,1,0.5585,0.1211,1,309.89
9422,14,5,2023-06-26,2023-07-23,2023-07-25,434.45,truck,2,1,0.4993,0.2082,1,51.72
9423,44,5,2023-03-12,2023-03-26,2023-03-26,1933.97,truck,3,0,0.4876,0.0719,0,2.14
9424,28,14,2025-11-30,2025-12-19,2025-12-19,1694.91,truck,2,0,0.2436,0.183,0,1.43
9425,27,15,2025-03-27,2025-04-17,2025-04-18,802.77,truck,2,1,0.3714,0.1179,1,29.77
9426,23,3,2023-04-10,2023-05-04,2023-05-12,373.49,truck,4,1,0.6219,0.2281,1,182.3
9427,10,11,2023-03-12,2023-04-23,2023-04-26,7594.33,ship,4,1,0.4305,0.335,1,64.13
9428,25,20,2023-01-15,2023-02-09,2023-02-09,955.84,truck,3,1,0.6185,0.3294,0,3.36
9429,47,5,2024-12-25,2025-01-25,2025-01-25,2017.18,ship,3,0,0.4794,0.1768,1,10.71
9430,7,13,2024-08-02,2024-08-31,2024-08-31,3063.11,ship,4,0,0.723,0.2727,0,1.83
9431,7,6,2025-02-19,2025-03-20,2025-03-20,3195.47,ship,1,0,0.4426,0.2727,0,2.12
9432,27,4,2023-08-23,2023-09-11,2023-09-12,338.69,truck,4,1,0.4496,0.1179,1,13.98
9433,42,6,2023-06-29,2023-07-23,2023-07-23,20000.0,air,1,1,0.5378,0.2372,0,4.59
9434,10,17,2025-08-19,2025-09-19,2025-09-19,3739.87,ship,1,1,0.1212,0.335,0,3.41
9435,3,2,2024-01-23,2024-03-11,2024-03-11,8955.62,ship,3,0,0.2849,0.2878,0,3.52
9436,15,18,2025-04-25,2025-07-07,2025-07-08,15034.27,ship,4,1,0.555,0.1012,1,27.71
9437,11,2,2025-06-16,2025-06-29,2025-06-30,361.81,truck,5,1,0.4078,0.163,1,33.59
9438,44,8,2025-01-05,2025-01-20,2025-01-20,967.92,truck,2,1,0.3229,0.0719,0,1.43
9439,22,9,2025-03-27,2025-04-13,2025-04-17,1000.61,truck,3,1,0.5324,0.1904,1,90.5
9440,38,19,2023-01-26,2023-02-20,2023-02-22,3180.87,ship,2,1,0.3015,0.1178,1,55.16
9441,19,20,2025-10-16,2025-11-02,2025-11-03,381.97,truck,3,1,0.4794,0.2562,1,28.33
9442,34,20,2023-12-20,2024-01-02,2024-01-02,1710.05,truck,4,1,0.6133,0.0399,0,2.27
9443,1,18,2023-01-30,2023-03-15,2023-03-15,7444.89,ship,2,1,0.5772,0.2492,0,2.65
9444,36,11,2025-03-29,2025-04-23,2025-04-23,672.71,truck,4,0,0.3187,0.0168,0,3.94
9445,6,13,2023-05-30,2023-06-22,2023-06-27,1693.59,air,4,1,0.4136,0.3463,1,125.89
9446,39,12,2023-12-01,2024-02-14,2024-02-16,20000.0,ship,3,0,0.3137,0.2906,1,36.9
9447,12,20,2025-11-05,2025-12-07,2025-12-07,378.9,truck,2,1,0.5937,0.2771,0,2.05
9448,2,2,2024-10-05,2024-10-13,2024-10-14,347.01,truck,2,1,0.4072,0.3485,1,25.37
9449,30,20,2025-08-04,2025-08-21,2025-08-21,2921.65,air,1,0,0.5042,0.3611,0,1.83
9450,14,12,2023-03-09,2023-04-26,2023-04-28,7620.09,ship,3,0,0.2135,0.2082,1,45.31
9451,1,9,2023-07-23,2023-08-24,2023-08-24,3868.45,ship,2,1,0.8222,0.2492,0,1.83
9452,9,4,2024-10-28,2024-11-16,2024-11-16,1686.47,air,4,1,0.5819,0.1382,0,1.81
9453,34,11,2025-09-04,2025-09-15,2025-09-15,977.16,truck,2,1,0.34,0.0399,0,2.35
9454,44,15,2024-10-27,2024-11-12,2024-11-12,1623.9,truck,4,0,0.3974,0.0719,0,1.89
9455,14,5,2023-05-26,2023-07-01,2023-07-02,3440.8,ship,3,2,0.5286,0.2082,1,25.21
9456,33,9,2024-07-22,2024-08-04,2024-08-08,342.58,truck,5,1,0.7418,0.1674,1,89.11
9457,46,9,2023-02-12,2023-03-06,2023-03-06,1940.26,truck,2,0,0.5426,0.0911,0,2.28
9458,25,11,2024-06-30,2024-07-26,2024-07-28,328.44,truck,4,1,0.3841,0.3294,1,45.93
9459,41,5,2024-11-16,2024-12-04,2024-12-06,1714.81,truck,3,0,0.3671,0.5395,1,47.91
9460,43,18,2023-03-08,2023-04-16,2023-04-17,4287.26,ship,4,0,0.6004,0.1166,1,30.31
9461,37,16,2024-03-09,2024-04-13,2024-04-14,9062.53,air,4,1,0.6502,0.1502,1,25.07
9462,3,13,2023-11-18,2023-12-13,2023-12-13,1241.58,air,3,1,0.4079,0.2878,0,3.49
9463,13,5,2025-05-21,2025-06-24,2025-06-29,6986.1,ship,4,2,0.711,0.1757,1,114.68
9464,1,10,2024-09-30,2024-10-25,2024-10-25,5504.81,air,3,1,0.6263,0.2492,0,2.34
9465,4,6,2023-01-26,2023-03-04,2023-03-04,2221.43,ship,2,0,0.6599,0.2301,0,1.78
9466,7,4,2023-01-05,2023-01-28,2023-01-31,5131.14,air,4,0,0.6223,0.2727,1,71.09
9467,4,5,2024-07-03,2024-08-23,2024-08-25,6358.76,ship,2,1,0.5512,0.2301,1,36.45
9468,14,20,2025-04-12,2025-05-10,2025-05-16,369.87,truck,5,1,0.4153,0.2082,1,154.17
9469,1,18,2025-09-22,2025-10-14,2025-10-15,306.98,truck,5,1,0.5125,0.2492,1,15.58
9470,21,7,2023-05-14,2023-06-01,2023-06-01,1859.22,ship,1,1,0.1761,0.1211,0,2.2
9471,44,17,2024-03-21,2024-04-05,2024-04-05,2349.64,truck,5,0,0.3406,0.0719,0,1.57
9472,7,20,2023-04-02,2023-04-25,2023-04-26,5874.58,air,1,1,0.5671,0.2727,1,17.19
9473,13,5,2024-04-15,2024-04-27,2024-04-27,630.92,truck,3,1,0.5361,0.1757,1,8.48
9474,28,19,2024-04-20,2024-05-08,2024-05-09,344.0,truck,5,1,0.3106,0.183,1,26.56
9475,28,19,2025-02-19,2025-03-27,2025-03-29,7132.18,ship,3,2,0.3441,0.183,1,59.8
9476,32,1,2025-10-06,2025-11-01,2025-11-02,881.0,truck,1,0,0.8215,0.299,1,14.64
9477,24,13,2025-06-30,2025-07-27,2025-07-27,2434.89,ship,4,0,0.5656,0.0437,0,1.5
9478,26,6,2023-03-07,2023-03-25,2023-03-25,1018.61,truck,4,0,0.3896,0.1577,0,2.19
9479,2,10,2025-07-01,2025-07-25,2025-07-28,5007.83,ship,4,1,0.4889,0.3485,1,65.53
9480,21,4,2024-07-04,2024-07-15,2024-07-20,2681.49,air,5,1,0.5551,0.1211,1,119.7
9481,45,6,2024-12-12,2024-12-30,2024-12-30,6113.46,air,1,0,0.4378,0.1051,0,1.7
9482,37,11,2025-05-29,2025-07-01,2025-07-04,609.39,truck,2,1,0.5309,0.1502,1,60.76
9483,34,15,2025-09-17,2025-09-27,2025-09-27,2008.64,truck,2,1,0.5955,0.0399,0,2.07
9484,39,3,2023-06-30,2023-07-25,2023-07-25,12026.22,air,2,0,0.3756,0.2906,0,1.57
9485,25,10,2023-12-30,2024-01-26,2024-01-26,2896.08,truck,2,0,0.3585,0.3294,0,2.35
9486,15,10,2023-09-27,2023-10-26,2023-10-26,819.76,truck,1,1,0.5231,0.1012,0,1.84
9487,34,7,2024-04-18,2024-05-03,2024-05-03,1101.63,truck,1,0,0.3666,0.0399,0,3.02
9488,5,17,2024-12-07,2025-01-04,2025-01-07,1735.68,ship,5,0,0.4151,0.2606,1,70.22
9489,39,8,2024-07-14,2024-08-05,2024-08-05,1202.24,truck,3,2,0.475,0.2906,0,1.52
9490,18,17,2024-07-28,2024-08-07,2024-08-12,577.31,truck,3,2,0.2298,0.0465,1,115.97
9491,26,18,2023-11-10,2023-12-03,2023-12-13,2819.14,truck,5,2,0.3378,0.1577,1,243.12
9492,34,16,2024-12-08,2024-12-21,2024-12-21,8698.4,air,2,0,0.6099,0.0399,0,4.66
9493,43,16,2025-07-01,2025-07-31,2025-08-01,1735.99,truck,2,2,0.684,0.1166,1,30.68
9494,2,11,2024-03-25,2024-04-02,2024-04-02,308.65,truck,5,1,0.4651,0.3485,0,2.13
9495,35,5,2023-09-23,2023-10-20,2023-10-23,1084.35,truck,4,0,0.7166,0.4038,1,78.01
9496,19,13,2024-07-05,2024-07-22,2024-07-22,390.56,truck,3,0,0.4097,0.2562,0,1.0
9497,47,20,2023-02-04,2023-03-27,2023-03-29,8803.72,ship,5,2,0.5663,0.1768,1,56.9
9498,39,15,2025-08-08,2025-08-31,2025-09-07,546.39,truck,2,1,0.4399,0.2906,1,167.87
9499,24,5,2025-11-13,2025-12-03,2025-12-03,969.37,truck,1,0,0.4519,0.0437,0,3.15
9500,28,6,2025-08-10,2025-09-01,2025-09-01,2034.11,ship,2,0,0.4537,0.183,0,2.43
9501,30,20,2023-06-22,2023-07-12,2023-07-13,2557.5,truck,5,0,0.5621,0.3611,1,28.1
9502,43,3,2023-06-21,2023-07-30,2023-08-01,5401.73,ship,3,0,0.5021,0.1166,1,45.43
9503,23,5,2023-02-18,2023-03-17,2023-03-17,1755.35,truck,2,0,0.508,0.2281,0,3.8
9504,7,4,2025-06-12,2025-07-23,2025-07-23,6969.33,ship,4,1,0.4649,0.2727,0,3.64
9505,38,13,2023-03-09,2023-03-27,2023-03-27,804.18,truck,3,1,0.4964,0.1178,0,1.2
9506,26,8,2023-02-20,2023-03-14,2023-03-17,3419.95,air,5,1,0.7326,0.1577,1,82.36
9507,7,16,2025-07-19,2025-08-11,2025-08-12,1787.41,ship,1,0,0.6633,0.2727,1,17.13
9508,35,1,2025-03-16,2025-05-04,2025-05-05,9127.9,ship,2,0,0.5569,0.4038,1,35.06
9509,47,15,2023-12-23,2024-01-21,2024-01-21,1328.05,truck,2,1,0.5046,0.1768,0,2.13
9510,21,18,2024-05-02,2024-05-14,2024-05-19,462.17,truck,4,2,0.8005,0.1211,1,117.33
9511,23,15,2023-11-10,2023-12-12,2023-12-14,4334.16,ship,1,0,0.4822,0.2281,1,37.69
9512,23,14,2025-04-07,2025-05-01,2025-05-01,429.31,truck,3,1,0.2682,0.2281,0,1.71
9513,32,19,2025-08-02,2025-10-01,2025-10-03,12411.75,ship,5,1,0.4472,0.299,1,54.7
9514,25,8,2025-01-27,2025-03-09,2025-03-11,5937.43,ship,5,1,0.3032,0.3294,1,43.78
9515,14,7,2023-04-11,2023-05-26,2023-05-31,6095.8,ship,4,1,0.1223,0.2082,1,118.45
9516,8,8,2025-03-31,2025-05-01,2025-05-04,4985.72,ship,5,1,0.3863,0.1094,1,81.84
9517,10,6,2024-09-19,2024-10-19,2024-10-25,3048.38,ship,4,1,0.3275,0.335,1,150.62
9518,26,9,2025-02-01,2025-03-15,2025-03-15,7140.51,ship,1,0,0.5753,0.1577,0,1.95
9519,38,1,2024-08-08,2024-08-27,2024-08-29,1742.61,truck,5,1,0.5717,0.1178,1,57.09
9520,13,10,2025-10-10,2025-10-23,2025-10-24,314.34,truck,1,1,0.3619,0.1757,1,23.81
9521,37,13,2025-08-27,2025-09-27,2025-09-28,922.71,truck,4,0,0.4665,0.1502,1,31.87
9522,21,8,2024-05-02,2024-05-13,2024-05-13,1646.45,air,1,1,0.634,0.1211,0,1.84
9523,4,10,2023-05-12,2023-06-14,2023-06-19,392.8,truck,4,1,0.6954,0.2301,1,126.68
9524,11,20,2024-11-18,2024-12-05,2024-12-05,1900.11,truck,1,0,0.8307,0.163,0,0.86
9525,8,8,2023-09-27,2023-10-24,2023-10-24,1524.33,truck,1,0,0.4677,0.1094,0,2.28
9526,20,1,2025-07-03,2025-08-07,2025-08-07,2218.86,ship,2,1,0.5195,0.2853,0,2.88
9527,33,1,2023-07-15,2023-08-06,2023-08-08,20000.0,air,2,1,0.7584,0.1674,1,48.65
9528,37,14,2025-02-13,2025-04-27,2025-04-30,16549.84,ship,5,0,0.5446,0.1502,1,76.13
9529,19,16,2024-05-18,2024-06-09,2024-06-14,1988.1,truck,2,2,0.6852,0.2562,1,120.85
9530,25,12,2025-04-01,2025-06-07,2025-06-07,16139.21,ship,4,0,0.2215,0.3294,0,4.8
9531,1,9,2025-11-25,2025-12-17,2025-12-17,1301.66,truck,5,0,0.7313,0.2492,0,1.38
9532,41,8,2025-10-19,2025-11-09,2025-11-09,2215.12,ship,1,1,0.5892,0.5395,0,1.24
9533,10,2,2024-09-03,2024-09-29,2024-09-29,9579.15,air,2,1,0.1945,0.335,0,2.53
9534,41,1,2025-10-07,2025-10-30,2025-11-02,2304.08,truck,5,1,0.812,0.5395,1,77.19
9535,13,12,2025-10-26,2025-11-11,2025-11-11,621.21,truck,5,0,0.4529,0.1757,0,1.3
9536,8,15,2025-01-07,2025-02-02,2025-02-02,1989.14,truck,4,0,0.6349,0.1094,0,1.62
9537,28,7,2024-02-29,2024-03-17,2024-03-17,5664.49,air,2,1,0.2069,0.183,0,1.63
9538,3,1,2025-06-03,2025-07-29,2025-07-31,9984.96,ship,1,1,0.6767,0.2878,1,54.05
9539,15,17,2024-06-07,2024-07-07,2024-07-09,889.28,truck,4,1,0.2423,0.1012,1,57.08
9540,15,15,2025-08-23,2025-09-23,2025-09-25,933.1,truck,5,1,0.3793,0.1012,1,55.99
9541,24,5,2025-09-05,2025-09-23,2025-09-23,858.28,truck,1,1,0.4183,0.0437,0,1.96
9542,27,14,2023-03-30,2023-04-26,2023-04-26,3802.37,truck,3,1,0.2539,0.1179,0,1.46
9543,35,11,2024-01-17,2024-02-12,2024-02-12,749.97,truck,3,0,0.3722,0.4038,0,2.9
9544,16,6,2024-08-17,2024-11-02,2024-11-02,17686.43,ship,5,0,0.2867,0.3266,1,10.24
9545,12,13,2025-09-14,2025-10-16,2025-10-18,387.12,truck,2,1,0.3119,0.2771,1,43.97
9546,3,4,2024-02-28,2024-03-26,2024-03-28,1079.12,truck,5,1,0.5944,0.2878,1,47.49
9547,43,17,2025-04-05,2025-04-29,2025-05-03,522.89,truck,5,1,0.2974,0.1166,1,97.1
9548,27,11,2023-05-05,2023-07-05,2023-07-07,14822.01,ship,2,1,0.6141,0.1179,1,59.99
9549,26,16,2024-02-12,2024-03-10,2024-03-10,9264.13,air,1,0,0.3532,0.1577,0,1.13
9550,25,7,2024-01-10,2024-02-05,2024-02-07,2693.47,air,5,3,0.3718,0.3294,1,57.2
9551,25,8,2025-03-11,2025-04-05,2025-04-06,2627.04,air,4,0,0.3634,0.3294,1,33.06
9552,37,16,2024-08-03,2024-09-05,2024-09-05,1024.12,truck,3,1,0.6069,0.1502,0,4.7
9553,34,16,2023-08-16,2023-08-26,2023-08-29,1323.4,truck,5,1,0.4245,0.0399,1,76.55
9554,13,5,2023-05-16,2023-06-03,2023-06-03,674.32,truck,2,1,0.286,0.1757,0,2.93
9555,10,3,2025-10-09,2025-12-14,2025-12-15,15510.3,ship,2,0,0.5038,0.335,1,15.89
9556,4,19,2023-03-05,2023-04-08,2023-04-12,3275.04,air,5,1,0.3918,0.2301,1,107.45
9557,44,10,2023-02-14,2023-03-19,2023-03-19,7718.02,ship,4,1,0.47,0.0719,0,2.53
9558,35,2,2024-08-15,2024-09-24,2024-09-24,5209.56,ship,1,1,0.1675,0.4038,0,3.38
9559,44,11,2023-07-14,2023-07-28,2023-07-29,634.62,truck,4,2,0.4128,0.0719,1,26.18
9560,35,5,2023-05-20,2023-06-23,2023-06-26,18027.01,air,5,2,0.4443,0.4038,1,67.73
9561,27,11,2025-05-27,2025-06-20,2025-06-20,802.54,truck,5,0,0.365,0.1179,0,1.6
9562,1,10,2023-12-27,2024-02-02,2024-02-02,5705.03,ship,1,0,0.4501,0.2492,0,1.56
9563,42,14,2024-09-16,2024-10-19,2024-10-22,7433.62,ship,5,0,0.6168,0.2372,1,68.1
9564,20,10,2023-11-22,2024-02-05,2024-02-06,16286.59,ship,3,0,0.3046,0.2853,1,34.1
9565,8,4,2023-11-13,2023-12-07,2023-12-07,1484.76,truck,2,1,0.81,0.1094,0,3.65
9566,13,18,2023-02-02,2023-02-20,2023-02-20,1265.18,truck,3,0,0.4709,0.1757,0,1.96
9567,24,16,2025-07-22,2025-08-12,2025-08-14,408.84,truck,2,1,0.7904,0.0437,1,38.3
9568,50,1,2023-01-20,2023-02-10,2023-02-10,1180.65,truck,1,0,0.6144,0.1476,0,3.05
9569,22,19,2024-10-30,2024-11-17,2024-11-17,7628.62,air,5,0,0.4437,0.1904,0,1.48
9570,29,16,2023-04-30,2023-05-19,2023-05-19,401.59,truck,1,1,0.7614,0.223,0,2.6
9571,1,14,2024-09-18,2024-10-13,2024-10-13,372.11,truck,4,0,0.4525,0.2492,0,2.94
9572,10,4,2023-12-25,2024-02-24,2024-02-25,14256.78,ship,3,0,0.6455,0.335,1,34.68
9573,31,11,2025-04-17,2025-05-12,2025-05-17,2115.95,ship,2,0,0.3747,0.2757,1,111.55
9574,30,5,2025-10-06,2025-12-05,2025-12-11,15120.8,ship,2,0,0.6273,0.3611,1,146.64
9575,36,14,2025-09-27,2025-12-12,2025-12-15,20000.0,ship,5,1,0.2115,0.0168,1,75.34
9576,9,2,2024-05-01,2024-05-24,2024-05-24,7945.53,air,5,1,0.4218,0.1382,0,1.71
9577,4,16,2024-04-05,2024-05-08,2024-05-08,3635.44,air,3,0,0.4996,0.2301,0,4.8
9578,31,14,2025-10-07,2025-10-26,2025-10-27,1637.14,truck,4,1,0.3457,0.2757,1,19.29
9579,50,18,2025-06-28,2025-08-02,2025-08-03,6336.08,ship,5,0,0.4315,0.1476,1,35.47
9580,45,9,2023-07-31,2023-08-13,2023-08-14,468.85,truck,2,1,0.8357,0.1051,1,29.37
9581,33,6,2024-04-06,2024-04-19,2024-04-19,758.22,truck,4,0,0.5617,0.1674,0,2.11
9582,27,6,2023-06-30,2023-07-23,2023-07-23,740.12,truck,2,1,0.5233,0.1179,0,3.87
9583,7,15,2023-09-08,2023-10-04,2023-10-05,2085.96,truck,2,1,0.543,0.2727,1,35.79
9584,27,17,2024-01-11,2024-02-06,2024-02-06,1946.17,truck,5,0,0.452,0.1179,0,2.53
9585,25,15,2024-05-12,2024-06-04,2024-06-04,937.05,truck,2,2,0.3815,0.3294,0,1.63
9586,2,19,2023-07-14,2023-07-23,2023-07-24,492.69,truck,5,0,0.3416,0.3485,1,30.75
9587,45,2,2023-09-02,2023-09-21,2023-09-24,10472.47,air,1,2,0.3462,0.1051,1,83.37
9588,32,11,2025-08-11,2025-09-06,2025-09-11,404.31,truck,3,1,0.3699,0.299,1,109.71
9589,22,20,2023-05-27,2023-06-11,2023-06-11,4031.03,air,3,0,0.661,0.1904,0,4.29
9590,4,17,2025-11-04,2025-12-06,2025-12-10,2501.78,air,2,0,0.3642,0.2301,1,89.04
9591,17,2,2024-06-09,2024-07-21,2024-07-22,1768.75,truck,3,1,0.2941,0.1135,1,25.22
9592,29,2,2024-04-23,2024-05-20,2024-05-25,2569.1,truck,4,2,0.6006,0.223,1,115.45
9593,48,11,2024-06-28,2024-07-14,2024-07-17,628.91,truck,2,2,0.3761,0.5295,1,63.48
9594,29,14,2024-01-09,2024-02-03,2024-02-03,2178.58,ship,1,0,0.4817,0.223,0,2.06
9595,17,16,2025-04-13,2025-06-10,2025-06-10,6706.42,ship,2,0,0.4082,0.1135,0,1.54
9596,14,10,2023-01-12,2023-02-07,2023-02-07,712.37,truck,4,0,0.4313,0.2082,0,1.84
9597,10,17,2023-10-12,2023-11-04,2023-11-04,472.35,truck,1,0,0.2944,0.335,0,1.78
9598,48,15,2023-10-17,2023-11-25,2023-11-27,8008.87,ship,1,1,0.5792,0.5295,1,42.52
9599,38,12,2025-04-15,2025-05-02,2025-05-03,1665.98,truck,3,2,0.1124,0.1178,1,33.76
9600,9,3,2023-08-29,2023-11-14,2023-11-15,20000.0,ship,5,1,0.6004,0.1382,1,35.12
9601,35,5,2023-09-05,2023-10-07,2023-10-09,2245.06,ship,1,1,0.5633,0.4038,1,46.6
9602,16,19,2023-12-17,2024-01-14,2024-01-15,1331.31,truck,1,2,0.0946,0.3266,1,15.46
9603,20,20,2023-02-24,2023-03-27,2023-03-27,620.93,truck,2,0,0.5959,0.2853,0,1.88
9604,43,18,2023-12-02,2023-12-29,2023-12-30,1165.72,truck,3,0,0.615,0.1166,1,14.59
9605,38,5,2024-12-24,2025-01-18,2025-01-20,3208.76,ship,2,0,0.6389,0.1178,1,39.54
9606,48,8,2025-09-05,2025-09-22,2025-09-22,476.34,truck,3,1,0.3493,0.5295,0,1.65
9607,33,17,2024-07-10,2024-08-29,2024-08-29,13085.08,ship,1,2,0.3263,0.1674,0,2.98
9608,47,3,2024-03-21,2024-06-13,2024-06-13,20000.0,ship,5,1,0.7141,0.1768,0,2.36
9609,7,7,2024-02-20,2024-04-02,2024-04-02,7311.91,ship,2,1,0.0705,0.2727,0,2.67
9610,40,7,2025-07-08,2025-07-28,2025-07-31,670.44,truck,1,1,0.269,0.1206,1,70.84
9611,24,18,2024-10-21,2024-11-30,2024-11-30,7337.94,ship,4,0,0.6065,0.0437,0,2.49
9612,7,16,2025-04-05,2025-05-25,2025-05-27,10011.03,ship,4,0,0.4469,0.2727,1,54.66
9613,30,7,2024-01-01,2024-01-18,2024-01-18,983.27,truck,3,1,0.3506,0.3611,0,2.45
9614,2,2,2025-03-10,2025-03-23,2025-03-23,1517.89,air,1,1,0.379,0.3485,0,4.07
9615,29,18,2023-02-15,2023-03-10,2023-03-10,1153.4,truck,3,0,0.4658,0.223,0,2.2
9616,20,10,2024-06-03,2024-07-05,2024-07-07,713.34,truck,2,1,0.7095,0.2853,1,38.97
9617,45,7,2024-06-19,2024-08-10,2024-08-10,13618.81,ship,4,0,0.2103,0.1051,0,2.35
9618,38,2,2023-01-02,2023-01-22,2023-01-23,1879.96,ship,4,0,0.329,0.1178,1,27.51
9619,33,15,2023-03-09,2023-03-24,2023-03-24,4489.54,air,4,1,0.2937,0.1674,0,4.19
9620,50,16,2023-05-05,2023-05-24,2023-05-29,2833.1,air,1,1,0.5507,0.1476,1,125.05
9621,24,17,2025-07-27,2025-08-18,2025-08-18,817.31,truck,3,1,0.4339,0.0437,0,3.1
9622,42,1,2024-02-05,2024-02-20,2024-02-20,321.0,truck,2,0,0.5583,0.2372,0,3.38
9623,23,15,2025-11-15,2025-12-08,2025-12-08,688.54,truck,1,0,0.4202,0.2281,0,2.71
9624,45,14,2025-11-30,2025-12-27,2025-12-28,5313.67,ship,1,0,0.2436,0.1051,1,24.14
9625,36,4,2024-11-24,2025-01-10,2025-01-11,8505.53,ship,3,0,0.6634,0.0168,1,32.69
9626,20,7,2023-01-25,2023-02-22,2023-02-22,479.06,truck,1,0,0.3305,0.2853,0,1.68
9627,9,7,2025-05-08,2025-05-27,2025-05-27,4415.68,air,1,1,0.1464,0.1382,0,5.42
9628,14,19,2024-08-05,2024-09-11,2024-09-15,4188.85,ship,5,1,0.326,0.2082,1,98.7
9629,42,16,2025-10-12,2025-10-28,2025-10-29,1645.32,truck,2,1,0.3848,0.2372,1,18.26
9630,23,6,2024-01-16,2024-02-10,2024-02-10,1082.16,truck,4,0,0.5648,0.2281,0,4.32
9631,29,8,2024-02-22,2024-03-28,2024-03-28,5461.56,ship,3,0,0.1735,0.223,0,1.11
9632,23,11,2024-12-19,2025-02-06,2025-02-06,8948.04,ship,1,1,0.4481,0.2281,0,1.39
9633,14,7,2024-03-04,2024-04-01,2024-04-01,7055.44,air,1,1,0.2914,0.2082,0,3.32
9634,31,12,2025-10-28,2025-11-17,2025-11-17,595.06,truck,5,0,0.3793,0.2757,0,0.98
9635,11,17,2024-06-11,2024-06-26,2024-06-28,1391.54,truck,5,1,0.3543,0.163,1,49.94
9636,2,17,2024-12-06,2024-12-18,2024-12-18,401.15,truck,3,0,0.4385,0.3485,0,2.92
9637,39,1,2024-01-03,2024-02-10,2024-02-12,6648.05,ship,4,0,0.7264,0.2906,1,46.61
9638,29,17,2023-05-29,2023-07-30,2023-07-31,14474.8,ship,4,1,0.2402,0.223,1,22.36
9639,48,10,2024-12-12,2025-01-02,2025-01-03,515.68,truck,5,0,0.3774,0.5295,1,23.47
9640,8,8,2023-07-30,2023-08-24,2023-08-24,1869.81,truck,3,0,0.4713,0.1094,0,2.2
9641,1,1,2024-08-14,2024-09-16,2024-09-19,3757.12,ship,2,1,0.6879,0.2492,1,81.57
9642,6,1,2025-02-26,2025-03-31,2025-04-02,2284.34,ship,5,0,0.7006,0.3463,1,38.07
9643,33,8,2024-12-01,2024-12-18,2024-12-18,7899.67,air,4,0,0.3061,0.1674,0,2.71
9644,24,15,2024-05-05,2024-05-25,2024-05-26,916.12,truck,2,1,0.5725,0.0437,1,21.55
9645,6,20,2025-03-31,2025-04-25,2025-04-25,1865.7,air,4,0,0.5077,0.3463,0,2.44
9646,29,17,2024-10-22,2025-01-01,2025-01-01,17052.7,ship,1,1,0.4371,0.223,0,1.93
9647,4,18,2024-07-09,2024-08-18,2024-08-19,2491.49,ship,4,1,0.3427,0.2301,1,28.12
9648,35,14,2023-07-12,2023-08-06,2023-08-14,6884.45,air,4,2,0.3002,0.4038,1,201.63
9649,7,5,2025-09-13,2025-10-05,2025-10-06,425.75,truck,2,0,0.5292,0.2727,1,12.7
9650,17,7,2023-07-09,2023-08-19,2023-08-19,1366.73,truck,4,1,0.1543,0.1135,0,2.73
9651,44,1,2023-06-19,2023-07-01,2023-07-02,680.06,truck,3,1,0.5475,0.0719,1,16.41
9652,47,18,2025-10-27,2025-12-16,2025-12-16,8832.1,ship,1,1,0.7362,0.1768,0,4.16
9653,43,9,2024-05-30,2024-06-24,2024-06-26,740.07,truck,2,1,0.7393,0.1166,1,47.61
9654,4,20,2023-09-20,2023-10-22,2023-10-22,879.94,truck,1,0,0.6315,0.2301,0,2.0
9655,40,9,2023-08-03,2023-08-27,2023-08-31,1120.36,truck,1,2,0.8045,0.1206,1,85.74
9656,48,8,2023-12-15,2024-01-04,2024-01-04,4699.49,air,5,0,0.2092,0.5295,0,2.12
9657,27,15,2024-07-13,2024-08-06,2024-08-09,1628.06,truck,2,2,0.5092,0.1179,1,70.04
9658,36,14,2023-12-17,2024-01-07,2024-01-07,829.14,truck,1,0,0.4001,0.0168,0,2.9
9659,8,7,2024-09-19,2024-10-12,2024-10-12,661.7,truck,4,1,0.6348,0.1094,0,1.66
9660,20,14,2023-10-18,2023-11-24,2023-11-24,3047.66,ship,2,0,0.3112,0.2853,0,2.45
9661,16,17,2023-02-28,2023-04-05,2023-04-10,4003.91,ship,2,0,0.1116,0.3266,1,125.75
9662,40,5,2025-09-26,2025-10-18,2025-10-18,434.3,truck,4,1,0.27,0.1206,0,2.36
9663,2,6,2023-05-09,2023-05-30,2023-05-31,3920.94,ship,4,0,0.4645,0.3485,1,35.0
9664,28,8,2023-02-21,2023-03-15,2023-03-15,2241.63,ship,4,0,0.7092,0.183,0,1.2
9665,31,15,2023-04-19,2023-06-17,2023-06-22,15446.91,ship,5,1,0.6841,0.2757,1,109.79
9666,36,17,2023-10-01,2023-11-11,2023-11-11,6522.69,ship,1,0,0.0029,0.0168,0,1.93
9667,8,13,2025-01-26,2025-02-27,2025-02-27,20000.0,air,1,1,0.215,0.1094,0,2.37
9668,4,14,2023-03-02,2023-04-02,2023-04-02,576.87,truck,2,0,0.3222,0.2301,0,1.38
9669,14,18,2023-04-16,2023-06-02,2023-06-05,7426.37,ship,1,1,0.6502,0.2082,1,62.2
9670,18,18,2024-10-05,2024-10-16,2024-10-19,554.74,truck,5,1,0.6671,0.0465,1,76.5
9671,32,7,2025-07-07,2025-08-01,2025-08-01,805.31,truck,1,0,0.296,0.299,0,3.02
9672,17,20,2023-04-08,2023-05-22,2023-05-25,2026.41,ship,3,1,0.5063,0.1135,1,72.29
9673,27,15,2024-12-14,2025-01-06,2025-01-07,1739.4,ship,4,0,0.527,0.1179,1,27.46
9674,29,9,2023-11-08,2023-12-08,2023-12-08,3261.72,ship,4,0,0.5345,0.223,0,1.85
9675,9,7,2024-04-04,2024-06-14,2024-06-17,18583.75,ship,5,1,0.25,0.1382,1,73.4
9676,38,15,2025-10-11,2025-10-28,2025-10-28,6582.88,air,3,1,0.4385,0.1178,0,3.92
9677,49,6,2023-10-29,2023-11-14,2023-11-15,800.36,truck,5,0,0.4565,0.0836,1,27.19
9678,10,19,2023-05-28,2023-07-01,2023-07-01,5083.86,ship,1,1,0.155,0.335,0,2.24
9679,41,3,2023-12-29,2024-01-16,2024-01-19,5015.79,air,2,2,0.548,0.5395,1,72.48
9680,38,18,2024-08-12,2024-09-19,2024-09-20,8488.48,ship,2,1,0.5797,0.1178,1,25.2
9681,37,10,2024-09-06,2024-10-12,2024-10-13,2437.15,ship,2,1,0.447,0.1502,1,34.7
9682,31,11,2023-06-30,2023-07-19,2023-07-19,683.41,truck,5,1,0.4362,0.2757,0,2.13
9683,47,11,2023-08-28,2023-09-26,2023-09-28,581.95,truck,3,2,0.7021,0.1768,1,44.39
9684,34,8,2023-04-02,2023-04-14,2023-04-15,2303.66,truck,4,0,0.3796,0.0399,1,32.32
9685,32,9,2025-11-17,2026-02-02,2026-02-05,19068.74,ship,1,1,0.7362,0.299,1,67.84
9686,21,19,2023-04-26,2023-05-09,2023-05-09,384.47,truck,2,0,0.1964,0.1211,0,2.21
9687,33,13,2025-11-05,2025-11-17,2025-11-19,1409.41,truck,3,1,0.7911,0.1674,1,52.27
9688,9,19,2025-08-27,2025-09-14,2025-09-14,928.33,truck,3,1,0.4231,0.1382,0,5.38
9689,10,3,2024-11-23,2024-12-17,2024-12-19,644.29,truck,4,2,0.5294,0.335,1,44.55
9690,23,19,2023-10-16,2023-11-16,2023-11-16,2789.39,ship,1,1,0.0764,0.2281,0,1.1
9691,47,16,2025-07-17,2025-10-09,2025-10-09,20000.0,ship,2,1,0.7494,0.1768,0,1.66
9692,16,13,2025-02-02,2025-04-16,2025-04-16,15835.04,ship,4,1,0.1266,0.3266,0,1.19
9693,14,16,2024-06-21,2024-07-16,2024-07-21,3213.56,air,4,1,0.58,0.2082,1,109.47
9694,23,10,2024-01-13,2024-03-15,2024-03-15,14230.18,ship,1,0,0.3884,0.2281,0,2.29
9695,12,15,2024-06-03,2024-07-09,2024-07-09,2481.66,air,2,2,0.4742,0.2771,0,1.52
9696,33,15,2023-06-17,2023-07-05,2023-07-05,9010.59,air,1,2,0.2521,0.1674,0,3.36
9697,50,8,2025-08-06,2025-09-23,2025-09-25,10019.31,ship,1,0,0.6739,0.1476,1,40.38
9698,7,11,2023-08-16,2023-09-08,2023-09-08,922.95,truck,3,1,0.5205,0.2727,0,1.43
9699,42,1,2025-06-10,2025-06-24,2025-06-26,4623.15,air,4,2,0.6604,0.2372,1,47.13
9700,49,8,2025-01-29,2025-02-22,2025-02-23,2860.45,ship,4,0,0.244,0.0836,1,31.11
9701,39,5,2023-02-13,2023-03-18,2023-03-24,4843.63,ship,5,0,0.5871,0.2906,1,151.11
9702,15,10,2023-11-21,2023-12-22,2023-12-23,1062.16,truck,1,0,0.3517,0.1012,1,32.37
9703,19,11,2025-06-24,2025-07-12,2025-07-14,1070.35,truck,1,2,0.6049,0.2562,1,40.6
9704,45,12,2023-10-29,2023-11-13,2023-11-13,700.31,truck,2,0,0.2285,0.1051,0,2.32
9705,33,4,2023-12-19,2024-01-06,2024-01-06,2675.5,truck,3,0,0.5288,0.1674,0,0.97
9706,24,7,2025-05-31,2025-06-24,2025-06-27,1226.51,truck,5,0,0.322,0.0437,1,67.71
9707,25,7,2024-01-04,2024-02-07,2024-02-07,4798.86,ship,2,2,0.5271,0.3294,0,1.44
9708,32,1,2023-08-05,2023-09-03,2023-09-10,1100.94,truck,5,1,0.7875,0.299,1,167.12
9709,31,12,2024-09-13,2024-10-02,2024-10-02,508.9,truck,2,1,0.1116,0.2757,0,1.28
9710,27,16,2024-01-24,2024-02-17,2024-02-17,2698.1,air,5,0,0.7333,0.1179,0,1.94
9711,4,11,2024-04-02,2024-05-03,2024-05-09,469.56,truck,1,1,0.5892,0.2301,1,150.38
9712,38,11,2025-07-23,2025-08-10,2025-08-10,1255.12,truck,5,2,0.272,0.1178,0,6.01
9713,29,19,2023-12-30,2024-01-23,2024-01-23,3078.37,truck,5,2,0.4049,0.223,0,2.39
9714,11,2,2024-03-28,2024-04-12,2024-04-12,402.32,truck,2,0,0.4505,0.163,0,2.11
9715,20,11,2025-11-04,2026-01-30,2026-02-04,20000.0,ship,3,1,0.7948,0.2853,1,118.36
9716,45,11,2023-06-21,2023-07-12,2023-07-16,2310.87,ship,3,2,0.4005,0.1051,1,90.18
9717,4,18,2023-04-27,2023-05-31,2023-05-31,1732.13,truck,5,1,0.5934,0.2301,0,2.32
9718,18,8,2025-07-04,2025-07-16,2025-07-16,1218.54,truck,5,0,0.4163,0.0465,0,1.24
9719,15,6,2023-11-29,2024-01-04,2024-01-09,8543.87,air,3,0,0.6648,0.1012,1,110.08
9720,22,10,2023-10-04,2023-10-22,2023-10-22,1165.54,truck,3,0,0.4703,0.1904,0,1.9
9721,21,16,2024-12-26,2025-01-09,2025-01-12,369.64,truck,5,0,0.781,0.1211,1,72.45
9722,35,10,2023-09-22,2023-10-17,2023-10-17,4435.5,air,2,1,0.6262,0.4038,0,1.32
9723,12,8,2023-05-22,2023-06-22,2023-06-24,630.92,truck,3,0,0.3185,0.2771,1,54.27
9724,11,20,2025-05-24,2025-06-17,2025-06-19,3242.51,ship,4,0,0.5355,0.163,1,45.37
9725,36,13,2023-07-03,2023-07-24,2023-07-24,603.36,truck,3,0,0.4275,0.0168,0,4.39
9726,43,7,2024-06-14,2024-07-08,2024-07-08,2777.53,air,4,0,0.3235,0.1166,0,2.48
9727,47,4,2024-12-04,2025-01-02,2025-01-02,1468.74,truck,2,0,0.6794,0.1768,0,2.36
9728,50,1,2025-03-26,2025-06-08,2025-06-10,20000.0,ship,2,1,0.5288,0.1476,1,51.04
9729,25,15,2023-04-01,2023-04-26,2023-04-28,2758.19,air,5,1,0.5966,0.3294,1,54.29
9730,11,12,2024-04-19,2024-05-04,2024-05-04,1184.45,truck,3,1,0.1342,0.163,0,1.92
9731,6,1,2024-08-31,2024-09-26,2024-09-28,998.11,truck,3,1,0.6926,0.3463,1,51.84
9732,20,6,2024-10-31,2024-11-30,2024-11-30,384.35,truck,2,0,0.6245,0.2853,0,2.86
9733,3,6,2023-08-25,2023-09-23,2023-09-23,1852.78,truck,4,1,0.484,0.2878,0,1.13
9734,46,16,2024-01-08,2024-01-30,2024-02-02,1319.11,truck,2,0,0.7689,0.0911,1,64.07
9735,17,19,2023-07-03,2023-08-16,2023-08-16,8535.2,air,1,0,0.4811,0.1135,0,3.35
9736,45,17,2023-12-30,2024-01-15,2024-01-15,516.85,truck,5,0,0.3014,0.1051,0,1.8
9737,35,3,2023-11-24,2023-12-20,2023-12-27,2005.63,ship,4,1,0.4287,0.4038,1,163.88
9738,39,9,2024-02-02,2024-02-22,2024-02-22,689.23,truck,3,0,0.5941,0.2906,0,4.12
9739,36,19,2025-09-21,2025-10-14,2025-10-17,1143.9,truck,2,1,0.4562,0.0168,1,79.58
9740,16,15,2024-09-18,2024-10-15,2024-10-19,679.65,truck,4,1,0.8174,0.3266,1,101.17
9741,8,11,2025-03-06,2025-04-16,2025-04-16,7515.93,ship,3,0,0.3936,0.1094,0,3.4
9742,32,18,2024-05-23,2024-06-18,2024-06-19,1678.45,air,3,1,0.6726,0.299,1,12.86
9743,6,2,2024-04-22,2024-05-22,2024-05-22,1991.69,ship,1,1,0.524,0.3463,1,5.9
9744,31,20,2023-02-11,2023-03-04,2023-03-04,870.04,truck,2,1,0.438,0.2757,0,2.32
9745,33,18,2024-03-20,2024-04-01,2024-04-01,514.91,truck,1,1,0.6405,0.1674,0,2.35
9746,39,14,2023-05-27,2023-08-13,2023-08-17,20000.0,ship,5,2,0.3338,0.2906,1,84.07
9747,34,19,2024-07-25,2024-08-03,2024-08-03,373.42,truck,4,0,0.3765,0.0399,0,2.28
9748,36,19,2023-07-17,2023-08-09,2023-08-11,1205.57,truck,5,0,0.3952,0.0168,1,44.6
9749,35,14,2024-09-04,2024-09-29,2024-10-01,874.23,truck,3,1,0.2832,0.4038,1,59.9
9750,44,4,2025-02-25,2025-03-11,2025-03-11,1770.03,truck,1,1,0.4881,0.0719,0,0.86
9751,37,6,2025-04-09,2025-05-09,2025-05-12,1163.89,truck,5,1,0.5534,0.1502,1,79.63
9752,38,6,2024-04-06,2024-05-22,2024-05-22,10623.4,ship,1,0,0.5617,0.1178,0,1.53
9753,45,7,2023-09-04,2023-09-20,2023-09-20,1670.05,air,3,0,0.1427,0.1051,0,3.35
9754,35,5,2023-06-22,2023-07-16,2023-07-17,5576.37,air,3,1,0.4406,0.4038,1,17.36
9755,26,9,2024-08-26,2024-09-16,2024-09-16,970.09,truck,2,1,0.8982,0.1577,0,1.88
9756,21,14,2024-05-30,2024-06-14,2024-06-16,6215.22,air,3,1,0.3935,0.1211,1,52.71
9757,24,10,2024-01-20,2024-02-17,2024-02-17,2831.51,ship,2,0,0.5783,0.0437,0,1.14
9758,11,15,2025-02-14,2025-03-04,2025-03-04,3239.99,truck,1,0,0.3698,0.163,0,2.34
9759,22,18,2023-03-31,2023-04-17,2023-04-17,318.56,truck,5,0,0.5532,0.1904,0,2.6
9760,7,19,2024-10-07,2024-10-28,2024-10-29,548.91,truck,3,1,0.3224,0.2727,1,32.3
9761,45,19,2024-02-25,2024-03-27,2024-03-27,5460.28,ship,2,1,0.2589,0.1051,0,2.65
9762,5,14,2023-03-04,2023-03-29,2023-03-29,1260.12,truck,5,0,0.4248,0.2606,0,3.05
9763,24,6,2024-12-12,2025-01-07,2025-01-07,2002.75,ship,4,0,0.4378,0.0437,0,2.44
9764,8,2,2024-01-25,2024-02-21,2024-02-24,2205.36,truck,5,1,0.4472,0.1094,1,80.38
9765,45,1,2025-02-20,2025-03-05,2025-03-05,663.26,truck,2,0,0.6086,0.1051,0,4.49
9766,15,17,2025-11-02,2025-12-02,2025-12-02,736.59,truck,4,0,0.2613,0.1012,0,1.53
9767,21,11,2025-09-17,2025-09-28,2025-09-28,1374.73,truck,3,1,0.3989,0.1211,0,3.99
9768,44,5,2025-08-10,2025-08-23,2025-08-23,2837.06,air,5,1,0.4569,0.0719,0,4.86
9769,29,7,2023-02-08,2023-03-05,2023-03-05,1715.55,ship,3,2,0.3964,0.223,0,1.34
9770,14,13,2023-03-25,2023-04-21,2023-04-21,1203.19,truck,1,1,0.4217,0.2082,0,2.64
9771,44,13,2023-01-13,2023-01-28,2023-01-31,1651.82,ship,4,1,0.5098,0.0719,1,81.58
9772,9,19,2024-03-26,2024-04-14,2024-04-17,724.2,truck,3,1,0.2552,0.1382,1,69.49
9773,49,2,2024-08-30,2024-09-16,2024-09-19,1232.28,truck,5,1,0.1842,0.0836,1,81.81
9774,37,14,2024-11-01,2024-12-02,2024-12-03,1525.68,truck,1,0,0.2197,0.1502,1,24.8
9775,13,20,2024-12-25,2025-01-10,2025-01-12,1382.51,truck,3,1,0.7133,0.1757,1,46.51
9776,32,9,2023-06-18,2023-08-22,2023-08-24,13432.93,ship,5,1,0.9194,0.299,1,40.43
9777,10,10,2023-10-10,2023-11-02,2023-11-03,808.66,truck,2,0,0.597,0.335,1,21.5
9778,44,8,2023-07-13,2023-07-25,2023-07-25,1235.09,truck,1,1,0.4795,0.0719,0,3.04
9779,33,4,2024-08-05,2024-08-25,2024-08-26,3325.82,ship,3,1,0.5966,0.1674,1,14.17
9780,28,1,2023-12-26,2024-01-14,2024-01-14,3901.82,air,5,0,0.581,0.183,0,1.4
9781,32,13,2024-05-10,2024-06-06,2024-06-10,1521.83,air,1,0,0.4471,0.299,1,102.55
9782,30,16,2024-09-18,2024-10-07,2024-10-07,1162.45,truck,5,1,0.5798,0.3611,0,3.49
9783,36,19,2025-02-03,2025-02-25,2025-02-25,310.42,truck,1,1,0.3352,0.0168,0,2.14
9784,8,1,2024-09-27,2024-10-20,2024-10-23,5340.49,air,3,1,0.8334,0.1094,1,70.15
9785,50,15,2025-11-29,2025-12-17,2025-12-17,701.07,truck,4,0,0.6225,0.1476,0,1.23
9786,40,19,2024-01-20,2024-02-11,2024-02-12,304.97,truck,4,1,0.4065,0.1206,1,31.9
9787,29,18,2025-05-04,2025-06-03,2025-06-05,2764.61,ship,3,1,0.4987,0.223,1,40.47
9788,21,10,2025-10-01,2025-11-09,2025-11-13,9436.83,ship,1,1,0.3747,0.1211,1,101.12
9789,32,1,2025-11-09,2025-12-07,2025-12-07,963.52,truck,4,0,0.3644,0.299,0,4.36
9790,31,1,2023-06-28,2023-07-17,2023-07-21,345.77,truck,2,1,0.5359,0.2757,1,95.16
9791,14,5,2023-02-12,2023-03-15,2023-03-19,1659.6,ship,4,0,0.468,0.2082,1,94.11
9792,44,11,2025-07-08,2025-07-21,2025-07-21,1098.38,truck,5,1,0.4979,0.0719,0,2.24
9793,13,17,2025-01-14,2025-02-02,2025-02-03,2032.66,ship,5,1,0.3147,0.1757,1,31.28
9794,27,8,2024-12-23,2025-01-16,2025-01-16,1084.42,truck,5,0,0.425,0.1179,0,1.65
9795,16,3,2025-03-26,2025-04-22,2025-04-24,474.34,truck,3,1,0.4737,0.3266,1,57.33
9796,46,12,2025-02-24,2025-03-27,2025-03-27,4075.24,ship,4,1,0.4081,0.0911,0,1.62
9797,20,7,2023-08-21,2023-09-21,2023-09-21,1385.3,truck,1,0,0.2392,0.2853,0,1.43
9798,31,1,2024-09-01,2024-09-21,2024-09-21,955.81,truck,5,2,0.6023,0.2757,0,2.92
9799,6,10,2024-08-23,2024-09-23,2024-09-24,1784.28,ship,5,1,0.3378,0.3463,1,31.6
9800,30,13,2025-08-26,2025-09-19,2025-09-19,20000.0,air,1,0,0.515,0.3611,0,3.16
9801,16,2,2024-02-20,2024-03-25,2024-03-27,3446.1,ship,1,1,0.4726,0.3266,1,45.14
9802,14,10,2023-12-30,2024-01-26,2024-01-26,517.23,truck,5,0,0.3585,0.2082,0,3.11
9803,11,11,2024-03-18,2024-04-03,2024-04-03,4194.65,air,4,0,0.5541,0.163,1,8.11
9804,6,14,2025-02-14,2025-03-12,2025-03-12,2171.0,air,5,0,0.4886,0.3463,0,2.72
9805,1,10,2023-03-21,2023-05-21,2023-05-21,14496.49,ship,5,0,0.3831,0.2492,0,1.57
9806,35,3,2025-03-22,2025-04-19,2025-04-21,890.94,truck,4,1,0.4152,0.4038,1,40.84
9807,37,8,2023-11-26,2023-12-27,2023-12-27,1068.89,truck,3,0,0.3214,0.1502,0,2.26
9808,22,20,2023-01-01,2023-01-15,2023-01-15,1676.27,air,5,1,0.2931,0.1904,0,1.41
9809,43,19,2024-12-18,2025-01-14,2025-01-18,308.03,truck,5,1,0.3872,0.1166,1,89.66
9810,15,8,2023-05-24,2023-07-11,2023-07-11,6982.26,ship,3,1,0.2214,0.1012,0,3.28
9811,27,14,2024-01-10,2024-01-31,2024-02-02,867.21,truck,4,0,0.516,0.1179,1,37.42
9812,41,14,2023-02-19,2023-03-10,2023-03-12,1356.2,truck,4,0,0.5844,0.5395,1,43.55
9813,28,14,2025-11-23,2025-12-09,2025-12-18,1174.33,truck,5,0,0.2776,0.183,1,216.93
9814,34,2,2024-10-09,2024-10-22,2024-10-22,801.99,truck,2,0,0.4514,0.0399,0,1.32
9815,10,6,2024-02-15,2024-03-27,2024-03-29,6941.86,ship,2,0,0.4647,0.335,1,48.56
9816,24,11,2023-07-17,2023-08-06,2023-08-06,3121.76,air,3,2,0.4518,0.0437,0,2.47
9817,43,9,2024-10-10,2024-11-18,2024-11-19,4745.45,ship,1,0,0.6223,0.1166,1,28.67
9818,43,1,2024-05-29,2024-06-27,2024-07-11,2629.05,ship,4,2,0.7384,0.1166,1,340.81
9819,50,12,2025-07-07,2025-07-25,2025-07-28,320.4,truck,5,1,0.3169,0.1476,1,61.35
9820,33,11,2024-08-13,2024-08-28,2024-08-28,3986.65,air,1,2,0.3931,0.1674,0,2.27
9821,47,10,2023-04-30,2023-05-27,2023-06-08,1103.67,truck,4,1,0.5395,0.1768,1,279.8
9822,1,12,2024-09-18,2024-10-11,2024-10-11,371.39,truck,2,1,0.1835,0.2492,0,1.25
9823,36,20,2025-10-22,2025-11-13,2025-11-14,1314.3,truck,2,0,0.4508,0.0168,1,29.81
9824,49,18,2025-06-10,2025-06-26,2025-06-27,946.7,truck,1,2,0.4862,0.0836,1,17.75
9825,31,19,2025-03-10,2025-03-29,2025-04-05,321.6,truck,2,1,0.3004,0.2757,1,169.61
9826,25,14,2025-02-09,2025-03-07,2025-03-09,373.97,truck,3,0,0.4154,0.3294,1,39.61
9827,20,1,2024-05-19,2024-07-29,2024-07-31,14756.73,ship,1,1,0.8722,0.2853,1,44.86
9828,35,8,2024-03-27,2024-04-28,2024-04-28,1828.82,ship,4,0,0.442,0.4038,0,2.76
9829,49,13,2024-01-23,2024-02-08,2024-02-08,607.33,truck,4,2,0.3225,0.0836,0,2.37
9830,15,17,2025-06-02,2025-07-12,2025-07-13,3301.36,ship,1,2,0.4316,0.1012,1,27.17
9831,49,4,2024-06-11,2024-06-28,2024-06-28,8365.8,air,4,1,0.6732,0.0836,0,1.74
9832,4,9,2025-07-25,2025-08-29,2025-09-06,1236.02,truck,3,1,0.7542,0.2301,1,190.62
9833,29,15,2023-07-15,2023-08-04,2023-08-04,877.5,truck,2,1,0.6437,0.223,0,1.75
9834,2,11,2024-04-20,2024-06-07,2024-06-07,13699.62,ship,1,0,0.5771,0.3485,1,8.76
9835,47,16,2025-08-01,2025-09-11,2025-09-11,5783.73,ship,1,1,0.5785,0.1768,0,1.72
9836,30,6,2023-12-26,2024-01-18,2024-01-19,3309.44,ship,2,0,0.6031,0.3611,1,21.48
9837,20,1,2023-11-05,2023-12-08,2023-12-08,1437.79,truck,4,0,0.5513,0.2853,0,3.78
9838,18,11,2024-03-12,2024-03-21,2024-03-23,3073.08,air,5,1,0.4219,0.0465,1,56.2
9839,17,17,2024-02-25,2024-04-10,2024-04-10,799.58,truck,5,1,0.2923,0.1135,0,1.71
9840,2,15,2023-03-07,2023-03-18,2023-03-20,662.11,truck,2,0,0.4176,0.3485,1,57.96
9841,1,17,2025-11-04,2025-11-26,2025-11-26,1235.55,air,2,0,0.3642,0.2492,0,1.57
9842,39,8,2025-06-29,2025-07-19,2025-07-24,940.34,truck,4,1,0.448,0.2906,1,115.82
9843,1,15,2024-10-16,2024-11-05,2024-11-08,696.93,truck,1,1,0.6431,0.2492,1,77.7
9844,29,2,2024-03-12,2024-04-10,2024-04-10,3553.05,ship,3,0,0.4106,0.223,0,2.75
9845,41,3,2023-02-28,2023-03-18,2023-03-21,438.83,truck,2,1,0.6411,0.5395,1,78.4
9846,32,18,2025-07-30,2025-08-25,2025-09-03,420.53,truck,5,2,0.6111,0.299,1,226.58
9847,32,18,2024-09-17,2024-10-15,2024-10-17,1123.44,truck,2,0,0.559,0.299,1,37.77
9848,8,15,2023-01-19,2023-02-13,2023-02-16,1535.89,truck,4,0,0.3639,0.1094,1,67.3
9849,35,17,2023-06-23,2023-07-16,2023-07-17,498.2,truck,5,1,0.2726,0.4038,1,19.18
9850,23,5,2024-04-08,2024-05-08,2024-05-10,3096.27,ship,2,0,0.4596,0.2281,1,44.57
9851,29,5,2024-08-26,2024-09-17,2024-09-23,664.75,truck,2,1,0.4394,0.223,1,142.37
9852,24,10,2025-03-09,2025-03-30,2025-03-30,371.38,truck,1,0,0.381,0.0437,0,2.0
9853,30,9,2025-02-03,2025-02-19,2025-02-19,2047.67,air,3,0,0.599,0.3611,0,3.66
9854,14,15,2023-05-01,2023-05-28,2023-05-30,831.5,truck,5,1,0.6199,0.2082,1,59.15
9855,34,18,2024-03-21,2024-04-13,2024-04-19,4712.56,ship,5,1,0.6164,0.0399,1,150.17
9856,49,13,2023-02-11,2023-03-02,2023-03-02,3790.81,air,2,2,0.268,0.0836,0,3.04
9857,23,6,2025-07-27,2025-09-10,2025-09-13,7326.38,ship,4,1,0.4369,0.2281,1,82.93
9858,41,11,2023-02-03,2023-02-22,2023-02-22,9273.67,air,4,0,0.1782,0.5395,0,1.47
9859,12,9,2024-10-21,2024-11-28,2024-11-28,6128.7,air,4,1,0.7669,0.2771,0,3.65
9860,28,1,2024-11-16,2024-12-04,2024-12-05,1109.54,truck,2,0,0.8544,0.183,1,33.6
9861,15,16,2023-08-15,2023-09-15,2023-09-15,447.54,truck,4,1,0.4644,0.1012,0,1.88
9862,10,19,2023-10-09,2023-12-21,2023-12-22,16922.78,ship,1,1,0.0558,0.335,1,31.54
9863,44,4,2025-09-23,2025-11-06,2025-11-06,12117.66,ship,1,1,0.2781,0.0719,0,1.72
9864,2,14,2025-03-02,2025-03-14,2025-03-17,587.82,truck,4,1,0.6435,0.3485,1,74.52
9865,29,4,2023-05-22,2023-06-13,2023-06-13,4525.63,air,1,1,0.5806,0.223,0,3.28
9866,43,17,2024-02-01,2024-03-03,2024-03-03,2371.52,ship,3,0,0.0567,0.1166,0,1.99
9867,36,20,2025-10-09,2025-10-29,2025-11-01,1395.03,air,2,0,0.4172,0.0168,1,62.36
9868,7,20,2023-07-15,2023-08-06,2023-08-07,582.19,truck,2,0,0.6695,0.2727,1,19.17
9869,15,9,2025-01-27,2025-02-25,2025-02-25,4178.78,air,4,0,0.5994,0.1012,0,2.07
9870,44,6,2024-10-13,2024-10-26,2024-10-26,485.86,truck,1,1,0.5526,0.0719,0,1.88
9871,9,15,2024-06-13,2024-06-30,2024-07-11,1873.38,air,4,2,0.5065,0.1382,1,265.84
9872,13,1,2024-02-21,2024-04-07,2024-04-11,9866.8,ship,3,0,0.4702,0.1757,1,85.21
9873,42,12,2023-10-11,2023-10-27,2023-10-27,474.3,truck,2,0,0.3039,0.2372,0,1.59
9874,27,2,2024-05-24,2024-06-17,2024-06-17,2785.91,truck,5,2,0.5042,0.1179,0,1.99
9875,29,13,2024-02-06,2024-02-24,2024-02-26,426.38,truck,4,1,0.4341,0.223,1,41.49
9876,23,13,2024-01-25,2024-03-09,2024-03-12,7942.11,ship,2,2,0.3633,0.2281,1,82.5
9877,33,20,2024-05-16,2024-06-21,2024-06-22,8455.08,ship,1,0,0.6704,0.1674,1,20.19
9878,1,11,2025-05-16,2025-06-07,2025-06-07,399.46,truck,4,1,0.4363,0.2492,0,2.19
9879,15,7,2025-02-14,2025-03-17,2025-03-17,761.0,truck,1,1,0.3927,0.1012,0,2.46
9880,50,6,2023-01-24,2023-02-13,2023-02-13,626.2,truck,1,0,0.5111,0.1476,0,2.69
9881,37,20,2024-03-06,2024-04-07,2024-04-09,1822.52,truck,3,0,0.7328,0.1502,1,53.49
9882,48,1,2023-03-30,2023-05-16,2023-05-19,10865.62,ship,5,0,0.5554,0.5295,1,73.89
9883,9,9,2025-01-19,2025-02-05,2025-02-05,410.69,truck,2,0,0.8133,0.1382,0,2.78
9884,26,18,2023-02-05,2023-03-04,2023-03-04,2228.96,ship,2,0,0.5278,0.1577,1,8.46
9885,22,17,2025-10-11,2025-11-03,2025-11-03,3283.85,ship,1,0,0.6008,0.1904,0,3.41
9886,29,18,2024-03-31,2024-04-21,2024-04-22,381.65,truck,2,0,0.5838,0.223,1,24.01
9887,27,18,2025-05-18,2025-06-29,2025-06-29,8130.36,ship,4,1,0.6651,0.1179,0,2.11
9888,43,7,2025-04-18,2025-05-18,2025-05-18,1341.18,truck,1,0,0.1855,0.1166,0,2.82
9889,15,10,2025-11-17,2025-12-18,2025-12-18,1831.64,air,2,0,0.5491,0.1012,0,2.0
9890,50,12,2025-03-20,2025-04-07,2025-04-07,6386.77,air,5,0,0.3835,0.1476,0,2.73
9891,27,3,2025-01-24,2025-03-23,2025-03-30,12425.21,ship,4,2,0.7283,0.1179,1,168.95
9892,44,1,2024-09-07,2024-09-19,2024-09-21,3300.07,air,1,1,0.463,0.0719,1,36.31
9893,44,13,2023-01-18,2023-02-01,2023-02-01,7535.47,air,5,1,0.5658,0.0719,0,2.34
9894,3,5,2023-10-28,2023-12-13,2023-12-13,7086.55,ship,2,0,0.5416,0.2878,0,1.11
9895,23,20,2023-09-27,2023-10-22,2023-10-28,376.33,truck,5,1,0.7113,0.2281,1,139.22
9896,21,17,2025-04-08,2025-04-20,2025-04-20,633.12,truck,5,1,0.3309,0.1211,0,3.2
9897,24,9,2024-02-07,2024-03-01,2024-03-01,1909.21,ship,3,0,0.705,0.0437,0,3.28
9898,43,7,2024-12-02,2024-12-27,2024-12-27,801.43,truck,1,2,0.3585,0.1166,0,2.51
9899,5,9,2023-08-15,2023-09-12,2023-09-13,2461.27,truck,5,1,0.8231,0.2606,1,21.06
9900,35,16,2023-01-31,2023-03-07,2023-03-24,3865.84,ship,5,0,0.7163,0.4038,1,412.03
9901,22,3,2025-11-23,2025-12-10,2025-12-10,755.44,truck,3,1,0.4582,0.1904,0,3.86
9902,29,16,2025-08-02,2025-08-26,2025-08-26,2222.43,ship,2,1,0.5648,0.223,0,1.91
9903,38,1,2023-03-31,2023-04-23,2023-04-23,5017.53,truck,4,0,0.582,0.1178,0,1.51
9904,29,2,2023-03-24,2023-04-17,2023-04-18,10723.56,air,1,1,0.5178,0.223,1,25.82
9905,47,2,2025-02-28,2025-05-22,2025-05-23,20000.0,ship,1,1,0.4575,0.1768,1,21.14
9906,44,8,2023-09-04,2023-09-21,2023-09-22,1919.67,truck,1,1,0.4731,0.0719,1,34.74
9907,23,9,2023-11-22,2024-01-09,2024-01-09,9255.22,ship,3,0,0.7027,0.2281,0,4.51
9908,49,7,2023-09-27,2023-10-13,2023-10-13,890.06,truck,3,1,0.19,0.0836,0,2.52
9909,38,20,2025-09-16,2025-10-05,2025-10-06,1218.45,truck,1,0,0.6745,0.1178,1,28.53
9910,46,7,2024-04-09,2024-06-18,2024-06-19,17515.51,ship,2,2,0.4102,0.0911,1,31.26
9911,12,12,2024-09-07,2024-11-04,2024-11-04,9122.36,ship,2,0,0.267,0.2771,0,1.82
9912,16,13,2025-06-23,2025-07-19,2025-07-19,1502.66,truck,2,0,0.4385,0.3266,0,2.0
9913,38,6,2023-05-23,2023-06-10,2023-06-10,3718.28,air,3,1,0.3806,0.1178,0,2.37
9914,21,7,2023-04-25,2023-05-08,2023-05-08,1003.03,truck,2,1,0.2008,0.1211,0,2.15
9915,37,6,2023-11-29,2023-12-29,2023-12-29,3652.14,air,2,0,0.6648,0.1502,0,2.1
9916,45,8,2023-11-16,2023-12-04,2023-12-04,1868.15,ship,2,1,0.496,0.1051,0,1.07
9917,47,11,2024-06-30,2024-08-03,2024-08-06,2968.24,truck,1,1,0.3841,0.1768,1,77.04
9918,34,17,2025-01-01,2025-01-13,2025-01-13,1475.45,truck,5,0,0.3477,0.0399,0,2.9
9919,6,8,2024-01-20,2024-02-23,2024-02-24,3732.22,truck,4,0,0.4125,0.3463,1,25.0
9920,1,16,2024-02-04,2024-03-02,2024-03-09,2172.81,ship,5,1,0.7581,0.2492,1,165.92
9921,16,14,2025-05-05,2025-06-01,2025-06-01,1399.76,truck,4,1,0.4811,0.3266,0,1.81
9922,35,13,2025-09-01,2025-10-19,2025-10-22,8121.62,ship,1,1,0.2565,0.4038,1,63.64
9923,19,2,2023-09-28,2023-10-18,2023-10-22,789.7,truck,3,0,0.4918,0.2562,1,96.0
9924,35,8,2025-03-07,2025-03-31,2025-04-10,817.72,truck,2,1,0.3808,0.4038,1,228.12
9925,32,16,2024-01-25,2024-02-19,2024-02-20,447.71,truck,1,0,0.6673,0.299,1,26.52
9926,18,1,2025-02-05,2025-02-18,2025-02-24,2087.8,truck,1,0,0.8209,0.0465,1,136.21
9927,13,10,2023-11-16,2023-12-01,2023-12-03,1358.33,truck,5,0,0.4591,0.1757,1,36.81
9928,25,3,2024-07-13,2024-08-07,2024-08-07,3616.29,air,4,0,0.4178,0.3294,0,1.24
9929,14,10,2023-06-19,2023-07-12,2023-07-12,325.74,truck,3,1,0.5148,0.2082,0,2.04
9930,3,18,2025-02-07,2025-03-06,2025-03-09,906.19,truck,5,0,0.6072,0.2878,1,76.1
9931,29,4,2023-05-19,2023-07-18,2023-07-19,13909.75,ship,2,2,0.3213,0.223,1,32.63
9932,13,8,2023-09-24,2023-10-10,2023-10-11,486.84,truck,1,0,0.2842,0.1757,1,23.4
9933,12,8,2025-04-30,2025-06-03,2025-06-03,777.03,truck,1,1,0.3357,0.2771,0,1.68
9934,29,18,2024-09-14,2024-10-05,2024-10-05,1012.09,truck,3,0,0.5267,0.223,0,1.71
9935,11,17,2025-07-09,2025-08-07,2025-08-07,5432.28,ship,2,1,0.276,0.163,0,1.81
9936,5,14,2023-11-15,2023-12-14,2023-12-14,5552.13,air,1,0,0.3568,0.2606,0,2.02
9937,1,19,2025-11-01,2025-11-23,2025-11-23,1462.89,truck,2,1,0.2212,0.2492,0,1.53
9938,10,6,2024-07-20,2024-08-14,2024-08-15,1538.07,truck,5,1,0.5215,0.335,1,28.18
9939,16,2,2024-03-15,2024-04-15,2024-04-15,8628.48,air,2,0,0.6753,0.3266,0,1.5
9940,40,20,2023-12-09,2023-12-31,2023-12-31,1747.91,truck,2,1,0.5518,0.1206,1,9.01
9941,30,3,2023-08-11,2023-08-31,2023-09-03,5654.77,air,3,0,0.6703,0.3611,1,83.75
9942,7,15,2025-08-25,2025-09-22,2025-09-23,2699.37,ship,4,1,0.3634,0.2727,1,13.43
9943,3,7,2024-09-30,2024-10-24,2024-10-26,925.66,truck,2,1,0.3591,0.2878,1,53.0
9944,10,19,2025-02-11,2025-03-12,2025-03-13,3053.76,ship,2,1,0.2343,0.335,1,19.15
9945,24,18,2023-10-17,2023-11-07,2023-11-09,577.79,truck,4,2,0.6299,0.0437,1,43.51
9946,30,19,2023-12-08,2024-01-05,2024-01-05,4726.58,ship,2,1,0.028,0.3611,0,1.76
9947,17,18,2025-09-28,2025-11-06,2025-11-06,470.13,truck,5,0,0.4616,0.1135,0,2.2
9948,4,12,2025-03-24,2025-04-27,2025-04-27,1803.36,truck,2,1,0.2945,0.2301,0,1.57
9949,43,8,2023-08-15,2023-09-13,2023-09-14,879.1,truck,4,2,0.6232,0.1166,1,19.9
9950,20,17,2025-03-29,2025-04-29,2025-05-01,580.97,truck,2,1,0.4198,0.2853,1,54.99
9951,4,4,2023-06-15,2023-07-18,2023-07-19,517.04,truck,4,1,0.3109,0.2301,1,20.51
9952,41,8,2023-08-07,2023-09-03,2023-09-05,20000.0,air,3,1,0.793,0.5395,1,52.62
9953,4,10,2024-06-05,2024-07-09,2024-07-11,6165.61,air,4,1,0.7154,0.2301,1,40.77
9954,24,17,2024-03-09,2024-04-21,2024-04-21,8514.29,ship,3,0,0.3552,0.0437,0,3.23
9955,28,12,2024-08-12,2024-08-29,2024-08-29,1587.33,truck,3,1,0.1611,0.183,0,3.15
9956,3,17,2025-11-08,2025-11-28,2025-12-02,329.85,truck,4,1,0.3806,0.2878,1,85.96
9957,12,1,2023-11-21,2024-01-29,2024-01-29,13996.73,ship,1,0,0.7497,0.2771,1,7.11
9958,31,8,2024-04-28,2024-05-13,2024-05-13,2164.27,air,4,1,0.5345,0.2757,0,3.31
9959,9,12,2023-09-30,2023-10-19,2023-10-19,539.66,truck,1,1,0.3787,0.1382,0,4.4
9960,15,20,2024-10-15,2024-11-13,2024-11-18,787.62,truck,4,1,0.581,0.1012,1,121.0
9961,33,11,2023-02-08,2023-03-03,2023-03-03,3772.02,ship,2,1,0.3228,0.1674,0,2.84
9962,4,10,2025-01-22,2025-02-24,2025-02-25,1182.49,truck,5,0,0.6214,0.2301,1,14.26
9963,48,7,2025-07-19,2025-08-04,2025-08-08,638.56,truck,3,1,0.4324,0.5295,1,87.26
9964,46,9,2023-03-25,2023-04-14,2023-04-14,405.74,truck,2,0,0.6771,0.0911,0,2.19
9965,46,11,2024-11-16,2024-12-21,2024-12-21,6200.18,ship,5,0,0.618,0.0911,0,2.22
9966,9,13,2023-04-28,2023-05-19,2023-05-19,4034.18,air,5,0,0.577,0.1382,0,3.01
9967,36,11,2025-03-28,2025-04-20,2025-04-21,527.31,truck,2,1,0.2756,0.0168,1,16.52
9968,21,20,2025-07-10,2025-07-23,2025-07-23,1970.55,truck,3,0,0.6149,0.1211,0,5.46
9969,13,1,2023-12-13,2024-01-07,2024-01-07,4551.35,ship,4,0,0.4062,0.1757,0,1.42
9970,19,18,2024-10-12,2024-11-20,2024-11-20,9134.86,ship,2,1,0.5526,0.2562,0,2.46
9971,23,9,2025-11-19,2025-12-17,2025-12-17,1656.47,truck,2,0,0.5908,0.2281,0,2.04
9972,19,18,2023-07-16,2023-08-04,2023-08-04,4520.03,air,1,1,0.513,0.2562,0,1.45
9973,8,11,2023-02-23,2023-04-21,2023-04-21,12363.75,ship,1,0,0.3202,0.1094,0,4.68
9974,18,16,2025-04-19,2025-05-19,2025-05-19,7203.32,ship,5,0,0.3608,0.0465,0,2.94
9975,48,13,2025-09-24,2025-10-25,2025-10-26,4760.43,ship,5,1,0.1429,0.5295,1,30.24
9976,11,13,2025-01-31,2025-02-17,2025-02-17,11567.06,air,3,1,0.0449,0.163,0,4.0
9977,37,17,2024-12-13,2025-03-05,2025-03-07,18791.67,ship,2,0,0.3954,0.1502,1,38.35
9978,20,11,2023-09-24,2023-12-08,2023-12-08,15799.36,ship,3,0,0.6441,0.2853,0,0.95
9979,20,5,2024-04-29,2024-06-29,2024-06-30,11070.78,ship,5,1,0.7934,0.2853,1,24.38
9980,6,15,2024-11-03,2024-11-30,2024-11-30,760.84,truck,1,0,0.4131,0.3463,0,2.06
9981,37,1,2025-06-09,2025-07-19,2025-07-19,3769.39,ship,1,1,0.5843,0.1502,0,2.07
9982,45,5,2025-11-02,2025-11-19,2025-11-19,1471.92,truck,3,0,0.5085,0.1051,0,2.64
9983,21,1,2023-08-28,2023-09-08,2023-09-08,1018.4,air,1,1,0.6407,0.1211,1,11.56
9984,39,2,2025-01-18,2025-02-07,2025-02-07,2108.74,truck,2,0,0.1383,0.2906,0,3.82
9985,23,17,2025-07-12,2025-08-08,2025-08-08,1761.96,truck,2,1,0.2285,0.2281,0,1.83
9986,33,2,2023-02-26,2023-03-10,2023-03-10,805.74,truck,2,0,0.3808,0.1674,0,1.33
9987,50,4,2025-08-18,2025-09-08,2025-09-18,1576.57,truck,4,1,0.4726,0.1476,1,251.55
9988,48,3,2025-05-09,2025-05-26,2025-05-26,1056.14,truck,4,0,0.3992,0.5295,0,1.2
9989,17,2,2024-09-17,2024-10-29,2024-10-29,517.76,truck,4,1,0.2715,0.1135,0,1.95
9990,45,16,2024-10-18,2024-11-06,2024-11-06,5503.06,air,3,1,0.5456,0.1051,0,2.97
9991,14,6,2025-07-01,2025-08-09,2025-08-09,4351.84,ship,2,0,0.224,0.2082,0,3.27
9992,25,4,2024-05-19,2024-06-11,2024-06-11,802.72,truck,4,0,0.449,0.3294,0,2.52
9993,19,11,2023-06-29,2023-07-15,2023-07-19,791.36,truck,4,2,0.3622,0.2562,1,94.91
9994,38,2,2024-03-29,2024-04-24,2024-04-24,4528.59,ship,3,1,0.4301,0.1178,0,1.53
9995,10,6,2024-12-19,2025-02-26,2025-02-27,16550.88,ship,2,0,0.326,0.335,1,23.84
9996,5,16,2025-09-27,2025-10-26,2025-10-26,4679.92,air,5,1,0.4854,0.2606,0,1.81
9997,25,1,2023-02-01,2023-02-24,2023-02-25,1313.48,air,4,0,0.558,0.3294,1,21.44
9998,44,7,2024-04-06,2024-04-22,2024-04-28,2268.49,truck,4,1,0.3317,0.0719,1,133.31
9999,8,6,2024-08-01,2024-08-24,2024-08-26,495.87,truck,2,1,0.5212,0.1094,1,50.13
10000,50,8,2023-02-21,2023-03-28,2023-03-29,4904.92,ship,3,0,0.7092,0.1476,1,26.79
