date,location,weather_severity,precipitation,wind_speed,storm_flag
2023-01-01,Shanghai,0,4.88,1.52,0
2023-01-02,Shanghai,0,5.77,3.07,0
2023-01-03,Shanghai,0,1.77,1.51,0
2023-01-04,Shanghai,0,5.74,6.69,0
2023-01-05,Shanghai,0,9.91,36.58,0
2023-01-06,Shanghai,0,1.54,8.82,0
2023-01-07,Shanghai,0,13.46,7.87,0
2023-01-08,Shanghai,0,0.55,8.19,0
2023-01-09,Shanghai,0,2.44,2.48,0
2023-01-10,Shanghai,1,1.39,11.08,0
2023-01-11,Shanghai,0,0.43,2.29,0
2023-01-12,Shanghai,0,18.39,10.94,0
2023-01-13,Shanghai,0,1.59,18.51,0
2023-01-14,Shanghai,0,3.6,2.48,0
2023-01-15,Shanghai,0,4.91,27.31,0
2023-01-16,Shanghai,0,0.7,22.2,0
2023-01-17,Shanghai,0,1.72,0.02,0
2023-01-18,Shanghai,0,1.63,4.48,0
2023-01-19,Shanghai,0,1.86,2.15,0
2023-01-20,Shanghai,0,3.3,1.7,0
2023-01-21,Shanghai,0,2.03,17.62,0
2023-01-22,Shanghai,0,8.43,12.57,0
2023-01-23,Shanghai,0,3.61,6.62,0
2023-01-24,Shanghai,0,2.61,16.3,0
2023-01-25,Shanghai,0,1.3,14.5,0
2023-01-26,Shanghai,0,7.18,0.95,0
2023-01-27,Shanghai,0,2.43,0.83,0
2023-01-28,Shanghai,0,2.46,14.21,0
2023-01-29,Shanghai,0,16.65,1.02,0
2023-01-30,Shanghai,0,0.3,18.87,0
2023-01-31,Shanghai,0,2.62,10.35,0
2023-02-01,Shanghai,0,4.62,12.78,0
2023-02-02,Shanghai,0,6.9,5.33,0
2023-02-03,Shanghai,0,6.61,3.12,0
2023-02-04,Shanghai,0,1.62,4.08,0
2023-02-05,Shanghai,0,0.04,1.26,0
2023-02-06,Shanghai,0,5.53,4.27,0
2023-02-07,Shanghai,1,6.83,19.56,0
2023-02-08,Shanghai,0,0.46,20.67,0
2023-02-09,Shanghai,0,3.54,0.64,0
2023-02-10,Shanghai,0,1.03,19.75,0
2023-02-11,Shanghai,0,0.61,30.51,0
2023-02-12,Shanghai,0,4.27,26.3,0
2023-02-13,Shanghai,0,5.61,7.91,0
2023-02-14,Shanghai,0,4.84,19.69,0
2023-02-15,Shanghai,0,1.84,14.35,0
2023-02-16,Shanghai,0,4.63,7.6,0
2023-02-17,Shanghai,0,3.05,8.34,0
2023-02-18,Shanghai,0,3.6,1.77,0
2023-02-19,Shanghai,0,6.37,17.31,0
2023-02-20,Shanghai,0,4.52,0.8,0
2023-02-21,Shanghai,0,4.98,11.51,0
2023-02-22,Shanghai,0,8.21,38.73,0
2023-02-23,Shanghai,0,2.31,14.26,0
2023-02-24,Shanghai,0,3.71,8.08,0
2023-02-25,Shanghai,0,5.18,4.76,0
2023-02-26,Shanghai,0,8.9,18.88,0
2023-02-27,Shanghai,0,1.48,0.95,0
2023-02-28,Shanghai,0,7.34,6.76,0
2023-03-01,Shanghai,0,1.61,14.91,0
2023-03-02,Shanghai,0,1.99,4.09,0
2023-03-03,Shanghai,0,2.75,4.94,0
2023-03-04,Shanghai,0,0.58,0.93,0
2023-03-05,Shanghai,0,10.79,1.62,0
2023-03-06,Shanghai,0,9.87,0.3,0
2023-03-07,Shanghai,0,15.35,4.28,0
2023-03-08,Shanghai,0,4.5,7.36,0
2023-03-09,Shanghai,0,5.68,3.98,0
2023-03-10,Shanghai,0,1.76,3.48,0
2023-03-11,Shanghai,0,0.14,11.56,0
2023-03-12,Shanghai,0,6.64,27.67,0
2023-03-13,Shanghai,0,1.1,7.53,0
2023-03-14,Shanghai,0,1.44,7.88,0
2023-03-15,Shanghai,0,24.9,3.33,0
2023-03-16,Shanghai,0,0.83,4.67,0
2023-03-17,Shanghai,1,0.71,6.87,0
2023-03-18,Shanghai,0,0.39,30.65,0
2023-03-19,Shanghai,0,5.34,12.42,0
2023-03-20,Shanghai,0,2.24,15.35,0
2023-03-21,Shanghai,0,2.03,2.15,0
2023-03-22,Shanghai,1,6.11,28.82,0
2023-03-23,Shanghai,0,0.54,5.82,0
2023-03-24,Shanghai,1,1.09,2.48,0
2023-03-25,Shanghai,1,19.1,17.09,0
2023-03-26,Shanghai,1,16.27,2.66,0
2023-03-27,Shanghai,1,6.36,10.07,0
2023-03-28,Shanghai,1,18.78,2.2,0
2023-03-29,Shanghai,0,0.4,7.88,0
2023-03-30,Shanghai,0,4.04,2.26,0
2023-03-31,Shanghai,0,5.72,2.41,0
2023-04-01,Shanghai,0,9.27,1.62,0
2023-04-02,Shanghai,0,4.3,0.42,0
2023-04-03,Shanghai,0,4.21,1.34,0
2023-04-04,Shanghai,1,2.64,24.84,0
2023-04-05,Shanghai,0,5.5,4.72,0
2023-04-06,Shanghai,0,0.68,17.89,0
2023-04-07,Shanghai,0,9.76,26.7,0
2023-04-08,Shanghai,0,3.39,28.95,0
2023-04-09,Shanghai,0,0.57,0.73,0
2023-04-10,Shanghai,0,1.79,7.83,0
2023-04-11,Shanghai,0,3.12,1.07,0
2023-04-12,Shanghai,0,17.54,21.25,0
2023-04-13,Shanghai,0,5.64,15.18,0
2023-04-14,Shanghai,0,7.85,4.49,0
2023-04-15,Shanghai,1,35.49,8.19,0
2023-04-16,Shanghai,1,10.51,13.53,0
2023-04-17,Shanghai,1,0.58,19.53,0
2023-04-18,Shanghai,1,9.5,30.99,0
2023-04-19,Shanghai,1,11.39,1.93,0
2023-04-20,Shanghai,2,3.9,19.22,0
2023-04-21,Shanghai,1,1.36,7.99,0
2023-04-22,Shanghai,1,6.25,5.33,0
2023-04-23,Shanghai,1,47.71,20.5,0
2023-04-24,Shanghai,0,7.67,5.14,0
2023-04-25,Shanghai,0,10.24,14.13,0
2023-04-26,Shanghai,0,7.4,17.52,0
2023-04-27,Shanghai,0,2.12,4.73,0
2023-04-28,Shanghai,1,7.35,0.28,0
2023-04-29,Shanghai,1,22.48,58.76,0
2023-04-30,Shanghai,0,1.79,12.23,0
2023-05-01,Shanghai,1,0.43,37.85,0
2023-05-02,Shanghai,1,58.38,1.58,0
2023-05-03,Shanghai,1,3.83,2.32,0
2023-05-04,Shanghai,1,35.53,1.03,0
2023-05-05,Shanghai,1,6.87,4.1,0
2023-05-06,Shanghai,1,6.33,0.15,0
2023-05-07,Shanghai,1,8.11,34.96,0
2023-05-08,Shanghai,1,6.63,6.3,0
2023-05-09,Shanghai,1,25.2,26.64,0
2023-05-10,Shanghai,1,4.15,29.78,0
2023-05-11,Shanghai,1,1.27,29.54,0
2023-05-12,Shanghai,0,9.78,6.63,0
2023-05-13,Shanghai,1,8.81,58.68,0
2023-05-14,Shanghai,1,0.27,36.93,0
2023-05-15,Shanghai,1,8.75,53.23,0
2023-05-16,Shanghai,1,12.78,14.76,0
2023-05-17,Shanghai,0,1.91,20.43,0
2023-05-18,Shanghai,0,2.65,6.14,0
2023-05-19,Shanghai,0,0.65,13.24,0
2023-05-20,Shanghai,0,1.71,12.03,0
2023-05-21,Shanghai,1,8.67,1.24,0
2023-05-22,Shanghai,2,0.32,5.25,0
2023-05-23,Shanghai,1,11.49,25.82,0
2023-05-24,Shanghai,1,22.31,0.44,0
2023-05-25,Shanghai,1,0.89,24.41,0
2023-05-26,Shanghai,2,6.02,20.59,0
2023-05-27,Shanghai,1,1.81,78.4,0
2023-05-28,Shanghai,1,5.09,0.57,0
2023-05-29,Shanghai,2,16.4,16.88,0
2023-05-30,Shanghai,1,8.2,52.95,0
2023-05-31,Shanghai,1,4.02,0.15,0
2023-06-01,Shanghai,1,1.63,17.75,0
2023-06-02,Shanghai,1,30.96,7.21,0
2023-06-03,Shanghai,1,2.36,4.84,0
2023-06-04,Shanghai,1,2.78,22.6,0
2023-06-05,Shanghai,1,0.04,10.43,0
2023-06-06,Shanghai,1,34.13,14.18,0
2023-06-07,Shanghai,1,11.66,0.0,0
2023-06-08,Shanghai,1,15.28,13.04,0
2023-06-09,Shanghai,1,14.86,1.33,0
2023-06-10,Shanghai,1,4.09,10.96,0
2023-06-11,Shanghai,1,4.53,1.49,0
2023-06-12,Shanghai,2,17.35,25.68,0
2023-06-13,Shanghai,2,13.28,4.42,0
2023-06-14,Shanghai,1,0.64,0.45,0
2023-06-15,Shanghai,1,5.29,28.43,0
2023-06-16,Shanghai,1,25.07,4.07,0
2023-06-17,Shanghai,1,7.09,0.14,0
2023-06-18,Shanghai,1,7.75,19.93,0
2023-06-19,Shanghai,1,2.35,12.43,0
2023-06-20,Shanghai,1,30.88,15.75,0
2023-06-21,Shanghai,1,18.76,34.23,0
2023-06-22,Shanghai,1,5.49,3.37,0
2023-06-23,Shanghai,1,3.38,4.72,0
2023-06-24,Shanghai,1,2.49,22.91,0
2023-06-25,Shanghai,2,5.44,10.57,0
2023-06-26,Shanghai,1,1.28,4.9,0
2023-06-27,Shanghai,1,2.16,27.92,0
2023-06-28,Shanghai,1,0.38,7.2,0
2023-06-29,Shanghai,1,15.12,6.94,0
2023-06-30,Shanghai,1,0.67,48.78,0
2023-07-01,Shanghai,1,0.41,0.28,0
2023-07-02,Shanghai,1,14.96,50.07,0
2023-07-03,Shanghai,2,8.04,9.41,0
2023-07-04,Shanghai,1,9.92,54.53,0
2023-07-05,Shanghai,0,8.69,1.39,0
2023-07-06,Shanghai,1,5.26,14.3,0
2023-07-07,Shanghai,2,13.93,31.31,0
2023-07-08,Shanghai,2,7.6,32.48,0
2023-07-09,Shanghai,1,29.09,1.6,0
2023-07-10,Shanghai,1,12.96,1.51,0
2023-07-11,Shanghai,1,2.78,16.12,0
2023-07-12,Shanghai,1,5.51,1.6,0
2023-07-13,Shanghai,1,1.7,26.85,0
2023-07-14,Shanghai,1,9.75,31.31,0
2023-07-15,Shanghai,1,2.13,2.55,0
2023-07-16,Shanghai,1,5.57,24.43,0
2023-07-17,Shanghai,1,5.76,0.83,0
2023-07-18,Shanghai,2,8.45,73.26,0
2023-07-19,Shanghai,2,2.95,17.21,0
2023-07-20,Shanghai,2,7.72,30.73,0
2023-07-21,Shanghai,1,14.38,21.72,0
2023-07-22,Shanghai,2,3.07,24.99,0
2023-07-23,Shanghai,1,3.28,14.86,0
2023-07-24,Shanghai,1,9.25,0.48,0
2023-07-25,Shanghai,1,1.76,33.5,0
2023-07-26,Shanghai,2,31.36,21.53,0
2023-07-27,Shanghai,2,15.01,6.68,0
2023-07-28,Shanghai,2,15.06,9.87,0
2023-07-29,Shanghai,1,9.62,7.49,0
2023-07-30,Shanghai,2,3.85,1.56,0
2023-07-31,Shanghai,2,6.3,4.87,1
2023-08-01,Shanghai,1,5.5,0.34,0
2023-08-02,Shanghai,1,5.91,14.92,0
2023-08-03,Shanghai,2,14.32,12.52,0
2023-08-04,Shanghai,1,2.88,53.28,0
2023-08-05,Shanghai,1,4.65,4.52,0
2023-08-06,Shanghai,1,26.8,14.29,0
2023-08-07,Shanghai,1,22.0,1.15,0
2023-08-08,Shanghai,1,2.74,6.0,0
2023-08-09,Shanghai,1,8.45,15.78,0
2023-08-10,Shanghai,0,1.24,30.3,0
2023-08-11,Shanghai,0,2.05,32.69,0
2023-08-12,Shanghai,1,3.0,0.83,0
2023-08-13,Shanghai,1,8.22,16.2,0
2023-08-14,Shanghai,0,13.26,2.53,0
2023-08-15,Shanghai,1,4.89,34.85,0
2023-08-16,Shanghai,1,23.21,22.31,0
2023-08-17,Shanghai,1,17.09,3.92,0
2023-08-18,Shanghai,0,3.77,4.92,0
2023-08-19,Shanghai,1,8.74,0.13,0
2023-08-20,Shanghai,1,7.35,8.66,0
2023-08-21,Shanghai,2,18.54,18.43,0
2023-08-22,Shanghai,2,9.31,15.07,0
2023-08-23,Shanghai,2,7.39,30.33,0
2023-08-24,Shanghai,1,7.03,2.46,0
2023-08-25,Shanghai,1,6.66,29.33,0
2023-08-26,Shanghai,1,2.27,7.88,0
2023-08-27,Shanghai,2,0.25,11.49,0
2023-08-28,Shanghai,1,3.88,5.87,0
2023-08-29,Shanghai,1,3.43,25.15,0
2023-08-30,Shanghai,1,45.78,8.57,0
2023-08-31,Shanghai,1,6.42,6.18,0
2023-09-01,Shanghai,2,9.16,23.46,0
2023-09-02,Shanghai,1,8.35,16.92,0
2023-09-03,Shanghai,1,9.07,6.64,0
2023-09-04,Shanghai,1,1.35,32.05,0
2023-09-05,Shanghai,1,4.98,8.01,0
2023-09-06,Shanghai,1,0.64,21.64,0
2023-09-07,Shanghai,0,0.01,3.49,0
2023-09-08,Shanghai,0,3.63,15.21,0
2023-09-09,Shanghai,0,19.93,14.8,0
2023-09-10,Shanghai,0,3.21,12.62,0
2023-09-11,Shanghai,0,0.37,15.98,0
2023-09-12,Shanghai,0,1.73,8.56,0
2023-09-13,Shanghai,0,1.02,2.04,0
2023-09-14,Shanghai,1,9.91,11.87,0
2023-09-15,Shanghai,0,1.92,2.37,0
2023-09-16,Shanghai,0,5.19,9.59,0
2023-09-17,Shanghai,0,2.77,1.18,0
2023-09-18,Shanghai,1,7.91,14.05,0
2023-09-19,Shanghai,0,4.79,1.57,0
2023-09-20,Shanghai,0,11.0,8.88,0
2023-09-21,Shanghai,0,1.84,40.98,0
2023-09-22,Shanghai,0,2.13,11.48,0
2023-09-23,Shanghai,1,4.97,6.12,0
2023-09-24,Shanghai,1,5.69,4.54,0
2023-09-25,Shanghai,1,1.78,9.01,0
2023-09-26,Shanghai,0,4.02,7.15,0
2023-09-27,Shanghai,0,6.67,9.3,0
2023-09-28,Shanghai,0,1.5,2.91,0
2023-09-29,Shanghai,0,10.75,10.03,0
2023-09-30,Shanghai,0,8.92,1.83,0
2023-10-01,Shanghai,0,8.26,26.0,0
2023-10-02,Shanghai,0,6.97,13.11,0
2023-10-03,Shanghai,0,5.33,6.48,0
2023-10-04,Shanghai,0,3.32,11.45,0
2023-10-05,Shanghai,0,5.5,1.7,0
2023-10-06,Shanghai,0,9.6,19.56,0
2023-10-07,Shanghai,0,2.85,23.15,0
2023-10-08,Shanghai,0,0.91,2.16,0
2023-10-09,Shanghai,0,15.74,0.38,0
2023-10-10,Shanghai,0,12.99,4.38,0
2023-10-11,Shanghai,1,3.45,18.45,0
2023-10-12,Shanghai,0,2.5,35.82,0
2023-10-13,Shanghai,0,7.86,4.07,0
2023-10-14,Shanghai,0,2.93,3.99,0
2023-10-15,Shanghai,0,3.02,1.27,0
2023-10-16,Shanghai,0,3.95,20.19,0
2023-10-17,Shanghai,0,1.36,31.16,0
2023-10-18,Shanghai,0,4.16,0.72,0
2023-10-19,Shanghai,0,1.22,0.95,0
2023-10-20,Shanghai,0,2.23,3.04,0
2023-10-21,Shanghai,1,2.64,37.14,0
2023-10-22,Shanghai,0,0.41,48.09,0
2023-10-23,Shanghai,0,10.5,4.35,0
2023-10-24,Shanghai,0,2.0,13.98,0
2023-10-25,Shanghai,0,1.85,8.95,0
2023-10-26,Shanghai,0,33.02,2.43,0
2023-10-27,Shanghai,0,4.52,7.93,0
2023-10-28,Shanghai,0,0.27,29.11,0
2023-10-29,Shanghai,0,2.85,14.32,0
2023-10-30,Shanghai,1,3.22,25.04,0
2023-10-31,Shanghai,1,5.05,22.83,0
2023-11-01,Shanghai,0,1.05,1.51,0
2023-11-02,Shanghai,0,0.96,7.11,0
2023-11-03,Shanghai,0,0.48,11.63,0
2023-11-04,Shanghai,0,6.47,7.53,0
2023-11-05,Shanghai,0,0.15,0.11,0
2023-11-06,Shanghai,0,7.75,0.94,0
2023-11-07,Shanghai,1,1.35,39.1,0
2023-11-08,Shanghai,1,11.13,23.63,0
2023-11-09,Shanghai,0,6.44,13.55,0
2023-11-10,Shanghai,0,5.55,21.59,0
2023-11-11,Shanghai,0,0.2,12.13,0
2023-11-12,Shanghai,0,2.19,37.88,0
2023-11-13,Shanghai,0,5.34,23.53,0
2023-11-14,Shanghai,0,0.11,3.17,0
2023-11-15,Shanghai,0,1.9,4.13,0
2023-11-16,Shanghai,0,2.58,7.44,0
2023-11-17,Shanghai,0,10.51,3.08,0
2023-11-18,Shanghai,0,1.34,19.56,0
2023-11-19,Shanghai,0,1.1,1.93,0
2023-11-20,Shanghai,0,17.1,8.91,0
2023-11-21,Shanghai,0,2.29,13.67,0
2023-11-22,Shanghai,0,2.3,8.94,0
2023-11-23,Shanghai,0,7.21,2.95,0
2023-11-24,Shanghai,1,9.42,11.42,0
2023-11-25,Shanghai,0,2.91,1.54,0
2023-11-26,Shanghai,1,7.4,12.17,0
2023-11-27,Shanghai,0,2.04,8.09,0
2023-11-28,Shanghai,0,5.97,6.96,0
2023-11-29,Shanghai,0,0.76,7.89,0
2023-11-30,Shanghai,0,0.76,2.82,0
2023-12-01,Shanghai,0,2.2,33.77,0
2023-12-02,Shanghai,0,0.09,12.92,0
2023-12-03,Shanghai,0,1.31,9.7,0
2023-12-04,Shanghai,0,3.71,10.84,0
2023-12-05,Shanghai,0,2.13,4.78,0
2023-12-06,Shanghai,0,0.74,25.83,0
2023-12-07,Shanghai,0,31.19,1.53,0
2023-12-08,Shanghai,0,9.8,0.43,0
2023-12-09,Shanghai,0,1.5,11.12,0
2023-12-10,Shanghai,0,9.2,8.71,0
2023-12-11,Shanghai,0,12.87,3.96,0
2023-12-12,Shanghai,0,6.96,39.63,0
2023-12-13,Shanghai,0,0.28,12.46,0
2023-12-14,Shanghai,0,4.18,7.23,0
2023-12-15,Shanghai,0,3.69,15.67,0
2023-12-16,Shanghai,0,3.83,1.77,0
2023-12-17,Shanghai,0,0.6,4.17,0
2023-12-18,Shanghai,0,6.28,2.23,0
2023-12-19,Shanghai,0,10.68,2.35,0
2023-12-20,Shanghai,0,0.43,15.09,0
2023-12-21,Shanghai,0,1.58,6.33,0
2023-12-22,Shanghai,0,0.06,8.2,0
2023-12-23,Shanghai,0,8.69,3.72,0
2023-12-24,Shanghai,0,24.06,1.32,0
2023-12-25,Shanghai,0,0.1,3.02,0
2023-12-26,Shanghai,0,11.44,3.12,0
2023-12-27,Shanghai,0,2.95,9.42,0
2023-12-28,Shanghai,0,14.47,13.03,0
2023-12-29,Shanghai,0,18.8,41.77,0
2023-12-30,Shanghai,0,8.11,22.32,0
2023-12-31,Shanghai,0,0.67,45.68,0
2024-01-01,Shanghai,0,3.99,15.45,0
2024-01-02,Shanghai,0,0.94,0.11,0
2024-01-03,Shanghai,0,23.66,1.16,0
2024-01-04,Shanghai,0,3.2,9.07,0
2024-01-05,Shanghai,0,1.27,6.93,0
2024-01-06,Shanghai,0,1.78,2.49,0
2024-01-07,Shanghai,0,16.87,2.6,0
2024-01-08,Shanghai,0,0.58,13.51,0
2024-01-09,Shanghai,0,6.56,4.44,0
2024-01-10,Shanghai,0,11.06,13.84,0
2024-01-11,Shanghai,0,2.6,12.43,0
2024-01-12,Shanghai,0,5.46,5.13,0
2024-01-13,Shanghai,0,4.07,7.81,0
2024-01-14,Shanghai,0,3.06,3.77,0
2024-01-15,Shanghai,0,2.56,9.51,0
2024-01-16,Shanghai,0,0.35,26.25,0
2024-01-17,Shanghai,0,1.7,15.01,0
2024-01-18,Shanghai,0,0.97,10.01,0
2024-01-19,Shanghai,0,3.03,13.86,0
2024-01-20,Shanghai,0,7.02,5.45,0
2024-01-21,Shanghai,0,1.36,5.4,0
2024-01-22,Shanghai,0,1.65,1.5,0
2024-01-23,Shanghai,0,1.96,4.86,0
2024-01-24,Shanghai,0,7.83,7.9,0
2024-01-25,Shanghai,0,9.97,4.29,0
2024-01-26,Shanghai,0,0.75,0.65,0
2024-01-27,Shanghai,0,11.69,0.46,0
2024-01-28,Shanghai,0,7.68,3.57,0
2024-01-29,Shanghai,0,0.48,2.37,0
2024-01-30,Shanghai,0,5.53,6.2,0
2024-01-31,Shanghai,0,4.48,9.14,0
2024-02-01,Shanghai,0,3.72,8.91,0
2024-02-02,Shanghai,0,0.41,2.09,0
2024-02-03,Shanghai,1,8.0,24.97,0
2024-02-04,Shanghai,0,3.89,23.84,0
2024-02-05,Shanghai,0,1.57,9.49,0
2024-02-06,Shanghai,0,2.97,7.98,0
2024-02-07,Shanghai,1,11.27,3.56,0
2024-02-08,Shanghai,1,0.36,0.47,0
2024-02-09,Shanghai,0,2.74,13.46,0
2024-02-10,Shanghai,0,9.19,25.77,0
2024-02-11,Shanghai,0,2.8,30.09,0
2024-02-12,Shanghai,0,9.79,0.54,0
2024-02-13,Shanghai,0,0.9,11.12,0
2024-02-14,Shanghai,0,7.38,6.29,0
2024-02-15,Shanghai,0,13.89,0.19,0
2024-02-16,Shanghai,0,0.76,5.07,0
2024-02-17,Shanghai,0,8.82,2.82,0
2024-02-18,Shanghai,0,1.51,7.45,0
2024-02-19,Shanghai,0,0.61,11.2,0
2024-02-20,Shanghai,0,0.52,7.37,0
2024-02-21,Shanghai,0,2.6,9.44,0
2024-02-22,Shanghai,0,0.07,9.08,0
2024-02-23,Shanghai,0,1.41,0.01,0
2024-02-24,Shanghai,0,2.61,33.92,0
2024-02-25,Shanghai,0,2.93,15.59,0
2024-02-26,Shanghai,0,1.16,0.29,0
2024-02-27,Shanghai,0,1.91,2.52,0
2024-02-28,Shanghai,0,1.01,2.65,0
2024-02-29,Shanghai,0,1.39,1.17,0
2024-03-01,Shanghai,0,5.99,0.79,0
2024-03-02,Shanghai,0,2.67,6.92,0
2024-03-03,Shanghai,0,6.83,1.16,0
2024-03-04,Shanghai,0,1.38,14.06,0
2024-03-05,Shanghai,0,0.14,6.96,0
2024-03-06,Shanghai,0,3.86,2.53,0
2024-03-07,Shanghai,0,6.29,13.05,0
2024-03-08,Shanghai,0,0.5,11.29,0
2024-03-09,Shanghai,0,5.66,28.61,0
2024-03-10,Shanghai,0,0.61,1.73,0
2024-03-11,Shanghai,0,1.79,1.47,0
2024-03-12,Shanghai,0,4.08,1.61,0
2024-03-13,Shanghai,0,0.51,4.43,0
2024-03-14,Shanghai,0,4.88,18.41,0
2024-03-15,Shanghai,0,3.8,31.82,0
2024-03-16,Shanghai,0,5.36,9.05,0
2024-03-17,Shanghai,0,0.4,16.69,0
2024-03-18,Shanghai,0,1.45,41.66,0
2024-03-19,Shanghai,0,8.23,0.32,0
2024-03-20,Shanghai,0,0.12,24.08,0
2024-03-21,Shanghai,0,8.71,3.78,0
2024-03-22,Shanghai,0,6.52,0.11,0
2024-03-23,Shanghai,0,0.49,4.98,0
2024-03-24,Shanghai,0,0.84,28.59,0
2024-03-25,Shanghai,0,7.51,5.2,0
2024-03-26,Shanghai,0,3.3,7.09,0
2024-03-27,Shanghai,0,2.74,2.73,0
2024-03-28,Shanghai,0,1.56,0.04,0
2024-03-29,Shanghai,0,2.86,23.89,0
2024-03-30,Shanghai,0,2.22,8.58,0
2024-03-31,Shanghai,0,2.64,0.69,0
2024-04-01,Shanghai,0,8.88,9.97,0
2024-04-02,Shanghai,0,0.17,2.72,0
2024-04-03,Shanghai,0,10.93,0.58,0
2024-04-04,Shanghai,1,2.59,7.77,0
2024-04-05,Shanghai,1,2.54,29.46,0
2024-04-06,Shanghai,1,8.68,34.81,0
2024-04-07,Shanghai,1,15.05,20.66,0
2024-04-08,Shanghai,0,4.09,10.43,0
2024-04-09,Shanghai,0,1.38,2.57,0
2024-04-10,Shanghai,0,0.55,1.58,0
2024-04-11,Shanghai,0,2.7,16.76,0
2024-04-12,Shanghai,0,0.39,4.53,0
2024-04-13,Shanghai,1,14.6,43.79,0
2024-04-14,Shanghai,0,1.73,8.02,0
2024-04-15,Shanghai,1,9.91,21.25,0
2024-04-16,Shanghai,1,12.55,17.34,0
2024-04-17,Shanghai,1,6.58,10.83,0
2024-04-18,Shanghai,1,10.15,0.19,0
2024-04-19,Shanghai,2,8.62,3.32,0
2024-04-20,Shanghai,1,3.26,3.88,0
2024-04-21,Shanghai,1,9.66,1.2,0
2024-04-22,Shanghai,0,5.84,1.36,0
2024-04-23,Shanghai,1,1.17,13.48,0
2024-04-24,Shanghai,0,7.09,9.03,0
2024-04-25,Shanghai,0,2.25,12.28,0
2024-04-26,Shanghai,1,20.57,3.38,0
2024-04-27,Shanghai,1,14.18,26.13,0
2024-04-28,Shanghai,1,5.54,3.87,0
2024-04-29,Shanghai,1,7.18,0.35,0
2024-04-30,Shanghai,1,1.09,8.23,0
2024-05-01,Shanghai,1,5.17,3.35,0
2024-05-02,Shanghai,1,4.48,14.88,0
2024-05-03,Shanghai,1,3.53,42.42,0
2024-05-04,Shanghai,2,6.34,13.39,0
2024-05-05,Shanghai,2,42.84,57.92,0
2024-05-06,Shanghai,2,1.56,10.87,0
2024-05-07,Shanghai,1,0.69,0.45,0
2024-05-08,Shanghai,1,4.6,39.87,0
2024-05-09,Shanghai,1,3.07,10.62,0
2024-05-10,Shanghai,1,7.95,32.26,0
2024-05-11,Shanghai,1,2.15,3.92,0
2024-05-12,Shanghai,2,20.02,18.43,0
2024-05-13,Shanghai,2,16.97,1.94,1
2024-05-14,Shanghai,2,2.15,21.72,0
2024-05-15,Shanghai,2,1.39,11.69,1
2024-05-16,Shanghai,1,8.68,27.37,0
2024-05-17,Shanghai,1,0.26,15.6,0
2024-05-18,Shanghai,0,1.53,9.79,0
2024-05-19,Shanghai,1,15.4,7.44,0
2024-05-20,Shanghai,0,0.68,10.56,0
2024-05-21,Shanghai,0,4.31,13.68,0
2024-05-22,Shanghai,0,3.12,7.44,0
2024-05-23,Shanghai,1,25.5,29.4,0
2024-05-24,Shanghai,0,2.28,2.63,0
2024-05-25,Shanghai,0,8.48,6.9,0
2024-05-26,Shanghai,1,18.09,16.13,0
2024-05-27,Shanghai,1,1.25,7.14,0
2024-05-28,Shanghai,2,6.71,5.21,0
2024-05-29,Shanghai,2,7.7,2.35,0
2024-05-30,Shanghai,2,6.63,20.32,1
2024-05-31,Shanghai,2,18.04,6.41,0
2024-06-01,Shanghai,2,0.53,1.48,0
2024-06-02,Shanghai,1,2.07,13.82,0
2024-06-03,Shanghai,1,1.62,1.83,0
2024-06-04,Shanghai,1,0.67,34.64,0
2024-06-05,Shanghai,1,1.99,1.41,0
2024-06-06,Shanghai,1,2.92,22.67,0
2024-06-07,Shanghai,1,3.0,16.58,0
2024-06-08,Shanghai,1,0.24,0.86,0
2024-06-09,Shanghai,1,5.58,7.25,0
2024-06-10,Shanghai,1,1.33,28.2,0
2024-06-11,Shanghai,1,4.05,2.72,0
2024-06-12,Shanghai,1,5.01,10.3,0
2024-06-13,Shanghai,2,9.34,39.94,0
2024-06-14,Shanghai,1,3.66,3.08,0
2024-06-15,Shanghai,1,0.66,4.68,0
2024-06-16,Shanghai,1,0.09,1.75,0
2024-06-17,Shanghai,1,3.82,39.44,0
2024-06-18,Shanghai,1,12.16,1.53,0
2024-06-19,Shanghai,1,26.83,49.24,0
2024-06-20,Shanghai,1,10.06,8.03,0
2024-06-21,Shanghai,1,3.4,25.41,0
2024-06-22,Shanghai,1,20.51,22.08,0
2024-06-23,Shanghai,1,18.38,15.46,0
2024-06-24,Shanghai,2,15.01,12.73,0
2024-06-25,Shanghai,2,25.49,20.59,0
2024-06-26,Shanghai,1,10.54,6.12,0
2024-06-27,Shanghai,1,5.71,17.4,0
2024-06-28,Shanghai,1,11.88,0.11,0
2024-06-29,Shanghai,1,7.62,1.08,0
2024-06-30,Shanghai,1,17.58,1.78,0
2024-07-01,Shanghai,2,2.54,4.01,0
2024-07-02,Shanghai,2,1.55,6.11,0
2024-07-03,Shanghai,2,6.3,40.08,1
2024-07-04,Shanghai,2,1.25,83.09,0
2024-07-05,Shanghai,2,6.45,4.62,0
2024-07-06,Shanghai,2,11.72,1.57,0
2024-07-07,Shanghai,2,19.7,5.15,0
2024-07-08,Shanghai,2,36.16,26.53,0
2024-07-09,Shanghai,2,3.92,39.64,0
2024-07-10,Shanghai,2,4.98,11.76,0
2024-07-11,Shanghai,1,3.36,7.79,0
2024-07-12,Shanghai,1,0.36,14.4,0
2024-07-13,Shanghai,1,1.33,20.13,0
2024-07-14,Shanghai,1,0.82,12.75,0
2024-07-15,Shanghai,1,6.31,0.46,0
2024-07-16,Shanghai,2,5.79,87.41,0
2024-07-17,Shanghai,1,21.53,7.98,0
2024-07-18,Shanghai,2,0.29,13.77,1
2024-07-19,Shanghai,2,3.29,2.09,1
2024-07-20,Shanghai,1,3.87,0.96,0
2024-07-21,Shanghai,2,9.41,1.53,0
2024-07-22,Shanghai,1,2.01,11.85,0
2024-07-23,Shanghai,1,2.87,0.99,0
2024-07-24,Shanghai,1,2.04,50.16,0
2024-07-25,Shanghai,0,5.75,6.23,0
2024-07-26,Shanghai,1,2.02,10.11,0
2024-07-27,Shanghai,1,9.53,29.76,0
2024-07-28,Shanghai,1,9.57,9.83,0
2024-07-29,Shanghai,1,5.83,3.41,0
2024-07-30,Shanghai,1,2.8,17.45,0
2024-07-31,Shanghai,1,0.9,0.55,0
2024-08-01,Shanghai,1,4.34,2.01,0
2024-08-02,Shanghai,2,11.6,19.68,0
2024-08-03,Shanghai,1,72.97,0.26,0
2024-08-04,Shanghai,1,2.86,12.64,0
2024-08-05,Shanghai,0,0.72,19.18,0
2024-08-06,Shanghai,0,0.45,42.66,0
2024-08-07,Shanghai,1,17.0,24.11,0
2024-08-08,Shanghai,1,5.26,3.58,0
2024-08-09,Shanghai,2,3.65,9.31,0
2024-08-10,Shanghai,2,6.06,7.06,1
2024-08-11,Shanghai,1,3.12,5.42,0
2024-08-12,Shanghai,1,4.24,17.97,0
2024-08-13,Shanghai,1,7.47,30.23,0
2024-08-14,Shanghai,1,1.96,7.04,0
2024-08-15,Shanghai,1,10.34,0.18,0
2024-08-16,Shanghai,1,12.11,5.33,0
2024-08-17,Shanghai,1,1.11,11.83,0
2024-08-18,Shanghai,1,1.21,3.96,0
2024-08-19,Shanghai,1,4.34,7.08,0
2024-08-20,Shanghai,1,10.43,28.07,0
2024-08-21,Shanghai,1,3.44,4.58,0
2024-08-22,Shanghai,1,39.39,10.39,0
2024-08-23,Shanghai,1,12.61,11.46,0
2024-08-24,Shanghai,1,0.41,29.78,0
2024-08-25,Shanghai,1,6.72,8.01,0
2024-08-26,Shanghai,1,10.16,13.28,0
2024-08-27,Shanghai,1,1.05,6.61,0
2024-08-28,Shanghai,1,14.48,7.19,0
2024-08-29,Shanghai,0,1.23,45.08,0
2024-08-30,Shanghai,0,1.17,6.55,0
2024-08-31,Shanghai,1,7.21,61.07,0
2024-09-01,Shanghai,2,0.68,12.9,0
2024-09-02,Shanghai,1,8.0,0.8,0
2024-09-03,Shanghai,1,2.15,1.67,0
2024-09-04,Shanghai,1,1.83,0.61,0
2024-09-05,Shanghai,1,9.23,16.73,0
2024-09-06,Shanghai,1,5.24,13.18,0
2024-09-07,Shanghai,1,9.72,3.88,0
2024-09-08,Shanghai,1,6.01,20.32,0
2024-09-09,Shanghai,1,16.43,26.59,0
2024-09-10,Shanghai,1,12.21,13.15,0
2024-09-11,Shanghai,1,3.77,8.88,0
2024-09-12,Shanghai,1,8.02,6.63,0
2024-09-13,Shanghai,1,0.94,3.77,0
2024-09-14,Shanghai,0,6.02,6.5,0
2024-09-15,Shanghai,1,0.89,15.15,0
2024-09-16,Shanghai,1,0.14,10.45,0
2024-09-17,Shanghai,1,3.95,11.8,0
2024-09-18,Shanghai,1,3.34,57.13,0
2024-09-19,Shanghai,0,5.68,26.44,0
2024-09-20,Shanghai,0,0.43,4.82,0
2024-09-21,Shanghai,0,11.46,2.88,0
2024-09-22,Shanghai,0,9.17,77.34,0
2024-09-23,Shanghai,0,13.86,1.17,0
2024-09-24,Shanghai,1,0.77,18.79,0
2024-09-25,Shanghai,2,4.43,39.35,0
2024-09-26,Shanghai,1,1.44,0.33,0
2024-09-27,Shanghai,1,1.88,48.27,0
2024-09-28,Shanghai,1,4.47,9.74,0
2024-09-29,Shanghai,1,2.35,17.66,0
2024-09-30,Shanghai,1,1.91,2.79,0
2024-10-01,Shanghai,1,3.41,51.53,0
2024-10-02,Shanghai,1,5.85,28.06,0
2024-10-03,Shanghai,0,0.92,9.8,0
2024-10-04,Shanghai,0,2.03,3.59,0
2024-10-05,Shanghai,0,3.15,10.77,0
2024-10-06,Shanghai,0,10.33,12.29,0
2024-10-07,Shanghai,0,3.84,36.13,0
2024-10-08,Shanghai,0,13.83,1.28,0
2024-10-09,Shanghai,0,14.95,6.06,0
2024-10-10,Shanghai,0,1.08,2.51,0
2024-10-11,Shanghai,0,0.49,3.19,0
2024-10-12,Shanghai,0,14.74,27.74,0
2024-10-13,Shanghai,1,18.59,1.74,0
2024-10-14,Shanghai,1,31.8,26.44,0
2024-10-15,Shanghai,1,10.95,54.54,0
2024-10-16,Shanghai,1,0.82,0.38,0
2024-10-17,Shanghai,1,7.26,4.53,0
2024-10-18,Shanghai,1,5.77,7.0,0
2024-10-19,Shanghai,1,13.41,2.05,0
2024-10-20,Shanghai,1,1.65,1.25,0
2024-10-21,Shanghai,1,1.46,4.51,0
2024-10-22,Shanghai,0,4.25,1.95,0
2024-10-23,Shanghai,0,0.66,11.15,0
2024-10-24,Shanghai,0,0.71,11.08,0
2024-10-25,Shanghai,0,11.57,11.63,0
2024-10-26,Shanghai,0,13.67,27.46,0
2024-10-27,Shanghai,0,10.33,0.86,0
2024-10-28,Shanghai,1,10.04,11.11,0
2024-10-29,Shanghai,0,1.97,5.93,0
2024-10-30,Shanghai,0,2.02,28.56,0
2024-10-31,Shanghai,0,9.36,2.29,0
2024-11-01,Shanghai,0,17.5,13.64,0
2024-11-02,Shanghai,0,0.03,1.98,0
2024-11-03,Shanghai,0,24.19,0.87,0
2024-11-04,Shanghai,0,1.06,9.48,0
2024-11-05,Shanghai,0,8.82,9.3,0
2024-11-06,Shanghai,0,1.21,31.69,0
2024-11-07,Shanghai,0,2.27,1.09,0
2024-11-08,Shanghai,0,5.16,4.33,0
2024-11-09,Shanghai,0,1.39,23.91,0
2024-11-10,Shanghai,0,12.16,8.58,0
2024-11-11,Shanghai,0,0.77,14.33,0
2024-11-12,Shanghai,0,0.35,1.1,0
2024-11-13,Shanghai,0,16.02,0.21,0
2024-11-14,Shanghai,0,8.25,6.56,0
2024-11-15,Shanghai,0,2.36,3.63,0
2024-11-16,Shanghai,0,3.2,10.9,0
2024-11-17,Shanghai,0,5.45,16.26,0
2024-11-18,Shanghai,0,8.05,24.84,0
2024-11-19,Shanghai,0,2.37,25.65,0
2024-11-20,Shanghai,0,5.11,12.04,0
2024-11-21,Shanghai,0,1.58,0.92,0
2024-11-22,Shanghai,0,0.17,3.8,0
2024-11-23,Shanghai,0,9.06,7.87,0
2024-11-24,Shanghai,0,0.55,28.03,0
2024-11-25,Shanghai,0,0.1,0.16,0
2024-11-26,Shanghai,0,10.93,15.78,0
2024-11-27,Shanghai,0,11.53,3.13,0
2024-11-28,Shanghai,0,2.98,1.56,0
2024-11-29,Shanghai,0,4.06,1.23,0
2024-11-30,Shanghai,0,2.23,5.26,0
2024-12-01,Shanghai,0,2.66,24.62,0
2024-12-02,Shanghai,0,1.39,12.15,0
2024-12-03,Shanghai,0,1.23,18.56,0
2024-12-04,Shanghai,0,2.07,9.38,0
2024-12-05,Shanghai,0,8.96,6.93,0
2024-12-06,Shanghai,0,16.03,53.23,0
2024-12-07,Shanghai,0,8.06,18.31,0
2024-12-08,Shanghai,0,6.14,22.84,0
2024-12-09,Shanghai,0,3.26,0.01,0
2024-12-10,Shanghai,0,1.69,0.56,0
2024-12-11,Shanghai,0,5.02,9.62,0
2024-12-12,Shanghai,0,0.34,23.32,0
2024-12-13,Shanghai,0,19.31,12.81,0
2024-12-14,Shanghai,0,6.17,0.07,0
2024-12-15,Shanghai,0,10.52,13.83,0
2024-12-16,Shanghai,0,0.07,16.1,0
2024-12-17,Shanghai,0,0.53,43.29,0
2024-12-18,Shanghai,0,7.12,0.05,0
2024-12-19,Shanghai,0,0.14,0.98,0
2024-12-20,Shanghai,0,3.84,19.27,0
2024-12-21,Shanghai,0,1.27,11.53,0
2024-12-22,Shanghai,0,1.88,4.88,0
2024-12-23,Shanghai,0,6.24,6.85,0
2024-12-24,Shanghai,0,1.36,7.96,0
2024-12-25,Shanghai,0,1.89,24.99,0
2024-12-26,Shanghai,0,4.81,19.68,0
2024-12-27,Shanghai,0,0.87,6.82,0
2024-12-28,Shanghai,0,6.1,6.01,0
2024-12-29,Shanghai,0,9.42,4.99,0
2024-12-30,Shanghai,0,11.96,8.76,0
2024-12-31,Shanghai,0,3.76,15.78,0
2025-01-01,Shanghai,0,1.26,13.71,0
2025-01-02,Shanghai,0,0.91,22.26,0
2025-01-03,Shanghai,0,0.9,9.25,0
2025-01-04,Shanghai,0,0.17,10.68,0
2025-01-05,Shanghai,0,6.74,6.33,0
2025-01-06,Shanghai,0,3.35,21.91,0
2025-01-07,Shanghai,0,10.94,45.96,0
2025-01-08,Shanghai,0,0.64,5.11,0
2025-01-09,Shanghai,0,15.23,12.5,0
2025-01-10,Shanghai,0,2.87,2.31,0
2025-01-11,Shanghai,0,0.59,9.06,0
2025-01-12,Shanghai,0,0.09,14.34,0
2025-01-13,Shanghai,0,1.1,3.56,0
2025-01-14,Shanghai,0,9.49,6.4,0
2025-01-15,Shanghai,0,1.1,33.33,0
2025-01-16,Shanghai,0,6.14,0.04,0
2025-01-17,Shanghai,0,0.4,22.47,0
2025-01-18,Shanghai,0,2.92,35.88,0
2025-01-19,Shanghai,0,4.91,11.23,0
2025-01-20,Shanghai,0,8.74,10.76,0
2025-01-21,Shanghai,1,8.26,9.16,0
2025-01-22,Shanghai,0,0.23,21.41,0
2025-01-23,Shanghai,0,7.53,10.89,0
2025-01-24,Shanghai,0,0.03,8.84,0
2025-01-25,Shanghai,0,0.99,6.92,0
2025-01-26,Shanghai,0,12.01,11.45,0
2025-01-27,Shanghai,0,6.25,0.02,0
2025-01-28,Shanghai,0,5.85,3.99,0
2025-01-29,Shanghai,0,3.48,7.9,0
2025-01-30,Shanghai,0,6.06,8.71,0
2025-01-31,Shanghai,0,1.0,6.32,0
2025-02-01,Shanghai,0,3.85,22.31,0
2025-02-02,Shanghai,0,2.22,11.73,0
2025-02-03,Shanghai,0,1.97,9.51,0
2025-02-04,Shanghai,0,5.33,33.86,0
2025-02-05,Shanghai,0,1.45,20.48,0
2025-02-06,Shanghai,0,4.79,24.2,0
2025-02-07,Shanghai,0,2.62,18.93,0
2025-02-08,Shanghai,0,24.71,12.52,0
2025-02-09,Shanghai,0,1.33,15.49,0
2025-02-10,Shanghai,0,0.37,4.6,0
2025-02-11,Shanghai,0,11.08,1.87,0
2025-02-12,Shanghai,0,17.07,13.41,0
2025-02-13,Shanghai,0,5.62,1.05,0
2025-02-14,Shanghai,0,0.23,10.49,0
2025-02-15,Shanghai,0,0.09,0.57,0
2025-02-16,Shanghai,0,0.54,10.76,0
2025-02-17,Shanghai,0,10.59,1.64,0
2025-02-18,Shanghai,0,17.62,5.75,0
2025-02-19,Shanghai,0,0.77,3.2,0
2025-02-20,Shanghai,0,0.87,6.65,0
2025-02-21,Shanghai,0,1.09,5.09,0
2025-02-22,Shanghai,0,9.73,1.23,0
2025-02-23,Shanghai,0,4.9,1.13,0
2025-02-24,Shanghai,0,4.64,0.6,0
2025-02-25,Shanghai,0,0.05,7.39,0
2025-02-26,Shanghai,0,3.05,0.86,0
2025-02-27,Shanghai,0,3.35,4.11,0
2025-02-28,Shanghai,0,1.36,3.84,0
2025-03-01,Shanghai,0,0.23,4.42,0
2025-03-02,Shanghai,0,5.3,8.2,0
2025-03-03,Shanghai,0,5.13,2.7,0
2025-03-04,Shanghai,0,1.81,4.85,0
2025-03-05,Shanghai,0,8.88,47.31,0
2025-03-06,Shanghai,1,12.58,30.71,0
2025-03-07,Shanghai,1,10.09,42.76,0
2025-03-08,Shanghai,0,3.17,5.52,0
2025-03-09,Shanghai,1,37.06,4.75,0
2025-03-10,Shanghai,0,1.48,7.18,0
2025-03-11,Shanghai,1,4.96,7.69,0
2025-03-12,Shanghai,0,9.77,20.02,0
2025-03-13,Shanghai,0,7.15,22.02,0
2025-03-14,Shanghai,0,3.46,9.68,0
2025-03-15,Shanghai,0,4.63,6.8,0
2025-03-16,Shanghai,0,8.35,5.41,0
2025-03-17,Shanghai,0,3.1,8.1,0
2025-03-18,Shanghai,1,0.95,2.84,0
2025-03-19,Shanghai,0,1.25,23.95,0
2025-03-20,Shanghai,0,3.99,3.65,0
2025-03-21,Shanghai,0,0.27,3.44,0
2025-03-22,Shanghai,0,5.37,34.14,0
2025-03-23,Shanghai,0,0.43,26.0,0
2025-03-24,Shanghai,0,2.09,13.56,0
2025-03-25,Shanghai,1,7.93,3.61,0
2025-03-26,Shanghai,1,1.48,17.14,0
2025-03-27,Shanghai,1,5.59,17.09,0
2025-03-28,Shanghai,1,42.82,3.05,0
2025-03-29,Shanghai,1,0.53,2.34,0
2025-03-30,Shanghai,1,7.53,3.26,0
2025-03-31,Shanghai,0,5.39,8.32,0
2025-04-01,Shanghai,0,5.51,1.45,0
2025-04-02,Shanghai,0,14.94,2.17,0
2025-04-03,Shanghai,0,6.32,5.01,0
2025-04-04,Shanghai,1,25.46,11.15,0
2025-04-05,Shanghai,1,5.38,19.6,0
2025-04-06,Shanghai,1,5.59,3.53,0
2025-04-07,Shanghai,1,28.07,47.74,0
2025-04-08,Shanghai,1,7.25,5.69,0
2025-04-09,Shanghai,1,2.59,21.86,0
2025-04-10,Shanghai,1,11.35,0.56,0
2025-04-11,Shanghai,1,7.83,10.61,0
2025-04-12,Shanghai,0,6.56,3.51,0
2025-04-13,Shanghai,1,7.22,26.61,0
2025-04-14,Shanghai,1,14.48,37.75,0
2025-04-15,Shanghai,1,3.79,18.25,0
2025-04-16,Shanghai,1,1.5,92.63,0
2025-04-17,Shanghai,0,1.27,1.2,0
2025-04-18,Shanghai,0,6.43,9.51,0
2025-04-19,Shanghai,0,5.04,4.91,0
2025-04-20,Shanghai,0,15.56,8.62,0
2025-04-21,Shanghai,1,5.89,4.12,0
2025-04-22,Shanghai,0,1.63,15.24,0
2025-04-23,Shanghai,0,21.66,14.29,0
2025-04-24,Shanghai,1,20.13,7.5,0
2025-04-25,Shanghai,1,13.41,3.58,0
2025-04-26,Shanghai,1,18.0,12.71,0
2025-04-27,Shanghai,1,4.13,15.23,0
2025-04-28,Shanghai,1,2.35,15.54,0
2025-04-29,Shanghai,0,2.08,8.75,0
2025-04-30,Shanghai,0,11.37,1.91,0
2025-05-01,Shanghai,1,11.83,15.14,0
2025-05-02,Shanghai,0,0.32,6.11,0
2025-05-03,Shanghai,0,5.94,22.07,0
2025-05-04,Shanghai,0,1.77,0.01,0
2025-05-05,Shanghai,0,17.05,1.25,0
2025-05-06,Shanghai,0,8.01,5.9,0
2025-05-07,Shanghai,0,5.74,8.91,0
2025-05-08,Shanghai,0,4.03,7.35,0
2025-05-09,Shanghai,1,1.67,20.55,0
2025-05-10,Shanghai,1,9.74,4.78,0
2025-05-11,Shanghai,0,3.97,4.91,0
2025-05-12,Shanghai,0,9.35,5.82,0
2025-05-13,Shanghai,1,3.27,19.72,0
2025-05-14,Shanghai,0,5.72,25.06,0
2025-05-15,Shanghai,0,0.56,10.96,0
2025-05-16,Shanghai,0,1.21,0.49,0
2025-05-17,Shanghai,1,1.79,9.2,0
2025-05-18,Shanghai,1,3.49,13.37,0
2025-05-19,Shanghai,1,16.09,1.97,0
2025-05-20,Shanghai,1,5.02,3.54,0
2025-05-21,Shanghai,2,8.05,19.35,1
2025-05-22,Shanghai,2,0.9,13.63,0
2025-05-23,Shanghai,2,6.48,42.28,0
2025-05-24,Shanghai,1,5.27,25.53,0
2025-05-25,Shanghai,1,3.29,36.69,0
2025-05-26,Shanghai,1,8.47,2.62,0
2025-05-27,Shanghai,1,5.45,26.44,0
2025-05-28,Shanghai,1,1.42,2.25,0
2025-05-29,Shanghai,1,7.22,2.1,0
2025-05-30,Shanghai,1,5.55,5.73,0
2025-05-31,Shanghai,1,3.29,2.98,0
2025-06-01,Shanghai,1,0.21,21.82,0
2025-06-02,Shanghai,1,4.21,1.67,0
2025-06-03,Shanghai,1,19.13,26.52,0
2025-06-04,Shanghai,1,14.29,5.81,0
2025-06-05,Shanghai,1,6.81,26.91,0
2025-06-06,Shanghai,0,1.08,7.22,0
2025-06-07,Shanghai,1,11.64,17.85,0
2025-06-08,Shanghai,1,13.35,0.96,0
2025-06-09,Shanghai,1,0.37,24.1,0
2025-06-10,Shanghai,2,27.34,10.32,1
2025-06-11,Shanghai,2,28.93,3.82,1
2025-06-12,Shanghai,2,2.64,9.64,0
2025-06-13,Shanghai,3,5.84,15.51,1
2025-06-14,Shanghai,2,0.74,6.96,0
2025-06-15,Shanghai,2,17.1,17.28,1
2025-06-16,Shanghai,2,7.74,39.37,0
2025-06-17,Shanghai,2,13.07,13.62,0
2025-06-18,Shanghai,1,8.35,2.84,0
2025-06-19,Shanghai,1,10.63,9.07,0
2025-06-20,Shanghai,2,6.51,8.65,0
2025-06-21,Shanghai,2,3.07,2.41,0
2025-06-22,Shanghai,1,4.56,4.0,0
2025-06-23,Shanghai,2,1.82,10.99,0
2025-06-24,Shanghai,2,43.7,20.55,1
2025-06-25,Shanghai,1,4.28,33.31,0
2025-06-26,Shanghai,2,3.41,0.98,0
2025-06-27,Shanghai,1,3.45,3.29,0
2025-06-28,Shanghai,1,3.67,4.66,0
2025-06-29,Shanghai,2,7.31,39.04,0
2025-06-30,Shanghai,2,7.35,16.92,0
2025-07-01,Shanghai,2,3.69,8.16,0
2025-07-02,Shanghai,1,5.54,8.15,0
2025-07-03,Shanghai,1,31.33,12.56,0
2025-07-04,Shanghai,1,1.0,4.46,0
2025-07-05,Shanghai,1,1.64,28.37,0
2025-07-06,Shanghai,1,27.55,26.01,0
2025-07-07,Shanghai,1,13.23,12.22,0
2025-07-08,Shanghai,1,26.07,41.01,0
2025-07-09,Shanghai,1,9.55,0.32,0
2025-07-10,Shanghai,1,16.01,61.2,0
2025-07-11,Shanghai,1,0.69,72.3,0
2025-07-12,Shanghai,2,20.61,4.02,0
2025-07-13,Shanghai,2,8.59,7.78,1
2025-07-14,Shanghai,2,22.43,12.84,0
2025-07-15,Shanghai,1,7.25,1.93,0
2025-07-16,Shanghai,2,0.09,21.92,0
2025-07-17,Shanghai,2,3.98,5.57,0
2025-07-18,Shanghai,1,1.78,16.49,0
2025-07-19,Shanghai,1,10.6,12.66,0
2025-07-20,Shanghai,1,8.48,10.85,0
2025-07-21,Shanghai,1,2.81,2.86,0
2025-07-22,Shanghai,1,4.14,7.45,0
2025-07-23,Shanghai,1,1.91,25.34,0
2025-07-24,Shanghai,2,2.34,44.18,1
2025-07-25,Shanghai,2,1.13,2.89,0
2025-07-26,Shanghai,1,5.74,1.34,0
2025-07-27,Shanghai,1,2.43,8.64,0
2025-07-28,Shanghai,1,4.71,1.84,0
2025-07-29,Shanghai,0,4.28,18.56,0
2025-07-30,Shanghai,1,6.84,32.65,0
2025-07-31,Shanghai,1,1.84,22.13,0
2025-08-01,Shanghai,1,2.77,7.73,0
2025-08-02,Shanghai,1,0.11,1.86,0
2025-08-03,Shanghai,1,4.13,0.66,0
2025-08-04,Shanghai,1,10.66,19.27,0
2025-08-05,Shanghai,1,0.28,17.62,0
2025-08-06,Shanghai,1,13.95,6.3,0
2025-08-07,Shanghai,1,17.43,17.72,0
2025-08-08,Shanghai,1,6.42,14.27,0
2025-08-09,Shanghai,1,13.98,1.47,0
2025-08-10,Shanghai,2,6.39,6.71,0
2025-08-11,Shanghai,1,2.53,19.92,0
2025-08-12,Shanghai,1,0.49,11.21,0
2025-08-13,Shanghai,1,0.39,29.88,0
2025-08-14,Shanghai,1,14.06,8.14,0
2025-08-15,Shanghai,1,21.2,41.52,0
2025-08-16,Shanghai,1,6.07,27.69,0
2025-08-17,Shanghai,1,17.11,31.8,0
2025-08-18,Shanghai,1,7.86,16.3,0
2025-08-19,Shanghai,1,12.87,1.67,0
2025-08-20,Shanghai,1,7.24,5.74,0
2025-08-21,Shanghai,1,6.92,53.84,0
2025-08-22,Shanghai,1,3.27,4.99,0
2025-08-23,Shanghai,1,7.22,14.86,0
2025-08-24,Shanghai,1,2.3,37.2,0
2025-08-25,Shanghai,2,0.59,47.54,0
2025-08-26,Shanghai,1,5.88,26.24,0
2025-08-27,Shanghai,1,0.76,28.02,0
2025-08-28,Shanghai,2,5.87,31.39,0
2025-08-29,Shanghai,1,0.17,24.82,0
2025-08-30,Shanghai,2,9.86,13.8,0
2025-08-31,Shanghai,2,3.91,33.96,0
2025-09-01,Shanghai,2,1.37,13.92,0
2025-09-02,Shanghai,1,4.1,35.99,0
2025-09-03,Shanghai,1,3.86,10.23,0
2025-09-04,Shanghai,1,11.31,24.9,0
2025-09-05,Shanghai,1,19.33,11.87,0
2025-09-06,Shanghai,1,10.8,1.95,0
2025-09-07,Shanghai,1,0.98,51.41,0
2025-09-08,Shanghai,1,2.05,7.7,0
2025-09-09,Shanghai,1,48.6,5.35,0
2025-09-10,Shanghai,1,4.0,1.39,0
2025-09-11,Shanghai,1,3.9,10.02,0
2025-09-12,Shanghai,1,12.9,9.2,0
2025-09-13,Shanghai,1,12.45,38.38,0
2025-09-14,Shanghai,1,1.07,22.53,0
2025-09-15,Shanghai,0,4.51,1.86,0
2025-09-16,Shanghai,0,0.62,5.1,0
2025-09-17,Shanghai,0,9.09,8.93,0
2025-09-18,Shanghai,0,0.39,26.04,0
2025-09-19,Shanghai,0,3.84,0.51,0
2025-09-20,Shanghai,0,10.4,4.29,0
2025-09-21,Shanghai,0,2.91,2.28,0
2025-09-22,Shanghai,0,6.21,7.86,0
2025-09-23,Shanghai,0,4.43,7.36,0
2025-09-24,Shanghai,0,10.0,13.03,0
2025-09-25,Shanghai,0,15.3,6.86,0
2025-09-26,Shanghai,1,9.69,14.81,0
2025-09-27,Shanghai,0,12.95,7.91,0
2025-09-28,Shanghai,1,3.32,2.36,0
2025-09-29,Shanghai,1,6.05,4.49,0
2025-09-30,Shanghai,1,4.58,5.32,0
2025-10-01,Shanghai,1,20.5,90.3,0
2025-10-02,Shanghai,1,13.04,1.88,0
2025-10-03,Shanghai,0,1.87,1.68,0
2025-10-04,Shanghai,1,3.6,0.3,0
2025-10-05,Shanghai,0,15.77,6.91,0
2025-10-06,Shanghai,0,1.38,14.12,0
2025-10-07,Shanghai,1,3.91,21.49,0
2025-10-08,Shanghai,1,3.5,13.09,0
2025-10-09,Shanghai,1,0.21,13.5,0
2025-10-10,Shanghai,1,6.84,10.06,0
2025-10-11,Shanghai,1,4.13,12.27,0
2025-10-12,Shanghai,1,1.01,19.09,0
2025-10-13,Shanghai,1,0.13,77.23,0
2025-10-14,Shanghai,0,2.76,23.14,0
2025-10-15,Shanghai,0,8.59,17.34,0
2025-10-16,Shanghai,0,7.72,23.61,0
2025-10-17,Shanghai,1,2.08,2.31,0
2025-10-18,Shanghai,0,1.81,17.48,0
2025-10-19,Shanghai,0,3.32,25.45,0
2025-10-20,Shanghai,0,0.48,0.72,0
2025-10-21,Shanghai,0,5.1,3.82,0
2025-10-22,Shanghai,0,1.49,14.11,0
2025-10-23,Shanghai,0,10.65,3.03,0
2025-10-24,Shanghai,0,5.22,3.37,0
2025-10-25,Shanghai,0,1.87,15.04,0
2025-10-26,Shanghai,0,8.29,14.64,0
2025-10-27,Shanghai,0,11.43,1.13,0
2025-10-28,Shanghai,0,3.92,4.83,0
2025-10-29,Shanghai,0,1.61,5.04,0
2025-10-30,Shanghai,0,16.6,1.47,0
2025-10-31,Shanghai,0,10.11,3.22,0
2025-11-01,Shanghai,0,12.2,0.33,0
2025-11-02,Shanghai,0,5.59,3.31,0
2025-11-03,Shanghai,0,5.22,5.88,0
2025-11-04,Shanghai,0,5.95,4.04,0
2025-11-05,Shanghai,0,0.9,15.19,0
2025-11-06,Shanghai,0,4.69,15.51,0
2025-11-07,Shanghai,0,0.95,8.27,0
2025-11-08,Shanghai,0,1.49,3.63,0
2025-11-09,Shanghai,0,1.98,0.43,0
2025-11-10,Shanghai,0,7.24,1.45,0
2025-11-11,Shanghai,0,3.6,14.79,0
2025-11-12,Shanghai,0,3.59,0.79,0
2025-11-13,Shanghai,0,5.38,0.42,0
2025-11-14,Shanghai,0,3.57,4.98,0
2025-11-15,Shanghai,0,6.3,18.5,0
2025-11-16,Shanghai,0,0.39,11.33,0
2025-11-17,Shanghai,0,2.55,17.33,0
2025-11-18,Shanghai,0,3.73,4.36,0
2025-11-19,Shanghai,0,0.58,6.49,0
2025-11-20,Shanghai,0,3.07,5.33,0
2025-11-21,Shanghai,0,3.13,11.74,0
2025-11-22,Shanghai,0,6.15,5.36,0
2025-11-23,Shanghai,0,1.97,12.92,0
2025-11-24,Shanghai,0,5.49,4.84,0
2025-11-25,Shanghai,0,6.84,4.11,0
2025-11-26,Shanghai,0,5.9,7.46,0
2025-11-27,Shanghai,0,1.6,2.44,0
2025-11-28,Shanghai,0,6.53,73.14,0
2025-11-29,Shanghai,0,6.01,7.05,0
2025-11-30,Shanghai,0,1.95,8.06,0
2025-12-01,Shanghai,0,1.33,7.83,0
2025-12-02,Shanghai,0,1.87,0.27,0
2025-12-03,Shanghai,0,0.87,8.65,0
2025-12-04,Shanghai,0,4.1,13.45,0
2025-12-05,Shanghai,0,3.71,7.17,0
2025-12-06,Shanghai,0,2.97,8.61,0
2025-12-07,Shanghai,0,1.75,7.27,0
2025-12-08,Shanghai,0,0.54,15.18,0
2025-12-09,Shanghai,0,11.44,4.67,0
2025-12-10,Shanghai,0,4.27,3.55,0
2025-12-11,Shanghai,0,7.59,5.78,0
2025-12-12,Shanghai,0,8.94,7.51,0
2025-12-13,Shanghai,0,7.64,6.04,0
2025-12-14,Shanghai,0,2.78,6.34,0
2025-12-15,Shanghai,0,4.99,8.66,0
2025-12-16,Shanghai,0,0.23,0.26,0
2025-12-17,Shanghai,0,8.52,37.65,0
2025-12-18,Shanghai,0,11.9,6.06,0
2025-12-19,Shanghai,0,13.69,7.8,0
2025-12-20,Shanghai,0,1.39,15.39,0
2025-12-21,Shanghai,0,1.25,5.78,0
2025-12-22,Shanghai,0,3.42,10.16,0
2025-12-23,Shanghai,0,5.12,34.61,0
2025-12-24,Shanghai,0,4.6,8.43,0
2025-12-25,Shanghai,0,9.99,17.27,0
2025-12-26,Shanghai,0,3.78,11.87,0
2025-12-27,Shanghai,0,3.64,5.92,0
2025-12-28,Shanghai,0,3.88,6.83,0
2025-12-29,Shanghai,0,2.83,1.99,0
2025-12-30,Shanghai,0,2.75,8.25,0
2025-12-31,Shanghai,0,1.93,6.22,0
2023-01-01,Rotterdam,0,16.04,0.01,0
2023-01-02,Rotterdam,0,0.47,4.04,0
2023-01-03,Rotterdam,0,0.07,11.74,0
2023-01-04,Rotterdam,0,0.95,0.16,0
2023-01-05,Rotterdam,0,3.02,6.27,0
2023-01-06,Rotterdam,0,3.72,7.19,0
2023-01-07,Rotterdam,0,5.19,0.54,0
2023-01-08,Rotterdam,0,4.41,11.26,0
2023-01-09,Rotterdam,0,1.88,31.19,0
2023-01-10,Rotterdam,0,6.13,26.49,0
2023-01-11,Rotterdam,0,0.34,1.91,0
2023-01-12,Rotterdam,0,0.17,1.0,0
2023-01-13,Rotterdam,0,0.67,13.77,0
2023-01-14,Rotterdam,0,0.69,34.58,0
2023-01-15,Rotterdam,0,2.42,0.29,0
2023-01-16,Rotterdam,0,4.57,3.9,0
2023-01-17,Rotterdam,0,18.92,2.01,0
2023-01-18,Rotterdam,0,1.29,4.15,0
2023-01-19,Rotterdam,0,4.51,13.43,0
2023-01-20,Rotterdam,0,0.78,0.56,0
2023-01-21,Rotterdam,0,0.27,7.96,0
2023-01-22,Rotterdam,0,0.15,1.04,0
2023-01-23,Rotterdam,1,9.91,0.14,0
2023-01-24,Rotterdam,0,19.66,1.42,0
2023-01-25,Rotterdam,0,13.51,0.41,0
2023-01-26,Rotterdam,0,2.85,11.72,0
2023-01-27,Rotterdam,0,0.23,3.2,0
2023-01-28,Rotterdam,0,0.92,4.59,0
2023-01-29,Rotterdam,0,7.94,3.7,0
2023-01-30,Rotterdam,0,1.24,3.11,0
2023-01-31,Rotterdam,0,4.38,21.62,0
2023-02-01,Rotterdam,0,1.81,6.93,0
2023-02-02,Rotterdam,0,3.56,6.9,0
2023-02-03,Rotterdam,0,8.14,8.04,0
2023-02-04,Rotterdam,0,2.9,1.4,0
2023-02-05,Rotterdam,0,24.43,5.44,0
2023-02-06,Rotterdam,0,2.3,10.09,0
2023-02-07,Rotterdam,0,2.22,10.83,0
2023-02-08,Rotterdam,1,5.11,6.41,0
2023-02-09,Rotterdam,1,0.45,1.88,0
2023-02-10,Rotterdam,0,8.16,5.38,0
2023-02-11,Rotterdam,0,2.38,21.67,0
2023-02-12,Rotterdam,0,5.96,10.73,0
2023-02-13,Rotterdam,0,3.84,3.86,0
2023-02-14,Rotterdam,0,4.4,44.7,0
2023-02-15,Rotterdam,0,4.92,9.38,0
2023-02-16,Rotterdam,0,1.44,39.57,0
2023-02-17,Rotterdam,0,7.99,6.44,0
2023-02-18,Rotterdam,0,0.0,1.85,0
2023-02-19,Rotterdam,0,0.37,3.48,0
2023-02-20,Rotterdam,0,6.65,16.46,0
2023-02-21,Rotterdam,0,13.65,8.29,0
2023-02-22,Rotterdam,0,1.44,1.78,0
2023-02-23,Rotterdam,0,0.77,21.82,0
2023-02-24,Rotterdam,0,3.31,2.95,0
2023-02-25,Rotterdam,0,0.73,18.7,0
2023-02-26,Rotterdam,0,0.13,0.48,0
2023-02-27,Rotterdam,1,5.18,21.78,0
2023-02-28,Rotterdam,1,0.82,0.69,0
2023-03-01,Rotterdam,1,7.17,16.29,0
2023-03-02,Rotterdam,1,3.49,7.68,0
2023-03-03,Rotterdam,0,13.23,24.35,0
2023-03-04,Rotterdam,0,4.13,5.58,0
2023-03-05,Rotterdam,0,6.15,24.08,0
2023-03-06,Rotterdam,0,3.14,7.14,0
2023-03-07,Rotterdam,0,5.21,0.69,0
2023-03-08,Rotterdam,0,8.28,2.58,0
2023-03-09,Rotterdam,1,5.18,9.97,0
2023-03-10,Rotterdam,1,5.16,47.67,0
2023-03-11,Rotterdam,0,0.88,2.79,0
2023-03-12,Rotterdam,0,0.13,20.04,0
2023-03-13,Rotterdam,0,1.61,11.26,0
2023-03-14,Rotterdam,0,3.66,17.32,0
2023-03-15,Rotterdam,0,7.27,7.06,0
2023-03-16,Rotterdam,1,5.16,4.37,0
2023-03-17,Rotterdam,1,21.39,5.65,0
2023-03-18,Rotterdam,1,7.5,12.53,0
2023-03-19,Rotterdam,1,13.53,26.94,0
2023-03-20,Rotterdam,0,28.22,9.46,0
2023-03-21,Rotterdam,0,11.75,24.55,0
2023-03-22,Rotterdam,0,14.93,0.07,0
2023-03-23,Rotterdam,1,4.09,1.51,0
2023-03-24,Rotterdam,1,1.34,11.04,0
2023-03-25,Rotterdam,0,2.16,2.88,0
2023-03-26,Rotterdam,1,0.65,22.22,0
2023-03-27,Rotterdam,1,0.94,8.99,0
2023-03-28,Rotterdam,0,0.11,18.55,0
2023-03-29,Rotterdam,0,0.01,13.97,0
2023-03-30,Rotterdam,0,11.58,25.36,0
2023-03-31,Rotterdam,1,26.71,2.11,0
2023-04-01,Rotterdam,1,8.58,8.09,0
2023-04-02,Rotterdam,1,6.6,2.72,0
2023-04-03,Rotterdam,1,5.19,19.97,0
2023-04-04,Rotterdam,0,18.21,2.03,0
2023-04-05,Rotterdam,0,1.94,7.12,0
2023-04-06,Rotterdam,1,11.66,21.73,0
2023-04-07,Rotterdam,1,2.1,13.08,0
2023-04-08,Rotterdam,1,2.15,17.26,0
2023-04-09,Rotterdam,1,9.42,0.89,0
2023-04-10,Rotterdam,2,14.97,15.07,0
2023-04-11,Rotterdam,2,1.28,9.25,0
2023-04-12,Rotterdam,1,8.22,6.6,0
2023-04-13,Rotterdam,1,7.74,16.16,0
2023-04-14,Rotterdam,1,1.66,22.56,0
2023-04-15,Rotterdam,1,19.63,5.29,0
2023-04-16,Rotterdam,1,5.21,21.28,0
2023-04-17,Rotterdam,1,3.24,23.25,0
2023-04-18,Rotterdam,0,2.06,1.3,0
2023-04-19,Rotterdam,1,3.28,51.71,0
2023-04-20,Rotterdam,0,0.25,16.34,0
2023-04-21,Rotterdam,1,10.71,40.68,0
2023-04-22,Rotterdam,1,22.7,9.95,0
2023-04-23,Rotterdam,1,16.48,4.86,0
2023-04-24,Rotterdam,0,2.31,0.47,0
2023-04-25,Rotterdam,1,9.68,28.38,0
2023-04-26,Rotterdam,1,3.15,60.05,0
2023-04-27,Rotterdam,2,1.65,20.22,0
2023-04-28,Rotterdam,2,4.72,13.82,0
2023-04-29,Rotterdam,1,3.59,17.22,0
2023-04-30,Rotterdam,1,1.51,1.52,0
2023-05-01,Rotterdam,2,5.19,5.58,0
2023-05-02,Rotterdam,1,4.6,13.26,0
2023-05-03,Rotterdam,1,2.26,11.16,0
2023-05-04,Rotterdam,0,0.27,27.26,0
2023-05-05,Rotterdam,1,1.93,11.99,0
2023-05-06,Rotterdam,2,21.22,8.96,0
2023-05-07,Rotterdam,1,6.25,7.69,0
2023-05-08,Rotterdam,1,2.89,15.72,0
2023-05-09,Rotterdam,1,2.27,2.28,0
2023-05-10,Rotterdam,1,7.82,6.05,0
2023-05-11,Rotterdam,1,1.54,5.23,0
2023-05-12,Rotterdam,1,1.87,42.45,0
2023-05-13,Rotterdam,1,13.53,6.27,0
2023-05-14,Rotterdam,1,4.38,4.97,0
2023-05-15,Rotterdam,1,1.3,2.78,0
2023-05-16,Rotterdam,1,0.21,9.49,0
2023-05-17,Rotterdam,1,25.78,0.57,0
2023-05-18,Rotterdam,1,0.02,16.06,0
2023-05-19,Rotterdam,1,5.55,17.99,0
2023-05-20,Rotterdam,1,7.78,1.85,0
2023-05-21,Rotterdam,1,5.95,0.43,0
2023-05-22,Rotterdam,0,2.35,3.89,0
2023-05-23,Rotterdam,1,14.13,54.9,0
2023-05-24,Rotterdam,0,10.25,19.68,0
2023-05-25,Rotterdam,0,2.47,13.25,0
2023-05-26,Rotterdam,0,3.4,16.66,0
2023-05-27,Rotterdam,1,5.28,33.06,0
2023-05-28,Rotterdam,1,8.18,6.38,0
2023-05-29,Rotterdam,1,1.61,10.08,0
2023-05-30,Rotterdam,1,0.48,19.96,0
2023-05-31,Rotterdam,1,3.96,4.85,0
2023-06-01,Rotterdam,1,0.81,39.51,0
2023-06-02,Rotterdam,1,4.62,15.64,0
2023-06-03,Rotterdam,2,15.56,19.48,0
2023-06-04,Rotterdam,1,4.45,7.03,0
2023-06-05,Rotterdam,1,5.51,1.55,0
2023-06-06,Rotterdam,1,6.54,18.3,0
2023-06-07,Rotterdam,1,9.79,20.69,0
2023-06-08,Rotterdam,1,6.09,37.02,0
2023-06-09,Rotterdam,1,3.99,14.16,0
2023-06-10,Rotterdam,1,3.83,17.36,0
2023-06-11,Rotterdam,1,1.49,20.04,0
2023-06-12,Rotterdam,1,3.93,14.49,0
2023-06-13,Rotterdam,1,10.21,6.98,0
2023-06-14,Rotterdam,1,3.59,13.29,0
2023-06-15,Rotterdam,2,4.22,4.72,0
2023-06-16,Rotterdam,1,5.71,3.16,0
2023-06-17,Rotterdam,2,1.72,65.79,1
2023-06-18,Rotterdam,1,0.64,3.52,0
2023-06-19,Rotterdam,1,8.97,10.13,0
2023-06-20,Rotterdam,1,2.35,10.07,0
2023-06-21,Rotterdam,1,2.1,12.86,0
2023-06-22,Rotterdam,1,14.22,60.25,0
2023-06-23,Rotterdam,1,16.66,4.77,0
2023-06-24,Rotterdam,1,4.84,0.64,0
2023-06-25,Rotterdam,1,6.85,7.2,0
2023-06-26,Rotterdam,0,15.2,4.45,0
2023-06-27,Rotterdam,1,3.51,2.33,0
2023-06-28,Rotterdam,1,13.64,0.39,0
2023-06-29,Rotterdam,1,9.08,5.39,0
2023-06-30,Rotterdam,1,20.67,14.43,0
2023-07-01,Rotterdam,1,1.77,0.39,0
2023-07-02,Rotterdam,1,11.28,8.25,0
2023-07-03,Rotterdam,1,1.19,9.7,0
2023-07-04,Rotterdam,1,11.25,35.19,0
2023-07-05,Rotterdam,1,2.66,37.52,0
2023-07-06,Rotterdam,1,0.4,23.99,0
2023-07-07,Rotterdam,1,12.09,7.86,0
2023-07-08,Rotterdam,1,0.36,4.56,0
2023-07-09,Rotterdam,1,12.81,6.42,0
2023-07-10,Rotterdam,1,1.47,9.35,0
2023-07-11,Rotterdam,1,5.7,20.26,0
2023-07-12,Rotterdam,1,0.23,14.53,0
2023-07-13,Rotterdam,1,0.54,0.4,0
2023-07-14,Rotterdam,1,2.02,13.3,0
2023-07-15,Rotterdam,0,2.01,15.99,0
2023-07-16,Rotterdam,0,0.86,24.4,0
2023-07-17,Rotterdam,1,0.82,1.14,0
2023-07-18,Rotterdam,1,1.05,88.5,0
2023-07-19,Rotterdam,1,4.58,12.85,0
2023-07-20,Rotterdam,1,0.41,1.2,0
2023-07-21,Rotterdam,1,16.54,21.56,0
2023-07-22,Rotterdam,2,22.83,46.44,0
2023-07-23,Rotterdam,2,0.61,8.37,1
2023-07-24,Rotterdam,2,11.38,6.07,0
2023-07-25,Rotterdam,1,7.87,7.07,0
2023-07-26,Rotterdam,1,5.53,15.89,0
2023-07-27,Rotterdam,1,1.96,5.8,0
2023-07-28,Rotterdam,1,5.56,1.88,0
2023-07-29,Rotterdam,0,8.55,4.74,0
2023-07-30,Rotterdam,1,2.35,5.33,0
2023-07-31,Rotterdam,1,10.71,13.41,0
2023-08-01,Rotterdam,1,4.25,27.94,0
2023-08-02,Rotterdam,0,9.9,5.23,0
2023-08-03,Rotterdam,0,4.27,23.07,0
2023-08-04,Rotterdam,1,11.89,17.71,0
2023-08-05,Rotterdam,1,20.68,10.83,0
2023-08-06,Rotterdam,1,3.87,20.17,0
2023-08-07,Rotterdam,1,7.7,28.35,0
2023-08-08,Rotterdam,1,24.2,17.06,0
2023-08-09,Rotterdam,1,38.03,1.66,0
2023-08-10,Rotterdam,1,5.66,0.48,0
2023-08-11,Rotterdam,2,26.39,37.39,1
2023-08-12,Rotterdam,1,3.12,1.85,0
2023-08-13,Rotterdam,1,3.52,12.97,0
2023-08-14,Rotterdam,1,18.93,1.65,0
2023-08-15,Rotterdam,1,6.8,40.74,0
2023-08-16,Rotterdam,1,12.22,6.5,0
2023-08-17,Rotterdam,1,3.16,16.63,0
2023-08-18,Rotterdam,1,11.22,4.77,0
2023-08-19,Rotterdam,1,13.15,12.41,0
2023-08-20,Rotterdam,1,3.38,0.29,0
2023-08-21,Rotterdam,1,4.93,4.98,0
2023-08-22,Rotterdam,1,2.79,22.61,0
2023-08-23,Rotterdam,1,14.96,7.98,0
2023-08-24,Rotterdam,1,8.26,10.47,0
2023-08-25,Rotterdam,0,0.81,13.37,0
2023-08-26,Rotterdam,1,21.37,4.83,0
2023-08-27,Rotterdam,1,7.29,0.99,0
2023-08-28,Rotterdam,1,3.43,7.89,0
2023-08-29,Rotterdam,1,6.78,17.17,0
2023-08-30,Rotterdam,1,1.66,14.11,0
2023-08-31,Rotterdam,2,3.51,38.33,0
2023-09-01,Rotterdam,1,13.41,49.09,0
2023-09-02,Rotterdam,2,3.46,43.11,0
2023-09-03,Rotterdam,1,26.95,3.85,0
2023-09-04,Rotterdam,1,1.86,24.38,0
2023-09-05,Rotterdam,1,15.42,17.47,0
2023-09-06,Rotterdam,1,15.67,11.42,0
2023-09-07,Rotterdam,1,8.8,4.93,0
2023-09-08,Rotterdam,1,1.78,23.02,0
2023-09-09,Rotterdam,0,2.12,4.61,0
2023-09-10,Rotterdam,1,5.13,0.02,0
2023-09-11,Rotterdam,1,10.5,20.1,0
2023-09-12,Rotterdam,1,27.71,5.4,0
2023-09-13,Rotterdam,1,7.93,30.94,0
2023-09-14,Rotterdam,1,8.34,32.76,0
2023-09-15,Rotterdam,1,10.77,2.23,0
2023-09-16,Rotterdam,0,2.77,16.22,0
2023-09-17,Rotterdam,1,1.78,7.18,0
2023-09-18,Rotterdam,1,16.4,5.46,0
2023-09-19,Rotterdam,1,29.01,10.07,0
2023-09-20,Rotterdam,1,12.04,4.54,0
2023-09-21,Rotterdam,1,2.3,5.32,0
2023-09-22,Rotterdam,1,7.21,13.72,0
2023-09-23,Rotterdam,1,8.23,9.25,0
2023-09-24,Rotterdam,1,3.91,33.16,0
2023-09-25,Rotterdam,2,10.64,23.55,0
2023-09-26,Rotterdam,1,25.42,25.51,0
2023-09-27,Rotterdam,1,4.92,7.13,0
2023-09-28,Rotterdam,0,3.53,13.53,0
2023-09-29,Rotterdam,1,8.34,23.17,0
2023-09-30,Rotterdam,1,5.09,32.02,0
2023-10-01,Rotterdam,1,13.4,6.05,0
2023-10-02,Rotterdam,1,3.9,1.18,0
2023-10-03,Rotterdam,0,4.83,7.2,0
2023-10-04,Rotterdam,1,11.29,0.42,0
2023-10-05,Rotterdam,1,1.96,42.11,0
2023-10-06,Rotterdam,1,5.38,1.16,0
2023-10-07,Rotterdam,1,4.75,11.31,0
2023-10-08,Rotterdam,1,4.29,27.15,0
2023-10-09,Rotterdam,1,3.67,6.93,0
2023-10-10,Rotterdam,1,1.42,23.84,0
2023-10-11,Rotterdam,1,8.99,18.56,0
2023-10-12,Rotterdam,1,0.83,2.46,0
2023-10-13,Rotterdam,1,16.2,19.14,0
2023-10-14,Rotterdam,1,3.12,9.08,0
2023-10-15,Rotterdam,1,2.65,6.62,0
2023-10-16,Rotterdam,1,2.99,17.98,0
2023-10-17,Rotterdam,1,18.39,34.82,0
2023-10-18,Rotterdam,1,3.2,32.44,0
2023-10-19,Rotterdam,0,4.0,14.25,0
2023-10-20,Rotterdam,0,0.61,9.97,0
2023-10-21,Rotterdam,0,9.15,10.7,0
2023-10-22,Rotterdam,0,10.83,11.54,0
2023-10-23,Rotterdam,1,0.3,11.49,0
2023-10-24,Rotterdam,1,2.8,17.71,0
2023-10-25,Rotterdam,1,1.43,2.17,0
2023-10-26,Rotterdam,1,29.1,28.5,0
2023-10-27,Rotterdam,1,1.91,4.62,0
2023-10-28,Rotterdam,0,6.82,4.98,0
2023-10-29,Rotterdam,0,7.84,30.4,0
2023-10-30,Rotterdam,0,13.3,9.09,0
2023-10-31,Rotterdam,0,2.3,1.89,0
2023-11-01,Rotterdam,0,0.62,0.13,0
2023-11-02,Rotterdam,0,0.42,1.23,0
2023-11-03,Rotterdam,0,4.64,1.75,0
2023-11-04,Rotterdam,0,5.98,6.72,0
2023-11-05,Rotterdam,0,2.55,7.23,0
2023-11-06,Rotterdam,0,5.05,4.74,0
2023-11-07,Rotterdam,0,3.96,5.39,0
2023-11-08,Rotterdam,0,2.87,27.55,0
2023-11-09,Rotterdam,0,5.63,10.77,0
2023-11-10,Rotterdam,0,0.62,6.59,0
2023-11-11,Rotterdam,0,0.98,3.19,0
2023-11-12,Rotterdam,0,6.08,1.74,0
2023-11-13,Rotterdam,1,31.9,2.83,0
2023-11-14,Rotterdam,0,5.23,10.27,0
2023-11-15,Rotterdam,0,2.87,0.84,0
2023-11-16,Rotterdam,0,7.37,9.34,0
2023-11-17,Rotterdam,0,21.66,19.02,0
2023-11-18,Rotterdam,0,1.99,4.11,0
2023-11-19,Rotterdam,0,2.0,63.32,0
2023-11-20,Rotterdam,1,0.04,6.75,0
2023-11-21,Rotterdam,1,3.65,8.22,0
2023-11-22,Rotterdam,0,0.51,45.75,0
2023-11-23,Rotterdam,0,11.9,4.67,0
2023-11-24,Rotterdam,0,15.37,5.46,0
2023-11-25,Rotterdam,0,0.75,14.65,0
2023-11-26,Rotterdam,0,21.03,17.27,0
2023-11-27,Rotterdam,0,3.7,12.65,0
2023-11-28,Rotterdam,0,0.1,7.92,0
2023-11-29,Rotterdam,0,13.69,2.14,0
2023-11-30,Rotterdam,0,2.41,1.22,0
2023-12-01,Rotterdam,0,9.1,0.26,0
2023-12-02,Rotterdam,0,2.31,9.06,0
2023-12-03,Rotterdam,0,1.36,15.14,0
2023-12-04,Rotterdam,0,4.23,8.64,0
2023-12-05,Rotterdam,0,0.84,0.95,0
2023-12-06,Rotterdam,1,11.33,3.88,0
2023-12-07,Rotterdam,1,13.48,7.21,0
2023-12-08,Rotterdam,0,1.25,1.16,0
2023-12-09,Rotterdam,0,6.93,5.21,0
2023-12-10,Rotterdam,0,6.11,11.74,0
2023-12-11,Rotterdam,1,24.51,34.6,0
2023-12-12,Rotterdam,0,0.55,23.63,0
2023-12-13,Rotterdam,1,1.5,37.61,0
2023-12-14,Rotterdam,1,3.58,1.69,0
2023-12-15,Rotterdam,0,1.1,28.5,0
2023-12-16,Rotterdam,0,2.62,10.92,0
2023-12-17,Rotterdam,0,0.44,34.24,0
2023-12-18,Rotterdam,0,7.59,0.97,0
2023-12-19,Rotterdam,0,6.03,1.61,0
2023-12-20,Rotterdam,1,4.92,71.52,0
2023-12-21,Rotterdam,0,14.24,10.53,0
2023-12-22,Rotterdam,0,26.05,14.03,0
2023-12-23,Rotterdam,0,2.69,16.96,0
2023-12-24,Rotterdam,0,13.9,1.26,0
2023-12-25,Rotterdam,0,2.91,2.83,0
2023-12-26,Rotterdam,0,8.45,0.06,0
2023-12-27,Rotterdam,0,8.93,42.53,0
2023-12-28,Rotterdam,0,2.19,5.48,0
2023-12-29,Rotterdam,0,5.45,0.47,0
2023-12-30,Rotterdam,0,2.44,0.1,0
2023-12-31,Rotterdam,1,11.21,4.62,0
2024-01-01,Rotterdam,1,4.05,4.09,0
2024-01-02,Rotterdam,1,1.24,37.65,0
2024-01-03,Rotterdam,0,8.99,0.78,0
2024-01-04,Rotterdam,0,7.35,10.07,0
2024-01-05,Rotterdam,0,8.63,4.49,0
2024-01-06,Rotterdam,0,6.54,0.72,0
2024-01-07,Rotterdam,0,8.69,2.58,0
2024-01-08,Rotterdam,0,1.21,21.24,0
2024-01-09,Rotterdam,0,7.62,2.12,0
2024-01-10,Rotterdam,0,1.31,6.23,0
2024-01-11,Rotterdam,0,5.01,21.91,0
2024-01-12,Rotterdam,0,5.21,5.67,0
2024-01-13,Rotterdam,0,2.14,47.43,0
2024-01-14,Rotterdam,0,5.35,11.01,0
2024-01-15,Rotterdam,0,7.58,5.96,0
2024-01-16,Rotterdam,0,3.88,16.47,0
2024-01-17,Rotterdam,0,0.7,6.31,0
2024-01-18,Rotterdam,0,1.59,6.28,0
2024-01-19,Rotterdam,0,7.89,8.18,0
2024-01-20,Rotterdam,0,3.26,4.14,0
2024-01-21,Rotterdam,0,2.52,7.17,0
2024-01-22,Rotterdam,0,12.38,14.33,0
2024-01-23,Rotterdam,0,2.81,13.5,0
2024-01-24,Rotterdam,0,18.17,0.39,0
2024-01-25,Rotterdam,1,9.39,9.32,0
2024-01-26,Rotterdam,1,16.52,4.07,0
2024-01-27,Rotterdam,0,2.99,2.62,0
2024-01-28,Rotterdam,0,9.18,5.77,0
2024-01-29,Rotterdam,0,1.71,12.37,0
2024-01-30,Rotterdam,1,3.03,4.6,0
2024-01-31,Rotterdam,1,10.5,4.24,0
2024-02-01,Rotterdam,0,0.72,16.35,0
2024-02-02,Rotterdam,0,2.39,2.54,0
2024-02-03,Rotterdam,0,6.01,3.91,0
2024-02-04,Rotterdam,0,14.86,3.22,0
2024-02-05,Rotterdam,0,1.47,1.8,0
2024-02-06,Rotterdam,0,9.58,15.15,0
2024-02-07,Rotterdam,0,3.8,43.64,0
2024-02-08,Rotterdam,1,35.36,1.89,0
2024-02-09,Rotterdam,0,11.48,3.93,0
2024-02-10,Rotterdam,0,4.49,3.7,0
2024-02-11,Rotterdam,0,8.13,1.93,0
2024-02-12,Rotterdam,0,0.2,7.26,0
2024-02-13,Rotterdam,0,10.31,22.6,0
2024-02-14,Rotterdam,0,1.88,0.53,0
2024-02-15,Rotterdam,0,7.67,19.92,0
2024-02-16,Rotterdam,0,4.53,3.95,0
2024-02-17,Rotterdam,0,2.23,22.42,0
2024-02-18,Rotterdam,1,20.96,7.71,0
2024-02-19,Rotterdam,1,0.18,4.77,0
2024-02-20,Rotterdam,1,4.39,0.56,0
2024-02-21,Rotterdam,2,4.37,0.1,0
2024-02-22,Rotterdam,2,3.05,30.21,0
2024-02-23,Rotterdam,1,7.34,39.04,0
2024-02-24,Rotterdam,1,7.34,10.19,0
2024-02-25,Rotterdam,0,4.19,8.86,0
2024-02-26,Rotterdam,1,8.78,0.38,0
2024-02-27,Rotterdam,1,2.6,26.83,0
2024-02-28,Rotterdam,1,24.91,11.1,0
2024-02-29,Rotterdam,1,0.51,44.94,0
2024-03-01,Rotterdam,1,20.75,16.16,0
2024-03-02,Rotterdam,1,0.57,10.21,0
2024-03-03,Rotterdam,0,2.19,0.07,0
2024-03-04,Rotterdam,0,3.44,19.46,0
2024-03-05,Rotterdam,0,1.14,10.42,0
2024-03-06,Rotterdam,0,3.03,10.02,0
2024-03-07,Rotterdam,1,4.16,36.74,0
2024-03-08,Rotterdam,1,9.7,3.2,0
2024-03-09,Rotterdam,1,3.77,28.94,0
2024-03-10,Rotterdam,0,3.22,0.92,0
2024-03-11,Rotterdam,0,2.0,0.58,0
2024-03-12,Rotterdam,0,22.6,23.45,0
2024-03-13,Rotterdam,0,1.29,26.86,0
2024-03-14,Rotterdam,0,3.21,1.47,0
2024-03-15,Rotterdam,0,4.96,2.96,0
2024-03-16,Rotterdam,0,2.37,4.28,0
2024-03-17,Rotterdam,1,0.2,32.72,0
2024-03-18,Rotterdam,1,6.69,29.95,0
2024-03-19,Rotterdam,1,4.86,6.23,0
2024-03-20,Rotterdam,0,0.09,14.82,0
2024-03-21,Rotterdam,0,4.28,0.37,0
2024-03-22,Rotterdam,0,1.56,2.68,0
2024-03-23,Rotterdam,0,6.62,7.25,0
2024-03-24,Rotterdam,0,0.23,6.43,0
2024-03-25,Rotterdam,1,4.38,9.11,0
2024-03-26,Rotterdam,0,1.64,1.49,0
2024-03-27,Rotterdam,1,0.48,27.41,0
2024-03-28,Rotterdam,0,10.83,2.37,0
2024-03-29,Rotterdam,1,4.94,26.43,0
2024-03-30,Rotterdam,1,3.53,22.66,0
2024-03-31,Rotterdam,1,12.04,8.33,0
2024-04-01,Rotterdam,0,3.04,7.14,0
2024-04-02,Rotterdam,0,5.37,6.12,0
2024-04-03,Rotterdam,1,4.88,79.32,0
2024-04-04,Rotterdam,1,4.28,9.4,0
2024-04-05,Rotterdam,1,8.47,38.82,0
2024-04-06,Rotterdam,1,0.26,26.02,0
2024-04-07,Rotterdam,1,4.76,18.37,0
2024-04-08,Rotterdam,2,32.85,0.99,0
2024-04-09,Rotterdam,1,1.09,8.77,0
2024-04-10,Rotterdam,2,18.17,57.31,1
2024-04-11,Rotterdam,1,2.09,23.02,0
2024-04-12,Rotterdam,1,16.26,35.32,0
2024-04-13,Rotterdam,1,1.31,8.03,0
2024-04-14,Rotterdam,1,3.74,0.31,0
2024-04-15,Rotterdam,1,6.84,31.64,0
2024-04-16,Rotterdam,0,19.83,7.03,0
2024-04-17,Rotterdam,1,2.27,5.06,0
2024-04-18,Rotterdam,1,11.04,10.17,0
2024-04-19,Rotterdam,2,4.83,9.53,0
2024-04-20,Rotterdam,2,16.87,5.52,0
2024-04-21,Rotterdam,2,10.93,13.55,0
2024-04-22,Rotterdam,1,0.66,3.27,0
2024-04-23,Rotterdam,2,8.12,69.84,0
2024-04-24,Rotterdam,2,1.61,3.83,0
2024-04-25,Rotterdam,1,2.63,14.93,0
2024-04-26,Rotterdam,1,6.57,31.5,0
2024-04-27,Rotterdam,1,1.65,23.45,0
2024-04-28,Rotterdam,1,20.82,8.45,0
2024-04-29,Rotterdam,1,4.58,21.78,0
2024-04-30,Rotterdam,1,5.84,8.52,0
2024-05-01,Rotterdam,1,6.13,6.75,0
2024-05-02,Rotterdam,2,5.18,7.99,0
2024-05-03,Rotterdam,1,3.41,2.82,0
2024-05-04,Rotterdam,1,7.72,12.56,0
2024-05-05,Rotterdam,1,15.3,15.69,0
2024-05-06,Rotterdam,1,10.66,10.08,0
2024-05-07,Rotterdam,1,1.58,4.49,0
2024-05-08,Rotterdam,0,11.17,2.48,0
2024-05-09,Rotterdam,1,9.53,0.21,0
2024-05-10,Rotterdam,1,16.65,17.54,0
2024-05-11,Rotterdam,2,4.42,67.72,0
2024-05-12,Rotterdam,1,17.07,20.15,0
2024-05-13,Rotterdam,1,1.77,30.22,0
2024-05-14,Rotterdam,2,16.76,7.47,1
2024-05-15,Rotterdam,1,4.72,16.6,0
2024-05-16,Rotterdam,1,0.04,0.18,0
2024-05-17,Rotterdam,1,20.59,13.55,0
2024-05-18,Rotterdam,2,23.62,71.33,0
2024-05-19,Rotterdam,2,2.43,11.28,0
2024-05-20,Rotterdam,1,2.83,8.38,0
2024-05-21,Rotterdam,2,14.9,14.75,0
2024-05-22,Rotterdam,2,14.77,31.82,0
2024-05-23,Rotterdam,2,13.56,2.95,1
2024-05-24,Rotterdam,2,0.78,22.93,1
2024-05-25,Rotterdam,2,2.33,41.18,0
2024-05-26,Rotterdam,2,1.36,12.27,0
2024-05-27,Rotterdam,1,5.47,12.71,0
2024-05-28,Rotterdam,1,0.19,37.2,0
2024-05-29,Rotterdam,1,1.0,15.14,0
2024-05-30,Rotterdam,1,6.85,2.03,0
2024-05-31,Rotterdam,0,0.78,12.33,0
2024-06-01,Rotterdam,1,9.88,4.12,0
2024-06-02,Rotterdam,1,0.86,13.3,0
2024-06-03,Rotterdam,1,18.44,16.98,0
2024-06-04,Rotterdam,1,1.99,7.74,0
2024-06-05,Rotterdam,1,2.27,4.63,0
2024-06-06,Rotterdam,2,0.05,57.61,0
2024-06-07,Rotterdam,1,10.53,17.43,0
2024-06-08,Rotterdam,1,4.78,12.05,0
2024-06-09,Rotterdam,1,33.97,6.81,0
2024-06-10,Rotterdam,1,1.01,37.13,0
2024-06-11,Rotterdam,1,14.73,14.25,0
2024-06-12,Rotterdam,1,1.57,55.26,0
2024-06-13,Rotterdam,1,7.5,9.34,0
2024-06-14,Rotterdam,1,2.89,28.85,0
2024-06-15,Rotterdam,1,5.21,24.02,0
2024-06-16,Rotterdam,2,1.47,16.47,0
2024-06-17,Rotterdam,1,8.17,17.07,0
2024-06-18,Rotterdam,2,5.47,59.89,0
2024-06-19,Rotterdam,2,0.04,5.09,0
2024-06-20,Rotterdam,2,3.44,0.36,0
2024-06-21,Rotterdam,2,0.04,13.46,0
2024-06-22,Rotterdam,2,1.79,3.83,0
2024-06-23,Rotterdam,2,17.9,5.08,1
2024-06-24,Rotterdam,2,4.18,61.05,0
2024-06-25,Rotterdam,2,13.69,12.55,1
2024-06-26,Rotterdam,2,15.0,4.14,0
2024-06-27,Rotterdam,1,0.18,15.02,0
2024-06-28,Rotterdam,1,21.17,0.04,0
2024-06-29,Rotterdam,2,5.04,6.81,0
2024-06-30,Rotterdam,1,12.02,8.57,0
2024-07-01,Rotterdam,1,3.71,17.57,0
2024-07-02,Rotterdam,1,3.27,36.8,0
2024-07-03,Rotterdam,2,14.78,0.49,0
2024-07-04,Rotterdam,2,27.23,13.28,1
2024-07-05,Rotterdam,1,6.16,2.76,0
2024-07-06,Rotterdam,1,0.18,21.1,0
2024-07-07,Rotterdam,1,5.22,12.66,0
2024-07-08,Rotterdam,2,3.48,8.94,0
2024-07-09,Rotterdam,2,7.96,3.99,0
2024-07-10,Rotterdam,1,4.01,17.43,0
2024-07-11,Rotterdam,1,2.01,7.98,0
2024-07-12,Rotterdam,1,0.36,22.63,0
2024-07-13,Rotterdam,1,0.14,13.17,0
2024-07-14,Rotterdam,2,12.48,9.6,0
2024-07-15,Rotterdam,1,3.42,33.45,0
2024-07-16,Rotterdam,0,13.31,10.36,0
2024-07-17,Rotterdam,0,16.1,13.67,0
2024-07-18,Rotterdam,1,10.01,12.32,0
2024-07-19,Rotterdam,1,6.62,15.22,0
2024-07-20,Rotterdam,1,2.38,14.76,0
2024-07-21,Rotterdam,2,5.98,12.39,0
2024-07-22,Rotterdam,1,6.21,5.93,0
2024-07-23,Rotterdam,1,16.46,34.7,0
2024-07-24,Rotterdam,1,7.76,6.48,0
2024-07-25,Rotterdam,1,2.2,2.13,0
2024-07-26,Rotterdam,1,3.82,8.6,0
2024-07-27,Rotterdam,1,25.0,16.76,0
2024-07-28,Rotterdam,1,1.9,28.27,0
2024-07-29,Rotterdam,2,14.23,18.65,0
2024-07-30,Rotterdam,1,1.3,23.13,0
2024-07-31,Rotterdam,1,1.5,35.84,0
2024-08-01,Rotterdam,1,17.45,27.77,0
2024-08-02,Rotterdam,1,4.66,6.53,0
2024-08-03,Rotterdam,1,5.04,30.46,0
2024-08-04,Rotterdam,2,4.1,40.81,0
2024-08-05,Rotterdam,1,3.62,5.08,0
2024-08-06,Rotterdam,2,6.05,5.94,0
2024-08-07,Rotterdam,2,2.62,50.65,0
2024-08-08,Rotterdam,1,1.66,17.74,0
2024-08-09,Rotterdam,1,11.81,11.11,0
2024-08-10,Rotterdam,2,4.07,40.26,0
2024-08-11,Rotterdam,1,4.78,0.7,0
2024-08-12,Rotterdam,1,24.4,2.03,0
2024-08-13,Rotterdam,1,0.24,26.39,0
2024-08-14,Rotterdam,1,2.37,16.73,0
2024-08-15,Rotterdam,1,5.57,0.69,0
2024-08-16,Rotterdam,1,15.7,0.97,0
2024-08-17,Rotterdam,1,11.95,14.16,0
2024-08-18,Rotterdam,1,16.47,5.5,0
2024-08-19,Rotterdam,1,2.48,7.56,0
2024-08-20,Rotterdam,1,6.01,29.38,0
2024-08-21,Rotterdam,1,19.9,20.1,0
2024-08-22,Rotterdam,2,18.78,23.78,1
2024-08-23,Rotterdam,1,5.31,20.8,0
2024-08-24,Rotterdam,1,0.69,10.24,0
2024-08-25,Rotterdam,1,6.69,10.33,0
2024-08-26,Rotterdam,1,0.14,32.57,0
2024-08-27,Rotterdam,1,12.77,0.73,0
2024-08-28,Rotterdam,1,20.62,18.7,0
2024-08-29,Rotterdam,1,10.48,2.66,0
2024-08-30,Rotterdam,1,2.42,17.82,0
2024-08-31,Rotterdam,1,5.05,1.37,0
2024-09-01,Rotterdam,1,5.55,77.9,0
2024-09-02,Rotterdam,1,3.29,27.58,0
2024-09-03,Rotterdam,1,15.75,2.55,0
2024-09-04,Rotterdam,1,3.28,14.2,0
2024-09-05,Rotterdam,1,14.84,65.17,0
2024-09-06,Rotterdam,1,6.08,6.73,0
2024-09-07,Rotterdam,1,1.03,19.81,0
2024-09-08,Rotterdam,0,10.86,44.16,0
2024-09-09,Rotterdam,0,3.45,12.29,0
2024-09-10,Rotterdam,1,0.79,4.95,0
2024-09-11,Rotterdam,1,16.64,22.78,0
2024-09-12,Rotterdam,1,11.47,16.17,0
2024-09-13,Rotterdam,1,2.47,2.06,0
2024-09-14,Rotterdam,1,4.19,6.19,0
2024-09-15,Rotterdam,1,19.17,1.29,0
2024-09-16,Rotterdam,0,2.09,2.33,0
2024-09-17,Rotterdam,1,6.53,8.12,0
2024-09-18,Rotterdam,0,7.98,0.39,0
2024-09-19,Rotterdam,1,3.44,14.24,0
2024-09-20,Rotterdam,1,15.13,4.18,0
2024-09-21,Rotterdam,1,9.22,13.68,0
2024-09-22,Rotterdam,1,6.16,19.71,0
2024-09-23,Rotterdam,1,5.29,12.98,0
2024-09-24,Rotterdam,1,14.29,14.49,0
2024-09-25,Rotterdam,1,10.49,3.29,0
2024-09-26,Rotterdam,0,3.24,42.16,0
2024-09-27,Rotterdam,1,3.2,6.21,0
2024-09-28,Rotterdam,1,3.68,5.01,0
2024-09-29,Rotterdam,1,7.54,37.72,0
2024-09-30,Rotterdam,1,0.21,22.55,0
2024-10-01,Rotterdam,1,1.35,2.59,0
2024-10-02,Rotterdam,1,21.04,1.0,0
2024-10-03,Rotterdam,1,11.73,6.41,0
2024-10-04,Rotterdam,1,10.8,64.14,0
2024-10-05,Rotterdam,1,5.95,26.08,0
2024-10-06,Rotterdam,1,2.43,11.79,0
2024-10-07,Rotterdam,0,4.51,0.13,0
2024-10-08,Rotterdam,0,0.18,4.25,0
2024-10-09,Rotterdam,0,3.47,3.57,0
2024-10-10,Rotterdam,1,0.11,48.63,0
2024-10-11,Rotterdam,0,2.35,0.23,0
2024-10-12,Rotterdam,1,32.34,0.28,0
2024-10-13,Rotterdam,0,1.97,10.98,0
2024-10-14,Rotterdam,0,5.88,1.37,0
2024-10-15,Rotterdam,1,3.94,8.0,0
2024-10-16,Rotterdam,1,0.3,1.6,0
2024-10-17,Rotterdam,1,0.04,3.33,0
2024-10-18,Rotterdam,2,1.67,9.69,0
2024-10-19,Rotterdam,1,1.94,15.37,0
2024-10-20,Rotterdam,0,2.51,13.57,0
2024-10-21,Rotterdam,0,1.41,8.12,0
2024-10-22,Rotterdam,0,3.78,0.25,0
2024-10-23,Rotterdam,0,7.52,5.02,0
2024-10-24,Rotterdam,0,0.15,1.8,0
2024-10-25,Rotterdam,0,0.74,1.89,0
2024-10-26,Rotterdam,0,14.35,6.33,0
2024-10-27,Rotterdam,0,6.46,13.35,0
2024-10-28,Rotterdam,0,0.91,2.46,0
2024-10-29,Rotterdam,0,0.39,15.24,0
2024-10-30,Rotterdam,1,14.77,22.53,0
2024-10-31,Rotterdam,0,11.9,25.88,0
2024-11-01,Rotterdam,0,3.72,19.66,0
2024-11-02,Rotterdam,0,3.89,7.16,0
2024-11-03,Rotterdam,0,0.44,2.19,0
2024-11-04,Rotterdam,0,3.38,11.39,0
2024-11-05,Rotterdam,0,4.03,30.46,0
2024-11-06,Rotterdam,0,13.84,20.4,0
2024-11-07,Rotterdam,0,0.94,3.84,0
2024-11-08,Rotterdam,0,2.14,36.22,0
2024-11-09,Rotterdam,0,3.23,2.64,0
2024-11-10,Rotterdam,0,0.92,7.69,0
2024-11-11,Rotterdam,0,7.7,6.39,0
2024-11-12,Rotterdam,0,1.74,19.53,0
2024-11-13,Rotterdam,0,1.71,5.94,0
2024-11-14,Rotterdam,0,7.84,13.23,0
2024-11-15,Rotterdam,0,0.49,4.85,0
2024-11-16,Rotterdam,0,3.9,2.11,0
2024-11-17,Rotterdam,0,1.78,16.04,0
2024-11-18,Rotterdam,1,3.89,12.34,0
2024-11-19,Rotterdam,1,5.06,27.04,0
2024-11-20,Rotterdam,0,6.56,7.54,0
2024-11-21,Rotterdam,0,4.73,4.19,0
2024-11-22,Rotterdam,1,7.99,8.12,0
2024-11-23,Rotterdam,0,4.39,46.49,0
2024-11-24,Rotterdam,0,3.31,21.4,0
2024-11-25,Rotterdam,0,9.85,19.25,0
2024-11-26,Rotterdam,0,0.32,14.56,0
2024-11-27,Rotterdam,0,5.47,1.82,0
2024-11-28,Rotterdam,0,3.36,10.32,0
2024-11-29,Rotterdam,0,1.0,6.99,0
2024-11-30,Rotterdam,0,13.43,9.4,0
2024-12-01,Rotterdam,0,9.65,5.28,0
2024-12-02,Rotterdam,0,9.83,20.08,0
2024-12-03,Rotterdam,0,2.04,13.79,0
2024-12-04,Rotterdam,0,4.4,10.12,0
2024-12-05,Rotterdam,0,6.01,4.75,0
2024-12-06,Rotterdam,0,4.0,6.26,0
2024-12-07,Rotterdam,0,5.0,9.58,0
2024-12-08,Rotterdam,0,4.92,0.03,0
2024-12-09,Rotterdam,0,2.87,7.1,0
2024-12-10,Rotterdam,0,2.1,13.5,0
2024-12-11,Rotterdam,0,2.1,16.28,0
2024-12-12,Rotterdam,0,0.84,5.39,0
2024-12-13,Rotterdam,0,8.69,4.94,0
2024-12-14,Rotterdam,0,14.39,38.27,0
2024-12-15,Rotterdam,0,3.56,1.86,0
2024-12-16,Rotterdam,0,3.81,6.22,0
2024-12-17,Rotterdam,1,38.45,10.51,0
2024-12-18,Rotterdam,1,14.51,17.3,0
2024-12-19,Rotterdam,1,11.3,14.5,0
2024-12-20,Rotterdam,0,1.38,8.69,0
2024-12-21,Rotterdam,0,7.63,4.7,0
2024-12-22,Rotterdam,0,0.52,14.21,0
2024-12-23,Rotterdam,0,1.22,16.25,0
2024-12-24,Rotterdam,0,3.99,15.68,0
2024-12-25,Rotterdam,0,1.95,6.19,0
2024-12-26,Rotterdam,0,2.71,9.06,0
2024-12-27,Rotterdam,0,2.25,2.71,0
2024-12-28,Rotterdam,0,5.75,9.16,0
2024-12-29,Rotterdam,0,2.35,9.07,0
2024-12-30,Rotterdam,0,2.87,5.8,0
2024-12-31,Rotterdam,0,11.38,33.66,0
2025-01-01,Rotterdam,1,15.13,5.04,0
2025-01-02,Rotterdam,1,0.48,0.84,0
2025-01-03,Rotterdam,0,1.53,31.66,0
2025-01-04,Rotterdam,0,10.55,19.46,0
2025-01-05,Rotterdam,0,0.18,1.44,0
2025-01-06,Rotterdam,1,1.8,9.22,0
2025-01-07,Rotterdam,0,4.8,1.78,0
2025-01-08,Rotterdam,0,4.5,8.74,0
2025-01-09,Rotterdam,0,3.12,1.65,0
2025-01-10,Rotterdam,0,2.87,9.69,0
2025-01-11,Rotterdam,0,5.87,3.69,0
2025-01-12,Rotterdam,0,6.58,26.52,0
2025-01-13,Rotterdam,0,8.3,6.08,0
2025-01-14,Rotterdam,0,3.46,9.83,0
2025-01-15,Rotterdam,0,0.89,3.51,0
2025-01-16,Rotterdam,0,4.48,6.31,0
2025-01-17,Rotterdam,0,6.76,0.51,0
2025-01-18,Rotterdam,0,17.57,3.3,0
2025-01-19,Rotterdam,0,3.48,8.39,0
2025-01-20,Rotterdam,0,2.16,2.88,0
2025-01-21,Rotterdam,0,11.23,1.7,0
2025-01-22,Rotterdam,1,0.36,0.57,0
2025-01-23,Rotterdam,0,2.32,4.92,0
2025-01-24,Rotterdam,0,4.71,20.29,0
2025-01-25,Rotterdam,0,1.74,12.39,0
2025-01-26,Rotterdam,0,9.92,34.2,0
2025-01-27,Rotterdam,0,4.78,12.31,0
2025-01-28,Rotterdam,0,18.88,4.55,0
2025-01-29,Rotterdam,0,2.99,19.25,0
2025-01-30,Rotterdam,0,1.12,14.09,0
2025-01-31,Rotterdam,0,10.35,6.38,0
2025-02-01,Rotterdam,0,3.27,50.41,0
2025-02-02,Rotterdam,0,7.77,30.54,0
2025-02-03,Rotterdam,1,5.47,2.08,0
2025-02-04,Rotterdam,0,0.68,31.36,0
2025-02-05,Rotterdam,0,0.65,8.18,0
2025-02-06,Rotterdam,0,2.01,10.08,0
2025-02-07,Rotterdam,0,0.65,14.32,0
2025-02-08,Rotterdam,0,0.38,1.73,0
2025-02-09,Rotterdam,1,22.96,12.4,0
2025-02-10,Rotterdam,1,1.96,3.07,0
2025-02-11,Rotterdam,1,6.24,9.41,0
2025-02-12,Rotterdam,1,0.24,1.68,0
2025-02-13,Rotterdam,1,4.03,10.32,0
2025-02-14,Rotterdam,0,1.29,2.06,0
2025-02-15,Rotterdam,0,2.76,7.19,0
2025-02-16,Rotterdam,0,10.12,10.59,0
2025-02-17,Rotterdam,0,2.01,28.54,0
2025-02-18,Rotterdam,0,5.75,9.13,0
2025-02-19,Rotterdam,1,2.44,18.23,0
2025-02-20,Rotterdam,0,6.17,0.18,0
2025-02-21,Rotterdam,0,0.77,9.62,0
2025-02-22,Rotterdam,1,9.18,8.97,0
2025-02-23,Rotterdam,1,10.21,14.85,0
2025-02-24,Rotterdam,0,0.23,2.65,0
2025-02-25,Rotterdam,0,0.17,5.4,0
2025-02-26,Rotterdam,0,5.01,21.21,0
2025-02-27,Rotterdam,0,2.02,9.59,0
2025-02-28,Rotterdam,1,15.29,27.67,0
2025-03-01,Rotterdam,1,37.23,11.68,0
2025-03-02,Rotterdam,1,5.94,2.33,0
2025-03-03,Rotterdam,1,7.25,0.01,0
2025-03-04,Rotterdam,0,1.61,6.86,0
2025-03-05,Rotterdam,0,17.24,8.32,0
2025-03-06,Rotterdam,1,7.34,6.32,0
2025-03-07,Rotterdam,1,5.35,13.21,0
2025-03-08,Rotterdam,0,3.18,15.32,0
2025-03-09,Rotterdam,0,0.44,5.66,0
2025-03-10,Rotterdam,1,8.57,20.81,0
2025-03-11,Rotterdam,0,0.92,31.14,0
2025-03-12,Rotterdam,1,1.53,29.39,0
2025-03-13,Rotterdam,0,5.9,4.92,0
2025-03-14,Rotterdam,0,0.35,2.6,0
2025-03-15,Rotterdam,0,3.7,8.05,0
2025-03-16,Rotterdam,0,4.45,19.94,0
2025-03-17,Rotterdam,0,0.42,11.1,0
2025-03-18,Rotterdam,1,2.41,44.97,0
2025-03-19,Rotterdam,1,11.35,47.62,0
2025-03-20,Rotterdam,1,6.38,11.1,0
2025-03-21,Rotterdam,1,3.56,25.51,0
2025-03-22,Rotterdam,0,1.19,6.74,0
2025-03-23,Rotterdam,0,4.38,0.02,0
2025-03-24,Rotterdam,1,3.16,93.51,0
2025-03-25,Rotterdam,1,4.69,15.12,0
2025-03-26,Rotterdam,0,5.39,6.54,0
2025-03-27,Rotterdam,0,9.63,0.91,0
2025-03-28,Rotterdam,0,19.61,2.98,0
2025-03-29,Rotterdam,0,7.0,3.23,0
2025-03-30,Rotterdam,0,5.54,12.31,0
2025-03-31,Rotterdam,0,19.2,21.22,0
2025-04-01,Rotterdam,0,1.7,0.76,0
2025-04-02,Rotterdam,0,3.59,10.14,0
2025-04-03,Rotterdam,1,4.92,1.59,0
2025-04-04,Rotterdam,1,7.84,6.81,0
2025-04-05,Rotterdam,1,8.64,86.77,0
2025-04-06,Rotterdam,0,15.72,9.98,0
2025-04-07,Rotterdam,0,0.99,7.02,0
2025-04-08,Rotterdam,0,4.0,21.94,0
2025-04-09,Rotterdam,1,3.57,20.3,0
2025-04-10,Rotterdam,1,1.49,4.87,0
2025-04-11,Rotterdam,1,1.26,13.81,0
2025-04-12,Rotterdam,1,2.91,14.27,0
2025-04-13,Rotterdam,1,3.2,14.44,0
2025-04-14,Rotterdam,1,17.63,6.8,0
2025-04-15,Rotterdam,1,3.61,18.03,0
2025-04-16,Rotterdam,1,6.63,9.44,0
2025-04-17,Rotterdam,1,8.21,41.72,0
2025-04-18,Rotterdam,1,7.04,5.25,0
2025-04-19,Rotterdam,1,4.21,18.6,0
2025-04-20,Rotterdam,1,18.16,17.74,0
2025-04-21,Rotterdam,1,16.25,7.77,0
2025-04-22,Rotterdam,1,6.08,3.47,0
2025-04-23,Rotterdam,1,0.67,1.51,0
2025-04-24,Rotterdam,1,4.38,16.99,0
2025-04-25,Rotterdam,1,3.04,9.07,0
2025-04-26,Rotterdam,0,3.59,6.33,0
2025-04-27,Rotterdam,1,4.53,8.35,0
2025-04-28,Rotterdam,1,5.77,2.3,0
2025-04-29,Rotterdam,1,7.95,10.16,0
2025-04-30,Rotterdam,1,8.56,0.25,0
2025-05-01,Rotterdam,2,10.96,10.71,0
2025-05-02,Rotterdam,1,10.22,12.13,0
2025-05-03,Rotterdam,1,12.19,39.47,0
2025-05-04,Rotterdam,1,4.3,2.29,0
2025-05-05,Rotterdam,0,13.57,9.02,0
2025-05-06,Rotterdam,1,24.85,7.26,0
2025-05-07,Rotterdam,1,2.67,27.18,0
2025-05-08,Rotterdam,2,23.83,6.25,0
2025-05-09,Rotterdam,1,8.12,8.76,0
2025-05-10,Rotterdam,2,9.61,29.14,0
2025-05-11,Rotterdam,1,1.55,6.85,0
2025-05-12,Rotterdam,1,6.94,26.38,0
2025-05-13,Rotterdam,2,5.83,1.56,0
2025-05-14,Rotterdam,2,55.26,6.58,0
2025-05-15,Rotterdam,2,17.46,0.56,0
2025-05-16,Rotterdam,2,8.13,30.49,0
2025-05-17,Rotterdam,1,12.91,8.61,0
2025-05-18,Rotterdam,1,4.85,14.52,0
2025-05-19,Rotterdam,0,0.46,0.89,0
2025-05-20,Rotterdam,1,18.48,14.07,0
2025-05-21,Rotterdam,1,6.89,5.27,0
2025-05-22,Rotterdam,1,3.04,17.57,0
2025-05-23,Rotterdam,1,9.4,5.79,0
2025-05-24,Rotterdam,1,16.06,7.99,0
2025-05-25,Rotterdam,1,11.82,8.59,0
2025-05-26,Rotterdam,1,4.19,93.1,0
2025-05-27,Rotterdam,1,0.74,32.9,0
2025-05-28,Rotterdam,1,15.74,0.31,0
2025-05-29,Rotterdam,1,5.24,6.81,0
2025-05-30,Rotterdam,1,0.27,36.18,0
2025-05-31,Rotterdam,0,0.96,8.6,0
2025-06-01,Rotterdam,1,0.41,21.35,0
2025-06-02,Rotterdam,2,12.0,5.74,0
2025-06-03,Rotterdam,1,17.11,1.55,0
2025-06-04,Rotterdam,1,10.12,4.88,0
2025-06-05,Rotterdam,1,1.73,52.92,0
2025-06-06,Rotterdam,1,20.52,13.67,0
2025-06-07,Rotterdam,1,1.56,9.01,0
2025-06-08,Rotterdam,2,19.84,23.22,0
2025-06-09,Rotterdam,1,6.61,18.86,0
2025-06-10,Rotterdam,2,0.04,26.55,1
2025-06-11,Rotterdam,2,2.4,9.6,0
2025-06-12,Rotterdam,3,1.49,120.0,1
2025-06-13,Rotterdam,2,9.02,5.86,0
2025-06-14,Rotterdam,2,15.19,48.62,0
2025-06-15,Rotterdam,1,8.65,9.19,0
2025-06-16,Rotterdam,1,16.04,14.44,0
2025-06-17,Rotterdam,1,8.26,16.39,0
2025-06-18,Rotterdam,1,1.54,2.95,0
2025-06-19,Rotterdam,0,6.5,3.27,0
2025-06-20,Rotterdam,1,7.07,17.82,0
2025-06-21,Rotterdam,1,4.98,28.28,0
2025-06-22,Rotterdam,1,15.08,14.67,0
2025-06-23,Rotterdam,1,34.14,40.47,0
2025-06-24,Rotterdam,1,3.72,9.93,0
2025-06-25,Rotterdam,1,5.57,7.76,0
2025-06-26,Rotterdam,1,7.8,29.21,0
2025-06-27,Rotterdam,1,10.54,0.71,0
2025-06-28,Rotterdam,1,10.01,28.1,0
2025-06-29,Rotterdam,2,0.96,6.85,0
2025-06-30,Rotterdam,2,0.0,22.56,0
2025-07-01,Rotterdam,2,10.26,0.39,0
2025-07-02,Rotterdam,2,1.65,9.18,0
2025-07-03,Rotterdam,2,4.33,66.83,0
2025-07-04,Rotterdam,2,9.21,27.93,0
2025-07-05,Rotterdam,1,1.2,5.57,0
2025-07-06,Rotterdam,1,12.96,3.3,0
2025-07-07,Rotterdam,1,6.55,8.52,0
2025-07-08,Rotterdam,1,0.49,3.96,0
2025-07-09,Rotterdam,1,0.12,35.93,0
2025-07-10,Rotterdam,1,2.63,17.29,0
2025-07-11,Rotterdam,2,4.1,23.75,0
2025-07-12,Rotterdam,2,9.24,53.41,0
2025-07-13,Rotterdam,1,1.29,16.6,0
2025-07-14,Rotterdam,1,6.05,84.08,0
2025-07-15,Rotterdam,1,5.7,7.4,0
2025-07-16,Rotterdam,1,4.86,15.77,0
2025-07-17,Rotterdam,1,20.34,4.51,0
2025-07-18,Rotterdam,0,3.94,7.84,0
2025-07-19,Rotterdam,1,0.01,9.41,0
2025-07-20,Rotterdam,1,7.17,3.28,0
2025-07-21,Rotterdam,1,0.88,5.24,0
2025-07-22,Rotterdam,2,4.33,10.34,0
2025-07-23,Rotterdam,2,5.19,16.61,0
2025-07-24,Rotterdam,1,3.68,20.15,0
2025-07-25,Rotterdam,1,1.87,6.96,0
2025-07-26,Rotterdam,2,14.66,5.99,1
2025-07-27,Rotterdam,2,9.0,46.17,0
2025-07-28,Rotterdam,1,4.4,46.32,0
2025-07-29,Rotterdam,2,21.58,14.16,0
2025-07-30,Rotterdam,2,7.9,14.12,0
2025-07-31,Rotterdam,2,7.67,1.45,1
2025-08-01,Rotterdam,2,4.1,7.43,0
2025-08-02,Rotterdam,2,8.59,6.67,1
2025-08-03,Rotterdam,2,3.84,19.55,0
2025-08-04,Rotterdam,2,10.96,3.19,0
2025-08-05,Rotterdam,2,4.78,9.37,0
2025-08-06,Rotterdam,2,6.37,30.03,0
2025-08-07,Rotterdam,1,10.92,18.74,0
2025-08-08,Rotterdam,1,0.36,5.94,0
2025-08-09,Rotterdam,1,1.85,2.38,0
2025-08-10,Rotterdam,0,4.81,3.88,0
2025-08-11,Rotterdam,0,0.76,7.11,0
2025-08-12,Rotterdam,1,5.76,12.88,0
2025-08-13,Rotterdam,1,10.25,1.61,0
2025-08-14,Rotterdam,1,1.65,7.74,0
2025-08-15,Rotterdam,1,1.22,31.05,0
2025-08-16,Rotterdam,1,7.35,48.29,0
2025-08-17,Rotterdam,1,2.78,49.49,0
2025-08-18,Rotterdam,2,0.4,2.01,1
2025-08-19,Rotterdam,1,2.76,43.88,0
2025-08-20,Rotterdam,1,2.52,26.51,0
2025-08-21,Rotterdam,1,7.58,17.37,0
2025-08-22,Rotterdam,1,20.62,11.0,0
2025-08-23,Rotterdam,1,4.11,4.6,0
2025-08-24,Rotterdam,2,6.06,20.82,1
2025-08-25,Rotterdam,2,4.14,2.93,0
2025-08-26,Rotterdam,1,1.85,1.05,0
2025-08-27,Rotterdam,1,18.41,41.93,0
2025-08-28,Rotterdam,1,2.32,4.66,0
2025-08-29,Rotterdam,0,13.2,23.27,0
2025-08-30,Rotterdam,1,3.16,2.98,0
2025-08-31,Rotterdam,1,47.01,5.0,0
2025-09-01,Rotterdam,1,2.71,3.46,0
2025-09-02,Rotterdam,1,1.43,9.05,0
2025-09-03,Rotterdam,1,30.27,32.41,0
2025-09-04,Rotterdam,1,10.15,39.23,0
2025-09-05,Rotterdam,1,10.83,11.15,0
2025-09-06,Rotterdam,0,16.9,11.08,0
2025-09-07,Rotterdam,1,7.43,1.7,0
2025-09-08,Rotterdam,1,2.36,1.55,0
2025-09-09,Rotterdam,1,4.71,27.68,0
2025-09-10,Rotterdam,1,1.23,8.68,0
2025-09-11,Rotterdam,1,7.15,23.63,0
2025-09-12,Rotterdam,1,4.36,9.0,0
2025-09-13,Rotterdam,1,1.02,12.87,0
2025-09-14,Rotterdam,1,4.46,16.2,0
2025-09-15,Rotterdam,1,2.06,10.2,0
2025-09-16,Rotterdam,1,11.64,8.39,0
2025-09-17,Rotterdam,1,4.56,8.33,0
2025-09-18,Rotterdam,0,5.68,1.47,0
2025-09-19,Rotterdam,1,7.06,20.17,0
2025-09-20,Rotterdam,1,1.9,2.75,0
2025-09-21,Rotterdam,0,10.73,2.34,0
2025-09-22,Rotterdam,0,0.83,5.44,0
2025-09-23,Rotterdam,1,2.68,9.17,0
2025-09-24,Rotterdam,2,0.28,11.18,0
2025-09-25,Rotterdam,1,7.87,29.04,0
2025-09-26,Rotterdam,1,1.19,5.92,0
2025-09-27,Rotterdam,0,6.95,20.88,0
2025-09-28,Rotterdam,1,3.32,14.81,0
2025-09-29,Rotterdam,1,2.99,13.58,0
2025-09-30,Rotterdam,0,0.35,9.49,0
2025-10-01,Rotterdam,0,9.87,2.35,0
2025-10-02,Rotterdam,0,18.4,9.2,0
2025-10-03,Rotterdam,0,1.77,16.49,0
2025-10-04,Rotterdam,0,2.01,11.3,0
2025-10-05,Rotterdam,0,4.55,0.96,0
2025-10-06,Rotterdam,0,3.56,4.76,0
2025-10-07,Rotterdam,0,13.15,0.27,0
2025-10-08,Rotterdam,0,4.37,4.47,0
2025-10-09,Rotterdam,0,16.47,1.55,0
2025-10-10,Rotterdam,0,10.04,6.16,0
2025-10-11,Rotterdam,1,4.27,0.54,0
2025-10-12,Rotterdam,1,4.17,45.47,0
2025-10-13,Rotterdam,1,10.83,6.53,0
2025-10-14,Rotterdam,1,13.12,24.03,0
2025-10-15,Rotterdam,1,5.97,4.15,0
2025-10-16,Rotterdam,1,0.11,21.19,0
2025-10-17,Rotterdam,1,8.61,7.16,0
2025-10-18,Rotterdam,1,13.27,15.98,0
2025-10-19,Rotterdam,1,1.19,45.7,0
2025-10-20,Rotterdam,0,8.01,10.9,0
2025-10-21,Rotterdam,0,2.27,1.43,0
2025-10-22,Rotterdam,0,1.86,22.43,0
2025-10-23,Rotterdam,0,4.02,13.23,0
2025-10-24,Rotterdam,0,7.13,19.62,0
2025-10-25,Rotterdam,1,3.83,37.92,0
2025-10-26,Rotterdam,1,4.34,5.05,0
2025-10-27,Rotterdam,1,6.99,6.65,0
2025-10-28,Rotterdam,1,24.57,23.93,0
2025-10-29,Rotterdam,1,2.65,0.96,0
2025-10-30,Rotterdam,1,1.66,6.31,0
2025-10-31,Rotterdam,0,4.45,4.32,0
2025-11-01,Rotterdam,0,2.95,20.14,0
2025-11-02,Rotterdam,0,2.23,28.49,0
2025-11-03,Rotterdam,0,7.1,1.59,0
2025-11-04,Rotterdam,1,7.34,11.47,0
2025-11-05,Rotterdam,1,1.43,21.87,0
2025-11-06,Rotterdam,1,28.78,6.97,0
2025-11-07,Rotterdam,2,15.68,17.73,0
2025-11-08,Rotterdam,1,0.97,4.34,0
2025-11-09,Rotterdam,1,11.5,24.24,0
2025-11-10,Rotterdam,0,11.52,14.2,0
2025-11-11,Rotterdam,1,10.78,9.38,0
2025-11-12,Rotterdam,0,3.65,4.3,0
2025-11-13,Rotterdam,0,1.53,3.09,0
2025-11-14,Rotterdam,1,17.8,1.24,0
2025-11-15,Rotterdam,1,11.37,13.51,0
2025-11-16,Rotterdam,1,16.19,34.65,0
2025-11-17,Rotterdam,1,4.09,2.16,0
2025-11-18,Rotterdam,0,0.64,5.28,0
2025-11-19,Rotterdam,0,1.92,21.33,0
2025-11-20,Rotterdam,1,11.01,28.04,0
2025-11-21,Rotterdam,1,5.29,21.61,0
2025-11-22,Rotterdam,1,4.25,0.27,0
2025-11-23,Rotterdam,1,5.68,18.73,0
2025-11-24,Rotterdam,1,22.19,5.9,0
2025-11-25,Rotterdam,1,4.99,23.88,0
2025-11-26,Rotterdam,1,13.18,4.2,0
2025-11-27,Rotterdam,1,0.99,0.05,0
2025-11-28,Rotterdam,1,4.33,11.69,0
2025-11-29,Rotterdam,1,0.13,5.68,0
2025-11-30,Rotterdam,1,0.98,14.67,0
2025-12-01,Rotterdam,1,1.97,5.44,0
2025-12-02,Rotterdam,1,5.96,24.93,0
2025-12-03,Rotterdam,1,22.31,11.51,0
2025-12-04,Rotterdam,1,11.07,4.88,0
2025-12-05,Rotterdam,1,0.02,21.05,0
2025-12-06,Rotterdam,1,1.49,39.69,0
2025-12-07,Rotterdam,0,12.01,22.78,0
2025-12-08,Rotterdam,0,27.13,38.07,0
2025-12-09,Rotterdam,0,6.55,11.79,0
2025-12-10,Rotterdam,1,13.77,15.79,0
2025-12-11,Rotterdam,0,5.19,0.79,0
2025-12-12,Rotterdam,0,6.3,2.53,0
2025-12-13,Rotterdam,0,8.81,3.63,0
2025-12-14,Rotterdam,0,2.34,7.71,0
2025-12-15,Rotterdam,1,2.37,28.78,0
2025-12-16,Rotterdam,1,3.14,10.14,0
2025-12-17,Rotterdam,1,15.31,4.79,0
2025-12-18,Rotterdam,1,1.95,8.32,0
2025-12-19,Rotterdam,0,14.51,0.36,0
2025-12-20,Rotterdam,0,2.19,3.04,0
2025-12-21,Rotterdam,0,0.26,0.43,0
2025-12-22,Rotterdam,0,12.41,7.29,0
2025-12-23,Rotterdam,0,7.58,26.22,0
2025-12-24,Rotterdam,0,11.83,5.45,0
2025-12-25,Rotterdam,0,3.4,14.04,0
2025-12-26,Rotterdam,0,2.17,11.65,0
2025-12-27,Rotterdam,1,13.02,16.13,0
2025-12-28,Rotterdam,1,6.41,29.96,0
2025-12-29,Rotterdam,0,2.38,8.45,0
2025-12-30,Rotterdam,0,3.2,9.75,0
2025-12-31,Rotterdam,0,2.68,4.16,0
2023-01-01,Singapore,1,7.34,23.38,0
2023-01-02,Singapore,1,0.66,2.95,0
2023-01-03,Singapore,2,21.49,3.43,0
2023-01-04,Singapore,2,5.99,12.6,0
2023-01-05,Singapore,1,8.23,31.57,0
2023-01-06,Singapore,1,0.2,20.84,0
2023-01-07,Singapore,1,10.8,13.9,0
2023-01-08,Singapore,1,12.33,3.97,0
2023-01-09,Singapore,1,1.63,12.73,0
2023-01-10,Singapore,1,2.83,13.52,0
2023-01-11,Singapore,1,2.9,10.26,0
2023-01-12,Singapore,1,44.02,6.65,0
2023-01-13,Singapore,1,2.33,6.79,0
2023-01-14,Singapore,1,30.36,0.64,0
2023-01-15,Singapore,1,2.77,7.52,0
2023-01-16,Singapore,1,4.12,18.72,0
2023-01-17,Singapore,1,6.96,3.89,0
2023-01-18,Singapore,2,20.62,2.74,0
2023-01-19,Singapore,1,13.68,13.35,0
2023-01-20,Singapore,1,6.53,26.66,0
2023-01-21,Singapore,1,6.12,0.8,0
2023-01-22,Singapore,2,0.58,4.31,0
2023-01-23,Singapore,2,7.54,19.48,0
2023-01-24,Singapore,2,7.78,56.94,0
2023-01-25,Singapore,2,20.91,19.93,1
2023-01-26,Singapore,1,2.99,12.17,0
2023-01-27,Singapore,2,5.28,108.67,0
2023-01-28,Singapore,1,11.57,36.81,0
2023-01-29,Singapore,1,2.13,8.96,0
2023-01-30,Singapore,1,11.36,48.61,0
2023-01-31,Singapore,1,0.84,22.78,0
2023-02-01,Singapore,1,6.14,6.47,0
2023-02-02,Singapore,1,0.41,2.89,0
2023-02-03,Singapore,2,32.75,5.36,1
2023-02-04,Singapore,3,26.08,16.73,1
2023-02-05,Singapore,3,14.97,4.86,1
2023-02-06,Singapore,2,6.98,71.97,0
2023-02-07,Singapore,2,32.63,6.95,0
2023-02-08,Singapore,2,3.7,59.48,0
2023-02-09,Singapore,1,4.77,17.75,0
2023-02-10,Singapore,1,0.75,40.9,0
2023-02-11,Singapore,1,4.89,1.66,0
2023-02-12,Singapore,1,9.15,13.24,0
2023-02-13,Singapore,1,8.07,4.13,0
2023-02-14,Singapore,1,18.78,69.3,0
2023-02-15,Singapore,1,24.78,35.4,0
2023-02-16,Singapore,1,11.21,5.4,0
2023-02-17,Singapore,2,2.36,74.57,1
2023-02-18,Singapore,1,7.12,22.6,0
2023-02-19,Singapore,2,44.83,22.34,0
2023-02-20,Singapore,1,31.54,32.03,0
2023-02-21,Singapore,0,6.71,8.79,0
2023-02-22,Singapore,1,3.9,30.64,0
2023-02-23,Singapore,0,2.04,10.79,0
2023-02-24,Singapore,1,1.71,1.13,0
2023-02-25,Singapore,1,0.71,8.69,0
2023-02-26,Singapore,1,9.12,14.46,0
2023-02-27,Singapore,1,10.58,18.41,0
2023-02-28,Singapore,1,6.48,3.33,0
2023-03-01,Singapore,1,25.1,23.2,0
2023-03-02,Singapore,1,18.58,16.03,0
2023-03-03,Singapore,1,15.78,28.59,0
2023-03-04,Singapore,1,12.88,32.66,0
2023-03-05,Singapore,0,6.38,24.23,0
2023-03-06,Singapore,0,1.06,5.04,0
2023-03-07,Singapore,0,2.25,5.16,0
2023-03-08,Singapore,0,6.95,17.89,0
2023-03-09,Singapore,1,8.61,1.95,0
2023-03-10,Singapore,0,2.88,8.34,0
2023-03-11,Singapore,1,0.34,3.16,0
2023-03-12,Singapore,1,3.5,6.92,0
2023-03-13,Singapore,1,15.76,61.16,0
2023-03-14,Singapore,1,5.39,3.47,0
2023-03-15,Singapore,1,3.46,3.35,0
2023-03-16,Singapore,1,18.59,19.02,0
2023-03-17,Singapore,1,13.85,0.45,0
2023-03-18,Singapore,1,5.73,1.84,0
2023-03-19,Singapore,0,0.66,15.4,0
2023-03-20,Singapore,0,5.12,15.19,0
2023-03-21,Singapore,0,10.37,3.32,0
2023-03-22,Singapore,0,3.01,13.81,0
2023-03-23,Singapore,0,1.17,8.77,0
2023-03-24,Singapore,1,14.99,0.19,0
2023-03-25,Singapore,1,8.49,0.07,0
2023-03-26,Singapore,1,11.41,19.9,0
2023-03-27,Singapore,1,7.12,5.98,0
2023-03-28,Singapore,0,5.4,6.31,0
2023-03-29,Singapore,1,0.84,0.37,0
2023-03-30,Singapore,1,17.41,16.01,0
2023-03-31,Singapore,0,3.48,7.04,0
2023-04-01,Singapore,1,3.25,15.62,0
2023-04-02,Singapore,1,2.66,4.57,0
2023-04-03,Singapore,1,11.82,0.6,0
2023-04-04,Singapore,0,2.93,1.48,0
2023-04-05,Singapore,0,5.11,14.2,0
2023-04-06,Singapore,0,2.01,27.58,0
2023-04-07,Singapore,0,3.13,1.87,0
2023-04-08,Singapore,0,1.62,22.87,0
2023-04-09,Singapore,0,7.64,10.21,0
2023-04-10,Singapore,1,18.59,54.95,0
2023-04-11,Singapore,1,0.89,1.38,0
2023-04-12,Singapore,0,4.43,10.68,0
2023-04-13,Singapore,0,3.88,13.26,0
2023-04-14,Singapore,1,4.94,2.22,0
2023-04-15,Singapore,0,12.24,1.46,0
2023-04-16,Singapore,0,9.11,4.78,0
2023-04-17,Singapore,0,2.98,6.84,0
2023-04-18,Singapore,0,3.66,13.34,0
2023-04-19,Singapore,0,0.61,12.27,0
2023-04-20,Singapore,1,0.21,25.65,0
2023-04-21,Singapore,1,8.93,22.85,0
2023-04-22,Singapore,1,2.3,4.0,0
2023-04-23,Singapore,1,3.76,66.03,0
2023-04-24,Singapore,0,10.53,3.11,0
2023-04-25,Singapore,0,2.34,8.79,0
2023-04-26,Singapore,0,12.56,9.77,0
2023-04-27,Singapore,0,4.86,18.87,0
2023-04-28,Singapore,0,5.68,19.21,0
2023-04-29,Singapore,0,2.54,5.84,0
2023-04-30,Singapore,0,10.33,11.37,0
2023-05-01,Singapore,0,0.15,0.76,0
2023-05-02,Singapore,0,9.59,2.28,0
2023-05-03,Singapore,0,3.83,0.93,0
2023-05-04,Singapore,0,5.71,6.33,0
2023-05-05,Singapore,0,18.24,16.15,0
2023-05-06,Singapore,0,5.64,4.07,0
2023-05-07,Singapore,0,5.24,10.42,0
2023-05-08,Singapore,0,2.23,4.73,0
2023-05-09,Singapore,0,0.88,19.32,0
2023-05-10,Singapore,0,1.88,16.19,0
2023-05-11,Singapore,0,12.79,22.26,0
2023-05-12,Singapore,0,21.36,2.29,0
2023-05-13,Singapore,0,3.19,3.19,0
2023-05-14,Singapore,0,1.5,0.55,0
2023-05-15,Singapore,0,3.14,1.35,0
2023-05-16,Singapore,0,15.04,2.82,0
2023-05-17,Singapore,1,0.54,31.78,0
2023-05-18,Singapore,0,0.45,13.71,0
2023-05-19,Singapore,0,3.13,6.54,0
2023-05-20,Singapore,0,9.41,12.32,0
2023-05-21,Singapore,0,16.62,12.76,0
2023-05-22,Singapore,0,7.78,17.23,0
2023-05-23,Singapore,0,2.73,3.39,0
2023-05-24,Singapore,0,1.73,0.44,0
2023-05-25,Singapore,0,4.87,8.3,0
2023-05-26,Singapore,0,3.01,6.05,0
2023-05-27,Singapore,0,2.7,3.52,0
2023-05-28,Singapore,1,21.96,16.85,0
2023-05-29,Singapore,0,1.61,6.4,0
2023-05-30,Singapore,0,11.4,16.7,0
2023-05-31,Singapore,0,4.73,5.28,0
2023-06-01,Singapore,0,1.67,1.27,0
2023-06-02,Singapore,0,3.8,0.21,0
2023-06-03,Singapore,0,3.14,3.26,0
2023-06-04,Singapore,0,0.86,5.01,0
2023-06-05,Singapore,1,0.65,31.18,0
2023-06-06,Singapore,0,2.53,5.86,0
2023-06-07,Singapore,0,11.57,6.7,0
2023-06-08,Singapore,0,3.27,2.26,0
2023-06-09,Singapore,0,0.04,17.27,0
2023-06-10,Singapore,0,2.86,15.23,0
2023-06-11,Singapore,0,0.51,40.96,0
2023-06-12,Singapore,0,4.11,19.24,0
2023-06-13,Singapore,1,0.4,45.91,0
2023-06-14,Singapore,1,2.85,1.88,0
2023-06-15,Singapore,1,20.37,30.02,0
2023-06-16,Singapore,1,13.36,0.61,0
2023-06-17,Singapore,0,7.04,60.37,0
2023-06-18,Singapore,0,14.32,6.0,0
2023-06-19,Singapore,1,5.29,2.77,0
2023-06-20,Singapore,1,0.72,2.33,0
2023-06-21,Singapore,0,5.16,26.39,0
2023-06-22,Singapore,0,16.18,8.17,0
2023-06-23,Singapore,0,2.5,0.05,0
2023-06-24,Singapore,0,7.2,14.79,0
2023-06-25,Singapore,0,2.03,14.6,0
2023-06-26,Singapore,1,2.81,12.4,0
2023-06-27,Singapore,0,9.78,2.13,0
2023-06-28,Singapore,0,5.93,2.21,0
2023-06-29,Singapore,0,26.66,4.68,0
2023-06-30,Singapore,0,2.4,7.8,0
2023-07-01,Singapore,1,0.74,64.33,0
2023-07-02,Singapore,0,15.66,10.12,0
2023-07-03,Singapore,0,5.89,2.41,0
2023-07-04,Singapore,0,10.7,9.53,0
2023-07-05,Singapore,0,4.99,33.1,0
2023-07-06,Singapore,0,10.97,2.41,0
2023-07-07,Singapore,0,3.82,2.17,0
2023-07-08,Singapore,0,1.08,0.33,0
2023-07-09,Singapore,0,3.58,8.75,0
2023-07-10,Singapore,0,1.19,0.47,0
2023-07-11,Singapore,0,3.78,52.08,0
2023-07-12,Singapore,0,0.37,22.73,0
2023-07-13,Singapore,0,9.34,1.51,0
2023-07-14,Singapore,0,4.35,2.74,0
2023-07-15,Singapore,0,4.89,3.0,0
2023-07-16,Singapore,0,2.43,1.1,0
2023-07-17,Singapore,0,3.3,16.35,0
2023-07-18,Singapore,0,15.56,15.08,0
2023-07-19,Singapore,0,2.64,3.12,0
2023-07-20,Singapore,0,5.15,14.94,0
2023-07-21,Singapore,0,6.08,10.94,0
2023-07-22,Singapore,0,10.98,3.95,0
2023-07-23,Singapore,0,3.12,6.15,0
2023-07-24,Singapore,0,4.08,32.59,0
2023-07-25,Singapore,0,5.02,32.01,0
2023-07-26,Singapore,0,1.17,18.75,0
2023-07-27,Singapore,0,10.77,3.1,0
2023-07-28,Singapore,0,2.32,9.1,0
2023-07-29,Singapore,0,0.18,25.88,0
2023-07-30,Singapore,1,2.13,5.06,0
2023-07-31,Singapore,0,3.78,11.41,0
2023-08-01,Singapore,0,2.97,1.73,0
2023-08-02,Singapore,0,5.19,8.52,0
2023-08-03,Singapore,0,2.66,14.9,0
2023-08-04,Singapore,0,4.63,69.13,0
2023-08-05,Singapore,0,9.73,7.05,0
2023-08-06,Singapore,0,1.01,33.29,0
2023-08-07,Singapore,0,8.75,19.78,0
2023-08-08,Singapore,0,2.91,12.29,0
2023-08-09,Singapore,0,17.05,5.74,0
2023-08-10,Singapore,0,4.14,19.84,0
2023-08-11,Singapore,0,0.74,25.71,0
2023-08-12,Singapore,0,8.9,4.93,0
2023-08-13,Singapore,0,4.82,8.55,0
2023-08-14,Singapore,0,8.14,10.3,0
2023-08-15,Singapore,0,0.54,30.98,0
2023-08-16,Singapore,0,0.36,6.96,0
2023-08-17,Singapore,0,0.7,10.89,0
2023-08-18,Singapore,0,1.59,41.97,0
2023-08-19,Singapore,0,4.7,23.09,0
2023-08-20,Singapore,0,1.67,1.72,0
2023-08-21,Singapore,0,7.11,10.69,0
2023-08-22,Singapore,0,0.48,29.44,0
2023-08-23,Singapore,0,0.61,6.8,0
2023-08-24,Singapore,0,24.36,11.6,0
2023-08-25,Singapore,0,10.01,29.96,0
2023-08-26,Singapore,1,3.14,14.48,0
2023-08-27,Singapore,1,1.16,27.67,0
2023-08-28,Singapore,1,6.89,2.09,0
2023-08-29,Singapore,1,0.83,17.49,0
2023-08-30,Singapore,1,0.44,4.13,0
2023-08-31,Singapore,1,4.69,20.67,0
2023-09-01,Singapore,1,8.64,6.07,0
2023-09-02,Singapore,1,2.06,3.84,0
2023-09-03,Singapore,1,3.11,13.09,0
2023-09-04,Singapore,1,28.51,26.36,0
2023-09-05,Singapore,1,9.35,40.23,0
2023-09-06,Singapore,1,25.43,4.31,0
2023-09-07,Singapore,0,6.43,2.78,0
2023-09-08,Singapore,1,6.1,120.0,0
2023-09-09,Singapore,1,1.69,14.37,0
2023-09-10,Singapore,0,0.12,5.03,0
2023-09-11,Singapore,0,3.38,2.5,0
2023-09-12,Singapore,0,13.41,13.68,0
2023-09-13,Singapore,0,1.0,4.76,0
2023-09-14,Singapore,0,0.88,8.54,0
2023-09-15,Singapore,0,7.3,0.11,0
2023-09-16,Singapore,1,0.79,2.96,0
2023-09-17,Singapore,0,1.13,1.38,0
2023-09-18,Singapore,0,9.8,5.99,0
2023-09-19,Singapore,0,1.07,9.58,0
2023-09-20,Singapore,0,8.94,4.37,0
2023-09-21,Singapore,1,8.71,4.18,0
2023-09-22,Singapore,1,22.13,11.52,0
2023-09-23,Singapore,1,8.68,45.58,0
2023-09-24,Singapore,1,0.84,12.06,0
2023-09-25,Singapore,1,29.46,4.56,0
2023-09-26,Singapore,1,0.87,5.86,0
2023-09-27,Singapore,1,4.28,8.65,0
2023-09-28,Singapore,1,9.94,0.9,0
2023-09-29,Singapore,0,2.21,4.65,0
2023-09-30,Singapore,0,1.36,6.18,0
2023-10-01,Singapore,1,8.37,51.04,0
2023-10-02,Singapore,0,0.76,24.99,0
2023-10-03,Singapore,1,0.6,14.36,0
2023-10-04,Singapore,1,4.01,9.49,0
2023-10-05,Singapore,0,17.68,3.03,0
2023-10-06,Singapore,0,5.43,5.55,0
2023-10-07,Singapore,0,1.02,0.93,0
2023-10-08,Singapore,0,11.56,2.67,0
2023-10-09,Singapore,1,0.73,14.34,0
2023-10-10,Singapore,1,23.76,64.76,0
2023-10-11,Singapore,2,10.03,48.78,0
2023-10-12,Singapore,1,0.64,33.87,0
2023-10-13,Singapore,0,6.83,11.51,0
2023-10-14,Singapore,0,4.2,40.58,0
2023-10-15,Singapore,0,3.84,4.57,0
2023-10-16,Singapore,1,6.15,2.28,0
2023-10-17,Singapore,1,4.96,3.4,0
2023-10-18,Singapore,1,4.13,0.68,0
2023-10-19,Singapore,1,20.41,11.1,0
2023-10-20,Singapore,1,3.26,28.63,0
2023-10-21,Singapore,1,12.31,8.89,0
2023-10-22,Singapore,1,16.81,28.11,0
2023-10-23,Singapore,1,17.88,13.8,0
2023-10-24,Singapore,1,7.05,4.62,0
2023-10-25,Singapore,1,6.28,10.22,0
2023-10-26,Singapore,1,4.02,0.7,0
2023-10-27,Singapore,1,1.42,3.65,0
2023-10-28,Singapore,0,6.74,20.48,0
2023-10-29,Singapore,1,8.77,27.68,0
2023-10-30,Singapore,1,3.3,40.57,0
2023-10-31,Singapore,1,0.5,19.75,0
2023-11-01,Singapore,1,0.75,3.75,0
2023-11-02,Singapore,1,4.72,67.92,0
2023-11-03,Singapore,1,5.22,2.29,0
2023-11-04,Singapore,1,7.15,8.59,0
2023-11-05,Singapore,1,2.15,1.16,0
2023-11-06,Singapore,1,13.94,11.03,0
2023-11-07,Singapore,2,6.28,2.72,1
2023-11-08,Singapore,1,4.34,4.83,0
2023-11-09,Singapore,1,7.25,26.17,0
2023-11-10,Singapore,1,7.71,5.8,0
2023-11-11,Singapore,1,12.81,0.35,0
2023-11-12,Singapore,1,0.6,20.11,0
2023-11-13,Singapore,1,8.51,8.72,0
2023-11-14,Singapore,0,4.18,2.63,0
2023-11-15,Singapore,0,12.47,7.38,0
2023-11-16,Singapore,0,2.61,5.46,0
2023-11-17,Singapore,1,8.34,28.3,0
2023-11-18,Singapore,1,17.04,16.81,0
2023-11-19,Singapore,1,17.52,8.33,0
2023-11-20,Singapore,2,6.71,2.97,0
2023-11-21,Singapore,2,0.92,6.12,0
2023-11-22,Singapore,2,8.04,17.92,0
2023-11-23,Singapore,1,6.04,25.08,0
2023-11-24,Singapore,1,18.53,21.11,0
2023-11-25,Singapore,1,7.03,10.22,0
2023-11-26,Singapore,1,5.03,28.61,0
2023-11-27,Singapore,1,14.28,5.73,0
2023-11-28,Singapore,2,16.95,1.94,0
2023-11-29,Singapore,1,11.29,27.09,0
2023-11-30,Singapore,1,0.2,24.18,0
2023-12-01,Singapore,1,1.52,3.68,0
2023-12-02,Singapore,1,3.53,4.46,0
2023-12-03,Singapore,2,4.55,64.26,1
2023-12-04,Singapore,3,45.56,43.75,1
2023-12-05,Singapore,2,26.24,8.0,0
2023-12-06,Singapore,2,4.11,6.08,0
2023-12-07,Singapore,2,0.77,67.02,0
2023-12-08,Singapore,1,19.63,22.08,0
2023-12-09,Singapore,1,0.77,1.92,0
2023-12-10,Singapore,1,2.67,1.64,0
2023-12-11,Singapore,0,2.71,6.13,0
2023-12-12,Singapore,1,0.75,22.54,0
2023-12-13,Singapore,1,5.72,14.28,0
2023-12-14,Singapore,2,13.43,11.86,0
2023-12-15,Singapore,2,7.34,41.94,0
2023-12-16,Singapore,1,6.66,14.72,0
2023-12-17,Singapore,1,12.42,23.38,0
2023-12-18,Singapore,0,9.33,0.38,0
2023-12-19,Singapore,0,0.01,13.76,0
2023-12-20,Singapore,1,10.78,30.89,0
2023-12-21,Singapore,1,4.33,42.68,0
2023-12-22,Singapore,2,25.62,12.67,0
2023-12-23,Singapore,1,5.05,27.8,0
2023-12-24,Singapore,1,1.89,2.82,0
2023-12-25,Singapore,1,5.41,26.05,0
2023-12-26,Singapore,1,29.68,1.75,0
2023-12-27,Singapore,2,11.37,52.89,0
2023-12-28,Singapore,2,21.84,37.96,0
2023-12-29,Singapore,2,3.29,3.26,0
2023-12-30,Singapore,2,5.05,7.09,1
2023-12-31,Singapore,2,8.88,1.36,1
2024-01-01,Singapore,2,21.69,28.87,0
2024-01-02,Singapore,1,3.14,38.53,0
2024-01-03,Singapore,2,6.66,25.15,0
2024-01-04,Singapore,1,0.06,5.57,0
2024-01-05,Singapore,1,2.41,10.44,0
2024-01-06,Singapore,1,25.13,49.41,0
2024-01-07,Singapore,2,11.47,47.89,0
2024-01-08,Singapore,2,34.45,37.29,0
2024-01-09,Singapore,2,18.18,37.35,0
2024-01-10,Singapore,2,24.21,120.0,1
2024-01-11,Singapore,1,2.16,5.84,0
2024-01-12,Singapore,1,44.15,28.17,0
2024-01-13,Singapore,1,4.73,2.55,0
2024-01-14,Singapore,1,8.66,7.88,0
2024-01-15,Singapore,1,14.06,9.95,0
2024-01-16,Singapore,1,10.01,3.22,0
2024-01-17,Singapore,2,1.13,19.61,0
2024-01-18,Singapore,2,8.37,27.15,0
2024-01-19,Singapore,1,23.64,22.35,0
2024-01-20,Singapore,1,23.26,29.16,0
2024-01-21,Singapore,1,9.31,12.32,0
2024-01-22,Singapore,1,5.0,13.83,0
2024-01-23,Singapore,2,9.09,6.0,0
2024-01-24,Singapore,2,3.44,63.32,0
2024-01-25,Singapore,2,2.66,10.42,0
2024-01-26,Singapore,2,18.04,1.91,0
2024-01-27,Singapore,2,3.08,13.93,0
2024-01-28,Singapore,2,10.19,20.68,0
2024-01-29,Singapore,2,37.33,67.73,0
2024-01-30,Singapore,2,11.21,5.49,0
2024-01-31,Singapore,1,9.38,16.26,0
2024-02-01,Singapore,2,10.55,14.07,0
2024-02-02,Singapore,2,29.24,2.68,0
2024-02-03,Singapore,2,10.88,15.93,0
2024-02-04,Singapore,2,2.21,1.4,0
2024-02-05,Singapore,3,10.86,40.53,1
2024-02-06,Singapore,2,3.27,2.34,0
2024-02-07,Singapore,2,8.45,15.54,0
2024-02-08,Singapore,1,1.87,9.24,0
2024-02-09,Singapore,1,7.77,53.2,0
2024-02-10,Singapore,1,3.45,10.95,0
2024-02-11,Singapore,1,10.43,5.43,0
2024-02-12,Singapore,1,5.43,18.99,0
2024-02-13,Singapore,1,2.01,1.99,0
2024-02-14,Singapore,1,4.2,8.78,0
2024-02-15,Singapore,2,10.95,8.09,0
2024-02-16,Singapore,1,2.47,103.75,0
2024-02-17,Singapore,1,0.8,3.58,0
2024-02-18,Singapore,1,14.83,50.91,0
2024-02-19,Singapore,2,3.52,3.74,0
2024-02-20,Singapore,2,9.25,11.53,1
2024-02-21,Singapore,2,4.95,4.68,1
2024-02-22,Singapore,2,3.12,29.8,0
2024-02-23,Singapore,2,21.77,40.36,0
2024-02-24,Singapore,2,46.91,6.28,0
2024-02-25,Singapore,1,2.05,17.76,0
2024-02-26,Singapore,1,9.21,20.03,0
2024-02-27,Singapore,1,5.44,9.48,0
2024-02-28,Singapore,1,19.52,16.16,0
2024-02-29,Singapore,1,6.9,10.64,0
2024-03-01,Singapore,1,1.22,37.84,0
2024-03-02,Singapore,1,19.19,5.52,0
2024-03-03,Singapore,1,32.19,2.71,0
2024-03-04,Singapore,1,8.27,19.9,0
2024-03-05,Singapore,1,1.36,11.88,0
2024-03-06,Singapore,1,18.55,22.29,0
2024-03-07,Singapore,0,2.69,1.78,0
2024-03-08,Singapore,1,2.38,12.07,0
2024-03-09,Singapore,0,5.92,0.27,0
2024-03-10,Singapore,1,25.51,8.38,0
2024-03-11,Singapore,1,12.93,8.86,0
2024-03-12,Singapore,2,16.58,14.68,0
2024-03-13,Singapore,2,1.56,27.49,0
2024-03-14,Singapore,2,18.39,0.14,0
2024-03-15,Singapore,2,14.23,99.18,0
2024-03-16,Singapore,1,6.67,13.57,0
2024-03-17,Singapore,1,6.35,44.18,0
2024-03-18,Singapore,1,0.32,6.58,0
2024-03-19,Singapore,1,0.72,3.55,0
2024-03-20,Singapore,1,8.81,3.57,0
2024-03-21,Singapore,1,20.75,23.92,0
2024-03-22,Singapore,1,9.75,2.98,0
2024-03-23,Singapore,1,7.36,24.53,0
2024-03-24,Singapore,1,1.89,0.57,0
2024-03-25,Singapore,1,9.52,19.4,0
2024-03-26,Singapore,1,0.08,1.74,0
2024-03-27,Singapore,0,11.77,11.39,0
2024-03-28,Singapore,1,6.42,1.42,0
2024-03-29,Singapore,1,4.19,1.74,0
2024-03-30,Singapore,1,12.98,24.59,0
2024-03-31,Singapore,1,3.79,29.37,0
2024-04-01,Singapore,0,8.69,8.28,0
2024-04-02,Singapore,0,3.26,6.46,0
2024-04-03,Singapore,1,22.1,12.71,0
2024-04-04,Singapore,2,7.73,26.06,0
2024-04-05,Singapore,1,2.91,6.45,0
2024-04-06,Singapore,1,7.57,5.85,0
2024-04-07,Singapore,1,7.64,38.29,0
2024-04-08,Singapore,0,12.37,12.42,0
2024-04-09,Singapore,1,2.85,7.11,0
2024-04-10,Singapore,1,14.99,2.83,0
2024-04-11,Singapore,1,5.08,20.25,0
2024-04-12,Singapore,1,9.33,31.81,0
2024-04-13,Singapore,1,13.32,20.96,0
2024-04-14,Singapore,1,1.45,21.17,0
2024-04-15,Singapore,0,2.39,8.06,0
2024-04-16,Singapore,0,2.82,0.28,0
2024-04-17,Singapore,0,0.71,0.62,0
2024-04-18,Singapore,0,1.87,1.23,0
2024-04-19,Singapore,0,0.91,2.88,0
2024-04-20,Singapore,1,15.31,24.23,0
2024-04-21,Singapore,1,7.14,2.11,0
2024-04-22,Singapore,1,3.68,1.28,0
2024-04-23,Singapore,2,30.36,6.24,0
2024-04-24,Singapore,1,1.85,3.59,0
2024-04-25,Singapore,1,3.31,12.94,0
2024-04-26,Singapore,1,16.07,0.87,0
2024-04-27,Singapore,1,0.83,8.45,0
2024-04-28,Singapore,1,15.36,38.18,0
2024-04-29,Singapore,1,2.79,18.08,0
2024-04-30,Singapore,1,2.59,54.37,0
2024-05-01,Singapore,1,2.96,21.71,0
2024-05-02,Singapore,1,2.2,5.46,0
2024-05-03,Singapore,1,3.61,25.08,0
2024-05-04,Singapore,1,6.84,27.16,0
2024-05-05,Singapore,1,3.18,17.63,0
2024-05-06,Singapore,1,14.61,25.03,0
2024-05-07,Singapore,0,1.5,28.47,0
2024-05-08,Singapore,0,2.81,7.01,0
2024-05-09,Singapore,0,0.31,1.12,0
2024-05-10,Singapore,0,5.99,5.02,0
2024-05-11,Singapore,0,3.86,1.21,0
2024-05-12,Singapore,0,7.12,41.45,0
2024-05-13,Singapore,0,0.78,1.19,0
2024-05-14,Singapore,0,0.54,2.72,0
2024-05-15,Singapore,0,7.93,9.74,0
2024-05-16,Singapore,0,2.34,14.43,0
2024-05-17,Singapore,0,13.59,15.38,0
2024-05-18,Singapore,0,6.84,9.26,0
2024-05-19,Singapore,0,0.8,1.83,0
2024-05-20,Singapore,1,1.0,9.64,0
2024-05-21,Singapore,0,6.66,24.27,0
2024-05-22,Singapore,0,7.37,7.25,0
2024-05-23,Singapore,0,6.33,0.14,0
2024-05-24,Singapore,0,6.06,7.69,0
2024-05-25,Singapore,0,12.21,0.28,0
2024-05-26,Singapore,0,10.71,8.71,0
2024-05-27,Singapore,0,3.14,42.33,0
2024-05-28,Singapore,0,7.21,7.1,0
2024-05-29,Singapore,1,6.11,15.56,0
2024-05-30,Singapore,0,0.7,13.79,0
2024-05-31,Singapore,0,12.45,3.24,0
2024-06-01,Singapore,0,0.73,1.07,0
2024-06-02,Singapore,0,8.3,10.28,0
2024-06-03,Singapore,0,0.64,4.12,0
2024-06-04,Singapore,0,1.31,8.85,0
2024-06-05,Singapore,1,12.65,6.9,0
2024-06-06,Singapore,0,1.85,24.3,0
2024-06-07,Singapore,0,2.92,8.25,0
2024-06-08,Singapore,0,4.31,9.41,0
2024-06-09,Singapore,1,29.8,2.17,0
2024-06-10,Singapore,1,1.3,9.5,0
2024-06-11,Singapore,0,1.17,11.21,0
2024-06-12,Singapore,0,3.74,6.69,0
2024-06-13,Singapore,0,1.24,3.14,0
2024-06-14,Singapore,0,2.05,13.0,0
2024-06-15,Singapore,0,0.41,29.33,0
2024-06-16,Singapore,0,0.91,1.96,0
2024-06-17,Singapore,0,5.49,13.6,0
2024-06-18,Singapore,0,6.81,0.16,0
2024-06-19,Singapore,0,2.28,0.67,0
2024-06-20,Singapore,0,2.56,14.93,0
2024-06-21,Singapore,1,0.36,0.73,0
2024-06-22,Singapore,1,13.9,0.86,0
2024-06-23,Singapore,0,7.64,4.01,0
2024-06-24,Singapore,1,19.6,22.54,0
2024-06-25,Singapore,0,7.04,0.05,0
2024-06-26,Singapore,1,1.24,24.15,0
2024-06-27,Singapore,1,17.79,53.47,0
2024-06-28,Singapore,1,7.24,8.56,0
2024-06-29,Singapore,1,20.91,20.2,0
2024-06-30,Singapore,0,3.09,29.72,0
2024-07-01,Singapore,0,0.7,0.75,0
2024-07-02,Singapore,0,3.11,14.27,0
2024-07-03,Singapore,0,5.13,1.52,0
2024-07-04,Singapore,0,3.07,9.75,0
2024-07-05,Singapore,0,2.93,6.76,0
2024-07-06,Singapore,0,7.84,1.72,0
2024-07-07,Singapore,0,16.93,1.73,0
2024-07-08,Singapore,0,3.25,20.05,0
2024-07-09,Singapore,0,13.76,2.9,0
2024-07-10,Singapore,0,5.23,11.7,0
2024-07-11,Singapore,0,5.57,1.03,0
2024-07-12,Singapore,0,1.21,16.84,0
2024-07-13,Singapore,0,3.38,4.85,0
2024-07-14,Singapore,0,1.78,12.54,0
2024-07-15,Singapore,0,2.55,4.87,0
2024-07-16,Singapore,0,0.29,1.35,0
2024-07-17,Singapore,0,3.36,23.96,0
2024-07-18,Singapore,0,2.39,0.23,0
2024-07-19,Singapore,0,2.92,22.59,0
2024-07-20,Singapore,0,1.14,8.37,0
2024-07-21,Singapore,0,0.22,6.51,0
2024-07-22,Singapore,0,4.55,21.49,0
2024-07-23,Singapore,0,0.46,10.46,0
2024-07-24,Singapore,0,0.73,42.14,0
2024-07-25,Singapore,0,2.38,22.13,0
2024-07-26,Singapore,0,3.97,13.67,0
2024-07-27,Singapore,1,1.79,14.28,0
2024-07-28,Singapore,1,0.69,36.91,0
2024-07-29,Singapore,1,4.7,7.67,0
2024-07-30,Singapore,1,19.45,1.37,0
2024-07-31,Singapore,0,4.21,1.04,0
2024-08-01,Singapore,0,3.2,19.14,0
2024-08-02,Singapore,0,1.09,6.35,0
2024-08-03,Singapore,0,4.94,9.99,0
2024-08-04,Singapore,0,0.36,1.93,0
2024-08-05,Singapore,0,8.75,4.75,0
2024-08-06,Singapore,0,17.39,31.53,0
2024-08-07,Singapore,0,9.06,7.4,0
2024-08-08,Singapore,0,0.05,3.78,0
2024-08-09,Singapore,0,3.96,0.7,0
2024-08-10,Singapore,0,9.48,3.45,0
2024-08-11,Singapore,0,8.95,9.35,0
2024-08-12,Singapore,0,0.04,7.7,0
2024-08-13,Singapore,0,4.47,6.17,0
2024-08-14,Singapore,0,11.85,20.47,0
2024-08-15,Singapore,0,5.52,6.35,0
2024-08-16,Singapore,0,14.33,1.93,0
2024-08-17,Singapore,0,6.37,3.6,0
2024-08-18,Singapore,0,7.59,15.56,0
2024-08-19,Singapore,0,2.65,0.7,0
2024-08-20,Singapore,0,16.08,23.83,0
2024-08-21,Singapore,0,5.2,6.26,0
2024-08-22,Singapore,0,9.88,13.1,0
2024-08-23,Singapore,0,0.14,52.76,0
2024-08-24,Singapore,0,12.14,9.36,0
2024-08-25,Singapore,0,2.03,5.46,0
2024-08-26,Singapore,0,0.59,0.39,0
2024-08-27,Singapore,0,2.36,5.79,0
2024-08-28,Singapore,0,2.96,7.36,0
2024-08-29,Singapore,0,3.19,4.14,0
2024-08-30,Singapore,0,1.05,10.04,0
2024-08-31,Singapore,0,0.73,0.73,0
2024-09-01,Singapore,0,3.81,19.45,0
2024-09-02,Singapore,1,0.88,14.81,0
2024-09-03,Singapore,0,8.74,5.68,0
2024-09-04,Singapore,0,7.42,4.97,0
2024-09-05,Singapore,0,5.41,11.97,0
2024-09-06,Singapore,0,2.61,10.41,0
2024-09-07,Singapore,0,0.22,0.83,0
2024-09-08,Singapore,0,1.24,12.27,0
2024-09-09,Singapore,0,0.31,0.75,0
2024-09-10,Singapore,0,1.71,5.11,0
2024-09-11,Singapore,0,9.43,4.24,0
2024-09-12,Singapore,0,0.75,7.16,0
2024-09-13,Singapore,0,12.33,12.05,0
2024-09-14,Singapore,0,2.46,9.09,0
2024-09-15,Singapore,0,0.45,0.96,0
2024-09-16,Singapore,1,0.73,27.57,0
2024-09-17,Singapore,0,4.28,16.29,0
2024-09-18,Singapore,0,4.18,8.93,0
2024-09-19,Singapore,0,2.42,2.4,0
2024-09-20,Singapore,0,0.36,2.14,0
2024-09-21,Singapore,0,5.34,27.87,0
2024-09-22,Singapore,1,4.22,2.85,0
2024-09-23,Singapore,1,1.28,15.24,0
2024-09-24,Singapore,1,1.18,45.99,0
2024-09-25,Singapore,0,2.05,3.38,0
2024-09-26,Singapore,1,1.41,2.81,0
2024-09-27,Singapore,1,11.36,5.68,0
2024-09-28,Singapore,1,6.05,29.57,0
2024-09-29,Singapore,0,7.09,21.02,0
2024-09-30,Singapore,1,9.84,8.09,0
2024-10-01,Singapore,1,19.77,12.77,0
2024-10-02,Singapore,1,3.25,42.5,0
2024-10-03,Singapore,0,2.17,2.36,0
2024-10-04,Singapore,1,4.37,9.5,0
2024-10-05,Singapore,0,1.6,12.66,0
2024-10-06,Singapore,1,5.29,50.77,0
2024-10-07,Singapore,1,8.3,42.56,0
2024-10-08,Singapore,0,2.63,8.19,0
2024-10-09,Singapore,0,8.13,4.34,0
2024-10-10,Singapore,1,2.77,20.09,0
2024-10-11,Singapore,1,0.35,2.47,0
2024-10-12,Singapore,1,19.85,82.19,0
2024-10-13,Singapore,0,8.47,3.07,0
2024-10-14,Singapore,1,6.61,13.3,0
2024-10-15,Singapore,1,1.55,0.18,0
2024-10-16,Singapore,1,1.8,9.42,0
2024-10-17,Singapore,0,6.56,7.09,0
2024-10-18,Singapore,1,32.14,6.87,0
2024-10-19,Singapore,1,9.15,11.71,0
2024-10-20,Singapore,1,11.85,2.15,0
2024-10-21,Singapore,1,2.17,14.08,0
2024-10-22,Singapore,0,6.68,19.78,0
2024-10-23,Singapore,0,2.22,3.0,0
2024-10-24,Singapore,0,9.91,25.24,0
2024-10-25,Singapore,0,5.38,4.01,0
2024-10-26,Singapore,1,3.62,7.21,0
2024-10-27,Singapore,2,10.1,16.98,0
2024-10-28,Singapore,2,3.85,14.25,0
2024-10-29,Singapore,1,1.18,13.52,0
2024-10-30,Singapore,1,15.13,32.35,0
2024-10-31,Singapore,1,7.55,29.61,0
2024-11-01,Singapore,1,2.18,4.61,0
2024-11-02,Singapore,1,1.41,8.95,0
2024-11-03,Singapore,1,6.12,34.23,0
2024-11-04,Singapore,1,0.42,0.97,0
2024-11-05,Singapore,1,1.71,3.03,0
2024-11-06,Singapore,1,3.25,1.33,0
2024-11-07,Singapore,1,12.66,7.16,0
2024-11-08,Singapore,1,3.03,7.54,0
2024-11-09,Singapore,1,12.88,0.1,0
2024-11-10,Singapore,1,14.12,18.56,0
2024-11-11,Singapore,2,27.15,54.9,1
2024-11-12,Singapore,2,5.14,13.61,0
2024-11-13,Singapore,2,1.17,3.84,1
2024-11-14,Singapore,2,4.83,52.23,0
2024-11-15,Singapore,2,8.84,43.13,0
2024-11-16,Singapore,1,7.14,12.99,0
2024-11-17,Singapore,1,1.51,0.87,0
2024-11-18,Singapore,2,4.66,16.81,0
2024-11-19,Singapore,2,3.17,13.26,0
2024-11-20,Singapore,1,6.75,19.02,0
2024-11-21,Singapore,1,2.62,40.44,0
2024-11-22,Singapore,1,1.93,17.43,0
2024-11-23,Singapore,2,7.16,46.77,0
2024-11-24,Singapore,1,2.62,34.52,0
2024-11-25,Singapore,1,0.52,20.15,0
2024-11-26,Singapore,1,11.53,14.59,0
2024-11-27,Singapore,1,1.28,0.09,0
2024-11-28,Singapore,1,0.28,10.78,0
2024-11-29,Singapore,1,5.0,3.89,0
2024-11-30,Singapore,2,2.51,9.62,0
2024-12-01,Singapore,1,0.44,4.76,0
2024-12-02,Singapore,1,3.37,29.38,0
2024-12-03,Singapore,1,2.8,0.14,0
2024-12-04,Singapore,1,27.21,14.85,0
2024-12-05,Singapore,2,20.18,0.65,0
2024-12-06,Singapore,2,10.04,53.59,0
2024-12-07,Singapore,3,9.4,120.0,1
2024-12-08,Singapore,2,17.31,11.33,1
2024-12-09,Singapore,2,14.65,80.18,0
2024-12-10,Singapore,2,5.5,0.44,0
2024-12-11,Singapore,2,18.55,34.65,0
2024-12-12,Singapore,2,10.53,30.9,0
2024-12-13,Singapore,2,33.6,58.07,0
2024-12-14,Singapore,2,8.69,2.09,0
2024-12-15,Singapore,2,17.78,0.76,0
2024-12-16,Singapore,1,24.04,36.07,0
2024-12-17,Singapore,1,18.61,5.66,0
2024-12-18,Singapore,1,12.13,54.4,0
2024-12-19,Singapore,2,14.25,57.33,0
2024-12-20,Singapore,2,9.41,6.82,0
2024-12-21,Singapore,2,9.27,31.02,1
2024-12-22,Singapore,2,2.18,4.17,0
2024-12-23,Singapore,2,8.0,5.05,0
2024-12-24,Singapore,2,6.67,85.33,0
2024-12-25,Singapore,1,4.84,23.29,0
2024-12-26,Singapore,1,0.29,41.94,0
2024-12-27,Singapore,1,3.18,6.55,0
2024-12-28,Singapore,1,8.96,12.59,0
2024-12-29,Singapore,1,3.88,18.68,0
2024-12-30,Singapore,1,6.01,15.69,0
2024-12-31,Singapore,1,2.25,28.41,0
2025-01-01,Singapore,1,2.39,8.17,0
2025-01-02,Singapore,1,0.71,41.92,0
2025-01-03,Singapore,1,9.05,6.34,0
2025-01-04,Singapore,1,0.19,8.38,0
2025-01-05,Singapore,1,1.81,33.77,0
2025-01-06,Singapore,2,1.96,13.45,1
2025-01-07,Singapore,2,6.11,22.36,1
2025-01-08,Singapore,2,2.69,20.78,0
2025-01-09,Singapore,1,14.48,4.97,0
2025-01-10,Singapore,2,5.18,2.71,0
2025-01-11,Singapore,2,4.75,28.37,0
2025-01-12,Singapore,3,9.99,24.18,1
2025-01-13,Singapore,2,7.02,32.48,1
2025-01-14,Singapore,1,0.79,1.4,0
2025-01-15,Singapore,1,15.01,12.24,0
2025-01-16,Singapore,1,4.3,3.79,0
2025-01-17,Singapore,2,18.34,15.15,1
2025-01-18,Singapore,2,16.63,7.91,0
2025-01-19,Singapore,2,6.06,4.95,0
2025-01-20,Singapore,1,7.02,0.74,0
2025-01-21,Singapore,2,0.49,6.55,0
2025-01-22,Singapore,1,0.48,33.25,0
2025-01-23,Singapore,1,1.76,3.35,0
2025-01-24,Singapore,2,10.28,20.38,0
2025-01-25,Singapore,2,6.74,61.6,0
2025-01-26,Singapore,2,19.55,50.3,0
2025-01-27,Singapore,2,6.62,7.46,0
2025-01-28,Singapore,1,2.44,5.89,0
2025-01-29,Singapore,1,7.3,1.0,0
2025-01-30,Singapore,1,1.99,25.75,0
2025-01-31,Singapore,1,4.67,34.76,0
2025-02-01,Singapore,1,13.28,23.86,0
2025-02-02,Singapore,1,17.53,8.77,0
2025-02-03,Singapore,1,0.33,4.68,0
2025-02-04,Singapore,1,7.99,47.77,0
2025-02-05,Singapore,1,14.14,5.64,0
2025-02-06,Singapore,1,0.56,0.01,0
2025-02-07,Singapore,1,4.48,0.45,0
2025-02-08,Singapore,1,1.25,16.07,0
2025-02-09,Singapore,2,5.47,120.0,0
2025-02-10,Singapore,2,27.08,37.33,0
2025-02-11,Singapore,2,2.56,27.55,0
2025-02-12,Singapore,2,6.01,38.36,0
2025-02-13,Singapore,2,16.05,13.05,0
2025-02-14,Singapore,2,4.07,11.91,0
2025-02-15,Singapore,1,1.65,14.84,0
2025-02-16,Singapore,1,7.92,30.98,0
2025-02-17,Singapore,1,3.8,5.19,0
2025-02-18,Singapore,1,6.14,2.74,0
2025-02-19,Singapore,2,7.35,61.42,0
2025-02-20,Singapore,1,0.79,6.94,0
2025-02-21,Singapore,1,21.6,1.78,0
2025-02-22,Singapore,2,6.01,21.65,0
2025-02-23,Singapore,1,2.37,32.31,0
2025-02-24,Singapore,1,4.34,8.81,0
2025-02-25,Singapore,2,3.25,41.16,0
2025-02-26,Singapore,1,4.67,0.09,0
2025-02-27,Singapore,1,6.49,1.42,0
2025-02-28,Singapore,1,0.67,8.5,0
2025-03-01,Singapore,1,16.73,7.79,0
2025-03-02,Singapore,2,0.98,28.67,1
2025-03-03,Singapore,1,1.15,31.46,0
2025-03-04,Singapore,0,13.46,11.83,0
2025-03-05,Singapore,1,4.18,7.19,0
2025-03-06,Singapore,1,22.61,2.39,0
2025-03-07,Singapore,1,1.76,4.75,0
2025-03-08,Singapore,1,5.31,34.61,0
2025-03-09,Singapore,1,3.56,5.03,0
2025-03-10,Singapore,1,3.42,52.44,0
2025-03-11,Singapore,1,16.26,15.48,0
2025-03-12,Singapore,1,1.73,26.38,0
2025-03-13,Singapore,1,3.22,6.52,0
2025-03-14,Singapore,1,0.63,3.02,0
2025-03-15,Singapore,1,12.39,0.36,0
2025-03-16,Singapore,1,0.8,18.26,0
2025-03-17,Singapore,1,0.76,1.17,0
2025-03-18,Singapore,1,1.78,2.2,0
2025-03-19,Singapore,1,9.15,32.89,0
2025-03-20,Singapore,1,8.73,3.8,0
2025-03-21,Singapore,1,7.24,5.4,0
2025-03-22,Singapore,1,28.07,6.73,0
2025-03-23,Singapore,0,7.34,4.61,0
2025-03-24,Singapore,0,2.24,2.1,0
2025-03-25,Singapore,1,4.63,11.5,0
2025-03-26,Singapore,1,2.69,30.74,0
2025-03-27,Singapore,1,15.49,68.01,0
2025-03-28,Singapore,1,11.09,15.45,0
2025-03-29,Singapore,2,3.66,32.55,0
2025-03-30,Singapore,1,4.62,4.04,0
2025-03-31,Singapore,0,1.53,1.04,0
2025-04-01,Singapore,0,3.61,6.68,0
2025-04-02,Singapore,0,1.64,30.12,0
2025-04-03,Singapore,0,8.34,18.17,0
2025-04-04,Singapore,0,7.95,3.36,0
2025-04-05,Singapore,1,11.1,4.8,0
2025-04-06,Singapore,1,10.0,10.79,0
2025-04-07,Singapore,1,1.0,10.65,0
2025-04-08,Singapore,2,1.15,16.77,0
2025-04-09,Singapore,1,20.45,10.4,0
2025-04-10,Singapore,0,11.04,8.38,0
2025-04-11,Singapore,1,7.05,37.94,0
2025-04-12,Singapore,0,2.95,4.33,0
2025-04-13,Singapore,0,3.65,2.98,0
2025-04-14,Singapore,0,8.13,16.55,0
2025-04-15,Singapore,0,6.56,10.82,0
2025-04-16,Singapore,0,2.97,1.27,0
2025-04-17,Singapore,0,2.06,3.94,0
2025-04-18,Singapore,0,0.94,10.95,0
2025-04-19,Singapore,1,10.62,30.93,0
2025-04-20,Singapore,1,0.54,54.16,0
2025-04-21,Singapore,0,0.91,7.85,0
2025-04-22,Singapore,0,6.95,3.27,0
2025-04-23,Singapore,0,3.7,3.32,0
2025-04-24,Singapore,0,1.07,7.88,0
2025-04-25,Singapore,0,0.59,10.89,0
2025-04-26,Singapore,0,15.65,2.59,0
2025-04-27,Singapore,0,0.67,8.88,0
2025-04-28,Singapore,0,0.7,26.02,0
2025-04-29,Singapore,0,1.23,2.7,0
2025-04-30,Singapore,0,5.59,7.89,0
2025-05-01,Singapore,0,5.35,5.51,0
2025-05-02,Singapore,0,1.51,12.72,0
2025-05-03,Singapore,0,1.47,6.54,0
2025-05-04,Singapore,1,3.98,15.16,0
2025-05-05,Singapore,1,10.49,3.61,0
2025-05-06,Singapore,1,6.39,9.78,0
2025-05-07,Singapore,1,8.51,2.39,0
2025-05-08,Singapore,0,3.07,3.48,0
2025-05-09,Singapore,0,3.43,2.15,0
2025-05-10,Singapore,0,0.4,33.65,0
2025-05-11,Singapore,0,4.18,1.96,0
2025-05-12,Singapore,1,0.85,5.1,0
2025-05-13,Singapore,1,22.84,2.34,0
2025-05-14,Singapore,1,4.92,8.2,0
2025-05-15,Singapore,0,3.54,2.24,0
2025-05-16,Singapore,0,12.38,26.09,0
2025-05-17,Singapore,1,14.38,2.49,0
2025-05-18,Singapore,1,7.15,17.85,0
2025-05-19,Singapore,0,4.9,11.66,0
2025-05-20,Singapore,0,1.67,11.58,0
2025-05-21,Singapore,0,2.62,7.84,0
2025-05-22,Singapore,0,0.25,23.64,0
2025-05-23,Singapore,0,2.1,7.96,0
2025-05-24,Singapore,0,1.04,7.11,0
2025-05-25,Singapore,0,4.22,10.27,0
2025-05-26,Singapore,0,0.11,3.98,0
2025-05-27,Singapore,0,5.28,13.47,0
2025-05-28,Singapore,0,4.68,16.53,0
2025-05-29,Singapore,0,8.78,19.27,0
2025-05-30,Singapore,0,3.34,10.18,0
2025-05-31,Singapore,0,7.24,8.45,0
2025-06-01,Singapore,0,6.61,65.66,0
2025-06-02,Singapore,1,2.17,22.7,0
2025-06-03,Singapore,1,6.19,56.34,0
2025-06-04,Singapore,0,10.46,15.5,0
2025-06-05,Singapore,0,3.88,25.87,0
2025-06-06,Singapore,0,2.26,9.09,0
2025-06-07,Singapore,0,8.84,4.04,0
2025-06-08,Singapore,0,0.67,0.3,0
2025-06-09,Singapore,0,1.18,7.2,0
2025-06-10,Singapore,0,0.33,0.79,0
2025-06-11,Singapore,0,0.14,20.53,0
2025-06-12,Singapore,0,1.59,5.47,0
2025-06-13,Singapore,0,2.4,16.31,0
2025-06-14,Singapore,1,13.21,8.26,0
2025-06-15,Singapore,0,17.77,14.2,0
2025-06-16,Singapore,0,7.41,22.45,0
2025-06-17,Singapore,0,1.38,16.09,0
2025-06-18,Singapore,0,0.27,3.35,0
2025-06-19,Singapore,0,15.66,14.63,0
2025-06-20,Singapore,0,3.73,9.78,0
2025-06-21,Singapore,0,4.11,3.73,0
2025-06-22,Singapore,1,23.83,6.94,0
2025-06-23,Singapore,1,15.4,4.38,0
2025-06-24,Singapore,0,2.99,13.13,0
2025-06-25,Singapore,0,12.73,17.58,0
2025-06-26,Singapore,0,0.49,10.17,0
2025-06-27,Singapore,0,0.45,30.49,0
2025-06-28,Singapore,0,0.09,2.54,0
2025-06-29,Singapore,0,0.91,8.49,0
2025-06-30,Singapore,0,5.72,0.19,0
2025-07-01,Singapore,0,6.95,14.9,0
2025-07-02,Singapore,0,0.08,8.33,0
2025-07-03,Singapore,1,7.87,35.96,0
2025-07-04,Singapore,1,6.21,15.04,0
2025-07-05,Singapore,0,2.44,13.04,0
2025-07-06,Singapore,0,1.7,17.75,0
2025-07-07,Singapore,0,2.62,5.06,0
2025-07-08,Singapore,0,8.51,9.72,0
2025-07-09,Singapore,0,0.93,15.98,0
2025-07-10,Singapore,0,5.79,4.36,0
2025-07-11,Singapore,0,0.02,5.51,0
2025-07-12,Singapore,0,9.08,3.33,0
2025-07-13,Singapore,0,1.6,5.72,0
2025-07-14,Singapore,0,1.26,1.7,0
2025-07-15,Singapore,0,0.44,4.35,0
2025-07-16,Singapore,0,3.6,0.96,0
2025-07-17,Singapore,0,6.84,3.22,0
2025-07-18,Singapore,0,2.93,7.62,0
2025-07-19,Singapore,0,0.12,4.59,0
2025-07-20,Singapore,0,9.45,10.97,0
2025-07-21,Singapore,1,5.71,15.77,0
2025-07-22,Singapore,1,0.08,13.14,0
2025-07-23,Singapore,1,5.63,0.7,0
2025-07-24,Singapore,0,0.13,24.45,0
2025-07-25,Singapore,0,18.1,4.81,0
2025-07-26,Singapore,1,7.8,16.6,0
2025-07-27,Singapore,1,0.78,25.8,0
2025-07-28,Singapore,1,14.92,4.91,0
2025-07-29,Singapore,1,1.92,2.97,0
2025-07-30,Singapore,1,5.03,0.49,0
2025-07-31,Singapore,1,2.64,33.93,0
2025-08-01,Singapore,0,0.26,2.33,0
2025-08-02,Singapore,1,0.2,70.37,0
2025-08-03,Singapore,0,5.72,3.76,0
2025-08-04,Singapore,0,1.31,13.86,0
2025-08-05,Singapore,0,1.96,0.43,0
2025-08-06,Singapore,0,6.87,12.91,0
2025-08-07,Singapore,0,1.89,2.01,0
2025-08-08,Singapore,0,4.81,0.59,0
2025-08-09,Singapore,0,13.27,1.05,0
2025-08-10,Singapore,0,5.69,12.41,0
2025-08-11,Singapore,0,1.06,1.16,0
2025-08-12,Singapore,0,1.27,4.07,0
2025-08-13,Singapore,0,4.98,15.63,0
2025-08-14,Singapore,0,0.83,5.77,0
2025-08-15,Singapore,0,6.4,0.32,0
2025-08-16,Singapore,0,25.62,2.21,0
2025-08-17,Singapore,0,2.0,2.94,0
2025-08-18,Singapore,0,3.14,6.58,0
2025-08-19,Singapore,0,7.99,33.36,0
2025-08-20,Singapore,0,0.56,6.69,0
2025-08-21,Singapore,0,9.63,8.58,0
2025-08-22,Singapore,0,6.09,6.22,0
2025-08-23,Singapore,0,1.27,1.76,0
2025-08-24,Singapore,0,3.98,5.96,0
2025-08-25,Singapore,0,3.88,71.87,0
2025-08-26,Singapore,0,2.06,9.08,0
2025-08-27,Singapore,0,28.27,17.04,0
2025-08-28,Singapore,0,7.38,7.68,0
2025-08-29,Singapore,0,7.55,37.98,0
2025-08-30,Singapore,0,3.25,1.96,0
2025-08-31,Singapore,0,6.66,4.72,0
2025-09-01,Singapore,0,7.63,7.06,0
2025-09-02,Singapore,0,0.9,2.78,0
2025-09-03,Singapore,1,2.61,8.26,0
2025-09-04,Singapore,1,2.68,29.55,0
2025-09-05,Singapore,1,5.54,24.99,0
2025-09-06,Singapore,0,6.64,6.8,0
2025-09-07,Singapore,1,1.26,3.32,0
2025-09-08,Singapore,1,14.52,1.93,0
2025-09-09,Singapore,1,6.13,18.73,0
2025-09-10,Singapore,0,4.61,1.8,0
2025-09-11,Singapore,0,9.05,17.98,0
2025-09-12,Singapore,0,5.4,14.19,0
2025-09-13,Singapore,0,0.75,20.77,0
2025-09-14,Singapore,0,4.0,8.83,0
2025-09-15,Singapore,0,1.97,4.07,0
2025-09-16,Singapore,1,15.4,8.9,0
2025-09-17,Singapore,0,4.92,5.29,0
2025-09-18,Singapore,0,9.13,29.94,0
2025-09-19,Singapore,1,2.35,12.85,0
2025-09-20,Singapore,1,6.4,1.32,0
2025-09-21,Singapore,1,7.41,10.54,0
2025-09-22,Singapore,0,11.45,1.32,0
2025-09-23,Singapore,0,4.15,0.16,0
2025-09-24,Singapore,0,5.69,9.97,0
2025-09-25,Singapore,0,3.87,4.4,0
2025-09-26,Singapore,1,4.48,3.0,0
2025-09-27,Singapore,0,0.87,28.08,0
2025-09-28,Singapore,1,3.11,35.65,0
2025-09-29,Singapore,0,2.34,3.24,0
2025-09-30,Singapore,0,12.72,6.86,0
2025-10-01,Singapore,1,6.1,21.76,0
2025-10-02,Singapore,1,4.35,3.55,0
2025-10-03,Singapore,1,1.93,4.6,0
2025-10-04,Singapore,1,5.65,21.35,0
2025-10-05,Singapore,1,2.3,42.76,0
2025-10-06,Singapore,1,9.56,19.29,0
2025-10-07,Singapore,1,3.88,92.63,0
2025-10-08,Singapore,1,18.69,4.64,0
2025-10-09,Singapore,0,0.76,28.05,0
2025-10-10,Singapore,0,7.19,18.24,0
2025-10-11,Singapore,0,7.51,2.87,0
2025-10-12,Singapore,1,0.86,8.59,0
2025-10-13,Singapore,1,4.12,22.33,0
2025-10-14,Singapore,1,5.92,55.17,0
2025-10-15,Singapore,2,0.66,6.65,0
2025-10-16,Singapore,1,0.11,49.02,0
2025-10-17,Singapore,1,0.96,8.05,0
2025-10-18,Singapore,1,0.26,14.3,0
2025-10-19,Singapore,1,2.12,8.37,0
2025-10-20,Singapore,1,25.79,7.74,0
2025-10-21,Singapore,2,8.21,6.64,0
2025-10-22,Singapore,1,7.12,14.03,0
2025-10-23,Singapore,1,0.8,3.85,0
2025-10-24,Singapore,1,8.51,76.44,0
2025-10-25,Singapore,1,3.65,22.72,0
2025-10-26,Singapore,1,46.43,8.17,0
2025-10-27,Singapore,0,3.18,5.52,0
2025-10-28,Singapore,1,15.3,15.57,0
2025-10-29,Singapore,1,2.15,11.12,0
2025-10-30,Singapore,0,7.4,7.41,0
2025-10-31,Singapore,1,5.25,17.3,0
2025-11-01,Singapore,1,1.32,8.07,0
2025-11-02,Singapore,1,6.72,43.76,0
2025-11-03,Singapore,2,2.28,4.88,0
2025-11-04,Singapore,2,2.47,0.41,0
2025-11-05,Singapore,2,45.38,0.48,0
2025-11-06,Singapore,2,5.27,7.31,0
2025-11-07,Singapore,1,8.46,36.26,0
2025-11-08,Singapore,2,3.58,2.68,0
2025-11-09,Singapore,2,20.85,20.65,0
2025-11-10,Singapore,1,2.52,2.94,0
2025-11-11,Singapore,1,15.57,21.63,0
2025-11-12,Singapore,1,25.77,2.67,0
2025-11-13,Singapore,1,11.16,0.5,0
2025-11-14,Singapore,1,10.48,5.82,0
2025-11-15,Singapore,1,13.36,0.9,0
2025-11-16,Singapore,1,1.14,6.16,0
2025-11-17,Singapore,1,13.68,30.84,0
2025-11-18,Singapore,1,4.28,0.46,0
2025-11-19,Singapore,1,6.06,28.69,0
2025-11-20,Singapore,1,4.62,23.31,0
2025-11-21,Singapore,1,17.76,42.51,0
2025-11-22,Singapore,1,3.15,34.9,0
2025-11-23,Singapore,1,3.63,7.63,0
2025-11-24,Singapore,2,23.74,45.29,0
2025-11-25,Singapore,1,1.85,37.31,0
2025-11-26,Singapore,2,10.86,29.65,0
2025-11-27,Singapore,2,5.4,1.47,0
2025-11-28,Singapore,2,8.94,12.85,0
2025-11-29,Singapore,1,3.12,6.14,0
2025-11-30,Singapore,1,10.14,39.1,0
2025-12-01,Singapore,1,0.91,0.03,0
2025-12-02,Singapore,1,12.3,3.65,0
2025-12-03,Singapore,1,1.92,29.98,0
2025-12-04,Singapore,1,8.4,15.09,0
2025-12-05,Singapore,2,5.24,2.33,0
2025-12-06,Singapore,2,11.22,23.45,0
2025-12-07,Singapore,2,31.96,31.84,0
2025-12-08,Singapore,2,10.4,50.18,0
2025-12-09,Singapore,2,21.12,79.21,0
2025-12-10,Singapore,1,2.99,1.41,0
2025-12-11,Singapore,2,16.46,15.34,0
2025-12-12,Singapore,2,2.74,28.29,0
2025-12-13,Singapore,2,10.36,17.21,0
2025-12-14,Singapore,2,16.11,38.97,0
2025-12-15,Singapore,2,0.04,120.0,0
2025-12-16,Singapore,2,5.76,120.0,1
2025-12-17,Singapore,2,5.04,24.94,0
2025-12-18,Singapore,1,8.52,21.18,0
2025-12-19,Singapore,1,4.32,40.79,0
2025-12-20,Singapore,1,13.8,0.28,0
2025-12-21,Singapore,1,9.46,3.34,0
2025-12-22,Singapore,2,17.86,5.0,0
2025-12-23,Singapore,1,4.35,28.7,0
2025-12-24,Singapore,1,10.99,55.48,0
2025-12-25,Singapore,1,2.1,10.64,0
2025-12-26,Singapore,2,56.34,3.66,0
2025-12-27,Singapore,1,2.2,19.78,0
2025-12-28,Singapore,1,5.67,4.15,0
2025-12-29,Singapore,1,15.17,12.05,0
2025-12-30,Singapore,1,6.18,2.29,0
2025-12-31,Singapore,1,3.58,12.47,0
2023-01-01,Los_Angeles,0,8.21,20.33,0
2023-01-02,Los_Angeles,1,5.04,3.8,0
2023-01-03,Los_Angeles,0,11.39,0.56,0
2023-01-04,Los_Angeles,0,8.76,1.67,0
2023-01-05,Los_Angeles,0,14.39,1.93,0
2023-01-06,Los_Angeles,0,5.11,12.94,0
2023-01-07,Los_Angeles,1,9.52,38.13,0
2023-01-08,Los_Angeles,1,3.35,8.61,0
2023-01-09,Los_Angeles,0,1.7,5.82,0
2023-01-10,Los_Angeles,1,0.22,0.67,0
2023-01-11,Los_Angeles,1,4.57,25.91,0
2023-01-12,Los_Angeles,1,5.82,37.69,0
2023-01-13,Los_Angeles,0,1.05,15.5,0
2023-01-14,Los_Angeles,0,0.48,8.71,0
2023-01-15,Los_Angeles,0,3.37,2.79,0
2023-01-16,Los_Angeles,1,7.26,20.07,0
2023-01-17,Los_Angeles,1,39.01,5.12,0
2023-01-18,Los_Angeles,1,11.45,4.44,0
2023-01-19,Los_Angeles,0,0.24,5.45,0
2023-01-20,Los_Angeles,0,3.3,7.35,0
2023-01-21,Los_Angeles,0,0.26,5.34,0
2023-01-22,Los_Angeles,0,1.58,3.8,0
2023-01-23,Los_Angeles,0,2.04,14.91,0
2023-01-24,Los_Angeles,0,5.46,4.43,0
2023-01-25,Los_Angeles,0,8.7,22.27,0
2023-01-26,Los_Angeles,0,3.04,2.86,0
2023-01-27,Los_Angeles,0,2.65,11.34,0
2023-01-28,Los_Angeles,0,4.2,0.0,0
2023-01-29,Los_Angeles,0,1.39,11.59,0
2023-01-30,Los_Angeles,0,1.99,8.65,0
2023-01-31,Los_Angeles,0,4.82,10.07,0
2023-02-01,Los_Angeles,0,1.56,0.03,0
2023-02-02,Los_Angeles,1,0.47,5.54,0
2023-02-03,Los_Angeles,0,2.13,12.46,0
2023-02-04,Los_Angeles,0,1.8,6.39,0
2023-02-05,Los_Angeles,0,1.34,9.72,0
2023-02-06,Los_Angeles,0,0.19,6.14,0
2023-02-07,Los_Angeles,0,17.54,16.13,0
2023-02-08,Los_Angeles,0,1.23,6.48,0
2023-02-09,Los_Angeles,0,5.15,3.21,0
2023-02-10,Los_Angeles,0,2.01,2.35,0
2023-02-11,Los_Angeles,0,12.5,46.67,0
2023-02-12,Los_Angeles,0,0.54,6.4,0
2023-02-13,Los_Angeles,1,17.22,21.98,0
2023-02-14,Los_Angeles,1,0.46,45.95,0
2023-02-15,Los_Angeles,1,15.39,14.32,0
2023-02-16,Los_Angeles,0,7.25,4.55,0
2023-02-17,Los_Angeles,0,3.63,29.07,0
2023-02-18,Los_Angeles,0,5.84,7.82,0
2023-02-19,Los_Angeles,0,0.63,12.41,0
2023-02-20,Los_Angeles,0,4.53,6.54,0
2023-02-21,Los_Angeles,0,9.64,13.85,0
2023-02-22,Los_Angeles,0,21.07,4.88,0
2023-02-23,Los_Angeles,0,0.38,12.8,0
2023-02-24,Los_Angeles,0,5.62,20.8,0
2023-02-25,Los_Angeles,0,1.53,8.54,0
2023-02-26,Los_Angeles,0,1.84,29.06,0
2023-02-27,Los_Angeles,0,2.35,2.28,0
2023-02-28,Los_Angeles,1,6.08,49.2,0
2023-03-01,Los_Angeles,0,15.0,12.34,0
2023-03-02,Los_Angeles,0,0.8,0.09,0
2023-03-03,Los_Angeles,1,8.82,13.59,0
2023-03-04,Los_Angeles,0,0.15,0.85,0
2023-03-05,Los_Angeles,0,4.07,1.14,0
2023-03-06,Los_Angeles,0,0.72,0.75,0
2023-03-07,Los_Angeles,0,4.14,15.46,0
2023-03-08,Los_Angeles,0,5.71,16.59,0
2023-03-09,Los_Angeles,0,2.97,5.38,0
2023-03-10,Los_Angeles,0,2.31,5.91,0
2023-03-11,Los_Angeles,0,3.47,15.28,0
2023-03-12,Los_Angeles,1,3.58,3.95,0
2023-03-13,Los_Angeles,1,12.84,0.75,0
2023-03-14,Los_Angeles,1,9.02,4.75,0
2023-03-15,Los_Angeles,1,5.77,32.68,0
2023-03-16,Los_Angeles,1,6.54,8.56,0
2023-03-17,Los_Angeles,0,2.53,16.52,0
2023-03-18,Los_Angeles,1,1.18,52.74,0
2023-03-19,Los_Angeles,0,1.18,0.34,0
2023-03-20,Los_Angeles,1,5.01,15.33,0
2023-03-21,Los_Angeles,1,0.67,24.56,0
2023-03-22,Los_Angeles,0,11.81,1.88,0
2023-03-23,Los_Angeles,1,10.84,18.1,0
2023-03-24,Los_Angeles,1,9.57,6.24,0
2023-03-25,Los_Angeles,2,12.96,24.2,0
2023-03-26,Los_Angeles,1,0.69,4.3,0
2023-03-27,Los_Angeles,1,4.55,39.45,0
2023-03-28,Los_Angeles,1,17.21,48.0,0
2023-03-29,Los_Angeles,1,7.29,2.11,0
2023-03-30,Los_Angeles,1,8.69,37.13,0
2023-03-31,Los_Angeles,1,59.37,11.76,0
2023-04-01,Los_Angeles,0,0.37,1.67,0
2023-04-02,Los_Angeles,1,1.71,4.33,0
2023-04-03,Los_Angeles,1,2.03,39.72,0
2023-04-04,Los_Angeles,1,5.58,17.23,0
2023-04-05,Los_Angeles,1,28.55,1.75,0
2023-04-06,Los_Angeles,1,3.5,13.46,0
2023-04-07,Los_Angeles,1,22.97,23.34,0
2023-04-08,Los_Angeles,1,0.16,11.12,0
2023-04-09,Los_Angeles,1,9.49,5.58,0
2023-04-10,Los_Angeles,1,14.35,41.85,0
2023-04-11,Los_Angeles,0,1.32,39.77,0
2023-04-12,Los_Angeles,0,1.45,6.9,0
2023-04-13,Los_Angeles,1,13.02,13.22,0
2023-04-14,Los_Angeles,0,2.75,2.45,0
2023-04-15,Los_Angeles,1,5.06,24.37,0
2023-04-16,Los_Angeles,1,7.41,15.25,0
2023-04-17,Los_Angeles,1,4.21,2.3,0
2023-04-18,Los_Angeles,1,7.88,13.71,0
2023-04-19,Los_Angeles,0,1.12,4.02,0
2023-04-20,Los_Angeles,0,13.68,3.38,0
2023-04-21,Los_Angeles,1,18.21,13.34,0
2023-04-22,Los_Angeles,0,2.65,2.06,0
2023-04-23,Los_Angeles,0,0.69,20.61,0
2023-04-24,Los_Angeles,1,3.7,4.39,0
2023-04-25,Los_Angeles,1,2.48,24.7,0
2023-04-26,Los_Angeles,1,1.25,1.57,0
2023-04-27,Los_Angeles,1,6.35,23.18,0
2023-04-28,Los_Angeles,2,5.14,12.85,0
2023-04-29,Los_Angeles,1,7.07,3.6,0
2023-04-30,Los_Angeles,1,4.09,55.12,0
2023-05-01,Los_Angeles,1,29.06,8.13,0
2023-05-02,Los_Angeles,2,0.66,9.43,0
2023-05-03,Los_Angeles,1,12.41,20.67,0
2023-05-04,Los_Angeles,1,3.96,16.39,0
2023-05-05,Los_Angeles,1,0.6,15.14,0
2023-05-06,Los_Angeles,1,9.87,34.6,0
2023-05-07,Los_Angeles,2,5.77,25.79,1
2023-05-08,Los_Angeles,1,10.55,8.74,0
2023-05-09,Los_Angeles,1,7.03,13.54,0
2023-05-10,Los_Angeles,1,14.53,3.36,0
2023-05-11,Los_Angeles,2,5.96,27.76,0
2023-05-12,Los_Angeles,1,22.87,11.25,0
2023-05-13,Los_Angeles,1,4.02,7.96,0
2023-05-14,Los_Angeles,1,0.25,22.9,0
2023-05-15,Los_Angeles,2,54.85,73.8,1
2023-05-16,Los_Angeles,2,5.56,27.55,0
2023-05-17,Los_Angeles,2,3.93,8.13,0
2023-05-18,Los_Angeles,2,2.53,11.89,0
2023-05-19,Los_Angeles,2,4.73,46.08,0
2023-05-20,Los_Angeles,1,5.52,6.47,0
2023-05-21,Los_Angeles,0,2.2,9.99,0
2023-05-22,Los_Angeles,1,5.99,9.5,0
2023-05-23,Los_Angeles,1,3.77,1.84,0
2023-05-24,Los_Angeles,1,6.6,9.66,0
2023-05-25,Los_Angeles,1,0.79,5.15,0
2023-05-26,Los_Angeles,1,1.52,10.15,0
2023-05-27,Los_Angeles,1,2.64,25.31,0
2023-05-28,Los_Angeles,2,4.47,17.83,0
2023-05-29,Los_Angeles,1,3.25,6.47,0
2023-05-30,Los_Angeles,2,9.09,0.93,0
2023-05-31,Los_Angeles,2,49.56,32.47,0
2023-06-01,Los_Angeles,1,3.25,31.17,0
2023-06-02,Los_Angeles,2,27.8,2.2,0
2023-06-03,Los_Angeles,2,17.25,26.75,0
2023-06-04,Los_Angeles,2,19.74,9.0,0
2023-06-05,Los_Angeles,2,4.94,2.99,0
2023-06-06,Los_Angeles,2,10.39,0.3,1
2023-06-07,Los_Angeles,2,14.08,45.89,0
2023-06-08,Los_Angeles,2,2.0,0.65,0
2023-06-09,Los_Angeles,2,21.96,7.85,0
2023-06-10,Los_Angeles,2,4.32,71.87,1
2023-06-11,Los_Angeles,2,2.69,1.5,0
2023-06-12,Los_Angeles,2,18.08,1.21,0
2023-06-13,Los_Angeles,1,12.19,3.93,0
2023-06-14,Los_Angeles,1,9.18,53.69,0
2023-06-15,Los_Angeles,1,0.01,19.66,0
2023-06-16,Los_Angeles,1,5.86,12.76,0
2023-06-17,Los_Angeles,2,2.18,50.21,0
2023-06-18,Los_Angeles,2,2.06,6.1,1
2023-06-19,Los_Angeles,2,21.84,25.9,0
2023-06-20,Los_Angeles,2,3.5,13.33,0
2023-06-21,Los_Angeles,2,9.5,5.95,0
2023-06-22,Los_Angeles,2,4.22,18.59,0
2023-06-23,Los_Angeles,2,3.87,34.52,1
2023-06-24,Los_Angeles,2,7.31,15.92,0
2023-06-25,Los_Angeles,2,2.38,10.11,0
2023-06-26,Los_Angeles,2,30.5,2.44,0
2023-06-27,Los_Angeles,2,4.27,20.8,1
2023-06-28,Los_Angeles,2,21.4,8.3,0
2023-06-29,Los_Angeles,2,4.49,10.22,0
2023-06-30,Los_Angeles,2,7.25,10.33,0
2023-07-01,Los_Angeles,2,0.33,14.93,0
2023-07-02,Los_Angeles,2,11.9,13.28,0
2023-07-03,Los_Angeles,3,29.14,57.72,1
2023-07-04,Los_Angeles,1,15.25,12.72,0
2023-07-05,Los_Angeles,2,9.98,27.52,0
2023-07-06,Los_Angeles,1,1.19,14.24,0
2023-07-07,Los_Angeles,2,10.04,0.82,0
2023-07-08,Los_Angeles,2,4.11,7.27,0
2023-07-09,Los_Angeles,1,3.59,3.15,0
2023-07-10,Los_Angeles,1,17.21,13.44,0
2023-07-11,Los_Angeles,1,8.56,47.1,0
2023-07-12,Los_Angeles,1,4.74,2.37,0
2023-07-13,Los_Angeles,1,28.26,8.92,0
2023-07-14,Los_Angeles,1,1.65,12.93,0
2023-07-15,Los_Angeles,1,4.62,6.6,0
2023-07-16,Los_Angeles,1,1.26,15.92,0
2023-07-17,Los_Angeles,1,13.84,7.47,0
2023-07-18,Los_Angeles,1,0.94,9.16,0
2023-07-19,Los_Angeles,1,17.87,24.4,0
2023-07-20,Los_Angeles,1,3.76,11.22,0
2023-07-21,Los_Angeles,2,0.95,28.84,0
2023-07-22,Los_Angeles,2,2.24,17.8,0
2023-07-23,Los_Angeles,2,12.0,5.81,0
2023-07-24,Los_Angeles,2,2.34,9.68,0
2023-07-25,Los_Angeles,3,5.71,26.4,1
2023-07-26,Los_Angeles,3,3.74,16.23,1
2023-07-27,Los_Angeles,2,17.33,1.75,0
2023-07-28,Los_Angeles,1,7.01,15.34,0
2023-07-29,Los_Angeles,1,13.17,18.69,0
2023-07-30,Los_Angeles,1,0.71,3.9,0
2023-07-31,Los_Angeles,1,2.99,38.71,0
2023-08-01,Los_Angeles,2,0.88,15.53,0
2023-08-02,Los_Angeles,1,4.17,1.88,0
2023-08-03,Los_Angeles,1,2.65,3.78,0
2023-08-04,Los_Angeles,1,0.07,12.09,0
2023-08-05,Los_Angeles,1,1.81,2.02,0
2023-08-06,Los_Angeles,1,2.03,9.69,0
2023-08-07,Los_Angeles,1,7.08,34.61,0
2023-08-08,Los_Angeles,1,0.22,49.53,0
2023-08-09,Los_Angeles,1,33.71,29.96,0
2023-08-10,Los_Angeles,1,8.5,9.32,0
2023-08-11,Los_Angeles,2,13.57,39.47,0
2023-08-12,Los_Angeles,1,2.2,19.57,0
2023-08-13,Los_Angeles,1,4.46,23.27,0
2023-08-14,Los_Angeles,1,21.58,17.14,0
2023-08-15,Los_Angeles,1,6.06,3.9,0
2023-08-16,Los_Angeles,1,27.77,19.77,0
2023-08-17,Los_Angeles,1,0.95,17.19,0
2023-08-18,Los_Angeles,2,80.0,31.2,1
2023-08-19,Los_Angeles,2,6.58,3.48,1
2023-08-20,Los_Angeles,2,1.0,12.81,0
2023-08-21,Los_Angeles,1,19.62,2.51,0
2023-08-22,Los_Angeles,1,1.93,1.47,0
2023-08-23,Los_Angeles,1,5.21,0.85,0
2023-08-24,Los_Angeles,1,0.85,33.88,0
2023-08-25,Los_Angeles,1,4.43,15.06,0
2023-08-26,Los_Angeles,1,0.82,14.95,0
2023-08-27,Los_Angeles,1,2.83,88.67,0
2023-08-28,Los_Angeles,1,3.56,3.58,0
2023-08-29,Los_Angeles,2,17.88,15.0,0
2023-08-30,Los_Angeles,1,2.94,13.1,0
2023-08-31,Los_Angeles,2,3.83,32.94,0
2023-09-01,Los_Angeles,2,7.16,11.22,1
2023-09-02,Los_Angeles,2,1.34,18.67,0
2023-09-03,Los_Angeles,1,4.47,7.2,0
2023-09-04,Los_Angeles,1,4.38,36.33,0
2023-09-05,Los_Angeles,1,8.53,14.79,0
2023-09-06,Los_Angeles,1,0.86,40.99,0
2023-09-07,Los_Angeles,1,2.06,16.36,0
2023-09-08,Los_Angeles,0,8.55,15.76,0
2023-09-09,Los_Angeles,0,2.67,12.23,0
2023-09-10,Los_Angeles,0,2.87,2.05,0
2023-09-11,Los_Angeles,1,4.07,4.77,0
2023-09-12,Los_Angeles,1,1.39,6.34,0
2023-09-13,Los_Angeles,1,13.39,15.43,0
2023-09-14,Los_Angeles,1,14.55,31.65,0
2023-09-15,Los_Angeles,1,4.6,16.88,0
2023-09-16,Los_Angeles,1,4.63,10.28,0
2023-09-17,Los_Angeles,1,8.5,3.54,0
2023-09-18,Los_Angeles,1,21.04,10.57,0
2023-09-19,Los_Angeles,1,48.92,45.7,0
2023-09-20,Los_Angeles,1,1.31,17.18,0
2023-09-21,Los_Angeles,1,2.79,5.92,0
2023-09-22,Los_Angeles,1,3.33,21.81,0
2023-09-23,Los_Angeles,0,5.06,1.33,0
2023-09-24,Los_Angeles,1,10.67,19.19,0
2023-09-25,Los_Angeles,1,5.49,3.59,0
2023-09-26,Los_Angeles,1,0.8,0.19,0
2023-09-27,Los_Angeles,1,2.95,12.45,0
2023-09-28,Los_Angeles,1,12.21,22.63,0
2023-09-29,Los_Angeles,1,10.2,23.05,0
2023-09-30,Los_Angeles,1,0.48,30.25,0
2023-10-01,Los_Angeles,1,8.02,11.18,0
2023-10-02,Los_Angeles,1,8.32,8.45,0
2023-10-03,Los_Angeles,0,12.63,11.05,0
2023-10-04,Los_Angeles,0,20.98,19.01,0
2023-10-05,Los_Angeles,0,0.03,1.97,0
2023-10-06,Los_Angeles,0,6.33,15.24,0
2023-10-07,Los_Angeles,0,5.02,23.81,0
2023-10-08,Los_Angeles,0,0.05,16.54,0
2023-10-09,Los_Angeles,1,2.11,7.37,0
2023-10-10,Los_Angeles,1,6.6,24.57,0
2023-10-11,Los_Angeles,0,9.64,4.68,0
2023-10-12,Los_Angeles,1,24.91,6.03,0
2023-10-13,Los_Angeles,1,2.54,52.35,0
2023-10-14,Los_Angeles,1,4.91,14.36,0
2023-10-15,Los_Angeles,1,9.52,28.79,0
2023-10-16,Los_Angeles,1,5.18,11.4,0
2023-10-17,Los_Angeles,1,9.49,10.01,0
2023-10-18,Los_Angeles,1,11.92,18.38,0
2023-10-19,Los_Angeles,0,9.67,15.53,0
2023-10-20,Los_Angeles,0,6.21,10.92,0
2023-10-21,Los_Angeles,1,8.86,11.61,0
2023-10-22,Los_Angeles,1,3.12,8.46,0
2023-10-23,Los_Angeles,0,1.41,4.33,0
2023-10-24,Los_Angeles,0,11.82,0.63,0
2023-10-25,Los_Angeles,0,5.5,11.51,0
2023-10-26,Los_Angeles,0,5.56,9.46,0
2023-10-27,Los_Angeles,1,0.77,5.03,0
2023-10-28,Los_Angeles,1,9.81,11.74,0
2023-10-29,Los_Angeles,0,0.01,13.26,0
2023-10-30,Los_Angeles,1,2.95,8.53,0
2023-10-31,Los_Angeles,0,2.19,28.49,0
2023-11-01,Los_Angeles,0,7.33,1.86,0
2023-11-02,Los_Angeles,0,1.98,3.41,0
2023-11-03,Los_Angeles,0,4.83,15.18,0
2023-11-04,Los_Angeles,0,5.22,14.8,0
2023-11-05,Los_Angeles,1,30.9,16.41,0
2023-11-06,Los_Angeles,1,17.73,13.75,0
2023-11-07,Los_Angeles,1,8.91,3.64,0
2023-11-08,Los_Angeles,0,1.24,2.65,0
2023-11-09,Los_Angeles,0,5.25,6.78,0
2023-11-10,Los_Angeles,0,3.51,3.22,0
2023-11-11,Los_Angeles,0,0.35,1.01,0
2023-11-12,Los_Angeles,0,7.04,12.1,0
2023-11-13,Los_Angeles,1,2.87,57.16,0
2023-11-14,Los_Angeles,1,6.0,9.18,0
2023-11-15,Los_Angeles,1,9.84,8.7,0
2023-11-16,Los_Angeles,1,16.0,11.45,0
2023-11-17,Los_Angeles,1,7.72,3.33,0
2023-11-18,Los_Angeles,1,21.16,13.28,0
2023-11-19,Los_Angeles,1,0.31,17.0,0
2023-11-20,Los_Angeles,0,1.68,1.99,0
2023-11-21,Los_Angeles,0,8.58,6.2,0
2023-11-22,Los_Angeles,0,4.59,16.7,0
2023-11-23,Los_Angeles,1,3.86,3.43,0
2023-11-24,Los_Angeles,0,2.29,11.46,0
2023-11-25,Los_Angeles,0,7.09,7.56,0
2023-11-26,Los_Angeles,0,1.28,1.25,0
2023-11-27,Los_Angeles,0,11.85,4.53,0
2023-11-28,Los_Angeles,1,3.92,7.67,0
2023-11-29,Los_Angeles,0,0.42,2.58,0
2023-11-30,Los_Angeles,1,9.13,13.13,0
2023-12-01,Los_Angeles,0,0.55,0.42,0
2023-12-02,Los_Angeles,0,7.8,27.38,0
2023-12-03,Los_Angeles,0,2.49,5.03,0
2023-12-04,Los_Angeles,0,7.68,5.91,0
2023-12-05,Los_Angeles,0,4.95,3.58,0
2023-12-06,Los_Angeles,0,2.13,2.09,0
2023-12-07,Los_Angeles,0,4.45,14.51,0
2023-12-08,Los_Angeles,1,10.15,10.64,0
2023-12-09,Los_Angeles,0,0.85,3.67,0
2023-12-10,Los_Angeles,1,7.3,43.09,0
2023-12-11,Los_Angeles,1,1.87,20.55,0
2023-12-12,Los_Angeles,1,1.05,8.56,0
2023-12-13,Los_Angeles,1,13.51,30.77,0
2023-12-14,Los_Angeles,1,2.74,20.37,0
2023-12-15,Los_Angeles,1,20.2,12.04,0
2023-12-16,Los_Angeles,1,10.13,30.07,0
2023-12-17,Los_Angeles,0,0.74,6.63,0
2023-12-18,Los_Angeles,0,2.88,3.92,0
2023-12-19,Los_Angeles,0,5.62,14.46,0
2023-12-20,Los_Angeles,0,9.49,4.54,0
2023-12-21,Los_Angeles,0,8.59,10.39,0
2023-12-22,Los_Angeles,0,4.72,12.69,0
2023-12-23,Los_Angeles,0,13.2,53.15,0
2023-12-24,Los_Angeles,0,2.28,20.79,0
2023-12-25,Los_Angeles,0,2.0,1.35,0
2023-12-26,Los_Angeles,1,3.94,1.61,0
2023-12-27,Los_Angeles,1,16.17,27.78,0
2023-12-28,Los_Angeles,0,10.15,4.7,0
2023-12-29,Los_Angeles,0,0.42,0.17,0
2023-12-30,Los_Angeles,0,9.89,11.06,0
2023-12-31,Los_Angeles,0,1.18,14.82,0
2024-01-01,Los_Angeles,0,2.17,1.87,0
2024-01-02,Los_Angeles,0,0.14,8.31,0
2024-01-03,Los_Angeles,0,1.33,14.21,0
2024-01-04,Los_Angeles,0,1.26,2.2,0
2024-01-05,Los_Angeles,0,3.52,1.23,0
2024-01-06,Los_Angeles,1,3.81,4.14,0
2024-01-07,Los_Angeles,1,0.48,19.64,0
2024-01-08,Los_Angeles,1,16.41,0.45,0
2024-01-09,Los_Angeles,0,9.12,7.77,0
2024-01-10,Los_Angeles,0,11.12,4.96,0
2024-01-11,Los_Angeles,0,2.48,6.76,0
2024-01-12,Los_Angeles,0,7.6,1.75,0
2024-01-13,Los_Angeles,0,0.81,4.39,0
2024-01-14,Los_Angeles,0,6.21,6.24,0
2024-01-15,Los_Angeles,0,1.2,0.4,0
2024-01-16,Los_Angeles,0,8.73,0.84,0
2024-01-17,Los_Angeles,0,11.16,29.64,0
2024-01-18,Los_Angeles,0,1.05,0.24,0
2024-01-19,Los_Angeles,0,4.82,17.59,0
2024-01-20,Los_Angeles,0,5.74,9.71,0
2024-01-21,Los_Angeles,0,1.5,0.1,0
2024-01-22,Los_Angeles,0,3.39,2.49,0
2024-01-23,Los_Angeles,0,10.93,24.78,0
2024-01-24,Los_Angeles,0,5.89,0.23,0
2024-01-25,Los_Angeles,0,3.66,9.96,0
2024-01-26,Los_Angeles,0,5.74,9.71,0
2024-01-27,Los_Angeles,0,16.13,16.75,0
2024-01-28,Los_Angeles,1,0.52,19.12,0
2024-01-29,Los_Angeles,0,0.87,13.1,0
2024-01-30,Los_Angeles,0,9.17,6.08,0
2024-01-31,Los_Angeles,0,5.74,5.09,0
2024-02-01,Los_Angeles,0,0.38,9.64,0
2024-02-02,Los_Angeles,0,0.55,4.42,0
2024-02-03,Los_Angeles,0,7.74,6.15,0
2024-02-04,Los_Angeles,0,3.57,8.3,0
2024-02-05,Los_Angeles,0,6.97,3.32,0
2024-02-06,Los_Angeles,0,11.58,7.81,0
2024-02-07,Los_Angeles,0,2.46,2.59,0
2024-02-08,Los_Angeles,0,2.54,1.05,0
2024-02-09,Los_Angeles,0,1.28,3.59,0
2024-02-10,Los_Angeles,0,7.56,1.03,0
2024-02-11,Los_Angeles,0,0.09,1.75,0
2024-02-12,Los_Angeles,0,15.48,17.27,0
2024-02-13,Los_Angeles,0,0.44,6.94,0
2024-02-14,Los_Angeles,1,13.17,0.66,0
2024-02-15,Los_Angeles,1,0.42,67.5,0
2024-02-16,Los_Angeles,1,0.87,2.63,0
2024-02-17,Los_Angeles,1,3.31,7.53,0
2024-02-18,Los_Angeles,1,4.03,2.26,0
2024-02-19,Los_Angeles,0,3.48,9.68,0
2024-02-20,Los_Angeles,0,5.23,7.98,0
2024-02-21,Los_Angeles,1,8.94,16.86,0
2024-02-22,Los_Angeles,0,1.86,4.97,0
2024-02-23,Los_Angeles,1,3.31,66.87,0
2024-02-24,Los_Angeles,0,0.68,25.79,0
2024-02-25,Los_Angeles,0,4.85,19.53,0
2024-02-26,Los_Angeles,0,0.97,0.96,0
2024-02-27,Los_Angeles,0,4.26,11.42,0
2024-02-28,Los_Angeles,1,26.45,45.03,0
2024-02-29,Los_Angeles,1,1.48,25.51,0
2024-03-01,Los_Angeles,1,0.18,0.33,0
2024-03-02,Los_Angeles,0,11.96,14.33,0
2024-03-03,Los_Angeles,0,1.74,4.35,0
2024-03-04,Los_Angeles,0,2.82,8.52,0
2024-03-05,Los_Angeles,1,5.07,3.89,0
2024-03-06,Los_Angeles,1,22.59,0.34,0
2024-03-07,Los_Angeles,1,14.02,0.2,0
2024-03-08,Los_Angeles,1,0.17,11.08,0
2024-03-09,Los_Angeles,0,7.88,0.48,0
2024-03-10,Los_Angeles,1,9.27,6.5,0
2024-03-11,Los_Angeles,1,4.72,18.3,0
2024-03-12,Los_Angeles,1,14.81,21.93,0
2024-03-13,Los_Angeles,1,8.59,48.15,0
2024-03-14,Los_Angeles,1,4.91,27.25,0
2024-03-15,Los_Angeles,1,2.3,4.37,0
2024-03-16,Los_Angeles,0,2.73,11.97,0
2024-03-17,Los_Angeles,0,9.57,8.84,0
2024-03-18,Los_Angeles,0,24.18,5.1,0
2024-03-19,Los_Angeles,0,1.78,17.31,0
2024-03-20,Los_Angeles,0,3.26,5.06,0
2024-03-21,Los_Angeles,0,11.43,10.55,0
2024-03-22,Los_Angeles,0,10.32,2.66,0
2024-03-23,Los_Angeles,0,6.23,10.83,0
2024-03-24,Los_Angeles,0,0.98,6.07,0
2024-03-25,Los_Angeles,0,5.21,4.87,0
2024-03-26,Los_Angeles,0,0.34,6.08,0
2024-03-27,Los_Angeles,0,9.52,8.32,0
2024-03-28,Los_Angeles,0,2.06,21.62,0
2024-03-29,Los_Angeles,0,2.99,9.73,0
2024-03-30,Los_Angeles,0,12.0,10.07,0
2024-03-31,Los_Angeles,0,13.75,1.07,0
2024-04-01,Los_Angeles,0,2.63,17.1,0
2024-04-02,Los_Angeles,0,1.86,13.52,0
2024-04-03,Los_Angeles,0,0.79,0.4,0
2024-04-04,Los_Angeles,0,5.69,27.61,0
2024-04-05,Los_Angeles,0,2.97,3.87,0
2024-04-06,Los_Angeles,0,1.02,0.6,0
2024-04-07,Los_Angeles,1,3.62,48.71,0
2024-04-08,Los_Angeles,1,12.45,4.35,0
2024-04-09,Los_Angeles,1,3.67,13.7,0
2024-04-10,Los_Angeles,1,10.61,19.0,0
2024-04-11,Los_Angeles,1,4.63,5.65,0
2024-04-12,Los_Angeles,1,6.4,30.41,0
2024-04-13,Los_Angeles,1,12.77,17.51,0
2024-04-14,Los_Angeles,1,7.49,16.52,0
2024-04-15,Los_Angeles,1,1.02,16.07,0
2024-04-16,Los_Angeles,1,2.8,13.06,0
2024-04-17,Los_Angeles,1,10.7,25.36,0
2024-04-18,Los_Angeles,1,1.74,3.31,0
2024-04-19,Los_Angeles,1,4.42,10.04,0
2024-04-20,Los_Angeles,1,0.48,9.19,0
2024-04-21,Los_Angeles,0,5.49,6.23,0
2024-04-22,Los_Angeles,0,7.45,13.54,0
2024-04-23,Los_Angeles,1,5.19,17.89,0
2024-04-24,Los_Angeles,1,3.7,11.32,0
2024-04-25,Los_Angeles,1,1.06,13.81,0
2024-04-26,Los_Angeles,1,18.91,24.06,0
2024-04-27,Los_Angeles,1,5.52,40.95,0
2024-04-28,Los_Angeles,1,10.14,4.8,0
2024-04-29,Los_Angeles,0,8.52,16.74,0
2024-04-30,Los_Angeles,0,3.61,4.59,0
2024-05-01,Los_Angeles,0,2.99,19.79,0
2024-05-02,Los_Angeles,0,2.73,10.29,0
2024-05-03,Los_Angeles,1,9.71,4.95,0
2024-05-04,Los_Angeles,0,1.63,11.09,0
2024-05-05,Los_Angeles,1,8.08,8.72,0
2024-05-06,Los_Angeles,1,3.03,6.14,0
2024-05-07,Los_Angeles,1,21.62,15.88,0
2024-05-08,Los_Angeles,1,5.71,9.54,0
2024-05-09,Los_Angeles,1,17.45,2.26,0
2024-05-10,Los_Angeles,1,7.68,38.3,0
2024-05-11,Los_Angeles,1,0.22,10.59,0
2024-05-12,Los_Angeles,2,19.11,5.76,0
2024-05-13,Los_Angeles,2,0.8,6.79,0
2024-05-14,Los_Angeles,1,22.75,9.89,0
2024-05-15,Los_Angeles,1,4.26,48.89,0
2024-05-16,Los_Angeles,1,34.04,14.76,0
2024-05-17,Los_Angeles,1,8.95,0.51,0
2024-05-18,Los_Angeles,1,3.6,1.4,0
2024-05-19,Los_Angeles,0,11.52,14.98,0
2024-05-20,Los_Angeles,1,2.82,5.27,0
2024-05-21,Los_Angeles,1,4.05,27.86,0
2024-05-22,Los_Angeles,1,0.02,4.3,0
2024-05-23,Los_Angeles,0,0.62,14.87,0
2024-05-24,Los_Angeles,1,9.21,6.13,0
2024-05-25,Los_Angeles,1,0.54,11.58,0
2024-05-26,Los_Angeles,1,10.22,11.51,0
2024-05-27,Los_Angeles,1,6.86,11.34,0
2024-05-28,Los_Angeles,0,0.25,10.95,0
2024-05-29,Los_Angeles,1,20.76,0.95,0
2024-05-30,Los_Angeles,1,0.3,6.12,0
2024-05-31,Los_Angeles,1,3.52,1.13,0
2024-06-01,Los_Angeles,1,11.63,39.59,0
2024-06-02,Los_Angeles,2,1.29,14.08,0
2024-06-03,Los_Angeles,2,7.57,32.39,0
2024-06-04,Los_Angeles,2,11.89,4.32,0
2024-06-05,Los_Angeles,2,1.48,2.07,0
2024-06-06,Los_Angeles,2,4.42,15.69,1
2024-06-07,Los_Angeles,2,0.68,15.58,1
2024-06-08,Los_Angeles,1,0.78,7.54,0
2024-06-09,Los_Angeles,1,0.11,13.81,0
2024-06-10,Los_Angeles,1,7.99,4.7,0
2024-06-11,Los_Angeles,1,3.66,40.04,0
2024-06-12,Los_Angeles,1,0.02,3.82,0
2024-06-13,Los_Angeles,1,10.04,17.64,0
2024-06-14,Los_Angeles,1,4.71,43.43,0
2024-06-15,Los_Angeles,1,7.4,5.69,0
2024-06-16,Los_Angeles,2,1.51,24.72,0
2024-06-17,Los_Angeles,1,0.68,4.21,0
2024-06-18,Los_Angeles,1,5.41,29.47,0
2024-06-19,Los_Angeles,1,4.96,2.7,0
2024-06-20,Los_Angeles,2,19.61,18.79,0
2024-06-21,Los_Angeles,1,8.37,24.67,0
2024-06-22,Los_Angeles,1,2.58,8.2,0
2024-06-23,Los_Angeles,1,7.98,21.17,0
2024-06-24,Los_Angeles,1,0.39,58.11,0
2024-06-25,Los_Angeles,2,14.31,5.77,0
2024-06-26,Los_Angeles,2,11.98,36.09,0
2024-06-27,Los_Angeles,2,2.93,83.36,0
2024-06-28,Los_Angeles,1,4.09,10.69,0
2024-06-29,Los_Angeles,2,1.91,2.45,0
2024-06-30,Los_Angeles,1,20.09,8.6,0
2024-07-01,Los_Angeles,1,1.67,1.37,0
2024-07-02,Los_Angeles,1,4.52,27.63,0
2024-07-03,Los_Angeles,2,10.28,28.16,1
2024-07-04,Los_Angeles,1,0.07,7.2,0
2024-07-05,Los_Angeles,1,5.6,2.81,0
2024-07-06,Los_Angeles,1,8.36,47.13,0
2024-07-07,Los_Angeles,1,35.42,6.34,0
2024-07-08,Los_Angeles,1,0.71,28.43,0
2024-07-09,Los_Angeles,1,1.9,21.74,0
2024-07-10,Los_Angeles,0,1.46,20.11,0
2024-07-11,Los_Angeles,0,11.16,8.31,0
2024-07-12,Los_Angeles,1,6.4,21.46,0
2024-07-13,Los_Angeles,0,0.92,4.44,0
2024-07-14,Los_Angeles,0,5.92,10.75,0
2024-07-15,Los_Angeles,0,0.22,26.81,0
2024-07-16,Los_Angeles,0,1.47,4.7,0
2024-07-17,Los_Angeles,1,7.08,2.06,0
2024-07-18,Los_Angeles,1,11.82,1.29,0
2024-07-19,Los_Angeles,1,12.01,36.1,0
2024-07-20,Los_Angeles,2,13.72,80.0,0
2024-07-21,Los_Angeles,2,13.49,43.36,0
2024-07-22,Los_Angeles,1,11.84,7.72,0
2024-07-23,Los_Angeles,2,1.45,11.17,0
2024-07-24,Los_Angeles,2,18.29,11.76,0
2024-07-25,Los_Angeles,2,7.91,47.85,0
2024-07-26,Los_Angeles,2,9.15,34.26,1
2024-07-27,Los_Angeles,1,5.6,13.62,0
2024-07-28,Los_Angeles,2,2.7,6.74,0
2024-07-29,Los_Angeles,1,4.99,4.17,0
2024-07-30,Los_Angeles,2,3.28,43.53,0
2024-07-31,Los_Angeles,1,0.64,2.37,0
2024-08-01,Los_Angeles,2,6.62,9.0,0
2024-08-02,Los_Angeles,2,9.09,15.26,0
2024-08-03,Los_Angeles,1,0.03,10.08,0
2024-08-04,Los_Angeles,1,6.24,31.38,0
2024-08-05,Los_Angeles,1,1.5,0.89,0
2024-08-06,Los_Angeles,1,2.69,33.87,0
2024-08-07,Los_Angeles,1,6.68,6.56,0
2024-08-08,Los_Angeles,1,5.3,19.33,0
2024-08-09,Los_Angeles,1,5.23,28.18,0
2024-08-10,Los_Angeles,2,26.09,3.09,0
2024-08-11,Los_Angeles,1,13.7,2.5,0
2024-08-12,Los_Angeles,1,8.06,42.27,0
2024-08-13,Los_Angeles,1,13.39,14.54,0
2024-08-14,Los_Angeles,1,0.9,12.04,0
2024-08-15,Los_Angeles,1,13.85,3.79,0
2024-08-16,Los_Angeles,2,6.17,4.03,0
2024-08-17,Los_Angeles,2,9.22,12.11,0
2024-08-18,Los_Angeles,1,5.68,30.35,0
2024-08-19,Los_Angeles,1,8.62,22.52,0
2024-08-20,Los_Angeles,1,4.76,3.11,0
2024-08-21,Los_Angeles,1,6.01,16.6,0
2024-08-22,Los_Angeles,1,5.16,1.07,0
2024-08-23,Los_Angeles,2,37.58,43.49,0
2024-08-24,Los_Angeles,1,1.91,11.9,0
2024-08-25,Los_Angeles,2,5.3,3.48,0
2024-08-26,Los_Angeles,2,8.73,20.61,0
2024-08-27,Los_Angeles,2,7.63,11.49,0
2024-08-28,Los_Angeles,1,1.55,13.39,0
2024-08-29,Los_Angeles,2,10.99,50.75,0
2024-08-30,Los_Angeles,2,5.05,41.08,1
2024-08-31,Los_Angeles,1,0.3,28.37,0
2024-09-01,Los_Angeles,1,7.29,32.12,0
2024-09-02,Los_Angeles,1,11.31,7.57,0
2024-09-03,Los_Angeles,1,0.99,66.51,0
2024-09-04,Los_Angeles,0,0.32,5.53,0
2024-09-05,Los_Angeles,1,5.3,82.63,0
2024-09-06,Los_Angeles,1,0.19,7.34,0
2024-09-07,Los_Angeles,0,5.96,2.36,0
2024-09-08,Los_Angeles,1,10.25,12.1,0
2024-09-09,Los_Angeles,1,6.68,0.02,0
2024-09-10,Los_Angeles,1,6.44,14.36,0
2024-09-11,Los_Angeles,0,0.07,19.16,0
2024-09-12,Los_Angeles,0,11.91,0.48,0
2024-09-13,Los_Angeles,1,1.39,31.13,0
2024-09-14,Los_Angeles,0,4.32,8.44,0
2024-09-15,Los_Angeles,0,21.99,4.62,0
2024-09-16,Los_Angeles,0,2.48,26.69,0
2024-09-17,Los_Angeles,0,2.07,0.28,0
2024-09-18,Los_Angeles,1,10.0,16.14,0
2024-09-19,Los_Angeles,1,2.19,10.58,0
2024-09-20,Los_Angeles,1,3.63,16.6,0
2024-09-21,Los_Angeles,1,2.5,34.54,0
2024-09-22,Los_Angeles,0,8.63,13.09,0
2024-09-23,Los_Angeles,1,7.89,3.83,0
2024-09-24,Los_Angeles,0,2.89,2.38,0
2024-09-25,Los_Angeles,1,59.14,18.34,0
2024-09-26,Los_Angeles,1,6.91,16.44,0
2024-09-27,Los_Angeles,1,1.43,3.77,0
2024-09-28,Los_Angeles,1,9.99,42.94,0
2024-09-29,Los_Angeles,1,20.76,37.38,0
2024-09-30,Los_Angeles,1,8.78,0.17,0
2024-10-01,Los_Angeles,0,4.95,2.26,0
2024-10-02,Los_Angeles,1,3.32,7.07,0
2024-10-03,Los_Angeles,1,2.42,10.34,0
2024-10-04,Los_Angeles,0,9.03,4.05,0
2024-10-05,Los_Angeles,1,2.3,4.36,0
2024-10-06,Los_Angeles,0,0.0,1.72,0
2024-10-07,Los_Angeles,0,1.82,9.9,0
2024-10-08,Los_Angeles,0,0.63,13.99,0
2024-10-09,Los_Angeles,0,5.56,8.81,0
2024-10-10,Los_Angeles,0,1.61,2.01,0
2024-10-11,Los_Angeles,1,5.76,19.71,0
2024-10-12,Los_Angeles,1,0.7,0.34,0
2024-10-13,Los_Angeles,0,15.1,42.26,0
2024-10-14,Los_Angeles,0,6.4,18.41,0
2024-10-15,Los_Angeles,1,8.48,4.56,0
2024-10-16,Los_Angeles,0,8.95,0.7,0
2024-10-17,Los_Angeles,0,0.08,4.07,0
2024-10-18,Los_Angeles,1,30.04,16.31,0
2024-10-19,Los_Angeles,0,1.67,11.91,0
2024-10-20,Los_Angeles,1,17.25,4.79,0
2024-10-21,Los_Angeles,1,5.06,14.91,0
2024-10-22,Los_Angeles,1,3.65,1.45,0
2024-10-23,Los_Angeles,0,5.73,14.85,0
2024-10-24,Los_Angeles,0,12.25,7.76,0
2024-10-25,Los_Angeles,0,6.32,7.36,0
2024-10-26,Los_Angeles,0,1.6,5.51,0
2024-10-27,Los_Angeles,0,1.13,17.29,0
2024-10-28,Los_Angeles,1,3.54,37.72,0
2024-10-29,Los_Angeles,0,5.75,1.52,0
2024-10-30,Los_Angeles,0,3.45,4.15,0
2024-10-31,Los_Angeles,1,8.98,0.21,0
2024-11-01,Los_Angeles,0,10.4,3.64,0
2024-11-02,Los_Angeles,0,0.53,2.9,0
2024-11-03,Los_Angeles,1,5.33,1.28,0
2024-11-04,Los_Angeles,0,5.57,0.79,0
2024-11-05,Los_Angeles,0,1.72,12.86,0
2024-11-06,Los_Angeles,0,20.78,4.77,0
2024-11-07,Los_Angeles,0,5.56,11.93,0
2024-11-08,Los_Angeles,0,1.58,5.17,0
2024-11-09,Los_Angeles,1,1.52,9.51,0
2024-11-10,Los_Angeles,0,17.24,8.51,0
2024-11-11,Los_Angeles,0,6.11,0.79,0
2024-11-12,Los_Angeles,0,2.41,12.08,0
2024-11-13,Los_Angeles,0,2.3,0.93,0
2024-11-14,Los_Angeles,1,0.34,2.04,0
2024-11-15,Los_Angeles,0,8.18,1.1,0
2024-11-16,Los_Angeles,0,3.22,9.09,0
2024-11-17,Los_Angeles,0,7.3,2.68,0
2024-11-18,Los_Angeles,0,2.38,7.79,0
2024-11-19,Los_Angeles,0,3.06,6.75,0
2024-11-20,Los_Angeles,1,3.38,8.91,0
2024-11-21,Los_Angeles,0,0.19,1.68,0
2024-11-22,Los_Angeles,0,0.58,0.31,0
2024-11-23,Los_Angeles,0,1.2,5.33,0
2024-11-24,Los_Angeles,0,3.6,12.81,0
2024-11-25,Los_Angeles,1,13.4,5.88,0
2024-11-26,Los_Angeles,0,2.15,4.05,0
2024-11-27,Los_Angeles,0,0.56,5.35,0
2024-11-28,Los_Angeles,0,2.55,5.74,0
2024-11-29,Los_Angeles,0,0.02,2.53,0
2024-11-30,Los_Angeles,0,1.52,5.7,0
2024-12-01,Los_Angeles,0,0.95,19.74,0
2024-12-02,Los_Angeles,0,9.84,1.75,0
2024-12-03,Los_Angeles,0,5.79,7.82,0
2024-12-04,Los_Angeles,0,0.01,19.26,0
2024-12-05,Los_Angeles,0,1.45,33.8,0
2024-12-06,Los_Angeles,0,1.04,10.57,0
2024-12-07,Los_Angeles,0,0.89,5.29,0
2024-12-08,Los_Angeles,0,1.15,0.6,0
2024-12-09,Los_Angeles,0,1.03,0.04,0
2024-12-10,Los_Angeles,0,9.93,2.59,0
2024-12-11,Los_Angeles,0,1.87,4.57,0
2024-12-12,Los_Angeles,0,2.69,26.72,0
2024-12-13,Los_Angeles,0,0.14,6.71,0
2024-12-14,Los_Angeles,0,6.24,8.02,0
2024-12-15,Los_Angeles,0,6.25,9.21,0
2024-12-16,Los_Angeles,0,1.28,2.21,0
2024-12-17,Los_Angeles,1,14.94,1.44,0
2024-12-18,Los_Angeles,0,0.2,2.97,0
2024-12-19,Los_Angeles,0,6.61,23.52,0
2024-12-20,Los_Angeles,0,10.38,1.16,0
2024-12-21,Los_Angeles,0,8.53,3.16,0
2024-12-22,Los_Angeles,0,8.6,3.77,0
2024-12-23,Los_Angeles,0,19.78,10.56,0
2024-12-24,Los_Angeles,0,3.76,8.25,0
2024-12-25,Los_Angeles,0,2.13,10.54,0
2024-12-26,Los_Angeles,1,2.11,16.77,0
2024-12-27,Los_Angeles,0,0.2,10.0,0
2024-12-28,Los_Angeles,1,4.03,2.18,0
2024-12-29,Los_Angeles,0,0.02,38.48,0
2024-12-30,Los_Angeles,0,5.27,13.51,0
2024-12-31,Los_Angeles,1,6.59,5.8,0
2025-01-01,Los_Angeles,0,7.14,14.9,0
2025-01-02,Los_Angeles,0,1.35,23.19,0
2025-01-03,Los_Angeles,1,13.73,43.79,0
2025-01-04,Los_Angeles,0,1.92,20.26,0
2025-01-05,Los_Angeles,0,22.13,6.43,0
2025-01-06,Los_Angeles,0,5.81,3.18,0
2025-01-07,Los_Angeles,0,0.13,3.34,0
2025-01-08,Los_Angeles,0,0.2,28.44,0
2025-01-09,Los_Angeles,0,1.41,19.35,0
2025-01-10,Los_Angeles,0,0.7,6.01,0
2025-01-11,Los_Angeles,0,1.21,5.02,0
2025-01-12,Los_Angeles,0,1.42,4.81,0
2025-01-13,Los_Angeles,0,9.55,9.65,0
2025-01-14,Los_Angeles,0,0.29,27.4,0
2025-01-15,Los_Angeles,0,4.4,3.19,0
2025-01-16,Los_Angeles,0,7.75,13.0,0
2025-01-17,Los_Angeles,1,0.61,13.27,0
2025-01-18,Los_Angeles,1,0.46,12.94,0
2025-01-19,Los_Angeles,0,6.26,26.09,0
2025-01-20,Los_Angeles,0,2.57,21.36,0
2025-01-21,Los_Angeles,0,4.47,12.06,0
2025-01-22,Los_Angeles,0,6.1,4.91,0
2025-01-23,Los_Angeles,1,0.99,12.79,0
2025-01-24,Los_Angeles,0,2.69,0.2,0
2025-01-25,Los_Angeles,0,12.23,11.53,0
2025-01-26,Los_Angeles,0,2.04,21.66,0
2025-01-27,Los_Angeles,0,11.35,5.77,0
2025-01-28,Los_Angeles,0,3.1,16.89,0
2025-01-29,Los_Angeles,0,1.19,1.15,0
2025-01-30,Los_Angeles,0,27.75,12.27,0
2025-01-31,Los_Angeles,0,5.66,2.12,0
2025-02-01,Los_Angeles,0,24.9,0.47,0
2025-02-02,Los_Angeles,0,7.17,4.28,0
2025-02-03,Los_Angeles,0,0.14,6.84,0
2025-02-04,Los_Angeles,1,2.65,10.89,0
2025-02-05,Los_Angeles,1,2.63,42.33,0
2025-02-06,Los_Angeles,1,5.88,9.81,0
2025-02-07,Los_Angeles,1,8.94,2.99,0
2025-02-08,Los_Angeles,1,10.02,5.39,0
2025-02-09,Los_Angeles,1,4.62,13.44,0
2025-02-10,Los_Angeles,0,11.11,9.5,0
2025-02-11,Los_Angeles,0,2.2,1.46,0
2025-02-12,Los_Angeles,0,1.06,8.0,0
2025-02-13,Los_Angeles,0,20.13,4.6,0
2025-02-14,Los_Angeles,0,3.33,2.23,0
2025-02-15,Los_Angeles,0,3.23,10.62,0
2025-02-16,Los_Angeles,0,0.16,4.85,0
2025-02-17,Los_Angeles,0,7.8,10.63,0
2025-02-18,Los_Angeles,0,3.8,27.56,0
2025-02-19,Los_Angeles,0,2.06,3.38,0
2025-02-20,Los_Angeles,0,27.95,0.19,0
2025-02-21,Los_Angeles,0,4.53,23.52,0
2025-02-22,Los_Angeles,1,3.97,16.59,0
2025-02-23,Los_Angeles,1,13.57,5.15,0
2025-02-24,Los_Angeles,0,13.41,1.64,0
2025-02-25,Los_Angeles,1,0.99,17.45,0
2025-02-26,Los_Angeles,0,22.74,2.09,0
2025-02-27,Los_Angeles,0,20.75,5.2,0
2025-02-28,Los_Angeles,0,13.33,5.35,0
2025-03-01,Los_Angeles,0,0.73,31.21,0
2025-03-02,Los_Angeles,0,3.45,4.69,0
2025-03-03,Los_Angeles,0,3.17,8.86,0
2025-03-04,Los_Angeles,0,1.57,11.1,0
2025-03-05,Los_Angeles,0,1.28,16.0,0
2025-03-06,Los_Angeles,0,0.49,4.39,0
2025-03-07,Los_Angeles,0,2.71,1.37,0
2025-03-08,Los_Angeles,0,2.45,3.56,0
2025-03-09,Los_Angeles,0,2.18,27.94,0
2025-03-10,Los_Angeles,0,36.58,1.58,0
2025-03-11,Los_Angeles,0,2.69,15.4,0
2025-03-12,Los_Angeles,0,6.42,0.26,0
2025-03-13,Los_Angeles,0,4.79,40.75,0
2025-03-14,Los_Angeles,0,1.87,7.92,0
2025-03-15,Los_Angeles,0,12.98,11.79,0
2025-03-16,Los_Angeles,0,0.16,3.29,0
2025-03-17,Los_Angeles,0,3.7,32.17,0
2025-03-18,Los_Angeles,0,5.65,0.76,0
2025-03-19,Los_Angeles,1,18.3,1.29,0
2025-03-20,Los_Angeles,1,2.84,53.63,0
2025-03-21,Los_Angeles,0,5.41,0.48,0
2025-03-22,Los_Angeles,0,13.04,0.2,0
2025-03-23,Los_Angeles,0,0.14,3.53,0
2025-03-24,Los_Angeles,0,14.3,6.65,0
2025-03-25,Los_Angeles,1,0.45,11.83,0
2025-03-26,Los_Angeles,1,1.03,47.34,0
2025-03-27,Los_Angeles,1,26.49,0.79,0
2025-03-28,Los_Angeles,1,1.86,42.63,0
2025-03-29,Los_Angeles,1,11.13,13.55,0
2025-03-30,Los_Angeles,2,36.54,6.71,0
2025-03-31,Los_Angeles,2,23.59,77.46,0
2025-04-01,Los_Angeles,1,1.08,37.61,0
2025-04-02,Los_Angeles,1,0.78,6.05,0
2025-04-03,Los_Angeles,1,3.09,2.74,0
2025-04-04,Los_Angeles,1,5.74,10.85,0
2025-04-05,Los_Angeles,1,4.43,11.82,0
2025-04-06,Los_Angeles,1,10.94,19.12,0
2025-04-07,Los_Angeles,0,19.9,0.84,0
2025-04-08,Los_Angeles,1,9.99,1.58,0
2025-04-09,Los_Angeles,1,14.54,24.57,0
2025-04-10,Los_Angeles,1,0.01,61.91,0
2025-04-11,Los_Angeles,1,17.31,8.75,0
2025-04-12,Los_Angeles,1,5.83,41.6,0
2025-04-13,Los_Angeles,0,4.06,0.43,0
2025-04-14,Los_Angeles,0,1.17,9.38,0
2025-04-15,Los_Angeles,0,16.64,3.25,0
2025-04-16,Los_Angeles,0,10.62,20.25,0
2025-04-17,Los_Angeles,0,4.16,15.32,0
2025-04-18,Los_Angeles,1,11.28,6.68,0
2025-04-19,Los_Angeles,1,12.47,6.71,0
2025-04-20,Los_Angeles,1,1.26,19.63,0
2025-04-21,Los_Angeles,1,12.83,3.32,0
2025-04-22,Los_Angeles,1,10.77,7.92,0
2025-04-23,Los_Angeles,1,4.6,45.63,0
2025-04-24,Los_Angeles,1,8.02,53.57,0
2025-04-25,Los_Angeles,1,0.01,19.51,0
2025-04-26,Los_Angeles,1,22.01,18.88,0
2025-04-27,Los_Angeles,1,0.56,8.56,0
2025-04-28,Los_Angeles,0,5.32,11.38,0
2025-04-29,Los_Angeles,1,17.78,0.33,0
2025-04-30,Los_Angeles,0,6.68,2.77,0
2025-05-01,Los_Angeles,1,11.68,69.68,0
2025-05-02,Los_Angeles,1,1.0,0.43,0
2025-05-03,Los_Angeles,1,18.9,9.18,0
2025-05-04,Los_Angeles,1,8.86,15.58,0
2025-05-05,Los_Angeles,2,4.81,12.41,0
2025-05-06,Los_Angeles,2,15.0,1.31,0
2025-05-07,Los_Angeles,2,0.74,19.29,0
2025-05-08,Los_Angeles,1,11.87,69.54,0
2025-05-09,Los_Angeles,1,3.39,12.96,0
2025-05-10,Los_Angeles,1,0.07,19.97,0
2025-05-11,Los_Angeles,1,6.2,5.66,0
2025-05-12,Los_Angeles,1,7.78,15.45,0
2025-05-13,Los_Angeles,2,8.0,107.91,0
2025-05-14,Los_Angeles,1,0.34,66.6,0
2025-05-15,Los_Angeles,1,10.61,12.28,0
2025-05-16,Los_Angeles,1,2.05,16.09,0
2025-05-17,Los_Angeles,1,5.62,13.6,0
2025-05-18,Los_Angeles,1,4.71,10.94,0
2025-05-19,Los_Angeles,1,7.21,2.66,0
2025-05-20,Los_Angeles,1,2.5,2.76,0
2025-05-21,Los_Angeles,1,0.21,45.16,0
2025-05-22,Los_Angeles,1,2.17,20.01,0
2025-05-23,Los_Angeles,1,1.45,0.31,0
2025-05-24,Los_Angeles,1,9.94,13.29,0
2025-05-25,Los_Angeles,2,13.99,9.06,0
2025-05-26,Los_Angeles,2,3.0,26.07,0
2025-05-27,Los_Angeles,2,8.13,35.84,0
2025-05-28,Los_Angeles,2,9.94,29.88,1
2025-05-29,Los_Angeles,2,8.2,9.06,1
2025-05-30,Los_Angeles,2,41.85,31.36,0
2025-05-31,Los_Angeles,2,13.08,87.0,0
2025-06-01,Los_Angeles,2,36.89,79.69,0
2025-06-02,Los_Angeles,2,6.96,4.33,1
2025-06-03,Los_Angeles,2,0.48,40.2,1
2025-06-04,Los_Angeles,2,5.18,17.83,0
2025-06-05,Los_Angeles,2,7.54,0.06,0
2025-06-06,Los_Angeles,2,29.89,22.18,0
2025-06-07,Los_Angeles,2,11.4,26.0,0
2025-06-08,Los_Angeles,2,7.22,19.17,0
2025-06-09,Los_Angeles,1,12.05,36.29,0
2025-06-10,Los_Angeles,1,2.65,0.93,0
2025-06-11,Los_Angeles,1,3.42,8.71,0
2025-06-12,Los_Angeles,1,1.51,6.43,0
2025-06-13,Los_Angeles,1,2.98,2.27,0
2025-06-14,Los_Angeles,2,2.05,2.29,0
2025-06-15,Los_Angeles,1,3.55,1.44,0
2025-06-16,Los_Angeles,2,5.63,60.48,1
2025-06-17,Los_Angeles,1,11.05,16.57,0
2025-06-18,Los_Angeles,2,35.91,5.58,0
2025-06-19,Los_Angeles,2,5.87,7.88,0
2025-06-20,Los_Angeles,1,18.16,19.84,0
2025-06-21,Los_Angeles,2,28.16,113.77,0
2025-06-22,Los_Angeles,2,1.21,6.03,1
2025-06-23,Los_Angeles,2,23.53,29.12,0
2025-06-24,Los_Angeles,1,0.33,2.91,0
2025-06-25,Los_Angeles,1,3.02,0.15,0
2025-06-26,Los_Angeles,2,7.11,16.74,0
2025-06-27,Los_Angeles,1,0.09,3.85,0
2025-06-28,Los_Angeles,1,8.45,25.52,0
2025-06-29,Los_Angeles,1,2.76,0.76,0
2025-06-30,Los_Angeles,1,5.63,15.88,0
2025-07-01,Los_Angeles,1,5.95,39.98,0
2025-07-02,Los_Angeles,1,1.54,2.33,0
2025-07-03,Los_Angeles,1,4.11,6.38,0
2025-07-04,Los_Angeles,1,2.25,18.01,0
2025-07-05,Los_Angeles,1,28.38,7.59,0
2025-07-06,Los_Angeles,1,3.05,38.88,0
2025-07-07,Los_Angeles,1,3.81,1.72,0
2025-07-08,Los_Angeles,1,7.86,10.09,0
2025-07-09,Los_Angeles,1,5.35,0.86,0
2025-07-10,Los_Angeles,1,10.92,20.53,0
2025-07-11,Los_Angeles,1,3.05,7.54,0
2025-07-12,Los_Angeles,1,20.95,26.61,0
2025-07-13,Los_Angeles,2,18.63,16.79,0
2025-07-14,Los_Angeles,1,11.95,11.83,0
2025-07-15,Los_Angeles,1,9.59,6.44,0
2025-07-16,Los_Angeles,1,3.79,4.96,0
2025-07-17,Los_Angeles,2,1.12,2.33,0
2025-07-18,Los_Angeles,1,0.44,7.68,0
2025-07-19,Los_Angeles,1,5.39,4.55,0
2025-07-20,Los_Angeles,1,5.35,32.64,0
2025-07-21,Los_Angeles,1,5.63,36.63,0
2025-07-22,Los_Angeles,1,13.46,29.29,0
2025-07-23,Los_Angeles,2,13.67,22.58,0
2025-07-24,Los_Angeles,2,2.87,25.73,0
2025-07-25,Los_Angeles,2,13.28,20.85,0
2025-07-26,Los_Angeles,2,10.54,10.33,0
2025-07-27,Los_Angeles,2,5.63,4.57,0
2025-07-28,Los_Angeles,2,5.63,39.21,0
2025-07-29,Los_Angeles,2,5.84,28.96,0
2025-07-30,Los_Angeles,3,0.05,10.31,1
2025-07-31,Los_Angeles,3,16.5,14.37,1
2025-08-01,Los_Angeles,2,21.72,47.45,0
2025-08-02,Los_Angeles,2,3.07,9.03,0
2025-08-03,Los_Angeles,2,20.54,14.62,1
2025-08-04,Los_Angeles,2,5.97,20.96,0
2025-08-05,Los_Angeles,2,58.54,14.19,1
2025-08-06,Los_Angeles,2,6.77,12.72,0
2025-08-07,Los_Angeles,1,30.99,15.0,0
2025-08-08,Los_Angeles,1,14.16,23.49,0
2025-08-09,Los_Angeles,1,1.24,17.28,0
2025-08-10,Los_Angeles,1,4.62,44.74,0
2025-08-11,Los_Angeles,1,7.84,74.42,0
2025-08-12,Los_Angeles,1,22.66,0.55,0
2025-08-13,Los_Angeles,1,3.03,19.63,0
2025-08-14,Los_Angeles,1,4.58,5.53,0
2025-08-15,Los_Angeles,2,12.84,17.33,0
2025-08-16,Los_Angeles,2,0.65,3.57,0
2025-08-17,Los_Angeles,2,22.74,12.35,0
2025-08-18,Los_Angeles,1,5.47,6.4,0
2025-08-19,Los_Angeles,1,0.63,16.9,0
2025-08-20,Los_Angeles,2,2.51,37.82,0
2025-08-21,Los_Angeles,2,28.5,0.96,1
2025-08-22,Los_Angeles,1,2.29,0.38,0
2025-08-23,Los_Angeles,2,10.14,42.1,0
2025-08-24,Los_Angeles,2,2.81,10.89,0
2025-08-25,Los_Angeles,1,7.59,14.92,0
2025-08-26,Los_Angeles,1,4.21,4.82,0
2025-08-27,Los_Angeles,0,3.79,8.14,0
2025-08-28,Los_Angeles,0,9.11,3.88,0
2025-08-29,Los_Angeles,0,13.41,4.28,0
2025-08-30,Los_Angeles,0,1.94,3.23,0
2025-08-31,Los_Angeles,1,0.34,20.64,0
2025-09-01,Los_Angeles,1,13.05,1.9,0
2025-09-02,Los_Angeles,1,24.51,32.11,0
2025-09-03,Los_Angeles,1,6.85,7.38,0
2025-09-04,Los_Angeles,1,3.36,4.99,0
2025-09-05,Los_Angeles,2,13.98,29.55,0
2025-09-06,Los_Angeles,2,11.15,93.58,0
2025-09-07,Los_Angeles,1,1.11,0.29,0
2025-09-08,Los_Angeles,1,3.55,31.44,0
2025-09-09,Los_Angeles,1,8.43,29.96,0
2025-09-10,Los_Angeles,2,14.87,21.86,0
2025-09-11,Los_Angeles,2,17.76,48.51,0
2025-09-12,Los_Angeles,1,3.72,17.21,0
2025-09-13,Los_Angeles,1,11.79,48.58,0
2025-09-14,Los_Angeles,1,11.49,5.17,0
2025-09-15,Los_Angeles,1,0.59,26.14,0
2025-09-16,Los_Angeles,1,0.08,18.35,0
2025-09-17,Los_Angeles,1,4.34,77.67,0
2025-09-18,Los_Angeles,1,8.66,2.65,0
2025-09-19,Los_Angeles,1,3.15,9.28,0
2025-09-20,Los_Angeles,1,4.54,18.0,0
2025-09-21,Los_Angeles,1,5.15,11.16,0
2025-09-22,Los_Angeles,0,0.22,0.61,0
2025-09-23,Los_Angeles,1,8.29,6.72,0
2025-09-24,Los_Angeles,1,5.06,11.17,0
2025-09-25,Los_Angeles,2,2.22,8.67,0
2025-09-26,Los_Angeles,2,4.96,18.86,0
2025-09-27,Los_Angeles,1,46.71,18.12,0
2025-09-28,Los_Angeles,1,21.49,12.53,0
2025-09-29,Los_Angeles,1,22.36,8.35,0
2025-09-30,Los_Angeles,0,4.73,6.15,0
2025-10-01,Los_Angeles,1,3.72,32.24,0
2025-10-02,Los_Angeles,0,2.04,21.17,0
2025-10-03,Los_Angeles,1,0.09,3.82,0
2025-10-04,Los_Angeles,0,9.14,12.28,0
2025-10-05,Los_Angeles,0,0.49,0.34,0
2025-10-06,Los_Angeles,1,4.66,18.5,0
2025-10-07,Los_Angeles,1,18.17,5.55,0
2025-10-08,Los_Angeles,1,5.05,9.08,0
2025-10-09,Los_Angeles,1,0.13,0.23,0
2025-10-10,Los_Angeles,1,16.3,5.55,0
2025-10-11,Los_Angeles,1,0.87,9.37,0
2025-10-12,Los_Angeles,1,8.11,0.78,0
2025-10-13,Los_Angeles,1,1.7,11.08,0
2025-10-14,Los_Angeles,1,4.19,16.5,0
2025-10-15,Los_Angeles,0,1.88,3.67,0
2025-10-16,Los_Angeles,1,4.87,2.37,0
2025-10-17,Los_Angeles,0,0.86,1.3,0
2025-10-18,Los_Angeles,0,2.19,3.44,0
2025-10-19,Los_Angeles,0,3.86,10.36,0
2025-10-20,Los_Angeles,0,2.34,11.24,0
2025-10-21,Los_Angeles,0,0.93,28.52,0
2025-10-22,Los_Angeles,0,10.53,14.69,0
2025-10-23,Los_Angeles,0,12.92,3.08,0
2025-10-24,Los_Angeles,0,13.63,18.54,0
2025-10-25,Los_Angeles,0,1.3,2.51,0
2025-10-26,Los_Angeles,0,3.12,11.02,0
2025-10-27,Los_Angeles,0,12.36,6.87,0
2025-10-28,Los_Angeles,0,26.25,3.44,0
2025-10-29,Los_Angeles,0,0.56,23.75,0
2025-10-30,Los_Angeles,1,7.74,4.99,0
2025-10-31,Los_Angeles,0,0.85,3.65,0
2025-11-01,Los_Angeles,1,8.1,15.62,0
2025-11-02,Los_Angeles,0,2.47,23.39,0
2025-11-03,Los_Angeles,0,13.33,10.35,0
2025-11-04,Los_Angeles,0,0.4,0.06,0
2025-11-05,Los_Angeles,1,3.07,2.02,0
2025-11-06,Los_Angeles,1,6.44,43.07,0
2025-11-07,Los_Angeles,1,3.4,7.37,0
2025-11-08,Los_Angeles,1,5.12,0.78,0
2025-11-09,Los_Angeles,1,1.56,3.58,0
2025-11-10,Los_Angeles,0,8.47,2.5,0
2025-11-11,Los_Angeles,0,9.04,6.34,0
2025-11-12,Los_Angeles,1,0.54,6.53,0
2025-11-13,Los_Angeles,1,8.66,38.68,0
2025-11-14,Los_Angeles,1,5.47,61.91,0
2025-11-15,Los_Angeles,1,4.39,11.31,0
2025-11-16,Los_Angeles,0,6.24,3.13,0
2025-11-17,Los_Angeles,1,18.45,0.56,0
2025-11-18,Los_Angeles,0,4.6,1.09,0
2025-11-19,Los_Angeles,0,0.62,7.75,0
2025-11-20,Los_Angeles,0,0.31,10.31,0
2025-11-21,Los_Angeles,0,4.79,0.21,0
2025-11-22,Los_Angeles,0,3.85,14.71,0
2025-11-23,Los_Angeles,0,1.82,6.01,0
2025-11-24,Los_Angeles,0,1.38,31.81,0
2025-11-25,Los_Angeles,0,2.63,8.19,0
2025-11-26,Los_Angeles,0,0.77,20.35,0
2025-11-27,Los_Angeles,0,2.35,5.59,0
2025-11-28,Los_Angeles,0,1.28,12.59,0
2025-11-29,Los_Angeles,0,1.02,2.64,0
2025-11-30,Los_Angeles,1,2.99,44.56,0
2025-12-01,Los_Angeles,0,0.63,0.07,0
2025-12-02,Los_Angeles,0,16.43,4.44,0
2025-12-03,Los_Angeles,0,1.33,1.32,0
2025-12-04,Los_Angeles,0,4.07,13.78,0
2025-12-05,Los_Angeles,0,17.69,3.0,0
2025-12-06,Los_Angeles,0,2.55,0.67,0
2025-12-07,Los_Angeles,0,19.87,6.95,0
2025-12-08,Los_Angeles,0,17.37,7.5,0
2025-12-09,Los_Angeles,0,7.78,7.15,0
2025-12-10,Los_Angeles,0,0.15,1.9,0
2025-12-11,Los_Angeles,0,1.79,11.19,0
2025-12-12,Los_Angeles,0,8.19,9.73,0
2025-12-13,Los_Angeles,0,1.86,20.55,0
2025-12-14,Los_Angeles,0,0.59,17.65,0
2025-12-15,Los_Angeles,0,0.54,31.93,0
2025-12-16,Los_Angeles,0,2.85,15.03,0
2025-12-17,Los_Angeles,0,3.39,3.95,0
2025-12-18,Los_Angeles,0,2.1,5.74,0
2025-12-19,Los_Angeles,0,6.68,0.84,0
2025-12-20,Los_Angeles,0,11.47,28.49,0
2025-12-21,Los_Angeles,0,1.31,4.05,0
2025-12-22,Los_Angeles,0,4.03,22.84,0
2025-12-23,Los_Angeles,0,0.67,20.35,0
2025-12-24,Los_Angeles,0,16.33,6.6,0
2025-12-25,Los_Angeles,0,8.26,8.37,0
2025-12-26,Los_Angeles,0,9.53,5.53,0
2025-12-27,Los_Angeles,0,11.44,0.28,0
2025-12-28,Los_Angeles,0,2.11,17.77,0
2025-12-29,Los_Angeles,0,3.73,8.46,0
2025-12-30,Los_Angeles,0,13.83,5.54,0
2025-12-31,Los_Angeles,0,8.85,2.44,0
2023-01-01,Hamburg,0,2.33,17.91,0
2023-01-02,Hamburg,0,7.12,0.61,0
2023-01-03,Hamburg,0,1.95,14.24,0
2023-01-04,Hamburg,0,18.84,6.79,0
2023-01-05,Hamburg,0,18.52,8.7,0
2023-01-06,Hamburg,0,0.45,0.99,0
2023-01-07,Hamburg,0,0.63,3.39,0
2023-01-08,Hamburg,0,6.63,2.19,0
2023-01-09,Hamburg,0,0.7,2.37,0
2023-01-10,Hamburg,0,10.89,19.38,0
2023-01-11,Hamburg,0,3.97,4.47,0
2023-01-12,Hamburg,0,2.13,15.36,0
2023-01-13,Hamburg,0,0.91,30.14,0
2023-01-14,Hamburg,0,3.01,3.67,0
2023-01-15,Hamburg,0,4.23,6.6,0
2023-01-16,Hamburg,0,4.17,26.35,0
2023-01-17,Hamburg,0,7.34,20.43,0
2023-01-18,Hamburg,0,0.8,5.47,0
2023-01-19,Hamburg,0,4.23,7.57,0
2023-01-20,Hamburg,0,0.66,20.55,0
2023-01-21,Hamburg,0,1.96,11.77,0
2023-01-22,Hamburg,0,1.77,0.92,0
2023-01-23,Hamburg,0,1.22,39.61,0
2023-01-24,Hamburg,0,0.84,5.06,0
2023-01-25,Hamburg,0,0.05,2.53,0
2023-01-26,Hamburg,0,9.42,17.85,0
2023-01-27,Hamburg,0,3.3,10.95,0
2023-01-28,Hamburg,0,0.48,11.68,0
2023-01-29,Hamburg,0,1.28,10.58,0
2023-01-30,Hamburg,0,3.38,1.41,0
2023-01-31,Hamburg,0,0.03,2.42,0
2023-02-01,Hamburg,0,5.88,22.87,0
2023-02-02,Hamburg,0,0.49,34.66,0
2023-02-03,Hamburg,0,8.64,1.02,0
2023-02-04,Hamburg,0,10.71,12.02,0
2023-02-05,Hamburg,0,14.8,8.75,0
2023-02-06,Hamburg,0,8.92,0.9,0
2023-02-07,Hamburg,0,0.86,11.99,0
2023-02-08,Hamburg,0,9.29,8.34,0
2023-02-09,Hamburg,0,3.87,4.44,0
2023-02-10,Hamburg,0,6.33,15.78,0
2023-02-11,Hamburg,0,0.73,28.3,0
2023-02-12,Hamburg,0,0.84,21.04,0
2023-02-13,Hamburg,0,3.12,41.35,0
2023-02-14,Hamburg,0,4.84,2.82,0
2023-02-15,Hamburg,0,3.09,10.39,0
2023-02-16,Hamburg,0,2.87,6.67,0
2023-02-17,Hamburg,0,2.09,7.62,0
2023-02-18,Hamburg,0,0.98,0.69,0
2023-02-19,Hamburg,0,15.16,5.44,0
2023-02-20,Hamburg,0,1.95,6.77,0
2023-02-21,Hamburg,0,2.72,6.2,0
2023-02-22,Hamburg,0,0.68,5.38,0
2023-02-23,Hamburg,0,5.1,4.66,0
2023-02-24,Hamburg,0,0.13,4.1,0
2023-02-25,Hamburg,0,3.36,3.79,0
2023-02-26,Hamburg,0,0.9,23.54,0
2023-02-27,Hamburg,0,10.87,16.55,0
2023-02-28,Hamburg,0,4.49,8.24,0
2023-03-01,Hamburg,0,3.51,5.74,0
2023-03-02,Hamburg,0,7.99,10.97,0
2023-03-03,Hamburg,0,5.1,14.75,0
2023-03-04,Hamburg,1,6.95,1.38,0
2023-03-05,Hamburg,0,11.52,3.08,0
2023-03-06,Hamburg,0,0.04,17.56,0
2023-03-07,Hamburg,0,16.06,9.15,0
2023-03-08,Hamburg,0,2.6,4.35,0
2023-03-09,Hamburg,0,9.92,20.89,0
2023-03-10,Hamburg,0,2.21,3.75,0
2023-03-11,Hamburg,0,2.58,0.09,0
2023-03-12,Hamburg,0,1.55,2.83,0
2023-03-13,Hamburg,0,2.63,22.15,0
2023-03-14,Hamburg,0,2.72,3.67,0
2023-03-15,Hamburg,1,0.43,12.24,0
2023-03-16,Hamburg,0,0.89,4.07,0
2023-03-17,Hamburg,0,0.23,11.88,0
2023-03-18,Hamburg,0,9.53,9.34,0
2023-03-19,Hamburg,1,3.83,2.64,0
2023-03-20,Hamburg,1,3.49,1.83,0
2023-03-21,Hamburg,0,10.84,8.83,0
2023-03-22,Hamburg,0,3.63,0.6,0
2023-03-23,Hamburg,0,23.17,22.8,0
2023-03-24,Hamburg,0,7.56,9.94,0
2023-03-25,Hamburg,0,0.77,53.39,0
2023-03-26,Hamburg,0,0.02,21.68,0
2023-03-27,Hamburg,0,0.91,11.23,0
2023-03-28,Hamburg,1,13.79,15.01,0
2023-03-29,Hamburg,1,8.43,51.64,0
2023-03-30,Hamburg,1,1.06,13.23,0
2023-03-31,Hamburg,1,26.47,27.44,0
2023-04-01,Hamburg,0,2.44,5.87,0
2023-04-02,Hamburg,0,1.3,9.67,0
2023-04-03,Hamburg,0,4.54,14.54,0
2023-04-04,Hamburg,1,10.8,23.45,0
2023-04-05,Hamburg,0,1.8,13.6,0
2023-04-06,Hamburg,0,4.65,5.23,0
2023-04-07,Hamburg,0,4.91,8.96,0
2023-04-08,Hamburg,0,5.14,8.56,0
2023-04-09,Hamburg,1,1.25,4.64,0
2023-04-10,Hamburg,1,2.81,53.62,0
2023-04-11,Hamburg,1,6.71,2.01,0
2023-04-12,Hamburg,1,2.65,13.13,0
2023-04-13,Hamburg,1,0.66,28.91,0
2023-04-14,Hamburg,1,4.39,0.94,0
2023-04-15,Hamburg,1,16.19,2.94,0
2023-04-16,Hamburg,1,3.28,29.28,0
2023-04-17,Hamburg,1,2.95,11.48,0
2023-04-18,Hamburg,1,0.03,14.02,0
2023-04-19,Hamburg,1,0.8,19.11,0
2023-04-20,Hamburg,1,3.31,1.57,0
2023-04-21,Hamburg,2,3.17,38.49,0
2023-04-22,Hamburg,2,8.92,5.97,0
2023-04-23,Hamburg,1,15.63,20.62,0
2023-04-24,Hamburg,1,13.18,23.54,0
2023-04-25,Hamburg,1,4.38,40.04,0
2023-04-26,Hamburg,1,1.59,2.38,0
2023-04-27,Hamburg,2,10.83,3.71,1
2023-04-28,Hamburg,1,1.9,25.84,0
2023-04-29,Hamburg,1,0.86,13.72,0
2023-04-30,Hamburg,2,9.2,2.91,0
2023-05-01,Hamburg,2,2.66,9.75,0
2023-05-02,Hamburg,1,0.22,48.41,0
2023-05-03,Hamburg,1,4.44,12.63,0
2023-05-04,Hamburg,1,13.5,39.3,0
2023-05-05,Hamburg,1,3.14,22.29,0
2023-05-06,Hamburg,1,4.11,28.61,0
2023-05-07,Hamburg,1,1.0,5.31,0
2023-05-08,Hamburg,1,0.54,12.88,0
2023-05-09,Hamburg,2,3.02,18.81,0
2023-05-10,Hamburg,2,2.54,33.36,0
2023-05-11,Hamburg,1,1.08,12.63,0
2023-05-12,Hamburg,1,13.75,20.55,0
2023-05-13,Hamburg,2,1.17,51.07,1
2023-05-14,Hamburg,1,8.64,7.53,0
2023-05-15,Hamburg,2,2.6,10.18,0
2023-05-16,Hamburg,1,13.46,6.18,0
2023-05-17,Hamburg,1,3.81,6.01,0
2023-05-18,Hamburg,1,4.08,7.58,0
2023-05-19,Hamburg,1,19.35,2.81,0
2023-05-20,Hamburg,2,14.75,6.96,0
2023-05-21,Hamburg,1,1.17,2.55,0
2023-05-22,Hamburg,2,10.7,28.06,1
2023-05-23,Hamburg,2,0.88,53.11,0
2023-05-24,Hamburg,2,8.97,20.25,0
2023-05-25,Hamburg,1,3.02,39.86,0
2023-05-26,Hamburg,2,2.36,17.58,0
2023-05-27,Hamburg,1,2.11,0.88,0
2023-05-28,Hamburg,1,3.59,6.2,0
2023-05-29,Hamburg,2,13.51,12.43,0
2023-05-30,Hamburg,1,6.63,9.76,0
2023-05-31,Hamburg,2,7.07,30.93,0
2023-06-01,Hamburg,2,23.64,15.44,0
2023-06-02,Hamburg,1,6.01,19.38,0
2023-06-03,Hamburg,1,35.59,8.65,0
2023-06-04,Hamburg,2,0.11,10.33,0
2023-06-05,Hamburg,2,0.88,57.12,1
2023-06-06,Hamburg,2,12.04,70.2,1
2023-06-07,Hamburg,2,3.15,16.31,0
2023-06-08,Hamburg,2,6.68,40.46,0
2023-06-09,Hamburg,1,0.51,16.81,0
2023-06-10,Hamburg,2,2.27,31.57,0
2023-06-11,Hamburg,2,13.38,0.33,0
2023-06-12,Hamburg,2,1.87,3.75,1
2023-06-13,Hamburg,1,6.68,1.31,0
2023-06-14,Hamburg,1,13.89,2.85,0
2023-06-15,Hamburg,1,8.6,10.53,0
2023-06-16,Hamburg,1,4.44,25.22,0
2023-06-17,Hamburg,1,0.05,0.85,0
2023-06-18,Hamburg,1,12.18,4.22,0
2023-06-19,Hamburg,1,0.66,5.95,0
2023-06-20,Hamburg,0,1.91,12.53,0
2023-06-21,Hamburg,0,2.59,0.75,0
2023-06-22,Hamburg,1,5.76,0.35,0
2023-06-23,Hamburg,1,1.91,11.29,0
2023-06-24,Hamburg,1,25.75,23.0,0
2023-06-25,Hamburg,1,6.67,4.84,0
2023-06-26,Hamburg,1,11.27,11.73,0
2023-06-27,Hamburg,1,24.78,7.51,0
2023-06-28,Hamburg,1,1.92,24.88,0
2023-06-29,Hamburg,1,6.42,11.32,0
2023-06-30,Hamburg,1,2.88,51.66,0
2023-07-01,Hamburg,2,9.88,37.26,1
2023-07-02,Hamburg,1,0.32,32.48,0
2023-07-03,Hamburg,1,0.17,2.14,0
2023-07-04,Hamburg,2,6.16,12.52,0
2023-07-05,Hamburg,1,1.76,17.06,0
2023-07-06,Hamburg,1,2.46,53.59,0
2023-07-07,Hamburg,1,0.25,0.81,0
2023-07-08,Hamburg,1,10.07,7.35,0
2023-07-09,Hamburg,1,20.32,10.89,0
2023-07-10,Hamburg,1,5.61,4.38,0
2023-07-11,Hamburg,1,7.48,4.65,0
2023-07-12,Hamburg,1,4.39,5.38,0
2023-07-13,Hamburg,1,4.27,33.99,0
2023-07-14,Hamburg,1,4.57,3.38,0
2023-07-15,Hamburg,1,1.86,2.02,0
2023-07-16,Hamburg,1,3.97,0.37,0
2023-07-17,Hamburg,1,2.69,44.73,0
2023-07-18,Hamburg,1,10.69,3.64,0
2023-07-19,Hamburg,1,7.61,11.56,0
2023-07-20,Hamburg,1,5.05,22.99,0
2023-07-21,Hamburg,1,1.24,14.76,0
2023-07-22,Hamburg,1,5.68,6.34,0
2023-07-23,Hamburg,1,0.12,0.31,0
2023-07-24,Hamburg,1,5.44,5.29,0
2023-07-25,Hamburg,1,2.07,47.42,0
2023-07-26,Hamburg,0,1.14,0.48,0
2023-07-27,Hamburg,0,1.83,9.91,0
2023-07-28,Hamburg,1,1.76,11.01,0
2023-07-29,Hamburg,0,1.6,0.53,0
2023-07-30,Hamburg,1,2.67,11.42,0
2023-07-31,Hamburg,1,10.4,10.08,0
2023-08-01,Hamburg,1,1.57,3.34,0
2023-08-02,Hamburg,1,6.94,2.44,0
2023-08-03,Hamburg,1,12.72,0.12,0
2023-08-04,Hamburg,1,8.63,47.15,0
2023-08-05,Hamburg,1,20.63,7.11,0
2023-08-06,Hamburg,1,5.77,38.91,0
2023-08-07,Hamburg,1,35.56,14.78,0
2023-08-08,Hamburg,1,2.56,22.11,0
2023-08-09,Hamburg,1,4.74,32.32,0
2023-08-10,Hamburg,0,13.2,1.44,0
2023-08-11,Hamburg,1,0.28,8.74,0
2023-08-12,Hamburg,0,0.72,2.84,0
2023-08-13,Hamburg,0,0.15,8.81,0
2023-08-14,Hamburg,0,16.59,0.22,0
2023-08-15,Hamburg,0,4.53,6.63,0
2023-08-16,Hamburg,1,0.1,6.94,0
2023-08-17,Hamburg,1,0.48,4.51,0
2023-08-18,Hamburg,1,3.82,10.91,0
2023-08-19,Hamburg,1,7.01,11.03,0
2023-08-20,Hamburg,1,2.85,8.09,0
2023-08-21,Hamburg,0,4.18,7.44,0
2023-08-22,Hamburg,0,4.39,1.25,0
2023-08-23,Hamburg,1,12.96,24.13,0
2023-08-24,Hamburg,0,3.04,15.46,0
2023-08-25,Hamburg,0,0.25,22.0,0
2023-08-26,Hamburg,0,0.65,9.1,0
2023-08-27,Hamburg,1,3.09,5.19,0
2023-08-28,Hamburg,1,5.82,47.89,0
2023-08-29,Hamburg,1,7.92,11.79,0
2023-08-30,Hamburg,0,10.58,5.7,0
2023-08-31,Hamburg,0,7.65,2.24,0
2023-09-01,Hamburg,1,2.14,13.93,0
2023-09-02,Hamburg,0,11.34,28.74,0
2023-09-03,Hamburg,1,19.77,11.38,0
2023-09-04,Hamburg,1,0.78,40.91,0
2023-09-05,Hamburg,1,10.15,29.82,0
2023-09-06,Hamburg,1,1.33,55.93,0
2023-09-07,Hamburg,1,18.2,28.3,0
2023-09-08,Hamburg,1,4.12,6.8,0
2023-09-09,Hamburg,1,3.37,30.45,0
2023-09-10,Hamburg,1,1.93,3.72,0
2023-09-11,Hamburg,1,5.61,1.13,0
2023-09-12,Hamburg,1,4.22,13.1,0
2023-09-13,Hamburg,0,3.17,13.01,0
2023-09-14,Hamburg,1,13.22,42.15,0
2023-09-15,Hamburg,1,1.11,0.9,0
2023-09-16,Hamburg,0,1.61,5.37,0
2023-09-17,Hamburg,1,4.53,16.85,0
2023-09-18,Hamburg,1,5.37,5.38,0
2023-09-19,Hamburg,1,1.95,24.26,0
2023-09-20,Hamburg,0,2.51,1.56,0
2023-09-21,Hamburg,0,6.75,21.55,0
2023-09-22,Hamburg,0,43.47,16.39,0
2023-09-23,Hamburg,0,0.07,4.19,0
2023-09-24,Hamburg,0,15.7,6.73,0
2023-09-25,Hamburg,0,1.61,1.61,0
2023-09-26,Hamburg,0,3.16,24.51,0
2023-09-27,Hamburg,0,5.67,6.47,0
2023-09-28,Hamburg,0,7.3,4.6,0
2023-09-29,Hamburg,0,30.58,19.62,0
2023-09-30,Hamburg,0,14.49,5.25,0
2023-10-01,Hamburg,0,0.76,0.86,0
2023-10-02,Hamburg,0,0.88,9.5,0
2023-10-03,Hamburg,0,4.6,2.82,0
2023-10-04,Hamburg,0,1.04,9.32,0
2023-10-05,Hamburg,0,6.82,6.86,0
2023-10-06,Hamburg,0,15.78,0.79,0
2023-10-07,Hamburg,0,1.09,21.02,0
2023-10-08,Hamburg,0,0.72,8.72,0
2023-10-09,Hamburg,1,3.47,23.44,0
2023-10-10,Hamburg,0,5.55,44.82,0
2023-10-11,Hamburg,0,16.55,7.84,0
2023-10-12,Hamburg,0,1.22,1.27,0
2023-10-13,Hamburg,0,3.55,22.71,0
2023-10-14,Hamburg,0,10.32,23.71,0
2023-10-15,Hamburg,1,8.46,4.29,0
2023-10-16,Hamburg,1,13.65,8.24,0
2023-10-17,Hamburg,0,4.57,3.35,0
2023-10-18,Hamburg,0,0.59,2.61,0
2023-10-19,Hamburg,1,8.24,34.41,0
2023-10-20,Hamburg,0,1.01,2.07,0
2023-10-21,Hamburg,0,14.52,7.71,0
2023-10-22,Hamburg,0,4.07,3.38,0
2023-10-23,Hamburg,1,1.46,11.1,0
2023-10-24,Hamburg,1,10.97,52.99,0
2023-10-25,Hamburg,1,11.06,15.88,0
2023-10-26,Hamburg,1,11.19,9.62,0
2023-10-27,Hamburg,1,8.33,5.74,0
2023-10-28,Hamburg,0,7.55,11.66,0
2023-10-29,Hamburg,1,13.4,20.38,0
2023-10-30,Hamburg,0,7.69,13.71,0
2023-10-31,Hamburg,0,8.9,4.11,0
2023-11-01,Hamburg,0,0.38,2.87,0
2023-11-02,Hamburg,0,0.51,3.36,0
2023-11-03,Hamburg,0,11.46,9.04,0
2023-11-04,Hamburg,0,7.05,12.04,0
2023-11-05,Hamburg,0,7.2,11.35,0
2023-11-06,Hamburg,0,2.92,7.49,0
2023-11-07,Hamburg,0,0.72,34.08,0
2023-11-08,Hamburg,0,10.09,4.5,0
2023-11-09,Hamburg,0,6.52,26.06,0
2023-11-10,Hamburg,0,9.82,5.68,0
2023-11-11,Hamburg,0,11.16,7.2,0
2023-11-12,Hamburg,0,2.6,65.52,0
2023-11-13,Hamburg,0,17.62,9.97,0
2023-11-14,Hamburg,0,1.62,22.38,0
2023-11-15,Hamburg,0,2.63,16.25,0
2023-11-16,Hamburg,0,7.46,8.01,0
2023-11-17,Hamburg,0,5.3,5.96,0
2023-11-18,Hamburg,0,0.87,11.69,0
2023-11-19,Hamburg,0,0.77,11.43,0
2023-11-20,Hamburg,0,7.46,19.59,0
2023-11-21,Hamburg,0,2.89,13.63,0
2023-11-22,Hamburg,0,3.71,6.51,0
2023-11-23,Hamburg,0,0.44,13.65,0
2023-11-24,Hamburg,0,15.23,5.3,0
2023-11-25,Hamburg,0,0.38,1.55,0
2023-11-26,Hamburg,0,0.94,10.8,0
2023-11-27,Hamburg,0,0.47,1.89,0
2023-11-28,Hamburg,0,0.94,0.98,0
2023-11-29,Hamburg,0,0.67,9.16,0
2023-11-30,Hamburg,0,1.16,10.83,0
2023-12-01,Hamburg,0,5.13,2.08,0
2023-12-02,Hamburg,0,1.81,10.82,0
2023-12-03,Hamburg,0,2.25,11.54,0
2023-12-04,Hamburg,0,0.21,4.59,0
2023-12-05,Hamburg,0,5.16,16.11,0
2023-12-06,Hamburg,0,12.14,0.79,0
2023-12-07,Hamburg,0,7.09,11.23,0
2023-12-08,Hamburg,0,1.62,0.74,0
2023-12-09,Hamburg,0,4.53,1.46,0
2023-12-10,Hamburg,0,6.86,2.97,0
2023-12-11,Hamburg,1,9.63,30.31,0
2023-12-12,Hamburg,0,8.26,0.9,0
2023-12-13,Hamburg,0,0.32,11.73,0
2023-12-14,Hamburg,0,8.22,8.19,0
2023-12-15,Hamburg,0,3.19,0.45,0
2023-12-16,Hamburg,0,1.22,3.02,0
2023-12-17,Hamburg,0,7.42,17.48,0
2023-12-18,Hamburg,0,4.76,4.36,0
2023-12-19,Hamburg,0,23.55,16.12,0
2023-12-20,Hamburg,0,3.22,2.21,0
2023-12-21,Hamburg,0,16.77,12.47,0
2023-12-22,Hamburg,0,2.1,3.14,0
2023-12-23,Hamburg,0,0.32,1.9,0
2023-12-24,Hamburg,0,10.9,5.05,0
2023-12-25,Hamburg,0,8.35,8.77,0
2023-12-26,Hamburg,0,15.29,0.76,0
2023-12-27,Hamburg,0,3.76,3.5,0
2023-12-28,Hamburg,0,6.01,3.35,0
2023-12-29,Hamburg,0,0.24,2.64,0
2023-12-30,Hamburg,0,19.24,5.3,0
2023-12-31,Hamburg,0,0.37,0.59,0
2024-01-01,Hamburg,0,5.92,21.53,0
2024-01-02,Hamburg,0,0.6,11.54,0
2024-01-03,Hamburg,0,18.62,0.63,0
2024-01-04,Hamburg,0,14.22,1.68,0
2024-01-05,Hamburg,0,0.63,3.1,0
2024-01-06,Hamburg,0,0.69,4.18,0
2024-01-07,Hamburg,0,1.38,49.12,0
2024-01-08,Hamburg,0,13.39,11.46,0
2024-01-09,Hamburg,0,1.38,1.4,0
2024-01-10,Hamburg,0,4.48,4.32,0
2024-01-11,Hamburg,0,4.75,4.53,0
2024-01-12,Hamburg,0,0.1,15.79,0
2024-01-13,Hamburg,0,0.9,4.87,0
2024-01-14,Hamburg,0,4.12,6.75,0
2024-01-15,Hamburg,0,1.4,20.91,0
2024-01-16,Hamburg,0,1.23,3.36,0
2024-01-17,Hamburg,0,0.2,18.11,0
2024-01-18,Hamburg,0,1.64,5.64,0
2024-01-19,Hamburg,0,2.22,2.91,0
2024-01-20,Hamburg,0,0.19,5.94,0
2024-01-21,Hamburg,0,4.19,8.95,0
2024-01-22,Hamburg,0,2.98,8.58,0
2024-01-23,Hamburg,0,0.71,6.66,0
2024-01-24,Hamburg,0,5.12,1.7,0
2024-01-25,Hamburg,0,7.6,24.24,0
2024-01-26,Hamburg,0,3.71,3.75,0
2024-01-27,Hamburg,0,1.02,9.83,0
2024-01-28,Hamburg,0,5.12,8.42,0
2024-01-29,Hamburg,0,5.24,3.84,0
2024-01-30,Hamburg,0,0.52,22.2,0
2024-01-31,Hamburg,0,0.87,1.07,0
2024-02-01,Hamburg,0,0.09,5.53,0
2024-02-02,Hamburg,0,0.72,21.62,0
2024-02-03,Hamburg,0,1.08,0.46,0
2024-02-04,Hamburg,1,4.18,34.51,0
2024-02-05,Hamburg,1,24.32,8.41,0
2024-02-06,Hamburg,1,1.91,10.58,0
2024-02-07,Hamburg,0,3.77,7.45,0
2024-02-08,Hamburg,0,7.65,0.55,0
2024-02-09,Hamburg,0,0.02,4.25,0
2024-02-10,Hamburg,0,9.57,2.13,0
2024-02-11,Hamburg,0,1.65,22.52,0
2024-02-12,Hamburg,0,4.23,10.83,0
2024-02-13,Hamburg,0,10.51,3.87,0
2024-02-14,Hamburg,0,0.96,4.04,0
2024-02-15,Hamburg,0,2.08,1.0,0
2024-02-16,Hamburg,0,0.34,1.51,0
2024-02-17,Hamburg,0,5.24,17.75,0
2024-02-18,Hamburg,0,3.65,0.28,0
2024-02-19,Hamburg,0,3.68,3.91,0
2024-02-20,Hamburg,0,3.07,21.39,0
2024-02-21,Hamburg,0,0.75,17.38,0
2024-02-22,Hamburg,0,1.04,6.47,0
2024-02-23,Hamburg,0,8.22,26.94,0
2024-02-24,Hamburg,0,3.76,24.7,0
2024-02-25,Hamburg,0,9.14,20.43,0
2024-02-26,Hamburg,0,2.27,6.29,0
2024-02-27,Hamburg,0,11.66,0.27,0
2024-02-28,Hamburg,0,3.5,18.4,0
2024-02-29,Hamburg,1,3.62,3.08,0
2024-03-01,Hamburg,0,2.14,2.35,0
2024-03-02,Hamburg,1,8.07,16.51,0
2024-03-03,Hamburg,0,0.11,8.78,0
2024-03-04,Hamburg,1,8.1,38.4,0
2024-03-05,Hamburg,1,0.56,6.65,0
2024-03-06,Hamburg,0,6.3,31.86,0
2024-03-07,Hamburg,0,15.35,1.87,0
2024-03-08,Hamburg,0,1.88,4.81,0
2024-03-09,Hamburg,0,3.34,2.14,0
2024-03-10,Hamburg,0,12.53,21.2,0
2024-03-11,Hamburg,0,0.81,6.81,0
2024-03-12,Hamburg,0,19.19,4.86,0
2024-03-13,Hamburg,0,10.51,23.77,0
2024-03-14,Hamburg,1,2.88,3.25,0
2024-03-15,Hamburg,1,5.79,3.59,0
2024-03-16,Hamburg,0,3.52,4.45,0
2024-03-17,Hamburg,0,9.31,10.73,0
2024-03-18,Hamburg,0,2.79,0.19,0
2024-03-19,Hamburg,1,7.23,3.06,0
2024-03-20,Hamburg,1,1.04,27.78,0
2024-03-21,Hamburg,1,9.01,14.2,0
2024-03-22,Hamburg,0,1.6,2.11,0
2024-03-23,Hamburg,0,3.34,12.55,0
2024-03-24,Hamburg,0,4.02,1.22,0
2024-03-25,Hamburg,0,0.14,11.6,0
2024-03-26,Hamburg,0,1.45,4.46,0
2024-03-27,Hamburg,0,10.98,24.62,0
2024-03-28,Hamburg,0,2.54,2.89,0
2024-03-29,Hamburg,0,4.08,4.68,0
2024-03-30,Hamburg,1,0.64,8.17,0
2024-03-31,Hamburg,1,32.62,1.85,0
2024-04-01,Hamburg,0,14.62,2.18,0
2024-04-02,Hamburg,0,3.43,5.13,0
2024-04-03,Hamburg,0,0.15,2.31,0
2024-04-04,Hamburg,0,8.83,3.99,0
2024-04-05,Hamburg,0,2.49,25.45,0
2024-04-06,Hamburg,0,1.46,6.73,0
2024-04-07,Hamburg,0,3.55,4.73,0
2024-04-08,Hamburg,0,14.79,5.39,0
2024-04-09,Hamburg,0,2.05,0.33,0
2024-04-10,Hamburg,0,1.05,10.65,0
2024-04-11,Hamburg,0,10.28,2.12,0
2024-04-12,Hamburg,0,3.4,40.11,0
2024-04-13,Hamburg,0,2.25,0.28,0
2024-04-14,Hamburg,1,5.2,25.53,0
2024-04-15,Hamburg,1,3.1,42.88,0
2024-04-16,Hamburg,1,4.65,0.95,0
2024-04-17,Hamburg,1,10.54,46.56,0
2024-04-18,Hamburg,0,1.05,2.22,0
2024-04-19,Hamburg,0,2.03,3.53,0
2024-04-20,Hamburg,0,7.02,20.4,0
2024-04-21,Hamburg,1,3.57,4.7,0
2024-04-22,Hamburg,1,10.26,34.31,0
2024-04-23,Hamburg,0,0.64,1.73,0
2024-04-24,Hamburg,0,3.48,11.02,0
2024-04-25,Hamburg,1,0.49,12.37,0
2024-04-26,Hamburg,1,5.69,38.89,0
2024-04-27,Hamburg,1,0.55,13.14,0
2024-04-28,Hamburg,1,3.86,30.29,0
2024-04-29,Hamburg,1,8.35,3.35,0
2024-04-30,Hamburg,0,3.53,2.22,0
2024-05-01,Hamburg,0,5.18,8.0,0
2024-05-02,Hamburg,0,2.82,62.13,0
2024-05-03,Hamburg,0,0.32,3.99,0
2024-05-04,Hamburg,0,13.49,11.14,0
2024-05-05,Hamburg,1,0.37,1.12,0
2024-05-06,Hamburg,1,5.28,0.06,0
2024-05-07,Hamburg,1,12.49,47.46,0
2024-05-08,Hamburg,1,1.3,2.46,0
2024-05-09,Hamburg,1,15.59,39.51,0
2024-05-10,Hamburg,1,2.34,24.47,0
2024-05-11,Hamburg,1,0.42,8.5,0
2024-05-12,Hamburg,1,0.05,42.97,0
2024-05-13,Hamburg,1,1.03,30.92,0
2024-05-14,Hamburg,1,11.73,0.69,0
2024-05-15,Hamburg,1,4.64,7.82,0
2024-05-16,Hamburg,1,5.45,6.47,0
2024-05-17,Hamburg,0,2.89,2.01,0
2024-05-18,Hamburg,1,5.89,0.88,0
2024-05-19,Hamburg,1,1.13,23.59,0
2024-05-20,Hamburg,1,1.59,31.77,0
2024-05-21,Hamburg,1,12.71,3.44,0
2024-05-22,Hamburg,1,1.94,8.64,0
2024-05-23,Hamburg,1,1.33,44.84,0
2024-05-24,Hamburg,1,11.99,14.85,0
2024-05-25,Hamburg,0,6.13,1.62,0
2024-05-26,Hamburg,0,7.69,10.85,0
2024-05-27,Hamburg,0,0.39,1.1,0
2024-05-28,Hamburg,0,0.58,10.03,0
2024-05-29,Hamburg,1,6.7,4.42,0
2024-05-30,Hamburg,1,4.94,1.75,0
2024-05-31,Hamburg,1,3.35,11.09,0
2024-06-01,Hamburg,1,7.93,14.76,0
2024-06-02,Hamburg,1,15.95,1.68,0
2024-06-03,Hamburg,1,7.99,11.18,0
2024-06-04,Hamburg,1,20.99,8.94,0
2024-06-05,Hamburg,1,2.17,6.93,0
2024-06-06,Hamburg,1,1.62,27.51,0
2024-06-07,Hamburg,1,1.18,10.96,0
2024-06-08,Hamburg,1,11.28,7.25,0
2024-06-09,Hamburg,1,17.18,1.65,0
2024-06-10,Hamburg,1,8.05,0.65,0
2024-06-11,Hamburg,1,0.45,21.81,0
2024-06-12,Hamburg,1,1.88,6.69,0
2024-06-13,Hamburg,1,0.19,27.66,0
2024-06-14,Hamburg,1,26.9,0.24,0
2024-06-15,Hamburg,1,3.03,46.24,0
2024-06-16,Hamburg,1,0.77,9.67,0
2024-06-17,Hamburg,1,7.42,7.9,0
2024-06-18,Hamburg,1,1.95,17.25,0
2024-06-19,Hamburg,1,21.55,9.98,0
2024-06-20,Hamburg,1,7.43,120.0,0
2024-06-21,Hamburg,0,5.43,6.86,0
2024-06-22,Hamburg,0,3.79,13.62,0
2024-06-23,Hamburg,1,1.18,6.99,0
2024-06-24,Hamburg,1,0.6,21.54,0
2024-06-25,Hamburg,1,3.8,20.52,0
2024-06-26,Hamburg,1,18.99,23.76,0
2024-06-27,Hamburg,1,0.08,11.92,0
2024-06-28,Hamburg,1,28.83,5.92,0
2024-06-29,Hamburg,2,9.17,2.47,1
2024-06-30,Hamburg,1,2.08,43.16,0
2024-07-01,Hamburg,1,8.73,6.98,0
2024-07-02,Hamburg,1,2.4,3.59,0
2024-07-03,Hamburg,1,0.73,2.29,0
2024-07-04,Hamburg,1,3.65,7.13,0
2024-07-05,Hamburg,1,2.05,1.92,0
2024-07-06,Hamburg,1,22.17,2.73,0
2024-07-07,Hamburg,1,2.32,16.75,0
2024-07-08,Hamburg,1,2.44,4.61,0
2024-07-09,Hamburg,1,2.88,68.93,0
2024-07-10,Hamburg,1,7.39,16.44,0
2024-07-11,Hamburg,2,8.7,25.54,0
2024-07-12,Hamburg,2,22.44,8.26,0
2024-07-13,Hamburg,1,9.25,3.86,0
2024-07-14,Hamburg,1,0.62,15.71,0
2024-07-15,Hamburg,1,19.49,32.79,0
2024-07-16,Hamburg,1,0.55,23.27,0
2024-07-17,Hamburg,1,1.2,8.61,0
2024-07-18,Hamburg,0,0.74,5.8,0
2024-07-19,Hamburg,1,14.18,1.59,0
2024-07-20,Hamburg,1,12.7,22.39,0
2024-07-21,Hamburg,1,10.78,11.87,0
2024-07-22,Hamburg,1,28.36,32.1,0
2024-07-23,Hamburg,1,1.0,4.55,0
2024-07-24,Hamburg,1,0.1,17.49,0
2024-07-25,Hamburg,1,0.67,49.81,0
2024-07-26,Hamburg,1,1.87,0.49,0
2024-07-27,Hamburg,1,7.59,10.81,0
2024-07-28,Hamburg,1,8.47,2.49,0
2024-07-29,Hamburg,1,0.12,25.98,0
2024-07-30,Hamburg,1,11.71,3.5,0
2024-07-31,Hamburg,1,9.85,20.49,0
2024-08-01,Hamburg,1,2.15,20.43,0
2024-08-02,Hamburg,0,12.1,15.94,0
2024-08-03,Hamburg,1,11.82,12.37,0
2024-08-04,Hamburg,1,2.44,0.48,0
2024-08-05,Hamburg,1,0.52,0.34,0
2024-08-06,Hamburg,1,4.04,35.7,0
2024-08-07,Hamburg,2,8.0,53.56,0
2024-08-08,Hamburg,1,0.94,32.36,0
2024-08-09,Hamburg,1,3.77,14.77,0
2024-08-10,Hamburg,0,8.74,17.01,0
2024-08-11,Hamburg,1,5.42,3.31,0
2024-08-12,Hamburg,1,12.67,4.4,0
2024-08-13,Hamburg,1,2.81,6.92,0
2024-08-14,Hamburg,2,18.41,31.05,0
2024-08-15,Hamburg,2,3.76,16.76,0
2024-08-16,Hamburg,1,13.06,25.12,0
2024-08-17,Hamburg,1,6.5,7.89,0
2024-08-18,Hamburg,1,0.76,24.77,0
2024-08-19,Hamburg,0,2.15,12.07,0
2024-08-20,Hamburg,1,11.39,37.15,0
2024-08-21,Hamburg,1,1.86,7.82,0
2024-08-22,Hamburg,0,7.66,11.28,0
2024-08-23,Hamburg,1,0.78,38.46,0
2024-08-24,Hamburg,1,0.76,30.86,0
2024-08-25,Hamburg,1,4.34,1.45,0
2024-08-26,Hamburg,1,7.52,29.48,0
2024-08-27,Hamburg,1,12.97,37.01,0
2024-08-28,Hamburg,1,9.72,6.79,0
2024-08-29,Hamburg,0,5.72,7.59,0
2024-08-30,Hamburg,1,8.08,7.7,0
2024-08-31,Hamburg,1,2.38,21.96,0
2024-09-01,Hamburg,1,12.87,44.02,0
2024-09-02,Hamburg,1,3.01,8.94,0
2024-09-03,Hamburg,1,4.72,12.87,0
2024-09-04,Hamburg,0,7.81,1.53,0
2024-09-05,Hamburg,0,1.01,6.36,0
2024-09-06,Hamburg,0,2.0,3.62,0
2024-09-07,Hamburg,0,1.66,6.02,0
2024-09-08,Hamburg,0,30.59,13.18,0
2024-09-09,Hamburg,0,6.13,15.98,0
2024-09-10,Hamburg,0,1.61,1.1,0
2024-09-11,Hamburg,0,0.97,19.97,0
2024-09-12,Hamburg,0,1.29,1.16,0
2024-09-13,Hamburg,0,7.5,9.71,0
2024-09-14,Hamburg,1,3.36,27.81,0
2024-09-15,Hamburg,1,1.75,14.09,0
2024-09-16,Hamburg,1,12.87,31.58,0
2024-09-17,Hamburg,1,5.09,5.67,0
2024-09-18,Hamburg,1,10.86,30.99,0
2024-09-19,Hamburg,1,11.92,10.17,0
2024-09-20,Hamburg,1,5.16,15.67,0
2024-09-21,Hamburg,1,14.43,30.8,0
2024-09-22,Hamburg,0,1.45,3.67,0
2024-09-23,Hamburg,1,0.25,21.64,0
2024-09-24,Hamburg,1,3.38,4.93,0
2024-09-25,Hamburg,1,3.82,13.95,0
2024-09-26,Hamburg,1,7.61,8.16,0
2024-09-27,Hamburg,1,5.59,6.16,0
2024-09-28,Hamburg,1,16.24,43.62,0
2024-09-29,Hamburg,1,19.85,8.49,0
2024-09-30,Hamburg,1,6.68,5.77,0
2024-10-01,Hamburg,1,14.33,1.88,0
2024-10-02,Hamburg,0,14.03,21.06,0
2024-10-03,Hamburg,0,4.54,10.75,0
2024-10-04,Hamburg,0,2.38,10.68,0
2024-10-05,Hamburg,0,8.0,0.44,0
2024-10-06,Hamburg,0,9.52,1.19,0
2024-10-07,Hamburg,0,10.82,19.19,0
2024-10-08,Hamburg,0,0.48,2.99,0
2024-10-09,Hamburg,1,5.23,2.59,0
2024-10-10,Hamburg,1,4.36,1.9,0
2024-10-11,Hamburg,1,10.99,11.34,0
2024-10-12,Hamburg,1,5.21,4.79,0
2024-10-13,Hamburg,0,14.26,10.02,0
2024-10-14,Hamburg,0,10.88,16.13,0
2024-10-15,Hamburg,1,0.08,40.36,0
2024-10-16,Hamburg,1,8.16,10.01,0
2024-10-17,Hamburg,1,4.48,5.22,0
2024-10-18,Hamburg,0,1.62,7.89,0
2024-10-19,Hamburg,0,7.23,7.21,0
2024-10-20,Hamburg,0,2.52,26.83,0
2024-10-21,Hamburg,1,4.18,26.56,0
2024-10-22,Hamburg,1,4.53,3.66,0
2024-10-23,Hamburg,1,10.99,30.89,0
2024-10-24,Hamburg,0,3.17,2.78,0
2024-10-25,Hamburg,0,0.26,12.48,0
2024-10-26,Hamburg,0,7.36,9.55,0
2024-10-27,Hamburg,0,5.08,10.02,0
2024-10-28,Hamburg,0,0.72,1.75,0
2024-10-29,Hamburg,0,1.83,5.46,0
2024-10-30,Hamburg,0,3.41,7.63,0
2024-10-31,Hamburg,0,7.54,13.24,0
2024-11-01,Hamburg,0,1.34,20.78,0
2024-11-02,Hamburg,0,14.27,0.49,0
2024-11-03,Hamburg,0,1.28,1.9,0
2024-11-04,Hamburg,0,1.08,5.06,0
2024-11-05,Hamburg,0,13.46,1.76,0
2024-11-06,Hamburg,0,11.39,15.88,0
2024-11-07,Hamburg,0,1.37,21.79,0
2024-11-08,Hamburg,0,4.5,17.9,0
2024-11-09,Hamburg,0,7.4,1.94,0
2024-11-10,Hamburg,0,0.11,8.4,0
2024-11-11,Hamburg,0,3.23,9.7,0
2024-11-12,Hamburg,0,6.64,5.71,0
2024-11-13,Hamburg,0,16.45,3.05,0
2024-11-14,Hamburg,0,5.4,9.75,0
2024-11-15,Hamburg,0,0.86,3.56,0
2024-11-16,Hamburg,0,0.03,0.92,0
2024-11-17,Hamburg,0,0.71,7.0,0
2024-11-18,Hamburg,0,7.59,18.49,0
2024-11-19,Hamburg,0,4.24,0.34,0
2024-11-20,Hamburg,0,3.55,16.25,0
2024-11-21,Hamburg,0,9.03,7.05,0
2024-11-22,Hamburg,0,3.7,7.29,0
2024-11-23,Hamburg,0,0.42,18.04,0
2024-11-24,Hamburg,0,3.37,0.14,0
2024-11-25,Hamburg,0,11.8,0.65,0
2024-11-26,Hamburg,0,0.57,2.86,0
2024-11-27,Hamburg,0,38.88,13.3,0
2024-11-28,Hamburg,0,9.28,5.47,0
2024-11-29,Hamburg,0,0.94,19.03,0
2024-11-30,Hamburg,0,0.72,9.54,0
2024-12-01,Hamburg,0,8.4,13.61,0
2024-12-02,Hamburg,0,20.14,49.89,0
2024-12-03,Hamburg,0,0.03,5.12,0
2024-12-04,Hamburg,0,4.6,12.54,0
2024-12-05,Hamburg,0,3.24,11.25,0
2024-12-06,Hamburg,0,1.72,15.96,0
2024-12-07,Hamburg,1,1.92,44.0,0
2024-12-08,Hamburg,1,0.95,11.15,0
2024-12-09,Hamburg,0,2.11,10.18,0
2024-12-10,Hamburg,0,9.3,28.37,0
2024-12-11,Hamburg,0,0.48,11.04,0
2024-12-12,Hamburg,0,12.45,2.63,0
2024-12-13,Hamburg,0,5.2,14.35,0
2024-12-14,Hamburg,0,0.31,3.93,0
2024-12-15,Hamburg,0,6.64,7.29,0
2024-12-16,Hamburg,0,1.94,3.95,0
2024-12-17,Hamburg,0,2.38,33.44,0
2024-12-18,Hamburg,0,4.64,24.6,0
2024-12-19,Hamburg,0,4.24,1.03,0
2024-12-20,Hamburg,0,17.34,17.92,0
2024-12-21,Hamburg,0,7.03,13.43,0
2024-12-22,Hamburg,0,3.33,1.54,0
2024-12-23,Hamburg,0,2.58,2.03,0
2024-12-24,Hamburg,0,1.81,4.69,0
2024-12-25,Hamburg,0,0.13,12.36,0
2024-12-26,Hamburg,0,8.72,12.09,0
2024-12-27,Hamburg,0,1.92,0.82,0
2024-12-28,Hamburg,0,5.65,6.89,0
2024-12-29,Hamburg,0,3.3,4.29,0
2024-12-30,Hamburg,0,6.94,0.63,0
2024-12-31,Hamburg,0,2.29,14.99,0
2025-01-01,Hamburg,0,10.01,0.62,0
2025-01-02,Hamburg,0,3.01,18.01,0
2025-01-03,Hamburg,0,0.31,13.4,0
2025-01-04,Hamburg,0,1.78,10.74,0
2025-01-05,Hamburg,0,3.54,6.35,0
2025-01-06,Hamburg,0,10.21,27.48,0
2025-01-07,Hamburg,0,2.87,5.11,0
2025-01-08,Hamburg,0,0.23,1.99,0
2025-01-09,Hamburg,0,3.21,2.93,0
2025-01-10,Hamburg,0,3.89,0.14,0
2025-01-11,Hamburg,0,3.26,21.16,0
2025-01-12,Hamburg,0,26.51,7.53,0
2025-01-13,Hamburg,0,2.46,37.44,0
2025-01-14,Hamburg,0,7.1,10.34,0
2025-01-15,Hamburg,0,6.14,15.51,0
2025-01-16,Hamburg,0,1.92,9.86,0
2025-01-17,Hamburg,0,0.3,19.94,0
2025-01-18,Hamburg,0,5.61,2.9,0
2025-01-19,Hamburg,0,6.56,1.63,0
2025-01-20,Hamburg,0,5.23,0.86,0
2025-01-21,Hamburg,0,4.05,14.09,0
2025-01-22,Hamburg,0,9.19,0.63,0
2025-01-23,Hamburg,0,2.49,12.21,0
2025-01-24,Hamburg,0,1.34,27.01,0
2025-01-25,Hamburg,0,2.98,65.23,0
2025-01-26,Hamburg,0,11.37,12.61,0
2025-01-27,Hamburg,0,4.71,0.25,0
2025-01-28,Hamburg,0,0.96,0.4,0
2025-01-29,Hamburg,0,0.98,16.58,0
2025-01-30,Hamburg,0,3.97,54.04,0
2025-01-31,Hamburg,0,2.7,6.13,0
2025-02-01,Hamburg,0,0.62,10.33,0
2025-02-02,Hamburg,0,5.45,3.57,0
2025-02-03,Hamburg,0,9.48,11.04,0
2025-02-04,Hamburg,0,1.49,0.47,0
2025-02-05,Hamburg,0,3.93,7.17,0
2025-02-06,Hamburg,0,0.22,29.73,0
2025-02-07,Hamburg,1,2.25,8.32,0
2025-02-08,Hamburg,1,42.17,4.31,0
2025-02-09,Hamburg,1,10.56,38.01,0
2025-02-10,Hamburg,0,0.59,6.66,0
2025-02-11,Hamburg,0,7.67,20.18,0
2025-02-12,Hamburg,0,5.53,10.99,0
2025-02-13,Hamburg,0,3.53,3.45,0
2025-02-14,Hamburg,0,3.21,43.76,0
2025-02-15,Hamburg,0,2.54,1.98,0
2025-02-16,Hamburg,1,0.71,26.17,0
2025-02-17,Hamburg,0,8.71,14.35,0
2025-02-18,Hamburg,0,4.93,21.53,0
2025-02-19,Hamburg,0,1.53,3.32,0
2025-02-20,Hamburg,0,0.16,2.65,0
2025-02-21,Hamburg,0,0.2,15.44,0
2025-02-22,Hamburg,0,0.29,1.8,0
2025-02-23,Hamburg,0,2.64,7.96,0
2025-02-24,Hamburg,0,6.94,1.33,0
2025-02-25,Hamburg,0,1.68,13.14,0
2025-02-26,Hamburg,0,6.18,4.43,0
2025-02-27,Hamburg,0,0.02,28.23,0
2025-02-28,Hamburg,0,2.0,10.35,0
2025-03-01,Hamburg,0,13.95,8.78,0
2025-03-02,Hamburg,0,3.46,2.65,0
2025-03-03,Hamburg,0,2.81,12.47,0
2025-03-04,Hamburg,0,10.68,6.93,0
2025-03-05,Hamburg,0,1.32,4.25,0
2025-03-06,Hamburg,0,0.36,11.79,0
2025-03-07,Hamburg,0,4.95,38.75,0
2025-03-08,Hamburg,0,6.4,3.82,0
2025-03-09,Hamburg,0,3.97,17.79,0
2025-03-10,Hamburg,0,1.52,4.12,0
2025-03-11,Hamburg,0,4.32,8.27,0
2025-03-12,Hamburg,0,4.65,2.0,0
2025-03-13,Hamburg,0,2.73,8.12,0
2025-03-14,Hamburg,0,0.43,9.42,0
2025-03-15,Hamburg,0,10.35,5.85,0
2025-03-16,Hamburg,0,13.22,7.56,0
2025-03-17,Hamburg,1,18.33,21.09,0
2025-03-18,Hamburg,1,6.62,8.84,0
2025-03-19,Hamburg,0,1.1,3.46,0
2025-03-20,Hamburg,0,3.83,24.94,0
2025-03-21,Hamburg,0,1.33,3.79,0
2025-03-22,Hamburg,1,8.54,10.11,0
2025-03-23,Hamburg,0,1.43,11.17,0
2025-03-24,Hamburg,0,7.35,2.3,0
2025-03-25,Hamburg,0,1.55,31.65,0
2025-03-26,Hamburg,0,1.23,28.92,0
2025-03-27,Hamburg,0,2.61,32.77,0
2025-03-28,Hamburg,0,4.02,8.46,0
2025-03-29,Hamburg,0,11.33,5.32,0
2025-03-30,Hamburg,0,1.45,39.82,0
2025-03-31,Hamburg,0,10.99,12.97,0
2025-04-01,Hamburg,1,8.65,5.89,0
2025-04-02,Hamburg,1,7.34,25.3,0
2025-04-03,Hamburg,0,7.84,2.02,0
2025-04-04,Hamburg,0,1.46,0.92,0
2025-04-05,Hamburg,1,3.2,62.6,0
2025-04-06,Hamburg,1,0.17,0.33,0
2025-04-07,Hamburg,1,10.02,2.23,0
2025-04-08,Hamburg,0,0.51,1.63,0
2025-04-09,Hamburg,0,9.46,1.2,0
2025-04-10,Hamburg,1,6.56,55.67,0
2025-04-11,Hamburg,1,10.9,17.17,0
2025-04-12,Hamburg,1,4.25,38.63,0
2025-04-13,Hamburg,0,5.11,17.01,0
2025-04-14,Hamburg,1,0.03,10.65,0
2025-04-15,Hamburg,0,0.24,26.85,0
2025-04-16,Hamburg,0,5.25,2.47,0
2025-04-17,Hamburg,1,6.93,43.4,0
2025-04-18,Hamburg,0,3.43,4.68,0
2025-04-19,Hamburg,1,17.26,2.91,0
2025-04-20,Hamburg,1,1.2,22.76,0
2025-04-21,Hamburg,1,8.62,89.68,0
2025-04-22,Hamburg,1,4.55,11.17,0
2025-04-23,Hamburg,1,10.05,2.27,0
2025-04-24,Hamburg,1,5.58,2.12,0
2025-04-25,Hamburg,1,9.4,9.97,0
2025-04-26,Hamburg,1,4.04,40.08,0
2025-04-27,Hamburg,1,5.58,22.09,0
2025-04-28,Hamburg,1,8.77,25.06,0
2025-04-29,Hamburg,1,2.0,41.27,0
2025-04-30,Hamburg,1,5.1,15.29,0
2025-05-01,Hamburg,0,8.97,16.2,0
2025-05-02,Hamburg,1,5.92,8.19,0
2025-05-03,Hamburg,1,0.59,3.98,0
2025-05-04,Hamburg,1,2.46,45.57,0
2025-05-05,Hamburg,1,18.1,7.89,0
2025-05-06,Hamburg,1,2.63,71.74,0
2025-05-07,Hamburg,1,6.34,8.71,0
2025-05-08,Hamburg,2,12.23,11.97,0
2025-05-09,Hamburg,1,8.6,23.5,0
2025-05-10,Hamburg,1,9.92,19.66,0
2025-05-11,Hamburg,1,7.44,1.0,0
2025-05-12,Hamburg,1,4.58,9.4,0
2025-05-13,Hamburg,1,0.2,34.43,0
2025-05-14,Hamburg,1,5.54,2.87,0
2025-05-15,Hamburg,1,4.28,16.81,0
2025-05-16,Hamburg,1,3.79,13.13,0
2025-05-17,Hamburg,0,5.06,1.12,0
2025-05-18,Hamburg,1,1.93,24.06,0
2025-05-19,Hamburg,1,1.31,25.78,0
2025-05-20,Hamburg,1,4.62,5.99,0
2025-05-21,Hamburg,2,3.77,22.7,1
2025-05-22,Hamburg,2,8.03,0.38,0
2025-05-23,Hamburg,2,7.63,27.11,0
2025-05-24,Hamburg,2,8.09,26.17,0
2025-05-25,Hamburg,2,6.24,2.2,1
2025-05-26,Hamburg,2,1.74,18.23,0
2025-05-27,Hamburg,2,15.26,6.16,0
2025-05-28,Hamburg,2,0.56,38.96,0
2025-05-29,Hamburg,1,14.53,15.43,0
2025-05-30,Hamburg,1,12.48,18.34,0
2025-05-31,Hamburg,1,11.32,1.1,0
2025-06-01,Hamburg,2,13.24,7.2,0
2025-06-02,Hamburg,1,15.94,32.72,0
2025-06-03,Hamburg,1,17.69,7.27,0
2025-06-04,Hamburg,2,5.27,72.38,0
2025-06-05,Hamburg,1,27.68,22.25,0
2025-06-06,Hamburg,1,4.45,31.93,0
2025-06-07,Hamburg,0,0.98,8.4,0
2025-06-08,Hamburg,0,12.59,7.76,0
2025-06-09,Hamburg,1,1.7,0.36,0
2025-06-10,Hamburg,2,1.02,0.98,0
2025-06-11,Hamburg,1,20.82,51.0,0
2025-06-12,Hamburg,1,0.4,7.52,0
2025-06-13,Hamburg,1,11.74,12.35,0
2025-06-14,Hamburg,1,35.88,19.56,0
2025-06-15,Hamburg,2,12.07,1.08,0
2025-06-16,Hamburg,2,13.06,31.3,0
2025-06-17,Hamburg,2,9.39,5.83,0
2025-06-18,Hamburg,1,3.8,13.3,0
2025-06-19,Hamburg,1,2.12,13.4,0
2025-06-20,Hamburg,1,33.0,1.87,0
2025-06-21,Hamburg,1,15.53,6.3,0
2025-06-22,Hamburg,1,6.57,14.63,0
2025-06-23,Hamburg,1,0.81,17.55,0
2025-06-24,Hamburg,1,0.34,13.11,0
2025-06-25,Hamburg,2,3.38,10.99,0
2025-06-26,Hamburg,1,1.79,54.26,0
2025-06-27,Hamburg,2,40.47,1.3,1
2025-06-28,Hamburg,1,10.44,8.46,0
2025-06-29,Hamburg,1,0.9,7.51,0
2025-06-30,Hamburg,1,18.69,3.71,0
2025-07-01,Hamburg,1,7.77,22.9,0
2025-07-02,Hamburg,1,3.98,25.14,0
2025-07-03,Hamburg,1,1.98,32.37,0
2025-07-04,Hamburg,2,18.51,15.44,1
2025-07-05,Hamburg,2,11.13,2.92,1
2025-07-06,Hamburg,2,1.96,65.38,0
2025-07-07,Hamburg,2,18.76,23.4,0
2025-07-08,Hamburg,2,40.17,12.57,0
2025-07-09,Hamburg,2,2.07,41.9,0
2025-07-10,Hamburg,1,4.65,1.0,0
2025-07-11,Hamburg,1,1.55,50.58,0
2025-07-12,Hamburg,1,17.56,10.36,0
2025-07-13,Hamburg,1,1.42,2.91,0
2025-07-14,Hamburg,1,1.53,25.46,0
2025-07-15,Hamburg,1,17.83,40.19,0
2025-07-16,Hamburg,1,3.62,3.01,0
2025-07-17,Hamburg,2,27.23,28.55,0
2025-07-18,Hamburg,2,0.66,77.95,0
2025-07-19,Hamburg,1,10.33,51.0,0
2025-07-20,Hamburg,1,9.37,4.6,0
2025-07-21,Hamburg,2,2.86,8.69,0
2025-07-22,Hamburg,2,0.71,3.76,0
2025-07-23,Hamburg,2,0.11,6.82,0
2025-07-24,Hamburg,2,18.63,12.32,0
2025-07-25,Hamburg,1,19.59,2.75,0
2025-07-26,Hamburg,1,6.29,0.8,0
2025-07-27,Hamburg,0,2.16,3.89,0
2025-07-28,Hamburg,1,0.53,34.28,0
2025-07-29,Hamburg,1,5.15,4.58,0
2025-07-30,Hamburg,1,22.77,18.49,0
2025-07-31,Hamburg,2,20.33,18.48,0
2025-08-01,Hamburg,1,6.07,25.84,0
2025-08-02,Hamburg,1,0.78,2.99,0
2025-08-03,Hamburg,1,7.08,0.44,0
2025-08-04,Hamburg,1,0.8,28.07,0
2025-08-05,Hamburg,1,16.45,22.26,0
2025-08-06,Hamburg,1,13.58,7.99,0
2025-08-07,Hamburg,1,13.38,31.25,0
2025-08-08,Hamburg,1,0.05,3.53,0
2025-08-09,Hamburg,1,1.63,2.93,0
2025-08-10,Hamburg,1,13.61,6.09,0
2025-08-11,Hamburg,1,5.82,6.62,0
2025-08-12,Hamburg,1,7.47,6.1,0
2025-08-13,Hamburg,1,3.04,14.53,0
2025-08-14,Hamburg,1,11.17,15.19,0
2025-08-15,Hamburg,1,6.31,1.81,0
2025-08-16,Hamburg,1,8.33,5.28,0
2025-08-17,Hamburg,0,2.68,15.6,0
2025-08-18,Hamburg,1,2.36,5.13,0
2025-08-19,Hamburg,1,0.13,46.47,0
2025-08-20,Hamburg,1,0.52,5.94,0
2025-08-21,Hamburg,1,1.3,12.43,0
2025-08-22,Hamburg,1,0.33,0.9,0
2025-08-23,Hamburg,1,11.68,66.03,0
2025-08-24,Hamburg,1,9.86,32.79,0
2025-08-25,Hamburg,1,2.58,2.67,0
2025-08-26,Hamburg,1,6.58,2.6,0
2025-08-27,Hamburg,1,5.94,32.49,0
2025-08-28,Hamburg,1,16.61,40.37,0
2025-08-29,Hamburg,1,0.92,14.22,0
2025-08-30,Hamburg,1,23.64,42.19,0
2025-08-31,Hamburg,0,0.09,3.04,0
2025-09-01,Hamburg,1,10.04,6.72,0
2025-09-02,Hamburg,1,0.78,4.06,0
2025-09-03,Hamburg,1,11.49,13.2,0
2025-09-04,Hamburg,1,1.73,8.34,0
2025-09-05,Hamburg,1,2.92,8.57,0
2025-09-06,Hamburg,1,18.15,45.79,0
2025-09-07,Hamburg,1,10.22,10.23,0
2025-09-08,Hamburg,0,5.0,6.8,0
2025-09-09,Hamburg,1,9.09,9.46,0
2025-09-10,Hamburg,0,3.23,2.99,0
2025-09-11,Hamburg,0,1.27,18.05,0
2025-09-12,Hamburg,0,13.73,5.07,0
2025-09-13,Hamburg,0,11.54,1.18,0
2025-09-14,Hamburg,0,9.07,11.07,0
2025-09-15,Hamburg,1,4.72,53.64,0
2025-09-16,Hamburg,1,8.77,20.7,0
2025-09-17,Hamburg,1,0.94,10.45,0
2025-09-18,Hamburg,1,3.25,8.8,0
2025-09-19,Hamburg,1,2.34,16.22,0
2025-09-20,Hamburg,1,7.51,22.04,0
2025-09-21,Hamburg,1,0.43,32.16,0
2025-09-22,Hamburg,2,4.96,11.54,0
2025-09-23,Hamburg,1,2.73,2.72,0
2025-09-24,Hamburg,1,1.86,15.15,0
2025-09-25,Hamburg,1,8.07,12.6,0
2025-09-26,Hamburg,1,2.66,7.83,0
2025-09-27,Hamburg,1,13.63,2.42,0
2025-09-28,Hamburg,0,0.78,10.27,0
2025-09-29,Hamburg,0,0.25,2.01,0
2025-09-30,Hamburg,0,1.69,0.17,0
2025-10-01,Hamburg,0,0.53,6.23,0
2025-10-02,Hamburg,0,0.95,9.06,0
2025-10-03,Hamburg,0,13.05,28.94,0
2025-10-04,Hamburg,0,0.72,1.58,0
2025-10-05,Hamburg,0,0.44,13.18,0
2025-10-06,Hamburg,0,2.4,3.24,0
2025-10-07,Hamburg,0,1.06,27.98,0
2025-10-08,Hamburg,0,12.42,17.58,0
2025-10-09,Hamburg,0,11.76,0.56,0
2025-10-10,Hamburg,0,11.79,2.18,0
2025-10-11,Hamburg,0,8.53,0.44,0
2025-10-12,Hamburg,0,1.89,5.98,0
2025-10-13,Hamburg,0,2.07,6.35,0
2025-10-14,Hamburg,0,5.01,9.75,0
2025-10-15,Hamburg,0,0.89,0.01,0
2025-10-16,Hamburg,0,1.87,23.57,0
2025-10-17,Hamburg,0,1.1,11.63,0
2025-10-18,Hamburg,0,4.34,12.9,0
2025-10-19,Hamburg,0,6.41,5.56,0
2025-10-20,Hamburg,0,1.75,15.72,0
2025-10-21,Hamburg,0,0.22,8.3,0
2025-10-22,Hamburg,0,2.22,15.88,0
2025-10-23,Hamburg,0,2.36,24.13,0
2025-10-24,Hamburg,0,26.83,18.96,0
2025-10-25,Hamburg,0,2.47,5.31,0
2025-10-26,Hamburg,0,0.84,0.16,0
2025-10-27,Hamburg,0,1.43,1.09,0
2025-10-28,Hamburg,0,5.99,8.46,0
2025-10-29,Hamburg,0,4.92,36.73,0
2025-10-30,Hamburg,0,8.12,5.59,0
2025-10-31,Hamburg,0,2.34,0.49,0
2025-11-01,Hamburg,0,8.47,10.5,0
2025-11-02,Hamburg,0,3.16,4.91,0
2025-11-03,Hamburg,0,10.05,13.63,0
2025-11-04,Hamburg,0,12.68,0.68,0
2025-11-05,Hamburg,0,22.15,1.24,0
2025-11-06,Hamburg,1,2.09,45.91,0
2025-11-07,Hamburg,1,0.67,2.71,0
2025-11-08,Hamburg,1,1.16,3.53,0
2025-11-09,Hamburg,1,39.74,7.23,0
2025-11-10,Hamburg,1,3.02,20.45,0
2025-11-11,Hamburg,1,0.8,6.34,0
2025-11-12,Hamburg,0,2.02,14.31,0
2025-11-13,Hamburg,0,2.79,8.81,0
2025-11-14,Hamburg,0,31.54,9.27,0
2025-11-15,Hamburg,0,3.17,2.28,0
2025-11-16,Hamburg,0,2.92,17.83,0
2025-11-17,Hamburg,0,4.42,1.3,0
2025-11-18,Hamburg,0,1.11,0.01,0
2025-11-19,Hamburg,0,2.03,5.27,0
2025-11-20,Hamburg,0,14.09,4.7,0
2025-11-21,Hamburg,0,5.75,10.31,0
2025-11-22,Hamburg,0,2.22,0.54,0
2025-11-23,Hamburg,0,6.97,0.74,0
2025-11-24,Hamburg,0,0.53,11.46,0
2025-11-25,Hamburg,0,8.42,2.76,0
2025-11-26,Hamburg,0,4.75,23.88,0
2025-11-27,Hamburg,0,13.08,7.15,0
2025-11-28,Hamburg,0,0.18,1.29,0
2025-11-29,Hamburg,0,3.03,9.88,0
2025-11-30,Hamburg,0,3.06,5.14,0
2025-12-01,Hamburg,0,21.08,25.95,0
2025-12-02,Hamburg,0,12.69,4.1,0
2025-12-03,Hamburg,0,6.11,4.31,0
2025-12-04,Hamburg,0,3.11,6.61,0
2025-12-05,Hamburg,0,2.9,6.82,0
2025-12-06,Hamburg,0,5.07,0.9,0
2025-12-07,Hamburg,0,1.63,13.83,0
2025-12-08,Hamburg,0,3.83,15.91,0
2025-12-09,Hamburg,1,9.9,2.97,0
2025-12-10,Hamburg,0,4.14,19.88,0
2025-12-11,Hamburg,0,4.06,2.53,0
2025-12-12,Hamburg,0,2.33,21.36,0
2025-12-13,Hamburg,0,1.64,4.83,0
2025-12-14,Hamburg,0,1.7,11.99,0
2025-12-15,Hamburg,0,6.31,16.68,0
2025-12-16,Hamburg,0,5.04,1.23,0
2025-12-17,Hamburg,0,1.38,0.59,0
2025-12-18,Hamburg,0,5.46,2.28,0
2025-12-19,Hamburg,0,4.33,11.61,0
2025-12-20,Hamburg,0,0.07,8.0,0
2025-12-21,Hamburg,0,1.92,4.16,0
2025-12-22,Hamburg,0,2.87,1.17,0
2025-12-23,Hamburg,0,2.22,26.06,0
2025-12-24,Hamburg,0,15.89,20.63,0
2025-12-25,Hamburg,0,2.08,2.04,0
2025-12-26,Hamburg,0,4.43,15.35,0
2025-12-27,Hamburg,0,6.12,0.87,0
2025-12-28,Hamburg,0,10.53,11.37,0
2025-12-29,Hamburg,0,3.16,9.27,0
2025-12-30,Hamburg,0,0.26,68.75,0
2025-12-31,Hamburg,0,3.13,9.03,0
2023-01-01,Antwerp,0,2.05,2.25,0
2023-01-02,Antwerp,0,3.64,0.98,0
2023-01-03,Antwerp,0,5.23,0.97,0
2023-01-04,Antwerp,0,7.22,4.01,0
2023-01-05,Antwerp,0,0.94,15.21,0
2023-01-06,Antwerp,1,14.42,36.96,0
2023-01-07,Antwerp,0,1.56,0.47,0
2023-01-08,Antwerp,0,17.01,11.67,0
2023-01-09,Antwerp,0,0.5,4.93,0
2023-01-10,Antwerp,0,0.66,0.47,0
2023-01-11,Antwerp,0,1.31,6.76,0
2023-01-12,Antwerp,0,0.8,0.27,0
2023-01-13,Antwerp,0,0.44,12.43,0
2023-01-14,Antwerp,0,22.81,0.69,0
2023-01-15,Antwerp,0,1.29,5.44,0
2023-01-16,Antwerp,0,0.32,7.05,0
2023-01-17,Antwerp,0,0.79,6.98,0
2023-01-18,Antwerp,0,9.35,3.3,0
2023-01-19,Antwerp,0,0.11,15.83,0
2023-01-20,Antwerp,0,11.37,32.61,0
2023-01-21,Antwerp,0,1.11,0.28,0
2023-01-22,Antwerp,0,1.86,0.61,0
2023-01-23,Antwerp,0,18.23,0.49,0
2023-01-24,Antwerp,0,5.27,0.24,0
2023-01-25,Antwerp,0,9.66,9.13,0
2023-01-26,Antwerp,0,2.81,8.34,0
2023-01-27,Antwerp,0,0.08,3.9,0
2023-01-28,Antwerp,1,2.88,17.92,0
2023-01-29,Antwerp,0,1.6,24.4,0
2023-01-30,Antwerp,0,3.77,3.31,0
2023-01-31,Antwerp,0,2.7,1.37,0
2023-02-01,Antwerp,0,5.32,0.09,0
2023-02-02,Antwerp,0,1.54,21.83,0
2023-02-03,Antwerp,0,3.12,11.94,0
2023-02-04,Antwerp,0,5.29,7.14,0
2023-02-05,Antwerp,0,2.63,8.71,0
2023-02-06,Antwerp,0,2.22,0.53,0
2023-02-07,Antwerp,0,7.41,10.96,0
2023-02-08,Antwerp,0,4.9,5.69,0
2023-02-09,Antwerp,0,6.6,3.27,0
2023-02-10,Antwerp,0,5.33,4.27,0
2023-02-11,Antwerp,0,0.48,2.23,0
2023-02-12,Antwerp,0,2.51,38.39,0
2023-02-13,Antwerp,0,2.88,10.45,0
2023-02-14,Antwerp,0,3.79,7.09,0
2023-02-15,Antwerp,0,11.31,0.56,0
2023-02-16,Antwerp,0,2.38,0.62,0
2023-02-17,Antwerp,0,2.64,22.28,0
2023-02-18,Antwerp,0,1.5,15.83,0
2023-02-19,Antwerp,0,10.1,1.59,0
2023-02-20,Antwerp,0,12.15,3.13,0
2023-02-21,Antwerp,0,7.59,10.75,0
2023-02-22,Antwerp,0,2.7,10.04,0
2023-02-23,Antwerp,0,7.0,4.38,0
2023-02-24,Antwerp,0,2.21,7.54,0
2023-02-25,Antwerp,0,8.52,11.04,0
2023-02-26,Antwerp,0,6.87,17.96,0
2023-02-27,Antwerp,0,9.17,1.62,0
2023-02-28,Antwerp,0,1.04,4.07,0
2023-03-01,Antwerp,0,2.17,10.83,0
2023-03-02,Antwerp,0,6.29,1.15,0
2023-03-03,Antwerp,0,10.32,69.89,0
2023-03-04,Antwerp,0,12.39,30.53,0
2023-03-05,Antwerp,1,5.8,14.92,0
2023-03-06,Antwerp,1,3.26,5.56,0
2023-03-07,Antwerp,0,2.29,10.22,0
2023-03-08,Antwerp,0,7.98,43.08,0
2023-03-09,Antwerp,0,0.26,0.8,0
2023-03-10,Antwerp,0,0.58,7.92,0
2023-03-11,Antwerp,0,0.13,7.96,0
2023-03-12,Antwerp,0,6.21,2.21,0
2023-03-13,Antwerp,0,0.27,10.85,0
2023-03-14,Antwerp,0,0.68,2.01,0
2023-03-15,Antwerp,0,6.92,9.41,0
2023-03-16,Antwerp,0,0.22,1.0,0
2023-03-17,Antwerp,0,1.37,26.01,0
2023-03-18,Antwerp,1,2.07,42.65,0
2023-03-19,Antwerp,0,19.45,36.18,0
2023-03-20,Antwerp,1,1.93,2.82,0
2023-03-21,Antwerp,1,2.07,43.94,0
2023-03-22,Antwerp,1,0.29,24.36,0
2023-03-23,Antwerp,1,9.26,2.14,0
2023-03-24,Antwerp,0,8.63,3.14,0
2023-03-25,Antwerp,0,3.04,11.51,0
2023-03-26,Antwerp,0,1.92,0.2,0
2023-03-27,Antwerp,0,0.78,0.54,0
2023-03-28,Antwerp,0,0.6,0.4,0
2023-03-29,Antwerp,0,1.83,28.24,0
2023-03-30,Antwerp,0,11.94,0.56,0
2023-03-31,Antwerp,0,0.22,2.47,0
2023-04-01,Antwerp,0,15.88,0.78,0
2023-04-02,Antwerp,0,0.33,22.08,0
2023-04-03,Antwerp,0,23.43,11.03,0
2023-04-04,Antwerp,0,0.29,5.06,0
2023-04-05,Antwerp,1,2.24,28.39,0
2023-04-06,Antwerp,0,5.72,8.83,0
2023-04-07,Antwerp,0,3.12,14.32,0
2023-04-08,Antwerp,0,2.24,6.56,0
2023-04-09,Antwerp,0,32.71,10.44,0
2023-04-10,Antwerp,0,16.29,12.34,0
2023-04-11,Antwerp,1,6.47,4.75,0
2023-04-12,Antwerp,1,2.27,13.51,0
2023-04-13,Antwerp,1,7.51,7.24,0
2023-04-14,Antwerp,0,1.13,2.65,0
2023-04-15,Antwerp,0,2.08,4.13,0
2023-04-16,Antwerp,0,4.0,6.08,0
2023-04-17,Antwerp,0,4.06,33.88,0
2023-04-18,Antwerp,0,3.04,20.05,0
2023-04-19,Antwerp,0,13.17,8.67,0
2023-04-20,Antwerp,0,1.26,34.18,0
2023-04-21,Antwerp,0,4.49,1.55,0
2023-04-22,Antwerp,0,3.05,0.22,0
2023-04-23,Antwerp,1,3.63,3.75,0
2023-04-24,Antwerp,1,0.19,19.47,0
2023-04-25,Antwerp,1,5.05,30.97,0
2023-04-26,Antwerp,1,5.21,18.21,0
2023-04-27,Antwerp,1,26.3,0.05,0
2023-04-28,Antwerp,1,7.8,49.92,0
2023-04-29,Antwerp,1,3.18,5.83,0
2023-04-30,Antwerp,1,7.79,34.54,0
2023-05-01,Antwerp,1,0.46,5.57,0
2023-05-02,Antwerp,2,4.03,65.64,0
2023-05-03,Antwerp,1,2.73,2.72,0
2023-05-04,Antwerp,1,6.04,7.62,0
2023-05-05,Antwerp,1,12.39,3.31,0
2023-05-06,Antwerp,1,10.11,1.61,0
2023-05-07,Antwerp,1,4.6,3.52,0
2023-05-08,Antwerp,0,4.81,5.39,0
2023-05-09,Antwerp,0,0.87,23.34,0
2023-05-10,Antwerp,1,1.78,44.16,0
2023-05-11,Antwerp,1,7.39,47.86,0
2023-05-12,Antwerp,0,0.67,0.4,0
2023-05-13,Antwerp,0,1.39,1.57,0
2023-05-14,Antwerp,1,5.67,44.78,0
2023-05-15,Antwerp,0,1.95,19.88,0
2023-05-16,Antwerp,0,1.31,14.3,0
2023-05-17,Antwerp,0,2.4,32.84,0
2023-05-18,Antwerp,1,3.41,34.92,0
2023-05-19,Antwerp,1,1.4,24.36,0
2023-05-20,Antwerp,1,0.73,24.77,0
2023-05-21,Antwerp,2,15.87,3.89,0
2023-05-22,Antwerp,1,20.36,0.22,0
2023-05-23,Antwerp,1,17.58,34.27,0
2023-05-24,Antwerp,1,1.15,2.56,0
2023-05-25,Antwerp,1,14.76,12.39,0
2023-05-26,Antwerp,1,0.58,3.45,0
2023-05-27,Antwerp,1,1.99,14.99,0
2023-05-28,Antwerp,1,4.66,2.81,0
2023-05-29,Antwerp,1,8.69,58.8,0
2023-05-30,Antwerp,1,0.98,17.02,0
2023-05-31,Antwerp,1,7.55,14.48,0
2023-06-01,Antwerp,2,14.59,1.81,0
2023-06-02,Antwerp,1,0.12,29.34,0
2023-06-03,Antwerp,1,4.43,5.54,0
2023-06-04,Antwerp,2,11.88,10.01,0
2023-06-05,Antwerp,1,1.54,49.69,0
2023-06-06,Antwerp,1,32.02,1.62,0
2023-06-07,Antwerp,2,1.09,60.25,0
2023-06-08,Antwerp,1,0.36,28.91,0
2023-06-09,Antwerp,1,24.5,30.05,0
2023-06-10,Antwerp,1,1.29,39.46,0
2023-06-11,Antwerp,1,16.88,14.65,0
2023-06-12,Antwerp,1,5.95,22.64,0
2023-06-13,Antwerp,1,3.89,51.94,0
2023-06-14,Antwerp,1,26.39,0.59,0
2023-06-15,Antwerp,1,15.49,49.99,0
2023-06-16,Antwerp,1,9.04,10.78,0
2023-06-17,Antwerp,1,3.27,3.2,0
2023-06-18,Antwerp,0,12.55,5.73,0
2023-06-19,Antwerp,0,0.05,2.04,0
2023-06-20,Antwerp,1,4.5,0.6,0
2023-06-21,Antwerp,1,3.45,5.66,0
2023-06-22,Antwerp,1,0.04,5.27,0
2023-06-23,Antwerp,1,14.16,1.76,0
2023-06-24,Antwerp,1,0.75,6.43,0
2023-06-25,Antwerp,1,3.55,44.36,0
2023-06-26,Antwerp,1,3.13,18.7,0
2023-06-27,Antwerp,1,9.5,41.48,0
2023-06-28,Antwerp,1,3.73,9.04,0
2023-06-29,Antwerp,1,2.51,4.76,0
2023-06-30,Antwerp,1,2.09,65.75,0
2023-07-01,Antwerp,1,7.85,11.42,0
2023-07-02,Antwerp,1,1.63,10.79,0
2023-07-03,Antwerp,1,12.32,7.07,0
2023-07-04,Antwerp,1,0.32,28.68,0
2023-07-05,Antwerp,1,3.93,0.64,0
2023-07-06,Antwerp,1,8.2,2.79,0
2023-07-07,Antwerp,0,4.84,2.12,0
2023-07-08,Antwerp,1,6.35,5.81,0
2023-07-09,Antwerp,1,2.49,35.44,0
2023-07-10,Antwerp,1,7.19,13.61,0
2023-07-11,Antwerp,1,13.9,29.42,0
2023-07-12,Antwerp,1,10.34,36.57,0
2023-07-13,Antwerp,0,2.85,2.84,0
2023-07-14,Antwerp,1,6.24,8.61,0
2023-07-15,Antwerp,1,0.51,18.99,0
2023-07-16,Antwerp,1,5.66,19.47,0
2023-07-17,Antwerp,0,0.22,0.25,0
2023-07-18,Antwerp,1,2.81,7.26,0
2023-07-19,Antwerp,1,13.03,4.59,0
2023-07-20,Antwerp,0,2.24,1.13,0
2023-07-21,Antwerp,1,6.71,14.99,0
2023-07-22,Antwerp,1,3.99,4.23,0
2023-07-23,Antwerp,1,3.4,15.75,0
2023-07-24,Antwerp,1,13.39,13.16,0
2023-07-25,Antwerp,1,18.53,6.84,0
2023-07-26,Antwerp,1,3.12,5.51,0
2023-07-27,Antwerp,0,1.47,0.99,0
2023-07-28,Antwerp,1,2.32,0.74,0
2023-07-29,Antwerp,1,5.3,8.75,0
2023-07-30,Antwerp,1,10.32,7.39,0
2023-07-31,Antwerp,1,10.61,8.65,0
2023-08-01,Antwerp,2,3.53,17.13,0
2023-08-02,Antwerp,2,0.34,17.14,0
2023-08-03,Antwerp,1,2.36,29.46,0
2023-08-04,Antwerp,1,9.84,31.5,0
2023-08-05,Antwerp,1,7.63,17.54,0
2023-08-06,Antwerp,1,12.97,2.32,0
2023-08-07,Antwerp,0,16.85,5.62,0
2023-08-08,Antwerp,0,0.99,3.46,0
2023-08-09,Antwerp,0,2.34,2.4,0
2023-08-10,Antwerp,1,8.15,32.95,0
2023-08-11,Antwerp,0,7.07,3.54,0
2023-08-12,Antwerp,1,7.01,1.53,0
2023-08-13,Antwerp,1,12.85,1.28,0
2023-08-14,Antwerp,1,1.25,11.08,0
2023-08-15,Antwerp,1,0.74,75.96,0
2023-08-16,Antwerp,1,1.86,1.18,0
2023-08-17,Antwerp,1,13.5,28.1,0
2023-08-18,Antwerp,1,2.11,26.23,0
2023-08-19,Antwerp,1,3.64,5.27,0
2023-08-20,Antwerp,1,40.64,5.97,0
2023-08-21,Antwerp,1,12.27,35.92,0
2023-08-22,Antwerp,1,1.98,15.58,0
2023-08-23,Antwerp,1,0.71,84.16,0
2023-08-24,Antwerp,1,3.95,24.38,0
2023-08-25,Antwerp,1,17.93,51.05,0
2023-08-26,Antwerp,1,1.66,17.48,0
2023-08-27,Antwerp,0,1.84,8.79,0
2023-08-28,Antwerp,0,2.83,13.13,0
2023-08-29,Antwerp,0,5.07,5.75,0
2023-08-30,Antwerp,0,5.04,11.64,0
2023-08-31,Antwerp,1,22.43,2.67,0
2023-09-01,Antwerp,1,1.25,21.82,0
2023-09-02,Antwerp,1,24.66,7.74,0
2023-09-03,Antwerp,1,1.51,5.72,0
2023-09-04,Antwerp,1,3.53,4.77,0
2023-09-05,Antwerp,1,2.0,13.34,0
2023-09-06,Antwerp,1,7.47,51.2,0
2023-09-07,Antwerp,0,0.9,3.32,0
2023-09-08,Antwerp,1,6.39,11.27,0
2023-09-09,Antwerp,1,6.63,19.62,0
2023-09-10,Antwerp,1,2.43,7.18,0
2023-09-11,Antwerp,0,5.02,0.19,0
2023-09-12,Antwerp,0,1.34,3.52,0
2023-09-13,Antwerp,1,2.31,12.99,0
2023-09-14,Antwerp,0,5.9,5.17,0
2023-09-15,Antwerp,0,0.45,0.93,0
2023-09-16,Antwerp,0,0.99,8.36,0
2023-09-17,Antwerp,0,4.18,23.83,0
2023-09-18,Antwerp,1,1.24,26.5,0
2023-09-19,Antwerp,0,4.8,1.49,0
2023-09-20,Antwerp,1,5.25,0.86,0
2023-09-21,Antwerp,1,18.62,1.41,0
2023-09-22,Antwerp,2,29.06,72.33,0
2023-09-23,Antwerp,2,9.08,0.31,0
2023-09-24,Antwerp,1,7.85,1.05,0
2023-09-25,Antwerp,1,32.78,7.82,0
2023-09-26,Antwerp,1,1.78,5.62,0
2023-09-27,Antwerp,1,1.12,1.72,0
2023-09-28,Antwerp,0,5.27,13.52,0
2023-09-29,Antwerp,0,1.09,10.13,0
2023-09-30,Antwerp,0,1.74,8.8,0
2023-10-01,Antwerp,0,10.88,1.66,0
2023-10-02,Antwerp,0,8.27,2.81,0
2023-10-03,Antwerp,0,3.45,2.25,0
2023-10-04,Antwerp,0,3.44,0.66,0
2023-10-05,Antwerp,0,7.79,5.02,0
2023-10-06,Antwerp,0,2.24,4.67,0
2023-10-07,Antwerp,0,2.43,0.12,0
2023-10-08,Antwerp,0,2.75,20.91,0
2023-10-09,Antwerp,0,10.34,25.35,0
2023-10-10,Antwerp,0,1.52,0.64,0
2023-10-11,Antwerp,0,9.86,30.92,0
2023-10-12,Antwerp,0,7.81,53.95,0
2023-10-13,Antwerp,0,3.09,12.95,0
2023-10-14,Antwerp,0,3.68,1.8,0
2023-10-15,Antwerp,0,15.36,25.27,0
2023-10-16,Antwerp,0,0.6,0.01,0
2023-10-17,Antwerp,1,4.35,13.64,0
2023-10-18,Antwerp,0,6.79,22.19,0
2023-10-19,Antwerp,0,6.55,13.46,0
2023-10-20,Antwerp,0,2.41,0.62,0
2023-10-21,Antwerp,0,0.03,31.05,0
2023-10-22,Antwerp,0,13.66,18.29,0
2023-10-23,Antwerp,0,10.7,4.11,0
2023-10-24,Antwerp,0,2.22,4.26,0
2023-10-25,Antwerp,0,1.28,2.18,0
2023-10-26,Antwerp,0,1.7,11.7,0
2023-10-27,Antwerp,0,3.32,5.95,0
2023-10-28,Antwerp,0,1.29,3.6,0
2023-10-29,Antwerp,0,3.05,8.56,0
2023-10-30,Antwerp,0,0.76,2.79,0
2023-10-31,Antwerp,0,0.34,7.41,0
2023-11-01,Antwerp,0,1.65,4.11,0
2023-11-02,Antwerp,0,0.6,0.77,0
2023-11-03,Antwerp,0,1.81,1.47,0
2023-11-04,Antwerp,0,10.09,0.3,0
2023-11-05,Antwerp,0,2.44,1.14,0
2023-11-06,Antwerp,0,7.95,1.64,0
2023-11-07,Antwerp,0,0.97,18.93,0
2023-11-08,Antwerp,0,10.65,0.32,0
2023-11-09,Antwerp,0,11.3,2.47,0
2023-11-10,Antwerp,0,2.48,11.25,0
2023-11-11,Antwerp,0,0.11,11.96,0
2023-11-12,Antwerp,0,5.71,18.52,0
2023-11-13,Antwerp,0,1.76,12.26,0
2023-11-14,Antwerp,0,1.8,5.99,0
2023-11-15,Antwerp,0,15.56,0.0,0
2023-11-16,Antwerp,0,0.3,0.13,0
2023-11-17,Antwerp,0,4.45,0.95,0
2023-11-18,Antwerp,0,4.34,35.59,0
2023-11-19,Antwerp,0,1.57,4.68,0
2023-11-20,Antwerp,0,1.82,25.06,0
2023-11-21,Antwerp,0,0.16,15.61,0
2023-11-22,Antwerp,0,1.42,24.24,0
2023-11-23,Antwerp,0,0.85,5.97,0
2023-11-24,Antwerp,0,0.75,8.32,0
2023-11-25,Antwerp,0,0.7,6.01,0
2023-11-26,Antwerp,1,1.15,0.73,0
2023-11-27,Antwerp,1,1.72,8.87,0
2023-11-28,Antwerp,1,2.83,33.68,0
2023-11-29,Antwerp,0,1.76,32.5,0
2023-11-30,Antwerp,0,6.91,8.61,0
2023-12-01,Antwerp,0,2.17,10.89,0
2023-12-02,Antwerp,0,2.53,11.46,0
2023-12-03,Antwerp,0,9.01,3.57,0
2023-12-04,Antwerp,0,0.8,9.25,0
2023-12-05,Antwerp,0,1.62,1.11,0
2023-12-06,Antwerp,0,0.27,0.91,0
2023-12-07,Antwerp,0,0.51,30.57,0
2023-12-08,Antwerp,0,0.76,17.54,0
2023-12-09,Antwerp,0,15.62,3.19,0
2023-12-10,Antwerp,0,4.71,0.88,0
2023-12-11,Antwerp,0,1.29,1.46,0
2023-12-12,Antwerp,0,2.21,9.68,0
2023-12-13,Antwerp,0,0.07,8.17,0
2023-12-14,Antwerp,0,11.99,24.1,0
2023-12-15,Antwerp,0,10.94,0.81,0
2023-12-16,Antwerp,0,6.74,1.87,0
2023-12-17,Antwerp,0,0.07,20.48,0
2023-12-18,Antwerp,0,1.81,8.52,0
2023-12-19,Antwerp,0,5.77,0.23,0
2023-12-20,Antwerp,0,4.9,2.87,0
2023-12-21,Antwerp,0,0.39,5.6,0
2023-12-22,Antwerp,0,1.17,1.01,0
2023-12-23,Antwerp,0,0.16,2.16,0
2023-12-24,Antwerp,0,23.73,26.58,0
2023-12-25,Antwerp,0,8.24,5.37,0
2023-12-26,Antwerp,0,13.39,9.78,0
2023-12-27,Antwerp,0,0.45,9.67,0
2023-12-28,Antwerp,0,10.42,3.14,0
2023-12-29,Antwerp,0,4.59,13.3,0
2023-12-30,Antwerp,0,15.95,13.6,0
2023-12-31,Antwerp,0,1.82,5.51,0
2024-01-01,Antwerp,0,9.55,15.09,0
2024-01-02,Antwerp,0,7.01,1.24,0
2024-01-03,Antwerp,0,10.66,2.24,0
2024-01-04,Antwerp,0,5.78,1.91,0
2024-01-05,Antwerp,0,5.06,9.32,0
2024-01-06,Antwerp,0,4.8,2.74,0
2024-01-07,Antwerp,0,3.03,1.64,0
2024-01-08,Antwerp,0,7.12,3.6,0
2024-01-09,Antwerp,0,1.66,10.15,0
2024-01-10,Antwerp,0,7.22,0.52,0
2024-01-11,Antwerp,0,1.92,0.9,0
2024-01-12,Antwerp,0,14.63,7.23,0
2024-01-13,Antwerp,0,10.93,0.91,0
2024-01-14,Antwerp,0,1.1,7.79,0
2024-01-15,Antwerp,0,4.27,17.45,0
2024-01-16,Antwerp,0,0.86,7.07,0
2024-01-17,Antwerp,0,4.27,26.05,0
2024-01-18,Antwerp,0,0.62,1.61,0
2024-01-19,Antwerp,0,0.68,1.97,0
2024-01-20,Antwerp,0,12.69,3.09,0
2024-01-21,Antwerp,0,1.61,10.79,0
2024-01-22,Antwerp,0,1.85,8.78,0
2024-01-23,Antwerp,0,7.14,8.08,0
2024-01-24,Antwerp,0,0.52,3.98,0
2024-01-25,Antwerp,0,3.75,2.64,0
2024-01-26,Antwerp,0,3.58,0.26,0
2024-01-27,Antwerp,0,0.35,4.47,0
2024-01-28,Antwerp,0,7.06,6.52,0
2024-01-29,Antwerp,0,8.3,2.55,0
2024-01-30,Antwerp,0,2.94,11.38,0
2024-01-31,Antwerp,0,6.3,5.01,0
2024-02-01,Antwerp,0,10.98,1.39,0
2024-02-02,Antwerp,0,6.89,9.0,0
2024-02-03,Antwerp,0,6.2,1.11,0
2024-02-04,Antwerp,0,1.51,8.39,0
2024-02-05,Antwerp,0,3.69,7.38,0
2024-02-06,Antwerp,0,3.11,14.4,0
2024-02-07,Antwerp,0,1.01,11.83,0
2024-02-08,Antwerp,0,3.61,45.48,0
2024-02-09,Antwerp,0,2.67,42.66,0
2024-02-10,Antwerp,0,3.33,1.86,0
2024-02-11,Antwerp,0,1.15,16.04,0
2024-02-12,Antwerp,0,10.48,1.26,0
2024-02-13,Antwerp,0,11.62,5.1,0
2024-02-14,Antwerp,0,9.02,5.78,0
2024-02-15,Antwerp,0,0.57,0.15,0
2024-02-16,Antwerp,0,5.47,14.09,0
2024-02-17,Antwerp,0,1.0,1.57,0
2024-02-18,Antwerp,0,0.73,1.19,0
2024-02-19,Antwerp,0,8.25,11.76,0
2024-02-20,Antwerp,0,0.6,11.26,0
2024-02-21,Antwerp,0,1.41,6.94,0
2024-02-22,Antwerp,0,0.37,18.66,0
2024-02-23,Antwerp,0,10.87,3.18,0
2024-02-24,Antwerp,0,2.21,2.56,0
2024-02-25,Antwerp,0,12.82,3.28,0
2024-02-26,Antwerp,0,4.56,18.06,0
2024-02-27,Antwerp,0,4.7,2.79,0
2024-02-28,Antwerp,0,6.18,11.55,0
2024-02-29,Antwerp,0,2.19,20.38,0
2024-03-01,Antwerp,1,22.37,0.81,0
2024-03-02,Antwerp,0,4.01,5.22,0
2024-03-03,Antwerp,0,4.35,13.79,0
2024-03-04,Antwerp,0,0.57,3.06,0
2024-03-05,Antwerp,0,20.65,1.76,0
2024-03-06,Antwerp,0,2.12,16.33,0
2024-03-07,Antwerp,0,0.98,21.14,0
2024-03-08,Antwerp,0,3.73,1.68,0
2024-03-09,Antwerp,0,6.62,4.43,0
2024-03-10,Antwerp,0,0.91,32.73,0
2024-03-11,Antwerp,1,15.26,17.29,0
2024-03-12,Antwerp,1,6.36,19.54,0
2024-03-13,Antwerp,1,19.95,55.27,0
2024-03-14,Antwerp,1,0.7,16.38,0
2024-03-15,Antwerp,1,10.16,6.0,0
2024-03-16,Antwerp,1,3.14,0.13,0
2024-03-17,Antwerp,1,21.61,13.15,0
2024-03-18,Antwerp,1,5.52,21.8,0
2024-03-19,Antwerp,1,5.91,5.3,0
2024-03-20,Antwerp,1,6.41,7.85,0
2024-03-21,Antwerp,1,9.72,0.18,0
2024-03-22,Antwerp,0,5.95,11.38,0
2024-03-23,Antwerp,0,4.43,41.42,0
2024-03-24,Antwerp,0,1.55,0.47,0
2024-03-25,Antwerp,0,6.79,14.08,0
2024-03-26,Antwerp,0,1.45,1.25,0
2024-03-27,Antwerp,0,10.36,12.45,0
2024-03-28,Antwerp,0,4.45,5.46,0
2024-03-29,Antwerp,0,0.73,37.03,0
2024-03-30,Antwerp,0,9.63,12.46,0
2024-03-31,Antwerp,0,8.83,35.36,0
2024-04-01,Antwerp,0,1.16,12.47,0
2024-04-02,Antwerp,0,2.83,15.98,0
2024-04-03,Antwerp,0,5.39,0.4,0
2024-04-04,Antwerp,0,11.77,22.44,0
2024-04-05,Antwerp,0,8.22,40.18,0
2024-04-06,Antwerp,0,34.1,25.88,0
2024-04-07,Antwerp,0,2.27,3.02,0
2024-04-08,Antwerp,0,11.94,15.12,0
2024-04-09,Antwerp,0,1.23,34.95,0
2024-04-10,Antwerp,0,2.48,14.6,0
2024-04-11,Antwerp,1,3.1,16.78,0
2024-04-12,Antwerp,0,0.41,14.76,0
2024-04-13,Antwerp,0,2.96,1.64,0
2024-04-14,Antwerp,0,7.74,7.0,0
2024-04-15,Antwerp,0,4.58,16.89,0
2024-04-16,Antwerp,1,9.4,14.74,0
2024-04-17,Antwerp,1,12.78,11.87,0
2024-04-18,Antwerp,1,2.84,15.79,0
2024-04-19,Antwerp,1,11.37,10.13,0
2024-04-20,Antwerp,1,15.4,39.36,0
2024-04-21,Antwerp,1,21.69,0.31,0
2024-04-22,Antwerp,1,1.93,11.72,0
2024-04-23,Antwerp,1,15.57,3.05,0
2024-04-24,Antwerp,2,28.24,10.65,1
2024-04-25,Antwerp,1,7.41,2.84,0
2024-04-26,Antwerp,1,6.57,23.85,0
2024-04-27,Antwerp,1,1.74,10.0,0
2024-04-28,Antwerp,1,9.76,39.67,0
2024-04-29,Antwerp,1,10.52,44.74,0
2024-04-30,Antwerp,1,3.71,30.02,0
2024-05-01,Antwerp,1,12.01,28.99,0
2024-05-02,Antwerp,1,5.32,15.99,0
2024-05-03,Antwerp,1,5.58,11.86,0
2024-05-04,Antwerp,0,4.43,15.67,0
2024-05-05,Antwerp,1,3.17,5.38,0
2024-05-06,Antwerp,1,14.42,18.83,0
2024-05-07,Antwerp,1,1.0,0.86,0
2024-05-08,Antwerp,1,4.68,16.61,0
2024-05-09,Antwerp,1,3.92,5.09,0
2024-05-10,Antwerp,0,12.23,12.93,0
2024-05-11,Antwerp,0,10.71,12.42,0
2024-05-12,Antwerp,1,0.34,15.49,0
2024-05-13,Antwerp,0,1.07,6.82,0
2024-05-14,Antwerp,0,11.7,2.46,0
2024-05-15,Antwerp,0,1.45,9.17,0
2024-05-16,Antwerp,0,0.58,0.2,0
2024-05-17,Antwerp,1,1.67,8.44,0
2024-05-18,Antwerp,1,16.65,10.09,0
2024-05-19,Antwerp,1,1.45,1.76,0
2024-05-20,Antwerp,1,5.86,5.74,0
2024-05-21,Antwerp,0,0.81,18.08,0
2024-05-22,Antwerp,0,2.6,24.16,0
2024-05-23,Antwerp,0,11.12,5.86,0
2024-05-24,Antwerp,0,11.6,43.17,0
2024-05-25,Antwerp,1,1.42,6.15,0
2024-05-26,Antwerp,1,1.4,18.76,0
2024-05-27,Antwerp,0,2.53,1.38,0
2024-05-28,Antwerp,0,2.72,41.42,0
2024-05-29,Antwerp,0,5.41,8.1,0
2024-05-30,Antwerp,0,3.99,6.32,0
2024-05-31,Antwerp,1,0.02,14.69,0
2024-06-01,Antwerp,1,27.22,46.82,0
2024-06-02,Antwerp,2,4.03,49.1,0
2024-06-03,Antwerp,2,2.38,9.87,0
2024-06-04,Antwerp,1,1.35,5.05,0
2024-06-05,Antwerp,1,5.48,0.94,0
2024-06-06,Antwerp,1,3.3,35.18,0
2024-06-07,Antwerp,1,1.92,4.16,0
2024-06-08,Antwerp,1,14.56,5.66,0
2024-06-09,Antwerp,1,3.35,6.81,0
2024-06-10,Antwerp,0,0.42,1.2,0
2024-06-11,Antwerp,0,8.35,4.69,0
2024-06-12,Antwerp,0,3.01,14.53,0
2024-06-13,Antwerp,0,2.44,10.33,0
2024-06-14,Antwerp,0,4.68,6.31,0
2024-06-15,Antwerp,1,0.27,17.17,0
2024-06-16,Antwerp,1,0.29,28.44,0
2024-06-17,Antwerp,0,3.87,1.23,0
2024-06-18,Antwerp,1,10.52,9.11,0
2024-06-19,Antwerp,0,0.16,5.18,0
2024-06-20,Antwerp,1,2.15,18.49,0
2024-06-21,Antwerp,1,16.66,0.77,0
2024-06-22,Antwerp,1,16.3,27.68,0
2024-06-23,Antwerp,1,8.17,5.59,0
2024-06-24,Antwerp,1,8.86,5.34,0
2024-06-25,Antwerp,1,29.01,7.32,0
2024-06-26,Antwerp,1,1.35,9.76,0
2024-06-27,Antwerp,1,7.32,33.85,0
2024-06-28,Antwerp,1,6.75,2.42,0
2024-06-29,Antwerp,2,2.64,3.9,0
2024-06-30,Antwerp,1,6.62,40.39,0
2024-07-01,Antwerp,1,9.44,41.37,0
2024-07-02,Antwerp,1,1.6,28.82,0
2024-07-03,Antwerp,1,1.42,1.96,0
2024-07-04,Antwerp,0,12.81,5.01,0
2024-07-05,Antwerp,1,2.13,4.63,0
2024-07-06,Antwerp,1,5.83,0.66,0
2024-07-07,Antwerp,1,0.86,7.39,0
2024-07-08,Antwerp,1,4.75,85.29,0
2024-07-09,Antwerp,1,8.84,13.71,0
2024-07-10,Antwerp,1,1.41,7.02,0
2024-07-11,Antwerp,1,0.84,2.63,0
2024-07-12,Antwerp,1,9.66,0.29,0
2024-07-13,Antwerp,1,12.11,3.05,0
2024-07-14,Antwerp,1,7.31,1.84,0
2024-07-15,Antwerp,1,19.53,17.64,0
2024-07-16,Antwerp,0,3.62,2.96,0
2024-07-17,Antwerp,1,8.41,19.96,0
2024-07-18,Antwerp,1,2.39,48.91,0
2024-07-19,Antwerp,1,1.7,12.23,0
2024-07-20,Antwerp,1,11.62,4.48,0
2024-07-21,Antwerp,0,2.46,3.37,0
2024-07-22,Antwerp,1,1.04,21.33,0
2024-07-23,Antwerp,0,1.97,0.67,0
2024-07-24,Antwerp,1,3.56,2.28,0
2024-07-25,Antwerp,1,9.26,14.55,0
2024-07-26,Antwerp,1,18.9,17.51,0
2024-07-27,Antwerp,1,0.86,34.2,0
2024-07-28,Antwerp,1,30.62,32.5,0
2024-07-29,Antwerp,1,25.24,2.56,0
2024-07-30,Antwerp,2,4.74,11.43,0
2024-07-31,Antwerp,2,16.33,1.15,0
2024-08-01,Antwerp,1,6.24,3.74,0
2024-08-02,Antwerp,1,1.71,9.85,0
2024-08-03,Antwerp,1,4.11,9.71,0
2024-08-04,Antwerp,1,1.22,6.78,0
2024-08-05,Antwerp,1,4.34,10.19,0
2024-08-06,Antwerp,1,5.7,10.55,0
2024-08-07,Antwerp,1,0.33,9.79,0
2024-08-08,Antwerp,1,17.88,40.69,0
2024-08-09,Antwerp,1,4.71,3.85,0
2024-08-10,Antwerp,1,6.88,10.23,0
2024-08-11,Antwerp,2,11.2,16.33,0
2024-08-12,Antwerp,2,19.73,17.64,0
2024-08-13,Antwerp,2,4.45,1.6,0
2024-08-14,Antwerp,1,14.23,47.6,0
2024-08-15,Antwerp,1,3.46,32.96,0
2024-08-16,Antwerp,1,10.31,8.75,0
2024-08-17,Antwerp,0,0.37,2.71,0
2024-08-18,Antwerp,1,13.93,15.99,0
2024-08-19,Antwerp,1,5.38,30.19,0
2024-08-20,Antwerp,1,1.42,67.29,0
2024-08-21,Antwerp,1,28.76,0.72,0
2024-08-22,Antwerp,1,7.33,2.48,0
2024-08-23,Antwerp,1,4.19,31.59,0
2024-08-24,Antwerp,1,4.26,28.86,0
2024-08-25,Antwerp,1,2.27,1.9,0
2024-08-26,Antwerp,1,3.67,56.55,0
2024-08-27,Antwerp,1,3.82,70.69,0
2024-08-28,Antwerp,1,0.5,39.59,0
2024-08-29,Antwerp,0,5.61,8.3,0
2024-08-30,Antwerp,1,0.18,13.0,0
2024-08-31,Antwerp,1,2.75,0.89,0
2024-09-01,Antwerp,1,6.61,36.84,0
2024-09-02,Antwerp,1,14.4,31.4,0
2024-09-03,Antwerp,0,1.13,3.88,0
2024-09-04,Antwerp,1,10.54,44.1,0
2024-09-05,Antwerp,1,15.59,4.14,0
2024-09-06,Antwerp,1,18.49,3.6,0
2024-09-07,Antwerp,0,18.66,16.16,0
2024-09-08,Antwerp,1,1.13,19.16,0
2024-09-09,Antwerp,1,0.08,7.27,0
2024-09-10,Antwerp,1,21.43,36.24,0
2024-09-11,Antwerp,1,2.82,28.83,0
2024-09-12,Antwerp,1,37.27,4.61,0
2024-09-13,Antwerp,0,6.14,17.9,0
2024-09-14,Antwerp,1,24.5,16.43,0
2024-09-15,Antwerp,1,6.84,9.64,0
2024-09-16,Antwerp,1,16.31,27.04,0
2024-09-17,Antwerp,0,2.15,0.2,0
2024-09-18,Antwerp,1,8.72,3.49,0
2024-09-19,Antwerp,1,10.36,13.2,0
2024-09-20,Antwerp,1,0.19,13.43,0
2024-09-21,Antwerp,1,2.2,13.6,0
2024-09-22,Antwerp,0,19.64,4.2,0
2024-09-23,Antwerp,0,9.21,6.95,0
2024-09-24,Antwerp,0,2.27,22.44,0
2024-09-25,Antwerp,0,1.2,2.79,0
2024-09-26,Antwerp,1,0.53,7.15,0
2024-09-27,Antwerp,1,7.1,8.19,0
2024-09-28,Antwerp,1,0.16,17.1,0
2024-09-29,Antwerp,2,0.05,10.28,0
2024-09-30,Antwerp,1,11.65,1.54,0
2024-10-01,Antwerp,1,2.22,2.55,0
2024-10-02,Antwerp,1,1.19,6.23,0
2024-10-03,Antwerp,0,1.79,5.24,0
2024-10-04,Antwerp,0,1.61,44.48,0
2024-10-05,Antwerp,0,1.66,47.92,0
2024-10-06,Antwerp,0,0.35,26.26,0
2024-10-07,Antwerp,0,0.6,23.5,0
2024-10-08,Antwerp,0,2.86,7.12,0
2024-10-09,Antwerp,0,2.87,2.95,0
2024-10-10,Antwerp,0,1.74,15.26,0
2024-10-11,Antwerp,1,24.34,50.46,0
2024-10-12,Antwerp,1,22.66,15.25,0
2024-10-13,Antwerp,1,1.49,14.56,0
2024-10-14,Antwerp,0,10.5,3.78,0
2024-10-15,Antwerp,1,15.14,9.17,0
2024-10-16,Antwerp,0,6.93,10.91,0
2024-10-17,Antwerp,0,11.28,1.75,0
2024-10-18,Antwerp,0,3.22,24.38,0
2024-10-19,Antwerp,0,3.64,1.8,0
2024-10-20,Antwerp,0,9.53,18.52,0
2024-10-21,Antwerp,0,7.15,1.46,0
2024-10-22,Antwerp,0,1.47,4.94,0
2024-10-23,Antwerp,0,0.39,24.81,0
2024-10-24,Antwerp,1,2.15,54.16,0
2024-10-25,Antwerp,0,0.12,26.54,0
2024-10-26,Antwerp,0,3.97,3.58,0
2024-10-27,Antwerp,0,4.69,7.17,0
2024-10-28,Antwerp,0,6.62,18.33,0
2024-10-29,Antwerp,0,1.23,42.92,0
2024-10-30,Antwerp,0,11.56,1.07,0
2024-10-31,Antwerp,0,11.95,0.08,0
2024-11-01,Antwerp,0,2.4,9.71,0
2024-11-02,Antwerp,0,12.93,0.77,0
2024-11-03,Antwerp,0,4.58,14.58,0
2024-11-04,Antwerp,0,10.75,19.52,0
2024-11-05,Antwerp,0,8.86,7.17,0
2024-11-06,Antwerp,0,0.03,5.69,0
2024-11-07,Antwerp,0,3.56,32.2,0
2024-11-08,Antwerp,1,3.76,30.1,0
2024-11-09,Antwerp,0,1.26,5.37,0
2024-11-10,Antwerp,0,0.53,14.94,0
2024-11-11,Antwerp,0,17.44,21.43,0
2024-11-12,Antwerp,0,3.8,6.42,0
2024-11-13,Antwerp,0,1.93,10.58,0
2024-11-14,Antwerp,0,10.27,20.99,0
2024-11-15,Antwerp,0,0.78,14.89,0
2024-11-16,Antwerp,1,24.19,6.04,0
2024-11-17,Antwerp,0,2.17,3.91,0
2024-11-18,Antwerp,0,0.2,14.3,0
2024-11-19,Antwerp,0,1.07,7.93,0
2024-11-20,Antwerp,0,0.74,17.62,0
2024-11-21,Antwerp,0,14.96,13.37,0
2024-11-22,Antwerp,0,9.05,15.93,0
2024-11-23,Antwerp,0,1.28,10.47,0
2024-11-24,Antwerp,0,1.4,21.5,0
2024-11-25,Antwerp,1,16.66,15.22,0
2024-11-26,Antwerp,0,0.27,0.61,0
2024-11-27,Antwerp,0,4.08,4.91,0
2024-11-28,Antwerp,0,4.62,25.64,0
2024-11-29,Antwerp,0,0.03,2.18,0
2024-11-30,Antwerp,0,5.52,17.64,0
2024-12-01,Antwerp,0,0.15,6.36,0
2024-12-02,Antwerp,0,6.99,2.59,0
2024-12-03,Antwerp,0,3.27,1.75,0
2024-12-04,Antwerp,0,2.47,20.8,0
2024-12-05,Antwerp,0,2.83,19.97,0
2024-12-06,Antwerp,1,19.58,13.97,0
2024-12-07,Antwerp,1,2.93,16.12,0
2024-12-08,Antwerp,1,0.38,19.66,0
2024-12-09,Antwerp,1,42.46,29.7,0
2024-12-10,Antwerp,0,0.47,6.28,0
2024-12-11,Antwerp,0,1.12,12.48,0
2024-12-12,Antwerp,0,0.94,1.5,0
2024-12-13,Antwerp,0,4.37,8.1,0
2024-12-14,Antwerp,0,1.36,3.86,0
2024-12-15,Antwerp,0,3.56,2.92,0
2024-12-16,Antwerp,0,6.54,14.8,0
2024-12-17,Antwerp,0,1.86,3.27,0
2024-12-18,Antwerp,0,5.39,7.33,0
2024-12-19,Antwerp,0,8.14,15.63,0
2024-12-20,Antwerp,0,0.84,5.09,0
2024-12-21,Antwerp,0,7.54,2.5,0
2024-12-22,Antwerp,0,0.28,1.16,0
2024-12-23,Antwerp,0,2.89,20.25,0
2024-12-24,Antwerp,0,1.1,14.96,0
2024-12-25,Antwerp,1,0.87,15.18,0
2024-12-26,Antwerp,1,2.28,1.81,0
2024-12-27,Antwerp,1,5.8,3.52,0
2024-12-28,Antwerp,0,5.12,1.09,0
2024-12-29,Antwerp,0,6.62,0.53,0
2024-12-30,Antwerp,0,13.87,18.06,0
2024-12-31,Antwerp,0,4.0,2.47,0
2025-01-01,Antwerp,0,2.74,1.2,0
2025-01-02,Antwerp,0,16.4,19.6,0
2025-01-03,Antwerp,0,1.67,3.49,0
2025-01-04,Antwerp,0,1.35,25.95,0
2025-01-05,Antwerp,0,3.91,13.28,0
2025-01-06,Antwerp,0,2.15,3.73,0
2025-01-07,Antwerp,0,0.35,0.49,0
2025-01-08,Antwerp,0,0.93,2.46,0
2025-01-09,Antwerp,0,5.3,4.33,0
2025-01-10,Antwerp,0,6.91,2.95,0
2025-01-11,Antwerp,0,3.72,1.09,0
2025-01-12,Antwerp,0,0.07,3.55,0
2025-01-13,Antwerp,0,1.63,3.15,0
2025-01-14,Antwerp,0,4.02,3.51,0
2025-01-15,Antwerp,0,1.75,9.84,0
2025-01-16,Antwerp,0,3.21,27.88,0
2025-01-17,Antwerp,0,1.4,5.62,0
2025-01-18,Antwerp,0,5.72,0.85,0
2025-01-19,Antwerp,0,1.84,16.2,0
2025-01-20,Antwerp,0,3.5,9.63,0
2025-01-21,Antwerp,0,1.64,1.91,0
2025-01-22,Antwerp,0,0.76,10.62,0
2025-01-23,Antwerp,0,0.07,12.17,0
2025-01-24,Antwerp,0,8.1,1.51,0
2025-01-25,Antwerp,0,5.79,4.06,0
2025-01-26,Antwerp,0,2.28,6.92,0
2025-01-27,Antwerp,0,15.7,4.65,0
2025-01-28,Antwerp,1,12.7,2.05,0
2025-01-29,Antwerp,0,4.67,21.37,0
2025-01-30,Antwerp,0,2.76,1.75,0
2025-01-31,Antwerp,1,5.52,1.43,0
2025-02-01,Antwerp,0,4.92,8.26,0
2025-02-02,Antwerp,0,1.96,34.92,0
2025-02-03,Antwerp,0,4.71,13.69,0
2025-02-04,Antwerp,0,0.7,5.84,0
2025-02-05,Antwerp,0,11.75,5.8,0
2025-02-06,Antwerp,0,3.69,9.8,0
2025-02-07,Antwerp,0,0.49,19.93,0
2025-02-08,Antwerp,0,12.98,32.46,0
2025-02-09,Antwerp,0,2.42,1.3,0
2025-02-10,Antwerp,0,0.49,1.77,0
2025-02-11,Antwerp,0,0.21,6.0,0
2025-02-12,Antwerp,0,12.81,8.45,0
2025-02-13,Antwerp,0,1.17,14.65,0
2025-02-14,Antwerp,0,2.89,6.89,0
2025-02-15,Antwerp,0,1.76,10.72,0
2025-02-16,Antwerp,0,1.18,20.31,0
2025-02-17,Antwerp,0,4.86,18.16,0
2025-02-18,Antwerp,0,1.53,15.23,0
2025-02-19,Antwerp,0,3.67,0.88,0
2025-02-20,Antwerp,0,4.75,19.9,0
2025-02-21,Antwerp,0,10.25,5.97,0
2025-02-22,Antwerp,0,0.23,0.9,0
2025-02-23,Antwerp,0,2.96,1.6,0
2025-02-24,Antwerp,0,0.74,3.9,0
2025-02-25,Antwerp,0,4.78,4.57,0
2025-02-26,Antwerp,0,6.55,9.39,0
2025-02-27,Antwerp,1,1.71,86.24,0
2025-02-28,Antwerp,1,5.0,4.29,0
2025-03-01,Antwerp,0,6.21,13.15,0
2025-03-02,Antwerp,0,1.61,14.24,0
2025-03-03,Antwerp,0,4.6,23.14,0
2025-03-04,Antwerp,0,3.78,4.99,0
2025-03-05,Antwerp,0,9.23,10.25,0
2025-03-06,Antwerp,0,4.1,2.61,0
2025-03-07,Antwerp,0,1.69,3.81,0
2025-03-08,Antwerp,0,1.7,2.85,0
2025-03-09,Antwerp,0,7.68,13.4,0
2025-03-10,Antwerp,0,11.36,23.46,0
2025-03-11,Antwerp,0,1.15,8.36,0
2025-03-12,Antwerp,0,15.61,1.84,0
2025-03-13,Antwerp,0,2.07,15.37,0
2025-03-14,Antwerp,1,2.67,24.57,0
2025-03-15,Antwerp,0,1.27,1.03,0
2025-03-16,Antwerp,0,2.53,27.8,0
2025-03-17,Antwerp,0,3.84,5.96,0
2025-03-18,Antwerp,0,17.57,0.33,0
2025-03-19,Antwerp,0,5.0,14.96,0
2025-03-20,Antwerp,0,0.7,2.08,0
2025-03-21,Antwerp,1,10.66,47.17,0
2025-03-22,Antwerp,1,1.3,3.18,0
2025-03-23,Antwerp,0,6.04,8.83,0
2025-03-24,Antwerp,0,1.69,15.64,0
2025-03-25,Antwerp,0,2.09,0.77,0
2025-03-26,Antwerp,0,2.56,27.65,0
2025-03-27,Antwerp,0,7.05,18.0,0
2025-03-28,Antwerp,0,2.76,0.63,0
2025-03-29,Antwerp,0,17.24,29.32,0
2025-03-30,Antwerp,0,2.07,3.29,0
2025-03-31,Antwerp,0,0.54,18.4,0
2025-04-01,Antwerp,0,13.21,26.77,0
2025-04-02,Antwerp,0,11.53,9.14,0
2025-04-03,Antwerp,1,3.41,1.01,0
2025-04-04,Antwerp,1,0.58,37.02,0
2025-04-05,Antwerp,1,1.76,68.42,0
2025-04-06,Antwerp,1,6.49,9.11,0
2025-04-07,Antwerp,1,3.6,7.85,0
2025-04-08,Antwerp,1,22.69,3.32,0
2025-04-09,Antwerp,1,9.07,26.44,0
2025-04-10,Antwerp,1,3.65,15.6,0
2025-04-11,Antwerp,1,0.23,2.22,0
2025-04-12,Antwerp,0,26.49,2.86,0
2025-04-13,Antwerp,0,2.87,3.63,0
2025-04-14,Antwerp,0,8.89,0.03,0
2025-04-15,Antwerp,0,1.38,7.85,0
2025-04-16,Antwerp,0,0.37,1.04,0
2025-04-17,Antwerp,0,0.93,10.65,0
2025-04-18,Antwerp,0,8.79,4.1,0
2025-04-19,Antwerp,1,1.03,4.43,0
2025-04-20,Antwerp,0,13.41,6.51,0
2025-04-21,Antwerp,0,8.59,0.59,0
2025-04-22,Antwerp,1,6.93,4.11,0
2025-04-23,Antwerp,1,1.74,2.42,0
2025-04-24,Antwerp,1,1.13,34.7,0
2025-04-25,Antwerp,1,2.43,31.46,0
2025-04-26,Antwerp,1,7.82,7.11,0
2025-04-27,Antwerp,1,4.55,1.14,0
2025-04-28,Antwerp,1,5.12,21.49,0
2025-04-29,Antwerp,1,11.62,10.03,0
2025-04-30,Antwerp,1,3.26,6.04,0
2025-05-01,Antwerp,1,6.59,3.38,0
2025-05-02,Antwerp,1,2.08,5.19,0
2025-05-03,Antwerp,1,3.9,46.51,0
2025-05-04,Antwerp,1,0.2,16.13,0
2025-05-05,Antwerp,1,0.21,12.18,0
2025-05-06,Antwerp,1,0.87,14.04,0
2025-05-07,Antwerp,1,1.69,1.31,0
2025-05-08,Antwerp,1,0.45,32.24,0
2025-05-09,Antwerp,1,8.33,9.2,0
2025-05-10,Antwerp,1,15.05,27.03,0
2025-05-11,Antwerp,1,0.14,7.93,0
2025-05-12,Antwerp,1,15.35,10.75,0
2025-05-13,Antwerp,1,0.04,10.85,0
2025-05-14,Antwerp,1,1.53,0.44,0
2025-05-15,Antwerp,1,19.28,6.75,0
2025-05-16,Antwerp,1,4.62,1.32,0
2025-05-17,Antwerp,1,0.1,59.78,0
2025-05-18,Antwerp,1,11.9,9.77,0
2025-05-19,Antwerp,1,3.67,23.85,0
2025-05-20,Antwerp,1,8.08,20.67,0
2025-05-21,Antwerp,1,10.25,11.89,0
2025-05-22,Antwerp,1,2.89,26.46,0
2025-05-23,Antwerp,1,34.61,28.85,0
2025-05-24,Antwerp,1,1.41,16.74,0
2025-05-25,Antwerp,1,26.44,2.49,0
2025-05-26,Antwerp,1,12.23,8.63,0
2025-05-27,Antwerp,1,1.06,5.65,0
2025-05-28,Antwerp,0,0.04,33.15,0
2025-05-29,Antwerp,0,1.29,1.43,0
2025-05-30,Antwerp,1,1.04,17.13,0
2025-05-31,Antwerp,1,0.41,28.19,0
2025-06-01,Antwerp,0,6.74,3.64,0
2025-06-02,Antwerp,1,11.82,0.57,0
2025-06-03,Antwerp,1,0.55,6.01,0
2025-06-04,Antwerp,1,1.1,9.08,0
2025-06-05,Antwerp,1,15.24,3.92,0
2025-06-06,Antwerp,1,5.03,9.6,0
2025-06-07,Antwerp,1,16.85,18.91,0
2025-06-08,Antwerp,1,0.69,26.97,0
2025-06-09,Antwerp,2,25.49,1.18,0
2025-06-10,Antwerp,2,4.51,25.76,0
2025-06-11,Antwerp,1,4.55,11.74,0
2025-06-12,Antwerp,1,3.44,14.8,0
2025-06-13,Antwerp,2,0.06,10.46,0
2025-06-14,Antwerp,2,1.45,77.52,0
2025-06-15,Antwerp,2,4.31,1.75,0
2025-06-16,Antwerp,1,2.36,4.45,0
2025-06-17,Antwerp,1,10.1,6.67,0
2025-06-18,Antwerp,1,1.6,13.19,0
2025-06-19,Antwerp,1,15.74,53.51,0
2025-06-20,Antwerp,1,0.5,3.94,0
2025-06-21,Antwerp,1,3.25,10.29,0
2025-06-22,Antwerp,1,12.32,22.12,0
2025-06-23,Antwerp,1,1.11,1.45,0
2025-06-24,Antwerp,1,18.78,12.27,0
2025-06-25,Antwerp,1,5.74,30.22,0
2025-06-26,Antwerp,1,15.11,27.87,0
2025-06-27,Antwerp,1,4.23,9.33,0
2025-06-28,Antwerp,1,6.09,31.31,0
2025-06-29,Antwerp,1,6.49,2.9,0
2025-06-30,Antwerp,1,5.76,0.25,0
2025-07-01,Antwerp,0,2.67,4.78,0
2025-07-02,Antwerp,1,10.51,1.59,0
2025-07-03,Antwerp,1,15.15,9.54,0
2025-07-04,Antwerp,1,6.06,5.66,0
2025-07-05,Antwerp,1,14.74,55.23,0
2025-07-06,Antwerp,1,5.65,2.84,0
2025-07-07,Antwerp,2,20.69,11.7,0
2025-07-08,Antwerp,1,2.99,18.77,0
2025-07-09,Antwerp,1,3.25,7.13,0
2025-07-10,Antwerp,1,5.17,37.79,0
2025-07-11,Antwerp,1,0.38,39.59,0
2025-07-12,Antwerp,1,17.86,9.8,0
2025-07-13,Antwerp,1,8.23,2.59,0
2025-07-14,Antwerp,1,5.19,41.23,0
2025-07-15,Antwerp,1,0.2,9.0,0
2025-07-16,Antwerp,0,5.11,10.17,0
2025-07-17,Antwerp,0,0.05,2.64,0
2025-07-18,Antwerp,0,0.58,29.35,0
2025-07-19,Antwerp,1,6.33,13.7,0
2025-07-20,Antwerp,1,1.02,108.11,0
2025-07-21,Antwerp,1,2.24,2.0,0
2025-07-22,Antwerp,2,14.68,9.9,0
2025-07-23,Antwerp,1,72.74,28.52,0
2025-07-24,Antwerp,1,7.62,1.76,0
2025-07-25,Antwerp,1,12.58,0.39,0
2025-07-26,Antwerp,1,2.52,16.93,0
2025-07-27,Antwerp,1,2.97,1.61,0
2025-07-28,Antwerp,2,19.63,37.8,0
2025-07-29,Antwerp,2,11.32,58.0,0
2025-07-30,Antwerp,1,20.26,12.3,0
2025-07-31,Antwerp,1,3.49,2.09,0
2025-08-01,Antwerp,1,4.06,10.58,0
2025-08-02,Antwerp,1,9.58,16.91,0
2025-08-03,Antwerp,1,4.27,51.73,0
2025-08-04,Antwerp,1,0.8,2.46,0
2025-08-05,Antwerp,1,18.58,0.05,0
2025-08-06,Antwerp,1,11.83,3.07,0
2025-08-07,Antwerp,1,0.47,8.7,0
2025-08-08,Antwerp,1,7.51,0.83,0
2025-08-09,Antwerp,1,6.13,5.44,0
2025-08-10,Antwerp,0,11.05,3.8,0
2025-08-11,Antwerp,1,3.67,2.09,0
2025-08-12,Antwerp,1,1.0,8.44,0
2025-08-13,Antwerp,1,8.29,5.48,0
2025-08-14,Antwerp,1,5.58,3.46,0
2025-08-15,Antwerp,1,3.27,9.0,0
2025-08-16,Antwerp,1,56.22,20.34,0
2025-08-17,Antwerp,0,4.9,10.12,0
2025-08-18,Antwerp,1,3.4,15.21,0
2025-08-19,Antwerp,1,2.02,45.63,0
2025-08-20,Antwerp,0,12.0,0.82,0
2025-08-21,Antwerp,0,0.33,4.73,0
2025-08-22,Antwerp,0,9.75,1.3,0
2025-08-23,Antwerp,0,0.65,21.86,0
2025-08-24,Antwerp,0,0.41,16.35,0
2025-08-25,Antwerp,1,4.22,34.03,0
2025-08-26,Antwerp,1,7.59,9.89,0
2025-08-27,Antwerp,0,14.56,4.65,0
2025-08-28,Antwerp,1,1.67,7.24,0
2025-08-29,Antwerp,1,0.06,15.23,0
2025-08-30,Antwerp,2,0.42,22.44,0
2025-08-31,Antwerp,2,4.38,30.12,0
2025-09-01,Antwerp,1,3.21,6.14,0
2025-09-02,Antwerp,1,4.51,31.67,0
2025-09-03,Antwerp,1,1.03,35.44,0
2025-09-04,Antwerp,0,9.03,2.7,0
2025-09-05,Antwerp,1,4.19,12.12,0
2025-09-06,Antwerp,1,0.64,18.65,0
2025-09-07,Antwerp,1,14.3,12.45,0
2025-09-08,Antwerp,1,3.27,78.4,0
2025-09-09,Antwerp,1,6.81,32.85,0
2025-09-10,Antwerp,1,19.23,6.41,0
2025-09-11,Antwerp,0,3.56,3.09,0
2025-09-12,Antwerp,0,0.04,2.61,0
2025-09-13,Antwerp,0,0.03,2.86,0
2025-09-14,Antwerp,0,30.48,0.66,0
2025-09-15,Antwerp,0,2.72,15.18,0
2025-09-16,Antwerp,0,2.07,0.44,0
2025-09-17,Antwerp,1,0.35,3.43,0
2025-09-18,Antwerp,0,3.04,20.21,0
2025-09-19,Antwerp,0,5.5,5.08,0
2025-09-20,Antwerp,1,29.52,27.02,0
2025-09-21,Antwerp,1,0.13,14.45,0
2025-09-22,Antwerp,0,4.56,1.95,0
2025-09-23,Antwerp,0,3.0,4.34,0
2025-09-24,Antwerp,0,1.11,5.9,0
2025-09-25,Antwerp,0,1.69,14.28,0
2025-09-26,Antwerp,0,7.26,2.04,0
2025-09-27,Antwerp,1,7.77,44.18,0
2025-09-28,Antwerp,0,1.17,3.23,0
2025-09-29,Antwerp,0,3.07,11.48,0
2025-09-30,Antwerp,1,1.29,15.42,0
2025-10-01,Antwerp,0,5.75,21.46,0
2025-10-02,Antwerp,1,1.2,5.81,0
2025-10-03,Antwerp,1,7.5,14.19,0
2025-10-04,Antwerp,1,4.07,24.13,0
2025-10-05,Antwerp,1,5.78,13.4,0
2025-10-06,Antwerp,1,12.03,16.67,0
2025-10-07,Antwerp,1,8.88,13.41,0
2025-10-08,Antwerp,1,4.71,47.92,0
2025-10-09,Antwerp,1,0.08,54.31,0
2025-10-10,Antwerp,1,8.31,5.24,0
2025-10-11,Antwerp,1,12.76,11.56,0
2025-10-12,Antwerp,1,16.54,12.06,0
2025-10-13,Antwerp,1,5.99,22.31,0
2025-10-14,Antwerp,0,0.26,5.15,0
2025-10-15,Antwerp,0,2.47,8.31,0
2025-10-16,Antwerp,0,0.95,4.06,0
2025-10-17,Antwerp,0,0.81,10.09,0
2025-10-18,Antwerp,0,8.42,6.78,0
2025-10-19,Antwerp,0,0.08,9.86,0
2025-10-20,Antwerp,0,1.4,1.08,0
2025-10-21,Antwerp,0,0.64,8.44,0
2025-10-22,Antwerp,0,7.04,4.55,0
2025-10-23,Antwerp,0,15.06,21.28,0
2025-10-24,Antwerp,0,1.72,1.98,0
2025-10-25,Antwerp,0,2.3,18.24,0
2025-10-26,Antwerp,1,1.44,1.52,0
2025-10-27,Antwerp,0,7.12,0.56,0
2025-10-28,Antwerp,0,8.25,13.16,0
2025-10-29,Antwerp,0,4.56,2.05,0
2025-10-30,Antwerp,0,1.3,0.02,0
2025-10-31,Antwerp,0,0.99,4.3,0
2025-11-01,Antwerp,0,4.85,6.38,0
2025-11-02,Antwerp,0,10.47,2.51,0
2025-11-03,Antwerp,0,36.76,7.48,0
2025-11-04,Antwerp,0,8.42,7.12,0
2025-11-05,Antwerp,0,5.86,14.05,0
2025-11-06,Antwerp,0,2.0,18.52,0
2025-11-07,Antwerp,0,3.27,14.05,0
2025-11-08,Antwerp,0,7.33,12.87,0
2025-11-09,Antwerp,0,26.06,10.9,0
2025-11-10,Antwerp,0,4.26,7.65,0
2025-11-11,Antwerp,0,2.85,0.32,0
2025-11-12,Antwerp,0,3.57,12.82,0
2025-11-13,Antwerp,0,2.71,3.06,0
2025-11-14,Antwerp,1,4.19,1.75,0
2025-11-15,Antwerp,0,1.5,0.36,0
2025-11-16,Antwerp,0,2.61,1.44,0
2025-11-17,Antwerp,0,4.28,1.93,0
2025-11-18,Antwerp,0,4.07,0.63,0
2025-11-19,Antwerp,0,2.53,13.41,0
2025-11-20,Antwerp,0,4.92,7.51,0
2025-11-21,Antwerp,0,1.66,1.57,0
2025-11-22,Antwerp,0,0.74,7.18,0
2025-11-23,Antwerp,0,1.46,0.24,0
2025-11-24,Antwerp,0,3.21,17.17,0
2025-11-25,Antwerp,0,4.19,6.74,0
2025-11-26,Antwerp,0,1.96,7.08,0
2025-11-27,Antwerp,0,8.37,2.28,0
2025-11-28,Antwerp,0,3.63,7.13,0
2025-11-29,Antwerp,0,8.89,6.18,0
2025-11-30,Antwerp,0,8.74,17.79,0
2025-12-01,Antwerp,0,9.66,3.08,0
2025-12-02,Antwerp,0,4.84,20.51,0
2025-12-03,Antwerp,0,8.32,31.25,0
2025-12-04,Antwerp,0,22.38,5.93,0
2025-12-05,Antwerp,0,6.47,33.9,0
2025-12-06,Antwerp,0,0.37,21.35,0
2025-12-07,Antwerp,0,1.08,7.74,0
2025-12-08,Antwerp,0,10.47,10.37,0
2025-12-09,Antwerp,0,1.25,6.77,0
2025-12-10,Antwerp,0,0.78,12.64,0
2025-12-11,Antwerp,0,3.82,0.42,0
2025-12-12,Antwerp,0,7.68,6.63,0
2025-12-13,Antwerp,0,2.43,0.38,0
2025-12-14,Antwerp,0,3.23,37.31,0
2025-12-15,Antwerp,0,1.76,23.14,0
2025-12-16,Antwerp,0,5.98,1.91,0
2025-12-17,Antwerp,0,2.9,2.29,0
2025-12-18,Antwerp,0,2.09,5.17,0
2025-12-19,Antwerp,0,0.38,10.7,0
2025-12-20,Antwerp,0,6.25,9.72,0
2025-12-21,Antwerp,1,0.77,5.33,0
2025-12-22,Antwerp,1,0.44,7.64,0
2025-12-23,Antwerp,1,21.8,2.53,0
2025-12-24,Antwerp,0,2.31,2.09,0
2025-12-25,Antwerp,0,1.04,2.58,0
2025-12-26,Antwerp,0,9.55,26.01,0
2025-12-27,Antwerp,0,0.64,21.64,0
2025-12-28,Antwerp,0,4.99,11.64,0
2025-12-29,Antwerp,0,4.04,11.26,0
2025-12-30,Antwerp,0,11.52,4.93,0
2025-12-31,Antwerp,0,1.41,0.65,0
2023-01-01,Dubai,2,14.26,44.9,0
2023-01-02,Dubai,1,8.44,7.24,0
2023-01-03,Dubai,2,15.58,37.27,0
2023-01-04,Dubai,2,3.46,4.49,1
2023-01-05,Dubai,2,9.62,120.0,0
2023-01-06,Dubai,2,2.41,13.06,0
2023-01-07,Dubai,1,5.58,45.28,0
2023-01-08,Dubai,2,0.39,55.49,1
2023-01-09,Dubai,1,2.82,2.73,0
2023-01-10,Dubai,1,4.92,33.41,0
2023-01-11,Dubai,1,11.64,23.64,0
2023-01-12,Dubai,1,0.21,7.04,0
2023-01-13,Dubai,2,7.34,43.81,0
2023-01-14,Dubai,2,1.28,37.09,0
2023-01-15,Dubai,2,5.79,109.8,1
2023-01-16,Dubai,2,30.03,0.55,0
2023-01-17,Dubai,2,15.3,38.48,0
2023-01-18,Dubai,1,5.04,2.78,0
2023-01-19,Dubai,1,12.62,0.27,0
2023-01-20,Dubai,1,11.34,35.23,0
2023-01-21,Dubai,1,3.0,30.84,0
2023-01-22,Dubai,1,2.11,15.05,0
2023-01-23,Dubai,0,14.52,5.47,0
2023-01-24,Dubai,0,0.61,39.73,0
2023-01-25,Dubai,0,1.08,12.77,0
2023-01-26,Dubai,0,1.76,5.86,0
2023-01-27,Dubai,1,10.35,35.98,0
2023-01-28,Dubai,0,3.15,13.74,0
2023-01-29,Dubai,1,25.23,38.13,0
2023-01-30,Dubai,1,6.64,11.79,0
2023-01-31,Dubai,1,28.12,2.23,0
2023-02-01,Dubai,1,11.05,32.13,0
2023-02-02,Dubai,1,6.23,64.02,0
2023-02-03,Dubai,1,19.16,1.25,0
2023-02-04,Dubai,1,8.13,0.84,0
2023-02-05,Dubai,1,1.41,18.88,0
2023-02-06,Dubai,1,8.33,3.18,0
2023-02-07,Dubai,1,8.54,5.31,0
2023-02-08,Dubai,2,1.87,68.59,0
2023-02-09,Dubai,1,4.23,4.35,0
2023-02-10,Dubai,2,10.21,7.15,0
2023-02-11,Dubai,2,9.81,20.16,0
2023-02-12,Dubai,1,13.95,17.24,0
2023-02-13,Dubai,1,27.82,33.1,0
2023-02-14,Dubai,2,9.74,0.48,0
2023-02-15,Dubai,1,7.55,3.28,0
2023-02-16,Dubai,1,14.41,0.09,0
2023-02-17,Dubai,2,0.59,0.04,0
2023-02-18,Dubai,2,4.93,0.64,0
2023-02-19,Dubai,2,6.14,10.38,0
2023-02-20,Dubai,2,54.54,5.56,0
2023-02-21,Dubai,2,46.24,37.39,0
2023-02-22,Dubai,1,0.61,10.67,0
2023-02-23,Dubai,1,2.21,3.71,0
2023-02-24,Dubai,1,6.76,24.78,0
2023-02-25,Dubai,1,0.16,31.35,0
2023-02-26,Dubai,2,4.51,11.43,0
2023-02-27,Dubai,1,27.43,14.65,0
2023-02-28,Dubai,2,10.63,38.44,0
2023-03-01,Dubai,2,6.57,32.67,1
2023-03-02,Dubai,1,7.63,73.62,0
2023-03-03,Dubai,1,10.99,19.58,0
2023-03-04,Dubai,2,10.57,28.42,0
2023-03-05,Dubai,1,2.87,7.65,0
2023-03-06,Dubai,0,3.46,21.59,0
2023-03-07,Dubai,1,7.83,27.51,0
2023-03-08,Dubai,1,3.08,12.12,0
2023-03-09,Dubai,1,0.34,6.74,0
2023-03-10,Dubai,1,9.46,14.53,0
2023-03-11,Dubai,0,1.77,8.33,0
2023-03-12,Dubai,0,0.6,1.14,0
2023-03-13,Dubai,0,0.53,12.1,0
2023-03-14,Dubai,1,13.16,8.44,0
2023-03-15,Dubai,2,12.99,33.9,0
2023-03-16,Dubai,1,6.33,44.33,0
2023-03-17,Dubai,1,14.02,36.03,0
2023-03-18,Dubai,2,16.18,2.14,1
2023-03-19,Dubai,2,9.73,6.49,0
2023-03-20,Dubai,2,2.2,17.87,0
2023-03-21,Dubai,1,33.36,5.44,0
2023-03-22,Dubai,2,21.24,0.71,1
2023-03-23,Dubai,1,9.57,7.17,0
2023-03-24,Dubai,1,1.56,11.45,0
2023-03-25,Dubai,1,2.97,13.62,0
2023-03-26,Dubai,1,0.27,35.29,0
2023-03-27,Dubai,1,22.61,9.99,0
2023-03-28,Dubai,1,14.31,4.78,0
2023-03-29,Dubai,1,0.8,27.4,0
2023-03-30,Dubai,2,14.37,1.04,0
2023-03-31,Dubai,1,7.65,3.28,0
2023-04-01,Dubai,1,2.55,32.93,0
2023-04-02,Dubai,1,7.25,1.43,0
2023-04-03,Dubai,2,26.19,25.97,0
2023-04-04,Dubai,1,6.91,14.75,0
2023-04-05,Dubai,1,1.29,46.42,0
2023-04-06,Dubai,1,15.6,2.59,0
2023-04-07,Dubai,2,7.11,38.4,0
2023-04-08,Dubai,1,5.59,8.57,0
2023-04-09,Dubai,1,25.01,5.23,0
2023-04-10,Dubai,1,21.15,30.13,0
2023-04-11,Dubai,1,1.97,12.49,0
2023-04-12,Dubai,1,0.7,1.57,0
2023-04-13,Dubai,2,8.03,16.22,0
2023-04-14,Dubai,1,2.28,19.78,0
2023-04-15,Dubai,2,56.42,94.94,0
2023-04-16,Dubai,1,2.5,2.56,0
2023-04-17,Dubai,1,4.89,16.69,0
2023-04-18,Dubai,1,0.88,15.96,0
2023-04-19,Dubai,1,20.35,5.75,0
2023-04-20,Dubai,1,2.36,29.76,0
2023-04-21,Dubai,0,3.03,3.79,0
2023-04-22,Dubai,1,6.09,3.29,0
2023-04-23,Dubai,0,2.71,17.48,0
2023-04-24,Dubai,1,8.82,53.75,0
2023-04-25,Dubai,1,1.25,3.42,0
2023-04-26,Dubai,1,13.65,0.51,0
2023-04-27,Dubai,1,8.09,28.65,0
2023-04-28,Dubai,0,1.99,2.1,0
2023-04-29,Dubai,0,1.37,3.98,0
2023-04-30,Dubai,0,4.89,8.61,0
2023-05-01,Dubai,0,19.6,14.04,0
2023-05-02,Dubai,0,3.3,5.46,0
2023-05-03,Dubai,0,1.13,1.3,0
2023-05-04,Dubai,0,0.49,3.02,0
2023-05-05,Dubai,0,4.39,15.29,0
2023-05-06,Dubai,0,1.36,0.85,0
2023-05-07,Dubai,0,12.21,9.28,0
2023-05-08,Dubai,1,20.38,10.06,0
2023-05-09,Dubai,0,0.4,7.35,0
2023-05-10,Dubai,1,5.2,15.29,0
2023-05-11,Dubai,0,6.67,17.94,0
2023-05-12,Dubai,0,1.55,9.13,0
2023-05-13,Dubai,0,3.12,15.22,0
2023-05-14,Dubai,1,6.62,0.41,0
2023-05-15,Dubai,1,26.08,18.42,0
2023-05-16,Dubai,1,4.18,8.13,0
2023-05-17,Dubai,1,1.4,19.37,0
2023-05-18,Dubai,1,0.11,5.45,0
2023-05-19,Dubai,1,11.15,21.45,0
2023-05-20,Dubai,1,0.67,44.58,0
2023-05-21,Dubai,1,7.64,9.48,0
2023-05-22,Dubai,1,15.92,22.67,0
2023-05-23,Dubai,1,3.16,2.82,0
2023-05-24,Dubai,1,9.66,15.44,0
2023-05-25,Dubai,1,14.06,6.73,0
2023-05-26,Dubai,0,5.36,4.15,0
2023-05-27,Dubai,0,0.79,1.43,0
2023-05-28,Dubai,0,3.75,15.28,0
2023-05-29,Dubai,0,14.46,8.55,0
2023-05-30,Dubai,0,13.27,24.8,0
2023-05-31,Dubai,0,3.52,12.84,0
2023-06-01,Dubai,0,10.82,4.02,0
2023-06-02,Dubai,0,2.23,1.9,0
2023-06-03,Dubai,0,5.35,11.13,0
2023-06-04,Dubai,0,1.59,14.19,0
2023-06-05,Dubai,0,2.19,12.17,0
2023-06-06,Dubai,1,2.74,22.8,0
2023-06-07,Dubai,1,6.6,13.17,0
2023-06-08,Dubai,0,2.22,9.87,0
2023-06-09,Dubai,1,4.64,1.1,0
2023-06-10,Dubai,1,8.4,9.67,0
2023-06-11,Dubai,1,0.15,17.97,0
2023-06-12,Dubai,1,10.96,1.45,0
2023-06-13,Dubai,0,1.39,14.34,0
2023-06-14,Dubai,0,10.92,21.2,0
2023-06-15,Dubai,0,8.72,5.51,0
2023-06-16,Dubai,0,0.56,11.12,0
2023-06-17,Dubai,0,1.22,2.04,0
2023-06-18,Dubai,0,7.77,13.96,0
2023-06-19,Dubai,0,0.96,9.76,0
2023-06-20,Dubai,0,0.2,5.12,0
2023-06-21,Dubai,0,2.59,3.67,0
2023-06-22,Dubai,0,0.48,1.9,0
2023-06-23,Dubai,0,1.19,0.34,0
2023-06-24,Dubai,0,1.63,8.96,0
2023-06-25,Dubai,0,6.29,3.84,0
2023-06-26,Dubai,0,2.57,16.32,0
2023-06-27,Dubai,0,1.2,9.01,0
2023-06-28,Dubai,0,4.55,0.16,0
2023-06-29,Dubai,0,2.09,6.45,0
2023-06-30,Dubai,1,12.7,25.02,0
2023-07-01,Dubai,0,10.13,3.39,0
2023-07-02,Dubai,0,1.22,6.03,0
2023-07-03,Dubai,0,0.43,0.46,0
2023-07-04,Dubai,0,1.36,20.16,0
2023-07-05,Dubai,0,5.96,5.13,0
2023-07-06,Dubai,0,8.59,2.84,0
2023-07-07,Dubai,1,15.73,23.75,0
2023-07-08,Dubai,1,15.5,2.72,0
2023-07-09,Dubai,1,4.17,4.6,0
2023-07-10,Dubai,1,4.5,1.52,0
2023-07-11,Dubai,0,9.42,38.8,0
2023-07-12,Dubai,0,1.72,2.42,0
2023-07-13,Dubai,0,12.87,3.53,0
2023-07-14,Dubai,0,2.48,17.56,0
2023-07-15,Dubai,0,1.0,13.08,0
2023-07-16,Dubai,0,6.13,24.05,0
2023-07-17,Dubai,1,4.41,17.09,0
2023-07-18,Dubai,0,5.12,7.69,0
2023-07-19,Dubai,0,1.61,4.72,0
2023-07-20,Dubai,1,0.97,17.13,0
2023-07-21,Dubai,1,9.78,0.86,0
2023-07-22,Dubai,1,5.05,1.06,0
2023-07-23,Dubai,1,5.83,3.09,0
2023-07-24,Dubai,0,1.74,10.82,0
2023-07-25,Dubai,0,1.54,7.24,0
2023-07-26,Dubai,0,7.95,40.67,0
2023-07-27,Dubai,0,9.65,7.78,0
2023-07-28,Dubai,0,0.38,9.1,0
2023-07-29,Dubai,0,4.26,9.45,0
2023-07-30,Dubai,0,0.16,18.19,0
2023-07-31,Dubai,1,1.88,66.21,0
2023-08-01,Dubai,0,5.58,6.08,0
2023-08-02,Dubai,0,4.06,0.17,0
2023-08-03,Dubai,1,0.81,29.64,0
2023-08-04,Dubai,0,2.03,10.05,0
2023-08-05,Dubai,0,1.16,19.69,0
2023-08-06,Dubai,1,8.36,24.28,0
2023-08-07,Dubai,0,14.19,5.41,0
2023-08-08,Dubai,0,4.71,13.47,0
2023-08-09,Dubai,0,6.4,2.7,0
2023-08-10,Dubai,0,0.26,26.49,0
2023-08-11,Dubai,0,5.15,34.76,0
2023-08-12,Dubai,0,2.55,2.45,0
2023-08-13,Dubai,0,1.4,28.69,0
2023-08-14,Dubai,0,0.33,25.58,0
2023-08-15,Dubai,1,1.05,0.54,0
2023-08-16,Dubai,1,0.97,17.86,0
2023-08-17,Dubai,0,2.1,17.25,0
2023-08-18,Dubai,1,0.42,35.87,0
2023-08-19,Dubai,1,19.96,49.27,0
2023-08-20,Dubai,0,4.79,39.4,0
2023-08-21,Dubai,0,5.43,5.08,0
2023-08-22,Dubai,0,0.84,8.05,0
2023-08-23,Dubai,0,2.59,0.13,0
2023-08-24,Dubai,0,1.9,0.88,0
2023-08-25,Dubai,0,1.33,2.66,0
2023-08-26,Dubai,0,2.52,7.18,0
2023-08-27,Dubai,0,9.84,17.45,0
2023-08-28,Dubai,0,9.12,0.73,0
2023-08-29,Dubai,0,23.68,11.63,0
2023-08-30,Dubai,0,0.3,40.43,0
2023-08-31,Dubai,0,2.26,53.03,0
2023-09-01,Dubai,0,1.21,18.03,0
2023-09-02,Dubai,0,4.7,3.73,0
2023-09-03,Dubai,0,2.35,13.7,0
2023-09-04,Dubai,0,9.5,4.01,0
2023-09-05,Dubai,0,9.52,8.97,0
2023-09-06,Dubai,0,4.19,13.04,0
2023-09-07,Dubai,0,0.93,6.3,0
2023-09-08,Dubai,0,0.22,8.21,0
2023-09-09,Dubai,0,0.62,24.65,0
2023-09-10,Dubai,1,14.69,25.81,0
2023-09-11,Dubai,1,7.36,49.9,0
2023-09-12,Dubai,1,3.44,2.85,0
2023-09-13,Dubai,1,6.1,41.52,0
2023-09-14,Dubai,1,3.43,4.4,0
2023-09-15,Dubai,1,5.22,0.51,0
2023-09-16,Dubai,1,2.3,28.58,0
2023-09-17,Dubai,1,3.62,6.57,0
2023-09-18,Dubai,1,2.22,3.53,0
2023-09-19,Dubai,0,0.39,5.24,0
2023-09-20,Dubai,1,0.02,5.81,0
2023-09-21,Dubai,1,5.03,47.34,0
2023-09-22,Dubai,0,5.62,1.39,0
2023-09-23,Dubai,1,0.91,1.74,0
2023-09-24,Dubai,2,8.02,11.99,0
2023-09-25,Dubai,1,23.82,5.24,0
2023-09-26,Dubai,0,2.1,4.53,0
2023-09-27,Dubai,1,2.72,2.84,0
2023-09-28,Dubai,1,0.18,31.82,0
2023-09-29,Dubai,1,5.21,12.91,0
2023-09-30,Dubai,1,2.98,2.49,0
2023-10-01,Dubai,1,0.5,22.77,0
2023-10-02,Dubai,1,22.99,9.63,0
2023-10-03,Dubai,1,11.82,25.24,0
2023-10-04,Dubai,1,3.89,5.01,0
2023-10-05,Dubai,1,6.73,14.85,0
2023-10-06,Dubai,1,18.21,0.53,0
2023-10-07,Dubai,0,0.51,57.88,0
2023-10-08,Dubai,1,1.76,19.32,0
2023-10-09,Dubai,1,10.39,90.16,0
2023-10-10,Dubai,1,3.18,14.22,0
2023-10-11,Dubai,1,5.95,0.05,0
2023-10-12,Dubai,1,5.28,30.64,0
2023-10-13,Dubai,0,1.61,16.64,0
2023-10-14,Dubai,0,0.73,1.88,0
2023-10-15,Dubai,0,3.91,6.13,0
2023-10-16,Dubai,1,0.47,14.65,0
2023-10-17,Dubai,1,15.81,33.29,0
2023-10-18,Dubai,1,0.9,33.44,0
2023-10-19,Dubai,1,2.4,8.78,0
2023-10-20,Dubai,0,3.6,0.56,0
2023-10-21,Dubai,1,2.31,10.24,0
2023-10-22,Dubai,1,1.85,9.8,0
2023-10-23,Dubai,1,1.0,6.87,0
2023-10-24,Dubai,1,0.46,49.52,0
2023-10-25,Dubai,2,0.77,81.17,0
2023-10-26,Dubai,2,13.32,35.67,1
2023-10-27,Dubai,1,3.01,0.18,0
2023-10-28,Dubai,1,7.15,0.06,0
2023-10-29,Dubai,1,19.94,41.63,0
2023-10-30,Dubai,1,15.13,40.08,0
2023-10-31,Dubai,2,1.5,4.66,0
2023-11-01,Dubai,1,22.36,0.42,0
2023-11-02,Dubai,2,9.77,57.21,0
2023-11-03,Dubai,2,32.77,60.63,0
2023-11-04,Dubai,2,18.69,16.68,1
2023-11-05,Dubai,2,13.0,9.44,0
2023-11-06,Dubai,2,42.24,59.8,0
2023-11-07,Dubai,2,19.45,0.77,0
2023-11-08,Dubai,2,2.31,29.06,0
2023-11-09,Dubai,1,21.51,8.14,0
2023-11-10,Dubai,1,14.35,3.5,0
2023-11-11,Dubai,0,0.49,8.29,0
2023-11-12,Dubai,1,1.11,2.04,0
2023-11-13,Dubai,1,13.18,6.24,0
2023-11-14,Dubai,1,1.2,32.82,0
2023-11-15,Dubai,1,6.8,28.7,0
2023-11-16,Dubai,1,0.51,16.32,0
2023-11-17,Dubai,2,0.18,4.04,0
2023-11-18,Dubai,1,10.38,18.88,0
2023-11-19,Dubai,1,4.91,10.65,0
2023-11-20,Dubai,1,4.19,10.6,0
2023-11-21,Dubai,1,1.36,12.35,0
2023-11-22,Dubai,2,6.16,15.47,0
2023-11-23,Dubai,1,1.46,3.83,0
2023-11-24,Dubai,1,19.92,1.33,0
2023-11-25,Dubai,2,1.33,8.61,0
2023-11-26,Dubai,1,5.96,7.38,0
2023-11-27,Dubai,1,7.67,4.74,0
2023-11-28,Dubai,1,5.31,0.65,0
2023-11-29,Dubai,1,0.35,16.26,0
2023-11-30,Dubai,2,13.14,20.75,0
2023-12-01,Dubai,2,0.31,1.19,0
2023-12-02,Dubai,2,25.19,25.18,0
2023-12-03,Dubai,2,5.34,28.55,0
2023-12-04,Dubai,2,9.85,6.05,0
2023-12-05,Dubai,3,6.47,5.05,1
2023-12-06,Dubai,2,2.83,24.45,0
2023-12-07,Dubai,1,10.68,17.08,0
2023-12-08,Dubai,2,4.92,3.91,0
2023-12-09,Dubai,1,4.9,8.64,0
2023-12-10,Dubai,2,24.85,25.41,0
2023-12-11,Dubai,1,1.11,26.68,0
2023-12-12,Dubai,1,29.67,8.09,0
2023-12-13,Dubai,2,6.34,29.17,1
2023-12-14,Dubai,1,2.03,37.68,0
2023-12-15,Dubai,1,11.28,6.39,0
2023-12-16,Dubai,1,17.67,9.38,0
2023-12-17,Dubai,1,1.6,11.29,0
2023-12-18,Dubai,2,1.57,31.83,0
2023-12-19,Dubai,1,25.07,3.1,0
2023-12-20,Dubai,1,2.82,16.18,0
2023-12-21,Dubai,1,9.67,28.84,0
2023-12-22,Dubai,1,11.45,3.13,0
2023-12-23,Dubai,1,0.01,9.99,0
2023-12-24,Dubai,1,10.99,8.06,0
2023-12-25,Dubai,1,1.16,15.36,0
2023-12-26,Dubai,2,7.33,33.56,0
2023-12-27,Dubai,2,5.56,4.41,0
2023-12-28,Dubai,2,11.8,108.1,0
2023-12-29,Dubai,1,6.95,3.11,0
2023-12-30,Dubai,1,31.24,20.16,0
2023-12-31,Dubai,1,5.74,8.61,0
2024-01-01,Dubai,1,15.39,7.27,0
2024-01-02,Dubai,1,3.12,1.39,0
2024-01-03,Dubai,2,7.72,50.3,0
2024-01-04,Dubai,2,2.29,12.15,0
2024-01-05,Dubai,1,0.4,21.39,0
2024-01-06,Dubai,2,3.95,9.48,0
2024-01-07,Dubai,2,8.12,2.34,1
2024-01-08,Dubai,2,23.65,56.31,0
2024-01-09,Dubai,2,5.66,9.79,0
2024-01-10,Dubai,3,0.97,24.04,1
2024-01-11,Dubai,2,0.75,26.85,1
2024-01-12,Dubai,1,2.0,100.39,0
2024-01-13,Dubai,2,4.69,33.64,0
2024-01-14,Dubai,1,4.32,10.27,0
2024-01-15,Dubai,1,0.06,10.1,0
2024-01-16,Dubai,1,5.43,23.4,0
2024-01-17,Dubai,1,20.96,0.83,0
2024-01-18,Dubai,2,12.7,20.89,1
2024-01-19,Dubai,1,3.66,16.57,0
2024-01-20,Dubai,1,3.49,5.16,0
2024-01-21,Dubai,2,3.72,37.42,0
2024-01-22,Dubai,2,6.88,54.83,1
2024-01-23,Dubai,2,1.57,23.04,1
2024-01-24,Dubai,1,2.72,2.61,0
2024-01-25,Dubai,1,20.94,14.74,0
2024-01-26,Dubai,1,6.09,5.11,0
2024-01-27,Dubai,1,0.5,49.34,0
2024-01-28,Dubai,2,0.11,2.25,0
2024-01-29,Dubai,2,2.32,116.93,0
2024-01-30,Dubai,2,3.03,1.81,0
2024-01-31,Dubai,1,0.63,23.47,0
2024-02-01,Dubai,1,0.91,9.71,0
2024-02-02,Dubai,1,1.86,23.5,0
2024-02-03,Dubai,1,0.7,2.68,0
2024-02-04,Dubai,1,2.25,27.66,0
2024-02-05,Dubai,2,7.53,6.84,0
2024-02-06,Dubai,2,12.08,12.73,0
2024-02-07,Dubai,2,3.06,30.47,0
2024-02-08,Dubai,2,8.24,26.23,0
2024-02-09,Dubai,1,6.57,12.02,0
2024-02-10,Dubai,1,1.76,1.74,0
2024-02-11,Dubai,2,17.58,18.08,1
2024-02-12,Dubai,1,7.48,31.73,0
2024-02-13,Dubai,1,1.98,3.86,0
2024-02-14,Dubai,1,10.35,6.86,0
2024-02-15,Dubai,1,10.91,15.64,0
2024-02-16,Dubai,1,1.0,0.06,0
2024-02-17,Dubai,1,0.41,18.96,0
2024-02-18,Dubai,1,6.76,40.18,0
2024-02-19,Dubai,1,24.29,2.15,0
2024-02-20,Dubai,1,10.41,6.04,0
2024-02-21,Dubai,0,9.1,0.01,0
2024-02-22,Dubai,0,11.55,0.11,0
2024-02-23,Dubai,1,0.56,2.7,0
2024-02-24,Dubai,1,3.64,4.46,0
2024-02-25,Dubai,1,3.17,7.67,0
2024-02-26,Dubai,1,6.34,26.59,0
2024-02-27,Dubai,1,3.71,1.0,0
2024-02-28,Dubai,1,0.29,68.65,0
2024-02-29,Dubai,1,1.59,65.5,0
2024-03-01,Dubai,0,0.57,3.49,0
2024-03-02,Dubai,1,11.87,13.87,0
2024-03-03,Dubai,0,2.16,2.11,0
2024-03-04,Dubai,1,3.61,39.78,0
2024-03-05,Dubai,1,5.15,16.74,0
2024-03-06,Dubai,1,7.72,2.25,0
2024-03-07,Dubai,1,11.55,0.29,0
2024-03-08,Dubai,1,3.55,10.15,0
2024-03-09,Dubai,1,15.44,32.03,0
2024-03-10,Dubai,1,2.52,2.67,0
2024-03-11,Dubai,1,3.55,8.21,0
2024-03-12,Dubai,1,2.87,10.69,0
2024-03-13,Dubai,2,0.31,46.08,0
2024-03-14,Dubai,1,10.69,5.76,0
2024-03-15,Dubai,0,3.49,2.4,0
2024-03-16,Dubai,0,0.01,11.44,0
2024-03-17,Dubai,1,22.24,18.35,0
2024-03-18,Dubai,1,3.92,17.11,0
2024-03-19,Dubai,0,2.03,4.43,0
2024-03-20,Dubai,1,1.99,0.56,0
2024-03-21,Dubai,1,8.04,9.5,0
2024-03-22,Dubai,1,8.25,21.66,0
2024-03-23,Dubai,1,4.17,26.17,0
2024-03-24,Dubai,0,4.38,2.34,0
2024-03-25,Dubai,1,3.43,42.24,0
2024-03-26,Dubai,1,1.3,18.3,0
2024-03-27,Dubai,0,3.67,14.57,0
2024-03-28,Dubai,0,6.84,6.24,0
2024-03-29,Dubai,0,3.44,23.4,0
2024-03-30,Dubai,1,2.42,10.78,0
2024-03-31,Dubai,1,3.42,70.14,0
2024-04-01,Dubai,1,5.9,15.46,0
2024-04-02,Dubai,1,39.06,51.22,0
2024-04-03,Dubai,1,0.3,5.17,0
2024-04-04,Dubai,1,2.75,10.19,0
2024-04-05,Dubai,1,2.44,7.15,0
2024-04-06,Dubai,1,5.28,0.06,0
2024-04-07,Dubai,1,3.78,18.22,0
2024-04-08,Dubai,1,5.12,2.43,0
2024-04-09,Dubai,2,8.88,1.47,0
2024-04-10,Dubai,1,9.37,30.14,0
2024-04-11,Dubai,1,13.52,58.06,0
2024-04-12,Dubai,1,25.5,64.42,0
2024-04-13,Dubai,1,3.81,18.76,0
2024-04-14,Dubai,0,0.23,0.21,0
2024-04-15,Dubai,1,4.86,5.08,0
2024-04-16,Dubai,0,4.95,15.85,0
2024-04-17,Dubai,0,0.38,3.73,0
2024-04-18,Dubai,0,0.38,12.52,0
2024-04-19,Dubai,0,9.49,33.05,0
2024-04-20,Dubai,0,1.02,3.93,0
2024-04-21,Dubai,0,3.19,3.41,0
2024-04-22,Dubai,1,0.91,2.65,0
2024-04-23,Dubai,1,6.12,14.59,0
2024-04-24,Dubai,0,2.55,7.37,0
2024-04-25,Dubai,0,13.59,20.68,0
2024-04-26,Dubai,0,4.31,12.16,0
2024-04-27,Dubai,0,6.56,14.37,0
2024-04-28,Dubai,1,16.1,6.99,0
2024-04-29,Dubai,1,1.18,38.58,0
2024-04-30,Dubai,1,3.99,28.9,0
2024-05-01,Dubai,1,22.08,31.72,0
2024-05-02,Dubai,0,5.97,31.31,0
2024-05-03,Dubai,0,4.27,15.47,0
2024-05-04,Dubai,0,4.09,17.37,0
2024-05-05,Dubai,0,9.33,23.93,0
2024-05-06,Dubai,0,1.4,17.51,0
2024-05-07,Dubai,1,7.38,25.28,0
2024-05-08,Dubai,1,11.96,12.53,0
2024-05-09,Dubai,0,2.08,1.83,0
2024-05-10,Dubai,1,14.37,3.85,0
2024-05-11,Dubai,1,26.07,1.69,0
2024-05-12,Dubai,0,3.51,15.52,0
2024-05-13,Dubai,0,0.93,3.81,0
2024-05-14,Dubai,0,4.43,21.24,0
2024-05-15,Dubai,0,1.92,3.02,0
2024-05-16,Dubai,0,4.67,0.64,0
2024-05-17,Dubai,1,10.79,16.0,0
2024-05-18,Dubai,1,39.4,24.67,0
2024-05-19,Dubai,1,0.81,6.91,0
2024-05-20,Dubai,1,14.19,14.23,0
2024-05-21,Dubai,0,4.56,0.23,0
2024-05-22,Dubai,0,10.25,1.18,0
2024-05-23,Dubai,0,5.16,3.65,0
2024-05-24,Dubai,0,5.82,9.63,0
2024-05-25,Dubai,0,2.33,0.23,0
2024-05-26,Dubai,0,7.39,0.12,0
2024-05-27,Dubai,0,7.48,22.14,0
2024-05-28,Dubai,0,2.28,14.34,0
2024-05-29,Dubai,0,6.18,3.3,0
2024-05-30,Dubai,1,8.37,10.84,0
2024-05-31,Dubai,0,5.52,16.47,0
2024-06-01,Dubai,1,5.12,43.13,0
2024-06-02,Dubai,2,0.89,12.32,0
2024-06-03,Dubai,1,2.19,33.16,0
2024-06-04,Dubai,1,28.93,2.31,0
2024-06-05,Dubai,1,5.21,6.55,0
2024-06-06,Dubai,0,14.89,13.29,0
2024-06-07,Dubai,0,3.49,13.79,0
2024-06-08,Dubai,0,4.76,11.89,0
2024-06-09,Dubai,0,2.5,62.46,0
2024-06-10,Dubai,0,4.04,6.4,0
2024-06-11,Dubai,0,11.8,0.59,0
2024-06-12,Dubai,0,5.71,1.27,0
2024-06-13,Dubai,0,6.13,20.78,0
2024-06-14,Dubai,0,7.53,19.75,0
2024-06-15,Dubai,0,0.86,12.55,0
2024-06-16,Dubai,0,0.14,0.57,0
2024-06-17,Dubai,0,4.71,18.26,0
2024-06-18,Dubai,0,10.79,12.98,0
2024-06-19,Dubai,0,1.61,7.72,0
2024-06-20,Dubai,0,21.57,18.75,0
2024-06-21,Dubai,0,1.9,2.43,0
2024-06-22,Dubai,0,0.42,17.66,0
2024-06-23,Dubai,0,1.1,5.8,0
2024-06-24,Dubai,0,13.36,1.22,0
2024-06-25,Dubai,0,1.21,23.14,0
2024-06-26,Dubai,1,0.25,13.39,0
2024-06-27,Dubai,1,1.76,13.23,0
2024-06-28,Dubai,0,1.36,2.0,0
2024-06-29,Dubai,1,7.92,12.33,0
2024-06-30,Dubai,0,2.56,4.98,0
2024-07-01,Dubai,0,13.64,10.07,0
2024-07-02,Dubai,0,11.15,26.62,0
2024-07-03,Dubai,0,2.96,5.38,0
2024-07-04,Dubai,0,8.75,10.92,0
2024-07-05,Dubai,0,10.09,17.61,0
2024-07-06,Dubai,0,3.39,2.48,0
2024-07-07,Dubai,0,0.28,2.01,0
2024-07-08,Dubai,0,2.96,23.63,0
2024-07-09,Dubai,0,0.19,69.37,0
2024-07-10,Dubai,0,16.33,20.87,0
2024-07-11,Dubai,1,4.57,19.97,0
2024-07-12,Dubai,0,4.9,0.06,0
2024-07-13,Dubai,0,9.46,4.75,0
2024-07-14,Dubai,0,7.13,1.4,0
2024-07-15,Dubai,0,0.03,24.22,0
2024-07-16,Dubai,0,4.27,12.84,0
2024-07-17,Dubai,1,3.75,45.18,0
2024-07-18,Dubai,1,28.5,4.43,0
2024-07-19,Dubai,0,7.21,9.6,0
2024-07-20,Dubai,0,0.22,5.9,0
2024-07-21,Dubai,0,3.72,1.25,0
2024-07-22,Dubai,0,2.2,8.79,0
2024-07-23,Dubai,0,4.48,17.95,0
2024-07-24,Dubai,0,0.54,10.86,0
2024-07-25,Dubai,0,2.47,27.31,0
2024-07-26,Dubai,0,2.71,8.93,0
2024-07-27,Dubai,0,9.85,2.93,0
2024-07-28,Dubai,0,1.69,1.33,0
2024-07-29,Dubai,0,1.98,10.79,0
2024-07-30,Dubai,0,6.54,2.67,0
2024-07-31,Dubai,0,13.77,25.1,0
2024-08-01,Dubai,0,2.81,29.87,0
2024-08-02,Dubai,0,5.96,13.23,0
2024-08-03,Dubai,0,1.57,8.53,0
2024-08-04,Dubai,0,2.21,0.23,0
2024-08-05,Dubai,0,9.55,0.19,0
2024-08-06,Dubai,0,3.61,17.1,0
2024-08-07,Dubai,0,1.44,9.12,0
2024-08-08,Dubai,0,2.47,15.86,0
2024-08-09,Dubai,0,6.29,0.42,0
2024-08-10,Dubai,0,0.01,1.81,0
2024-08-11,Dubai,0,2.53,19.43,0
2024-08-12,Dubai,0,14.82,8.39,0
2024-08-13,Dubai,0,7.21,11.08,0
2024-08-14,Dubai,1,13.35,28.35,0
2024-08-15,Dubai,0,0.13,3.6,0
2024-08-16,Dubai,1,6.12,5.03,0
2024-08-17,Dubai,1,16.83,11.96,0
2024-08-18,Dubai,0,6.05,0.5,0
2024-08-19,Dubai,1,0.84,61.47,0
2024-08-20,Dubai,0,11.78,8.63,0
2024-08-21,Dubai,1,7.14,0.91,0
2024-08-22,Dubai,1,0.92,6.0,0
2024-08-23,Dubai,1,23.92,22.2,0
2024-08-24,Dubai,1,51.99,18.26,0
2024-08-25,Dubai,1,1.42,15.22,0
2024-08-26,Dubai,1,6.66,69.0,0
2024-08-27,Dubai,1,4.12,0.9,0
2024-08-28,Dubai,1,4.45,28.83,0
2024-08-29,Dubai,1,17.62,1.02,0
2024-08-30,Dubai,1,5.79,5.38,0
2024-08-31,Dubai,0,0.53,6.98,0
2024-09-01,Dubai,0,5.57,7.88,0
2024-09-02,Dubai,0,2.59,12.02,0
2024-09-03,Dubai,0,5.31,5.76,0
2024-09-04,Dubai,0,2.34,1.17,0
2024-09-05,Dubai,0,15.29,11.55,0
2024-09-06,Dubai,1,5.41,10.3,0
2024-09-07,Dubai,1,2.1,21.26,0
2024-09-08,Dubai,1,14.59,21.13,0
2024-09-09,Dubai,2,8.63,9.68,0
2024-09-10,Dubai,1,6.54,20.81,0
2024-09-11,Dubai,1,12.18,10.16,0
2024-09-12,Dubai,0,2.07,27.02,0
2024-09-13,Dubai,0,6.99,9.43,0
2024-09-14,Dubai,1,2.31,7.82,0
2024-09-15,Dubai,1,5.93,4.29,0
2024-09-16,Dubai,0,0.55,0.78,0
2024-09-17,Dubai,1,1.17,4.35,0
2024-09-18,Dubai,1,10.91,3.25,0
2024-09-19,Dubai,1,11.54,11.26,0
2024-09-20,Dubai,1,13.98,0.63,0
2024-09-21,Dubai,0,0.25,0.06,0
2024-09-22,Dubai,0,0.44,2.26,0
2024-09-23,Dubai,1,7.14,18.73,0
2024-09-24,Dubai,1,9.53,34.18,0
2024-09-25,Dubai,1,0.34,5.19,0
2024-09-26,Dubai,1,7.19,4.66,0
2024-09-27,Dubai,1,31.6,15.99,0
2024-09-28,Dubai,1,25.0,11.92,0
2024-09-29,Dubai,0,3.02,27.31,0
2024-09-30,Dubai,1,4.68,15.45,0
2024-10-01,Dubai,1,4.99,11.21,0
2024-10-02,Dubai,1,3.6,18.49,0
2024-10-03,Dubai,1,0.29,6.6,0
2024-10-04,Dubai,1,1.84,25.05,0
2024-10-05,Dubai,0,0.91,18.78,0
2024-10-06,Dubai,0,14.17,0.55,0
2024-10-07,Dubai,0,3.16,10.85,0
2024-10-08,Dubai,0,5.51,16.79,0
2024-10-09,Dubai,0,6.44,1.35,0
2024-10-10,Dubai,1,1.32,3.01,0
2024-10-11,Dubai,1,10.79,18.53,0
2024-10-12,Dubai,1,1.24,20.0,0
2024-10-13,Dubai,1,4.44,14.87,0
2024-10-14,Dubai,1,2.0,40.25,0
2024-10-15,Dubai,1,3.79,0.37,0
2024-10-16,Dubai,1,8.34,9.71,0
2024-10-17,Dubai,1,11.97,6.42,0
2024-10-18,Dubai,1,2.6,8.23,0
2024-10-19,Dubai,1,0.71,18.04,0
2024-10-20,Dubai,0,9.6,5.45,0
2024-10-21,Dubai,0,0.15,16.32,0
2024-10-22,Dubai,0,0.32,10.33,0
2024-10-23,Dubai,0,4.49,2.07,0
2024-10-24,Dubai,1,5.2,2.19,0
2024-10-25,Dubai,1,13.26,4.55,0
2024-10-26,Dubai,1,0.05,3.03,0
2024-10-27,Dubai,1,3.19,8.66,0
2024-10-28,Dubai,1,6.69,5.9,0
2024-10-29,Dubai,1,2.47,7.73,0
2024-10-30,Dubai,0,0.35,8.69,0
2024-10-31,Dubai,1,13.16,1.88,0
2024-11-01,Dubai,1,36.87,2.76,0
2024-11-02,Dubai,1,7.28,4.32,0
2024-11-03,Dubai,2,9.85,54.08,0
2024-11-04,Dubai,1,6.75,7.17,0
2024-11-05,Dubai,1,3.91,9.3,0
2024-11-06,Dubai,2,18.81,72.9,0
2024-11-07,Dubai,1,28.23,6.37,0
2024-11-08,Dubai,1,5.51,11.41,0
2024-11-09,Dubai,1,3.22,35.75,0
2024-11-10,Dubai,2,4.18,47.08,1
2024-11-11,Dubai,1,1.28,46.55,0
2024-11-12,Dubai,1,2.21,5.7,0
2024-11-13,Dubai,1,1.94,6.51,0
2024-11-14,Dubai,0,6.82,1.9,0
2024-11-15,Dubai,0,2.6,5.02,0
2024-11-16,Dubai,1,0.25,14.35,0
2024-11-17,Dubai,2,2.17,39.77,0
2024-11-18,Dubai,1,4.4,51.15,0
2024-11-19,Dubai,2,3.49,21.55,0
2024-11-20,Dubai,1,0.14,3.61,0
2024-11-21,Dubai,2,17.05,53.6,0
2024-11-22,Dubai,2,0.93,18.93,0
2024-11-23,Dubai,2,25.17,0.77,0
2024-11-24,Dubai,2,8.62,37.99,1
2024-11-25,Dubai,1,1.46,17.45,0
2024-11-26,Dubai,2,48.8,34.19,0
2024-11-27,Dubai,2,11.37,0.81,1
2024-11-28,Dubai,2,24.62,17.76,0
2024-11-29,Dubai,1,19.73,17.94,0
2024-11-30,Dubai,1,2.04,9.58,0
2024-12-01,Dubai,1,3.46,0.2,0
2024-12-02,Dubai,2,7.22,35.0,0
2024-12-03,Dubai,2,17.06,8.71,0
2024-12-04,Dubai,2,4.48,39.6,0
2024-12-05,Dubai,1,8.95,28.58,0
2024-12-06,Dubai,1,2.73,6.01,0
2024-12-07,Dubai,1,0.4,10.2,0
2024-12-08,Dubai,1,0.35,41.16,0
2024-12-09,Dubai,1,3.43,18.08,0
2024-12-10,Dubai,3,7.14,30.62,1
2024-12-11,Dubai,3,14.2,4.76,1
2024-12-12,Dubai,2,12.33,16.51,0
2024-12-13,Dubai,2,1.47,43.49,0
2024-12-14,Dubai,2,5.43,4.08,0
2024-12-15,Dubai,2,4.47,6.25,0
2024-12-16,Dubai,2,0.51,15.87,0
2024-12-17,Dubai,1,1.04,9.66,0
2024-12-18,Dubai,1,26.57,1.16,0
2024-12-19,Dubai,1,0.54,56.2,0
2024-12-20,Dubai,2,20.54,5.71,0
2024-12-21,Dubai,2,23.46,23.17,0
2024-12-22,Dubai,1,51.75,15.03,0
2024-12-23,Dubai,1,0.32,15.47,0
2024-12-24,Dubai,1,2.6,50.61,0
2024-12-25,Dubai,1,2.2,70.57,0
2024-12-26,Dubai,1,10.9,21.71,0
2024-12-27,Dubai,1,9.47,3.67,0
2024-12-28,Dubai,1,6.41,27.28,0
2024-12-29,Dubai,1,5.99,4.07,0
2024-12-30,Dubai,1,2.02,12.19,0
2024-12-31,Dubai,1,19.29,6.98,0
2025-01-01,Dubai,1,9.27,1.77,0
2025-01-02,Dubai,1,0.51,8.2,0
2025-01-03,Dubai,1,1.27,2.07,0
2025-01-04,Dubai,2,5.51,0.13,0
2025-01-05,Dubai,2,40.07,1.84,0
2025-01-06,Dubai,1,30.53,12.62,0
2025-01-07,Dubai,1,1.8,8.25,0
2025-01-08,Dubai,1,26.89,3.85,0
2025-01-09,Dubai,1,2.16,40.02,0
2025-01-10,Dubai,1,4.52,1.11,0
2025-01-11,Dubai,1,14.46,41.13,0
2025-01-12,Dubai,1,5.48,42.13,0
2025-01-13,Dubai,2,3.55,14.19,0
2025-01-14,Dubai,1,36.09,0.72,0
2025-01-15,Dubai,2,7.25,60.48,0
2025-01-16,Dubai,1,15.1,38.77,0
2025-01-17,Dubai,1,5.15,5.17,0
2025-01-18,Dubai,1,5.25,4.55,0
2025-01-19,Dubai,1,3.41,9.45,0
2025-01-20,Dubai,1,4.94,0.83,0
2025-01-21,Dubai,2,0.55,4.03,0
2025-01-22,Dubai,1,1.11,50.07,0
2025-01-23,Dubai,2,5.74,13.57,0
2025-01-24,Dubai,2,8.19,21.72,0
2025-01-25,Dubai,2,4.2,13.6,0
2025-01-26,Dubai,2,21.25,1.94,0
2025-01-27,Dubai,2,45.9,14.43,0
2025-01-28,Dubai,3,29.07,2.69,1
2025-01-29,Dubai,2,1.48,26.49,0
2025-01-30,Dubai,2,3.8,97.66,0
2025-01-31,Dubai,2,12.27,9.36,0
2025-02-01,Dubai,1,0.93,2.85,0
2025-02-02,Dubai,1,4.24,15.14,0
2025-02-03,Dubai,1,2.3,41.49,0
2025-02-04,Dubai,1,20.46,7.24,0
2025-02-05,Dubai,1,0.29,40.31,0
2025-02-06,Dubai,1,15.8,0.85,0
2025-02-07,Dubai,1,5.09,85.59,0
2025-02-08,Dubai,1,3.88,10.16,0
2025-02-09,Dubai,1,13.94,18.38,0
2025-02-10,Dubai,2,1.16,35.04,0
2025-02-11,Dubai,2,0.15,9.68,0
2025-02-12,Dubai,2,3.86,20.21,0
2025-02-13,Dubai,1,2.42,22.69,0
2025-02-14,Dubai,1,0.28,13.84,0
2025-02-15,Dubai,1,4.85,19.43,0
2025-02-16,Dubai,1,4.3,8.61,0
2025-02-17,Dubai,1,0.27,13.18,0
2025-02-18,Dubai,1,2.63,4.95,0
2025-02-19,Dubai,1,1.37,2.91,0
2025-02-20,Dubai,1,8.55,53.57,0
2025-02-21,Dubai,1,0.22,33.28,0
2025-02-22,Dubai,1,6.09,54.79,0
2025-02-23,Dubai,1,3.85,1.15,0
2025-02-24,Dubai,1,8.92,66.47,0
2025-02-25,Dubai,1,0.25,9.33,0
2025-02-26,Dubai,2,7.86,88.76,0
2025-02-27,Dubai,1,2.65,5.29,0
2025-02-28,Dubai,1,17.68,0.43,0
2025-03-01,Dubai,1,1.98,14.17,0
2025-03-02,Dubai,1,9.08,35.6,0
2025-03-03,Dubai,1,10.59,15.44,0
2025-03-04,Dubai,1,2.87,3.13,0
2025-03-05,Dubai,2,5.83,6.21,1
2025-03-06,Dubai,1,29.36,3.1,0
2025-03-07,Dubai,1,5.27,31.32,0
2025-03-08,Dubai,2,8.94,20.8,0
2025-03-09,Dubai,1,8.73,0.46,0
2025-03-10,Dubai,1,5.07,7.66,0
2025-03-11,Dubai,1,2.07,20.8,0
2025-03-12,Dubai,2,11.06,12.71,1
2025-03-13,Dubai,2,24.64,28.74,0
2025-03-14,Dubai,1,8.92,15.67,0
2025-03-15,Dubai,1,13.52,6.47,0
2025-03-16,Dubai,1,4.9,3.83,0
2025-03-17,Dubai,1,19.54,21.57,0
2025-03-18,Dubai,1,0.88,22.52,0
2025-03-19,Dubai,1,8.77,79.24,0
2025-03-20,Dubai,0,0.12,3.69,0
2025-03-21,Dubai,0,2.09,41.83,0
2025-03-22,Dubai,0,5.98,4.5,0
2025-03-23,Dubai,0,11.84,10.04,0
2025-03-24,Dubai,0,2.48,0.18,0
2025-03-25,Dubai,0,1.74,32.43,0
2025-03-26,Dubai,0,1.14,0.75,0
2025-03-27,Dubai,1,3.59,3.05,0
2025-03-28,Dubai,1,2.28,17.53,0
2025-03-29,Dubai,1,2.99,17.84,0
2025-03-30,Dubai,1,11.18,31.76,0
2025-03-31,Dubai,1,9.22,11.5,0
2025-04-01,Dubai,1,1.34,12.88,0
2025-04-02,Dubai,0,1.17,55.54,0
2025-04-03,Dubai,1,4.47,10.99,0
2025-04-04,Dubai,1,17.32,18.2,0
2025-04-05,Dubai,1,5.04,40.18,0
2025-04-06,Dubai,0,3.26,23.95,0
2025-04-07,Dubai,0,11.7,7.48,0
2025-04-08,Dubai,0,1.41,9.1,0
2025-04-09,Dubai,0,9.97,4.76,0
2025-04-10,Dubai,0,20.65,5.8,0
2025-04-11,Dubai,0,17.7,32.38,0
2025-04-12,Dubai,0,10.75,9.18,0
2025-04-13,Dubai,0,1.55,17.56,0
2025-04-14,Dubai,0,28.82,0.63,0
2025-04-15,Dubai,0,6.66,1.89,0
2025-04-16,Dubai,1,2.28,4.98,0
2025-04-17,Dubai,1,4.72,10.4,0
2025-04-18,Dubai,0,1.26,1.07,0
2025-04-19,Dubai,0,13.9,1.2,0
2025-04-20,Dubai,0,1.37,8.32,0
2025-04-21,Dubai,0,2.98,9.77,0
2025-04-22,Dubai,0,6.39,15.44,0
2025-04-23,Dubai,0,7.04,29.51,0
2025-04-24,Dubai,1,15.89,16.17,0
2025-04-25,Dubai,1,2.07,23.13,0
2025-04-26,Dubai,1,4.09,47.06,0
2025-04-27,Dubai,0,2.99,4.01,0
2025-04-28,Dubai,1,15.01,18.59,0
2025-04-29,Dubai,1,14.11,12.33,0
2025-04-30,Dubai,1,4.71,2.29,0
2025-05-01,Dubai,1,3.22,3.76,0
2025-05-02,Dubai,1,9.96,4.99,0
2025-05-03,Dubai,1,29.29,3.83,0
2025-05-04,Dubai,1,13.4,56.7,0
2025-05-05,Dubai,1,2.95,3.54,0
2025-05-06,Dubai,1,4.4,22.42,0
2025-05-07,Dubai,1,5.44,2.16,0
2025-05-08,Dubai,1,5.03,41.99,0
2025-05-09,Dubai,0,1.68,25.84,0
2025-05-10,Dubai,0,1.5,35.93,0
2025-05-11,Dubai,0,9.96,14.15,0
2025-05-12,Dubai,0,7.99,7.92,0
2025-05-13,Dubai,0,19.85,24.62,0
2025-05-14,Dubai,0,6.56,21.34,0
2025-05-15,Dubai,1,10.01,13.08,0
2025-05-16,Dubai,0,8.51,8.36,0
2025-05-17,Dubai,0,21.3,12.39,0
2025-05-18,Dubai,0,1.64,1.43,0
2025-05-19,Dubai,0,1.54,1.76,0
2025-05-20,Dubai,0,0.15,2.78,0
2025-05-21,Dubai,0,8.94,0.96,0
2025-05-22,Dubai,0,7.28,17.48,0
2025-05-23,Dubai,0,12.13,15.43,0
2025-05-24,Dubai,0,1.99,2.47,0
2025-05-25,Dubai,0,5.49,2.7,0
2025-05-26,Dubai,0,9.51,27.82,0
2025-05-27,Dubai,0,0.31,12.82,0
2025-05-28,Dubai,0,1.59,0.86,0
2025-05-29,Dubai,0,8.11,4.48,0
2025-05-30,Dubai,0,3.07,10.88,0
2025-05-31,Dubai,0,8.35,15.53,0
2025-06-01,Dubai,0,8.12,7.67,0
2025-06-02,Dubai,0,3.7,2.86,0
2025-06-03,Dubai,0,4.47,1.99,0
2025-06-04,Dubai,0,3.43,9.27,0
2025-06-05,Dubai,0,22.33,29.36,0
2025-06-06,Dubai,0,1.48,7.96,0
2025-06-07,Dubai,0,4.22,11.94,0
2025-06-08,Dubai,0,8.99,0.63,0
2025-06-09,Dubai,1,2.65,15.47,0
2025-06-10,Dubai,1,5.14,10.16,0
2025-06-11,Dubai,0,0.29,0.9,0
2025-06-12,Dubai,0,4.98,3.86,0
2025-06-13,Dubai,0,6.08,9.39,0
2025-06-14,Dubai,0,5.76,32.51,0
2025-06-15,Dubai,0,0.91,2.0,0
2025-06-16,Dubai,0,1.26,6.92,0
2025-06-17,Dubai,0,2.34,4.36,0
2025-06-18,Dubai,0,6.76,4.17,0
2025-06-19,Dubai,0,7.33,11.36,0
2025-06-20,Dubai,0,5.33,49.52,0
2025-06-21,Dubai,0,7.81,8.72,0
2025-06-22,Dubai,0,7.59,15.84,0
2025-06-23,Dubai,0,3.24,3.17,0
2025-06-24,Dubai,0,3.99,3.36,0
2025-06-25,Dubai,0,4.63,0.73,0
2025-06-26,Dubai,0,1.9,4.69,0
2025-06-27,Dubai,0,0.16,56.19,0
2025-06-28,Dubai,0,0.52,21.4,0
2025-06-29,Dubai,0,4.76,12.64,0
2025-06-30,Dubai,0,17.48,1.69,0
2025-07-01,Dubai,0,7.73,7.36,0
2025-07-02,Dubai,0,23.02,16.19,0
2025-07-03,Dubai,0,13.63,7.63,0
2025-07-04,Dubai,0,6.0,4.59,0
2025-07-05,Dubai,0,8.12,16.03,0
2025-07-06,Dubai,0,0.02,19.97,0
2025-07-07,Dubai,0,4.57,7.93,0
2025-07-08,Dubai,1,5.57,2.99,0
2025-07-09,Dubai,0,3.04,19.6,0
2025-07-10,Dubai,0,8.0,5.82,0
2025-07-11,Dubai,0,1.97,13.08,0
2025-07-12,Dubai,0,3.38,17.15,0
2025-07-13,Dubai,0,3.7,3.7,0
2025-07-14,Dubai,0,0.84,7.46,0
2025-07-15,Dubai,0,1.7,1.23,0
2025-07-16,Dubai,0,3.28,8.48,0
2025-07-17,Dubai,1,2.72,9.63,0
2025-07-18,Dubai,0,3.21,25.41,0
2025-07-19,Dubai,1,1.45,67.11,0
2025-07-20,Dubai,0,0.84,2.89,0
2025-07-21,Dubai,1,11.99,14.81,0
2025-07-22,Dubai,0,4.45,18.88,0
2025-07-23,Dubai,0,0.89,6.74,0
2025-07-24,Dubai,0,3.67,32.57,0
2025-07-25,Dubai,0,4.68,16.43,0
2025-07-26,Dubai,0,2.22,5.54,0
2025-07-27,Dubai,0,0.26,7.38,0
2025-07-28,Dubai,0,0.48,2.61,0
2025-07-29,Dubai,0,0.43,0.25,0
2025-07-30,Dubai,0,13.59,4.44,0
2025-07-31,Dubai,0,0.47,17.02,0
2025-08-01,Dubai,1,10.95,8.37,0
2025-08-02,Dubai,1,7.15,12.15,0
2025-08-03,Dubai,0,14.29,1.96,0
2025-08-04,Dubai,0,8.41,0.65,0
2025-08-05,Dubai,1,5.85,28.88,0
2025-08-06,Dubai,1,9.39,8.01,0
2025-08-07,Dubai,0,0.43,4.64,0
2025-08-08,Dubai,1,5.37,3.53,0
2025-08-09,Dubai,1,0.79,0.55,0
2025-08-10,Dubai,1,10.31,12.92,0
2025-08-11,Dubai,0,0.54,22.08,0
2025-08-12,Dubai,0,3.26,8.94,0
2025-08-13,Dubai,0,1.54,15.28,0
2025-08-14,Dubai,0,1.33,17.57,0
2025-08-15,Dubai,1,1.27,5.19,0
2025-08-16,Dubai,1,19.73,14.79,0
2025-08-17,Dubai,1,18.41,9.65,0
2025-08-18,Dubai,1,8.51,35.8,0
2025-08-19,Dubai,0,9.44,23.99,0
2025-08-20,Dubai,0,0.29,15.49,0
2025-08-21,Dubai,0,3.44,27.87,0
2025-08-22,Dubai,0,1.25,4.92,0
2025-08-23,Dubai,0,3.32,8.15,0
2025-08-24,Dubai,0,4.64,4.6,0
2025-08-25,Dubai,1,0.74,29.09,0
2025-08-26,Dubai,0,0.54,0.29,0
2025-08-27,Dubai,0,2.4,1.67,0
2025-08-28,Dubai,1,3.35,20.24,0
2025-08-29,Dubai,1,2.49,5.02,0
2025-08-30,Dubai,1,0.86,2.67,0
2025-08-31,Dubai,0,1.08,30.71,0
2025-09-01,Dubai,0,0.79,10.17,0
2025-09-02,Dubai,0,0.09,0.05,0
2025-09-03,Dubai,0,1.18,19.43,0
2025-09-04,Dubai,0,19.58,11.39,0
2025-09-05,Dubai,1,19.5,1.73,0
2025-09-06,Dubai,0,1.43,12.78,0
2025-09-07,Dubai,0,5.82,4.27,0
2025-09-08,Dubai,0,5.37,8.52,0
2025-09-09,Dubai,0,1.94,11.5,0
2025-09-10,Dubai,0,16.43,2.79,0
2025-09-11,Dubai,0,23.84,14.15,0
2025-09-12,Dubai,0,0.93,3.39,0
2025-09-13,Dubai,0,4.77,10.58,0
2025-09-14,Dubai,1,4.82,21.74,0
2025-09-15,Dubai,0,7.69,1.74,0
2025-09-16,Dubai,0,0.11,5.62,0
2025-09-17,Dubai,0,4.14,0.2,0
2025-09-18,Dubai,0,1.65,10.41,0
2025-09-19,Dubai,1,8.83,5.1,0
2025-09-20,Dubai,0,1.85,19.65,0
2025-09-21,Dubai,0,8.47,15.26,0
2025-09-22,Dubai,0,0.51,1.88,0
2025-09-23,Dubai,0,2.0,23.81,0
2025-09-24,Dubai,0,2.31,6.33,0
2025-09-25,Dubai,0,6.34,1.06,0
2025-09-26,Dubai,0,3.43,0.63,0
2025-09-27,Dubai,1,16.19,18.94,0
2025-09-28,Dubai,0,7.09,9.87,0
2025-09-29,Dubai,1,16.06,2.43,0
2025-09-30,Dubai,1,20.32,7.24,0
2025-10-01,Dubai,1,0.93,1.71,0
2025-10-02,Dubai,1,3.74,3.07,0
2025-10-03,Dubai,0,7.83,20.49,0
2025-10-04,Dubai,0,0.35,18.92,0
2025-10-05,Dubai,0,2.42,23.28,0
2025-10-06,Dubai,1,6.48,22.76,0
2025-10-07,Dubai,1,1.77,6.5,0
2025-10-08,Dubai,2,8.89,6.13,0
2025-10-09,Dubai,1,3.4,3.21,0
2025-10-10,Dubai,1,0.71,34.45,0
2025-10-11,Dubai,1,4.66,2.46,0
2025-10-12,Dubai,1,12.2,12.6,0
2025-10-13,Dubai,1,0.93,6.72,0
2025-10-14,Dubai,1,1.64,1.58,0
2025-10-15,Dubai,0,2.67,17.47,0
2025-10-16,Dubai,1,4.71,17.22,0
2025-10-17,Dubai,1,3.27,40.66,0
2025-10-18,Dubai,1,12.09,15.88,0
2025-10-19,Dubai,1,3.85,41.61,0
2025-10-20,Dubai,0,18.03,5.56,0
2025-10-21,Dubai,0,13.46,2.68,0
2025-10-22,Dubai,2,7.35,9.27,0
2025-10-23,Dubai,2,5.15,7.18,0
2025-10-24,Dubai,2,9.19,67.13,0
2025-10-25,Dubai,2,9.41,22.16,0
2025-10-26,Dubai,1,3.15,15.13,0
2025-10-27,Dubai,2,6.88,36.68,0
2025-10-28,Dubai,2,36.7,3.83,1
2025-10-29,Dubai,2,0.35,8.43,0
2025-10-30,Dubai,2,15.18,3.05,0
2025-10-31,Dubai,1,1.06,7.28,0
2025-11-01,Dubai,1,12.79,0.87,0
2025-11-02,Dubai,1,16.36,56.54,0
2025-11-03,Dubai,1,11.48,15.86,0
2025-11-04,Dubai,1,4.65,26.16,0
2025-11-05,Dubai,1,8.12,94.3,0
2025-11-06,Dubai,1,2.01,5.28,0
2025-11-07,Dubai,0,2.91,3.1,0
2025-11-08,Dubai,1,11.24,11.33,0
2025-11-09,Dubai,1,20.23,13.63,0
2025-11-10,Dubai,1,11.15,7.56,0
2025-11-11,Dubai,1,3.31,5.92,0
2025-11-12,Dubai,1,2.53,1.1,0
2025-11-13,Dubai,1,15.32,13.57,0
2025-11-14,Dubai,1,0.15,39.21,0
2025-11-15,Dubai,1,11.67,3.09,0
2025-11-16,Dubai,1,44.78,28.8,0
2025-11-17,Dubai,1,1.63,18.39,0
2025-11-18,Dubai,1,2.98,0.39,0
2025-11-19,Dubai,1,8.05,17.44,0
2025-11-20,Dubai,1,3.11,68.99,0
2025-11-21,Dubai,1,0.93,32.76,0
2025-11-22,Dubai,1,0.74,3.98,0
2025-11-23,Dubai,1,2.3,15.78,0
2025-11-24,Dubai,1,2.34,8.87,0
2025-11-25,Dubai,1,1.95,0.67,0
2025-11-26,Dubai,0,0.0,6.71,0
2025-11-27,Dubai,0,5.71,14.94,0
2025-11-28,Dubai,2,5.53,41.68,1
2025-11-29,Dubai,2,3.58,9.15,0
2025-11-30,Dubai,2,0.98,5.19,0
2025-12-01,Dubai,2,10.51,5.11,0
2025-12-02,Dubai,2,3.28,72.79,0
2025-12-03,Dubai,2,4.8,32.11,0
2025-12-04,Dubai,2,20.68,56.57,0
2025-12-05,Dubai,2,4.26,5.97,0
2025-12-06,Dubai,2,0.84,13.24,0
2025-12-07,Dubai,2,6.42,1.98,0
2025-12-08,Dubai,2,6.0,0.95,0
2025-12-09,Dubai,2,3.26,36.75,0
2025-12-10,Dubai,2,0.1,0.32,0
2025-12-11,Dubai,2,7.51,4.97,0
2025-12-12,Dubai,3,32.84,3.57,1
2025-12-13,Dubai,2,2.39,12.75,0
2025-12-14,Dubai,2,0.21,24.52,0
2025-12-15,Dubai,1,10.21,53.12,0
2025-12-16,Dubai,1,2.35,3.4,0
2025-12-17,Dubai,1,5.13,13.89,0
2025-12-18,Dubai,1,16.52,4.94,0
2025-12-19,Dubai,1,5.66,22.95,0
2025-12-20,Dubai,1,5.84,3.34,0
2025-12-21,Dubai,1,2.89,0.21,0
2025-12-22,Dubai,1,2.69,3.85,0
2025-12-23,Dubai,1,3.9,6.53,0
2025-12-24,Dubai,1,4.42,1.6,0
2025-12-25,Dubai,0,1.74,3.32,0
2025-12-26,Dubai,1,9.56,41.66,0
2025-12-27,Dubai,1,11.01,7.53,0
2025-12-28,Dubai,1,0.57,13.03,0
2025-12-29,Dubai,1,3.47,7.24,0
2025-12-30,Dubai,2,7.12,1.3,0
2025-12-31,Dubai,2,6.8,13.75,1
2023-01-01,Busan,0,5.0,1.55,0
2023-01-02,Busan,1,6.22,27.52,0
2023-01-03,Busan,0,12.53,12.17,0
2023-01-04,Busan,0,0.52,1.91,0
2023-01-05,Busan,0,0.57,0.88,0
2023-01-06,Busan,0,6.82,0.18,0
2023-01-07,Busan,0,3.21,0.64,0
2023-01-08,Busan,0,8.25,7.96,0
2023-01-09,Busan,0,4.02,7.4,0
2023-01-10,Busan,0,2.82,0.88,0
2023-01-11,Busan,0,0.05,6.25,0
2023-01-12,Busan,0,2.93,4.03,0
2023-01-13,Busan,0,6.04,1.45,0
2023-01-14,Busan,0,4.65,3.48,0
2023-01-15,Busan,0,4.59,7.45,0
2023-01-16,Busan,0,2.29,29.29,0
2023-01-17,Busan,0,5.88,18.23,0
2023-01-18,Busan,0,0.13,12.85,0
2023-01-19,Busan,0,7.14,0.26,0
2023-01-20,Busan,0,1.71,8.34,0
2023-01-21,Busan,0,3.5,4.56,0
2023-01-22,Busan,0,1.38,7.0,0
2023-01-23,Busan,0,25.63,10.74,0
2023-01-24,Busan,0,5.94,4.52,0
2023-01-25,Busan,0,4.32,2.92,0
2023-01-26,Busan,0,8.85,0.67,0
2023-01-27,Busan,0,0.65,10.25,0
2023-01-28,Busan,0,2.69,0.75,0
2023-01-29,Busan,0,3.04,8.09,0
2023-01-30,Busan,1,8.92,1.48,0
2023-01-31,Busan,0,4.09,8.64,0
2023-02-01,Busan,0,2.75,7.72,0
2023-02-02,Busan,0,4.64,36.01,0
2023-02-03,Busan,0,0.75,4.28,0
2023-02-04,Busan,0,3.47,5.46,0
2023-02-05,Busan,0,4.89,20.35,0
2023-02-06,Busan,0,8.2,2.88,0
2023-02-07,Busan,0,3.37,7.39,0
2023-02-08,Busan,0,15.12,5.48,0
2023-02-09,Busan,0,5.55,4.47,0
2023-02-10,Busan,0,14.84,12.48,0
2023-02-11,Busan,0,5.39,5.83,0
2023-02-12,Busan,0,0.34,7.41,0
2023-02-13,Busan,0,3.44,10.58,0
2023-02-14,Busan,0,7.16,6.14,0
2023-02-15,Busan,0,20.8,4.03,0
2023-02-16,Busan,0,2.88,4.48,0
2023-02-17,Busan,0,11.6,5.13,0
2023-02-18,Busan,0,15.21,9.25,0
2023-02-19,Busan,0,1.35,10.0,0
2023-02-20,Busan,1,10.19,16.32,0
2023-02-21,Busan,0,7.37,9.15,0
2023-02-22,Busan,0,0.42,9.05,0
2023-02-23,Busan,0,3.99,15.2,0
2023-02-24,Busan,1,0.68,0.96,0
2023-02-25,Busan,0,1.39,13.69,0
2023-02-26,Busan,0,0.87,10.97,0
2023-02-27,Busan,1,9.14,26.31,0
2023-02-28,Busan,0,0.13,0.03,0
2023-03-01,Busan,0,4.03,0.59,0
2023-03-02,Busan,0,4.35,1.63,0
2023-03-03,Busan,0,4.28,14.41,0
2023-03-04,Busan,0,6.9,27.76,0
2023-03-05,Busan,0,4.32,6.57,0
2023-03-06,Busan,0,1.79,8.4,0
2023-03-07,Busan,0,0.03,4.18,0
2023-03-08,Busan,1,6.71,2.5,0
2023-03-09,Busan,1,0.76,14.24,0
2023-03-10,Busan,0,5.52,12.19,0
2023-03-11,Busan,0,1.42,17.02,0
2023-03-12,Busan,1,0.01,8.16,0
2023-03-13,Busan,1,42.61,4.48,0
2023-03-14,Busan,0,1.0,6.6,0
2023-03-15,Busan,1,4.03,16.6,0
2023-03-16,Busan,1,5.53,43.99,0
2023-03-17,Busan,0,4.74,9.19,0
2023-03-18,Busan,0,10.63,8.67,0
2023-03-19,Busan,0,1.38,4.45,0
2023-03-20,Busan,1,13.48,5.35,0
2023-03-21,Busan,0,1.06,19.14,0
2023-03-22,Busan,0,4.92,5.2,0
2023-03-23,Busan,0,0.73,23.74,0
2023-03-24,Busan,0,0.02,2.32,0
2023-03-25,Busan,0,1.92,4.48,0
2023-03-26,Busan,0,0.43,16.76,0
2023-03-27,Busan,0,4.54,1.0,0
2023-03-28,Busan,0,2.88,2.29,0
2023-03-29,Busan,0,23.96,3.23,0
2023-03-30,Busan,0,2.93,2.26,0
2023-03-31,Busan,0,2.49,7.43,0
2023-04-01,Busan,0,9.18,4.75,0
2023-04-02,Busan,0,1.52,1.66,0
2023-04-03,Busan,0,0.69,1.49,0
2023-04-04,Busan,1,4.97,14.3,0
2023-04-05,Busan,0,4.73,35.69,0
2023-04-06,Busan,1,2.22,13.51,0
2023-04-07,Busan,1,11.22,10.99,0
2023-04-08,Busan,1,30.63,0.13,0
2023-04-09,Busan,1,23.59,17.29,0
2023-04-10,Busan,1,3.38,6.48,0
2023-04-11,Busan,1,0.44,54.11,0
2023-04-12,Busan,1,11.01,4.84,0
2023-04-13,Busan,1,15.19,56.83,0
2023-04-14,Busan,0,0.05,3.63,0
2023-04-15,Busan,1,1.56,35.93,0
2023-04-16,Busan,1,11.24,13.52,0
2023-04-17,Busan,0,6.82,20.22,0
2023-04-18,Busan,0,4.18,10.13,0
2023-04-19,Busan,1,0.45,16.93,0
2023-04-20,Busan,0,2.2,4.34,0
2023-04-21,Busan,0,2.84,49.99,0
2023-04-22,Busan,1,1.09,9.52,0
2023-04-23,Busan,1,6.82,7.82,0
2023-04-24,Busan,1,4.05,0.62,0
2023-04-25,Busan,2,12.25,4.23,0
2023-04-26,Busan,1,0.16,6.14,0
2023-04-27,Busan,1,8.17,6.27,0
2023-04-28,Busan,2,33.8,58.89,0
2023-04-29,Busan,2,0.15,38.68,0
2023-04-30,Busan,2,20.37,11.21,1
2023-05-01,Busan,2,38.33,6.54,0
2023-05-02,Busan,2,43.33,12.62,0
2023-05-03,Busan,2,2.19,28.27,0
2023-05-04,Busan,1,3.99,3.16,0
2023-05-05,Busan,1,14.09,16.69,0
2023-05-06,Busan,1,7.95,1.78,0
2023-05-07,Busan,1,10.25,12.22,0
2023-05-08,Busan,1,1.69,7.92,0
2023-05-09,Busan,0,4.61,5.96,0
2023-05-10,Busan,0,4.84,13.76,0
2023-05-11,Busan,1,2.86,28.26,0
2023-05-12,Busan,1,3.5,2.07,0
2023-05-13,Busan,1,3.46,7.92,0
2023-05-14,Busan,1,3.61,7.67,0
2023-05-15,Busan,1,2.54,26.88,0
2023-05-16,Busan,2,2.18,13.61,0
2023-05-17,Busan,1,11.44,13.64,0
2023-05-18,Busan,1,3.59,4.96,0
2023-05-19,Busan,1,21.91,2.4,0
2023-05-20,Busan,1,4.88,12.46,0
2023-05-21,Busan,0,22.77,2.53,0
2023-05-22,Busan,0,2.01,8.52,0
2023-05-23,Busan,0,1.55,3.07,0
2023-05-24,Busan,1,12.52,1.29,0
2023-05-25,Busan,1,16.91,46.77,0
2023-05-26,Busan,1,4.01,11.93,0
2023-05-27,Busan,1,2.76,9.27,0
2023-05-28,Busan,1,1.14,61.21,0
2023-05-29,Busan,1,10.48,7.58,0
2023-05-30,Busan,1,10.44,57.5,0
2023-05-31,Busan,1,2.35,5.11,0
2023-06-01,Busan,1,18.61,10.43,0
2023-06-02,Busan,2,9.46,75.43,0
2023-06-03,Busan,1,5.25,12.15,0
2023-06-04,Busan,1,5.74,2.32,0
2023-06-05,Busan,1,1.33,26.64,0
2023-06-06,Busan,1,15.55,18.13,0
2023-06-07,Busan,1,3.26,4.41,0
2023-06-08,Busan,1,7.72,6.16,0
2023-06-09,Busan,2,5.59,25.02,1
2023-06-10,Busan,1,26.02,44.78,0
2023-06-11,Busan,1,0.34,23.0,0
2023-06-12,Busan,2,4.66,4.5,1
2023-06-13,Busan,1,8.65,20.17,0
2023-06-14,Busan,1,4.71,7.33,0
2023-06-15,Busan,1,6.7,7.2,0
2023-06-16,Busan,1,0.71,1.78,0
2023-06-17,Busan,1,13.99,2.4,0
2023-06-18,Busan,1,1.08,32.94,0
2023-06-19,Busan,2,9.77,61.71,1
2023-06-20,Busan,2,7.73,67.98,0
2023-06-21,Busan,2,4.01,3.44,0
2023-06-22,Busan,1,2.98,9.57,0
2023-06-23,Busan,1,8.04,12.73,0
2023-06-24,Busan,2,4.6,13.04,0
2023-06-25,Busan,2,31.75,0.42,0
2023-06-26,Busan,2,4.89,45.82,1
2023-06-27,Busan,2,13.63,0.87,0
2023-06-28,Busan,1,0.16,6.93,0
2023-06-29,Busan,1,1.82,4.61,0
2023-06-30,Busan,1,25.72,26.62,0
2023-07-01,Busan,1,2.91,36.92,0
2023-07-02,Busan,1,4.15,0.87,0
2023-07-03,Busan,1,17.52,0.17,0
2023-07-04,Busan,1,18.66,1.13,0
2023-07-05,Busan,1,0.02,14.91,0
2023-07-06,Busan,2,5.79,60.48,0
2023-07-07,Busan,2,1.36,10.16,1
2023-07-08,Busan,1,3.01,17.29,0
2023-07-09,Busan,1,3.01,19.58,0
2023-07-10,Busan,1,9.87,2.84,0
2023-07-11,Busan,0,1.38,2.71,0
2023-07-12,Busan,1,0.25,32.22,0
2023-07-13,Busan,1,0.9,2.74,0
2023-07-14,Busan,1,15.16,16.56,0
2023-07-15,Busan,1,2.84,10.6,0
2023-07-16,Busan,1,3.74,4.37,0
2023-07-17,Busan,1,11.75,6.57,0
2023-07-18,Busan,1,2.9,12.56,0
2023-07-19,Busan,1,3.08,1.09,0
2023-07-20,Busan,1,0.87,67.4,0
2023-07-21,Busan,1,8.19,21.32,0
2023-07-22,Busan,1,20.82,14.38,0
2023-07-23,Busan,1,5.13,7.42,0
2023-07-24,Busan,1,17.89,22.6,0
2023-07-25,Busan,1,2.02,4.31,0
2023-07-26,Busan,2,9.3,11.02,0
2023-07-27,Busan,1,10.48,6.02,0
2023-07-28,Busan,0,4.46,30.18,0
2023-07-29,Busan,1,7.25,38.57,0
2023-07-30,Busan,0,5.13,5.77,0
2023-07-31,Busan,1,3.48,30.39,0
2023-08-01,Busan,0,1.78,13.95,0
2023-08-02,Busan,1,9.38,21.92,0
2023-08-03,Busan,1,1.0,71.92,0
2023-08-04,Busan,1,5.29,12.06,0
2023-08-05,Busan,1,0.39,5.91,0
2023-08-06,Busan,1,4.68,15.31,0
2023-08-07,Busan,1,2.89,9.92,0
2023-08-08,Busan,1,5.92,12.19,0
2023-08-09,Busan,1,3.3,1.72,0
2023-08-10,Busan,1,10.47,9.57,0
2023-08-11,Busan,1,2.93,2.16,0
2023-08-12,Busan,2,11.19,15.17,0
2023-08-13,Busan,1,16.06,19.14,0
2023-08-14,Busan,1,2.9,7.72,0
2023-08-15,Busan,2,16.56,14.44,0
2023-08-16,Busan,2,31.95,3.19,0
2023-08-17,Busan,1,0.36,4.25,0
2023-08-18,Busan,1,3.37,9.72,0
2023-08-19,Busan,1,21.78,36.44,0
2023-08-20,Busan,1,29.05,1.25,0
2023-08-21,Busan,1,5.51,1.8,0
2023-08-22,Busan,1,0.47,32.27,0
2023-08-23,Busan,1,1.74,34.06,0
2023-08-24,Busan,1,17.78,3.22,0
2023-08-25,Busan,1,26.3,15.67,0
2023-08-26,Busan,1,0.29,72.05,0
2023-08-27,Busan,1,1.0,8.61,0
2023-08-28,Busan,1,10.87,0.34,0
2023-08-29,Busan,1,0.27,23.28,0
2023-08-30,Busan,1,16.66,79.37,0
2023-08-31,Busan,0,3.22,7.04,0
2023-09-01,Busan,1,1.46,32.23,0
2023-09-02,Busan,1,17.22,2.55,0
2023-09-03,Busan,1,13.77,36.21,0
2023-09-04,Busan,1,2.07,12.88,0
2023-09-05,Busan,1,4.82,14.79,0
2023-09-06,Busan,1,5.43,19.7,0
2023-09-07,Busan,1,5.36,45.68,0
2023-09-08,Busan,1,7.97,3.38,0
2023-09-09,Busan,1,8.49,5.05,0
2023-09-10,Busan,1,6.9,39.1,0
2023-09-11,Busan,0,15.59,7.74,0
2023-09-12,Busan,1,3.69,8.97,0
2023-09-13,Busan,0,1.8,6.62,0
2023-09-14,Busan,1,0.74,24.36,0
2023-09-15,Busan,0,1.41,23.95,0
2023-09-16,Busan,0,2.22,19.85,0
2023-09-17,Busan,0,16.91,26.8,0
2023-09-18,Busan,1,9.98,2.48,0
2023-09-19,Busan,0,0.11,3.0,0
2023-09-20,Busan,1,7.74,3.77,0
2023-09-21,Busan,1,1.46,0.5,0
2023-09-22,Busan,1,21.21,47.38,0
2023-09-23,Busan,1,5.72,4.31,0
2023-09-24,Busan,0,4.19,1.27,0
2023-09-25,Busan,0,0.33,25.97,0
2023-09-26,Busan,0,2.22,3.05,0
2023-09-27,Busan,0,3.93,0.38,0
2023-09-28,Busan,1,0.51,17.4,0
2023-09-29,Busan,1,11.76,4.8,0
2023-09-30,Busan,0,9.47,26.9,0
2023-10-01,Busan,1,6.14,27.75,0
2023-10-02,Busan,1,0.59,1.37,0
2023-10-03,Busan,1,0.11,15.58,0
2023-10-04,Busan,0,4.4,4.5,0
2023-10-05,Busan,0,3.65,16.03,0
2023-10-06,Busan,0,8.29,17.34,0
2023-10-07,Busan,0,3.92,18.49,0
2023-10-08,Busan,1,6.98,2.75,0
2023-10-09,Busan,1,11.85,35.86,0
2023-10-10,Busan,1,0.42,5.48,0
2023-10-11,Busan,1,12.53,2.97,0
2023-10-12,Busan,2,3.63,5.72,0
2023-10-13,Busan,1,2.46,2.61,0
2023-10-14,Busan,0,6.69,27.72,0
2023-10-15,Busan,0,1.36,11.11,0
2023-10-16,Busan,0,0.68,25.87,0
2023-10-17,Busan,0,8.92,41.85,0
2023-10-18,Busan,0,8.96,17.12,0
2023-10-19,Busan,0,1.51,28.67,0
2023-10-20,Busan,0,3.42,2.42,0
2023-10-21,Busan,0,2.31,1.34,0
2023-10-22,Busan,0,2.98,4.21,0
2023-10-23,Busan,0,4.34,14.9,0
2023-10-24,Busan,0,4.51,10.46,0
2023-10-25,Busan,1,12.9,17.19,0
2023-10-26,Busan,1,0.9,25.5,0
2023-10-27,Busan,1,9.55,5.07,0
2023-10-28,Busan,0,10.94,3.85,0
2023-10-29,Busan,1,6.2,14.8,0
2023-10-30,Busan,0,1.48,11.61,0
2023-10-31,Busan,0,7.08,3.41,0
2023-11-01,Busan,0,6.51,1.54,0
2023-11-02,Busan,0,0.67,6.19,0
2023-11-03,Busan,0,7.07,12.26,0
2023-11-04,Busan,0,7.82,9.43,0
2023-11-05,Busan,0,6.03,7.67,0
2023-11-06,Busan,0,4.1,6.18,0
2023-11-07,Busan,0,6.8,11.32,0
2023-11-08,Busan,0,10.6,22.18,0
2023-11-09,Busan,0,4.54,1.72,0
2023-11-10,Busan,0,18.12,27.95,0
2023-11-11,Busan,0,2.12,17.22,0
2023-11-12,Busan,0,9.97,5.88,0
2023-11-13,Busan,0,8.8,18.49,0
2023-11-14,Busan,1,12.39,30.68,0
2023-11-15,Busan,1,7.29,9.27,0
2023-11-16,Busan,1,8.21,2.08,0
2023-11-17,Busan,1,0.36,17.06,0
2023-11-18,Busan,0,3.98,2.85,0
2023-11-19,Busan,0,2.29,4.86,0
2023-11-20,Busan,0,4.46,6.46,0
2023-11-21,Busan,0,0.12,8.46,0
2023-11-22,Busan,0,0.45,1.83,0
2023-11-23,Busan,0,4.93,21.3,0
2023-11-24,Busan,0,4.83,4.21,0
2023-11-25,Busan,0,5.02,14.72,0
2023-11-26,Busan,0,1.39,23.1,0
2023-11-27,Busan,1,14.21,5.07,0
2023-11-28,Busan,1,2.53,24.58,0
2023-11-29,Busan,0,12.36,14.74,0
2023-11-30,Busan,0,3.5,4.3,0
2023-12-01,Busan,0,2.18,12.29,0
2023-12-02,Busan,0,6.27,0.06,0
2023-12-03,Busan,0,3.45,2.81,0
2023-12-04,Busan,0,4.94,1.01,0
2023-12-05,Busan,0,22.68,2.94,0
2023-12-06,Busan,0,10.25,11.14,0
2023-12-07,Busan,0,0.23,3.46,0
2023-12-08,Busan,1,0.51,3.39,0
2023-12-09,Busan,0,6.65,15.2,0
2023-12-10,Busan,1,25.25,8.2,0
2023-12-11,Busan,0,2.95,16.63,0
2023-12-12,Busan,0,0.85,34.78,0
2023-12-13,Busan,0,7.37,20.61,0
2023-12-14,Busan,0,0.83,4.99,0
2023-12-15,Busan,0,1.07,3.48,0
2023-12-16,Busan,0,0.78,0.52,0
2023-12-17,Busan,0,2.71,6.32,0
2023-12-18,Busan,0,0.43,5.71,0
2023-12-19,Busan,0,6.06,14.86,0
2023-12-20,Busan,0,0.52,4.68,0
2023-12-21,Busan,0,6.46,0.29,0
2023-12-22,Busan,0,9.62,5.14,0
2023-12-23,Busan,0,6.55,14.56,0
2023-12-24,Busan,0,7.64,1.77,0
2023-12-25,Busan,0,0.48,10.96,0
2023-12-26,Busan,0,2.49,21.2,0
2023-12-27,Busan,0,5.36,19.17,0
2023-12-28,Busan,0,0.44,9.57,0
2023-12-29,Busan,0,0.29,3.65,0
2023-12-30,Busan,0,0.41,9.53,0
2023-12-31,Busan,0,6.07,9.56,0
2024-01-01,Busan,0,5.3,11.25,0
2024-01-02,Busan,0,11.42,0.72,0
2024-01-03,Busan,0,8.92,2.54,0
2024-01-04,Busan,0,0.27,19.12,0
2024-01-05,Busan,0,5.58,2.21,0
2024-01-06,Busan,0,2.69,2.97,0
2024-01-07,Busan,1,7.67,2.75,0
2024-01-08,Busan,0,3.29,7.52,0
2024-01-09,Busan,0,1.8,10.34,0
2024-01-10,Busan,0,1.93,1.86,0
2024-01-11,Busan,0,6.53,42.75,0
2024-01-12,Busan,0,12.23,17.52,0
2024-01-13,Busan,0,2.22,2.02,0
2024-01-14,Busan,0,4.89,0.53,0
2024-01-15,Busan,0,0.29,0.46,0
2024-01-16,Busan,0,7.52,4.68,0
2024-01-17,Busan,0,0.75,22.48,0
2024-01-18,Busan,0,2.36,30.05,0
2024-01-19,Busan,0,4.42,1.79,0
2024-01-20,Busan,0,6.54,6.86,0
2024-01-21,Busan,0,6.19,46.09,0
2024-01-22,Busan,0,8.1,2.89,0
2024-01-23,Busan,0,4.88,6.41,0
2024-01-24,Busan,0,3.6,2.98,0
2024-01-25,Busan,0,9.23,2.0,0
2024-01-26,Busan,0,12.81,5.68,0
2024-01-27,Busan,0,10.21,25.06,0
2024-01-28,Busan,0,1.87,7.21,0
2024-01-29,Busan,0,0.46,12.03,0
2024-01-30,Busan,0,3.51,12.8,0
2024-01-31,Busan,0,6.12,4.41,0
2024-02-01,Busan,0,7.81,2.79,0
2024-02-02,Busan,1,0.8,67.63,0
2024-02-03,Busan,1,0.15,53.64,0
2024-02-04,Busan,1,2.52,25.36,0
2024-02-05,Busan,1,3.81,0.65,0
2024-02-06,Busan,0,2.0,9.13,0
2024-02-07,Busan,0,1.11,37.09,0
2024-02-08,Busan,0,0.08,0.53,0
2024-02-09,Busan,1,9.3,14.61,0
2024-02-10,Busan,1,18.42,21.45,0
2024-02-11,Busan,0,0.41,3.56,0
2024-02-12,Busan,0,2.68,8.04,0
2024-02-13,Busan,0,11.33,13.74,0
2024-02-14,Busan,0,6.93,11.81,0
2024-02-15,Busan,1,1.6,26.99,0
2024-02-16,Busan,0,5.57,9.95,0
2024-02-17,Busan,1,3.22,26.44,0
2024-02-18,Busan,1,2.44,5.39,0
2024-02-19,Busan,0,4.64,12.09,0
2024-02-20,Busan,0,2.75,19.55,0
2024-02-21,Busan,0,1.13,0.23,0
2024-02-22,Busan,0,1.8,7.49,0
2024-02-23,Busan,0,4.8,17.84,0
2024-02-24,Busan,0,23.42,8.01,0
2024-02-25,Busan,0,0.71,0.27,0
2024-02-26,Busan,0,9.08,0.16,0
2024-02-27,Busan,0,6.79,7.21,0
2024-02-28,Busan,0,1.62,15.12,0
2024-02-29,Busan,0,6.55,13.2,0
2024-03-01,Busan,0,0.72,3.1,0
2024-03-02,Busan,0,15.95,17.06,0
2024-03-03,Busan,0,10.98,34.21,0
2024-03-04,Busan,0,1.64,5.84,0
2024-03-05,Busan,1,0.6,21.81,0
2024-03-06,Busan,1,1.98,1.88,0
2024-03-07,Busan,1,15.11,27.94,0
2024-03-08,Busan,1,4.31,4.68,0
2024-03-09,Busan,1,1.77,19.98,0
2024-03-10,Busan,1,7.62,0.75,0
2024-03-11,Busan,1,6.55,23.58,0
2024-03-12,Busan,0,5.3,0.42,0
2024-03-13,Busan,0,17.67,23.05,0
2024-03-14,Busan,0,13.44,0.28,0
2024-03-15,Busan,0,8.18,5.65,0
2024-03-16,Busan,0,6.46,22.32,0
2024-03-17,Busan,0,2.02,8.15,0
2024-03-18,Busan,0,5.17,0.03,0
2024-03-19,Busan,0,15.52,2.32,0
2024-03-20,Busan,0,0.61,11.7,0
2024-03-21,Busan,1,7.56,1.11,0
2024-03-22,Busan,1,6.15,6.8,0
2024-03-23,Busan,0,1.15,3.27,0
2024-03-24,Busan,1,1.91,16.43,0
2024-03-25,Busan,1,6.5,2.22,0
2024-03-26,Busan,1,0.43,0.77,0
2024-03-27,Busan,0,9.79,4.89,0
2024-03-28,Busan,1,3.64,31.25,0
2024-03-29,Busan,1,1.42,6.54,0
2024-03-30,Busan,1,9.85,7.47,0
2024-03-31,Busan,1,0.55,7.55,0
2024-04-01,Busan,1,9.05,3.09,0
2024-04-02,Busan,1,0.53,31.98,0
2024-04-03,Busan,0,10.75,6.12,0
2024-04-04,Busan,0,8.54,16.13,0
2024-04-05,Busan,0,1.42,6.45,0
2024-04-06,Busan,0,0.25,5.62,0
2024-04-07,Busan,0,4.85,7.6,0
2024-04-08,Busan,0,0.23,11.5,0
2024-04-09,Busan,0,13.88,15.2,0
2024-04-10,Busan,1,8.51,3.73,0
2024-04-11,Busan,0,1.87,10.06,0
2024-04-12,Busan,0,14.42,2.02,0
2024-04-13,Busan,0,4.36,13.0,0
2024-04-14,Busan,0,15.74,27.02,0
2024-04-15,Busan,0,3.26,7.07,0
2024-04-16,Busan,1,4.85,17.55,0
2024-04-17,Busan,0,1.51,2.9,0
2024-04-18,Busan,1,0.27,19.86,0
2024-04-19,Busan,1,6.84,22.54,0
2024-04-20,Busan,0,2.51,3.34,0
2024-04-21,Busan,1,2.19,4.82,0
2024-04-22,Busan,1,11.85,17.06,0
2024-04-23,Busan,0,8.13,2.38,0
2024-04-24,Busan,1,9.98,94.35,0
2024-04-25,Busan,1,21.82,7.53,0
2024-04-26,Busan,0,4.0,3.84,0
2024-04-27,Busan,1,4.06,5.71,0
2024-04-28,Busan,1,4.26,2.29,0
2024-04-29,Busan,1,3.27,4.09,0
2024-04-30,Busan,1,5.45,4.4,0
2024-05-01,Busan,2,2.97,0.28,1
2024-05-02,Busan,1,0.7,17.53,0
2024-05-03,Busan,2,25.33,54.75,0
2024-05-04,Busan,2,2.48,28.62,0
2024-05-05,Busan,2,0.37,29.51,0
2024-05-06,Busan,2,2.32,0.88,1
2024-05-07,Busan,1,5.55,7.16,0
2024-05-08,Busan,1,3.23,11.26,0
2024-05-09,Busan,1,4.42,4.28,0
2024-05-10,Busan,1,0.46,5.76,0
2024-05-11,Busan,1,4.22,14.65,0
2024-05-12,Busan,1,6.23,0.12,0
2024-05-13,Busan,1,7.21,36.6,0
2024-05-14,Busan,1,9.06,16.13,0
2024-05-15,Busan,1,4.28,10.96,0
2024-05-16,Busan,1,7.25,1.08,0
2024-05-17,Busan,2,24.75,9.18,0
2024-05-18,Busan,1,12.05,26.2,0
2024-05-19,Busan,1,5.35,12.37,0
2024-05-20,Busan,1,0.71,17.58,0
2024-05-21,Busan,1,2.48,11.62,0
2024-05-22,Busan,1,24.57,7.5,0
2024-05-23,Busan,0,3.13,7.59,0
2024-05-24,Busan,0,1.51,12.31,0
2024-05-25,Busan,0,0.62,21.89,0
2024-05-26,Busan,1,5.45,71.92,0
2024-05-27,Busan,1,7.68,3.59,0
2024-05-28,Busan,1,10.46,16.42,0
2024-05-29,Busan,1,4.74,3.75,0
2024-05-30,Busan,1,8.1,0.13,0
2024-05-31,Busan,0,1.83,12.56,0
2024-06-01,Busan,0,1.03,5.15,0
2024-06-02,Busan,0,4.38,8.35,0
2024-06-03,Busan,1,2.32,8.2,0
2024-06-04,Busan,1,2.06,3.17,0
2024-06-05,Busan,1,3.48,5.3,0
2024-06-06,Busan,1,12.99,15.14,0
2024-06-07,Busan,1,0.96,25.46,0
2024-06-08,Busan,1,7.08,6.83,0
2024-06-09,Busan,1,7.28,2.64,0
2024-06-10,Busan,2,4.82,25.83,0
2024-06-11,Busan,1,7.11,25.17,0
2024-06-12,Busan,1,3.43,43.75,0
2024-06-13,Busan,1,0.83,10.54,0
2024-06-14,Busan,1,16.91,0.92,0
2024-06-15,Busan,2,0.65,14.23,0
2024-06-16,Busan,1,7.07,18.69,0
2024-06-17,Busan,1,1.35,2.62,0
2024-06-18,Busan,1,2.49,4.36,0
2024-06-19,Busan,1,1.65,78.23,0
2024-06-20,Busan,1,11.65,5.0,0
2024-06-21,Busan,1,2.35,26.89,0
2024-06-22,Busan,1,0.61,6.39,0
2024-06-23,Busan,2,2.85,14.51,1
2024-06-24,Busan,1,4.61,10.12,0
2024-06-25,Busan,1,6.74,20.08,0
2024-06-26,Busan,1,2.34,22.27,0
2024-06-27,Busan,1,2.34,16.52,0
2024-06-28,Busan,1,7.32,1.16,0
2024-06-29,Busan,0,13.86,9.63,0
2024-06-30,Busan,0,0.97,1.62,0
2024-07-01,Busan,1,18.53,37.65,0
2024-07-02,Busan,1,6.1,22.75,0
2024-07-03,Busan,1,10.33,13.1,0
2024-07-04,Busan,1,7.85,15.06,0
2024-07-05,Busan,1,1.83,8.17,0
2024-07-06,Busan,1,14.34,3.2,0
2024-07-07,Busan,1,2.64,20.06,0
2024-07-08,Busan,1,7.56,62.6,0
2024-07-09,Busan,1,2.19,12.47,0
2024-07-10,Busan,2,10.52,0.14,0
2024-07-11,Busan,2,3.74,0.9,0
2024-07-12,Busan,2,11.44,26.14,0
2024-07-13,Busan,1,0.09,1.89,0
2024-07-14,Busan,2,2.5,2.2,0
2024-07-15,Busan,1,8.54,4.97,0
2024-07-16,Busan,1,7.56,5.83,0
2024-07-17,Busan,1,2.67,11.88,0
2024-07-18,Busan,1,1.27,3.75,0
2024-07-19,Busan,1,0.13,11.42,0
2024-07-20,Busan,1,2.03,74.42,0
2024-07-21,Busan,1,8.39,29.64,0
2024-07-22,Busan,1,15.41,9.85,0
2024-07-23,Busan,2,22.69,18.8,0
2024-07-24,Busan,2,10.7,2.21,0
2024-07-25,Busan,2,4.72,8.02,0
2024-07-26,Busan,1,7.04,32.66,0
2024-07-27,Busan,2,25.32,21.79,0
2024-07-28,Busan,1,1.46,8.81,0
2024-07-29,Busan,1,8.83,66.85,0
2024-07-30,Busan,1,5.51,0.98,0
2024-07-31,Busan,1,0.8,26.5,0
2024-08-01,Busan,1,5.61,24.75,0
2024-08-02,Busan,2,9.82,0.3,0
2024-08-03,Busan,1,8.43,36.24,0
2024-08-04,Busan,1,1.14,11.44,0
2024-08-05,Busan,1,6.41,12.16,0
2024-08-06,Busan,1,1.49,0.09,0
2024-08-07,Busan,1,5.79,10.79,0
2024-08-08,Busan,0,3.01,3.85,0
2024-08-09,Busan,1,3.28,31.19,0
2024-08-10,Busan,1,5.46,9.98,0
2024-08-11,Busan,0,0.54,21.67,0
2024-08-12,Busan,0,10.6,18.6,0
2024-08-13,Busan,1,0.28,26.51,0
2024-08-14,Busan,1,1.84,4.08,0
2024-08-15,Busan,1,9.53,48.96,0
2024-08-16,Busan,1,9.04,16.14,0
2024-08-17,Busan,1,6.32,4.3,0
2024-08-18,Busan,1,2.45,12.72,0
2024-08-19,Busan,1,9.49,1.48,0
2024-08-20,Busan,1,6.63,2.16,0
2024-08-21,Busan,1,8.29,13.78,0
2024-08-22,Busan,1,23.23,7.89,0
2024-08-23,Busan,0,4.09,2.41,0
2024-08-24,Busan,0,1.19,9.78,0
2024-08-25,Busan,1,10.77,0.42,0
2024-08-26,Busan,0,3.15,8.17,0
2024-08-27,Busan,1,5.7,0.42,0
2024-08-28,Busan,1,1.34,0.59,0
2024-08-29,Busan,1,18.86,9.05,0
2024-08-30,Busan,1,0.74,8.32,0
2024-08-31,Busan,1,1.32,30.68,0
2024-09-01,Busan,1,0.77,11.06,0
2024-09-02,Busan,1,10.51,33.55,0
2024-09-03,Busan,0,15.34,45.49,0
2024-09-04,Busan,0,14.91,21.1,0
2024-09-05,Busan,1,4.69,7.69,0
2024-09-06,Busan,1,0.81,8.15,0
2024-09-07,Busan,1,1.51,11.54,0
2024-09-08,Busan,1,4.74,14.23,0
2024-09-09,Busan,1,4.61,19.17,0
2024-09-10,Busan,0,1.24,6.32,0
2024-09-11,Busan,0,2.46,17.42,0
2024-09-12,Busan,0,2.28,7.24,0
2024-09-13,Busan,1,4.55,48.7,0
2024-09-14,Busan,1,0.53,48.85,0
2024-09-15,Busan,1,8.94,12.34,0
2024-09-16,Busan,0,14.18,4.86,0
2024-09-17,Busan,0,3.96,9.08,0
2024-09-18,Busan,1,7.8,10.72,0
2024-09-19,Busan,1,0.38,42.58,0
2024-09-20,Busan,1,10.36,8.23,0
2024-09-21,Busan,0,1.35,1.14,0
2024-09-22,Busan,0,1.66,10.33,0
2024-09-23,Busan,0,10.21,23.05,0
2024-09-24,Busan,1,10.88,15.55,0
2024-09-25,Busan,1,5.6,1.54,0
2024-09-26,Busan,1,0.0,10.41,0
2024-09-27,Busan,0,2.39,1.74,0
2024-09-28,Busan,0,1.66,2.85,0
2024-09-29,Busan,0,5.79,18.49,0
2024-09-30,Busan,1,3.79,58.55,0
2024-10-01,Busan,1,5.61,0.37,0
2024-10-02,Busan,0,15.09,7.67,0
2024-10-03,Busan,1,2.24,2.05,0
2024-10-04,Busan,1,6.64,11.88,0
2024-10-05,Busan,1,35.76,5.91,0
2024-10-06,Busan,1,8.5,24.72,0
2024-10-07,Busan,1,15.05,7.55,0
2024-10-08,Busan,0,22.06,4.74,0
2024-10-09,Busan,0,5.65,11.46,0
2024-10-10,Busan,0,0.91,20.87,0
2024-10-11,Busan,0,12.7,17.81,0
2024-10-12,Busan,1,0.46,8.35,0
2024-10-13,Busan,0,0.11,25.23,0
2024-10-14,Busan,0,4.26,4.61,0
2024-10-15,Busan,0,1.68,3.54,0
2024-10-16,Busan,0,1.31,0.04,0
2024-10-17,Busan,0,0.86,5.47,0
2024-10-18,Busan,0,6.51,26.16,0
2024-10-19,Busan,0,5.28,13.93,0
2024-10-20,Busan,0,8.43,7.97,0
2024-10-21,Busan,0,0.82,1.67,0
2024-10-22,Busan,0,5.9,62.06,0
2024-10-23,Busan,0,3.47,28.12,0
2024-10-24,Busan,0,0.09,8.44,0
2024-10-25,Busan,0,5.88,3.32,0
2024-10-26,Busan,0,0.5,2.86,0
2024-10-27,Busan,0,8.18,4.41,0
2024-10-28,Busan,0,9.92,13.23,0
2024-10-29,Busan,0,10.28,4.69,0
2024-10-30,Busan,0,7.59,39.9,0
2024-10-31,Busan,0,2.99,6.26,0
2024-11-01,Busan,0,0.7,19.56,0
2024-11-02,Busan,0,9.77,14.95,0
2024-11-03,Busan,0,0.61,12.68,0
2024-11-04,Busan,0,3.66,5.16,0
2024-11-05,Busan,0,12.22,9.52,0
2024-11-06,Busan,0,2.16,6.11,0
2024-11-07,Busan,0,5.01,0.28,0
2024-11-08,Busan,0,11.08,17.42,0
2024-11-09,Busan,0,7.69,28.12,0
2024-11-10,Busan,0,1.11,19.49,0
2024-11-11,Busan,0,4.96,18.98,0
2024-11-12,Busan,0,0.78,5.82,0
2024-11-13,Busan,0,0.38,2.08,0
2024-11-14,Busan,0,5.5,7.97,0
2024-11-15,Busan,0,12.44,1.01,0
2024-11-16,Busan,0,7.23,0.11,0
2024-11-17,Busan,1,17.8,18.48,0
2024-11-18,Busan,0,18.94,3.06,0
2024-11-19,Busan,0,12.5,4.79,0
2024-11-20,Busan,0,1.5,22.42,0
2024-11-21,Busan,0,5.04,1.94,0
2024-11-22,Busan,0,4.81,8.58,0
2024-11-23,Busan,0,1.02,9.1,0
2024-11-24,Busan,0,4.63,0.03,0
2024-11-25,Busan,0,1.88,4.66,0
2024-11-26,Busan,0,5.84,2.3,0
2024-11-27,Busan,0,2.17,6.42,0
2024-11-28,Busan,0,2.07,9.37,0
2024-11-29,Busan,0,8.94,4.46,0
2024-11-30,Busan,1,4.88,11.78,0
2024-12-01,Busan,0,6.19,25.05,0
2024-12-02,Busan,0,9.78,4.56,0
2024-12-03,Busan,0,0.05,17.11,0
2024-12-04,Busan,0,3.44,1.1,0
2024-12-05,Busan,0,7.03,0.68,0
2024-12-06,Busan,0,1.46,4.1,0
2024-12-07,Busan,0,3.87,4.3,0
2024-12-08,Busan,0,0.83,4.84,0
2024-12-09,Busan,0,2.68,4.32,0
2024-12-10,Busan,0,4.6,3.13,0
2024-12-11,Busan,0,0.31,12.06,0
2024-12-12,Busan,0,16.02,7.99,0
2024-12-13,Busan,0,3.19,13.63,0
2024-12-14,Busan,0,27.5,0.54,0
2024-12-15,Busan,0,9.72,18.6,0
2024-12-16,Busan,0,30.61,0.69,0
2024-12-17,Busan,0,4.96,3.87,0
2024-12-18,Busan,0,4.1,9.52,0
2024-12-19,Busan,0,1.88,2.47,0
2024-12-20,Busan,0,13.02,11.92,0
2024-12-21,Busan,0,0.34,10.08,0
2024-12-22,Busan,0,4.09,15.8,0
2024-12-23,Busan,0,0.48,2.7,0
2024-12-24,Busan,0,1.58,7.46,0
2024-12-25,Busan,0,4.91,16.72,0
2024-12-26,Busan,0,7.6,1.81,0
2024-12-27,Busan,0,1.18,18.18,0
2024-12-28,Busan,0,1.34,2.18,0
2024-12-29,Busan,0,0.89,2.47,0
2024-12-30,Busan,0,3.17,9.14,0
2024-12-31,Busan,1,0.61,28.41,0
2025-01-01,Busan,0,7.61,1.29,0
2025-01-02,Busan,0,2.66,1.85,0
2025-01-03,Busan,0,1.79,8.7,0
2025-01-04,Busan,0,8.1,1.11,0
2025-01-05,Busan,1,2.22,4.34,0
2025-01-06,Busan,0,0.03,10.0,0
2025-01-07,Busan,0,2.14,0.49,0
2025-01-08,Busan,0,2.19,4.52,0
2025-01-09,Busan,0,4.28,5.96,0
2025-01-10,Busan,0,4.93,0.12,0
2025-01-11,Busan,0,10.17,36.96,0
2025-01-12,Busan,0,8.11,1.58,0
2025-01-13,Busan,0,0.87,1.58,0
2025-01-14,Busan,0,1.57,4.45,0
2025-01-15,Busan,0,0.37,24.38,0
2025-01-16,Busan,0,3.94,4.97,0
2025-01-17,Busan,0,12.16,13.13,0
2025-01-18,Busan,0,4.35,4.95,0
2025-01-19,Busan,0,12.87,9.28,0
2025-01-20,Busan,0,11.43,6.2,0
2025-01-21,Busan,0,7.17,11.9,0
2025-01-22,Busan,0,1.56,18.9,0
2025-01-23,Busan,0,15.42,5.65,0
2025-01-24,Busan,0,0.27,25.89,0
2025-01-25,Busan,0,14.76,16.79,0
2025-01-26,Busan,0,7.34,17.78,0
2025-01-27,Busan,1,10.44,20.78,0
2025-01-28,Busan,0,16.44,1.03,0
2025-01-29,Busan,0,7.03,18.54,0
2025-01-30,Busan,1,1.36,33.19,0
2025-01-31,Busan,0,19.79,0.69,0
2025-02-01,Busan,1,2.57,28.07,0
2025-02-02,Busan,0,1.79,11.57,0
2025-02-03,Busan,0,6.64,7.35,0
2025-02-04,Busan,0,9.98,2.52,0
2025-02-05,Busan,0,5.5,5.44,0
2025-02-06,Busan,0,1.71,7.8,0
2025-02-07,Busan,0,18.28,3.18,0
2025-02-08,Busan,0,1.43,0.28,0
2025-02-09,Busan,0,1.35,11.05,0
2025-02-10,Busan,1,19.33,27.12,0
2025-02-11,Busan,1,13.3,3.73,0
2025-02-12,Busan,1,2.36,9.65,0
2025-02-13,Busan,0,0.15,35.82,0
2025-02-14,Busan,0,5.34,27.84,0
2025-02-15,Busan,0,1.92,7.74,0
2025-02-16,Busan,1,35.45,4.21,0
2025-02-17,Busan,1,3.79,14.09,0
2025-02-18,Busan,1,8.79,2.27,0
2025-02-19,Busan,1,2.59,45.17,0
2025-02-20,Busan,0,0.01,3.59,0
2025-02-21,Busan,0,1.32,10.01,0
2025-02-22,Busan,0,3.84,8.49,0
2025-02-23,Busan,0,6.64,6.64,0
2025-02-24,Busan,0,6.43,2.75,0
2025-02-25,Busan,0,2.73,2.07,0
2025-02-26,Busan,0,0.44,5.6,0
2025-02-27,Busan,0,0.54,21.04,0
2025-02-28,Busan,1,7.38,8.86,0
2025-03-01,Busan,0,11.45,6.78,0
2025-03-02,Busan,0,4.01,0.79,0
2025-03-03,Busan,0,0.16,3.97,0
2025-03-04,Busan,0,2.01,21.26,0
2025-03-05,Busan,1,2.45,0.48,0
2025-03-06,Busan,1,1.69,1.25,0
2025-03-07,Busan,1,5.84,35.86,0
2025-03-08,Busan,1,4.34,18.71,0
2025-03-09,Busan,1,2.14,8.05,0
2025-03-10,Busan,0,3.57,37.63,0
2025-03-11,Busan,0,1.8,1.83,0
2025-03-12,Busan,0,12.59,4.49,0
2025-03-13,Busan,0,0.65,10.92,0
2025-03-14,Busan,0,2.88,4.24,0
2025-03-15,Busan,0,5.25,9.34,0
2025-03-16,Busan,0,1.2,1.36,0
2025-03-17,Busan,0,1.51,50.87,0
2025-03-18,Busan,1,14.59,1.01,0
2025-03-19,Busan,1,2.92,25.24,0
2025-03-20,Busan,1,2.64,4.9,0
2025-03-21,Busan,0,1.46,26.13,0
2025-03-22,Busan,0,8.19,5.97,0
2025-03-23,Busan,0,11.51,15.74,0
2025-03-24,Busan,1,35.48,42.39,0
2025-03-25,Busan,1,5.45,11.8,0
2025-03-26,Busan,0,0.93,1.4,0
2025-03-27,Busan,0,12.51,12.14,0
2025-03-28,Busan,0,5.46,16.09,0
2025-03-29,Busan,0,20.07,12.44,0
2025-03-30,Busan,0,12.01,3.31,0
2025-03-31,Busan,1,0.81,4.59,0
2025-04-01,Busan,1,10.83,10.89,0
2025-04-02,Busan,1,0.83,6.96,0
2025-04-03,Busan,1,0.7,2.68,0
2025-04-04,Busan,0,0.07,1.03,0
2025-04-05,Busan,1,2.61,19.54,0
2025-04-06,Busan,0,0.34,4.71,0
2025-04-07,Busan,0,2.57,4.34,0
2025-04-08,Busan,0,0.1,5.38,0
2025-04-09,Busan,1,3.43,12.39,0
2025-04-10,Busan,0,0.1,1.82,0
2025-04-11,Busan,1,6.14,2.1,0
2025-04-12,Busan,0,3.63,1.41,0
2025-04-13,Busan,1,2.5,11.39,0
2025-04-14,Busan,0,0.62,1.63,0
2025-04-15,Busan,0,5.25,8.13,0
2025-04-16,Busan,1,1.95,10.62,0
2025-04-17,Busan,2,2.23,2.65,0
2025-04-18,Busan,1,15.19,46.89,0
2025-04-19,Busan,1,2.01,22.05,0
2025-04-20,Busan,0,1.07,43.01,0
2025-04-21,Busan,1,8.46,19.62,0
2025-04-22,Busan,1,1.43,2.3,0
2025-04-23,Busan,1,6.12,4.98,0
2025-04-24,Busan,1,2.82,23.63,0
2025-04-25,Busan,1,0.87,13.55,0
2025-04-26,Busan,0,9.48,3.54,0
2025-04-27,Busan,0,0.79,2.01,0
2025-04-28,Busan,1,1.87,14.89,0
2025-04-29,Busan,1,0.64,28.92,0
2025-04-30,Busan,1,4.52,18.11,0
2025-05-01,Busan,1,14.67,4.61,0
2025-05-02,Busan,1,1.93,17.43,0
2025-05-03,Busan,1,2.83,33.44,0
2025-05-04,Busan,1,28.54,2.26,0
2025-05-05,Busan,1,8.16,94.11,0
2025-05-06,Busan,0,5.33,15.25,0
2025-05-07,Busan,1,0.47,2.05,0
2025-05-08,Busan,1,3.82,13.12,0
2025-05-09,Busan,1,5.07,60.29,0
2025-05-10,Busan,1,0.26,18.39,0
2025-05-11,Busan,1,3.17,4.08,0
2025-05-12,Busan,2,10.31,4.64,1
2025-05-13,Busan,1,10.26,3.04,0
2025-05-14,Busan,1,0.2,3.36,0
2025-05-15,Busan,1,1.01,10.73,0
2025-05-16,Busan,0,1.28,21.16,0
2025-05-17,Busan,1,11.49,23.25,0
2025-05-18,Busan,2,16.08,9.4,0
2025-05-19,Busan,2,7.01,25.98,0
2025-05-20,Busan,1,4.36,8.41,0
2025-05-21,Busan,1,5.55,5.82,0
2025-05-22,Busan,1,15.57,3.95,0
2025-05-23,Busan,1,11.98,10.69,0
2025-05-24,Busan,2,7.07,11.11,0
2025-05-25,Busan,2,37.02,33.38,0
2025-05-26,Busan,2,0.37,12.49,0
2025-05-27,Busan,1,0.2,34.3,0
2025-05-28,Busan,2,8.31,26.02,0
2025-05-29,Busan,1,3.09,2.96,0
2025-05-30,Busan,0,12.96,6.14,0
2025-05-31,Busan,1,3.54,3.09,0
2025-06-01,Busan,1,12.22,5.36,0
2025-06-02,Busan,1,0.21,10.45,0
2025-06-03,Busan,0,26.35,0.78,0
2025-06-04,Busan,1,1.2,3.94,0
2025-06-05,Busan,1,5.88,23.44,0
2025-06-06,Busan,1,3.26,29.84,0
2025-06-07,Busan,1,1.09,58.92,0
2025-06-08,Busan,1,6.23,34.73,0
2025-06-09,Busan,1,2.66,13.61,0
2025-06-10,Busan,1,0.13,77.21,0
2025-06-11,Busan,1,26.53,65.47,0
2025-06-12,Busan,1,7.59,29.98,0
2025-06-13,Busan,1,6.34,23.7,0
2025-06-14,Busan,1,14.6,16.65,0
2025-06-15,Busan,2,11.81,3.66,0
2025-06-16,Busan,1,1.61,42.41,0
2025-06-17,Busan,1,7.12,75.14,0
2025-06-18,Busan,1,5.27,12.57,0
2025-06-19,Busan,1,13.43,7.83,0
2025-06-20,Busan,2,24.53,1.27,0
2025-06-21,Busan,2,9.04,4.33,0
2025-06-22,Busan,2,16.25,32.3,0
2025-06-23,Busan,2,7.17,26.32,0
2025-06-24,Busan,2,14.88,29.25,0
2025-06-25,Busan,1,4.65,16.43,0
2025-06-26,Busan,1,0.74,3.74,0
2025-06-27,Busan,1,5.73,19.56,0
2025-06-28,Busan,1,16.27,19.51,0
2025-06-29,Busan,1,5.51,1.8,0
2025-06-30,Busan,1,12.96,12.96,0
2025-07-01,Busan,1,1.8,23.83,0
2025-07-02,Busan,1,22.9,12.74,0
2025-07-03,Busan,1,9.93,29.41,0
2025-07-04,Busan,0,2.66,2.9,0
2025-07-05,Busan,1,5.31,14.21,0
2025-07-06,Busan,1,5.36,52.03,0
2025-07-07,Busan,0,2.29,12.42,0
2025-07-08,Busan,1,8.06,30.46,0
2025-07-09,Busan,0,0.23,17.09,0
2025-07-10,Busan,1,29.76,27.83,0
2025-07-11,Busan,1,0.43,4.1,0
2025-07-12,Busan,2,24.67,4.95,0
2025-07-13,Busan,1,7.95,1.64,0
2025-07-14,Busan,1,7.92,9.69,0
2025-07-15,Busan,1,20.38,3.08,0
2025-07-16,Busan,2,19.82,9.48,1
2025-07-17,Busan,2,10.62,27.24,0
2025-07-18,Busan,3,17.76,21.42,1
2025-07-19,Busan,2,10.42,15.37,0
2025-07-20,Busan,2,1.45,2.76,0
2025-07-21,Busan,1,2.65,26.84,0
2025-07-22,Busan,1,1.75,16.15,0
2025-07-23,Busan,1,5.47,3.05,0
2025-07-24,Busan,0,0.58,15.71,0
2025-07-25,Busan,0,3.64,13.64,0
2025-07-26,Busan,0,2.36,3.07,0
2025-07-27,Busan,1,26.66,5.98,0
2025-07-28,Busan,1,2.21,24.26,0
2025-07-29,Busan,0,9.35,4.8,0
2025-07-30,Busan,1,4.09,4.03,0
2025-07-31,Busan,1,17.72,10.69,0
2025-08-01,Busan,1,10.44,7.76,0
2025-08-02,Busan,1,6.92,8.06,0
2025-08-03,Busan,1,0.08,3.51,0
2025-08-04,Busan,1,4.04,20.91,0
2025-08-05,Busan,1,5.53,40.58,0
2025-08-06,Busan,0,4.14,4.86,0
2025-08-07,Busan,1,11.07,15.0,0
2025-08-08,Busan,2,9.97,4.84,0
2025-08-09,Busan,2,0.51,11.85,0
2025-08-10,Busan,2,5.7,60.26,0
2025-08-11,Busan,1,8.8,3.89,0
2025-08-12,Busan,1,10.74,8.66,0
2025-08-13,Busan,1,11.44,3.12,0
2025-08-14,Busan,1,4.77,5.14,0
2025-08-15,Busan,1,0.97,24.98,0
2025-08-16,Busan,1,2.06,43.27,0
2025-08-17,Busan,1,21.14,18.13,0
2025-08-18,Busan,1,13.19,2.15,0
2025-08-19,Busan,1,8.71,4.64,0
2025-08-20,Busan,0,11.7,2.02,0
2025-08-21,Busan,0,2.61,10.58,0
2025-08-22,Busan,0,0.99,0.61,0
2025-08-23,Busan,1,0.11,53.93,0
2025-08-24,Busan,1,3.22,2.63,0
2025-08-25,Busan,1,4.2,0.49,0
2025-08-26,Busan,1,5.57,2.26,0
2025-08-27,Busan,1,8.17,30.85,0
2025-08-28,Busan,1,5.47,4.07,0
2025-08-29,Busan,2,4.71,49.24,0
2025-08-30,Busan,1,4.19,19.57,0
2025-08-31,Busan,1,7.45,3.47,0
2025-09-01,Busan,1,7.61,10.08,0
2025-09-02,Busan,0,5.33,16.2,0
2025-09-03,Busan,1,6.7,6.49,0
2025-09-04,Busan,1,7.33,4.74,0
2025-09-05,Busan,1,12.26,6.33,0
2025-09-06,Busan,0,1.68,29.58,0
2025-09-07,Busan,1,19.24,18.62,0
2025-09-08,Busan,0,14.29,12.72,0
2025-09-09,Busan,1,13.76,32.83,0
2025-09-10,Busan,2,28.65,30.27,0
2025-09-11,Busan,2,9.3,2.26,0
2025-09-12,Busan,1,11.56,24.5,0
2025-09-13,Busan,1,5.17,3.77,0
2025-09-14,Busan,1,3.65,20.23,0
2025-09-15,Busan,1,29.01,0.9,0
2025-09-16,Busan,1,2.9,17.73,0
2025-09-17,Busan,1,7.21,5.83,0
2025-09-18,Busan,1,0.66,6.27,0
2025-09-19,Busan,1,7.59,5.02,0
2025-09-20,Busan,1,2.54,4.04,0
2025-09-21,Busan,1,7.98,21.99,0
2025-09-22,Busan,1,0.96,3.52,0
2025-09-23,Busan,1,1.39,21.31,0
2025-09-24,Busan,0,6.24,8.31,0
2025-09-25,Busan,0,0.28,1.37,0
2025-09-26,Busan,0,0.54,1.15,0
2025-09-27,Busan,0,1.83,17.33,0
2025-09-28,Busan,0,12.18,12.3,0
2025-09-29,Busan,0,0.27,6.56,0
2025-09-30,Busan,0,4.67,4.98,0
2025-10-01,Busan,0,1.84,6.91,0
2025-10-02,Busan,1,5.48,11.85,0
2025-10-03,Busan,1,19.29,47.31,0
2025-10-04,Busan,1,16.11,12.8,0
2025-10-05,Busan,1,9.61,3.82,0
2025-10-06,Busan,1,0.45,14.02,0
2025-10-07,Busan,0,4.21,32.75,0
2025-10-08,Busan,0,0.49,6.15,0
2025-10-09,Busan,0,7.07,29.32,0
2025-10-10,Busan,0,2.69,27.77,0
2025-10-11,Busan,0,5.43,3.19,0
2025-10-12,Busan,0,2.48,15.05,0
2025-10-13,Busan,1,2.22,25.96,0
2025-10-14,Busan,1,1.31,0.03,0
2025-10-15,Busan,1,1.4,74.11,0
2025-10-16,Busan,0,8.18,5.17,0
2025-10-17,Busan,1,17.63,19.33,0
2025-10-18,Busan,0,3.18,11.68,0
2025-10-19,Busan,1,3.98,0.12,0
2025-10-20,Busan,1,2.13,4.73,0
2025-10-21,Busan,1,8.66,17.63,0
2025-10-22,Busan,1,0.11,3.71,0
2025-10-23,Busan,1,16.27,19.58,0
2025-10-24,Busan,1,15.01,18.92,0
2025-10-25,Busan,1,2.6,0.98,0
2025-10-26,Busan,0,2.9,15.57,0
2025-10-27,Busan,1,0.88,23.31,0
2025-10-28,Busan,0,0.12,2.18,0
2025-10-29,Busan,0,0.42,7.64,0
2025-10-30,Busan,1,1.7,7.35,0
2025-10-31,Busan,0,0.04,1.89,0
2025-11-01,Busan,0,11.12,9.54,0
2025-11-02,Busan,0,0.92,9.06,0
2025-11-03,Busan,0,0.99,26.61,0
2025-11-04,Busan,0,1.14,11.44,0
2025-11-05,Busan,0,0.4,0.02,0
2025-11-06,Busan,0,4.5,5.02,0
2025-11-07,Busan,0,3.44,4.03,0
2025-11-08,Busan,0,1.72,12.26,0
2025-11-09,Busan,0,2.41,29.22,0
2025-11-10,Busan,0,0.09,17.87,0
2025-11-11,Busan,0,8.78,23.41,0
2025-11-12,Busan,0,0.12,6.11,0
2025-11-13,Busan,1,23.5,1.57,0
2025-11-14,Busan,0,0.75,2.99,0
2025-11-15,Busan,0,0.68,1.35,0
2025-11-16,Busan,0,0.2,1.68,0
2025-11-17,Busan,0,2.17,1.98,0
2025-11-18,Busan,1,0.62,21.65,0
2025-11-19,Busan,1,4.24,41.48,0
2025-11-20,Busan,1,16.04,1.36,0
2025-11-21,Busan,1,1.8,7.4,0
2025-11-22,Busan,1,7.35,19.29,0
2025-11-23,Busan,0,10.02,1.65,0
2025-11-24,Busan,1,3.71,5.6,0
2025-11-25,Busan,0,8.35,11.96,0
2025-11-26,Busan,0,0.86,4.41,0
2025-11-27,Busan,0,7.38,22.36,0
2025-11-28,Busan,0,3.02,22.22,0
2025-11-29,Busan,0,2.6,7.58,0
2025-11-30,Busan,0,4.56,1.38,0
2025-12-01,Busan,0,2.29,0.71,0
2025-12-02,Busan,0,0.69,4.73,0
2025-12-03,Busan,0,1.16,1.36,0
2025-12-04,Busan,0,0.95,3.02,0
2025-12-05,Busan,0,0.26,12.68,0
2025-12-06,Busan,0,7.33,14.9,0
2025-12-07,Busan,0,6.25,21.57,0
2025-12-08,Busan,0,5.53,24.54,0
2025-12-09,Busan,0,1.39,0.09,0
2025-12-10,Busan,0,4.19,4.41,0
2025-12-11,Busan,0,4.42,2.26,0
2025-12-12,Busan,0,2.38,0.81,0
2025-12-13,Busan,0,1.58,32.01,0
2025-12-14,Busan,0,10.56,0.28,0
2025-12-15,Busan,0,0.38,12.89,0
2025-12-16,Busan,1,9.69,48.91,0
2025-12-17,Busan,0,6.58,24.79,0
2025-12-18,Busan,0,0.59,0.87,0
2025-12-19,Busan,0,2.3,4.87,0
2025-12-20,Busan,0,2.73,0.6,0
2025-12-21,Busan,0,0.38,16.37,0
2025-12-22,Busan,0,19.14,10.78,0
2025-12-23,Busan,0,3.18,4.25,0
2025-12-24,Busan,0,4.03,0.04,0
2025-12-25,Busan,0,2.98,11.16,0
2025-12-26,Busan,0,0.08,4.41,0
2025-12-27,Busan,0,1.32,0.55,0
2025-12-28,Busan,0,4.28,17.07,0
2025-12-29,Busan,0,1.98,0.71,0
2025-12-30,Busan,0,0.93,1.81,0
2025-12-31,Busan,0,0.56,11.76,0
2023-01-01,Hong_Kong,0,10.49,8.34,0
2023-01-02,Hong_Kong,0,2.72,12.47,0
2023-01-03,Hong_Kong,0,5.84,55.81,0
2023-01-04,Hong_Kong,0,10.75,0.89,0
2023-01-05,Hong_Kong,0,3.98,3.11,0
2023-01-06,Hong_Kong,0,1.03,16.64,0
2023-01-07,Hong_Kong,0,1.55,3.2,0
2023-01-08,Hong_Kong,0,1.71,0.61,0
2023-01-09,Hong_Kong,0,0.13,14.19,0
2023-01-10,Hong_Kong,0,4.3,17.56,0
2023-01-11,Hong_Kong,0,1.3,0.83,0
2023-01-12,Hong_Kong,0,4.69,23.91,0
2023-01-13,Hong_Kong,0,10.61,2.59,0
2023-01-14,Hong_Kong,0,2.89,1.42,0
2023-01-15,Hong_Kong,0,0.01,5.27,0
2023-01-16,Hong_Kong,0,4.47,9.96,0
2023-01-17,Hong_Kong,0,1.03,24.78,0
2023-01-18,Hong_Kong,0,0.24,8.58,0
2023-01-19,Hong_Kong,0,2.63,16.67,0
2023-01-20,Hong_Kong,0,1.03,4.16,0
2023-01-21,Hong_Kong,0,2.36,7.64,0
2023-01-22,Hong_Kong,0,8.34,10.99,0
2023-01-23,Hong_Kong,0,3.08,16.09,0
2023-01-24,Hong_Kong,0,3.88,18.97,0
2023-01-25,Hong_Kong,0,1.68,3.15,0
2023-01-26,Hong_Kong,1,11.19,5.24,0
2023-01-27,Hong_Kong,0,6.47,48.4,0
2023-01-28,Hong_Kong,0,1.43,22.23,0
2023-01-29,Hong_Kong,0,17.57,18.11,0
2023-01-30,Hong_Kong,0,2.46,3.97,0
2023-01-31,Hong_Kong,0,0.96,0.07,0
2023-02-01,Hong_Kong,0,2.65,4.85,0
2023-02-02,Hong_Kong,0,1.13,5.84,0
2023-02-03,Hong_Kong,0,3.64,6.14,0
2023-02-04,Hong_Kong,0,1.82,0.21,0
2023-02-05,Hong_Kong,0,2.25,7.0,0
2023-02-06,Hong_Kong,0,4.44,10.31,0
2023-02-07,Hong_Kong,0,11.56,5.33,0
2023-02-08,Hong_Kong,0,3.89,4.51,0
2023-02-09,Hong_Kong,0,9.6,34.48,0
2023-02-10,Hong_Kong,0,5.5,6.02,0
2023-02-11,Hong_Kong,0,1.62,7.97,0
2023-02-12,Hong_Kong,0,4.86,0.1,0
2023-02-13,Hong_Kong,0,0.82,6.78,0
2023-02-14,Hong_Kong,0,2.97,6.19,0
2023-02-15,Hong_Kong,0,0.57,0.33,0
2023-02-16,Hong_Kong,1,1.86,45.72,0
2023-02-17,Hong_Kong,1,3.35,9.46,0
2023-02-18,Hong_Kong,1,54.12,6.32,0
2023-02-19,Hong_Kong,0,4.18,19.16,0
2023-02-20,Hong_Kong,0,15.4,13.95,0
2023-02-21,Hong_Kong,0,6.91,0.53,0
2023-02-22,Hong_Kong,0,9.12,26.42,0
2023-02-23,Hong_Kong,0,4.54,2.42,0
2023-02-24,Hong_Kong,0,1.2,3.53,0
2023-02-25,Hong_Kong,0,2.59,30.99,0
2023-02-26,Hong_Kong,0,8.98,0.9,0
2023-02-27,Hong_Kong,0,17.34,4.2,0
2023-02-28,Hong_Kong,0,2.58,12.9,0
2023-03-01,Hong_Kong,0,12.14,1.38,0
2023-03-02,Hong_Kong,0,0.11,2.56,0
2023-03-03,Hong_Kong,0,7.68,4.95,0
2023-03-04,Hong_Kong,0,14.54,3.46,0
2023-03-05,Hong_Kong,0,2.07,10.04,0
2023-03-06,Hong_Kong,0,2.17,2.65,0
2023-03-07,Hong_Kong,0,10.12,12.58,0
2023-03-08,Hong_Kong,0,0.21,23.56,0
2023-03-09,Hong_Kong,0,3.82,12.38,0
2023-03-10,Hong_Kong,0,0.4,42.63,0
2023-03-11,Hong_Kong,0,13.11,1.15,0
2023-03-12,Hong_Kong,0,0.1,5.62,0
2023-03-13,Hong_Kong,0,3.01,15.21,0
2023-03-14,Hong_Kong,0,0.55,2.21,0
2023-03-15,Hong_Kong,0,7.83,1.95,0
2023-03-16,Hong_Kong,0,6.86,0.23,0
2023-03-17,Hong_Kong,0,1.86,5.2,0
2023-03-18,Hong_Kong,1,5.3,23.77,0
2023-03-19,Hong_Kong,1,0.13,2.53,0
2023-03-20,Hong_Kong,1,4.71,14.08,0
2023-03-21,Hong_Kong,1,2.08,42.05,0
2023-03-22,Hong_Kong,1,7.43,21.62,0
2023-03-23,Hong_Kong,0,1.33,27.92,0
2023-03-24,Hong_Kong,0,0.17,0.45,0
2023-03-25,Hong_Kong,0,0.08,24.15,0
2023-03-26,Hong_Kong,1,8.35,12.32,0
2023-03-27,Hong_Kong,1,9.33,4.82,0
2023-03-28,Hong_Kong,1,4.27,2.71,0
2023-03-29,Hong_Kong,0,3.27,2.47,0
2023-03-30,Hong_Kong,1,5.82,3.82,0
2023-03-31,Hong_Kong,1,9.17,1.52,0
2023-04-01,Hong_Kong,1,10.3,13.91,0
2023-04-02,Hong_Kong,1,7.99,68.75,0
2023-04-03,Hong_Kong,1,10.26,7.99,0
2023-04-04,Hong_Kong,1,1.94,10.3,0
2023-04-05,Hong_Kong,1,2.75,2.86,0
2023-04-06,Hong_Kong,1,4.17,13.3,0
2023-04-07,Hong_Kong,1,1.26,5.09,0
2023-04-08,Hong_Kong,1,6.76,11.48,0
2023-04-09,Hong_Kong,1,25.76,5.09,0
2023-04-10,Hong_Kong,1,2.48,22.13,0
2023-04-11,Hong_Kong,1,8.23,3.79,0
2023-04-12,Hong_Kong,0,0.08,0.38,0
2023-04-13,Hong_Kong,1,3.42,16.81,0
2023-04-14,Hong_Kong,0,0.74,1.59,0
2023-04-15,Hong_Kong,0,0.27,8.59,0
2023-04-16,Hong_Kong,0,24.1,3.68,0
2023-04-17,Hong_Kong,0,1.11,7.22,0
2023-04-18,Hong_Kong,0,19.2,0.17,0
2023-04-19,Hong_Kong,1,3.9,0.76,0
2023-04-20,Hong_Kong,1,6.0,1.62,0
2023-04-21,Hong_Kong,0,18.85,5.5,0
2023-04-22,Hong_Kong,0,5.81,4.89,0
2023-04-23,Hong_Kong,0,3.19,1.94,0
2023-04-24,Hong_Kong,0,1.72,10.94,0
2023-04-25,Hong_Kong,1,3.25,3.84,0
2023-04-26,Hong_Kong,0,2.35,1.76,0
2023-04-27,Hong_Kong,0,0.64,1.51,0
2023-04-28,Hong_Kong,0,4.55,43.21,0
2023-04-29,Hong_Kong,0,0.92,6.74,0
2023-04-30,Hong_Kong,1,7.89,15.55,0
2023-05-01,Hong_Kong,0,2.28,5.03,0
2023-05-02,Hong_Kong,1,9.14,18.33,0
2023-05-03,Hong_Kong,1,9.29,6.69,0
2023-05-04,Hong_Kong,1,0.04,6.48,0
2023-05-05,Hong_Kong,1,1.58,25.11,0
2023-05-06,Hong_Kong,1,8.56,16.57,0
2023-05-07,Hong_Kong,1,15.03,6.46,0
2023-05-08,Hong_Kong,1,0.59,14.38,0
2023-05-09,Hong_Kong,1,18.25,28.88,0
2023-05-10,Hong_Kong,0,2.87,9.86,0
2023-05-11,Hong_Kong,1,0.52,21.48,0
2023-05-12,Hong_Kong,1,17.06,10.95,0
2023-05-13,Hong_Kong,2,36.95,0.76,0
2023-05-14,Hong_Kong,1,0.88,21.6,0
2023-05-15,Hong_Kong,1,11.75,5.54,0
2023-05-16,Hong_Kong,0,1.34,5.67,0
2023-05-17,Hong_Kong,1,5.78,20.89,0
2023-05-18,Hong_Kong,1,8.54,2.2,0
2023-05-19,Hong_Kong,1,0.75,3.57,0
2023-05-20,Hong_Kong,1,11.38,0.98,0
2023-05-21,Hong_Kong,1,14.44,14.29,0
2023-05-22,Hong_Kong,1,3.88,10.16,0
2023-05-23,Hong_Kong,1,3.95,6.18,0
2023-05-24,Hong_Kong,1,4.94,16.52,0
2023-05-25,Hong_Kong,1,2.83,3.84,0
2023-05-26,Hong_Kong,1,0.71,31.79,0
2023-05-27,Hong_Kong,1,1.65,2.46,0
2023-05-28,Hong_Kong,1,1.81,6.11,0
2023-05-29,Hong_Kong,1,0.94,6.45,0
2023-05-30,Hong_Kong,1,8.16,16.7,0
2023-05-31,Hong_Kong,1,7.66,0.55,0
2023-06-01,Hong_Kong,1,0.85,7.12,0
2023-06-02,Hong_Kong,1,0.35,15.23,0
2023-06-03,Hong_Kong,1,0.05,0.4,0
2023-06-04,Hong_Kong,1,0.54,8.29,0
2023-06-05,Hong_Kong,1,8.75,59.81,0
2023-06-06,Hong_Kong,1,2.42,8.95,0
2023-06-07,Hong_Kong,2,18.66,1.31,0
2023-06-08,Hong_Kong,2,2.58,40.46,0
2023-06-09,Hong_Kong,1,3.16,66.44,0
2023-06-10,Hong_Kong,1,7.5,3.43,0
2023-06-11,Hong_Kong,2,27.22,26.51,0
2023-06-12,Hong_Kong,1,4.07,37.64,0
2023-06-13,Hong_Kong,1,8.0,9.44,0
2023-06-14,Hong_Kong,1,18.09,11.99,0
2023-06-15,Hong_Kong,1,9.55,0.23,0
2023-06-16,Hong_Kong,1,3.18,71.92,0
2023-06-17,Hong_Kong,1,0.34,18.24,0
2023-06-18,Hong_Kong,1,6.73,12.27,0
2023-06-19,Hong_Kong,0,3.06,1.66,0
2023-06-20,Hong_Kong,1,13.37,22.43,0
2023-06-21,Hong_Kong,1,3.81,3.1,0
2023-06-22,Hong_Kong,1,1.93,4.76,0
2023-06-23,Hong_Kong,1,23.11,1.69,0
2023-06-24,Hong_Kong,1,8.15,5.82,0
2023-06-25,Hong_Kong,2,11.08,2.96,1
2023-06-26,Hong_Kong,1,4.45,12.0,0
2023-06-27,Hong_Kong,1,8.19,23.67,0
2023-06-28,Hong_Kong,1,10.47,38.52,0
2023-06-29,Hong_Kong,1,4.74,13.37,0
2023-06-30,Hong_Kong,1,3.46,2.86,0
2023-07-01,Hong_Kong,1,4.52,8.68,0
2023-07-02,Hong_Kong,1,4.76,8.8,0
2023-07-03,Hong_Kong,1,1.29,9.24,0
2023-07-04,Hong_Kong,1,11.49,46.03,0
2023-07-05,Hong_Kong,2,0.44,9.82,0
2023-07-06,Hong_Kong,1,12.87,28.1,0
2023-07-07,Hong_Kong,2,15.9,16.89,0
2023-07-08,Hong_Kong,2,15.8,48.2,0
2023-07-09,Hong_Kong,1,7.88,16.68,0
2023-07-10,Hong_Kong,1,12.63,41.0,0
2023-07-11,Hong_Kong,1,11.2,10.75,0
2023-07-12,Hong_Kong,2,1.71,21.62,0
2023-07-13,Hong_Kong,1,4.57,45.25,0
2023-07-14,Hong_Kong,1,14.44,2.73,0
2023-07-15,Hong_Kong,1,8.9,13.91,0
2023-07-16,Hong_Kong,1,0.54,19.56,0
2023-07-17,Hong_Kong,1,12.39,20.1,0
2023-07-18,Hong_Kong,2,5.45,16.73,0
2023-07-19,Hong_Kong,2,3.29,35.42,0
2023-07-20,Hong_Kong,1,21.52,1.67,0
2023-07-21,Hong_Kong,1,4.54,29.21,0
2023-07-22,Hong_Kong,2,0.04,30.38,0
2023-07-23,Hong_Kong,1,9.51,17.04,0
2023-07-24,Hong_Kong,2,3.93,28.94,0
2023-07-25,Hong_Kong,1,8.83,14.13,0
2023-07-26,Hong_Kong,1,3.96,1.83,0
2023-07-27,Hong_Kong,1,0.03,7.71,0
2023-07-28,Hong_Kong,1,0.44,32.86,0
2023-07-29,Hong_Kong,0,8.42,3.19,0
2023-07-30,Hong_Kong,0,1.71,7.88,0
2023-07-31,Hong_Kong,1,11.09,0.27,0
2023-08-01,Hong_Kong,1,0.49,23.92,0
2023-08-02,Hong_Kong,2,3.19,13.57,0
2023-08-03,Hong_Kong,2,7.3,35.56,0
2023-08-04,Hong_Kong,2,5.85,26.36,1
2023-08-05,Hong_Kong,1,3.36,25.37,0
2023-08-06,Hong_Kong,1,3.12,11.4,0
2023-08-07,Hong_Kong,1,6.06,13.76,0
2023-08-08,Hong_Kong,1,0.38,2.6,0
2023-08-09,Hong_Kong,1,0.42,106.52,0
2023-08-10,Hong_Kong,2,9.22,54.67,1
2023-08-11,Hong_Kong,1,7.04,12.75,0
2023-08-12,Hong_Kong,1,13.9,13.82,0
2023-08-13,Hong_Kong,1,9.16,5.64,0
2023-08-14,Hong_Kong,1,0.64,35.71,0
2023-08-15,Hong_Kong,1,0.28,5.0,0
2023-08-16,Hong_Kong,0,10.08,5.22,0
2023-08-17,Hong_Kong,1,2.89,14.23,0
2023-08-18,Hong_Kong,1,9.78,16.32,0
2023-08-19,Hong_Kong,1,0.36,0.13,0
2023-08-20,Hong_Kong,1,8.38,22.62,0
2023-08-21,Hong_Kong,1,1.12,3.61,0
2023-08-22,Hong_Kong,1,27.04,23.42,0
2023-08-23,Hong_Kong,2,9.12,30.07,0
2023-08-24,Hong_Kong,1,9.22,26.31,0
2023-08-25,Hong_Kong,2,12.54,21.45,0
2023-08-26,Hong_Kong,1,3.84,6.3,0
2023-08-27,Hong_Kong,1,9.84,27.48,0
2023-08-28,Hong_Kong,1,0.04,62.78,0
2023-08-29,Hong_Kong,2,1.88,3.85,0
2023-08-30,Hong_Kong,1,7.27,17.01,0
2023-08-31,Hong_Kong,1,4.24,2.79,0
2023-09-01,Hong_Kong,1,24.71,16.89,0
2023-09-02,Hong_Kong,1,26.77,14.21,0
2023-09-03,Hong_Kong,1,0.61,2.8,0
2023-09-04,Hong_Kong,1,8.67,17.59,0
2023-09-05,Hong_Kong,1,3.12,1.57,0
2023-09-06,Hong_Kong,1,9.3,1.68,0
2023-09-07,Hong_Kong,2,29.19,33.39,0
2023-09-08,Hong_Kong,2,11.04,3.03,1
2023-09-09,Hong_Kong,2,0.72,16.03,0
2023-09-10,Hong_Kong,1,1.57,8.79,0
2023-09-11,Hong_Kong,0,2.56,20.03,0
2023-09-12,Hong_Kong,0,0.61,2.97,0
2023-09-13,Hong_Kong,1,0.38,12.57,0
2023-09-14,Hong_Kong,1,1.7,0.24,0
2023-09-15,Hong_Kong,1,13.63,1.59,0
2023-09-16,Hong_Kong,1,14.91,7.23,0
2023-09-17,Hong_Kong,0,5.66,9.05,0
2023-09-18,Hong_Kong,0,0.32,37.08,0
2023-09-19,Hong_Kong,1,14.5,14.82,0
2023-09-20,Hong_Kong,1,4.22,14.6,0
2023-09-21,Hong_Kong,0,3.83,0.82,0
2023-09-22,Hong_Kong,1,19.67,21.49,0
2023-09-23,Hong_Kong,0,2.14,17.87,0
2023-09-24,Hong_Kong,0,1.35,31.03,0
2023-09-25,Hong_Kong,0,2.4,3.77,0
2023-09-26,Hong_Kong,1,4.8,10.51,0
2023-09-27,Hong_Kong,1,7.65,14.85,0
2023-09-28,Hong_Kong,1,8.14,5.02,0
2023-09-29,Hong_Kong,1,4.82,0.89,0
2023-09-30,Hong_Kong,1,4.15,2.97,0
2023-10-01,Hong_Kong,0,1.31,4.62,0
2023-10-02,Hong_Kong,1,10.03,9.71,0
2023-10-03,Hong_Kong,1,4.27,0.45,0
2023-10-04,Hong_Kong,1,26.69,31.3,0
2023-10-05,Hong_Kong,0,3.1,1.29,0
2023-10-06,Hong_Kong,0,1.59,1.66,0
2023-10-07,Hong_Kong,0,1.48,8.57,0
2023-10-08,Hong_Kong,0,3.23,6.37,0
2023-10-09,Hong_Kong,0,6.36,4.36,0
2023-10-10,Hong_Kong,0,17.8,0.53,0
2023-10-11,Hong_Kong,1,8.54,8.21,0
2023-10-12,Hong_Kong,1,13.33,21.9,0
2023-10-13,Hong_Kong,1,3.98,0.42,0
2023-10-14,Hong_Kong,1,13.9,0.3,0
2023-10-15,Hong_Kong,0,18.0,9.79,0
2023-10-16,Hong_Kong,0,8.63,3.83,0
2023-10-17,Hong_Kong,1,2.78,53.26,0
2023-10-18,Hong_Kong,1,5.42,0.07,0
2023-10-19,Hong_Kong,0,7.98,8.35,0
2023-10-20,Hong_Kong,0,10.77,22.69,0
2023-10-21,Hong_Kong,1,5.16,2.61,0
2023-10-22,Hong_Kong,0,1.15,3.93,0
2023-10-23,Hong_Kong,0,0.17,14.44,0
2023-10-24,Hong_Kong,0,4.96,23.02,0
2023-10-25,Hong_Kong,0,3.37,11.4,0
2023-10-26,Hong_Kong,0,0.02,9.85,0
2023-10-27,Hong_Kong,0,0.91,13.32,0
2023-10-28,Hong_Kong,0,6.1,10.18,0
2023-10-29,Hong_Kong,0,3.44,1.54,0
2023-10-30,Hong_Kong,0,7.27,6.1,0
2023-10-31,Hong_Kong,1,0.27,27.52,0
2023-11-01,Hong_Kong,0,5.83,9.13,0
2023-11-02,Hong_Kong,0,6.23,4.03,0
2023-11-03,Hong_Kong,0,4.16,7.72,0
2023-11-04,Hong_Kong,0,12.54,22.1,0
2023-11-05,Hong_Kong,0,2.01,2.35,0
2023-11-06,Hong_Kong,0,16.23,8.41,0
2023-11-07,Hong_Kong,0,5.84,34.16,0
2023-11-08,Hong_Kong,0,1.39,11.61,0
2023-11-09,Hong_Kong,0,4.59,6.17,0
2023-11-10,Hong_Kong,0,1.49,4.12,0
2023-11-11,Hong_Kong,0,1.84,0.19,0
2023-11-12,Hong_Kong,0,1.26,11.35,0
2023-11-13,Hong_Kong,1,5.8,26.27,0
2023-11-14,Hong_Kong,1,0.79,20.97,0
2023-11-15,Hong_Kong,0,2.88,1.34,0
2023-11-16,Hong_Kong,0,7.53,5.22,0
2023-11-17,Hong_Kong,0,13.77,8.84,0
2023-11-18,Hong_Kong,0,8.04,11.08,0
2023-11-19,Hong_Kong,0,1.74,9.33,0
2023-11-20,Hong_Kong,0,0.47,5.23,0
2023-11-21,Hong_Kong,0,9.33,1.52,0
2023-11-22,Hong_Kong,0,2.49,7.34,0
2023-11-23,Hong_Kong,0,0.81,6.12,0
2023-11-24,Hong_Kong,0,0.6,13.05,0
2023-11-25,Hong_Kong,0,0.86,24.52,0
2023-11-26,Hong_Kong,0,14.5,12.7,0
2023-11-27,Hong_Kong,1,12.43,3.07,0
2023-11-28,Hong_Kong,1,4.27,0.6,0
2023-11-29,Hong_Kong,0,10.12,14.16,0
2023-11-30,Hong_Kong,0,1.1,4.57,0
2023-12-01,Hong_Kong,0,12.37,2.16,0
2023-12-02,Hong_Kong,0,1.55,11.08,0
2023-12-03,Hong_Kong,0,2.5,0.95,0
2023-12-04,Hong_Kong,0,6.0,0.39,0
2023-12-05,Hong_Kong,0,0.86,37.23,0
2023-12-06,Hong_Kong,0,0.59,11.65,0
2023-12-07,Hong_Kong,0,2.28,7.49,0
2023-12-08,Hong_Kong,1,0.88,1.07,0
2023-12-09,Hong_Kong,1,6.69,38.58,0
2023-12-10,Hong_Kong,0,0.41,6.7,0
2023-12-11,Hong_Kong,0,2.58,6.15,0
2023-12-12,Hong_Kong,0,1.28,3.52,0
2023-12-13,Hong_Kong,0,12.56,19.35,0
2023-12-14,Hong_Kong,0,7.46,1.83,0
2023-12-15,Hong_Kong,0,14.04,0.74,0
2023-12-16,Hong_Kong,0,0.68,1.65,0
2023-12-17,Hong_Kong,0,2.0,8.51,0
2023-12-18,Hong_Kong,0,7.03,3.8,0
2023-12-19,Hong_Kong,0,2.19,10.19,0
2023-12-20,Hong_Kong,0,12.48,16.07,0
2023-12-21,Hong_Kong,0,7.1,12.18,0
2023-12-22,Hong_Kong,1,15.02,30.35,0
2023-12-23,Hong_Kong,0,20.42,10.75,0
2023-12-24,Hong_Kong,0,5.07,16.09,0
2023-12-25,Hong_Kong,0,1.27,32.48,0
2023-12-26,Hong_Kong,0,4.96,7.4,0
2023-12-27,Hong_Kong,0,1.96,32.37,0
2023-12-28,Hong_Kong,0,13.18,12.26,0
2023-12-29,Hong_Kong,0,1.52,0.75,0
2023-12-30,Hong_Kong,0,1.72,2.58,0
2023-12-31,Hong_Kong,0,11.0,13.53,0
2024-01-01,Hong_Kong,0,2.89,21.83,0
2024-01-02,Hong_Kong,0,0.18,5.34,0
2024-01-03,Hong_Kong,0,0.25,22.53,0
2024-01-04,Hong_Kong,0,2.66,10.89,0
2024-01-05,Hong_Kong,0,1.59,21.98,0
2024-01-06,Hong_Kong,0,4.39,10.74,0
2024-01-07,Hong_Kong,0,12.07,1.17,0
2024-01-08,Hong_Kong,0,5.24,4.57,0
2024-01-09,Hong_Kong,0,2.54,2.61,0
2024-01-10,Hong_Kong,0,0.42,9.9,0
2024-01-11,Hong_Kong,0,7.79,19.32,0
2024-01-12,Hong_Kong,0,0.65,1.31,0
2024-01-13,Hong_Kong,0,0.84,16.88,0
2024-01-14,Hong_Kong,0,2.06,19.7,0
2024-01-15,Hong_Kong,0,16.08,6.03,0
2024-01-16,Hong_Kong,0,2.25,2.11,0
2024-01-17,Hong_Kong,0,4.5,0.81,0
2024-01-18,Hong_Kong,0,1.08,2.81,0
2024-01-19,Hong_Kong,0,3.7,1.21,0
2024-01-20,Hong_Kong,0,4.74,3.88,0
2024-01-21,Hong_Kong,0,4.39,6.84,0
2024-01-22,Hong_Kong,0,13.83,8.55,0
2024-01-23,Hong_Kong,0,3.07,18.4,0
2024-01-24,Hong_Kong,0,2.22,18.65,0
2024-01-25,Hong_Kong,0,9.45,14.51,0
2024-01-26,Hong_Kong,0,1.0,8.0,0
2024-01-27,Hong_Kong,0,12.63,1.59,0
2024-01-28,Hong_Kong,0,2.53,1.5,0
2024-01-29,Hong_Kong,0,2.07,5.56,0
2024-01-30,Hong_Kong,0,6.37,10.81,0
2024-01-31,Hong_Kong,0,2.91,3.26,0
2024-02-01,Hong_Kong,0,0.06,15.2,0
2024-02-02,Hong_Kong,0,7.64,12.1,0
2024-02-03,Hong_Kong,0,2.2,6.83,0
2024-02-04,Hong_Kong,0,3.29,1.72,0
2024-02-05,Hong_Kong,0,3.9,2.9,0
2024-02-06,Hong_Kong,0,0.71,1.43,0
2024-02-07,Hong_Kong,0,1.52,13.23,0
2024-02-08,Hong_Kong,0,14.11,39.16,0
2024-02-09,Hong_Kong,0,4.93,4.62,0
2024-02-10,Hong_Kong,0,4.04,0.24,0
2024-02-11,Hong_Kong,0,2.31,15.76,0
2024-02-12,Hong_Kong,0,4.62,0.4,0
2024-02-13,Hong_Kong,0,1.19,5.77,0
2024-02-14,Hong_Kong,0,1.89,0.74,0
2024-02-15,Hong_Kong,0,13.64,23.59,0
2024-02-16,Hong_Kong,0,0.77,3.87,0
2024-02-17,Hong_Kong,1,1.62,9.09,0
2024-02-18,Hong_Kong,1,0.95,31.01,0
2024-02-19,Hong_Kong,0,0.54,9.0,0
2024-02-20,Hong_Kong,0,0.42,0.34,0
2024-02-21,Hong_Kong,0,2.83,0.13,0
2024-02-22,Hong_Kong,0,1.89,0.38,0
2024-02-23,Hong_Kong,0,2.4,8.5,0
2024-02-24,Hong_Kong,0,0.8,2.29,0
2024-02-25,Hong_Kong,0,22.62,13.97,0
2024-02-26,Hong_Kong,0,2.66,11.06,0
2024-02-27,Hong_Kong,0,0.3,34.52,0
2024-02-28,Hong_Kong,0,3.78,9.6,0
2024-02-29,Hong_Kong,0,0.11,20.22,0
2024-03-01,Hong_Kong,0,17.54,29.06,0
2024-03-02,Hong_Kong,0,6.39,8.81,0
2024-03-03,Hong_Kong,0,0.5,19.51,0
2024-03-04,Hong_Kong,0,1.89,19.73,0
2024-03-05,Hong_Kong,0,0.72,2.11,0
2024-03-06,Hong_Kong,0,1.28,12.76,0
2024-03-07,Hong_Kong,0,6.58,3.22,0
2024-03-08,Hong_Kong,0,2.77,17.18,0
2024-03-09,Hong_Kong,0,9.01,1.9,0
2024-03-10,Hong_Kong,0,1.66,1.13,0
2024-03-11,Hong_Kong,0,6.08,8.5,0
2024-03-12,Hong_Kong,0,1.6,22.31,0
2024-03-13,Hong_Kong,0,3.2,0.83,0
2024-03-14,Hong_Kong,1,0.76,11.65,0
2024-03-15,Hong_Kong,0,0.29,22.29,0
2024-03-16,Hong_Kong,0,1.06,4.13,0
2024-03-17,Hong_Kong,0,8.46,5.22,0
2024-03-18,Hong_Kong,0,5.88,10.55,0
2024-03-19,Hong_Kong,0,22.57,1.54,0
2024-03-20,Hong_Kong,0,16.59,4.2,0
2024-03-21,Hong_Kong,1,0.27,4.02,0
2024-03-22,Hong_Kong,1,25.03,37.16,0
2024-03-23,Hong_Kong,0,1.12,8.41,0
2024-03-24,Hong_Kong,0,1.02,24.93,0
2024-03-25,Hong_Kong,0,4.56,13.95,0
2024-03-26,Hong_Kong,0,4.17,31.66,0
2024-03-27,Hong_Kong,1,11.35,20.38,0
2024-03-28,Hong_Kong,1,1.29,23.72,0
2024-03-29,Hong_Kong,1,7.36,18.12,0
2024-03-30,Hong_Kong,1,5.84,8.02,0
2024-03-31,Hong_Kong,1,4.11,6.64,0
2024-04-01,Hong_Kong,1,1.05,19.36,0
2024-04-02,Hong_Kong,1,14.62,4.11,0
2024-04-03,Hong_Kong,1,17.42,0.44,0
2024-04-04,Hong_Kong,0,4.86,0.55,0
2024-04-05,Hong_Kong,0,3.18,1.72,0
2024-04-06,Hong_Kong,1,0.61,0.59,0
2024-04-07,Hong_Kong,1,8.74,6.06,0
2024-04-08,Hong_Kong,0,13.76,13.5,0
2024-04-09,Hong_Kong,1,5.09,39.85,0
2024-04-10,Hong_Kong,0,2.48,0.72,0
2024-04-11,Hong_Kong,1,0.89,11.02,0
2024-04-12,Hong_Kong,1,4.37,2.8,0
2024-04-13,Hong_Kong,1,2.48,3.95,0
2024-04-14,Hong_Kong,0,0.26,24.55,0
2024-04-15,Hong_Kong,0,1.0,3.07,0
2024-04-16,Hong_Kong,0,1.4,0.99,0
2024-04-17,Hong_Kong,0,4.43,2.9,0
2024-04-18,Hong_Kong,1,2.18,20.13,0
2024-04-19,Hong_Kong,1,2.18,29.62,0
2024-04-20,Hong_Kong,0,5.13,2.34,0
2024-04-21,Hong_Kong,1,9.53,36.86,0
2024-04-22,Hong_Kong,0,5.18,8.54,0
2024-04-23,Hong_Kong,1,17.56,8.37,0
2024-04-24,Hong_Kong,0,13.43,5.96,0
2024-04-25,Hong_Kong,1,6.31,22.78,0
2024-04-26,Hong_Kong,1,10.79,2.71,0
2024-04-27,Hong_Kong,1,13.46,1.89,0
2024-04-28,Hong_Kong,1,24.64,0.79,0
2024-04-29,Hong_Kong,1,3.19,6.36,0
2024-04-30,Hong_Kong,1,0.43,8.83,0
2024-05-01,Hong_Kong,1,2.87,0.46,0
2024-05-02,Hong_Kong,1,3.24,8.26,0
2024-05-03,Hong_Kong,1,2.86,19.28,0
2024-05-04,Hong_Kong,1,2.4,44.92,0
2024-05-05,Hong_Kong,1,0.75,1.73,0
2024-05-06,Hong_Kong,1,9.82,10.31,0
2024-05-07,Hong_Kong,1,0.04,8.89,0
2024-05-08,Hong_Kong,0,1.95,12.45,0
2024-05-09,Hong_Kong,0,0.03,1.18,0
2024-05-10,Hong_Kong,0,8.94,3.38,0
2024-05-11,Hong_Kong,1,8.14,26.04,0
2024-05-12,Hong_Kong,1,3.52,9.9,0
2024-05-13,Hong_Kong,1,1.26,4.11,0
2024-05-14,Hong_Kong,1,16.09,7.04,0
2024-05-15,Hong_Kong,1,3.42,23.67,0
2024-05-16,Hong_Kong,1,5.74,18.11,0
2024-05-17,Hong_Kong,1,17.17,21.38,0
2024-05-18,Hong_Kong,1,1.03,22.29,0
2024-05-19,Hong_Kong,1,8.81,66.47,0
2024-05-20,Hong_Kong,1,3.47,8.3,0
2024-05-21,Hong_Kong,1,26.46,10.74,0
2024-05-22,Hong_Kong,1,5.14,12.04,0
2024-05-23,Hong_Kong,1,2.39,4.6,0
2024-05-24,Hong_Kong,2,26.92,27.97,1
2024-05-25,Hong_Kong,1,7.82,9.68,0
2024-05-26,Hong_Kong,1,12.07,18.04,0
2024-05-27,Hong_Kong,1,29.91,12.46,0
2024-05-28,Hong_Kong,1,9.23,10.05,0
2024-05-29,Hong_Kong,1,16.09,16.63,0
2024-05-30,Hong_Kong,1,9.26,61.55,0
2024-05-31,Hong_Kong,2,15.84,14.31,0
2024-06-01,Hong_Kong,2,0.77,12.3,0
2024-06-02,Hong_Kong,2,8.45,7.8,0
2024-06-03,Hong_Kong,2,0.38,18.44,0
2024-06-04,Hong_Kong,2,6.24,4.56,0
2024-06-05,Hong_Kong,2,5.63,28.98,0
2024-06-06,Hong_Kong,1,25.92,5.78,0
2024-06-07,Hong_Kong,1,7.38,12.31,0
2024-06-08,Hong_Kong,1,14.06,11.24,0
2024-06-09,Hong_Kong,1,5.98,62.93,0
2024-06-10,Hong_Kong,2,54.29,1.38,0
2024-06-11,Hong_Kong,2,15.75,17.24,0
2024-06-12,Hong_Kong,1,1.08,3.92,0
2024-06-13,Hong_Kong,1,8.7,1.22,0
2024-06-14,Hong_Kong,2,42.69,7.56,0
2024-06-15,Hong_Kong,1,2.09,1.52,0
2024-06-16,Hong_Kong,1,9.35,3.16,0
2024-06-17,Hong_Kong,1,4.92,43.33,0
2024-06-18,Hong_Kong,1,1.94,87.62,0
2024-06-19,Hong_Kong,2,15.21,30.68,0
2024-06-20,Hong_Kong,2,6.12,7.51,0
2024-06-21,Hong_Kong,2,15.34,8.18,0
2024-06-22,Hong_Kong,2,3.23,54.12,0
2024-06-23,Hong_Kong,2,7.19,47.71,0
2024-06-24,Hong_Kong,1,13.22,27.29,0
2024-06-25,Hong_Kong,2,9.74,47.49,0
2024-06-26,Hong_Kong,2,6.73,11.21,0
2024-06-27,Hong_Kong,1,3.91,21.36,0
2024-06-28,Hong_Kong,1,3.14,10.7,0
2024-06-29,Hong_Kong,1,4.23,2.92,0
2024-06-30,Hong_Kong,1,0.02,0.53,0
2024-07-01,Hong_Kong,2,47.96,45.87,0
2024-07-02,Hong_Kong,2,9.46,5.93,0
2024-07-03,Hong_Kong,2,7.48,6.51,0
2024-07-04,Hong_Kong,1,18.03,1.74,0
2024-07-05,Hong_Kong,1,9.87,12.62,0
2024-07-06,Hong_Kong,1,12.02,15.78,0
2024-07-07,Hong_Kong,1,31.81,21.81,0
2024-07-08,Hong_Kong,2,6.36,15.41,0
2024-07-09,Hong_Kong,1,3.68,29.76,0
2024-07-10,Hong_Kong,2,4.6,14.45,0
2024-07-11,Hong_Kong,1,18.29,4.42,0
2024-07-12,Hong_Kong,1,6.14,4.23,0
2024-07-13,Hong_Kong,1,3.56,16.61,0
2024-07-14,Hong_Kong,1,0.78,27.26,0
2024-07-15,Hong_Kong,1,24.03,68.58,0
2024-07-16,Hong_Kong,1,3.34,31.3,0
2024-07-17,Hong_Kong,1,0.31,120.0,0
2024-07-18,Hong_Kong,1,1.38,17.24,0
2024-07-19,Hong_Kong,0,5.34,14.21,0
2024-07-20,Hong_Kong,1,9.22,15.52,0
2024-07-21,Hong_Kong,1,1.0,0.56,0
2024-07-22,Hong_Kong,1,9.79,29.61,0
2024-07-23,Hong_Kong,1,2.39,11.34,0
2024-07-24,Hong_Kong,1,2.91,48.01,0
2024-07-25,Hong_Kong,1,24.29,0.17,0
2024-07-26,Hong_Kong,1,8.46,37.76,0
2024-07-27,Hong_Kong,1,35.96,10.03,0
2024-07-28,Hong_Kong,1,5.79,8.66,0
2024-07-29,Hong_Kong,1,19.7,4.55,0
2024-07-30,Hong_Kong,1,3.49,41.12,0
2024-07-31,Hong_Kong,2,5.75,5.92,0
2024-08-01,Hong_Kong,1,1.77,56.23,0
2024-08-02,Hong_Kong,1,12.96,5.08,0
2024-08-03,Hong_Kong,1,6.08,19.22,0
2024-08-04,Hong_Kong,0,16.61,6.77,0
2024-08-05,Hong_Kong,1,3.77,13.47,0
2024-08-06,Hong_Kong,1,2.42,2.43,0
2024-08-07,Hong_Kong,1,4.08,12.05,0
2024-08-08,Hong_Kong,1,11.71,30.28,0
2024-08-09,Hong_Kong,1,15.75,2.14,0
2024-08-10,Hong_Kong,1,4.8,11.72,0
2024-08-11,Hong_Kong,1,7.05,12.85,0
2024-08-12,Hong_Kong,0,0.35,20.47,0
2024-08-13,Hong_Kong,0,2.25,6.01,0
2024-08-14,Hong_Kong,0,1.27,17.47,0
2024-08-15,Hong_Kong,0,17.22,0.56,0
2024-08-16,Hong_Kong,1,2.6,20.31,0
2024-08-17,Hong_Kong,0,25.78,4.86,0
2024-08-18,Hong_Kong,1,11.83,19.31,0
2024-08-19,Hong_Kong,1,3.59,9.58,0
2024-08-20,Hong_Kong,0,4.32,12.62,0
2024-08-21,Hong_Kong,0,0.6,5.07,0
2024-08-22,Hong_Kong,0,8.42,1.94,0
2024-08-23,Hong_Kong,0,3.13,9.55,0
2024-08-24,Hong_Kong,1,5.47,5.28,0
2024-08-25,Hong_Kong,0,3.33,1.1,0
2024-08-26,Hong_Kong,1,30.96,7.27,0
2024-08-27,Hong_Kong,1,12.44,5.06,0
2024-08-28,Hong_Kong,1,7.72,7.41,0
2024-08-29,Hong_Kong,1,3.66,4.99,0
2024-08-30,Hong_Kong,1,11.34,3.42,0
2024-08-31,Hong_Kong,1,3.92,13.23,0
2024-09-01,Hong_Kong,2,31.45,9.55,0
2024-09-02,Hong_Kong,1,2.8,13.15,0
2024-09-03,Hong_Kong,1,0.9,8.19,0
2024-09-04,Hong_Kong,1,10.8,18.12,0
2024-09-05,Hong_Kong,0,4.67,4.54,0
2024-09-06,Hong_Kong,0,1.28,4.16,0
2024-09-07,Hong_Kong,0,25.14,24.98,0
2024-09-08,Hong_Kong,1,3.2,51.05,0
2024-09-09,Hong_Kong,0,0.7,0.52,0
2024-09-10,Hong_Kong,1,9.97,4.61,0
2024-09-11,Hong_Kong,1,11.38,28.07,0
2024-09-12,Hong_Kong,0,5.7,45.66,0
2024-09-13,Hong_Kong,0,7.55,16.92,0
2024-09-14,Hong_Kong,1,14.14,15.78,0
2024-09-15,Hong_Kong,0,0.78,3.52,0
2024-09-16,Hong_Kong,1,7.91,19.82,0
2024-09-17,Hong_Kong,1,15.28,25.7,0
2024-09-18,Hong_Kong,1,6.26,19.28,0
2024-09-19,Hong_Kong,1,1.68,33.48,0
2024-09-20,Hong_Kong,1,2.62,20.92,0
2024-09-21,Hong_Kong,1,7.23,43.64,0
2024-09-22,Hong_Kong,1,10.17,59.41,0
2024-09-23,Hong_Kong,2,3.13,1.89,0
2024-09-24,Hong_Kong,1,0.25,5.66,0
2024-09-25,Hong_Kong,1,11.69,21.63,0
2024-09-26,Hong_Kong,0,4.11,0.09,0
2024-09-27,Hong_Kong,0,3.72,4.01,0
2024-09-28,Hong_Kong,1,29.95,5.17,0
2024-09-29,Hong_Kong,1,22.65,1.26,0
2024-09-30,Hong_Kong,1,2.04,28.83,0
2024-10-01,Hong_Kong,1,19.19,8.3,0
2024-10-02,Hong_Kong,1,10.02,2.83,0
2024-10-03,Hong_Kong,1,2.16,32.39,0
2024-10-04,Hong_Kong,0,2.76,1.6,0
2024-10-05,Hong_Kong,0,11.15,10.81,0
2024-10-06,Hong_Kong,0,7.23,1.37,0
2024-10-07,Hong_Kong,0,0.78,0.47,0
2024-10-08,Hong_Kong,0,20.24,3.53,0
2024-10-09,Hong_Kong,0,2.34,20.02,0
2024-10-10,Hong_Kong,0,2.69,12.13,0
2024-10-11,Hong_Kong,0,6.21,6.15,0
2024-10-12,Hong_Kong,1,13.2,54.46,0
2024-10-13,Hong_Kong,0,0.46,17.0,0
2024-10-14,Hong_Kong,0,2.03,4.41,0
2024-10-15,Hong_Kong,0,17.65,0.62,0
2024-10-16,Hong_Kong,0,20.69,0.28,0
2024-10-17,Hong_Kong,1,5.23,33.11,0
2024-10-18,Hong_Kong,1,3.12,40.63,0
2024-10-19,Hong_Kong,2,2.38,15.74,0
2024-10-20,Hong_Kong,1,11.46,15.93,0
2024-10-21,Hong_Kong,1,3.43,0.63,0
2024-10-22,Hong_Kong,1,14.17,19.49,0
2024-10-23,Hong_Kong,1,0.05,18.74,0
2024-10-24,Hong_Kong,1,12.47,13.19,0
2024-10-25,Hong_Kong,1,5.74,30.6,0
2024-10-26,Hong_Kong,1,10.73,37.96,0
2024-10-27,Hong_Kong,0,2.79,17.1,0
2024-10-28,Hong_Kong,0,8.17,14.59,0
2024-10-29,Hong_Kong,0,2.39,2.19,0
2024-10-30,Hong_Kong,0,4.49,21.13,0
2024-10-31,Hong_Kong,1,1.38,2.15,0
2024-11-01,Hong_Kong,0,10.1,0.45,0
2024-11-02,Hong_Kong,1,18.14,9.53,0
2024-11-03,Hong_Kong,0,1.1,21.71,0
2024-11-04,Hong_Kong,0,7.26,6.95,0
2024-11-05,Hong_Kong,0,1.05,3.21,0
2024-11-06,Hong_Kong,0,1.64,6.76,0
2024-11-07,Hong_Kong,0,2.14,0.6,0
2024-11-08,Hong_Kong,0,4.05,8.75,0
2024-11-09,Hong_Kong,0,3.95,5.98,0
2024-11-10,Hong_Kong,0,6.09,8.91,0
2024-11-11,Hong_Kong,0,3.04,0.38,0
2024-11-12,Hong_Kong,0,19.7,29.2,0
2024-11-13,Hong_Kong,0,16.04,5.34,0
2024-11-14,Hong_Kong,0,4.42,4.25,0
2024-11-15,Hong_Kong,1,3.04,2.58,0
2024-11-16,Hong_Kong,0,0.41,4.53,0
2024-11-17,Hong_Kong,0,0.63,19.3,0
2024-11-18,Hong_Kong,0,4.93,21.49,0
2024-11-19,Hong_Kong,0,1.55,8.88,0
2024-11-20,Hong_Kong,0,16.05,2.94,0
2024-11-21,Hong_Kong,0,3.31,13.69,0
2024-11-22,Hong_Kong,0,6.73,2.37,0
2024-11-23,Hong_Kong,1,0.8,11.37,0
2024-11-24,Hong_Kong,0,5.34,16.67,0
2024-11-25,Hong_Kong,0,0.75,12.1,0
2024-11-26,Hong_Kong,0,2.9,4.45,0
2024-11-27,Hong_Kong,0,0.7,8.6,0
2024-11-28,Hong_Kong,0,1.01,34.68,0
2024-11-29,Hong_Kong,0,8.53,17.32,0
2024-11-30,Hong_Kong,0,5.06,3.51,0
2024-12-01,Hong_Kong,0,0.79,6.95,0
2024-12-02,Hong_Kong,0,0.78,6.95,0
2024-12-03,Hong_Kong,0,2.4,0.44,0
2024-12-04,Hong_Kong,0,10.26,3.84,0
2024-12-05,Hong_Kong,0,1.59,2.59,0
2024-12-06,Hong_Kong,0,0.13,4.98,0
2024-12-07,Hong_Kong,0,2.57,5.72,0
2024-12-08,Hong_Kong,0,1.58,2.81,0
2024-12-09,Hong_Kong,0,0.43,10.65,0
2024-12-10,Hong_Kong,0,0.37,2.04,0
2024-12-11,Hong_Kong,0,15.55,11.88,0
2024-12-12,Hong_Kong,0,1.8,5.29,0
2024-12-13,Hong_Kong,0,4.95,2.96,0
2024-12-14,Hong_Kong,0,10.33,5.29,0
2024-12-15,Hong_Kong,0,1.8,8.46,0
2024-12-16,Hong_Kong,0,1.18,1.47,0
2024-12-17,Hong_Kong,0,7.34,2.4,0
2024-12-18,Hong_Kong,1,4.41,12.81,0
2024-12-19,Hong_Kong,0,36.7,4.09,0
2024-12-20,Hong_Kong,0,0.22,8.66,0
2024-12-21,Hong_Kong,1,2.62,27.72,0
2024-12-22,Hong_Kong,0,3.65,0.58,0
2024-12-23,Hong_Kong,0,0.34,7.73,0
2024-12-24,Hong_Kong,0,0.37,19.69,0
2024-12-25,Hong_Kong,0,1.01,3.16,0
2024-12-26,Hong_Kong,0,1.32,11.35,0
2024-12-27,Hong_Kong,1,12.13,9.53,0
2024-12-28,Hong_Kong,0,0.18,2.09,0
2024-12-29,Hong_Kong,1,2.8,17.67,0
2024-12-30,Hong_Kong,0,0.53,19.05,0
2024-12-31,Hong_Kong,1,11.57,4.48,0
2025-01-01,Hong_Kong,0,3.92,0.3,0
2025-01-02,Hong_Kong,0,0.51,2.08,0
2025-01-03,Hong_Kong,0,7.24,18.36,0
2025-01-04,Hong_Kong,0,0.31,4.32,0
2025-01-05,Hong_Kong,0,3.53,6.19,0
2025-01-06,Hong_Kong,0,7.19,4.81,0
2025-01-07,Hong_Kong,0,4.2,22.07,0
2025-01-08,Hong_Kong,0,8.87,12.14,0
2025-01-09,Hong_Kong,0,1.69,2.65,0
2025-01-10,Hong_Kong,0,3.0,12.86,0
2025-01-11,Hong_Kong,0,0.88,0.85,0
2025-01-12,Hong_Kong,0,6.3,9.19,0
2025-01-13,Hong_Kong,0,6.67,3.19,0
2025-01-14,Hong_Kong,0,1.38,4.45,0
2025-01-15,Hong_Kong,0,7.74,2.29,0
2025-01-16,Hong_Kong,0,1.73,5.82,0
2025-01-17,Hong_Kong,0,0.19,2.2,0
2025-01-18,Hong_Kong,0,17.63,0.2,0
2025-01-19,Hong_Kong,0,6.85,21.6,0
2025-01-20,Hong_Kong,0,22.94,15.81,0
2025-01-21,Hong_Kong,0,4.88,6.2,0
2025-01-22,Hong_Kong,0,7.69,1.58,0
2025-01-23,Hong_Kong,0,6.64,3.95,0
2025-01-24,Hong_Kong,0,7.77,14.28,0
2025-01-25,Hong_Kong,0,1.15,4.96,0
2025-01-26,Hong_Kong,0,4.56,15.67,0
2025-01-27,Hong_Kong,0,2.12,4.15,0
2025-01-28,Hong_Kong,0,9.19,6.93,0
2025-01-29,Hong_Kong,0,0.99,15.34,0
2025-01-30,Hong_Kong,0,0.6,6.15,0
2025-01-31,Hong_Kong,0,0.66,4.26,0
2025-02-01,Hong_Kong,0,2.17,6.5,0
2025-02-02,Hong_Kong,0,16.45,23.26,0
2025-02-03,Hong_Kong,0,2.11,20.9,0
2025-02-04,Hong_Kong,0,0.32,1.76,0
2025-02-05,Hong_Kong,0,7.68,5.62,0
2025-02-06,Hong_Kong,0,2.81,13.49,0
2025-02-07,Hong_Kong,0,7.1,0.15,0
2025-02-08,Hong_Kong,0,0.15,3.27,0
2025-02-09,Hong_Kong,0,1.32,0.51,0
2025-02-10,Hong_Kong,0,5.52,26.4,0
2025-02-11,Hong_Kong,1,0.72,29.18,0
2025-02-12,Hong_Kong,1,10.8,1.75,0
2025-02-13,Hong_Kong,1,4.04,7.32,0
2025-02-14,Hong_Kong,0,4.33,11.97,0
2025-02-15,Hong_Kong,0,4.57,2.98,0
2025-02-16,Hong_Kong,0,4.95,10.61,0
2025-02-17,Hong_Kong,0,10.82,3.57,0
2025-02-18,Hong_Kong,1,0.69,26.52,0
2025-02-19,Hong_Kong,1,17.18,3.23,0
2025-02-20,Hong_Kong,1,0.17,14.87,0
2025-02-21,Hong_Kong,1,5.49,12.37,0
2025-02-22,Hong_Kong,0,1.54,1.91,0
2025-02-23,Hong_Kong,1,2.36,20.8,0
2025-02-24,Hong_Kong,0,2.43,2.98,0
2025-02-25,Hong_Kong,0,2.87,1.66,0
2025-02-26,Hong_Kong,1,15.92,27.6,0
2025-02-27,Hong_Kong,0,12.47,2.53,0
2025-02-28,Hong_Kong,0,15.71,30.57,0
2025-03-01,Hong_Kong,1,27.34,17.32,0
2025-03-02,Hong_Kong,1,14.48,72.24,0
2025-03-03,Hong_Kong,0,1.93,12.13,0
2025-03-04,Hong_Kong,0,0.61,0.36,0
2025-03-05,Hong_Kong,0,15.04,17.92,0
2025-03-06,Hong_Kong,0,3.16,40.9,0
2025-03-07,Hong_Kong,0,14.68,6.63,0
2025-03-08,Hong_Kong,0,0.02,13.93,0
2025-03-09,Hong_Kong,0,5.97,8.94,0
2025-03-10,Hong_Kong,0,0.54,1.36,0
2025-03-11,Hong_Kong,0,0.94,2.01,0
2025-03-12,Hong_Kong,1,3.99,1.29,0
2025-03-13,Hong_Kong,1,0.8,25.43,0
2025-03-14,Hong_Kong,0,2.82,10.28,0
2025-03-15,Hong_Kong,0,3.79,0.05,0
2025-03-16,Hong_Kong,0,8.89,12.97,0
2025-03-17,Hong_Kong,1,3.17,2.07,0
2025-03-18,Hong_Kong,0,7.64,21.95,0
2025-03-19,Hong_Kong,1,10.13,49.41,0
2025-03-20,Hong_Kong,1,23.14,0.24,0
2025-03-21,Hong_Kong,1,0.34,13.76,0
2025-03-22,Hong_Kong,0,10.6,7.42,0
2025-03-23,Hong_Kong,0,13.35,3.57,0
2025-03-24,Hong_Kong,0,10.84,37.48,0
2025-03-25,Hong_Kong,0,4.72,5.35,0
2025-03-26,Hong_Kong,0,3.45,0.96,0
2025-03-27,Hong_Kong,1,2.58,27.67,0
2025-03-28,Hong_Kong,1,11.69,12.17,0
2025-03-29,Hong_Kong,1,2.74,15.2,0
2025-03-30,Hong_Kong,1,0.37,8.78,0
2025-03-31,Hong_Kong,1,10.35,11.82,0
2025-04-01,Hong_Kong,0,9.7,5.52,0
2025-04-02,Hong_Kong,0,6.62,6.3,0
2025-04-03,Hong_Kong,0,15.11,1.11,0
2025-04-04,Hong_Kong,0,0.23,7.82,0
2025-04-05,Hong_Kong,0,3.56,4.5,0
2025-04-06,Hong_Kong,1,1.5,0.11,0
2025-04-07,Hong_Kong,1,9.24,11.31,0
2025-04-08,Hong_Kong,1,11.6,5.32,0
2025-04-09,Hong_Kong,1,1.4,34.74,0
2025-04-10,Hong_Kong,0,4.9,2.3,0
2025-04-11,Hong_Kong,0,2.78,12.57,0
2025-04-12,Hong_Kong,0,1.11,4.72,0
2025-04-13,Hong_Kong,0,2.14,0.01,0
2025-04-14,Hong_Kong,0,1.34,6.32,0
2025-04-15,Hong_Kong,0,3.55,7.11,0
2025-04-16,Hong_Kong,0,3.45,8.11,0
2025-04-17,Hong_Kong,0,8.18,16.08,0
2025-04-18,Hong_Kong,1,0.08,16.03,0
2025-04-19,Hong_Kong,0,5.92,1.39,0
2025-04-20,Hong_Kong,0,6.4,15.0,0
2025-04-21,Hong_Kong,0,4.26,18.2,0
2025-04-22,Hong_Kong,0,7.45,11.69,0
2025-04-23,Hong_Kong,1,0.18,77.57,0
2025-04-24,Hong_Kong,1,0.3,48.03,0
2025-04-25,Hong_Kong,1,9.8,36.19,0
2025-04-26,Hong_Kong,1,8.17,38.19,0
2025-04-27,Hong_Kong,1,16.2,21.53,0
2025-04-28,Hong_Kong,0,2.94,16.52,0
2025-04-29,Hong_Kong,0,3.79,2.81,0
2025-04-30,Hong_Kong,1,14.37,8.17,0
2025-05-01,Hong_Kong,1,8.42,2.23,0
2025-05-02,Hong_Kong,1,8.34,2.15,0
2025-05-03,Hong_Kong,1,7.15,5.06,0
2025-05-04,Hong_Kong,1,25.96,9.5,0
2025-05-05,Hong_Kong,1,8.46,2.54,0
2025-05-06,Hong_Kong,1,1.19,0.96,0
2025-05-07,Hong_Kong,1,2.19,19.52,0
2025-05-08,Hong_Kong,1,1.03,7.04,0
2025-05-09,Hong_Kong,2,9.06,39.54,0
2025-05-10,Hong_Kong,2,0.57,16.88,1
2025-05-11,Hong_Kong,2,8.19,16.15,0
2025-05-12,Hong_Kong,1,12.01,1.64,0
2025-05-13,Hong_Kong,2,4.76,4.4,0
2025-05-14,Hong_Kong,1,2.97,5.56,0
2025-05-15,Hong_Kong,2,0.07,13.51,0
2025-05-16,Hong_Kong,2,4.68,22.7,0
2025-05-17,Hong_Kong,2,2.38,45.59,0
2025-05-18,Hong_Kong,1,26.22,6.14,0
2025-05-19,Hong_Kong,1,17.6,6.86,0
2025-05-20,Hong_Kong,1,0.24,7.44,0
2025-05-21,Hong_Kong,2,21.84,44.28,0
2025-05-22,Hong_Kong,1,0.82,42.29,0
2025-05-23,Hong_Kong,1,3.35,49.07,0
2025-05-24,Hong_Kong,1,7.86,11.25,0
2025-05-25,Hong_Kong,1,5.4,3.73,0
2025-05-26,Hong_Kong,1,5.19,9.79,0
2025-05-27,Hong_Kong,2,16.91,13.1,0
2025-05-28,Hong_Kong,1,0.16,2.27,0
2025-05-29,Hong_Kong,1,17.59,18.05,0
2025-05-30,Hong_Kong,1,10.34,18.84,0
2025-05-31,Hong_Kong,1,27.46,9.03,0
2025-06-01,Hong_Kong,1,1.85,12.29,0
2025-06-02,Hong_Kong,1,5.12,6.42,0
2025-06-03,Hong_Kong,0,2.07,10.31,0
2025-06-04,Hong_Kong,1,5.47,1.48,0
2025-06-05,Hong_Kong,1,5.92,13.14,0
2025-06-06,Hong_Kong,1,6.11,1.77,0
2025-06-07,Hong_Kong,1,1.2,0.12,0
2025-06-08,Hong_Kong,1,18.41,9.44,0
2025-06-09,Hong_Kong,1,10.44,34.7,0
2025-06-10,Hong_Kong,1,15.83,8.92,0
2025-06-11,Hong_Kong,1,0.46,22.51,0
2025-06-12,Hong_Kong,2,5.86,6.44,0
2025-06-13,Hong_Kong,1,2.95,41.78,0
2025-06-14,Hong_Kong,1,13.54,4.96,0
2025-06-15,Hong_Kong,0,1.51,14.83,0
2025-06-16,Hong_Kong,1,7.73,2.88,0
2025-06-17,Hong_Kong,1,6.39,88.33,0
2025-06-18,Hong_Kong,1,5.52,25.22,0
2025-06-19,Hong_Kong,1,6.39,63.44,0
2025-06-20,Hong_Kong,1,7.37,31.99,0
2025-06-21,Hong_Kong,1,10.44,11.31,0
2025-06-22,Hong_Kong,1,1.76,25.65,0
2025-06-23,Hong_Kong,1,13.53,11.05,0
2025-06-24,Hong_Kong,1,1.75,16.01,0
2025-06-25,Hong_Kong,1,1.3,2.5,0
2025-06-26,Hong_Kong,1,3.26,54.44,0
2025-06-27,Hong_Kong,1,6.36,22.18,0
2025-06-28,Hong_Kong,1,7.23,1.32,0
2025-06-29,Hong_Kong,1,12.91,26.14,0
2025-06-30,Hong_Kong,1,12.88,13.6,0
2025-07-01,Hong_Kong,1,7.8,16.37,0
2025-07-02,Hong_Kong,1,7.41,19.48,0
2025-07-03,Hong_Kong,1,1.93,3.56,0
2025-07-04,Hong_Kong,2,0.47,26.05,0
2025-07-05,Hong_Kong,1,4.7,32.21,0
2025-07-06,Hong_Kong,1,2.91,16.43,0
2025-07-07,Hong_Kong,2,1.85,6.56,0
2025-07-08,Hong_Kong,2,19.43,36.76,0
2025-07-09,Hong_Kong,1,4.8,35.76,0
2025-07-10,Hong_Kong,1,16.23,50.83,0
2025-07-11,Hong_Kong,1,14.27,70.86,0
2025-07-12,Hong_Kong,1,16.21,55.98,0
2025-07-13,Hong_Kong,1,17.92,22.02,0
2025-07-14,Hong_Kong,1,9.52,4.48,0
2025-07-15,Hong_Kong,2,2.97,33.29,0
2025-07-16,Hong_Kong,2,9.44,0.7,0
2025-07-17,Hong_Kong,1,2.05,30.45,0
2025-07-18,Hong_Kong,1,3.24,45.49,0
2025-07-19,Hong_Kong,1,2.74,0.03,0
2025-07-20,Hong_Kong,0,0.59,28.11,0
2025-07-21,Hong_Kong,1,21.52,7.85,0
2025-07-22,Hong_Kong,0,0.12,8.16,0
2025-07-23,Hong_Kong,1,4.13,0.42,0
2025-07-24,Hong_Kong,1,1.03,18.43,0
2025-07-25,Hong_Kong,1,9.47,1.75,0
2025-07-26,Hong_Kong,1,10.34,4.51,0
2025-07-27,Hong_Kong,2,5.03,48.43,1
2025-07-28,Hong_Kong,2,0.53,43.3,0
2025-07-29,Hong_Kong,2,18.48,30.93,0
2025-07-30,Hong_Kong,2,1.66,13.56,0
2025-07-31,Hong_Kong,2,13.14,36.35,1
2025-08-01,Hong_Kong,2,0.78,6.18,0
2025-08-02,Hong_Kong,2,0.64,26.96,0
2025-08-03,Hong_Kong,2,10.32,1.68,0
2025-08-04,Hong_Kong,2,7.53,22.48,0
2025-08-05,Hong_Kong,1,5.33,12.19,0
2025-08-06,Hong_Kong,1,5.41,1.75,0
2025-08-07,Hong_Kong,1,15.97,5.84,0
2025-08-08,Hong_Kong,1,0.64,23.25,0
2025-08-09,Hong_Kong,1,11.38,2.17,0
2025-08-10,Hong_Kong,1,1.95,24.29,0
2025-08-11,Hong_Kong,0,1.29,3.31,0
2025-08-12,Hong_Kong,0,0.49,2.4,0
2025-08-13,Hong_Kong,0,12.59,24.89,0
2025-08-14,Hong_Kong,0,9.96,3.92,0
2025-08-15,Hong_Kong,1,3.31,21.32,0
2025-08-16,Hong_Kong,1,7.46,6.3,0
2025-08-17,Hong_Kong,1,7.69,17.61,0
2025-08-18,Hong_Kong,2,9.08,33.4,0
2025-08-19,Hong_Kong,2,5.76,4.05,0
2025-08-20,Hong_Kong,2,4.62,4.26,0
2025-08-21,Hong_Kong,2,10.83,8.96,0
2025-08-22,Hong_Kong,2,12.99,12.72,0
2025-08-23,Hong_Kong,1,4.71,1.17,0
2025-08-24,Hong_Kong,1,2.61,10.82,0
2025-08-25,Hong_Kong,2,30.75,8.67,0
2025-08-26,Hong_Kong,1,0.98,7.97,0
2025-08-27,Hong_Kong,1,3.52,22.46,0
2025-08-28,Hong_Kong,1,2.45,87.12,0
2025-08-29,Hong_Kong,1,5.59,19.05,0
2025-08-30,Hong_Kong,1,4.32,16.42,0
2025-08-31,Hong_Kong,0,0.13,13.74,0
2025-09-01,Hong_Kong,1,4.83,31.93,0
2025-09-02,Hong_Kong,1,11.58,15.62,0
2025-09-03,Hong_Kong,1,23.25,20.06,0
2025-09-04,Hong_Kong,1,7.22,12.28,0
2025-09-05,Hong_Kong,0,1.01,6.62,0
2025-09-06,Hong_Kong,1,1.9,5.21,0
2025-09-07,Hong_Kong,0,9.02,5.0,0
2025-09-08,Hong_Kong,1,27.72,33.1,0
2025-09-09,Hong_Kong,1,5.97,13.81,0
2025-09-10,Hong_Kong,1,1.3,2.44,0
2025-09-11,Hong_Kong,1,6.45,10.66,0
2025-09-12,Hong_Kong,0,7.89,22.41,0
2025-09-13,Hong_Kong,0,1.73,2.71,0
2025-09-14,Hong_Kong,0,3.88,13.34,0
2025-09-15,Hong_Kong,0,0.49,34.96,0
2025-09-16,Hong_Kong,0,1.0,4.55,0
2025-09-17,Hong_Kong,1,0.82,10.8,0
2025-09-18,Hong_Kong,1,18.65,25.93,0
2025-09-19,Hong_Kong,0,7.03,2.38,0
2025-09-20,Hong_Kong,1,6.21,28.52,0
2025-09-21,Hong_Kong,1,7.61,6.97,0
2025-09-22,Hong_Kong,1,0.94,0.05,0
2025-09-23,Hong_Kong,1,0.59,61.57,0
2025-09-24,Hong_Kong,1,1.42,9.46,0
2025-09-25,Hong_Kong,1,1.05,12.1,0
2025-09-26,Hong_Kong,1,11.92,4.65,0
2025-09-27,Hong_Kong,1,0.61,6.66,0
2025-09-28,Hong_Kong,0,13.63,7.85,0
2025-09-29,Hong_Kong,1,25.34,48.67,0
2025-09-30,Hong_Kong,0,2.52,8.56,0
2025-10-01,Hong_Kong,0,18.64,1.44,0
2025-10-02,Hong_Kong,0,5.94,12.46,0
2025-10-03,Hong_Kong,0,3.72,17.53,0
2025-10-04,Hong_Kong,0,0.98,19.71,0
2025-10-05,Hong_Kong,0,2.91,13.13,0
2025-10-06,Hong_Kong,1,1.36,8.89,0
2025-10-07,Hong_Kong,1,11.28,9.94,0
2025-10-08,Hong_Kong,1,5.4,4.28,0
2025-10-09,Hong_Kong,0,9.63,3.75,0
2025-10-10,Hong_Kong,0,0.5,15.35,0
2025-10-11,Hong_Kong,0,10.85,13.86,0
2025-10-12,Hong_Kong,0,7.89,15.7,0
2025-10-13,Hong_Kong,0,0.72,12.88,0
2025-10-14,Hong_Kong,0,4.75,5.86,0
2025-10-15,Hong_Kong,0,23.64,2.22,0
2025-10-16,Hong_Kong,0,6.3,3.24,0
2025-10-17,Hong_Kong,0,1.23,1.04,0
2025-10-18,Hong_Kong,0,7.99,4.12,0
2025-10-19,Hong_Kong,1,5.49,34.95,0
2025-10-20,Hong_Kong,0,2.15,8.44,0
2025-10-21,Hong_Kong,1,2.7,1.47,0
2025-10-22,Hong_Kong,0,14.32,2.65,0
2025-10-23,Hong_Kong,0,0.49,2.88,0
2025-10-24,Hong_Kong,0,0.05,9.76,0
2025-10-25,Hong_Kong,0,27.77,10.39,0
2025-10-26,Hong_Kong,0,15.68,7.2,0
2025-10-27,Hong_Kong,1,7.92,54.53,0
2025-10-28,Hong_Kong,1,10.06,8.98,0
2025-10-29,Hong_Kong,0,2.42,14.05,0
2025-10-30,Hong_Kong,0,2.48,7.27,0
2025-10-31,Hong_Kong,0,20.73,5.14,0
2025-11-01,Hong_Kong,0,5.37,9.65,0
2025-11-02,Hong_Kong,0,0.25,2.8,0
2025-11-03,Hong_Kong,0,1.39,3.78,0
2025-11-04,Hong_Kong,0,11.13,15.92,0
2025-11-05,Hong_Kong,0,0.28,28.36,0
2025-11-06,Hong_Kong,0,1.22,14.87,0
2025-11-07,Hong_Kong,0,0.23,9.33,0
2025-11-08,Hong_Kong,0,1.73,4.8,0
2025-11-09,Hong_Kong,0,0.03,2.08,0
2025-11-10,Hong_Kong,0,4.49,3.32,0
2025-11-11,Hong_Kong,1,3.36,9.7,0
2025-11-12,Hong_Kong,0,8.86,20.42,0
2025-11-13,Hong_Kong,0,5.0,0.5,0
2025-11-14,Hong_Kong,1,10.85,11.72,0
2025-11-15,Hong_Kong,1,8.42,34.88,0
2025-11-16,Hong_Kong,1,11.14,44.42,0
2025-11-17,Hong_Kong,1,19.63,45.23,0
2025-11-18,Hong_Kong,0,13.47,2.16,0
2025-11-19,Hong_Kong,0,5.56,4.01,0
2025-11-20,Hong_Kong,0,1.82,21.86,0
2025-11-21,Hong_Kong,0,3.98,10.59,0
2025-11-22,Hong_Kong,0,9.6,2.41,0
2025-11-23,Hong_Kong,0,4.12,11.98,0
2025-11-24,Hong_Kong,0,0.55,6.52,0
2025-11-25,Hong_Kong,0,2.0,12.37,0
2025-11-26,Hong_Kong,0,2.5,11.56,0
2025-11-27,Hong_Kong,0,3.27,8.03,0
2025-11-28,Hong_Kong,0,11.25,2.55,0
2025-11-29,Hong_Kong,0,14.59,7.47,0
2025-11-30,Hong_Kong,0,1.9,7.23,0
2025-12-01,Hong_Kong,0,2.83,26.06,0
2025-12-02,Hong_Kong,0,2.03,3.47,0
2025-12-03,Hong_Kong,0,4.03,9.9,0
2025-12-04,Hong_Kong,0,4.7,9.32,0
2025-12-05,Hong_Kong,0,2.92,28.73,0
2025-12-06,Hong_Kong,0,1.99,1.7,0
2025-12-07,Hong_Kong,0,0.61,1.05,0
2025-12-08,Hong_Kong,0,0.19,14.65,0
2025-12-09,Hong_Kong,0,3.8,4.88,0
2025-12-10,Hong_Kong,0,0.49,0.18,0
2025-12-11,Hong_Kong,0,9.97,22.54,0
2025-12-12,Hong_Kong,0,0.37,34.16,0
2025-12-13,Hong_Kong,0,6.95,11.35,0
2025-12-14,Hong_Kong,1,4.3,28.9,0
2025-12-15,Hong_Kong,0,14.09,11.19,0
2025-12-16,Hong_Kong,0,9.26,9.48,0
2025-12-17,Hong_Kong,0,16.58,3.18,0
2025-12-18,Hong_Kong,0,5.01,1.61,0
2025-12-19,Hong_Kong,0,12.39,1.86,0
2025-12-20,Hong_Kong,0,0.31,4.92,0
2025-12-21,Hong_Kong,0,1.45,3.91,0
2025-12-22,Hong_Kong,0,4.72,3.34,0
2025-12-23,Hong_Kong,0,5.85,7.13,0
2025-12-24,Hong_Kong,0,6.27,14.06,0
2025-12-25,Hong_Kong,0,0.01,0.89,0
2025-12-26,Hong_Kong,0,1.11,7.81,0
2025-12-27,Hong_Kong,0,13.41,1.14,0
2025-12-28,Hong_Kong,0,2.81,16.99,0
2025-12-29,Hong_Kong,0,10.59,8.1,0
2025-12-30,Hong_Kong,0,1.66,30.64,0
2025-12-31,Hong_Kong,0,4.28,6.98,0
2023-01-01,New_York,0,1.33,10.15,0
2023-01-02,New_York,0,0.75,11.62,0
2023-01-03,New_York,0,10.41,31.67,0
2023-01-04,New_York,0,5.43,2.11,0
2023-01-05,New_York,0,2.08,35.07,0
2023-01-06,New_York,0,0.99,3.83,0
2023-01-07,New_York,0,0.89,3.81,0
2023-01-08,New_York,0,2.28,0.24,0
2023-01-09,New_York,0,2.8,6.43,0
2023-01-10,New_York,0,15.4,1.87,0
2023-01-11,New_York,0,9.2,11.57,0
2023-01-12,New_York,0,12.91,0.64,0
2023-01-13,New_York,0,4.44,21.55,0
2023-01-14,New_York,0,1.39,6.86,0
2023-01-15,New_York,0,12.24,1.19,0
2023-01-16,New_York,0,0.13,9.84,0
2023-01-17,New_York,0,4.3,2.75,0
2023-01-18,New_York,0,1.93,24.1,0
2023-01-19,New_York,0,6.86,4.65,0
2023-01-20,New_York,0,0.19,0.17,0
2023-01-21,New_York,0,0.15,21.63,0
2023-01-22,New_York,0,8.58,5.19,0
2023-01-23,New_York,0,6.14,6.98,0
2023-01-24,New_York,0,0.96,1.7,0
2023-01-25,New_York,0,3.9,14.33,0
2023-01-26,New_York,0,9.41,0.61,0
2023-01-27,New_York,0,11.54,12.82,0
2023-01-28,New_York,0,1.14,9.25,0
2023-01-29,New_York,0,0.3,0.58,0
2023-01-30,New_York,0,3.01,16.59,0
2023-01-31,New_York,0,0.5,14.24,0
2023-02-01,New_York,0,2.97,6.65,0
2023-02-02,New_York,0,4.52,11.29,0
2023-02-03,New_York,0,3.58,3.5,0
2023-02-04,New_York,0,0.59,22.96,0
2023-02-05,New_York,0,5.38,16.48,0
2023-02-06,New_York,0,6.5,1.1,0
2023-02-07,New_York,0,5.61,1.05,0
2023-02-08,New_York,0,1.1,15.61,0
2023-02-09,New_York,0,5.02,28.78,0
2023-02-10,New_York,0,1.7,3.92,0
2023-02-11,New_York,0,0.76,15.03,0
2023-02-12,New_York,1,41.23,2.79,0
2023-02-13,New_York,0,2.15,6.37,0
2023-02-14,New_York,1,7.02,15.9,0
2023-02-15,New_York,0,2.24,8.11,0
2023-02-16,New_York,0,17.15,4.42,0
2023-02-17,New_York,0,11.11,0.24,0
2023-02-18,New_York,0,6.61,2.14,0
2023-02-19,New_York,0,0.69,23.8,0
2023-02-20,New_York,0,3.02,2.44,0
2023-02-21,New_York,0,2.42,7.89,0
2023-02-22,New_York,0,5.72,6.25,0
2023-02-23,New_York,0,8.51,4.56,0
2023-02-24,New_York,1,1.93,0.12,0
2023-02-25,New_York,1,4.8,13.52,0
2023-02-26,New_York,1,2.09,51.19,0
2023-02-27,New_York,1,17.6,5.24,0
2023-02-28,New_York,0,7.63,6.44,0
2023-03-01,New_York,0,14.22,3.82,0
2023-03-02,New_York,0,5.68,0.74,0
2023-03-03,New_York,0,0.11,4.58,0
2023-03-04,New_York,0,1.48,17.28,0
2023-03-05,New_York,1,3.3,13.52,0
2023-03-06,New_York,0,2.65,1.69,0
2023-03-07,New_York,0,4.42,7.34,0
2023-03-08,New_York,0,5.25,7.11,0
2023-03-09,New_York,0,18.52,7.81,0
2023-03-10,New_York,0,4.15,19.21,0
2023-03-11,New_York,1,2.8,3.75,0
2023-03-12,New_York,1,0.81,48.77,0
2023-03-13,New_York,1,5.72,29.78,0
2023-03-14,New_York,0,3.27,2.22,0
2023-03-15,New_York,0,2.65,8.87,0
2023-03-16,New_York,0,8.88,7.36,0
2023-03-17,New_York,1,3.2,18.4,0
2023-03-18,New_York,0,0.09,15.39,0
2023-03-19,New_York,0,1.7,6.89,0
2023-03-20,New_York,0,9.28,16.55,0
2023-03-21,New_York,0,1.36,42.91,0
2023-03-22,New_York,0,5.35,7.08,0
2023-03-23,New_York,0,1.79,18.91,0
2023-03-24,New_York,0,7.06,8.21,0
2023-03-25,New_York,0,0.72,33.71,0
2023-03-26,New_York,0,8.51,0.42,0
2023-03-27,New_York,0,2.97,5.92,0
2023-03-28,New_York,0,13.37,23.76,0
2023-03-29,New_York,0,8.07,0.53,0
2023-03-30,New_York,0,3.16,19.57,0
2023-03-31,New_York,0,2.39,17.24,0
2023-04-01,New_York,0,1.69,19.49,0
2023-04-02,New_York,0,25.92,11.92,0
2023-04-03,New_York,0,0.58,1.92,0
2023-04-04,New_York,0,3.71,3.63,0
2023-04-05,New_York,0,12.36,15.41,0
2023-04-06,New_York,0,0.32,3.25,0
2023-04-07,New_York,0,6.22,15.5,0
2023-04-08,New_York,0,1.03,35.6,0
2023-04-09,New_York,0,0.22,4.63,0
2023-04-10,New_York,0,6.18,9.14,0
2023-04-11,New_York,1,8.77,3.95,0
2023-04-12,New_York,1,2.76,10.31,0
2023-04-13,New_York,0,2.16,6.13,0
2023-04-14,New_York,0,3.85,24.64,0
2023-04-15,New_York,0,14.21,19.06,0
2023-04-16,New_York,0,6.34,2.57,0
2023-04-17,New_York,0,4.12,10.32,0
2023-04-18,New_York,0,5.98,0.1,0
2023-04-19,New_York,1,8.55,15.11,0
2023-04-20,New_York,1,0.61,23.64,0
2023-04-21,New_York,1,17.97,19.94,0
2023-04-22,New_York,1,7.0,1.47,0
2023-04-23,New_York,1,2.26,6.11,0
2023-04-24,New_York,1,5.36,0.57,0
2023-04-25,New_York,1,2.9,36.35,0
2023-04-26,New_York,1,20.07,1.24,0
2023-04-27,New_York,1,11.17,12.5,0
2023-04-28,New_York,0,0.35,1.79,0
2023-04-29,New_York,1,3.94,26.2,0
2023-04-30,New_York,1,3.55,9.73,0
2023-05-01,New_York,0,9.84,3.34,0
2023-05-02,New_York,1,25.01,2.97,0
2023-05-03,New_York,1,4.53,17.55,0
2023-05-04,New_York,1,12.86,12.12,0
2023-05-05,New_York,1,9.15,7.96,0
2023-05-06,New_York,1,9.01,8.36,0
2023-05-07,New_York,0,2.38,2.47,0
2023-05-08,New_York,1,0.57,71.03,0
2023-05-09,New_York,1,0.56,7.34,0
2023-05-10,New_York,2,23.6,12.1,0
2023-05-11,New_York,1,1.47,12.96,0
2023-05-12,New_York,1,1.49,24.1,0
2023-05-13,New_York,1,7.74,38.27,0
2023-05-14,New_York,1,1.71,15.96,0
2023-05-15,New_York,1,16.34,20.69,0
2023-05-16,New_York,1,4.89,21.8,0
2023-05-17,New_York,1,1.18,29.42,0
2023-05-18,New_York,0,0.49,9.7,0
2023-05-19,New_York,1,23.27,10.85,0
2023-05-20,New_York,1,2.94,34.4,0
2023-05-21,New_York,1,3.56,20.85,0
2023-05-22,New_York,1,2.33,3.24,0
2023-05-23,New_York,1,0.85,3.26,0
2023-05-24,New_York,1,4.67,10.31,0
2023-05-25,New_York,2,1.55,18.78,0
2023-05-26,New_York,1,5.35,23.12,0
2023-05-27,New_York,1,9.71,25.77,0
2023-05-28,New_York,1,2.32,3.3,0
2023-05-29,New_York,1,5.37,2.9,0
2023-05-30,New_York,1,8.34,25.7,0
2023-05-31,New_York,1,8.06,10.44,0
2023-06-01,New_York,1,9.16,17.01,0
2023-06-02,New_York,2,3.38,54.32,0
2023-06-03,New_York,2,12.53,11.74,1
2023-06-04,New_York,1,4.87,38.13,0
2023-06-05,New_York,2,5.82,49.7,0
2023-06-06,New_York,1,28.2,1.78,0
2023-06-07,New_York,1,14.87,10.42,0
2023-06-08,New_York,1,8.89,8.58,0
2023-06-09,New_York,1,1.35,69.06,0
2023-06-10,New_York,1,0.77,5.87,0
2023-06-11,New_York,0,1.17,16.95,0
2023-06-12,New_York,1,21.84,54.85,0
2023-06-13,New_York,1,1.02,21.85,0
2023-06-14,New_York,1,6.48,11.45,0
2023-06-15,New_York,1,8.96,10.23,0
2023-06-16,New_York,1,4.98,4.32,0
2023-06-17,New_York,1,16.04,7.39,0
2023-06-18,New_York,1,0.7,0.06,0
2023-06-19,New_York,1,2.49,12.2,0
2023-06-20,New_York,1,6.81,4.27,0
2023-06-21,New_York,1,10.76,12.88,0
2023-06-22,New_York,1,6.19,25.26,0
2023-06-23,New_York,1,12.22,6.35,0
2023-06-24,New_York,1,8.24,8.96,0
2023-06-25,New_York,1,9.29,24.34,0
2023-06-26,New_York,1,1.48,37.01,0
2023-06-27,New_York,1,28.04,49.84,0
2023-06-28,New_York,2,7.3,3.98,1
2023-06-29,New_York,2,0.12,26.34,1
2023-06-30,New_York,1,12.12,19.48,0
2023-07-01,New_York,2,2.72,5.61,0
2023-07-02,New_York,1,0.7,12.73,0
2023-07-03,New_York,1,4.76,9.89,0
2023-07-04,New_York,1,1.91,1.72,0
2023-07-05,New_York,1,7.73,7.75,0
2023-07-06,New_York,2,3.27,0.08,0
2023-07-07,New_York,2,0.34,6.01,0
2023-07-08,New_York,2,42.62,58.99,0
2023-07-09,New_York,1,1.16,3.45,0
2023-07-10,New_York,1,9.88,22.97,0
2023-07-11,New_York,2,11.5,33.46,1
2023-07-12,New_York,1,24.37,96.16,0
2023-07-13,New_York,1,8.95,12.88,0
2023-07-14,New_York,1,1.85,10.26,0
2023-07-15,New_York,2,17.95,78.14,0
2023-07-16,New_York,1,32.66,21.56,0
2023-07-17,New_York,1,0.98,9.0,0
2023-07-18,New_York,1,3.28,6.73,0
2023-07-19,New_York,1,1.82,45.11,0
2023-07-20,New_York,1,13.55,56.8,0
2023-07-21,New_York,0,9.04,9.36,0
2023-07-22,New_York,1,2.46,1.24,0
2023-07-23,New_York,1,2.22,30.32,0
2023-07-24,New_York,2,2.56,25.29,0
2023-07-25,New_York,2,1.25,51.77,0
2023-07-26,New_York,1,1.17,3.02,0
2023-07-27,New_York,1,4.48,33.54,0
2023-07-28,New_York,1,1.4,1.87,0
2023-07-29,New_York,1,7.87,3.97,0
2023-07-30,New_York,1,21.11,10.91,0
2023-07-31,New_York,2,1.09,17.78,1
2023-08-01,New_York,1,5.96,35.37,0
2023-08-02,New_York,1,5.93,1.99,0
2023-08-03,New_York,1,9.31,10.9,0
2023-08-04,New_York,1,2.1,4.86,0
2023-08-05,New_York,1,2.0,9.34,0
2023-08-06,New_York,0,7.49,15.32,0
2023-08-07,New_York,1,0.55,16.62,0
2023-08-08,New_York,1,9.63,49.03,0
2023-08-09,New_York,1,6.95,12.14,0
2023-08-10,New_York,1,9.66,27.7,0
2023-08-11,New_York,1,2.36,24.61,0
2023-08-12,New_York,1,8.42,16.9,0
2023-08-13,New_York,1,10.64,7.37,0
2023-08-14,New_York,1,3.7,26.9,0
2023-08-15,New_York,2,6.76,2.27,1
2023-08-16,New_York,2,18.16,3.99,0
2023-08-17,New_York,1,6.52,14.64,0
2023-08-18,New_York,0,0.38,17.04,0
2023-08-19,New_York,1,18.58,2.69,0
2023-08-20,New_York,1,1.96,26.34,0
2023-08-21,New_York,1,11.71,13.43,0
2023-08-22,New_York,1,8.19,41.25,0
2023-08-23,New_York,1,16.44,0.89,0
2023-08-24,New_York,1,5.98,0.36,0
2023-08-25,New_York,2,8.09,8.32,1
2023-08-26,New_York,2,4.93,22.11,1
2023-08-27,New_York,2,6.29,0.24,0
2023-08-28,New_York,2,29.25,30.03,0
2023-08-29,New_York,1,11.03,5.72,0
2023-08-30,New_York,1,12.03,7.99,0
2023-08-31,New_York,0,0.46,15.7,0
2023-09-01,New_York,1,2.81,2.84,0
2023-09-02,New_York,1,5.21,8.77,0
2023-09-03,New_York,1,3.09,24.89,0
2023-09-04,New_York,1,2.7,2.41,0
2023-09-05,New_York,1,22.87,0.2,0
2023-09-06,New_York,1,6.03,5.2,0
2023-09-07,New_York,1,1.14,7.29,0
2023-09-08,New_York,1,2.13,55.57,0
2023-09-09,New_York,1,0.61,22.87,0
2023-09-10,New_York,1,3.97,27.87,0
2023-09-11,New_York,1,20.43,13.91,0
2023-09-12,New_York,0,4.66,10.2,0
2023-09-13,New_York,1,3.32,5.49,0
2023-09-14,New_York,0,4.07,2.63,0
2023-09-15,New_York,1,9.2,10.97,0
2023-09-16,New_York,1,4.28,7.31,0
2023-09-17,New_York,1,5.72,18.43,0
2023-09-18,New_York,1,18.33,7.8,0
2023-09-19,New_York,1,16.01,1.29,0
2023-09-20,New_York,1,10.71,19.71,0
2023-09-21,New_York,1,2.1,8.97,0
2023-09-22,New_York,1,0.29,12.39,0
2023-09-23,New_York,1,1.23,39.72,0
2023-09-24,New_York,1,0.09,24.47,0
2023-09-25,New_York,1,1.88,7.28,0
2023-09-26,New_York,0,1.71,17.35,0
2023-09-27,New_York,1,0.96,12.17,0
2023-09-28,New_York,1,3.39,0.18,0
2023-09-29,New_York,1,3.28,10.01,0
2023-09-30,New_York,0,3.6,11.75,0
2023-10-01,New_York,0,7.01,8.03,0
2023-10-02,New_York,0,12.12,2.75,0
2023-10-03,New_York,0,1.59,27.95,0
2023-10-04,New_York,0,16.89,9.95,0
2023-10-05,New_York,1,11.73,70.27,0
2023-10-06,New_York,1,34.63,7.93,0
2023-10-07,New_York,1,9.85,72.31,0
2023-10-08,New_York,1,3.09,34.09,0
2023-10-09,New_York,1,5.96,6.77,0
2023-10-10,New_York,0,3.18,11.28,0
2023-10-11,New_York,0,7.64,9.58,0
2023-10-12,New_York,1,4.73,6.27,0
2023-10-13,New_York,1,3.56,6.64,0
2023-10-14,New_York,1,11.31,5.66,0
2023-10-15,New_York,1,1.54,8.81,0
2023-10-16,New_York,1,2.64,20.02,0
2023-10-17,New_York,1,5.91,2.63,0
2023-10-18,New_York,1,14.36,14.49,0
2023-10-19,New_York,0,2.39,4.57,0
2023-10-20,New_York,1,15.13,7.68,0
2023-10-21,New_York,1,1.1,32.47,0
2023-10-22,New_York,1,17.12,39.04,0
2023-10-23,New_York,1,2.69,2.11,0
2023-10-24,New_York,1,5.32,13.17,0
2023-10-25,New_York,0,8.54,12.01,0
2023-10-26,New_York,0,1.84,0.71,0
2023-10-27,New_York,1,9.96,24.72,0
2023-10-28,New_York,1,8.23,2.76,0
2023-10-29,New_York,1,3.8,1.91,0
2023-10-30,New_York,0,0.94,18.27,0
2023-10-31,New_York,1,1.03,16.37,0
2023-11-01,New_York,1,2.49,58.23,0
2023-11-02,New_York,1,8.87,3.0,0
2023-11-03,New_York,0,8.06,4.61,0
2023-11-04,New_York,0,2.33,20.48,0
2023-11-05,New_York,0,9.06,2.08,0
2023-11-06,New_York,0,10.9,2.9,0
2023-11-07,New_York,0,3.25,4.94,0
2023-11-08,New_York,0,5.92,24.23,0
2023-11-09,New_York,0,5.17,5.55,0
2023-11-10,New_York,1,34.82,2.38,0
2023-11-11,New_York,1,1.51,5.34,0
2023-11-12,New_York,0,1.62,10.51,0
2023-11-13,New_York,0,1.74,2.11,0
2023-11-14,New_York,1,5.67,8.12,0
2023-11-15,New_York,0,0.74,2.76,0
2023-11-16,New_York,0,2.4,25.47,0
2023-11-17,New_York,0,12.69,0.31,0
2023-11-18,New_York,0,4.89,11.26,0
2023-11-19,New_York,0,0.08,0.79,0
2023-11-20,New_York,0,2.0,19.96,0
2023-11-21,New_York,0,11.31,7.61,0
2023-11-22,New_York,0,4.31,0.23,0
2023-11-23,New_York,0,0.5,8.06,0
2023-11-24,New_York,0,9.96,25.26,0
2023-11-25,New_York,0,0.29,43.93,0
2023-11-26,New_York,0,2.67,3.89,0
2023-11-27,New_York,0,7.19,0.61,0
2023-11-28,New_York,0,5.69,29.63,0
2023-11-29,New_York,0,0.87,2.74,0
2023-11-30,New_York,0,7.78,20.26,0
2023-12-01,New_York,0,6.73,4.21,0
2023-12-02,New_York,0,4.46,2.09,0
2023-12-03,New_York,0,12.51,24.37,0
2023-12-04,New_York,0,0.11,2.55,0
2023-12-05,New_York,0,4.48,6.07,0
2023-12-06,New_York,0,7.0,14.58,0
2023-12-07,New_York,0,0.96,16.1,0
2023-12-08,New_York,1,1.03,14.35,0
2023-12-09,New_York,1,6.74,25.19,0
2023-12-10,New_York,1,1.39,6.06,0
2023-12-11,New_York,1,12.48,2.36,0
2023-12-12,New_York,1,1.16,0.59,0
2023-12-13,New_York,1,15.4,33.89,0
2023-12-14,New_York,1,1.17,22.79,0
2023-12-15,New_York,0,1.64,2.07,0
2023-12-16,New_York,1,22.11,1.38,0
2023-12-17,New_York,0,7.13,5.54,0
2023-12-18,New_York,0,6.99,11.06,0
2023-12-19,New_York,0,1.41,0.9,0
2023-12-20,New_York,0,5.2,5.97,0
2023-12-21,New_York,0,2.59,18.07,0
2023-12-22,New_York,0,5.62,10.13,0
2023-12-23,New_York,0,2.51,2.36,0
2023-12-24,New_York,0,4.46,2.21,0
2023-12-25,New_York,0,12.6,4.07,0
2023-12-26,New_York,0,0.97,3.17,0
2023-12-27,New_York,0,23.97,5.73,0
2023-12-28,New_York,0,9.82,11.63,0
2023-12-29,New_York,0,0.99,3.72,0
2023-12-30,New_York,0,5.18,2.51,0
2023-12-31,New_York,0,0.66,2.74,0
2024-01-01,New_York,0,46.95,12.64,0
2024-01-02,New_York,0,1.95,7.76,0
2024-01-03,New_York,0,1.5,2.19,0
2024-01-04,New_York,0,2.92,9.56,0
2024-01-05,New_York,0,6.25,1.16,0
2024-01-06,New_York,0,5.58,14.88,0
2024-01-07,New_York,0,0.19,5.2,0
2024-01-08,New_York,0,5.97,4.18,0
2024-01-09,New_York,0,2.56,1.28,0
2024-01-10,New_York,0,10.32,20.07,0
2024-01-11,New_York,1,4.14,1.31,0
2024-01-12,New_York,0,0.42,9.98,0
2024-01-13,New_York,0,2.47,2.62,0
2024-01-14,New_York,0,2.4,11.01,0
2024-01-15,New_York,0,8.18,2.91,0
2024-01-16,New_York,0,2.86,16.67,0
2024-01-17,New_York,0,8.63,2.5,0
2024-01-18,New_York,0,1.46,1.22,0
2024-01-19,New_York,0,0.49,1.54,0
2024-01-20,New_York,0,4.72,1.8,0
2024-01-21,New_York,0,3.1,6.92,0
2024-01-22,New_York,0,1.95,20.02,0
2024-01-23,New_York,0,0.9,0.17,0
2024-01-24,New_York,0,1.66,19.79,0
2024-01-25,New_York,0,12.63,16.49,0
2024-01-26,New_York,0,14.55,5.39,0
2024-01-27,New_York,0,5.44,17.85,0
2024-01-28,New_York,0,0.67,13.92,0
2024-01-29,New_York,1,3.69,19.68,0
2024-01-30,New_York,0,2.47,17.68,0
2024-01-31,New_York,1,16.35,7.97,0
2024-02-01,New_York,0,8.37,4.18,0
2024-02-02,New_York,0,3.59,0.84,0
2024-02-03,New_York,0,6.35,4.47,0
2024-02-04,New_York,0,0.52,5.13,0
2024-02-05,New_York,0,0.2,3.95,0
2024-02-06,New_York,0,2.94,1.31,0
2024-02-07,New_York,0,0.95,7.23,0
2024-02-08,New_York,0,12.93,57.32,0
2024-02-09,New_York,0,1.73,2.58,0
2024-02-10,New_York,0,0.27,11.64,0
2024-02-11,New_York,0,7.42,5.28,0
2024-02-12,New_York,0,1.44,6.15,0
2024-02-13,New_York,0,1.38,0.36,0
2024-02-14,New_York,0,1.75,3.87,0
2024-02-15,New_York,0,0.65,34.89,0
2024-02-16,New_York,0,1.63,7.99,0
2024-02-17,New_York,0,7.96,1.81,0
2024-02-18,New_York,0,3.96,16.36,0
2024-02-19,New_York,0,0.28,7.75,0
2024-02-20,New_York,0,4.53,18.95,0
2024-02-21,New_York,0,0.06,1.14,0
2024-02-22,New_York,0,4.08,23.37,0
2024-02-23,New_York,0,3.22,29.0,0
2024-02-24,New_York,0,0.22,8.32,0
2024-02-25,New_York,0,5.06,4.71,0
2024-02-26,New_York,0,3.68,16.01,0
2024-02-27,New_York,1,1.92,2.1,0
2024-02-28,New_York,0,7.05,2.31,0
2024-02-29,New_York,1,19.05,23.07,0
2024-03-01,New_York,1,4.82,5.2,0
2024-03-02,New_York,0,1.12,10.12,0
2024-03-03,New_York,0,5.0,16.89,0
2024-03-04,New_York,0,5.72,3.66,0
2024-03-05,New_York,0,1.96,7.0,0
2024-03-06,New_York,0,2.32,16.18,0
2024-03-07,New_York,0,10.36,7.95,0
2024-03-08,New_York,0,8.6,16.74,0
2024-03-09,New_York,1,6.59,1.1,0
2024-03-10,New_York,1,4.28,2.96,0
2024-03-11,New_York,0,5.06,9.75,0
2024-03-12,New_York,0,1.84,4.85,0
2024-03-13,New_York,0,11.05,4.42,0
2024-03-14,New_York,0,2.74,14.09,0
2024-03-15,New_York,0,2.33,11.69,0
2024-03-16,New_York,1,11.95,10.01,0
2024-03-17,New_York,0,1.24,7.9,0
2024-03-18,New_York,0,1.79,1.25,0
2024-03-19,New_York,0,0.36,4.2,0
2024-03-20,New_York,1,2.87,1.6,0
2024-03-21,New_York,1,1.65,11.81,0
2024-03-22,New_York,1,0.64,1.53,0
2024-03-23,New_York,1,1.76,0.01,0
2024-03-24,New_York,1,2.18,63.42,0
2024-03-25,New_York,1,0.93,20.18,0
2024-03-26,New_York,2,0.15,30.11,0
2024-03-27,New_York,1,3.16,16.74,0
2024-03-28,New_York,1,23.26,11.29,0
2024-03-29,New_York,1,2.77,27.86,0
2024-03-30,New_York,1,6.83,51.14,0
2024-03-31,New_York,1,0.22,40.96,0
2024-04-01,New_York,0,0.2,37.07,0
2024-04-02,New_York,0,1.82,6.76,0
2024-04-03,New_York,1,12.59,15.25,0
2024-04-04,New_York,0,1.77,0.56,0
2024-04-05,New_York,0,2.19,2.27,0
2024-04-06,New_York,1,28.27,21.55,0
2024-04-07,New_York,1,4.88,0.09,0
2024-04-08,New_York,1,22.54,2.91,0
2024-04-09,New_York,1,4.23,11.45,0
2024-04-10,New_York,1,18.44,13.58,0
2024-04-11,New_York,1,4.02,41.86,0
2024-04-12,New_York,1,1.59,39.8,0
2024-04-13,New_York,1,6.69,0.73,0
2024-04-14,New_York,1,21.12,48.77,0
2024-04-15,New_York,1,9.91,26.99,0
2024-04-16,New_York,1,6.38,3.26,0
2024-04-17,New_York,1,3.39,12.02,0
2024-04-18,New_York,1,1.5,32.48,0
2024-04-19,New_York,1,20.98,12.58,0
2024-04-20,New_York,0,12.22,10.56,0
2024-04-21,New_York,1,7.22,23.28,0
2024-04-22,New_York,1,6.24,32.34,0
2024-04-23,New_York,1,5.28,2.38,0
2024-04-24,New_York,1,28.71,5.18,0
2024-04-25,New_York,1,11.7,56.23,0
2024-04-26,New_York,0,9.22,7.32,0
2024-04-27,New_York,1,28.7,72.06,0
2024-04-28,New_York,1,0.27,31.62,0
2024-04-29,New_York,1,21.69,88.4,0
2024-04-30,New_York,0,10.67,39.78,0
2024-05-01,New_York,1,2.78,10.81,0
2024-05-02,New_York,1,0.55,16.51,0
2024-05-03,New_York,1,23.35,17.34,0
2024-05-04,New_York,1,4.8,5.61,0
2024-05-05,New_York,1,1.16,32.91,0
2024-05-06,New_York,1,1.19,5.95,0
2024-05-07,New_York,1,3.59,9.87,0
2024-05-08,New_York,1,18.51,42.07,0
2024-05-09,New_York,1,0.2,4.11,0
2024-05-10,New_York,1,22.99,0.91,0
2024-05-11,New_York,1,2.54,1.18,0
2024-05-12,New_York,1,8.43,72.13,0
2024-05-13,New_York,1,4.29,3.54,0
2024-05-14,New_York,1,5.16,7.71,0
2024-05-15,New_York,1,7.44,1.25,0
2024-05-16,New_York,1,14.59,22.36,0
2024-05-17,New_York,1,4.92,9.3,0
2024-05-18,New_York,1,3.5,9.29,0
2024-05-19,New_York,1,17.16,3.53,0
2024-05-20,New_York,1,25.45,11.19,0
2024-05-21,New_York,2,14.28,5.26,0
2024-05-22,New_York,2,16.8,23.23,0
2024-05-23,New_York,2,6.24,39.08,0
2024-05-24,New_York,1,0.6,2.88,0
2024-05-25,New_York,1,0.18,13.56,0
2024-05-26,New_York,1,14.71,32.41,0
2024-05-27,New_York,1,1.22,29.0,0
2024-05-28,New_York,1,8.77,21.48,0
2024-05-29,New_York,1,0.07,3.34,0
2024-05-30,New_York,1,0.62,24.44,0
2024-05-31,New_York,1,4.41,2.45,0
2024-06-01,New_York,1,16.68,26.79,0
2024-06-02,New_York,1,6.33,5.4,0
2024-06-03,New_York,1,18.45,3.08,0
2024-06-04,New_York,1,8.75,35.02,0
2024-06-05,New_York,1,0.01,32.44,0
2024-06-06,New_York,1,11.18,12.8,0
2024-06-07,New_York,1,0.44,8.5,0
2024-06-08,New_York,1,26.96,37.5,0
2024-06-09,New_York,1,12.41,0.17,0
2024-06-10,New_York,1,11.66,1.44,0
2024-06-11,New_York,1,4.88,54.8,0
2024-06-12,New_York,1,13.51,8.77,0
2024-06-13,New_York,1,2.54,6.71,0
2024-06-14,New_York,1,18.0,26.86,0
2024-06-15,New_York,2,0.2,97.87,0
2024-06-16,New_York,1,10.84,22.46,0
2024-06-17,New_York,1,9.98,16.91,0
2024-06-18,New_York,2,50.59,51.81,0
2024-06-19,New_York,1,6.96,9.47,0
2024-06-20,New_York,1,1.6,5.02,0
2024-06-21,New_York,1,0.7,5.51,0
2024-06-22,New_York,1,4.53,3.72,0
2024-06-23,New_York,1,14.19,1.49,0
2024-06-24,New_York,1,1.43,5.31,0
2024-06-25,New_York,1,7.28,3.65,0
2024-06-26,New_York,2,18.04,10.14,0
2024-06-27,New_York,2,1.8,31.72,0
2024-06-28,New_York,2,0.31,4.34,0
2024-06-29,New_York,2,16.88,25.88,0
2024-06-30,New_York,1,1.82,10.03,0
2024-07-01,New_York,0,9.32,5.71,0
2024-07-02,New_York,1,5.98,6.05,0
2024-07-03,New_York,1,6.24,9.19,0
2024-07-04,New_York,1,3.98,47.66,0
2024-07-05,New_York,2,6.74,14.46,0
2024-07-06,New_York,1,1.25,26.96,0
2024-07-07,New_York,2,4.87,5.05,0
2024-07-08,New_York,2,4.66,2.39,0
2024-07-09,New_York,2,34.28,0.06,0
2024-07-10,New_York,2,8.64,29.19,1
2024-07-11,New_York,2,1.48,6.48,0
2024-07-12,New_York,2,1.25,14.13,0
2024-07-13,New_York,2,6.49,48.79,0
2024-07-14,New_York,1,0.24,6.95,0
2024-07-15,New_York,1,3.23,2.74,0
2024-07-16,New_York,1,1.25,10.5,0
2024-07-17,New_York,2,10.62,9.32,0
2024-07-18,New_York,1,2.19,18.52,0
2024-07-19,New_York,1,24.5,41.8,0
2024-07-20,New_York,0,11.43,17.73,0
2024-07-21,New_York,1,20.68,10.09,0
2024-07-22,New_York,1,11.59,2.7,0
2024-07-23,New_York,0,0.12,36.38,0
2024-07-24,New_York,0,6.19,10.28,0
2024-07-25,New_York,1,4.97,62.47,0
2024-07-26,New_York,1,23.2,23.14,0
2024-07-27,New_York,1,23.82,0.63,0
2024-07-28,New_York,1,3.77,57.89,0
2024-07-29,New_York,2,14.36,8.67,0
2024-07-30,New_York,1,2.79,0.25,0
2024-07-31,New_York,1,4.07,9.19,0
2024-08-01,New_York,1,1.86,10.2,0
2024-08-02,New_York,1,4.17,5.81,0
2024-08-03,New_York,1,0.29,0.25,0
2024-08-04,New_York,1,16.78,14.92,0
2024-08-05,New_York,1,0.48,22.42,0
2024-08-06,New_York,1,9.81,13.15,0
2024-08-07,New_York,1,10.25,25.31,0
2024-08-08,New_York,2,11.18,1.07,0
2024-08-09,New_York,2,38.73,90.83,0
2024-08-10,New_York,2,0.58,42.99,0
2024-08-11,New_York,1,27.6,0.06,0
2024-08-12,New_York,1,4.22,26.43,0
2024-08-13,New_York,0,8.46,7.93,0
2024-08-14,New_York,1,8.47,21.09,0
2024-08-15,New_York,1,7.19,67.37,0
2024-08-16,New_York,0,2.87,23.17,0
2024-08-17,New_York,1,5.98,6.82,0
2024-08-18,New_York,1,1.07,7.12,0
2024-08-19,New_York,1,9.9,2.63,0
2024-08-20,New_York,1,20.22,8.06,0
2024-08-21,New_York,1,0.79,29.76,0
2024-08-22,New_York,1,5.52,5.34,0
2024-08-23,New_York,1,2.81,6.07,0
2024-08-24,New_York,1,10.09,5.42,0
2024-08-25,New_York,1,5.84,12.14,0
2024-08-26,New_York,2,19.83,3.83,0
2024-08-27,New_York,2,6.04,2.64,0
2024-08-28,New_York,1,10.06,30.54,0
2024-08-29,New_York,1,1.02,0.69,0
2024-08-30,New_York,1,4.72,3.81,0
2024-08-31,New_York,0,11.5,2.03,0
2024-09-01,New_York,0,3.78,21.79,0
2024-09-02,New_York,1,4.91,8.93,0
2024-09-03,New_York,1,6.37,31.13,0
2024-09-04,New_York,1,2.7,40.66,0
2024-09-05,New_York,1,9.66,47.69,0
2024-09-06,New_York,1,7.32,2.86,0
2024-09-07,New_York,1,5.4,3.89,0
2024-09-08,New_York,1,3.33,12.49,0
2024-09-09,New_York,1,1.1,28.22,0
2024-09-10,New_York,1,4.85,28.02,0
2024-09-11,New_York,1,5.03,3.06,0
2024-09-12,New_York,1,3.82,15.48,0
2024-09-13,New_York,1,5.78,0.24,0
2024-09-14,New_York,1,2.46,18.6,0
2024-09-15,New_York,1,17.78,15.82,0
2024-09-16,New_York,0,17.6,21.1,0
2024-09-17,New_York,0,5.01,5.93,0
2024-09-18,New_York,1,1.61,2.48,0
2024-09-19,New_York,1,6.45,11.82,0
2024-09-20,New_York,1,5.04,37.31,0
2024-09-21,New_York,1,4.04,16.43,0
2024-09-22,New_York,1,3.42,2.59,0
2024-09-23,New_York,1,5.36,11.78,0
2024-09-24,New_York,1,9.15,3.52,0
2024-09-25,New_York,1,10.87,15.51,0
2024-09-26,New_York,0,7.57,2.38,0
2024-09-27,New_York,0,15.66,3.78,0
2024-09-28,New_York,1,6.74,14.36,0
2024-09-29,New_York,0,16.84,14.84,0
2024-09-30,New_York,1,4.67,0.34,0
2024-10-01,New_York,1,14.9,5.63,0
2024-10-02,New_York,1,4.45,1.92,0
2024-10-03,New_York,1,1.12,9.11,0
2024-10-04,New_York,1,8.85,29.36,0
2024-10-05,New_York,1,0.36,4.58,0
2024-10-06,New_York,1,2.44,19.9,0
2024-10-07,New_York,1,3.94,2.46,0
2024-10-08,New_York,0,11.05,32.2,0
2024-10-09,New_York,0,4.48,14.6,0
2024-10-10,New_York,0,18.12,6.9,0
2024-10-11,New_York,0,9.93,27.64,0
2024-10-12,New_York,0,2.5,34.49,0
2024-10-13,New_York,0,0.44,4.73,0
2024-10-14,New_York,1,0.69,19.17,0
2024-10-15,New_York,0,7.97,5.3,0
2024-10-16,New_York,0,2.55,0.31,0
2024-10-17,New_York,0,0.85,55.92,0
2024-10-18,New_York,0,0.51,3.68,0
2024-10-19,New_York,0,1.55,0.21,0
2024-10-20,New_York,0,0.09,0.65,0
2024-10-21,New_York,0,7.12,4.84,0
2024-10-22,New_York,0,5.06,6.98,0
2024-10-23,New_York,0,7.61,7.36,0
2024-10-24,New_York,1,4.47,7.42,0
2024-10-25,New_York,0,3.26,2.09,0
2024-10-26,New_York,0,1.48,9.39,0
2024-10-27,New_York,0,2.09,9.16,0
2024-10-28,New_York,0,9.2,5.05,0
2024-10-29,New_York,0,9.63,5.36,0
2024-10-30,New_York,1,9.04,9.1,0
2024-10-31,New_York,1,17.75,39.52,0
2024-11-01,New_York,1,5.02,9.12,0
2024-11-02,New_York,0,3.14,29.1,0
2024-11-03,New_York,0,5.61,3.2,0
2024-11-04,New_York,0,0.15,3.06,0
2024-11-05,New_York,1,6.36,5.62,0
2024-11-06,New_York,1,1.05,1.38,0
2024-11-07,New_York,0,16.75,39.8,0
2024-11-08,New_York,0,5.44,5.67,0
2024-11-09,New_York,0,3.22,18.68,0
2024-11-10,New_York,0,2.0,7.15,0
2024-11-11,New_York,0,1.36,7.61,0
2024-11-12,New_York,0,0.07,9.71,0
2024-11-13,New_York,0,10.01,17.36,0
2024-11-14,New_York,0,4.04,13.67,0
2024-11-15,New_York,0,1.98,6.05,0
2024-11-16,New_York,0,1.55,13.45,0
2024-11-17,New_York,0,0.39,3.66,0
2024-11-18,New_York,0,3.78,3.26,0
2024-11-19,New_York,0,4.43,6.78,0
2024-11-20,New_York,0,0.82,12.05,0
2024-11-21,New_York,0,0.64,5.29,0
2024-11-22,New_York,0,2.67,4.32,0
2024-11-23,New_York,0,6.94,7.04,0
2024-11-24,New_York,0,1.38,1.01,0
2024-11-25,New_York,0,1.32,18.65,0
2024-11-26,New_York,0,6.99,6.82,0
2024-11-27,New_York,0,6.86,12.86,0
2024-11-28,New_York,0,21.37,3.12,0
2024-11-29,New_York,0,10.85,0.38,0
2024-11-30,New_York,1,4.98,7.54,0
2024-12-01,New_York,0,1.3,0.24,0
2024-12-02,New_York,0,1.19,2.1,0
2024-12-03,New_York,0,1.08,0.66,0
2024-12-04,New_York,0,15.13,7.84,0
2024-12-05,New_York,0,0.76,0.27,0
2024-12-06,New_York,0,9.45,17.53,0
2024-12-07,New_York,0,10.74,19.89,0
2024-12-08,New_York,0,12.92,5.69,0
2024-12-09,New_York,0,1.7,20.1,0
2024-12-10,New_York,0,0.53,2.93,0
2024-12-11,New_York,0,10.74,31.74,0
2024-12-12,New_York,0,4.88,5.44,0
2024-12-13,New_York,0,6.72,6.79,0
2024-12-14,New_York,0,9.92,3.68,0
2024-12-15,New_York,0,4.1,26.63,0
2024-12-16,New_York,0,1.11,30.42,0
2024-12-17,New_York,0,5.44,2.45,0
2024-12-18,New_York,0,10.27,15.64,0
2024-12-19,New_York,0,8.19,2.61,0
2024-12-20,New_York,0,4.61,6.14,0
2024-12-21,New_York,0,3.33,3.99,0
2024-12-22,New_York,0,4.29,6.82,0
2024-12-23,New_York,0,8.49,4.69,0
2024-12-24,New_York,0,3.92,20.46,0
2024-12-25,New_York,0,1.65,8.12,0
2024-12-26,New_York,0,6.63,4.03,0
2024-12-27,New_York,0,4.34,2.42,0
2024-12-28,New_York,0,17.56,24.48,0
2024-12-29,New_York,0,23.97,3.82,0
2024-12-30,New_York,0,5.31,1.41,0
2024-12-31,New_York,0,6.55,24.18,0
2025-01-01,New_York,0,2.73,6.1,0
2025-01-02,New_York,0,1.77,9.29,0
2025-01-03,New_York,0,5.66,8.1,0
2025-01-04,New_York,0,12.8,11.06,0
2025-01-05,New_York,1,0.61,18.19,0
2025-01-06,New_York,0,1.79,1.34,0
2025-01-07,New_York,0,2.43,13.48,0
2025-01-08,New_York,1,12.47,17.7,0
2025-01-09,New_York,1,1.19,29.57,0
2025-01-10,New_York,1,3.04,1.56,0
2025-01-11,New_York,1,7.76,0.49,0
2025-01-12,New_York,1,4.08,34.06,0
2025-01-13,New_York,0,0.2,5.68,0
2025-01-14,New_York,0,6.99,2.08,0
2025-01-15,New_York,0,5.59,7.01,0
2025-01-16,New_York,0,0.97,37.13,0
2025-01-17,New_York,0,3.9,20.57,0
2025-01-18,New_York,1,4.8,2.05,0
2025-01-19,New_York,0,5.33,11.01,0
2025-01-20,New_York,0,7.01,9.73,0
2025-01-21,New_York,0,2.58,2.13,0
2025-01-22,New_York,0,3.08,36.55,0
2025-01-23,New_York,0,5.5,2.32,0
2025-01-24,New_York,0,17.56,14.49,0
2025-01-25,New_York,0,11.96,2.92,0
2025-01-26,New_York,0,2.01,8.4,0
2025-01-27,New_York,0,1.38,6.06,0
2025-01-28,New_York,0,8.62,11.47,0
2025-01-29,New_York,0,11.6,24.89,0
2025-01-30,New_York,1,8.63,9.78,0
2025-01-31,New_York,1,17.55,15.21,0
2025-02-01,New_York,1,13.48,0.33,0
2025-02-02,New_York,0,3.36,0.08,0
2025-02-03,New_York,0,19.98,5.87,0
2025-02-04,New_York,0,2.74,2.13,0
2025-02-05,New_York,0,2.17,16.46,0
2025-02-06,New_York,0,1.59,13.29,0
2025-02-07,New_York,0,7.8,18.85,0
2025-02-08,New_York,0,8.44,5.57,0
2025-02-09,New_York,0,3.77,7.19,0
2025-02-10,New_York,0,5.59,1.65,0
2025-02-11,New_York,1,0.06,3.12,0
2025-02-12,New_York,1,0.43,48.43,0
2025-02-13,New_York,1,13.99,52.98,0
2025-02-14,New_York,1,1.95,6.19,0
2025-02-15,New_York,1,10.34,9.97,0
2025-02-16,New_York,0,1.4,1.25,0
2025-02-17,New_York,0,5.19,16.34,0
2025-02-18,New_York,0,4.68,8.74,0
2025-02-19,New_York,0,4.26,12.16,0
2025-02-20,New_York,0,2.11,13.6,0
2025-02-21,New_York,0,13.87,2.28,0
2025-02-22,New_York,0,1.05,5.47,0
2025-02-23,New_York,0,0.44,1.85,0
2025-02-24,New_York,0,3.25,12.01,0
2025-02-25,New_York,0,0.91,7.67,0
2025-02-26,New_York,0,4.75,18.63,0
2025-02-27,New_York,0,10.29,25.47,0
2025-02-28,New_York,1,1.45,14.38,0
2025-03-01,New_York,1,12.79,1.37,0
2025-03-02,New_York,1,3.42,10.92,0
2025-03-03,New_York,1,0.91,11.03,0
2025-03-04,New_York,0,6.11,8.59,0
2025-03-05,New_York,0,1.3,4.0,0
2025-03-06,New_York,0,3.73,6.27,0
2025-03-07,New_York,0,0.24,18.58,0
2025-03-08,New_York,0,8.72,10.17,0
2025-03-09,New_York,0,12.47,3.23,0
2025-03-10,New_York,1,11.26,1.52,0
2025-03-11,New_York,0,0.77,15.77,0
2025-03-12,New_York,0,0.01,1.36,0
2025-03-13,New_York,1,13.83,10.22,0
2025-03-14,New_York,1,14.72,15.29,0
2025-03-15,New_York,0,2.73,13.14,0
2025-03-16,New_York,1,18.25,0.73,0
2025-03-17,New_York,1,6.75,1.39,0
2025-03-18,New_York,0,4.37,9.28,0
2025-03-19,New_York,0,5.8,3.48,0
2025-03-20,New_York,1,3.82,2.53,0
2025-03-21,New_York,1,22.72,120.0,0
2025-03-22,New_York,0,8.63,21.48,0
2025-03-23,New_York,0,3.86,29.87,0
2025-03-24,New_York,1,5.07,22.87,0
2025-03-25,New_York,0,7.6,3.5,0
2025-03-26,New_York,0,17.57,3.28,0
2025-03-27,New_York,1,1.16,16.46,0
2025-03-28,New_York,0,2.25,5.93,0
2025-03-29,New_York,0,4.55,2.23,0
2025-03-30,New_York,0,13.82,9.52,0
2025-03-31,New_York,0,12.15,3.64,0
2025-04-01,New_York,0,6.23,11.63,0
2025-04-02,New_York,0,9.98,1.17,0
2025-04-03,New_York,0,4.94,1.09,0
2025-04-04,New_York,1,1.12,54.08,0
2025-04-05,New_York,0,4.59,56.23,0
2025-04-06,New_York,0,2.74,14.43,0
2025-04-07,New_York,0,6.77,21.33,0
2025-04-08,New_York,0,3.86,4.45,0
2025-04-09,New_York,1,1.95,0.32,0
2025-04-10,New_York,0,0.43,11.35,0
2025-04-11,New_York,0,0.68,9.01,0
2025-04-12,New_York,0,2.95,4.67,0
2025-04-13,New_York,1,6.52,0.01,0
2025-04-14,New_York,1,8.7,10.63,0
2025-04-15,New_York,1,2.2,5.05,0
2025-04-16,New_York,1,6.18,2.25,0
2025-04-17,New_York,2,17.47,17.05,0
2025-04-18,New_York,1,1.29,67.25,0
2025-04-19,New_York,1,0.47,9.2,0
2025-04-20,New_York,1,5.93,7.92,0
2025-04-21,New_York,1,4.83,27.44,0
2025-04-22,New_York,0,1.03,3.18,0
2025-04-23,New_York,1,4.37,1.39,0
2025-04-24,New_York,1,24.61,16.18,0
2025-04-25,New_York,1,0.66,3.78,0
2025-04-26,New_York,1,1.77,14.98,0
2025-04-27,New_York,1,6.42,40.08,0
2025-04-28,New_York,1,42.68,21.51,0
2025-04-29,New_York,1,1.17,11.91,0
2025-04-30,New_York,1,3.0,54.12,0
2025-05-01,New_York,1,14.54,18.64,0
2025-05-02,New_York,1,2.66,7.93,0
2025-05-03,New_York,1,0.73,48.99,0
2025-05-04,New_York,2,17.88,25.44,0
2025-05-05,New_York,1,2.86,5.03,0
2025-05-06,New_York,1,0.1,20.96,0
2025-05-07,New_York,1,8.06,35.23,0
2025-05-08,New_York,1,5.74,32.23,0
2025-05-09,New_York,1,0.22,3.29,0
2025-05-10,New_York,1,8.41,12.43,0
2025-05-11,New_York,1,13.81,16.21,0
2025-05-12,New_York,1,14.42,0.93,0
2025-05-13,New_York,1,25.1,6.3,0
2025-05-14,New_York,2,16.13,24.55,0
2025-05-15,New_York,2,21.81,4.75,0
2025-05-16,New_York,2,20.27,14.8,0
2025-05-17,New_York,1,15.05,31.99,0
2025-05-18,New_York,2,5.55,64.52,0
2025-05-19,New_York,1,20.98,6.09,0
2025-05-20,New_York,2,11.83,15.1,0
2025-05-21,New_York,2,4.8,9.72,0
2025-05-22,New_York,2,1.47,50.24,0
2025-05-23,New_York,2,7.64,37.98,0
2025-05-24,New_York,2,3.56,67.76,1
2025-05-25,New_York,2,6.76,37.83,0
2025-05-26,New_York,1,0.1,21.91,0
2025-05-27,New_York,1,7.09,2.88,0
2025-05-28,New_York,1,1.79,4.7,0
2025-05-29,New_York,1,0.41,19.01,0
2025-05-30,New_York,2,16.13,5.95,0
2025-05-31,New_York,2,3.36,17.14,0
2025-06-01,New_York,2,2.05,2.59,1
2025-06-02,New_York,1,20.09,10.03,0
2025-06-03,New_York,1,6.1,46.93,0
2025-06-04,New_York,1,3.18,45.33,0
2025-06-05,New_York,1,8.25,18.85,0
2025-06-06,New_York,1,1.91,14.74,0
2025-06-07,New_York,1,3.53,62.65,0
2025-06-08,New_York,1,7.38,103.94,0
2025-06-09,New_York,1,6.55,25.1,0
2025-06-10,New_York,1,3.03,37.07,0
2025-06-11,New_York,2,4.74,11.17,0
2025-06-12,New_York,1,3.53,3.79,0
2025-06-13,New_York,1,22.71,1.33,0
2025-06-14,New_York,1,8.34,64.78,0
2025-06-15,New_York,2,26.72,2.42,0
2025-06-16,New_York,1,12.58,8.67,0
2025-06-17,New_York,1,3.2,9.01,0
2025-06-18,New_York,1,12.86,26.38,0
2025-06-19,New_York,2,0.24,5.93,0
2025-06-20,New_York,1,25.34,8.77,0
2025-06-21,New_York,1,1.53,2.26,0
2025-06-22,New_York,1,1.55,19.19,0
2025-06-23,New_York,1,2.77,7.07,0
2025-06-24,New_York,1,5.84,0.23,0
2025-06-25,New_York,1,4.73,5.33,0
2025-06-26,New_York,1,2.43,40.15,0
2025-06-27,New_York,1,1.03,3.34,0
2025-06-28,New_York,2,4.82,0.23,0
2025-06-29,New_York,1,2.79,7.64,0
2025-06-30,New_York,1,0.01,34.7,0
2025-07-01,New_York,1,14.09,2.82,0
2025-07-02,New_York,1,0.4,22.5,0
2025-07-03,New_York,1,1.61,10.39,0
2025-07-04,New_York,1,1.94,3.03,0
2025-07-05,New_York,1,12.44,7.29,0
2025-07-06,New_York,2,10.97,32.96,0
2025-07-07,New_York,2,2.71,31.27,0
2025-07-08,New_York,2,7.35,13.42,0
2025-07-09,New_York,2,52.48,13.15,0
2025-07-10,New_York,2,33.55,5.93,0
2025-07-11,New_York,2,12.86,30.24,0
2025-07-12,New_York,2,2.23,6.13,0
2025-07-13,New_York,2,9.37,32.52,0
2025-07-14,New_York,2,12.59,4.54,1
2025-07-15,New_York,2,1.34,16.55,0
2025-07-16,New_York,1,4.32,4.33,0
2025-07-17,New_York,2,3.09,2.61,0
2025-07-18,New_York,2,13.13,12.57,0
2025-07-19,New_York,2,10.53,36.77,0
2025-07-20,New_York,1,7.65,17.35,0
2025-07-21,New_York,1,10.37,13.63,0
2025-07-22,New_York,1,16.42,9.79,0
2025-07-23,New_York,1,3.02,2.76,0
2025-07-24,New_York,0,7.24,7.04,0
2025-07-25,New_York,0,0.55,2.97,0
2025-07-26,New_York,1,21.15,17.37,0
2025-07-27,New_York,1,3.77,6.92,0
2025-07-28,New_York,1,4.57,10.16,0
2025-07-29,New_York,1,2.2,0.37,0
2025-07-30,New_York,1,5.09,0.75,0
2025-07-31,New_York,1,21.81,20.3,0
2025-08-01,New_York,1,0.9,13.49,0
2025-08-02,New_York,1,1.92,8.4,0
2025-08-03,New_York,1,16.1,34.21,0
2025-08-04,New_York,2,2.84,9.37,0
2025-08-05,New_York,2,16.8,7.06,0
2025-08-06,New_York,2,3.31,28.19,0
2025-08-07,New_York,1,5.58,36.0,0
2025-08-08,New_York,2,10.7,48.38,0
2025-08-09,New_York,1,3.96,22.98,0
2025-08-10,New_York,1,1.29,2.31,0
2025-08-11,New_York,1,13.37,11.76,0
2025-08-12,New_York,1,1.29,50.11,0
2025-08-13,New_York,1,15.45,6.39,0
2025-08-14,New_York,1,12.6,21.59,0
2025-08-15,New_York,1,0.69,3.22,0
2025-08-16,New_York,1,17.76,27.69,0
2025-08-17,New_York,2,42.66,1.97,0
2025-08-18,New_York,1,0.49,11.11,0
2025-08-19,New_York,1,6.68,42.85,0
2025-08-20,New_York,1,3.78,28.83,0
2025-08-21,New_York,2,11.49,7.01,0
2025-08-22,New_York,2,5.0,7.36,1
2025-08-23,New_York,1,4.64,18.56,0
2025-08-24,New_York,1,4.56,17.26,0
2025-08-25,New_York,2,4.45,33.78,0
2025-08-26,New_York,2,14.69,3.38,0
2025-08-27,New_York,2,9.07,39.19,0
2025-08-28,New_York,1,13.28,9.71,0
2025-08-29,New_York,1,5.52,12.88,0
2025-08-30,New_York,1,9.27,20.35,0
2025-08-31,New_York,1,1.22,19.65,0
2025-09-01,New_York,1,1.3,11.81,0
2025-09-02,New_York,0,7.29,23.32,0
2025-09-03,New_York,0,4.81,0.81,0
2025-09-04,New_York,1,4.24,9.05,0
2025-09-05,New_York,1,2.15,38.87,0
2025-09-06,New_York,1,1.43,0.71,0
2025-09-07,New_York,1,1.97,20.12,0
2025-09-08,New_York,1,2.48,11.7,0
2025-09-09,New_York,1,0.49,24.96,0
2025-09-10,New_York,1,5.26,11.57,0
2025-09-11,New_York,1,0.82,1.03,0
2025-09-12,New_York,1,4.11,1.94,0
2025-09-13,New_York,1,0.82,7.88,0
2025-09-14,New_York,1,0.23,31.59,0
2025-09-15,New_York,0,0.93,1.45,0
2025-09-16,New_York,0,27.77,9.12,0
2025-09-17,New_York,0,0.78,4.63,0
2025-09-18,New_York,1,8.91,20.41,0
2025-09-19,New_York,0,10.62,2.01,0
2025-09-20,New_York,1,0.88,1.42,0
2025-09-21,New_York,0,10.02,3.93,0
2025-09-22,New_York,0,3.42,26.82,0
2025-09-23,New_York,1,5.51,41.0,0
2025-09-24,New_York,1,9.06,3.08,0
2025-09-25,New_York,1,14.95,0.49,0
2025-09-26,New_York,1,0.42,1.04,0
2025-09-27,New_York,1,5.48,55.33,0
2025-09-28,New_York,0,0.17,1.29,0
2025-09-29,New_York,1,6.75,4.11,0
2025-09-30,New_York,1,1.99,31.9,0
2025-10-01,New_York,1,25.19,9.97,0
2025-10-02,New_York,0,2.3,3.63,0
2025-10-03,New_York,0,6.19,18.5,0
2025-10-04,New_York,0,1.87,9.53,0
2025-10-05,New_York,0,9.77,1.08,0
2025-10-06,New_York,0,3.71,21.83,0
2025-10-07,New_York,0,0.32,21.44,0
2025-10-08,New_York,1,6.65,2.93,0
2025-10-09,New_York,1,3.99,4.28,0
2025-10-10,New_York,1,8.25,15.48,0
2025-10-11,New_York,1,1.94,20.79,0
2025-10-12,New_York,1,1.37,10.95,0
2025-10-13,New_York,1,13.26,0.4,0
2025-10-14,New_York,1,8.47,0.42,0
2025-10-15,New_York,1,4.82,20.61,0
2025-10-16,New_York,1,11.46,6.37,0
2025-10-17,New_York,0,5.93,0.69,0
2025-10-18,New_York,0,0.21,8.46,0
2025-10-19,New_York,0,1.69,21.18,0
2025-10-20,New_York,0,1.21,13.26,0
2025-10-21,New_York,1,7.93,12.74,0
2025-10-22,New_York,1,17.47,3.43,0
2025-10-23,New_York,1,13.58,6.63,0
2025-10-24,New_York,0,2.4,0.52,0
2025-10-25,New_York,1,1.77,13.8,0
2025-10-26,New_York,0,2.2,2.11,0
2025-10-27,New_York,1,6.9,19.3,0
2025-10-28,New_York,1,11.3,16.67,0
2025-10-29,New_York,0,8.03,19.86,0
2025-10-30,New_York,0,2.25,17.53,0
2025-10-31,New_York,0,3.79,0.02,0
2025-11-01,New_York,0,0.84,39.87,0
2025-11-02,New_York,0,6.34,5.09,0
2025-11-03,New_York,1,7.36,37.71,0
2025-11-04,New_York,1,4.55,28.57,0
2025-11-05,New_York,1,10.51,4.96,0
2025-11-06,New_York,1,10.57,21.76,0
2025-11-07,New_York,1,8.47,23.15,0
2025-11-08,New_York,0,1.09,20.62,0
2025-11-09,New_York,0,5.93,9.97,0
2025-11-10,New_York,0,4.09,3.6,0
2025-11-11,New_York,0,0.04,15.39,0
2025-11-12,New_York,0,6.35,1.36,0
2025-11-13,New_York,0,2.17,2.64,0
2025-11-14,New_York,0,0.94,20.98,0
2025-11-15,New_York,0,0.13,8.42,0
2025-11-16,New_York,0,24.68,1.02,0
2025-11-17,New_York,0,2.34,3.43,0
2025-11-18,New_York,0,8.99,2.07,0
2025-11-19,New_York,0,7.0,3.73,0
2025-11-20,New_York,0,21.31,27.3,0
2025-11-21,New_York,0,12.72,14.73,0
2025-11-22,New_York,0,3.42,15.35,0
2025-11-23,New_York,0,7.43,0.4,0
2025-11-24,New_York,0,2.15,20.49,0
2025-11-25,New_York,0,1.53,4.89,0
2025-11-26,New_York,0,18.22,10.83,0
2025-11-27,New_York,0,5.67,18.04,0
2025-11-28,New_York,0,6.31,7.28,0
2025-11-29,New_York,0,2.7,5.02,0
2025-11-30,New_York,0,5.58,4.56,0
2025-12-01,New_York,0,8.35,10.04,0
2025-12-02,New_York,0,12.61,17.77,0
2025-12-03,New_York,0,0.11,16.58,0
2025-12-04,New_York,0,7.28,2.76,0
2025-12-05,New_York,0,0.93,18.99,0
2025-12-06,New_York,1,0.21,9.11,0
2025-12-07,New_York,0,0.64,3.15,0
2025-12-08,New_York,0,4.72,15.53,0
2025-12-09,New_York,0,8.31,1.15,0
2025-12-10,New_York,0,2.34,9.86,0
2025-12-11,New_York,0,0.7,32.19,0
2025-12-12,New_York,1,29.19,22.18,0
2025-12-13,New_York,0,3.6,29.96,0
2025-12-14,New_York,0,1.21,6.85,0
2025-12-15,New_York,0,3.5,2.38,0
2025-12-16,New_York,0,3.81,23.73,0
2025-12-17,New_York,0,8.51,22.6,0
2025-12-18,New_York,0,0.62,0.62,0
2025-12-19,New_York,0,2.11,17.5,0
2025-12-20,New_York,0,1.2,0.12,0
2025-12-21,New_York,0,5.03,0.53,0
2025-12-22,New_York,0,2.14,4.56,0
2025-12-23,New_York,0,3.55,1.1,0
2025-12-24,New_York,0,2.39,10.1,0
2025-12-25,New_York,0,1.95,8.1,0
2025-12-26,New_York,0,4.97,15.54,0
2025-12-27,New_York,0,1.0,15.49,0
2025-12-28,New_York,0,2.07,19.64,0
2025-12-29,New_York,0,2.89,7.26,0
2025-12-30,New_York,0,3.51,18.26,0
2025-12-31,New_York,0,2.06,9.77,0
2023-01-01,Felixstowe,0,6.89,2.31,0
2023-01-02,Felixstowe,0,5.32,31.02,0
2023-01-03,Felixstowe,0,5.74,33.24,0
2023-01-04,Felixstowe,0,4.0,4.79,0
2023-01-05,Felixstowe,1,6.83,6.33,0
2023-01-06,Felixstowe,0,7.71,10.62,0
2023-01-07,Felixstowe,0,4.81,15.2,0
2023-01-08,Felixstowe,0,7.67,4.32,0
2023-01-09,Felixstowe,0,4.24,14.19,0
2023-01-10,Felixstowe,0,4.28,13.6,0
2023-01-11,Felixstowe,0,3.01,7.21,0
2023-01-12,Felixstowe,0,9.22,2.4,0
2023-01-13,Felixstowe,0,0.86,2.15,0
2023-01-14,Felixstowe,0,5.53,4.04,0
2023-01-15,Felixstowe,0,3.37,10.22,0
2023-01-16,Felixstowe,0,2.08,15.72,0
2023-01-17,Felixstowe,0,0.7,10.69,0
2023-01-18,Felixstowe,0,5.59,22.07,0
2023-01-19,Felixstowe,1,8.89,37.28,0
2023-01-20,Felixstowe,1,3.09,0.49,0
2023-01-21,Felixstowe,0,3.15,0.03,0
2023-01-22,Felixstowe,0,0.61,2.58,0
2023-01-23,Felixstowe,0,4.65,11.53,0
2023-01-24,Felixstowe,0,2.64,26.63,0
2023-01-25,Felixstowe,1,6.04,23.72,0
2023-01-26,Felixstowe,0,1.27,13.46,0
2023-01-27,Felixstowe,0,15.19,24.15,0
2023-01-28,Felixstowe,0,6.24,1.09,0
2023-01-29,Felixstowe,0,9.07,2.89,0
2023-01-30,Felixstowe,0,0.89,20.61,0
2023-01-31,Felixstowe,0,5.15,3.52,0
2023-02-01,Felixstowe,1,5.29,54.82,0
2023-02-02,Felixstowe,0,4.6,11.86,0
2023-02-03,Felixstowe,0,0.49,12.16,0
2023-02-04,Felixstowe,0,7.16,24.19,0
2023-02-05,Felixstowe,0,12.85,14.8,0
2023-02-06,Felixstowe,0,3.42,13.39,0
2023-02-07,Felixstowe,0,1.31,24.42,0
2023-02-08,Felixstowe,1,0.35,6.65,0
2023-02-09,Felixstowe,0,0.28,23.48,0
2023-02-10,Felixstowe,0,14.69,0.96,0
2023-02-11,Felixstowe,0,3.04,3.09,0
2023-02-12,Felixstowe,1,11.1,12.38,0
2023-02-13,Felixstowe,1,14.23,14.44,0
2023-02-14,Felixstowe,1,20.54,21.88,0
2023-02-15,Felixstowe,0,13.61,12.3,0
2023-02-16,Felixstowe,1,5.51,13.25,0
2023-02-17,Felixstowe,1,16.79,34.17,0
2023-02-18,Felixstowe,0,8.49,0.88,0
2023-02-19,Felixstowe,0,8.55,22.29,0
2023-02-20,Felixstowe,0,2.56,0.96,0
2023-02-21,Felixstowe,0,2.42,3.18,0
2023-02-22,Felixstowe,0,6.83,22.72,0
2023-02-23,Felixstowe,0,1.91,4.04,0
2023-02-24,Felixstowe,0,7.88,9.95,0
2023-02-25,Felixstowe,0,3.43,1.59,0
2023-02-26,Felixstowe,1,6.58,53.29,0
2023-02-27,Felixstowe,0,4.22,2.36,0
2023-02-28,Felixstowe,0,3.29,2.01,0
2023-03-01,Felixstowe,0,21.33,2.63,0
2023-03-02,Felixstowe,0,6.21,28.04,0
2023-03-03,Felixstowe,1,5.06,1.12,0
2023-03-04,Felixstowe,1,4.79,9.86,0
2023-03-05,Felixstowe,0,0.45,28.94,0
2023-03-06,Felixstowe,1,1.88,6.27,0
2023-03-07,Felixstowe,0,5.24,21.75,0
2023-03-08,Felixstowe,0,0.46,0.75,0
2023-03-09,Felixstowe,0,1.78,2.87,0
2023-03-10,Felixstowe,0,6.75,2.87,0
2023-03-11,Felixstowe,1,13.06,36.45,0
2023-03-12,Felixstowe,1,4.69,18.19,0
2023-03-13,Felixstowe,1,0.25,31.51,0
2023-03-14,Felixstowe,1,3.12,13.35,0
2023-03-15,Felixstowe,1,5.79,16.32,0
2023-03-16,Felixstowe,1,12.87,18.18,0
2023-03-17,Felixstowe,1,10.89,11.85,0
2023-03-18,Felixstowe,2,0.52,50.87,0
2023-03-19,Felixstowe,1,15.74,20.91,0
2023-03-20,Felixstowe,1,5.7,28.7,0
2023-03-21,Felixstowe,0,7.37,0.64,0
2023-03-22,Felixstowe,1,0.08,0.4,0
2023-03-23,Felixstowe,0,5.63,8.14,0
2023-03-24,Felixstowe,0,9.46,16.29,0
2023-03-25,Felixstowe,0,7.96,2.63,0
2023-03-26,Felixstowe,0,2.93,0.82,0
2023-03-27,Felixstowe,1,5.71,17.92,0
2023-03-28,Felixstowe,1,5.05,20.34,0
2023-03-29,Felixstowe,1,3.65,0.46,0
2023-03-30,Felixstowe,2,9.54,16.15,0
2023-03-31,Felixstowe,1,0.31,3.93,0
2023-04-01,Felixstowe,1,1.03,4.15,0
2023-04-02,Felixstowe,0,0.64,24.01,0
2023-04-03,Felixstowe,0,2.63,17.31,0
2023-04-04,Felixstowe,0,0.53,12.16,0
2023-04-05,Felixstowe,0,15.53,0.38,0
2023-04-06,Felixstowe,0,2.54,1.72,0
2023-04-07,Felixstowe,0,1.16,2.33,0
2023-04-08,Felixstowe,1,2.7,10.82,0
2023-04-09,Felixstowe,1,6.79,49.35,0
2023-04-10,Felixstowe,1,2.94,16.42,0
2023-04-11,Felixstowe,1,3.17,19.95,0
2023-04-12,Felixstowe,0,6.65,0.25,0
2023-04-13,Felixstowe,1,3.17,5.95,0
2023-04-14,Felixstowe,1,4.3,39.94,0
2023-04-15,Felixstowe,0,0.51,38.15,0
2023-04-16,Felixstowe,1,11.94,2.64,0
2023-04-17,Felixstowe,1,2.19,9.31,0
2023-04-18,Felixstowe,1,23.51,5.4,0
2023-04-19,Felixstowe,1,0.76,16.3,0
2023-04-20,Felixstowe,1,7.84,7.63,0
2023-04-21,Felixstowe,1,14.84,8.1,0
2023-04-22,Felixstowe,1,13.32,19.06,0
2023-04-23,Felixstowe,1,6.58,7.01,0
2023-04-24,Felixstowe,1,2.83,10.5,0
2023-04-25,Felixstowe,2,7.47,2.92,0
2023-04-26,Felixstowe,1,2.44,6.26,0
2023-04-27,Felixstowe,1,12.79,36.36,0
2023-04-28,Felixstowe,1,20.4,0.21,0
2023-04-29,Felixstowe,1,9.72,47.7,0
2023-04-30,Felixstowe,1,11.43,11.79,0
2023-05-01,Felixstowe,2,10.76,13.77,1
2023-05-02,Felixstowe,2,2.19,13.33,0
2023-05-03,Felixstowe,2,28.95,28.41,0
2023-05-04,Felixstowe,2,1.0,34.36,0
2023-05-05,Felixstowe,1,8.45,1.03,0
2023-05-06,Felixstowe,1,23.37,49.54,0
2023-05-07,Felixstowe,1,4.14,3.03,0
2023-05-08,Felixstowe,1,9.66,0.35,0
2023-05-09,Felixstowe,2,2.06,5.01,1
2023-05-10,Felixstowe,1,6.67,0.19,0
2023-05-11,Felixstowe,1,11.44,10.13,0
2023-05-12,Felixstowe,1,9.74,40.89,0
2023-05-13,Felixstowe,1,6.14,50.32,0
2023-05-14,Felixstowe,1,3.31,11.98,0
2023-05-15,Felixstowe,1,0.71,63.53,0
2023-05-16,Felixstowe,1,9.27,16.53,0
2023-05-17,Felixstowe,0,4.17,0.43,0
2023-05-18,Felixstowe,1,0.16,15.51,0
2023-05-19,Felixstowe,0,2.78,9.29,0
2023-05-20,Felixstowe,0,0.09,11.79,0
2023-05-21,Felixstowe,1,3.83,0.77,0
2023-05-22,Felixstowe,1,15.35,0.38,0
2023-05-23,Felixstowe,1,6.58,22.88,0
2023-05-24,Felixstowe,1,5.14,39.07,0
2023-05-25,Felixstowe,1,7.96,6.16,0
2023-05-26,Felixstowe,1,38.61,0.36,0
2023-05-27,Felixstowe,1,3.96,7.79,0
2023-05-28,Felixstowe,1,8.44,13.3,0
2023-05-29,Felixstowe,1,12.31,2.52,0
2023-05-30,Felixstowe,1,12.06,48.81,0
2023-05-31,Felixstowe,2,6.83,11.91,0
2023-06-01,Felixstowe,1,1.51,8.85,0
2023-06-02,Felixstowe,1,8.41,10.79,0
2023-06-03,Felixstowe,2,44.4,8.99,0
2023-06-04,Felixstowe,2,2.07,17.46,1
2023-06-05,Felixstowe,2,3.23,29.71,0
2023-06-06,Felixstowe,1,10.0,2.99,0
2023-06-07,Felixstowe,1,0.09,34.74,0
2023-06-08,Felixstowe,1,6.26,13.48,0
2023-06-09,Felixstowe,1,0.21,30.55,0
2023-06-10,Felixstowe,2,3.13,28.34,0
2023-06-11,Felixstowe,1,3.35,6.1,0
2023-06-12,Felixstowe,1,3.68,8.53,0
2023-06-13,Felixstowe,1,10.16,6.62,0
2023-06-14,Felixstowe,1,0.15,3.37,0
2023-06-15,Felixstowe,1,7.33,34.47,0
2023-06-16,Felixstowe,1,0.37,1.25,0
2023-06-17,Felixstowe,1,23.69,61.39,0
2023-06-18,Felixstowe,2,7.53,76.7,0
2023-06-19,Felixstowe,1,1.69,36.68,0
2023-06-20,Felixstowe,2,15.7,2.34,0
2023-06-21,Felixstowe,2,1.28,22.31,0
2023-06-22,Felixstowe,2,0.48,3.18,0
2023-06-23,Felixstowe,1,12.7,3.3,0
2023-06-24,Felixstowe,1,10.09,3.39,0
2023-06-25,Felixstowe,1,3.58,19.52,0
2023-06-26,Felixstowe,2,24.17,0.24,0
2023-06-27,Felixstowe,2,0.06,8.99,1
2023-06-28,Felixstowe,1,28.2,0.76,0
2023-06-29,Felixstowe,2,20.01,9.15,1
2023-06-30,Felixstowe,1,5.28,4.93,0
2023-07-01,Felixstowe,2,10.83,15.26,0
2023-07-02,Felixstowe,2,17.88,40.19,0
2023-07-03,Felixstowe,1,2.94,12.35,0
2023-07-04,Felixstowe,2,19.35,29.17,0
2023-07-05,Felixstowe,2,56.9,15.84,1
2023-07-06,Felixstowe,2,13.24,17.01,0
2023-07-07,Felixstowe,2,2.52,9.52,0
2023-07-08,Felixstowe,2,9.29,24.43,0
2023-07-09,Felixstowe,2,11.17,15.25,0
2023-07-10,Felixstowe,2,5.0,0.01,0
2023-07-11,Felixstowe,2,9.82,2.22,0
2023-07-12,Felixstowe,2,2.7,1.88,0
2023-07-13,Felixstowe,2,10.32,4.79,0
2023-07-14,Felixstowe,2,8.53,42.92,0
2023-07-15,Felixstowe,2,5.78,24.51,0
2023-07-16,Felixstowe,2,28.29,35.26,0
2023-07-17,Felixstowe,2,7.71,54.21,0
2023-07-18,Felixstowe,2,2.75,66.85,0
2023-07-19,Felixstowe,1,21.06,11.31,0
2023-07-20,Felixstowe,1,3.14,10.78,0
2023-07-21,Felixstowe,1,4.62,1.72,0
2023-07-22,Felixstowe,1,10.94,14.52,0
2023-07-23,Felixstowe,1,14.67,8.27,0
2023-07-24,Felixstowe,2,9.9,1.71,0
2023-07-25,Felixstowe,1,5.83,23.26,0
2023-07-26,Felixstowe,1,35.86,1.71,0
2023-07-27,Felixstowe,1,7.05,52.07,0
2023-07-28,Felixstowe,2,9.24,3.63,0
2023-07-29,Felixstowe,2,7.1,23.92,1
2023-07-30,Felixstowe,2,0.26,4.44,0
2023-07-31,Felixstowe,1,5.38,19.21,0
2023-08-01,Felixstowe,1,8.55,40.07,0
2023-08-02,Felixstowe,1,7.19,23.76,0
2023-08-03,Felixstowe,1,3.67,6.63,0
2023-08-04,Felixstowe,1,1.33,11.51,0
2023-08-05,Felixstowe,1,0.28,0.92,0
2023-08-06,Felixstowe,1,9.98,0.94,0
2023-08-07,Felixstowe,1,4.4,10.73,0
2023-08-08,Felixstowe,1,4.58,12.05,0
2023-08-09,Felixstowe,1,23.46,4.12,0
2023-08-10,Felixstowe,1,3.09,5.86,0
2023-08-11,Felixstowe,1,4.44,0.37,0
2023-08-12,Felixstowe,1,5.87,7.03,0
2023-08-13,Felixstowe,1,0.3,43.18,0
2023-08-14,Felixstowe,1,2.06,8.01,0
2023-08-15,Felixstowe,1,8.19,6.12,0
2023-08-16,Felixstowe,1,36.8,14.95,0
2023-08-17,Felixstowe,1,0.67,11.34,0
2023-08-18,Felixstowe,1,25.51,2.01,0
2023-08-19,Felixstowe,2,18.92,5.77,1
2023-08-20,Felixstowe,2,26.32,5.3,0
2023-08-21,Felixstowe,1,4.6,11.48,0
2023-08-22,Felixstowe,2,29.2,2.92,0
2023-08-23,Felixstowe,2,5.98,10.68,0
2023-08-24,Felixstowe,1,0.14,6.49,0
2023-08-25,Felixstowe,1,4.82,23.69,0
2023-08-26,Felixstowe,2,11.8,3.15,0
2023-08-27,Felixstowe,2,0.14,52.02,0
2023-08-28,Felixstowe,2,2.63,33.07,0
2023-08-29,Felixstowe,2,20.13,14.75,0
2023-08-30,Felixstowe,1,19.99,31.79,0
2023-08-31,Felixstowe,1,14.47,34.62,0
2023-09-01,Felixstowe,1,7.1,23.34,0
2023-09-02,Felixstowe,1,4.48,7.93,0
2023-09-03,Felixstowe,1,14.07,5.88,0
2023-09-04,Felixstowe,1,6.87,26.42,0
2023-09-05,Felixstowe,1,4.94,5.13,0
2023-09-06,Felixstowe,1,11.09,1.73,0
2023-09-07,Felixstowe,1,11.38,0.28,0
2023-09-08,Felixstowe,1,3.65,2.01,0
2023-09-09,Felixstowe,1,4.18,9.18,0
2023-09-10,Felixstowe,0,0.95,0.26,0
2023-09-11,Felixstowe,1,6.79,2.03,0
2023-09-12,Felixstowe,1,8.16,8.42,0
2023-09-13,Felixstowe,1,1.41,11.72,0
2023-09-14,Felixstowe,0,1.69,4.01,0
2023-09-15,Felixstowe,1,3.56,7.41,0
2023-09-16,Felixstowe,1,0.68,12.35,0
2023-09-17,Felixstowe,1,4.45,5.26,0
2023-09-18,Felixstowe,1,7.78,13.72,0
2023-09-19,Felixstowe,1,9.86,31.52,0
2023-09-20,Felixstowe,1,25.88,2.57,0
2023-09-21,Felixstowe,1,6.39,1.64,0
2023-09-22,Felixstowe,0,21.27,11.05,0
2023-09-23,Felixstowe,0,7.23,4.24,0
2023-09-24,Felixstowe,0,2.24,3.56,0
2023-09-25,Felixstowe,0,3.39,4.42,0
2023-09-26,Felixstowe,0,2.95,12.96,0
2023-09-27,Felixstowe,0,10.27,4.08,0
2023-09-28,Felixstowe,0,18.35,18.37,0
2023-09-29,Felixstowe,0,1.02,7.02,0
2023-09-30,Felixstowe,1,4.0,2.39,0
2023-10-01,Felixstowe,1,5.78,13.88,0
2023-10-02,Felixstowe,1,2.71,4.68,0
2023-10-03,Felixstowe,1,21.38,20.66,0
2023-10-04,Felixstowe,0,0.71,4.13,0
2023-10-05,Felixstowe,1,0.25,5.89,0
2023-10-06,Felixstowe,1,3.35,19.17,0
2023-10-07,Felixstowe,1,33.13,3.57,0
2023-10-08,Felixstowe,1,3.23,3.32,0
2023-10-09,Felixstowe,1,0.96,9.8,0
2023-10-10,Felixstowe,0,1.52,2.35,0
2023-10-11,Felixstowe,1,13.88,9.61,0
2023-10-12,Felixstowe,1,4.02,37.32,0
2023-10-13,Felixstowe,0,0.61,4.59,0
2023-10-14,Felixstowe,1,1.0,16.63,0
2023-10-15,Felixstowe,0,2.61,10.88,0
2023-10-16,Felixstowe,1,10.14,3.35,0
2023-10-17,Felixstowe,1,5.15,0.16,0
2023-10-18,Felixstowe,1,10.09,5.35,0
2023-10-19,Felixstowe,1,11.94,12.87,0
2023-10-20,Felixstowe,1,11.23,8.27,0
2023-10-21,Felixstowe,1,2.06,6.93,0
2023-10-22,Felixstowe,1,5.06,3.09,0
2023-10-23,Felixstowe,1,2.26,8.37,0
2023-10-24,Felixstowe,0,3.64,13.33,0
2023-10-25,Felixstowe,0,5.05,3.63,0
2023-10-26,Felixstowe,0,0.72,27.25,0
2023-10-27,Felixstowe,0,2.05,9.52,0
2023-10-28,Felixstowe,0,2.01,1.81,0
2023-10-29,Felixstowe,0,6.85,7.34,0
2023-10-30,Felixstowe,1,15.97,44.52,0
2023-10-31,Felixstowe,0,0.24,0.86,0
2023-11-01,Felixstowe,0,0.05,8.46,0
2023-11-02,Felixstowe,1,53.33,18.36,0
2023-11-03,Felixstowe,1,36.84,2.81,0
2023-11-04,Felixstowe,0,0.81,20.54,0
2023-11-05,Felixstowe,0,17.42,0.01,0
2023-11-06,Felixstowe,0,4.27,29.67,0
2023-11-07,Felixstowe,0,0.09,12.62,0
2023-11-08,Felixstowe,0,6.23,8.64,0
2023-11-09,Felixstowe,1,17.23,1.11,0
2023-11-10,Felixstowe,1,20.28,4.86,0
2023-11-11,Felixstowe,0,0.31,10.6,0
2023-11-12,Felixstowe,0,2.28,5.47,0
2023-11-13,Felixstowe,0,3.8,1.16,0
2023-11-14,Felixstowe,0,2.02,10.44,0
2023-11-15,Felixstowe,0,2.83,1.87,0
2023-11-16,Felixstowe,0,4.72,13.06,0
2023-11-17,Felixstowe,0,0.42,17.93,0
2023-11-18,Felixstowe,0,0.26,6.24,0
2023-11-19,Felixstowe,0,0.9,1.9,0
2023-11-20,Felixstowe,0,0.28,7.29,0
2023-11-21,Felixstowe,0,1.08,18.91,0
2023-11-22,Felixstowe,0,2.62,0.27,0
2023-11-23,Felixstowe,0,1.07,1.26,0
2023-11-24,Felixstowe,1,0.41,18.44,0
2023-11-25,Felixstowe,1,3.92,20.57,0
2023-11-26,Felixstowe,1,1.12,25.41,0
2023-11-27,Felixstowe,0,1.75,3.12,0
2023-11-28,Felixstowe,0,5.04,25.81,0
2023-11-29,Felixstowe,0,7.94,10.65,0
2023-11-30,Felixstowe,0,1.29,1.26,0
2023-12-01,Felixstowe,0,9.51,1.41,0
2023-12-02,Felixstowe,0,5.36,8.68,0
2023-12-03,Felixstowe,0,8.47,2.34,0
2023-12-04,Felixstowe,0,8.05,33.95,0
2023-12-05,Felixstowe,0,6.12,19.12,0
2023-12-06,Felixstowe,0,17.53,10.45,0
2023-12-07,Felixstowe,0,3.75,3.54,0
2023-12-08,Felixstowe,0,8.93,2.4,0
2023-12-09,Felixstowe,0,4.21,28.4,0
2023-12-10,Felixstowe,0,9.24,3.18,0
2023-12-11,Felixstowe,0,3.22,9.99,0
2023-12-12,Felixstowe,0,4.0,10.82,0
2023-12-13,Felixstowe,0,2.86,7.43,0
2023-12-14,Felixstowe,0,15.43,5.04,0
2023-12-15,Felixstowe,0,4.65,1.25,0
2023-12-16,Felixstowe,0,4.47,21.25,0
2023-12-17,Felixstowe,0,0.91,2.39,0
2023-12-18,Felixstowe,0,1.16,19.26,0
2023-12-19,Felixstowe,0,0.5,12.06,0
2023-12-20,Felixstowe,0,5.61,8.45,0
2023-12-21,Felixstowe,0,10.95,11.41,0
2023-12-22,Felixstowe,0,5.83,20.34,0
2023-12-23,Felixstowe,0,1.57,22.57,0
2023-12-24,Felixstowe,0,3.83,5.32,0
2023-12-25,Felixstowe,0,0.93,26.19,0
2023-12-26,Felixstowe,0,2.55,12.08,0
2023-12-27,Felixstowe,0,4.22,7.57,0
2023-12-28,Felixstowe,0,5.79,18.09,0
2023-12-29,Felixstowe,0,5.32,1.43,0
2023-12-30,Felixstowe,0,8.44,22.55,0
2023-12-31,Felixstowe,0,4.3,1.74,0
2024-01-01,Felixstowe,0,23.18,25.41,0
2024-01-02,Felixstowe,0,7.93,4.55,0
2024-01-03,Felixstowe,0,6.55,3.15,0
2024-01-04,Felixstowe,0,8.83,3.41,0
2024-01-05,Felixstowe,0,15.71,5.92,0
2024-01-06,Felixstowe,0,3.37,3.69,0
2024-01-07,Felixstowe,1,1.06,65.77,0
2024-01-08,Felixstowe,0,4.36,54.1,0
2024-01-09,Felixstowe,0,16.27,2.02,0
2024-01-10,Felixstowe,0,15.84,10.74,0
2024-01-11,Felixstowe,1,11.58,26.06,0
2024-01-12,Felixstowe,1,4.61,11.03,0
2024-01-13,Felixstowe,1,9.77,23.5,0
2024-01-14,Felixstowe,1,2.09,18.48,0
2024-01-15,Felixstowe,0,3.29,8.24,0
2024-01-16,Felixstowe,0,5.89,14.91,0
2024-01-17,Felixstowe,0,8.17,7.7,0
2024-01-18,Felixstowe,0,5.69,3.34,0
2024-01-19,Felixstowe,0,3.54,3.24,0
2024-01-20,Felixstowe,0,0.37,0.36,0
2024-01-21,Felixstowe,1,6.95,30.97,0
2024-01-22,Felixstowe,1,0.34,19.33,0
2024-01-23,Felixstowe,0,0.01,5.59,0
2024-01-24,Felixstowe,0,1.95,10.81,0
2024-01-25,Felixstowe,0,2.05,11.52,0
2024-01-26,Felixstowe,0,16.14,2.65,0
2024-01-27,Felixstowe,0,10.0,10.86,0
2024-01-28,Felixstowe,0,3.02,24.8,0
2024-01-29,Felixstowe,1,14.44,56.03,0
2024-01-30,Felixstowe,0,1.93,3.35,0
2024-01-31,Felixstowe,0,2.36,9.84,0
2024-02-01,Felixstowe,0,1.52,10.04,0
2024-02-02,Felixstowe,0,0.1,1.36,0
2024-02-03,Felixstowe,1,7.99,39.65,0
2024-02-04,Felixstowe,0,0.95,5.5,0
2024-02-05,Felixstowe,0,0.74,7.18,0
2024-02-06,Felixstowe,0,6.04,4.38,0
2024-02-07,Felixstowe,0,0.34,1.84,0
2024-02-08,Felixstowe,0,8.83,10.08,0
2024-02-09,Felixstowe,0,5.91,9.01,0
2024-02-10,Felixstowe,0,16.92,17.96,0
2024-02-11,Felixstowe,0,2.29,14.92,0
2024-02-12,Felixstowe,0,4.2,32.78,0
2024-02-13,Felixstowe,0,0.44,33.17,0
2024-02-14,Felixstowe,0,2.64,4.32,0
2024-02-15,Felixstowe,0,2.49,12.21,0
2024-02-16,Felixstowe,1,7.23,10.12,0
2024-02-17,Felixstowe,0,13.79,11.03,0
2024-02-18,Felixstowe,0,1.18,23.63,0
2024-02-19,Felixstowe,0,0.51,6.64,0
2024-02-20,Felixstowe,0,0.52,19.76,0
2024-02-21,Felixstowe,0,5.87,23.05,0
2024-02-22,Felixstowe,0,15.37,3.62,0
2024-02-23,Felixstowe,0,9.88,0.13,0
2024-02-24,Felixstowe,0,4.56,22.5,0
2024-02-25,Felixstowe,0,0.74,12.83,0
2024-02-26,Felixstowe,0,0.72,3.42,0
2024-02-27,Felixstowe,0,8.1,6.34,0
2024-02-28,Felixstowe,0,1.03,1.14,0
2024-02-29,Felixstowe,0,0.6,17.57,0
2024-03-01,Felixstowe,0,1.82,17.92,0
2024-03-02,Felixstowe,0,17.16,7.24,0
2024-03-03,Felixstowe,0,2.46,1.22,0
2024-03-04,Felixstowe,0,5.19,11.57,0
2024-03-05,Felixstowe,0,11.84,8.32,0
2024-03-06,Felixstowe,0,6.43,6.04,0
2024-03-07,Felixstowe,0,1.58,1.85,0
2024-03-08,Felixstowe,0,2.38,0.59,0
2024-03-09,Felixstowe,1,3.7,18.05,0
2024-03-10,Felixstowe,1,12.47,7.16,0
2024-03-11,Felixstowe,0,19.29,6.01,0
2024-03-12,Felixstowe,1,6.17,6.72,0
2024-03-13,Felixstowe,1,20.62,7.53,0
2024-03-14,Felixstowe,0,0.19,42.56,0
2024-03-15,Felixstowe,0,0.57,2.63,0
2024-03-16,Felixstowe,0,5.8,16.0,0
2024-03-17,Felixstowe,0,0.17,5.86,0
2024-03-18,Felixstowe,0,2.42,12.81,0
2024-03-19,Felixstowe,1,0.6,3.58,0
2024-03-20,Felixstowe,1,19.39,9.7,0
2024-03-21,Felixstowe,1,54.3,1.95,0
2024-03-22,Felixstowe,1,6.65,15.26,0
2024-03-23,Felixstowe,1,2.13,0.68,0
2024-03-24,Felixstowe,1,2.04,4.51,0
2024-03-25,Felixstowe,1,0.94,30.45,0
2024-03-26,Felixstowe,1,2.57,11.22,0
2024-03-27,Felixstowe,1,4.57,21.96,0
2024-03-28,Felixstowe,1,1.68,8.61,0
2024-03-29,Felixstowe,1,0.54,13.32,0
2024-03-30,Felixstowe,1,22.19,48.12,0
2024-03-31,Felixstowe,0,10.59,1.94,0
2024-04-01,Felixstowe,1,12.79,4.25,0
2024-04-02,Felixstowe,1,5.76,3.28,0
2024-04-03,Felixstowe,1,5.56,0.48,0
2024-04-04,Felixstowe,1,3.84,1.61,0
2024-04-05,Felixstowe,1,4.32,0.13,0
2024-04-06,Felixstowe,1,4.61,2.29,0
2024-04-07,Felixstowe,1,3.7,65.15,0
2024-04-08,Felixstowe,1,10.92,8.05,0
2024-04-09,Felixstowe,1,3.28,18.0,0
2024-04-10,Felixstowe,1,27.66,27.93,0
2024-04-11,Felixstowe,1,2.67,36.34,0
2024-04-12,Felixstowe,1,1.26,10.68,0
2024-04-13,Felixstowe,1,5.96,11.29,0
2024-04-14,Felixstowe,1,10.37,7.08,0
2024-04-15,Felixstowe,1,6.76,14.54,0
2024-04-16,Felixstowe,1,9.68,2.75,0
2024-04-17,Felixstowe,1,7.24,3.4,0
2024-04-18,Felixstowe,0,2.34,8.04,0
2024-04-19,Felixstowe,0,3.8,13.68,0
2024-04-20,Felixstowe,0,1.87,4.76,0
2024-04-21,Felixstowe,1,22.58,28.05,0
2024-04-22,Felixstowe,1,10.55,29.28,0
2024-04-23,Felixstowe,1,4.68,46.48,0
2024-04-24,Felixstowe,2,11.58,10.27,0
2024-04-25,Felixstowe,2,14.75,52.56,0
2024-04-26,Felixstowe,1,7.36,19.82,0
2024-04-27,Felixstowe,1,4.29,15.82,0
2024-04-28,Felixstowe,1,3.55,3.52,0
2024-04-29,Felixstowe,2,11.7,0.54,0
2024-04-30,Felixstowe,1,3.83,13.73,0
2024-05-01,Felixstowe,1,4.19,10.77,0
2024-05-02,Felixstowe,1,7.33,6.6,0
2024-05-03,Felixstowe,1,1.56,13.92,0
2024-05-04,Felixstowe,0,2.53,5.28,0
2024-05-05,Felixstowe,0,3.07,15.65,0
2024-05-06,Felixstowe,1,1.41,12.11,0
2024-05-07,Felixstowe,1,3.38,6.31,0
2024-05-08,Felixstowe,0,3.56,15.47,0
2024-05-09,Felixstowe,1,0.81,1.41,0
2024-05-10,Felixstowe,0,4.37,7.18,0
2024-05-11,Felixstowe,0,1.1,1.3,0
2024-05-12,Felixstowe,0,8.74,0.42,0
2024-05-13,Felixstowe,0,1.95,10.94,0
2024-05-14,Felixstowe,0,0.11,8.82,0
2024-05-15,Felixstowe,1,1.07,5.38,0
2024-05-16,Felixstowe,1,6.55,1.21,0
2024-05-17,Felixstowe,1,19.5,8.03,0
2024-05-18,Felixstowe,1,4.42,2.15,0
2024-05-19,Felixstowe,1,2.62,18.41,0
2024-05-20,Felixstowe,1,0.2,27.1,0
2024-05-21,Felixstowe,1,0.21,16.65,0
2024-05-22,Felixstowe,0,2.96,8.28,0
2024-05-23,Felixstowe,1,4.13,14.71,0
2024-05-24,Felixstowe,1,3.99,5.95,0
2024-05-25,Felixstowe,0,0.6,6.67,0
2024-05-26,Felixstowe,1,3.15,13.05,0
2024-05-27,Felixstowe,1,21.17,11.26,0
2024-05-28,Felixstowe,1,14.71,18.96,0
2024-05-29,Felixstowe,1,7.15,20.57,0
2024-05-30,Felixstowe,1,4.01,12.64,0
2024-05-31,Felixstowe,1,5.75,26.68,0
2024-06-01,Felixstowe,2,0.74,19.26,0
2024-06-02,Felixstowe,2,0.67,38.49,0
2024-06-03,Felixstowe,1,10.17,7.4,0
2024-06-04,Felixstowe,1,4.35,34.93,0
2024-06-05,Felixstowe,1,12.15,7.15,0
2024-06-06,Felixstowe,1,6.73,27.74,0
2024-06-07,Felixstowe,0,11.63,2.11,0
2024-06-08,Felixstowe,1,1.62,4.39,0
2024-06-09,Felixstowe,2,25.33,11.88,0
2024-06-10,Felixstowe,1,1.5,42.74,0
2024-06-11,Felixstowe,1,9.92,22.62,0
2024-06-12,Felixstowe,2,22.77,24.8,0
2024-06-13,Felixstowe,1,4.43,7.41,0
2024-06-14,Felixstowe,2,3.86,27.56,0
2024-06-15,Felixstowe,2,5.29,10.26,0
2024-06-16,Felixstowe,2,4.52,37.65,0
2024-06-17,Felixstowe,2,23.01,7.62,0
2024-06-18,Felixstowe,2,0.73,13.3,0
2024-06-19,Felixstowe,1,19.96,16.75,0
2024-06-20,Felixstowe,1,4.38,20.54,0
2024-06-21,Felixstowe,2,8.29,43.91,0
2024-06-22,Felixstowe,1,3.19,1.74,0
2024-06-23,Felixstowe,2,18.85,3.63,1
2024-06-24,Felixstowe,2,0.06,43.59,1
2024-06-25,Felixstowe,2,3.27,2.95,0
2024-06-26,Felixstowe,2,9.05,73.65,0
2024-06-27,Felixstowe,2,2.38,13.56,1
2024-06-28,Felixstowe,2,6.3,6.67,0
2024-06-29,Felixstowe,1,1.3,17.35,0
2024-06-30,Felixstowe,1,8.13,65.42,0
2024-07-01,Felixstowe,1,1.75,42.03,0
2024-07-02,Felixstowe,1,8.18,2.93,0
2024-07-03,Felixstowe,1,3.47,20.63,0
2024-07-04,Felixstowe,1,25.38,2.5,0
2024-07-05,Felixstowe,1,4.39,38.26,0
2024-07-06,Felixstowe,2,3.98,9.59,0
2024-07-07,Felixstowe,1,0.18,27.05,0
2024-07-08,Felixstowe,1,4.62,30.22,0
2024-07-09,Felixstowe,1,39.58,7.91,0
2024-07-10,Felixstowe,1,7.06,8.77,0
2024-07-11,Felixstowe,1,2.72,53.06,0
2024-07-12,Felixstowe,2,13.24,24.52,1
2024-07-13,Felixstowe,1,4.83,45.81,0
2024-07-14,Felixstowe,1,5.37,62.22,0
2024-07-15,Felixstowe,2,2.97,28.27,0
2024-07-16,Felixstowe,1,6.16,9.31,0
2024-07-17,Felixstowe,1,9.82,11.21,0
2024-07-18,Felixstowe,0,0.8,14.52,0
2024-07-19,Felixstowe,1,2.46,9.26,0
2024-07-20,Felixstowe,1,11.58,28.24,0
2024-07-21,Felixstowe,1,13.22,19.97,0
2024-07-22,Felixstowe,1,0.97,16.02,0
2024-07-23,Felixstowe,2,45.68,7.16,0
2024-07-24,Felixstowe,2,2.76,14.94,0
2024-07-25,Felixstowe,1,4.58,2.99,0
2024-07-26,Felixstowe,1,1.18,28.97,0
2024-07-27,Felixstowe,1,2.31,8.84,0
2024-07-28,Felixstowe,1,7.08,7.94,0
2024-07-29,Felixstowe,2,4.38,2.13,0
2024-07-30,Felixstowe,1,4.16,20.57,0
2024-07-31,Felixstowe,2,39.52,16.06,0
2024-08-01,Felixstowe,1,18.86,8.07,0
2024-08-02,Felixstowe,1,1.01,4.78,0
2024-08-03,Felixstowe,1,4.48,7.05,0
2024-08-04,Felixstowe,2,1.36,8.28,0
2024-08-05,Felixstowe,1,0.7,46.7,0
2024-08-06,Felixstowe,2,2.6,4.28,0
2024-08-07,Felixstowe,2,6.37,74.15,0
2024-08-08,Felixstowe,1,2.34,1.39,0
2024-08-09,Felixstowe,1,3.6,2.03,0
2024-08-10,Felixstowe,1,2.67,2.46,0
2024-08-11,Felixstowe,1,1.06,4.33,0
2024-08-12,Felixstowe,1,3.53,9.61,0
2024-08-13,Felixstowe,2,7.33,5.33,1
2024-08-14,Felixstowe,2,0.72,28.88,0
2024-08-15,Felixstowe,2,1.25,11.5,0
2024-08-16,Felixstowe,2,5.16,37.12,0
2024-08-17,Felixstowe,2,9.63,5.02,0
2024-08-18,Felixstowe,1,3.98,26.01,0
2024-08-19,Felixstowe,2,1.74,7.98,0
2024-08-20,Felixstowe,1,9.12,1.71,0
2024-08-21,Felixstowe,2,16.78,4.61,1
2024-08-22,Felixstowe,2,11.33,2.8,1
2024-08-23,Felixstowe,2,13.58,66.07,0
2024-08-24,Felixstowe,2,2.05,3.43,0
2024-08-25,Felixstowe,1,0.82,1.94,0
2024-08-26,Felixstowe,1,2.92,3.51,0
2024-08-27,Felixstowe,1,2.52,16.74,0
2024-08-28,Felixstowe,1,2.78,1.92,0
2024-08-29,Felixstowe,1,4.85,7.67,0
2024-08-30,Felixstowe,0,0.4,17.2,0
2024-08-31,Felixstowe,0,0.05,3.42,0
2024-09-01,Felixstowe,0,7.67,1.12,0
2024-09-02,Felixstowe,1,9.36,23.45,0
2024-09-03,Felixstowe,1,4.54,5.73,0
2024-09-04,Felixstowe,1,13.43,13.9,0
2024-09-05,Felixstowe,1,6.28,0.52,0
2024-09-06,Felixstowe,1,1.07,3.01,0
2024-09-07,Felixstowe,1,2.06,2.58,0
2024-09-08,Felixstowe,1,9.11,24.57,0
2024-09-09,Felixstowe,1,6.62,1.63,0
2024-09-10,Felixstowe,1,16.78,13.67,0
2024-09-11,Felixstowe,1,1.87,10.74,0
2024-09-12,Felixstowe,1,3.13,11.45,0
2024-09-13,Felixstowe,1,0.03,4.69,0
2024-09-14,Felixstowe,1,1.27,47.12,0
2024-09-15,Felixstowe,0,1.0,0.24,0
2024-09-16,Felixstowe,0,4.1,6.06,0
2024-09-17,Felixstowe,1,0.14,1.27,0
2024-09-18,Felixstowe,1,13.2,19.84,0
2024-09-19,Felixstowe,0,7.88,4.85,0
2024-09-20,Felixstowe,1,5.64,0.83,0
2024-09-21,Felixstowe,0,8.08,6.61,0
2024-09-22,Felixstowe,0,0.58,13.33,0
2024-09-23,Felixstowe,1,3.77,17.83,0
2024-09-24,Felixstowe,0,4.87,0.49,0
2024-09-25,Felixstowe,0,1.43,3.53,0
2024-09-26,Felixstowe,1,3.25,66.89,0
2024-09-27,Felixstowe,1,9.93,2.75,0
2024-09-28,Felixstowe,1,7.95,15.91,0
2024-09-29,Felixstowe,1,0.13,6.13,0
2024-09-30,Felixstowe,1,3.96,23.71,0
2024-10-01,Felixstowe,1,10.67,9.77,0
2024-10-02,Felixstowe,0,0.08,4.43,0
2024-10-03,Felixstowe,0,17.33,30.78,0
2024-10-04,Felixstowe,1,0.33,22.94,0
2024-10-05,Felixstowe,1,4.27,47.99,0
2024-10-06,Felixstowe,1,10.76,30.06,0
2024-10-07,Felixstowe,0,3.26,5.88,0
2024-10-08,Felixstowe,0,7.79,17.85,0
2024-10-09,Felixstowe,0,0.19,4.88,0
2024-10-10,Felixstowe,0,2.18,13.77,0
2024-10-11,Felixstowe,0,1.15,24.03,0
2024-10-12,Felixstowe,0,1.09,47.28,0
2024-10-13,Felixstowe,1,3.77,60.93,0
2024-10-14,Felixstowe,1,4.77,19.42,0
2024-10-15,Felixstowe,1,0.75,11.23,0
2024-10-16,Felixstowe,1,8.86,17.46,0
2024-10-17,Felixstowe,1,3.21,16.1,0
2024-10-18,Felixstowe,1,2.94,64.94,0
2024-10-19,Felixstowe,1,8.25,4.74,0
2024-10-20,Felixstowe,0,10.93,28.65,0
2024-10-21,Felixstowe,1,8.15,42.15,0
2024-10-22,Felixstowe,1,0.77,8.99,0
2024-10-23,Felixstowe,1,1.71,5.15,0
2024-10-24,Felixstowe,1,0.08,9.06,0
2024-10-25,Felixstowe,1,4.29,13.93,0
2024-10-26,Felixstowe,1,5.92,15.24,0
2024-10-27,Felixstowe,1,3.44,7.94,0
2024-10-28,Felixstowe,1,3.75,41.0,0
2024-10-29,Felixstowe,1,1.78,18.12,0
2024-10-30,Felixstowe,1,2.6,36.7,0
2024-10-31,Felixstowe,0,7.32,9.01,0
2024-11-01,Felixstowe,1,9.28,4.45,0
2024-11-02,Felixstowe,1,10.07,9.59,0
2024-11-03,Felixstowe,1,4.88,12.55,0
2024-11-04,Felixstowe,1,28.48,9.45,0
2024-11-05,Felixstowe,1,11.72,51.84,0
2024-11-06,Felixstowe,1,5.95,17.25,0
2024-11-07,Felixstowe,1,3.93,3.81,0
2024-11-08,Felixstowe,1,3.97,22.78,0
2024-11-09,Felixstowe,0,12.05,7.32,0
2024-11-10,Felixstowe,0,7.57,8.25,0
2024-11-11,Felixstowe,0,3.87,24.68,0
2024-11-12,Felixstowe,0,0.89,6.5,0
2024-11-13,Felixstowe,0,1.13,3.97,0
2024-11-14,Felixstowe,1,7.79,17.3,0
2024-11-15,Felixstowe,1,9.63,1.77,0
2024-11-16,Felixstowe,0,6.55,2.09,0
2024-11-17,Felixstowe,0,6.97,18.18,0
2024-11-18,Felixstowe,1,12.19,24.07,0
2024-11-19,Felixstowe,0,7.05,1.93,0
2024-11-20,Felixstowe,0,0.71,5.91,0
2024-11-21,Felixstowe,0,3.11,4.63,0
2024-11-22,Felixstowe,0,2.93,24.67,0
2024-11-23,Felixstowe,0,6.09,10.78,0
2024-11-24,Felixstowe,0,15.41,8.57,0
2024-11-25,Felixstowe,0,6.17,4.69,0
2024-11-26,Felixstowe,0,10.06,21.19,0
2024-11-27,Felixstowe,0,0.63,6.67,0
2024-11-28,Felixstowe,0,4.05,7.82,0
2024-11-29,Felixstowe,1,9.42,18.77,0
2024-11-30,Felixstowe,1,0.19,0.84,0
2024-12-01,Felixstowe,1,4.34,10.45,0
2024-12-02,Felixstowe,0,3.93,10.99,0
2024-12-03,Felixstowe,0,0.32,7.59,0
2024-12-04,Felixstowe,0,8.62,2.01,0
2024-12-05,Felixstowe,0,4.27,0.21,0
2024-12-06,Felixstowe,0,1.66,1.08,0
2024-12-07,Felixstowe,0,1.83,24.15,0
2024-12-08,Felixstowe,0,3.96,1.78,0
2024-12-09,Felixstowe,0,12.07,11.31,0
2024-12-10,Felixstowe,0,4.24,1.38,0
2024-12-11,Felixstowe,0,2.19,8.06,0
2024-12-12,Felixstowe,0,3.73,4.0,0
2024-12-13,Felixstowe,0,0.75,8.44,0
2024-12-14,Felixstowe,0,6.38,21.63,0
2024-12-15,Felixstowe,0,0.23,5.72,0
2024-12-16,Felixstowe,0,2.23,1.96,0
2024-12-17,Felixstowe,0,7.86,1.56,0
2024-12-18,Felixstowe,0,3.6,3.44,0
2024-12-19,Felixstowe,1,4.15,6.8,0
2024-12-20,Felixstowe,1,10.67,42.27,0
2024-12-21,Felixstowe,0,13.25,17.21,0
2024-12-22,Felixstowe,0,0.31,0.35,0
2024-12-23,Felixstowe,0,4.58,5.73,0
2024-12-24,Felixstowe,0,2.44,25.63,0
2024-12-25,Felixstowe,0,8.73,23.32,0
2024-12-26,Felixstowe,0,1.69,5.11,0
2024-12-27,Felixstowe,0,13.91,3.84,0
2024-12-28,Felixstowe,0,6.56,0.66,0
2024-12-29,Felixstowe,0,12.87,10.53,0
2024-12-30,Felixstowe,0,1.33,1.07,0
2024-12-31,Felixstowe,0,0.83,9.21,0
2025-01-01,Felixstowe,0,1.62,23.21,0
2025-01-02,Felixstowe,0,9.35,7.07,0
2025-01-03,Felixstowe,0,6.17,2.73,0
2025-01-04,Felixstowe,0,3.65,5.42,0
2025-01-05,Felixstowe,0,5.86,0.7,0
2025-01-06,Felixstowe,0,14.5,4.44,0
2025-01-07,Felixstowe,1,1.1,6.24,0
2025-01-08,Felixstowe,1,12.28,43.65,0
2025-01-09,Felixstowe,0,1.41,6.01,0
2025-01-10,Felixstowe,1,4.7,27.5,0
2025-01-11,Felixstowe,1,1.9,30.12,0
2025-01-12,Felixstowe,1,1.82,3.72,0
2025-01-13,Felixstowe,0,7.28,9.92,0
2025-01-14,Felixstowe,0,0.42,9.5,0
2025-01-15,Felixstowe,0,7.81,1.25,0
2025-01-16,Felixstowe,0,1.19,3.51,0
2025-01-17,Felixstowe,0,2.96,1.36,0
2025-01-18,Felixstowe,0,2.66,19.88,0
2025-01-19,Felixstowe,0,1.08,7.87,0
2025-01-20,Felixstowe,1,10.51,28.31,0
2025-01-21,Felixstowe,0,0.62,17.33,0
2025-01-22,Felixstowe,0,6.7,3.82,0
2025-01-23,Felixstowe,0,13.46,7.64,0
2025-01-24,Felixstowe,0,3.65,2.6,0
2025-01-25,Felixstowe,0,1.09,49.19,0
2025-01-26,Felixstowe,1,0.04,34.24,0
2025-01-27,Felixstowe,0,4.4,14.94,0
2025-01-28,Felixstowe,0,0.59,3.23,0
2025-01-29,Felixstowe,1,6.23,24.81,0
2025-01-30,Felixstowe,0,0.92,25.51,0
2025-01-31,Felixstowe,0,4.27,0.52,0
2025-02-01,Felixstowe,1,2.55,13.35,0
2025-02-02,Felixstowe,0,3.99,12.52,0
2025-02-03,Felixstowe,1,1.85,19.4,0
2025-02-04,Felixstowe,1,9.2,15.23,0
2025-02-05,Felixstowe,1,0.27,8.36,0
2025-02-06,Felixstowe,1,7.26,34.44,0
2025-02-07,Felixstowe,0,6.31,1.11,0
2025-02-08,Felixstowe,0,15.02,9.08,0
2025-02-09,Felixstowe,0,1.75,15.12,0
2025-02-10,Felixstowe,0,3.78,0.43,0
2025-02-11,Felixstowe,0,0.31,10.98,0
2025-02-12,Felixstowe,0,1.07,4.63,0
2025-02-13,Felixstowe,0,1.99,11.92,0
2025-02-14,Felixstowe,0,0.39,19.8,0
2025-02-15,Felixstowe,0,19.82,17.94,0
2025-02-16,Felixstowe,1,1.89,13.92,0
2025-02-17,Felixstowe,0,0.12,6.68,0
2025-02-18,Felixstowe,0,3.65,0.49,0
2025-02-19,Felixstowe,0,5.13,6.33,0
2025-02-20,Felixstowe,0,0.11,5.17,0
2025-02-21,Felixstowe,0,1.84,0.52,0
2025-02-22,Felixstowe,1,3.85,57.26,0
2025-02-23,Felixstowe,1,0.3,11.46,0
2025-02-24,Felixstowe,1,9.74,3.67,0
2025-02-25,Felixstowe,1,5.61,14.06,0
2025-02-26,Felixstowe,1,14.43,5.65,0
2025-02-27,Felixstowe,1,0.68,65.74,0
2025-02-28,Felixstowe,0,2.24,19.05,0
2025-03-01,Felixstowe,1,9.55,3.14,0
2025-03-02,Felixstowe,1,11.5,8.88,0
2025-03-03,Felixstowe,1,7.68,0.08,0
2025-03-04,Felixstowe,0,9.11,11.87,0
2025-03-05,Felixstowe,1,3.18,25.27,0
2025-03-06,Felixstowe,0,1.25,23.93,0
2025-03-07,Felixstowe,0,2.38,14.55,0
2025-03-08,Felixstowe,0,13.25,1.32,0
2025-03-09,Felixstowe,0,4.6,2.28,0
2025-03-10,Felixstowe,0,8.23,17.4,0
2025-03-11,Felixstowe,0,3.81,23.78,0
2025-03-12,Felixstowe,0,1.5,7.38,0
2025-03-13,Felixstowe,0,4.08,7.84,0
2025-03-14,Felixstowe,0,2.74,8.03,0
2025-03-15,Felixstowe,0,6.42,11.3,0
2025-03-16,Felixstowe,1,0.18,40.25,0
2025-03-17,Felixstowe,1,1.56,5.65,0
2025-03-18,Felixstowe,1,13.56,8.02,0
2025-03-19,Felixstowe,0,3.0,5.56,0
2025-03-20,Felixstowe,0,0.66,19.82,0
2025-03-21,Felixstowe,0,9.48,26.42,0
2025-03-22,Felixstowe,0,1.23,7.22,0
2025-03-23,Felixstowe,0,14.26,0.54,0
2025-03-24,Felixstowe,0,1.31,5.9,0
2025-03-25,Felixstowe,0,5.37,11.41,0
2025-03-26,Felixstowe,1,0.94,2.48,0
2025-03-27,Felixstowe,0,4.91,4.64,0
2025-03-28,Felixstowe,1,6.3,16.32,0
2025-03-29,Felixstowe,0,11.57,26.91,0
2025-03-30,Felixstowe,0,0.62,6.08,0
2025-03-31,Felixstowe,0,0.16,16.72,0
2025-04-01,Felixstowe,0,3.12,46.4,0
2025-04-02,Felixstowe,0,3.61,4.26,0
2025-04-03,Felixstowe,1,2.85,59.38,0
2025-04-04,Felixstowe,0,9.38,20.39,0
2025-04-05,Felixstowe,1,0.48,1.07,0
2025-04-06,Felixstowe,1,6.48,2.73,0
2025-04-07,Felixstowe,1,4.46,37.86,0
2025-04-08,Felixstowe,0,6.41,8.36,0
2025-04-09,Felixstowe,0,5.6,10.31,0
2025-04-10,Felixstowe,0,0.85,5.77,0
2025-04-11,Felixstowe,0,1.79,10.92,0
2025-04-12,Felixstowe,0,9.49,11.79,0
2025-04-13,Felixstowe,1,1.2,11.42,0
2025-04-14,Felixstowe,1,18.01,1.17,0
2025-04-15,Felixstowe,1,1.49,19.61,0
2025-04-16,Felixstowe,0,0.19,8.64,0
2025-04-17,Felixstowe,0,3.67,19.42,0
2025-04-18,Felixstowe,1,12.87,3.43,0
2025-04-19,Felixstowe,1,24.4,11.28,0
2025-04-20,Felixstowe,1,5.08,12.22,0
2025-04-21,Felixstowe,1,13.71,6.92,0
2025-04-22,Felixstowe,1,2.97,47.27,0
2025-04-23,Felixstowe,1,2.45,1.17,0
2025-04-24,Felixstowe,0,10.76,14.52,0
2025-04-25,Felixstowe,1,12.87,14.17,0
2025-04-26,Felixstowe,0,0.73,11.7,0
2025-04-27,Felixstowe,0,17.78,0.52,0
2025-04-28,Felixstowe,1,4.39,8.0,0
2025-04-29,Felixstowe,0,8.45,0.1,0
2025-04-30,Felixstowe,0,2.5,6.25,0
2025-05-01,Felixstowe,0,1.29,6.4,0
2025-05-02,Felixstowe,0,10.57,15.63,0
2025-05-03,Felixstowe,0,16.28,3.82,0
2025-05-04,Felixstowe,1,5.33,26.94,0
2025-05-05,Felixstowe,1,2.32,1.88,0
2025-05-06,Felixstowe,0,10.44,0.69,0
2025-05-07,Felixstowe,1,11.11,8.71,0
2025-05-08,Felixstowe,1,0.25,37.05,0
2025-05-09,Felixstowe,1,0.08,26.84,0
2025-05-10,Felixstowe,1,6.66,31.27,0
2025-05-11,Felixstowe,1,5.22,6.21,0
2025-05-12,Felixstowe,1,9.76,9.71,0
2025-05-13,Felixstowe,1,2.95,14.43,0
2025-05-14,Felixstowe,0,0.53,3.06,0
2025-05-15,Felixstowe,0,10.56,2.23,0
2025-05-16,Felixstowe,1,3.76,14.2,0
2025-05-17,Felixstowe,1,5.69,8.77,0
2025-05-18,Felixstowe,1,7.97,1.29,0
2025-05-19,Felixstowe,1,5.43,12.53,0
2025-05-20,Felixstowe,1,9.13,2.79,0
2025-05-21,Felixstowe,1,18.27,14.08,0
2025-05-22,Felixstowe,1,2.57,66.77,0
2025-05-23,Felixstowe,1,11.17,73.99,0
2025-05-24,Felixstowe,1,21.21,7.03,0
2025-05-25,Felixstowe,1,3.3,13.03,0
2025-05-26,Felixstowe,0,15.79,18.18,0
2025-05-27,Felixstowe,0,2.66,5.75,0
2025-05-28,Felixstowe,0,7.52,19.72,0
2025-05-29,Felixstowe,1,4.42,12.56,0
2025-05-30,Felixstowe,1,3.36,22.54,0
2025-05-31,Felixstowe,1,8.61,44.18,0
2025-06-01,Felixstowe,1,0.56,19.72,0
2025-06-02,Felixstowe,1,1.7,12.1,0
2025-06-03,Felixstowe,1,5.24,18.07,0
2025-06-04,Felixstowe,1,16.75,12.12,0
2025-06-05,Felixstowe,1,2.02,2.96,0
2025-06-06,Felixstowe,2,27.42,32.68,1
2025-06-07,Felixstowe,2,6.68,53.48,0
2025-06-08,Felixstowe,2,18.41,16.08,0
2025-06-09,Felixstowe,2,6.79,16.44,0
2025-06-10,Felixstowe,1,5.05,10.06,0
2025-06-11,Felixstowe,2,9.08,11.67,0
2025-06-12,Felixstowe,2,2.05,4.58,0
2025-06-13,Felixstowe,2,12.51,13.26,0
2025-06-14,Felixstowe,1,5.29,14.24,0
2025-06-15,Felixstowe,2,3.3,1.7,1
2025-06-16,Felixstowe,2,0.91,63.85,0
2025-06-17,Felixstowe,2,14.44,1.43,0
2025-06-18,Felixstowe,2,2.98,97.77,0
2025-06-19,Felixstowe,2,14.93,91.55,0
2025-06-20,Felixstowe,2,7.39,33.92,0
2025-06-21,Felixstowe,2,3.88,13.49,0
2025-06-22,Felixstowe,2,6.28,11.56,0
2025-06-23,Felixstowe,2,1.35,4.0,0
2025-06-24,Felixstowe,2,3.16,2.11,0
2025-06-25,Felixstowe,2,12.33,27.4,0
2025-06-26,Felixstowe,2,29.73,9.01,1
2025-06-27,Felixstowe,2,0.59,11.75,0
2025-06-28,Felixstowe,1,0.34,12.25,0
2025-06-29,Felixstowe,1,26.62,9.19,0
2025-06-30,Felixstowe,1,8.81,4.51,0
2025-07-01,Felixstowe,1,19.57,19.71,0
2025-07-02,Felixstowe,1,14.13,14.6,0
2025-07-03,Felixstowe,1,4.24,1.66,0
2025-07-04,Felixstowe,1,15.8,9.08,0
2025-07-05,Felixstowe,1,1.5,30.36,0
2025-07-06,Felixstowe,1,1.54,8.4,0
2025-07-07,Felixstowe,1,1.16,94.5,0
2025-07-08,Felixstowe,1,11.52,12.64,0
2025-07-09,Felixstowe,1,2.96,18.63,0
2025-07-10,Felixstowe,1,26.39,10.12,0
2025-07-11,Felixstowe,1,16.56,17.58,0
2025-07-12,Felixstowe,2,13.72,52.66,0
2025-07-13,Felixstowe,2,6.93,10.98,1
2025-07-14,Felixstowe,1,5.62,8.53,0
2025-07-15,Felixstowe,1,10.13,4.82,0
2025-07-16,Felixstowe,1,0.39,59.25,0
2025-07-17,Felixstowe,2,4.09,3.15,1
2025-07-18,Felixstowe,2,26.4,1.46,0
2025-07-19,Felixstowe,2,15.12,2.25,0
2025-07-20,Felixstowe,2,10.49,40.6,0
2025-07-21,Felixstowe,2,1.96,38.32,0
2025-07-22,Felixstowe,1,5.36,10.36,0
2025-07-23,Felixstowe,2,25.43,8.46,0
2025-07-24,Felixstowe,2,3.49,18.88,0
2025-07-25,Felixstowe,3,21.87,8.73,1
2025-07-26,Felixstowe,2,31.13,3.75,0
2025-07-27,Felixstowe,2,3.88,14.17,0
2025-07-28,Felixstowe,2,4.87,11.2,0
2025-07-29,Felixstowe,2,11.94,7.39,0
2025-07-30,Felixstowe,2,7.34,9.63,0
2025-07-31,Felixstowe,2,13.2,11.33,0
2025-08-01,Felixstowe,2,8.82,8.28,0
2025-08-02,Felixstowe,2,7.38,15.72,0
2025-08-03,Felixstowe,1,4.95,0.95,0
2025-08-04,Felixstowe,1,2.4,0.17,0
2025-08-05,Felixstowe,1,2.9,8.5,0
2025-08-06,Felixstowe,1,1.03,31.05,0
2025-08-07,Felixstowe,1,3.85,17.19,0
2025-08-08,Felixstowe,1,12.7,7.99,0
2025-08-09,Felixstowe,1,1.45,9.57,0
2025-08-10,Felixstowe,1,14.37,1.58,0
2025-08-11,Felixstowe,1,1.31,6.75,0
2025-08-12,Felixstowe,1,8.98,15.77,0
2025-08-13,Felixstowe,1,0.34,21.64,0
2025-08-14,Felixstowe,1,6.9,53.12,0
2025-08-15,Felixstowe,1,12.04,5.71,0
2025-08-16,Felixstowe,1,12.34,4.22,0
2025-08-17,Felixstowe,1,2.56,35.47,0
2025-08-18,Felixstowe,1,8.89,49.79,0
2025-08-19,Felixstowe,1,17.06,18.24,0
2025-08-20,Felixstowe,1,4.53,9.08,0
2025-08-21,Felixstowe,1,6.59,7.29,0
2025-08-22,Felixstowe,1,14.88,6.18,0
2025-08-23,Felixstowe,0,13.11,9.24,0
2025-08-24,Felixstowe,0,7.47,1.84,0
2025-08-25,Felixstowe,1,12.46,10.13,0
2025-08-26,Felixstowe,1,0.01,19.94,0
2025-08-27,Felixstowe,1,6.99,7.82,0
2025-08-28,Felixstowe,2,1.19,20.33,0
2025-08-29,Felixstowe,1,7.46,5.63,0
2025-08-30,Felixstowe,1,2.28,17.27,0
2025-08-31,Felixstowe,1,8.42,76.83,0
2025-09-01,Felixstowe,1,16.85,14.62,0
2025-09-02,Felixstowe,2,2.59,0.39,1
2025-09-03,Felixstowe,1,9.87,31.77,0
2025-09-04,Felixstowe,1,1.28,16.81,0
2025-09-05,Felixstowe,1,0.03,6.87,0
2025-09-06,Felixstowe,1,1.63,14.34,0
2025-09-07,Felixstowe,1,0.93,37.77,0
2025-09-08,Felixstowe,1,6.35,12.27,0
2025-09-09,Felixstowe,1,1.86,24.71,0
2025-09-10,Felixstowe,1,8.0,8.94,0
2025-09-11,Felixstowe,1,0.56,0.89,0
2025-09-12,Felixstowe,0,8.36,0.16,0
2025-09-13,Felixstowe,1,17.2,10.93,0
2025-09-14,Felixstowe,0,3.4,6.17,0
2025-09-15,Felixstowe,0,18.04,6.63,0
2025-09-16,Felixstowe,0,4.16,3.12,0
2025-09-17,Felixstowe,1,8.17,9.95,0
2025-09-18,Felixstowe,0,0.53,1.91,0
2025-09-19,Felixstowe,0,10.06,1.07,0
2025-09-20,Felixstowe,0,5.51,32.37,0
2025-09-21,Felixstowe,0,2.64,7.51,0
2025-09-22,Felixstowe,0,7.4,1.96,0
2025-09-23,Felixstowe,0,0.0,21.72,0
2025-09-24,Felixstowe,0,0.38,3.38,0
2025-09-25,Felixstowe,0,1.37,3.53,0
2025-09-26,Felixstowe,1,4.98,42.5,0
2025-09-27,Felixstowe,1,8.04,6.32,0
2025-09-28,Felixstowe,1,7.95,41.38,0
2025-09-29,Felixstowe,1,0.25,55.7,0
2025-09-30,Felixstowe,1,0.36,13.3,0
2025-10-01,Felixstowe,0,10.13,28.93,0
2025-10-02,Felixstowe,1,1.65,6.96,0
2025-10-03,Felixstowe,1,16.93,3.01,0
2025-10-04,Felixstowe,1,25.51,0.32,0
2025-10-05,Felixstowe,1,4.62,2.57,0
2025-10-06,Felixstowe,1,3.57,0.59,0
2025-10-07,Felixstowe,1,6.36,10.65,0
2025-10-08,Felixstowe,0,1.13,5.03,0
2025-10-09,Felixstowe,0,2.29,0.33,0
2025-10-10,Felixstowe,1,5.59,2.97,0
2025-10-11,Felixstowe,1,2.63,5.95,0
2025-10-12,Felixstowe,1,2.87,28.28,0
2025-10-13,Felixstowe,1,6.74,14.6,0
2025-10-14,Felixstowe,2,2.17,26.56,0
2025-10-15,Felixstowe,1,0.08,26.85,0
2025-10-16,Felixstowe,1,2.75,8.69,0
2025-10-17,Felixstowe,1,0.2,14.62,0
2025-10-18,Felixstowe,1,2.6,18.78,0
2025-10-19,Felixstowe,1,11.25,8.1,0
2025-10-20,Felixstowe,0,6.62,0.47,0
2025-10-21,Felixstowe,1,1.37,55.59,0
2025-10-22,Felixstowe,1,7.63,8.0,0
2025-10-23,Felixstowe,1,3.13,7.45,0
2025-10-24,Felixstowe,1,2.84,11.0,0
2025-10-25,Felixstowe,1,0.7,29.33,0
2025-10-26,Felixstowe,1,10.46,10.19,0
2025-10-27,Felixstowe,0,3.71,6.36,0
2025-10-28,Felixstowe,0,6.97,6.29,0
2025-10-29,Felixstowe,0,12.66,36.19,0
2025-10-30,Felixstowe,0,1.79,5.55,0
2025-10-31,Felixstowe,1,3.31,12.84,0
2025-11-01,Felixstowe,1,0.41,8.34,0
2025-11-02,Felixstowe,1,1.65,22.03,0
2025-11-03,Felixstowe,1,1.88,23.73,0
2025-11-04,Felixstowe,1,41.92,7.58,0
2025-11-05,Felixstowe,1,0.77,27.7,0
2025-11-06,Felixstowe,0,0.86,5.22,0
2025-11-07,Felixstowe,0,0.89,1.45,0
2025-11-08,Felixstowe,0,3.82,3.13,0
2025-11-09,Felixstowe,0,0.44,7.71,0
2025-11-10,Felixstowe,0,1.72,1.34,0
2025-11-11,Felixstowe,0,2.63,15.93,0
2025-11-12,Felixstowe,0,5.87,8.27,0
2025-11-13,Felixstowe,0,1.94,2.34,0
2025-11-14,Felixstowe,0,14.99,1.88,0
2025-11-15,Felixstowe,0,0.58,10.21,0
2025-11-16,Felixstowe,1,0.35,15.15,0
2025-11-17,Felixstowe,1,0.36,24.49,0
2025-11-18,Felixstowe,1,5.7,10.09,0
2025-11-19,Felixstowe,0,0.22,8.94,0
2025-11-20,Felixstowe,0,2.69,3.06,0
2025-11-21,Felixstowe,0,2.0,23.5,0
2025-11-22,Felixstowe,0,5.79,32.27,0
2025-11-23,Felixstowe,1,3.92,4.35,0
2025-11-24,Felixstowe,1,3.92,34.99,0
2025-11-25,Felixstowe,1,5.28,0.18,0
2025-11-26,Felixstowe,1,25.12,26.75,0
2025-11-27,Felixstowe,1,13.73,36.2,0
2025-11-28,Felixstowe,0,6.94,5.71,0
2025-11-29,Felixstowe,0,7.51,9.98,0
2025-11-30,Felixstowe,0,1.19,28.19,0
2025-12-01,Felixstowe,0,7.93,28.59,0
2025-12-02,Felixstowe,1,5.08,7.49,0
2025-12-03,Felixstowe,1,13.68,26.44,0
2025-12-04,Felixstowe,0,1.71,2.92,0
2025-12-05,Felixstowe,1,15.07,7.24,0
2025-12-06,Felixstowe,0,2.55,20.55,0
2025-12-07,Felixstowe,1,1.77,4.41,0
2025-12-08,Felixstowe,1,3.69,3.23,0
2025-12-09,Felixstowe,1,9.08,83.75,0
2025-12-10,Felixstowe,0,1.29,43.88,0
2025-12-11,Felixstowe,0,1.56,34.91,0
2025-12-12,Felixstowe,0,10.12,2.6,0
2025-12-13,Felixstowe,0,2.41,12.49,0
2025-12-14,Felixstowe,0,21.02,10.57,0
2025-12-15,Felixstowe,0,1.32,2.12,0
2025-12-16,Felixstowe,0,0.48,15.09,0
2025-12-17,Felixstowe,0,1.27,1.85,0
2025-12-18,Felixstowe,0,3.74,5.64,0
2025-12-19,Felixstowe,1,7.66,52.41,0
2025-12-20,Felixstowe,1,0.47,0.17,0
2025-12-21,Felixstowe,0,6.46,1.9,0
2025-12-22,Felixstowe,0,0.22,1.12,0
2025-12-23,Felixstowe,0,8.37,10.56,0
2025-12-24,Felixstowe,0,1.32,7.85,0
2025-12-25,Felixstowe,0,0.38,2.48,0
2025-12-26,Felixstowe,0,2.17,8.33,0
2025-12-27,Felixstowe,1,3.19,37.76,0
2025-12-28,Felixstowe,0,27.89,14.71,0
2025-12-29,Felixstowe,0,1.8,4.87,0
2025-12-30,Felixstowe,0,0.98,4.7,0
2025-12-31,Felixstowe,0,10.33,6.92,0
2023-01-01,Guangzhou,0,1.45,14.71,0
2023-01-02,Guangzhou,0,4.15,11.67,0
2023-01-03,Guangzhou,0,0.34,2.54,0
2023-01-04,Guangzhou,0,6.26,3.65,0
2023-01-05,Guangzhou,0,26.67,8.07,0
2023-01-06,Guangzhou,0,1.85,1.35,0
2023-01-07,Guangzhou,0,10.45,6.45,0
2023-01-08,Guangzhou,0,1.63,3.66,0
2023-01-09,Guangzhou,0,4.63,3.63,0
2023-01-10,Guangzhou,0,3.37,10.0,0
2023-01-11,Guangzhou,0,1.82,4.65,0
2023-01-12,Guangzhou,0,3.63,3.68,0
2023-01-13,Guangzhou,0,2.59,13.0,0
2023-01-14,Guangzhou,0,7.58,9.69,0
2023-01-15,Guangzhou,0,7.68,8.07,0
2023-01-16,Guangzhou,0,5.08,20.2,0
2023-01-17,Guangzhou,0,5.08,10.41,0
2023-01-18,Guangzhou,0,1.27,17.94,0
2023-01-19,Guangzhou,0,1.66,15.04,0
2023-01-20,Guangzhou,0,0.12,6.07,0
2023-01-21,Guangzhou,0,2.06,3.37,0
2023-01-22,Guangzhou,0,3.77,6.66,0
2023-01-23,Guangzhou,0,6.78,3.35,0
2023-01-24,Guangzhou,0,1.23,3.92,0
2023-01-25,Guangzhou,0,3.93,11.2,0
2023-01-26,Guangzhou,0,1.37,8.47,0
2023-01-27,Guangzhou,0,2.12,2.85,0
2023-01-28,Guangzhou,0,7.26,7.25,0
2023-01-29,Guangzhou,0,1.11,8.24,0
2023-01-30,Guangzhou,0,16.83,1.51,0
2023-01-31,Guangzhou,0,4.6,12.83,0
2023-02-01,Guangzhou,0,5.75,7.33,0
2023-02-02,Guangzhou,0,3.66,8.68,0
2023-02-03,Guangzhou,0,0.38,22.17,0
2023-02-04,Guangzhou,0,0.93,48.92,0
2023-02-05,Guangzhou,0,10.68,4.72,0
2023-02-06,Guangzhou,0,0.44,13.06,0
2023-02-07,Guangzhou,0,1.03,1.15,0
2023-02-08,Guangzhou,0,0.35,17.22,0
2023-02-09,Guangzhou,0,3.74,20.06,0
2023-02-10,Guangzhou,0,1.5,8.76,0
2023-02-11,Guangzhou,0,1.4,6.58,0
2023-02-12,Guangzhou,0,0.57,6.14,0
2023-02-13,Guangzhou,0,5.8,0.47,0
2023-02-14,Guangzhou,0,0.16,2.84,0
2023-02-15,Guangzhou,0,1.06,6.9,0
2023-02-16,Guangzhou,0,0.07,14.52,0
2023-02-17,Guangzhou,0,9.04,3.49,0
2023-02-18,Guangzhou,0,3.95,20.6,0
2023-02-19,Guangzhou,0,10.16,11.49,0
2023-02-20,Guangzhou,0,4.41,8.29,0
2023-02-21,Guangzhou,0,6.65,1.38,0
2023-02-22,Guangzhou,0,20.8,4.37,0
2023-02-23,Guangzhou,0,21.22,22.67,0
2023-02-24,Guangzhou,0,11.37,25.37,0
2023-02-25,Guangzhou,0,0.62,26.29,0
2023-02-26,Guangzhou,0,5.09,15.06,0
2023-02-27,Guangzhou,0,15.6,19.63,0
2023-02-28,Guangzhou,0,1.85,3.84,0
2023-03-01,Guangzhou,0,0.7,2.73,0
2023-03-02,Guangzhou,0,1.7,8.26,0
2023-03-03,Guangzhou,0,0.05,3.1,0
2023-03-04,Guangzhou,0,2.01,2.12,0
2023-03-05,Guangzhou,0,2.18,24.72,0
2023-03-06,Guangzhou,0,15.4,30.24,0
2023-03-07,Guangzhou,0,3.09,3.39,0
2023-03-08,Guangzhou,0,20.53,3.81,0
2023-03-09,Guangzhou,0,4.02,1.19,0
2023-03-10,Guangzhou,0,0.65,5.55,0
2023-03-11,Guangzhou,0,0.33,1.31,0
2023-03-12,Guangzhou,0,2.49,27.98,0
2023-03-13,Guangzhou,0,7.19,17.94,0
2023-03-14,Guangzhou,0,1.12,20.0,0
2023-03-15,Guangzhou,0,5.53,0.29,0
2023-03-16,Guangzhou,0,19.6,0.03,0
2023-03-17,Guangzhou,0,12.91,4.22,0
2023-03-18,Guangzhou,0,6.5,1.0,0
2023-03-19,Guangzhou,0,0.66,5.09,0
2023-03-20,Guangzhou,0,0.31,2.06,0
2023-03-21,Guangzhou,0,0.76,14.39,0
2023-03-22,Guangzhou,0,2.1,0.53,0
2023-03-23,Guangzhou,1,7.58,0.06,0
2023-03-24,Guangzhou,1,4.38,0.38,0
2023-03-25,Guangzhou,0,3.97,0.3,0
2023-03-26,Guangzhou,0,3.69,23.14,0
2023-03-27,Guangzhou,0,5.79,16.97,0
2023-03-28,Guangzhou,0,2.79,38.33,0
2023-03-29,Guangzhou,0,1.91,22.63,0
2023-03-30,Guangzhou,0,18.73,13.97,0
2023-03-31,Guangzhou,0,1.68,9.51,0
2023-04-01,Guangzhou,0,1.22,2.06,0
2023-04-02,Guangzhou,1,6.73,3.05,0
2023-04-03,Guangzhou,0,0.03,0.18,0
2023-04-04,Guangzhou,0,1.24,1.82,0
2023-04-05,Guangzhou,0,0.95,0.14,0
2023-04-06,Guangzhou,0,4.89,21.17,0
2023-04-07,Guangzhou,0,0.08,14.7,0
2023-04-08,Guangzhou,0,0.49,2.76,0
2023-04-09,Guangzhou,1,4.13,10.79,0
2023-04-10,Guangzhou,0,1.31,7.56,0
2023-04-11,Guangzhou,1,3.2,4.82,0
2023-04-12,Guangzhou,0,2.52,5.56,0
2023-04-13,Guangzhou,0,0.72,5.35,0
2023-04-14,Guangzhou,0,1.72,9.3,0
2023-04-15,Guangzhou,0,3.3,4.13,0
2023-04-16,Guangzhou,0,1.23,12.43,0
2023-04-17,Guangzhou,0,11.99,5.13,0
2023-04-18,Guangzhou,1,0.78,13.63,0
2023-04-19,Guangzhou,0,5.41,31.61,0
2023-04-20,Guangzhou,0,7.68,6.21,0
2023-04-21,Guangzhou,1,0.01,20.26,0
2023-04-22,Guangzhou,1,4.04,45.08,0
2023-04-23,Guangzhou,0,2.36,14.94,0
2023-04-24,Guangzhou,0,1.92,9.76,0
2023-04-25,Guangzhou,1,15.06,11.77,0
2023-04-26,Guangzhou,2,13.11,56.84,0
2023-04-27,Guangzhou,1,0.22,61.75,0
2023-04-28,Guangzhou,1,2.16,7.73,0
2023-04-29,Guangzhou,1,3.11,4.13,0
2023-04-30,Guangzhou,1,26.09,11.1,0
2023-05-01,Guangzhou,1,10.48,9.17,0
2023-05-02,Guangzhou,0,4.5,11.29,0
2023-05-03,Guangzhou,0,2.13,0.68,0
2023-05-04,Guangzhou,0,0.48,31.61,0
2023-05-05,Guangzhou,1,1.85,10.51,0
2023-05-06,Guangzhou,1,5.28,8.42,0
2023-05-07,Guangzhou,1,21.22,0.97,0
2023-05-08,Guangzhou,1,5.39,0.9,0
2023-05-09,Guangzhou,0,5.43,8.19,0
2023-05-10,Guangzhou,1,17.87,32.55,0
2023-05-11,Guangzhou,1,4.46,9.03,0
2023-05-12,Guangzhou,2,10.23,1.62,0
2023-05-13,Guangzhou,2,16.14,13.19,0
2023-05-14,Guangzhou,1,14.69,9.29,0
2023-05-15,Guangzhou,2,12.72,22.08,0
2023-05-16,Guangzhou,1,1.79,7.54,0
2023-05-17,Guangzhou,1,5.17,0.24,0
2023-05-18,Guangzhou,2,1.19,39.55,0
2023-05-19,Guangzhou,1,3.59,27.74,0
2023-05-20,Guangzhou,1,8.98,41.0,0
2023-05-21,Guangzhou,1,3.74,10.17,0
2023-05-22,Guangzhou,1,2.7,20.73,0
2023-05-23,Guangzhou,1,4.18,8.17,0
2023-05-24,Guangzhou,1,0.27,14.67,0
2023-05-25,Guangzhou,1,25.51,51.61,0
2023-05-26,Guangzhou,1,3.04,8.67,0
2023-05-27,Guangzhou,0,1.14,5.21,0
2023-05-28,Guangzhou,1,3.01,2.27,0
2023-05-29,Guangzhou,1,1.71,6.43,0
2023-05-30,Guangzhou,1,0.89,1.76,0
2023-05-31,Guangzhou,2,10.85,55.94,0
2023-06-01,Guangzhou,2,11.74,28.95,1
2023-06-02,Guangzhou,2,4.21,17.37,0
2023-06-03,Guangzhou,2,0.59,22.18,0
2023-06-04,Guangzhou,2,27.31,3.65,0
2023-06-05,Guangzhou,3,4.55,33.48,1
2023-06-06,Guangzhou,2,7.12,31.31,0
2023-06-07,Guangzhou,2,5.13,38.74,0
2023-06-08,Guangzhou,2,0.23,1.39,0
2023-06-09,Guangzhou,2,22.63,12.07,0
2023-06-10,Guangzhou,2,2.24,98.69,0
2023-06-11,Guangzhou,1,4.11,20.75,0
2023-06-12,Guangzhou,2,4.51,11.28,1
2023-06-13,Guangzhou,1,7.58,33.59,0
2023-06-14,Guangzhou,1,5.03,0.86,0
2023-06-15,Guangzhou,1,3.46,17.45,0
2023-06-16,Guangzhou,1,2.39,13.73,0
2023-06-17,Guangzhou,1,14.06,9.89,0
2023-06-18,Guangzhou,1,0.78,69.12,0
2023-06-19,Guangzhou,1,0.03,63.21,0
2023-06-20,Guangzhou,1,0.63,24.99,0
2023-06-21,Guangzhou,1,7.48,12.46,0
2023-06-22,Guangzhou,1,5.08,20.08,0
2023-06-23,Guangzhou,1,0.09,8.73,0
2023-06-24,Guangzhou,2,3.66,27.79,0
2023-06-25,Guangzhou,1,16.44,14.12,0
2023-06-26,Guangzhou,1,3.37,1.62,0
2023-06-27,Guangzhou,1,9.62,13.61,0
2023-06-28,Guangzhou,1,15.16,5.64,0
2023-06-29,Guangzhou,1,26.43,66.84,0
2023-06-30,Guangzhou,2,2.51,26.78,1
2023-07-01,Guangzhou,1,2.34,1.48,0
2023-07-02,Guangzhou,2,3.74,3.07,1
2023-07-03,Guangzhou,2,13.56,30.28,0
2023-07-04,Guangzhou,2,4.43,28.1,0
2023-07-05,Guangzhou,2,8.01,34.24,0
2023-07-06,Guangzhou,1,35.39,0.6,0
2023-07-07,Guangzhou,1,7.03,14.37,0
2023-07-08,Guangzhou,1,0.96,4.68,0
2023-07-09,Guangzhou,1,0.45,13.17,0
2023-07-10,Guangzhou,1,6.0,31.79,0
2023-07-11,Guangzhou,1,1.46,67.65,0
2023-07-12,Guangzhou,0,6.03,11.67,0
2023-07-13,Guangzhou,0,7.01,4.8,0
2023-07-14,Guangzhou,1,4.61,15.87,0
2023-07-15,Guangzhou,1,4.88,29.41,0
2023-07-16,Guangzhou,1,3.84,1.41,0
2023-07-17,Guangzhou,1,14.78,27.24,0
2023-07-18,Guangzhou,1,1.19,19.07,0
2023-07-19,Guangzhou,2,0.85,9.37,0
2023-07-20,Guangzhou,2,3.73,22.56,0
2023-07-21,Guangzhou,2,11.74,35.62,0
2023-07-22,Guangzhou,2,2.06,38.45,0
2023-07-23,Guangzhou,2,2.87,10.28,0
2023-07-24,Guangzhou,2,2.98,1.81,0
2023-07-25,Guangzhou,2,2.33,12.4,0
2023-07-26,Guangzhou,2,6.31,12.39,0
2023-07-27,Guangzhou,2,2.19,63.33,0
2023-07-28,Guangzhou,1,3.36,101.23,0
2023-07-29,Guangzhou,1,2.57,44.17,0
2023-07-30,Guangzhou,1,24.38,1.55,0
2023-07-31,Guangzhou,1,6.51,8.49,0
2023-08-01,Guangzhou,1,4.84,17.4,0
2023-08-02,Guangzhou,1,28.37,38.14,0
2023-08-03,Guangzhou,1,4.34,7.08,0
2023-08-04,Guangzhou,1,27.15,5.92,0
2023-08-05,Guangzhou,0,1.98,37.98,0
2023-08-06,Guangzhou,1,31.86,31.39,0
2023-08-07,Guangzhou,0,3.18,3.73,0
2023-08-08,Guangzhou,1,1.09,0.39,0
2023-08-09,Guangzhou,1,13.7,0.73,0
2023-08-10,Guangzhou,1,8.42,13.72,0
2023-08-11,Guangzhou,0,0.75,15.92,0
2023-08-12,Guangzhou,0,1.16,6.07,0
2023-08-13,Guangzhou,1,8.43,28.45,0
2023-08-14,Guangzhou,0,4.52,17.2,0
2023-08-15,Guangzhou,2,19.48,18.07,1
2023-08-16,Guangzhou,1,10.7,0.87,0
2023-08-17,Guangzhou,1,8.51,7.11,0
2023-08-18,Guangzhou,1,3.3,24.11,0
2023-08-19,Guangzhou,1,2.29,17.48,0
2023-08-20,Guangzhou,0,3.04,8.05,0
2023-08-21,Guangzhou,0,9.29,8.06,0
2023-08-22,Guangzhou,1,12.32,57.61,0
2023-08-23,Guangzhou,1,2.47,19.07,0
2023-08-24,Guangzhou,1,4.59,40.15,0
2023-08-25,Guangzhou,1,25.48,1.51,0
2023-08-26,Guangzhou,1,23.6,6.86,0
2023-08-27,Guangzhou,1,10.84,6.22,0
2023-08-28,Guangzhou,2,9.19,7.92,0
2023-08-29,Guangzhou,2,5.7,3.05,0
2023-08-30,Guangzhou,1,1.73,15.59,0
2023-08-31,Guangzhou,1,6.99,36.12,0
2023-09-01,Guangzhou,0,0.32,16.11,0
2023-09-02,Guangzhou,0,10.8,6.45,0
2023-09-03,Guangzhou,1,19.1,32.66,0
2023-09-04,Guangzhou,1,5.31,3.37,0
2023-09-05,Guangzhou,1,13.18,3.93,0
2023-09-06,Guangzhou,0,3.6,1.76,0
2023-09-07,Guangzhou,1,20.19,13.45,0
2023-09-08,Guangzhou,0,12.4,9.42,0
2023-09-09,Guangzhou,1,1.28,0.58,0
2023-09-10,Guangzhou,0,7.1,0.33,0
2023-09-11,Guangzhou,0,2.41,4.51,0
2023-09-12,Guangzhou,0,4.42,0.58,0
2023-09-13,Guangzhou,0,4.99,15.3,0
2023-09-14,Guangzhou,1,0.55,12.25,0
2023-09-15,Guangzhou,1,5.26,4.64,0
2023-09-16,Guangzhou,0,2.21,3.48,0
2023-09-17,Guangzhou,1,20.84,10.14,0
2023-09-18,Guangzhou,1,5.21,0.34,0
2023-09-19,Guangzhou,1,7.5,26.17,0
2023-09-20,Guangzhou,1,6.54,5.23,0
2023-09-21,Guangzhou,1,16.67,1.98,0
2023-09-22,Guangzhou,2,4.26,8.56,0
2023-09-23,Guangzhou,1,13.81,20.32,0
2023-09-24,Guangzhou,1,6.17,2.23,0
2023-09-25,Guangzhou,1,13.18,1.69,0
2023-09-26,Guangzhou,1,5.47,13.38,0
2023-09-27,Guangzhou,1,5.41,5.61,0
2023-09-28,Guangzhou,1,14.92,0.42,0
2023-09-29,Guangzhou,1,10.65,38.75,0
2023-09-30,Guangzhou,1,0.64,22.6,0
2023-10-01,Guangzhou,1,0.19,102.43,0
2023-10-02,Guangzhou,2,2.31,25.2,0
2023-10-03,Guangzhou,1,6.97,33.03,0
2023-10-04,Guangzhou,1,13.31,18.56,0
2023-10-05,Guangzhou,1,2.09,4.69,0
2023-10-06,Guangzhou,0,2.09,39.36,0
2023-10-07,Guangzhou,0,0.23,26.15,0
2023-10-08,Guangzhou,0,6.86,0.73,0
2023-10-09,Guangzhou,0,1.78,7.62,0
2023-10-10,Guangzhou,0,6.19,1.35,0
2023-10-11,Guangzhou,0,7.39,7.96,0
2023-10-12,Guangzhou,0,3.05,7.19,0
2023-10-13,Guangzhou,0,12.91,17.21,0
2023-10-14,Guangzhou,0,3.07,11.44,0
2023-10-15,Guangzhou,1,1.28,14.76,0
2023-10-16,Guangzhou,0,0.33,18.77,0
2023-10-17,Guangzhou,0,10.32,20.44,0
2023-10-18,Guangzhou,0,1.05,26.65,0
2023-10-19,Guangzhou,0,2.7,9.02,0
2023-10-20,Guangzhou,0,8.32,7.89,0
2023-10-21,Guangzhou,0,2.72,18.65,0
2023-10-22,Guangzhou,0,1.65,8.3,0
2023-10-23,Guangzhou,0,8.17,11.58,0
2023-10-24,Guangzhou,0,20.29,8.27,0
2023-10-25,Guangzhou,0,2.6,27.64,0
2023-10-26,Guangzhou,0,4.64,22.91,0
2023-10-27,Guangzhou,0,7.16,5.03,0
2023-10-28,Guangzhou,0,4.96,11.62,0
2023-10-29,Guangzhou,0,4.65,11.86,0
2023-10-30,Guangzhou,0,1.07,3.15,0
2023-10-31,Guangzhou,0,0.03,9.95,0
2023-11-01,Guangzhou,0,4.14,19.67,0
2023-11-02,Guangzhou,0,7.32,3.11,0
2023-11-03,Guangzhou,0,1.36,24.5,0
2023-11-04,Guangzhou,0,1.77,7.54,0
2023-11-05,Guangzhou,0,3.89,12.97,0
2023-11-06,Guangzhou,0,1.89,2.0,0
2023-11-07,Guangzhou,0,5.42,23.68,0
2023-11-08,Guangzhou,1,0.41,4.82,0
2023-11-09,Guangzhou,0,1.66,2.17,0
2023-11-10,Guangzhou,0,4.19,4.44,0
2023-11-11,Guangzhou,0,6.99,2.4,0
2023-11-12,Guangzhou,0,10.74,18.43,0
2023-11-13,Guangzhou,0,2.66,4.01,0
2023-11-14,Guangzhou,0,9.94,3.0,0
2023-11-15,Guangzhou,0,2.94,13.83,0
2023-11-16,Guangzhou,0,20.03,3.23,0
2023-11-17,Guangzhou,0,6.05,6.89,0
2023-11-18,Guangzhou,0,6.46,3.02,0
2023-11-19,Guangzhou,0,1.5,5.39,0
2023-11-20,Guangzhou,0,9.52,27.17,0
2023-11-21,Guangzhou,0,20.83,13.04,0
2023-11-22,Guangzhou,0,4.39,1.58,0
2023-11-23,Guangzhou,0,2.96,3.42,0
2023-11-24,Guangzhou,0,0.42,14.84,0
2023-11-25,Guangzhou,0,4.14,3.68,0
2023-11-26,Guangzhou,0,2.59,20.5,0
2023-11-27,Guangzhou,0,11.24,2.17,0
2023-11-28,Guangzhou,0,5.62,3.08,0
2023-11-29,Guangzhou,0,4.33,8.64,0
2023-11-30,Guangzhou,0,7.22,1.28,0
2023-12-01,Guangzhou,0,4.98,7.85,0
2023-12-02,Guangzhou,0,0.28,2.48,0
2023-12-03,Guangzhou,0,1.77,18.62,0
2023-12-04,Guangzhou,0,1.63,9.57,0
2023-12-05,Guangzhou,0,10.78,10.86,0
2023-12-06,Guangzhou,0,6.66,29.2,0
2023-12-07,Guangzhou,1,19.14,0.31,0
2023-12-08,Guangzhou,0,4.02,12.14,0
2023-12-09,Guangzhou,0,5.49,11.25,0
2023-12-10,Guangzhou,0,0.49,19.91,0
2023-12-11,Guangzhou,0,9.2,0.42,0
2023-12-12,Guangzhou,0,6.22,19.17,0
2023-12-13,Guangzhou,0,16.89,1.07,0
2023-12-14,Guangzhou,0,1.28,7.69,0
2023-12-15,Guangzhou,0,6.56,3.47,0
2023-12-16,Guangzhou,0,4.59,31.15,0
2023-12-17,Guangzhou,0,6.69,1.5,0
2023-12-18,Guangzhou,0,2.57,0.98,0
2023-12-19,Guangzhou,0,0.67,22.23,0
2023-12-20,Guangzhou,0,1.49,4.0,0
2023-12-21,Guangzhou,0,11.54,0.98,0
2023-12-22,Guangzhou,0,13.32,15.88,0
2023-12-23,Guangzhou,0,1.09,8.29,0
2023-12-24,Guangzhou,0,9.31,16.6,0
2023-12-25,Guangzhou,0,2.67,2.85,0
2023-12-26,Guangzhou,0,1.27,14.94,0
2023-12-27,Guangzhou,0,11.38,5.31,0
2023-12-28,Guangzhou,0,6.54,16.48,0
2023-12-29,Guangzhou,0,8.0,2.61,0
2023-12-30,Guangzhou,0,2.59,0.24,0
2023-12-31,Guangzhou,0,5.98,6.52,0
2024-01-01,Guangzhou,0,2.82,2.44,0
2024-01-02,Guangzhou,0,15.49,0.3,0
2024-01-03,Guangzhou,0,4.34,0.35,0
2024-01-04,Guangzhou,0,0.5,4.38,0
2024-01-05,Guangzhou,0,0.42,10.64,0
2024-01-06,Guangzhou,0,0.68,15.74,0
2024-01-07,Guangzhou,0,5.69,3.44,0
2024-01-08,Guangzhou,0,2.05,7.63,0
2024-01-09,Guangzhou,0,2.88,5.33,0
2024-01-10,Guangzhou,0,4.84,16.75,0
2024-01-11,Guangzhou,0,3.27,11.36,0
2024-01-12,Guangzhou,0,8.0,7.77,0
2024-01-13,Guangzhou,0,11.44,1.89,0
2024-01-14,Guangzhou,0,10.9,2.59,0
2024-01-15,Guangzhou,0,9.1,5.05,0
2024-01-16,Guangzhou,0,6.51,6.26,0
2024-01-17,Guangzhou,0,9.92,27.64,0
2024-01-18,Guangzhou,0,3.63,4.93,0
2024-01-19,Guangzhou,0,3.12,4.41,0
2024-01-20,Guangzhou,0,6.52,10.66,0
2024-01-21,Guangzhou,0,16.74,4.07,0
2024-01-22,Guangzhou,0,8.49,1.47,0
2024-01-23,Guangzhou,0,8.21,12.74,0
2024-01-24,Guangzhou,0,4.06,4.98,0
2024-01-25,Guangzhou,0,2.76,3.33,0
2024-01-26,Guangzhou,0,1.91,18.42,0
2024-01-27,Guangzhou,0,0.49,13.69,0
2024-01-28,Guangzhou,0,1.99,17.21,0
2024-01-29,Guangzhou,0,0.56,13.83,0
2024-01-30,Guangzhou,0,0.51,16.87,0
2024-01-31,Guangzhou,0,1.19,19.75,0
2024-02-01,Guangzhou,0,6.01,3.74,0
2024-02-02,Guangzhou,0,10.01,3.08,0
2024-02-03,Guangzhou,0,19.22,41.98,0
2024-02-04,Guangzhou,0,0.27,7.81,0
2024-02-05,Guangzhou,0,4.19,12.4,0
2024-02-06,Guangzhou,0,1.1,5.92,0
2024-02-07,Guangzhou,0,5.4,1.07,0
2024-02-08,Guangzhou,0,2.67,22.04,0
2024-02-09,Guangzhou,0,9.88,16.77,0
2024-02-10,Guangzhou,0,0.33,11.73,0
2024-02-11,Guangzhou,0,14.35,9.25,0
2024-02-12,Guangzhou,0,9.79,11.18,0
2024-02-13,Guangzhou,0,5.14,7.84,0
2024-02-14,Guangzhou,0,0.62,5.84,0
2024-02-15,Guangzhou,0,9.95,25.55,0
2024-02-16,Guangzhou,0,2.69,6.61,0
2024-02-17,Guangzhou,0,5.01,6.05,0
2024-02-18,Guangzhou,0,11.39,2.15,0
2024-02-19,Guangzhou,0,12.81,12.99,0
2024-02-20,Guangzhou,0,1.42,12.04,0
2024-02-21,Guangzhou,0,14.2,13.93,0
2024-02-22,Guangzhou,0,2.86,0.02,0
2024-02-23,Guangzhou,0,0.38,22.78,0
2024-02-24,Guangzhou,0,1.71,3.18,0
2024-02-25,Guangzhou,0,15.65,18.79,0
2024-02-26,Guangzhou,0,1.64,4.36,0
2024-02-27,Guangzhou,0,4.83,18.53,0
2024-02-28,Guangzhou,0,2.89,5.79,0
2024-02-29,Guangzhou,0,10.61,8.46,0
2024-03-01,Guangzhou,0,3.42,11.09,0
2024-03-02,Guangzhou,0,3.14,8.72,0
2024-03-03,Guangzhou,0,12.43,2.5,0
2024-03-04,Guangzhou,0,8.65,5.3,0
2024-03-05,Guangzhou,0,0.8,5.48,0
2024-03-06,Guangzhou,0,6.57,1.88,0
2024-03-07,Guangzhou,1,3.99,21.64,0
2024-03-08,Guangzhou,0,0.56,0.29,0
2024-03-09,Guangzhou,1,4.74,3.2,0
2024-03-10,Guangzhou,0,3.78,4.27,0
2024-03-11,Guangzhou,0,2.06,43.37,0
2024-03-12,Guangzhou,0,0.39,4.01,0
2024-03-13,Guangzhou,0,4.03,0.71,0
2024-03-14,Guangzhou,0,3.0,12.53,0
2024-03-15,Guangzhou,0,0.6,20.83,0
2024-03-16,Guangzhou,0,4.58,3.97,0
2024-03-17,Guangzhou,0,11.63,2.79,0
2024-03-18,Guangzhou,0,13.68,0.44,0
2024-03-19,Guangzhou,0,0.97,6.19,0
2024-03-20,Guangzhou,0,3.92,10.57,0
2024-03-21,Guangzhou,1,1.41,12.36,0
2024-03-22,Guangzhou,0,8.45,9.11,0
2024-03-23,Guangzhou,0,0.02,7.85,0
2024-03-24,Guangzhou,0,3.2,14.92,0
2024-03-25,Guangzhou,0,1.39,2.17,0
2024-03-26,Guangzhou,0,2.53,11.5,0
2024-03-27,Guangzhou,0,6.38,6.67,0
2024-03-28,Guangzhou,0,0.41,12.65,0
2024-03-29,Guangzhou,0,1.77,18.98,0
2024-03-30,Guangzhou,0,4.66,6.43,0
2024-03-31,Guangzhou,0,0.79,2.6,0
2024-04-01,Guangzhou,0,9.04,0.98,0
2024-04-02,Guangzhou,0,4.66,12.62,0
2024-04-03,Guangzhou,0,1.28,12.0,0
2024-04-04,Guangzhou,0,0.71,16.93,0
2024-04-05,Guangzhou,1,3.53,47.23,0
2024-04-06,Guangzhou,1,5.6,22.08,0
2024-04-07,Guangzhou,1,2.03,7.03,0
2024-04-08,Guangzhou,0,2.42,8.97,0
2024-04-09,Guangzhou,1,23.83,1.12,0
2024-04-10,Guangzhou,1,0.5,28.68,0
2024-04-11,Guangzhou,1,1.51,24.55,0
2024-04-12,Guangzhou,1,3.1,2.28,0
2024-04-13,Guangzhou,0,1.75,11.54,0
2024-04-14,Guangzhou,1,1.98,33.18,0
2024-04-15,Guangzhou,1,2.27,58.14,0
2024-04-16,Guangzhou,1,15.6,13.04,0
2024-04-17,Guangzhou,1,12.36,14.84,0
2024-04-18,Guangzhou,1,2.85,12.25,0
2024-04-19,Guangzhou,1,4.4,2.35,0
2024-04-20,Guangzhou,1,9.87,7.9,0
2024-04-21,Guangzhou,0,1.33,5.54,0
2024-04-22,Guangzhou,1,2.97,3.63,0
2024-04-23,Guangzhou,1,5.74,12.7,0
2024-04-24,Guangzhou,0,0.78,15.38,0
2024-04-25,Guangzhou,0,1.32,33.63,0
2024-04-26,Guangzhou,0,5.29,4.11,0
2024-04-27,Guangzhou,1,4.97,7.3,0
2024-04-28,Guangzhou,1,3.89,24.64,0
2024-04-29,Guangzhou,1,12.43,15.23,0
2024-04-30,Guangzhou,1,3.44,4.61,0
2024-05-01,Guangzhou,1,6.13,6.13,0
2024-05-02,Guangzhou,1,22.99,8.68,0
2024-05-03,Guangzhou,1,6.77,2.01,0
2024-05-04,Guangzhou,1,3.45,13.83,0
2024-05-05,Guangzhou,1,0.9,0.7,0
2024-05-06,Guangzhou,1,4.28,20.93,0
2024-05-07,Guangzhou,1,2.29,11.01,0
2024-05-08,Guangzhou,1,4.57,20.14,0
2024-05-09,Guangzhou,1,2.13,1.59,0
2024-05-10,Guangzhou,1,0.26,53.47,0
2024-05-11,Guangzhou,2,1.74,2.62,0
2024-05-12,Guangzhou,2,0.16,16.21,0
2024-05-13,Guangzhou,1,0.79,28.12,0
2024-05-14,Guangzhou,1,4.18,5.24,0
2024-05-15,Guangzhou,0,13.92,8.87,0
2024-05-16,Guangzhou,1,8.11,24.16,0
2024-05-17,Guangzhou,1,0.57,13.32,0
2024-05-18,Guangzhou,1,3.06,43.05,0
2024-05-19,Guangzhou,1,17.02,4.74,0
2024-05-20,Guangzhou,2,3.1,1.92,0
2024-05-21,Guangzhou,1,4.47,14.49,0
2024-05-22,Guangzhou,1,13.92,10.1,0
2024-05-23,Guangzhou,1,4.32,28.97,0
2024-05-24,Guangzhou,1,0.56,17.86,0
2024-05-25,Guangzhou,0,2.01,18.28,0
2024-05-26,Guangzhou,1,19.55,24.41,0
2024-05-27,Guangzhou,1,49.06,20.7,0
2024-05-28,Guangzhou,1,39.69,4.64,0
2024-05-29,Guangzhou,1,4.96,2.43,0
2024-05-30,Guangzhou,1,4.11,5.44,0
2024-05-31,Guangzhou,1,8.02,25.39,0
2024-06-01,Guangzhou,1,5.67,24.74,0
2024-06-02,Guangzhou,1,14.09,48.56,0
2024-06-03,Guangzhou,0,0.49,5.74,0
2024-06-04,Guangzhou,1,4.25,10.54,0
2024-06-05,Guangzhou,1,4.05,7.21,0
2024-06-06,Guangzhou,1,0.06,49.95,0
2024-06-07,Guangzhou,1,1.0,11.09,0
2024-06-08,Guangzhou,2,21.47,20.44,0
2024-06-09,Guangzhou,2,5.67,4.52,1
2024-06-10,Guangzhou,1,0.34,13.58,0
2024-06-11,Guangzhou,2,17.2,4.24,0
2024-06-12,Guangzhou,1,10.59,11.43,0
2024-06-13,Guangzhou,1,12.5,11.51,0
2024-06-14,Guangzhou,1,3.65,8.29,0
2024-06-15,Guangzhou,0,1.89,10.47,0
2024-06-16,Guangzhou,0,4.53,28.33,0
2024-06-17,Guangzhou,1,0.89,2.68,0
2024-06-18,Guangzhou,0,0.62,4.48,0
2024-06-19,Guangzhou,1,4.5,4.98,0
2024-06-20,Guangzhou,1,10.32,0.44,0
2024-06-21,Guangzhou,1,3.31,17.2,0
2024-06-22,Guangzhou,0,17.97,5.36,0
2024-06-23,Guangzhou,1,7.77,72.47,0
2024-06-24,Guangzhou,1,30.0,33.32,0
2024-06-25,Guangzhou,1,6.53,78.75,0
2024-06-26,Guangzhou,1,7.86,0.61,0
2024-06-27,Guangzhou,1,9.1,2.95,0
2024-06-28,Guangzhou,1,62.25,0.27,0
2024-06-29,Guangzhou,1,2.46,36.35,0
2024-06-30,Guangzhou,1,3.41,4.63,0
2024-07-01,Guangzhou,1,2.12,3.74,0
2024-07-02,Guangzhou,1,4.3,0.39,0
2024-07-03,Guangzhou,0,12.88,0.82,0
2024-07-04,Guangzhou,0,3.06,5.84,0
2024-07-05,Guangzhou,0,1.45,7.32,0
2024-07-06,Guangzhou,0,1.32,3.39,0
2024-07-07,Guangzhou,1,28.16,37.85,0
2024-07-08,Guangzhou,1,1.81,1.37,0
2024-07-09,Guangzhou,1,0.25,7.08,0
2024-07-10,Guangzhou,1,6.64,64.24,0
2024-07-11,Guangzhou,1,0.28,18.66,0
2024-07-12,Guangzhou,1,3.28,15.55,0
2024-07-13,Guangzhou,2,13.26,31.35,0
2024-07-14,Guangzhou,2,5.75,4.56,0
2024-07-15,Guangzhou,1,1.73,11.62,0
2024-07-16,Guangzhou,1,2.31,18.26,0
2024-07-17,Guangzhou,1,4.3,5.77,0
2024-07-18,Guangzhou,1,0.83,4.21,0
2024-07-19,Guangzhou,1,1.93,16.73,0
2024-07-20,Guangzhou,2,9.88,95.72,0
2024-07-21,Guangzhou,2,1.45,35.28,0
2024-07-22,Guangzhou,2,24.76,68.09,0
2024-07-23,Guangzhou,2,0.24,22.0,0
2024-07-24,Guangzhou,2,0.33,50.61,0
2024-07-25,Guangzhou,1,4.64,11.2,0
2024-07-26,Guangzhou,1,18.1,2.74,0
2024-07-27,Guangzhou,1,1.87,6.1,0
2024-07-28,Guangzhou,1,1.24,11.43,0
2024-07-29,Guangzhou,1,1.51,18.92,0
2024-07-30,Guangzhou,1,22.95,15.38,0
2024-07-31,Guangzhou,1,0.29,4.79,0
2024-08-01,Guangzhou,1,12.4,4.8,0
2024-08-02,Guangzhou,1,20.07,10.65,0
2024-08-03,Guangzhou,1,4.91,19.89,0
2024-08-04,Guangzhou,1,2.26,22.77,0
2024-08-05,Guangzhou,2,10.5,29.32,0
2024-08-06,Guangzhou,2,1.37,5.83,1
2024-08-07,Guangzhou,2,6.46,32.32,1
2024-08-08,Guangzhou,2,2.94,29.8,1
2024-08-09,Guangzhou,2,1.83,3.99,0
2024-08-10,Guangzhou,1,12.0,26.62,0
2024-08-11,Guangzhou,2,15.48,8.95,0
2024-08-12,Guangzhou,1,2.9,38.16,0
2024-08-13,Guangzhou,0,3.88,8.87,0
2024-08-14,Guangzhou,0,4.17,24.12,0
2024-08-15,Guangzhou,1,0.08,5.32,0
2024-08-16,Guangzhou,1,5.4,7.59,0
2024-08-17,Guangzhou,1,19.17,0.76,0
2024-08-18,Guangzhou,1,5.68,19.39,0
2024-08-19,Guangzhou,1,10.0,4.71,0
2024-08-20,Guangzhou,1,11.5,13.63,0
2024-08-21,Guangzhou,0,0.9,20.65,0
2024-08-22,Guangzhou,1,1.7,17.83,0
2024-08-23,Guangzhou,1,1.26,60.66,0
2024-08-24,Guangzhou,2,21.51,51.82,0
2024-08-25,Guangzhou,2,1.6,18.4,0
2024-08-26,Guangzhou,1,4.37,20.33,0
2024-08-27,Guangzhou,1,15.96,10.4,0
2024-08-28,Guangzhou,1,3.47,15.71,0
2024-08-29,Guangzhou,1,2.27,63.89,0
2024-08-30,Guangzhou,1,5.53,8.48,0
2024-08-31,Guangzhou,1,5.93,20.12,0
2024-09-01,Guangzhou,0,6.88,21.07,0
2024-09-02,Guangzhou,1,4.5,0.99,0
2024-09-03,Guangzhou,1,0.28,2.69,0
2024-09-04,Guangzhou,1,10.2,0.99,0
2024-09-05,Guangzhou,1,0.12,7.99,0
2024-09-06,Guangzhou,1,15.63,5.41,0
2024-09-07,Guangzhou,0,5.05,2.92,0
2024-09-08,Guangzhou,1,0.69,14.8,0
2024-09-09,Guangzhou,1,5.6,7.06,0
2024-09-10,Guangzhou,1,9.56,24.56,0
2024-09-11,Guangzhou,1,1.08,11.5,0
2024-09-12,Guangzhou,1,2.71,12.37,0
2024-09-13,Guangzhou,1,5.41,3.14,0
2024-09-14,Guangzhou,1,4.66,22.18,0
2024-09-15,Guangzhou,1,7.29,15.15,0
2024-09-16,Guangzhou,0,0.69,5.61,0
2024-09-17,Guangzhou,0,12.71,13.57,0
2024-09-18,Guangzhou,1,8.45,11.25,0
2024-09-19,Guangzhou,1,2.59,14.13,0
2024-09-20,Guangzhou,0,2.6,19.6,0
2024-09-21,Guangzhou,0,0.78,13.06,0
2024-09-22,Guangzhou,0,3.4,1.17,0
2024-09-23,Guangzhou,0,3.64,1.1,0
2024-09-24,Guangzhou,0,10.98,9.64,0
2024-09-25,Guangzhou,0,4.37,2.98,0
2024-09-26,Guangzhou,0,5.17,1.33,0
2024-09-27,Guangzhou,0,6.56,25.5,0
2024-09-28,Guangzhou,0,8.02,9.92,0
2024-09-29,Guangzhou,1,11.18,4.78,0
2024-09-30,Guangzhou,0,1.43,6.62,0
2024-10-01,Guangzhou,0,2.45,4.71,0
2024-10-02,Guangzhou,0,0.49,0.77,0
2024-10-03,Guangzhou,0,1.15,26.54,0
2024-10-04,Guangzhou,0,5.38,24.87,0
2024-10-05,Guangzhou,0,4.75,17.53,0
2024-10-06,Guangzhou,0,0.23,6.32,0
2024-10-07,Guangzhou,0,3.34,1.33,0
2024-10-08,Guangzhou,0,1.84,10.71,0
2024-10-09,Guangzhou,0,1.24,12.84,0
2024-10-10,Guangzhou,0,3.75,2.79,0
2024-10-11,Guangzhou,0,0.61,2.61,0
2024-10-12,Guangzhou,0,8.82,10.28,0
2024-10-13,Guangzhou,0,1.2,9.98,0
2024-10-14,Guangzhou,0,4.89,1.77,0
2024-10-15,Guangzhou,0,0.71,8.87,0
2024-10-16,Guangzhou,0,0.7,18.67,0
2024-10-17,Guangzhou,0,8.17,2.07,0
2024-10-18,Guangzhou,0,1.88,3.11,0
2024-10-19,Guangzhou,0,0.78,1.36,0
2024-10-20,Guangzhou,0,0.45,12.12,0
2024-10-21,Guangzhou,0,4.78,4.31,0
2024-10-22,Guangzhou,0,9.1,7.44,0
2024-10-23,Guangzhou,0,8.48,4.0,0
2024-10-24,Guangzhou,0,0.41,3.67,0
2024-10-25,Guangzhou,0,0.47,1.96,0
2024-10-26,Guangzhou,0,1.76,8.15,0
2024-10-27,Guangzhou,0,11.73,5.18,0
2024-10-28,Guangzhou,0,0.61,18.04,0
2024-10-29,Guangzhou,0,1.33,10.12,0
2024-10-30,Guangzhou,0,0.31,6.84,0
2024-10-31,Guangzhou,1,8.03,8.62,0
2024-11-01,Guangzhou,1,1.27,1.25,0
2024-11-02,Guangzhou,0,2.85,8.58,0
2024-11-03,Guangzhou,0,0.03,7.32,0
2024-11-04,Guangzhou,0,6.12,23.08,0
2024-11-05,Guangzhou,0,8.13,3.21,0
2024-11-06,Guangzhou,0,9.04,40.04,0
2024-11-07,Guangzhou,0,0.92,3.47,0
2024-11-08,Guangzhou,0,4.5,8.43,0
2024-11-09,Guangzhou,0,0.66,9.43,0
2024-11-10,Guangzhou,0,9.7,9.47,0
2024-11-11,Guangzhou,0,4.01,1.09,0
2024-11-12,Guangzhou,1,16.69,3.06,0
2024-11-13,Guangzhou,0,7.6,15.16,0
2024-11-14,Guangzhou,0,5.09,1.19,0
2024-11-15,Guangzhou,0,8.18,9.13,0
2024-11-16,Guangzhou,0,0.55,2.45,0
2024-11-17,Guangzhou,0,1.77,23.03,0
2024-11-18,Guangzhou,0,2.54,4.74,0
2024-11-19,Guangzhou,0,4.33,12.94,0
2024-11-20,Guangzhou,0,0.06,2.41,0
2024-11-21,Guangzhou,0,3.14,1.55,0
2024-11-22,Guangzhou,0,8.38,16.3,0
2024-11-23,Guangzhou,0,3.68,6.98,0
2024-11-24,Guangzhou,0,10.35,6.94,0
2024-11-25,Guangzhou,0,1.19,7.72,0
2024-11-26,Guangzhou,0,2.04,5.15,0
2024-11-27,Guangzhou,0,8.16,9.02,0
2024-11-28,Guangzhou,0,1.29,4.1,0
2024-11-29,Guangzhou,0,3.62,3.52,0
2024-11-30,Guangzhou,0,9.41,30.93,0
2024-12-01,Guangzhou,0,6.69,0.23,0
2024-12-02,Guangzhou,0,3.39,2.3,0
2024-12-03,Guangzhou,0,0.27,0.98,0
2024-12-04,Guangzhou,0,26.46,4.68,0
2024-12-05,Guangzhou,0,1.98,36.32,0
2024-12-06,Guangzhou,0,3.65,2.44,0
2024-12-07,Guangzhou,0,0.1,5.21,0
2024-12-08,Guangzhou,0,1.57,13.97,0
2024-12-09,Guangzhou,0,1.74,7.13,0
2024-12-10,Guangzhou,0,10.26,5.66,0
2024-12-11,Guangzhou,0,0.21,1.38,0
2024-12-12,Guangzhou,0,9.56,3.19,0
2024-12-13,Guangzhou,0,9.2,17.52,0
2024-12-14,Guangzhou,0,3.59,14.85,0
2024-12-15,Guangzhou,0,0.18,19.17,0
2024-12-16,Guangzhou,0,1.07,34.25,0
2024-12-17,Guangzhou,0,6.39,0.54,0
2024-12-18,Guangzhou,0,4.18,24.55,0
2024-12-19,Guangzhou,0,3.32,11.9,0
2024-12-20,Guangzhou,0,12.56,8.49,0
2024-12-21,Guangzhou,0,10.62,8.82,0
2024-12-22,Guangzhou,0,4.2,1.05,0
2024-12-23,Guangzhou,0,5.32,4.68,0
2024-12-24,Guangzhou,0,4.06,5.21,0
2024-12-25,Guangzhou,0,1.49,4.02,0
2024-12-26,Guangzhou,0,3.1,36.46,0
2024-12-27,Guangzhou,0,2.19,14.12,0
2024-12-28,Guangzhou,0,21.84,22.1,0
2024-12-29,Guangzhou,0,11.12,20.89,0
2024-12-30,Guangzhou,0,2.12,11.67,0
2024-12-31,Guangzhou,0,3.68,2.2,0
2025-01-01,Guangzhou,0,1.92,3.71,0
2025-01-02,Guangzhou,0,10.9,5.11,0
2025-01-03,Guangzhou,0,2.81,4.41,0
2025-01-04,Guangzhou,0,0.12,10.21,0
2025-01-05,Guangzhou,0,1.5,10.82,0
2025-01-06,Guangzhou,0,1.23,51.37,0
2025-01-07,Guangzhou,0,1.03,0.41,0
2025-01-08,Guangzhou,0,0.91,1.44,0
2025-01-09,Guangzhou,0,3.48,8.63,0
2025-01-10,Guangzhou,0,0.59,83.34,0
2025-01-11,Guangzhou,0,1.78,39.49,0
2025-01-12,Guangzhou,0,7.4,1.16,0
2025-01-13,Guangzhou,0,0.8,2.94,0
2025-01-14,Guangzhou,0,4.95,1.1,0
2025-01-15,Guangzhou,0,5.92,1.6,0
2025-01-16,Guangzhou,0,1.75,11.11,0
2025-01-17,Guangzhou,0,11.93,1.54,0
2025-01-18,Guangzhou,0,1.26,3.21,0
2025-01-19,Guangzhou,0,8.17,13.63,0
2025-01-20,Guangzhou,0,1.23,3.68,0
2025-01-21,Guangzhou,0,1.05,1.5,0
2025-01-22,Guangzhou,0,0.34,15.77,0
2025-01-23,Guangzhou,0,6.89,11.15,0
2025-01-24,Guangzhou,0,2.36,5.79,0
2025-01-25,Guangzhou,0,1.49,3.8,0
2025-01-26,Guangzhou,0,6.49,4.12,0
2025-01-27,Guangzhou,0,11.85,22.29,0
2025-01-28,Guangzhou,0,12.84,2.72,0
2025-01-29,Guangzhou,0,4.71,11.24,0
2025-01-30,Guangzhou,0,7.55,13.98,0
2025-01-31,Guangzhou,0,1.55,5.78,0
2025-02-01,Guangzhou,0,0.07,5.46,0
2025-02-02,Guangzhou,0,0.62,18.07,0
2025-02-03,Guangzhou,0,5.81,1.65,0
2025-02-04,Guangzhou,0,26.02,7.15,0
2025-02-05,Guangzhou,0,35.83,9.81,0
2025-02-06,Guangzhou,0,0.41,10.34,0
2025-02-07,Guangzhou,0,1.33,27.02,0
2025-02-08,Guangzhou,0,0.19,5.97,0
2025-02-09,Guangzhou,0,10.1,16.57,0
2025-02-10,Guangzhou,0,1.14,6.03,0
2025-02-11,Guangzhou,0,2.02,2.81,0
2025-02-12,Guangzhou,0,0.93,7.27,0
2025-02-13,Guangzhou,0,0.05,2.52,0
2025-02-14,Guangzhou,0,2.07,5.11,0
2025-02-15,Guangzhou,0,0.05,9.09,0
2025-02-16,Guangzhou,0,5.99,22.05,0
2025-02-17,Guangzhou,0,3.11,1.55,0
2025-02-18,Guangzhou,0,0.68,15.33,0
2025-02-19,Guangzhou,0,9.63,12.35,0
2025-02-20,Guangzhou,0,8.79,0.49,0
2025-02-21,Guangzhou,0,2.54,10.18,0
2025-02-22,Guangzhou,0,0.45,21.73,0
2025-02-23,Guangzhou,0,0.12,23.84,0
2025-02-24,Guangzhou,1,9.02,30.82,0
2025-02-25,Guangzhou,0,10.08,3.63,0
2025-02-26,Guangzhou,0,0.82,1.11,0
2025-02-27,Guangzhou,0,12.9,6.09,0
2025-02-28,Guangzhou,0,5.72,12.23,0
2025-03-01,Guangzhou,0,5.11,0.28,0
2025-03-02,Guangzhou,0,0.84,7.09,0
2025-03-03,Guangzhou,0,11.19,0.05,0
2025-03-04,Guangzhou,0,9.54,4.1,0
2025-03-05,Guangzhou,0,0.37,19.57,0
2025-03-06,Guangzhou,0,1.09,4.82,0
2025-03-07,Guangzhou,0,11.16,5.53,0
2025-03-08,Guangzhou,0,11.47,12.77,0
2025-03-09,Guangzhou,0,1.85,0.14,0
2025-03-10,Guangzhou,0,0.15,7.1,0
2025-03-11,Guangzhou,0,5.91,5.18,0
2025-03-12,Guangzhou,0,2.95,0.12,0
2025-03-13,Guangzhou,0,2.25,8.88,0
2025-03-14,Guangzhou,0,11.16,8.24,0
2025-03-15,Guangzhou,0,1.37,16.79,0
2025-03-16,Guangzhou,0,7.71,11.54,0
2025-03-17,Guangzhou,0,2.38,27.19,0
2025-03-18,Guangzhou,0,2.0,5.72,0
2025-03-19,Guangzhou,0,17.9,10.86,0
2025-03-20,Guangzhou,0,0.23,11.08,0
2025-03-21,Guangzhou,0,5.55,15.48,0
2025-03-22,Guangzhou,1,1.95,11.18,0
2025-03-23,Guangzhou,1,28.92,2.12,0
2025-03-24,Guangzhou,1,0.3,10.11,0
2025-03-25,Guangzhou,0,6.76,0.24,0
2025-03-26,Guangzhou,0,2.35,0.11,0
2025-03-27,Guangzhou,1,1.64,21.19,0
2025-03-28,Guangzhou,1,9.42,23.56,0
2025-03-29,Guangzhou,1,15.16,16.69,0
2025-03-30,Guangzhou,1,9.65,5.15,0
2025-03-31,Guangzhou,1,2.14,0.62,0
2025-04-01,Guangzhou,0,6.58,3.27,0
2025-04-02,Guangzhou,1,1.13,16.65,0
2025-04-03,Guangzhou,1,1.64,6.4,0
2025-04-04,Guangzhou,0,3.36,2.96,0
2025-04-05,Guangzhou,0,0.05,7.07,0
2025-04-06,Guangzhou,0,1.26,12.26,0
2025-04-07,Guangzhou,0,11.89,12.87,0
2025-04-08,Guangzhou,1,1.34,9.38,0
2025-04-09,Guangzhou,1,11.7,8.83,0
2025-04-10,Guangzhou,1,14.84,2.3,0
2025-04-11,Guangzhou,2,4.36,9.84,0
2025-04-12,Guangzhou,1,6.56,26.99,0
2025-04-13,Guangzhou,1,14.43,14.29,0
2025-04-14,Guangzhou,1,0.86,41.81,0
2025-04-15,Guangzhou,2,16.43,53.27,1
2025-04-16,Guangzhou,2,20.93,13.1,0
2025-04-17,Guangzhou,1,20.32,35.39,0
2025-04-18,Guangzhou,1,5.95,3.16,0
2025-04-19,Guangzhou,1,18.5,4.67,0
2025-04-20,Guangzhou,1,6.74,13.29,0
2025-04-21,Guangzhou,1,1.68,10.5,0
2025-04-22,Guangzhou,1,8.53,23.05,0
2025-04-23,Guangzhou,1,4.65,4.54,0
2025-04-24,Guangzhou,2,17.53,49.25,0
2025-04-25,Guangzhou,2,10.26,20.17,0
2025-04-26,Guangzhou,2,6.35,9.15,0
2025-04-27,Guangzhou,1,5.03,0.57,0
2025-04-28,Guangzhou,1,5.24,44.61,0
2025-04-29,Guangzhou,0,11.14,5.41,0
2025-04-30,Guangzhou,1,4.07,6.11,0
2025-05-01,Guangzhou,0,3.21,5.55,0
2025-05-02,Guangzhou,1,8.24,2.65,0
2025-05-03,Guangzhou,1,5.63,42.56,0
2025-05-04,Guangzhou,0,6.46,11.5,0
2025-05-05,Guangzhou,1,8.75,0.39,0
2025-05-06,Guangzhou,1,14.94,0.88,0
2025-05-07,Guangzhou,1,28.48,46.88,0
2025-05-08,Guangzhou,2,33.73,9.67,0
2025-05-09,Guangzhou,1,2.8,120.0,0
2025-05-10,Guangzhou,2,1.93,3.54,0
2025-05-11,Guangzhou,1,3.91,50.23,0
2025-05-12,Guangzhou,1,8.61,7.92,0
2025-05-13,Guangzhou,2,5.84,6.95,0
2025-05-14,Guangzhou,1,9.93,20.34,0
2025-05-15,Guangzhou,0,5.17,3.11,0
2025-05-16,Guangzhou,1,9.1,11.23,0
2025-05-17,Guangzhou,1,48.43,11.34,0
2025-05-18,Guangzhou,1,8.89,22.51,0
2025-05-19,Guangzhou,1,16.12,13.01,0
2025-05-20,Guangzhou,1,0.19,9.86,0
2025-05-21,Guangzhou,1,7.34,1.55,0
2025-05-22,Guangzhou,1,15.03,17.54,0
2025-05-23,Guangzhou,2,8.88,14.31,0
2025-05-24,Guangzhou,1,17.32,11.73,0
2025-05-25,Guangzhou,1,19.66,39.13,0
2025-05-26,Guangzhou,1,8.15,5.49,0
2025-05-27,Guangzhou,1,1.41,9.89,0
2025-05-28,Guangzhou,1,19.27,8.17,0
2025-05-29,Guangzhou,1,12.31,8.87,0
2025-05-30,Guangzhou,1,36.38,13.65,0
2025-05-31,Guangzhou,1,0.66,15.03,0
2025-06-01,Guangzhou,1,1.82,1.24,0
2025-06-02,Guangzhou,1,0.08,9.17,0
2025-06-03,Guangzhou,1,3.2,15.45,0
2025-06-04,Guangzhou,1,10.7,17.96,0
2025-06-05,Guangzhou,2,1.75,27.93,0
2025-06-06,Guangzhou,1,2.53,3.76,0
2025-06-07,Guangzhou,0,1.54,6.36,0
2025-06-08,Guangzhou,0,3.63,4.47,0
2025-06-09,Guangzhou,0,5.07,7.28,0
2025-06-10,Guangzhou,0,4.53,9.48,0
2025-06-11,Guangzhou,1,10.89,68.43,0
2025-06-12,Guangzhou,1,5.52,34.79,0
2025-06-13,Guangzhou,1,0.99,5.64,0
2025-06-14,Guangzhou,1,3.34,8.78,0
2025-06-15,Guangzhou,1,7.58,27.32,0
2025-06-16,Guangzhou,1,5.06,0.48,0
2025-06-17,Guangzhou,1,13.61,1.05,0
2025-06-18,Guangzhou,1,23.07,9.26,0
2025-06-19,Guangzhou,1,5.22,1.12,0
2025-06-20,Guangzhou,2,5.84,22.61,0
2025-06-21,Guangzhou,1,2.3,0.96,0
2025-06-22,Guangzhou,1,1.26,1.74,0
2025-06-23,Guangzhou,1,13.99,1.46,0
2025-06-24,Guangzhou,1,1.82,20.54,0
2025-06-25,Guangzhou,1,1.41,13.86,0
2025-06-26,Guangzhou,1,2.03,1.33,0
2025-06-27,Guangzhou,1,9.9,26.93,0
2025-06-28,Guangzhou,2,4.02,0.07,0
2025-06-29,Guangzhou,1,11.17,34.21,0
2025-06-30,Guangzhou,2,1.19,5.74,0
2025-07-01,Guangzhou,2,1.83,24.99,1
2025-07-02,Guangzhou,2,4.63,16.95,0
2025-07-03,Guangzhou,1,1.52,11.98,0
2025-07-04,Guangzhou,1,19.18,4.61,0
2025-07-05,Guangzhou,1,1.74,9.26,0
2025-07-06,Guangzhou,1,7.69,22.76,0
2025-07-07,Guangzhou,1,17.15,22.1,0
2025-07-08,Guangzhou,1,8.19,3.17,0
2025-07-09,Guangzhou,1,12.64,8.4,0
2025-07-10,Guangzhou,1,5.97,9.99,0
2025-07-11,Guangzhou,2,13.59,11.52,0
2025-07-12,Guangzhou,1,1.21,50.73,0
2025-07-13,Guangzhou,1,10.43,0.22,0
2025-07-14,Guangzhou,2,24.27,9.46,0
2025-07-15,Guangzhou,1,9.56,19.5,0
2025-07-16,Guangzhou,1,2.17,35.75,0
2025-07-17,Guangzhou,1,10.6,60.77,0
2025-07-18,Guangzhou,1,4.45,22.8,0
2025-07-19,Guangzhou,1,7.82,4.47,0
2025-07-20,Guangzhou,1,5.76,26.77,0
2025-07-21,Guangzhou,0,10.77,8.49,0
2025-07-22,Guangzhou,1,1.76,2.72,0
2025-07-23,Guangzhou,0,1.97,2.74,0
2025-07-24,Guangzhou,1,26.63,5.82,0
2025-07-25,Guangzhou,1,6.13,7.54,0
2025-07-26,Guangzhou,1,1.4,25.9,0
2025-07-27,Guangzhou,1,2.64,19.37,0
2025-07-28,Guangzhou,1,0.54,19.33,0
2025-07-29,Guangzhou,1,9.96,28.44,0
2025-07-30,Guangzhou,1,1.44,26.24,0
2025-07-31,Guangzhou,1,2.27,5.09,0
2025-08-01,Guangzhou,1,27.33,7.49,0
2025-08-02,Guangzhou,1,0.11,21.31,0
2025-08-03,Guangzhou,0,3.33,17.42,0
2025-08-04,Guangzhou,0,1.22,13.33,0
2025-08-05,Guangzhou,1,7.5,18.71,0
2025-08-06,Guangzhou,1,22.79,7.35,0
2025-08-07,Guangzhou,1,17.7,10.34,0
2025-08-08,Guangzhou,1,3.49,1.84,0
2025-08-09,Guangzhou,1,1.2,18.27,0
2025-08-10,Guangzhou,1,4.19,3.39,0
2025-08-11,Guangzhou,1,8.51,34.73,0
2025-08-12,Guangzhou,0,0.05,0.64,0
2025-08-13,Guangzhou,1,10.16,1.48,0
2025-08-14,Guangzhou,1,6.53,18.98,0
2025-08-15,Guangzhou,0,16.35,3.67,0
2025-08-16,Guangzhou,1,14.7,6.36,0
2025-08-17,Guangzhou,1,7.05,17.83,0
2025-08-18,Guangzhou,1,11.6,13.86,0
2025-08-19,Guangzhou,1,5.19,6.82,0
2025-08-20,Guangzhou,1,0.77,8.89,0
2025-08-21,Guangzhou,1,3.69,2.23,0
2025-08-22,Guangzhou,2,0.4,5.92,0
2025-08-23,Guangzhou,2,0.74,19.48,0
2025-08-24,Guangzhou,2,4.5,29.13,0
2025-08-25,Guangzhou,2,4.1,26.4,0
2025-08-26,Guangzhou,2,6.67,18.87,0
2025-08-27,Guangzhou,2,28.13,28.88,0
2025-08-28,Guangzhou,1,2.87,8.52,0
2025-08-29,Guangzhou,2,38.19,42.76,1
2025-08-30,Guangzhou,1,10.05,12.71,0
2025-08-31,Guangzhou,1,7.38,28.03,0
2025-09-01,Guangzhou,1,7.33,20.64,0
2025-09-02,Guangzhou,0,3.98,17.61,0
2025-09-03,Guangzhou,0,5.96,0.76,0
2025-09-04,Guangzhou,0,9.5,1.15,0
2025-09-05,Guangzhou,0,0.41,17.42,0
2025-09-06,Guangzhou,0,7.39,9.73,0
2025-09-07,Guangzhou,1,2.68,27.56,0
2025-09-08,Guangzhou,1,14.74,0.78,0
2025-09-09,Guangzhou,1,30.03,10.95,0
2025-09-10,Guangzhou,1,14.22,4.72,0
2025-09-11,Guangzhou,1,4.75,1.41,0
2025-09-12,Guangzhou,1,4.89,15.45,0
2025-09-13,Guangzhou,1,14.96,7.52,0
2025-09-14,Guangzhou,1,5.13,34.27,0
2025-09-15,Guangzhou,1,12.54,8.32,0
2025-09-16,Guangzhou,0,4.29,11.56,0
2025-09-17,Guangzhou,1,3.41,1.44,0
2025-09-18,Guangzhou,1,0.91,4.67,0
2025-09-19,Guangzhou,0,8.05,0.78,0
2025-09-20,Guangzhou,0,1.77,9.4,0
2025-09-21,Guangzhou,1,12.9,11.87,0
2025-09-22,Guangzhou,1,4.47,54.3,0
2025-09-23,Guangzhou,1,3.02,2.18,0
2025-09-24,Guangzhou,0,1.12,5.64,0
2025-09-25,Guangzhou,0,1.19,1.1,0
2025-09-26,Guangzhou,1,0.92,15.84,0
2025-09-27,Guangzhou,0,1.13,6.6,0
2025-09-28,Guangzhou,0,12.64,5.39,0
2025-09-29,Guangzhou,0,2.37,3.84,0
2025-09-30,Guangzhou,0,12.81,18.4,0
2025-10-01,Guangzhou,0,3.31,1.75,0
2025-10-02,Guangzhou,0,4.87,11.0,0
2025-10-03,Guangzhou,0,3.03,1.26,0
2025-10-04,Guangzhou,0,1.91,1.57,0
2025-10-05,Guangzhou,0,0.62,2.02,0
2025-10-06,Guangzhou,0,13.55,1.57,0
2025-10-07,Guangzhou,0,4.59,3.78,0
2025-10-08,Guangzhou,0,4.54,3.26,0
2025-10-09,Guangzhou,0,10.8,4.94,0
2025-10-10,Guangzhou,0,2.3,5.78,0
2025-10-11,Guangzhou,1,5.43,8.39,0
2025-10-12,Guangzhou,1,19.46,63.1,0
2025-10-13,Guangzhou,0,3.77,3.37,0
2025-10-14,Guangzhou,1,4.6,3.81,0
2025-10-15,Guangzhou,0,1.1,4.72,0
2025-10-16,Guangzhou,1,1.6,27.78,0
2025-10-17,Guangzhou,0,2.82,7.4,0
2025-10-18,Guangzhou,0,0.45,2.49,0
2025-10-19,Guangzhou,1,26.56,24.16,0
2025-10-20,Guangzhou,1,7.45,10.71,0
2025-10-21,Guangzhou,1,7.34,3.93,0
2025-10-22,Guangzhou,1,4.61,9.75,0
2025-10-23,Guangzhou,0,9.26,8.24,0
2025-10-24,Guangzhou,0,7.24,0.44,0
2025-10-25,Guangzhou,0,17.47,14.21,0
2025-10-26,Guangzhou,0,6.46,12.73,0
2025-10-27,Guangzhou,0,0.32,0.74,0
2025-10-28,Guangzhou,0,9.22,0.9,0
2025-10-29,Guangzhou,0,2.86,32.92,0
2025-10-30,Guangzhou,0,2.47,13.38,0
2025-10-31,Guangzhou,0,1.28,9.53,0
2025-11-01,Guangzhou,0,6.36,5.56,0
2025-11-02,Guangzhou,0,10.64,33.65,0
2025-11-03,Guangzhou,0,2.46,9.79,0
2025-11-04,Guangzhou,0,4.0,4.62,0
2025-11-05,Guangzhou,0,4.87,3.2,0
2025-11-06,Guangzhou,0,3.91,9.77,0
2025-11-07,Guangzhou,0,3.92,6.01,0
2025-11-08,Guangzhou,0,2.87,4.43,0
2025-11-09,Guangzhou,0,7.72,4.64,0
2025-11-10,Guangzhou,0,5.53,0.29,0
2025-11-11,Guangzhou,0,2.96,27.87,0
2025-11-12,Guangzhou,0,3.63,10.59,0
2025-11-13,Guangzhou,0,19.36,2.75,0
2025-11-14,Guangzhou,0,11.99,14.49,0
2025-11-15,Guangzhou,0,8.35,7.63,0
2025-11-16,Guangzhou,0,3.88,28.68,0
2025-11-17,Guangzhou,0,4.06,14.1,0
2025-11-18,Guangzhou,0,3.06,22.86,0
2025-11-19,Guangzhou,0,6.0,19.28,0
2025-11-20,Guangzhou,0,3.01,3.15,0
2025-11-21,Guangzhou,0,2.6,12.97,0
2025-11-22,Guangzhou,0,3.77,2.1,0
2025-11-23,Guangzhou,0,2.88,4.46,0
2025-11-24,Guangzhou,0,9.24,1.44,0
2025-11-25,Guangzhou,0,10.28,5.05,0
2025-11-26,Guangzhou,0,7.55,14.43,0
2025-11-27,Guangzhou,0,2.51,1.35,0
2025-11-28,Guangzhou,0,6.82,11.81,0
2025-11-29,Guangzhou,0,1.82,50.02,0
2025-11-30,Guangzhou,0,2.49,6.69,0
2025-12-01,Guangzhou,0,8.46,1.64,0
2025-12-02,Guangzhou,0,1.95,4.71,0
2025-12-03,Guangzhou,1,5.7,1.47,0
2025-12-04,Guangzhou,0,2.65,52.93,0
2025-12-05,Guangzhou,0,8.66,9.45,0
2025-12-06,Guangzhou,0,1.38,11.3,0
2025-12-07,Guangzhou,0,14.16,1.75,0
2025-12-08,Guangzhou,0,5.04,3.17,0
2025-12-09,Guangzhou,0,14.09,6.12,0
2025-12-10,Guangzhou,0,3.35,7.49,0
2025-12-11,Guangzhou,0,3.49,4.45,0
2025-12-12,Guangzhou,0,0.45,16.3,0
2025-12-13,Guangzhou,0,10.5,7.47,0
2025-12-14,Guangzhou,1,15.48,26.02,0
2025-12-15,Guangzhou,1,18.43,5.53,0
2025-12-16,Guangzhou,0,0.31,4.89,0
2025-12-17,Guangzhou,0,1.51,6.49,0
2025-12-18,Guangzhou,0,3.8,15.35,0
2025-12-19,Guangzhou,0,7.12,1.73,0
2025-12-20,Guangzhou,0,5.31,11.16,0
2025-12-21,Guangzhou,0,7.48,0.13,0
2025-12-22,Guangzhou,0,5.41,1.17,0
2025-12-23,Guangzhou,0,1.97,18.1,0
2025-12-24,Guangzhou,0,1.61,3.89,0
2025-12-25,Guangzhou,0,0.96,10.74,0
2025-12-26,Guangzhou,0,20.22,27.33,0
2025-12-27,Guangzhou,0,0.6,3.45,0
2025-12-28,Guangzhou,0,4.26,42.44,0
2025-12-29,Guangzhou,0,1.32,41.09,0
2025-12-30,Guangzhou,0,5.27,15.16,0
2025-12-31,Guangzhou,0,2.73,21.96,0
2023-01-01,Mumbai,1,11.39,14.24,0
2023-01-02,Mumbai,1,4.24,2.53,0
2023-01-03,Mumbai,2,7.95,0.38,0
2023-01-04,Mumbai,2,16.55,8.41,0
2023-01-05,Mumbai,2,10.18,1.06,0
2023-01-06,Mumbai,1,8.93,2.05,0
2023-01-07,Mumbai,2,1.39,7.0,1
2023-01-08,Mumbai,2,3.3,19.71,0
2023-01-09,Mumbai,2,0.53,12.39,1
2023-01-10,Mumbai,2,1.37,37.21,0
2023-01-11,Mumbai,1,3.01,26.86,0
2023-01-12,Mumbai,2,4.54,109.83,0
2023-01-13,Mumbai,1,0.84,6.09,0
2023-01-14,Mumbai,2,13.76,17.48,0
2023-01-15,Mumbai,2,6.36,9.16,0
2023-01-16,Mumbai,2,19.54,31.88,0
2023-01-17,Mumbai,2,4.23,2.96,0
2023-01-18,Mumbai,1,8.05,1.12,0
2023-01-19,Mumbai,1,0.79,3.91,0
2023-01-20,Mumbai,1,0.83,0.77,0
2023-01-21,Mumbai,1,3.91,22.64,0
2023-01-22,Mumbai,1,10.46,14.58,0
2023-01-23,Mumbai,2,21.34,20.49,0
2023-01-24,Mumbai,1,16.06,16.86,0
2023-01-25,Mumbai,1,0.51,9.44,0
2023-01-26,Mumbai,1,4.07,26.9,0
2023-01-27,Mumbai,1,3.28,8.58,0
2023-01-28,Mumbai,1,14.86,46.7,0
2023-01-29,Mumbai,1,10.81,25.94,0
2023-01-30,Mumbai,2,13.2,11.08,0
2023-01-31,Mumbai,2,22.81,3.86,0
2023-02-01,Mumbai,1,3.78,3.14,0
2023-02-02,Mumbai,2,8.74,5.39,0
2023-02-03,Mumbai,2,2.26,9.67,1
2023-02-04,Mumbai,1,18.53,0.66,0
2023-02-05,Mumbai,1,6.94,5.4,0
2023-02-06,Mumbai,2,3.45,9.09,0
2023-02-07,Mumbai,1,16.88,4.74,0
2023-02-08,Mumbai,1,1.67,1.11,0
2023-02-09,Mumbai,1,0.41,9.23,0
2023-02-10,Mumbai,1,13.94,56.01,0
2023-02-11,Mumbai,2,3.22,3.65,0
2023-02-12,Mumbai,2,5.01,4.37,0
2023-02-13,Mumbai,2,2.54,24.26,0
2023-02-14,Mumbai,1,11.51,0.2,0
2023-02-15,Mumbai,2,4.97,1.35,0
2023-02-16,Mumbai,2,22.72,11.89,0
2023-02-17,Mumbai,2,12.42,8.14,1
2023-02-18,Mumbai,2,4.37,13.52,0
2023-02-19,Mumbai,2,12.29,45.6,0
2023-02-20,Mumbai,1,8.53,39.85,0
2023-02-21,Mumbai,1,3.87,18.13,0
2023-02-22,Mumbai,1,3.62,8.0,0
2023-02-23,Mumbai,1,7.04,91.88,0
2023-02-24,Mumbai,1,1.05,0.63,0
2023-02-25,Mumbai,1,42.62,68.07,0
2023-02-26,Mumbai,1,1.61,14.31,0
2023-02-27,Mumbai,1,3.02,6.86,0
2023-02-28,Mumbai,1,6.57,28.03,0
2023-03-01,Mumbai,1,3.17,9.59,0
2023-03-02,Mumbai,1,2.67,29.0,0
2023-03-03,Mumbai,1,0.38,29.52,0
2023-03-04,Mumbai,1,37.92,16.15,0
2023-03-05,Mumbai,1,6.35,12.32,0
2023-03-06,Mumbai,1,11.91,33.26,0
2023-03-07,Mumbai,1,2.63,4.37,0
2023-03-08,Mumbai,1,1.74,85.88,0
2023-03-09,Mumbai,1,11.03,36.47,0
2023-03-10,Mumbai,1,6.57,28.48,0
2023-03-11,Mumbai,1,8.05,23.25,0
2023-03-12,Mumbai,1,16.07,34.53,0
2023-03-13,Mumbai,1,13.57,19.99,0
2023-03-14,Mumbai,1,1.66,3.52,0
2023-03-15,Mumbai,1,0.32,17.61,0
2023-03-16,Mumbai,1,0.98,38.64,0
2023-03-17,Mumbai,1,17.76,10.75,0
2023-03-18,Mumbai,1,1.11,24.21,0
2023-03-19,Mumbai,1,2.96,46.29,0
2023-03-20,Mumbai,0,3.13,5.83,0
2023-03-21,Mumbai,0,6.1,6.37,0
2023-03-22,Mumbai,0,1.44,3.8,0
2023-03-23,Mumbai,0,12.44,6.97,0
2023-03-24,Mumbai,1,4.63,31.69,0
2023-03-25,Mumbai,1,27.35,1.04,0
2023-03-26,Mumbai,1,5.88,44.63,0
2023-03-27,Mumbai,1,10.9,17.5,0
2023-03-28,Mumbai,1,5.53,22.05,0
2023-03-29,Mumbai,1,1.57,6.09,0
2023-03-30,Mumbai,1,11.55,15.88,0
2023-03-31,Mumbai,0,1.13,4.18,0
2023-04-01,Mumbai,1,31.63,8.73,0
2023-04-02,Mumbai,1,0.07,5.84,0
2023-04-03,Mumbai,0,19.28,7.05,0
2023-04-04,Mumbai,1,0.43,24.13,0
2023-04-05,Mumbai,0,5.48,12.08,0
2023-04-06,Mumbai,0,4.04,11.17,0
2023-04-07,Mumbai,1,40.45,11.73,0
2023-04-08,Mumbai,1,16.99,6.36,0
2023-04-09,Mumbai,1,0.8,0.92,0
2023-04-10,Mumbai,1,4.97,41.23,0
2023-04-11,Mumbai,1,14.16,1.84,0
2023-04-12,Mumbai,0,11.79,13.91,0
2023-04-13,Mumbai,1,1.14,2.97,0
2023-04-14,Mumbai,1,5.51,1.98,0
2023-04-15,Mumbai,0,1.79,6.7,0
2023-04-16,Mumbai,1,9.13,10.94,0
2023-04-17,Mumbai,0,9.53,5.23,0
2023-04-18,Mumbai,1,4.91,13.67,0
2023-04-19,Mumbai,1,0.39,68.0,0
2023-04-20,Mumbai,1,6.25,18.02,0
2023-04-21,Mumbai,1,4.76,1.18,0
2023-04-22,Mumbai,0,1.34,17.52,0
2023-04-23,Mumbai,1,6.76,11.14,0
2023-04-24,Mumbai,1,5.71,9.36,0
2023-04-25,Mumbai,1,14.25,74.5,0
2023-04-26,Mumbai,0,6.61,0.43,0
2023-04-27,Mumbai,0,1.08,11.66,0
2023-04-28,Mumbai,0,2.69,14.63,0
2023-04-29,Mumbai,1,3.5,1.74,0
2023-04-30,Mumbai,0,6.0,2.67,0
2023-05-01,Mumbai,0,0.54,9.15,0
2023-05-02,Mumbai,1,15.68,2.53,0
2023-05-03,Mumbai,0,1.91,9.62,0
2023-05-04,Mumbai,0,8.29,15.48,0
2023-05-05,Mumbai,1,12.23,4.11,0
2023-05-06,Mumbai,1,8.83,16.71,0
2023-05-07,Mumbai,1,6.45,37.29,0
2023-05-08,Mumbai,1,6.71,5.25,0
2023-05-09,Mumbai,1,5.47,20.97,0
2023-05-10,Mumbai,1,6.23,14.05,0
2023-05-11,Mumbai,1,22.29,12.55,0
2023-05-12,Mumbai,0,1.78,14.18,0
2023-05-13,Mumbai,1,2.7,7.15,0
2023-05-14,Mumbai,0,4.54,6.79,0
2023-05-15,Mumbai,1,4.88,7.99,0
2023-05-16,Mumbai,1,2.69,14.36,0
2023-05-17,Mumbai,0,10.98,11.05,0
2023-05-18,Mumbai,0,0.71,9.59,0
2023-05-19,Mumbai,0,3.99,10.4,0
2023-05-20,Mumbai,0,0.68,2.29,0
2023-05-21,Mumbai,0,16.24,10.2,0
2023-05-22,Mumbai,0,2.48,0.28,0
2023-05-23,Mumbai,0,0.05,19.88,0
2023-05-24,Mumbai,0,9.27,0.14,0
2023-05-25,Mumbai,0,11.93,2.99,0
2023-05-26,Mumbai,0,0.29,18.24,0
2023-05-27,Mumbai,0,1.1,3.66,0
2023-05-28,Mumbai,0,4.05,0.38,0
2023-05-29,Mumbai,0,4.28,9.1,0
2023-05-30,Mumbai,1,2.92,1.0,0
2023-05-31,Mumbai,2,4.57,11.2,0
2023-06-01,Mumbai,1,21.67,11.22,0
2023-06-02,Mumbai,0,6.45,5.72,0
2023-06-03,Mumbai,0,0.18,2.95,0
2023-06-04,Mumbai,0,3.23,1.37,0
2023-06-05,Mumbai,1,5.43,13.84,0
2023-06-06,Mumbai,1,19.57,28.52,0
2023-06-07,Mumbai,1,6.27,23.89,0
2023-06-08,Mumbai,0,2.75,25.98,0
2023-06-09,Mumbai,0,4.88,20.56,0
2023-06-10,Mumbai,0,29.17,9.33,0
2023-06-11,Mumbai,0,11.88,7.97,0
2023-06-12,Mumbai,0,1.47,5.84,0
2023-06-13,Mumbai,0,2.37,1.14,0
2023-06-14,Mumbai,0,7.8,6.9,0
2023-06-15,Mumbai,0,0.31,2.2,0
2023-06-16,Mumbai,0,4.02,0.59,0
2023-06-17,Mumbai,0,3.68,34.08,0
2023-06-18,Mumbai,0,1.94,0.92,0
2023-06-19,Mumbai,0,0.68,17.72,0
2023-06-20,Mumbai,0,0.6,23.83,0
2023-06-21,Mumbai,1,12.25,0.85,0
2023-06-22,Mumbai,0,4.64,9.85,0
2023-06-23,Mumbai,0,12.27,0.4,0
2023-06-24,Mumbai,0,3.93,17.34,0
2023-06-25,Mumbai,0,0.39,24.45,0
2023-06-26,Mumbai,1,8.21,61.42,0
2023-06-27,Mumbai,0,9.28,8.94,0
2023-06-28,Mumbai,0,1.52,7.42,0
2023-06-29,Mumbai,1,12.46,9.93,0
2023-06-30,Mumbai,1,14.64,18.21,0
2023-07-01,Mumbai,1,7.89,55.81,0
2023-07-02,Mumbai,1,12.89,12.01,0
2023-07-03,Mumbai,0,2.99,3.97,0
2023-07-04,Mumbai,0,0.79,36.91,0
2023-07-05,Mumbai,0,1.69,0.43,0
2023-07-06,Mumbai,1,14.06,14.26,0
2023-07-07,Mumbai,0,4.87,8.03,0
2023-07-08,Mumbai,0,0.31,0.16,0
2023-07-09,Mumbai,0,11.48,1.09,0
2023-07-10,Mumbai,0,5.31,7.47,0
2023-07-11,Mumbai,0,0.97,7.78,0
2023-07-12,Mumbai,0,4.7,12.1,0
2023-07-13,Mumbai,0,5.48,1.65,0
2023-07-14,Mumbai,0,2.51,24.95,0
2023-07-15,Mumbai,1,7.94,31.4,0
2023-07-16,Mumbai,0,23.67,25.98,0
2023-07-17,Mumbai,0,5.07,12.55,0
2023-07-18,Mumbai,0,4.59,14.62,0
2023-07-19,Mumbai,0,9.86,0.13,0
2023-07-20,Mumbai,0,6.53,15.57,0
2023-07-21,Mumbai,0,4.64,7.93,0
2023-07-22,Mumbai,0,6.22,2.04,0
2023-07-23,Mumbai,0,13.03,13.06,0
2023-07-24,Mumbai,0,1.25,23.14,0
2023-07-25,Mumbai,0,6.55,0.94,0
2023-07-26,Mumbai,0,0.37,1.39,0
2023-07-27,Mumbai,0,2.82,21.55,0
2023-07-28,Mumbai,0,1.48,19.85,0
2023-07-29,Mumbai,0,2.1,3.24,0
2023-07-30,Mumbai,0,5.63,2.49,0
2023-07-31,Mumbai,0,1.01,2.29,0
2023-08-01,Mumbai,0,2.22,2.2,0
2023-08-02,Mumbai,0,0.15,7.71,0
2023-08-03,Mumbai,0,2.61,3.12,0
2023-08-04,Mumbai,1,9.43,39.99,0
2023-08-05,Mumbai,1,20.23,13.81,0
2023-08-06,Mumbai,1,7.59,24.49,0
2023-08-07,Mumbai,1,1.44,7.5,0
2023-08-08,Mumbai,0,3.51,7.78,0
2023-08-09,Mumbai,0,1.9,0.7,0
2023-08-10,Mumbai,0,2.07,0.55,0
2023-08-11,Mumbai,0,2.09,32.72,0
2023-08-12,Mumbai,1,3.62,3.63,0
2023-08-13,Mumbai,0,2.72,18.29,0
2023-08-14,Mumbai,1,2.5,18.21,0
2023-08-15,Mumbai,1,0.55,48.13,0
2023-08-16,Mumbai,0,6.26,1.44,0
2023-08-17,Mumbai,0,3.25,19.06,0
2023-08-18,Mumbai,0,3.1,3.07,0
2023-08-19,Mumbai,0,6.09,28.58,0
2023-08-20,Mumbai,1,0.31,3.12,0
2023-08-21,Mumbai,0,2.44,5.47,0
2023-08-22,Mumbai,0,1.54,13.02,0
2023-08-23,Mumbai,0,2.33,10.05,0
2023-08-24,Mumbai,0,3.83,2.82,0
2023-08-25,Mumbai,0,3.0,20.13,0
2023-08-26,Mumbai,1,9.44,15.21,0
2023-08-27,Mumbai,0,3.88,9.82,0
2023-08-28,Mumbai,0,21.97,2.36,0
2023-08-29,Mumbai,0,1.04,8.18,0
2023-08-30,Mumbai,0,8.57,18.57,0
2023-08-31,Mumbai,0,6.81,9.07,0
2023-09-01,Mumbai,1,8.2,11.6,0
2023-09-02,Mumbai,1,5.19,4.02,0
2023-09-03,Mumbai,1,32.33,14.73,0
2023-09-04,Mumbai,0,15.05,31.4,0
2023-09-05,Mumbai,1,6.38,10.9,0
2023-09-06,Mumbai,1,6.28,16.73,0
2023-09-07,Mumbai,0,1.84,5.54,0
2023-09-08,Mumbai,0,0.49,5.56,0
2023-09-09,Mumbai,0,6.35,1.64,0
2023-09-10,Mumbai,0,5.94,9.17,0
2023-09-11,Mumbai,1,10.35,2.63,0
2023-09-12,Mumbai,0,5.93,29.3,0
2023-09-13,Mumbai,1,10.3,3.45,0
2023-09-14,Mumbai,1,4.1,2.53,0
2023-09-15,Mumbai,1,1.46,25.72,0
2023-09-16,Mumbai,1,2.53,1.69,0
2023-09-17,Mumbai,1,4.74,63.57,0
2023-09-18,Mumbai,0,0.03,2.11,0
2023-09-19,Mumbai,0,4.09,3.49,0
2023-09-20,Mumbai,0,1.69,4.1,0
2023-09-21,Mumbai,0,2.49,3.42,0
2023-09-22,Mumbai,0,6.76,9.14,0
2023-09-23,Mumbai,0,24.34,5.73,0
2023-09-24,Mumbai,0,6.26,7.06,0
2023-09-25,Mumbai,0,6.03,7.13,0
2023-09-26,Mumbai,0,0.61,6.27,0
2023-09-27,Mumbai,0,3.15,5.49,0
2023-09-28,Mumbai,1,2.48,32.21,0
2023-09-29,Mumbai,1,4.11,28.12,0
2023-09-30,Mumbai,0,4.8,1.85,0
2023-10-01,Mumbai,0,7.38,2.38,0
2023-10-02,Mumbai,1,6.81,18.83,0
2023-10-03,Mumbai,1,2.27,26.52,0
2023-10-04,Mumbai,0,9.35,4.55,0
2023-10-05,Mumbai,1,0.89,11.27,0
2023-10-06,Mumbai,1,9.36,2.13,0
2023-10-07,Mumbai,1,1.45,7.14,0
2023-10-08,Mumbai,1,13.27,7.11,0
2023-10-09,Mumbai,1,15.54,2.29,0
2023-10-10,Mumbai,0,2.07,2.11,0
2023-10-11,Mumbai,0,7.67,1.87,0
2023-10-12,Mumbai,0,8.75,1.27,0
2023-10-13,Mumbai,1,22.11,101.83,0
2023-10-14,Mumbai,0,3.61,3.12,0
2023-10-15,Mumbai,0,0.62,6.26,0
2023-10-16,Mumbai,0,3.6,24.42,0
2023-10-17,Mumbai,1,2.34,12.65,0
2023-10-18,Mumbai,1,5.36,3.44,0
2023-10-19,Mumbai,1,1.15,14.98,0
2023-10-20,Mumbai,1,5.8,2.96,0
2023-10-21,Mumbai,1,5.87,11.59,0
2023-10-22,Mumbai,1,0.6,3.2,0
2023-10-23,Mumbai,1,3.84,10.36,0
2023-10-24,Mumbai,1,21.82,6.4,0
2023-10-25,Mumbai,1,2.37,52.77,0
2023-10-26,Mumbai,1,7.47,54.64,0
2023-10-27,Mumbai,1,12.35,2.88,0
2023-10-28,Mumbai,1,5.46,8.71,0
2023-10-29,Mumbai,1,2.12,5.87,0
2023-10-30,Mumbai,1,8.62,39.05,0
2023-10-31,Mumbai,1,43.58,50.81,0
2023-11-01,Mumbai,1,10.03,8.83,0
2023-11-02,Mumbai,1,9.8,7.58,0
2023-11-03,Mumbai,1,10.92,50.57,0
2023-11-04,Mumbai,1,0.17,6.38,0
2023-11-05,Mumbai,1,9.17,5.06,0
2023-11-06,Mumbai,1,1.2,31.49,0
2023-11-07,Mumbai,2,17.45,2.13,0
2023-11-08,Mumbai,1,6.46,14.26,0
2023-11-09,Mumbai,1,5.34,0.9,0
2023-11-10,Mumbai,1,1.44,10.46,0
2023-11-11,Mumbai,2,2.94,2.51,0
2023-11-12,Mumbai,1,4.66,18.55,0
2023-11-13,Mumbai,0,1.44,23.0,0
2023-11-14,Mumbai,1,40.82,8.36,0
2023-11-15,Mumbai,2,2.91,1.31,0
2023-11-16,Mumbai,2,31.27,3.1,0
2023-11-17,Mumbai,1,5.3,5.69,0
2023-11-18,Mumbai,1,19.44,2.84,0
2023-11-19,Mumbai,1,10.42,9.17,0
2023-11-20,Mumbai,1,7.37,2.38,0
2023-11-21,Mumbai,1,26.09,9.33,0
2023-11-22,Mumbai,2,17.51,36.0,0
2023-11-23,Mumbai,1,10.8,77.48,0
2023-11-24,Mumbai,2,1.83,13.69,0
2023-11-25,Mumbai,2,16.32,10.26,1
2023-11-26,Mumbai,1,7.37,28.35,0
2023-11-27,Mumbai,1,2.69,30.75,0
2023-11-28,Mumbai,1,0.4,0.08,0
2023-11-29,Mumbai,1,2.98,41.32,0
2023-11-30,Mumbai,2,14.15,34.67,0
2023-12-01,Mumbai,1,2.23,17.54,0
2023-12-02,Mumbai,0,1.02,18.47,0
2023-12-03,Mumbai,0,13.94,6.07,0
2023-12-04,Mumbai,1,1.38,52.08,0
2023-12-05,Mumbai,1,3.56,5.61,0
2023-12-06,Mumbai,2,37.46,0.89,1
2023-12-07,Mumbai,2,12.09,41.26,1
2023-12-08,Mumbai,1,3.49,41.08,0
2023-12-09,Mumbai,1,1.25,36.36,0
2023-12-10,Mumbai,1,7.37,0.35,0
2023-12-11,Mumbai,1,4.84,41.54,0
2023-12-12,Mumbai,0,6.62,1.27,0
2023-12-13,Mumbai,0,8.03,15.51,0
2023-12-14,Mumbai,1,1.49,19.57,0
2023-12-15,Mumbai,1,9.51,0.53,0
2023-12-16,Mumbai,1,6.16,4.74,0
2023-12-17,Mumbai,1,13.15,8.21,0
2023-12-18,Mumbai,1,8.27,2.0,0
2023-12-19,Mumbai,1,4.16,0.27,0
2023-12-20,Mumbai,1,24.9,30.66,0
2023-12-21,Mumbai,1,0.76,1.73,0
2023-12-22,Mumbai,2,0.84,30.94,0
2023-12-23,Mumbai,2,7.49,8.95,1
2023-12-24,Mumbai,2,2.06,24.65,0
2023-12-25,Mumbai,2,0.64,30.41,0
2023-12-26,Mumbai,2,0.24,1.16,1
2023-12-27,Mumbai,1,24.83,9.51,0
2023-12-28,Mumbai,1,13.53,16.12,0
2023-12-29,Mumbai,1,2.34,2.94,0
2023-12-30,Mumbai,2,34.61,16.1,0
2023-12-31,Mumbai,1,2.76,33.77,0
2024-01-01,Mumbai,2,9.87,15.55,0
2024-01-02,Mumbai,2,7.67,3.49,0
2024-01-03,Mumbai,2,0.09,9.32,0
2024-01-04,Mumbai,2,9.66,26.39,0
2024-01-05,Mumbai,2,47.32,84.3,0
2024-01-06,Mumbai,2,3.68,8.52,0
2024-01-07,Mumbai,2,0.1,38.57,0
2024-01-08,Mumbai,2,29.02,10.4,0
2024-01-09,Mumbai,2,0.11,56.12,0
2024-01-10,Mumbai,2,14.42,15.63,0
2024-01-11,Mumbai,2,18.47,22.19,0
2024-01-12,Mumbai,1,3.1,1.32,0
2024-01-13,Mumbai,1,10.91,23.01,0
2024-01-14,Mumbai,2,2.31,46.34,0
2024-01-15,Mumbai,2,32.95,27.49,0
2024-01-16,Mumbai,2,0.73,15.93,0
2024-01-17,Mumbai,1,3.71,0.11,0
2024-01-18,Mumbai,2,0.54,0.12,0
2024-01-19,Mumbai,2,0.65,86.06,0
2024-01-20,Mumbai,1,3.95,9.16,0
2024-01-21,Mumbai,2,0.84,5.6,0
2024-01-22,Mumbai,2,5.45,23.01,0
2024-01-23,Mumbai,2,2.26,45.2,1
2024-01-24,Mumbai,2,21.57,50.0,0
2024-01-25,Mumbai,2,1.5,71.66,0
2024-01-26,Mumbai,2,4.98,23.08,0
2024-01-27,Mumbai,1,21.94,7.07,0
2024-01-28,Mumbai,1,9.01,9.75,0
2024-01-29,Mumbai,1,7.76,7.79,0
2024-01-30,Mumbai,1,3.14,20.47,0
2024-01-31,Mumbai,1,1.64,7.47,0
2024-02-01,Mumbai,1,1.42,27.68,0
2024-02-02,Mumbai,1,14.03,3.69,0
2024-02-03,Mumbai,1,13.84,35.82,0
2024-02-04,Mumbai,0,8.33,5.02,0
2024-02-05,Mumbai,1,22.51,9.26,0
2024-02-06,Mumbai,1,17.51,72.4,0
2024-02-07,Mumbai,1,1.19,6.93,0
2024-02-08,Mumbai,2,32.37,10.34,0
2024-02-09,Mumbai,2,0.79,24.93,0
2024-02-10,Mumbai,2,2.13,30.71,0
2024-02-11,Mumbai,1,11.01,18.79,0
2024-02-12,Mumbai,1,3.93,11.12,0
2024-02-13,Mumbai,1,12.68,38.2,0
2024-02-14,Mumbai,1,4.47,22.16,0
2024-02-15,Mumbai,2,3.15,4.15,0
2024-02-16,Mumbai,1,4.86,2.25,0
2024-02-17,Mumbai,2,8.95,54.5,0
2024-02-18,Mumbai,1,15.43,23.7,0
2024-02-19,Mumbai,1,4.92,39.49,0
2024-02-20,Mumbai,2,1.06,6.41,0
2024-02-21,Mumbai,1,0.55,9.95,0
2024-02-22,Mumbai,1,5.27,33.01,0
2024-02-23,Mumbai,1,0.22,22.52,0
2024-02-24,Mumbai,1,3.73,23.44,0
2024-02-25,Mumbai,1,13.82,4.88,0
2024-02-26,Mumbai,0,0.18,13.73,0
2024-02-27,Mumbai,1,11.94,12.48,0
2024-02-28,Mumbai,0,14.96,76.6,0
2024-02-29,Mumbai,1,1.47,3.35,0
2024-03-01,Mumbai,1,4.6,5.05,0
2024-03-02,Mumbai,0,5.6,22.51,0
2024-03-03,Mumbai,1,0.28,17.09,0
2024-03-04,Mumbai,1,15.09,16.25,0
2024-03-05,Mumbai,0,14.44,2.52,0
2024-03-06,Mumbai,1,10.79,54.29,0
2024-03-07,Mumbai,1,2.65,38.86,0
2024-03-08,Mumbai,1,5.8,19.63,0
2024-03-09,Mumbai,1,9.83,19.13,0
2024-03-10,Mumbai,0,0.24,14.39,0
2024-03-11,Mumbai,0,8.48,5.45,0
2024-03-12,Mumbai,0,6.3,1.77,0
2024-03-13,Mumbai,1,14.71,8.83,0
2024-03-14,Mumbai,0,0.97,0.18,0
2024-03-15,Mumbai,1,13.74,47.61,0
2024-03-16,Mumbai,1,11.46,16.41,0
2024-03-17,Mumbai,1,3.29,1.55,0
2024-03-18,Mumbai,1,15.73,1.24,0
2024-03-19,Mumbai,2,1.48,12.06,0
2024-03-20,Mumbai,1,1.28,65.03,0
2024-03-21,Mumbai,1,5.2,51.78,0
2024-03-22,Mumbai,1,32.55,52.96,0
2024-03-23,Mumbai,0,5.36,3.36,0
2024-03-24,Mumbai,1,13.32,4.6,0
2024-03-25,Mumbai,1,3.25,39.28,0
2024-03-26,Mumbai,1,13.33,19.3,0
2024-03-27,Mumbai,1,5.21,35.74,0
2024-03-28,Mumbai,2,24.72,54.5,1
2024-03-29,Mumbai,1,12.36,1.91,0
2024-03-30,Mumbai,1,3.49,14.54,0
2024-03-31,Mumbai,2,0.1,10.75,0
2024-04-01,Mumbai,1,39.16,2.9,0
2024-04-02,Mumbai,1,10.83,46.73,0
2024-04-03,Mumbai,1,11.62,3.62,0
2024-04-04,Mumbai,0,2.11,1.55,0
2024-04-05,Mumbai,1,3.35,3.46,0
2024-04-06,Mumbai,1,1.09,2.92,0
2024-04-07,Mumbai,2,52.07,66.04,0
2024-04-08,Mumbai,1,18.09,5.51,0
2024-04-09,Mumbai,1,17.82,3.84,0
2024-04-10,Mumbai,0,7.55,0.37,0
2024-04-11,Mumbai,0,2.92,0.18,0
2024-04-12,Mumbai,1,6.24,19.69,0
2024-04-13,Mumbai,1,2.91,10.76,0
2024-04-14,Mumbai,1,7.4,11.88,0
2024-04-15,Mumbai,1,3.21,25.15,0
2024-04-16,Mumbai,1,2.92,10.41,0
2024-04-17,Mumbai,1,7.15,4.71,0
2024-04-18,Mumbai,0,0.61,21.11,0
2024-04-19,Mumbai,1,9.79,3.12,0
2024-04-20,Mumbai,1,2.64,3.04,0
2024-04-21,Mumbai,1,4.86,14.02,0
2024-04-22,Mumbai,1,2.8,46.61,0
2024-04-23,Mumbai,0,3.48,1.8,0
2024-04-24,Mumbai,1,2.67,3.2,0
2024-04-25,Mumbai,1,22.57,14.96,0
2024-04-26,Mumbai,1,3.5,14.19,0
2024-04-27,Mumbai,1,2.57,19.45,0
2024-04-28,Mumbai,0,0.0,20.34,0
2024-04-29,Mumbai,0,4.1,2.55,0
2024-04-30,Mumbai,0,3.85,4.99,0
2024-05-01,Mumbai,0,3.58,10.69,0
2024-05-02,Mumbai,1,9.88,9.5,0
2024-05-03,Mumbai,0,4.35,11.29,0
2024-05-04,Mumbai,0,7.02,8.09,0
2024-05-05,Mumbai,0,5.49,8.71,0
2024-05-06,Mumbai,0,4.36,0.86,0
2024-05-07,Mumbai,0,3.05,8.71,0
2024-05-08,Mumbai,0,7.3,3.22,0
2024-05-09,Mumbai,0,2.53,3.6,0
2024-05-10,Mumbai,0,7.97,12.32,0
2024-05-11,Mumbai,0,8.61,2.29,0
2024-05-12,Mumbai,1,3.26,6.62,0
2024-05-13,Mumbai,1,9.87,4.63,0
2024-05-14,Mumbai,2,11.85,36.27,0
2024-05-15,Mumbai,1,8.22,1.17,0
2024-05-16,Mumbai,1,2.19,1.52,0
2024-05-17,Mumbai,1,19.35,35.93,0
2024-05-18,Mumbai,1,0.14,0.86,0
2024-05-19,Mumbai,0,7.04,0.75,0
2024-05-20,Mumbai,0,4.93,3.61,0
2024-05-21,Mumbai,1,20.44,2.98,0
2024-05-22,Mumbai,1,3.63,35.8,0
2024-05-23,Mumbai,1,0.4,12.39,0
2024-05-24,Mumbai,0,0.18,16.83,0
2024-05-25,Mumbai,0,3.46,5.65,0
2024-05-26,Mumbai,0,1.82,13.38,0
2024-05-27,Mumbai,0,7.37,4.2,0
2024-05-28,Mumbai,0,5.71,9.35,0
2024-05-29,Mumbai,0,6.52,13.05,0
2024-05-30,Mumbai,0,8.27,6.66,0
2024-05-31,Mumbai,0,5.7,11.78,0
2024-06-01,Mumbai,0,8.46,14.78,0
2024-06-02,Mumbai,0,2.54,5.46,0
2024-06-03,Mumbai,0,15.53,6.34,0
2024-06-04,Mumbai,1,32.81,8.02,0
2024-06-05,Mumbai,0,0.88,0.35,0
2024-06-06,Mumbai,1,1.54,19.85,0
2024-06-07,Mumbai,0,24.82,12.0,0
2024-06-08,Mumbai,0,5.63,13.36,0
2024-06-09,Mumbai,0,5.7,4.18,0
2024-06-10,Mumbai,0,4.89,12.76,0
2024-06-11,Mumbai,0,7.57,2.4,0
2024-06-12,Mumbai,0,0.3,2.25,0
2024-06-13,Mumbai,0,1.25,61.46,0
2024-06-14,Mumbai,0,1.37,0.7,0
2024-06-15,Mumbai,0,5.93,24.13,0
2024-06-16,Mumbai,0,2.97,9.57,0
2024-06-17,Mumbai,0,17.33,3.68,0
2024-06-18,Mumbai,0,6.86,10.88,0
2024-06-19,Mumbai,1,3.63,1.85,0
2024-06-20,Mumbai,1,8.34,11.64,0
2024-06-21,Mumbai,1,1.39,1.13,0
2024-06-22,Mumbai,0,0.64,14.02,0
2024-06-23,Mumbai,0,15.9,2.18,0
2024-06-24,Mumbai,0,0.23,3.74,0
2024-06-25,Mumbai,0,0.3,8.03,0
2024-06-26,Mumbai,0,8.3,12.54,0
2024-06-27,Mumbai,0,2.15,9.95,0
2024-06-28,Mumbai,0,4.12,0.87,0
2024-06-29,Mumbai,0,0.85,0.71,0
2024-06-30,Mumbai,0,13.71,15.04,0
2024-07-01,Mumbai,0,0.25,5.03,0
2024-07-02,Mumbai,0,7.39,4.77,0
2024-07-03,Mumbai,0,1.23,14.51,0
2024-07-04,Mumbai,0,1.24,1.87,0
2024-07-05,Mumbai,0,0.23,37.6,0
2024-07-06,Mumbai,0,1.24,9.48,0
2024-07-07,Mumbai,0,1.9,1.75,0
2024-07-08,Mumbai,0,5.47,7.61,0
2024-07-09,Mumbai,0,0.39,1.67,0
2024-07-10,Mumbai,0,4.51,25.24,0
2024-07-11,Mumbai,0,2.09,3.83,0
2024-07-12,Mumbai,0,2.71,30.99,0
2024-07-13,Mumbai,0,2.02,1.12,0
2024-07-14,Mumbai,0,0.36,1.31,0
2024-07-15,Mumbai,0,2.6,0.62,0
2024-07-16,Mumbai,0,2.5,0.32,0
2024-07-17,Mumbai,0,6.15,28.08,0
2024-07-18,Mumbai,0,8.91,35.19,0
2024-07-19,Mumbai,0,0.8,15.49,0
2024-07-20,Mumbai,0,20.05,8.9,0
2024-07-21,Mumbai,0,0.57,5.32,0
2024-07-22,Mumbai,0,3.17,5.11,0
2024-07-23,Mumbai,0,5.81,16.79,0
2024-07-24,Mumbai,0,4.72,15.06,0
2024-07-25,Mumbai,0,4.8,0.93,0
2024-07-26,Mumbai,0,2.92,7.97,0
2024-07-27,Mumbai,0,9.56,2.35,0
2024-07-28,Mumbai,0,0.8,14.15,0
2024-07-29,Mumbai,0,2.22,0.88,0
2024-07-30,Mumbai,0,12.27,5.23,0
2024-07-31,Mumbai,0,4.51,6.9,0
2024-08-01,Mumbai,1,5.96,15.95,0
2024-08-02,Mumbai,0,1.17,1.27,0
2024-08-03,Mumbai,0,3.45,0.6,0
2024-08-04,Mumbai,0,9.1,5.34,0
2024-08-05,Mumbai,0,0.75,0.74,0
2024-08-06,Mumbai,0,2.5,1.8,0
2024-08-07,Mumbai,1,11.22,37.24,0
2024-08-08,Mumbai,1,7.8,16.38,0
2024-08-09,Mumbai,1,0.83,3.67,0
2024-08-10,Mumbai,1,5.63,14.24,0
2024-08-11,Mumbai,0,0.7,0.12,0
2024-08-12,Mumbai,0,2.5,9.03,0
2024-08-13,Mumbai,0,10.11,1.12,0
2024-08-14,Mumbai,0,0.27,9.58,0
2024-08-15,Mumbai,0,16.47,9.58,0
2024-08-16,Mumbai,0,0.07,25.37,0
2024-08-17,Mumbai,0,12.38,4.56,0
2024-08-18,Mumbai,0,3.28,3.54,0
2024-08-19,Mumbai,0,2.94,8.42,0
2024-08-20,Mumbai,0,1.06,14.74,0
2024-08-21,Mumbai,0,3.37,3.19,0
2024-08-22,Mumbai,0,5.88,8.12,0
2024-08-23,Mumbai,0,3.71,21.93,0
2024-08-24,Mumbai,0,7.33,14.38,0
2024-08-25,Mumbai,0,1.1,13.79,0
2024-08-26,Mumbai,0,3.56,3.08,0
2024-08-27,Mumbai,0,0.6,1.03,0
2024-08-28,Mumbai,1,8.04,4.7,0
2024-08-29,Mumbai,1,20.08,12.5,0
2024-08-30,Mumbai,1,13.54,14.43,0
2024-08-31,Mumbai,1,21.66,4.49,0
2024-09-01,Mumbai,1,10.15,9.82,0
2024-09-02,Mumbai,1,3.39,4.45,0
2024-09-03,Mumbai,1,12.6,4.98,0
2024-09-04,Mumbai,1,0.13,35.65,0
2024-09-05,Mumbai,1,8.16,35.35,0
2024-09-06,Mumbai,0,16.87,1.08,0
2024-09-07,Mumbai,0,0.65,1.16,0
2024-09-08,Mumbai,0,4.26,5.37,0
2024-09-09,Mumbai,0,1.5,6.39,0
2024-09-10,Mumbai,0,2.54,22.48,0
2024-09-11,Mumbai,0,6.85,5.91,0
2024-09-12,Mumbai,0,1.35,5.27,0
2024-09-13,Mumbai,0,2.87,7.71,0
2024-09-14,Mumbai,0,12.76,1.55,0
2024-09-15,Mumbai,0,5.43,21.29,0
2024-09-16,Mumbai,0,4.86,11.91,0
2024-09-17,Mumbai,1,13.46,40.43,0
2024-09-18,Mumbai,1,4.07,15.42,0
2024-09-19,Mumbai,1,0.91,8.77,0
2024-09-20,Mumbai,1,3.54,17.96,0
2024-09-21,Mumbai,0,0.69,10.79,0
2024-09-22,Mumbai,0,3.92,2.67,0
2024-09-23,Mumbai,0,22.2,8.47,0
2024-09-24,Mumbai,0,1.93,13.52,0
2024-09-25,Mumbai,1,4.09,10.54,0
2024-09-26,Mumbai,1,20.35,4.07,0
2024-09-27,Mumbai,1,0.66,4.97,0
2024-09-28,Mumbai,1,14.55,10.87,0
2024-09-29,Mumbai,1,2.03,2.89,0
2024-09-30,Mumbai,1,0.47,7.37,0
2024-10-01,Mumbai,1,0.16,0.59,0
2024-10-02,Mumbai,0,3.68,2.74,0
2024-10-03,Mumbai,1,4.8,19.58,0
2024-10-04,Mumbai,1,18.48,18.04,0
2024-10-05,Mumbai,1,2.96,14.65,0
2024-10-06,Mumbai,1,19.94,36.21,0
2024-10-07,Mumbai,2,11.29,27.78,0
2024-10-08,Mumbai,2,3.95,4.51,1
2024-10-09,Mumbai,2,2.21,21.31,0
2024-10-10,Mumbai,2,19.47,13.3,0
2024-10-11,Mumbai,1,0.16,19.67,0
2024-10-12,Mumbai,1,6.19,9.64,0
2024-10-13,Mumbai,1,0.18,29.37,0
2024-10-14,Mumbai,1,7.01,16.0,0
2024-10-15,Mumbai,1,16.33,3.11,0
2024-10-16,Mumbai,0,2.31,12.67,0
2024-10-17,Mumbai,1,4.01,27.46,0
2024-10-18,Mumbai,1,3.53,76.71,0
2024-10-19,Mumbai,2,3.44,33.73,0
2024-10-20,Mumbai,2,8.85,33.0,0
2024-10-21,Mumbai,2,1.79,25.42,0
2024-10-22,Mumbai,1,6.09,7.6,0
2024-10-23,Mumbai,2,20.0,50.48,0
2024-10-24,Mumbai,2,5.77,38.0,0
2024-10-25,Mumbai,2,1.5,19.09,0
2024-10-26,Mumbai,2,4.13,14.96,0
2024-10-27,Mumbai,2,9.87,29.84,1
2024-10-28,Mumbai,1,43.92,7.18,0
2024-10-29,Mumbai,1,7.5,28.72,0
2024-10-30,Mumbai,2,32.12,54.41,0
2024-10-31,Mumbai,2,14.55,16.98,0
2024-11-01,Mumbai,1,8.07,10.82,0
2024-11-02,Mumbai,2,21.32,18.69,0
2024-11-03,Mumbai,2,9.34,26.07,0
2024-11-04,Mumbai,1,2.8,14.22,0
2024-11-05,Mumbai,1,0.59,3.76,0
2024-11-06,Mumbai,1,7.72,2.72,0
2024-11-07,Mumbai,0,1.29,3.03,0
2024-11-08,Mumbai,0,7.68,6.39,0
2024-11-09,Mumbai,1,10.85,7.34,0
2024-11-10,Mumbai,1,0.08,21.08,0
2024-11-11,Mumbai,2,1.36,3.48,0
2024-11-12,Mumbai,2,0.6,41.93,0
2024-11-13,Mumbai,1,17.9,6.34,0
2024-11-14,Mumbai,1,0.54,10.55,0
2024-11-15,Mumbai,1,8.7,2.64,0
2024-11-16,Mumbai,1,8.78,6.73,0
2024-11-17,Mumbai,2,10.19,9.54,1
2024-11-18,Mumbai,2,15.62,24.46,0
2024-11-19,Mumbai,2,23.95,96.61,0
2024-11-20,Mumbai,2,0.78,6.07,0
2024-11-21,Mumbai,2,2.24,2.52,1
2024-11-22,Mumbai,2,1.68,23.01,0
2024-11-23,Mumbai,1,36.47,15.84,0
2024-11-24,Mumbai,1,14.26,8.92,0
2024-11-25,Mumbai,1,10.61,2.49,0
2024-11-26,Mumbai,1,6.05,11.91,0
2024-11-27,Mumbai,1,14.94,23.31,0
2024-11-28,Mumbai,0,5.97,19.93,0
2024-11-29,Mumbai,1,9.91,0.89,0
2024-11-30,Mumbai,1,32.44,5.5,0
2024-12-01,Mumbai,2,4.93,22.66,0
2024-12-02,Mumbai,2,15.77,43.85,0
2024-12-03,Mumbai,2,4.27,4.21,1
2024-12-04,Mumbai,2,58.32,25.91,0
2024-12-05,Mumbai,2,13.27,1.09,0
2024-12-06,Mumbai,2,9.43,8.54,0
2024-12-07,Mumbai,2,15.76,0.82,0
2024-12-08,Mumbai,2,1.27,40.55,0
2024-12-09,Mumbai,2,0.43,1.13,0
2024-12-10,Mumbai,2,1.77,28.43,1
2024-12-11,Mumbai,2,15.97,3.5,0
2024-12-12,Mumbai,2,17.17,21.12,0
2024-12-13,Mumbai,1,9.0,12.64,0
2024-12-14,Mumbai,2,5.88,24.22,0
2024-12-15,Mumbai,1,7.4,0.43,0
2024-12-16,Mumbai,1,1.41,1.44,0
2024-12-17,Mumbai,1,0.02,10.52,0
2024-12-18,Mumbai,1,18.48,17.18,0
2024-12-19,Mumbai,1,3.29,13.1,0
2024-12-20,Mumbai,1,0.22,27.52,0
2024-12-21,Mumbai,2,1.35,11.97,0
2024-12-22,Mumbai,2,16.59,38.19,0
2024-12-23,Mumbai,2,8.66,1.59,0
2024-12-24,Mumbai,2,9.82,23.29,0
2024-12-25,Mumbai,2,1.03,14.71,0
2024-12-26,Mumbai,1,8.76,6.95,0
2024-12-27,Mumbai,1,9.28,4.9,0
2024-12-28,Mumbai,1,0.81,27.57,0
2024-12-29,Mumbai,2,8.58,10.68,0
2024-12-30,Mumbai,2,4.2,15.53,0
2024-12-31,Mumbai,2,14.75,120.0,0
2025-01-01,Mumbai,2,5.27,58.94,0
2025-01-02,Mumbai,2,9.26,31.19,0
2025-01-03,Mumbai,2,4.86,1.76,0
2025-01-04,Mumbai,2,1.3,31.15,0
2025-01-05,Mumbai,2,28.48,12.93,0
2025-01-06,Mumbai,2,4.42,44.25,0
2025-01-07,Mumbai,2,14.63,2.27,1
2025-01-08,Mumbai,2,0.27,21.23,1
2025-01-09,Mumbai,2,0.15,10.92,0
2025-01-10,Mumbai,2,7.67,19.05,0
2025-01-11,Mumbai,1,45.13,8.48,0
2025-01-12,Mumbai,1,1.05,3.26,0
2025-01-13,Mumbai,1,0.19,12.46,0
2025-01-14,Mumbai,1,1.39,20.11,0
2025-01-15,Mumbai,1,10.03,4.27,0
2025-01-16,Mumbai,1,2.24,5.57,0
2025-01-17,Mumbai,1,0.79,6.7,0
2025-01-18,Mumbai,1,6.4,32.5,0
2025-01-19,Mumbai,1,3.24,1.62,0
2025-01-20,Mumbai,1,5.73,5.73,0
2025-01-21,Mumbai,1,14.05,20.47,0
2025-01-22,Mumbai,2,22.36,0.47,0
2025-01-23,Mumbai,2,32.54,10.15,0
2025-01-24,Mumbai,2,5.64,17.71,0
2025-01-25,Mumbai,2,3.63,2.1,1
2025-01-26,Mumbai,1,5.71,7.92,0
2025-01-27,Mumbai,1,1.82,34.86,0
2025-01-28,Mumbai,0,4.1,20.34,0
2025-01-29,Mumbai,1,3.93,21.44,0
2025-01-30,Mumbai,1,3.66,13.14,0
2025-01-31,Mumbai,1,4.41,11.15,0
2025-02-01,Mumbai,1,16.6,12.78,0
2025-02-02,Mumbai,1,0.86,12.95,0
2025-02-03,Mumbai,1,10.5,2.79,0
2025-02-04,Mumbai,1,9.65,77.84,0
2025-02-05,Mumbai,1,1.11,24.76,0
2025-02-06,Mumbai,2,0.45,1.43,0
2025-02-07,Mumbai,2,2.7,37.09,0
2025-02-08,Mumbai,1,13.14,13.44,0
2025-02-09,Mumbai,2,15.7,8.4,0
2025-02-10,Mumbai,2,8.53,3.65,0
2025-02-11,Mumbai,1,7.05,3.07,0
2025-02-12,Mumbai,1,11.83,25.6,0
2025-02-13,Mumbai,2,25.55,18.95,0
2025-02-14,Mumbai,1,16.37,16.49,0
2025-02-15,Mumbai,2,42.29,20.03,0
2025-02-16,Mumbai,1,0.25,6.18,0
2025-02-17,Mumbai,1,18.36,4.12,0
2025-02-18,Mumbai,1,12.07,50.6,0
2025-02-19,Mumbai,1,7.72,10.95,0
2025-02-20,Mumbai,1,0.88,2.75,0
2025-02-21,Mumbai,1,9.17,18.06,0
2025-02-22,Mumbai,1,1.56,28.01,0
2025-02-23,Mumbai,1,4.65,2.86,0
2025-02-24,Mumbai,1,3.35,2.28,0
2025-02-25,Mumbai,1,15.68,0.26,0
2025-02-26,Mumbai,1,1.46,0.78,0
2025-02-27,Mumbai,1,30.52,11.08,0
2025-02-28,Mumbai,1,7.96,35.7,0
2025-03-01,Mumbai,1,3.17,26.25,0
2025-03-02,Mumbai,1,1.07,11.0,0
2025-03-03,Mumbai,1,2.6,16.65,0
2025-03-04,Mumbai,2,42.94,91.1,1
2025-03-05,Mumbai,2,3.46,58.39,0
2025-03-06,Mumbai,1,6.91,21.99,0
2025-03-07,Mumbai,2,9.18,16.62,0
2025-03-08,Mumbai,1,6.32,16.02,0
2025-03-09,Mumbai,1,12.42,1.56,0
2025-03-10,Mumbai,0,13.56,2.59,0
2025-03-11,Mumbai,1,10.73,20.36,0
2025-03-12,Mumbai,2,12.6,10.85,0
2025-03-13,Mumbai,2,16.03,0.32,0
2025-03-14,Mumbai,2,8.44,0.13,0
2025-03-15,Mumbai,2,7.76,26.08,0
2025-03-16,Mumbai,1,2.14,29.34,0
2025-03-17,Mumbai,2,34.6,1.38,0
2025-03-18,Mumbai,1,4.25,10.53,0
2025-03-19,Mumbai,1,15.91,8.31,0
2025-03-20,Mumbai,0,1.88,3.24,0
2025-03-21,Mumbai,0,4.13,22.88,0
2025-03-22,Mumbai,0,0.75,38.85,0
2025-03-23,Mumbai,0,2.1,0.07,0
2025-03-24,Mumbai,0,3.92,0.86,0
2025-03-25,Mumbai,0,0.17,2.8,0
2025-03-26,Mumbai,0,4.98,8.01,0
2025-03-27,Mumbai,0,0.36,0.26,0
2025-03-28,Mumbai,0,0.99,1.06,0
2025-03-29,Mumbai,0,7.3,10.8,0
2025-03-30,Mumbai,0,2.75,5.11,0
2025-03-31,Mumbai,0,2.88,7.09,0
2025-04-01,Mumbai,1,11.33,26.57,0
2025-04-02,Mumbai,0,0.4,16.43,0
2025-04-03,Mumbai,0,3.72,38.65,0
2025-04-04,Mumbai,1,5.23,15.81,0
2025-04-05,Mumbai,0,3.57,6.51,0
2025-04-06,Mumbai,1,0.95,17.42,0
2025-04-07,Mumbai,0,0.44,7.75,0
2025-04-08,Mumbai,0,0.87,4.8,0
2025-04-09,Mumbai,0,13.16,3.79,0
2025-04-10,Mumbai,0,1.29,17.99,0
2025-04-11,Mumbai,0,1.45,13.37,0
2025-04-12,Mumbai,0,4.2,6.46,0
2025-04-13,Mumbai,0,4.45,2.88,0
2025-04-14,Mumbai,0,7.62,1.24,0
2025-04-15,Mumbai,0,4.71,3.4,0
2025-04-16,Mumbai,1,20.67,0.48,0
2025-04-17,Mumbai,0,6.68,4.62,0
2025-04-18,Mumbai,0,5.75,0.11,0
2025-04-19,Mumbai,0,4.17,12.69,0
2025-04-20,Mumbai,0,1.9,2.54,0
2025-04-21,Mumbai,0,1.73,1.37,0
2025-04-22,Mumbai,0,5.15,9.55,0
2025-04-23,Mumbai,0,1.61,10.75,0
2025-04-24,Mumbai,0,5.72,9.92,0
2025-04-25,Mumbai,0,3.88,7.61,0
2025-04-26,Mumbai,0,0.67,14.81,0
2025-04-27,Mumbai,0,2.05,12.11,0
2025-04-28,Mumbai,1,1.59,32.01,0
2025-04-29,Mumbai,1,7.52,19.62,0
2025-04-30,Mumbai,1,7.31,40.39,0
2025-05-01,Mumbai,0,2.28,19.69,0
2025-05-02,Mumbai,0,5.55,0.07,0
2025-05-03,Mumbai,0,10.68,3.78,0
2025-05-04,Mumbai,0,1.18,9.23,0
2025-05-05,Mumbai,0,0.89,1.08,0
2025-05-06,Mumbai,0,8.61,1.51,0
2025-05-07,Mumbai,0,2.5,15.01,0
2025-05-08,Mumbai,0,9.03,1.57,0
2025-05-09,Mumbai,0,2.06,9.73,0
2025-05-10,Mumbai,0,5.96,13.14,0
2025-05-11,Mumbai,0,14.56,19.63,0
2025-05-12,Mumbai,0,1.46,1.83,0
2025-05-13,Mumbai,0,2.68,25.53,0
2025-05-14,Mumbai,1,3.25,1.06,0
2025-05-15,Mumbai,0,3.95,15.57,0
2025-05-16,Mumbai,0,9.47,1.18,0
2025-05-17,Mumbai,0,9.31,12.78,0
2025-05-18,Mumbai,0,5.09,2.32,0
2025-05-19,Mumbai,0,5.16,13.69,0
2025-05-20,Mumbai,1,2.51,11.52,0
2025-05-21,Mumbai,0,3.31,7.17,0
2025-05-22,Mumbai,0,12.85,19.34,0
2025-05-23,Mumbai,0,10.26,11.08,0
2025-05-24,Mumbai,0,0.12,10.11,0
2025-05-25,Mumbai,0,0.72,36.89,0
2025-05-26,Mumbai,1,11.13,25.56,0
2025-05-27,Mumbai,1,5.37,30.54,0
2025-05-28,Mumbai,0,19.26,13.9,0
2025-05-29,Mumbai,0,0.33,1.19,0
2025-05-30,Mumbai,0,16.76,10.83,0
2025-05-31,Mumbai,0,3.16,3.5,0
2025-06-01,Mumbai,0,0.3,4.94,0
2025-06-02,Mumbai,0,3.04,17.77,0
2025-06-03,Mumbai,0,3.93,26.32,0
2025-06-04,Mumbai,0,1.08,0.47,0
2025-06-05,Mumbai,0,5.86,0.03,0
2025-06-06,Mumbai,0,2.3,2.58,0
2025-06-07,Mumbai,0,6.93,10.32,0
2025-06-08,Mumbai,0,2.73,1.67,0
2025-06-09,Mumbai,0,0.59,40.75,0
2025-06-10,Mumbai,0,5.8,2.67,0
2025-06-11,Mumbai,0,0.13,4.15,0
2025-06-12,Mumbai,0,0.68,42.88,0
2025-06-13,Mumbai,0,19.08,5.41,0
2025-06-14,Mumbai,0,4.2,7.39,0
2025-06-15,Mumbai,0,3.19,40.45,0
2025-06-16,Mumbai,1,6.41,6.81,0
2025-06-17,Mumbai,1,19.75,51.22,0
2025-06-18,Mumbai,1,6.52,9.1,0
2025-06-19,Mumbai,1,0.49,34.96,0
2025-06-20,Mumbai,0,0.69,1.23,0
2025-06-21,Mumbai,0,7.48,1.87,0
2025-06-22,Mumbai,0,9.74,28.23,0
2025-06-23,Mumbai,0,8.81,6.05,0
2025-06-24,Mumbai,1,6.94,0.31,0
2025-06-25,Mumbai,0,2.29,2.3,0
2025-06-26,Mumbai,1,11.62,11.08,0
2025-06-27,Mumbai,0,0.98,0.95,0
2025-06-28,Mumbai,0,1.16,6.78,0
2025-06-29,Mumbai,0,0.74,3.59,0
2025-06-30,Mumbai,0,0.71,6.81,0
2025-07-01,Mumbai,0,0.47,22.16,0
2025-07-02,Mumbai,0,2.74,1.94,0
2025-07-03,Mumbai,0,3.57,3.6,0
2025-07-04,Mumbai,0,2.21,6.77,0
2025-07-05,Mumbai,0,2.8,3.92,0
2025-07-06,Mumbai,0,7.64,1.46,0
2025-07-07,Mumbai,0,0.41,8.79,0
2025-07-08,Mumbai,0,6.13,10.78,0
2025-07-09,Mumbai,0,2.59,28.81,0
2025-07-10,Mumbai,0,20.42,7.59,0
2025-07-11,Mumbai,0,4.3,2.72,0
2025-07-12,Mumbai,0,2.5,12.03,0
2025-07-13,Mumbai,0,28.56,10.62,0
2025-07-14,Mumbai,0,0.23,10.5,0
2025-07-15,Mumbai,0,3.35,0.2,0
2025-07-16,Mumbai,0,5.74,14.97,0
2025-07-17,Mumbai,0,6.11,3.64,0
2025-07-18,Mumbai,0,4.94,16.52,0
2025-07-19,Mumbai,0,8.81,4.62,0
2025-07-20,Mumbai,0,4.22,24.38,0
2025-07-21,Mumbai,0,21.12,6.1,0
2025-07-22,Mumbai,0,9.5,9.22,0
2025-07-23,Mumbai,0,5.03,3.3,0
2025-07-24,Mumbai,0,0.2,6.24,0
2025-07-25,Mumbai,0,2.75,0.75,0
2025-07-26,Mumbai,0,1.29,20.41,0
2025-07-27,Mumbai,0,5.82,2.63,0
2025-07-28,Mumbai,0,4.36,8.71,0
2025-07-29,Mumbai,0,4.1,5.71,0
2025-07-30,Mumbai,0,4.08,12.17,0
2025-07-31,Mumbai,1,5.21,27.65,0
2025-08-01,Mumbai,1,28.74,10.24,0
2025-08-02,Mumbai,0,0.59,1.69,0
2025-08-03,Mumbai,0,6.27,5.87,0
2025-08-04,Mumbai,1,22.43,7.36,0
2025-08-05,Mumbai,1,7.45,20.6,0
2025-08-06,Mumbai,1,7.46,16.53,0
2025-08-07,Mumbai,0,1.83,3.17,0
2025-08-08,Mumbai,0,3.12,1.3,0
2025-08-09,Mumbai,0,1.99,0.94,0
2025-08-10,Mumbai,0,7.07,9.69,0
2025-08-11,Mumbai,0,11.38,11.29,0
2025-08-12,Mumbai,0,6.85,8.06,0
2025-08-13,Mumbai,0,8.72,9.58,0
2025-08-14,Mumbai,0,2.37,10.31,0
2025-08-15,Mumbai,0,5.49,5.36,0
2025-08-16,Mumbai,1,3.69,20.46,0
2025-08-17,Mumbai,1,11.88,17.4,0
2025-08-18,Mumbai,0,5.83,9.58,0
2025-08-19,Mumbai,0,0.52,7.53,0
2025-08-20,Mumbai,0,0.84,6.83,0
2025-08-21,Mumbai,0,37.55,8.79,0
2025-08-22,Mumbai,0,3.74,4.4,0
2025-08-23,Mumbai,0,0.37,5.37,0
2025-08-24,Mumbai,0,11.12,10.31,0
2025-08-25,Mumbai,0,6.32,0.44,0
2025-08-26,Mumbai,0,3.73,15.49,0
2025-08-27,Mumbai,0,1.19,21.74,0
2025-08-28,Mumbai,1,11.27,0.67,0
2025-08-29,Mumbai,0,0.01,7.85,0
2025-08-30,Mumbai,1,5.08,13.66,0
2025-08-31,Mumbai,0,15.57,2.25,0
2025-09-01,Mumbai,1,18.7,0.54,0
2025-09-02,Mumbai,0,0.1,9.57,0
2025-09-03,Mumbai,1,0.48,13.49,0
2025-09-04,Mumbai,1,15.47,2.3,0
2025-09-05,Mumbai,0,0.22,4.3,0
2025-09-06,Mumbai,0,0.46,3.56,0
2025-09-07,Mumbai,0,7.43,10.12,0
2025-09-08,Mumbai,0,1.67,14.42,0
2025-09-09,Mumbai,0,3.85,0.45,0
2025-09-10,Mumbai,0,5.72,12.75,0
2025-09-11,Mumbai,0,2.17,20.85,0
2025-09-12,Mumbai,0,3.32,14.88,0
2025-09-13,Mumbai,0,1.19,17.3,0
2025-09-14,Mumbai,1,0.58,1.69,0
2025-09-15,Mumbai,1,2.13,30.05,0
2025-09-16,Mumbai,1,25.04,7.77,0
2025-09-17,Mumbai,1,2.08,8.29,0
2025-09-18,Mumbai,1,5.45,4.39,0
2025-09-19,Mumbai,0,2.65,11.16,0
2025-09-20,Mumbai,1,16.98,8.68,0
2025-09-21,Mumbai,1,0.07,5.4,0
2025-09-22,Mumbai,1,2.73,56.46,0
2025-09-23,Mumbai,0,21.23,2.18,0
2025-09-24,Mumbai,1,3.69,15.49,0
2025-09-25,Mumbai,0,6.32,25.15,0
2025-09-26,Mumbai,1,1.61,9.64,0
2025-09-27,Mumbai,1,23.01,14.17,0
2025-09-28,Mumbai,0,3.15,11.36,0
2025-09-29,Mumbai,1,1.46,7.83,0
2025-09-30,Mumbai,1,0.16,16.26,0
2025-10-01,Mumbai,1,1.71,2.32,0
2025-10-02,Mumbai,1,1.62,6.2,0
2025-10-03,Mumbai,1,9.35,81.28,0
2025-10-04,Mumbai,1,8.66,8.95,0
2025-10-05,Mumbai,1,7.62,10.63,0
2025-10-06,Mumbai,1,14.82,9.89,0
2025-10-07,Mumbai,2,22.51,120.0,0
2025-10-08,Mumbai,2,16.78,19.98,0
2025-10-09,Mumbai,1,1.93,14.3,0
2025-10-10,Mumbai,0,6.71,13.87,0
2025-10-11,Mumbai,0,5.1,3.17,0
2025-10-12,Mumbai,0,0.52,31.9,0
2025-10-13,Mumbai,0,6.13,2.59,0
2025-10-14,Mumbai,1,5.84,38.46,0
2025-10-15,Mumbai,1,3.52,23.8,0
2025-10-16,Mumbai,0,0.57,11.67,0
2025-10-17,Mumbai,1,6.65,4.41,0
2025-10-18,Mumbai,1,2.29,41.8,0
2025-10-19,Mumbai,0,2.13,7.2,0
2025-10-20,Mumbai,1,0.43,7.55,0
2025-10-21,Mumbai,2,8.9,14.33,0
2025-10-22,Mumbai,2,2.69,13.34,0
2025-10-23,Mumbai,2,7.4,12.0,1
2025-10-24,Mumbai,1,6.55,1.8,0
2025-10-25,Mumbai,1,5.06,17.86,0
2025-10-26,Mumbai,2,43.53,9.17,0
2025-10-27,Mumbai,1,10.02,6.08,0
2025-10-28,Mumbai,2,12.67,14.5,0
2025-10-29,Mumbai,2,2.26,10.9,0
2025-10-30,Mumbai,2,16.78,23.28,0
2025-10-31,Mumbai,2,12.28,19.01,0
2025-11-01,Mumbai,2,24.12,16.2,0
2025-11-02,Mumbai,2,3.52,5.37,0
2025-11-03,Mumbai,1,0.43,33.86,0
2025-11-04,Mumbai,2,10.13,0.09,0
2025-11-05,Mumbai,1,1.62,55.96,0
2025-11-06,Mumbai,1,2.26,0.48,0
2025-11-07,Mumbai,1,1.18,0.83,0
2025-11-08,Mumbai,1,11.05,3.75,0
2025-11-09,Mumbai,1,2.4,15.19,0
2025-11-10,Mumbai,1,6.77,5.65,0
2025-11-11,Mumbai,1,2.73,12.45,0
2025-11-12,Mumbai,1,11.42,23.18,0
2025-11-13,Mumbai,1,0.58,15.18,0
2025-11-14,Mumbai,1,4.07,1.3,0
2025-11-15,Mumbai,1,3.53,26.9,0
2025-11-16,Mumbai,2,17.43,21.8,0
2025-11-17,Mumbai,1,38.22,5.75,0
2025-11-18,Mumbai,1,3.29,11.51,0
2025-11-19,Mumbai,2,8.82,2.21,0
2025-11-20,Mumbai,1,5.06,27.98,0
2025-11-21,Mumbai,1,2.19,11.1,0
2025-11-22,Mumbai,1,12.65,1.44,0
2025-11-23,Mumbai,1,3.86,2.82,0
2025-11-24,Mumbai,1,4.74,8.07,0
2025-11-25,Mumbai,1,1.94,44.64,0
2025-11-26,Mumbai,1,2.31,46.29,0
2025-11-27,Mumbai,1,1.17,23.66,0
2025-11-28,Mumbai,1,8.71,0.16,0
2025-11-29,Mumbai,2,6.91,2.66,0
2025-11-30,Mumbai,1,7.91,40.89,0
2025-12-01,Mumbai,1,4.46,17.4,0
2025-12-02,Mumbai,1,1.17,1.5,0
2025-12-03,Mumbai,1,2.76,4.03,0
2025-12-04,Mumbai,1,1.54,56.5,0
2025-12-05,Mumbai,1,5.24,21.84,0
2025-12-06,Mumbai,1,0.61,17.76,0
2025-12-07,Mumbai,2,13.18,22.78,0
2025-12-08,Mumbai,2,6.98,120.0,0
2025-12-09,Mumbai,2,0.01,17.52,0
2025-12-10,Mumbai,1,1.0,2.68,0
2025-12-11,Mumbai,2,0.71,43.86,0
2025-12-12,Mumbai,1,32.35,5.2,0
2025-12-13,Mumbai,2,23.83,0.48,0
2025-12-14,Mumbai,1,6.6,24.02,0
2025-12-15,Mumbai,1,3.57,19.08,0
2025-12-16,Mumbai,2,10.96,16.93,0
2025-12-17,Mumbai,2,9.73,7.19,1
2025-12-18,Mumbai,2,18.89,62.86,0
2025-12-19,Mumbai,2,24.76,8.8,0
2025-12-20,Mumbai,2,1.49,47.82,1
2025-12-21,Mumbai,2,12.65,0.86,0
2025-12-22,Mumbai,1,2.15,5.68,0
2025-12-23,Mumbai,1,0.73,32.05,0
2025-12-24,Mumbai,2,3.75,38.25,0
2025-12-25,Mumbai,2,2.51,14.42,0
2025-12-26,Mumbai,2,4.06,36.36,0
2025-12-27,Mumbai,2,4.39,2.53,0
2025-12-28,Mumbai,2,0.5,25.8,0
2025-12-29,Mumbai,1,13.22,60.47,0
2025-12-30,Mumbai,1,4.44,14.13,0
2025-12-31,Mumbai,1,12.29,49.35,0
2023-01-01,Qingdao,0,2.59,20.82,0
2023-01-02,Qingdao,0,7.07,2.8,0
2023-01-03,Qingdao,0,13.34,4.11,0
2023-01-04,Qingdao,1,2.97,2.71,0
2023-01-05,Qingdao,1,19.01,14.13,0
2023-01-06,Qingdao,1,5.19,9.02,0
2023-01-07,Qingdao,1,0.42,11.18,0
2023-01-08,Qingdao,1,6.18,22.65,0
2023-01-09,Qingdao,0,6.05,3.51,0
2023-01-10,Qingdao,0,0.14,2.33,0
2023-01-11,Qingdao,0,11.56,0.61,0
2023-01-12,Qingdao,0,6.61,10.63,0
2023-01-13,Qingdao,0,4.47,37.89,0
2023-01-14,Qingdao,1,3.55,25.2,0
2023-01-15,Qingdao,0,6.73,11.33,0
2023-01-16,Qingdao,0,3.28,7.6,0
2023-01-17,Qingdao,0,6.74,9.27,0
2023-01-18,Qingdao,0,1.22,6.78,0
2023-01-19,Qingdao,0,12.32,0.26,0
2023-01-20,Qingdao,0,6.75,2.81,0
2023-01-21,Qingdao,1,2.23,29.5,0
2023-01-22,Qingdao,0,2.5,33.07,0
2023-01-23,Qingdao,0,3.53,26.6,0
2023-01-24,Qingdao,0,6.08,2.11,0
2023-01-25,Qingdao,0,5.42,39.24,0
2023-01-26,Qingdao,0,2.07,8.48,0
2023-01-27,Qingdao,0,0.57,1.81,0
2023-01-28,Qingdao,0,1.0,7.65,0
2023-01-29,Qingdao,1,13.56,14.31,0
2023-01-30,Qingdao,0,3.49,4.86,0
2023-01-31,Qingdao,0,0.7,4.47,0
2023-02-01,Qingdao,1,12.61,6.69,0
2023-02-02,Qingdao,0,1.0,0.12,0
2023-02-03,Qingdao,0,10.37,15.04,0
2023-02-04,Qingdao,0,3.39,10.9,0
2023-02-05,Qingdao,0,11.34,9.39,0
2023-02-06,Qingdao,0,6.0,5.23,0
2023-02-07,Qingdao,0,10.71,0.59,0
2023-02-08,Qingdao,0,12.39,13.68,0
2023-02-09,Qingdao,0,3.06,5.99,0
2023-02-10,Qingdao,0,1.35,0.95,0
2023-02-11,Qingdao,0,10.52,33.22,0
2023-02-12,Qingdao,0,2.47,16.65,0
2023-02-13,Qingdao,0,2.1,16.81,0
2023-02-14,Qingdao,0,2.21,1.16,0
2023-02-15,Qingdao,0,2.11,9.23,0
2023-02-16,Qingdao,0,0.38,4.39,0
2023-02-17,Qingdao,0,4.72,19.29,0
2023-02-18,Qingdao,1,4.9,4.06,0
2023-02-19,Qingdao,0,2.81,15.04,0
2023-02-20,Qingdao,0,12.45,44.2,0
2023-02-21,Qingdao,1,25.95,7.06,0
2023-02-22,Qingdao,0,13.15,6.62,0
2023-02-23,Qingdao,0,3.43,22.16,0
2023-02-24,Qingdao,0,0.4,12.79,0
2023-02-25,Qingdao,0,4.8,13.48,0
2023-02-26,Qingdao,0,5.59,18.63,0
2023-02-27,Qingdao,0,0.67,3.33,0
2023-02-28,Qingdao,0,1.33,21.71,0
2023-03-01,Qingdao,0,8.61,16.1,0
2023-03-02,Qingdao,0,1.65,2.78,0
2023-03-03,Qingdao,0,2.31,12.96,0
2023-03-04,Qingdao,0,0.7,7.63,0
2023-03-05,Qingdao,0,1.17,7.98,0
2023-03-06,Qingdao,0,14.24,0.7,0
2023-03-07,Qingdao,1,4.77,7.48,0
2023-03-08,Qingdao,1,5.8,3.73,0
2023-03-09,Qingdao,1,22.22,24.39,0
2023-03-10,Qingdao,1,2.61,16.76,0
2023-03-11,Qingdao,1,6.56,34.8,0
2023-03-12,Qingdao,1,7.39,28.97,0
2023-03-13,Qingdao,0,10.71,6.6,0
2023-03-14,Qingdao,0,4.88,20.52,0
2023-03-15,Qingdao,0,4.5,2.83,0
2023-03-16,Qingdao,0,13.0,5.92,0
2023-03-17,Qingdao,0,0.7,7.93,0
2023-03-18,Qingdao,0,6.22,18.15,0
2023-03-19,Qingdao,0,0.61,10.81,0
2023-03-20,Qingdao,0,3.66,2.54,0
2023-03-21,Qingdao,0,0.95,4.94,0
2023-03-22,Qingdao,0,0.44,0.23,0
2023-03-23,Qingdao,0,0.64,20.93,0
2023-03-24,Qingdao,0,5.67,13.74,0
2023-03-25,Qingdao,1,5.58,16.55,0
2023-03-26,Qingdao,1,5.53,10.41,0
2023-03-27,Qingdao,1,6.93,24.42,0
2023-03-28,Qingdao,0,0.4,19.1,0
2023-03-29,Qingdao,1,37.73,5.0,0
2023-03-30,Qingdao,1,0.08,40.03,0
2023-03-31,Qingdao,1,8.98,11.14,0
2023-04-01,Qingdao,0,0.14,10.08,0
2023-04-02,Qingdao,1,1.22,8.21,0
2023-04-03,Qingdao,1,11.96,18.07,0
2023-04-04,Qingdao,1,0.4,120.0,0
2023-04-05,Qingdao,0,3.28,7.2,0
2023-04-06,Qingdao,0,7.81,1.12,0
2023-04-07,Qingdao,1,6.08,4.47,0
2023-04-08,Qingdao,0,0.57,9.4,0
2023-04-09,Qingdao,0,4.47,8.41,0
2023-04-10,Qingdao,1,20.94,4.33,0
2023-04-11,Qingdao,1,0.11,1.4,0
2023-04-12,Qingdao,1,1.08,4.61,0
2023-04-13,Qingdao,1,5.88,2.0,0
2023-04-14,Qingdao,1,6.63,2.5,0
2023-04-15,Qingdao,1,5.26,1.71,0
2023-04-16,Qingdao,1,0.42,61.43,0
2023-04-17,Qingdao,1,1.32,42.44,0
2023-04-18,Qingdao,1,3.74,2.06,0
2023-04-19,Qingdao,1,5.11,34.32,0
2023-04-20,Qingdao,1,25.16,43.43,0
2023-04-21,Qingdao,0,6.09,6.89,0
2023-04-22,Qingdao,1,8.04,68.98,0
2023-04-23,Qingdao,1,1.93,3.85,0
2023-04-24,Qingdao,1,5.96,5.88,0
2023-04-25,Qingdao,1,5.67,26.34,0
2023-04-26,Qingdao,1,7.67,14.95,0
2023-04-27,Qingdao,1,2.46,28.21,0
2023-04-28,Qingdao,1,9.33,37.01,0
2023-04-29,Qingdao,1,6.34,1.62,0
2023-04-30,Qingdao,1,7.46,11.97,0
2023-05-01,Qingdao,2,6.37,78.1,0
2023-05-02,Qingdao,1,0.98,15.57,0
2023-05-03,Qingdao,1,7.74,2.19,0
2023-05-04,Qingdao,1,1.16,0.85,0
2023-05-05,Qingdao,1,4.31,8.21,0
2023-05-06,Qingdao,0,1.37,3.27,0
2023-05-07,Qingdao,0,4.38,11.39,0
2023-05-08,Qingdao,1,7.86,16.04,0
2023-05-09,Qingdao,1,8.45,86.84,0
2023-05-10,Qingdao,1,6.12,6.57,0
2023-05-11,Qingdao,1,2.09,9.65,0
2023-05-12,Qingdao,1,1.85,4.41,0
2023-05-13,Qingdao,1,2.84,37.02,0
2023-05-14,Qingdao,0,3.05,2.27,0
2023-05-15,Qingdao,1,5.47,27.5,0
2023-05-16,Qingdao,2,7.23,24.41,0
2023-05-17,Qingdao,1,1.5,2.93,0
2023-05-18,Qingdao,1,4.72,9.56,0
2023-05-19,Qingdao,1,0.61,23.89,0
2023-05-20,Qingdao,1,16.66,30.81,0
2023-05-21,Qingdao,1,8.98,12.4,0
2023-05-22,Qingdao,1,3.9,6.99,0
2023-05-23,Qingdao,1,11.99,26.34,0
2023-05-24,Qingdao,1,12.27,13.76,0
2023-05-25,Qingdao,2,20.79,4.86,0
2023-05-26,Qingdao,2,9.87,18.47,0
2023-05-27,Qingdao,2,6.78,83.9,0
2023-05-28,Qingdao,2,14.04,26.83,0
2023-05-29,Qingdao,1,10.27,7.48,0
2023-05-30,Qingdao,1,0.25,32.53,0
2023-05-31,Qingdao,2,14.24,18.56,0
2023-06-01,Qingdao,1,1.71,2.6,0
2023-06-02,Qingdao,1,9.37,29.93,0
2023-06-03,Qingdao,1,4.13,8.71,0
2023-06-04,Qingdao,1,4.92,23.4,0
2023-06-05,Qingdao,2,1.08,10.74,0
2023-06-06,Qingdao,1,5.05,11.95,0
2023-06-07,Qingdao,1,3.29,4.43,0
2023-06-08,Qingdao,2,8.51,17.93,0
2023-06-09,Qingdao,1,26.57,49.6,0
2023-06-10,Qingdao,1,14.51,32.38,0
2023-06-11,Qingdao,1,5.09,12.56,0
2023-06-12,Qingdao,1,4.96,7.25,0
2023-06-13,Qingdao,1,4.65,11.51,0
2023-06-14,Qingdao,2,2.32,32.54,1
2023-06-15,Qingdao,2,0.52,6.67,0
2023-06-16,Qingdao,2,13.15,6.41,0
2023-06-17,Qingdao,1,4.48,43.51,0
2023-06-18,Qingdao,1,3.21,16.99,0
2023-06-19,Qingdao,2,2.57,19.32,0
2023-06-20,Qingdao,2,0.7,67.15,0
2023-06-21,Qingdao,3,27.11,1.86,1
2023-06-22,Qingdao,2,0.83,27.91,1
2023-06-23,Qingdao,2,42.94,14.43,0
2023-06-24,Qingdao,1,8.99,4.38,0
2023-06-25,Qingdao,2,40.79,16.54,1
2023-06-26,Qingdao,2,0.35,64.65,0
2023-06-27,Qingdao,2,5.26,10.25,0
2023-06-28,Qingdao,2,12.9,19.32,0
2023-06-29,Qingdao,2,24.29,45.82,0
2023-06-30,Qingdao,2,11.29,94.07,0
2023-07-01,Qingdao,1,2.97,71.26,0
2023-07-02,Qingdao,1,7.73,14.72,0
2023-07-03,Qingdao,2,0.41,1.02,1
2023-07-04,Qingdao,2,2.68,19.55,0
2023-07-05,Qingdao,2,9.85,45.19,0
2023-07-06,Qingdao,2,11.92,5.42,0
2023-07-07,Qingdao,1,6.99,61.89,0
2023-07-08,Qingdao,1,1.73,17.4,0
2023-07-09,Qingdao,2,20.55,16.36,0
2023-07-10,Qingdao,1,10.94,6.52,0
2023-07-11,Qingdao,1,4.64,15.63,0
2023-07-12,Qingdao,2,23.58,20.65,1
2023-07-13,Qingdao,1,5.53,3.23,0
2023-07-14,Qingdao,1,10.55,2.51,0
2023-07-15,Qingdao,1,4.14,2.1,0
2023-07-16,Qingdao,1,5.65,4.76,0
2023-07-17,Qingdao,1,7.84,90.94,0
2023-07-18,Qingdao,1,2.0,1.04,0
2023-07-19,Qingdao,1,1.24,24.6,0
2023-07-20,Qingdao,1,8.58,15.88,0
2023-07-21,Qingdao,2,11.34,39.25,0
2023-07-22,Qingdao,2,38.62,13.1,0
2023-07-23,Qingdao,2,11.48,21.02,0
2023-07-24,Qingdao,2,14.51,79.23,0
2023-07-25,Qingdao,2,42.0,12.28,0
2023-07-26,Qingdao,2,12.11,12.31,0
2023-07-27,Qingdao,1,1.12,24.76,0
2023-07-28,Qingdao,1,0.66,12.83,0
2023-07-29,Qingdao,1,17.11,5.39,0
2023-07-30,Qingdao,1,4.49,25.01,0
2023-07-31,Qingdao,1,10.83,29.85,0
2023-08-01,Qingdao,2,14.73,8.88,0
2023-08-02,Qingdao,2,29.5,21.25,0
2023-08-03,Qingdao,2,11.1,3.92,0
2023-08-04,Qingdao,2,27.1,48.09,0
2023-08-05,Qingdao,2,7.71,25.84,0
2023-08-06,Qingdao,2,0.81,35.07,1
2023-08-07,Qingdao,1,0.27,9.2,0
2023-08-08,Qingdao,1,7.09,3.02,0
2023-08-09,Qingdao,1,26.87,7.79,0
2023-08-10,Qingdao,2,12.23,3.97,1
2023-08-11,Qingdao,1,11.56,0.13,0
2023-08-12,Qingdao,1,0.33,34.55,0
2023-08-13,Qingdao,2,13.69,59.54,1
2023-08-14,Qingdao,2,7.5,39.96,0
2023-08-15,Qingdao,1,4.24,2.72,0
2023-08-16,Qingdao,1,11.78,14.98,0
2023-08-17,Qingdao,1,7.13,24.2,0
2023-08-18,Qingdao,1,0.69,17.55,0
2023-08-19,Qingdao,2,2.41,16.88,1
2023-08-20,Qingdao,2,3.25,0.06,0
2023-08-21,Qingdao,2,13.0,12.51,1
2023-08-22,Qingdao,2,11.26,12.0,0
2023-08-23,Qingdao,2,8.58,4.08,0
2023-08-24,Qingdao,2,13.52,34.45,1
2023-08-25,Qingdao,2,0.31,18.2,0
2023-08-26,Qingdao,1,2.21,30.18,0
2023-08-27,Qingdao,1,2.56,20.51,0
2023-08-28,Qingdao,1,1.21,13.06,0
2023-08-29,Qingdao,1,0.7,8.01,0
2023-08-30,Qingdao,1,2.05,1.39,0
2023-08-31,Qingdao,1,0.41,25.05,0
2023-09-01,Qingdao,1,6.25,3.4,0
2023-09-02,Qingdao,1,0.1,23.18,0
2023-09-03,Qingdao,1,1.12,4.74,0
2023-09-04,Qingdao,1,8.52,31.4,0
2023-09-05,Qingdao,1,7.94,24.9,0
2023-09-06,Qingdao,1,4.74,25.15,0
2023-09-07,Qingdao,1,5.27,20.22,0
2023-09-08,Qingdao,1,13.02,19.79,0
2023-09-09,Qingdao,1,0.55,8.04,0
2023-09-10,Qingdao,1,1.13,32.53,0
2023-09-11,Qingdao,1,9.3,3.75,0
2023-09-12,Qingdao,0,2.53,1.91,0
2023-09-13,Qingdao,1,18.85,4.85,0
2023-09-14,Qingdao,1,7.86,42.17,0
2023-09-15,Qingdao,1,8.19,5.82,0
2023-09-16,Qingdao,1,0.57,31.12,0
2023-09-17,Qingdao,0,1.17,21.98,0
2023-09-18,Qingdao,1,3.75,3.47,0
2023-09-19,Qingdao,0,4.53,7.64,0
2023-09-20,Qingdao,1,2.59,20.4,0
2023-09-21,Qingdao,2,0.33,6.66,0
2023-09-22,Qingdao,1,1.29,13.94,0
2023-09-23,Qingdao,1,4.49,41.58,0
2023-09-24,Qingdao,0,1.24,1.11,0
2023-09-25,Qingdao,0,0.22,14.63,0
2023-09-26,Qingdao,0,10.96,4.55,0
2023-09-27,Qingdao,1,20.0,55.38,0
2023-09-28,Qingdao,1,3.06,14.07,0
2023-09-29,Qingdao,0,0.71,8.33,0
2023-09-30,Qingdao,0,4.22,43.15,0
2023-10-01,Qingdao,0,1.85,32.08,0
2023-10-02,Qingdao,1,5.75,1.79,0
2023-10-03,Qingdao,1,3.25,9.82,0
2023-10-04,Qingdao,0,1.63,50.82,0
2023-10-05,Qingdao,1,16.12,77.05,0
2023-10-06,Qingdao,1,3.34,24.92,0
2023-10-07,Qingdao,1,0.54,6.7,0
2023-10-08,Qingdao,1,6.14,19.17,0
2023-10-09,Qingdao,1,18.0,0.4,0
2023-10-10,Qingdao,1,1.32,12.89,0
2023-10-11,Qingdao,1,0.78,18.25,0
2023-10-12,Qingdao,1,3.14,20.32,0
2023-10-13,Qingdao,1,0.37,10.37,0
2023-10-14,Qingdao,0,3.25,36.77,0
2023-10-15,Qingdao,0,2.63,18.1,0
2023-10-16,Qingdao,0,3.86,9.22,0
2023-10-17,Qingdao,0,1.68,8.58,0
2023-10-18,Qingdao,0,2.4,14.52,0
2023-10-19,Qingdao,0,2.23,0.16,0
2023-10-20,Qingdao,0,11.21,2.87,0
2023-10-21,Qingdao,0,2.1,10.51,0
2023-10-22,Qingdao,1,8.08,5.88,0
2023-10-23,Qingdao,1,1.13,4.73,0
2023-10-24,Qingdao,1,2.72,10.52,0
2023-10-25,Qingdao,1,22.19,20.68,0
2023-10-26,Qingdao,1,6.67,5.25,0
2023-10-27,Qingdao,0,13.09,3.37,0
2023-10-28,Qingdao,1,49.13,17.3,0
2023-10-29,Qingdao,0,0.01,43.79,0
2023-10-30,Qingdao,0,12.76,9.69,0
2023-10-31,Qingdao,0,0.69,2.23,0
2023-11-01,Qingdao,0,11.68,0.63,0
2023-11-02,Qingdao,1,4.07,16.36,0
2023-11-03,Qingdao,0,16.13,14.8,0
2023-11-04,Qingdao,1,0.85,7.25,0
2023-11-05,Qingdao,1,27.67,41.08,0
2023-11-06,Qingdao,0,6.88,24.17,0
2023-11-07,Qingdao,1,0.29,51.78,0
2023-11-08,Qingdao,0,8.63,10.1,0
2023-11-09,Qingdao,1,2.78,10.65,0
2023-11-10,Qingdao,0,9.96,5.01,0
2023-11-11,Qingdao,0,1.17,14.85,0
2023-11-12,Qingdao,0,13.15,5.72,0
2023-11-13,Qingdao,0,2.03,9.05,0
2023-11-14,Qingdao,0,2.47,7.09,0
2023-11-15,Qingdao,0,3.25,0.53,0
2023-11-16,Qingdao,0,1.38,16.94,0
2023-11-17,Qingdao,1,23.37,6.66,0
2023-11-18,Qingdao,1,3.33,4.34,0
2023-11-19,Qingdao,1,10.46,80.48,0
2023-11-20,Qingdao,0,0.05,3.27,0
2023-11-21,Qingdao,0,2.2,11.38,0
2023-11-22,Qingdao,0,8.82,0.7,0
2023-11-23,Qingdao,0,3.17,6.17,0
2023-11-24,Qingdao,0,10.34,0.48,0
2023-11-25,Qingdao,0,12.51,4.41,0
2023-11-26,Qingdao,1,17.86,7.86,0
2023-11-27,Qingdao,0,8.15,1.86,0
2023-11-28,Qingdao,0,4.62,9.53,0
2023-11-29,Qingdao,1,2.9,2.7,0
2023-11-30,Qingdao,1,11.0,19.65,0
2023-12-01,Qingdao,1,1.33,35.73,0
2023-12-02,Qingdao,0,0.31,1.38,0
2023-12-03,Qingdao,0,7.26,2.59,0
2023-12-04,Qingdao,0,5.46,16.1,0
2023-12-05,Qingdao,1,3.84,21.09,0
2023-12-06,Qingdao,1,17.52,27.01,0
2023-12-07,Qingdao,1,0.99,9.83,0
2023-12-08,Qingdao,0,2.59,12.63,0
2023-12-09,Qingdao,0,9.84,1.31,0
2023-12-10,Qingdao,0,0.04,5.81,0
2023-12-11,Qingdao,0,2.16,0.34,0
2023-12-12,Qingdao,0,2.99,0.43,0
2023-12-13,Qingdao,1,0.07,1.13,0
2023-12-14,Qingdao,1,9.14,5.77,0
2023-12-15,Qingdao,1,17.2,25.5,0
2023-12-16,Qingdao,0,1.11,5.33,0
2023-12-17,Qingdao,0,1.3,14.11,0
2023-12-18,Qingdao,0,1.86,1.62,0
2023-12-19,Qingdao,0,2.3,14.59,0
2023-12-20,Qingdao,0,9.38,2.63,0
2023-12-21,Qingdao,1,12.03,24.28,0
2023-12-22,Qingdao,0,10.27,7.63,0
2023-12-23,Qingdao,0,5.38,4.77,0
2023-12-24,Qingdao,0,0.17,7.21,0
2023-12-25,Qingdao,0,1.98,5.16,0
2023-12-26,Qingdao,1,6.02,31.3,0
2023-12-27,Qingdao,1,13.8,20.99,0
2023-12-28,Qingdao,1,11.6,3.59,0
2023-12-29,Qingdao,0,1.37,4.22,0
2023-12-30,Qingdao,0,1.76,0.53,0
2023-12-31,Qingdao,0,7.87,11.7,0
2024-01-01,Qingdao,0,7.36,7.16,0
2024-01-02,Qingdao,0,1.34,5.72,0
2024-01-03,Qingdao,0,1.6,2.61,0
2024-01-04,Qingdao,0,3.12,0.52,0
2024-01-05,Qingdao,0,3.9,16.91,0
2024-01-06,Qingdao,0,6.73,18.32,0
2024-01-07,Qingdao,0,15.01,35.74,0
2024-01-08,Qingdao,0,4.6,24.22,0
2024-01-09,Qingdao,0,0.56,25.37,0
2024-01-10,Qingdao,0,20.4,4.88,0
2024-01-11,Qingdao,0,2.28,5.08,0
2024-01-12,Qingdao,0,3.58,6.94,0
2024-01-13,Qingdao,0,5.29,2.35,0
2024-01-14,Qingdao,0,0.77,3.02,0
2024-01-15,Qingdao,0,4.45,4.31,0
2024-01-16,Qingdao,0,7.71,14.13,0
2024-01-17,Qingdao,1,0.53,0.0,0
2024-01-18,Qingdao,1,7.07,0.55,0
2024-01-19,Qingdao,1,6.38,24.76,0
2024-01-20,Qingdao,1,13.4,1.53,0
2024-01-21,Qingdao,0,6.02,2.96,0
2024-01-22,Qingdao,0,5.79,0.08,0
2024-01-23,Qingdao,0,4.65,29.56,0
2024-01-24,Qingdao,0,5.29,8.99,0
2024-01-25,Qingdao,0,1.11,4.03,0
2024-01-26,Qingdao,0,3.11,19.75,0
2024-01-27,Qingdao,0,12.31,1.79,0
2024-01-28,Qingdao,1,15.6,18.93,0
2024-01-29,Qingdao,0,4.64,8.5,0
2024-01-30,Qingdao,1,0.9,16.07,0
2024-01-31,Qingdao,0,10.66,3.94,0
2024-02-01,Qingdao,0,2.17,6.4,0
2024-02-02,Qingdao,0,6.07,2.59,0
2024-02-03,Qingdao,1,5.47,5.26,0
2024-02-04,Qingdao,1,13.27,2.61,0
2024-02-05,Qingdao,0,1.58,2.5,0
2024-02-06,Qingdao,1,3.37,21.1,0
2024-02-07,Qingdao,0,0.75,0.05,0
2024-02-08,Qingdao,0,1.17,17.32,0
2024-02-09,Qingdao,0,0.68,3.84,0
2024-02-10,Qingdao,0,9.13,20.56,0
2024-02-11,Qingdao,0,7.41,1.08,0
2024-02-12,Qingdao,0,2.2,47.2,0
2024-02-13,Qingdao,0,1.98,2.02,0
2024-02-14,Qingdao,1,13.46,11.4,0
2024-02-15,Qingdao,1,11.9,3.77,0
2024-02-16,Qingdao,1,7.83,30.69,0
2024-02-17,Qingdao,0,8.46,0.48,0
2024-02-18,Qingdao,0,0.58,11.12,0
2024-02-19,Qingdao,0,8.41,15.8,0
2024-02-20,Qingdao,1,6.96,25.48,0
2024-02-21,Qingdao,1,5.06,0.65,0
2024-02-22,Qingdao,1,0.27,3.08,0
2024-02-23,Qingdao,1,15.76,62.5,0
2024-02-24,Qingdao,0,1.79,8.83,0
2024-02-25,Qingdao,0,0.98,11.96,0
2024-02-26,Qingdao,0,5.04,4.04,0
2024-02-27,Qingdao,0,1.31,7.0,0
2024-02-28,Qingdao,0,1.93,2.62,0
2024-02-29,Qingdao,0,13.93,8.7,0
2024-03-01,Qingdao,0,0.41,0.46,0
2024-03-02,Qingdao,0,3.01,24.98,0
2024-03-03,Qingdao,0,0.72,1.13,0
2024-03-04,Qingdao,0,6.31,3.99,0
2024-03-05,Qingdao,1,4.91,2.58,0
2024-03-06,Qingdao,0,1.09,13.75,0
2024-03-07,Qingdao,0,10.11,10.14,0
2024-03-08,Qingdao,0,1.24,12.27,0
2024-03-09,Qingdao,0,1.81,28.43,0
2024-03-10,Qingdao,1,1.86,2.19,0
2024-03-11,Qingdao,0,1.67,14.27,0
2024-03-12,Qingdao,0,6.53,7.8,0
2024-03-13,Qingdao,0,6.15,34.36,0
2024-03-14,Qingdao,0,11.03,20.73,0
2024-03-15,Qingdao,0,1.45,14.31,0
2024-03-16,Qingdao,1,0.9,60.56,0
2024-03-17,Qingdao,1,2.23,10.69,0
2024-03-18,Qingdao,1,1.95,18.59,0
2024-03-19,Qingdao,0,2.9,16.04,0
2024-03-20,Qingdao,0,1.26,2.02,0
2024-03-21,Qingdao,1,12.9,1.7,0
2024-03-22,Qingdao,0,6.75,21.88,0
2024-03-23,Qingdao,1,32.39,25.01,0
2024-03-24,Qingdao,0,9.0,4.52,0
2024-03-25,Qingdao,0,1.3,13.42,0
2024-03-26,Qingdao,1,27.0,24.45,0
2024-03-27,Qingdao,1,14.28,2.75,0
2024-03-28,Qingdao,0,3.84,4.05,0
2024-03-29,Qingdao,2,1.36,10.21,0
2024-03-30,Qingdao,1,3.61,14.24,0
2024-03-31,Qingdao,2,12.75,57.9,0
2024-04-01,Qingdao,1,7.8,8.68,0
2024-04-02,Qingdao,1,3.14,0.82,0
2024-04-03,Qingdao,1,14.64,0.29,0
2024-04-04,Qingdao,0,13.33,10.61,0
2024-04-05,Qingdao,0,6.47,8.69,0
2024-04-06,Qingdao,1,0.93,5.61,0
2024-04-07,Qingdao,1,3.17,9.42,0
2024-04-08,Qingdao,1,18.09,11.37,0
2024-04-09,Qingdao,1,20.21,19.16,0
2024-04-10,Qingdao,1,11.15,2.79,0
2024-04-11,Qingdao,1,14.05,10.29,0
2024-04-12,Qingdao,1,1.49,20.93,0
2024-04-13,Qingdao,1,4.16,15.1,0
2024-04-14,Qingdao,0,6.0,3.29,0
2024-04-15,Qingdao,1,3.64,5.48,0
2024-04-16,Qingdao,1,2.35,5.56,0
2024-04-17,Qingdao,1,6.41,9.41,0
2024-04-18,Qingdao,2,2.84,91.93,1
2024-04-19,Qingdao,1,4.19,15.98,0
2024-04-20,Qingdao,2,2.35,0.87,0
2024-04-21,Qingdao,1,2.54,4.92,0
2024-04-22,Qingdao,1,3.56,3.9,0
2024-04-23,Qingdao,1,3.91,15.45,0
2024-04-24,Qingdao,1,7.04,6.36,0
2024-04-25,Qingdao,2,10.83,45.44,0
2024-04-26,Qingdao,2,6.1,57.65,0
2024-04-27,Qingdao,2,9.06,58.33,0
2024-04-28,Qingdao,1,7.24,25.56,0
2024-04-29,Qingdao,1,1.82,24.37,0
2024-04-30,Qingdao,1,3.96,25.14,0
2024-05-01,Qingdao,0,4.12,19.33,0
2024-05-02,Qingdao,1,1.1,60.37,0
2024-05-03,Qingdao,1,16.04,7.83,0
2024-05-04,Qingdao,1,0.66,1.29,0
2024-05-05,Qingdao,2,21.7,4.31,0
2024-05-06,Qingdao,2,13.36,44.71,0
2024-05-07,Qingdao,2,2.43,17.97,1
2024-05-08,Qingdao,2,7.66,9.13,1
2024-05-09,Qingdao,2,0.0,18.64,0
2024-05-10,Qingdao,1,3.33,4.08,0
2024-05-11,Qingdao,1,7.81,7.07,0
2024-05-12,Qingdao,1,7.93,13.79,0
2024-05-13,Qingdao,2,20.35,78.12,0
2024-05-14,Qingdao,1,4.93,17.32,0
2024-05-15,Qingdao,1,8.95,15.56,0
2024-05-16,Qingdao,2,27.97,60.54,0
2024-05-17,Qingdao,1,11.07,3.29,0
2024-05-18,Qingdao,2,0.54,46.42,0
2024-05-19,Qingdao,2,16.44,8.19,0
2024-05-20,Qingdao,2,2.99,27.67,0
2024-05-21,Qingdao,2,2.18,120.0,1
2024-05-22,Qingdao,2,18.01,14.8,0
2024-05-23,Qingdao,1,3.35,12.97,0
2024-05-24,Qingdao,2,7.71,59.6,0
2024-05-25,Qingdao,1,5.81,15.37,0
2024-05-26,Qingdao,1,1.41,8.42,0
2024-05-27,Qingdao,1,5.79,38.16,0
2024-05-28,Qingdao,1,6.65,26.62,0
2024-05-29,Qingdao,1,14.53,8.43,0
2024-05-30,Qingdao,1,10.4,7.9,0
2024-05-31,Qingdao,1,0.32,45.02,0
2024-06-01,Qingdao,1,9.69,15.39,0
2024-06-02,Qingdao,1,8.76,29.05,0
2024-06-03,Qingdao,1,8.71,7.31,0
2024-06-04,Qingdao,1,12.46,2.55,0
2024-06-05,Qingdao,1,3.42,5.22,0
2024-06-06,Qingdao,1,4.78,1.09,0
2024-06-07,Qingdao,1,6.43,0.24,0
2024-06-08,Qingdao,2,14.13,15.13,1
2024-06-09,Qingdao,1,9.8,21.06,0
2024-06-10,Qingdao,1,2.07,19.35,0
2024-06-11,Qingdao,1,4.08,12.02,0
2024-06-12,Qingdao,1,15.0,2.36,0
2024-06-13,Qingdao,2,12.91,13.41,0
2024-06-14,Qingdao,2,3.53,2.61,0
2024-06-15,Qingdao,2,8.15,7.36,0
2024-06-16,Qingdao,2,2.72,48.0,0
2024-06-17,Qingdao,2,7.84,26.52,1
2024-06-18,Qingdao,2,5.14,12.94,0
2024-06-19,Qingdao,2,7.63,27.12,0
2024-06-20,Qingdao,2,18.53,11.06,1
2024-06-21,Qingdao,2,0.58,2.86,0
2024-06-22,Qingdao,1,5.67,7.38,0
2024-06-23,Qingdao,1,3.27,28.76,0
2024-06-24,Qingdao,1,6.24,9.2,0
2024-06-25,Qingdao,1,15.9,7.63,0
2024-06-26,Qingdao,1,2.01,4.17,0
2024-06-27,Qingdao,1,13.47,37.7,0
2024-06-28,Qingdao,2,5.04,23.85,0
2024-06-29,Qingdao,2,0.26,24.71,0
2024-06-30,Qingdao,1,24.34,19.92,0
2024-07-01,Qingdao,2,21.91,18.09,0
2024-07-02,Qingdao,2,16.94,30.68,0
2024-07-03,Qingdao,3,42.81,19.37,1
2024-07-04,Qingdao,2,12.89,50.12,0
2024-07-05,Qingdao,2,2.66,20.11,0
2024-07-06,Qingdao,2,25.1,20.14,1
2024-07-07,Qingdao,2,5.16,3.52,0
2024-07-08,Qingdao,1,4.77,10.22,0
2024-07-09,Qingdao,2,5.44,11.85,0
2024-07-10,Qingdao,2,9.51,31.22,0
2024-07-11,Qingdao,1,0.3,7.56,0
2024-07-12,Qingdao,1,3.17,3.66,0
2024-07-13,Qingdao,1,11.69,25.85,0
2024-07-14,Qingdao,1,4.4,10.93,0
2024-07-15,Qingdao,1,12.56,8.68,0
2024-07-16,Qingdao,1,3.92,31.97,0
2024-07-17,Qingdao,1,4.15,9.18,0
2024-07-18,Qingdao,1,5.17,17.67,0
2024-07-19,Qingdao,1,15.83,6.64,0
2024-07-20,Qingdao,1,0.35,2.84,0
2024-07-21,Qingdao,2,1.85,10.9,0
2024-07-22,Qingdao,2,19.05,12.53,0
2024-07-23,Qingdao,2,47.18,6.33,0
2024-07-24,Qingdao,3,6.41,4.29,1
2024-07-25,Qingdao,3,28.78,3.57,1
2024-07-26,Qingdao,2,1.11,20.14,0
2024-07-27,Qingdao,1,0.89,7.56,0
2024-07-28,Qingdao,1,3.76,8.77,0
2024-07-29,Qingdao,2,6.99,45.1,0
2024-07-30,Qingdao,2,21.83,15.42,0
2024-07-31,Qingdao,2,31.24,6.14,1
2024-08-01,Qingdao,2,0.36,36.49,0
2024-08-02,Qingdao,1,1.66,20.55,0
2024-08-03,Qingdao,2,9.55,8.6,1
2024-08-04,Qingdao,1,1.14,2.31,0
2024-08-05,Qingdao,2,24.71,4.64,0
2024-08-06,Qingdao,2,1.57,18.79,0
2024-08-07,Qingdao,2,5.32,40.05,0
2024-08-08,Qingdao,1,13.31,6.51,0
2024-08-09,Qingdao,1,3.15,4.5,0
2024-08-10,Qingdao,1,19.11,26.18,0
2024-08-11,Qingdao,2,47.99,51.95,0
2024-08-12,Qingdao,1,3.98,11.94,0
2024-08-13,Qingdao,1,0.26,10.48,0
2024-08-14,Qingdao,1,8.51,66.91,0
2024-08-15,Qingdao,1,8.15,25.11,0
2024-08-16,Qingdao,1,9.36,49.15,0
2024-08-17,Qingdao,1,0.71,15.84,0
2024-08-18,Qingdao,1,21.02,0.74,0
2024-08-19,Qingdao,2,0.98,15.86,0
2024-08-20,Qingdao,1,1.63,24.59,0
2024-08-21,Qingdao,1,3.41,17.8,0
2024-08-22,Qingdao,2,5.18,10.3,0
2024-08-23,Qingdao,1,0.49,3.42,0
2024-08-24,Qingdao,1,28.36,0.75,0
2024-08-25,Qingdao,2,4.68,49.27,0
2024-08-26,Qingdao,1,9.2,1.47,0
2024-08-27,Qingdao,1,2.48,19.48,0
2024-08-28,Qingdao,1,5.28,25.72,0
2024-08-29,Qingdao,1,1.21,9.54,0
2024-08-30,Qingdao,0,1.52,3.62,0
2024-08-31,Qingdao,1,7.55,2.45,0
2024-09-01,Qingdao,1,1.03,19.04,0
2024-09-02,Qingdao,1,2.25,12.01,0
2024-09-03,Qingdao,1,2.46,16.85,0
2024-09-04,Qingdao,1,7.82,35.91,0
2024-09-05,Qingdao,1,19.92,10.21,0
2024-09-06,Qingdao,1,4.47,4.45,0
2024-09-07,Qingdao,1,4.86,58.69,0
2024-09-08,Qingdao,1,0.47,10.03,0
2024-09-09,Qingdao,1,15.34,3.13,0
2024-09-10,Qingdao,2,5.75,12.12,0
2024-09-11,Qingdao,1,4.76,12.18,0
2024-09-12,Qingdao,1,4.25,14.98,0
2024-09-13,Qingdao,1,8.21,3.48,0
2024-09-14,Qingdao,1,16.64,50.05,0
2024-09-15,Qingdao,0,3.78,16.83,0
2024-09-16,Qingdao,0,5.02,5.21,0
2024-09-17,Qingdao,0,14.43,3.9,0
2024-09-18,Qingdao,0,0.87,4.05,0
2024-09-19,Qingdao,0,0.74,8.89,0
2024-09-20,Qingdao,0,0.89,3.24,0
2024-09-21,Qingdao,0,11.97,15.47,0
2024-09-22,Qingdao,1,5.03,1.43,0
2024-09-23,Qingdao,1,0.02,2.13,0
2024-09-24,Qingdao,1,2.34,38.93,0
2024-09-25,Qingdao,1,8.19,27.26,0
2024-09-26,Qingdao,1,9.49,0.55,0
2024-09-27,Qingdao,0,5.2,1.32,0
2024-09-28,Qingdao,0,13.95,1.31,0
2024-09-29,Qingdao,0,1.86,13.5,0
2024-09-30,Qingdao,0,20.49,4.03,0
2024-10-01,Qingdao,1,6.45,28.44,0
2024-10-02,Qingdao,2,3.16,12.35,0
2024-10-03,Qingdao,1,6.08,38.95,0
2024-10-04,Qingdao,1,4.59,13.4,0
2024-10-05,Qingdao,1,2.34,41.32,0
2024-10-06,Qingdao,1,31.52,1.69,0
2024-10-07,Qingdao,1,0.83,31.68,0
2024-10-08,Qingdao,1,3.59,23.77,0
2024-10-09,Qingdao,1,12.04,37.81,0
2024-10-10,Qingdao,0,2.29,4.0,0
2024-10-11,Qingdao,1,0.64,29.39,0
2024-10-12,Qingdao,0,8.73,12.42,0
2024-10-13,Qingdao,0,3.05,14.06,0
2024-10-14,Qingdao,0,8.46,3.43,0
2024-10-15,Qingdao,0,2.31,0.02,0
2024-10-16,Qingdao,1,7.37,36.68,0
2024-10-17,Qingdao,1,5.14,9.33,0
2024-10-18,Qingdao,0,2.63,3.36,0
2024-10-19,Qingdao,1,8.53,92.34,0
2024-10-20,Qingdao,0,9.78,2.73,0
2024-10-21,Qingdao,0,7.76,10.77,0
2024-10-22,Qingdao,0,1.27,3.87,0
2024-10-23,Qingdao,0,2.74,28.45,0
2024-10-24,Qingdao,0,3.64,1.23,0
2024-10-25,Qingdao,0,1.49,18.67,0
2024-10-26,Qingdao,0,0.42,18.51,0
2024-10-27,Qingdao,0,4.86,10.31,0
2024-10-28,Qingdao,0,16.73,12.35,0
2024-10-29,Qingdao,0,4.45,7.81,0
2024-10-30,Qingdao,0,6.43,2.07,0
2024-10-31,Qingdao,0,1.43,4.42,0
2024-11-01,Qingdao,0,14.97,9.63,0
2024-11-02,Qingdao,0,12.15,1.11,0
2024-11-03,Qingdao,0,0.15,0.36,0
2024-11-04,Qingdao,0,0.13,0.04,0
2024-11-05,Qingdao,0,2.44,9.58,0
2024-11-06,Qingdao,0,2.04,1.56,0
2024-11-07,Qingdao,0,3.08,1.9,0
2024-11-08,Qingdao,0,1.0,12.31,0
2024-11-09,Qingdao,0,0.92,17.36,0
2024-11-10,Qingdao,0,2.24,7.98,0
2024-11-11,Qingdao,0,5.75,11.23,0
2024-11-12,Qingdao,0,13.27,4.33,0
2024-11-13,Qingdao,1,13.81,82.88,0
2024-11-14,Qingdao,0,1.32,10.56,0
2024-11-15,Qingdao,0,7.44,21.82,0
2024-11-16,Qingdao,1,0.64,77.86,0
2024-11-17,Qingdao,0,0.62,1.06,0
2024-11-18,Qingdao,0,5.93,1.54,0
2024-11-19,Qingdao,0,6.97,2.88,0
2024-11-20,Qingdao,0,4.63,4.52,0
2024-11-21,Qingdao,0,12.95,0.87,0
2024-11-22,Qingdao,0,14.3,1.47,0
2024-11-23,Qingdao,0,1.08,4.37,0
2024-11-24,Qingdao,0,2.5,7.68,0
2024-11-25,Qingdao,0,6.09,19.59,0
2024-11-26,Qingdao,0,5.2,3.17,0
2024-11-27,Qingdao,0,3.17,1.06,0
2024-11-28,Qingdao,0,5.92,3.81,0
2024-11-29,Qingdao,0,1.65,2.53,0
2024-11-30,Qingdao,0,4.14,2.5,0
2024-12-01,Qingdao,0,5.02,17.69,0
2024-12-02,Qingdao,0,3.18,24.88,0
2024-12-03,Qingdao,0,18.61,4.59,0
2024-12-04,Qingdao,0,35.47,3.6,0
2024-12-05,Qingdao,0,0.34,3.02,0
2024-12-06,Qingdao,0,0.36,0.98,0
2024-12-07,Qingdao,0,0.84,6.63,0
2024-12-08,Qingdao,0,3.81,14.9,0
2024-12-09,Qingdao,0,0.74,6.16,0
2024-12-10,Qingdao,0,0.38,1.09,0
2024-12-11,Qingdao,1,0.48,4.16,0
2024-12-12,Qingdao,1,7.61,4.14,0
2024-12-13,Qingdao,1,9.47,3.96,0
2024-12-14,Qingdao,1,8.63,32.38,0
2024-12-15,Qingdao,1,22.03,2.04,0
2024-12-16,Qingdao,1,11.3,4.76,0
2024-12-17,Qingdao,1,9.44,83.8,0
2024-12-18,Qingdao,0,15.98,18.47,0
2024-12-19,Qingdao,1,14.52,3.61,0
2024-12-20,Qingdao,1,0.01,50.44,0
2024-12-21,Qingdao,0,2.98,10.44,0
2024-12-22,Qingdao,0,12.36,5.49,0
2024-12-23,Qingdao,0,1.35,11.7,0
2024-12-24,Qingdao,0,1.13,38.33,0
2024-12-25,Qingdao,0,6.53,5.51,0
2024-12-26,Qingdao,0,9.76,38.28,0
2024-12-27,Qingdao,0,2.99,1.67,0
2024-12-28,Qingdao,0,7.09,2.22,0
2024-12-29,Qingdao,0,2.05,13.52,0
2024-12-30,Qingdao,0,4.46,5.3,0
2024-12-31,Qingdao,0,3.17,2.93,0
2025-01-01,Qingdao,0,3.18,6.51,0
2025-01-02,Qingdao,0,5.96,15.19,0
2025-01-03,Qingdao,0,4.15,1.16,0
2025-01-04,Qingdao,0,11.54,4.67,0
2025-01-05,Qingdao,0,13.31,0.27,0
2025-01-06,Qingdao,1,9.51,3.84,0
2025-01-07,Qingdao,1,21.12,3.21,0
2025-01-08,Qingdao,0,0.71,19.58,0
2025-01-09,Qingdao,1,23.82,17.26,0
2025-01-10,Qingdao,1,4.05,27.5,0
2025-01-11,Qingdao,1,0.05,32.6,0
2025-01-12,Qingdao,0,3.06,16.59,0
2025-01-13,Qingdao,0,5.2,17.35,0
2025-01-14,Qingdao,0,4.78,10.06,0
2025-01-15,Qingdao,0,0.79,27.8,0
2025-01-16,Qingdao,0,5.69,14.8,0
2025-01-17,Qingdao,1,6.17,4.58,0
2025-01-18,Qingdao,0,2.97,13.97,0
2025-01-19,Qingdao,1,2.03,20.95,0
2025-01-20,Qingdao,1,4.44,4.99,0
2025-01-21,Qingdao,0,5.97,1.75,0
2025-01-22,Qingdao,0,0.98,15.73,0
2025-01-23,Qingdao,0,5.35,16.04,0
2025-01-24,Qingdao,0,6.6,11.46,0
2025-01-25,Qingdao,0,2.35,23.13,0
2025-01-26,Qingdao,0,6.46,0.24,0
2025-01-27,Qingdao,0,3.61,17.48,0
2025-01-28,Qingdao,0,1.33,8.15,0
2025-01-29,Qingdao,0,4.34,10.86,0
2025-01-30,Qingdao,1,3.29,1.36,0
2025-01-31,Qingdao,0,7.41,4.24,0
2025-02-01,Qingdao,0,10.44,21.73,0
2025-02-02,Qingdao,1,0.25,6.82,0
2025-02-03,Qingdao,1,6.03,4.44,0
2025-02-04,Qingdao,0,0.18,15.72,0
2025-02-05,Qingdao,0,2.16,8.28,0
2025-02-06,Qingdao,0,0.21,0.41,0
2025-02-07,Qingdao,0,1.22,3.51,0
2025-02-08,Qingdao,0,17.62,10.86,0
2025-02-09,Qingdao,0,2.9,6.44,0
2025-02-10,Qingdao,0,2.7,3.31,0
2025-02-11,Qingdao,0,3.2,18.5,0
2025-02-12,Qingdao,1,1.3,20.58,0
2025-02-13,Qingdao,0,7.65,14.98,0
2025-02-14,Qingdao,0,1.66,11.11,0
2025-02-15,Qingdao,0,16.94,4.16,0
2025-02-16,Qingdao,0,2.36,14.38,0
2025-02-17,Qingdao,0,1.37,3.75,0
2025-02-18,Qingdao,0,3.35,28.32,0
2025-02-19,Qingdao,0,1.87,24.1,0
2025-02-20,Qingdao,0,1.15,1.56,0
2025-02-21,Qingdao,0,10.96,3.48,0
2025-02-22,Qingdao,0,2.73,6.41,0
2025-02-23,Qingdao,0,9.31,12.66,0
2025-02-24,Qingdao,0,0.5,3.96,0
2025-02-25,Qingdao,0,0.94,6.57,0
2025-02-26,Qingdao,1,7.76,4.8,0
2025-02-27,Qingdao,1,0.88,3.68,0
2025-02-28,Qingdao,1,0.09,29.1,0
2025-03-01,Qingdao,1,1.76,3.79,0
2025-03-02,Qingdao,1,14.27,2.6,0
2025-03-03,Qingdao,0,10.41,5.98,0
2025-03-04,Qingdao,0,6.51,5.53,0
2025-03-05,Qingdao,0,0.16,11.85,0
2025-03-06,Qingdao,0,2.54,0.61,0
2025-03-07,Qingdao,0,11.6,15.0,0
2025-03-08,Qingdao,0,7.97,12.83,0
2025-03-09,Qingdao,0,10.29,7.39,0
2025-03-10,Qingdao,0,0.91,5.87,0
2025-03-11,Qingdao,1,23.17,23.25,0
2025-03-12,Qingdao,1,0.62,6.82,0
2025-03-13,Qingdao,0,3.47,33.44,0
2025-03-14,Qingdao,0,4.06,11.95,0
2025-03-15,Qingdao,1,0.53,21.78,0
2025-03-16,Qingdao,0,10.06,4.46,0
2025-03-17,Qingdao,0,7.12,0.24,0
2025-03-18,Qingdao,0,4.04,26.35,0
2025-03-19,Qingdao,0,13.22,6.25,0
2025-03-20,Qingdao,0,4.88,3.67,0
2025-03-21,Qingdao,0,3.32,12.43,0
2025-03-22,Qingdao,1,12.88,0.67,0
2025-03-23,Qingdao,1,2.46,31.79,0
2025-03-24,Qingdao,1,6.47,27.35,0
2025-03-25,Qingdao,1,6.17,40.74,0
2025-03-26,Qingdao,0,3.27,2.01,0
2025-03-27,Qingdao,0,0.21,3.48,0
2025-03-28,Qingdao,0,3.24,2.18,0
2025-03-29,Qingdao,1,0.76,6.19,0
2025-03-30,Qingdao,1,15.78,17.45,0
2025-03-31,Qingdao,1,2.84,11.95,0
2025-04-01,Qingdao,1,0.64,4.86,0
2025-04-02,Qingdao,1,1.79,11.77,0
2025-04-03,Qingdao,1,6.91,41.2,0
2025-04-04,Qingdao,2,19.23,4.51,1
2025-04-05,Qingdao,2,6.77,3.35,0
2025-04-06,Qingdao,1,0.67,40.28,0
2025-04-07,Qingdao,1,0.13,24.94,0
2025-04-08,Qingdao,2,6.68,6.88,1
2025-04-09,Qingdao,1,8.96,34.9,0
2025-04-10,Qingdao,1,2.34,36.46,0
2025-04-11,Qingdao,1,1.22,3.26,0
2025-04-12,Qingdao,1,5.32,0.1,0
2025-04-13,Qingdao,1,0.64,49.42,0
2025-04-14,Qingdao,1,15.33,24.07,0
2025-04-15,Qingdao,0,14.55,6.59,0
2025-04-16,Qingdao,1,7.92,17.67,0
2025-04-17,Qingdao,1,0.09,6.36,0
2025-04-18,Qingdao,1,7.17,80.37,0
2025-04-19,Qingdao,1,5.55,16.4,0
2025-04-20,Qingdao,1,3.05,2.18,0
2025-04-21,Qingdao,1,16.23,0.33,0
2025-04-22,Qingdao,2,5.11,1.67,0
2025-04-23,Qingdao,1,2.5,6.82,0
2025-04-24,Qingdao,1,0.43,20.45,0
2025-04-25,Qingdao,1,11.98,11.4,0
2025-04-26,Qingdao,1,15.6,3.58,0
2025-04-27,Qingdao,2,2.13,14.08,0
2025-04-28,Qingdao,2,7.8,75.32,0
2025-04-29,Qingdao,1,8.96,38.68,0
2025-04-30,Qingdao,1,1.57,5.24,0
2025-05-01,Qingdao,0,4.16,1.79,0
2025-05-02,Qingdao,2,2.98,84.9,0
2025-05-03,Qingdao,2,0.24,4.18,0
2025-05-04,Qingdao,2,2.45,18.35,0
2025-05-05,Qingdao,1,21.71,60.94,0
2025-05-06,Qingdao,1,33.88,4.79,0
2025-05-07,Qingdao,1,9.14,0.88,0
2025-05-08,Qingdao,1,14.51,19.33,0
2025-05-09,Qingdao,1,3.79,15.7,0
2025-05-10,Qingdao,1,6.68,6.8,0
2025-05-11,Qingdao,1,5.0,58.27,0
2025-05-12,Qingdao,2,3.69,3.5,0
2025-05-13,Qingdao,1,6.02,10.96,0
2025-05-14,Qingdao,2,5.77,8.32,0
2025-05-15,Qingdao,2,14.72,7.97,0
2025-05-16,Qingdao,2,14.09,1.5,0
2025-05-17,Qingdao,2,5.53,27.22,0
2025-05-18,Qingdao,2,7.02,0.82,0
2025-05-19,Qingdao,2,10.14,5.68,0
2025-05-20,Qingdao,2,2.53,39.88,0
2025-05-21,Qingdao,2,9.17,25.41,0
2025-05-22,Qingdao,1,6.03,18.8,0
2025-05-23,Qingdao,1,11.1,0.58,0
2025-05-24,Qingdao,2,11.16,18.19,0
2025-05-25,Qingdao,1,5.46,16.26,0
2025-05-26,Qingdao,1,2.43,35.84,0
2025-05-27,Qingdao,1,2.89,12.63,0
2025-05-28,Qingdao,2,2.42,67.25,0
2025-05-29,Qingdao,1,1.37,17.66,0
2025-05-30,Qingdao,1,3.09,13.45,0
2025-05-31,Qingdao,1,6.91,0.01,0
2025-06-01,Qingdao,2,0.16,41.05,0
2025-06-02,Qingdao,2,7.91,1.22,1
2025-06-03,Qingdao,2,32.75,1.94,0
2025-06-04,Qingdao,2,32.46,7.38,1
2025-06-05,Qingdao,2,8.98,21.61,0
2025-06-06,Qingdao,2,6.98,17.96,0
2025-06-07,Qingdao,2,13.49,10.54,0
2025-06-08,Qingdao,2,1.06,8.52,0
2025-06-09,Qingdao,1,6.45,11.51,0
2025-06-10,Qingdao,1,2.24,5.12,0
2025-06-11,Qingdao,2,7.19,21.93,0
2025-06-12,Qingdao,1,3.54,17.86,0
2025-06-13,Qingdao,2,3.31,24.3,1
2025-06-14,Qingdao,1,27.06,23.27,0
2025-06-15,Qingdao,1,0.68,11.67,0
2025-06-16,Qingdao,1,20.84,24.68,0
2025-06-17,Qingdao,2,13.72,49.51,0
2025-06-18,Qingdao,2,3.05,12.19,0
2025-06-19,Qingdao,3,12.53,0.22,1
2025-06-20,Qingdao,3,19.71,8.24,1
2025-06-21,Qingdao,2,6.06,5.04,0
2025-06-22,Qingdao,2,21.53,28.36,0
2025-06-23,Qingdao,1,1.13,11.16,0
2025-06-24,Qingdao,2,4.11,26.96,0
2025-06-25,Qingdao,2,3.21,2.41,0
2025-06-26,Qingdao,1,13.81,11.67,0
2025-06-27,Qingdao,1,1.29,2.43,0
2025-06-28,Qingdao,1,8.99,12.4,0
2025-06-29,Qingdao,2,14.49,37.01,0
2025-06-30,Qingdao,2,6.72,7.57,1
2025-07-01,Qingdao,2,27.5,4.62,0
2025-07-02,Qingdao,2,3.34,14.35,0
2025-07-03,Qingdao,2,5.3,29.65,0
2025-07-04,Qingdao,2,13.11,27.1,0
2025-07-05,Qingdao,2,8.52,5.22,1
2025-07-06,Qingdao,2,9.68,11.87,1
2025-07-07,Qingdao,2,3.94,6.85,0
2025-07-08,Qingdao,3,1.41,18.34,1
2025-07-09,Qingdao,2,0.29,63.81,0
2025-07-10,Qingdao,3,0.78,32.97,1
2025-07-11,Qingdao,2,5.14,1.26,0
2025-07-12,Qingdao,1,2.33,4.79,0
2025-07-13,Qingdao,1,0.9,4.19,0
2025-07-14,Qingdao,1,5.16,5.86,0
2025-07-15,Qingdao,1,4.09,31.68,0
2025-07-16,Qingdao,1,0.53,6.43,0
2025-07-17,Qingdao,1,17.52,9.41,0
2025-07-18,Qingdao,2,13.8,2.45,0
2025-07-19,Qingdao,2,8.64,9.65,0
2025-07-20,Qingdao,2,5.56,9.49,0
2025-07-21,Qingdao,2,9.44,3.85,1
2025-07-22,Qingdao,2,1.9,51.79,0
2025-07-23,Qingdao,1,2.5,4.7,0
2025-07-24,Qingdao,1,21.48,17.74,0
2025-07-25,Qingdao,2,0.3,31.07,0
2025-07-26,Qingdao,1,15.79,7.19,0
2025-07-27,Qingdao,2,13.07,11.66,0
2025-07-28,Qingdao,2,3.77,5.05,0
2025-07-29,Qingdao,2,20.83,8.44,0
2025-07-30,Qingdao,1,11.09,1.73,0
2025-07-31,Qingdao,1,13.07,26.44,0
2025-08-01,Qingdao,1,7.34,29.32,0
2025-08-02,Qingdao,1,3.81,3.0,0
2025-08-03,Qingdao,0,5.34,14.7,0
2025-08-04,Qingdao,0,10.61,16.68,0
2025-08-05,Qingdao,1,1.67,78.52,0
2025-08-06,Qingdao,1,10.61,2.02,0
2025-08-07,Qingdao,1,5.38,1.42,0
2025-08-08,Qingdao,1,3.12,7.74,0
2025-08-09,Qingdao,1,0.46,21.93,0
2025-08-10,Qingdao,1,0.88,31.84,0
2025-08-11,Qingdao,2,44.98,28.61,0
2025-08-12,Qingdao,1,10.88,4.48,0
2025-08-13,Qingdao,1,5.48,14.32,0
2025-08-14,Qingdao,2,4.03,0.63,0
2025-08-15,Qingdao,2,10.92,75.85,0
2025-08-16,Qingdao,1,27.79,13.79,0
2025-08-17,Qingdao,1,12.24,9.12,0
2025-08-18,Qingdao,1,0.26,39.07,0
2025-08-19,Qingdao,1,0.16,38.45,0
2025-08-20,Qingdao,1,10.98,8.29,0
2025-08-21,Qingdao,1,0.72,30.18,0
2025-08-22,Qingdao,1,2.69,2.31,0
2025-08-23,Qingdao,1,8.47,18.15,0
2025-08-24,Qingdao,2,0.92,29.01,0
2025-08-25,Qingdao,2,8.35,53.45,1
2025-08-26,Qingdao,2,3.09,37.54,0
2025-08-27,Qingdao,2,1.9,6.63,0
2025-08-28,Qingdao,2,30.65,9.95,0
2025-08-29,Qingdao,2,4.33,7.15,0
2025-08-30,Qingdao,2,20.71,2.81,0
2025-08-31,Qingdao,1,0.05,4.43,0
2025-09-01,Qingdao,1,6.06,0.63,0
2025-09-02,Qingdao,1,21.18,27.47,0
2025-09-03,Qingdao,1,18.43,22.45,0
2025-09-04,Qingdao,1,6.07,13.4,0
2025-09-05,Qingdao,1,17.85,5.95,0
2025-09-06,Qingdao,1,2.08,8.74,0
2025-09-07,Qingdao,0,10.44,6.86,0
2025-09-08,Qingdao,1,9.59,13.63,0
2025-09-09,Qingdao,2,2.13,14.36,0
2025-09-10,Qingdao,1,12.16,15.31,0
2025-09-11,Qingdao,2,1.93,16.57,0
2025-09-12,Qingdao,2,2.33,64.41,0
2025-09-13,Qingdao,2,18.58,36.71,0
2025-09-14,Qingdao,1,3.63,8.73,0
2025-09-15,Qingdao,1,7.74,95.54,0
2025-09-16,Qingdao,1,0.11,11.65,0
2025-09-17,Qingdao,1,8.21,4.27,0
2025-09-18,Qingdao,1,6.24,1.53,0
2025-09-19,Qingdao,1,12.09,2.1,0
2025-09-20,Qingdao,1,2.42,5.41,0
2025-09-21,Qingdao,1,11.91,20.1,0
2025-09-22,Qingdao,2,15.59,38.51,0
2025-09-23,Qingdao,1,4.53,9.2,0
2025-09-24,Qingdao,1,5.69,16.35,0
2025-09-25,Qingdao,1,8.94,10.73,0
2025-09-26,Qingdao,1,4.88,16.4,0
2025-09-27,Qingdao,1,2.95,16.3,0
2025-09-28,Qingdao,1,2.17,0.72,0
2025-09-29,Qingdao,1,8.58,7.3,0
2025-09-30,Qingdao,1,13.65,15.15,0
2025-10-01,Qingdao,1,5.62,9.84,0
2025-10-02,Qingdao,1,6.19,17.33,0
2025-10-03,Qingdao,0,9.48,11.6,0
2025-10-04,Qingdao,0,10.33,37.42,0
2025-10-05,Qingdao,0,0.13,15.44,0
2025-10-06,Qingdao,1,4.06,2.53,0
2025-10-07,Qingdao,1,19.89,4.04,0
2025-10-08,Qingdao,1,22.5,1.81,0
2025-10-09,Qingdao,1,15.98,7.11,0
2025-10-10,Qingdao,1,5.73,5.58,0
2025-10-11,Qingdao,1,6.03,63.73,0
2025-10-12,Qingdao,1,1.6,19.05,0
2025-10-13,Qingdao,1,4.42,27.25,0
2025-10-14,Qingdao,1,2.6,52.87,0
2025-10-15,Qingdao,1,9.76,12.98,0
2025-10-16,Qingdao,1,2.15,9.53,0
2025-10-17,Qingdao,1,1.67,40.49,0
2025-10-18,Qingdao,0,2.06,18.23,0
2025-10-19,Qingdao,0,15.75,6.33,0
2025-10-20,Qingdao,0,4.67,16.8,0
2025-10-21,Qingdao,0,7.94,3.97,0
2025-10-22,Qingdao,0,3.86,6.19,0
2025-10-23,Qingdao,0,5.17,3.07,0
2025-10-24,Qingdao,0,4.31,16.74,0
2025-10-25,Qingdao,0,1.85,0.78,0
2025-10-26,Qingdao,0,2.96,4.26,0
2025-10-27,Qingdao,0,2.57,5.42,0
2025-10-28,Qingdao,0,7.69,51.32,0
2025-10-29,Qingdao,0,6.54,17.4,0
2025-10-30,Qingdao,0,16.1,16.18,0
2025-10-31,Qingdao,0,3.26,10.61,0
2025-11-01,Qingdao,0,1.13,4.19,0
2025-11-02,Qingdao,0,9.35,24.76,0
2025-11-03,Qingdao,0,5.31,0.89,0
2025-11-04,Qingdao,0,16.16,1.53,0
2025-11-05,Qingdao,0,14.85,0.89,0
2025-11-06,Qingdao,0,1.03,3.53,0
2025-11-07,Qingdao,0,1.77,11.47,0
2025-11-08,Qingdao,1,0.42,7.21,0
2025-11-09,Qingdao,1,8.12,38.77,0
2025-11-10,Qingdao,1,13.54,49.35,0
2025-11-11,Qingdao,1,4.18,27.65,0
2025-11-12,Qingdao,1,5.32,2.15,0
2025-11-13,Qingdao,1,19.19,24.14,0
2025-11-14,Qingdao,1,4.34,3.61,0
2025-11-15,Qingdao,0,0.24,2.56,0
2025-11-16,Qingdao,0,17.75,15.21,0
2025-11-17,Qingdao,0,0.07,19.95,0
2025-11-18,Qingdao,0,19.91,3.94,0
2025-11-19,Qingdao,1,15.13,1.89,0
2025-11-20,Qingdao,0,1.68,5.67,0
2025-11-21,Qingdao,0,0.22,18.73,0
2025-11-22,Qingdao,0,5.0,4.88,0
2025-11-23,Qingdao,0,0.02,6.13,0
2025-11-24,Qingdao,0,1.47,8.01,0
2025-11-25,Qingdao,0,5.0,0.03,0
2025-11-26,Qingdao,0,4.32,16.25,0
2025-11-27,Qingdao,0,11.5,36.03,0
2025-11-28,Qingdao,0,7.67,7.0,0
2025-11-29,Qingdao,0,2.99,5.84,0
2025-11-30,Qingdao,0,3.96,3.09,0
2025-12-01,Qingdao,0,1.94,1.64,0
2025-12-02,Qingdao,0,2.75,33.07,0
2025-12-03,Qingdao,0,9.23,0.05,0
2025-12-04,Qingdao,0,11.11,3.84,0
2025-12-05,Qingdao,0,3.28,5.58,0
2025-12-06,Qingdao,0,0.19,6.53,0
2025-12-07,Qingdao,0,0.82,6.8,0
2025-12-08,Qingdao,0,4.02,9.85,0
2025-12-09,Qingdao,1,0.66,15.16,0
2025-12-10,Qingdao,0,6.71,14.74,0
2025-12-11,Qingdao,0,3.22,9.76,0
2025-12-12,Qingdao,0,8.56,6.22,0
2025-12-13,Qingdao,0,0.71,4.6,0
2025-12-14,Qingdao,0,8.22,3.14,0
2025-12-15,Qingdao,0,1.26,4.4,0
2025-12-16,Qingdao,0,0.69,7.06,0
2025-12-17,Qingdao,0,3.95,1.41,0
2025-12-18,Qingdao,0,9.66,14.34,0
2025-12-19,Qingdao,0,0.02,15.21,0
2025-12-20,Qingdao,0,18.91,16.08,0
2025-12-21,Qingdao,0,0.71,7.89,0
2025-12-22,Qingdao,0,8.43,6.0,0
2025-12-23,Qingdao,0,3.05,7.06,0
2025-12-24,Qingdao,1,35.79,2.41,0
2025-12-25,Qingdao,1,13.65,9.34,0
2025-12-26,Qingdao,0,2.43,1.07,0
2025-12-27,Qingdao,1,11.08,0.3,0
2025-12-28,Qingdao,0,3.69,4.62,0
2025-12-29,Qingdao,0,3.35,9.45,0
2025-12-30,Qingdao,0,3.22,6.42,0
2025-12-31,Qingdao,0,6.13,43.58,0
2023-01-01,Ningbo,1,0.34,6.05,0
2023-01-02,Ningbo,0,2.1,8.6,0
2023-01-03,Ningbo,0,4.78,16.18,0
2023-01-04,Ningbo,0,2.84,3.83,0
2023-01-05,Ningbo,0,1.26,28.19,0
2023-01-06,Ningbo,0,5.02,11.37,0
2023-01-07,Ningbo,0,8.07,3.12,0
2023-01-08,Ningbo,0,1.56,3.4,0
2023-01-09,Ningbo,0,2.47,10.44,0
2023-01-10,Ningbo,1,10.67,5.03,0
2023-01-11,Ningbo,0,0.98,14.98,0
2023-01-12,Ningbo,0,4.24,37.75,0
2023-01-13,Ningbo,0,1.74,1.65,0
2023-01-14,Ningbo,0,3.57,3.54,0
2023-01-15,Ningbo,0,0.37,2.01,0
2023-01-16,Ningbo,0,0.15,6.94,0
2023-01-17,Ningbo,0,0.26,11.17,0
2023-01-18,Ningbo,0,1.76,1.04,0
2023-01-19,Ningbo,0,1.73,3.44,0
2023-01-20,Ningbo,0,2.59,0.2,0
2023-01-21,Ningbo,1,1.32,3.9,0
2023-01-22,Ningbo,0,0.32,25.06,0
2023-01-23,Ningbo,0,2.01,6.5,0
2023-01-24,Ningbo,0,11.8,3.92,0
2023-01-25,Ningbo,0,3.8,20.74,0
2023-01-26,Ningbo,0,4.6,0.65,0
2023-01-27,Ningbo,0,2.42,31.05,0
2023-01-28,Ningbo,0,38.61,20.3,0
2023-01-29,Ningbo,0,3.48,5.74,0
2023-01-30,Ningbo,0,0.62,7.68,0
2023-01-31,Ningbo,0,6.97,15.57,0
2023-02-01,Ningbo,0,3.38,40.65,0
2023-02-02,Ningbo,0,0.08,4.7,0
2023-02-03,Ningbo,0,8.98,25.96,0
2023-02-04,Ningbo,0,6.9,0.43,0
2023-02-05,Ningbo,0,2.38,22.65,0
2023-02-06,Ningbo,0,2.78,8.38,0
2023-02-07,Ningbo,0,3.51,1.64,0
2023-02-08,Ningbo,0,7.02,21.0,0
2023-02-09,Ningbo,0,2.2,4.52,0
2023-02-10,Ningbo,0,5.55,16.96,0
2023-02-11,Ningbo,0,2.47,2.74,0
2023-02-12,Ningbo,0,7.76,12.06,0
2023-02-13,Ningbo,0,0.18,14.83,0
2023-02-14,Ningbo,0,4.34,9.49,0
2023-02-15,Ningbo,0,1.73,7.4,0
2023-02-16,Ningbo,0,4.07,11.28,0
2023-02-17,Ningbo,0,7.45,6.39,0
2023-02-18,Ningbo,0,13.17,8.16,0
2023-02-19,Ningbo,0,5.23,7.93,0
2023-02-20,Ningbo,0,8.07,8.0,0
2023-02-21,Ningbo,1,0.48,7.62,0
2023-02-22,Ningbo,1,9.75,11.28,0
2023-02-23,Ningbo,1,23.59,66.57,0
2023-02-24,Ningbo,0,6.92,17.31,0
2023-02-25,Ningbo,0,8.48,3.03,0
2023-02-26,Ningbo,0,1.24,2.84,0
2023-02-27,Ningbo,0,6.22,3.81,0
2023-02-28,Ningbo,0,2.7,8.62,0
2023-03-01,Ningbo,0,5.69,16.77,0
2023-03-02,Ningbo,0,3.88,12.19,0
2023-03-03,Ningbo,1,5.03,7.83,0
2023-03-04,Ningbo,1,3.81,14.46,0
2023-03-05,Ningbo,1,20.47,5.92,0
2023-03-06,Ningbo,0,8.55,2.09,0
2023-03-07,Ningbo,0,8.33,25.02,0
2023-03-08,Ningbo,0,7.94,10.22,0
2023-03-09,Ningbo,1,2.91,7.01,0
2023-03-10,Ningbo,0,0.25,0.94,0
2023-03-11,Ningbo,0,3.72,9.65,0
2023-03-12,Ningbo,0,1.51,14.79,0
2023-03-13,Ningbo,1,14.63,3.27,0
2023-03-14,Ningbo,0,5.05,1.01,0
2023-03-15,Ningbo,1,2.76,21.46,0
2023-03-16,Ningbo,1,12.94,14.43,0
2023-03-17,Ningbo,0,13.0,0.37,0
2023-03-18,Ningbo,1,36.13,17.49,0
2023-03-19,Ningbo,1,0.98,25.17,0
2023-03-20,Ningbo,1,0.28,32.0,0
2023-03-21,Ningbo,1,2.61,34.61,0
2023-03-22,Ningbo,0,5.42,1.31,0
2023-03-23,Ningbo,1,9.49,1.92,0
2023-03-24,Ningbo,0,2.2,1.73,0
2023-03-25,Ningbo,0,6.15,3.13,0
2023-03-26,Ningbo,1,11.85,2.36,0
2023-03-27,Ningbo,0,9.51,1.47,0
2023-03-28,Ningbo,0,0.37,9.07,0
2023-03-29,Ningbo,0,8.41,6.12,0
2023-03-30,Ningbo,0,3.09,6.75,0
2023-03-31,Ningbo,0,1.0,9.17,0
2023-04-01,Ningbo,1,0.74,2.98,0
2023-04-02,Ningbo,1,3.75,0.62,0
2023-04-03,Ningbo,0,0.9,2.72,0
2023-04-04,Ningbo,0,5.13,0.0,0
2023-04-05,Ningbo,0,4.72,2.78,0
2023-04-06,Ningbo,0,4.1,0.92,0
2023-04-07,Ningbo,0,0.13,20.99,0
2023-04-08,Ningbo,1,3.3,2.58,0
2023-04-09,Ningbo,1,1.95,9.52,0
2023-04-10,Ningbo,1,5.1,7.09,0
2023-04-11,Ningbo,1,7.69,4.98,0
2023-04-12,Ningbo,1,2.81,2.9,0
2023-04-13,Ningbo,1,5.1,10.7,0
2023-04-14,Ningbo,1,0.27,24.2,0
2023-04-15,Ningbo,1,2.12,1.83,0
2023-04-16,Ningbo,1,44.52,14.71,0
2023-04-17,Ningbo,1,12.2,11.87,0
2023-04-18,Ningbo,1,10.64,23.86,0
2023-04-19,Ningbo,1,3.95,18.23,0
2023-04-20,Ningbo,1,26.01,12.45,0
2023-04-21,Ningbo,1,9.04,14.49,0
2023-04-22,Ningbo,1,0.04,34.89,0
2023-04-23,Ningbo,1,0.26,17.46,0
2023-04-24,Ningbo,1,3.37,21.69,0
2023-04-25,Ningbo,1,0.06,7.69,0
2023-04-26,Ningbo,1,7.68,6.42,0
2023-04-27,Ningbo,2,0.53,26.74,0
2023-04-28,Ningbo,2,27.39,8.68,0
2023-04-29,Ningbo,2,6.48,11.59,0
2023-04-30,Ningbo,1,1.56,15.73,0
2023-05-01,Ningbo,1,15.89,67.85,0
2023-05-02,Ningbo,1,3.71,8.6,0
2023-05-03,Ningbo,2,1.07,16.78,0
2023-05-04,Ningbo,2,6.89,4.39,0
2023-05-05,Ningbo,2,2.64,39.33,0
2023-05-06,Ningbo,2,19.9,2.29,0
2023-05-07,Ningbo,2,0.36,3.35,0
2023-05-08,Ningbo,2,22.03,8.93,0
2023-05-09,Ningbo,2,18.55,17.1,0
2023-05-10,Ningbo,2,28.0,29.96,0
2023-05-11,Ningbo,2,5.57,6.22,1
2023-05-12,Ningbo,2,3.01,43.39,0
2023-05-13,Ningbo,1,1.17,55.91,0
2023-05-14,Ningbo,1,1.37,46.14,0
2023-05-15,Ningbo,1,6.0,5.74,0
2023-05-16,Ningbo,0,15.33,18.41,0
2023-05-17,Ningbo,1,5.29,31.84,0
2023-05-18,Ningbo,1,4.54,21.44,0
2023-05-19,Ningbo,1,2.95,12.56,0
2023-05-20,Ningbo,1,16.94,34.06,0
2023-05-21,Ningbo,1,3.33,5.66,0
2023-05-22,Ningbo,2,33.12,15.82,0
2023-05-23,Ningbo,2,9.89,41.58,0
2023-05-24,Ningbo,2,5.29,26.43,0
2023-05-25,Ningbo,2,12.88,46.02,0
2023-05-26,Ningbo,2,6.73,17.4,1
2023-05-27,Ningbo,2,7.81,27.13,0
2023-05-28,Ningbo,2,43.71,7.37,0
2023-05-29,Ningbo,1,2.27,18.59,0
2023-05-30,Ningbo,2,6.68,30.98,1
2023-05-31,Ningbo,1,4.77,19.79,0
2023-06-01,Ningbo,1,22.76,13.04,0
2023-06-02,Ningbo,1,0.15,58.42,0
2023-06-03,Ningbo,1,9.01,19.48,0
2023-06-04,Ningbo,2,2.01,17.48,0
2023-06-05,Ningbo,2,0.94,34.84,0
2023-06-06,Ningbo,2,16.82,13.48,1
2023-06-07,Ningbo,2,13.65,47.31,0
2023-06-08,Ningbo,1,5.35,4.07,0
2023-06-09,Ningbo,1,14.42,1.45,0
2023-06-10,Ningbo,1,15.75,4.51,0
2023-06-11,Ningbo,2,5.05,2.01,0
2023-06-12,Ningbo,2,5.83,31.99,1
2023-06-13,Ningbo,2,7.06,42.89,0
2023-06-14,Ningbo,2,2.91,0.61,1
2023-06-15,Ningbo,1,3.74,15.29,0
2023-06-16,Ningbo,1,0.49,22.71,0
2023-06-17,Ningbo,2,6.34,7.76,1
2023-06-18,Ningbo,2,0.58,20.27,0
2023-06-19,Ningbo,1,5.86,6.27,0
2023-06-20,Ningbo,1,13.96,2.56,0
2023-06-21,Ningbo,1,4.13,14.72,0
2023-06-22,Ningbo,1,1.12,16.88,0
2023-06-23,Ningbo,1,2.54,67.45,0
2023-06-24,Ningbo,1,14.53,5.61,0
2023-06-25,Ningbo,1,10.79,4.91,0
2023-06-26,Ningbo,1,0.51,26.85,0
2023-06-27,Ningbo,1,14.07,3.14,0
2023-06-28,Ningbo,1,2.58,19.25,0
2023-06-29,Ningbo,1,2.19,11.83,0
2023-06-30,Ningbo,2,7.5,1.74,0
2023-07-01,Ningbo,1,18.45,9.75,0
2023-07-02,Ningbo,0,4.13,10.17,0
2023-07-03,Ningbo,1,3.27,6.56,0
2023-07-04,Ningbo,2,30.3,25.36,1
2023-07-05,Ningbo,1,3.19,17.1,0
2023-07-06,Ningbo,2,17.63,8.2,0
2023-07-07,Ningbo,2,1.68,21.74,0
2023-07-08,Ningbo,2,3.08,7.79,0
2023-07-09,Ningbo,2,9.51,27.83,0
2023-07-10,Ningbo,1,2.4,7.76,0
2023-07-11,Ningbo,2,13.45,7.29,0
2023-07-12,Ningbo,2,10.02,59.58,0
2023-07-13,Ningbo,2,0.73,60.76,1
2023-07-14,Ningbo,1,19.52,40.68,0
2023-07-15,Ningbo,1,8.78,3.84,0
2023-07-16,Ningbo,1,6.45,14.09,0
2023-07-17,Ningbo,1,36.48,24.9,0
2023-07-18,Ningbo,1,30.47,10.01,0
2023-07-19,Ningbo,1,3.63,18.02,0
2023-07-20,Ningbo,1,8.2,31.36,0
2023-07-21,Ningbo,1,3.14,12.31,0
2023-07-22,Ningbo,1,3.78,28.44,0
2023-07-23,Ningbo,1,0.27,10.38,0
2023-07-24,Ningbo,2,19.81,16.21,0
2023-07-25,Ningbo,2,3.49,15.15,0
2023-07-26,Ningbo,1,11.19,28.31,0
2023-07-27,Ningbo,1,4.01,4.65,0
2023-07-28,Ningbo,1,7.33,3.51,0
2023-07-29,Ningbo,2,7.92,56.95,0
2023-07-30,Ningbo,2,8.54,1.57,1
2023-07-31,Ningbo,1,12.79,38.25,0
2023-08-01,Ningbo,1,5.7,22.38,0
2023-08-02,Ningbo,2,2.05,17.45,0
2023-08-03,Ningbo,2,13.69,73.67,1
2023-08-04,Ningbo,2,24.61,17.12,0
2023-08-05,Ningbo,2,7.78,6.99,0
2023-08-06,Ningbo,1,4.54,40.02,0
2023-08-07,Ningbo,1,22.13,21.17,0
2023-08-08,Ningbo,2,22.23,11.61,0
2023-08-09,Ningbo,2,0.74,23.86,0
2023-08-10,Ningbo,1,1.91,10.28,0
2023-08-11,Ningbo,1,7.79,12.1,0
2023-08-12,Ningbo,2,9.25,14.34,0
2023-08-13,Ningbo,1,0.56,0.59,0
2023-08-14,Ningbo,2,1.47,22.14,1
2023-08-15,Ningbo,1,0.49,6.74,0
2023-08-16,Ningbo,1,10.42,5.09,0
2023-08-17,Ningbo,0,0.73,3.93,0
2023-08-18,Ningbo,0,14.56,5.54,0
2023-08-19,Ningbo,1,4.28,7.36,0
2023-08-20,Ningbo,0,10.11,21.52,0
2023-08-21,Ningbo,0,27.13,2.57,0
2023-08-22,Ningbo,0,9.91,8.87,0
2023-08-23,Ningbo,1,1.86,18.14,0
2023-08-24,Ningbo,0,5.6,24.97,0
2023-08-25,Ningbo,0,2.59,20.08,0
2023-08-26,Ningbo,0,1.39,2.93,0
2023-08-27,Ningbo,1,18.83,17.6,0
2023-08-28,Ningbo,1,1.79,20.38,0
2023-08-29,Ningbo,0,4.96,19.37,0
2023-08-30,Ningbo,1,13.3,1.14,0
2023-08-31,Ningbo,0,0.43,8.96,0
2023-09-01,Ningbo,1,0.14,2.31,0
2023-09-02,Ningbo,1,10.14,13.73,0
2023-09-03,Ningbo,2,10.22,8.27,1
2023-09-04,Ningbo,1,1.37,49.03,0
2023-09-05,Ningbo,1,3.35,31.81,0
2023-09-06,Ningbo,1,4.01,15.51,0
2023-09-07,Ningbo,1,2.74,3.64,0
2023-09-08,Ningbo,1,8.19,35.79,0
2023-09-09,Ningbo,1,2.27,6.22,0
2023-09-10,Ningbo,1,25.78,25.66,0
2023-09-11,Ningbo,1,21.87,5.69,0
2023-09-12,Ningbo,1,1.35,25.69,0
2023-09-13,Ningbo,1,1.26,39.95,0
2023-09-14,Ningbo,1,10.89,4.32,0
2023-09-15,Ningbo,1,7.37,11.97,0
2023-09-16,Ningbo,0,10.92,26.17,0
2023-09-17,Ningbo,0,8.6,2.43,0
2023-09-18,Ningbo,0,5.04,4.52,0
2023-09-19,Ningbo,0,0.29,24.27,0
2023-09-20,Ningbo,0,3.11,23.64,0
2023-09-21,Ningbo,0,4.4,11.68,0
2023-09-22,Ningbo,0,0.37,9.5,0
2023-09-23,Ningbo,0,7.69,8.1,0
2023-09-24,Ningbo,0,11.78,42.04,0
2023-09-25,Ningbo,1,10.46,1.28,0
2023-09-26,Ningbo,1,0.98,1.36,0
2023-09-27,Ningbo,1,0.32,49.58,0
2023-09-28,Ningbo,1,3.9,8.55,0
2023-09-29,Ningbo,1,5.26,0.39,0
2023-09-30,Ningbo,1,4.51,1.76,0
2023-10-01,Ningbo,1,11.35,35.24,0
2023-10-02,Ningbo,1,13.14,2.65,0
2023-10-03,Ningbo,1,4.33,6.13,0
2023-10-04,Ningbo,0,5.35,5.5,0
2023-10-05,Ningbo,1,3.42,56.7,0
2023-10-06,Ningbo,1,5.17,16.11,0
2023-10-07,Ningbo,0,0.68,4.17,0
2023-10-08,Ningbo,0,7.15,3.24,0
2023-10-09,Ningbo,0,9.72,5.49,0
2023-10-10,Ningbo,0,12.85,16.56,0
2023-10-11,Ningbo,0,3.4,14.18,0
2023-10-12,Ningbo,0,15.06,6.84,0
2023-10-13,Ningbo,1,5.25,9.64,0
2023-10-14,Ningbo,1,6.97,17.37,0
2023-10-15,Ningbo,0,3.44,30.24,0
2023-10-16,Ningbo,1,7.77,9.79,0
2023-10-17,Ningbo,1,11.74,5.75,0
2023-10-18,Ningbo,0,12.68,11.25,0
2023-10-19,Ningbo,0,2.05,1.39,0
2023-10-20,Ningbo,0,8.12,0.06,0
2023-10-21,Ningbo,0,4.75,0.69,0
2023-10-22,Ningbo,1,3.13,13.48,0
2023-10-23,Ningbo,0,8.69,4.06,0
2023-10-24,Ningbo,0,6.27,4.96,0
2023-10-25,Ningbo,1,10.58,1.79,0
2023-10-26,Ningbo,0,3.43,0.06,0
2023-10-27,Ningbo,0,5.09,12.04,0
2023-10-28,Ningbo,0,1.71,2.45,0
2023-10-29,Ningbo,0,7.75,15.49,0
2023-10-30,Ningbo,0,2.22,9.83,0
2023-10-31,Ningbo,1,2.17,4.11,0
2023-11-01,Ningbo,0,2.04,2.22,0
2023-11-02,Ningbo,0,5.74,12.78,0
2023-11-03,Ningbo,0,18.34,5.74,0
2023-11-04,Ningbo,0,18.86,3.95,0
2023-11-05,Ningbo,0,6.43,6.44,0
2023-11-06,Ningbo,1,4.21,48.88,0
2023-11-07,Ningbo,1,18.85,49.06,0
2023-11-08,Ningbo,1,0.22,12.69,0
2023-11-09,Ningbo,1,1.65,10.21,0
2023-11-10,Ningbo,0,3.55,13.97,0
2023-11-11,Ningbo,0,10.72,11.34,0
2023-11-12,Ningbo,0,1.58,0.44,0
2023-11-13,Ningbo,0,15.65,13.58,0
2023-11-14,Ningbo,1,0.89,16.52,0
2023-11-15,Ningbo,0,1.44,9.83,0
2023-11-16,Ningbo,0,1.48,2.07,0
2023-11-17,Ningbo,0,5.12,0.12,0
2023-11-18,Ningbo,0,4.84,21.1,0
2023-11-19,Ningbo,0,1.77,9.44,0
2023-11-20,Ningbo,0,2.16,10.4,0
2023-11-21,Ningbo,0,7.6,27.43,0
2023-11-22,Ningbo,1,6.51,5.54,0
2023-11-23,Ningbo,1,6.17,26.28,0
2023-11-24,Ningbo,1,8.83,15.45,0
2023-11-25,Ningbo,1,26.52,58.36,0
2023-11-26,Ningbo,0,13.8,38.07,0
2023-11-27,Ningbo,0,0.3,5.07,0
2023-11-28,Ningbo,0,9.83,15.73,0
2023-11-29,Ningbo,0,1.71,36.05,0
2023-11-30,Ningbo,0,3.12,4.18,0
2023-12-01,Ningbo,0,9.67,0.63,0
2023-12-02,Ningbo,0,3.07,13.29,0
2023-12-03,Ningbo,0,3.94,13.29,0
2023-12-04,Ningbo,0,1.41,26.55,0
2023-12-05,Ningbo,0,4.18,8.79,0
2023-12-06,Ningbo,0,20.57,8.83,0
2023-12-07,Ningbo,0,12.45,7.52,0
2023-12-08,Ningbo,0,2.7,2.51,0
2023-12-09,Ningbo,0,7.01,4.36,0
2023-12-10,Ningbo,0,3.31,2.64,0
2023-12-11,Ningbo,1,4.14,20.67,0
2023-12-12,Ningbo,1,3.18,22.1,0
2023-12-13,Ningbo,1,9.0,3.99,0
2023-12-14,Ningbo,1,3.01,47.35,0
2023-12-15,Ningbo,0,1.44,2.49,0
2023-12-16,Ningbo,0,3.38,9.83,0
2023-12-17,Ningbo,0,14.78,16.81,0
2023-12-18,Ningbo,0,7.03,17.17,0
2023-12-19,Ningbo,0,12.14,10.1,0
2023-12-20,Ningbo,0,0.63,31.92,0
2023-12-21,Ningbo,0,12.37,16.41,0
2023-12-22,Ningbo,0,2.76,11.2,0
2023-12-23,Ningbo,1,2.5,28.78,0
2023-12-24,Ningbo,1,16.81,33.73,0
2023-12-25,Ningbo,0,1.73,12.57,0
2023-12-26,Ningbo,0,0.11,1.47,0
2023-12-27,Ningbo,1,0.76,3.42,0
2023-12-28,Ningbo,0,1.06,1.11,0
2023-12-29,Ningbo,0,15.69,26.63,0
2023-12-30,Ningbo,1,20.54,2.92,0
2023-12-31,Ningbo,0,0.2,32.71,0
2024-01-01,Ningbo,0,0.5,27.08,0
2024-01-02,Ningbo,0,7.05,27.08,0
2024-01-03,Ningbo,0,3.16,10.93,0
2024-01-04,Ningbo,0,1.97,3.63,0
2024-01-05,Ningbo,1,1.94,6.82,0
2024-01-06,Ningbo,1,1.9,6.93,0
2024-01-07,Ningbo,1,10.65,7.1,0
2024-01-08,Ningbo,0,8.17,1.39,0
2024-01-09,Ningbo,0,4.76,23.94,0
2024-01-10,Ningbo,1,1.14,6.81,0
2024-01-11,Ningbo,0,1.02,1.62,0
2024-01-12,Ningbo,1,15.67,4.94,0
2024-01-13,Ningbo,0,8.12,17.05,0
2024-01-14,Ningbo,0,2.96,0.41,0
2024-01-15,Ningbo,0,0.38,17.08,0
2024-01-16,Ningbo,0,4.21,5.76,0
2024-01-17,Ningbo,0,7.84,1.47,0
2024-01-18,Ningbo,0,0.95,1.29,0
2024-01-19,Ningbo,0,1.9,4.38,0
2024-01-20,Ningbo,0,2.19,31.58,0
2024-01-21,Ningbo,0,0.98,9.59,0
2024-01-22,Ningbo,0,2.99,9.61,0
2024-01-23,Ningbo,0,2.64,5.08,0
2024-01-24,Ningbo,0,7.94,7.44,0
2024-01-25,Ningbo,0,0.53,10.85,0
2024-01-26,Ningbo,0,0.65,6.84,0
2024-01-27,Ningbo,0,0.78,9.92,0
2024-01-28,Ningbo,1,2.72,32.76,0
2024-01-29,Ningbo,1,2.54,27.58,0
2024-01-30,Ningbo,1,25.46,24.96,0
2024-01-31,Ningbo,1,6.17,0.58,0
2024-02-01,Ningbo,1,4.54,56.84,0
2024-02-02,Ningbo,1,9.15,12.19,0
2024-02-03,Ningbo,1,7.15,1.5,0
2024-02-04,Ningbo,1,3.62,10.1,0
2024-02-05,Ningbo,0,1.98,11.21,0
2024-02-06,Ningbo,0,0.96,8.6,0
2024-02-07,Ningbo,0,6.57,26.46,0
2024-02-08,Ningbo,0,3.16,13.17,0
2024-02-09,Ningbo,1,0.19,21.88,0
2024-02-10,Ningbo,0,0.25,24.37,0
2024-02-11,Ningbo,1,2.05,6.13,0
2024-02-12,Ningbo,1,0.15,20.69,0
2024-02-13,Ningbo,0,10.28,3.28,0
2024-02-14,Ningbo,0,0.1,5.77,0
2024-02-15,Ningbo,0,0.48,17.81,0
2024-02-16,Ningbo,1,6.54,6.71,0
2024-02-17,Ningbo,0,2.26,2.27,0
2024-02-18,Ningbo,0,4.44,34.65,0
2024-02-19,Ningbo,0,10.35,7.82,0
2024-02-20,Ningbo,0,12.9,4.72,0
2024-02-21,Ningbo,0,0.78,0.89,0
2024-02-22,Ningbo,0,14.84,12.26,0
2024-02-23,Ningbo,0,3.05,14.72,0
2024-02-24,Ningbo,0,3.15,23.76,0
2024-02-25,Ningbo,0,5.23,8.06,0
2024-02-26,Ningbo,0,0.39,12.56,0
2024-02-27,Ningbo,0,0.34,12.33,0
2024-02-28,Ningbo,0,10.48,1.45,0
2024-02-29,Ningbo,0,5.8,12.19,0
2024-03-01,Ningbo,0,0.09,43.23,0
2024-03-02,Ningbo,0,12.31,16.24,0
2024-03-03,Ningbo,0,1.83,3.28,0
2024-03-04,Ningbo,0,11.67,0.53,0
2024-03-05,Ningbo,0,0.84,19.6,0
2024-03-06,Ningbo,1,5.7,10.37,0
2024-03-07,Ningbo,1,14.23,28.73,0
2024-03-08,Ningbo,0,0.67,1.22,0
2024-03-09,Ningbo,1,7.89,32.7,0
2024-03-10,Ningbo,1,24.24,4.15,0
2024-03-11,Ningbo,1,1.63,16.15,0
2024-03-12,Ningbo,2,7.42,6.56,0
2024-03-13,Ningbo,1,0.51,1.33,0
2024-03-14,Ningbo,1,12.42,7.73,0
2024-03-15,Ningbo,0,14.28,14.72,0
2024-03-16,Ningbo,0,2.35,9.62,0
2024-03-17,Ningbo,0,9.5,2.5,0
2024-03-18,Ningbo,0,1.13,18.1,0
2024-03-19,Ningbo,0,7.16,12.39,0
2024-03-20,Ningbo,0,2.17,2.38,0
2024-03-21,Ningbo,0,0.29,1.9,0
2024-03-22,Ningbo,0,5.55,15.93,0
2024-03-23,Ningbo,0,6.79,1.23,0
2024-03-24,Ningbo,1,1.33,0.44,0
2024-03-25,Ningbo,1,1.35,10.23,0
2024-03-26,Ningbo,1,17.88,1.63,0
2024-03-27,Ningbo,1,7.81,36.96,0
2024-03-28,Ningbo,0,5.55,34.52,0
2024-03-29,Ningbo,1,2.68,0.35,0
2024-03-30,Ningbo,0,6.87,1.12,0
2024-03-31,Ningbo,0,9.47,1.41,0
2024-04-01,Ningbo,1,4.37,25.61,0
2024-04-02,Ningbo,1,8.66,7.89,0
2024-04-03,Ningbo,1,15.36,17.13,0
2024-04-04,Ningbo,0,7.85,28.72,0
2024-04-05,Ningbo,1,4.56,27.76,0
2024-04-06,Ningbo,1,14.86,6.01,0
2024-04-07,Ningbo,0,3.82,7.06,0
2024-04-08,Ningbo,0,11.79,28.38,0
2024-04-09,Ningbo,1,10.03,7.41,0
2024-04-10,Ningbo,1,8.65,4.87,0
2024-04-11,Ningbo,1,13.65,39.2,0
2024-04-12,Ningbo,1,10.97,6.11,0
2024-04-13,Ningbo,0,0.89,31.82,0
2024-04-14,Ningbo,0,9.62,3.29,0
2024-04-15,Ningbo,1,15.23,3.11,0
2024-04-16,Ningbo,1,9.82,0.9,0
2024-04-17,Ningbo,1,10.23,0.61,0
2024-04-18,Ningbo,2,18.59,25.11,1
2024-04-19,Ningbo,2,10.96,31.56,0
2024-04-20,Ningbo,1,3.43,1.81,0
2024-04-21,Ningbo,1,7.24,6.51,0
2024-04-22,Ningbo,1,13.8,42.35,0
2024-04-23,Ningbo,2,18.68,26.52,0
2024-04-24,Ningbo,2,17.34,17.79,0
2024-04-25,Ningbo,1,2.76,8.33,0
2024-04-26,Ningbo,1,0.96,9.28,0
2024-04-27,Ningbo,1,1.74,5.03,0
2024-04-28,Ningbo,1,2.96,12.39,0
2024-04-29,Ningbo,1,2.17,9.85,0
2024-04-30,Ningbo,1,1.83,3.62,0
2024-05-01,Ningbo,1,10.7,1.76,0
2024-05-02,Ningbo,1,0.35,11.8,0
2024-05-03,Ningbo,1,3.78,2.68,0
2024-05-04,Ningbo,1,2.51,64.99,0
2024-05-05,Ningbo,1,20.38,4.96,0
2024-05-06,Ningbo,1,10.68,4.86,0
2024-05-07,Ningbo,1,5.58,4.2,0
2024-05-08,Ningbo,1,7.12,13.22,0
2024-05-09,Ningbo,2,7.28,54.85,0
2024-05-10,Ningbo,2,37.96,53.93,0
2024-05-11,Ningbo,2,5.56,22.09,0
2024-05-12,Ningbo,2,7.74,57.11,0
2024-05-13,Ningbo,2,11.96,62.67,0
2024-05-14,Ningbo,1,8.51,6.09,0
2024-05-15,Ningbo,1,15.53,22.83,0
2024-05-16,Ningbo,1,12.06,0.77,0
2024-05-17,Ningbo,1,11.06,24.66,0
2024-05-18,Ningbo,1,4.31,11.69,0
2024-05-19,Ningbo,1,16.56,19.13,0
2024-05-20,Ningbo,1,2.51,15.11,0
2024-05-21,Ningbo,1,4.48,10.04,0
2024-05-22,Ningbo,1,0.48,6.22,0
2024-05-23,Ningbo,0,2.45,7.7,0
2024-05-24,Ningbo,1,2.58,80.07,0
2024-05-25,Ningbo,1,11.99,14.68,0
2024-05-26,Ningbo,2,0.08,36.61,0
2024-05-27,Ningbo,2,8.51,28.42,0
2024-05-28,Ningbo,2,4.64,6.39,0
2024-05-29,Ningbo,3,6.49,43.46,1
2024-05-30,Ningbo,2,16.28,38.48,0
2024-05-31,Ningbo,1,10.31,13.01,0
2024-06-01,Ningbo,1,2.02,10.53,0
2024-06-02,Ningbo,2,5.88,10.88,0
2024-06-03,Ningbo,2,5.55,7.41,0
2024-06-04,Ningbo,1,16.02,15.15,0
2024-06-05,Ningbo,1,16.46,5.81,0
2024-06-06,Ningbo,1,0.8,23.98,0
2024-06-07,Ningbo,1,1.96,28.76,0
2024-06-08,Ningbo,1,0.08,6.83,0
2024-06-09,Ningbo,1,1.22,3.0,0
2024-06-10,Ningbo,2,3.88,33.09,0
2024-06-11,Ningbo,2,15.65,3.16,0
2024-06-12,Ningbo,2,18.93,4.09,0
2024-06-13,Ningbo,2,4.19,0.38,1
2024-06-14,Ningbo,1,0.56,24.89,0
2024-06-15,Ningbo,2,4.77,24.6,0
2024-06-16,Ningbo,2,4.53,19.45,1
2024-06-17,Ningbo,2,11.08,25.0,1
2024-06-18,Ningbo,2,13.21,38.19,0
2024-06-19,Ningbo,2,0.49,32.08,0
2024-06-20,Ningbo,2,0.29,7.99,0
2024-06-21,Ningbo,1,20.51,14.72,0
2024-06-22,Ningbo,2,0.74,18.81,0
2024-06-23,Ningbo,2,23.5,25.88,0
2024-06-24,Ningbo,1,8.97,6.23,0
2024-06-25,Ningbo,1,0.35,31.97,0
2024-06-26,Ningbo,1,2.94,25.19,0
2024-06-27,Ningbo,1,7.66,10.5,0
2024-06-28,Ningbo,2,6.13,8.66,1
2024-06-29,Ningbo,2,1.2,19.47,1
2024-06-30,Ningbo,1,18.51,7.77,0
2024-07-01,Ningbo,2,18.46,15.29,0
2024-07-02,Ningbo,1,2.13,13.75,0
2024-07-03,Ningbo,2,1.59,39.58,0
2024-07-04,Ningbo,2,5.87,48.3,0
2024-07-05,Ningbo,1,20.51,26.03,0
2024-07-06,Ningbo,2,3.31,6.43,0
2024-07-07,Ningbo,2,9.21,30.68,0
2024-07-08,Ningbo,3,36.75,36.34,1
2024-07-09,Ningbo,2,20.88,32.78,0
2024-07-10,Ningbo,3,4.52,56.36,1
2024-07-11,Ningbo,2,11.92,49.71,0
2024-07-12,Ningbo,2,6.53,3.83,0
2024-07-13,Ningbo,2,2.46,44.13,0
2024-07-14,Ningbo,1,4.72,11.83,0
2024-07-15,Ningbo,2,5.18,6.4,0
2024-07-16,Ningbo,2,2.51,20.1,0
2024-07-17,Ningbo,1,3.43,30.48,0
2024-07-18,Ningbo,1,9.8,9.15,0
2024-07-19,Ningbo,1,4.95,15.96,0
2024-07-20,Ningbo,2,12.23,28.9,0
2024-07-21,Ningbo,1,2.61,1.42,0
2024-07-22,Ningbo,1,0.66,5.61,0
2024-07-23,Ningbo,1,0.89,23.75,0
2024-07-24,Ningbo,1,9.27,9.52,0
2024-07-25,Ningbo,1,3.89,0.78,0
2024-07-26,Ningbo,1,6.08,11.11,0
2024-07-27,Ningbo,1,1.02,4.31,0
2024-07-28,Ningbo,1,12.49,1.4,0
2024-07-29,Ningbo,1,22.31,3.31,0
2024-07-30,Ningbo,1,15.81,2.47,0
2024-07-31,Ningbo,1,7.43,5.93,0
2024-08-01,Ningbo,1,0.49,19.46,0
2024-08-02,Ningbo,1,1.6,9.89,0
2024-08-03,Ningbo,1,17.85,9.95,0
2024-08-04,Ningbo,1,30.01,0.05,0
2024-08-05,Ningbo,1,0.37,0.28,0
2024-08-06,Ningbo,0,4.92,16.64,0
2024-08-07,Ningbo,1,3.01,32.45,0
2024-08-08,Ningbo,2,7.11,5.95,0
2024-08-09,Ningbo,1,4.14,46.64,0
2024-08-10,Ningbo,2,0.71,12.33,1
2024-08-11,Ningbo,1,7.63,19.89,0
2024-08-12,Ningbo,2,2.8,43.45,1
2024-08-13,Ningbo,2,11.09,5.31,1
2024-08-14,Ningbo,1,6.93,15.64,0
2024-08-15,Ningbo,1,6.44,22.53,0
2024-08-16,Ningbo,1,6.74,19.15,0
2024-08-17,Ningbo,1,19.95,1.73,0
2024-08-18,Ningbo,1,6.63,8.43,0
2024-08-19,Ningbo,0,10.08,4.09,0
2024-08-20,Ningbo,1,8.39,19.94,0
2024-08-21,Ningbo,1,4.63,5.63,0
2024-08-22,Ningbo,1,15.22,8.65,0
2024-08-23,Ningbo,1,7.96,6.82,0
2024-08-24,Ningbo,1,12.15,3.25,0
2024-08-25,Ningbo,1,4.43,38.93,0
2024-08-26,Ningbo,1,2.23,17.18,0
2024-08-27,Ningbo,1,8.74,0.95,0
2024-08-28,Ningbo,1,5.93,0.19,0
2024-08-29,Ningbo,2,5.18,120.0,1
2024-08-30,Ningbo,2,8.8,71.4,0
2024-08-31,Ningbo,1,0.25,1.0,0
2024-09-01,Ningbo,1,0.41,5.39,0
2024-09-02,Ningbo,1,4.04,0.64,0
2024-09-03,Ningbo,1,3.39,24.17,0
2024-09-04,Ningbo,1,1.8,9.29,0
2024-09-05,Ningbo,2,1.15,28.94,0
2024-09-06,Ningbo,1,4.22,14.95,0
2024-09-07,Ningbo,1,5.1,6.77,0
2024-09-08,Ningbo,1,2.08,64.07,0
2024-09-09,Ningbo,1,2.68,27.23,0
2024-09-10,Ningbo,1,9.33,17.85,0
2024-09-11,Ningbo,1,8.1,15.71,0
2024-09-12,Ningbo,0,4.33,13.37,0
2024-09-13,Ningbo,1,14.73,40.07,0
2024-09-14,Ningbo,1,13.35,12.11,0
2024-09-15,Ningbo,2,1.54,26.81,0
2024-09-16,Ningbo,1,0.93,13.16,0
2024-09-17,Ningbo,1,0.97,3.58,0
2024-09-18,Ningbo,1,58.92,16.56,0
2024-09-19,Ningbo,1,4.24,22.38,0
2024-09-20,Ningbo,1,27.82,45.73,0
2024-09-21,Ningbo,1,6.57,4.34,0
2024-09-22,Ningbo,1,6.33,3.95,0
2024-09-23,Ningbo,0,4.31,38.48,0
2024-09-24,Ningbo,1,8.19,5.87,0
2024-09-25,Ningbo,0,1.04,19.45,0
2024-09-26,Ningbo,0,4.9,0.16,0
2024-09-27,Ningbo,0,4.16,29.76,0
2024-09-28,Ningbo,1,2.12,9.19,0
2024-09-29,Ningbo,1,0.84,2.85,0
2024-09-30,Ningbo,1,13.24,5.27,0
2024-10-01,Ningbo,1,24.94,23.86,0
2024-10-02,Ningbo,0,1.09,9.62,0
2024-10-03,Ningbo,0,5.1,12.24,0
2024-10-04,Ningbo,0,3.13,3.51,0
2024-10-05,Ningbo,0,1.59,1.54,0
2024-10-06,Ningbo,1,7.95,9.25,0
2024-10-07,Ningbo,1,11.06,12.1,0
2024-10-08,Ningbo,1,3.03,5.18,0
2024-10-09,Ningbo,1,8.89,21.29,0
2024-10-10,Ningbo,1,6.27,9.31,0
2024-10-11,Ningbo,1,0.39,51.72,0
2024-10-12,Ningbo,1,16.84,53.35,0
2024-10-13,Ningbo,1,14.45,0.93,0
2024-10-14,Ningbo,0,1.72,2.16,0
2024-10-15,Ningbo,0,6.33,8.62,0
2024-10-16,Ningbo,1,8.17,46.45,0
2024-10-17,Ningbo,0,1.88,14.51,0
2024-10-18,Ningbo,0,0.01,8.74,0
2024-10-19,Ningbo,1,10.58,9.33,0
2024-10-20,Ningbo,1,0.85,1.26,0
2024-10-21,Ningbo,1,9.56,5.67,0
2024-10-22,Ningbo,0,4.73,0.7,0
2024-10-23,Ningbo,1,43.44,1.02,0
2024-10-24,Ningbo,0,1.43,8.42,0
2024-10-25,Ningbo,0,3.49,0.03,0
2024-10-26,Ningbo,0,0.25,1.36,0
2024-10-27,Ningbo,0,2.58,0.17,0
2024-10-28,Ningbo,0,7.27,43.52,0
2024-10-29,Ningbo,0,0.57,2.46,0
2024-10-30,Ningbo,0,9.1,20.25,0
2024-10-31,Ningbo,0,0.41,6.04,0
2024-11-01,Ningbo,0,0.71,9.02,0
2024-11-02,Ningbo,0,0.93,4.6,0
2024-11-03,Ningbo,0,6.15,7.03,0
2024-11-04,Ningbo,0,2.57,1.07,0
2024-11-05,Ningbo,0,1.2,7.58,0
2024-11-06,Ningbo,0,4.89,5.85,0
2024-11-07,Ningbo,0,3.66,9.0,0
2024-11-08,Ningbo,1,5.95,6.43,0
2024-11-09,Ningbo,1,11.61,3.0,0
2024-11-10,Ningbo,1,4.43,1.08,0
2024-11-11,Ningbo,1,14.47,7.46,0
2024-11-12,Ningbo,1,2.87,5.82,0
2024-11-13,Ningbo,0,1.76,48.95,0
2024-11-14,Ningbo,0,9.39,5.26,0
2024-11-15,Ningbo,1,17.57,45.12,0
2024-11-16,Ningbo,1,0.98,3.73,0
2024-11-17,Ningbo,1,1.1,36.42,0
2024-11-18,Ningbo,1,0.3,56.9,0
2024-11-19,Ningbo,0,1.4,15.83,0
2024-11-20,Ningbo,0,4.95,60.87,0
2024-11-21,Ningbo,0,5.27,4.9,0
2024-11-22,Ningbo,0,0.82,31.64,0
2024-11-23,Ningbo,0,0.47,3.69,0
2024-11-24,Ningbo,0,4.65,28.24,0
2024-11-25,Ningbo,0,2.05,10.45,0
2024-11-26,Ningbo,0,1.69,2.75,0
2024-11-27,Ningbo,0,1.22,9.37,0
2024-11-28,Ningbo,0,3.5,0.25,0
2024-11-29,Ningbo,0,1.32,17.31,0
2024-11-30,Ningbo,0,5.12,6.91,0
2024-12-01,Ningbo,0,22.2,5.61,0
2024-12-02,Ningbo,0,14.98,33.72,0
2024-12-03,Ningbo,0,9.01,9.38,0
2024-12-04,Ningbo,0,0.27,27.53,0
2024-12-05,Ningbo,0,1.56,5.72,0
2024-12-06,Ningbo,0,3.84,2.29,0
2024-12-07,Ningbo,0,4.48,11.19,0
2024-12-08,Ningbo,0,9.42,4.2,0
2024-12-09,Ningbo,0,10.13,3.15,0
2024-12-10,Ningbo,0,4.48,0.27,0
2024-12-11,Ningbo,0,7.63,13.48,0
2024-12-12,Ningbo,0,1.11,23.27,0
2024-12-13,Ningbo,0,3.41,8.06,0
2024-12-14,Ningbo,0,10.25,15.2,0
2024-12-15,Ningbo,0,1.54,14.69,0
2024-12-16,Ningbo,0,2.45,2.42,0
2024-12-17,Ningbo,0,0.58,1.55,0
2024-12-18,Ningbo,0,2.09,4.29,0
2024-12-19,Ningbo,0,7.42,22.51,0
2024-12-20,Ningbo,0,8.1,18.9,0
2024-12-21,Ningbo,0,1.34,18.82,0
2024-12-22,Ningbo,1,4.69,10.75,0
2024-12-23,Ningbo,1,28.07,2.68,0
2024-12-24,Ningbo,0,0.98,11.36,0
2024-12-25,Ningbo,0,1.7,3.08,0
2024-12-26,Ningbo,0,2.38,1.83,0
2024-12-27,Ningbo,0,3.11,3.86,0
2024-12-28,Ningbo,0,3.61,13.64,0
2024-12-29,Ningbo,0,4.0,7.2,0
2024-12-30,Ningbo,0,2.55,47.1,0
2024-12-31,Ningbo,0,1.04,1.53,0
2025-01-01,Ningbo,0,5.3,19.62,0
2025-01-02,Ningbo,1,14.36,11.83,0
2025-01-03,Ningbo,1,12.86,28.9,0
2025-01-04,Ningbo,1,7.62,8.75,0
2025-01-05,Ningbo,1,13.82,1.29,0
2025-01-06,Ningbo,0,0.71,6.07,0
2025-01-07,Ningbo,0,5.2,1.16,0
2025-01-08,Ningbo,1,7.48,16.42,0
2025-01-09,Ningbo,0,4.59,1.96,0
2025-01-10,Ningbo,0,1.9,14.1,0
2025-01-11,Ningbo,0,5.29,23.13,0
2025-01-12,Ningbo,0,7.99,1.34,0
2025-01-13,Ningbo,0,2.39,15.86,0
2025-01-14,Ningbo,0,5.62,8.88,0
2025-01-15,Ningbo,0,1.93,1.65,0
2025-01-16,Ningbo,0,3.4,15.87,0
2025-01-17,Ningbo,1,2.95,52.04,0
2025-01-18,Ningbo,0,12.89,3.26,0
2025-01-19,Ningbo,0,11.23,3.43,0
2025-01-20,Ningbo,0,0.4,31.42,0
2025-01-21,Ningbo,0,6.51,7.18,0
2025-01-22,Ningbo,0,3.05,1.48,0
2025-01-23,Ningbo,0,5.75,0.32,0
2025-01-24,Ningbo,1,6.4,17.26,0
2025-01-25,Ningbo,0,12.66,3.11,0
2025-01-26,Ningbo,0,9.48,14.11,0
2025-01-27,Ningbo,0,16.96,4.79,0
2025-01-28,Ningbo,0,4.25,0.95,0
2025-01-29,Ningbo,0,6.12,1.02,0
2025-01-30,Ningbo,0,1.38,0.69,0
2025-01-31,Ningbo,0,2.33,1.74,0
2025-02-01,Ningbo,0,21.36,3.56,0
2025-02-02,Ningbo,0,7.35,51.07,0
2025-02-03,Ningbo,0,1.01,17.09,0
2025-02-04,Ningbo,0,8.6,1.33,0
2025-02-05,Ningbo,0,4.51,7.67,0
2025-02-06,Ningbo,0,5.77,1.3,0
2025-02-07,Ningbo,1,7.12,15.31,0
2025-02-08,Ningbo,0,3.13,5.04,0
2025-02-09,Ningbo,0,1.67,11.14,0
2025-02-10,Ningbo,0,4.8,3.17,0
2025-02-11,Ningbo,0,1.24,27.41,0
2025-02-12,Ningbo,0,0.9,9.88,0
2025-02-13,Ningbo,0,13.08,1.51,0
2025-02-14,Ningbo,0,2.65,4.66,0
2025-02-15,Ningbo,0,15.18,1.6,0
2025-02-16,Ningbo,0,0.65,28.23,0
2025-02-17,Ningbo,0,8.4,18.11,0
2025-02-18,Ningbo,0,3.5,4.94,0
2025-02-19,Ningbo,0,1.7,14.57,0
2025-02-20,Ningbo,0,1.39,1.1,0
2025-02-21,Ningbo,0,5.37,3.25,0
2025-02-22,Ningbo,0,2.22,2.94,0
2025-02-23,Ningbo,1,2.94,5.42,0
2025-02-24,Ningbo,1,6.21,3.5,0
2025-02-25,Ningbo,1,0.43,7.03,0
2025-02-26,Ningbo,1,9.38,21.55,0
2025-02-27,Ningbo,1,5.15,12.86,0
2025-02-28,Ningbo,1,8.14,7.92,0
2025-03-01,Ningbo,0,0.25,15.29,0
2025-03-02,Ningbo,0,3.69,0.27,0
2025-03-03,Ningbo,1,0.1,58.63,0
2025-03-04,Ningbo,1,17.57,4.91,0
2025-03-05,Ningbo,1,1.25,5.28,0
2025-03-06,Ningbo,1,9.01,6.07,0
2025-03-07,Ningbo,1,2.76,0.53,0
2025-03-08,Ningbo,0,1.92,0.29,0
2025-03-09,Ningbo,1,0.2,12.06,0
2025-03-10,Ningbo,1,1.6,46.28,0
2025-03-11,Ningbo,1,42.02,42.85,0
2025-03-12,Ningbo,1,0.61,2.1,0
2025-03-13,Ningbo,1,0.58,52.3,0
2025-03-14,Ningbo,1,3.86,8.62,0
2025-03-15,Ningbo,1,15.12,16.65,0
2025-03-16,Ningbo,1,6.48,20.93,0
2025-03-17,Ningbo,0,4.19,18.03,0
2025-03-18,Ningbo,1,7.99,1.22,0
2025-03-19,Ningbo,1,0.26,13.26,0
2025-03-20,Ningbo,0,10.43,15.97,0
2025-03-21,Ningbo,1,10.11,6.01,0
2025-03-22,Ningbo,0,3.52,0.4,0
2025-03-23,Ningbo,0,10.07,1.16,0
2025-03-24,Ningbo,0,10.05,15.9,0
2025-03-25,Ningbo,1,6.66,2.62,0
2025-03-26,Ningbo,1,7.12,9.13,0
2025-03-27,Ningbo,1,28.8,7.26,0
2025-03-28,Ningbo,1,9.34,17.64,0
2025-03-29,Ningbo,1,5.09,18.26,0
2025-03-30,Ningbo,1,8.68,2.64,0
2025-03-31,Ningbo,1,2.37,11.56,0
2025-04-01,Ningbo,1,6.84,29.12,0
2025-04-02,Ningbo,2,2.7,0.86,0
2025-04-03,Ningbo,1,4.27,58.95,0
2025-04-04,Ningbo,1,12.69,6.17,0
2025-04-05,Ningbo,1,11.46,1.71,0
2025-04-06,Ningbo,1,0.71,10.46,0
2025-04-07,Ningbo,0,11.77,11.17,0
2025-04-08,Ningbo,1,24.52,23.32,0
2025-04-09,Ningbo,1,2.11,12.42,0
2025-04-10,Ningbo,2,1.67,44.07,0
2025-04-11,Ningbo,2,5.41,26.95,0
2025-04-12,Ningbo,1,3.06,6.67,0
2025-04-13,Ningbo,1,11.53,16.48,0
2025-04-14,Ningbo,1,1.48,11.83,0
2025-04-15,Ningbo,1,3.47,4.79,0
2025-04-16,Ningbo,1,7.96,6.86,0
2025-04-17,Ningbo,1,15.31,35.35,0
2025-04-18,Ningbo,1,2.44,34.65,0
2025-04-19,Ningbo,1,2.85,2.92,0
2025-04-20,Ningbo,1,18.67,4.24,0
2025-04-21,Ningbo,1,13.3,9.74,0
2025-04-22,Ningbo,1,4.7,22.63,0
2025-04-23,Ningbo,1,4.34,18.52,0
2025-04-24,Ningbo,1,7.04,3.81,0
2025-04-25,Ningbo,1,8.34,0.76,0
2025-04-26,Ningbo,1,0.94,34.35,0
2025-04-27,Ningbo,0,0.35,0.92,0
2025-04-28,Ningbo,0,13.04,28.5,0
2025-04-29,Ningbo,0,15.43,18.81,0
2025-04-30,Ningbo,1,4.74,10.68,0
2025-05-01,Ningbo,1,8.08,0.57,0
2025-05-02,Ningbo,1,8.31,0.53,0
2025-05-03,Ningbo,1,8.05,19.24,0
2025-05-04,Ningbo,1,4.89,3.63,0
2025-05-05,Ningbo,2,2.81,44.49,0
2025-05-06,Ningbo,1,14.9,34.47,0
2025-05-07,Ningbo,2,1.39,8.6,0
2025-05-08,Ningbo,2,7.66,18.88,0
2025-05-09,Ningbo,1,10.98,42.24,0
2025-05-10,Ningbo,1,1.48,5.98,0
2025-05-11,Ningbo,1,4.45,9.81,0
2025-05-12,Ningbo,1,4.89,9.31,0
2025-05-13,Ningbo,1,20.2,16.15,0
2025-05-14,Ningbo,1,2.49,0.53,0
2025-05-15,Ningbo,2,0.16,119.68,0
2025-05-16,Ningbo,2,8.97,81.75,1
2025-05-17,Ningbo,1,11.13,11.44,0
2025-05-18,Ningbo,1,18.05,15.51,0
2025-05-19,Ningbo,1,3.8,51.81,0
2025-05-20,Ningbo,0,3.81,5.32,0
2025-05-21,Ningbo,1,0.86,13.61,0
2025-05-22,Ningbo,1,6.0,6.94,0
2025-05-23,Ningbo,1,0.87,8.5,0
2025-05-24,Ningbo,1,0.02,72.87,0
2025-05-25,Ningbo,1,19.42,4.11,0
2025-05-26,Ningbo,1,5.85,0.37,0
2025-05-27,Ningbo,1,4.79,16.28,0
2025-05-28,Ningbo,2,7.9,4.34,0
2025-05-29,Ningbo,2,23.41,17.48,1
2025-05-30,Ningbo,2,12.06,21.09,0
2025-05-31,Ningbo,2,38.32,12.92,0
2025-06-01,Ningbo,2,12.06,106.22,0
2025-06-02,Ningbo,2,4.35,3.85,0
2025-06-03,Ningbo,2,6.74,26.87,0
2025-06-04,Ningbo,2,9.97,21.49,0
2025-06-05,Ningbo,1,15.38,7.78,0
2025-06-06,Ningbo,2,12.19,18.76,0
2025-06-07,Ningbo,2,3.62,1.68,0
2025-06-08,Ningbo,1,6.79,39.3,0
2025-06-09,Ningbo,1,5.98,13.38,0
2025-06-10,Ningbo,1,7.36,33.43,0
2025-06-11,Ningbo,2,2.92,3.08,0
2025-06-12,Ningbo,2,22.59,30.37,0
2025-06-13,Ningbo,2,3.58,5.21,1
2025-06-14,Ningbo,1,1.11,13.7,0
2025-06-15,Ningbo,2,5.79,30.86,0
2025-06-16,Ningbo,2,1.44,5.18,0
2025-06-17,Ningbo,2,6.59,1.8,1
2025-06-18,Ningbo,1,2.78,3.87,0
2025-06-19,Ningbo,1,5.35,10.16,0
2025-06-20,Ningbo,1,3.26,33.73,0
2025-06-21,Ningbo,1,2.48,1.13,0
2025-06-22,Ningbo,1,8.93,5.19,0
2025-06-23,Ningbo,2,0.2,1.48,0
2025-06-24,Ningbo,2,11.47,6.52,0
2025-06-25,Ningbo,2,6.53,7.28,0
2025-06-26,Ningbo,2,18.95,3.78,0
2025-06-27,Ningbo,2,6.58,10.37,0
2025-06-28,Ningbo,1,7.08,6.45,0
2025-06-29,Ningbo,1,5.85,7.49,0
2025-06-30,Ningbo,1,10.35,29.66,0
2025-07-01,Ningbo,1,7.76,39.49,0
2025-07-02,Ningbo,2,59.26,22.0,0
2025-07-03,Ningbo,2,0.32,32.33,1
2025-07-04,Ningbo,2,47.91,25.88,0
2025-07-05,Ningbo,2,9.8,59.61,0
2025-07-06,Ningbo,2,24.89,19.07,0
2025-07-07,Ningbo,2,8.46,8.87,0
2025-07-08,Ningbo,2,3.92,5.68,0
2025-07-09,Ningbo,2,7.71,26.87,0
2025-07-10,Ningbo,2,3.32,7.67,0
2025-07-11,Ningbo,2,2.02,12.48,0
2025-07-12,Ningbo,3,46.55,16.47,1
2025-07-13,Ningbo,2,14.1,11.22,1
2025-07-14,Ningbo,2,2.96,1.77,0
2025-07-15,Ningbo,2,13.77,19.69,0
2025-07-16,Ningbo,2,6.58,48.59,0
2025-07-17,Ningbo,2,35.91,36.2,0
2025-07-18,Ningbo,1,0.79,34.62,0
2025-07-19,Ningbo,2,19.58,2.52,0
2025-07-20,Ningbo,2,23.41,0.66,0
2025-07-21,Ningbo,2,8.04,7.77,0
2025-07-22,Ningbo,2,0.34,42.68,0
2025-07-23,Ningbo,2,5.32,53.1,0
2025-07-24,Ningbo,2,6.74,93.11,0
2025-07-25,Ningbo,2,6.53,23.81,0
2025-07-26,Ningbo,2,40.31,21.27,1
2025-07-27,Ningbo,2,4.71,7.97,0
2025-07-28,Ningbo,2,16.56,12.7,0
2025-07-29,Ningbo,2,11.18,17.64,0
2025-07-30,Ningbo,2,36.91,52.53,1
2025-07-31,Ningbo,1,0.6,22.38,0
2025-08-01,Ningbo,2,8.24,3.98,0
2025-08-02,Ningbo,2,16.13,43.47,0
2025-08-03,Ningbo,2,0.68,1.11,1
2025-08-04,Ningbo,2,18.29,31.83,1
2025-08-05,Ningbo,2,2.12,16.17,0
2025-08-06,Ningbo,2,14.34,51.76,0
2025-08-07,Ningbo,2,30.32,49.32,0
2025-08-08,Ningbo,1,3.12,22.37,0
2025-08-09,Ningbo,2,0.05,7.11,0
2025-08-10,Ningbo,2,16.16,30.27,0
2025-08-11,Ningbo,1,7.64,9.08,0
2025-08-12,Ningbo,2,14.67,19.81,0
2025-08-13,Ningbo,1,0.2,12.05,0
2025-08-14,Ningbo,1,1.63,21.34,0
2025-08-15,Ningbo,2,9.83,0.52,0
2025-08-16,Ningbo,2,1.79,8.45,0
2025-08-17,Ningbo,1,0.37,31.18,0
2025-08-18,Ningbo,1,25.48,7.17,0
2025-08-19,Ningbo,1,3.01,19.23,0
2025-08-20,Ningbo,1,4.5,19.15,0
2025-08-21,Ningbo,1,6.56,12.56,0
2025-08-22,Ningbo,1,2.49,10.08,0
2025-08-23,Ningbo,1,9.83,11.97,0
2025-08-24,Ningbo,1,0.21,20.38,0
2025-08-25,Ningbo,1,3.15,3.84,0
2025-08-26,Ningbo,1,22.73,19.41,0
2025-08-27,Ningbo,1,2.39,14.93,0
2025-08-28,Ningbo,1,1.81,39.03,0
2025-08-29,Ningbo,1,0.82,15.42,0
2025-08-30,Ningbo,1,1.5,38.04,0
2025-08-31,Ningbo,2,2.72,45.77,0
2025-09-01,Ningbo,1,39.84,1.12,0
2025-09-02,Ningbo,1,1.82,49.1,0
2025-09-03,Ningbo,2,16.43,15.95,0
2025-09-04,Ningbo,2,1.88,49.6,1
2025-09-05,Ningbo,2,3.02,5.63,1
2025-09-06,Ningbo,1,11.0,64.03,0
2025-09-07,Ningbo,1,0.71,43.24,0
2025-09-08,Ningbo,0,3.91,8.53,0
2025-09-09,Ningbo,1,5.7,21.71,0
2025-09-10,Ningbo,1,1.62,64.51,0
2025-09-11,Ningbo,1,7.15,2.08,0
2025-09-12,Ningbo,1,6.81,11.3,0
2025-09-13,Ningbo,0,2.75,15.52,0
2025-09-14,Ningbo,1,2.66,10.01,0
2025-09-15,Ningbo,1,0.67,7.45,0
2025-09-16,Ningbo,1,15.86,5.88,0
2025-09-17,Ningbo,1,3.1,3.51,0
2025-09-18,Ningbo,1,1.68,13.53,0
2025-09-19,Ningbo,2,44.07,5.39,0
2025-09-20,Ningbo,1,19.38,6.8,0
2025-09-21,Ningbo,2,8.39,13.26,0
2025-09-22,Ningbo,1,5.4,8.52,0
2025-09-23,Ningbo,2,4.61,0.76,0
2025-09-24,Ningbo,2,8.39,23.91,0
2025-09-25,Ningbo,1,4.08,0.36,0
2025-09-26,Ningbo,1,10.26,37.58,0
2025-09-27,Ningbo,2,52.72,40.76,0
2025-09-28,Ningbo,1,4.31,11.77,0
2025-09-29,Ningbo,1,0.15,0.35,0
2025-09-30,Ningbo,1,9.85,7.79,0
2025-10-01,Ningbo,2,25.49,25.28,0
2025-10-02,Ningbo,1,0.72,43.52,0
2025-10-03,Ningbo,0,24.4,3.02,0
2025-10-04,Ningbo,1,9.69,30.87,0
2025-10-05,Ningbo,1,1.46,4.73,0
2025-10-06,Ningbo,1,10.49,30.84,0
2025-10-07,Ningbo,1,1.21,9.66,0
2025-10-08,Ningbo,1,0.8,5.82,0
2025-10-09,Ningbo,1,3.23,3.18,0
2025-10-10,Ningbo,1,1.13,12.95,0
2025-10-11,Ningbo,1,15.55,6.1,0
2025-10-12,Ningbo,1,0.83,74.42,0
2025-10-13,Ningbo,1,5.72,33.19,0
2025-10-14,Ningbo,1,1.55,23.15,0
2025-10-15,Ningbo,1,5.4,15.94,0
2025-10-16,Ningbo,1,6.13,79.19,0
2025-10-17,Ningbo,0,1.88,0.44,0
2025-10-18,Ningbo,0,5.13,4.39,0
2025-10-19,Ningbo,0,4.21,0.61,0
2025-10-20,Ningbo,0,9.24,31.49,0
2025-10-21,Ningbo,1,10.45,10.95,0
2025-10-22,Ningbo,0,3.48,17.98,0
2025-10-23,Ningbo,1,11.18,28.14,0
2025-10-24,Ningbo,1,6.66,7.99,0
2025-10-25,Ningbo,1,1.18,96.59,0
2025-10-26,Ningbo,1,0.17,7.0,0
2025-10-27,Ningbo,1,1.99,34.46,0
2025-10-28,Ningbo,1,5.56,2.66,0
2025-10-29,Ningbo,1,6.78,9.12,0
2025-10-30,Ningbo,1,0.42,3.03,0
2025-10-31,Ningbo,0,9.39,19.51,0
2025-11-01,Ningbo,0,6.9,21.1,0
2025-11-02,Ningbo,1,22.02,20.87,0
2025-11-03,Ningbo,0,2.71,12.13,0
2025-11-04,Ningbo,1,11.0,12.5,0
2025-11-05,Ningbo,0,3.07,0.82,0
2025-11-06,Ningbo,1,5.27,4.94,0
2025-11-07,Ningbo,1,10.96,19.21,0
2025-11-08,Ningbo,0,9.32,0.17,0
2025-11-09,Ningbo,0,5.69,27.31,0
2025-11-10,Ningbo,0,0.86,3.09,0
2025-11-11,Ningbo,1,6.49,0.64,0
2025-11-12,Ningbo,1,8.58,10.89,0
2025-11-13,Ningbo,0,12.69,0.7,0
2025-11-14,Ningbo,0,6.17,9.19,0
2025-11-15,Ningbo,0,1.99,120.0,0
2025-11-16,Ningbo,0,6.23,1.67,0
2025-11-17,Ningbo,0,7.73,2.79,0
2025-11-18,Ningbo,1,43.66,12.19,0
2025-11-19,Ningbo,0,12.97,7.7,0
2025-11-20,Ningbo,0,2.45,8.86,0
2025-11-21,Ningbo,0,5.6,1.77,0
2025-11-22,Ningbo,0,5.32,9.8,0
2025-11-23,Ningbo,0,1.05,10.91,0
2025-11-24,Ningbo,1,1.19,10.11,0
2025-11-25,Ningbo,1,9.11,38.93,0
2025-11-26,Ningbo,0,6.27,6.23,0
2025-11-27,Ningbo,1,9.35,33.54,0
2025-11-28,Ningbo,0,2.12,8.15,0
2025-11-29,Ningbo,0,0.66,4.41,0
2025-11-30,Ningbo,0,2.02,42.17,0
2025-12-01,Ningbo,1,31.14,58.34,0
2025-12-02,Ningbo,1,2.13,13.41,0
2025-12-03,Ningbo,1,6.7,27.57,0
2025-12-04,Ningbo,1,2.07,43.9,0
2025-12-05,Ningbo,0,2.91,1.78,0
2025-12-06,Ningbo,0,2.02,0.33,0
2025-12-07,Ningbo,0,8.29,13.58,0
2025-12-08,Ningbo,0,1.23,0.18,0
2025-12-09,Ningbo,1,0.34,13.94,0
2025-12-10,Ningbo,1,7.11,6.55,0
2025-12-11,Ningbo,1,3.73,17.43,0
2025-12-12,Ningbo,1,7.26,26.74,0
2025-12-13,Ningbo,0,5.55,2.65,0
2025-12-14,Ningbo,0,7.7,1.1,0
2025-12-15,Ningbo,0,1.85,5.55,0
2025-12-16,Ningbo,0,18.83,16.22,0
2025-12-17,Ningbo,1,0.26,42.61,0
2025-12-18,Ningbo,1,12.28,12.2,0
2025-12-19,Ningbo,1,5.89,21.46,0
2025-12-20,Ningbo,0,1.99,18.88,0
2025-12-21,Ningbo,0,0.51,22.66,0
2025-12-22,Ningbo,1,0.09,5.02,0
2025-12-23,Ningbo,0,1.97,12.96,0
2025-12-24,Ningbo,0,4.15,10.67,0
2025-12-25,Ningbo,1,5.73,1.53,0
2025-12-26,Ningbo,0,0.55,4.01,0
2025-12-27,Ningbo,0,1.34,6.72,0
2025-12-28,Ningbo,0,4.17,35.58,0
2025-12-29,Ningbo,0,2.88,4.96,0
2025-12-30,Ningbo,0,11.4,7.0,0
2025-12-31,Ningbo,0,9.16,6.47,0
2023-01-01,Tianjin,0,9.54,7.76,0
2023-01-02,Tianjin,0,1.07,15.49,0
2023-01-03,Tianjin,0,8.86,0.44,0
2023-01-04,Tianjin,0,1.46,12.06,0
2023-01-05,Tianjin,0,0.94,21.58,0
2023-01-06,Tianjin,0,4.43,0.18,0
2023-01-07,Tianjin,0,0.53,6.48,0
2023-01-08,Tianjin,0,3.64,15.91,0
2023-01-09,Tianjin,0,1.19,21.5,0
2023-01-10,Tianjin,0,16.69,2.95,0
2023-01-11,Tianjin,0,9.05,4.84,0
2023-01-12,Tianjin,0,0.19,13.85,0
2023-01-13,Tianjin,1,2.66,49.66,0
2023-01-14,Tianjin,1,18.99,3.87,0
2023-01-15,Tianjin,1,3.42,9.32,0
2023-01-16,Tianjin,1,4.04,14.96,0
2023-01-17,Tianjin,1,3.43,25.47,0
2023-01-18,Tianjin,1,2.16,4.12,0
2023-01-19,Tianjin,1,1.45,6.14,0
2023-01-20,Tianjin,1,2.53,6.07,0
2023-01-21,Tianjin,0,3.57,15.05,0
2023-01-22,Tianjin,0,0.52,29.6,0
2023-01-23,Tianjin,0,4.13,2.55,0
2023-01-24,Tianjin,0,1.0,13.99,0
2023-01-25,Tianjin,1,0.06,37.62,0
2023-01-26,Tianjin,0,3.43,4.19,0
2023-01-27,Tianjin,0,20.91,3.4,0
2023-01-28,Tianjin,0,24.84,17.51,0
2023-01-29,Tianjin,0,3.6,6.38,0
2023-01-30,Tianjin,0,1.11,17.93,0
2023-01-31,Tianjin,0,3.17,33.52,0
2023-02-01,Tianjin,1,1.66,5.25,0
2023-02-02,Tianjin,0,14.47,3.52,0
2023-02-03,Tianjin,0,0.55,32.92,0
2023-02-04,Tianjin,0,1.5,11.02,0
2023-02-05,Tianjin,0,1.33,33.16,0
2023-02-06,Tianjin,0,20.85,5.09,0
2023-02-07,Tianjin,1,0.55,8.04,0
2023-02-08,Tianjin,0,0.32,1.84,0
2023-02-09,Tianjin,0,16.58,1.61,0
2023-02-10,Tianjin,0,2.97,28.35,0
2023-02-11,Tianjin,0,1.59,6.57,0
2023-02-12,Tianjin,0,7.2,12.05,0
2023-02-13,Tianjin,0,0.52,16.11,0
2023-02-14,Tianjin,0,0.31,10.14,0
2023-02-15,Tianjin,0,3.8,3.87,0
2023-02-16,Tianjin,0,2.01,1.23,0
2023-02-17,Tianjin,1,4.77,18.08,0
2023-02-18,Tianjin,0,1.35,2.33,0
2023-02-19,Tianjin,0,1.2,11.67,0
2023-02-20,Tianjin,0,12.09,1.87,0
2023-02-21,Tianjin,1,16.06,0.68,0
2023-02-22,Tianjin,0,1.73,12.78,0
2023-02-23,Tianjin,0,11.74,10.08,0
2023-02-24,Tianjin,0,3.52,18.93,0
2023-02-25,Tianjin,0,4.6,4.32,0
2023-02-26,Tianjin,0,1.23,36.6,0
2023-02-27,Tianjin,0,0.21,4.4,0
2023-02-28,Tianjin,0,20.7,39.41,0
2023-03-01,Tianjin,0,3.95,2.02,0
2023-03-02,Tianjin,0,4.25,4.55,0
2023-03-03,Tianjin,1,7.92,0.91,0
2023-03-04,Tianjin,1,2.06,23.47,0
2023-03-05,Tianjin,1,8.34,30.08,0
2023-03-06,Tianjin,0,4.38,13.86,0
2023-03-07,Tianjin,0,2.63,0.2,0
2023-03-08,Tianjin,0,4.8,17.81,0
2023-03-09,Tianjin,0,22.58,6.61,0
2023-03-10,Tianjin,0,4.54,10.81,0
2023-03-11,Tianjin,0,0.33,0.88,0
2023-03-12,Tianjin,0,3.16,1.19,0
2023-03-13,Tianjin,0,0.73,11.38,0
2023-03-14,Tianjin,0,0.41,6.69,0
2023-03-15,Tianjin,0,2.06,24.28,0
2023-03-16,Tianjin,0,4.55,13.45,0
2023-03-17,Tianjin,0,7.86,7.65,0
2023-03-18,Tianjin,0,1.32,7.21,0
2023-03-19,Tianjin,0,9.1,7.38,0
2023-03-20,Tianjin,0,3.01,3.59,0
2023-03-21,Tianjin,0,3.65,1.41,0
2023-03-22,Tianjin,0,3.7,6.4,0
2023-03-23,Tianjin,0,4.55,16.35,0
2023-03-24,Tianjin,0,3.08,11.24,0
2023-03-25,Tianjin,0,0.95,9.49,0
2023-03-26,Tianjin,0,0.65,17.8,0
2023-03-27,Tianjin,0,0.27,10.81,0
2023-03-28,Tianjin,0,6.93,7.46,0
2023-03-29,Tianjin,0,4.04,8.0,0
2023-03-30,Tianjin,1,7.62,10.84,0
2023-03-31,Tianjin,1,17.97,27.99,0
2023-04-01,Tianjin,1,3.2,11.29,0
2023-04-02,Tianjin,1,20.74,5.59,0
2023-04-03,Tianjin,0,4.83,31.7,0
2023-04-04,Tianjin,1,2.24,0.61,0
2023-04-05,Tianjin,1,3.21,0.26,0
2023-04-06,Tianjin,1,38.04,28.55,0
2023-04-07,Tianjin,1,6.0,32.75,0
2023-04-08,Tianjin,1,6.06,19.81,0
2023-04-09,Tianjin,1,10.54,9.8,0
2023-04-10,Tianjin,1,3.51,12.0,0
2023-04-11,Tianjin,1,6.99,48.01,0
2023-04-12,Tianjin,1,0.53,14.6,0
2023-04-13,Tianjin,1,0.52,57.42,0
2023-04-14,Tianjin,1,0.21,26.98,0
2023-04-15,Tianjin,1,9.63,4.91,0
2023-04-16,Tianjin,1,21.14,16.25,0
2023-04-17,Tianjin,0,24.54,0.9,0
2023-04-18,Tianjin,0,8.31,4.36,0
2023-04-19,Tianjin,1,16.11,3.13,0
2023-04-20,Tianjin,1,6.11,2.9,0
2023-04-21,Tianjin,1,9.01,17.01,0
2023-04-22,Tianjin,1,10.98,30.75,0
2023-04-23,Tianjin,1,2.89,23.87,0
2023-04-24,Tianjin,1,6.47,1.7,0
2023-04-25,Tianjin,0,1.74,3.8,0
2023-04-26,Tianjin,0,5.2,2.29,0
2023-04-27,Tianjin,0,1.94,11.8,0
2023-04-28,Tianjin,0,15.85,16.79,0
2023-04-29,Tianjin,1,9.33,10.48,0
2023-04-30,Tianjin,1,8.34,19.67,0
2023-05-01,Tianjin,1,5.43,7.39,0
2023-05-02,Tianjin,1,9.34,3.74,0
2023-05-03,Tianjin,1,7.83,16.72,0
2023-05-04,Tianjin,0,8.2,2.86,0
2023-05-05,Tianjin,1,8.94,2.83,0
2023-05-06,Tianjin,0,5.65,6.91,0
2023-05-07,Tianjin,0,2.37,5.97,0
2023-05-08,Tianjin,0,3.64,2.91,0
2023-05-09,Tianjin,1,3.89,5.5,0
2023-05-10,Tianjin,1,8.48,4.01,0
2023-05-11,Tianjin,1,9.24,23.32,0
2023-05-12,Tianjin,1,5.54,10.05,0
2023-05-13,Tianjin,2,1.21,31.08,0
2023-05-14,Tianjin,1,24.12,6.15,0
2023-05-15,Tianjin,1,10.08,7.34,0
2023-05-16,Tianjin,1,22.24,20.05,0
2023-05-17,Tianjin,1,2.79,4.91,0
2023-05-18,Tianjin,1,11.52,17.78,0
2023-05-19,Tianjin,1,1.16,26.99,0
2023-05-20,Tianjin,1,2.49,9.22,0
2023-05-21,Tianjin,1,7.57,5.03,0
2023-05-22,Tianjin,1,9.78,81.91,0
2023-05-23,Tianjin,1,2.2,7.93,0
2023-05-24,Tianjin,1,19.2,4.1,0
2023-05-25,Tianjin,1,5.47,16.32,0
2023-05-26,Tianjin,0,5.6,30.97,0
2023-05-27,Tianjin,0,0.6,21.95,0
2023-05-28,Tianjin,1,11.86,4.17,0
2023-05-29,Tianjin,1,0.74,18.32,0
2023-05-30,Tianjin,0,3.67,5.58,0
2023-05-31,Tianjin,0,0.11,15.79,0
2023-06-01,Tianjin,0,5.97,1.23,0
2023-06-02,Tianjin,0,9.65,6.46,0
2023-06-03,Tianjin,0,11.18,0.4,0
2023-06-04,Tianjin,0,6.59,11.29,0
2023-06-05,Tianjin,1,9.37,67.62,0
2023-06-06,Tianjin,2,2.96,10.82,0
2023-06-07,Tianjin,2,9.82,51.75,0
2023-06-08,Tianjin,2,1.48,1.07,0
2023-06-09,Tianjin,1,7.13,34.37,0
2023-06-10,Tianjin,2,16.19,1.45,1
2023-06-11,Tianjin,2,4.87,5.02,0
2023-06-12,Tianjin,1,18.25,16.47,0
2023-06-13,Tianjin,2,15.27,0.19,0
2023-06-14,Tianjin,2,9.24,9.96,1
2023-06-15,Tianjin,2,17.53,39.3,0
2023-06-16,Tianjin,1,1.36,1.07,0
2023-06-17,Tianjin,1,7.07,19.6,0
2023-06-18,Tianjin,2,4.28,2.77,0
2023-06-19,Tianjin,2,13.39,9.23,0
2023-06-20,Tianjin,2,10.55,6.8,1
2023-06-21,Tianjin,2,2.76,0.25,0
2023-06-22,Tianjin,2,2.28,9.45,1
2023-06-23,Tianjin,1,12.42,30.66,0
2023-06-24,Tianjin,1,35.91,22.41,0
2023-06-25,Tianjin,1,12.7,8.28,0
2023-06-26,Tianjin,1,18.04,11.61,0
2023-06-27,Tianjin,1,4.63,15.2,0
2023-06-28,Tianjin,1,0.04,16.51,0
2023-06-29,Tianjin,1,11.1,31.66,0
2023-06-30,Tianjin,1,25.48,1.03,0
2023-07-01,Tianjin,1,1.32,55.74,0
2023-07-02,Tianjin,0,0.74,2.77,0
2023-07-03,Tianjin,1,0.23,11.71,0
2023-07-04,Tianjin,1,12.2,16.76,0
2023-07-05,Tianjin,1,32.78,7.69,0
2023-07-06,Tianjin,1,6.14,16.12,0
2023-07-07,Tianjin,1,13.26,2.57,0
2023-07-08,Tianjin,1,8.82,6.79,0
2023-07-09,Tianjin,0,7.96,0.79,0
2023-07-10,Tianjin,1,7.24,0.56,0
2023-07-11,Tianjin,1,6.6,47.04,0
2023-07-12,Tianjin,1,4.14,3.18,0
2023-07-13,Tianjin,2,3.03,39.32,1
2023-07-14,Tianjin,2,16.19,8.99,0
2023-07-15,Tianjin,2,0.91,23.63,0
2023-07-16,Tianjin,2,38.44,6.53,0
2023-07-17,Tianjin,2,2.01,60.07,0
2023-07-18,Tianjin,2,15.68,6.37,0
2023-07-19,Tianjin,3,3.91,19.27,1
2023-07-20,Tianjin,2,3.43,62.45,0
2023-07-21,Tianjin,1,18.68,12.65,0
2023-07-22,Tianjin,1,9.41,11.17,0
2023-07-23,Tianjin,1,69.06,3.26,0
2023-07-24,Tianjin,1,1.77,14.68,0
2023-07-25,Tianjin,0,8.92,14.43,0
2023-07-26,Tianjin,1,3.7,11.56,0
2023-07-27,Tianjin,1,1.78,1.96,0
2023-07-28,Tianjin,1,0.41,14.04,0
2023-07-29,Tianjin,2,5.68,0.2,0
2023-07-30,Tianjin,1,0.46,8.86,0
2023-07-31,Tianjin,2,6.36,53.42,0
2023-08-01,Tianjin,2,5.16,2.96,0
2023-08-02,Tianjin,1,22.01,22.53,0
2023-08-03,Tianjin,1,15.77,18.95,0
2023-08-04,Tianjin,1,8.24,8.32,0
2023-08-05,Tianjin,0,13.11,16.0,0
2023-08-06,Tianjin,1,6.05,13.98,0
2023-08-07,Tianjin,1,0.75,14.77,0
2023-08-08,Tianjin,1,6.83,12.88,0
2023-08-09,Tianjin,1,12.6,42.49,0
2023-08-10,Tianjin,1,1.67,4.01,0
2023-08-11,Tianjin,1,0.57,5.93,0
2023-08-12,Tianjin,2,3.23,6.14,0
2023-08-13,Tianjin,1,17.25,3.36,0
2023-08-14,Tianjin,1,21.1,0.74,0
2023-08-15,Tianjin,1,0.51,4.18,0
2023-08-16,Tianjin,1,0.91,1.66,0
2023-08-17,Tianjin,1,7.92,61.08,0
2023-08-18,Tianjin,1,11.44,35.29,0
2023-08-19,Tianjin,1,4.48,83.63,0
2023-08-20,Tianjin,2,5.85,52.67,0
2023-08-21,Tianjin,1,9.44,26.97,0
2023-08-22,Tianjin,1,6.81,13.3,0
2023-08-23,Tianjin,1,7.38,10.93,0
2023-08-24,Tianjin,1,0.55,21.84,0
2023-08-25,Tianjin,1,5.38,12.23,0
2023-08-26,Tianjin,1,0.68,30.77,0
2023-08-27,Tianjin,1,3.76,17.01,0
2023-08-28,Tianjin,2,4.62,21.93,0
2023-08-29,Tianjin,1,4.77,16.91,0
2023-08-30,Tianjin,1,0.89,5.81,0
2023-08-31,Tianjin,1,12.06,8.28,0
2023-09-01,Tianjin,1,1.59,8.15,0
2023-09-02,Tianjin,1,23.16,10.52,0
2023-09-03,Tianjin,1,9.58,9.25,0
2023-09-04,Tianjin,1,13.94,3.83,0
2023-09-05,Tianjin,1,2.61,8.11,0
2023-09-06,Tianjin,1,8.49,73.33,0
2023-09-07,Tianjin,1,14.7,5.66,0
2023-09-08,Tianjin,0,2.55,17.98,0
2023-09-09,Tianjin,1,13.29,21.6,0
2023-09-10,Tianjin,0,7.16,5.6,0
2023-09-11,Tianjin,0,12.36,1.52,0
2023-09-12,Tianjin,0,1.14,6.57,0
2023-09-13,Tianjin,1,1.32,40.07,0
2023-09-14,Tianjin,1,17.76,41.13,0
2023-09-15,Tianjin,1,3.17,3.0,0
2023-09-16,Tianjin,0,2.99,22.34,0
2023-09-17,Tianjin,0,7.14,40.54,0
2023-09-18,Tianjin,1,1.21,58.78,0
2023-09-19,Tianjin,0,4.26,16.03,0
2023-09-20,Tianjin,0,2.03,16.68,0
2023-09-21,Tianjin,0,1.03,12.66,0
2023-09-22,Tianjin,1,27.04,8.33,0
2023-09-23,Tianjin,1,0.72,2.69,0
2023-09-24,Tianjin,1,5.83,14.5,0
2023-09-25,Tianjin,1,11.55,3.67,0
2023-09-26,Tianjin,1,2.22,1.37,0
2023-09-27,Tianjin,1,5.04,22.08,0
2023-09-28,Tianjin,1,13.66,20.04,0
2023-09-29,Tianjin,1,18.21,63.73,0
2023-09-30,Tianjin,2,11.1,10.83,0
2023-10-01,Tianjin,1,9.23,7.48,0
2023-10-02,Tianjin,0,9.49,8.23,0
2023-10-03,Tianjin,0,6.19,14.21,0
2023-10-04,Tianjin,0,0.56,48.57,0
2023-10-05,Tianjin,0,0.61,3.93,0
2023-10-06,Tianjin,0,2.79,35.46,0
2023-10-07,Tianjin,0,6.17,14.83,0
2023-10-08,Tianjin,0,0.53,20.37,0
2023-10-09,Tianjin,1,1.95,34.06,0
2023-10-10,Tianjin,1,6.89,8.88,0
2023-10-11,Tianjin,1,5.24,35.27,0
2023-10-12,Tianjin,1,10.59,4.89,0
2023-10-13,Tianjin,1,7.26,22.67,0
2023-10-14,Tianjin,0,2.6,10.51,0
2023-10-15,Tianjin,0,8.05,0.11,0
2023-10-16,Tianjin,0,5.38,13.57,0
2023-10-17,Tianjin,0,1.92,9.03,0
2023-10-18,Tianjin,0,5.98,1.07,0
2023-10-19,Tianjin,0,3.3,17.07,0
2023-10-20,Tianjin,0,2.36,4.15,0
2023-10-21,Tianjin,0,7.13,16.12,0
2023-10-22,Tianjin,0,5.13,0.23,0
2023-10-23,Tianjin,0,1.7,12.84,0
2023-10-24,Tianjin,0,1.25,7.68,0
2023-10-25,Tianjin,1,3.2,48.86,0
2023-10-26,Tianjin,1,11.12,27.55,0
2023-10-27,Tianjin,1,1.34,6.11,0
2023-10-28,Tianjin,2,7.24,15.64,0
2023-10-29,Tianjin,2,10.59,38.69,0
2023-10-30,Tianjin,1,4.74,11.28,0
2023-10-31,Tianjin,1,0.4,2.31,0
2023-11-01,Tianjin,0,2.54,2.71,0
2023-11-02,Tianjin,1,5.68,46.94,0
2023-11-03,Tianjin,0,8.1,17.84,0
2023-11-04,Tianjin,0,1.05,5.19,0
2023-11-05,Tianjin,0,0.44,1.47,0
2023-11-06,Tianjin,0,1.37,5.62,0
2023-11-07,Tianjin,0,4.33,27.77,0
2023-11-08,Tianjin,0,3.01,4.13,0
2023-11-09,Tianjin,0,14.2,2.24,0
2023-11-10,Tianjin,0,1.4,16.97,0
2023-11-11,Tianjin,0,5.67,19.24,0
2023-11-12,Tianjin,0,1.01,1.98,0
2023-11-13,Tianjin,0,0.86,0.18,0
2023-11-14,Tianjin,0,3.92,3.13,0
2023-11-15,Tianjin,0,4.46,1.44,0
2023-11-16,Tianjin,0,7.67,14.59,0
2023-11-17,Tianjin,0,8.92,48.42,0
2023-11-18,Tianjin,0,2.52,3.0,0
2023-11-19,Tianjin,0,6.24,5.0,0
2023-11-20,Tianjin,0,6.56,0.68,0
2023-11-21,Tianjin,0,8.68,2.06,0
2023-11-22,Tianjin,0,3.13,23.55,0
2023-11-23,Tianjin,0,3.68,14.78,0
2023-11-24,Tianjin,0,9.3,3.71,0
2023-11-25,Tianjin,0,15.2,23.99,0
2023-11-26,Tianjin,1,15.07,38.83,0
2023-11-27,Tianjin,0,6.07,0.12,0
2023-11-28,Tianjin,0,1.5,15.91,0
2023-11-29,Tianjin,0,9.23,2.85,0
2023-11-30,Tianjin,0,2.66,5.8,0
2023-12-01,Tianjin,0,6.85,1.18,0
2023-12-02,Tianjin,1,1.52,11.4,0
2023-12-03,Tianjin,1,19.14,23.78,0
2023-12-04,Tianjin,1,0.03,3.2,0
2023-12-05,Tianjin,0,1.34,23.11,0
2023-12-06,Tianjin,0,7.31,6.3,0
2023-12-07,Tianjin,1,0.39,4.14,0
2023-12-08,Tianjin,0,7.97,3.57,0
2023-12-09,Tianjin,0,2.85,2.83,0
2023-12-10,Tianjin,0,0.34,6.02,0
2023-12-11,Tianjin,0,4.64,0.95,0
2023-12-12,Tianjin,0,5.65,3.6,0
2023-12-13,Tianjin,0,6.64,7.11,0
2023-12-14,Tianjin,0,3.46,1.71,0
2023-12-15,Tianjin,0,1.85,26.38,0
2023-12-16,Tianjin,0,0.93,18.64,0
2023-12-17,Tianjin,0,0.12,14.47,0
2023-12-18,Tianjin,0,2.27,12.11,0
2023-12-19,Tianjin,1,12.12,16.05,0
2023-12-20,Tianjin,0,3.1,1.74,0
2023-12-21,Tianjin,0,13.17,11.1,0
2023-12-22,Tianjin,0,2.61,15.54,0
2023-12-23,Tianjin,0,14.23,1.21,0
2023-12-24,Tianjin,0,15.36,3.67,0
2023-12-25,Tianjin,0,1.38,1.65,0
2023-12-26,Tianjin,0,4.32,0.12,0
2023-12-27,Tianjin,0,5.22,1.42,0
2023-12-28,Tianjin,0,6.21,0.56,0
2023-12-29,Tianjin,0,18.27,2.64,0
2023-12-30,Tianjin,0,5.08,1.23,0
2023-12-31,Tianjin,0,1.2,8.48,0
2024-01-01,Tianjin,0,2.22,9.44,0
2024-01-02,Tianjin,0,5.09,2.0,0
2024-01-03,Tianjin,0,0.36,5.95,0
2024-01-04,Tianjin,0,16.14,6.84,0
2024-01-05,Tianjin,0,10.76,12.68,0
2024-01-06,Tianjin,0,4.13,3.01,0
2024-01-07,Tianjin,0,2.31,14.74,0
2024-01-08,Tianjin,0,3.52,9.63,0
2024-01-09,Tianjin,0,8.5,8.41,0
2024-01-10,Tianjin,0,6.12,17.55,0
2024-01-11,Tianjin,0,3.3,1.22,0
2024-01-12,Tianjin,0,4.53,0.13,0
2024-01-13,Tianjin,0,4.01,4.47,0
2024-01-14,Tianjin,0,1.11,5.75,0
2024-01-15,Tianjin,0,1.59,9.16,0
2024-01-16,Tianjin,0,10.85,3.34,0
2024-01-17,Tianjin,1,4.56,12.65,0
2024-01-18,Tianjin,0,2.22,4.46,0
2024-01-19,Tianjin,0,3.55,3.29,0
2024-01-20,Tianjin,0,15.28,7.32,0
2024-01-21,Tianjin,0,1.44,4.45,0
2024-01-22,Tianjin,1,15.51,20.29,0
2024-01-23,Tianjin,1,2.38,5.26,0
2024-01-24,Tianjin,0,6.03,3.92,0
2024-01-25,Tianjin,0,2.64,0.83,0
2024-01-26,Tianjin,0,28.7,22.86,0
2024-01-27,Tianjin,0,0.69,2.68,0
2024-01-28,Tianjin,0,2.88,7.02,0
2024-01-29,Tianjin,0,12.78,6.93,0
2024-01-30,Tianjin,0,1.59,0.93,0
2024-01-31,Tianjin,0,0.16,14.76,0
2024-02-01,Tianjin,0,2.93,8.46,0
2024-02-02,Tianjin,0,3.73,6.91,0
2024-02-03,Tianjin,0,2.98,1.59,0
2024-02-04,Tianjin,1,1.14,0.05,0
2024-02-05,Tianjin,0,3.16,6.21,0
2024-02-06,Tianjin,1,3.4,9.06,0
2024-02-07,Tianjin,0,0.92,5.46,0
2024-02-08,Tianjin,0,6.18,10.25,0
2024-02-09,Tianjin,0,13.77,8.67,0
2024-02-10,Tianjin,0,8.85,1.36,0
2024-02-11,Tianjin,0,11.66,4.05,0
2024-02-12,Tianjin,0,2.1,3.3,0
2024-02-13,Tianjin,0,8.61,2.75,0
2024-02-14,Tianjin,0,1.74,15.53,0
2024-02-15,Tianjin,1,14.0,0.06,0
2024-02-16,Tianjin,0,7.06,6.93,0
2024-02-17,Tianjin,0,10.59,8.17,0
2024-02-18,Tianjin,0,1.62,15.28,0
2024-02-19,Tianjin,0,2.17,16.31,0
2024-02-20,Tianjin,0,0.67,17.85,0
2024-02-21,Tianjin,0,2.69,15.59,0
2024-02-22,Tianjin,0,4.4,14.52,0
2024-02-23,Tianjin,1,8.45,10.61,0
2024-02-24,Tianjin,1,0.46,3.05,0
2024-02-25,Tianjin,0,0.52,13.93,0
2024-02-26,Tianjin,0,12.54,21.6,0
2024-02-27,Tianjin,0,5.06,3.79,0
2024-02-28,Tianjin,0,0.57,3.16,0
2024-02-29,Tianjin,0,10.69,0.53,0
2024-03-01,Tianjin,0,4.72,5.53,0
2024-03-02,Tianjin,1,20.35,21.55,0
2024-03-03,Tianjin,0,8.78,17.03,0
2024-03-04,Tianjin,1,17.31,4.15,0
2024-03-05,Tianjin,1,14.89,45.0,0
2024-03-06,Tianjin,1,0.19,77.9,0
2024-03-07,Tianjin,1,1.01,8.69,0
2024-03-08,Tianjin,1,34.38,71.35,0
2024-03-09,Tianjin,1,2.77,27.02,0
2024-03-10,Tianjin,1,7.32,5.37,0
2024-03-11,Tianjin,0,1.98,10.49,0
2024-03-12,Tianjin,0,1.7,14.85,0
2024-03-13,Tianjin,0,1.36,2.37,0
2024-03-14,Tianjin,0,0.99,26.44,0
2024-03-15,Tianjin,1,1.0,31.77,0
2024-03-16,Tianjin,1,29.71,10.85,0
2024-03-17,Tianjin,0,2.43,10.07,0
2024-03-18,Tianjin,1,4.47,13.4,0
2024-03-19,Tianjin,0,0.41,5.16,0
2024-03-20,Tianjin,1,21.56,59.4,0
2024-03-21,Tianjin,1,5.27,18.18,0
2024-03-22,Tianjin,1,12.95,11.92,0
2024-03-23,Tianjin,1,2.84,3.26,0
2024-03-24,Tianjin,0,7.97,7.97,0
2024-03-25,Tianjin,0,11.22,11.76,0
2024-03-26,Tianjin,1,3.98,60.13,0
2024-03-27,Tianjin,1,19.69,1.14,0
2024-03-28,Tianjin,1,7.27,6.85,0
2024-03-29,Tianjin,1,0.12,17.06,0
2024-03-30,Tianjin,1,6.7,5.52,0
2024-03-31,Tianjin,0,5.85,22.52,0
2024-04-01,Tianjin,1,4.17,1.59,0
2024-04-02,Tianjin,1,4.59,10.48,0
2024-04-03,Tianjin,0,1.33,0.88,0
2024-04-04,Tianjin,0,4.34,0.53,0
2024-04-05,Tianjin,0,1.47,86.24,0
2024-04-06,Tianjin,0,0.43,16.05,0
2024-04-07,Tianjin,0,2.93,49.21,0
2024-04-08,Tianjin,0,9.63,6.39,0
2024-04-09,Tianjin,0,2.48,0.76,0
2024-04-10,Tianjin,1,4.22,2.35,0
2024-04-11,Tianjin,0,4.66,15.54,0
2024-04-12,Tianjin,0,2.57,1.48,0
2024-04-13,Tianjin,0,0.68,11.31,0
2024-04-14,Tianjin,1,0.84,23.69,0
2024-04-15,Tianjin,1,13.34,2.9,0
2024-04-16,Tianjin,1,14.36,7.31,0
2024-04-17,Tianjin,1,14.27,2.93,0
2024-04-18,Tianjin,1,13.36,20.91,0
2024-04-19,Tianjin,1,5.71,31.55,0
2024-04-20,Tianjin,0,9.7,3.48,0
2024-04-21,Tianjin,1,14.35,15.88,0
2024-04-22,Tianjin,1,0.49,25.76,0
2024-04-23,Tianjin,0,4.27,0.73,0
2024-04-24,Tianjin,1,7.5,4.62,0
2024-04-25,Tianjin,1,6.59,2.67,0
2024-04-26,Tianjin,1,3.87,18.14,0
2024-04-27,Tianjin,1,7.68,8.06,0
2024-04-28,Tianjin,1,12.07,11.66,0
2024-04-29,Tianjin,2,9.65,7.77,0
2024-04-30,Tianjin,1,2.69,4.88,0
2024-05-01,Tianjin,1,14.87,37.74,0
2024-05-02,Tianjin,1,0.94,11.22,0
2024-05-03,Tianjin,2,21.41,17.97,0
2024-05-04,Tianjin,1,3.71,8.2,0
2024-05-05,Tianjin,1,6.04,17.45,0
2024-05-06,Tianjin,1,2.41,40.47,0
2024-05-07,Tianjin,1,12.83,7.91,0
2024-05-08,Tianjin,1,0.19,4.96,0
2024-05-09,Tianjin,1,21.89,7.19,0
2024-05-10,Tianjin,1,9.45,1.37,0
2024-05-11,Tianjin,1,4.26,6.74,0
2024-05-12,Tianjin,1,3.04,26.1,0
2024-05-13,Tianjin,1,2.05,49.53,0
2024-05-14,Tianjin,1,1.22,30.84,0
2024-05-15,Tianjin,1,10.41,11.26,0
2024-05-16,Tianjin,1,3.41,1.24,0
2024-05-17,Tianjin,1,2.05,1.13,0
2024-05-18,Tianjin,2,6.68,18.4,0
2024-05-19,Tianjin,1,0.93,30.85,0
2024-05-20,Tianjin,1,9.07,6.32,0
2024-05-21,Tianjin,1,28.84,15.86,0
2024-05-22,Tianjin,1,13.55,10.28,0
2024-05-23,Tianjin,1,2.29,20.13,0
2024-05-24,Tianjin,1,3.69,5.8,0
2024-05-25,Tianjin,1,8.48,32.85,0
2024-05-26,Tianjin,0,9.75,3.26,0
2024-05-27,Tianjin,0,1.93,2.68,0
2024-05-28,Tianjin,0,1.86,3.64,0
2024-05-29,Tianjin,0,2.68,0.56,0
2024-05-30,Tianjin,1,10.41,11.32,0
2024-05-31,Tianjin,1,1.97,9.14,0
2024-06-01,Tianjin,2,13.97,1.15,1
2024-06-02,Tianjin,2,7.69,3.08,0
2024-06-03,Tianjin,1,16.37,2.35,0
2024-06-04,Tianjin,1,3.79,11.96,0
2024-06-05,Tianjin,1,1.82,11.63,0
2024-06-06,Tianjin,1,2.48,22.01,0
2024-06-07,Tianjin,1,31.38,5.95,0
2024-06-08,Tianjin,1,7.19,59.02,0
2024-06-09,Tianjin,1,5.01,24.73,0
2024-06-10,Tianjin,1,12.27,11.23,0
2024-06-11,Tianjin,1,9.86,3.33,0
2024-06-12,Tianjin,1,1.16,3.0,0
2024-06-13,Tianjin,1,4.39,20.2,0
2024-06-14,Tianjin,1,7.52,12.12,0
2024-06-15,Tianjin,1,8.84,2.26,0
2024-06-16,Tianjin,1,8.48,0.47,0
2024-06-17,Tianjin,1,19.37,6.28,0
2024-06-18,Tianjin,2,12.27,19.06,0
2024-06-19,Tianjin,1,3.99,4.25,0
2024-06-20,Tianjin,1,0.81,23.54,0
2024-06-21,Tianjin,1,2.93,9.42,0
2024-06-22,Tianjin,0,10.21,21.13,0
2024-06-23,Tianjin,1,4.86,0.14,0
2024-06-24,Tianjin,1,6.96,15.23,0
2024-06-25,Tianjin,1,1.25,28.16,0
2024-06-26,Tianjin,1,0.23,4.05,0
2024-06-27,Tianjin,1,0.05,22.78,0
2024-06-28,Tianjin,1,2.36,3.33,0
2024-06-29,Tianjin,1,11.8,16.01,0
2024-06-30,Tianjin,1,19.03,4.87,0
2024-07-01,Tianjin,2,0.2,82.81,0
2024-07-02,Tianjin,2,10.1,34.72,0
2024-07-03,Tianjin,1,11.26,47.49,0
2024-07-04,Tianjin,1,1.42,9.13,0
2024-07-05,Tianjin,1,0.96,2.24,0
2024-07-06,Tianjin,1,47.08,17.83,0
2024-07-07,Tianjin,2,6.01,29.73,1
2024-07-08,Tianjin,1,10.51,9.12,0
2024-07-09,Tianjin,1,15.5,65.76,0
2024-07-10,Tianjin,1,25.37,4.5,0
2024-07-11,Tianjin,1,1.11,3.87,0
2024-07-12,Tianjin,1,6.46,4.38,0
2024-07-13,Tianjin,1,12.47,3.09,0
2024-07-14,Tianjin,1,2.19,33.69,0
2024-07-15,Tianjin,1,8.21,8.13,0
2024-07-16,Tianjin,1,1.26,11.65,0
2024-07-17,Tianjin,1,13.17,0.79,0
2024-07-18,Tianjin,2,6.66,2.44,0
2024-07-19,Tianjin,1,4.3,2.77,0
2024-07-20,Tianjin,1,1.3,3.28,0
2024-07-21,Tianjin,1,3.41,1.29,0
2024-07-22,Tianjin,1,7.12,1.69,0
2024-07-23,Tianjin,1,12.1,2.12,0
2024-07-24,Tianjin,0,1.96,3.85,0
2024-07-25,Tianjin,1,3.22,9.16,0
2024-07-26,Tianjin,2,1.79,17.8,0
2024-07-27,Tianjin,1,16.67,10.83,0
2024-07-28,Tianjin,1,5.58,1.95,0
2024-07-29,Tianjin,2,3.62,104.02,0
2024-07-30,Tianjin,1,18.07,4.15,0
2024-07-31,Tianjin,1,6.5,64.7,0
2024-08-01,Tianjin,2,2.22,24.33,1
2024-08-02,Tianjin,1,2.53,1.48,0
2024-08-03,Tianjin,1,1.2,7.8,0
2024-08-04,Tianjin,2,17.35,15.4,0
2024-08-05,Tianjin,1,8.52,9.5,0
2024-08-06,Tianjin,1,5.73,10.29,0
2024-08-07,Tianjin,1,9.34,17.48,0
2024-08-08,Tianjin,2,5.22,13.2,0
2024-08-09,Tianjin,2,13.63,38.63,0
2024-08-10,Tianjin,2,10.67,14.86,1
2024-08-11,Tianjin,2,9.43,2.06,0
2024-08-12,Tianjin,1,1.47,1.19,0
2024-08-13,Tianjin,1,6.5,9.83,0
2024-08-14,Tianjin,1,17.45,7.52,0
2024-08-15,Tianjin,1,4.04,52.47,0
2024-08-16,Tianjin,1,1.59,9.91,0
2024-08-17,Tianjin,1,3.03,22.74,0
2024-08-18,Tianjin,2,6.8,50.59,0
2024-08-19,Tianjin,1,6.64,10.97,0
2024-08-20,Tianjin,1,2.84,30.86,0
2024-08-21,Tianjin,1,1.67,4.62,0
2024-08-22,Tianjin,1,7.42,53.57,0
2024-08-23,Tianjin,1,4.94,6.57,0
2024-08-24,Tianjin,1,3.09,15.42,0
2024-08-25,Tianjin,1,4.68,15.17,0
2024-08-26,Tianjin,1,1.83,5.31,0
2024-08-27,Tianjin,1,12.14,1.48,0
2024-08-28,Tianjin,1,0.29,6.1,0
2024-08-29,Tianjin,2,9.8,6.36,1
2024-08-30,Tianjin,2,7.1,68.89,0
2024-08-31,Tianjin,1,14.67,5.06,0
2024-09-01,Tianjin,1,12.81,1.78,0
2024-09-02,Tianjin,1,11.89,1.92,0
2024-09-03,Tianjin,1,0.48,27.12,0
2024-09-04,Tianjin,1,12.73,3.74,0
2024-09-05,Tianjin,1,3.36,12.18,0
2024-09-06,Tianjin,1,4.28,33.8,0
2024-09-07,Tianjin,1,0.22,9.86,0
2024-09-08,Tianjin,2,7.15,1.69,1
2024-09-09,Tianjin,2,2.33,7.39,0
2024-09-10,Tianjin,1,11.57,7.7,0
2024-09-11,Tianjin,0,10.46,37.49,0
2024-09-12,Tianjin,0,1.66,2.83,0
2024-09-13,Tianjin,0,2.85,7.35,0
2024-09-14,Tianjin,1,5.54,23.09,0
2024-09-15,Tianjin,1,13.65,6.08,0
2024-09-16,Tianjin,1,1.46,5.75,0
2024-09-17,Tianjin,1,5.87,30.77,0
2024-09-18,Tianjin,1,28.62,3.8,0
2024-09-19,Tianjin,1,4.22,27.67,0
2024-09-20,Tianjin,0,2.79,38.8,0
2024-09-21,Tianjin,0,7.71,10.88,0
2024-09-22,Tianjin,0,3.62,1.8,0
2024-09-23,Tianjin,0,4.5,3.65,0
2024-09-24,Tianjin,1,7.69,2.66,0
2024-09-25,Tianjin,1,0.74,5.28,0
2024-09-26,Tianjin,0,2.56,17.39,0
2024-09-27,Tianjin,0,2.33,4.04,0
2024-09-28,Tianjin,0,4.32,17.45,0
2024-09-29,Tianjin,0,1.33,19.97,0
2024-09-30,Tianjin,1,1.7,49.17,0
2024-10-01,Tianjin,1,6.96,17.06,0
2024-10-02,Tianjin,0,5.35,0.98,0
2024-10-03,Tianjin,1,5.0,19.12,0
2024-10-04,Tianjin,0,2.5,7.19,0
2024-10-05,Tianjin,1,2.59,4.72,0
2024-10-06,Tianjin,1,6.79,23.51,0
2024-10-07,Tianjin,0,4.29,1.95,0
2024-10-08,Tianjin,0,5.84,7.74,0
2024-10-09,Tianjin,0,0.03,1.67,0
2024-10-10,Tianjin,0,2.23,0.78,0
2024-10-11,Tianjin,1,2.96,30.39,0
2024-10-12,Tianjin,0,2.21,2.44,0
2024-10-13,Tianjin,0,1.32,8.37,0
2024-10-14,Tianjin,1,16.29,2.67,0
2024-10-15,Tianjin,1,0.58,22.17,0
2024-10-16,Tianjin,0,0.26,7.4,0
2024-10-17,Tianjin,1,2.2,24.17,0
2024-10-18,Tianjin,1,0.08,17.32,0
2024-10-19,Tianjin,1,1.39,11.77,0
2024-10-20,Tianjin,1,0.63,9.11,0
2024-10-21,Tianjin,1,7.68,34.35,0
2024-10-22,Tianjin,1,0.36,23.22,0
2024-10-23,Tianjin,1,12.5,37.06,0
2024-10-24,Tianjin,1,6.12,38.46,0
2024-10-25,Tianjin,0,7.3,9.35,0
2024-10-26,Tianjin,0,5.34,5.95,0
2024-10-27,Tianjin,0,4.69,20.85,0
2024-10-28,Tianjin,1,12.52,8.21,0
2024-10-29,Tianjin,1,2.03,59.79,0
2024-10-30,Tianjin,0,4.37,18.3,0
2024-10-31,Tianjin,1,4.98,2.48,0
2024-11-01,Tianjin,1,0.51,15.07,0
2024-11-02,Tianjin,1,2.95,2.17,0
2024-11-03,Tianjin,0,5.02,18.72,0
2024-11-04,Tianjin,1,0.68,0.19,0
2024-11-05,Tianjin,1,6.03,31.16,0
2024-11-06,Tianjin,0,2.48,3.16,0
2024-11-07,Tianjin,0,7.85,6.8,0
2024-11-08,Tianjin,0,9.83,15.2,0
2024-11-09,Tianjin,0,0.08,3.73,0
2024-11-10,Tianjin,1,3.09,23.73,0
2024-11-11,Tianjin,1,15.67,9.87,0
2024-11-12,Tianjin,1,3.02,8.08,0
2024-11-13,Tianjin,0,3.8,10.58,0
2024-11-14,Tianjin,0,1.74,4.83,0
2024-11-15,Tianjin,0,0.85,11.91,0
2024-11-16,Tianjin,0,9.97,1.22,0
2024-11-17,Tianjin,0,7.73,44.38,0
2024-11-18,Tianjin,0,3.39,2.47,0
2024-11-19,Tianjin,0,2.85,12.71,0
2024-11-20,Tianjin,0,0.23,21.97,0
2024-11-21,Tianjin,1,6.87,37.88,0
2024-11-22,Tianjin,1,4.08,11.13,0
2024-11-23,Tianjin,0,2.24,21.21,0
2024-11-24,Tianjin,1,13.52,38.99,0
2024-11-25,Tianjin,0,1.56,7.03,0
2024-11-26,Tianjin,0,0.96,0.49,0
2024-11-27,Tianjin,0,0.73,2.89,0
2024-11-28,Tianjin,0,8.42,14.18,0
2024-11-29,Tianjin,1,0.87,31.91,0
2024-11-30,Tianjin,0,1.91,14.46,0
2024-12-01,Tianjin,0,14.35,21.09,0
2024-12-02,Tianjin,0,15.62,16.61,0
2024-12-03,Tianjin,0,4.28,19.3,0
2024-12-04,Tianjin,0,3.16,23.2,0
2024-12-05,Tianjin,0,11.8,3.95,0
2024-12-06,Tianjin,0,1.42,3.76,0
2024-12-07,Tianjin,0,2.0,10.14,0
2024-12-08,Tianjin,0,1.03,2.79,0
2024-12-09,Tianjin,0,3.97,5.18,0
2024-12-10,Tianjin,0,19.2,2.59,0
2024-12-11,Tianjin,0,3.1,0.66,0
2024-12-12,Tianjin,0,10.35,20.92,0
2024-12-13,Tianjin,0,4.99,13.56,0
2024-12-14,Tianjin,0,1.19,1.33,0
2024-12-15,Tianjin,0,5.15,5.68,0
2024-12-16,Tianjin,0,6.9,7.4,0
2024-12-17,Tianjin,0,2.62,5.04,0
2024-12-18,Tianjin,0,0.69,6.78,0
2024-12-19,Tianjin,0,10.75,2.84,0
2024-12-20,Tianjin,0,0.47,3.48,0
2024-12-21,Tianjin,0,6.33,5.47,0
2024-12-22,Tianjin,0,3.75,11.56,0
2024-12-23,Tianjin,0,1.66,31.49,0
2024-12-24,Tianjin,1,10.26,9.18,0
2024-12-25,Tianjin,1,8.1,26.66,0
2024-12-26,Tianjin,0,5.48,7.4,0
2024-12-27,Tianjin,0,2.6,3.19,0
2024-12-28,Tianjin,0,1.28,51.75,0
2024-12-29,Tianjin,0,6.3,11.03,0
2024-12-30,Tianjin,0,0.73,0.65,0
2024-12-31,Tianjin,0,1.5,3.96,0
2025-01-01,Tianjin,0,0.1,8.84,0
2025-01-02,Tianjin,0,4.36,28.85,0
2025-01-03,Tianjin,0,1.6,37.74,0
2025-01-04,Tianjin,0,1.51,12.56,0
2025-01-05,Tianjin,0,0.85,6.27,0
2025-01-06,Tianjin,0,2.01,5.28,0
2025-01-07,Tianjin,0,1.49,31.12,0
2025-01-08,Tianjin,0,6.25,5.21,0
2025-01-09,Tianjin,0,1.38,9.9,0
2025-01-10,Tianjin,0,7.12,1.87,0
2025-01-11,Tianjin,0,10.17,12.76,0
2025-01-12,Tianjin,0,3.89,3.13,0
2025-01-13,Tianjin,0,4.83,24.21,0
2025-01-14,Tianjin,1,21.69,6.29,0
2025-01-15,Tianjin,1,4.03,17.7,0
2025-01-16,Tianjin,1,1.81,15.18,0
2025-01-17,Tianjin,1,12.54,0.4,0
2025-01-18,Tianjin,0,1.63,3.16,0
2025-01-19,Tianjin,1,16.29,12.41,0
2025-01-20,Tianjin,0,1.96,4.46,0
2025-01-21,Tianjin,0,6.82,6.63,0
2025-01-22,Tianjin,0,3.37,3.56,0
2025-01-23,Tianjin,0,1.61,37.06,0
2025-01-24,Tianjin,0,0.41,1.41,0
2025-01-25,Tianjin,0,7.12,9.84,0
2025-01-26,Tianjin,1,11.39,14.95,0
2025-01-27,Tianjin,0,2.12,10.09,0
2025-01-28,Tianjin,1,2.22,19.59,0
2025-01-29,Tianjin,0,0.16,4.94,0
2025-01-30,Tianjin,0,1.0,33.98,0
2025-01-31,Tianjin,0,2.51,16.6,0
2025-02-01,Tianjin,0,2.03,15.14,0
2025-02-02,Tianjin,0,1.61,16.1,0
2025-02-03,Tianjin,1,11.42,0.52,0
2025-02-04,Tianjin,0,0.24,9.18,0
2025-02-05,Tianjin,1,0.55,16.4,0
2025-02-06,Tianjin,1,2.95,3.35,0
2025-02-07,Tianjin,0,1.95,3.8,0
2025-02-08,Tianjin,0,2.14,17.89,0
2025-02-09,Tianjin,0,3.01,3.16,0
2025-02-10,Tianjin,0,1.12,0.25,0
2025-02-11,Tianjin,0,3.51,5.73,0
2025-02-12,Tianjin,0,5.46,1.83,0
2025-02-13,Tianjin,0,12.52,4.17,0
2025-02-14,Tianjin,0,7.25,13.61,0
2025-02-15,Tianjin,0,5.49,13.82,0
2025-02-16,Tianjin,0,0.93,0.35,0
2025-02-17,Tianjin,0,1.96,40.58,0
2025-02-18,Tianjin,1,3.96,12.04,0
2025-02-19,Tianjin,0,4.59,6.56,0
2025-02-20,Tianjin,0,2.06,5.8,0
2025-02-21,Tianjin,0,5.9,13.82,0
2025-02-22,Tianjin,1,7.24,13.25,0
2025-02-23,Tianjin,1,14.74,47.21,0
2025-02-24,Tianjin,0,8.14,9.94,0
2025-02-25,Tianjin,0,16.57,16.82,0
2025-02-26,Tianjin,0,11.59,8.7,0
2025-02-27,Tianjin,0,3.97,0.83,0
2025-02-28,Tianjin,1,2.22,10.29,0
2025-03-01,Tianjin,1,4.42,1.45,0
2025-03-02,Tianjin,0,4.24,3.74,0
2025-03-03,Tianjin,0,2.61,14.92,0
2025-03-04,Tianjin,0,0.07,0.94,0
2025-03-05,Tianjin,0,0.29,6.82,0
2025-03-06,Tianjin,0,0.75,3.05,0
2025-03-07,Tianjin,0,3.51,1.76,0
2025-03-08,Tianjin,1,1.26,15.68,0
2025-03-09,Tianjin,0,1.06,3.27,0
2025-03-10,Tianjin,0,8.49,5.36,0
2025-03-11,Tianjin,0,1.79,18.26,0
2025-03-12,Tianjin,0,20.35,19.63,0
2025-03-13,Tianjin,0,0.93,1.8,0
2025-03-14,Tianjin,0,0.37,24.27,0
2025-03-15,Tianjin,0,2.69,2.96,0
2025-03-16,Tianjin,1,8.19,30.12,0
2025-03-17,Tianjin,1,2.72,11.82,0
2025-03-18,Tianjin,1,26.16,20.23,0
2025-03-19,Tianjin,1,8.69,22.84,0
2025-03-20,Tianjin,1,29.01,2.66,0
2025-03-21,Tianjin,0,11.38,28.01,0
2025-03-22,Tianjin,0,0.11,5.99,0
2025-03-23,Tianjin,0,8.56,8.07,0
2025-03-24,Tianjin,0,0.73,11.49,0
2025-03-25,Tianjin,0,13.15,3.95,0
2025-03-26,Tianjin,0,4.85,1.34,0
2025-03-27,Tianjin,0,0.75,3.56,0
2025-03-28,Tianjin,0,8.6,5.09,0
2025-03-29,Tianjin,1,12.91,7.2,0
2025-03-30,Tianjin,0,5.42,10.87,0
2025-03-31,Tianjin,0,2.16,27.55,0
2025-04-01,Tianjin,0,8.72,10.23,0
2025-04-02,Tianjin,0,1.93,0.46,0
2025-04-03,Tianjin,0,0.61,1.49,0
2025-04-04,Tianjin,0,1.88,34.61,0
2025-04-05,Tianjin,0,3.6,21.6,0
2025-04-06,Tianjin,0,16.68,19.29,0
2025-04-07,Tianjin,0,3.13,27.74,0
2025-04-08,Tianjin,0,10.1,0.92,0
2025-04-09,Tianjin,0,5.0,9.79,0
2025-04-10,Tianjin,0,3.02,26.06,0
2025-04-11,Tianjin,1,0.11,0.51,0
2025-04-12,Tianjin,0,7.3,3.04,0
2025-04-13,Tianjin,0,1.58,10.76,0
2025-04-14,Tianjin,0,6.54,10.44,0
2025-04-15,Tianjin,1,4.37,17.75,0
2025-04-16,Tianjin,0,4.11,6.19,0
2025-04-17,Tianjin,1,9.18,6.05,0
2025-04-18,Tianjin,1,16.25,28.07,0
2025-04-19,Tianjin,0,5.38,38.28,0
2025-04-20,Tianjin,1,5.08,27.54,0
2025-04-21,Tianjin,1,3.38,3.36,0
2025-04-22,Tianjin,0,3.68,14.56,0
2025-04-23,Tianjin,0,0.9,6.23,0
2025-04-24,Tianjin,0,4.84,0.17,0
2025-04-25,Tianjin,1,0.85,15.91,0
2025-04-26,Tianjin,1,13.93,53.68,0
2025-04-27,Tianjin,0,1.7,14.22,0
2025-04-28,Tianjin,0,7.31,5.64,0
2025-04-29,Tianjin,0,1.52,21.14,0
2025-04-30,Tianjin,0,1.91,11.51,0
2025-05-01,Tianjin,0,3.35,0.98,0
2025-05-02,Tianjin,1,12.73,3.07,0
2025-05-03,Tianjin,1,0.83,13.47,0
2025-05-04,Tianjin,1,0.3,22.51,0
2025-05-05,Tianjin,1,21.19,34.3,0
2025-05-06,Tianjin,1,9.46,3.49,0
2025-05-07,Tianjin,1,2.47,1.01,0
2025-05-08,Tianjin,1,14.85,10.2,0
2025-05-09,Tianjin,1,11.72,3.88,0
2025-05-10,Tianjin,1,4.0,0.55,0
2025-05-11,Tianjin,1,3.72,0.88,0
2025-05-12,Tianjin,1,1.57,73.09,0
2025-05-13,Tianjin,1,0.03,10.08,0
2025-05-14,Tianjin,1,1.52,1.33,0
2025-05-15,Tianjin,1,0.66,21.77,0
2025-05-16,Tianjin,1,0.2,7.3,0
2025-05-17,Tianjin,0,8.01,20.41,0
2025-05-18,Tianjin,1,8.15,8.66,0
2025-05-19,Tianjin,0,3.81,33.03,0
2025-05-20,Tianjin,1,7.86,17.78,0
2025-05-21,Tianjin,1,3.28,16.92,0
2025-05-22,Tianjin,0,2.32,10.07,0
2025-05-23,Tianjin,1,1.52,59.24,0
2025-05-24,Tianjin,1,0.27,2.12,0
2025-05-25,Tianjin,1,2.59,14.13,0
2025-05-26,Tianjin,1,2.24,9.35,0
2025-05-27,Tianjin,1,0.1,5.85,0
2025-05-28,Tianjin,1,7.15,20.84,0
2025-05-29,Tianjin,1,0.81,9.08,0
2025-05-30,Tianjin,1,0.21,9.5,0
2025-05-31,Tianjin,1,4.29,8.4,0
2025-06-01,Tianjin,0,5.33,6.51,0
2025-06-02,Tianjin,0,1.66,6.09,0
2025-06-03,Tianjin,1,16.19,1.8,0
2025-06-04,Tianjin,1,0.25,43.93,0
2025-06-05,Tianjin,1,9.86,4.47,0
2025-06-06,Tianjin,1,4.92,12.28,0
2025-06-07,Tianjin,1,9.33,34.01,0
2025-06-08,Tianjin,1,3.26,11.49,0
2025-06-09,Tianjin,1,15.87,9.42,0
2025-06-10,Tianjin,1,1.28,19.48,0
2025-06-11,Tianjin,0,0.26,1.09,0
2025-06-12,Tianjin,1,1.46,2.58,0
2025-06-13,Tianjin,1,5.14,39.8,0
2025-06-14,Tianjin,1,0.89,10.92,0
2025-06-15,Tianjin,1,3.02,36.32,0
2025-06-16,Tianjin,1,2.14,1.72,0
2025-06-17,Tianjin,2,1.35,12.75,0
2025-06-18,Tianjin,1,0.95,29.81,0
2025-06-19,Tianjin,1,0.41,21.37,0
2025-06-20,Tianjin,1,2.68,1.94,0
2025-06-21,Tianjin,2,5.03,3.61,0
2025-06-22,Tianjin,2,0.62,28.28,0
2025-06-23,Tianjin,2,18.45,54.48,0
2025-06-24,Tianjin,2,6.01,0.47,0
2025-06-25,Tianjin,1,2.72,4.82,0
2025-06-26,Tianjin,0,0.95,8.0,0
2025-06-27,Tianjin,0,16.98,6.79,0
2025-06-28,Tianjin,0,1.85,35.03,0
2025-06-29,Tianjin,1,3.5,9.13,0
2025-06-30,Tianjin,1,40.78,41.8,0
2025-07-01,Tianjin,2,8.64,11.58,1
2025-07-02,Tianjin,3,15.35,32.16,1
2025-07-03,Tianjin,2,2.68,4.28,0
2025-07-04,Tianjin,2,8.9,41.64,0
2025-07-05,Tianjin,1,6.94,25.32,0
2025-07-06,Tianjin,1,8.11,23.59,0
2025-07-07,Tianjin,2,7.1,16.84,0
2025-07-08,Tianjin,1,8.25,48.87,0
2025-07-09,Tianjin,1,1.86,10.63,0
2025-07-10,Tianjin,1,5.54,9.42,0
2025-07-11,Tianjin,1,14.62,2.0,0
2025-07-12,Tianjin,0,3.72,7.98,0
2025-07-13,Tianjin,1,9.03,15.71,0
2025-07-14,Tianjin,1,5.97,21.25,0
2025-07-15,Tianjin,1,19.14,1.04,0
2025-07-16,Tianjin,1,19.9,12.89,0
2025-07-17,Tianjin,1,25.57,20.33,0
2025-07-18,Tianjin,1,28.62,21.83,0
2025-07-19,Tianjin,0,0.13,14.57,0
2025-07-20,Tianjin,1,3.27,21.29,0
2025-07-21,Tianjin,1,2.26,5.73,0
2025-07-22,Tianjin,1,20.93,6.68,0
2025-07-23,Tianjin,1,4.45,41.21,0
2025-07-24,Tianjin,1,9.67,27.46,0
2025-07-25,Tianjin,1,15.28,1.02,0
2025-07-26,Tianjin,1,1.18,34.25,0
2025-07-27,Tianjin,1,3.64,14.48,0
2025-07-28,Tianjin,1,4.71,7.5,0
2025-07-29,Tianjin,2,0.67,1.68,0
2025-07-30,Tianjin,2,15.68,11.53,0
2025-07-31,Tianjin,1,0.62,19.78,0
2025-08-01,Tianjin,1,0.08,4.31,0
2025-08-02,Tianjin,1,22.9,11.02,0
2025-08-03,Tianjin,1,3.17,1.24,0
2025-08-04,Tianjin,1,6.04,6.75,0
2025-08-05,Tianjin,1,5.37,11.31,0
2025-08-06,Tianjin,1,11.87,43.16,0
2025-08-07,Tianjin,1,23.0,5.14,0
2025-08-08,Tianjin,1,12.53,11.37,0
2025-08-09,Tianjin,1,2.06,21.21,0
2025-08-10,Tianjin,1,3.25,12.64,0
2025-08-11,Tianjin,1,0.05,17.52,0
2025-08-12,Tianjin,1,1.83,3.13,0
2025-08-13,Tianjin,1,1.61,3.7,0
2025-08-14,Tianjin,1,6.47,35.9,0
2025-08-15,Tianjin,0,0.18,14.08,0
2025-08-16,Tianjin,0,12.23,16.64,0
2025-08-17,Tianjin,1,21.52,1.24,0
2025-08-18,Tianjin,1,4.61,21.7,0
2025-08-19,Tianjin,1,3.82,5.6,0
2025-08-20,Tianjin,1,14.21,5.85,0
2025-08-21,Tianjin,1,6.12,5.04,0
2025-08-22,Tianjin,1,10.14,1.93,0
2025-08-23,Tianjin,1,0.85,10.28,0
2025-08-24,Tianjin,1,5.02,3.92,0
2025-08-25,Tianjin,2,42.83,10.64,0
2025-08-26,Tianjin,2,21.03,1.86,0
2025-08-27,Tianjin,1,2.84,8.33,0
2025-08-28,Tianjin,2,2.93,1.56,0
2025-08-29,Tianjin,2,9.62,28.59,1
2025-08-30,Tianjin,1,14.0,29.62,0
2025-08-31,Tianjin,1,2.48,10.22,0
2025-09-01,Tianjin,2,12.32,41.89,0
2025-09-02,Tianjin,1,0.93,4.32,0
2025-09-03,Tianjin,1,9.76,17.93,0
2025-09-04,Tianjin,1,5.13,3.16,0
2025-09-05,Tianjin,1,5.58,1.34,0
2025-09-06,Tianjin,1,8.91,17.57,0
2025-09-07,Tianjin,0,10.72,15.95,0
2025-09-08,Tianjin,1,10.83,14.63,0
2025-09-09,Tianjin,1,13.93,13.18,0
2025-09-10,Tianjin,1,10.76,42.1,0
2025-09-11,Tianjin,1,34.84,23.17,0
2025-09-12,Tianjin,0,10.19,1.28,0
2025-09-13,Tianjin,0,1.2,15.87,0
2025-09-14,Tianjin,0,7.3,0.55,0
2025-09-15,Tianjin,0,0.2,14.38,0
2025-09-16,Tianjin,0,5.71,4.81,0
2025-09-17,Tianjin,1,8.79,0.69,0
2025-09-18,Tianjin,0,7.53,18.13,0
2025-09-19,Tianjin,0,3.58,10.44,0
2025-09-20,Tianjin,0,2.93,10.0,0
2025-09-21,Tianjin,0,4.14,0.25,0
2025-09-22,Tianjin,0,4.75,1.71,0
2025-09-23,Tianjin,0,1.47,4.88,0
2025-09-24,Tianjin,1,1.68,2.12,0
2025-09-25,Tianjin,0,11.29,0.02,0
2025-09-26,Tianjin,0,1.8,4.34,0
2025-09-27,Tianjin,1,17.1,2.18,0
2025-09-28,Tianjin,0,3.3,29.32,0
2025-09-29,Tianjin,0,29.01,12.03,0
2025-09-30,Tianjin,0,2.89,12.8,0
2025-10-01,Tianjin,0,3.01,7.29,0
2025-10-02,Tianjin,0,3.77,8.17,0
2025-10-03,Tianjin,0,3.7,6.38,0
2025-10-04,Tianjin,0,9.09,1.0,0
2025-10-05,Tianjin,0,0.76,18.9,0
2025-10-06,Tianjin,0,5.4,8.68,0
2025-10-07,Tianjin,0,4.08,5.84,0
2025-10-08,Tianjin,1,2.82,15.5,0
2025-10-09,Tianjin,0,6.16,6.18,0
2025-10-10,Tianjin,0,4.91,16.7,0
2025-10-11,Tianjin,0,1.25,3.73,0
2025-10-12,Tianjin,1,5.38,2.26,0
2025-10-13,Tianjin,1,8.66,9.77,0
2025-10-14,Tianjin,1,4.43,7.32,0
2025-10-15,Tianjin,1,1.8,66.45,0
2025-10-16,Tianjin,1,2.21,15.77,0
2025-10-17,Tianjin,1,6.97,10.73,0
2025-10-18,Tianjin,1,12.04,7.81,0
2025-10-19,Tianjin,1,1.06,32.08,0
2025-10-20,Tianjin,1,7.03,20.47,0
2025-10-21,Tianjin,1,17.24,3.48,0
2025-10-22,Tianjin,1,12.6,3.15,0
2025-10-23,Tianjin,1,6.35,5.25,0
2025-10-24,Tianjin,1,5.47,6.38,0
2025-10-25,Tianjin,0,6.93,15.14,0
2025-10-26,Tianjin,0,14.85,11.83,0
2025-10-27,Tianjin,0,0.75,7.89,0
2025-10-28,Tianjin,0,3.48,11.57,0
2025-10-29,Tianjin,0,2.75,11.81,0
2025-10-30,Tianjin,1,3.69,18.98,0
2025-10-31,Tianjin,1,7.79,41.17,0
2025-11-01,Tianjin,0,2.18,2.54,0
2025-11-02,Tianjin,0,5.99,0.03,0
2025-11-03,Tianjin,0,8.59,4.92,0
2025-11-04,Tianjin,0,4.35,4.9,0
2025-11-05,Tianjin,0,0.62,21.92,0
2025-11-06,Tianjin,0,7.28,27.06,0
2025-11-07,Tianjin,1,5.79,8.09,0
2025-11-08,Tianjin,1,2.35,19.94,0
2025-11-09,Tianjin,1,15.08,3.6,0
2025-11-10,Tianjin,1,9.94,3.19,0
2025-11-11,Tianjin,1,4.63,1.63,0
2025-11-12,Tianjin,0,6.03,9.28,0
2025-11-13,Tianjin,1,4.31,33.86,0
2025-11-14,Tianjin,0,4.47,3.81,0
2025-11-15,Tianjin,0,1.59,12.13,0
2025-11-16,Tianjin,0,11.2,21.66,0
2025-11-17,Tianjin,0,4.9,9.42,0
2025-11-18,Tianjin,0,24.9,4.47,0
2025-11-19,Tianjin,1,24.13,19.64,0
2025-11-20,Tianjin,1,26.49,0.31,0
2025-11-21,Tianjin,1,5.81,8.41,0
2025-11-22,Tianjin,0,0.82,12.48,0
2025-11-23,Tianjin,0,9.25,17.82,0
2025-11-24,Tianjin,0,7.97,8.17,0
2025-11-25,Tianjin,1,16.19,25.32,0
2025-11-26,Tianjin,0,3.98,1.12,0
2025-11-27,Tianjin,0,4.17,8.3,0
2025-11-28,Tianjin,0,9.79,9.14,0
2025-11-29,Tianjin,0,0.33,1.1,0
2025-11-30,Tianjin,0,1.41,42.36,0
2025-12-01,Tianjin,0,5.84,34.14,0
2025-12-02,Tianjin,0,1.9,0.06,0
2025-12-03,Tianjin,1,0.39,45.22,0
2025-12-04,Tianjin,0,0.59,10.16,0
2025-12-05,Tianjin,0,6.06,0.41,0
2025-12-06,Tianjin,0,5.85,21.71,0
2025-12-07,Tianjin,0,1.34,3.25,0
2025-12-08,Tianjin,0,5.44,10.18,0
2025-12-09,Tianjin,0,11.03,10.4,0
2025-12-10,Tianjin,0,1.0,31.5,0
2025-12-11,Tianjin,1,16.08,42.12,0
2025-12-12,Tianjin,0,0.25,2.19,0
2025-12-13,Tianjin,0,0.22,3.25,0
2025-12-14,Tianjin,0,1.25,29.52,0
2025-12-15,Tianjin,0,4.09,2.74,0
2025-12-16,Tianjin,0,6.23,50.44,0
2025-12-17,Tianjin,0,4.46,4.83,0
2025-12-18,Tianjin,0,3.78,9.77,0
2025-12-19,Tianjin,0,6.72,1.34,0
2025-12-20,Tianjin,0,0.76,20.73,0
2025-12-21,Tianjin,0,0.95,0.84,0
2025-12-22,Tianjin,0,8.23,2.3,0
2025-12-23,Tianjin,0,1.75,1.09,0
2025-12-24,Tianjin,0,16.98,9.82,0
2025-12-25,Tianjin,0,0.86,1.18,0
2025-12-26,Tianjin,0,12.0,4.11,0
2025-12-27,Tianjin,0,4.76,17.08,0
2025-12-28,Tianjin,0,3.61,8.46,0
2025-12-29,Tianjin,0,3.12,4.15,0
2025-12-30,Tianjin,0,7.5,27.74,0
2025-12-31,Tianjin,0,1.75,4.89,0
2023-01-01,Kaohsiung,0,4.01,0.1,0
2023-01-02,Kaohsiung,1,2.12,41.43,0
2023-01-03,Kaohsiung,1,2.88,4.7,0
2023-01-04,Kaohsiung,1,38.1,30.16,0
2023-01-05,Kaohsiung,0,1.04,15.23,0
2023-01-06,Kaohsiung,0,7.12,8.45,0
2023-01-07,Kaohsiung,0,4.9,1.74,0
2023-01-08,Kaohsiung,0,2.76,2.11,0
2023-01-09,Kaohsiung,0,3.28,9.66,0
2023-01-10,Kaohsiung,0,1.43,16.82,0
2023-01-11,Kaohsiung,0,10.84,11.31,0
2023-01-12,Kaohsiung,0,4.7,28.75,0
2023-01-13,Kaohsiung,0,2.33,7.29,0
2023-01-14,Kaohsiung,0,1.98,9.9,0
2023-01-15,Kaohsiung,0,4.12,4.39,0
2023-01-16,Kaohsiung,0,20.27,0.68,0
2023-01-17,Kaohsiung,0,4.61,8.81,0
2023-01-18,Kaohsiung,1,2.39,4.28,0
2023-01-19,Kaohsiung,1,6.32,12.94,0
2023-01-20,Kaohsiung,0,7.37,5.09,0
2023-01-21,Kaohsiung,0,9.98,19.04,0
2023-01-22,Kaohsiung,1,3.7,1.69,0
2023-01-23,Kaohsiung,0,3.83,15.57,0
2023-01-24,Kaohsiung,0,7.0,10.85,0
2023-01-25,Kaohsiung,0,4.67,15.03,0
2023-01-26,Kaohsiung,0,3.42,11.86,0
2023-01-27,Kaohsiung,0,1.06,15.69,0
2023-01-28,Kaohsiung,0,0.24,2.36,0
2023-01-29,Kaohsiung,0,2.9,6.0,0
2023-01-30,Kaohsiung,0,6.59,6.81,0
2023-01-31,Kaohsiung,0,6.18,25.72,0
2023-02-01,Kaohsiung,0,13.55,31.15,0
2023-02-02,Kaohsiung,0,4.21,1.58,0
2023-02-03,Kaohsiung,0,0.21,13.7,0
2023-02-04,Kaohsiung,0,7.92,0.65,0
2023-02-05,Kaohsiung,0,1.15,3.22,0
2023-02-06,Kaohsiung,0,7.37,0.74,0
2023-02-07,Kaohsiung,0,3.96,4.84,0
2023-02-08,Kaohsiung,0,11.64,12.69,0
2023-02-09,Kaohsiung,0,4.7,3.15,0
2023-02-10,Kaohsiung,0,2.9,15.61,0
2023-02-11,Kaohsiung,0,3.54,20.92,0
2023-02-12,Kaohsiung,0,3.62,12.34,0
2023-02-13,Kaohsiung,0,1.99,0.39,0
2023-02-14,Kaohsiung,0,1.54,0.73,0
2023-02-15,Kaohsiung,1,0.83,30.41,0
2023-02-16,Kaohsiung,0,1.99,8.27,0
2023-02-17,Kaohsiung,0,0.47,5.64,0
2023-02-18,Kaohsiung,0,2.52,1.23,0
2023-02-19,Kaohsiung,0,5.32,4.88,0
2023-02-20,Kaohsiung,0,2.41,7.23,0
2023-02-21,Kaohsiung,0,9.24,6.5,0
2023-02-22,Kaohsiung,0,0.38,6.44,0
2023-02-23,Kaohsiung,1,16.41,16.29,0
2023-02-24,Kaohsiung,1,25.33,5.72,0
2023-02-25,Kaohsiung,0,0.4,8.31,0
2023-02-26,Kaohsiung,1,3.8,3.21,0
2023-02-27,Kaohsiung,1,13.67,7.82,0
2023-02-28,Kaohsiung,0,3.52,25.24,0
2023-03-01,Kaohsiung,0,7.48,2.74,0
2023-03-02,Kaohsiung,0,0.88,3.66,0
2023-03-03,Kaohsiung,0,0.83,12.71,0
2023-03-04,Kaohsiung,0,2.63,3.18,0
2023-03-05,Kaohsiung,0,0.22,7.77,0
2023-03-06,Kaohsiung,0,1.26,12.05,0
2023-03-07,Kaohsiung,0,14.13,10.47,0
2023-03-08,Kaohsiung,0,0.52,13.97,0
2023-03-09,Kaohsiung,0,0.16,1.33,0
2023-03-10,Kaohsiung,1,2.4,0.24,0
2023-03-11,Kaohsiung,0,1.48,11.75,0
2023-03-12,Kaohsiung,0,3.32,15.13,0
2023-03-13,Kaohsiung,1,8.16,31.72,0
2023-03-14,Kaohsiung,0,0.17,3.58,0
2023-03-15,Kaohsiung,1,25.98,4.28,0
2023-03-16,Kaohsiung,0,4.39,10.47,0
2023-03-17,Kaohsiung,1,5.88,13.68,0
2023-03-18,Kaohsiung,1,3.9,17.91,0
2023-03-19,Kaohsiung,1,1.18,18.58,0
2023-03-20,Kaohsiung,1,0.2,24.17,0
2023-03-21,Kaohsiung,1,9.64,8.58,0
2023-03-22,Kaohsiung,0,8.24,23.66,0
2023-03-23,Kaohsiung,0,1.88,9.25,0
2023-03-24,Kaohsiung,1,6.84,2.16,0
2023-03-25,Kaohsiung,1,10.22,20.85,0
2023-03-26,Kaohsiung,1,2.81,3.96,0
2023-03-27,Kaohsiung,1,8.21,0.76,0
2023-03-28,Kaohsiung,1,0.41,2.63,0
2023-03-29,Kaohsiung,1,9.54,6.94,0
2023-03-30,Kaohsiung,0,3.52,6.68,0
2023-03-31,Kaohsiung,0,3.27,6.11,0
2023-04-01,Kaohsiung,1,7.59,5.81,0
2023-04-02,Kaohsiung,1,4.19,29.23,0
2023-04-03,Kaohsiung,1,0.38,16.91,0
2023-04-04,Kaohsiung,1,10.39,19.6,0
2023-04-05,Kaohsiung,1,3.35,5.39,0
2023-04-06,Kaohsiung,1,10.51,16.93,0
2023-04-07,Kaohsiung,1,6.32,18.89,0
2023-04-08,Kaohsiung,1,1.24,1.54,0
2023-04-09,Kaohsiung,1,3.31,12.1,0
2023-04-10,Kaohsiung,1,15.81,17.3,0
2023-04-11,Kaohsiung,1,12.03,14.74,0
2023-04-12,Kaohsiung,1,1.58,39.64,0
2023-04-13,Kaohsiung,1,10.68,3.22,0
2023-04-14,Kaohsiung,1,0.2,1.22,0
2023-04-15,Kaohsiung,2,2.81,4.87,0
2023-04-16,Kaohsiung,2,15.03,6.07,1
2023-04-17,Kaohsiung,2,27.85,21.35,0
2023-04-18,Kaohsiung,2,1.65,14.62,0
2023-04-19,Kaohsiung,2,5.66,9.62,0
2023-04-20,Kaohsiung,1,1.12,3.16,0
2023-04-21,Kaohsiung,1,9.12,5.63,0
2023-04-22,Kaohsiung,1,17.27,52.62,0
2023-04-23,Kaohsiung,1,0.41,36.09,0
2023-04-24,Kaohsiung,0,2.61,4.22,0
2023-04-25,Kaohsiung,0,2.0,15.98,0
2023-04-26,Kaohsiung,0,1.64,15.01,0
2023-04-27,Kaohsiung,0,6.09,2.7,0
2023-04-28,Kaohsiung,0,1.73,19.8,0
2023-04-29,Kaohsiung,0,1.98,17.16,0
2023-04-30,Kaohsiung,0,4.1,35.34,0
2023-05-01,Kaohsiung,0,1.83,11.07,0
2023-05-02,Kaohsiung,1,15.64,8.29,0
2023-05-03,Kaohsiung,1,13.95,55.04,0
2023-05-04,Kaohsiung,1,3.55,1.07,0
2023-05-05,Kaohsiung,1,9.07,12.29,0
2023-05-06,Kaohsiung,0,9.2,13.85,0
2023-05-07,Kaohsiung,0,15.23,42.25,0
2023-05-08,Kaohsiung,0,2.12,11.02,0
2023-05-09,Kaohsiung,1,17.83,4.81,0
2023-05-10,Kaohsiung,0,4.46,11.61,0
2023-05-11,Kaohsiung,0,1.21,2.39,0
2023-05-12,Kaohsiung,0,9.79,3.6,0
2023-05-13,Kaohsiung,0,2.41,6.83,0
2023-05-14,Kaohsiung,0,6.2,19.85,0
2023-05-15,Kaohsiung,0,3.92,29.55,0
2023-05-16,Kaohsiung,0,5.6,16.88,0
2023-05-17,Kaohsiung,1,4.99,15.31,0
2023-05-18,Kaohsiung,1,1.78,7.84,0
2023-05-19,Kaohsiung,1,13.5,65.79,0
2023-05-20,Kaohsiung,1,27.54,13.35,0
2023-05-21,Kaohsiung,1,12.34,46.23,0
2023-05-22,Kaohsiung,1,1.48,27.22,0
2023-05-23,Kaohsiung,1,6.56,11.55,0
2023-05-24,Kaohsiung,1,10.69,2.84,0
2023-05-25,Kaohsiung,2,11.57,20.97,0
2023-05-26,Kaohsiung,0,9.94,11.14,0
2023-05-27,Kaohsiung,1,6.65,57.5,0
2023-05-28,Kaohsiung,1,2.66,5.05,0
2023-05-29,Kaohsiung,1,3.94,6.6,0
2023-05-30,Kaohsiung,1,0.04,1.19,0
2023-05-31,Kaohsiung,1,4.51,2.87,0
2023-06-01,Kaohsiung,1,2.48,12.38,0
2023-06-02,Kaohsiung,2,5.14,0.26,1
2023-06-03,Kaohsiung,2,3.29,18.73,0
2023-06-04,Kaohsiung,2,13.64,26.03,0
2023-06-05,Kaohsiung,2,1.93,72.07,0
2023-06-06,Kaohsiung,1,12.3,24.01,0
2023-06-07,Kaohsiung,1,3.06,2.34,0
2023-06-08,Kaohsiung,1,8.33,20.29,0
2023-06-09,Kaohsiung,2,4.77,6.05,0
2023-06-10,Kaohsiung,1,0.52,10.4,0
2023-06-11,Kaohsiung,1,10.23,20.38,0
2023-06-12,Kaohsiung,1,9.17,2.93,0
2023-06-13,Kaohsiung,2,10.09,20.34,0
2023-06-14,Kaohsiung,1,23.67,2.93,0
2023-06-15,Kaohsiung,1,12.49,1.01,0
2023-06-16,Kaohsiung,1,2.7,0.93,0
2023-06-17,Kaohsiung,1,4.81,11.96,0
2023-06-18,Kaohsiung,1,0.95,5.83,0
2023-06-19,Kaohsiung,0,3.48,24.67,0
2023-06-20,Kaohsiung,1,14.71,23.59,0
2023-06-21,Kaohsiung,1,3.83,13.4,0
2023-06-22,Kaohsiung,1,2.29,3.47,0
2023-06-23,Kaohsiung,1,1.43,10.64,0
2023-06-24,Kaohsiung,1,2.22,33.08,0
2023-06-25,Kaohsiung,1,1.91,39.89,0
2023-06-26,Kaohsiung,1,0.05,3.09,0
2023-06-27,Kaohsiung,1,8.98,30.55,0
2023-06-28,Kaohsiung,2,5.99,15.32,0
2023-06-29,Kaohsiung,2,3.57,4.13,0
2023-06-30,Kaohsiung,2,2.59,40.2,0
2023-07-01,Kaohsiung,2,4.73,71.62,1
2023-07-02,Kaohsiung,2,12.56,3.84,1
2023-07-03,Kaohsiung,1,16.92,3.93,0
2023-07-04,Kaohsiung,1,3.75,18.87,0
2023-07-05,Kaohsiung,1,0.31,33.26,0
2023-07-06,Kaohsiung,2,29.68,29.24,0
2023-07-07,Kaohsiung,2,3.78,8.27,0
2023-07-08,Kaohsiung,2,0.43,17.76,0
2023-07-09,Kaohsiung,1,15.29,41.85,0
2023-07-10,Kaohsiung,1,10.82,27.62,0
2023-07-11,Kaohsiung,1,3.79,9.08,0
2023-07-12,Kaohsiung,1,19.27,113.71,0
2023-07-13,Kaohsiung,1,4.13,11.79,0
2023-07-14,Kaohsiung,1,0.88,4.33,0
2023-07-15,Kaohsiung,1,22.63,17.66,0
2023-07-16,Kaohsiung,1,9.38,1.1,0
2023-07-17,Kaohsiung,2,20.1,16.62,0
2023-07-18,Kaohsiung,1,2.05,3.77,0
2023-07-19,Kaohsiung,2,11.6,45.49,0
2023-07-20,Kaohsiung,2,8.22,36.33,0
2023-07-21,Kaohsiung,2,8.19,5.9,0
2023-07-22,Kaohsiung,1,9.93,5.87,0
2023-07-23,Kaohsiung,1,4.63,0.16,0
2023-07-24,Kaohsiung,1,0.16,8.18,0
2023-07-25,Kaohsiung,1,5.67,1.16,0
2023-07-26,Kaohsiung,1,16.31,6.77,0
2023-07-27,Kaohsiung,1,5.02,11.28,0
2023-07-28,Kaohsiung,2,3.47,101.57,0
2023-07-29,Kaohsiung,1,1.25,5.56,0
2023-07-30,Kaohsiung,1,10.91,1.68,0
2023-07-31,Kaohsiung,2,10.98,27.92,0
2023-08-01,Kaohsiung,1,5.49,3.6,0
2023-08-02,Kaohsiung,1,11.06,17.65,0
2023-08-03,Kaohsiung,1,4.93,12.4,0
2023-08-04,Kaohsiung,1,23.41,21.47,0
2023-08-05,Kaohsiung,1,3.17,15.07,0
2023-08-06,Kaohsiung,2,1.6,21.99,0
2023-08-07,Kaohsiung,1,0.29,41.69,0
2023-08-08,Kaohsiung,0,5.44,2.73,0
2023-08-09,Kaohsiung,1,11.61,9.21,0
2023-08-10,Kaohsiung,1,6.99,24.46,0
2023-08-11,Kaohsiung,1,1.83,0.7,0
2023-08-12,Kaohsiung,1,1.69,26.41,0
2023-08-13,Kaohsiung,1,11.62,13.57,0
2023-08-14,Kaohsiung,1,6.45,3.26,0
2023-08-15,Kaohsiung,1,11.0,7.65,0
2023-08-16,Kaohsiung,1,11.05,48.89,0
2023-08-17,Kaohsiung,0,3.27,20.09,0
2023-08-18,Kaohsiung,0,9.08,7.55,0
2023-08-19,Kaohsiung,0,5.19,3.25,0
2023-08-20,Kaohsiung,0,1.35,20.95,0
2023-08-21,Kaohsiung,0,0.51,6.38,0
2023-08-22,Kaohsiung,1,5.8,19.01,0
2023-08-23,Kaohsiung,1,7.92,10.55,0
2023-08-24,Kaohsiung,1,9.64,48.85,0
2023-08-25,Kaohsiung,1,9.32,8.98,0
2023-08-26,Kaohsiung,1,15.31,5.45,0
2023-08-27,Kaohsiung,1,0.55,17.95,0
2023-08-28,Kaohsiung,1,4.59,19.43,0
2023-08-29,Kaohsiung,1,4.78,0.04,0
2023-08-30,Kaohsiung,2,6.66,8.57,0
2023-08-31,Kaohsiung,2,63.77,0.42,0
2023-09-01,Kaohsiung,1,20.82,1.32,0
2023-09-02,Kaohsiung,2,9.75,16.91,0
2023-09-03,Kaohsiung,1,5.27,79.75,0
2023-09-04,Kaohsiung,1,2.51,21.69,0
2023-09-05,Kaohsiung,2,2.1,19.95,1
2023-09-06,Kaohsiung,1,3.7,20.06,0
2023-09-07,Kaohsiung,1,2.17,2.17,0
2023-09-08,Kaohsiung,2,11.29,113.17,0
2023-09-09,Kaohsiung,2,20.56,29.76,0
2023-09-10,Kaohsiung,2,30.48,14.65,1
2023-09-11,Kaohsiung,1,2.96,30.85,0
2023-09-12,Kaohsiung,0,23.48,15.54,0
2023-09-13,Kaohsiung,1,1.3,2.88,0
2023-09-14,Kaohsiung,1,2.91,32.97,0
2023-09-15,Kaohsiung,1,13.5,12.98,0
2023-09-16,Kaohsiung,1,5.93,2.42,0
2023-09-17,Kaohsiung,1,22.84,1.31,0
2023-09-18,Kaohsiung,1,1.91,4.31,0
2023-09-19,Kaohsiung,1,6.52,7.95,0
2023-09-20,Kaohsiung,1,15.61,4.67,0
2023-09-21,Kaohsiung,0,12.64,1.51,0
2023-09-22,Kaohsiung,0,3.35,1.85,0
2023-09-23,Kaohsiung,0,12.29,28.14,0
2023-09-24,Kaohsiung,0,1.22,28.92,0
2023-09-25,Kaohsiung,0,0.8,15.88,0
2023-09-26,Kaohsiung,0,4.2,4.89,0
2023-09-27,Kaohsiung,1,1.89,45.08,0
2023-09-28,Kaohsiung,1,5.88,19.92,0
2023-09-29,Kaohsiung,0,1.74,21.59,0
2023-09-30,Kaohsiung,0,2.06,13.75,0
2023-10-01,Kaohsiung,0,0.55,2.53,0
2023-10-02,Kaohsiung,0,12.08,38.15,0
2023-10-03,Kaohsiung,0,9.58,1.75,0
2023-10-04,Kaohsiung,0,3.65,31.22,0
2023-10-05,Kaohsiung,0,3.52,9.68,0
2023-10-06,Kaohsiung,0,1.07,3.02,0
2023-10-07,Kaohsiung,0,5.59,5.11,0
2023-10-08,Kaohsiung,0,1.71,2.68,0
2023-10-09,Kaohsiung,0,1.44,12.38,0
2023-10-10,Kaohsiung,0,0.37,13.03,0
2023-10-11,Kaohsiung,0,1.92,9.65,0
2023-10-12,Kaohsiung,0,8.32,11.89,0
2023-10-13,Kaohsiung,1,5.91,6.95,0
2023-10-14,Kaohsiung,1,2.28,10.07,0
2023-10-15,Kaohsiung,1,7.75,0.69,0
2023-10-16,Kaohsiung,1,1.29,7.55,0
2023-10-17,Kaohsiung,1,6.16,10.3,0
2023-10-18,Kaohsiung,1,1.33,28.72,0
2023-10-19,Kaohsiung,1,2.91,6.08,0
2023-10-20,Kaohsiung,1,10.19,19.55,0
2023-10-21,Kaohsiung,1,22.02,6.88,0
2023-10-22,Kaohsiung,0,2.72,12.94,0
2023-10-23,Kaohsiung,1,3.52,4.48,0
2023-10-24,Kaohsiung,1,3.55,1.6,0
2023-10-25,Kaohsiung,2,7.0,13.45,0
2023-10-26,Kaohsiung,1,0.98,5.14,0
2023-10-27,Kaohsiung,0,0.6,11.1,0
2023-10-28,Kaohsiung,0,8.51,6.68,0
2023-10-29,Kaohsiung,0,0.03,3.69,0
2023-10-30,Kaohsiung,1,13.39,32.57,0
2023-10-31,Kaohsiung,1,13.91,13.92,0
2023-11-01,Kaohsiung,0,2.88,0.72,0
2023-11-02,Kaohsiung,0,1.09,11.79,0
2023-11-03,Kaohsiung,0,4.87,23.33,0
2023-11-04,Kaohsiung,0,9.15,5.21,0
2023-11-05,Kaohsiung,0,7.42,0.77,0
2023-11-06,Kaohsiung,1,7.29,19.71,0
2023-11-07,Kaohsiung,1,0.03,10.56,0
2023-11-08,Kaohsiung,1,15.7,65.56,0
2023-11-09,Kaohsiung,0,10.2,9.28,0
2023-11-10,Kaohsiung,0,3.19,6.25,0
2023-11-11,Kaohsiung,0,3.18,12.46,0
2023-11-12,Kaohsiung,0,0.47,8.87,0
2023-11-13,Kaohsiung,0,4.89,19.01,0
2023-11-14,Kaohsiung,0,8.14,1.17,0
2023-11-15,Kaohsiung,0,1.27,8.5,0
2023-11-16,Kaohsiung,0,1.43,2.48,0
2023-11-17,Kaohsiung,0,0.08,3.47,0
2023-11-18,Kaohsiung,0,7.68,2.83,0
2023-11-19,Kaohsiung,0,1.91,12.37,0
2023-11-20,Kaohsiung,0,8.6,7.94,0
2023-11-21,Kaohsiung,0,0.66,5.34,0
2023-11-22,Kaohsiung,0,0.5,1.18,0
2023-11-23,Kaohsiung,0,5.47,8.3,0
2023-11-24,Kaohsiung,0,2.01,4.79,0
2023-11-25,Kaohsiung,0,3.46,2.24,0
2023-11-26,Kaohsiung,0,0.22,10.59,0
2023-11-27,Kaohsiung,0,1.9,17.4,0
2023-11-28,Kaohsiung,0,21.02,0.81,0
2023-11-29,Kaohsiung,0,2.8,3.43,0
2023-11-30,Kaohsiung,0,17.36,27.21,0
2023-12-01,Kaohsiung,0,3.94,21.43,0
2023-12-02,Kaohsiung,0,8.03,2.75,0
2023-12-03,Kaohsiung,0,12.5,25.01,0
2023-12-04,Kaohsiung,0,6.3,3.26,0
2023-12-05,Kaohsiung,0,1.3,4.06,0
2023-12-06,Kaohsiung,0,0.44,34.04,0
2023-12-07,Kaohsiung,0,2.58,6.02,0
2023-12-08,Kaohsiung,0,13.32,0.46,0
2023-12-09,Kaohsiung,0,4.22,2.67,0
2023-12-10,Kaohsiung,0,7.54,1.13,0
2023-12-11,Kaohsiung,0,0.75,1.98,0
2023-12-12,Kaohsiung,0,20.66,0.02,0
2023-12-13,Kaohsiung,0,3.6,4.59,0
2023-12-14,Kaohsiung,0,8.21,10.07,0
2023-12-15,Kaohsiung,0,0.31,9.62,0
2023-12-16,Kaohsiung,0,9.15,16.09,0
2023-12-17,Kaohsiung,0,5.92,73.71,0
2023-12-18,Kaohsiung,0,5.94,9.09,0
2023-12-19,Kaohsiung,0,2.54,18.42,0
2023-12-20,Kaohsiung,0,1.28,2.01,0
2023-12-21,Kaohsiung,0,8.35,12.11,0
2023-12-22,Kaohsiung,0,0.59,4.13,0
2023-12-23,Kaohsiung,0,4.5,13.79,0
2023-12-24,Kaohsiung,0,12.07,13.56,0
2023-12-25,Kaohsiung,0,7.95,1.35,0
2023-12-26,Kaohsiung,0,12.83,5.81,0
2023-12-27,Kaohsiung,0,12.39,2.74,0
2023-12-28,Kaohsiung,0,0.69,2.4,0
2023-12-29,Kaohsiung,0,1.25,1.26,0
2023-12-30,Kaohsiung,0,0.48,4.02,0
2023-12-31,Kaohsiung,0,9.77,9.86,0
2024-01-01,Kaohsiung,0,13.27,17.71,0
2024-01-02,Kaohsiung,0,1.75,5.02,0
2024-01-03,Kaohsiung,0,20.29,6.41,0
2024-01-04,Kaohsiung,0,1.08,16.16,0
2024-01-05,Kaohsiung,0,2.42,4.83,0
2024-01-06,Kaohsiung,0,6.13,25.33,0
2024-01-07,Kaohsiung,0,2.69,2.67,0
2024-01-08,Kaohsiung,0,0.5,9.09,0
2024-01-09,Kaohsiung,0,13.75,3.32,0
2024-01-10,Kaohsiung,0,1.55,18.51,0
2024-01-11,Kaohsiung,0,3.51,8.13,0
2024-01-12,Kaohsiung,0,7.09,2.69,0
2024-01-13,Kaohsiung,0,11.0,6.33,0
2024-01-14,Kaohsiung,0,12.51,3.19,0
2024-01-15,Kaohsiung,0,2.24,11.47,0
2024-01-16,Kaohsiung,0,9.59,1.54,0
2024-01-17,Kaohsiung,0,0.99,16.06,0
2024-01-18,Kaohsiung,0,9.0,15.08,0
2024-01-19,Kaohsiung,0,10.12,1.64,0
2024-01-20,Kaohsiung,0,13.05,6.19,0
2024-01-21,Kaohsiung,0,4.45,11.41,0
2024-01-22,Kaohsiung,0,0.13,16.68,0
2024-01-23,Kaohsiung,0,5.51,0.61,0
2024-01-24,Kaohsiung,0,0.62,0.71,0
2024-01-25,Kaohsiung,0,1.18,36.76,0
2024-01-26,Kaohsiung,0,6.54,24.41,0
2024-01-27,Kaohsiung,0,13.25,9.1,0
2024-01-28,Kaohsiung,0,2.02,18.86,0
2024-01-29,Kaohsiung,0,0.96,17.02,0
2024-01-30,Kaohsiung,0,6.83,0.93,0
2024-01-31,Kaohsiung,0,4.23,2.66,0
2024-02-01,Kaohsiung,0,2.77,16.01,0
2024-02-02,Kaohsiung,0,4.41,17.51,0
2024-02-03,Kaohsiung,0,0.81,0.58,0
2024-02-04,Kaohsiung,0,2.71,0.96,0
2024-02-05,Kaohsiung,0,6.04,14.19,0
2024-02-06,Kaohsiung,0,5.9,9.69,0
2024-02-07,Kaohsiung,0,0.83,0.81,0
2024-02-08,Kaohsiung,0,11.58,15.91,0
2024-02-09,Kaohsiung,0,5.6,11.76,0
2024-02-10,Kaohsiung,0,3.14,12.33,0
2024-02-11,Kaohsiung,0,5.4,8.53,0
2024-02-12,Kaohsiung,0,11.52,6.81,0
2024-02-13,Kaohsiung,0,0.86,4.95,0
2024-02-14,Kaohsiung,0,4.25,4.92,0
2024-02-15,Kaohsiung,1,1.25,52.62,0
2024-02-16,Kaohsiung,0,2.93,19.65,0
2024-02-17,Kaohsiung,1,12.94,11.91,0
2024-02-18,Kaohsiung,1,2.96,20.25,0
2024-02-19,Kaohsiung,1,4.54,27.42,0
2024-02-20,Kaohsiung,0,1.27,4.15,0
2024-02-21,Kaohsiung,1,13.55,4.92,0
2024-02-22,Kaohsiung,1,5.67,9.35,0
2024-02-23,Kaohsiung,1,0.39,2.2,0
2024-02-24,Kaohsiung,0,3.59,2.63,0
2024-02-25,Kaohsiung,1,4.25,12.39,0
2024-02-26,Kaohsiung,0,5.4,4.64,0
2024-02-27,Kaohsiung,1,4.88,24.25,0
2024-02-28,Kaohsiung,1,2.28,3.42,0
2024-02-29,Kaohsiung,1,11.09,14.73,0
2024-03-01,Kaohsiung,1,0.77,0.54,0
2024-03-02,Kaohsiung,1,4.38,5.66,0
2024-03-03,Kaohsiung,1,6.13,0.9,0
2024-03-04,Kaohsiung,0,2.54,13.42,0
2024-03-05,Kaohsiung,0,0.17,31.91,0
2024-03-06,Kaohsiung,0,6.21,3.04,0
2024-03-07,Kaohsiung,0,6.68,1.32,0
2024-03-08,Kaohsiung,0,0.09,1.29,0
2024-03-09,Kaohsiung,0,4.03,15.38,0
2024-03-10,Kaohsiung,1,17.02,30.31,0
2024-03-11,Kaohsiung,1,15.6,14.85,0
2024-03-12,Kaohsiung,1,1.72,27.31,0
2024-03-13,Kaohsiung,0,4.05,3.09,0
2024-03-14,Kaohsiung,1,37.09,1.59,0
2024-03-15,Kaohsiung,1,8.23,26.62,0
2024-03-16,Kaohsiung,1,14.05,18.76,0
2024-03-17,Kaohsiung,1,2.3,4.88,0
2024-03-18,Kaohsiung,1,13.04,30.92,0
2024-03-19,Kaohsiung,0,0.63,0.52,0
2024-03-20,Kaohsiung,0,1.02,0.8,0
2024-03-21,Kaohsiung,0,11.25,2.17,0
2024-03-22,Kaohsiung,1,0.78,11.36,0
2024-03-23,Kaohsiung,1,9.83,1.09,0
2024-03-24,Kaohsiung,1,5.83,13.92,0
2024-03-25,Kaohsiung,1,21.26,97.02,0
2024-03-26,Kaohsiung,1,8.23,5.34,0
2024-03-27,Kaohsiung,1,4.76,16.99,0
2024-03-28,Kaohsiung,0,3.11,5.61,0
2024-03-29,Kaohsiung,1,4.41,0.14,0
2024-03-30,Kaohsiung,0,0.83,24.12,0
2024-03-31,Kaohsiung,1,5.55,19.75,0
2024-04-01,Kaohsiung,0,18.53,14.96,0
2024-04-02,Kaohsiung,0,3.66,8.32,0
2024-04-03,Kaohsiung,1,21.55,9.86,0
2024-04-04,Kaohsiung,1,0.59,48.42,0
2024-04-05,Kaohsiung,1,11.3,12.15,0
2024-04-06,Kaohsiung,1,2.51,19.63,0
2024-04-07,Kaohsiung,1,9.22,5.14,0
2024-04-08,Kaohsiung,1,9.46,26.04,0
2024-04-09,Kaohsiung,1,18.86,5.72,0
2024-04-10,Kaohsiung,1,32.7,18.08,0
2024-04-11,Kaohsiung,0,12.76,1.51,0
2024-04-12,Kaohsiung,0,1.16,1.12,0
2024-04-13,Kaohsiung,1,6.49,37.34,0
2024-04-14,Kaohsiung,0,3.81,2.18,0
2024-04-15,Kaohsiung,1,11.8,17.41,0
2024-04-16,Kaohsiung,1,9.19,25.96,0
2024-04-17,Kaohsiung,1,3.95,2.42,0
2024-04-18,Kaohsiung,1,4.76,1.09,0
2024-04-19,Kaohsiung,1,12.39,27.45,0
2024-04-20,Kaohsiung,1,11.6,24.27,0
2024-04-21,Kaohsiung,1,6.4,3.17,0
2024-04-22,Kaohsiung,1,4.64,29.12,0
2024-04-23,Kaohsiung,1,4.5,11.24,0
2024-04-24,Kaohsiung,0,6.41,9.64,0
2024-04-25,Kaohsiung,1,23.42,9.65,0
2024-04-26,Kaohsiung,1,1.44,22.67,0
2024-04-27,Kaohsiung,1,1.85,11.57,0
2024-04-28,Kaohsiung,1,8.23,21.54,0
2024-04-29,Kaohsiung,1,2.59,5.29,0
2024-04-30,Kaohsiung,1,1.05,17.5,0
2024-05-01,Kaohsiung,1,0.66,0.91,0
2024-05-02,Kaohsiung,1,0.3,25.05,0
2024-05-03,Kaohsiung,1,5.68,2.05,0
2024-05-04,Kaohsiung,0,14.23,4.24,0
2024-05-05,Kaohsiung,1,3.08,2.4,0
2024-05-06,Kaohsiung,1,10.76,28.9,0
2024-05-07,Kaohsiung,1,30.65,7.92,0
2024-05-08,Kaohsiung,1,26.84,9.77,0
2024-05-09,Kaohsiung,1,8.47,4.03,0
2024-05-10,Kaohsiung,1,9.67,1.12,0
2024-05-11,Kaohsiung,1,2.42,39.31,0
2024-05-12,Kaohsiung,1,10.02,22.37,0
2024-05-13,Kaohsiung,1,10.07,8.32,0
2024-05-14,Kaohsiung,1,7.28,31.4,0
2024-05-15,Kaohsiung,1,1.57,4.93,0
2024-05-16,Kaohsiung,1,0.51,41.65,0
2024-05-17,Kaohsiung,1,7.19,0.17,0
2024-05-18,Kaohsiung,1,0.83,18.75,0
2024-05-19,Kaohsiung,1,3.1,14.94,0
2024-05-20,Kaohsiung,1,2.49,12.04,0
2024-05-21,Kaohsiung,2,14.07,19.11,0
2024-05-22,Kaohsiung,2,19.92,53.68,0
2024-05-23,Kaohsiung,2,0.04,18.74,0
2024-05-24,Kaohsiung,2,3.39,26.15,0
2024-05-25,Kaohsiung,2,4.13,18.35,1
2024-05-26,Kaohsiung,1,4.88,68.87,0
2024-05-27,Kaohsiung,1,7.75,7.05,0
2024-05-28,Kaohsiung,1,7.76,20.37,0
2024-05-29,Kaohsiung,1,30.15,13.87,0
2024-05-30,Kaohsiung,1,3.02,11.55,0
2024-05-31,Kaohsiung,2,5.92,5.65,0
2024-06-01,Kaohsiung,2,2.38,39.53,0
2024-06-02,Kaohsiung,1,0.26,1.78,0
2024-06-03,Kaohsiung,1,17.73,10.01,0
2024-06-04,Kaohsiung,2,5.17,2.37,0
2024-06-05,Kaohsiung,1,4.46,31.86,0
2024-06-06,Kaohsiung,1,16.8,62.89,0
2024-06-07,Kaohsiung,1,3.28,8.12,0
2024-06-08,Kaohsiung,1,7.3,14.87,0
2024-06-09,Kaohsiung,2,2.99,27.98,0
2024-06-10,Kaohsiung,1,9.73,3.9,0
2024-06-11,Kaohsiung,1,21.58,21.29,0
2024-06-12,Kaohsiung,2,2.83,26.81,0
2024-06-13,Kaohsiung,2,12.72,67.91,1
2024-06-14,Kaohsiung,2,15.36,37.04,0
2024-06-15,Kaohsiung,1,5.05,28.98,0
2024-06-16,Kaohsiung,1,2.9,5.58,0
2024-06-17,Kaohsiung,1,18.25,4.48,0
2024-06-18,Kaohsiung,1,14.61,75.18,0
2024-06-19,Kaohsiung,1,0.73,27.99,0
2024-06-20,Kaohsiung,1,0.35,19.18,0
2024-06-21,Kaohsiung,1,5.74,19.73,0
2024-06-22,Kaohsiung,1,2.77,8.12,0
2024-06-23,Kaohsiung,1,3.12,11.29,0
2024-06-24,Kaohsiung,1,0.43,2.42,0
2024-06-25,Kaohsiung,1,2.84,4.91,0
2024-06-26,Kaohsiung,1,7.38,3.29,0
2024-06-27,Kaohsiung,1,4.8,29.67,0
2024-06-28,Kaohsiung,1,13.99,13.8,0
2024-06-29,Kaohsiung,1,0.14,25.41,0
2024-06-30,Kaohsiung,1,14.73,1.24,0
2024-07-01,Kaohsiung,2,15.03,87.11,0
2024-07-02,Kaohsiung,1,8.08,41.52,0
2024-07-03,Kaohsiung,2,19.37,0.5,0
2024-07-04,Kaohsiung,2,37.07,37.45,1
2024-07-05,Kaohsiung,1,4.6,16.29,0
2024-07-06,Kaohsiung,1,21.18,10.34,0
2024-07-07,Kaohsiung,2,0.41,15.13,1
2024-07-08,Kaohsiung,2,4.76,3.37,0
2024-07-09,Kaohsiung,2,18.3,2.27,0
2024-07-10,Kaohsiung,2,5.81,42.83,0
2024-07-11,Kaohsiung,2,13.24,14.76,0
2024-07-12,Kaohsiung,1,20.6,7.26,0
2024-07-13,Kaohsiung,1,1.89,16.23,0
2024-07-14,Kaohsiung,1,2.61,1.51,0
2024-07-15,Kaohsiung,1,4.61,37.55,0
2024-07-16,Kaohsiung,1,32.22,4.41,0
2024-07-17,Kaohsiung,2,10.72,34.91,0
2024-07-18,Kaohsiung,2,0.25,6.39,0
2024-07-19,Kaohsiung,2,2.61,1.0,0
2024-07-20,Kaohsiung,2,0.26,90.48,0
2024-07-21,Kaohsiung,2,6.2,36.24,0
2024-07-22,Kaohsiung,2,7.77,73.81,0
2024-07-23,Kaohsiung,2,1.39,28.54,1
2024-07-24,Kaohsiung,3,5.14,58.15,1
2024-07-25,Kaohsiung,3,15.11,2.03,1
2024-07-26,Kaohsiung,2,28.24,23.08,0
2024-07-27,Kaohsiung,2,9.83,19.55,0
2024-07-28,Kaohsiung,2,0.97,46.51,0
2024-07-29,Kaohsiung,2,35.34,6.5,1
2024-07-30,Kaohsiung,2,0.96,2.75,0
2024-07-31,Kaohsiung,1,11.55,2.14,0
2024-08-01,Kaohsiung,1,18.24,0.8,0
2024-08-02,Kaohsiung,2,0.72,22.3,0
2024-08-03,Kaohsiung,1,4.49,34.74,0
2024-08-04,Kaohsiung,2,19.53,5.88,0
2024-08-05,Kaohsiung,1,1.56,10.5,0
2024-08-06,Kaohsiung,2,6.18,6.25,0
2024-08-07,Kaohsiung,1,0.16,1.93,0
2024-08-08,Kaohsiung,1,9.86,4.44,0
2024-08-09,Kaohsiung,1,7.41,14.58,0
2024-08-10,Kaohsiung,1,4.1,3.94,0
2024-08-11,Kaohsiung,0,2.23,10.24,0
2024-08-12,Kaohsiung,0,3.2,0.05,0
2024-08-13,Kaohsiung,0,0.69,0.17,0
2024-08-14,Kaohsiung,1,1.04,12.03,0
2024-08-15,Kaohsiung,2,13.98,10.65,0
2024-08-16,Kaohsiung,1,0.73,11.8,0
2024-08-17,Kaohsiung,1,12.54,11.97,0
2024-08-18,Kaohsiung,1,5.13,10.53,0
2024-08-19,Kaohsiung,1,19.51,4.46,0
2024-08-20,Kaohsiung,1,36.86,23.47,0
2024-08-21,Kaohsiung,1,0.67,18.55,0
2024-08-22,Kaohsiung,1,4.5,1.07,0
2024-08-23,Kaohsiung,1,5.28,16.95,0
2024-08-24,Kaohsiung,2,4.29,31.54,0
2024-08-25,Kaohsiung,1,14.09,39.78,0
2024-08-26,Kaohsiung,1,2.19,6.64,0
2024-08-27,Kaohsiung,1,7.27,47.36,0
2024-08-28,Kaohsiung,1,0.5,6.86,0
2024-08-29,Kaohsiung,1,13.03,6.13,0
2024-08-30,Kaohsiung,1,3.44,18.41,0
2024-08-31,Kaohsiung,0,3.04,4.5,0
2024-09-01,Kaohsiung,0,4.01,9.94,0
2024-09-02,Kaohsiung,0,1.85,0.03,0
2024-09-03,Kaohsiung,0,4.53,7.35,0
2024-09-04,Kaohsiung,0,0.73,5.32,0
2024-09-05,Kaohsiung,1,3.45,40.89,0
2024-09-06,Kaohsiung,1,10.75,4.7,0
2024-09-07,Kaohsiung,1,10.62,2.42,0
2024-09-08,Kaohsiung,1,1.65,55.76,0
2024-09-09,Kaohsiung,1,11.04,22.02,0
2024-09-10,Kaohsiung,1,19.08,13.48,0
2024-09-11,Kaohsiung,1,2.94,25.78,0
2024-09-12,Kaohsiung,1,3.52,17.93,0
2024-09-13,Kaohsiung,2,0.52,1.16,0
2024-09-14,Kaohsiung,1,30.56,3.48,0
2024-09-15,Kaohsiung,2,19.58,15.81,0
2024-09-16,Kaohsiung,1,1.63,21.78,0
2024-09-17,Kaohsiung,0,3.32,0.75,0
2024-09-18,Kaohsiung,1,6.22,10.41,0
2024-09-19,Kaohsiung,1,16.21,44.78,0
2024-09-20,Kaohsiung,1,3.03,0.94,0
2024-09-21,Kaohsiung,1,0.22,27.74,0
2024-09-22,Kaohsiung,1,10.02,4.97,0
2024-09-23,Kaohsiung,0,8.4,6.15,0
2024-09-24,Kaohsiung,0,3.18,22.84,0
2024-09-25,Kaohsiung,0,5.53,37.52,0
2024-09-26,Kaohsiung,0,5.2,3.88,0
2024-09-27,Kaohsiung,0,1.65,21.22,0
2024-09-28,Kaohsiung,0,2.14,20.09,0
2024-09-29,Kaohsiung,0,2.6,0.91,0
2024-09-30,Kaohsiung,0,3.44,0.35,0
2024-10-01,Kaohsiung,1,0.21,31.99,0
2024-10-02,Kaohsiung,1,5.2,6.05,0
2024-10-03,Kaohsiung,0,7.99,5.59,0
2024-10-04,Kaohsiung,0,14.71,5.47,0
2024-10-05,Kaohsiung,0,2.0,2.88,0
2024-10-06,Kaohsiung,0,0.08,31.0,0
2024-10-07,Kaohsiung,0,9.8,18.74,0
2024-10-08,Kaohsiung,0,8.28,8.9,0
2024-10-09,Kaohsiung,0,7.02,7.53,0
2024-10-10,Kaohsiung,0,5.4,1.98,0
2024-10-11,Kaohsiung,1,9.08,3.95,0
2024-10-12,Kaohsiung,1,13.46,94.42,0
2024-10-13,Kaohsiung,0,0.31,11.23,0
2024-10-14,Kaohsiung,0,0.44,7.72,0
2024-10-15,Kaohsiung,0,5.12,9.35,0
2024-10-16,Kaohsiung,0,0.46,45.33,0
2024-10-17,Kaohsiung,0,30.62,2.17,0
2024-10-18,Kaohsiung,0,3.65,17.43,0
2024-10-19,Kaohsiung,0,4.99,7.0,0
2024-10-20,Kaohsiung,0,3.11,9.06,0
2024-10-21,Kaohsiung,1,8.74,11.16,0
2024-10-22,Kaohsiung,1,12.47,1.55,0
2024-10-23,Kaohsiung,1,21.77,6.19,0
2024-10-24,Kaohsiung,1,2.27,0.87,0
2024-10-25,Kaohsiung,1,1.52,1.08,0
2024-10-26,Kaohsiung,1,0.46,60.64,0
2024-10-27,Kaohsiung,0,2.17,1.49,0
2024-10-28,Kaohsiung,0,6.12,0.58,0
2024-10-29,Kaohsiung,0,9.8,14.31,0
2024-10-30,Kaohsiung,0,0.25,26.68,0
2024-10-31,Kaohsiung,0,0.61,0.41,0
2024-11-01,Kaohsiung,0,0.04,1.62,0
2024-11-02,Kaohsiung,1,7.55,17.16,0
2024-11-03,Kaohsiung,1,4.56,6.08,0
2024-11-04,Kaohsiung,1,1.82,0.08,0
2024-11-05,Kaohsiung,1,7.78,61.52,0
2024-11-06,Kaohsiung,0,1.67,8.94,0
2024-11-07,Kaohsiung,0,6.99,12.9,0
2024-11-08,Kaohsiung,1,43.16,4.35,0
2024-11-09,Kaohsiung,1,9.26,16.04,0
2024-11-10,Kaohsiung,1,0.33,67.65,0
2024-11-11,Kaohsiung,0,0.93,5.79,0
2024-11-12,Kaohsiung,1,19.27,1.19,0
2024-11-13,Kaohsiung,0,0.7,7.84,0
2024-11-14,Kaohsiung,0,8.9,4.89,0
2024-11-15,Kaohsiung,0,21.35,2.73,0
2024-11-16,Kaohsiung,0,2.59,14.92,0
2024-11-17,Kaohsiung,0,0.33,6.39,0
2024-11-18,Kaohsiung,0,2.87,0.48,0
2024-11-19,Kaohsiung,0,6.15,2.15,0
2024-11-20,Kaohsiung,0,4.97,1.42,0
2024-11-21,Kaohsiung,0,11.54,8.67,0
2024-11-22,Kaohsiung,0,5.75,3.46,0
2024-11-23,Kaohsiung,0,5.33,1.45,0
2024-11-24,Kaohsiung,0,4.96,1.07,0
2024-11-25,Kaohsiung,0,1.48,18.83,0
2024-11-26,Kaohsiung,0,3.08,7.67,0
2024-11-27,Kaohsiung,0,9.06,14.5,0
2024-11-28,Kaohsiung,0,13.61,6.65,0
2024-11-29,Kaohsiung,0,7.25,12.69,0
2024-11-30,Kaohsiung,2,8.01,31.09,0
2024-12-01,Kaohsiung,0,9.11,20.69,0
2024-12-02,Kaohsiung,0,3.8,13.16,0
2024-12-03,Kaohsiung,0,11.05,2.01,0
2024-12-04,Kaohsiung,0,7.55,8.43,0
2024-12-05,Kaohsiung,0,1.44,15.07,0
2024-12-06,Kaohsiung,0,4.46,15.86,0
2024-12-07,Kaohsiung,0,0.69,0.15,0
2024-12-08,Kaohsiung,0,6.74,16.71,0
2024-12-09,Kaohsiung,1,14.26,8.44,0
2024-12-10,Kaohsiung,0,3.72,15.52,0
2024-12-11,Kaohsiung,1,0.93,47.73,0
2024-12-12,Kaohsiung,0,0.19,18.82,0
2024-12-13,Kaohsiung,0,1.98,14.48,0
2024-12-14,Kaohsiung,0,2.62,28.56,0
2024-12-15,Kaohsiung,0,3.71,8.5,0
2024-12-16,Kaohsiung,0,7.35,6.37,0
2024-12-17,Kaohsiung,0,0.49,2.41,0
2024-12-18,Kaohsiung,0,0.83,7.01,0
2024-12-19,Kaohsiung,0,3.55,1.17,0
2024-12-20,Kaohsiung,0,3.27,3.43,0
2024-12-21,Kaohsiung,0,0.22,1.0,0
2024-12-22,Kaohsiung,0,2.32,11.14,0
2024-12-23,Kaohsiung,0,0.48,24.87,0
2024-12-24,Kaohsiung,0,8.52,15.65,0
2024-12-25,Kaohsiung,0,2.19,0.34,0
2024-12-26,Kaohsiung,0,1.63,18.88,0
2024-12-27,Kaohsiung,0,0.56,3.19,0
2024-12-28,Kaohsiung,0,1.08,9.47,0
2024-12-29,Kaohsiung,0,0.05,2.18,0
2024-12-30,Kaohsiung,0,5.43,0.99,0
2024-12-31,Kaohsiung,0,8.22,10.96,0
2025-01-01,Kaohsiung,0,1.43,13.14,0
2025-01-02,Kaohsiung,0,4.7,17.27,0
2025-01-03,Kaohsiung,0,6.87,5.95,0
2025-01-04,Kaohsiung,0,0.2,4.86,0
2025-01-05,Kaohsiung,0,0.83,9.31,0
2025-01-06,Kaohsiung,0,1.8,0.14,0
2025-01-07,Kaohsiung,0,6.18,7.52,0
2025-01-08,Kaohsiung,0,2.14,5.14,0
2025-01-09,Kaohsiung,0,2.79,12.35,0
2025-01-10,Kaohsiung,0,1.81,12.84,0
2025-01-11,Kaohsiung,0,1.28,9.29,0
2025-01-12,Kaohsiung,0,3.14,3.73,0
2025-01-13,Kaohsiung,1,22.53,20.52,0
2025-01-14,Kaohsiung,1,34.5,39.76,0
2025-01-15,Kaohsiung,0,0.95,10.13,0
2025-01-16,Kaohsiung,0,2.01,9.14,0
2025-01-17,Kaohsiung,0,7.05,2.72,0
2025-01-18,Kaohsiung,0,0.37,6.58,0
2025-01-19,Kaohsiung,0,2.45,2.09,0
2025-01-20,Kaohsiung,0,3.84,14.92,0
2025-01-21,Kaohsiung,0,1.76,6.88,0
2025-01-22,Kaohsiung,0,1.26,21.6,0
2025-01-23,Kaohsiung,0,1.33,2.48,0
2025-01-24,Kaohsiung,1,34.79,11.41,0
2025-01-25,Kaohsiung,0,5.3,24.88,0
2025-01-26,Kaohsiung,0,6.36,8.95,0
2025-01-27,Kaohsiung,0,1.57,1.35,0
2025-01-28,Kaohsiung,0,1.96,2.92,0
2025-01-29,Kaohsiung,0,7.41,4.16,0
2025-01-30,Kaohsiung,0,10.92,3.6,0
2025-01-31,Kaohsiung,1,11.29,25.36,0
2025-02-01,Kaohsiung,1,3.94,21.55,0
2025-02-02,Kaohsiung,1,3.65,2.13,0
2025-02-03,Kaohsiung,1,0.21,4.28,0
2025-02-04,Kaohsiung,0,0.06,1.16,0
2025-02-05,Kaohsiung,0,1.76,41.09,0
2025-02-06,Kaohsiung,0,4.64,2.79,0
2025-02-07,Kaohsiung,1,29.17,10.03,0
2025-02-08,Kaohsiung,0,0.45,34.74,0
2025-02-09,Kaohsiung,0,6.74,19.34,0
2025-02-10,Kaohsiung,0,18.57,19.31,0
2025-02-11,Kaohsiung,1,4.09,22.7,0
2025-02-12,Kaohsiung,0,10.85,9.56,0
2025-02-13,Kaohsiung,0,9.48,18.58,0
2025-02-14,Kaohsiung,0,2.13,7.4,0
2025-02-15,Kaohsiung,0,8.65,3.12,0
2025-02-16,Kaohsiung,0,12.02,7.73,0
2025-02-17,Kaohsiung,0,3.85,2.05,0
2025-02-18,Kaohsiung,0,2.93,13.73,0
2025-02-19,Kaohsiung,0,14.06,4.33,0
2025-02-20,Kaohsiung,0,2.19,1.02,0
2025-02-21,Kaohsiung,0,3.36,8.29,0
2025-02-22,Kaohsiung,0,10.35,0.2,0
2025-02-23,Kaohsiung,0,0.22,22.76,0
2025-02-24,Kaohsiung,0,3.25,2.07,0
2025-02-25,Kaohsiung,0,4.79,1.98,0
2025-02-26,Kaohsiung,0,1.73,1.33,0
2025-02-27,Kaohsiung,0,1.43,12.04,0
2025-02-28,Kaohsiung,0,5.37,8.91,0
2025-03-01,Kaohsiung,0,4.43,0.32,0
2025-03-02,Kaohsiung,0,2.38,18.7,0
2025-03-03,Kaohsiung,0,1.94,8.25,0
2025-03-04,Kaohsiung,0,6.85,8.09,0
2025-03-05,Kaohsiung,0,0.24,2.92,0
2025-03-06,Kaohsiung,0,1.14,0.9,0
2025-03-07,Kaohsiung,0,1.1,10.63,0
2025-03-08,Kaohsiung,0,2.06,14.18,0
2025-03-09,Kaohsiung,0,10.23,1.46,0
2025-03-10,Kaohsiung,0,1.43,24.41,0
2025-03-11,Kaohsiung,0,7.83,2.32,0
2025-03-12,Kaohsiung,0,11.75,22.97,0
2025-03-13,Kaohsiung,0,3.61,17.11,0
2025-03-14,Kaohsiung,0,2.71,0.46,0
2025-03-15,Kaohsiung,0,6.44,0.78,0
2025-03-16,Kaohsiung,0,0.86,0.69,0
2025-03-17,Kaohsiung,1,7.54,3.88,0
2025-03-18,Kaohsiung,0,10.68,54.44,0
2025-03-19,Kaohsiung,1,5.5,0.39,0
2025-03-20,Kaohsiung,1,11.02,5.07,0
2025-03-21,Kaohsiung,0,15.92,21.93,0
2025-03-22,Kaohsiung,0,4.03,36.16,0
2025-03-23,Kaohsiung,0,2.17,1.28,0
2025-03-24,Kaohsiung,0,4.75,13.18,0
2025-03-25,Kaohsiung,0,6.12,1.75,0
2025-03-26,Kaohsiung,1,19.17,0.41,0
2025-03-27,Kaohsiung,0,1.35,6.75,0
2025-03-28,Kaohsiung,1,7.44,1.15,0
2025-03-29,Kaohsiung,1,6.25,8.07,0
2025-03-30,Kaohsiung,0,7.55,24.88,0
2025-03-31,Kaohsiung,1,10.81,4.06,0
2025-04-01,Kaohsiung,1,0.79,37.81,0
2025-04-02,Kaohsiung,1,5.06,37.41,0
2025-04-03,Kaohsiung,1,31.01,19.88,0
2025-04-04,Kaohsiung,0,9.79,12.6,0
2025-04-05,Kaohsiung,1,8.1,10.32,0
2025-04-06,Kaohsiung,1,3.58,0.74,0
2025-04-07,Kaohsiung,1,14.61,27.74,0
2025-04-08,Kaohsiung,1,3.3,13.55,0
2025-04-09,Kaohsiung,0,16.66,16.41,0
2025-04-10,Kaohsiung,0,1.03,2.32,0
2025-04-11,Kaohsiung,1,3.42,1.11,0
2025-04-12,Kaohsiung,0,6.94,17.75,0
2025-04-13,Kaohsiung,0,2.3,3.25,0
2025-04-14,Kaohsiung,0,0.24,6.33,0
2025-04-15,Kaohsiung,0,5.16,9.06,0
2025-04-16,Kaohsiung,0,15.9,21.28,0
2025-04-17,Kaohsiung,0,3.16,18.38,0
2025-04-18,Kaohsiung,0,3.15,1.05,0
2025-04-19,Kaohsiung,1,25.09,30.8,0
2025-04-20,Kaohsiung,1,1.89,1.12,0
2025-04-21,Kaohsiung,1,1.31,2.84,0
2025-04-22,Kaohsiung,1,13.89,16.01,0
2025-04-23,Kaohsiung,1,11.93,17.46,0
2025-04-24,Kaohsiung,1,1.4,7.65,0
2025-04-25,Kaohsiung,1,19.4,22.91,0
2025-04-26,Kaohsiung,1,0.14,45.94,0
2025-04-27,Kaohsiung,1,4.94,3.86,0
2025-04-28,Kaohsiung,1,13.78,27.51,0
2025-04-29,Kaohsiung,2,3.8,18.72,0
2025-04-30,Kaohsiung,1,1.68,52.41,0
2025-05-01,Kaohsiung,1,16.18,41.45,0
2025-05-02,Kaohsiung,1,1.05,17.12,0
2025-05-03,Kaohsiung,1,6.47,0.28,0
2025-05-04,Kaohsiung,0,16.3,33.59,0
2025-05-05,Kaohsiung,1,6.18,13.34,0
2025-05-06,Kaohsiung,0,8.22,6.35,0
2025-05-07,Kaohsiung,1,10.55,5.3,0
2025-05-08,Kaohsiung,1,1.3,28.0,0
2025-05-09,Kaohsiung,2,7.57,4.05,0
2025-05-10,Kaohsiung,1,0.4,0.3,0
2025-05-11,Kaohsiung,1,7.52,21.44,0
2025-05-12,Kaohsiung,1,20.07,48.23,0
2025-05-13,Kaohsiung,1,5.06,30.62,0
2025-05-14,Kaohsiung,1,0.6,3.44,0
2025-05-15,Kaohsiung,2,1.56,25.65,0
2025-05-16,Kaohsiung,1,2.19,33.07,0
2025-05-17,Kaohsiung,1,0.92,29.35,0
2025-05-18,Kaohsiung,1,8.37,18.49,0
2025-05-19,Kaohsiung,1,4.96,21.29,0
2025-05-20,Kaohsiung,1,23.61,47.34,0
2025-05-21,Kaohsiung,1,7.46,5.58,0
2025-05-22,Kaohsiung,2,1.54,14.37,1
2025-05-23,Kaohsiung,2,5.01,3.56,0
2025-05-24,Kaohsiung,2,5.62,95.65,0
2025-05-25,Kaohsiung,1,8.39,2.83,0
2025-05-26,Kaohsiung,1,10.05,59.49,0
2025-05-27,Kaohsiung,2,16.22,26.06,0
2025-05-28,Kaohsiung,1,8.83,19.18,0
2025-05-29,Kaohsiung,1,5.33,2.51,0
2025-05-30,Kaohsiung,2,1.85,78.69,0
2025-05-31,Kaohsiung,2,13.16,13.13,0
2025-06-01,Kaohsiung,2,12.9,0.74,0
2025-06-02,Kaohsiung,2,8.9,23.38,0
2025-06-03,Kaohsiung,2,21.67,12.35,0
2025-06-04,Kaohsiung,2,0.96,2.55,0
2025-06-05,Kaohsiung,3,6.28,8.8,1
2025-06-06,Kaohsiung,2,9.42,11.41,0
2025-06-07,Kaohsiung,1,10.8,0.15,0
2025-06-08,Kaohsiung,1,8.14,2.85,0
2025-06-09,Kaohsiung,2,4.3,2.78,0
2025-06-10,Kaohsiung,2,8.93,65.9,0
2025-06-11,Kaohsiung,2,24.96,45.0,0
2025-06-12,Kaohsiung,2,1.08,5.43,0
2025-06-13,Kaohsiung,2,7.31,44.4,0
2025-06-14,Kaohsiung,1,13.21,23.37,0
2025-06-15,Kaohsiung,1,11.82,1.24,0
2025-06-16,Kaohsiung,1,8.05,1.18,0
2025-06-17,Kaohsiung,1,12.49,2.4,0
2025-06-18,Kaohsiung,2,1.63,15.27,0
2025-06-19,Kaohsiung,2,38.82,26.8,0
2025-06-20,Kaohsiung,1,5.15,58.16,0
2025-06-21,Kaohsiung,1,26.64,17.94,0
2025-06-22,Kaohsiung,2,9.74,105.76,0
2025-06-23,Kaohsiung,2,10.71,6.28,0
2025-06-24,Kaohsiung,1,4.17,19.14,0
2025-06-25,Kaohsiung,1,10.31,15.45,0
2025-06-26,Kaohsiung,1,6.32,7.73,0
2025-06-27,Kaohsiung,2,11.54,1.18,0
2025-06-28,Kaohsiung,1,21.35,13.67,0
2025-06-29,Kaohsiung,1,7.86,5.57,0
2025-06-30,Kaohsiung,1,0.7,43.39,0
2025-07-01,Kaohsiung,1,3.47,39.32,0
2025-07-02,Kaohsiung,1,15.84,15.38,0
2025-07-03,Kaohsiung,1,1.55,20.51,0
2025-07-04,Kaohsiung,1,8.82,18.65,0
2025-07-05,Kaohsiung,2,0.01,26.48,0
2025-07-06,Kaohsiung,2,4.0,45.29,0
2025-07-07,Kaohsiung,2,4.71,37.62,0
2025-07-08,Kaohsiung,1,13.52,14.68,0
2025-07-09,Kaohsiung,1,2.73,28.06,0
2025-07-10,Kaohsiung,1,6.98,7.84,0
2025-07-11,Kaohsiung,1,6.47,9.92,0
2025-07-12,Kaohsiung,1,3.26,6.85,0
2025-07-13,Kaohsiung,1,9.78,10.36,0
2025-07-14,Kaohsiung,2,3.83,57.4,0
2025-07-15,Kaohsiung,2,11.0,2.47,0
2025-07-16,Kaohsiung,2,3.59,1.64,0
2025-07-17,Kaohsiung,2,11.5,29.31,0
2025-07-18,Kaohsiung,2,2.2,0.53,0
2025-07-19,Kaohsiung,2,2.6,17.01,0
2025-07-20,Kaohsiung,2,8.91,16.78,0
2025-07-21,Kaohsiung,2,2.39,14.75,0
2025-07-22,Kaohsiung,2,6.34,0.07,0
2025-07-23,Kaohsiung,2,5.65,5.51,1
2025-07-24,Kaohsiung,1,1.14,5.2,0
2025-07-25,Kaohsiung,1,30.43,7.51,0
2025-07-26,Kaohsiung,2,15.44,3.47,0
2025-07-27,Kaohsiung,1,1.03,29.22,0
2025-07-28,Kaohsiung,2,19.37,2.39,0
2025-07-29,Kaohsiung,1,5.96,2.46,0
2025-07-30,Kaohsiung,1,12.81,34.87,0
2025-07-31,Kaohsiung,1,4.31,0.71,0
2025-08-01,Kaohsiung,1,3.28,6.32,0
2025-08-02,Kaohsiung,1,1.0,18.79,0
2025-08-03,Kaohsiung,1,14.14,35.57,0
2025-08-04,Kaohsiung,1,4.24,0.6,0
2025-08-05,Kaohsiung,1,1.6,1.12,0
2025-08-06,Kaohsiung,1,3.47,8.3,0
2025-08-07,Kaohsiung,1,1.35,14.28,0
2025-08-08,Kaohsiung,2,0.25,5.37,0
2025-08-09,Kaohsiung,1,6.22,10.3,0
2025-08-10,Kaohsiung,1,2.03,13.41,0
2025-08-11,Kaohsiung,1,2.82,20.43,0
2025-08-12,Kaohsiung,0,16.34,23.22,0
2025-08-13,Kaohsiung,1,5.71,19.39,0
2025-08-14,Kaohsiung,1,26.09,13.03,0
2025-08-15,Kaohsiung,1,21.31,7.05,0
2025-08-16,Kaohsiung,1,6.21,33.13,0
2025-08-17,Kaohsiung,0,4.33,13.81,0
2025-08-18,Kaohsiung,0,0.65,18.69,0
2025-08-19,Kaohsiung,1,2.42,6.5,0
2025-08-20,Kaohsiung,1,6.3,9.18,0
2025-08-21,Kaohsiung,1,20.47,11.44,0
2025-08-22,Kaohsiung,1,3.94,7.58,0
2025-08-23,Kaohsiung,1,20.41,16.48,0
2025-08-24,Kaohsiung,1,1.32,11.94,0
2025-08-25,Kaohsiung,0,0.49,5.27,0
2025-08-26,Kaohsiung,1,10.38,6.28,0
2025-08-27,Kaohsiung,1,0.13,3.07,0
2025-08-28,Kaohsiung,2,2.22,38.3,0
2025-08-29,Kaohsiung,1,3.11,30.71,0
2025-08-30,Kaohsiung,2,33.42,20.59,0
2025-08-31,Kaohsiung,1,4.37,0.47,0
2025-09-01,Kaohsiung,1,15.72,4.24,0
2025-09-02,Kaohsiung,1,2.19,15.56,0
2025-09-03,Kaohsiung,2,3.0,15.74,0
2025-09-04,Kaohsiung,2,3.95,15.4,0
2025-09-05,Kaohsiung,1,0.9,11.6,0
2025-09-06,Kaohsiung,1,7.14,0.48,0
2025-09-07,Kaohsiung,1,1.37,9.05,0
2025-09-08,Kaohsiung,1,8.49,7.27,0
2025-09-09,Kaohsiung,1,6.18,0.2,0
2025-09-10,Kaohsiung,1,4.93,65.54,0
2025-09-11,Kaohsiung,1,6.68,6.18,0
2025-09-12,Kaohsiung,2,2.11,1.8,0
2025-09-13,Kaohsiung,1,1.85,48.79,0
2025-09-14,Kaohsiung,1,0.45,0.57,0
2025-09-15,Kaohsiung,2,0.11,3.09,0
2025-09-16,Kaohsiung,1,22.0,4.1,0
2025-09-17,Kaohsiung,1,2.1,1.67,0
2025-09-18,Kaohsiung,0,0.23,2.0,0
2025-09-19,Kaohsiung,0,5.7,3.62,0
2025-09-20,Kaohsiung,0,2.64,7.37,0
2025-09-21,Kaohsiung,0,2.48,0.38,0
2025-09-22,Kaohsiung,0,0.43,4.8,0
2025-09-23,Kaohsiung,0,4.08,13.08,0
2025-09-24,Kaohsiung,1,2.56,2.37,0
2025-09-25,Kaohsiung,1,7.31,24.27,0
2025-09-26,Kaohsiung,0,0.41,3.48,0
2025-09-27,Kaohsiung,0,7.59,6.92,0
2025-09-28,Kaohsiung,0,4.79,4.68,0
2025-09-29,Kaohsiung,0,1.94,4.57,0
2025-09-30,Kaohsiung,0,9.97,9.82,0
2025-10-01,Kaohsiung,0,1.09,15.83,0
2025-10-02,Kaohsiung,0,19.71,6.35,0
2025-10-03,Kaohsiung,1,4.2,6.54,0
2025-10-04,Kaohsiung,0,0.45,22.56,0
2025-10-05,Kaohsiung,0,2.02,1.4,0
2025-10-06,Kaohsiung,0,10.43,0.81,0
2025-10-07,Kaohsiung,0,9.44,0.42,0
2025-10-08,Kaohsiung,1,13.24,21.81,0
2025-10-09,Kaohsiung,1,23.54,1.75,0
2025-10-10,Kaohsiung,1,1.07,18.18,0
2025-10-11,Kaohsiung,0,1.24,9.25,0
2025-10-12,Kaohsiung,0,10.05,7.7,0
2025-10-13,Kaohsiung,0,7.23,18.93,0
2025-10-14,Kaohsiung,0,0.59,7.05,0
2025-10-15,Kaohsiung,0,3.66,21.02,0
2025-10-16,Kaohsiung,0,4.1,25.14,0
2025-10-17,Kaohsiung,0,2.66,1.96,0
2025-10-18,Kaohsiung,0,0.35,2.88,0
2025-10-19,Kaohsiung,0,0.45,10.02,0
2025-10-20,Kaohsiung,0,27.28,6.82,0
2025-10-21,Kaohsiung,1,37.85,7.36,0
2025-10-22,Kaohsiung,1,6.8,27.66,0
2025-10-23,Kaohsiung,1,0.07,46.36,0
2025-10-24,Kaohsiung,0,12.88,16.8,0
2025-10-25,Kaohsiung,0,1.93,18.37,0
2025-10-26,Kaohsiung,0,0.82,0.4,0
2025-10-27,Kaohsiung,0,0.29,1.2,0
2025-10-28,Kaohsiung,0,8.14,2.51,0
2025-10-29,Kaohsiung,0,7.16,11.19,0
2025-10-30,Kaohsiung,0,5.49,10.04,0
2025-10-31,Kaohsiung,0,3.6,0.81,0
2025-11-01,Kaohsiung,0,11.07,0.28,0
2025-11-02,Kaohsiung,0,1.05,34.05,0
2025-11-03,Kaohsiung,0,6.06,13.94,0
2025-11-04,Kaohsiung,0,1.85,6.75,0
2025-11-05,Kaohsiung,0,1.62,3.36,0
2025-11-06,Kaohsiung,0,4.35,43.96,0
2025-11-07,Kaohsiung,1,2.18,1.13,0
2025-11-08,Kaohsiung,1,8.01,13.88,0
2025-11-09,Kaohsiung,1,8.28,19.04,0
2025-11-10,Kaohsiung,1,2.29,11.47,0
2025-11-11,Kaohsiung,0,20.3,11.43,0
2025-11-12,Kaohsiung,0,2.56,10.29,0
2025-11-13,Kaohsiung,1,2.07,24.46,0
2025-11-14,Kaohsiung,0,3.38,17.35,0
2025-11-15,Kaohsiung,0,1.13,15.97,0
2025-11-16,Kaohsiung,0,0.24,9.46,0
2025-11-17,Kaohsiung,0,1.97,16.04,0
2025-11-18,Kaohsiung,0,2.64,14.75,0
2025-11-19,Kaohsiung,0,8.25,11.55,0
2025-11-20,Kaohsiung,0,10.07,2.0,0
2025-11-21,Kaohsiung,1,10.17,2.59,0
2025-11-22,Kaohsiung,0,6.12,4.83,0
2025-11-23,Kaohsiung,0,15.22,13.4,0
2025-11-24,Kaohsiung,1,10.51,2.9,0
2025-11-25,Kaohsiung,0,3.73,4.97,0
2025-11-26,Kaohsiung,0,0.27,11.16,0
2025-11-27,Kaohsiung,0,4.61,12.82,0
2025-11-28,Kaohsiung,0,8.21,30.09,0
2025-11-29,Kaohsiung,0,11.79,4.57,0
2025-11-30,Kaohsiung,0,4.27,21.29,0
2025-12-01,Kaohsiung,1,11.9,1.05,0
2025-12-02,Kaohsiung,1,6.01,38.27,0
2025-12-03,Kaohsiung,1,19.66,43.0,0
2025-12-04,Kaohsiung,1,12.42,2.22,0
2025-12-05,Kaohsiung,1,25.17,34.11,0
2025-12-06,Kaohsiung,0,0.17,13.34,0
2025-12-07,Kaohsiung,0,13.8,16.03,0
2025-12-08,Kaohsiung,0,3.31,3.8,0
2025-12-09,Kaohsiung,0,8.05,8.31,0
2025-12-10,Kaohsiung,0,6.12,36.38,0
2025-12-11,Kaohsiung,0,1.92,27.98,0
2025-12-12,Kaohsiung,0,1.4,38.69,0
2025-12-13,Kaohsiung,0,20.62,9.52,0
2025-12-14,Kaohsiung,0,0.87,26.55,0
2025-12-15,Kaohsiung,0,7.52,3.45,0
2025-12-16,Kaohsiung,0,8.95,16.47,0
2025-12-17,Kaohsiung,0,9.64,1.93,0
2025-12-18,Kaohsiung,0,2.46,2.05,0
2025-12-19,Kaohsiung,0,3.69,13.96,0
2025-12-20,Kaohsiung,0,1.09,27.47,0
2025-12-21,Kaohsiung,0,3.18,0.5,0
2025-12-22,Kaohsiung,0,5.57,15.05,0
2025-12-23,Kaohsiung,0,0.51,3.28,0
2025-12-24,Kaohsiung,0,19.65,25.01,0
2025-12-25,Kaohsiung,0,16.59,1.91,0
2025-12-26,Kaohsiung,0,15.73,26.33,0
2025-12-27,Kaohsiung,0,12.83,10.6,0
2025-12-28,Kaohsiung,0,5.71,14.54,0
2025-12-29,Kaohsiung,0,4.81,0.29,0
2025-12-30,Kaohsiung,0,2.75,7.14,0
2025-12-31,Kaohsiung,0,11.46,2.19,0
2023-01-01,Tokyo,0,2.97,18.2,0
2023-01-02,Tokyo,0,0.17,3.77,0
2023-01-03,Tokyo,1,9.47,7.73,0
2023-01-04,Tokyo,0,2.36,18.56,0
2023-01-05,Tokyo,0,3.26,9.65,0
2023-01-06,Tokyo,0,0.76,4.1,0
2023-01-07,Tokyo,0,5.98,10.36,0
2023-01-08,Tokyo,0,2.02,25.39,0
2023-01-09,Tokyo,0,0.3,7.33,0
2023-01-10,Tokyo,0,1.51,12.52,0
2023-01-11,Tokyo,0,9.92,3.55,0
2023-01-12,Tokyo,0,15.98,2.09,0
2023-01-13,Tokyo,0,6.97,9.7,0
2023-01-14,Tokyo,0,1.5,1.67,0
2023-01-15,Tokyo,0,0.38,0.54,0
2023-01-16,Tokyo,0,3.85,1.18,0
2023-01-17,Tokyo,0,0.66,11.82,0
2023-01-18,Tokyo,0,6.55,2.04,0
2023-01-19,Tokyo,0,0.54,2.84,0
2023-01-20,Tokyo,0,5.14,3.0,0
2023-01-21,Tokyo,0,2.35,5.17,0
2023-01-22,Tokyo,0,7.32,3.68,0
2023-01-23,Tokyo,0,0.83,11.92,0
2023-01-24,Tokyo,0,7.89,7.87,0
2023-01-25,Tokyo,0,0.02,0.05,0
2023-01-26,Tokyo,0,8.21,10.56,0
2023-01-27,Tokyo,0,15.89,15.17,0
2023-01-28,Tokyo,0,1.77,13.87,0
2023-01-29,Tokyo,0,3.03,6.81,0
2023-01-30,Tokyo,1,7.29,1.08,0
2023-01-31,Tokyo,0,3.98,2.07,0
2023-02-01,Tokyo,0,3.12,3.26,0
2023-02-02,Tokyo,0,15.58,7.99,0
2023-02-03,Tokyo,0,27.6,14.73,0
2023-02-04,Tokyo,0,0.08,11.69,0
2023-02-05,Tokyo,0,4.23,2.71,0
2023-02-06,Tokyo,0,1.29,35.6,0
2023-02-07,Tokyo,0,12.15,4.87,0
2023-02-08,Tokyo,0,11.87,10.22,0
2023-02-09,Tokyo,0,1.19,2.1,0
2023-02-10,Tokyo,0,3.28,23.88,0
2023-02-11,Tokyo,0,4.83,7.76,0
2023-02-12,Tokyo,1,7.53,37.36,0
2023-02-13,Tokyo,1,3.01,10.8,0
2023-02-14,Tokyo,1,20.81,14.63,0
2023-02-15,Tokyo,0,1.83,5.28,0
2023-02-16,Tokyo,0,5.41,11.43,0
2023-02-17,Tokyo,1,5.7,30.38,0
2023-02-18,Tokyo,0,4.05,9.98,0
2023-02-19,Tokyo,0,3.59,2.52,0
2023-02-20,Tokyo,0,0.37,0.06,0
2023-02-21,Tokyo,0,0.14,1.79,0
2023-02-22,Tokyo,1,1.7,23.57,0
2023-02-23,Tokyo,0,2.17,4.19,0
2023-02-24,Tokyo,0,3.19,13.07,0
2023-02-25,Tokyo,1,1.35,0.53,0
2023-02-26,Tokyo,0,17.67,2.48,0
2023-02-27,Tokyo,0,4.88,1.43,0
2023-02-28,Tokyo,0,6.27,35.62,0
2023-03-01,Tokyo,0,3.29,19.3,0
2023-03-02,Tokyo,0,10.52,7.6,0
2023-03-03,Tokyo,0,1.39,15.64,0
2023-03-04,Tokyo,0,4.89,2.19,0
2023-03-05,Tokyo,0,1.15,3.58,0
2023-03-06,Tokyo,0,5.6,0.19,0
2023-03-07,Tokyo,0,4.54,12.19,0
2023-03-08,Tokyo,0,0.99,5.11,0
2023-03-09,Tokyo,0,2.39,29.05,0
2023-03-10,Tokyo,1,8.23,8.81,0
2023-03-11,Tokyo,1,27.14,7.89,0
2023-03-12,Tokyo,1,9.51,24.3,0
2023-03-13,Tokyo,1,12.21,32.45,0
2023-03-14,Tokyo,0,1.48,1.94,0
2023-03-15,Tokyo,0,1.65,4.1,0
2023-03-16,Tokyo,1,0.57,7.65,0
2023-03-17,Tokyo,1,2.82,22.45,0
2023-03-18,Tokyo,1,4.82,4.85,0
2023-03-19,Tokyo,1,2.0,10.19,0
2023-03-20,Tokyo,1,1.63,7.21,0
2023-03-21,Tokyo,1,6.53,10.49,0
2023-03-22,Tokyo,2,5.79,3.37,0
2023-03-23,Tokyo,1,16.31,2.87,0
2023-03-24,Tokyo,0,1.29,2.0,0
2023-03-25,Tokyo,1,4.34,43.76,0
2023-03-26,Tokyo,1,0.18,27.12,0
2023-03-27,Tokyo,0,0.67,11.36,0
2023-03-28,Tokyo,1,0.14,22.22,0
2023-03-29,Tokyo,1,1.87,32.23,0
2023-03-30,Tokyo,0,2.2,34.5,0
2023-03-31,Tokyo,0,1.35,3.02,0
2023-04-01,Tokyo,1,0.61,10.14,0
2023-04-02,Tokyo,1,6.15,65.36,0
2023-04-03,Tokyo,1,1.63,0.98,0
2023-04-04,Tokyo,0,5.36,2.91,0
2023-04-05,Tokyo,1,3.7,41.5,0
2023-04-06,Tokyo,1,2.4,6.63,0
2023-04-07,Tokyo,1,13.45,6.62,0
2023-04-08,Tokyo,1,13.04,21.35,0
2023-04-09,Tokyo,1,15.73,9.02,0
2023-04-10,Tokyo,1,7.57,4.48,0
2023-04-11,Tokyo,1,12.39,10.99,0
2023-04-12,Tokyo,1,11.81,38.24,0
2023-04-13,Tokyo,1,5.51,53.14,0
2023-04-14,Tokyo,0,4.42,3.24,0
2023-04-15,Tokyo,1,11.73,0.1,0
2023-04-16,Tokyo,1,17.42,0.06,0
2023-04-17,Tokyo,1,6.87,11.95,0
2023-04-18,Tokyo,1,1.12,4.75,0
2023-04-19,Tokyo,1,1.27,11.26,0
2023-04-20,Tokyo,1,5.21,25.16,0
2023-04-21,Tokyo,1,15.76,3.7,0
2023-04-22,Tokyo,1,10.46,15.82,0
2023-04-23,Tokyo,1,6.01,10.62,0
2023-04-24,Tokyo,0,11.59,0.74,0
2023-04-25,Tokyo,0,1.58,10.25,0
2023-04-26,Tokyo,0,0.19,14.07,0
2023-04-27,Tokyo,1,4.34,4.72,0
2023-04-28,Tokyo,0,1.64,0.24,0
2023-04-29,Tokyo,0,0.78,14.7,0
2023-04-30,Tokyo,1,3.94,13.82,0
2023-05-01,Tokyo,2,2.88,1.03,0
2023-05-02,Tokyo,1,2.8,9.63,0
2023-05-03,Tokyo,1,12.19,14.47,0
2023-05-04,Tokyo,2,14.44,7.46,0
2023-05-05,Tokyo,1,9.95,1.04,0
2023-05-06,Tokyo,1,0.33,6.43,0
2023-05-07,Tokyo,0,0.63,9.83,0
2023-05-08,Tokyo,0,3.57,34.39,0
2023-05-09,Tokyo,0,6.82,8.5,0
2023-05-10,Tokyo,0,8.52,0.67,0
2023-05-11,Tokyo,1,14.16,7.75,0
2023-05-12,Tokyo,1,3.37,3.93,0
2023-05-13,Tokyo,2,9.09,0.37,0
2023-05-14,Tokyo,1,11.56,29.31,0
2023-05-15,Tokyo,1,9.93,21.44,0
2023-05-16,Tokyo,1,16.33,18.05,0
2023-05-17,Tokyo,1,4.14,2.95,0
2023-05-18,Tokyo,2,0.56,0.78,0
2023-05-19,Tokyo,1,1.35,9.64,0
2023-05-20,Tokyo,2,3.37,15.02,0
2023-05-21,Tokyo,2,22.23,18.09,0
2023-05-22,Tokyo,3,21.72,2.98,1
2023-05-23,Tokyo,2,22.91,20.59,0
2023-05-24,Tokyo,2,23.36,2.25,1
2023-05-25,Tokyo,1,10.21,2.11,0
2023-05-26,Tokyo,1,3.47,5.36,0
2023-05-27,Tokyo,1,33.43,6.55,0
2023-05-28,Tokyo,2,2.97,46.82,0
2023-05-29,Tokyo,1,0.57,35.56,0
2023-05-30,Tokyo,1,23.19,21.46,0
2023-05-31,Tokyo,1,3.4,12.38,0
2023-06-01,Tokyo,1,2.15,26.65,0
2023-06-02,Tokyo,1,2.39,1.86,0
2023-06-03,Tokyo,1,7.14,8.2,0
2023-06-04,Tokyo,1,0.84,11.45,0
2023-06-05,Tokyo,1,10.48,13.44,0
2023-06-06,Tokyo,1,2.83,15.79,0
2023-06-07,Tokyo,1,0.19,42.82,0
2023-06-08,Tokyo,1,11.27,30.94,0
2023-06-09,Tokyo,1,5.65,7.41,0
2023-06-10,Tokyo,1,9.54,15.34,0
2023-06-11,Tokyo,1,1.48,8.01,0
2023-06-12,Tokyo,1,6.51,1.87,0
2023-06-13,Tokyo,1,0.33,47.01,0
2023-06-14,Tokyo,1,0.03,1.52,0
2023-06-15,Tokyo,1,3.09,3.67,0
2023-06-16,Tokyo,0,0.46,24.83,0
2023-06-17,Tokyo,1,4.77,16.88,0
2023-06-18,Tokyo,1,10.24,39.18,0
2023-06-19,Tokyo,1,8.48,1.81,0
2023-06-20,Tokyo,1,6.55,2.59,0
2023-06-21,Tokyo,1,1.39,70.96,0
2023-06-22,Tokyo,1,11.88,48.79,0
2023-06-23,Tokyo,1,3.37,10.52,0
2023-06-24,Tokyo,2,32.96,3.73,0
2023-06-25,Tokyo,2,7.52,16.79,0
2023-06-26,Tokyo,2,11.07,28.82,0
2023-06-27,Tokyo,3,11.47,1.35,1
2023-06-28,Tokyo,2,4.53,21.62,0
2023-06-29,Tokyo,2,6.89,6.53,0
2023-06-30,Tokyo,2,9.82,24.14,1
2023-07-01,Tokyo,2,8.02,1.86,0
2023-07-02,Tokyo,1,5.29,38.19,0
2023-07-03,Tokyo,1,10.72,14.67,0
2023-07-04,Tokyo,2,0.08,28.28,0
2023-07-05,Tokyo,2,21.42,13.6,0
2023-07-06,Tokyo,2,1.59,24.05,0
2023-07-07,Tokyo,2,8.12,42.12,0
2023-07-08,Tokyo,1,2.13,2.33,0
2023-07-09,Tokyo,2,3.16,4.31,0
2023-07-10,Tokyo,1,3.26,9.6,0
2023-07-11,Tokyo,1,4.22,16.53,0
2023-07-12,Tokyo,1,15.96,3.14,0
2023-07-13,Tokyo,2,18.78,81.45,0
2023-07-14,Tokyo,2,4.36,7.09,0
2023-07-15,Tokyo,2,10.85,4.01,0
2023-07-16,Tokyo,1,3.84,27.16,0
2023-07-17,Tokyo,1,2.4,7.77,0
2023-07-18,Tokyo,2,9.87,83.14,0
2023-07-19,Tokyo,1,0.01,2.56,0
2023-07-20,Tokyo,1,6.5,23.24,0
2023-07-21,Tokyo,1,24.06,3.15,0
2023-07-22,Tokyo,1,14.69,40.88,0
2023-07-23,Tokyo,1,17.23,15.75,0
2023-07-24,Tokyo,1,12.29,0.59,0
2023-07-25,Tokyo,1,10.29,19.05,0
2023-07-26,Tokyo,1,10.07,2.98,0
2023-07-27,Tokyo,1,0.26,9.19,0
2023-07-28,Tokyo,1,8.62,7.07,0
2023-07-29,Tokyo,1,4.98,1.97,0
2023-07-30,Tokyo,1,18.44,4.87,0
2023-07-31,Tokyo,1,29.79,17.2,0
2023-08-01,Tokyo,1,8.56,16.92,0
2023-08-02,Tokyo,1,4.03,32.69,0
2023-08-03,Tokyo,1,15.48,5.06,0
2023-08-04,Tokyo,1,17.56,19.32,0
2023-08-05,Tokyo,1,1.87,24.53,0
2023-08-06,Tokyo,1,42.59,15.35,0
2023-08-07,Tokyo,2,3.45,28.51,1
2023-08-08,Tokyo,2,15.29,35.43,0
2023-08-09,Tokyo,1,8.45,28.49,0
2023-08-10,Tokyo,2,7.0,77.72,1
2023-08-11,Tokyo,1,24.44,3.03,0
2023-08-12,Tokyo,1,0.67,26.48,0
2023-08-13,Tokyo,2,1.07,8.5,0
2023-08-14,Tokyo,2,10.91,5.06,0
2023-08-15,Tokyo,2,32.52,2.62,0
2023-08-16,Tokyo,1,0.25,19.99,0
2023-08-17,Tokyo,1,11.81,7.92,0
2023-08-18,Tokyo,2,10.1,5.78,0
2023-08-19,Tokyo,1,5.81,15.03,0
2023-08-20,Tokyo,1,6.61,95.57,0
2023-08-21,Tokyo,1,1.87,26.36,0
2023-08-22,Tokyo,1,3.05,19.2,0
2023-08-23,Tokyo,1,7.04,30.1,0
2023-08-24,Tokyo,1,6.09,4.69,0
2023-08-25,Tokyo,1,4.68,48.11,0
2023-08-26,Tokyo,2,0.73,8.52,0
2023-08-27,Tokyo,2,4.28,14.12,1
2023-08-28,Tokyo,2,3.78,20.51,1
2023-08-29,Tokyo,2,3.43,3.36,1
2023-08-30,Tokyo,2,15.21,37.92,0
2023-08-31,Tokyo,1,20.64,2.86,0
2023-09-01,Tokyo,1,5.69,52.77,0
2023-09-02,Tokyo,1,7.14,3.9,0
2023-09-03,Tokyo,1,8.31,1.78,0
2023-09-04,Tokyo,1,7.3,40.41,0
2023-09-05,Tokyo,1,0.4,39.37,0
2023-09-06,Tokyo,1,11.61,11.38,0
2023-09-07,Tokyo,1,0.4,22.3,0
2023-09-08,Tokyo,1,5.32,3.41,0
2023-09-09,Tokyo,1,11.36,12.86,0
2023-09-10,Tokyo,0,2.16,0.44,0
2023-09-11,Tokyo,1,13.86,58.59,0
2023-09-12,Tokyo,2,1.5,3.95,0
2023-09-13,Tokyo,1,1.3,13.54,0
2023-09-14,Tokyo,1,0.42,1.22,0
2023-09-15,Tokyo,1,0.03,25.99,0
2023-09-16,Tokyo,1,9.41,32.5,0
2023-09-17,Tokyo,1,14.99,51.25,0
2023-09-18,Tokyo,0,7.29,13.56,0
2023-09-19,Tokyo,1,21.53,22.08,0
2023-09-20,Tokyo,0,12.75,6.13,0
2023-09-21,Tokyo,1,0.28,61.91,0
2023-09-22,Tokyo,1,1.98,18.05,0
2023-09-23,Tokyo,0,10.87,1.05,0
2023-09-24,Tokyo,0,4.52,30.11,0
2023-09-25,Tokyo,1,15.93,0.01,0
2023-09-26,Tokyo,0,1.57,13.13,0
2023-09-27,Tokyo,0,4.45,2.95,0
2023-09-28,Tokyo,1,7.33,66.99,0
2023-09-29,Tokyo,0,4.86,23.71,0
2023-09-30,Tokyo,1,2.12,16.51,0
2023-10-01,Tokyo,1,7.68,21.03,0
2023-10-02,Tokyo,1,27.29,13.61,0
2023-10-03,Tokyo,1,10.7,13.16,0
2023-10-04,Tokyo,1,11.08,18.59,0
2023-10-05,Tokyo,1,33.06,3.87,0
2023-10-06,Tokyo,1,6.47,15.42,0
2023-10-07,Tokyo,1,1.72,20.97,0
2023-10-08,Tokyo,1,4.45,19.41,0
2023-10-09,Tokyo,1,6.58,31.83,0
2023-10-10,Tokyo,0,0.44,12.58,0
2023-10-11,Tokyo,0,2.39,2.5,0
2023-10-12,Tokyo,0,1.73,4.51,0
2023-10-13,Tokyo,0,2.74,7.79,0
2023-10-14,Tokyo,0,6.8,4.96,0
2023-10-15,Tokyo,1,4.05,15.16,0
2023-10-16,Tokyo,1,5.14,8.15,0
2023-10-17,Tokyo,2,4.94,0.68,0
2023-10-18,Tokyo,1,2.67,15.61,0
2023-10-19,Tokyo,0,2.33,10.6,0
2023-10-20,Tokyo,0,0.04,2.64,0
2023-10-21,Tokyo,1,13.01,29.24,0
2023-10-22,Tokyo,1,4.99,33.69,0
2023-10-23,Tokyo,1,17.02,9.82,0
2023-10-24,Tokyo,0,1.71,6.46,0
2023-10-25,Tokyo,1,3.27,50.86,0
2023-10-26,Tokyo,1,1.1,37.5,0
2023-10-27,Tokyo,1,10.48,30.39,0
2023-10-28,Tokyo,1,7.17,8.56,0
2023-10-29,Tokyo,1,3.03,58.24,0
2023-10-30,Tokyo,1,0.84,32.4,0
2023-10-31,Tokyo,1,4.43,7.38,0
2023-11-01,Tokyo,1,35.33,3.14,0
2023-11-02,Tokyo,0,0.25,2.23,0
2023-11-03,Tokyo,1,2.59,0.11,0
2023-11-04,Tokyo,1,6.3,9.33,0
2023-11-05,Tokyo,1,5.49,3.31,0
2023-11-06,Tokyo,1,8.08,17.43,0
2023-11-07,Tokyo,1,2.79,18.42,0
2023-11-08,Tokyo,1,5.07,13.3,0
2023-11-09,Tokyo,1,9.89,11.81,0
2023-11-10,Tokyo,2,13.59,22.25,0
2023-11-11,Tokyo,2,6.35,46.08,0
2023-11-12,Tokyo,1,4.66,24.78,0
2023-11-13,Tokyo,1,0.17,32.42,0
2023-11-14,Tokyo,1,0.13,35.19,0
2023-11-15,Tokyo,1,9.2,8.05,0
2023-11-16,Tokyo,1,15.64,3.86,0
2023-11-17,Tokyo,1,7.83,19.22,0
2023-11-18,Tokyo,0,2.56,8.53,0
2023-11-19,Tokyo,0,1.92,35.5,0
2023-11-20,Tokyo,0,7.13,1.32,0
2023-11-21,Tokyo,0,0.56,13.73,0
2023-11-22,Tokyo,0,2.7,4.95,0
2023-11-23,Tokyo,0,10.86,16.83,0
2023-11-24,Tokyo,0,9.59,11.34,0
2023-11-25,Tokyo,0,11.4,7.07,0
2023-11-26,Tokyo,0,2.97,1.69,0
2023-11-27,Tokyo,0,5.78,42.37,0
2023-11-28,Tokyo,0,0.87,9.17,0
2023-11-29,Tokyo,0,1.14,1.9,0
2023-11-30,Tokyo,0,1.68,12.95,0
2023-12-01,Tokyo,1,14.35,68.13,0
2023-12-02,Tokyo,0,3.72,1.47,0
2023-12-03,Tokyo,0,2.79,1.74,0
2023-12-04,Tokyo,0,2.08,8.38,0
2023-12-05,Tokyo,1,0.7,12.62,0
2023-12-06,Tokyo,1,2.17,12.53,0
2023-12-07,Tokyo,0,6.66,3.41,0
2023-12-08,Tokyo,1,16.23,16.47,0
2023-12-09,Tokyo,0,3.16,14.61,0
2023-12-10,Tokyo,0,5.35,4.39,0
2023-12-11,Tokyo,0,2.23,8.71,0
2023-12-12,Tokyo,1,8.93,29.66,0
2023-12-13,Tokyo,0,0.5,0.1,0
2023-12-14,Tokyo,0,1.94,5.39,0
2023-12-15,Tokyo,0,2.5,15.96,0
2023-12-16,Tokyo,0,9.17,4.52,0
2023-12-17,Tokyo,0,13.46,14.68,0
2023-12-18,Tokyo,0,7.58,15.69,0
2023-12-19,Tokyo,0,0.79,5.9,0
2023-12-20,Tokyo,0,4.21,1.94,0
2023-12-21,Tokyo,0,1.88,4.14,0
2023-12-22,Tokyo,0,1.59,16.52,0
2023-12-23,Tokyo,1,7.03,11.12,0
2023-12-24,Tokyo,0,2.59,2.24,0
2023-12-25,Tokyo,0,0.25,0.23,0
2023-12-26,Tokyo,0,15.06,0.9,0
2023-12-27,Tokyo,0,2.75,6.97,0
2023-12-28,Tokyo,0,1.57,9.21,0
2023-12-29,Tokyo,0,5.81,25.65,0
2023-12-30,Tokyo,0,3.53,6.29,0
2023-12-31,Tokyo,0,6.64,42.68,0
2024-01-01,Tokyo,0,11.4,3.08,0
2024-01-02,Tokyo,0,3.8,11.21,0
2024-01-03,Tokyo,0,3.58,12.18,0
2024-01-04,Tokyo,0,0.76,9.67,0
2024-01-05,Tokyo,0,13.6,5.38,0
2024-01-06,Tokyo,0,0.96,16.79,0
2024-01-07,Tokyo,0,7.09,9.72,0
2024-01-08,Tokyo,0,12.45,23.28,0
2024-01-09,Tokyo,0,7.07,6.59,0
2024-01-10,Tokyo,0,6.67,3.88,0
2024-01-11,Tokyo,0,2.62,3.5,0
2024-01-12,Tokyo,0,4.46,16.32,0
2024-01-13,Tokyo,0,4.96,3.14,0
2024-01-14,Tokyo,0,1.11,14.5,0
2024-01-15,Tokyo,0,5.67,7.99,0
2024-01-16,Tokyo,0,5.97,1.81,0
2024-01-17,Tokyo,0,8.89,22.13,0
2024-01-18,Tokyo,0,1.79,13.4,0
2024-01-19,Tokyo,0,1.8,3.5,0
2024-01-20,Tokyo,0,10.57,0.63,0
2024-01-21,Tokyo,0,0.59,14.39,0
2024-01-22,Tokyo,0,10.57,19.07,0
2024-01-23,Tokyo,0,2.17,4.14,0
2024-01-24,Tokyo,0,1.57,24.97,0
2024-01-25,Tokyo,0,0.05,0.35,0
2024-01-26,Tokyo,0,10.34,12.13,0
2024-01-27,Tokyo,0,8.23,0.81,0
2024-01-28,Tokyo,0,4.1,7.15,0
2024-01-29,Tokyo,0,3.19,13.81,0
2024-01-30,Tokyo,0,5.64,13.01,0
2024-01-31,Tokyo,0,3.39,18.59,0
2024-02-01,Tokyo,0,5.88,10.29,0
2024-02-02,Tokyo,0,2.33,59.46,0
2024-02-03,Tokyo,0,12.15,2.89,0
2024-02-04,Tokyo,0,0.49,13.95,0
2024-02-05,Tokyo,0,16.0,21.81,0
2024-02-06,Tokyo,0,0.25,20.6,0
2024-02-07,Tokyo,0,0.02,4.05,0
2024-02-08,Tokyo,1,5.55,1.07,0
2024-02-09,Tokyo,0,8.45,8.97,0
2024-02-10,Tokyo,1,3.35,19.25,0
2024-02-11,Tokyo,0,2.53,20.95,0
2024-02-12,Tokyo,0,1.87,7.28,0
2024-02-13,Tokyo,0,4.13,23.96,0
2024-02-14,Tokyo,0,5.38,8.62,0
2024-02-15,Tokyo,0,0.32,10.85,0
2024-02-16,Tokyo,0,8.13,11.83,0
2024-02-17,Tokyo,0,8.68,3.74,0
2024-02-18,Tokyo,0,0.47,25.98,0
2024-02-19,Tokyo,0,8.34,37.47,0
2024-02-20,Tokyo,0,6.8,5.43,0
2024-02-21,Tokyo,1,1.18,6.85,0
2024-02-22,Tokyo,1,4.93,10.22,0
2024-02-23,Tokyo,0,0.88,30.83,0
2024-02-24,Tokyo,0,2.43,6.64,0
2024-02-25,Tokyo,1,1.97,10.91,0
2024-02-26,Tokyo,0,0.44,6.08,0
2024-02-27,Tokyo,1,9.53,25.42,0
2024-02-28,Tokyo,0,2.24,3.74,0
2024-02-29,Tokyo,0,5.43,6.96,0
2024-03-01,Tokyo,0,0.36,3.06,0
2024-03-02,Tokyo,0,2.54,7.9,0
2024-03-03,Tokyo,0,0.97,1.84,0
2024-03-04,Tokyo,1,8.71,0.62,0
2024-03-05,Tokyo,1,21.24,12.07,0
2024-03-06,Tokyo,0,5.69,1.81,0
2024-03-07,Tokyo,1,9.2,20.09,0
2024-03-08,Tokyo,1,3.71,6.06,0
2024-03-09,Tokyo,0,4.35,13.43,0
2024-03-10,Tokyo,0,10.5,4.23,0
2024-03-11,Tokyo,0,3.13,6.59,0
2024-03-12,Tokyo,0,0.79,0.55,0
2024-03-13,Tokyo,1,5.19,58.22,0
2024-03-14,Tokyo,1,0.68,6.88,0
2024-03-15,Tokyo,1,1.91,3.75,0
2024-03-16,Tokyo,1,7.75,1.45,0
2024-03-17,Tokyo,0,0.41,2.86,0
2024-03-18,Tokyo,0,2.47,17.05,0
2024-03-19,Tokyo,1,21.1,20.25,0
2024-03-20,Tokyo,1,2.77,18.64,0
2024-03-21,Tokyo,1,8.02,8.9,0
2024-03-22,Tokyo,1,1.77,5.7,0
2024-03-23,Tokyo,1,6.46,7.86,0
2024-03-24,Tokyo,1,1.96,7.29,0
2024-03-25,Tokyo,1,0.6,18.2,0
2024-03-26,Tokyo,1,10.3,28.33,0
2024-03-27,Tokyo,1,24.75,29.38,0
2024-03-28,Tokyo,1,10.75,2.04,0
2024-03-29,Tokyo,0,7.4,49.24,0
2024-03-30,Tokyo,0,4.02,2.95,0
2024-03-31,Tokyo,0,2.55,27.3,0
2024-04-01,Tokyo,0,7.54,5.2,0
2024-04-02,Tokyo,0,9.43,35.74,0
2024-04-03,Tokyo,1,20.61,15.07,0
2024-04-04,Tokyo,1,2.78,30.77,0
2024-04-05,Tokyo,1,0.28,17.68,0
2024-04-06,Tokyo,1,4.37,0.59,0
2024-04-07,Tokyo,1,0.5,22.32,0
2024-04-08,Tokyo,1,6.39,14.53,0
2024-04-09,Tokyo,1,1.68,15.1,0
2024-04-10,Tokyo,1,8.79,0.47,0
2024-04-11,Tokyo,1,5.94,2.15,0
2024-04-12,Tokyo,1,16.07,32.55,0
2024-04-13,Tokyo,1,3.72,20.97,0
2024-04-14,Tokyo,1,4.32,1.2,0
2024-04-15,Tokyo,1,4.8,19.18,0
2024-04-16,Tokyo,1,2.03,0.86,0
2024-04-17,Tokyo,1,3.46,9.43,0
2024-04-18,Tokyo,1,0.77,26.49,0
2024-04-19,Tokyo,1,7.96,25.42,0
2024-04-20,Tokyo,0,2.8,47.7,0
2024-04-21,Tokyo,0,4.92,29.21,0
2024-04-22,Tokyo,0,0.17,5.32,0
2024-04-23,Tokyo,0,1.14,0.41,0
2024-04-24,Tokyo,0,1.43,9.36,0
2024-04-25,Tokyo,1,1.49,27.18,0
2024-04-26,Tokyo,1,13.67,14.92,0
2024-04-27,Tokyo,1,6.62,7.05,0
2024-04-28,Tokyo,2,14.38,2.72,0
2024-04-29,Tokyo,2,14.01,19.31,0
2024-04-30,Tokyo,2,6.05,17.81,0
2024-05-01,Tokyo,2,1.06,42.16,0
2024-05-02,Tokyo,2,3.98,47.72,0
2024-05-03,Tokyo,2,9.78,26.44,0
2024-05-04,Tokyo,2,31.43,6.09,1
2024-05-05,Tokyo,2,32.69,45.72,0
2024-05-06,Tokyo,1,6.42,61.81,0
2024-05-07,Tokyo,2,33.4,27.81,1
2024-05-08,Tokyo,1,16.69,12.03,0
2024-05-09,Tokyo,1,2.37,5.97,0
2024-05-10,Tokyo,0,32.3,1.43,0
2024-05-11,Tokyo,0,2.43,2.88,0
2024-05-12,Tokyo,0,4.95,10.63,0
2024-05-13,Tokyo,1,21.5,20.06,0
2024-05-14,Tokyo,1,9.55,1.14,0
2024-05-15,Tokyo,1,4.81,6.88,0
2024-05-16,Tokyo,1,17.82,4.74,0
2024-05-17,Tokyo,0,25.55,12.54,0
2024-05-18,Tokyo,0,1.83,30.4,0
2024-05-19,Tokyo,1,11.07,33.2,0
2024-05-20,Tokyo,1,7.5,9.22,0
2024-05-21,Tokyo,0,8.1,3.54,0
2024-05-22,Tokyo,0,11.81,20.51,0
2024-05-23,Tokyo,1,35.6,5.68,0
2024-05-24,Tokyo,1,1.92,10.35,0
2024-05-25,Tokyo,2,30.44,7.88,0
2024-05-26,Tokyo,2,3.02,23.41,0
2024-05-27,Tokyo,2,18.3,8.75,0
2024-05-28,Tokyo,1,0.03,1.49,0
2024-05-29,Tokyo,1,26.0,10.04,0
2024-05-30,Tokyo,1,2.82,2.07,0
2024-05-31,Tokyo,1,4.58,7.96,0
2024-06-01,Tokyo,2,22.05,35.3,0
2024-06-02,Tokyo,1,4.82,3.96,0
2024-06-03,Tokyo,1,0.53,79.56,0
2024-06-04,Tokyo,1,2.73,6.99,0
2024-06-05,Tokyo,2,17.7,27.35,0
2024-06-06,Tokyo,2,9.61,13.19,0
2024-06-07,Tokyo,1,9.55,1.57,0
2024-06-08,Tokyo,2,4.91,1.81,0
2024-06-09,Tokyo,1,13.67,21.63,0
2024-06-10,Tokyo,0,4.06,9.79,0
2024-06-11,Tokyo,1,7.86,52.06,0
2024-06-12,Tokyo,1,3.74,23.96,0
2024-06-13,Tokyo,1,6.89,28.43,0
2024-06-14,Tokyo,1,53.6,11.68,0
2024-06-15,Tokyo,2,2.43,59.87,0
2024-06-16,Tokyo,2,2.86,5.97,0
2024-06-17,Tokyo,2,22.74,3.09,0
2024-06-18,Tokyo,2,2.16,35.98,0
2024-06-19,Tokyo,2,15.98,32.93,1
2024-06-20,Tokyo,2,0.75,23.58,0
2024-06-21,Tokyo,1,2.32,1.8,0
2024-06-22,Tokyo,2,7.26,5.64,0
2024-06-23,Tokyo,2,1.65,16.24,1
2024-06-24,Tokyo,1,20.44,5.91,0
2024-06-25,Tokyo,2,1.21,15.94,1
2024-06-26,Tokyo,1,4.35,1.08,0
2024-06-27,Tokyo,1,6.05,12.61,0
2024-06-28,Tokyo,1,2.15,7.89,0
2024-06-29,Tokyo,1,1.52,10.23,0
2024-06-30,Tokyo,1,9.22,20.65,0
2024-07-01,Tokyo,1,5.36,24.75,0
2024-07-02,Tokyo,1,18.3,5.65,0
2024-07-03,Tokyo,2,0.08,2.21,0
2024-07-04,Tokyo,1,6.21,0.2,0
2024-07-05,Tokyo,1,10.63,30.77,0
2024-07-06,Tokyo,1,7.29,2.0,0
2024-07-07,Tokyo,1,0.99,11.3,0
2024-07-08,Tokyo,1,4.53,37.99,0
2024-07-09,Tokyo,1,4.48,23.06,0
2024-07-10,Tokyo,0,8.92,0.48,0
2024-07-11,Tokyo,1,8.75,19.8,0
2024-07-12,Tokyo,1,1.57,9.13,0
2024-07-13,Tokyo,1,12.52,4.05,0
2024-07-14,Tokyo,1,3.49,34.37,0
2024-07-15,Tokyo,2,10.88,7.32,1
2024-07-16,Tokyo,1,0.48,11.18,0
2024-07-17,Tokyo,2,13.03,7.81,1
2024-07-18,Tokyo,1,7.92,10.87,0
2024-07-19,Tokyo,2,21.04,6.45,0
2024-07-20,Tokyo,1,0.19,3.97,0
2024-07-21,Tokyo,1,0.25,18.9,0
2024-07-22,Tokyo,2,0.98,23.51,0
2024-07-23,Tokyo,1,13.51,0.92,0
2024-07-24,Tokyo,2,5.44,16.53,1
2024-07-25,Tokyo,1,1.41,52.5,0
2024-07-26,Tokyo,0,4.68,55.91,0
2024-07-27,Tokyo,1,13.68,13.97,0
2024-07-28,Tokyo,2,16.21,35.55,0
2024-07-29,Tokyo,1,4.69,9.15,0
2024-07-30,Tokyo,2,17.18,40.58,0
2024-07-31,Tokyo,1,11.52,46.01,0
2024-08-01,Tokyo,1,14.18,96.5,0
2024-08-02,Tokyo,0,3.21,16.64,0
2024-08-03,Tokyo,1,10.2,3.29,0
2024-08-04,Tokyo,1,1.82,19.52,0
2024-08-05,Tokyo,1,11.38,5.06,0
2024-08-06,Tokyo,0,5.91,38.34,0
2024-08-07,Tokyo,0,7.09,5.12,0
2024-08-08,Tokyo,1,5.4,11.63,0
2024-08-09,Tokyo,1,1.77,5.09,0
2024-08-10,Tokyo,1,0.26,3.92,0
2024-08-11,Tokyo,1,12.62,40.91,0
2024-08-12,Tokyo,1,0.65,9.79,0
2024-08-13,Tokyo,2,15.32,2.22,0
2024-08-14,Tokyo,2,3.0,23.21,0
2024-08-15,Tokyo,2,10.88,7.75,0
2024-08-16,Tokyo,1,8.24,32.97,0
2024-08-17,Tokyo,1,1.13,18.73,0
2024-08-18,Tokyo,1,23.73,17.7,0
2024-08-19,Tokyo,0,1.81,3.18,0
2024-08-20,Tokyo,1,10.91,32.0,0
2024-08-21,Tokyo,1,24.57,5.8,0
2024-08-22,Tokyo,1,4.27,41.46,0
2024-08-23,Tokyo,0,0.69,2.31,0
2024-08-24,Tokyo,0,5.18,32.67,0
2024-08-25,Tokyo,0,0.54,17.74,0
2024-08-26,Tokyo,1,2.91,17.1,0
2024-08-27,Tokyo,2,1.63,31.7,0
2024-08-28,Tokyo,2,13.85,61.51,1
2024-08-29,Tokyo,1,5.77,31.38,0
2024-08-30,Tokyo,1,5.36,26.01,0
2024-08-31,Tokyo,1,0.46,57.9,0
2024-09-01,Tokyo,1,7.87,24.02,0
2024-09-02,Tokyo,2,11.21,18.58,0
2024-09-03,Tokyo,1,13.43,52.55,0
2024-09-04,Tokyo,2,7.42,6.39,0
2024-09-05,Tokyo,1,9.74,0.12,0
2024-09-06,Tokyo,1,12.29,15.55,0
2024-09-07,Tokyo,0,2.64,16.36,0
2024-09-08,Tokyo,0,0.25,15.06,0
2024-09-09,Tokyo,0,6.07,8.2,0
2024-09-10,Tokyo,0,4.8,5.54,0
2024-09-11,Tokyo,1,0.79,8.37,0
2024-09-12,Tokyo,0,14.96,4.37,0
2024-09-13,Tokyo,0,0.15,5.0,0
2024-09-14,Tokyo,0,11.06,3.86,0
2024-09-15,Tokyo,0,5.64,16.25,0
2024-09-16,Tokyo,0,2.38,13.94,0
2024-09-17,Tokyo,0,2.83,6.97,0
2024-09-18,Tokyo,0,5.24,2.3,0
2024-09-19,Tokyo,1,0.33,120.0,0
2024-09-20,Tokyo,1,6.93,21.27,0
2024-09-21,Tokyo,1,3.98,18.46,0
2024-09-22,Tokyo,1,0.94,2.26,0
2024-09-23,Tokyo,1,11.64,120.0,0
2024-09-24,Tokyo,1,2.4,2.15,0
2024-09-25,Tokyo,1,0.36,27.19,0
2024-09-26,Tokyo,1,2.65,15.13,0
2024-09-27,Tokyo,1,6.81,20.47,0
2024-09-28,Tokyo,1,13.12,1.83,0
2024-09-29,Tokyo,1,4.2,50.12,0
2024-09-30,Tokyo,1,2.78,25.37,0
2024-10-01,Tokyo,1,10.09,7.97,0
2024-10-02,Tokyo,0,2.75,6.17,0
2024-10-03,Tokyo,1,9.62,2.58,0
2024-10-04,Tokyo,1,3.38,0.75,0
2024-10-05,Tokyo,1,6.35,2.08,0
2024-10-06,Tokyo,1,1.54,10.92,0
2024-10-07,Tokyo,0,4.12,3.24,0
2024-10-08,Tokyo,0,1.45,10.94,0
2024-10-09,Tokyo,0,2.39,23.72,0
2024-10-10,Tokyo,1,20.36,63.42,0
2024-10-11,Tokyo,0,11.69,7.59,0
2024-10-12,Tokyo,1,1.2,5.87,0
2024-10-13,Tokyo,0,4.11,9.71,0
2024-10-14,Tokyo,0,10.98,6.76,0
2024-10-15,Tokyo,0,3.7,31.06,0
2024-10-16,Tokyo,1,4.85,5.1,0
2024-10-17,Tokyo,0,4.18,0.05,0
2024-10-18,Tokyo,0,4.58,1.5,0
2024-10-19,Tokyo,1,9.12,12.98,0
2024-10-20,Tokyo,0,6.08,2.91,0
2024-10-21,Tokyo,0,8.98,7.81,0
2024-10-22,Tokyo,0,12.98,0.81,0
2024-10-23,Tokyo,0,1.02,5.17,0
2024-10-24,Tokyo,0,2.97,3.23,0
2024-10-25,Tokyo,0,0.69,3.07,0
2024-10-26,Tokyo,0,6.84,17.77,0
2024-10-27,Tokyo,0,0.44,1.47,0
2024-10-28,Tokyo,0,16.69,7.61,0
2024-10-29,Tokyo,0,9.15,0.6,0
2024-10-30,Tokyo,0,3.38,1.66,0
2024-10-31,Tokyo,0,9.28,6.92,0
2024-11-01,Tokyo,0,12.74,2.65,0
2024-11-02,Tokyo,0,5.84,4.0,0
2024-11-03,Tokyo,0,1.61,10.51,0
2024-11-04,Tokyo,0,5.18,10.46,0
2024-11-05,Tokyo,0,4.78,22.05,0
2024-11-06,Tokyo,1,3.42,9.26,0
2024-11-07,Tokyo,1,14.46,22.91,0
2024-11-08,Tokyo,0,0.85,2.79,0
2024-11-09,Tokyo,0,7.74,8.63,0
2024-11-10,Tokyo,0,2.01,3.96,0
2024-11-11,Tokyo,0,1.62,6.28,0
2024-11-12,Tokyo,0,2.39,14.0,0
2024-11-13,Tokyo,0,3.39,5.67,0
2024-11-14,Tokyo,0,16.49,1.51,0
2024-11-15,Tokyo,0,1.68,33.84,0
2024-11-16,Tokyo,1,8.4,43.34,0
2024-11-17,Tokyo,0,10.93,18.45,0
2024-11-18,Tokyo,0,4.2,9.75,0
2024-11-19,Tokyo,0,4.47,6.18,0
2024-11-20,Tokyo,0,1.71,1.86,0
2024-11-21,Tokyo,0,13.66,17.58,0
2024-11-22,Tokyo,0,0.38,9.62,0
2024-11-23,Tokyo,0,1.48,3.79,0
2024-11-24,Tokyo,0,7.85,1.99,0
2024-11-25,Tokyo,0,4.65,6.81,0
2024-11-26,Tokyo,0,1.13,7.4,0
2024-11-27,Tokyo,0,3.02,11.03,0
2024-11-28,Tokyo,0,2.93,9.52,0
2024-11-29,Tokyo,0,5.44,5.81,0
2024-11-30,Tokyo,0,0.17,4.22,0
2024-12-01,Tokyo,0,0.85,19.54,0
2024-12-02,Tokyo,0,3.13,2.24,0
2024-12-03,Tokyo,0,0.71,7.17,0
2024-12-04,Tokyo,0,22.17,0.11,0
2024-12-05,Tokyo,0,16.88,24.08,0
2024-12-06,Tokyo,0,7.84,6.62,0
2024-12-07,Tokyo,0,6.72,6.33,0
2024-12-08,Tokyo,0,1.81,11.28,0
2024-12-09,Tokyo,1,0.24,14.36,0
2024-12-10,Tokyo,1,4.94,0.83,0
2024-12-11,Tokyo,0,3.52,4.1,0
2024-12-12,Tokyo,0,0.22,5.8,0
2024-12-13,Tokyo,0,5.59,21.57,0
2024-12-14,Tokyo,0,1.81,21.41,0
2024-12-15,Tokyo,0,14.1,7.53,0
2024-12-16,Tokyo,0,6.2,3.62,0
2024-12-17,Tokyo,0,13.02,26.61,0
2024-12-18,Tokyo,0,2.23,1.72,0
2024-12-19,Tokyo,0,11.23,2.08,0
2024-12-20,Tokyo,0,4.09,1.31,0
2024-12-21,Tokyo,0,0.83,0.95,0
2024-12-22,Tokyo,0,30.95,0.41,0
2024-12-23,Tokyo,0,5.7,0.88,0
2024-12-24,Tokyo,0,1.0,4.36,0
2024-12-25,Tokyo,0,5.13,14.77,0
2024-12-26,Tokyo,0,4.32,4.33,0
2024-12-27,Tokyo,0,3.34,11.38,0
2024-12-28,Tokyo,0,0.61,1.24,0
2024-12-29,Tokyo,0,3.63,35.41,0
2024-12-30,Tokyo,0,8.52,10.6,0
2024-12-31,Tokyo,0,6.58,19.69,0
2025-01-01,Tokyo,0,9.41,5.8,0
2025-01-02,Tokyo,0,9.84,9.78,0
2025-01-03,Tokyo,0,3.39,3.53,0
2025-01-04,Tokyo,0,6.69,58.1,0
2025-01-05,Tokyo,0,1.06,7.2,0
2025-01-06,Tokyo,0,2.67,1.03,0
2025-01-07,Tokyo,0,3.13,8.81,0
2025-01-08,Tokyo,0,0.68,43.37,0
2025-01-09,Tokyo,0,2.88,24.44,0
2025-01-10,Tokyo,0,6.02,2.08,0
2025-01-11,Tokyo,0,10.6,1.51,0
2025-01-12,Tokyo,0,0.27,4.05,0
2025-01-13,Tokyo,0,16.21,0.95,0
2025-01-14,Tokyo,0,0.17,7.79,0
2025-01-15,Tokyo,0,6.17,3.5,0
2025-01-16,Tokyo,0,4.53,12.78,0
2025-01-17,Tokyo,0,14.63,10.94,0
2025-01-18,Tokyo,0,4.4,19.52,0
2025-01-19,Tokyo,0,5.97,4.15,0
2025-01-20,Tokyo,0,2.54,2.2,0
2025-01-21,Tokyo,0,2.18,13.55,0
2025-01-22,Tokyo,0,1.71,8.78,0
2025-01-23,Tokyo,0,0.88,6.29,0
2025-01-24,Tokyo,1,26.45,3.19,0
2025-01-25,Tokyo,0,5.65,2.56,0
2025-01-26,Tokyo,1,5.1,37.67,0
2025-01-27,Tokyo,1,24.97,9.9,0
2025-01-28,Tokyo,0,9.64,3.43,0
2025-01-29,Tokyo,0,2.02,4.1,0
2025-01-30,Tokyo,0,1.63,33.22,0
2025-01-31,Tokyo,0,10.67,14.04,0
2025-02-01,Tokyo,0,0.8,7.81,0
2025-02-02,Tokyo,0,5.63,15.58,0
2025-02-03,Tokyo,0,2.39,10.46,0
2025-02-04,Tokyo,0,10.98,12.57,0
2025-02-05,Tokyo,0,5.23,21.55,0
2025-02-06,Tokyo,0,3.48,5.29,0
2025-02-07,Tokyo,0,0.45,3.64,0
2025-02-08,Tokyo,0,0.65,2.14,0
2025-02-09,Tokyo,0,3.87,8.51,0
2025-02-10,Tokyo,0,4.8,1.53,0
2025-02-11,Tokyo,0,4.59,52.78,0
2025-02-12,Tokyo,0,13.9,6.5,0
2025-02-13,Tokyo,0,2.95,2.98,0
2025-02-14,Tokyo,0,6.76,51.15,0
2025-02-15,Tokyo,0,3.43,11.72,0
2025-02-16,Tokyo,0,10.91,3.17,0
2025-02-17,Tokyo,0,1.13,8.36,0
2025-02-18,Tokyo,0,4.83,4.3,0
2025-02-19,Tokyo,1,16.38,12.17,0
2025-02-20,Tokyo,1,12.52,16.13,0
2025-02-21,Tokyo,1,3.07,31.47,0
2025-02-22,Tokyo,1,2.93,17.9,0
2025-02-23,Tokyo,1,7.57,18.5,0
2025-02-24,Tokyo,1,6.21,37.66,0
2025-02-25,Tokyo,1,2.67,25.88,0
2025-02-26,Tokyo,1,47.06,23.99,0
2025-02-27,Tokyo,1,0.38,5.49,0
2025-02-28,Tokyo,0,0.04,4.83,0
2025-03-01,Tokyo,0,6.02,5.01,0
2025-03-02,Tokyo,1,10.63,3.4,0
2025-03-03,Tokyo,1,8.44,9.87,0
2025-03-04,Tokyo,0,0.14,0.39,0
2025-03-05,Tokyo,0,4.27,0.51,0
2025-03-06,Tokyo,1,25.28,1.74,0
2025-03-07,Tokyo,0,12.61,18.13,0
2025-03-08,Tokyo,0,2.82,3.76,0
2025-03-09,Tokyo,0,0.51,1.39,0
2025-03-10,Tokyo,0,0.38,1.2,0
2025-03-11,Tokyo,0,9.23,39.97,0
2025-03-12,Tokyo,0,1.62,10.52,0
2025-03-13,Tokyo,0,7.43,6.08,0
2025-03-14,Tokyo,0,6.29,2.72,0
2025-03-15,Tokyo,0,4.28,10.84,0
2025-03-16,Tokyo,0,7.87,3.18,0
2025-03-17,Tokyo,0,0.68,12.66,0
2025-03-18,Tokyo,0,3.87,5.63,0
2025-03-19,Tokyo,0,5.25,9.95,0
2025-03-20,Tokyo,0,2.4,9.84,0
2025-03-21,Tokyo,0,1.68,4.84,0
2025-03-22,Tokyo,0,0.45,9.69,0
2025-03-23,Tokyo,0,0.06,3.59,0
2025-03-24,Tokyo,0,16.02,14.97,0
2025-03-25,Tokyo,1,3.7,4.52,0
2025-03-26,Tokyo,1,4.2,4.93,0
2025-03-27,Tokyo,1,12.53,76.64,0
2025-03-28,Tokyo,1,0.67,6.84,0
2025-03-29,Tokyo,1,1.5,3.72,0
2025-03-30,Tokyo,0,5.86,3.57,0
2025-03-31,Tokyo,0,3.78,19.65,0
2025-04-01,Tokyo,0,2.86,3.91,0
2025-04-02,Tokyo,0,3.74,21.45,0
2025-04-03,Tokyo,0,9.66,8.33,0
2025-04-04,Tokyo,0,7.34,34.57,0
2025-04-05,Tokyo,1,5.12,12.91,0
2025-04-06,Tokyo,0,4.24,23.55,0
2025-04-07,Tokyo,0,1.29,15.98,0
2025-04-08,Tokyo,1,6.76,2.13,0
2025-04-09,Tokyo,1,6.28,3.92,0
2025-04-10,Tokyo,1,7.32,2.67,0
2025-04-11,Tokyo,1,3.66,5.9,0
2025-04-12,Tokyo,1,3.69,120.0,0
2025-04-13,Tokyo,1,6.82,24.86,0
2025-04-14,Tokyo,2,6.0,18.39,0
2025-04-15,Tokyo,1,13.29,16.39,0
2025-04-16,Tokyo,1,38.95,6.79,0
2025-04-17,Tokyo,0,0.04,12.75,0
2025-04-18,Tokyo,1,4.19,6.58,0
2025-04-19,Tokyo,1,8.89,8.3,0
2025-04-20,Tokyo,0,0.73,13.48,0
2025-04-21,Tokyo,1,5.03,5.48,0
2025-04-22,Tokyo,1,3.55,3.75,0
2025-04-23,Tokyo,1,6.3,28.41,0
2025-04-24,Tokyo,1,1.44,21.11,0
2025-04-25,Tokyo,1,2.78,11.31,0
2025-04-26,Tokyo,0,6.73,9.2,0
2025-04-27,Tokyo,0,10.0,3.03,0
2025-04-28,Tokyo,0,3.19,0.34,0
2025-04-29,Tokyo,1,0.02,42.24,0
2025-04-30,Tokyo,1,0.72,1.79,0
2025-05-01,Tokyo,1,0.85,26.27,0
2025-05-02,Tokyo,1,2.06,94.93,0
2025-05-03,Tokyo,1,0.34,24.99,0
2025-05-04,Tokyo,1,17.36,9.77,0
2025-05-05,Tokyo,1,3.75,8.5,0
2025-05-06,Tokyo,1,8.51,78.34,0
2025-05-07,Tokyo,1,7.18,38.12,0
2025-05-08,Tokyo,1,16.04,2.62,0
2025-05-09,Tokyo,1,7.37,0.43,0
2025-05-10,Tokyo,1,9.34,17.2,0
2025-05-11,Tokyo,1,5.6,9.61,0
2025-05-12,Tokyo,1,15.15,15.47,0
2025-05-13,Tokyo,1,3.58,10.84,0
2025-05-14,Tokyo,1,15.07,6.72,0
2025-05-15,Tokyo,1,1.63,12.83,0
2025-05-16,Tokyo,1,31.99,1.86,0
2025-05-17,Tokyo,1,11.66,15.49,0
2025-05-18,Tokyo,1,4.5,1.06,0
2025-05-19,Tokyo,0,11.18,23.72,0
2025-05-20,Tokyo,0,0.65,11.01,0
2025-05-21,Tokyo,1,0.77,51.97,0
2025-05-22,Tokyo,0,7.97,17.48,0
2025-05-23,Tokyo,1,1.01,11.97,0
2025-05-24,Tokyo,1,1.73,65.79,0
2025-05-25,Tokyo,2,32.47,2.53,1
2025-05-26,Tokyo,2,2.12,33.17,0
2025-05-27,Tokyo,1,0.13,3.08,0
2025-05-28,Tokyo,1,5.68,0.23,0
2025-05-29,Tokyo,2,25.99,39.29,0
2025-05-30,Tokyo,2,9.64,9.75,0
2025-05-31,Tokyo,2,5.73,27.88,0
2025-06-01,Tokyo,2,17.25,6.29,0
2025-06-02,Tokyo,2,22.99,32.92,0
2025-06-03,Tokyo,2,6.43,38.71,0
2025-06-04,Tokyo,2,2.37,7.06,0
2025-06-05,Tokyo,1,12.01,16.47,0
2025-06-06,Tokyo,2,7.08,33.72,1
2025-06-07,Tokyo,2,4.34,11.85,1
2025-06-08,Tokyo,2,8.22,50.69,0
2025-06-09,Tokyo,2,7.55,45.76,0
2025-06-10,Tokyo,2,12.88,16.99,0
2025-06-11,Tokyo,1,11.26,43.83,0
2025-06-12,Tokyo,1,7.27,37.73,0
2025-06-13,Tokyo,1,0.84,13.99,0
2025-06-14,Tokyo,1,7.13,8.28,0
2025-06-15,Tokyo,1,19.99,14.41,0
2025-06-16,Tokyo,1,1.34,20.5,0
2025-06-17,Tokyo,1,15.78,11.21,0
2025-06-18,Tokyo,1,12.45,0.33,0
2025-06-19,Tokyo,1,10.99,2.47,0
2025-06-20,Tokyo,1,5.4,92.06,0
2025-06-21,Tokyo,1,0.35,25.89,0
2025-06-22,Tokyo,2,11.79,1.28,0
2025-06-23,Tokyo,1,4.24,7.27,0
2025-06-24,Tokyo,1,7.07,53.95,0
2025-06-25,Tokyo,1,8.86,16.29,0
2025-06-26,Tokyo,1,5.39,41.04,0
2025-06-27,Tokyo,1,5.19,75.18,0
2025-06-28,Tokyo,0,3.15,5.31,0
2025-06-29,Tokyo,1,4.33,26.47,0
2025-06-30,Tokyo,1,2.98,18.09,0
2025-07-01,Tokyo,2,1.65,8.71,0
2025-07-02,Tokyo,2,17.29,55.02,0
2025-07-03,Tokyo,2,3.18,9.37,0
2025-07-04,Tokyo,2,22.92,17.72,0
2025-07-05,Tokyo,2,9.83,12.5,0
2025-07-06,Tokyo,2,20.35,22.93,0
2025-07-07,Tokyo,1,12.48,38.97,0
2025-07-08,Tokyo,1,1.15,11.43,0
2025-07-09,Tokyo,2,7.33,61.66,0
2025-07-10,Tokyo,2,13.67,9.73,0
2025-07-11,Tokyo,2,22.79,5.71,0
2025-07-12,Tokyo,2,6.42,3.87,0
2025-07-13,Tokyo,2,1.57,48.55,0
2025-07-14,Tokyo,2,2.79,20.72,1
2025-07-15,Tokyo,2,10.47,7.72,0
2025-07-16,Tokyo,2,5.29,37.43,0
2025-07-17,Tokyo,1,4.07,18.76,0
2025-07-18,Tokyo,1,0.1,1.7,0
2025-07-19,Tokyo,1,17.39,8.63,0
2025-07-20,Tokyo,2,19.8,7.51,0
2025-07-21,Tokyo,2,9.26,37.97,0
2025-07-22,Tokyo,2,12.58,3.41,0
2025-07-23,Tokyo,1,12.16,7.27,0
2025-07-24,Tokyo,1,2.73,26.77,0
2025-07-25,Tokyo,2,9.15,28.29,1
2025-07-26,Tokyo,1,10.34,19.98,0
2025-07-27,Tokyo,1,0.42,1.01,0
2025-07-28,Tokyo,1,22.73,7.84,0
2025-07-29,Tokyo,1,1.7,17.8,0
2025-07-30,Tokyo,2,4.46,12.03,0
2025-07-31,Tokyo,2,5.41,37.59,0
2025-08-01,Tokyo,2,1.68,9.08,0
2025-08-02,Tokyo,1,3.53,8.62,0
2025-08-03,Tokyo,1,4.67,3.63,0
2025-08-04,Tokyo,2,1.6,5.78,0
2025-08-05,Tokyo,1,9.66,27.53,0
2025-08-06,Tokyo,1,4.39,9.46,0
2025-08-07,Tokyo,0,11.84,4.28,0
2025-08-08,Tokyo,1,0.11,9.6,0
2025-08-09,Tokyo,1,17.52,40.5,0
2025-08-10,Tokyo,1,0.86,2.27,0
2025-08-11,Tokyo,1,3.56,0.21,0
2025-08-12,Tokyo,2,16.09,16.32,0
2025-08-13,Tokyo,2,0.75,7.17,0
2025-08-14,Tokyo,2,33.83,5.59,0
2025-08-15,Tokyo,1,2.09,2.83,0
2025-08-16,Tokyo,1,1.61,0.8,0
2025-08-17,Tokyo,1,0.84,1.96,0
2025-08-18,Tokyo,2,11.99,16.2,0
2025-08-19,Tokyo,1,9.79,12.8,0
2025-08-20,Tokyo,2,5.43,41.64,0
2025-08-21,Tokyo,2,13.92,45.14,0
2025-08-22,Tokyo,1,7.69,23.74,0
2025-08-23,Tokyo,1,0.16,12.45,0
2025-08-24,Tokyo,1,0.13,0.4,0
2025-08-25,Tokyo,1,2.45,37.74,0
2025-08-26,Tokyo,0,5.42,2.63,0
2025-08-27,Tokyo,1,7.75,7.18,0
2025-08-28,Tokyo,1,6.62,25.92,0
2025-08-29,Tokyo,1,0.52,6.47,0
2025-08-30,Tokyo,1,12.17,5.44,0
2025-08-31,Tokyo,0,4.43,12.99,0
2025-09-01,Tokyo,1,8.99,7.12,0
2025-09-02,Tokyo,1,3.67,2.57,0
2025-09-03,Tokyo,1,8.32,3.85,0
2025-09-04,Tokyo,0,0.54,18.12,0
2025-09-05,Tokyo,0,7.39,21.33,0
2025-09-06,Tokyo,1,3.28,59.24,0
2025-09-07,Tokyo,1,5.15,5.08,0
2025-09-08,Tokyo,1,2.28,15.54,0
2025-09-09,Tokyo,0,0.93,4.84,0
2025-09-10,Tokyo,0,0.95,6.88,0
2025-09-11,Tokyo,0,1.06,13.67,0
2025-09-12,Tokyo,1,6.98,20.81,0
2025-09-13,Tokyo,1,10.62,0.59,0
2025-09-14,Tokyo,1,4.92,6.95,0
2025-09-15,Tokyo,1,10.23,9.65,0
2025-09-16,Tokyo,1,6.7,22.24,0
2025-09-17,Tokyo,1,7.0,5.14,0
2025-09-18,Tokyo,0,5.91,13.88,0
2025-09-19,Tokyo,1,12.31,0.96,0
2025-09-20,Tokyo,1,2.09,22.98,0
2025-09-21,Tokyo,1,37.21,3.64,0
2025-09-22,Tokyo,1,6.61,31.66,0
2025-09-23,Tokyo,1,10.98,2.72,0
2025-09-24,Tokyo,0,11.93,0.77,0
2025-09-25,Tokyo,0,5.5,14.94,0
2025-09-26,Tokyo,0,13.05,9.57,0
2025-09-27,Tokyo,0,2.73,7.54,0
2025-09-28,Tokyo,0,4.33,6.24,0
2025-09-29,Tokyo,0,0.77,17.94,0
2025-09-30,Tokyo,0,0.53,5.65,0
2025-10-01,Tokyo,0,1.19,3.17,0
2025-10-02,Tokyo,1,7.75,47.9,0
2025-10-03,Tokyo,0,1.97,3.83,0
2025-10-04,Tokyo,0,2.61,6.89,0
2025-10-05,Tokyo,0,0.77,2.94,0
2025-10-06,Tokyo,0,16.94,2.3,0
2025-10-07,Tokyo,0,12.58,4.04,0
2025-10-08,Tokyo,1,2.89,47.37,0
2025-10-09,Tokyo,1,6.78,16.47,0
2025-10-10,Tokyo,1,9.08,40.78,0
2025-10-11,Tokyo,0,1.02,4.18,0
2025-10-12,Tokyo,1,0.52,8.16,0
2025-10-13,Tokyo,0,2.12,13.3,0
2025-10-14,Tokyo,1,6.36,8.67,0
2025-10-15,Tokyo,1,38.0,7.47,0
2025-10-16,Tokyo,0,5.47,5.82,0
2025-10-17,Tokyo,1,3.57,39.73,0
2025-10-18,Tokyo,0,11.58,16.19,0
2025-10-19,Tokyo,0,2.43,32.92,0
2025-10-20,Tokyo,0,1.92,12.04,0
2025-10-21,Tokyo,0,2.75,2.33,0
2025-10-22,Tokyo,0,0.22,7.19,0
2025-10-23,Tokyo,0,0.35,17.54,0
2025-10-24,Tokyo,0,18.92,26.58,0
2025-10-25,Tokyo,0,3.75,7.75,0
2025-10-26,Tokyo,0,6.13,20.8,0
2025-10-27,Tokyo,1,3.66,5.37,0
2025-10-28,Tokyo,1,7.69,3.64,0
2025-10-29,Tokyo,0,4.93,9.58,0
2025-10-30,Tokyo,0,5.09,21.12,0
2025-10-31,Tokyo,0,2.02,8.41,0
2025-11-01,Tokyo,0,0.58,3.1,0
2025-11-02,Tokyo,0,3.04,1.37,0
2025-11-03,Tokyo,0,0.85,22.01,0
2025-11-04,Tokyo,1,7.99,21.35,0
2025-11-05,Tokyo,1,5.48,43.38,0
2025-11-06,Tokyo,1,11.02,13.07,0
2025-11-07,Tokyo,0,1.7,4.63,0
2025-11-08,Tokyo,1,0.49,22.81,0
2025-11-09,Tokyo,1,0.43,9.83,0
2025-11-10,Tokyo,0,3.57,7.32,0
2025-11-11,Tokyo,1,1.64,20.1,0
2025-11-12,Tokyo,1,0.07,10.32,0
2025-11-13,Tokyo,1,0.03,0.39,0
2025-11-14,Tokyo,1,0.25,0.34,0
2025-11-15,Tokyo,0,1.09,19.34,0
2025-11-16,Tokyo,0,0.74,10.68,0
2025-11-17,Tokyo,0,1.89,3.55,0
2025-11-18,Tokyo,0,1.12,21.76,0
2025-11-19,Tokyo,0,6.74,1.33,0
2025-11-20,Tokyo,0,4.08,9.77,0
2025-11-21,Tokyo,1,5.18,4.24,0
2025-11-22,Tokyo,0,0.81,5.94,0
2025-11-23,Tokyo,0,8.12,18.1,0
2025-11-24,Tokyo,1,2.56,3.98,0
2025-11-25,Tokyo,0,0.17,0.86,0
2025-11-26,Tokyo,0,2.09,1.79,0
2025-11-27,Tokyo,0,5.63,19.94,0
2025-11-28,Tokyo,0,6.23,0.58,0
2025-11-29,Tokyo,0,3.3,13.84,0
2025-11-30,Tokyo,0,4.64,17.07,0
2025-12-01,Tokyo,0,0.25,7.84,0
2025-12-02,Tokyo,0,3.44,7.63,0
2025-12-03,Tokyo,1,10.9,19.6,0
2025-12-04,Tokyo,0,1.47,0.6,0
2025-12-05,Tokyo,1,3.6,2.54,0
2025-12-06,Tokyo,1,1.88,20.43,0
2025-12-07,Tokyo,0,2.54,17.96,0
2025-12-08,Tokyo,0,7.78,3.11,0
2025-12-09,Tokyo,0,9.72,0.76,0
2025-12-10,Tokyo,0,17.58,18.46,0
2025-12-11,Tokyo,0,0.79,7.5,0
2025-12-12,Tokyo,0,5.94,36.6,0
2025-12-13,Tokyo,0,11.9,3.48,0
2025-12-14,Tokyo,0,8.57,0.23,0
2025-12-15,Tokyo,0,1.48,0.12,0
2025-12-16,Tokyo,0,0.63,5.72,0
2025-12-17,Tokyo,1,3.92,20.43,0
2025-12-18,Tokyo,1,0.16,42.61,0
2025-12-19,Tokyo,0,7.54,1.71,0
2025-12-20,Tokyo,0,0.6,25.93,0
2025-12-21,Tokyo,0,4.02,2.94,0
2025-12-22,Tokyo,0,6.29,2.73,0
2025-12-23,Tokyo,0,3.59,3.88,0
2025-12-24,Tokyo,0,2.12,5.23,0
2025-12-25,Tokyo,0,5.32,17.91,0
2025-12-26,Tokyo,0,2.46,13.15,0
2025-12-27,Tokyo,0,2.06,17.63,0
2025-12-28,Tokyo,0,9.09,34.57,0
2025-12-29,Tokyo,1,4.74,29.92,0
2025-12-30,Tokyo,0,2.34,36.41,0
2025-12-31,Tokyo,0,4.0,23.46,0
2023-01-01,Tanjung_Pelepas,2,10.9,57.11,0
2023-01-02,Tanjung_Pelepas,1,29.77,4.16,0
2023-01-03,Tanjung_Pelepas,2,40.01,48.56,1
2023-01-04,Tanjung_Pelepas,1,0.4,10.53,0
2023-01-05,Tanjung_Pelepas,1,18.98,9.3,0
2023-01-06,Tanjung_Pelepas,1,6.18,6.92,0
2023-01-07,Tanjung_Pelepas,1,13.36,8.09,0
2023-01-08,Tanjung_Pelepas,1,27.61,0.86,0
2023-01-09,Tanjung_Pelepas,1,17.02,65.9,0
2023-01-10,Tanjung_Pelepas,1,7.2,48.66,0
2023-01-11,Tanjung_Pelepas,1,0.64,22.42,0
2023-01-12,Tanjung_Pelepas,1,15.25,0.76,0
2023-01-13,Tanjung_Pelepas,1,14.06,7.91,0
2023-01-14,Tanjung_Pelepas,1,12.39,1.76,0
2023-01-15,Tanjung_Pelepas,1,9.56,17.66,0
2023-01-16,Tanjung_Pelepas,1,31.33,26.97,0
2023-01-17,Tanjung_Pelepas,1,0.77,3.15,0
2023-01-18,Tanjung_Pelepas,0,0.04,0.21,0
2023-01-19,Tanjung_Pelepas,1,3.2,14.14,0
2023-01-20,Tanjung_Pelepas,1,2.53,2.24,0
2023-01-21,Tanjung_Pelepas,1,3.18,0.39,0
2023-01-22,Tanjung_Pelepas,2,10.86,85.42,0
2023-01-23,Tanjung_Pelepas,2,4.8,5.2,1
2023-01-24,Tanjung_Pelepas,2,24.27,4.16,0
2023-01-25,Tanjung_Pelepas,1,4.05,34.05,0
2023-01-26,Tanjung_Pelepas,1,1.23,10.18,0
2023-01-27,Tanjung_Pelepas,1,8.22,43.99,0
2023-01-28,Tanjung_Pelepas,1,28.78,4.43,0
2023-01-29,Tanjung_Pelepas,1,1.06,13.44,0
2023-01-30,Tanjung_Pelepas,1,0.39,29.27,0
2023-01-31,Tanjung_Pelepas,1,3.6,9.87,0
2023-02-01,Tanjung_Pelepas,1,5.84,27.31,0
2023-02-02,Tanjung_Pelepas,1,4.73,19.62,0
2023-02-03,Tanjung_Pelepas,2,2.83,28.49,0
2023-02-04,Tanjung_Pelepas,1,4.62,17.18,0
2023-02-05,Tanjung_Pelepas,2,2.17,31.22,1
2023-02-06,Tanjung_Pelepas,1,0.77,59.44,0
2023-02-07,Tanjung_Pelepas,1,12.01,8.28,0
2023-02-08,Tanjung_Pelepas,0,0.09,11.42,0
2023-02-09,Tanjung_Pelepas,1,26.66,88.38,0
2023-02-10,Tanjung_Pelepas,1,1.9,42.76,0
2023-02-11,Tanjung_Pelepas,0,8.34,0.26,0
2023-02-12,Tanjung_Pelepas,1,32.39,57.57,0
2023-02-13,Tanjung_Pelepas,0,4.38,0.58,0
2023-02-14,Tanjung_Pelepas,1,3.76,5.81,0
2023-02-15,Tanjung_Pelepas,1,10.4,19.41,0
2023-02-16,Tanjung_Pelepas,1,1.19,3.71,0
2023-02-17,Tanjung_Pelepas,1,1.93,24.88,0
2023-02-18,Tanjung_Pelepas,1,5.95,2.74,0
2023-02-19,Tanjung_Pelepas,2,8.52,63.7,0
2023-02-20,Tanjung_Pelepas,1,19.02,42.86,0
2023-02-21,Tanjung_Pelepas,1,0.31,2.42,0
2023-02-22,Tanjung_Pelepas,1,1.92,45.16,0
2023-02-23,Tanjung_Pelepas,1,12.25,47.41,0
2023-02-24,Tanjung_Pelepas,1,0.1,11.97,0
2023-02-25,Tanjung_Pelepas,1,17.58,0.5,0
2023-02-26,Tanjung_Pelepas,1,3.28,37.02,0
2023-02-27,Tanjung_Pelepas,1,0.75,4.06,0
2023-02-28,Tanjung_Pelepas,1,6.06,13.42,0
2023-03-01,Tanjung_Pelepas,0,3.96,6.84,0
2023-03-02,Tanjung_Pelepas,0,8.38,13.36,0
2023-03-03,Tanjung_Pelepas,0,0.02,5.73,0
2023-03-04,Tanjung_Pelepas,0,0.46,8.09,0
2023-03-05,Tanjung_Pelepas,1,7.13,31.25,0
2023-03-06,Tanjung_Pelepas,1,14.35,32.83,0
2023-03-07,Tanjung_Pelepas,1,1.59,9.49,0
2023-03-08,Tanjung_Pelepas,1,1.98,2.6,0
2023-03-09,Tanjung_Pelepas,1,30.79,7.01,0
2023-03-10,Tanjung_Pelepas,1,6.67,44.9,0
2023-03-11,Tanjung_Pelepas,1,7.71,10.64,0
2023-03-12,Tanjung_Pelepas,1,3.8,22.26,0
2023-03-13,Tanjung_Pelepas,0,0.93,5.0,0
2023-03-14,Tanjung_Pelepas,0,0.57,4.13,0
2023-03-15,Tanjung_Pelepas,0,1.33,22.09,0
2023-03-16,Tanjung_Pelepas,0,11.85,3.19,0
2023-03-17,Tanjung_Pelepas,1,23.1,34.14,0
2023-03-18,Tanjung_Pelepas,0,0.27,3.99,0
2023-03-19,Tanjung_Pelepas,1,9.94,33.93,0
2023-03-20,Tanjung_Pelepas,1,3.35,44.85,0
2023-03-21,Tanjung_Pelepas,1,1.73,3.49,0
2023-03-22,Tanjung_Pelepas,0,4.15,8.8,0
2023-03-23,Tanjung_Pelepas,0,2.07,1.79,0
2023-03-24,Tanjung_Pelepas,0,8.49,28.13,0
2023-03-25,Tanjung_Pelepas,0,5.64,24.33,0
2023-03-26,Tanjung_Pelepas,0,2.44,14.33,0
2023-03-27,Tanjung_Pelepas,1,25.04,18.67,0
2023-03-28,Tanjung_Pelepas,1,8.29,20.06,0
2023-03-29,Tanjung_Pelepas,1,16.32,6.75,0
2023-03-30,Tanjung_Pelepas,0,5.93,8.03,0
2023-03-31,Tanjung_Pelepas,0,2.98,7.17,0
2023-04-01,Tanjung_Pelepas,1,2.99,6.96,0
2023-04-02,Tanjung_Pelepas,0,0.87,34.32,0
2023-04-03,Tanjung_Pelepas,0,1.28,4.68,0
2023-04-04,Tanjung_Pelepas,0,2.81,19.9,0
2023-04-05,Tanjung_Pelepas,0,5.84,5.19,0
2023-04-06,Tanjung_Pelepas,0,6.42,0.94,0
2023-04-07,Tanjung_Pelepas,0,8.09,20.08,0
2023-04-08,Tanjung_Pelepas,1,18.64,5.81,0
2023-04-09,Tanjung_Pelepas,1,7.87,20.48,0
2023-04-10,Tanjung_Pelepas,0,5.52,1.38,0
2023-04-11,Tanjung_Pelepas,0,2.1,3.17,0
2023-04-12,Tanjung_Pelepas,1,3.04,15.61,0
2023-04-13,Tanjung_Pelepas,1,7.23,19.95,0
2023-04-14,Tanjung_Pelepas,1,1.21,8.49,0
2023-04-15,Tanjung_Pelepas,0,8.91,11.49,0
2023-04-16,Tanjung_Pelepas,0,8.7,0.85,0
2023-04-17,Tanjung_Pelepas,0,0.88,15.4,0
2023-04-18,Tanjung_Pelepas,0,9.45,20.94,0
2023-04-19,Tanjung_Pelepas,0,4.0,2.2,0
2023-04-20,Tanjung_Pelepas,0,6.98,1.66,0
2023-04-21,Tanjung_Pelepas,0,0.77,1.12,0
2023-04-22,Tanjung_Pelepas,0,2.99,7.78,0
2023-04-23,Tanjung_Pelepas,0,2.56,5.51,0
2023-04-24,Tanjung_Pelepas,0,3.76,30.54,0
2023-04-25,Tanjung_Pelepas,0,3.92,41.76,0
2023-04-26,Tanjung_Pelepas,0,1.75,0.32,0
2023-04-27,Tanjung_Pelepas,0,11.59,4.2,0
2023-04-28,Tanjung_Pelepas,0,8.23,4.58,0
2023-04-29,Tanjung_Pelepas,0,5.17,12.09,0
2023-04-30,Tanjung_Pelepas,0,17.84,28.1,0
2023-05-01,Tanjung_Pelepas,0,1.93,0.52,0
2023-05-02,Tanjung_Pelepas,0,1.63,22.8,0
2023-05-03,Tanjung_Pelepas,0,14.05,9.74,0
2023-05-04,Tanjung_Pelepas,0,27.09,0.56,0
2023-05-05,Tanjung_Pelepas,0,6.73,4.7,0
2023-05-06,Tanjung_Pelepas,1,7.62,1.65,0
2023-05-07,Tanjung_Pelepas,1,4.39,15.04,0
2023-05-08,Tanjung_Pelepas,1,19.63,5.3,0
2023-05-09,Tanjung_Pelepas,1,1.99,7.74,0
2023-05-10,Tanjung_Pelepas,1,11.85,5.67,0
2023-05-11,Tanjung_Pelepas,0,1.62,0.07,0
2023-05-12,Tanjung_Pelepas,0,6.9,1.8,0
2023-05-13,Tanjung_Pelepas,0,2.39,1.49,0
2023-05-14,Tanjung_Pelepas,0,13.87,11.46,0
2023-05-15,Tanjung_Pelepas,0,0.79,37.58,0
2023-05-16,Tanjung_Pelepas,0,1.27,2.78,0
2023-05-17,Tanjung_Pelepas,1,3.09,7.81,0
2023-05-18,Tanjung_Pelepas,1,7.71,14.49,0
2023-05-19,Tanjung_Pelepas,0,0.79,10.95,0
2023-05-20,Tanjung_Pelepas,1,4.81,20.48,0
2023-05-21,Tanjung_Pelepas,1,1.64,21.78,0
2023-05-22,Tanjung_Pelepas,1,2.49,1.55,0
2023-05-23,Tanjung_Pelepas,0,0.68,18.84,0
2023-05-24,Tanjung_Pelepas,0,7.77,0.59,0
2023-05-25,Tanjung_Pelepas,0,8.92,5.25,0
2023-05-26,Tanjung_Pelepas,1,5.35,0.86,0
2023-05-27,Tanjung_Pelepas,0,1.64,3.39,0
2023-05-28,Tanjung_Pelepas,1,4.45,6.16,0
2023-05-29,Tanjung_Pelepas,0,6.37,5.89,0
2023-05-30,Tanjung_Pelepas,0,1.56,14.74,0
2023-05-31,Tanjung_Pelepas,0,6.36,8.78,0
2023-06-01,Tanjung_Pelepas,0,3.6,5.85,0
2023-06-02,Tanjung_Pelepas,0,8.44,18.54,0
2023-06-03,Tanjung_Pelepas,0,1.95,8.11,0
2023-06-04,Tanjung_Pelepas,0,7.65,1.43,0
2023-06-05,Tanjung_Pelepas,0,39.92,17.22,0
2023-06-06,Tanjung_Pelepas,0,3.29,17.23,0
2023-06-07,Tanjung_Pelepas,0,3.49,11.22,0
2023-06-08,Tanjung_Pelepas,0,10.56,6.31,0
2023-06-09,Tanjung_Pelepas,0,2.41,3.83,0
2023-06-10,Tanjung_Pelepas,1,0.31,17.31,0
2023-06-11,Tanjung_Pelepas,0,2.67,11.22,0
2023-06-12,Tanjung_Pelepas,0,3.36,6.26,0
2023-06-13,Tanjung_Pelepas,0,6.4,3.02,0
2023-06-14,Tanjung_Pelepas,0,5.24,17.92,0
2023-06-15,Tanjung_Pelepas,0,3.04,29.39,0
2023-06-16,Tanjung_Pelepas,0,2.39,8.48,0
2023-06-17,Tanjung_Pelepas,0,0.68,11.98,0
2023-06-18,Tanjung_Pelepas,0,0.99,0.21,0
2023-06-19,Tanjung_Pelepas,0,4.02,8.35,0
2023-06-20,Tanjung_Pelepas,0,8.26,3.82,0
2023-06-21,Tanjung_Pelepas,0,2.28,5.77,0
2023-06-22,Tanjung_Pelepas,0,5.95,5.77,0
2023-06-23,Tanjung_Pelepas,0,2.02,17.12,0
2023-06-24,Tanjung_Pelepas,0,0.08,12.02,0
2023-06-25,Tanjung_Pelepas,0,7.99,11.31,0
2023-06-26,Tanjung_Pelepas,0,13.29,20.05,0
2023-06-27,Tanjung_Pelepas,0,5.53,6.53,0
2023-06-28,Tanjung_Pelepas,1,4.74,37.4,0
2023-06-29,Tanjung_Pelepas,1,8.92,0.67,0
2023-06-30,Tanjung_Pelepas,0,7.96,6.25,0
2023-07-01,Tanjung_Pelepas,0,4.1,0.94,0
2023-07-02,Tanjung_Pelepas,0,6.79,8.32,0
2023-07-03,Tanjung_Pelepas,0,6.04,0.78,0
2023-07-04,Tanjung_Pelepas,1,0.53,8.55,0
2023-07-05,Tanjung_Pelepas,0,2.6,7.11,0
2023-07-06,Tanjung_Pelepas,0,8.71,4.08,0
2023-07-07,Tanjung_Pelepas,0,2.72,3.91,0
2023-07-08,Tanjung_Pelepas,0,1.89,3.03,0
2023-07-09,Tanjung_Pelepas,1,1.27,12.84,0
2023-07-10,Tanjung_Pelepas,0,1.61,35.5,0
2023-07-11,Tanjung_Pelepas,0,7.08,15.29,0
2023-07-12,Tanjung_Pelepas,0,2.04,3.14,0
2023-07-13,Tanjung_Pelepas,0,5.41,7.35,0
2023-07-14,Tanjung_Pelepas,0,1.57,24.11,0
2023-07-15,Tanjung_Pelepas,0,4.28,0.39,0
2023-07-16,Tanjung_Pelepas,0,2.27,4.16,0
2023-07-17,Tanjung_Pelepas,0,7.3,44.53,0
2023-07-18,Tanjung_Pelepas,0,5.72,14.31,0
2023-07-19,Tanjung_Pelepas,0,9.99,35.13,0
2023-07-20,Tanjung_Pelepas,0,3.81,3.77,0
2023-07-21,Tanjung_Pelepas,0,6.37,3.97,0
2023-07-22,Tanjung_Pelepas,1,21.27,36.45,0
2023-07-23,Tanjung_Pelepas,1,13.63,5.08,0
2023-07-24,Tanjung_Pelepas,1,0.2,5.84,0
2023-07-25,Tanjung_Pelepas,1,33.41,21.95,0
2023-07-26,Tanjung_Pelepas,1,1.38,12.98,0
2023-07-27,Tanjung_Pelepas,0,8.76,11.83,0
2023-07-28,Tanjung_Pelepas,0,4.56,2.16,0
2023-07-29,Tanjung_Pelepas,0,8.85,5.84,0
2023-07-30,Tanjung_Pelepas,0,2.76,1.42,0
2023-07-31,Tanjung_Pelepas,0,3.76,12.52,0
2023-08-01,Tanjung_Pelepas,0,1.1,11.81,0
2023-08-02,Tanjung_Pelepas,0,2.81,3.42,0
2023-08-03,Tanjung_Pelepas,0,0.07,5.98,0
2023-08-04,Tanjung_Pelepas,0,3.06,17.5,0
2023-08-05,Tanjung_Pelepas,0,0.22,15.92,0
2023-08-06,Tanjung_Pelepas,1,24.58,14.4,0
2023-08-07,Tanjung_Pelepas,1,0.08,7.87,0
2023-08-08,Tanjung_Pelepas,0,0.3,2.68,0
2023-08-09,Tanjung_Pelepas,0,13.53,16.82,0
2023-08-10,Tanjung_Pelepas,0,3.68,33.96,0
2023-08-11,Tanjung_Pelepas,0,6.46,10.88,0
2023-08-12,Tanjung_Pelepas,0,16.71,9.04,0
2023-08-13,Tanjung_Pelepas,0,1.65,14.47,0
2023-08-14,Tanjung_Pelepas,0,14.46,0.15,0
2023-08-15,Tanjung_Pelepas,0,1.68,2.18,0
2023-08-16,Tanjung_Pelepas,0,11.99,5.96,0
2023-08-17,Tanjung_Pelepas,0,5.7,3.03,0
2023-08-18,Tanjung_Pelepas,0,23.73,0.82,0
2023-08-19,Tanjung_Pelepas,0,8.93,41.77,0
2023-08-20,Tanjung_Pelepas,0,0.4,5.21,0
2023-08-21,Tanjung_Pelepas,0,7.87,21.77,0
2023-08-22,Tanjung_Pelepas,1,8.19,0.28,0
2023-08-23,Tanjung_Pelepas,0,2.55,3.41,0
2023-08-24,Tanjung_Pelepas,1,3.17,1.05,0
2023-08-25,Tanjung_Pelepas,0,0.0,0.13,0
2023-08-26,Tanjung_Pelepas,0,3.67,3.94,0
2023-08-27,Tanjung_Pelepas,1,11.1,1.07,0
2023-08-28,Tanjung_Pelepas,1,2.51,42.36,0
2023-08-29,Tanjung_Pelepas,1,13.89,26.15,0
2023-08-30,Tanjung_Pelepas,0,4.33,5.43,0
2023-08-31,Tanjung_Pelepas,0,6.0,0.77,0
2023-09-01,Tanjung_Pelepas,0,6.6,10.0,0
2023-09-02,Tanjung_Pelepas,0,13.84,56.74,0
2023-09-03,Tanjung_Pelepas,0,0.17,1.06,0
2023-09-04,Tanjung_Pelepas,0,2.19,2.1,0
2023-09-05,Tanjung_Pelepas,1,34.24,4.56,0
2023-09-06,Tanjung_Pelepas,1,2.61,5.71,0
2023-09-07,Tanjung_Pelepas,1,14.28,8.12,0
2023-09-08,Tanjung_Pelepas,1,3.74,24.29,0
2023-09-09,Tanjung_Pelepas,1,0.16,12.71,0
2023-09-10,Tanjung_Pelepas,1,15.24,42.74,0
2023-09-11,Tanjung_Pelepas,1,0.63,14.35,0
2023-09-12,Tanjung_Pelepas,0,4.35,4.15,0
2023-09-13,Tanjung_Pelepas,0,5.43,1.06,0
2023-09-14,Tanjung_Pelepas,0,3.04,2.88,0
2023-09-15,Tanjung_Pelepas,0,0.86,15.47,0
2023-09-16,Tanjung_Pelepas,0,6.11,9.44,0
2023-09-17,Tanjung_Pelepas,1,16.41,15.55,0
2023-09-18,Tanjung_Pelepas,1,2.85,10.49,0
2023-09-19,Tanjung_Pelepas,0,7.96,22.58,0
2023-09-20,Tanjung_Pelepas,0,3.14,9.99,0
2023-09-21,Tanjung_Pelepas,1,16.96,7.27,0
2023-09-22,Tanjung_Pelepas,0,17.43,2.98,0
2023-09-23,Tanjung_Pelepas,1,4.05,23.31,0
2023-09-24,Tanjung_Pelepas,1,2.41,8.11,0
2023-09-25,Tanjung_Pelepas,1,7.71,35.98,0
2023-09-26,Tanjung_Pelepas,1,6.68,20.0,0
2023-09-27,Tanjung_Pelepas,1,4.9,8.9,0
2023-09-28,Tanjung_Pelepas,1,6.81,4.96,0
2023-09-29,Tanjung_Pelepas,1,2.37,1.75,0
2023-09-30,Tanjung_Pelepas,1,21.42,1.44,0
2023-10-01,Tanjung_Pelepas,1,0.54,9.02,0
2023-10-02,Tanjung_Pelepas,1,2.17,19.62,0
2023-10-03,Tanjung_Pelepas,1,13.5,22.42,0
2023-10-04,Tanjung_Pelepas,1,13.15,26.89,0
2023-10-05,Tanjung_Pelepas,1,6.89,35.37,0
2023-10-06,Tanjung_Pelepas,1,13.43,7.62,0
2023-10-07,Tanjung_Pelepas,1,25.44,35.33,0
2023-10-08,Tanjung_Pelepas,1,1.96,6.71,0
2023-10-09,Tanjung_Pelepas,1,9.28,11.06,0
2023-10-10,Tanjung_Pelepas,1,3.18,6.1,0
2023-10-11,Tanjung_Pelepas,1,6.35,85.53,0
2023-10-12,Tanjung_Pelepas,1,1.45,3.0,0
2023-10-13,Tanjung_Pelepas,1,4.52,4.75,0
2023-10-14,Tanjung_Pelepas,1,11.28,1.91,0
2023-10-15,Tanjung_Pelepas,2,40.21,14.09,0
2023-10-16,Tanjung_Pelepas,1,2.13,30.51,0
2023-10-17,Tanjung_Pelepas,1,3.42,6.57,0
2023-10-18,Tanjung_Pelepas,1,6.56,10.21,0
2023-10-19,Tanjung_Pelepas,1,0.09,15.68,0
2023-10-20,Tanjung_Pelepas,1,8.33,9.62,0
2023-10-21,Tanjung_Pelepas,1,4.2,3.91,0
2023-10-22,Tanjung_Pelepas,1,2.75,12.37,0
2023-10-23,Tanjung_Pelepas,0,2.42,4.05,0
2023-10-24,Tanjung_Pelepas,1,18.65,7.08,0
2023-10-25,Tanjung_Pelepas,0,1.36,6.24,0
2023-10-26,Tanjung_Pelepas,0,0.54,0.93,0
2023-10-27,Tanjung_Pelepas,1,6.77,10.21,0
2023-10-28,Tanjung_Pelepas,2,2.72,15.27,0
2023-10-29,Tanjung_Pelepas,2,9.77,31.46,0
2023-10-30,Tanjung_Pelepas,2,17.57,25.86,1
2023-10-31,Tanjung_Pelepas,1,4.36,3.7,0
2023-11-01,Tanjung_Pelepas,1,5.58,12.5,0
2023-11-02,Tanjung_Pelepas,1,7.57,43.54,0
2023-11-03,Tanjung_Pelepas,1,1.38,57.61,0
2023-11-04,Tanjung_Pelepas,1,6.63,13.47,0
2023-11-05,Tanjung_Pelepas,1,23.33,17.19,0
2023-11-06,Tanjung_Pelepas,1,4.55,18.01,0
2023-11-07,Tanjung_Pelepas,1,13.44,39.38,0
2023-11-08,Tanjung_Pelepas,1,4.53,12.07,0
2023-11-09,Tanjung_Pelepas,1,0.59,3.12,0
2023-11-10,Tanjung_Pelepas,2,1.05,52.64,0
2023-11-11,Tanjung_Pelepas,2,11.02,58.91,0
2023-11-12,Tanjung_Pelepas,1,12.83,4.63,0
2023-11-13,Tanjung_Pelepas,1,3.22,4.69,0
2023-11-14,Tanjung_Pelepas,0,1.85,7.29,0
2023-11-15,Tanjung_Pelepas,0,1.46,3.96,0
2023-11-16,Tanjung_Pelepas,0,0.67,6.09,0
2023-11-17,Tanjung_Pelepas,0,6.97,13.69,0
2023-11-18,Tanjung_Pelepas,0,2.7,3.04,0
2023-11-19,Tanjung_Pelepas,0,1.64,21.71,0
2023-11-20,Tanjung_Pelepas,1,2.23,2.64,0
2023-11-21,Tanjung_Pelepas,1,6.26,9.53,0
2023-11-22,Tanjung_Pelepas,1,10.17,3.2,0
2023-11-23,Tanjung_Pelepas,1,5.92,11.45,0
2023-11-24,Tanjung_Pelepas,1,6.93,6.12,0
2023-11-25,Tanjung_Pelepas,1,2.86,7.12,0
2023-11-26,Tanjung_Pelepas,1,1.57,6.04,0
2023-11-27,Tanjung_Pelepas,1,0.23,12.54,0
2023-11-28,Tanjung_Pelepas,1,3.04,19.53,0
2023-11-29,Tanjung_Pelepas,1,9.24,32.46,0
2023-11-30,Tanjung_Pelepas,2,15.5,8.71,0
2023-12-01,Tanjung_Pelepas,2,3.23,31.03,1
2023-12-02,Tanjung_Pelepas,2,6.31,1.5,1
2023-12-03,Tanjung_Pelepas,1,19.92,9.54,0
2023-12-04,Tanjung_Pelepas,1,0.45,1.95,0
2023-12-05,Tanjung_Pelepas,1,7.05,2.53,0
2023-12-06,Tanjung_Pelepas,1,29.5,5.03,0
2023-12-07,Tanjung_Pelepas,1,0.4,11.07,0
2023-12-08,Tanjung_Pelepas,1,3.36,9.12,0
2023-12-09,Tanjung_Pelepas,1,1.68,12.41,0
2023-12-10,Tanjung_Pelepas,1,1.87,71.49,0
2023-12-11,Tanjung_Pelepas,1,3.91,13.63,0
2023-12-12,Tanjung_Pelepas,1,3.8,22.33,0
2023-12-13,Tanjung_Pelepas,1,5.85,12.78,0
2023-12-14,Tanjung_Pelepas,2,1.34,14.04,0
2023-12-15,Tanjung_Pelepas,1,3.86,22.29,0
2023-12-16,Tanjung_Pelepas,2,2.83,40.82,1
2023-12-17,Tanjung_Pelepas,2,11.6,15.57,0
2023-12-18,Tanjung_Pelepas,2,26.83,68.22,0
2023-12-19,Tanjung_Pelepas,1,1.43,3.56,0
2023-12-20,Tanjung_Pelepas,2,44.99,59.2,0
2023-12-21,Tanjung_Pelepas,1,9.25,31.31,0
2023-12-22,Tanjung_Pelepas,1,2.16,17.67,0
2023-12-23,Tanjung_Pelepas,1,3.2,34.53,0
2023-12-24,Tanjung_Pelepas,1,16.28,1.2,0
2023-12-25,Tanjung_Pelepas,1,4.89,0.13,0
2023-12-26,Tanjung_Pelepas,2,35.17,28.14,0
2023-12-27,Tanjung_Pelepas,1,1.46,1.94,0
2023-12-28,Tanjung_Pelepas,2,4.37,4.54,0
2023-12-29,Tanjung_Pelepas,2,2.55,34.32,0
2023-12-30,Tanjung_Pelepas,2,12.47,27.2,0
2023-12-31,Tanjung_Pelepas,1,16.64,17.98,0
2024-01-01,Tanjung_Pelepas,1,0.36,18.58,0
2024-01-02,Tanjung_Pelepas,1,4.56,5.39,0
2024-01-03,Tanjung_Pelepas,1,13.35,0.41,0
2024-01-04,Tanjung_Pelepas,1,6.96,1.69,0
2024-01-05,Tanjung_Pelepas,0,19.42,11.62,0
2024-01-06,Tanjung_Pelepas,1,2.96,5.71,0
2024-01-07,Tanjung_Pelepas,1,5.81,22.73,0
2024-01-08,Tanjung_Pelepas,1,8.65,34.92,0
2024-01-09,Tanjung_Pelepas,1,6.73,24.21,0
2024-01-10,Tanjung_Pelepas,1,0.91,10.19,0
2024-01-11,Tanjung_Pelepas,1,0.26,12.32,0
2024-01-12,Tanjung_Pelepas,1,12.36,17.85,0
2024-01-13,Tanjung_Pelepas,1,7.25,7.17,0
2024-01-14,Tanjung_Pelepas,2,13.88,10.83,0
2024-01-15,Tanjung_Pelepas,2,10.49,14.96,0
2024-01-16,Tanjung_Pelepas,2,3.08,31.84,0
2024-01-17,Tanjung_Pelepas,2,8.26,88.47,0
2024-01-18,Tanjung_Pelepas,2,44.04,4.39,1
2024-01-19,Tanjung_Pelepas,1,3.92,12.47,0
2024-01-20,Tanjung_Pelepas,1,15.21,25.94,0
2024-01-21,Tanjung_Pelepas,1,1.5,3.98,0
2024-01-22,Tanjung_Pelepas,1,10.99,37.27,0
2024-01-23,Tanjung_Pelepas,1,0.04,43.61,0
2024-01-24,Tanjung_Pelepas,1,15.57,15.24,0
2024-01-25,Tanjung_Pelepas,2,1.67,30.3,0
2024-01-26,Tanjung_Pelepas,1,11.77,15.77,0
2024-01-27,Tanjung_Pelepas,1,2.46,7.61,0
2024-01-28,Tanjung_Pelepas,2,21.91,9.22,0
2024-01-29,Tanjung_Pelepas,1,7.03,2.02,0
2024-01-30,Tanjung_Pelepas,1,6.88,26.56,0
2024-01-31,Tanjung_Pelepas,2,1.9,29.26,0
2024-02-01,Tanjung_Pelepas,1,1.1,6.78,0
2024-02-02,Tanjung_Pelepas,1,4.61,19.05,0
2024-02-03,Tanjung_Pelepas,2,13.85,36.21,0
2024-02-04,Tanjung_Pelepas,1,8.87,5.07,0
2024-02-05,Tanjung_Pelepas,1,6.73,2.54,0
2024-02-06,Tanjung_Pelepas,0,2.98,0.91,0
2024-02-07,Tanjung_Pelepas,1,23.96,0.57,0
2024-02-08,Tanjung_Pelepas,1,3.33,4.43,0
2024-02-09,Tanjung_Pelepas,2,2.51,38.81,0
2024-02-10,Tanjung_Pelepas,1,6.54,1.18,0
2024-02-11,Tanjung_Pelepas,2,29.45,29.26,0
2024-02-12,Tanjung_Pelepas,1,0.2,20.11,0
2024-02-13,Tanjung_Pelepas,2,0.27,11.59,0
2024-02-14,Tanjung_Pelepas,1,11.74,19.66,0
2024-02-15,Tanjung_Pelepas,1,7.23,26.91,0
2024-02-16,Tanjung_Pelepas,1,1.27,40.63,0
2024-02-17,Tanjung_Pelepas,1,8.75,1.78,0
2024-02-18,Tanjung_Pelepas,1,12.14,7.34,0
2024-02-19,Tanjung_Pelepas,0,1.07,4.64,0
2024-02-20,Tanjung_Pelepas,1,53.74,23.2,0
2024-02-21,Tanjung_Pelepas,1,1.87,3.65,0
2024-02-22,Tanjung_Pelepas,1,7.55,1.23,0
2024-02-23,Tanjung_Pelepas,1,7.5,33.88,0
2024-02-24,Tanjung_Pelepas,1,5.94,2.61,0
2024-02-25,Tanjung_Pelepas,1,2.89,46.68,0
2024-02-26,Tanjung_Pelepas,1,1.08,12.33,0
2024-02-27,Tanjung_Pelepas,1,1.09,12.54,0
2024-02-28,Tanjung_Pelepas,1,1.28,13.17,0
2024-02-29,Tanjung_Pelepas,1,3.58,31.83,0
2024-03-01,Tanjung_Pelepas,2,0.8,8.75,0
2024-03-02,Tanjung_Pelepas,1,4.74,41.29,0
2024-03-03,Tanjung_Pelepas,1,2.75,40.24,0
2024-03-04,Tanjung_Pelepas,1,0.13,12.48,0
2024-03-05,Tanjung_Pelepas,2,6.14,17.4,0
2024-03-06,Tanjung_Pelepas,2,3.41,14.69,0
2024-03-07,Tanjung_Pelepas,2,6.63,46.8,1
2024-03-08,Tanjung_Pelepas,2,5.31,0.06,0
2024-03-09,Tanjung_Pelepas,2,19.6,32.54,0
2024-03-10,Tanjung_Pelepas,2,5.15,67.75,1
2024-03-11,Tanjung_Pelepas,2,30.07,28.83,0
2024-03-12,Tanjung_Pelepas,1,15.84,15.23,0
2024-03-13,Tanjung_Pelepas,1,4.0,11.11,0
2024-03-14,Tanjung_Pelepas,1,7.52,3.9,0
2024-03-15,Tanjung_Pelepas,1,3.43,0.59,0
2024-03-16,Tanjung_Pelepas,1,10.58,6.53,0
2024-03-17,Tanjung_Pelepas,1,12.29,57.16,0
2024-03-18,Tanjung_Pelepas,1,15.44,35.08,0
2024-03-19,Tanjung_Pelepas,1,7.87,0.1,0
2024-03-20,Tanjung_Pelepas,2,0.06,10.92,0
2024-03-21,Tanjung_Pelepas,2,1.78,0.96,0
2024-03-22,Tanjung_Pelepas,2,18.4,13.21,0
2024-03-23,Tanjung_Pelepas,1,5.88,8.29,0
2024-03-24,Tanjung_Pelepas,1,30.3,14.57,0
2024-03-25,Tanjung_Pelepas,1,6.12,4.84,0
2024-03-26,Tanjung_Pelepas,1,3.49,16.75,0
2024-03-27,Tanjung_Pelepas,1,6.41,39.49,0
2024-03-28,Tanjung_Pelepas,1,1.2,6.83,0
2024-03-29,Tanjung_Pelepas,2,6.23,2.11,1
2024-03-30,Tanjung_Pelepas,1,16.56,2.58,0
2024-03-31,Tanjung_Pelepas,1,2.34,3.58,0
2024-04-01,Tanjung_Pelepas,1,0.54,0.33,0
2024-04-02,Tanjung_Pelepas,1,2.3,16.28,0
2024-04-03,Tanjung_Pelepas,0,30.59,11.02,0
2024-04-04,Tanjung_Pelepas,1,1.22,2.75,0
2024-04-05,Tanjung_Pelepas,0,5.76,6.77,0
2024-04-06,Tanjung_Pelepas,1,18.33,5.6,0
2024-04-07,Tanjung_Pelepas,1,4.24,23.29,0
2024-04-08,Tanjung_Pelepas,1,9.81,14.73,0
2024-04-09,Tanjung_Pelepas,1,14.35,33.57,0
2024-04-10,Tanjung_Pelepas,1,5.57,2.27,0
2024-04-11,Tanjung_Pelepas,1,3.3,6.48,0
2024-04-12,Tanjung_Pelepas,1,0.5,8.22,0
2024-04-13,Tanjung_Pelepas,1,7.19,5.69,0
2024-04-14,Tanjung_Pelepas,1,4.32,13.45,0
2024-04-15,Tanjung_Pelepas,0,0.46,1.31,0
2024-04-16,Tanjung_Pelepas,0,4.65,15.18,0
2024-04-17,Tanjung_Pelepas,0,17.19,6.34,0
2024-04-18,Tanjung_Pelepas,0,0.21,59.7,0
2024-04-19,Tanjung_Pelepas,1,14.54,24.63,0
2024-04-20,Tanjung_Pelepas,1,20.29,2.45,0
2024-04-21,Tanjung_Pelepas,0,7.77,34.07,0
2024-04-22,Tanjung_Pelepas,1,2.08,16.62,0
2024-04-23,Tanjung_Pelepas,0,5.2,1.0,0
2024-04-24,Tanjung_Pelepas,0,2.54,15.61,0
2024-04-25,Tanjung_Pelepas,0,3.46,1.26,0
2024-04-26,Tanjung_Pelepas,0,7.08,3.16,0
2024-04-27,Tanjung_Pelepas,0,6.07,8.42,0
2024-04-28,Tanjung_Pelepas,0,0.5,7.71,0
2024-04-29,Tanjung_Pelepas,0,4.1,1.21,0
2024-04-30,Tanjung_Pelepas,0,4.9,1.57,0
2024-05-01,Tanjung_Pelepas,0,0.19,2.14,0
2024-05-02,Tanjung_Pelepas,0,1.32,1.26,0
2024-05-03,Tanjung_Pelepas,0,2.06,2.82,0
2024-05-04,Tanjung_Pelepas,0,0.51,6.94,0
2024-05-05,Tanjung_Pelepas,1,3.23,17.28,0
2024-05-06,Tanjung_Pelepas,0,9.52,26.6,0
2024-05-07,Tanjung_Pelepas,0,2.34,3.23,0
2024-05-08,Tanjung_Pelepas,1,14.34,7.67,0
2024-05-09,Tanjung_Pelepas,1,0.94,23.84,0
2024-05-10,Tanjung_Pelepas,0,13.55,5.43,0
2024-05-11,Tanjung_Pelepas,0,3.26,17.89,0
2024-05-12,Tanjung_Pelepas,0,0.33,19.99,0
2024-05-13,Tanjung_Pelepas,0,1.38,12.58,0
2024-05-14,Tanjung_Pelepas,0,8.98,9.6,0
2024-05-15,Tanjung_Pelepas,0,17.73,14.11,0
2024-05-16,Tanjung_Pelepas,0,2.9,2.81,0
2024-05-17,Tanjung_Pelepas,0,3.06,6.2,0
2024-05-18,Tanjung_Pelepas,0,1.13,19.26,0
2024-05-19,Tanjung_Pelepas,0,9.75,2.64,0
2024-05-20,Tanjung_Pelepas,0,6.01,3.01,0
2024-05-21,Tanjung_Pelepas,1,3.83,4.34,0
2024-05-22,Tanjung_Pelepas,0,27.15,0.9,0
2024-05-23,Tanjung_Pelepas,0,2.32,2.71,0
2024-05-24,Tanjung_Pelepas,0,4.55,2.21,0
2024-05-25,Tanjung_Pelepas,0,1.4,24.27,0
2024-05-26,Tanjung_Pelepas,0,6.36,6.69,0
2024-05-27,Tanjung_Pelepas,0,5.23,15.79,0
2024-05-28,Tanjung_Pelepas,0,1.02,9.14,0
2024-05-29,Tanjung_Pelepas,0,0.42,3.4,0
2024-05-30,Tanjung_Pelepas,0,0.74,4.22,0
2024-05-31,Tanjung_Pelepas,0,2.47,0.95,0
2024-06-01,Tanjung_Pelepas,0,9.02,7.12,0
2024-06-02,Tanjung_Pelepas,0,13.2,8.92,0
2024-06-03,Tanjung_Pelepas,0,1.55,10.28,0
2024-06-04,Tanjung_Pelepas,0,7.89,29.0,0
2024-06-05,Tanjung_Pelepas,0,12.16,1.15,0
2024-06-06,Tanjung_Pelepas,0,1.35,17.6,0
2024-06-07,Tanjung_Pelepas,0,31.0,11.45,0
2024-06-08,Tanjung_Pelepas,0,9.4,4.85,0
2024-06-09,Tanjung_Pelepas,0,1.4,1.19,0
2024-06-10,Tanjung_Pelepas,0,5.97,24.8,0
2024-06-11,Tanjung_Pelepas,0,2.99,2.47,0
2024-06-12,Tanjung_Pelepas,0,0.4,4.14,0
2024-06-13,Tanjung_Pelepas,0,1.64,3.1,0
2024-06-14,Tanjung_Pelepas,0,0.09,4.8,0
2024-06-15,Tanjung_Pelepas,0,5.11,4.87,0
2024-06-16,Tanjung_Pelepas,0,0.45,11.91,0
2024-06-17,Tanjung_Pelepas,0,2.09,8.12,0
2024-06-18,Tanjung_Pelepas,0,0.12,15.33,0
2024-06-19,Tanjung_Pelepas,0,3.13,12.83,0
2024-06-20,Tanjung_Pelepas,0,1.0,4.99,0
2024-06-21,Tanjung_Pelepas,0,1.03,16.42,0
2024-06-22,Tanjung_Pelepas,0,0.0,37.17,0
2024-06-23,Tanjung_Pelepas,0,18.35,7.6,0
2024-06-24,Tanjung_Pelepas,1,1.96,9.88,0
2024-06-25,Tanjung_Pelepas,1,7.71,14.81,0
2024-06-26,Tanjung_Pelepas,0,6.03,8.77,0
2024-06-27,Tanjung_Pelepas,0,3.66,10.25,0
2024-06-28,Tanjung_Pelepas,0,2.68,10.31,0
2024-06-29,Tanjung_Pelepas,0,5.03,19.23,0
2024-06-30,Tanjung_Pelepas,0,4.26,10.7,0
2024-07-01,Tanjung_Pelepas,0,0.78,0.21,0
2024-07-02,Tanjung_Pelepas,0,0.24,9.15,0
2024-07-03,Tanjung_Pelepas,0,3.44,2.2,0
2024-07-04,Tanjung_Pelepas,0,2.36,15.57,0
2024-07-05,Tanjung_Pelepas,0,5.95,14.83,0
2024-07-06,Tanjung_Pelepas,0,2.25,3.59,0
2024-07-07,Tanjung_Pelepas,0,0.53,0.25,0
2024-07-08,Tanjung_Pelepas,0,2.41,2.69,0
2024-07-09,Tanjung_Pelepas,0,1.13,2.98,0
2024-07-10,Tanjung_Pelepas,0,3.99,44.38,0
2024-07-11,Tanjung_Pelepas,1,0.21,13.7,0
2024-07-12,Tanjung_Pelepas,0,5.78,11.74,0
2024-07-13,Tanjung_Pelepas,1,5.91,4.83,0
2024-07-14,Tanjung_Pelepas,1,1.97,2.41,0
2024-07-15,Tanjung_Pelepas,1,4.93,4.9,0
2024-07-16,Tanjung_Pelepas,1,30.68,14.8,0
2024-07-17,Tanjung_Pelepas,1,0.16,5.1,0
2024-07-18,Tanjung_Pelepas,1,7.86,0.13,0
2024-07-19,Tanjung_Pelepas,1,3.67,12.98,0
2024-07-20,Tanjung_Pelepas,1,8.85,7.24,0
2024-07-21,Tanjung_Pelepas,0,0.71,12.27,0
2024-07-22,Tanjung_Pelepas,0,0.61,2.67,0
2024-07-23,Tanjung_Pelepas,1,0.42,13.48,0
2024-07-24,Tanjung_Pelepas,1,5.33,17.86,0
2024-07-25,Tanjung_Pelepas,0,0.56,19.48,0
2024-07-26,Tanjung_Pelepas,0,3.33,2.18,0
2024-07-27,Tanjung_Pelepas,0,7.97,26.47,0
2024-07-28,Tanjung_Pelepas,0,4.79,20.49,0
2024-07-29,Tanjung_Pelepas,0,0.65,0.27,0
2024-07-30,Tanjung_Pelepas,0,3.78,22.48,0
2024-07-31,Tanjung_Pelepas,0,5.49,26.26,0
2024-08-01,Tanjung_Pelepas,0,3.47,8.92,0
2024-08-02,Tanjung_Pelepas,0,1.67,9.97,0
2024-08-03,Tanjung_Pelepas,0,11.74,2.34,0
2024-08-04,Tanjung_Pelepas,0,1.13,3.77,0
2024-08-05,Tanjung_Pelepas,1,4.57,6.8,0
2024-08-06,Tanjung_Pelepas,1,4.77,0.94,0
2024-08-07,Tanjung_Pelepas,1,26.56,41.18,0
2024-08-08,Tanjung_Pelepas,0,5.79,28.57,0
2024-08-09,Tanjung_Pelepas,0,4.74,16.03,0
2024-08-10,Tanjung_Pelepas,0,3.75,20.94,0
2024-08-11,Tanjung_Pelepas,0,3.42,7.18,0
2024-08-12,Tanjung_Pelepas,0,11.9,4.77,0
2024-08-13,Tanjung_Pelepas,0,12.84,5.72,0
2024-08-14,Tanjung_Pelepas,1,13.17,26.09,0
2024-08-15,Tanjung_Pelepas,0,3.27,18.78,0
2024-08-16,Tanjung_Pelepas,0,11.64,4.77,0
2024-08-17,Tanjung_Pelepas,0,0.13,1.82,0
2024-08-18,Tanjung_Pelepas,0,1.39,13.23,0
2024-08-19,Tanjung_Pelepas,0,0.24,1.32,0
2024-08-20,Tanjung_Pelepas,1,10.38,73.78,0
2024-08-21,Tanjung_Pelepas,1,24.63,26.69,0
2024-08-22,Tanjung_Pelepas,1,6.46,6.95,0
2024-08-23,Tanjung_Pelepas,1,3.98,87.43,0
2024-08-24,Tanjung_Pelepas,1,3.55,17.8,0
2024-08-25,Tanjung_Pelepas,0,0.39,1.51,0
2024-08-26,Tanjung_Pelepas,0,0.57,11.36,0
2024-08-27,Tanjung_Pelepas,0,0.25,1.79,0
2024-08-28,Tanjung_Pelepas,0,35.21,1.26,0
2024-08-29,Tanjung_Pelepas,0,1.84,26.61,0
2024-08-30,Tanjung_Pelepas,0,2.25,23.44,0
2024-08-31,Tanjung_Pelepas,0,0.76,23.7,0
2024-09-01,Tanjung_Pelepas,1,0.43,3.2,0
2024-09-02,Tanjung_Pelepas,1,9.33,11.85,0
2024-09-03,Tanjung_Pelepas,1,3.96,8.41,0
2024-09-04,Tanjung_Pelepas,1,6.51,13.04,0
2024-09-05,Tanjung_Pelepas,1,7.06,12.27,0
2024-09-06,Tanjung_Pelepas,0,3.8,3.37,0
2024-09-07,Tanjung_Pelepas,0,4.41,8.08,0
2024-09-08,Tanjung_Pelepas,0,5.13,7.1,0
2024-09-09,Tanjung_Pelepas,0,4.28,18.56,0
2024-09-10,Tanjung_Pelepas,0,15.68,12.78,0
2024-09-11,Tanjung_Pelepas,0,17.18,24.33,0
2024-09-12,Tanjung_Pelepas,0,14.34,18.33,0
2024-09-13,Tanjung_Pelepas,1,2.49,20.14,0
2024-09-14,Tanjung_Pelepas,1,6.14,20.69,0
2024-09-15,Tanjung_Pelepas,0,5.81,12.84,0
2024-09-16,Tanjung_Pelepas,0,7.45,24.31,0
2024-09-17,Tanjung_Pelepas,0,10.73,4.79,0
2024-09-18,Tanjung_Pelepas,0,5.31,33.98,0
2024-09-19,Tanjung_Pelepas,0,11.41,3.09,0
2024-09-20,Tanjung_Pelepas,0,5.19,0.19,0
2024-09-21,Tanjung_Pelepas,1,10.75,7.49,0
2024-09-22,Tanjung_Pelepas,1,6.25,0.79,0
2024-09-23,Tanjung_Pelepas,2,1.65,17.52,1
2024-09-24,Tanjung_Pelepas,1,6.84,22.65,0
2024-09-25,Tanjung_Pelepas,1,0.56,1.3,0
2024-09-26,Tanjung_Pelepas,1,2.24,5.99,0
2024-09-27,Tanjung_Pelepas,1,3.28,28.29,0
2024-09-28,Tanjung_Pelepas,1,0.07,40.13,0
2024-09-29,Tanjung_Pelepas,1,9.17,0.35,0
2024-09-30,Tanjung_Pelepas,1,3.8,32.95,0
2024-10-01,Tanjung_Pelepas,0,0.45,10.44,0
2024-10-02,Tanjung_Pelepas,1,7.96,19.61,0
2024-10-03,Tanjung_Pelepas,1,5.01,23.41,0
2024-10-04,Tanjung_Pelepas,1,3.54,5.17,0
2024-10-05,Tanjung_Pelepas,1,6.39,15.22,0
2024-10-06,Tanjung_Pelepas,1,0.09,16.03,0
2024-10-07,Tanjung_Pelepas,1,10.53,13.13,0
2024-10-08,Tanjung_Pelepas,1,4.72,3.62,0
2024-10-09,Tanjung_Pelepas,0,7.95,15.8,0
2024-10-10,Tanjung_Pelepas,0,8.86,4.84,0
2024-10-11,Tanjung_Pelepas,1,7.94,8.15,0
2024-10-12,Tanjung_Pelepas,1,4.01,30.4,0
2024-10-13,Tanjung_Pelepas,1,47.64,9.51,0
2024-10-14,Tanjung_Pelepas,2,2.47,2.92,0
2024-10-15,Tanjung_Pelepas,1,4.6,5.09,0
2024-10-16,Tanjung_Pelepas,1,5.9,48.25,0
2024-10-17,Tanjung_Pelepas,1,7.31,29.61,0
2024-10-18,Tanjung_Pelepas,0,0.76,12.38,0
2024-10-19,Tanjung_Pelepas,1,9.51,30.45,0
2024-10-20,Tanjung_Pelepas,1,15.34,6.56,0
2024-10-21,Tanjung_Pelepas,0,14.03,2.79,0
2024-10-22,Tanjung_Pelepas,0,4.41,6.8,0
2024-10-23,Tanjung_Pelepas,0,14.93,6.54,0
2024-10-24,Tanjung_Pelepas,0,3.51,4.34,0
2024-10-25,Tanjung_Pelepas,0,4.06,0.05,0
2024-10-26,Tanjung_Pelepas,0,0.11,9.74,0
2024-10-27,Tanjung_Pelepas,1,1.26,100.18,0
2024-10-28,Tanjung_Pelepas,0,4.62,3.54,0
2024-10-29,Tanjung_Pelepas,0,0.21,24.68,0
2024-10-30,Tanjung_Pelepas,0,5.42,7.89,0
2024-10-31,Tanjung_Pelepas,1,1.27,3.73,0
2024-11-01,Tanjung_Pelepas,0,4.94,5.56,0
2024-11-02,Tanjung_Pelepas,1,8.71,5.05,0
2024-11-03,Tanjung_Pelepas,1,9.18,18.38,0
2024-11-04,Tanjung_Pelepas,2,9.05,7.66,0
2024-11-05,Tanjung_Pelepas,2,5.7,81.11,0
2024-11-06,Tanjung_Pelepas,1,3.35,9.65,0
2024-11-07,Tanjung_Pelepas,1,1.11,2.31,0
2024-11-08,Tanjung_Pelepas,1,0.47,11.04,0
2024-11-09,Tanjung_Pelepas,2,28.15,92.85,0
2024-11-10,Tanjung_Pelepas,1,1.54,3.84,0
2024-11-11,Tanjung_Pelepas,2,12.81,49.02,0
2024-11-12,Tanjung_Pelepas,2,12.1,32.15,0
2024-11-13,Tanjung_Pelepas,1,16.15,1.66,0
2024-11-14,Tanjung_Pelepas,1,6.08,6.26,0
2024-11-15,Tanjung_Pelepas,1,0.47,1.72,0
2024-11-16,Tanjung_Pelepas,2,2.28,70.28,0
2024-11-17,Tanjung_Pelepas,2,9.76,0.37,0
2024-11-18,Tanjung_Pelepas,1,0.65,17.3,0
2024-11-19,Tanjung_Pelepas,1,0.16,27.21,0
2024-11-20,Tanjung_Pelepas,1,13.01,15.53,0
2024-11-21,Tanjung_Pelepas,1,3.84,1.82,0
2024-11-22,Tanjung_Pelepas,1,8.75,2.39,0
2024-11-23,Tanjung_Pelepas,1,4.27,7.86,0
2024-11-24,Tanjung_Pelepas,1,11.5,17.69,0
2024-11-25,Tanjung_Pelepas,1,10.44,2.51,0
2024-11-26,Tanjung_Pelepas,1,0.29,10.89,0
2024-11-27,Tanjung_Pelepas,2,1.99,8.67,0
2024-11-28,Tanjung_Pelepas,1,12.99,5.43,0
2024-11-29,Tanjung_Pelepas,2,4.95,112.71,0
2024-11-30,Tanjung_Pelepas,1,1.1,45.94,0
2024-12-01,Tanjung_Pelepas,1,4.9,2.66,0
2024-12-02,Tanjung_Pelepas,2,6.87,24.88,1
2024-12-03,Tanjung_Pelepas,1,6.07,1.54,0
2024-12-04,Tanjung_Pelepas,1,0.57,4.31,0
2024-12-05,Tanjung_Pelepas,1,8.83,17.62,0
2024-12-06,Tanjung_Pelepas,1,4.22,25.0,0
2024-12-07,Tanjung_Pelepas,1,4.67,15.82,0
2024-12-08,Tanjung_Pelepas,1,0.4,6.47,0
2024-12-09,Tanjung_Pelepas,2,17.25,9.13,0
2024-12-10,Tanjung_Pelepas,1,1.55,20.9,0
2024-12-11,Tanjung_Pelepas,2,12.47,13.64,0
2024-12-12,Tanjung_Pelepas,2,5.16,0.58,1
2024-12-13,Tanjung_Pelepas,2,8.77,51.75,0
2024-12-14,Tanjung_Pelepas,2,5.15,11.51,0
2024-12-15,Tanjung_Pelepas,2,1.03,36.11,0
2024-12-16,Tanjung_Pelepas,2,5.46,31.01,0
2024-12-17,Tanjung_Pelepas,1,0.55,72.91,0
2024-12-18,Tanjung_Pelepas,1,0.19,1.07,0
2024-12-19,Tanjung_Pelepas,1,16.94,4.77,0
2024-12-20,Tanjung_Pelepas,1,1.31,9.59,0
2024-12-21,Tanjung_Pelepas,2,7.17,14.88,0
2024-12-22,Tanjung_Pelepas,1,0.08,5.86,0
2024-12-23,Tanjung_Pelepas,0,3.25,0.93,0
2024-12-24,Tanjung_Pelepas,1,0.61,21.8,0
2024-12-25,Tanjung_Pelepas,1,4.73,16.21,0
2024-12-26,Tanjung_Pelepas,1,21.68,19.55,0
2024-12-27,Tanjung_Pelepas,1,25.59,2.66,0
2024-12-28,Tanjung_Pelepas,1,5.86,27.86,0
2024-12-29,Tanjung_Pelepas,1,0.55,10.21,0
2024-12-30,Tanjung_Pelepas,1,1.2,12.9,0
2024-12-31,Tanjung_Pelepas,1,10.24,6.51,0
2025-01-01,Tanjung_Pelepas,1,2.42,6.86,0
2025-01-02,Tanjung_Pelepas,1,10.33,1.85,0
2025-01-03,Tanjung_Pelepas,1,1.79,2.86,0
2025-01-04,Tanjung_Pelepas,1,21.0,7.12,0
2025-01-05,Tanjung_Pelepas,2,4.89,30.12,0
2025-01-06,Tanjung_Pelepas,2,2.72,16.17,1
2025-01-07,Tanjung_Pelepas,2,12.15,3.39,0
2025-01-08,Tanjung_Pelepas,2,4.96,6.91,0
2025-01-09,Tanjung_Pelepas,1,13.61,4.6,0
2025-01-10,Tanjung_Pelepas,2,6.88,38.12,0
2025-01-11,Tanjung_Pelepas,2,22.23,82.51,0
2025-01-12,Tanjung_Pelepas,1,3.39,3.72,0
2025-01-13,Tanjung_Pelepas,2,1.42,0.34,0
2025-01-14,Tanjung_Pelepas,1,6.44,13.87,0
2025-01-15,Tanjung_Pelepas,2,8.12,30.69,0
2025-01-16,Tanjung_Pelepas,2,3.03,1.0,1
2025-01-17,Tanjung_Pelepas,2,2.02,61.87,0
2025-01-18,Tanjung_Pelepas,1,2.15,43.29,0
2025-01-19,Tanjung_Pelepas,2,10.6,8.67,0
2025-01-20,Tanjung_Pelepas,2,20.13,23.04,0
2025-01-21,Tanjung_Pelepas,1,0.31,9.89,0
2025-01-22,Tanjung_Pelepas,1,4.59,19.94,0
2025-01-23,Tanjung_Pelepas,2,6.79,8.18,0
2025-01-24,Tanjung_Pelepas,2,4.28,7.85,0
2025-01-25,Tanjung_Pelepas,2,22.62,0.26,0
2025-01-26,Tanjung_Pelepas,1,0.36,15.38,0
2025-01-27,Tanjung_Pelepas,2,2.29,9.65,0
2025-01-28,Tanjung_Pelepas,2,0.5,9.78,0
2025-01-29,Tanjung_Pelepas,2,1.33,31.79,0
2025-01-30,Tanjung_Pelepas,2,9.1,11.99,0
2025-01-31,Tanjung_Pelepas,2,15.62,44.59,0
2025-02-01,Tanjung_Pelepas,1,11.04,7.37,0
2025-02-02,Tanjung_Pelepas,2,4.39,2.39,1
2025-02-03,Tanjung_Pelepas,1,13.13,9.9,0
2025-02-04,Tanjung_Pelepas,1,4.16,7.44,0
2025-02-05,Tanjung_Pelepas,1,27.84,27.82,0
2025-02-06,Tanjung_Pelepas,1,5.18,4.18,0
2025-02-07,Tanjung_Pelepas,1,1.6,54.41,0
2025-02-08,Tanjung_Pelepas,1,7.75,13.75,0
2025-02-09,Tanjung_Pelepas,2,3.11,4.42,0
2025-02-10,Tanjung_Pelepas,2,11.55,3.84,0
2025-02-11,Tanjung_Pelepas,1,2.32,0.09,0
2025-02-12,Tanjung_Pelepas,1,0.64,1.83,0
2025-02-13,Tanjung_Pelepas,1,11.07,4.83,0
2025-02-14,Tanjung_Pelepas,1,7.65,67.36,0
2025-02-15,Tanjung_Pelepas,1,2.49,10.02,0
2025-02-16,Tanjung_Pelepas,1,8.45,2.05,0
2025-02-17,Tanjung_Pelepas,1,8.63,15.55,0
2025-02-18,Tanjung_Pelepas,1,5.93,18.24,0
2025-02-19,Tanjung_Pelepas,2,12.61,10.79,1
2025-02-20,Tanjung_Pelepas,1,1.56,10.04,0
2025-02-21,Tanjung_Pelepas,1,28.62,5.27,0
2025-02-22,Tanjung_Pelepas,0,2.48,22.25,0
2025-02-23,Tanjung_Pelepas,0,4.15,2.65,0
2025-02-24,Tanjung_Pelepas,1,9.68,8.32,0
2025-02-25,Tanjung_Pelepas,2,8.36,7.94,1
2025-02-26,Tanjung_Pelepas,2,22.21,0.58,1
2025-02-27,Tanjung_Pelepas,1,10.53,44.81,0
2025-02-28,Tanjung_Pelepas,1,1.21,7.68,0
2025-03-01,Tanjung_Pelepas,1,10.18,3.88,0
2025-03-02,Tanjung_Pelepas,1,4.25,9.34,0
2025-03-03,Tanjung_Pelepas,2,11.18,18.62,1
2025-03-04,Tanjung_Pelepas,1,1.6,4.83,0
2025-03-05,Tanjung_Pelepas,1,0.17,19.3,0
2025-03-06,Tanjung_Pelepas,1,1.27,25.87,0
2025-03-07,Tanjung_Pelepas,1,1.28,21.74,0
2025-03-08,Tanjung_Pelepas,1,2.93,18.2,0
2025-03-09,Tanjung_Pelepas,2,0.12,4.94,1
2025-03-10,Tanjung_Pelepas,1,9.8,13.22,0
2025-03-11,Tanjung_Pelepas,2,5.59,8.0,0
2025-03-12,Tanjung_Pelepas,2,14.85,9.14,0
2025-03-13,Tanjung_Pelepas,1,17.83,11.44,0
2025-03-14,Tanjung_Pelepas,1,6.27,6.99,0
2025-03-15,Tanjung_Pelepas,1,17.29,14.18,0
2025-03-16,Tanjung_Pelepas,1,0.4,52.26,0
2025-03-17,Tanjung_Pelepas,1,16.7,2.6,0
2025-03-18,Tanjung_Pelepas,1,7.67,10.99,0
2025-03-19,Tanjung_Pelepas,1,5.26,11.97,0
2025-03-20,Tanjung_Pelepas,1,18.21,9.21,0
2025-03-21,Tanjung_Pelepas,0,0.59,21.22,0
2025-03-22,Tanjung_Pelepas,1,9.31,18.91,0
2025-03-23,Tanjung_Pelepas,1,11.57,22.48,0
2025-03-24,Tanjung_Pelepas,1,7.39,12.67,0
2025-03-25,Tanjung_Pelepas,1,1.44,3.2,0
2025-03-26,Tanjung_Pelepas,1,2.29,3.76,0
2025-03-27,Tanjung_Pelepas,1,3.44,16.86,0
2025-03-28,Tanjung_Pelepas,1,18.68,0.25,0
2025-03-29,Tanjung_Pelepas,1,0.99,15.13,0
2025-03-30,Tanjung_Pelepas,0,0.8,4.57,0
2025-03-31,Tanjung_Pelepas,1,0.25,0.07,0
2025-04-01,Tanjung_Pelepas,1,3.4,6.16,0
2025-04-02,Tanjung_Pelepas,2,1.96,17.05,1
2025-04-03,Tanjung_Pelepas,1,2.24,11.47,0
2025-04-04,Tanjung_Pelepas,1,8.06,18.08,0
2025-04-05,Tanjung_Pelepas,1,11.86,1.2,0
2025-04-06,Tanjung_Pelepas,1,9.48,9.56,0
2025-04-07,Tanjung_Pelepas,0,4.63,19.58,0
2025-04-08,Tanjung_Pelepas,0,1.03,18.42,0
2025-04-09,Tanjung_Pelepas,0,0.31,34.82,0
2025-04-10,Tanjung_Pelepas,1,0.6,24.88,0
2025-04-11,Tanjung_Pelepas,1,6.92,26.39,0
2025-04-12,Tanjung_Pelepas,1,17.57,11.79,0
2025-04-13,Tanjung_Pelepas,0,0.74,25.94,0
2025-04-14,Tanjung_Pelepas,1,4.99,96.22,0
2025-04-15,Tanjung_Pelepas,1,0.72,3.82,0
2025-04-16,Tanjung_Pelepas,1,38.06,32.36,0
2025-04-17,Tanjung_Pelepas,1,1.13,14.71,0
2025-04-18,Tanjung_Pelepas,0,1.24,1.76,0
2025-04-19,Tanjung_Pelepas,1,35.43,0.35,0
2025-04-20,Tanjung_Pelepas,1,3.53,12.69,0
2025-04-21,Tanjung_Pelepas,1,8.56,29.07,0
2025-04-22,Tanjung_Pelepas,1,0.69,2.05,0
2025-04-23,Tanjung_Pelepas,1,35.03,3.66,0
2025-04-24,Tanjung_Pelepas,0,0.77,5.53,0
2025-04-25,Tanjung_Pelepas,0,1.09,14.81,0
2025-04-26,Tanjung_Pelepas,0,4.83,6.45,0
2025-04-27,Tanjung_Pelepas,1,3.64,10.0,0
2025-04-28,Tanjung_Pelepas,1,3.59,14.56,0
2025-04-29,Tanjung_Pelepas,0,6.57,6.87,0
2025-04-30,Tanjung_Pelepas,0,11.3,3.54,0
2025-05-01,Tanjung_Pelepas,0,21.43,1.72,0
2025-05-02,Tanjung_Pelepas,0,0.22,6.32,0
2025-05-03,Tanjung_Pelepas,0,1.01,34.82,0
2025-05-04,Tanjung_Pelepas,0,11.77,5.96,0
2025-05-05,Tanjung_Pelepas,0,1.21,40.24,0
2025-05-06,Tanjung_Pelepas,1,2.64,0.69,0
2025-05-07,Tanjung_Pelepas,0,3.57,1.98,0
2025-05-08,Tanjung_Pelepas,0,0.4,9.3,0
2025-05-09,Tanjung_Pelepas,0,4.42,26.48,0
2025-05-10,Tanjung_Pelepas,0,1.56,3.37,0
2025-05-11,Tanjung_Pelepas,0,4.72,1.9,0
2025-05-12,Tanjung_Pelepas,0,9.83,3.28,0
2025-05-13,Tanjung_Pelepas,0,8.08,6.67,0
2025-05-14,Tanjung_Pelepas,0,0.13,2.93,0
2025-05-15,Tanjung_Pelepas,0,3.56,2.12,0
2025-05-16,Tanjung_Pelepas,0,2.09,7.05,0
2025-05-17,Tanjung_Pelepas,0,25.71,8.62,0
2025-05-18,Tanjung_Pelepas,1,7.13,32.52,0
2025-05-19,Tanjung_Pelepas,1,12.46,4.81,0
2025-05-20,Tanjung_Pelepas,0,4.14,3.12,0
2025-05-21,Tanjung_Pelepas,1,12.78,1.17,0
2025-05-22,Tanjung_Pelepas,0,0.57,12.98,0
2025-05-23,Tanjung_Pelepas,0,5.55,3.31,0
2025-05-24,Tanjung_Pelepas,0,1.87,4.52,0
2025-05-25,Tanjung_Pelepas,0,1.77,6.8,0
2025-05-26,Tanjung_Pelepas,0,7.98,0.93,0
2025-05-27,Tanjung_Pelepas,0,0.55,23.66,0
2025-05-28,Tanjung_Pelepas,0,12.88,6.07,0
2025-05-29,Tanjung_Pelepas,0,0.62,52.43,0
2025-05-30,Tanjung_Pelepas,0,4.28,6.58,0
2025-05-31,Tanjung_Pelepas,0,2.64,4.26,0
2025-06-01,Tanjung_Pelepas,0,11.62,9.66,0
2025-06-02,Tanjung_Pelepas,0,7.15,8.82,0
2025-06-03,Tanjung_Pelepas,0,5.09,7.37,0
2025-06-04,Tanjung_Pelepas,0,2.35,10.73,0
2025-06-05,Tanjung_Pelepas,0,8.59,4.91,0
2025-06-06,Tanjung_Pelepas,0,0.44,4.64,0
2025-06-07,Tanjung_Pelepas,0,4.15,4.13,0
2025-06-08,Tanjung_Pelepas,1,3.4,31.43,0
2025-06-09,Tanjung_Pelepas,0,9.75,8.3,0
2025-06-10,Tanjung_Pelepas,0,1.66,24.7,0
2025-06-11,Tanjung_Pelepas,1,15.17,8.42,0
2025-06-12,Tanjung_Pelepas,0,11.07,23.78,0
2025-06-13,Tanjung_Pelepas,1,3.8,6.28,0
2025-06-14,Tanjung_Pelepas,0,5.88,7.3,0
2025-06-15,Tanjung_Pelepas,0,1.63,10.56,0
2025-06-16,Tanjung_Pelepas,0,3.25,18.55,0
2025-06-17,Tanjung_Pelepas,0,6.15,8.89,0
2025-06-18,Tanjung_Pelepas,0,1.09,8.09,0
2025-06-19,Tanjung_Pelepas,0,2.76,10.62,0
2025-06-20,Tanjung_Pelepas,0,9.71,5.77,0
2025-06-21,Tanjung_Pelepas,0,0.62,0.52,0
2025-06-22,Tanjung_Pelepas,0,0.53,1.73,0
2025-06-23,Tanjung_Pelepas,0,4.41,3.74,0
2025-06-24,Tanjung_Pelepas,0,3.35,3.64,0
2025-06-25,Tanjung_Pelepas,0,6.09,0.03,0
2025-06-26,Tanjung_Pelepas,0,4.32,1.86,0
2025-06-27,Tanjung_Pelepas,0,0.93,6.55,0
2025-06-28,Tanjung_Pelepas,0,8.27,12.62,0
2025-06-29,Tanjung_Pelepas,0,0.73,41.34,0
2025-06-30,Tanjung_Pelepas,0,12.24,12.49,0
2025-07-01,Tanjung_Pelepas,0,11.27,7.33,0
2025-07-02,Tanjung_Pelepas,0,0.36,1.47,0
2025-07-03,Tanjung_Pelepas,1,18.56,25.94,0
2025-07-04,Tanjung_Pelepas,1,12.17,7.98,0
2025-07-05,Tanjung_Pelepas,0,4.96,30.02,0
2025-07-06,Tanjung_Pelepas,0,2.71,24.18,0
2025-07-07,Tanjung_Pelepas,0,4.59,0.34,0
2025-07-08,Tanjung_Pelepas,0,7.06,9.63,0
2025-07-09,Tanjung_Pelepas,0,3.92,18.28,0
2025-07-10,Tanjung_Pelepas,0,4.16,1.68,0
2025-07-11,Tanjung_Pelepas,0,11.11,6.42,0
2025-07-12,Tanjung_Pelepas,0,13.04,6.57,0
2025-07-13,Tanjung_Pelepas,0,7.92,12.22,0
2025-07-14,Tanjung_Pelepas,0,13.35,9.42,0
2025-07-15,Tanjung_Pelepas,0,3.41,2.12,0
2025-07-16,Tanjung_Pelepas,0,7.97,0.12,0
2025-07-17,Tanjung_Pelepas,0,4.08,0.21,0
2025-07-18,Tanjung_Pelepas,0,10.49,0.52,0
2025-07-19,Tanjung_Pelepas,0,6.54,31.57,0
2025-07-20,Tanjung_Pelepas,0,3.67,2.71,0
2025-07-21,Tanjung_Pelepas,0,17.59,11.48,0
2025-07-22,Tanjung_Pelepas,0,5.35,3.61,0
2025-07-23,Tanjung_Pelepas,0,6.83,37.02,0
2025-07-24,Tanjung_Pelepas,0,7.05,3.1,0
2025-07-25,Tanjung_Pelepas,0,2.04,4.29,0
2025-07-26,Tanjung_Pelepas,0,1.78,29.69,0
2025-07-27,Tanjung_Pelepas,0,3.07,6.0,0
2025-07-28,Tanjung_Pelepas,1,0.18,22.72,0
2025-07-29,Tanjung_Pelepas,1,2.7,38.89,0
2025-07-30,Tanjung_Pelepas,1,0.91,2.11,0
2025-07-31,Tanjung_Pelepas,0,4.71,3.45,0
2025-08-01,Tanjung_Pelepas,0,0.68,12.63,0
2025-08-02,Tanjung_Pelepas,1,16.4,5.09,0
2025-08-03,Tanjung_Pelepas,0,2.11,4.89,0
2025-08-04,Tanjung_Pelepas,0,4.25,3.02,0
2025-08-05,Tanjung_Pelepas,0,7.6,1.62,0
2025-08-06,Tanjung_Pelepas,0,25.07,7.21,0
2025-08-07,Tanjung_Pelepas,0,2.7,0.13,0
2025-08-08,Tanjung_Pelepas,0,3.12,5.82,0
2025-08-09,Tanjung_Pelepas,0,2.9,0.54,0
2025-08-10,Tanjung_Pelepas,0,15.83,8.05,0
2025-08-11,Tanjung_Pelepas,0,4.25,2.09,0
2025-08-12,Tanjung_Pelepas,0,0.47,3.2,0
2025-08-13,Tanjung_Pelepas,0,5.31,6.76,0
2025-08-14,Tanjung_Pelepas,0,8.43,0.93,0
2025-08-15,Tanjung_Pelepas,0,3.73,4.84,0
2025-08-16,Tanjung_Pelepas,0,8.11,6.04,0
2025-08-17,Tanjung_Pelepas,0,7.71,0.1,0
2025-08-18,Tanjung_Pelepas,0,8.54,2.37,0
2025-08-19,Tanjung_Pelepas,1,3.78,6.51,0
2025-08-20,Tanjung_Pelepas,1,0.4,9.18,0
2025-08-21,Tanjung_Pelepas,0,9.12,2.09,0
2025-08-22,Tanjung_Pelepas,0,1.69,9.65,0
2025-08-23,Tanjung_Pelepas,0,0.67,15.87,0
2025-08-24,Tanjung_Pelepas,0,12.58,9.06,0
2025-08-25,Tanjung_Pelepas,0,0.74,5.66,0
2025-08-26,Tanjung_Pelepas,0,8.06,1.18,0
2025-08-27,Tanjung_Pelepas,1,0.29,16.96,0
2025-08-28,Tanjung_Pelepas,0,1.62,6.03,0
2025-08-29,Tanjung_Pelepas,0,1.16,8.45,0
2025-08-30,Tanjung_Pelepas,0,11.25,16.0,0
2025-08-31,Tanjung_Pelepas,0,0.51,5.14,0
2025-09-01,Tanjung_Pelepas,0,1.45,8.43,0
2025-09-02,Tanjung_Pelepas,0,4.38,13.75,0
2025-09-03,Tanjung_Pelepas,0,17.6,11.69,0
2025-09-04,Tanjung_Pelepas,1,4.56,44.92,0
2025-09-05,Tanjung_Pelepas,0,10.84,3.34,0
2025-09-06,Tanjung_Pelepas,1,1.42,25.35,0
2025-09-07,Tanjung_Pelepas,1,3.37,68.98,0
2025-09-08,Tanjung_Pelepas,0,0.13,23.65,0
2025-09-09,Tanjung_Pelepas,1,9.9,2.36,0
2025-09-10,Tanjung_Pelepas,0,11.7,11.69,0
2025-09-11,Tanjung_Pelepas,0,0.61,4.88,0
2025-09-12,Tanjung_Pelepas,0,1.52,0.51,0
2025-09-13,Tanjung_Pelepas,0,1.49,5.29,0
2025-09-14,Tanjung_Pelepas,0,1.85,1.69,0
2025-09-15,Tanjung_Pelepas,0,2.86,8.34,0
2025-09-16,Tanjung_Pelepas,0,0.76,10.61,0
2025-09-17,Tanjung_Pelepas,0,2.28,31.08,0
2025-09-18,Tanjung_Pelepas,0,0.66,11.22,0
2025-09-19,Tanjung_Pelepas,1,8.05,14.97,0
2025-09-20,Tanjung_Pelepas,1,12.15,2.81,0
2025-09-21,Tanjung_Pelepas,1,17.74,1.16,0
2025-09-22,Tanjung_Pelepas,0,10.14,14.85,0
2025-09-23,Tanjung_Pelepas,1,1.76,15.25,0
2025-09-24,Tanjung_Pelepas,1,2.07,12.28,0
2025-09-25,Tanjung_Pelepas,1,12.5,39.77,0
2025-09-26,Tanjung_Pelepas,1,17.62,11.98,0
2025-09-27,Tanjung_Pelepas,1,1.77,22.45,0
2025-09-28,Tanjung_Pelepas,0,1.09,3.07,0
2025-09-29,Tanjung_Pelepas,0,0.14,14.28,0
2025-09-30,Tanjung_Pelepas,0,12.72,16.37,0
2025-10-01,Tanjung_Pelepas,1,1.29,4.52,0
2025-10-02,Tanjung_Pelepas,1,2.73,29.06,0
2025-10-03,Tanjung_Pelepas,1,5.32,6.18,0
2025-10-04,Tanjung_Pelepas,1,5.51,36.71,0
2025-10-05,Tanjung_Pelepas,0,0.46,0.32,0
2025-10-06,Tanjung_Pelepas,0,0.83,14.03,0
2025-10-07,Tanjung_Pelepas,1,2.97,44.32,0
2025-10-08,Tanjung_Pelepas,1,10.28,6.55,0
2025-10-09,Tanjung_Pelepas,1,19.86,58.1,0
2025-10-10,Tanjung_Pelepas,1,2.9,1.6,0
2025-10-11,Tanjung_Pelepas,1,3.49,14.42,0
2025-10-12,Tanjung_Pelepas,0,2.43,1.38,0
2025-10-13,Tanjung_Pelepas,0,8.16,10.66,0
2025-10-14,Tanjung_Pelepas,2,13.51,52.41,0
2025-10-15,Tanjung_Pelepas,1,0.59,22.55,0
2025-10-16,Tanjung_Pelepas,1,5.91,1.7,0
2025-10-17,Tanjung_Pelepas,1,2.68,0.68,0
2025-10-18,Tanjung_Pelepas,1,13.24,25.07,0
2025-10-19,Tanjung_Pelepas,1,2.08,43.55,0
2025-10-20,Tanjung_Pelepas,1,5.89,14.38,0
2025-10-21,Tanjung_Pelepas,1,3.14,2.43,0
2025-10-22,Tanjung_Pelepas,1,0.6,4.99,0
2025-10-23,Tanjung_Pelepas,1,2.48,39.92,0
2025-10-24,Tanjung_Pelepas,1,5.96,47.2,0
2025-10-25,Tanjung_Pelepas,0,1.25,47.06,0
2025-10-26,Tanjung_Pelepas,1,3.18,7.24,0
2025-10-27,Tanjung_Pelepas,0,11.34,45.31,0
2025-10-28,Tanjung_Pelepas,1,5.1,37.76,0
2025-10-29,Tanjung_Pelepas,1,1.03,12.2,0
2025-10-30,Tanjung_Pelepas,0,7.87,23.57,0
2025-10-31,Tanjung_Pelepas,0,1.05,2.69,0
2025-11-01,Tanjung_Pelepas,1,3.5,3.71,0
2025-11-02,Tanjung_Pelepas,1,1.49,14.29,0
2025-11-03,Tanjung_Pelepas,1,5.3,27.4,0
2025-11-04,Tanjung_Pelepas,1,1.72,5.41,0
2025-11-05,Tanjung_Pelepas,1,2.16,6.08,0
2025-11-06,Tanjung_Pelepas,1,2.96,25.58,0
2025-11-07,Tanjung_Pelepas,1,15.87,1.68,0
2025-11-08,Tanjung_Pelepas,1,4.49,5.75,0
2025-11-09,Tanjung_Pelepas,1,5.5,3.79,0
2025-11-10,Tanjung_Pelepas,1,35.65,52.98,0
2025-11-11,Tanjung_Pelepas,0,13.42,3.27,0
2025-11-12,Tanjung_Pelepas,1,1.99,12.72,0
2025-11-13,Tanjung_Pelepas,1,0.59,23.13,0
2025-11-14,Tanjung_Pelepas,1,2.36,12.65,0
2025-11-15,Tanjung_Pelepas,1,0.74,0.09,0
2025-11-16,Tanjung_Pelepas,1,5.73,0.89,0
2025-11-17,Tanjung_Pelepas,2,0.21,25.36,0
2025-11-18,Tanjung_Pelepas,2,3.69,13.73,0
2025-11-19,Tanjung_Pelepas,1,1.83,19.39,0
2025-11-20,Tanjung_Pelepas,2,0.8,93.4,0
2025-11-21,Tanjung_Pelepas,2,1.01,19.72,0
2025-11-22,Tanjung_Pelepas,1,6.85,17.47,0
2025-11-23,Tanjung_Pelepas,1,12.55,8.81,0
2025-11-24,Tanjung_Pelepas,2,14.29,76.44,0
2025-11-25,Tanjung_Pelepas,1,6.85,11.57,0
2025-11-26,Tanjung_Pelepas,1,29.0,13.65,0
2025-11-27,Tanjung_Pelepas,1,0.44,18.63,0
2025-11-28,Tanjung_Pelepas,1,12.64,55.33,0
2025-11-29,Tanjung_Pelepas,1,4.85,17.75,0
2025-11-30,Tanjung_Pelepas,1,11.09,12.25,0
2025-12-01,Tanjung_Pelepas,1,7.74,5.41,0
2025-12-02,Tanjung_Pelepas,1,15.92,1.99,0
2025-12-03,Tanjung_Pelepas,1,5.3,49.29,0
2025-12-04,Tanjung_Pelepas,1,18.74,1.31,0
2025-12-05,Tanjung_Pelepas,1,11.14,8.0,0
2025-12-06,Tanjung_Pelepas,1,8.72,20.39,0
2025-12-07,Tanjung_Pelepas,2,5.02,11.54,1
2025-12-08,Tanjung_Pelepas,1,0.81,5.22,0
2025-12-09,Tanjung_Pelepas,2,4.76,59.08,0
2025-12-10,Tanjung_Pelepas,2,8.09,45.04,1
2025-12-11,Tanjung_Pelepas,2,16.54,4.0,0
2025-12-12,Tanjung_Pelepas,2,0.05,3.21,1
2025-12-13,Tanjung_Pelepas,1,3.88,20.85,0
2025-12-14,Tanjung_Pelepas,1,0.58,4.17,0
2025-12-15,Tanjung_Pelepas,2,1.81,17.9,1
2025-12-16,Tanjung_Pelepas,1,18.73,13.43,0
2025-12-17,Tanjung_Pelepas,2,1.88,29.76,0
2025-12-18,Tanjung_Pelepas,2,4.72,7.08,0
2025-12-19,Tanjung_Pelepas,2,12.33,5.69,0
2025-12-20,Tanjung_Pelepas,2,2.49,60.12,0
2025-12-21,Tanjung_Pelepas,2,7.95,13.31,0
2025-12-22,Tanjung_Pelepas,2,8.29,17.84,0
2025-12-23,Tanjung_Pelepas,1,2.32,28.48,0
2025-12-24,Tanjung_Pelepas,1,0.44,31.12,0
2025-12-25,Tanjung_Pelepas,2,6.73,23.98,1
2025-12-26,Tanjung_Pelepas,1,4.12,7.59,0
2025-12-27,Tanjung_Pelepas,0,1.83,16.12,0
2025-12-28,Tanjung_Pelepas,1,8.7,25.95,0
2025-12-29,Tanjung_Pelepas,1,0.51,27.61,0
2025-12-30,Tanjung_Pelepas,1,3.34,8.91,0
2025-12-31,Tanjung_Pelepas,1,38.4,5.21,0
2023-01-01,Port_Klang,1,3.82,40.64,0
2023-01-02,Port_Klang,1,4.24,4.36,0
2023-01-03,Port_Klang,1,12.42,3.51,0
2023-01-04,Port_Klang,1,1.89,33.01,0
2023-01-05,Port_Klang,1,1.47,18.59,0
2023-01-06,Port_Klang,1,9.11,21.83,0
2023-01-07,Port_Klang,1,9.79,21.98,0
2023-01-08,Port_Klang,1,12.41,52.94,0
2023-01-09,Port_Klang,1,0.06,11.09,0
2023-01-10,Port_Klang,1,7.35,53.42,0
2023-01-11,Port_Klang,1,3.11,10.94,0
2023-01-12,Port_Klang,2,11.11,5.63,1
2023-01-13,Port_Klang,1,11.51,8.83,0
2023-01-14,Port_Klang,2,8.7,41.63,1
2023-01-15,Port_Klang,1,0.2,69.16,0
2023-01-16,Port_Klang,0,15.11,29.31,0
2023-01-17,Port_Klang,1,13.6,14.29,0
2023-01-18,Port_Klang,1,3.55,14.61,0
2023-01-19,Port_Klang,1,7.12,0.45,0
2023-01-20,Port_Klang,1,11.16,38.13,0
2023-01-21,Port_Klang,1,13.08,1.06,0
2023-01-22,Port_Klang,1,6.06,6.72,0
2023-01-23,Port_Klang,2,14.6,1.4,0
2023-01-24,Port_Klang,2,12.64,27.78,0
2023-01-25,Port_Klang,2,15.57,11.7,0
2023-01-26,Port_Klang,1,11.8,2.26,0
2023-01-27,Port_Klang,1,0.06,2.34,0
2023-01-28,Port_Klang,1,2.85,6.14,0
2023-01-29,Port_Klang,1,5.83,19.5,0
2023-01-30,Port_Klang,2,14.11,16.06,0
2023-01-31,Port_Klang,1,9.54,0.15,0
2023-02-01,Port_Klang,2,1.79,2.87,1
2023-02-02,Port_Klang,1,11.4,11.4,0
2023-02-03,Port_Klang,2,13.2,23.2,0
2023-02-04,Port_Klang,2,13.42,2.63,0
2023-02-05,Port_Klang,1,1.17,45.63,0
2023-02-06,Port_Klang,1,14.74,1.84,0
2023-02-07,Port_Klang,1,8.44,6.26,0
2023-02-08,Port_Klang,1,9.89,10.08,0
2023-02-09,Port_Klang,1,3.82,8.0,0
2023-02-10,Port_Klang,1,4.82,62.73,0
2023-02-11,Port_Klang,1,0.33,11.4,0
2023-02-12,Port_Klang,1,7.0,11.31,0
2023-02-13,Port_Klang,1,0.9,19.44,0
2023-02-14,Port_Klang,1,1.29,15.68,0
2023-02-15,Port_Klang,0,2.55,7.71,0
2023-02-16,Port_Klang,0,1.5,1.45,0
2023-02-17,Port_Klang,1,14.67,15.84,0
2023-02-18,Port_Klang,0,0.89,0.18,0
2023-02-19,Port_Klang,1,1.18,17.01,0
2023-02-20,Port_Klang,1,11.61,1.34,0
2023-02-21,Port_Klang,1,0.38,18.66,0
2023-02-22,Port_Klang,1,5.21,26.14,0
2023-02-23,Port_Klang,0,15.6,5.63,0
2023-02-24,Port_Klang,0,2.5,6.69,0
2023-02-25,Port_Klang,0,12.19,11.42,0
2023-02-26,Port_Klang,1,0.15,12.19,0
2023-02-27,Port_Klang,0,1.71,8.76,0
2023-02-28,Port_Klang,1,6.83,10.12,0
2023-03-01,Port_Klang,1,3.73,18.41,0
2023-03-02,Port_Klang,1,15.08,8.01,0
2023-03-03,Port_Klang,1,1.34,17.56,0
2023-03-04,Port_Klang,1,12.11,1.27,0
2023-03-05,Port_Klang,1,4.79,0.53,0
2023-03-06,Port_Klang,1,6.68,8.68,0
2023-03-07,Port_Klang,1,1.03,2.88,0
2023-03-08,Port_Klang,2,8.89,43.44,0
2023-03-09,Port_Klang,1,1.56,4.23,0
2023-03-10,Port_Klang,0,5.67,5.36,0
2023-03-11,Port_Klang,1,0.37,2.79,0
2023-03-12,Port_Klang,0,22.25,7.53,0
2023-03-13,Port_Klang,1,9.76,59.78,0
2023-03-14,Port_Klang,1,4.55,1.28,0
2023-03-15,Port_Klang,0,1.63,7.06,0
2023-03-16,Port_Klang,1,9.97,1.01,0
2023-03-17,Port_Klang,1,14.49,34.27,0
2023-03-18,Port_Klang,1,5.15,45.15,0
2023-03-19,Port_Klang,1,14.11,14.07,0
2023-03-20,Port_Klang,1,10.02,7.56,0
2023-03-21,Port_Klang,0,2.42,0.35,0
2023-03-22,Port_Klang,1,16.15,35.64,0
2023-03-23,Port_Klang,0,1.0,0.17,0
2023-03-24,Port_Klang,0,1.89,3.81,0
2023-03-25,Port_Klang,0,9.44,5.56,0
2023-03-26,Port_Klang,0,16.56,7.36,0
2023-03-27,Port_Klang,1,4.71,8.44,0
2023-03-28,Port_Klang,0,2.3,10.94,0
2023-03-29,Port_Klang,1,4.86,17.41,0
2023-03-30,Port_Klang,1,6.66,8.62,0
2023-03-31,Port_Klang,1,9.04,43.58,0
2023-04-01,Port_Klang,1,0.93,13.68,0
2023-04-02,Port_Klang,1,2.3,9.25,0
2023-04-03,Port_Klang,1,11.54,0.7,0
2023-04-04,Port_Klang,0,9.48,5.99,0
2023-04-05,Port_Klang,1,0.45,32.84,0
2023-04-06,Port_Klang,1,2.0,40.94,0
2023-04-07,Port_Klang,1,9.62,10.83,0
2023-04-08,Port_Klang,1,19.75,21.59,0
2023-04-09,Port_Klang,1,4.47,1.09,0
2023-04-10,Port_Klang,0,0.35,0.96,0
2023-04-11,Port_Klang,0,1.67,11.04,0
2023-04-12,Port_Klang,0,0.85,20.99,0
2023-04-13,Port_Klang,0,2.79,4.53,0
2023-04-14,Port_Klang,0,10.63,2.22,0
2023-04-15,Port_Klang,1,5.2,30.8,0
2023-04-16,Port_Klang,1,1.98,2.45,0
2023-04-17,Port_Klang,1,3.74,24.96,0
2023-04-18,Port_Klang,0,12.08,2.34,0
2023-04-19,Port_Klang,1,4.82,0.02,0
2023-04-20,Port_Klang,1,3.25,3.22,0
2023-04-21,Port_Klang,1,17.7,16.48,0
2023-04-22,Port_Klang,1,4.43,7.1,0
2023-04-23,Port_Klang,0,0.29,15.35,0
2023-04-24,Port_Klang,0,3.83,2.6,0
2023-04-25,Port_Klang,1,1.79,6.42,0
2023-04-26,Port_Klang,1,13.38,0.04,0
2023-04-27,Port_Klang,0,0.58,21.74,0
2023-04-28,Port_Klang,0,0.31,15.26,0
2023-04-29,Port_Klang,0,4.26,9.56,0
2023-04-30,Port_Klang,0,5.78,7.59,0
2023-05-01,Port_Klang,0,6.68,17.17,0
2023-05-02,Port_Klang,0,10.39,6.28,0
2023-05-03,Port_Klang,0,6.54,3.71,0
2023-05-04,Port_Klang,0,0.2,1.81,0
2023-05-05,Port_Klang,0,0.25,7.59,0
2023-05-06,Port_Klang,0,0.59,17.54,0
2023-05-07,Port_Klang,0,8.93,3.01,0
2023-05-08,Port_Klang,0,7.97,6.09,0
2023-05-09,Port_Klang,0,19.71,1.14,0
2023-05-10,Port_Klang,0,3.33,0.22,0
2023-05-11,Port_Klang,0,1.37,2.45,0
2023-05-12,Port_Klang,0,0.22,4.59,0
2023-05-13,Port_Klang,0,7.58,3.74,0
2023-05-14,Port_Klang,0,5.97,18.2,0
2023-05-15,Port_Klang,0,1.52,4.32,0
2023-05-16,Port_Klang,0,0.14,2.42,0
2023-05-17,Port_Klang,0,3.43,7.09,0
2023-05-18,Port_Klang,0,3.1,30.8,0
2023-05-19,Port_Klang,0,0.26,20.55,0
2023-05-20,Port_Klang,0,4.1,5.82,0
2023-05-21,Port_Klang,0,9.66,4.47,0
2023-05-22,Port_Klang,0,16.5,0.04,0
2023-05-23,Port_Klang,0,1.34,0.55,0
2023-05-24,Port_Klang,0,2.2,3.57,0
2023-05-25,Port_Klang,0,4.7,1.04,0
2023-05-26,Port_Klang,0,6.23,2.74,0
2023-05-27,Port_Klang,0,2.14,0.91,0
2023-05-28,Port_Klang,0,2.19,8.03,0
2023-05-29,Port_Klang,0,1.46,4.22,0
2023-05-30,Port_Klang,0,7.22,2.7,0
2023-05-31,Port_Klang,0,3.87,40.59,0
2023-06-01,Port_Klang,0,5.7,30.4,0
2023-06-02,Port_Klang,0,1.77,21.93,0
2023-06-03,Port_Klang,0,4.86,0.62,0
2023-06-04,Port_Klang,0,0.34,28.11,0
2023-06-05,Port_Klang,0,0.05,4.16,0
2023-06-06,Port_Klang,0,6.99,1.2,0
2023-06-07,Port_Klang,0,17.41,7.48,0
2023-06-08,Port_Klang,0,9.21,1.32,0
2023-06-09,Port_Klang,0,0.22,9.09,0
2023-06-10,Port_Klang,0,2.79,5.21,0
2023-06-11,Port_Klang,0,7.19,5.52,0
2023-06-12,Port_Klang,0,1.93,1.78,0
2023-06-13,Port_Klang,0,1.45,1.65,0
2023-06-14,Port_Klang,0,0.65,3.64,0
2023-06-15,Port_Klang,1,0.14,25.45,0
2023-06-16,Port_Klang,0,12.85,2.45,0
2023-06-17,Port_Klang,0,7.95,27.48,0
2023-06-18,Port_Klang,0,6.03,28.26,0
2023-06-19,Port_Klang,0,20.99,5.87,0
2023-06-20,Port_Klang,0,5.9,14.11,0
2023-06-21,Port_Klang,0,4.89,4.97,0
2023-06-22,Port_Klang,0,7.7,4.87,0
2023-06-23,Port_Klang,0,7.03,20.89,0
2023-06-24,Port_Klang,0,9.15,2.16,0
2023-06-25,Port_Klang,0,1.11,22.5,0
2023-06-26,Port_Klang,0,16.57,4.76,0
2023-06-27,Port_Klang,0,0.96,12.94,0
2023-06-28,Port_Klang,0,1.24,2.7,0
2023-06-29,Port_Klang,0,3.84,7.57,0
2023-06-30,Port_Klang,0,1.95,7.27,0
2023-07-01,Port_Klang,0,0.15,6.51,0
2023-07-02,Port_Klang,0,0.89,9.27,0
2023-07-03,Port_Klang,0,4.67,20.21,0
2023-07-04,Port_Klang,0,2.76,3.11,0
2023-07-05,Port_Klang,0,16.21,0.24,0
2023-07-06,Port_Klang,0,2.71,8.86,0
2023-07-07,Port_Klang,0,2.37,4.03,0
2023-07-08,Port_Klang,0,9.61,2.36,0
2023-07-09,Port_Klang,0,6.57,8.29,0
2023-07-10,Port_Klang,0,0.53,1.26,0
2023-07-11,Port_Klang,0,5.44,0.11,0
2023-07-12,Port_Klang,0,16.01,0.12,0
2023-07-13,Port_Klang,0,11.34,1.6,0
2023-07-14,Port_Klang,0,6.13,3.66,0
2023-07-15,Port_Klang,0,13.39,40.88,0
2023-07-16,Port_Klang,0,2.6,2.3,0
2023-07-17,Port_Klang,0,3.87,3.31,0
2023-07-18,Port_Klang,0,20.3,7.2,0
2023-07-19,Port_Klang,0,7.68,19.7,0
2023-07-20,Port_Klang,0,5.79,2.33,0
2023-07-21,Port_Klang,0,2.07,38.79,0
2023-07-22,Port_Klang,0,14.97,28.32,0
2023-07-23,Port_Klang,0,2.9,25.34,0
2023-07-24,Port_Klang,0,7.64,4.92,0
2023-07-25,Port_Klang,0,10.87,4.82,0
2023-07-26,Port_Klang,0,8.84,5.81,0
2023-07-27,Port_Klang,0,0.2,0.59,0
2023-07-28,Port_Klang,0,2.27,19.3,0
2023-07-29,Port_Klang,0,11.69,5.47,0
2023-07-30,Port_Klang,0,1.78,1.54,0
2023-07-31,Port_Klang,0,20.06,3.19,0
2023-08-01,Port_Klang,0,2.61,15.58,0
2023-08-02,Port_Klang,0,1.33,10.29,0
2023-08-03,Port_Klang,0,1.05,2.24,0
2023-08-04,Port_Klang,0,0.49,3.49,0
2023-08-05,Port_Klang,0,0.6,6.73,0
2023-08-06,Port_Klang,0,1.09,1.16,0
2023-08-07,Port_Klang,0,18.1,25.47,0
2023-08-08,Port_Klang,0,1.54,2.29,0
2023-08-09,Port_Klang,0,2.83,1.72,0
2023-08-10,Port_Klang,0,8.79,26.51,0
2023-08-11,Port_Klang,0,4.12,5.57,0
2023-08-12,Port_Klang,0,1.38,13.07,0
2023-08-13,Port_Klang,0,2.0,12.57,0
2023-08-14,Port_Klang,0,4.56,5.94,0
2023-08-15,Port_Klang,0,1.06,1.14,0
2023-08-16,Port_Klang,0,14.24,1.42,0
2023-08-17,Port_Klang,0,5.61,0.94,0
2023-08-18,Port_Klang,0,0.83,6.52,0
2023-08-19,Port_Klang,0,18.14,19.01,0
2023-08-20,Port_Klang,0,5.63,9.18,0
2023-08-21,Port_Klang,0,27.74,13.55,0
2023-08-22,Port_Klang,0,2.09,6.69,0
2023-08-23,Port_Klang,0,26.71,2.59,0
2023-08-24,Port_Klang,0,2.86,4.35,0
2023-08-25,Port_Klang,0,1.77,2.64,0
2023-08-26,Port_Klang,0,5.0,41.04,0
2023-08-27,Port_Klang,0,7.87,0.79,0
2023-08-28,Port_Klang,0,5.91,10.01,0
2023-08-29,Port_Klang,0,3.54,5.57,0
2023-08-30,Port_Klang,0,0.91,0.58,0
2023-08-31,Port_Klang,0,9.36,8.55,0
2023-09-01,Port_Klang,0,10.6,12.78,0
2023-09-02,Port_Klang,0,2.84,35.61,0
2023-09-03,Port_Klang,0,5.81,5.49,0
2023-09-04,Port_Klang,0,3.87,23.24,0
2023-09-05,Port_Klang,0,0.45,0.03,0
2023-09-06,Port_Klang,0,2.49,22.54,0
2023-09-07,Port_Klang,0,3.42,0.09,0
2023-09-08,Port_Klang,0,0.36,26.43,0
2023-09-09,Port_Klang,0,0.42,2.19,0
2023-09-10,Port_Klang,0,1.07,17.86,0
2023-09-11,Port_Klang,0,14.78,12.22,0
2023-09-12,Port_Klang,0,0.03,9.24,0
2023-09-13,Port_Klang,1,7.35,2.31,0
2023-09-14,Port_Klang,0,4.31,2.94,0
2023-09-15,Port_Klang,1,0.33,47.58,0
2023-09-16,Port_Klang,0,5.05,0.47,0
2023-09-17,Port_Klang,0,7.7,10.05,0
2023-09-18,Port_Klang,0,0.89,6.14,0
2023-09-19,Port_Klang,0,0.71,6.15,0
2023-09-20,Port_Klang,0,0.95,21.3,0
2023-09-21,Port_Klang,0,6.11,7.7,0
2023-09-22,Port_Klang,0,1.25,6.77,0
2023-09-23,Port_Klang,0,0.79,5.99,0
2023-09-24,Port_Klang,1,5.63,2.25,0
2023-09-25,Port_Klang,1,13.74,36.07,0
2023-09-26,Port_Klang,1,0.29,12.63,0
2023-09-27,Port_Klang,1,7.68,31.72,0
2023-09-28,Port_Klang,1,11.41,104.43,0
2023-09-29,Port_Klang,1,12.98,7.27,0
2023-09-30,Port_Klang,1,9.01,9.52,0
2023-10-01,Port_Klang,1,1.12,75.83,0
2023-10-02,Port_Klang,0,0.89,0.11,0
2023-10-03,Port_Klang,0,4.34,2.3,0
2023-10-04,Port_Klang,0,5.48,5.37,0
2023-10-05,Port_Klang,0,2.98,14.05,0
2023-10-06,Port_Klang,1,3.61,2.81,0
2023-10-07,Port_Klang,1,12.29,13.04,0
2023-10-08,Port_Klang,1,11.52,9.81,0
2023-10-09,Port_Klang,1,10.16,7.34,0
2023-10-10,Port_Klang,0,10.15,16.57,0
2023-10-11,Port_Klang,1,2.98,5.19,0
2023-10-12,Port_Klang,0,3.58,5.66,0
2023-10-13,Port_Klang,0,1.23,4.28,0
2023-10-14,Port_Klang,1,1.6,35.01,0
2023-10-15,Port_Klang,1,5.31,9.64,0
2023-10-16,Port_Klang,1,10.81,3.22,0
2023-10-17,Port_Klang,1,8.17,5.6,0
2023-10-18,Port_Klang,1,9.12,3.77,0
2023-10-19,Port_Klang,1,1.35,2.91,0
2023-10-20,Port_Klang,1,1.01,16.19,0
2023-10-21,Port_Klang,1,8.34,75.82,0
2023-10-22,Port_Klang,1,12.64,4.9,0
2023-10-23,Port_Klang,1,6.62,1.83,0
2023-10-24,Port_Klang,2,9.08,14.22,0
2023-10-25,Port_Klang,1,6.63,1.37,0
2023-10-26,Port_Klang,1,20.0,11.34,0
2023-10-27,Port_Klang,0,7.21,8.18,0
2023-10-28,Port_Klang,0,2.78,5.55,0
2023-10-29,Port_Klang,0,2.23,4.12,0
2023-10-30,Port_Klang,1,0.38,23.43,0
2023-10-31,Port_Klang,0,13.73,0.07,0
2023-11-01,Port_Klang,0,2.01,3.69,0
2023-11-02,Port_Klang,0,0.2,8.89,0
2023-11-03,Port_Klang,1,8.4,2.01,0
2023-11-04,Port_Klang,1,3.21,25.33,0
2023-11-05,Port_Klang,0,5.24,2.51,0
2023-11-06,Port_Klang,1,5.89,12.15,0
2023-11-07,Port_Klang,0,9.33,17.46,0
2023-11-08,Port_Klang,0,3.61,4.41,0
2023-11-09,Port_Klang,1,5.76,1.75,0
2023-11-10,Port_Klang,1,10.26,28.83,0
2023-11-11,Port_Klang,1,5.3,10.83,0
2023-11-12,Port_Klang,1,2.64,16.32,0
2023-11-13,Port_Klang,1,0.92,0.72,0
2023-11-14,Port_Klang,1,5.35,80.13,0
2023-11-15,Port_Klang,1,24.17,55.45,0
2023-11-16,Port_Klang,1,3.51,2.95,0
2023-11-17,Port_Klang,1,15.71,31.38,0
2023-11-18,Port_Klang,1,21.87,9.26,0
2023-11-19,Port_Klang,1,4.03,3.1,0
2023-11-20,Port_Klang,1,0.02,9.34,0
2023-11-21,Port_Klang,1,1.42,21.26,0
2023-11-22,Port_Klang,2,9.4,11.73,0
2023-11-23,Port_Klang,1,8.39,8.7,0
2023-11-24,Port_Klang,1,22.84,0.35,0
2023-11-25,Port_Klang,2,15.03,0.17,0
2023-11-26,Port_Klang,2,9.77,12.83,0
2023-11-27,Port_Klang,1,1.6,36.06,0
2023-11-28,Port_Klang,1,6.41,23.4,0
2023-11-29,Port_Klang,1,10.28,23.98,0
2023-11-30,Port_Klang,1,11.59,0.99,0
2023-12-01,Port_Klang,2,20.04,0.83,1
2023-12-02,Port_Klang,2,6.46,4.7,0
2023-12-03,Port_Klang,2,2.98,14.19,0
2023-12-04,Port_Klang,1,3.86,0.04,0
2023-12-05,Port_Klang,1,0.73,21.87,0
2023-12-06,Port_Klang,1,22.71,10.12,0
2023-12-07,Port_Klang,1,7.26,27.95,0
2023-12-08,Port_Klang,1,5.69,6.89,0
2023-12-09,Port_Klang,1,6.71,41.5,0
2023-12-10,Port_Klang,1,0.31,18.48,0
2023-12-11,Port_Klang,0,1.95,23.86,0
2023-12-12,Port_Klang,0,11.16,4.41,0
2023-12-13,Port_Klang,0,3.44,26.79,0
2023-12-14,Port_Klang,0,4.38,4.74,0
2023-12-15,Port_Klang,1,8.91,20.61,0
2023-12-16,Port_Klang,1,18.37,47.99,0
2023-12-17,Port_Klang,1,2.29,4.74,0
2023-12-18,Port_Klang,1,18.61,3.81,0
2023-12-19,Port_Klang,1,11.4,2.09,0
2023-12-20,Port_Klang,1,4.96,19.42,0
2023-12-21,Port_Klang,2,4.82,4.46,1
2023-12-22,Port_Klang,1,16.58,21.6,0
2023-12-23,Port_Klang,1,0.55,25.97,0
2023-12-24,Port_Klang,1,14.83,1.17,0
2023-12-25,Port_Klang,2,2.7,74.44,0
2023-12-26,Port_Klang,1,2.51,0.77,0
2023-12-27,Port_Klang,2,10.96,1.45,0
2023-12-28,Port_Klang,1,11.67,4.21,0
2023-12-29,Port_Klang,1,0.27,24.75,0
2023-12-30,Port_Klang,1,17.12,14.13,0
2023-12-31,Port_Klang,1,3.46,31.14,0
2024-01-01,Port_Klang,1,3.22,0.94,0
2024-01-02,Port_Klang,1,17.59,15.44,0
2024-01-03,Port_Klang,1,4.52,6.88,0
2024-01-04,Port_Klang,1,0.76,23.35,0
2024-01-05,Port_Klang,1,17.87,7.42,0
2024-01-06,Port_Klang,1,1.56,19.31,0
2024-01-07,Port_Klang,1,0.06,1.56,0
2024-01-08,Port_Klang,1,14.75,1.41,0
2024-01-09,Port_Klang,1,13.83,6.55,0
2024-01-10,Port_Klang,2,15.66,16.3,0
2024-01-11,Port_Klang,2,8.19,28.28,0
2024-01-12,Port_Klang,1,13.64,12.54,0
2024-01-13,Port_Klang,1,8.26,42.81,0
2024-01-14,Port_Klang,1,10.05,11.84,0
2024-01-15,Port_Klang,1,6.66,10.91,0
2024-01-16,Port_Klang,1,18.3,3.48,0
2024-01-17,Port_Klang,1,2.95,1.28,0
2024-01-18,Port_Klang,1,3.68,42.25,0
2024-01-19,Port_Klang,2,7.17,56.71,0
2024-01-20,Port_Klang,1,20.61,2.68,0
2024-01-21,Port_Klang,2,0.52,78.09,0
2024-01-22,Port_Klang,2,4.5,97.44,0
2024-01-23,Port_Klang,1,0.3,2.02,0
2024-01-24,Port_Klang,1,7.95,46.01,0
2024-01-25,Port_Klang,2,5.2,7.39,0
2024-01-26,Port_Klang,1,12.37,0.94,0
2024-01-27,Port_Klang,2,1.02,12.93,1
2024-01-28,Port_Klang,2,7.43,7.18,0
2024-01-29,Port_Klang,2,41.04,7.53,0
2024-01-30,Port_Klang,2,1.47,33.64,0
2024-01-31,Port_Klang,2,2.33,1.28,0
2024-02-01,Port_Klang,1,3.79,34.56,0
2024-02-02,Port_Klang,1,22.14,6.65,0
2024-02-03,Port_Klang,1,24.68,8.6,0
2024-02-04,Port_Klang,1,1.05,45.57,0
2024-02-05,Port_Klang,0,0.27,42.85,0
2024-02-06,Port_Klang,1,3.9,9.95,0
2024-02-07,Port_Klang,1,11.77,5.1,0
2024-02-08,Port_Klang,1,3.08,11.91,0
2024-02-09,Port_Klang,1,1.3,11.04,0
2024-02-10,Port_Klang,1,5.47,3.49,0
2024-02-11,Port_Klang,1,1.02,2.72,0
2024-02-12,Port_Klang,1,3.55,9.93,0
2024-02-13,Port_Klang,1,0.02,19.78,0
2024-02-14,Port_Klang,1,1.46,13.01,0
2024-02-15,Port_Klang,1,3.15,18.7,0
2024-02-16,Port_Klang,1,5.84,24.33,0
2024-02-17,Port_Klang,1,8.79,32.76,0
2024-02-18,Port_Klang,1,2.95,2.73,0
2024-02-19,Port_Klang,1,0.66,15.42,0
2024-02-20,Port_Klang,1,4.64,6.15,0
2024-02-21,Port_Klang,0,3.94,11.74,0
2024-02-22,Port_Klang,1,4.45,13.86,0
2024-02-23,Port_Klang,1,15.64,67.88,0
2024-02-24,Port_Klang,2,2.93,45.24,0
2024-02-25,Port_Klang,1,2.52,12.17,0
2024-02-26,Port_Klang,1,1.11,10.03,0
2024-02-27,Port_Klang,1,6.09,10.82,0
2024-02-28,Port_Klang,1,0.11,1.98,0
2024-02-29,Port_Klang,2,41.8,5.6,0
2024-03-01,Port_Klang,1,13.37,7.95,0
2024-03-02,Port_Klang,1,1.61,0.87,0
2024-03-03,Port_Klang,1,4.06,4.25,0
2024-03-04,Port_Klang,0,0.61,19.93,0
2024-03-05,Port_Klang,0,2.41,4.99,0
2024-03-06,Port_Klang,0,11.68,14.23,0
2024-03-07,Port_Klang,0,5.98,1.99,0
2024-03-08,Port_Klang,0,1.59,4.48,0
2024-03-09,Port_Klang,0,6.78,1.85,0
2024-03-10,Port_Klang,0,8.59,13.45,0
2024-03-11,Port_Klang,1,0.5,1.58,0
2024-03-12,Port_Klang,1,5.02,22.55,0
2024-03-13,Port_Klang,1,0.2,3.01,0
2024-03-14,Port_Klang,1,4.04,24.74,0
2024-03-15,Port_Klang,1,2.48,0.76,0
2024-03-16,Port_Klang,1,3.67,19.37,0
2024-03-17,Port_Klang,1,3.39,0.12,0
2024-03-18,Port_Klang,1,6.8,28.71,0
2024-03-19,Port_Klang,1,4.54,89.77,0
2024-03-20,Port_Klang,1,8.65,20.55,0
2024-03-21,Port_Klang,1,10.87,16.79,0
2024-03-22,Port_Klang,1,8.82,9.22,0
2024-03-23,Port_Klang,1,9.03,0.28,0
2024-03-24,Port_Klang,1,11.94,30.64,0
2024-03-25,Port_Klang,0,12.98,22.55,0
2024-03-26,Port_Klang,0,7.86,6.5,0
2024-03-27,Port_Klang,1,1.08,19.09,0
2024-03-28,Port_Klang,1,4.7,2.1,0
2024-03-29,Port_Klang,1,5.48,11.35,0
2024-03-30,Port_Klang,0,0.98,1.73,0
2024-03-31,Port_Klang,0,2.24,3.19,0
2024-04-01,Port_Klang,1,2.05,11.74,0
2024-04-02,Port_Klang,0,3.87,4.56,0
2024-04-03,Port_Klang,0,2.57,37.07,0
2024-04-04,Port_Klang,0,0.51,3.81,0
2024-04-05,Port_Klang,0,6.77,29.6,0
2024-04-06,Port_Klang,0,10.21,5.48,0
2024-04-07,Port_Klang,0,0.15,17.17,0
2024-04-08,Port_Klang,0,0.73,2.42,0
2024-04-09,Port_Klang,0,13.09,23.65,0
2024-04-10,Port_Klang,0,2.85,0.65,0
2024-04-11,Port_Klang,0,2.62,24.16,0
2024-04-12,Port_Klang,0,1.19,27.08,0
2024-04-13,Port_Klang,0,7.89,6.22,0
2024-04-14,Port_Klang,0,3.23,6.47,0
2024-04-15,Port_Klang,0,3.72,13.83,0
2024-04-16,Port_Klang,0,2.04,8.69,0
2024-04-17,Port_Klang,1,2.43,8.1,0
2024-04-18,Port_Klang,1,12.16,44.64,0
2024-04-19,Port_Klang,0,10.59,2.53,0
2024-04-20,Port_Klang,1,14.35,0.08,0
2024-04-21,Port_Klang,0,3.68,8.7,0
2024-04-22,Port_Klang,0,9.65,13.38,0
2024-04-23,Port_Klang,0,20.46,6.64,0
2024-04-24,Port_Klang,0,3.99,2.11,0
2024-04-25,Port_Klang,0,8.23,1.74,0
2024-04-26,Port_Klang,0,2.41,31.44,0
2024-04-27,Port_Klang,0,0.31,4.71,0
2024-04-28,Port_Klang,0,2.71,6.76,0
2024-04-29,Port_Klang,0,2.88,13.86,0
2024-04-30,Port_Klang,0,1.87,26.3,0
2024-05-01,Port_Klang,0,5.96,3.46,0
2024-05-02,Port_Klang,0,3.05,21.65,0
2024-05-03,Port_Klang,0,8.4,3.76,0
2024-05-04,Port_Klang,0,0.83,14.6,0
2024-05-05,Port_Klang,0,2.55,3.44,0
2024-05-06,Port_Klang,0,6.21,5.5,0
2024-05-07,Port_Klang,0,0.32,20.97,0
2024-05-08,Port_Klang,0,2.62,2.33,0
2024-05-09,Port_Klang,0,0.6,1.34,0
2024-05-10,Port_Klang,0,1.86,10.74,0
2024-05-11,Port_Klang,0,1.86,16.7,0
2024-05-12,Port_Klang,0,1.88,2.07,0
2024-05-13,Port_Klang,0,1.67,23.61,0
2024-05-14,Port_Klang,0,6.51,6.63,0
2024-05-15,Port_Klang,0,0.05,5.91,0
2024-05-16,Port_Klang,0,0.94,13.8,0
2024-05-17,Port_Klang,0,16.08,0.88,0
2024-05-18,Port_Klang,1,12.95,24.34,0
2024-05-19,Port_Klang,1,5.52,2.61,0
2024-05-20,Port_Klang,0,9.64,9.34,0
2024-05-21,Port_Klang,0,1.51,7.47,0
2024-05-22,Port_Klang,0,4.17,6.72,0
2024-05-23,Port_Klang,0,1.55,1.83,0
2024-05-24,Port_Klang,0,1.37,1.47,0
2024-05-25,Port_Klang,0,0.36,26.87,0
2024-05-26,Port_Klang,1,0.09,3.23,0
2024-05-27,Port_Klang,1,9.97,26.54,0
2024-05-28,Port_Klang,1,5.23,8.58,0
2024-05-29,Port_Klang,0,3.0,0.13,0
2024-05-30,Port_Klang,0,7.67,2.91,0
2024-05-31,Port_Klang,0,4.02,3.21,0
2024-06-01,Port_Klang,0,8.2,0.38,0
2024-06-02,Port_Klang,0,4.29,3.37,0
2024-06-03,Port_Klang,0,3.72,10.55,0
2024-06-04,Port_Klang,0,0.72,26.02,0
2024-06-05,Port_Klang,0,1.07,4.34,0
2024-06-06,Port_Klang,0,3.92,2.65,0
2024-06-07,Port_Klang,0,1.15,10.91,0
2024-06-08,Port_Klang,0,4.17,7.19,0
2024-06-09,Port_Klang,0,2.8,1.24,0
2024-06-10,Port_Klang,0,0.38,3.51,0
2024-06-11,Port_Klang,0,0.86,30.9,0
2024-06-12,Port_Klang,0,8.79,15.27,0
2024-06-13,Port_Klang,0,8.73,12.88,0
2024-06-14,Port_Klang,0,0.38,19.05,0
2024-06-15,Port_Klang,0,12.0,12.58,0
2024-06-16,Port_Klang,0,0.28,0.68,0
2024-06-17,Port_Klang,0,0.49,1.06,0
2024-06-18,Port_Klang,0,0.02,12.65,0
2024-06-19,Port_Klang,0,1.0,15.72,0
2024-06-20,Port_Klang,0,0.09,12.98,0
2024-06-21,Port_Klang,0,4.99,11.61,0
2024-06-22,Port_Klang,0,1.5,1.15,0
2024-06-23,Port_Klang,0,8.39,30.44,0
2024-06-24,Port_Klang,0,7.1,17.07,0
2024-06-25,Port_Klang,0,7.67,14.39,0
2024-06-26,Port_Klang,0,1.5,16.42,0
2024-06-27,Port_Klang,0,0.48,11.94,0
2024-06-28,Port_Klang,0,6.14,6.25,0
2024-06-29,Port_Klang,0,4.25,3.62,0
2024-06-30,Port_Klang,0,0.17,14.51,0
2024-07-01,Port_Klang,0,4.19,4.42,0
2024-07-02,Port_Klang,0,0.99,13.25,0
2024-07-03,Port_Klang,0,9.08,1.88,0
2024-07-04,Port_Klang,0,3.01,10.98,0
2024-07-05,Port_Klang,0,6.25,2.81,0
2024-07-06,Port_Klang,0,5.78,5.57,0
2024-07-07,Port_Klang,0,0.73,2.81,0
2024-07-08,Port_Klang,0,0.62,0.98,0
2024-07-09,Port_Klang,0,3.45,7.76,0
2024-07-10,Port_Klang,0,9.96,2.4,0
2024-07-11,Port_Klang,0,3.04,18.21,0
2024-07-12,Port_Klang,0,1.62,29.63,0
2024-07-13,Port_Klang,0,6.71,1.15,0
2024-07-14,Port_Klang,0,2.22,1.48,0
2024-07-15,Port_Klang,0,0.87,23.13,0
2024-07-16,Port_Klang,0,1.18,33.21,0
2024-07-17,Port_Klang,0,0.73,3.95,0
2024-07-18,Port_Klang,1,0.95,0.09,0
2024-07-19,Port_Klang,1,10.5,0.27,0
2024-07-20,Port_Klang,0,2.81,5.76,0
2024-07-21,Port_Klang,0,1.95,3.37,0
2024-07-22,Port_Klang,0,12.23,2.81,0
2024-07-23,Port_Klang,0,3.62,1.75,0
2024-07-24,Port_Klang,0,0.41,4.46,0
2024-07-25,Port_Klang,0,4.17,1.73,0
2024-07-26,Port_Klang,0,3.46,15.69,0
2024-07-27,Port_Klang,0,4.17,0.14,0
2024-07-28,Port_Klang,0,0.26,3.79,0
2024-07-29,Port_Klang,0,9.62,2.05,0
2024-07-30,Port_Klang,0,0.87,1.03,0
2024-07-31,Port_Klang,0,8.16,15.26,0
2024-08-01,Port_Klang,0,25.86,5.1,0
2024-08-02,Port_Klang,0,0.56,21.09,0
2024-08-03,Port_Klang,0,15.37,4.13,0
2024-08-04,Port_Klang,0,0.33,8.01,0
2024-08-05,Port_Klang,0,1.58,25.46,0
2024-08-06,Port_Klang,1,4.31,2.18,0
2024-08-07,Port_Klang,1,13.09,10.99,0
2024-08-08,Port_Klang,1,3.98,1.0,0
2024-08-09,Port_Klang,0,10.63,0.95,0
2024-08-10,Port_Klang,0,11.85,11.68,0
2024-08-11,Port_Klang,0,5.48,16.98,0
2024-08-12,Port_Klang,0,2.53,0.68,0
2024-08-13,Port_Klang,0,1.21,44.67,0
2024-08-14,Port_Klang,0,2.91,14.7,0
2024-08-15,Port_Klang,0,1.82,8.58,0
2024-08-16,Port_Klang,1,15.7,75.45,0
2024-08-17,Port_Klang,0,2.39,7.54,0
2024-08-18,Port_Klang,0,0.88,5.99,0
2024-08-19,Port_Klang,0,8.58,0.23,0
2024-08-20,Port_Klang,0,6.55,22.47,0
2024-08-21,Port_Klang,0,3.63,18.05,0
2024-08-22,Port_Klang,0,1.12,13.95,0
2024-08-23,Port_Klang,0,3.53,3.38,0
2024-08-24,Port_Klang,0,1.3,32.49,0
2024-08-25,Port_Klang,0,24.06,10.58,0
2024-08-26,Port_Klang,0,6.53,5.08,0
2024-08-27,Port_Klang,0,18.57,5.35,0
2024-08-28,Port_Klang,0,9.23,4.42,0
2024-08-29,Port_Klang,0,16.62,12.12,0
2024-08-30,Port_Klang,0,0.98,5.59,0
2024-08-31,Port_Klang,0,3.27,1.47,0
2024-09-01,Port_Klang,0,11.07,7.39,0
2024-09-02,Port_Klang,0,7.07,12.27,0
2024-09-03,Port_Klang,0,2.49,5.98,0
2024-09-04,Port_Klang,0,4.71,37.87,0
2024-09-05,Port_Klang,0,0.68,21.27,0
2024-09-06,Port_Klang,0,5.37,27.18,0
2024-09-07,Port_Klang,0,0.16,40.09,0
2024-09-08,Port_Klang,0,4.32,9.15,0
2024-09-09,Port_Klang,0,5.65,27.85,0
2024-09-10,Port_Klang,0,16.88,4.59,0
2024-09-11,Port_Klang,0,2.97,0.93,0
2024-09-12,Port_Klang,1,13.19,15.15,0
2024-09-13,Port_Klang,0,0.42,1.44,0
2024-09-14,Port_Klang,0,0.2,1.49,0
2024-09-15,Port_Klang,1,6.5,2.13,0
2024-09-16,Port_Klang,1,6.92,1.41,0
2024-09-17,Port_Klang,0,13.3,12.95,0
2024-09-18,Port_Klang,0,0.09,8.52,0
2024-09-19,Port_Klang,0,0.22,3.96,0
2024-09-20,Port_Klang,0,4.17,16.64,0
2024-09-21,Port_Klang,0,7.19,10.21,0
2024-09-22,Port_Klang,0,6.82,14.96,0
2024-09-23,Port_Klang,0,0.01,0.32,0
2024-09-24,Port_Klang,0,9.72,0.04,0
2024-09-25,Port_Klang,0,3.79,9.0,0
2024-09-26,Port_Klang,0,11.99,11.5,0
2024-09-27,Port_Klang,0,3.2,5.08,0
2024-09-28,Port_Klang,1,19.6,12.85,0
2024-09-29,Port_Klang,1,2.01,22.12,0
2024-09-30,Port_Klang,1,3.92,9.29,0
2024-10-01,Port_Klang,1,11.26,41.38,0
2024-10-02,Port_Klang,1,12.41,4.88,0
2024-10-03,Port_Klang,1,1.04,6.13,0
2024-10-04,Port_Klang,1,1.6,6.4,0
2024-10-05,Port_Klang,1,0.7,2.76,0
2024-10-06,Port_Klang,1,58.87,20.28,0
2024-10-07,Port_Klang,1,5.85,5.74,0
2024-10-08,Port_Klang,1,16.09,9.17,0
2024-10-09,Port_Klang,1,0.25,15.89,0
2024-10-10,Port_Klang,1,4.43,4.98,0
2024-10-11,Port_Klang,0,16.19,17.53,0
2024-10-12,Port_Klang,0,4.45,0.59,0
2024-10-13,Port_Klang,0,23.4,5.73,0
2024-10-14,Port_Klang,0,6.39,11.44,0
2024-10-15,Port_Klang,1,8.43,21.12,0
2024-10-16,Port_Klang,1,3.95,4.91,0
2024-10-17,Port_Klang,2,1.15,4.51,0
2024-10-18,Port_Klang,1,21.91,46.7,0
2024-10-19,Port_Klang,1,5.47,13.41,0
2024-10-20,Port_Klang,1,6.05,12.92,0
2024-10-21,Port_Klang,1,4.89,2.0,0
2024-10-22,Port_Klang,1,2.46,1.44,0
2024-10-23,Port_Klang,2,18.77,30.63,0
2024-10-24,Port_Klang,2,12.9,6.9,0
2024-10-25,Port_Klang,2,18.84,25.54,0
2024-10-26,Port_Klang,2,4.03,9.29,0
2024-10-27,Port_Klang,2,5.25,56.05,0
2024-10-28,Port_Klang,2,8.92,14.09,0
2024-10-29,Port_Klang,2,22.51,1.36,0
2024-10-30,Port_Klang,2,14.17,13.87,0
2024-10-31,Port_Klang,1,3.27,2.12,0
2024-11-01,Port_Klang,1,12.38,20.82,0
2024-11-02,Port_Klang,2,0.79,20.62,0
2024-11-03,Port_Klang,2,4.89,26.87,1
2024-11-04,Port_Klang,2,7.85,45.16,0
2024-11-05,Port_Klang,1,0.47,14.22,0
2024-11-06,Port_Klang,1,19.76,37.14,0
2024-11-07,Port_Klang,1,17.41,23.7,0
2024-11-08,Port_Klang,1,0.56,1.22,0
2024-11-09,Port_Klang,2,3.51,12.22,0
2024-11-10,Port_Klang,1,2.07,32.59,0
2024-11-11,Port_Klang,1,18.92,1.12,0
2024-11-12,Port_Klang,0,2.09,2.37,0
2024-11-13,Port_Klang,0,2.22,4.29,0
2024-11-14,Port_Klang,1,0.82,3.52,0
2024-11-15,Port_Klang,1,1.79,8.77,0
2024-11-16,Port_Klang,0,0.65,4.36,0
2024-11-17,Port_Klang,0,0.36,6.4,0
2024-11-18,Port_Klang,0,7.45,1.4,0
2024-11-19,Port_Klang,0,6.18,14.69,0
2024-11-20,Port_Klang,0,30.56,17.4,0
2024-11-21,Port_Klang,0,1.84,8.27,0
2024-11-22,Port_Klang,1,1.51,12.74,0
2024-11-23,Port_Klang,0,1.12,4.06,0
2024-11-24,Port_Klang,0,1.91,33.01,0
2024-11-25,Port_Klang,1,7.13,1.73,0
2024-11-26,Port_Klang,1,4.78,13.82,0
2024-11-27,Port_Klang,1,2.36,23.38,0
2024-11-28,Port_Klang,1,11.73,7.89,0
2024-11-29,Port_Klang,2,2.8,59.96,0
2024-11-30,Port_Klang,2,2.04,28.64,0
2024-12-01,Port_Klang,2,13.09,5.98,1
2024-12-02,Port_Klang,1,7.75,56.6,0
2024-12-03,Port_Klang,1,13.39,5.82,0
2024-12-04,Port_Klang,1,2.27,2.91,0
2024-12-05,Port_Klang,2,23.6,0.09,0
2024-12-06,Port_Klang,2,2.76,24.28,0
2024-12-07,Port_Klang,2,11.61,23.47,0
2024-12-08,Port_Klang,2,14.57,91.92,0
2024-12-09,Port_Klang,2,2.4,1.49,0
2024-12-10,Port_Klang,1,1.94,9.79,0
2024-12-11,Port_Klang,1,2.46,57.87,0
2024-12-12,Port_Klang,1,3.48,1.97,0
2024-12-13,Port_Klang,2,25.24,41.81,0
2024-12-14,Port_Klang,1,8.9,6.87,0
2024-12-15,Port_Klang,1,5.23,1.63,0
2024-12-16,Port_Klang,0,1.07,0.68,0
2024-12-17,Port_Klang,1,1.43,31.29,0
2024-12-18,Port_Klang,1,2.06,8.45,0
2024-12-19,Port_Klang,1,0.57,0.38,0
2024-12-20,Port_Klang,1,1.73,4.51,0
2024-12-21,Port_Klang,1,5.97,33.32,0
2024-12-22,Port_Klang,1,9.08,8.77,0
2024-12-23,Port_Klang,1,0.25,2.89,0
2024-12-24,Port_Klang,2,0.06,15.42,0
2024-12-25,Port_Klang,1,4.57,26.53,0
2024-12-26,Port_Klang,1,0.25,30.14,0
2024-12-27,Port_Klang,2,7.11,31.75,0
2024-12-28,Port_Klang,2,2.1,20.95,0
2024-12-29,Port_Klang,1,6.23,11.77,0
2024-12-30,Port_Klang,1,4.69,8.55,0
2024-12-31,Port_Klang,1,3.43,1.72,0
2025-01-01,Port_Klang,1,9.49,34.71,0
2025-01-02,Port_Klang,1,26.06,5.01,0
2025-01-03,Port_Klang,1,14.55,20.12,0
2025-01-04,Port_Klang,1,10.36,13.36,0
2025-01-05,Port_Klang,2,6.57,4.33,0
2025-01-06,Port_Klang,1,2.86,23.42,0
2025-01-07,Port_Klang,1,2.66,37.51,0
2025-01-08,Port_Klang,1,0.31,33.22,0
2025-01-09,Port_Klang,1,0.33,10.09,0
2025-01-10,Port_Klang,0,4.62,2.29,0
2025-01-11,Port_Klang,1,16.89,9.06,0
2025-01-12,Port_Klang,2,4.85,59.82,1
2025-01-13,Port_Klang,1,4.37,24.45,0
2025-01-14,Port_Klang,2,13.77,16.59,0
2025-01-15,Port_Klang,1,3.44,5.81,0
2025-01-16,Port_Klang,1,5.32,6.35,0
2025-01-17,Port_Klang,1,0.61,2.57,0
2025-01-18,Port_Klang,1,10.15,1.44,0
2025-01-19,Port_Klang,1,0.65,27.98,0
2025-01-20,Port_Klang,1,2.33,3.83,0
2025-01-21,Port_Klang,1,1.96,8.73,0
2025-01-22,Port_Klang,1,12.08,4.48,0
2025-01-23,Port_Klang,2,3.26,18.99,0
2025-01-24,Port_Klang,2,3.95,9.99,0
2025-01-25,Port_Klang,1,11.0,51.13,0
2025-01-26,Port_Klang,1,14.22,13.96,0
2025-01-27,Port_Klang,2,4.34,0.63,0
2025-01-28,Port_Klang,2,5.73,77.26,0
2025-01-29,Port_Klang,2,22.41,6.31,1
2025-01-30,Port_Klang,1,12.43,2.29,0
2025-01-31,Port_Klang,1,6.46,0.01,0
2025-02-01,Port_Klang,1,0.13,5.98,0
2025-02-02,Port_Klang,1,0.85,8.23,0
2025-02-03,Port_Klang,1,0.58,4.61,0
2025-02-04,Port_Klang,1,12.29,58.33,0
2025-02-05,Port_Klang,1,4.67,56.18,0
2025-02-06,Port_Klang,1,0.6,0.93,0
2025-02-07,Port_Klang,1,13.69,13.62,0
2025-02-08,Port_Klang,1,2.9,12.37,0
2025-02-09,Port_Klang,2,27.49,10.16,0
2025-02-10,Port_Klang,1,3.17,6.66,0
2025-02-11,Port_Klang,1,8.55,17.28,0
2025-02-12,Port_Klang,2,3.9,17.21,0
2025-02-13,Port_Klang,1,8.74,0.82,0
2025-02-14,Port_Klang,2,0.33,78.3,0
2025-02-15,Port_Klang,2,1.73,3.62,0
2025-02-16,Port_Klang,2,21.83,23.09,0
2025-02-17,Port_Klang,1,5.71,3.05,0
2025-02-18,Port_Klang,1,0.13,40.25,0
2025-02-19,Port_Klang,1,8.11,0.12,0
2025-02-20,Port_Klang,1,22.03,14.56,0
2025-02-21,Port_Klang,1,18.39,39.3,0
2025-02-22,Port_Klang,1,7.85,4.76,0
2025-02-23,Port_Klang,1,5.77,23.88,0
2025-02-24,Port_Klang,2,10.8,58.99,0
2025-02-25,Port_Klang,1,8.88,7.37,0
2025-02-26,Port_Klang,1,1.55,6.58,0
2025-02-27,Port_Klang,1,8.81,47.32,0
2025-02-28,Port_Klang,2,40.88,9.21,1
2025-03-01,Port_Klang,1,11.32,45.73,0
2025-03-02,Port_Klang,1,7.64,14.71,0
2025-03-03,Port_Klang,1,1.9,25.54,0
2025-03-04,Port_Klang,1,0.54,34.3,0
2025-03-05,Port_Klang,1,0.37,2.45,0
2025-03-06,Port_Klang,1,3.23,35.0,0
2025-03-07,Port_Klang,1,3.61,8.11,0
2025-03-08,Port_Klang,1,2.31,41.11,0
2025-03-09,Port_Klang,1,2.81,2.63,0
2025-03-10,Port_Klang,1,16.45,7.68,0
2025-03-11,Port_Klang,0,1.37,6.5,0
2025-03-12,Port_Klang,0,6.18,31.85,0
2025-03-13,Port_Klang,0,4.34,8.31,0
2025-03-14,Port_Klang,0,1.06,19.94,0
2025-03-15,Port_Klang,0,0.35,1.53,0
2025-03-16,Port_Klang,0,5.97,1.1,0
2025-03-17,Port_Klang,0,3.41,0.07,0
2025-03-18,Port_Klang,0,5.81,14.96,0
2025-03-19,Port_Klang,1,7.19,2.2,0
2025-03-20,Port_Klang,1,0.58,13.96,0
2025-03-21,Port_Klang,1,4.09,27.01,0
2025-03-22,Port_Klang,1,7.78,3.87,0
2025-03-23,Port_Klang,0,1.07,23.24,0
2025-03-24,Port_Klang,0,0.87,14.18,0
2025-03-25,Port_Klang,0,3.33,2.71,0
2025-03-26,Port_Klang,0,3.33,14.57,0
2025-03-27,Port_Klang,0,2.99,30.98,0
2025-03-28,Port_Klang,1,1.73,5.4,0
2025-03-29,Port_Klang,1,8.01,1.46,0
2025-03-30,Port_Klang,1,2.81,5.8,0
2025-03-31,Port_Klang,0,2.15,20.41,0
2025-04-01,Port_Klang,1,8.7,85.07,0
2025-04-02,Port_Klang,1,3.43,12.82,0
2025-04-03,Port_Klang,1,8.12,3.35,0
2025-04-04,Port_Klang,1,0.84,47.58,0
2025-04-05,Port_Klang,1,10.39,8.92,0
2025-04-06,Port_Klang,0,5.45,24.0,0
2025-04-07,Port_Klang,0,3.26,0.36,0
2025-04-08,Port_Klang,0,5.11,5.05,0
2025-04-09,Port_Klang,0,2.09,10.72,0
2025-04-10,Port_Klang,1,6.61,28.57,0
2025-04-11,Port_Klang,1,1.18,21.43,0
2025-04-12,Port_Klang,1,5.59,43.21,0
2025-04-13,Port_Klang,0,3.0,2.07,0
2025-04-14,Port_Klang,0,0.6,0.21,0
2025-04-15,Port_Klang,0,6.89,10.05,0
2025-04-16,Port_Klang,0,19.1,16.1,0
2025-04-17,Port_Klang,0,0.18,2.54,0
2025-04-18,Port_Klang,0,7.11,2.92,0
2025-04-19,Port_Klang,0,7.68,0.74,0
2025-04-20,Port_Klang,0,1.23,14.17,0
2025-04-21,Port_Klang,0,0.77,7.76,0
2025-04-22,Port_Klang,0,1.64,10.93,0
2025-04-23,Port_Klang,0,5.05,0.42,0
2025-04-24,Port_Klang,0,6.55,18.55,0
2025-04-25,Port_Klang,0,13.24,1.77,0
2025-04-26,Port_Klang,0,5.16,3.25,0
2025-04-27,Port_Klang,0,0.83,1.1,0
2025-04-28,Port_Klang,0,0.69,2.75,0
2025-04-29,Port_Klang,0,0.81,5.24,0
2025-04-30,Port_Klang,0,9.78,8.45,0
2025-05-01,Port_Klang,0,10.86,7.91,0
2025-05-02,Port_Klang,0,2.74,6.65,0
2025-05-03,Port_Klang,0,12.45,1.84,0
2025-05-04,Port_Klang,0,1.59,4.59,0
2025-05-05,Port_Klang,0,1.83,2.5,0
2025-05-06,Port_Klang,0,1.86,1.21,0
2025-05-07,Port_Klang,0,8.48,7.51,0
2025-05-08,Port_Klang,0,7.27,2.39,0
2025-05-09,Port_Klang,0,3.2,0.23,0
2025-05-10,Port_Klang,0,1.41,8.03,0
2025-05-11,Port_Klang,0,0.81,0.16,0
2025-05-12,Port_Klang,0,0.89,24.88,0
2025-05-13,Port_Klang,0,3.89,4.78,0
2025-05-14,Port_Klang,0,0.47,7.03,0
2025-05-15,Port_Klang,0,7.64,7.69,0
2025-05-16,Port_Klang,0,0.55,12.64,0
2025-05-17,Port_Klang,1,11.09,4.03,0
2025-05-18,Port_Klang,0,8.67,1.87,0
2025-05-19,Port_Klang,0,5.5,8.73,0
2025-05-20,Port_Klang,0,11.64,1.12,0
2025-05-21,Port_Klang,0,4.0,8.75,0
2025-05-22,Port_Klang,0,5.93,28.22,0
2025-05-23,Port_Klang,0,6.97,4.81,0
2025-05-24,Port_Klang,0,3.03,3.59,0
2025-05-25,Port_Klang,1,3.2,7.05,0
2025-05-26,Port_Klang,0,5.39,23.52,0
2025-05-27,Port_Klang,0,0.06,12.81,0
2025-05-28,Port_Klang,0,7.08,37.69,0
2025-05-29,Port_Klang,0,6.73,3.2,0
2025-05-30,Port_Klang,0,11.09,0.38,0
2025-05-31,Port_Klang,0,0.56,8.32,0
2025-06-01,Port_Klang,0,0.58,11.72,0
2025-06-02,Port_Klang,0,15.91,10.28,0
2025-06-03,Port_Klang,0,2.77,17.23,0
2025-06-04,Port_Klang,0,1.57,3.2,0
2025-06-05,Port_Klang,0,2.25,13.05,0
2025-06-06,Port_Klang,0,4.22,9.55,0
2025-06-07,Port_Klang,0,4.59,1.75,0
2025-06-08,Port_Klang,0,11.31,9.82,0
2025-06-09,Port_Klang,0,0.6,1.75,0
2025-06-10,Port_Klang,0,3.23,4.93,0
2025-06-11,Port_Klang,0,10.72,18.03,0
2025-06-12,Port_Klang,0,0.83,10.53,0
2025-06-13,Port_Klang,0,3.9,5.06,0
2025-06-14,Port_Klang,0,0.44,9.1,0
2025-06-15,Port_Klang,0,4.48,20.8,0
2025-06-16,Port_Klang,0,2.46,2.74,0
2025-06-17,Port_Klang,0,7.22,13.17,0
2025-06-18,Port_Klang,0,5.72,7.81,0
2025-06-19,Port_Klang,0,6.82,1.58,0
2025-06-20,Port_Klang,0,2.27,11.74,0
2025-06-21,Port_Klang,0,4.9,4.73,0
2025-06-22,Port_Klang,0,0.3,4.45,0
2025-06-23,Port_Klang,0,5.13,8.87,0
2025-06-24,Port_Klang,0,0.43,10.51,0
2025-06-25,Port_Klang,0,6.2,2.16,0
2025-06-26,Port_Klang,0,2.21,14.52,0
2025-06-27,Port_Klang,0,1.11,0.41,0
2025-06-28,Port_Klang,0,3.28,22.21,0
2025-06-29,Port_Klang,0,3.31,7.01,0
2025-06-30,Port_Klang,0,1.45,2.69,0
2025-07-01,Port_Klang,0,1.14,2.27,0
2025-07-02,Port_Klang,0,7.94,1.22,0
2025-07-03,Port_Klang,0,0.32,5.52,0
2025-07-04,Port_Klang,0,8.56,1.18,0
2025-07-05,Port_Klang,0,5.98,0.33,0
2025-07-06,Port_Klang,0,10.18,3.31,0
2025-07-07,Port_Klang,0,3.22,2.33,0
2025-07-08,Port_Klang,0,0.74,13.18,0
2025-07-09,Port_Klang,0,20.92,3.03,0
2025-07-10,Port_Klang,0,6.08,5.01,0
2025-07-11,Port_Klang,0,1.9,5.54,0
2025-07-12,Port_Klang,0,3.15,10.43,0
2025-07-13,Port_Klang,0,0.66,10.33,0
2025-07-14,Port_Klang,0,1.78,3.29,0
2025-07-15,Port_Klang,0,2.14,7.17,0
2025-07-16,Port_Klang,0,1.39,11.56,0
2025-07-17,Port_Klang,0,1.02,4.33,0
2025-07-18,Port_Klang,0,27.9,16.58,0
2025-07-19,Port_Klang,0,13.5,1.53,0
2025-07-20,Port_Klang,0,3.15,21.09,0
2025-07-21,Port_Klang,0,1.37,16.89,0
2025-07-22,Port_Klang,0,5.37,0.74,0
2025-07-23,Port_Klang,0,35.05,12.14,0
2025-07-24,Port_Klang,0,4.0,2.08,0
2025-07-25,Port_Klang,0,10.97,1.73,0
2025-07-26,Port_Klang,0,0.4,5.5,0
2025-07-27,Port_Klang,0,2.76,12.65,0
2025-07-28,Port_Klang,0,7.03,15.57,0
2025-07-29,Port_Klang,0,0.14,2.43,0
2025-07-30,Port_Klang,0,3.34,3.65,0
2025-07-31,Port_Klang,0,2.21,5.43,0
2025-08-01,Port_Klang,0,0.74,2.11,0
2025-08-02,Port_Klang,0,7.02,35.85,0
2025-08-03,Port_Klang,0,0.29,13.2,0
2025-08-04,Port_Klang,0,0.14,24.1,0
2025-08-05,Port_Klang,0,0.02,29.41,0
2025-08-06,Port_Klang,0,0.08,8.07,0
2025-08-07,Port_Klang,0,10.75,8.92,0
2025-08-08,Port_Klang,0,4.36,6.32,0
2025-08-09,Port_Klang,0,8.95,3.47,0
2025-08-10,Port_Klang,0,18.4,19.16,0
2025-08-11,Port_Klang,0,0.23,4.85,0
2025-08-12,Port_Klang,0,7.3,2.83,0
2025-08-13,Port_Klang,0,5.19,5.51,0
2025-08-14,Port_Klang,0,0.91,12.8,0
2025-08-15,Port_Klang,0,0.74,9.93,0
2025-08-16,Port_Klang,0,2.64,9.23,0
2025-08-17,Port_Klang,0,12.43,6.77,0
2025-08-18,Port_Klang,0,1.97,3.38,0
2025-08-19,Port_Klang,0,7.06,5.87,0
2025-08-20,Port_Klang,0,0.86,3.68,0
2025-08-21,Port_Klang,0,0.12,5.3,0
2025-08-22,Port_Klang,1,2.69,14.35,0
2025-08-23,Port_Klang,1,1.87,9.79,0
2025-08-24,Port_Klang,0,7.07,17.75,0
2025-08-25,Port_Klang,0,0.37,6.21,0
2025-08-26,Port_Klang,0,5.31,4.6,0
2025-08-27,Port_Klang,0,1.28,2.45,0
2025-08-28,Port_Klang,0,6.44,6.68,0
2025-08-29,Port_Klang,0,2.8,0.45,0
2025-08-30,Port_Klang,0,4.12,14.56,0
2025-08-31,Port_Klang,0,1.19,57.25,0
2025-09-01,Port_Klang,0,1.47,0.21,0
2025-09-02,Port_Klang,0,0.27,13.9,0
2025-09-03,Port_Klang,0,1.78,5.55,0
2025-09-04,Port_Klang,0,1.52,1.39,0
2025-09-05,Port_Klang,0,1.39,23.82,0
2025-09-06,Port_Klang,0,3.92,1.81,0
2025-09-07,Port_Klang,0,0.04,33.57,0
2025-09-08,Port_Klang,0,2.35,15.73,0
2025-09-09,Port_Klang,0,6.11,0.12,0
2025-09-10,Port_Klang,0,10.54,6.81,0
2025-09-11,Port_Klang,0,6.11,11.78,0
2025-09-12,Port_Klang,0,0.15,16.42,0
2025-09-13,Port_Klang,0,9.22,43.17,0
2025-09-14,Port_Klang,1,21.94,26.61,0
2025-09-15,Port_Klang,0,19.58,3.16,0
2025-09-16,Port_Klang,0,2.39,8.41,0
2025-09-17,Port_Klang,0,2.39,32.86,0
2025-09-18,Port_Klang,0,0.47,2.7,0
2025-09-19,Port_Klang,0,11.04,20.03,0
2025-09-20,Port_Klang,0,6.02,23.03,0
2025-09-21,Port_Klang,0,10.61,8.94,0
2025-09-22,Port_Klang,0,2.58,9.42,0
2025-09-23,Port_Klang,0,8.42,2.36,0
2025-09-24,Port_Klang,0,10.6,1.85,0
2025-09-25,Port_Klang,0,0.04,9.12,0
2025-09-26,Port_Klang,0,0.03,15.91,0
2025-09-27,Port_Klang,1,1.19,3.65,0
2025-09-28,Port_Klang,1,1.59,7.0,0
2025-09-29,Port_Klang,1,7.47,2.21,0
2025-09-30,Port_Klang,0,2.5,16.11,0
2025-10-01,Port_Klang,0,0.21,4.06,0
2025-10-02,Port_Klang,0,2.21,2.17,0
2025-10-03,Port_Klang,1,5.68,23.65,0
2025-10-04,Port_Klang,1,3.62,2.91,0
2025-10-05,Port_Klang,2,3.74,16.7,0
2025-10-06,Port_Klang,1,0.18,21.4,0
2025-10-07,Port_Klang,1,2.11,26.38,0
2025-10-08,Port_Klang,0,0.15,8.21,0
2025-10-09,Port_Klang,0,5.48,20.21,0
2025-10-10,Port_Klang,1,0.07,3.38,0
2025-10-11,Port_Klang,1,3.86,4.48,0
2025-10-12,Port_Klang,1,2.51,3.78,0
2025-10-13,Port_Klang,2,7.34,18.2,1
2025-10-14,Port_Klang,1,2.39,22.39,0
2025-10-15,Port_Klang,1,2.35,0.06,0
2025-10-16,Port_Klang,1,14.1,21.46,0
2025-10-17,Port_Klang,0,8.28,3.85,0
2025-10-18,Port_Klang,0,7.27,0.37,0
2025-10-19,Port_Klang,0,0.04,0.44,0
2025-10-20,Port_Klang,1,2.67,17.61,0
2025-10-21,Port_Klang,0,4.18,0.7,0
2025-10-22,Port_Klang,0,9.27,2.61,0
2025-10-23,Port_Klang,1,24.91,75.9,0
2025-10-24,Port_Klang,0,3.17,10.74,0
2025-10-25,Port_Klang,1,3.95,67.44,0
2025-10-26,Port_Klang,1,0.95,3.5,0
2025-10-27,Port_Klang,1,11.3,10.49,0
2025-10-28,Port_Klang,1,7.69,5.53,0
2025-10-29,Port_Klang,2,28.59,13.56,0
2025-10-30,Port_Klang,1,3.01,10.95,0
2025-10-31,Port_Klang,1,22.1,7.84,0
2025-11-01,Port_Klang,2,2.59,5.52,0
2025-11-02,Port_Klang,2,4.01,22.89,1
2025-11-03,Port_Klang,2,11.2,7.8,0
2025-11-04,Port_Klang,1,3.08,1.37,0
2025-11-05,Port_Klang,1,5.81,22.29,0
2025-11-06,Port_Klang,0,5.21,9.02,0
2025-11-07,Port_Klang,1,2.86,36.99,0
2025-11-08,Port_Klang,0,18.0,11.2,0
2025-11-09,Port_Klang,1,2.93,1.45,0
2025-11-10,Port_Klang,1,11.98,15.58,0
2025-11-11,Port_Klang,1,6.74,14.55,0
2025-11-12,Port_Klang,2,0.74,13.64,0
2025-11-13,Port_Klang,1,1.19,1.74,0
2025-11-14,Port_Klang,1,6.36,2.83,0
2025-11-15,Port_Klang,1,1.5,64.84,0
2025-11-16,Port_Klang,1,21.38,19.71,0
2025-11-17,Port_Klang,1,25.32,2.35,0
2025-11-18,Port_Klang,1,8.0,10.34,0
2025-11-19,Port_Klang,1,6.94,16.04,0
2025-11-20,Port_Klang,1,9.94,16.01,0
2025-11-21,Port_Klang,1,16.21,5.42,0
2025-11-22,Port_Klang,1,2.16,2.48,0
2025-11-23,Port_Klang,0,0.56,7.13,0
2025-11-24,Port_Klang,0,1.47,20.73,0
2025-11-25,Port_Klang,1,5.16,2.45,0
2025-11-26,Port_Klang,1,1.42,8.93,0
2025-11-27,Port_Klang,2,0.93,38.09,0
2025-11-28,Port_Klang,1,7.28,23.12,0
2025-11-29,Port_Klang,1,5.65,33.27,0
2025-11-30,Port_Klang,2,12.27,33.57,1
2025-12-01,Port_Klang,2,11.05,13.37,0
2025-12-02,Port_Klang,2,7.89,16.27,0
2025-12-03,Port_Klang,1,24.63,26.95,0
2025-12-04,Port_Klang,2,0.59,4.26,0
2025-12-05,Port_Klang,2,0.26,49.67,0
2025-12-06,Port_Klang,1,27.13,24.06,0
2025-12-07,Port_Klang,1,6.44,31.16,0
2025-12-08,Port_Klang,2,31.72,25.2,0
2025-12-09,Port_Klang,2,4.67,39.34,0
2025-12-10,Port_Klang,1,12.01,10.01,0
2025-12-11,Port_Klang,1,5.85,0.39,0
2025-12-12,Port_Klang,1,4.34,7.21,0
2025-12-13,Port_Klang,1,3.03,21.71,0
2025-12-14,Port_Klang,2,15.68,32.16,0
2025-12-15,Port_Klang,1,6.52,0.47,0
2025-12-16,Port_Klang,2,6.33,13.19,0
2025-12-17,Port_Klang,2,1.81,3.03,0
2025-12-18,Port_Klang,2,3.09,9.85,0
2025-12-19,Port_Klang,2,1.62,62.58,0
2025-12-20,Port_Klang,1,0.56,8.93,0
2025-12-21,Port_Klang,1,1.25,70.69,0
2025-12-22,Port_Klang,1,7.02,0.89,0
2025-12-23,Port_Klang,1,10.38,28.32,0
2025-12-24,Port_Klang,1,0.14,10.76,0
2025-12-25,Port_Klang,1,13.11,9.99,0
2025-12-26,Port_Klang,1,1.69,22.84,0
2025-12-27,Port_Klang,1,1.48,16.51,0
2025-12-28,Port_Klang,1,2.69,27.74,0
2025-12-29,Port_Klang,1,1.09,15.67,0
2025-12-30,Port_Klang,1,1.15,11.47,0
2025-12-31,Port_Klang,1,4.25,4.2,0
